INSERT INTO countries (id, iso_2_code, name, created_at, updated_at) VALUES ('7b8dc2e3-dd84-448a-8b19-241c47ddb3ae', 'BA', 'Bosnia and Herzegovina', '2025-11-12T21:45:06.105908', '2025-11-12T21:45:06.105908');
INSERT INTO cities (id, name, timezone, country_id, created_at, updated_at) VALUES ('bc8e27f9-3f0e-40a8-9d23-cc3b51daedd6', 'Sarajevo', 'Europe/Sarajevo', '7b8dc2e3-dd84-448a-8b19-241c47ddb3ae', '2025-11-12T21:45:06.108659', '2025-11-12T21:45:06.108659');
INSERT INTO cities (id, name, timezone, country_id, created_at, updated_at) VALUES ('d05e701d-ea54-486f-bf45-74d251b0a19e', 'Banja Luka', 'Europe/Sarajevo', '7b8dc2e3-dd84-448a-8b19-241c47ddb3ae', '2025-11-12T21:45:06.108741', '2025-11-12T21:45:06.108741');
INSERT INTO cities (id, name, timezone, country_id, created_at, updated_at) VALUES ('8615f738-e541-497d-a6d5-bce1adcc3e4d', 'Mostar', 'Europe/Sarajevo', '7b8dc2e3-dd84-448a-8b19-241c47ddb3ae', '2025-11-12T21:45:06.108775', '2025-11-12T21:45:06.108775');
INSERT INTO cities (id, name, timezone, country_id, created_at, updated_at) VALUES ('4a002c93-873e-42ac-921d-4883e4a1ebc1', 'Tuzla', 'Europe/Sarajevo', '7b8dc2e3-dd84-448a-8b19-241c47ddb3ae', '2025-11-12T21:45:06.108804', '2025-11-12T21:45:06.108804');
INSERT INTO cities (id, name, timezone, country_id, created_at, updated_at) VALUES ('d4f72b5c-3d1f-4252-b8cd-1c384193d8fc', 'Zenica', 'Europe/Sarajevo', '7b8dc2e3-dd84-448a-8b19-241c47ddb3ae', '2025-11-12T21:45:06.108832', '2025-11-12T21:45:06.108832');
INSERT INTO venues (id, name, street, street_number, phone, image_url, city_id, created_at, updated_at) VALUES ('b2a3334d-bad0-4d5d-bb0f-f257fc39caae', 'Cineplexx Sarajevo', '58 Cinema Boulevard', '146', '+38733375706', 'https://raport.ba/uploads//gen/2021/06/_800xAUTO_crop_center-center_none/cineplexx-scaled.jpg', 'bc8e27f9-3f0e-40a8-9d23-cc3b51daedd6', '2025-11-12T21:45:06.109817', '2025-11-12T21:45:06.109817');
INSERT INTO venues (id, name, street, street_number, phone, image_url, city_id, created_at, updated_at) VALUES ('8c0bdc6e-01aa-4579-8f0b-cdbf3fc46b42', 'Meeting Point Cinema', '850 Cinema Boulevard', '166', '+38733730112', 'https://media.sarajevski.ba/2013/11/meeting_point_kino_1.jpg', 'bc8e27f9-3f0e-40a8-9d23-cc3b51daedd6', '2025-11-12T21:45:06.109904', '2025-11-12T21:45:06.109904');
INSERT INTO venues (id, name, street, street_number, phone, image_url, city_id, created_at, updated_at) VALUES ('4d92848f-37d5-43b0-9eb8-7957ba585586', 'Bosmal City Center', '190 Cinema Boulevard', '38', '+38733250181', 'https://upload.wikimedia.org/wikipedia/en/e/ea/Bosmal_City_Center_Sarajevo.jpg', 'bc8e27f9-3f0e-40a8-9d23-cc3b51daedd6', '2025-11-12T21:45:06.110067', '2025-11-12T21:45:06.110067');
INSERT INTO venues (id, name, street, street_number, phone, image_url, city_id, created_at, updated_at) VALUES ('4556f688-1b01-49ac-a4a7-e5fba75f9af2', 'Cinestar Sarajevo', '769 Cinema Boulevard', '169', '+38733976476', 'https://media.jutarnji.hr/images/slike/2020/11/03/f_9240693_1280.jpg', 'bc8e27f9-3f0e-40a8-9d23-cc3b51daedd6', '2025-11-12T21:45:06.110132', '2025-11-12T21:45:06.110132');
INSERT INTO venues (id, name, street, street_number, phone, image_url, city_id, created_at, updated_at) VALUES ('5455346e-a7f7-40e5-ad04-0c283279deb1', 'Kino Novi Grad', '471 Cinema Boulevard', '100', '+38733247021', 'https://sarajevo.co.ba/wp-content/uploads/2021/11/Kino-Novi-Grad-Sarajevo.jpg', 'bc8e27f9-3f0e-40a8-9d23-cc3b51daedd6', '2025-11-12T21:45:06.110167', '2025-11-12T21:45:06.110167');
INSERT INTO venues (id, name, street, street_number, phone, image_url, city_id, created_at, updated_at) VALUES ('4c94a0a6-88d6-4010-8c81-ede57364eb78', 'Kinoteka', '85 Cinema Boulevard', '94', '+38733476278', 'https://sarajevo.travel/assets/photos/places/big/154-kinoteka-03-1397237673.jpg', 'bc8e27f9-3f0e-40a8-9d23-cc3b51daedd6', '2025-11-12T21:45:06.110195', '2025-11-12T21:45:06.110195');
INSERT INTO genres (id, name, created_at, updated_at) VALUES ('76cafeef-d619-43b0-9aae-a1523073fa3a', 'Action', '2025-11-12T21:45:06.110373', '2025-11-12T21:45:06.110373');
INSERT INTO genres (id, name, created_at, updated_at) VALUES ('4320c2de-e3d2-4670-b524-7d9f8d778f44', 'Adventure', '2025-11-12T21:45:06.110408', '2025-11-12T21:45:06.110408');
INSERT INTO genres (id, name, created_at, updated_at) VALUES ('4f7310eb-88db-4837-9698-c445c2dc7c1f', 'Animation', '2025-11-12T21:45:06.110725', '2025-11-12T21:45:06.110725');
INSERT INTO genres (id, name, created_at, updated_at) VALUES ('f5da1b3e-f220-48f7-886a-e5cb06a58c82', 'Biography', '2025-11-12T21:45:06.110756', '2025-11-12T21:45:06.110756');
INSERT INTO genres (id, name, created_at, updated_at) VALUES ('79ab458a-3d01-4654-a0d1-b42ce53ed35d', 'Comedy', '2025-11-12T21:45:06.110783', '2025-11-12T21:45:06.110783');
INSERT INTO genres (id, name, created_at, updated_at) VALUES ('b10632ad-cad7-47c0-8320-569d3696ce47', 'Crime', '2025-11-12T21:45:06.110811', '2025-11-12T21:45:06.110811');
INSERT INTO genres (id, name, created_at, updated_at) VALUES ('1655c260-46fa-4ef6-b82e-798332ebda19', 'Documentary', '2025-11-12T21:45:06.110837', '2025-11-12T21:45:06.110837');
INSERT INTO genres (id, name, created_at, updated_at) VALUES ('78fdf1ed-3fa4-4707-b5e5-a0420af02bd1', 'Drama', '2025-11-12T21:45:06.110863', '2025-11-12T21:45:06.110863');
INSERT INTO genres (id, name, created_at, updated_at) VALUES ('b8bde473-f7f0-45bc-8da5-bf642b1fe7c3', 'Family', '2025-11-12T21:45:06.110888', '2025-11-12T21:45:06.110888');
INSERT INTO genres (id, name, created_at, updated_at) VALUES ('5d4cb448-d527-4c4f-9bf4-b466cf882d4c', 'Fantasy', '2025-11-12T21:45:06.110920', '2025-11-12T21:45:06.110920');
INSERT INTO genres (id, name, created_at, updated_at) VALUES ('0c13d4c6-64dc-4ec9-85f1-1fa8c6a76342', 'Film Noir', '2025-11-12T21:45:06.110948', '2025-11-12T21:45:06.110948');
INSERT INTO genres (id, name, created_at, updated_at) VALUES ('f1d3fc65-af88-4139-b369-555339c7a1b2', 'History', '2025-11-12T21:45:06.110980', '2025-11-12T21:45:06.110980');
INSERT INTO genres (id, name, created_at, updated_at) VALUES ('63861c46-f544-4469-b227-f0e78f2d39ce', 'Horror', '2025-11-12T21:45:06.111037', '2025-11-12T21:45:06.111037');
INSERT INTO genres (id, name, created_at, updated_at) VALUES ('609a2438-e981-4d03-99a4-6ba4e9a9bbb3', 'Music', '2025-11-12T21:45:06.111069', '2025-11-12T21:45:06.111069');
INSERT INTO genres (id, name, created_at, updated_at) VALUES ('f412495a-c264-41d9-bd41-0b1b4ab2ffd5', 'Musical', '2025-11-12T21:45:06.111096', '2025-11-12T21:45:06.111096');
INSERT INTO genres (id, name, created_at, updated_at) VALUES ('b47cac1a-4409-49bd-b878-6fbe6261a9ed', 'Mystery', '2025-11-12T21:45:06.111127', '2025-11-12T21:45:06.111127');
INSERT INTO genres (id, name, created_at, updated_at) VALUES ('bf35ff4a-8191-4d01-882e-8c0e4b0bc0e2', 'Romance', '2025-11-12T21:45:06.111153', '2025-11-12T21:45:06.111153');
INSERT INTO genres (id, name, created_at, updated_at) VALUES ('e740804e-8429-41fb-8e32-e71125531cd5', 'Science Fiction', '2025-11-12T21:45:06.111182', '2025-11-12T21:45:06.111182');
INSERT INTO genres (id, name, created_at, updated_at) VALUES ('79dfca74-97cb-47d3-95c4-00ce51a68491', 'Sport', '2025-11-12T21:45:06.111211', '2025-11-12T21:45:06.111211');
INSERT INTO genres (id, name, created_at, updated_at) VALUES ('b5dd33e1-5598-4aba-bd2e-a4f4232c5dc3', 'Thriller', '2025-11-12T21:45:06.111269', '2025-11-12T21:45:06.111269');
INSERT INTO genres (id, name, created_at, updated_at) VALUES ('c0d02648-9a66-43fa-b78b-57bcb904df52', 'War', '2025-11-12T21:45:06.111295', '2025-11-12T21:45:06.111295');
INSERT INTO genres (id, name, created_at, updated_at) VALUES ('1f5cb214-5d50-4091-9a60-68679462f4e3', 'Western', '2025-11-12T21:45:06.111323', '2025-11-12T21:45:06.111323');
INSERT INTO movies (id, title, language, projection_start_date, projection_end_date, director_full_name, synopsis, pg_rating, duration_in_minutes, trailer_url, created_at, updated_at) VALUES ('94dcfc9c-1780-428c-b2fe-f2482c7ce267', 'Abyss', 'FR', '2025-11-12', '2025-12-23', 'Unknown', '11 years ago, inspector Malik couldnt solve a kidnapping case and a little girl died. Now with only a few days before the crime gets classified, he decides to reopen the case. Malik owes it to the mother and to himself. As he digs into the past, a child is kidnapped again. The pattern is the same one as a decade ago, its no coincidence. Malik knows he has a few days to make things right and to bring justice.', 'PG-13', '95', 'https://youtube.com/watch?v=7804d26ecd6', '2025-11-12T21:45:07.356903', '2025-11-12T21:45:07.356903');
INSERT INTO movie_images (id, movie_id, url, type, created_at, updated_at) VALUES ('38d85f8f-3f6e-45d8-bac3-f1396ab37d75', '94dcfc9c-1780-428c-b2fe-f2482c7ce267', 'https://image.tmdb.org/t/p/original/foyiQu23zq4WhmffnQkFiNAvqcJ.jpg', 'poster', '2025-11-12T21:45:07.356903', '2025-11-12T21:45:07.356903');
INSERT INTO movie_images (id, movie_id, url, type, created_at, updated_at) VALUES ('5079b718-5e18-4eb1-ae3a-4220b49c223f', '94dcfc9c-1780-428c-b2fe-f2482c7ce267', 'https://image.tmdb.org/t/p/original/tLf5hjuO4gx62lVojPiHsIzCroh.jpg', 'backdrop', '2025-11-12T21:45:07.356903', '2025-11-12T21:45:07.356903');
INSERT INTO movies (id, title, language, projection_start_date, projection_end_date, director_full_name, synopsis, pg_rating, duration_in_minutes, trailer_url, created_at, updated_at) VALUES ('0fb24e7a-da70-4c76-bf0f-f3f467c6f781', 'Black Phone 2', 'EN', '2025-11-12', '2025-12-30', 'Unknown', 'Four years after escaping The Grabber, Finney Blake is struggling with his life after captivity. When his sister Gwen begins receiving calls in her dreams from the black phone and seeing disturbing visions of three boys being stalked at a winter camp, the siblings become determined to solve the mystery and confront a killer who has grown more powerful in death and more significant to them than either could imagine.', 'PG-13', '114', 'https://youtube.com/watch?v=6d7cb27b242', '2025-11-12T21:45:08.541638', '2025-11-12T21:45:08.541638');
INSERT INTO movie_images (id, movie_id, url, type, created_at, updated_at) VALUES ('50c0e968-10d6-4bfe-840b-01d07f7c4bb1', '0fb24e7a-da70-4c76-bf0f-f3f467c6f781', 'https://image.tmdb.org/t/p/original/xUWUODKPIilQoFUzjHM6wKJkP3Y.jpg', 'poster', '2025-11-12T21:45:08.541638', '2025-11-12T21:45:08.541638');
INSERT INTO movie_images (id, movie_id, url, type, created_at, updated_at) VALUES ('bd3a3017-41dd-4408-827d-080e766eb242', '0fb24e7a-da70-4c76-bf0f-f3f467c6f781', 'https://image.tmdb.org/t/p/original/oe2TOWykcLSGq67XPH4Bb0N1oU3.jpg', 'backdrop', '2025-11-12T21:45:08.541638', '2025-11-12T21:45:08.541638');
INSERT INTO movies (id, title, language, projection_start_date, projection_end_date, director_full_name, synopsis, pg_rating, duration_in_minutes, trailer_url, created_at, updated_at) VALUES ('4e6fcae1-5c59-447e-869e-9f3729751234', 'Afterburn', 'EN', '2025-11-12', '2026-01-03', 'Unknown', 'Set against the backdrop of a postapocalyptic Earth whose Eastern Hemisphere was destroyed by a massive solar flare, leaving what life remains mutated from radiation and fallout. The story revolves around a group of treasure hunters who extract such objects as the Mona Lisa, the Rosetta Stone and the Crown Jewels while facing rival hunters, mutants and pirates.', 'PG-13', '105', 'https://youtube.com/watch?v=8b109ef4a1f', '2025-11-12T21:45:09.723178', '2025-11-12T21:45:09.723178');
INSERT INTO movie_images (id, movie_id, url, type, created_at, updated_at) VALUES ('1090c4d4-5612-4a4b-92a3-11f5dfd3a31e', '4e6fcae1-5c59-447e-869e-9f3729751234', 'https://image.tmdb.org/t/p/original/hrze9JXp2QJpc2WjLfSUtRxyYSb.jpg', 'poster', '2025-11-12T21:45:09.723178', '2025-11-12T21:45:09.723178');
INSERT INTO movie_images (id, movie_id, url, type, created_at, updated_at) VALUES ('161d925e-927c-4954-b44c-8ef5b36dcc58', '4e6fcae1-5c59-447e-869e-9f3729751234', 'https://image.tmdb.org/t/p/original/kHOfxq7cMTXyLbj0UmdoGhT540O.jpg', 'backdrop', '2025-11-12T21:45:09.723178', '2025-11-12T21:45:09.723178');
INSERT INTO movies (id, title, language, projection_start_date, projection_end_date, director_full_name, synopsis, pg_rating, duration_in_minutes, trailer_url, created_at, updated_at) VALUES ('f58d3e98-945d-45c1-bebe-aee157ba03ca', 'Chainsaw Man - The Movie: Reze Arc', 'JA', '2025-11-12', '2025-12-26', 'Unknown', 'In a brutal war between devils, hunters, and secret enemies, a mysterious girl named Reze has stepped into Denji''s world, and he faces his deadliest battle yet, fueled by love in a world where survival knows no rules.', 'PG-13', '100', 'https://youtube.com/watch?v=8f580419a27', '2025-11-12T21:45:10.917611', '2025-11-12T21:45:10.917611');
INSERT INTO movie_images (id, movie_id, url, type, created_at, updated_at) VALUES ('2f38c823-517f-4a9e-857b-d98a0b7c4437', 'f58d3e98-945d-45c1-bebe-aee157ba03ca', 'https://image.tmdb.org/t/p/original/xdzLBZjCVSEsic7m7nJc4jNJZVW.jpg', 'poster', '2025-11-12T21:45:10.917611', '2025-11-12T21:45:10.917611');
INSERT INTO movie_images (id, movie_id, url, type, created_at, updated_at) VALUES ('04a0e960-ad4d-4617-aaa6-8c922896d800', 'f58d3e98-945d-45c1-bebe-aee157ba03ca', 'https://image.tmdb.org/t/p/original/kfXgo2rMF1A19celCwLyQ4Xwpf8.jpg', 'backdrop', '2025-11-12T21:45:10.917611', '2025-11-12T21:45:10.917611');
INSERT INTO movies (id, title, language, projection_start_date, projection_end_date, director_full_name, synopsis, pg_rating, duration_in_minutes, trailer_url, created_at, updated_at) VALUES ('e008dd9b-18b9-4cf8-a351-66eddcb4b6e6', 'War of the Worlds', 'EN', '2025-11-12', '2026-02-01', 'Unknown', 'Will Radford is a top analyst for Homeland Security who tracks potential threats through a mass surveillance program, until one day an attack by an unknown entity leads him to question whether the government is hiding something from him... and from the rest of the world.', 'PG-13', '91', 'https://youtube.com/watch?v=aeb56e29e29', '2025-11-12T21:45:12.090451', '2025-11-12T21:45:12.090451');
INSERT INTO movie_images (id, movie_id, url, type, created_at, updated_at) VALUES ('72715064-7f2c-428f-ad6e-88ba77f09454', 'e008dd9b-18b9-4cf8-a351-66eddcb4b6e6', 'https://image.tmdb.org/t/p/original/yvirUYrva23IudARHn3mMGVxWqM.jpg', 'poster', '2025-11-12T21:45:12.090451', '2025-11-12T21:45:12.090451');
INSERT INTO movie_images (id, movie_id, url, type, created_at, updated_at) VALUES ('f4a1548a-e57f-41a3-a00e-a1f80fbd043a', 'e008dd9b-18b9-4cf8-a351-66eddcb4b6e6', 'https://image.tmdb.org/t/p/original/iZLqwEwUViJdSkGVjePGhxYzbDb.jpg', 'backdrop', '2025-11-12T21:45:12.090451', '2025-11-12T21:45:12.090451');
INSERT INTO movies (id, title, language, projection_start_date, projection_end_date, director_full_name, synopsis, pg_rating, duration_in_minutes, trailer_url, created_at, updated_at) VALUES ('0f547534-2aa4-40ff-90ca-bedc88ef6c05', 'Now You See Me: Now You Don''t', 'EN', '2025-11-12', '2025-12-13', 'Unknown', 'The original Four Horsemen reunite with a new generation of illusionists to take on powerful diamond heiress Veronika Vanderberg, who leads a criminal empire built on money laundering and trafficking. The new and old magicians must overcome their differences to work together on their most ambitious heist yet.', 'PG-13', '112', 'https://youtube.com/watch?v=77967cdf38b', '2025-11-12T21:45:13.276316', '2025-11-12T21:45:13.276316');
INSERT INTO movie_images (id, movie_id, url, type, created_at, updated_at) VALUES ('6fb2eaa1-fe55-41fd-a82c-a541ce93185c', '0f547534-2aa4-40ff-90ca-bedc88ef6c05', 'https://image.tmdb.org/t/p/original/oD3Eey4e4Z259XLm3eD3WGcoJAh.jpg', 'poster', '2025-11-12T21:45:13.276316', '2025-11-12T21:45:13.276316');
INSERT INTO movie_images (id, movie_id, url, type, created_at, updated_at) VALUES ('fe874ff9-a94e-42a0-bf14-5c86ab1f00cd', '0f547534-2aa4-40ff-90ca-bedc88ef6c05', 'https://image.tmdb.org/t/p/original/ufqytAlziHq5pljKByGJ8IKhtEZ.jpg', 'backdrop', '2025-11-12T21:45:13.276316', '2025-11-12T21:45:13.276316');
INSERT INTO movies (id, title, language, projection_start_date, projection_end_date, director_full_name, synopsis, pg_rating, duration_in_minutes, trailer_url, created_at, updated_at) VALUES ('5ea161b9-b8d4-412e-9008-800f1e75f1a1', 'Frankenstein', 'EN', '2026-02-10', '2026-05-25', 'Unknown', 'Dr. Victor Frankenstein, a brilliant but egotistical scientist, brings a creature to life in a monstrous experiment that ultimately leads to the undoing of both the creator and his tragic creation.', 'PG-13', '150', 'https://youtube.com/watch?v=91799cb44b3', '2025-11-12T21:45:14.472138', '2025-11-12T21:45:14.472138');
INSERT INTO movie_images (id, movie_id, url, type, created_at, updated_at) VALUES ('901f5a6d-10ca-4ce2-a582-d7f907f25d10', '5ea161b9-b8d4-412e-9008-800f1e75f1a1', 'https://image.tmdb.org/t/p/original/g4JtvGlQO7DByTI6frUobqvSL3R.jpg', 'poster', '2025-11-12T21:45:14.472138', '2025-11-12T21:45:14.472138');
INSERT INTO movie_images (id, movie_id, url, type, created_at, updated_at) VALUES ('7a6dcb62-dde3-46f6-b76b-b11adbf3d7c6', '5ea161b9-b8d4-412e-9008-800f1e75f1a1', 'https://image.tmdb.org/t/p/original/hpXBJxLD2SEf8l2CspmSeiHrBKX.jpg', 'backdrop', '2025-11-12T21:45:14.472138', '2025-11-12T21:45:14.472138');
INSERT INTO movies (id, title, language, projection_start_date, projection_end_date, director_full_name, synopsis, pg_rating, duration_in_minutes, trailer_url, created_at, updated_at) VALUES ('1735d782-9a46-4737-a20f-802ff56299c9', 'Jurassic World Rebirth', 'EN', '2026-02-10', '2026-05-26', 'Unknown', 'Five years after the events of Jurassic World Dominion, covert operations expert Zora Bennett is contracted to lead a skilled team on a top-secret mission to secure genetic material from the world''s three most massive dinosaurs. When Zora''s operation intersects with a civilian family whose boating expedition was capsized, they all find themselves stranded on an island where they come face-to-face with a sinister, shocking discovery that''s been hidden from the world for decades.', 'PG-13', '134', 'https://youtube.com/watch?v=332c8c0cfb7', '2025-11-12T21:45:15.668656', '2025-11-12T21:45:15.668656');
INSERT INTO movie_images (id, movie_id, url, type, created_at, updated_at) VALUES ('801ba149-1885-4f58-b391-1efdc5884d61', '1735d782-9a46-4737-a20f-802ff56299c9', 'https://image.tmdb.org/t/p/original/1RICxzeoNCAO5NpcRMIgg1XT6fm.jpg', 'poster', '2025-11-12T21:45:15.668656', '2025-11-12T21:45:15.668656');
INSERT INTO movie_images (id, movie_id, url, type, created_at, updated_at) VALUES ('7f5c8502-aa84-4143-8dae-2baba010371d', '1735d782-9a46-4737-a20f-802ff56299c9', 'https://image.tmdb.org/t/p/original/fQOV47FHTJdaSuSUNlzP3zXUZWE.jpg', 'backdrop', '2025-11-12T21:45:15.668656', '2025-11-12T21:45:15.668656');
INSERT INTO movies (id, title, language, projection_start_date, projection_end_date, director_full_name, synopsis, pg_rating, duration_in_minutes, trailer_url, created_at, updated_at) VALUES ('f6776c22-5225-4573-87c2-bab685bb6b38', 'One Battle After Another', 'EN', '2026-02-10', '2026-05-27', 'Unknown', 'Washed-up revolutionary Bob exists in a state of stoned paranoia, surviving off-grid with his spirited, self-reliant daughter, Willa. When his evil nemesis resurfaces after 16 years and she goes missing, the former radical scrambles to find her, father and daughter both battling the consequences of his past.', 'PG-13', '162', 'https://youtube.com/watch?v=dba9c44c0ef', '2025-11-12T21:45:16.849308', '2025-11-12T21:45:16.849308');
INSERT INTO movie_images (id, movie_id, url, type, created_at, updated_at) VALUES ('7093f631-27c0-470e-bbd0-ca497f08862e', 'f6776c22-5225-4573-87c2-bab685bb6b38', 'https://image.tmdb.org/t/p/original/m1jFoahEbeQXtx4zArT2FKdbNIj.jpg', 'poster', '2025-11-12T21:45:16.849308', '2025-11-12T21:45:16.849308');
INSERT INTO movie_images (id, movie_id, url, type, created_at, updated_at) VALUES ('ecb6de11-e007-484b-b352-e126d2c1d326', 'f6776c22-5225-4573-87c2-bab685bb6b38', 'https://image.tmdb.org/t/p/original/nyvyWsZJkqtHJ0SLVOoWc141cEg.jpg', 'backdrop', '2025-11-12T21:45:16.849308', '2025-11-12T21:45:16.849308');
INSERT INTO movies (id, title, language, projection_start_date, projection_end_date, director_full_name, synopsis, pg_rating, duration_in_minutes, trailer_url, created_at, updated_at) VALUES ('dd37074e-a719-4af0-921c-7c94b0d10868', 'Interstellar', 'EN', '2026-02-10', '2026-05-29', 'Unknown', 'The adventures of a group of explorers who make use of a newly discovered wormhole to surpass the limitations on human space travel and conquer the vast distances involved in an interstellar voyage.', 'PG-13', '169', 'https://youtube.com/watch?v=99d9636e6d5', '2025-11-12T21:45:18.030719', '2025-11-12T21:45:18.030719');
INSERT INTO movie_images (id, movie_id, url, type, created_at, updated_at) VALUES ('4e0fbeae-43ec-4140-a32e-eda6da6f80fa', 'dd37074e-a719-4af0-921c-7c94b0d10868', 'https://image.tmdb.org/t/p/original/gEU2QniE6E77NI6lCU6MxlNBvIx.jpg', 'poster', '2025-11-12T21:45:18.030719', '2025-11-12T21:45:18.030719');
INSERT INTO movie_images (id, movie_id, url, type, created_at, updated_at) VALUES ('6a46b1a1-87b3-4041-9759-ac5174090dad', 'dd37074e-a719-4af0-921c-7c94b0d10868', 'https://image.tmdb.org/t/p/original/5XNQBqnBwPA9yT0jZ0p3s8bbLh0.jpg', 'backdrop', '2025-11-12T21:45:18.030719', '2025-11-12T21:45:18.030719');
INSERT INTO movie_genres (movie_id, genre_id) VALUES ('94dcfc9c-1780-428c-b2fe-f2482c7ce267', 'b5dd33e1-5598-4aba-bd2e-a4f4232c5dc3');
INSERT INTO movie_genres (movie_id, genre_id) VALUES ('94dcfc9c-1780-428c-b2fe-f2482c7ce267', '76cafeef-d619-43b0-9aae-a1523073fa3a');
INSERT INTO movie_genres (movie_id, genre_id) VALUES ('0fb24e7a-da70-4c76-bf0f-f3f467c6f781', '63861c46-f544-4469-b227-f0e78f2d39ce');
INSERT INTO movie_genres (movie_id, genre_id) VALUES ('0fb24e7a-da70-4c76-bf0f-f3f467c6f781', 'b5dd33e1-5598-4aba-bd2e-a4f4232c5dc3');
INSERT INTO movie_genres (movie_id, genre_id) VALUES ('4e6fcae1-5c59-447e-869e-9f3729751234', 'e740804e-8429-41fb-8e32-e71125531cd5');
INSERT INTO movie_genres (movie_id, genre_id) VALUES ('4e6fcae1-5c59-447e-869e-9f3729751234', '76cafeef-d619-43b0-9aae-a1523073fa3a');
INSERT INTO movie_genres (movie_id, genre_id) VALUES ('4e6fcae1-5c59-447e-869e-9f3729751234', '79ab458a-3d01-4654-a0d1-b42ce53ed35d');
INSERT INTO movie_genres (movie_id, genre_id) VALUES ('f58d3e98-945d-45c1-bebe-aee157ba03ca', '4f7310eb-88db-4837-9698-c445c2dc7c1f');
INSERT INTO movie_genres (movie_id, genre_id) VALUES ('f58d3e98-945d-45c1-bebe-aee157ba03ca', '76cafeef-d619-43b0-9aae-a1523073fa3a');
INSERT INTO movie_genres (movie_id, genre_id) VALUES ('f58d3e98-945d-45c1-bebe-aee157ba03ca', 'bf35ff4a-8191-4d01-882e-8c0e4b0bc0e2');
INSERT INTO movie_genres (movie_id, genre_id) VALUES ('f58d3e98-945d-45c1-bebe-aee157ba03ca', '5d4cb448-d527-4c4f-9bf4-b466cf882d4c');
INSERT INTO movie_genres (movie_id, genre_id) VALUES ('e008dd9b-18b9-4cf8-a351-66eddcb4b6e6', 'e740804e-8429-41fb-8e32-e71125531cd5');
INSERT INTO movie_genres (movie_id, genre_id) VALUES ('e008dd9b-18b9-4cf8-a351-66eddcb4b6e6', 'b5dd33e1-5598-4aba-bd2e-a4f4232c5dc3');
INSERT INTO movie_genres (movie_id, genre_id) VALUES ('0f547534-2aa4-40ff-90ca-bedc88ef6c05', 'b5dd33e1-5598-4aba-bd2e-a4f4232c5dc3');
INSERT INTO movie_genres (movie_id, genre_id) VALUES ('0f547534-2aa4-40ff-90ca-bedc88ef6c05', 'b10632ad-cad7-47c0-8320-569d3696ce47');
INSERT INTO movie_genres (movie_id, genre_id) VALUES ('0f547534-2aa4-40ff-90ca-bedc88ef6c05', 'b47cac1a-4409-49bd-b878-6fbe6261a9ed');
INSERT INTO movie_genres (movie_id, genre_id) VALUES ('5ea161b9-b8d4-412e-9008-800f1e75f1a1', '78fdf1ed-3fa4-4707-b5e5-a0420af02bd1');
INSERT INTO movie_genres (movie_id, genre_id) VALUES ('5ea161b9-b8d4-412e-9008-800f1e75f1a1', '63861c46-f544-4469-b227-f0e78f2d39ce');
INSERT INTO movie_genres (movie_id, genre_id) VALUES ('5ea161b9-b8d4-412e-9008-800f1e75f1a1', '5d4cb448-d527-4c4f-9bf4-b466cf882d4c');
INSERT INTO movie_genres (movie_id, genre_id) VALUES ('1735d782-9a46-4737-a20f-802ff56299c9', 'e740804e-8429-41fb-8e32-e71125531cd5');
INSERT INTO movie_genres (movie_id, genre_id) VALUES ('1735d782-9a46-4737-a20f-802ff56299c9', '4320c2de-e3d2-4670-b524-7d9f8d778f44');
INSERT INTO movie_genres (movie_id, genre_id) VALUES ('1735d782-9a46-4737-a20f-802ff56299c9', '76cafeef-d619-43b0-9aae-a1523073fa3a');
INSERT INTO movie_genres (movie_id, genre_id) VALUES ('f6776c22-5225-4573-87c2-bab685bb6b38', '76cafeef-d619-43b0-9aae-a1523073fa3a');
INSERT INTO movie_genres (movie_id, genre_id) VALUES ('f6776c22-5225-4573-87c2-bab685bb6b38', 'b5dd33e1-5598-4aba-bd2e-a4f4232c5dc3');
INSERT INTO movie_genres (movie_id, genre_id) VALUES ('f6776c22-5225-4573-87c2-bab685bb6b38', 'b10632ad-cad7-47c0-8320-569d3696ce47');
INSERT INTO movie_genres (movie_id, genre_id) VALUES ('dd37074e-a719-4af0-921c-7c94b0d10868', '4320c2de-e3d2-4670-b524-7d9f8d778f44');
INSERT INTO movie_genres (movie_id, genre_id) VALUES ('dd37074e-a719-4af0-921c-7c94b0d10868', '78fdf1ed-3fa4-4707-b5e5-a0420af02bd1');
INSERT INTO movie_genres (movie_id, genre_id) VALUES ('dd37074e-a719-4af0-921c-7c94b0d10868', 'e740804e-8429-41fb-8e32-e71125531cd5');