INSERT INTO countries (id, iso_2_code, name, created_at, updated_at) VALUES ('eadffe32-2757-4bf2-b8fa-cf93a8d461d2', 'BA', 'Bosnia and Herzegovina', '2026-01-20T11:12:06.456052', '2026-01-20T11:12:06.456052');
INSERT INTO cities (id, name, timezone, country_id, created_at, updated_at) VALUES ('d8c25dad-115f-499c-89b7-56856d704878', 'Sarajevo', 'Europe/Sarajevo', 'eadffe32-2757-4bf2-b8fa-cf93a8d461d2', '2026-01-20T11:12:06.456249', '2026-01-20T11:12:06.456249');
INSERT INTO cities (id, name, timezone, country_id, created_at, updated_at) VALUES ('b62521da-a492-4678-a379-5bc6dbae98c4', 'Banja Luka', 'Europe/Sarajevo', 'eadffe32-2757-4bf2-b8fa-cf93a8d461d2', '2026-01-20T11:12:06.456274', '2026-01-20T11:12:06.456274');
INSERT INTO cities (id, name, timezone, country_id, created_at, updated_at) VALUES ('ac78d8df-d11e-4589-852e-a02fc565b45f', 'Mostar', 'Europe/Sarajevo', 'eadffe32-2757-4bf2-b8fa-cf93a8d461d2', '2026-01-20T11:12:06.456292', '2026-01-20T11:12:06.456292');
INSERT INTO cities (id, name, timezone, country_id, created_at, updated_at) VALUES ('5c366b6a-a465-4200-9e84-309d363ce790', 'Tuzla', 'Europe/Sarajevo', 'eadffe32-2757-4bf2-b8fa-cf93a8d461d2', '2026-01-20T11:12:06.456308', '2026-01-20T11:12:06.456308');
INSERT INTO cities (id, name, timezone, country_id, created_at, updated_at) VALUES ('33f81078-deff-434f-bdc5-9f666f9c9b70', 'Zenica', 'Europe/Sarajevo', 'eadffe32-2757-4bf2-b8fa-cf93a8d461d2', '2026-01-20T11:12:06.456324', '2026-01-20T11:12:06.456324');
INSERT INTO seat_types (id, category, price, description, created_at, updated_at) VALUES ('33f663e5-d39e-43da-832c-e5cbd6d55750', 'regular', 7.0, 'Comfortable seating. Affordable pricing. Wide selection. Accessible locations. Suitable for everyone', '2026-01-20T11:12:06.456498', '2026-01-20T11:12:06.456498');
INSERT INTO seat_types (id, category, price, description, created_at, updated_at) VALUES ('6bd71157-64ef-4ac5-a31c-5b6ae4e1cbe5', 'love', 24.0, 'Side-by-side design. Comfortable padding. Adjustable armrests. Cup holders. Reserved for couples.', '2026-01-20T11:12:06.456526', '2026-01-20T11:12:06.456526');
INSERT INTO seat_types (id, category, price, description, created_at, updated_at) VALUES ('d45e50fa-bb04-45a1-9f3f-c70e153f98ea', 'vip', 10.0, 'Enhanced comfort. Priority seating. Prime viewing. Personal space. Luxury extras.', '2026-01-20T11:12:06.456548', '2026-01-20T11:12:06.456548');
INSERT INTO users (id, first_name, last_name, email, password, phone, profile_image_url, city_id, is_verified, created_at, updated_at) VALUES ('89bbf0f8-5124-492d-af7d-d752d47ef461', 'Admin', 'User', 'admin@cinema.ba', '$2b$12$vnFdjth4gM3GUURAsKYgE.8Vs29pa11J71XK7dPM2wsakfsWQkDlu', '+38733123456', '', 'd8c25dad-115f-499c-89b7-56856d704878' , True, '2026-01-20T11:12:06.844674', '2026-01-20T11:12:06.844674');
INSERT INTO users (id, first_name, last_name, email, password, phone, profile_image_url, city_id, is_verified, created_at, updated_at) VALUES ('0b6106b0-da94-4a24-b33b-b6c00acecf7f', 'John', 'Doe', 'john@cinema.ba', '$2b$12$dgrPZSg2dG0Vp9k1saVO2.5ugkmBB7fe/LXpm72l3w4t8wZHUVz36', '+38751234567', '', 'b62521da-a492-4678-a379-5bc6dbae98c4' , True, '2026-01-20T11:12:07.230439', '2026-01-20T11:12:07.230439');
INSERT INTO users (id, first_name, last_name, email, password, phone, profile_image_url, city_id, is_verified, created_at, updated_at) VALUES ('a137bc34-092a-4942-803c-a94da3d85deb', 'Dev', 'User', 'dev@cinema.ba', '$2b$12$IrKMwQ9FCD5IMwOTw0sHVu84C9l4aoLB2pR5b4b4fbJpQSR27Gxie', '+38761234567', '', 'd8c25dad-115f-499c-89b7-56856d704878' , True, '2026-01-20T11:12:07.617656', '2026-01-20T11:12:07.617656');
INSERT INTO roles (id, name, created_at, updated_at) VALUES ('2c5b58ca-c41f-40f0-b8f2-f98372db5e47', 'ADMIN', '2026-01-20T11:12:07.617965', '2026-01-20T11:12:07.617965');
INSERT INTO roles (id, name, created_at, updated_at) VALUES ('2ce925f9-bebc-44b0-be5d-04c742513636', 'USER', '2026-01-20T11:12:07.618003', '2026-01-20T11:12:07.618003');
INSERT INTO roles (id, name, created_at, updated_at) VALUES ('245e6ec2-df9f-478a-a3af-da09391e0c97', 'DEV', '2026-01-20T11:12:07.618023', '2026-01-20T11:12:07.618023');
INSERT INTO user_roles (user_id, role_id) VALUES ('89bbf0f8-5124-492d-af7d-d752d47ef461', '2c5b58ca-c41f-40f0-b8f2-f98372db5e47');
INSERT INTO user_roles (user_id, role_id) VALUES ('0b6106b0-da94-4a24-b33b-b6c00acecf7f', '2ce925f9-bebc-44b0-be5d-04c742513636');
INSERT INTO user_roles (user_id, role_id) VALUES ('a137bc34-092a-4942-803c-a94da3d85deb', '245e6ec2-df9f-478a-a3af-da09391e0c97');
INSERT INTO user_roles (user_id, role_id) VALUES ('a137bc34-092a-4942-803c-a94da3d85deb', '2c5b58ca-c41f-40f0-b8f2-f98372db5e47');
INSERT INTO user_roles (user_id, role_id) VALUES ('a137bc34-092a-4942-803c-a94da3d85deb', '2ce925f9-bebc-44b0-be5d-04c742513636');
INSERT INTO venues (id, name, street, street_number, phone, image_url, city_id, created_at, updated_at) VALUES ('8e7a35a0-de04-491b-b311-917c0cdd148d', 'Cineplexx Sarajevo', '791 Cinema Boulevard', '50', '+38733502331', 'https://raport.ba/uploads//gen/2021/06/_800xAUTO_crop_center-center_none/cineplexx-scaled.jpg', 'd8c25dad-115f-499c-89b7-56856d704878', '2026-01-20T11:12:07.618619', '2026-01-20T11:12:07.618619');
INSERT INTO venues (id, name, street, street_number, phone, image_url, city_id, created_at, updated_at) VALUES ('00bd868b-9bfb-406e-9ed7-787b2a38b4c5', 'Meeting Point Cinema', '396 Cinema Boulevard', '132', '+38733999347', 'https://media.sarajevski.ba/2013/11/meeting_point_kino_1.jpg', 'd8c25dad-115f-499c-89b7-56856d704878', '2026-01-20T11:12:07.618664', '2026-01-20T11:12:07.618664');
INSERT INTO venues (id, name, street, street_number, phone, image_url, city_id, created_at, updated_at) VALUES ('29075002-879b-4c99-ac9b-092ec3ecf45b', 'Bosmal City Center', '887 Cinema Boulevard', '43', '+38733129528', 'https://upload.wikimedia.org/wikipedia/en/e/ea/Bosmal_City_Center_Sarajevo.jpg', 'd8c25dad-115f-499c-89b7-56856d704878', '2026-01-20T11:12:07.618692', '2026-01-20T11:12:07.618692');
INSERT INTO venues (id, name, street, street_number, phone, image_url, city_id, created_at, updated_at) VALUES ('34d31696-6ce6-41ee-a4f3-328a30b3197c', 'Cinestar Sarajevo', '168 Cinema Boulevard', '191', '+38733838944', 'https://media.jutarnji.hr/images/slike/2020/11/03/f_9240693_1280.jpg', 'd8c25dad-115f-499c-89b7-56856d704878', '2026-01-20T11:12:07.618717', '2026-01-20T11:12:07.618717');
INSERT INTO venues (id, name, street, street_number, phone, image_url, city_id, created_at, updated_at) VALUES ('204fa82e-bbc3-4b32-b198-2975de1aedf2', 'Kinoteka', '894 Cinema Boulevard', '62', '+38733153158', 'https://sarajevo.travel/assets/photos/places/big/154-kinoteka-03-1397237673.jpg', 'd8c25dad-115f-499c-89b7-56856d704878', '2026-01-20T11:12:07.618740', '2026-01-20T11:12:07.618740');
INSERT INTO venues (id, name, street, street_number, phone, image_url, city_id, created_at, updated_at) VALUES ('e9643d2b-54a0-4ae6-9cf5-6af92b58c67f', 'Cineplexx Banja Luka', '706 Cinema Boulevard', '147', '+38733971599', 'https://banjaluka.net/wp-content/uploads/2018/09/palas.jpg', 'b62521da-a492-4678-a379-5bc6dbae98c4', '2026-01-20T11:12:07.618770', '2026-01-20T11:12:07.618770');
INSERT INTO venues (id, name, street, street_number, phone, image_url, city_id, created_at, updated_at) VALUES ('228faa9d-d7f6-49f8-8201-5c606e66f1cf', 'Cinestar Banja Luka', '160 Cinema Boulevard', '175', '+38733742439', 'https://banjalukacity.info/storage/entity-photos/0SAnzUAyHV7L2WCVhWsm6l2pE2F4494SiS2X8CaO.webp', 'b62521da-a492-4678-a379-5bc6dbae98c4', '2026-01-20T11:12:07.618793', '2026-01-20T11:12:07.618793');
INSERT INTO venues (id, name, street, street_number, phone, image_url, city_id, created_at, updated_at) VALUES ('3f9054c5-98dd-4ce8-bc8a-37a166cf9aab', 'Cineplexx Mostar', '150 Cinema Boulevard', '43', '+38733858814', 'https://static.klix.ba/media/images/vijesti/b_200902027.jpg?v=2', 'ac78d8df-d11e-4589-852e-a02fc565b45f', '2026-01-20T11:12:07.618818', '2026-01-20T11:12:07.618818');
INSERT INTO venues (id, name, street, street_number, phone, image_url, city_id, created_at, updated_at) VALUES ('529fae3f-c90e-453e-9c48-d0fabe82678e', 'Cinestar Mostar', '934 Cinema Boulevard', '101', '+38733806634', 'https://cinestarcinemas.hr/remote/185.155.226.145/Ostalo%2Fmostargalerija/resize2%20(3).jfif?width=750', 'ac78d8df-d11e-4589-852e-a02fc565b45f', '2026-01-20T11:12:07.618842', '2026-01-20T11:12:07.618842');
INSERT INTO venues (id, name, street, street_number, phone, image_url, city_id, created_at, updated_at) VALUES ('0481190e-a274-4e15-afba-a9758e39f31a', 'Cinestar Tuzla', '395 Cinema Boulevard', '60', '+38733137644', 'https://www.vox-communications.com/wp-content/uploads/2022/07/resize2-1-2.jpg', '5c366b6a-a465-4200-9e84-309d363ce790', '2026-01-20T11:12:07.618867', '2026-01-20T11:12:07.618867');
INSERT INTO venues (id, name, street, street_number, phone, image_url, city_id, created_at, updated_at) VALUES ('e6b51f5c-80bc-4712-b6fb-a0904863d474', 'Cinestar Zenica', '891 Cinema Boulevard', '87', '+38733104495', 'https://www.hercegovina.info/img/repository/2018/01/image_640x396/1_61840717.jpg', '33f81078-deff-434f-bdc5-9f666f9c9b70', '2026-01-20T11:12:07.618892', '2026-01-20T11:12:07.618892');
INSERT INTO cinema_halls (id, name, venue_id, created_at, updated_at) VALUES ('062dfe0a-6244-46c4-a767-c41a824a30e5', 'Hall 1', '8e7a35a0-de04-491b-b311-917c0cdd148d', '2026-01-20T11:12:07.619120', '2026-01-20T11:12:07.619120');
INSERT INTO cinema_halls (id, name, venue_id, created_at, updated_at) VALUES ('9ab42b8c-91c1-433a-bfc9-60bda4bffa46', 'Hall 1', '00bd868b-9bfb-406e-9ed7-787b2a38b4c5', '2026-01-20T11:12:07.619151', '2026-01-20T11:12:07.619151');
INSERT INTO cinema_halls (id, name, venue_id, created_at, updated_at) VALUES ('72d55d6a-24f8-4769-9819-be7323d307a2', 'Hall 1', '29075002-879b-4c99-ac9b-092ec3ecf45b', '2026-01-20T11:12:07.619173', '2026-01-20T11:12:07.619173');
INSERT INTO cinema_halls (id, name, venue_id, created_at, updated_at) VALUES ('6921a3a5-077e-49ba-ba05-dcd55f865512', 'Hall 1', '34d31696-6ce6-41ee-a4f3-328a30b3197c', '2026-01-20T11:12:07.619190', '2026-01-20T11:12:07.619190');
INSERT INTO cinema_halls (id, name, venue_id, created_at, updated_at) VALUES ('7313599b-6813-47c7-8c51-4e3a2ffac29c', 'Hall 1', '204fa82e-bbc3-4b32-b198-2975de1aedf2', '2026-01-20T11:12:07.619205', '2026-01-20T11:12:07.619205');
INSERT INTO cinema_halls (id, name, venue_id, created_at, updated_at) VALUES ('91119da7-9c00-42bd-9dd6-dd1377d09797', 'Hall 1', 'e9643d2b-54a0-4ae6-9cf5-6af92b58c67f', '2026-01-20T11:12:07.619221', '2026-01-20T11:12:07.619221');
INSERT INTO cinema_halls (id, name, venue_id, created_at, updated_at) VALUES ('346d2a4d-5b04-466c-a9ae-acba644c3285', 'Hall 1', '228faa9d-d7f6-49f8-8201-5c606e66f1cf', '2026-01-20T11:12:07.619236', '2026-01-20T11:12:07.619236');
INSERT INTO cinema_halls (id, name, venue_id, created_at, updated_at) VALUES ('63213e9d-2e93-426f-b798-8a278c956c5f', 'Hall 1', '3f9054c5-98dd-4ce8-bc8a-37a166cf9aab', '2026-01-20T11:12:07.619251', '2026-01-20T11:12:07.619251');
INSERT INTO cinema_halls (id, name, venue_id, created_at, updated_at) VALUES ('d1d0fc7b-99ab-4013-b293-2525a79b53e0', 'Hall 1', '529fae3f-c90e-453e-9c48-d0fabe82678e', '2026-01-20T11:12:07.619266', '2026-01-20T11:12:07.619266');
INSERT INTO cinema_halls (id, name, venue_id, created_at, updated_at) VALUES ('7f8bc5ee-1693-4985-acef-abed9e06ff94', 'Hall 1', '0481190e-a274-4e15-afba-a9758e39f31a', '2026-01-20T11:12:07.619281', '2026-01-20T11:12:07.619281');
INSERT INTO cinema_halls (id, name, venue_id, created_at, updated_at) VALUES ('ddcd3553-73bb-45c1-b4b4-92ab25a503d1', 'Hall 1', 'e6b51f5c-80bc-4712-b6fb-a0904863d474', '2026-01-20T11:12:07.619298', '2026-01-20T11:12:07.619298');
INSERT INTO hall_seats (id, cinema_hall_id, seat_type_id, seat_code, created_at, updated_at) VALUES ('2e430b16-e9ea-4c6c-8cd1-55a24a5b96b7', '062dfe0a-6244-46c4-a767-c41a824a30e5', '33f663e5-d39e-43da-832c-e5cbd6d55750', 'A1', '2026-01-20T11:12:07.619500', '2026-01-20T11:12:07.619500');
INSERT INTO hall_seats (id, cinema_hall_id, seat_type_id, seat_code, created_at, updated_at) VALUES ('13ce82f7-2ab2-4c3b-8da3-f1ce7dbcc353', '062dfe0a-6244-46c4-a767-c41a824a30e5', '33f663e5-d39e-43da-832c-e5cbd6d55750', 'A2', '2026-01-20T11:12:07.619500', '2026-01-20T11:12:07.619500');
INSERT INTO hall_seats (id, cinema_hall_id, seat_type_id, seat_code, created_at, updated_at) VALUES ('3de1941f-fd9f-44d0-8cf6-016142c14930', '062dfe0a-6244-46c4-a767-c41a824a30e5', '33f663e5-d39e-43da-832c-e5cbd6d55750', 'A3', '2026-01-20T11:12:07.619500', '2026-01-20T11:12:07.619500');
INSERT INTO hall_seats (id, cinema_hall_id, seat_type_id, seat_code, created_at, updated_at) VALUES ('e2a78391-c539-4d0e-8b9e-44b4d4d32593', '062dfe0a-6244-46c4-a767-c41a824a30e5', '33f663e5-d39e-43da-832c-e5cbd6d55750', 'A4', '2026-01-20T11:12:07.619500', '2026-01-20T11:12:07.619500');
INSERT INTO hall_seats (id, cinema_hall_id, seat_type_id, seat_code, created_at, updated_at) VALUES ('8feecae3-424c-40c1-9804-930bb257873d', '062dfe0a-6244-46c4-a767-c41a824a30e5', '33f663e5-d39e-43da-832c-e5cbd6d55750', 'A5', '2026-01-20T11:12:07.619500', '2026-01-20T11:12:07.619500');
INSERT INTO hall_seats (id, cinema_hall_id, seat_type_id, seat_code, created_at, updated_at) VALUES ('a4e8f890-b2f1-4891-ae5c-797b5e97926e', '062dfe0a-6244-46c4-a767-c41a824a30e5', '33f663e5-d39e-43da-832c-e5cbd6d55750', 'A6', '2026-01-20T11:12:07.619500', '2026-01-20T11:12:07.619500');
INSERT INTO hall_seats (id, cinema_hall_id, seat_type_id, seat_code, created_at, updated_at) VALUES ('87373eb2-74d8-4f0b-953f-db1a9fa7e2de', '062dfe0a-6244-46c4-a767-c41a824a30e5', '33f663e5-d39e-43da-832c-e5cbd6d55750', 'A7', '2026-01-20T11:12:07.619500', '2026-01-20T11:12:07.619500');
INSERT INTO hall_seats (id, cinema_hall_id, seat_type_id, seat_code, created_at, updated_at) VALUES ('a8d6aa4f-970c-4058-b1bb-137ec308f542', '062dfe0a-6244-46c4-a767-c41a824a30e5', '33f663e5-d39e-43da-832c-e5cbd6d55750', 'A8', '2026-01-20T11:12:07.619500', '2026-01-20T11:12:07.619500');
INSERT INTO hall_seats (id, cinema_hall_id, seat_type_id, seat_code, created_at, updated_at) VALUES ('68838d85-73c7-4fcc-a476-6d1f67a94e09', '062dfe0a-6244-46c4-a767-c41a824a30e5', '33f663e5-d39e-43da-832c-e5cbd6d55750', 'B1', '2026-01-20T11:12:07.619634', '2026-01-20T11:12:07.619634');
INSERT INTO hall_seats (id, cinema_hall_id, seat_type_id, seat_code, created_at, updated_at) VALUES ('59219650-1276-435a-b2ae-00c5ac4b863f', '062dfe0a-6244-46c4-a767-c41a824a30e5', '33f663e5-d39e-43da-832c-e5cbd6d55750', 'B2', '2026-01-20T11:12:07.619634', '2026-01-20T11:12:07.619634');
INSERT INTO hall_seats (id, cinema_hall_id, seat_type_id, seat_code, created_at, updated_at) VALUES ('6524d932-ff5e-49e5-acff-3f495e465223', '062dfe0a-6244-46c4-a767-c41a824a30e5', '33f663e5-d39e-43da-832c-e5cbd6d55750', 'B3', '2026-01-20T11:12:07.619634', '2026-01-20T11:12:07.619634');
INSERT INTO hall_seats (id, cinema_hall_id, seat_type_id, seat_code, created_at, updated_at) VALUES ('f34e149d-9543-4d38-9ef0-ff11d49af834', '062dfe0a-6244-46c4-a767-c41a824a30e5', '33f663e5-d39e-43da-832c-e5cbd6d55750', 'B4', '2026-01-20T11:12:07.619634', '2026-01-20T11:12:07.619634');
INSERT INTO hall_seats (id, cinema_hall_id, seat_type_id, seat_code, created_at, updated_at) VALUES ('bedeefe5-d6d9-41d2-a45b-9d5c80f25dbf', '062dfe0a-6244-46c4-a767-c41a824a30e5', '33f663e5-d39e-43da-832c-e5cbd6d55750', 'B5', '2026-01-20T11:12:07.619634', '2026-01-20T11:12:07.619634');
INSERT INTO hall_seats (id, cinema_hall_id, seat_type_id, seat_code, created_at, updated_at) VALUES ('5b9663cb-0c7d-4e1f-8ad1-0be3bb90176f', '062dfe0a-6244-46c4-a767-c41a824a30e5', '33f663e5-d39e-43da-832c-e5cbd6d55750', 'B6', '2026-01-20T11:12:07.619634', '2026-01-20T11:12:07.619634');
INSERT INTO hall_seats (id, cinema_hall_id, seat_type_id, seat_code, created_at, updated_at) VALUES ('6047a6a0-6349-49a5-87c4-4da19294ef9d', '062dfe0a-6244-46c4-a767-c41a824a30e5', '33f663e5-d39e-43da-832c-e5cbd6d55750', 'B7', '2026-01-20T11:12:07.619634', '2026-01-20T11:12:07.619634');
INSERT INTO hall_seats (id, cinema_hall_id, seat_type_id, seat_code, created_at, updated_at) VALUES ('7704628c-88f5-4bf4-af68-0a5a475ced46', '062dfe0a-6244-46c4-a767-c41a824a30e5', '33f663e5-d39e-43da-832c-e5cbd6d55750', 'B8', '2026-01-20T11:12:07.619634', '2026-01-20T11:12:07.619634');
INSERT INTO hall_seats (id, cinema_hall_id, seat_type_id, seat_code, created_at, updated_at) VALUES ('156ae94a-dc0a-4d49-8545-b4411aeb787e', '062dfe0a-6244-46c4-a767-c41a824a30e5', '33f663e5-d39e-43da-832c-e5cbd6d55750', 'C1', '2026-01-20T11:12:07.619720', '2026-01-20T11:12:07.619720');
INSERT INTO hall_seats (id, cinema_hall_id, seat_type_id, seat_code, created_at, updated_at) VALUES ('e89da6b2-0c37-4c6e-a602-dcc4a9b0d186', '062dfe0a-6244-46c4-a767-c41a824a30e5', '33f663e5-d39e-43da-832c-e5cbd6d55750', 'C2', '2026-01-20T11:12:07.619720', '2026-01-20T11:12:07.619720');
INSERT INTO hall_seats (id, cinema_hall_id, seat_type_id, seat_code, created_at, updated_at) VALUES ('adbdb6da-311f-4040-99eb-f8b7a5730435', '062dfe0a-6244-46c4-a767-c41a824a30e5', '33f663e5-d39e-43da-832c-e5cbd6d55750', 'C3', '2026-01-20T11:12:07.619720', '2026-01-20T11:12:07.619720');
INSERT INTO hall_seats (id, cinema_hall_id, seat_type_id, seat_code, created_at, updated_at) VALUES ('68024a1a-c702-4c49-bce9-c02de4f8da64', '062dfe0a-6244-46c4-a767-c41a824a30e5', '33f663e5-d39e-43da-832c-e5cbd6d55750', 'C4', '2026-01-20T11:12:07.619720', '2026-01-20T11:12:07.619720');
INSERT INTO hall_seats (id, cinema_hall_id, seat_type_id, seat_code, created_at, updated_at) VALUES ('97f828a6-bf40-43e3-b30f-6abb316ba9e3', '062dfe0a-6244-46c4-a767-c41a824a30e5', '33f663e5-d39e-43da-832c-e5cbd6d55750', 'C5', '2026-01-20T11:12:07.619720', '2026-01-20T11:12:07.619720');
INSERT INTO hall_seats (id, cinema_hall_id, seat_type_id, seat_code, created_at, updated_at) VALUES ('eba3a310-cfaf-4c84-a58d-0df432285982', '062dfe0a-6244-46c4-a767-c41a824a30e5', '33f663e5-d39e-43da-832c-e5cbd6d55750', 'C6', '2026-01-20T11:12:07.619720', '2026-01-20T11:12:07.619720');
INSERT INTO hall_seats (id, cinema_hall_id, seat_type_id, seat_code, created_at, updated_at) VALUES ('52d06147-47c7-429b-bcff-0ae55b32ad28', '062dfe0a-6244-46c4-a767-c41a824a30e5', '33f663e5-d39e-43da-832c-e5cbd6d55750', 'C7', '2026-01-20T11:12:07.619720', '2026-01-20T11:12:07.619720');
INSERT INTO hall_seats (id, cinema_hall_id, seat_type_id, seat_code, created_at, updated_at) VALUES ('554a61e7-1219-474e-8885-15f527b97ae0', '062dfe0a-6244-46c4-a767-c41a824a30e5', '33f663e5-d39e-43da-832c-e5cbd6d55750', 'C8', '2026-01-20T11:12:07.619720', '2026-01-20T11:12:07.619720');
INSERT INTO hall_seats (id, cinema_hall_id, seat_type_id, seat_code, created_at, updated_at) VALUES ('0aaae1d8-eed0-41bb-956c-7abc151c8edc', '062dfe0a-6244-46c4-a767-c41a824a30e5', '33f663e5-d39e-43da-832c-e5cbd6d55750', 'D1', '2026-01-20T11:12:07.619804', '2026-01-20T11:12:07.619804');
INSERT INTO hall_seats (id, cinema_hall_id, seat_type_id, seat_code, created_at, updated_at) VALUES ('ee464a2d-c269-46c4-adf1-46cb679d0565', '062dfe0a-6244-46c4-a767-c41a824a30e5', '33f663e5-d39e-43da-832c-e5cbd6d55750', 'D2', '2026-01-20T11:12:07.619804', '2026-01-20T11:12:07.619804');
INSERT INTO hall_seats (id, cinema_hall_id, seat_type_id, seat_code, created_at, updated_at) VALUES ('0acf720a-9d6a-4a08-8676-f5677ed4980c', '062dfe0a-6244-46c4-a767-c41a824a30e5', '33f663e5-d39e-43da-832c-e5cbd6d55750', 'D3', '2026-01-20T11:12:07.619804', '2026-01-20T11:12:07.619804');
INSERT INTO hall_seats (id, cinema_hall_id, seat_type_id, seat_code, created_at, updated_at) VALUES ('15b28bc3-56ba-4cae-8806-b45b5fe18f11', '062dfe0a-6244-46c4-a767-c41a824a30e5', '33f663e5-d39e-43da-832c-e5cbd6d55750', 'D4', '2026-01-20T11:12:07.619804', '2026-01-20T11:12:07.619804');
INSERT INTO hall_seats (id, cinema_hall_id, seat_type_id, seat_code, created_at, updated_at) VALUES ('14e25cf1-d842-4b05-8879-c3adffc7bbb1', '062dfe0a-6244-46c4-a767-c41a824a30e5', '33f663e5-d39e-43da-832c-e5cbd6d55750', 'D5', '2026-01-20T11:12:07.619804', '2026-01-20T11:12:07.619804');
INSERT INTO hall_seats (id, cinema_hall_id, seat_type_id, seat_code, created_at, updated_at) VALUES ('a7718da5-f9d3-4c07-9187-12ef844bf622', '062dfe0a-6244-46c4-a767-c41a824a30e5', '33f663e5-d39e-43da-832c-e5cbd6d55750', 'D6', '2026-01-20T11:12:07.619804', '2026-01-20T11:12:07.619804');
INSERT INTO hall_seats (id, cinema_hall_id, seat_type_id, seat_code, created_at, updated_at) VALUES ('ffff62ee-d777-45b8-9222-609e3c1f0306', '062dfe0a-6244-46c4-a767-c41a824a30e5', '33f663e5-d39e-43da-832c-e5cbd6d55750', 'D7', '2026-01-20T11:12:07.619804', '2026-01-20T11:12:07.619804');
INSERT INTO hall_seats (id, cinema_hall_id, seat_type_id, seat_code, created_at, updated_at) VALUES ('6ed915bf-d1a9-4e54-a36a-b549ec4aee1e', '062dfe0a-6244-46c4-a767-c41a824a30e5', '33f663e5-d39e-43da-832c-e5cbd6d55750', 'D8', '2026-01-20T11:12:07.619804', '2026-01-20T11:12:07.619804');
INSERT INTO hall_seats (id, cinema_hall_id, seat_type_id, seat_code, created_at, updated_at) VALUES ('e47fcd1a-3019-459c-8e92-763fa5fe54d7', '062dfe0a-6244-46c4-a767-c41a824a30e5', '33f663e5-d39e-43da-832c-e5cbd6d55750', 'E1', '2026-01-20T11:12:07.619885', '2026-01-20T11:12:07.619885');
INSERT INTO hall_seats (id, cinema_hall_id, seat_type_id, seat_code, created_at, updated_at) VALUES ('ff4c39cd-fcea-40c8-aae2-92a8bf10a196', '062dfe0a-6244-46c4-a767-c41a824a30e5', '33f663e5-d39e-43da-832c-e5cbd6d55750', 'E2', '2026-01-20T11:12:07.619885', '2026-01-20T11:12:07.619885');
INSERT INTO hall_seats (id, cinema_hall_id, seat_type_id, seat_code, created_at, updated_at) VALUES ('815c7ad5-976f-4023-9076-7cc8a0d50eaa', '062dfe0a-6244-46c4-a767-c41a824a30e5', '33f663e5-d39e-43da-832c-e5cbd6d55750', 'E3', '2026-01-20T11:12:07.619885', '2026-01-20T11:12:07.619885');
INSERT INTO hall_seats (id, cinema_hall_id, seat_type_id, seat_code, created_at, updated_at) VALUES ('2022bd63-d067-421f-82ad-b2e1d5657024', '062dfe0a-6244-46c4-a767-c41a824a30e5', '33f663e5-d39e-43da-832c-e5cbd6d55750', 'E4', '2026-01-20T11:12:07.619885', '2026-01-20T11:12:07.619885');
INSERT INTO hall_seats (id, cinema_hall_id, seat_type_id, seat_code, created_at, updated_at) VALUES ('96ee6093-7606-4387-8df1-7e045f040ed7', '062dfe0a-6244-46c4-a767-c41a824a30e5', '33f663e5-d39e-43da-832c-e5cbd6d55750', 'E5', '2026-01-20T11:12:07.619885', '2026-01-20T11:12:07.619885');
INSERT INTO hall_seats (id, cinema_hall_id, seat_type_id, seat_code, created_at, updated_at) VALUES ('fa0677e1-df10-47b2-a808-236c0469b78e', '062dfe0a-6244-46c4-a767-c41a824a30e5', '33f663e5-d39e-43da-832c-e5cbd6d55750', 'E6', '2026-01-20T11:12:07.619885', '2026-01-20T11:12:07.619885');
INSERT INTO hall_seats (id, cinema_hall_id, seat_type_id, seat_code, created_at, updated_at) VALUES ('dd14fbbc-6f8b-47a6-b975-83b76dd5ef10', '062dfe0a-6244-46c4-a767-c41a824a30e5', '33f663e5-d39e-43da-832c-e5cbd6d55750', 'E7', '2026-01-20T11:12:07.619885', '2026-01-20T11:12:07.619885');
INSERT INTO hall_seats (id, cinema_hall_id, seat_type_id, seat_code, created_at, updated_at) VALUES ('1cb75099-cd1c-499b-9eb4-1d85d46d9bae', '062dfe0a-6244-46c4-a767-c41a824a30e5', '33f663e5-d39e-43da-832c-e5cbd6d55750', 'E8', '2026-01-20T11:12:07.619885', '2026-01-20T11:12:07.619885');
INSERT INTO hall_seats (id, cinema_hall_id, seat_type_id, seat_code, created_at, updated_at) VALUES ('3ce0d790-7997-4f9f-a387-a75edb4079ab', '062dfe0a-6244-46c4-a767-c41a824a30e5', '33f663e5-d39e-43da-832c-e5cbd6d55750', 'F1', '2026-01-20T11:12:07.619970', '2026-01-20T11:12:07.619970');
INSERT INTO hall_seats (id, cinema_hall_id, seat_type_id, seat_code, created_at, updated_at) VALUES ('de354a9a-17af-478e-b636-dd59f7a431c3', '062dfe0a-6244-46c4-a767-c41a824a30e5', '33f663e5-d39e-43da-832c-e5cbd6d55750', 'F2', '2026-01-20T11:12:07.619970', '2026-01-20T11:12:07.619970');
INSERT INTO hall_seats (id, cinema_hall_id, seat_type_id, seat_code, created_at, updated_at) VALUES ('e352fc90-22a0-4511-8029-6084947da05a', '062dfe0a-6244-46c4-a767-c41a824a30e5', '33f663e5-d39e-43da-832c-e5cbd6d55750', 'F3', '2026-01-20T11:12:07.619970', '2026-01-20T11:12:07.619970');
INSERT INTO hall_seats (id, cinema_hall_id, seat_type_id, seat_code, created_at, updated_at) VALUES ('345171c1-d4af-4945-8134-df06f3891f41', '062dfe0a-6244-46c4-a767-c41a824a30e5', '33f663e5-d39e-43da-832c-e5cbd6d55750', 'F4', '2026-01-20T11:12:07.619970', '2026-01-20T11:12:07.619970');
INSERT INTO hall_seats (id, cinema_hall_id, seat_type_id, seat_code, created_at, updated_at) VALUES ('e05d4737-8439-406b-8d67-2032762d4b1b', '062dfe0a-6244-46c4-a767-c41a824a30e5', '33f663e5-d39e-43da-832c-e5cbd6d55750', 'F5', '2026-01-20T11:12:07.619970', '2026-01-20T11:12:07.619970');
INSERT INTO hall_seats (id, cinema_hall_id, seat_type_id, seat_code, created_at, updated_at) VALUES ('5d488fc7-bcce-4830-8fd5-c721361e5d97', '062dfe0a-6244-46c4-a767-c41a824a30e5', '33f663e5-d39e-43da-832c-e5cbd6d55750', 'F6', '2026-01-20T11:12:07.619970', '2026-01-20T11:12:07.619970');
INSERT INTO hall_seats (id, cinema_hall_id, seat_type_id, seat_code, created_at, updated_at) VALUES ('a7ec6c2c-fb94-4fad-8eaf-994925db6245', '062dfe0a-6244-46c4-a767-c41a824a30e5', '33f663e5-d39e-43da-832c-e5cbd6d55750', 'F7', '2026-01-20T11:12:07.619970', '2026-01-20T11:12:07.619970');
INSERT INTO hall_seats (id, cinema_hall_id, seat_type_id, seat_code, created_at, updated_at) VALUES ('597df235-631c-47e9-b191-24aa76665f6f', '062dfe0a-6244-46c4-a767-c41a824a30e5', '33f663e5-d39e-43da-832c-e5cbd6d55750', 'F8', '2026-01-20T11:12:07.619970', '2026-01-20T11:12:07.619970');
INSERT INTO hall_seats (id, cinema_hall_id, seat_type_id, seat_code, created_at, updated_at) VALUES ('4332f936-7fd1-4ab1-b9c1-6c163232e679', '062dfe0a-6244-46c4-a767-c41a824a30e5', 'd45e50fa-bb04-45a1-9f3f-c70e153f98ea', 'G1', '2026-01-20T11:12:07.620049', '2026-01-20T11:12:07.620049');
INSERT INTO hall_seats (id, cinema_hall_id, seat_type_id, seat_code, created_at, updated_at) VALUES ('c8dfbbbc-1ed0-4145-b0f8-ae3f520e9e4c', '062dfe0a-6244-46c4-a767-c41a824a30e5', 'd45e50fa-bb04-45a1-9f3f-c70e153f98ea', 'G2', '2026-01-20T11:12:07.620049', '2026-01-20T11:12:07.620049');
INSERT INTO hall_seats (id, cinema_hall_id, seat_type_id, seat_code, created_at, updated_at) VALUES ('755a03b4-6f4b-452f-b84a-eb8b861c9879', '062dfe0a-6244-46c4-a767-c41a824a30e5', 'd45e50fa-bb04-45a1-9f3f-c70e153f98ea', 'G3', '2026-01-20T11:12:07.620049', '2026-01-20T11:12:07.620049');
INSERT INTO hall_seats (id, cinema_hall_id, seat_type_id, seat_code, created_at, updated_at) VALUES ('e38c3a53-892e-4d2f-8791-7804fa0698b3', '062dfe0a-6244-46c4-a767-c41a824a30e5', 'd45e50fa-bb04-45a1-9f3f-c70e153f98ea', 'G4', '2026-01-20T11:12:07.620049', '2026-01-20T11:12:07.620049');
INSERT INTO hall_seats (id, cinema_hall_id, seat_type_id, seat_code, created_at, updated_at) VALUES ('84fdc184-bf59-4eb3-8b46-cf0054acebfc', '062dfe0a-6244-46c4-a767-c41a824a30e5', 'd45e50fa-bb04-45a1-9f3f-c70e153f98ea', 'G5', '2026-01-20T11:12:07.620049', '2026-01-20T11:12:07.620049');
INSERT INTO hall_seats (id, cinema_hall_id, seat_type_id, seat_code, created_at, updated_at) VALUES ('7e238cfc-63bd-4266-9122-c718fee517bc', '062dfe0a-6244-46c4-a767-c41a824a30e5', 'd45e50fa-bb04-45a1-9f3f-c70e153f98ea', 'G6', '2026-01-20T11:12:07.620049', '2026-01-20T11:12:07.620049');
INSERT INTO hall_seats (id, cinema_hall_id, seat_type_id, seat_code, created_at, updated_at) VALUES ('7348b653-8903-4315-9f81-3a36847e305a', '062dfe0a-6244-46c4-a767-c41a824a30e5', 'd45e50fa-bb04-45a1-9f3f-c70e153f98ea', 'G7', '2026-01-20T11:12:07.620049', '2026-01-20T11:12:07.620049');
INSERT INTO hall_seats (id, cinema_hall_id, seat_type_id, seat_code, created_at, updated_at) VALUES ('8ffdae3d-dcee-48ce-8de2-29ab714b66ba', '062dfe0a-6244-46c4-a767-c41a824a30e5', 'd45e50fa-bb04-45a1-9f3f-c70e153f98ea', 'G8', '2026-01-20T11:12:07.620049', '2026-01-20T11:12:07.620049');
INSERT INTO hall_seats (id, cinema_hall_id, seat_type_id, seat_code, created_at, updated_at) VALUES ('584a3d54-603b-4724-b7f2-d88c53567760', '062dfe0a-6244-46c4-a767-c41a824a30e5', 'd45e50fa-bb04-45a1-9f3f-c70e153f98ea', 'H1', '2026-01-20T11:12:07.620131', '2026-01-20T11:12:07.620131');
INSERT INTO hall_seats (id, cinema_hall_id, seat_type_id, seat_code, created_at, updated_at) VALUES ('28f6b3f5-59fd-4a54-90a7-6943915b108f', '062dfe0a-6244-46c4-a767-c41a824a30e5', 'd45e50fa-bb04-45a1-9f3f-c70e153f98ea', 'H2', '2026-01-20T11:12:07.620131', '2026-01-20T11:12:07.620131');
INSERT INTO hall_seats (id, cinema_hall_id, seat_type_id, seat_code, created_at, updated_at) VALUES ('bd74926b-08c2-4a36-a60a-9ebdfc213ae4', '062dfe0a-6244-46c4-a767-c41a824a30e5', 'd45e50fa-bb04-45a1-9f3f-c70e153f98ea', 'H3', '2026-01-20T11:12:07.620131', '2026-01-20T11:12:07.620131');
INSERT INTO hall_seats (id, cinema_hall_id, seat_type_id, seat_code, created_at, updated_at) VALUES ('5515dcb1-e096-4e02-95ff-88e03b95632c', '062dfe0a-6244-46c4-a767-c41a824a30e5', 'd45e50fa-bb04-45a1-9f3f-c70e153f98ea', 'H4', '2026-01-20T11:12:07.620131', '2026-01-20T11:12:07.620131');
INSERT INTO hall_seats (id, cinema_hall_id, seat_type_id, seat_code, created_at, updated_at) VALUES ('58ccc549-812b-458e-96c9-12cefe47629a', '062dfe0a-6244-46c4-a767-c41a824a30e5', 'd45e50fa-bb04-45a1-9f3f-c70e153f98ea', 'H5', '2026-01-20T11:12:07.620131', '2026-01-20T11:12:07.620131');
INSERT INTO hall_seats (id, cinema_hall_id, seat_type_id, seat_code, created_at, updated_at) VALUES ('030c06ad-39ca-4f12-8fee-b1ae33a240e2', '062dfe0a-6244-46c4-a767-c41a824a30e5', 'd45e50fa-bb04-45a1-9f3f-c70e153f98ea', 'H6', '2026-01-20T11:12:07.620131', '2026-01-20T11:12:07.620131');
INSERT INTO hall_seats (id, cinema_hall_id, seat_type_id, seat_code, created_at, updated_at) VALUES ('1100e7fb-ae1d-4221-ad0d-808a070bb2d0', '062dfe0a-6244-46c4-a767-c41a824a30e5', 'd45e50fa-bb04-45a1-9f3f-c70e153f98ea', 'H7', '2026-01-20T11:12:07.620131', '2026-01-20T11:12:07.620131');
INSERT INTO hall_seats (id, cinema_hall_id, seat_type_id, seat_code, created_at, updated_at) VALUES ('768e1c80-6fdd-4842-b208-3d0e2da842a5', '062dfe0a-6244-46c4-a767-c41a824a30e5', 'd45e50fa-bb04-45a1-9f3f-c70e153f98ea', 'H8', '2026-01-20T11:12:07.620131', '2026-01-20T11:12:07.620131');
INSERT INTO hall_seats (id, cinema_hall_id, seat_type_id, seat_code, created_at, updated_at) VALUES ('314af91f-830c-47f6-a34b-890e90c421d5', '062dfe0a-6244-46c4-a767-c41a824a30e5', '6bd71157-64ef-4ac5-a31c-5b6ae4e1cbe5', 'I1', '2026-01-20T11:12:07.620219', '2026-01-20T11:12:07.620219');
INSERT INTO hall_seats (id, cinema_hall_id, seat_type_id, seat_code, created_at, updated_at) VALUES ('236b2147-ab9b-49d8-aadb-bf6594a71512', '062dfe0a-6244-46c4-a767-c41a824a30e5', '6bd71157-64ef-4ac5-a31c-5b6ae4e1cbe5', 'I2', '2026-01-20T11:12:07.620219', '2026-01-20T11:12:07.620219');
INSERT INTO hall_seats (id, cinema_hall_id, seat_type_id, seat_code, created_at, updated_at) VALUES ('a1655a6a-af5e-4388-a8d3-e504ddd6b875', '062dfe0a-6244-46c4-a767-c41a824a30e5', '6bd71157-64ef-4ac5-a31c-5b6ae4e1cbe5', 'I3', '2026-01-20T11:12:07.620219', '2026-01-20T11:12:07.620219');
INSERT INTO hall_seats (id, cinema_hall_id, seat_type_id, seat_code, created_at, updated_at) VALUES ('23facecc-7474-49c3-a09e-28ec772e7bf6', '062dfe0a-6244-46c4-a767-c41a824a30e5', '6bd71157-64ef-4ac5-a31c-5b6ae4e1cbe5', 'I4', '2026-01-20T11:12:07.620219', '2026-01-20T11:12:07.620219');
INSERT INTO hall_seats (id, cinema_hall_id, seat_type_id, seat_code, created_at, updated_at) VALUES ('6198cd8b-9de0-4d40-81b8-cc71459f6365', '9ab42b8c-91c1-433a-bfc9-60bda4bffa46', '33f663e5-d39e-43da-832c-e5cbd6d55750', 'A1', '2026-01-20T11:12:07.620266', '2026-01-20T11:12:07.620266');
INSERT INTO hall_seats (id, cinema_hall_id, seat_type_id, seat_code, created_at, updated_at) VALUES ('fd8b9ceb-9d60-4be4-8b2e-7a96e9be61bc', '9ab42b8c-91c1-433a-bfc9-60bda4bffa46', '33f663e5-d39e-43da-832c-e5cbd6d55750', 'A2', '2026-01-20T11:12:07.620266', '2026-01-20T11:12:07.620266');
INSERT INTO hall_seats (id, cinema_hall_id, seat_type_id, seat_code, created_at, updated_at) VALUES ('6c7a5122-090e-48ac-862c-4b0f3b9448e3', '9ab42b8c-91c1-433a-bfc9-60bda4bffa46', '33f663e5-d39e-43da-832c-e5cbd6d55750', 'A3', '2026-01-20T11:12:07.620266', '2026-01-20T11:12:07.620266');
INSERT INTO hall_seats (id, cinema_hall_id, seat_type_id, seat_code, created_at, updated_at) VALUES ('d89f27b3-0531-4980-b163-8236a10ba904', '9ab42b8c-91c1-433a-bfc9-60bda4bffa46', '33f663e5-d39e-43da-832c-e5cbd6d55750', 'A4', '2026-01-20T11:12:07.620266', '2026-01-20T11:12:07.620266');
INSERT INTO hall_seats (id, cinema_hall_id, seat_type_id, seat_code, created_at, updated_at) VALUES ('f798436f-704a-4364-8b07-2e7a0c5b69b0', '9ab42b8c-91c1-433a-bfc9-60bda4bffa46', '33f663e5-d39e-43da-832c-e5cbd6d55750', 'A5', '2026-01-20T11:12:07.620266', '2026-01-20T11:12:07.620266');
INSERT INTO hall_seats (id, cinema_hall_id, seat_type_id, seat_code, created_at, updated_at) VALUES ('9b72cf8e-15f6-4492-b332-1c3c0165074d', '9ab42b8c-91c1-433a-bfc9-60bda4bffa46', '33f663e5-d39e-43da-832c-e5cbd6d55750', 'A6', '2026-01-20T11:12:07.620266', '2026-01-20T11:12:07.620266');
INSERT INTO hall_seats (id, cinema_hall_id, seat_type_id, seat_code, created_at, updated_at) VALUES ('435b1b89-6fd0-4140-8255-15d922b6c8a6', '9ab42b8c-91c1-433a-bfc9-60bda4bffa46', '33f663e5-d39e-43da-832c-e5cbd6d55750', 'A7', '2026-01-20T11:12:07.620266', '2026-01-20T11:12:07.620266');
INSERT INTO hall_seats (id, cinema_hall_id, seat_type_id, seat_code, created_at, updated_at) VALUES ('d6c7970d-9c99-4564-a333-c693746854ce', '9ab42b8c-91c1-433a-bfc9-60bda4bffa46', '33f663e5-d39e-43da-832c-e5cbd6d55750', 'A8', '2026-01-20T11:12:07.620266', '2026-01-20T11:12:07.620266');
INSERT INTO hall_seats (id, cinema_hall_id, seat_type_id, seat_code, created_at, updated_at) VALUES ('c61c738a-1e4e-4409-b54a-600127264b84', '9ab42b8c-91c1-433a-bfc9-60bda4bffa46', '33f663e5-d39e-43da-832c-e5cbd6d55750', 'B1', '2026-01-20T11:12:07.620393', '2026-01-20T11:12:07.620393');
INSERT INTO hall_seats (id, cinema_hall_id, seat_type_id, seat_code, created_at, updated_at) VALUES ('8ae85b92-9801-4f2e-b18c-d1075cad0908', '9ab42b8c-91c1-433a-bfc9-60bda4bffa46', '33f663e5-d39e-43da-832c-e5cbd6d55750', 'B2', '2026-01-20T11:12:07.620393', '2026-01-20T11:12:07.620393');
INSERT INTO hall_seats (id, cinema_hall_id, seat_type_id, seat_code, created_at, updated_at) VALUES ('c399fe71-faad-4b48-979a-c9090fda56fc', '9ab42b8c-91c1-433a-bfc9-60bda4bffa46', '33f663e5-d39e-43da-832c-e5cbd6d55750', 'B3', '2026-01-20T11:12:07.620393', '2026-01-20T11:12:07.620393');
INSERT INTO hall_seats (id, cinema_hall_id, seat_type_id, seat_code, created_at, updated_at) VALUES ('e92c120e-b75e-4c54-9713-37f28439d1a2', '9ab42b8c-91c1-433a-bfc9-60bda4bffa46', '33f663e5-d39e-43da-832c-e5cbd6d55750', 'B4', '2026-01-20T11:12:07.620393', '2026-01-20T11:12:07.620393');
INSERT INTO hall_seats (id, cinema_hall_id, seat_type_id, seat_code, created_at, updated_at) VALUES ('ff6672eb-88fd-4700-a1c6-92ceabac87fa', '9ab42b8c-91c1-433a-bfc9-60bda4bffa46', '33f663e5-d39e-43da-832c-e5cbd6d55750', 'B5', '2026-01-20T11:12:07.620393', '2026-01-20T11:12:07.620393');
INSERT INTO hall_seats (id, cinema_hall_id, seat_type_id, seat_code, created_at, updated_at) VALUES ('5dd20142-3af2-4950-a1ab-9cc7152b49b9', '9ab42b8c-91c1-433a-bfc9-60bda4bffa46', '33f663e5-d39e-43da-832c-e5cbd6d55750', 'B6', '2026-01-20T11:12:07.620393', '2026-01-20T11:12:07.620393');
INSERT INTO hall_seats (id, cinema_hall_id, seat_type_id, seat_code, created_at, updated_at) VALUES ('9851e2f2-b707-4275-ac06-288f67b9c314', '9ab42b8c-91c1-433a-bfc9-60bda4bffa46', '33f663e5-d39e-43da-832c-e5cbd6d55750', 'B7', '2026-01-20T11:12:07.620393', '2026-01-20T11:12:07.620393');
INSERT INTO hall_seats (id, cinema_hall_id, seat_type_id, seat_code, created_at, updated_at) VALUES ('d9bc1a54-7d5a-40d3-8fa9-a9baf44421bb', '9ab42b8c-91c1-433a-bfc9-60bda4bffa46', '33f663e5-d39e-43da-832c-e5cbd6d55750', 'B8', '2026-01-20T11:12:07.620393', '2026-01-20T11:12:07.620393');
INSERT INTO hall_seats (id, cinema_hall_id, seat_type_id, seat_code, created_at, updated_at) VALUES ('df9644f1-81cd-4828-b80b-1a0af3718ede', '9ab42b8c-91c1-433a-bfc9-60bda4bffa46', '33f663e5-d39e-43da-832c-e5cbd6d55750', 'C1', '2026-01-20T11:12:07.620480', '2026-01-20T11:12:07.620480');
INSERT INTO hall_seats (id, cinema_hall_id, seat_type_id, seat_code, created_at, updated_at) VALUES ('4ddaa2d0-ee6f-473f-9951-52b03b6f7b8a', '9ab42b8c-91c1-433a-bfc9-60bda4bffa46', '33f663e5-d39e-43da-832c-e5cbd6d55750', 'C2', '2026-01-20T11:12:07.620480', '2026-01-20T11:12:07.620480');
INSERT INTO hall_seats (id, cinema_hall_id, seat_type_id, seat_code, created_at, updated_at) VALUES ('6654d980-ecd1-4d1f-887c-80ce3e514ffb', '9ab42b8c-91c1-433a-bfc9-60bda4bffa46', '33f663e5-d39e-43da-832c-e5cbd6d55750', 'C3', '2026-01-20T11:12:07.620480', '2026-01-20T11:12:07.620480');
INSERT INTO hall_seats (id, cinema_hall_id, seat_type_id, seat_code, created_at, updated_at) VALUES ('c1e40ad3-3bb9-4245-9b44-4517669a75a9', '9ab42b8c-91c1-433a-bfc9-60bda4bffa46', '33f663e5-d39e-43da-832c-e5cbd6d55750', 'C4', '2026-01-20T11:12:07.620480', '2026-01-20T11:12:07.620480');
INSERT INTO hall_seats (id, cinema_hall_id, seat_type_id, seat_code, created_at, updated_at) VALUES ('def4e98b-11b3-43e7-bb8e-52447c82bf61', '9ab42b8c-91c1-433a-bfc9-60bda4bffa46', '33f663e5-d39e-43da-832c-e5cbd6d55750', 'C5', '2026-01-20T11:12:07.620480', '2026-01-20T11:12:07.620480');
INSERT INTO hall_seats (id, cinema_hall_id, seat_type_id, seat_code, created_at, updated_at) VALUES ('365b57ae-b6cb-4b7c-b49d-b401671a7b02', '9ab42b8c-91c1-433a-bfc9-60bda4bffa46', '33f663e5-d39e-43da-832c-e5cbd6d55750', 'C6', '2026-01-20T11:12:07.620480', '2026-01-20T11:12:07.620480');
INSERT INTO hall_seats (id, cinema_hall_id, seat_type_id, seat_code, created_at, updated_at) VALUES ('306be341-1b7f-47bd-a46b-0403794d47bf', '9ab42b8c-91c1-433a-bfc9-60bda4bffa46', '33f663e5-d39e-43da-832c-e5cbd6d55750', 'C7', '2026-01-20T11:12:07.620480', '2026-01-20T11:12:07.620480');
INSERT INTO hall_seats (id, cinema_hall_id, seat_type_id, seat_code, created_at, updated_at) VALUES ('a596e174-6517-40ca-bf7c-e31f6dcd73dc', '9ab42b8c-91c1-433a-bfc9-60bda4bffa46', '33f663e5-d39e-43da-832c-e5cbd6d55750', 'C8', '2026-01-20T11:12:07.620480', '2026-01-20T11:12:07.620480');
INSERT INTO hall_seats (id, cinema_hall_id, seat_type_id, seat_code, created_at, updated_at) VALUES ('bc457e9c-9084-4d00-bda4-f030eec9d364', '9ab42b8c-91c1-433a-bfc9-60bda4bffa46', '33f663e5-d39e-43da-832c-e5cbd6d55750', 'D1', '2026-01-20T11:12:07.620569', '2026-01-20T11:12:07.620569');
INSERT INTO hall_seats (id, cinema_hall_id, seat_type_id, seat_code, created_at, updated_at) VALUES ('494ac7f6-e764-4542-b6b9-0dc6cf91bc1e', '9ab42b8c-91c1-433a-bfc9-60bda4bffa46', '33f663e5-d39e-43da-832c-e5cbd6d55750', 'D2', '2026-01-20T11:12:07.620569', '2026-01-20T11:12:07.620569');
INSERT INTO hall_seats (id, cinema_hall_id, seat_type_id, seat_code, created_at, updated_at) VALUES ('8372238b-f4b5-44ec-af22-2b8c4139fc19', '9ab42b8c-91c1-433a-bfc9-60bda4bffa46', '33f663e5-d39e-43da-832c-e5cbd6d55750', 'D3', '2026-01-20T11:12:07.620569', '2026-01-20T11:12:07.620569');
INSERT INTO hall_seats (id, cinema_hall_id, seat_type_id, seat_code, created_at, updated_at) VALUES ('76e7f7d0-8220-4b57-afdb-8fb93d77d19f', '9ab42b8c-91c1-433a-bfc9-60bda4bffa46', '33f663e5-d39e-43da-832c-e5cbd6d55750', 'D4', '2026-01-20T11:12:07.620569', '2026-01-20T11:12:07.620569');
INSERT INTO hall_seats (id, cinema_hall_id, seat_type_id, seat_code, created_at, updated_at) VALUES ('25d08ead-cc9e-4bf6-b979-70e7b682580a', '9ab42b8c-91c1-433a-bfc9-60bda4bffa46', '33f663e5-d39e-43da-832c-e5cbd6d55750', 'D5', '2026-01-20T11:12:07.620569', '2026-01-20T11:12:07.620569');
INSERT INTO hall_seats (id, cinema_hall_id, seat_type_id, seat_code, created_at, updated_at) VALUES ('72334b1a-da5f-4ba5-b9d3-e693a3c23f3b', '9ab42b8c-91c1-433a-bfc9-60bda4bffa46', '33f663e5-d39e-43da-832c-e5cbd6d55750', 'D6', '2026-01-20T11:12:07.620569', '2026-01-20T11:12:07.620569');
INSERT INTO hall_seats (id, cinema_hall_id, seat_type_id, seat_code, created_at, updated_at) VALUES ('bfc3e209-5b6f-4e06-b31f-32b413032e20', '9ab42b8c-91c1-433a-bfc9-60bda4bffa46', '33f663e5-d39e-43da-832c-e5cbd6d55750', 'D7', '2026-01-20T11:12:07.620569', '2026-01-20T11:12:07.620569');
INSERT INTO hall_seats (id, cinema_hall_id, seat_type_id, seat_code, created_at, updated_at) VALUES ('47b71b25-2f4b-42f3-a407-de08c2224f0f', '9ab42b8c-91c1-433a-bfc9-60bda4bffa46', '33f663e5-d39e-43da-832c-e5cbd6d55750', 'D8', '2026-01-20T11:12:07.620569', '2026-01-20T11:12:07.620569');
INSERT INTO hall_seats (id, cinema_hall_id, seat_type_id, seat_code, created_at, updated_at) VALUES ('e92c52bb-12ca-4cb2-be7d-d4ab0014de1e', '9ab42b8c-91c1-433a-bfc9-60bda4bffa46', '33f663e5-d39e-43da-832c-e5cbd6d55750', 'E1', '2026-01-20T11:12:07.620661', '2026-01-20T11:12:07.620661');
INSERT INTO hall_seats (id, cinema_hall_id, seat_type_id, seat_code, created_at, updated_at) VALUES ('74d8311b-fdce-488c-8b9c-cada519159b7', '9ab42b8c-91c1-433a-bfc9-60bda4bffa46', '33f663e5-d39e-43da-832c-e5cbd6d55750', 'E2', '2026-01-20T11:12:07.620661', '2026-01-20T11:12:07.620661');
INSERT INTO hall_seats (id, cinema_hall_id, seat_type_id, seat_code, created_at, updated_at) VALUES ('20bd65fe-3d7c-487a-aa1c-3026878ceeec', '9ab42b8c-91c1-433a-bfc9-60bda4bffa46', '33f663e5-d39e-43da-832c-e5cbd6d55750', 'E3', '2026-01-20T11:12:07.620661', '2026-01-20T11:12:07.620661');
INSERT INTO hall_seats (id, cinema_hall_id, seat_type_id, seat_code, created_at, updated_at) VALUES ('7fd8cfae-2003-4332-beef-ff32102922d4', '9ab42b8c-91c1-433a-bfc9-60bda4bffa46', '33f663e5-d39e-43da-832c-e5cbd6d55750', 'E4', '2026-01-20T11:12:07.620661', '2026-01-20T11:12:07.620661');
INSERT INTO hall_seats (id, cinema_hall_id, seat_type_id, seat_code, created_at, updated_at) VALUES ('fc7e97da-f2c0-40e3-ad34-f45c6b1c195c', '9ab42b8c-91c1-433a-bfc9-60bda4bffa46', '33f663e5-d39e-43da-832c-e5cbd6d55750', 'E5', '2026-01-20T11:12:07.620661', '2026-01-20T11:12:07.620661');
INSERT INTO hall_seats (id, cinema_hall_id, seat_type_id, seat_code, created_at, updated_at) VALUES ('d27f8d45-5f21-4682-872b-c1277517a798', '9ab42b8c-91c1-433a-bfc9-60bda4bffa46', '33f663e5-d39e-43da-832c-e5cbd6d55750', 'E6', '2026-01-20T11:12:07.620661', '2026-01-20T11:12:07.620661');
INSERT INTO hall_seats (id, cinema_hall_id, seat_type_id, seat_code, created_at, updated_at) VALUES ('237d7f1b-25fe-4b0e-ad97-bed9ac8bbcd6', '9ab42b8c-91c1-433a-bfc9-60bda4bffa46', '33f663e5-d39e-43da-832c-e5cbd6d55750', 'E7', '2026-01-20T11:12:07.620661', '2026-01-20T11:12:07.620661');
INSERT INTO hall_seats (id, cinema_hall_id, seat_type_id, seat_code, created_at, updated_at) VALUES ('e1dcd2b9-8883-4482-8511-f9362683cf01', '9ab42b8c-91c1-433a-bfc9-60bda4bffa46', '33f663e5-d39e-43da-832c-e5cbd6d55750', 'E8', '2026-01-20T11:12:07.620661', '2026-01-20T11:12:07.620661');
INSERT INTO hall_seats (id, cinema_hall_id, seat_type_id, seat_code, created_at, updated_at) VALUES ('73882e5d-8d85-4ae7-8138-8b2048351246', '9ab42b8c-91c1-433a-bfc9-60bda4bffa46', '33f663e5-d39e-43da-832c-e5cbd6d55750', 'F1', '2026-01-20T11:12:07.620742', '2026-01-20T11:12:07.620742');
INSERT INTO hall_seats (id, cinema_hall_id, seat_type_id, seat_code, created_at, updated_at) VALUES ('2e314f3a-e226-4727-a0f2-e7852dfcc5de', '9ab42b8c-91c1-433a-bfc9-60bda4bffa46', '33f663e5-d39e-43da-832c-e5cbd6d55750', 'F2', '2026-01-20T11:12:07.620742', '2026-01-20T11:12:07.620742');
INSERT INTO hall_seats (id, cinema_hall_id, seat_type_id, seat_code, created_at, updated_at) VALUES ('e4488f88-85a4-4620-8a10-b4516b5faaf4', '9ab42b8c-91c1-433a-bfc9-60bda4bffa46', '33f663e5-d39e-43da-832c-e5cbd6d55750', 'F3', '2026-01-20T11:12:07.620742', '2026-01-20T11:12:07.620742');
INSERT INTO hall_seats (id, cinema_hall_id, seat_type_id, seat_code, created_at, updated_at) VALUES ('474e87e7-4ad1-415c-a2fe-72ca77cefde6', '9ab42b8c-91c1-433a-bfc9-60bda4bffa46', '33f663e5-d39e-43da-832c-e5cbd6d55750', 'F4', '2026-01-20T11:12:07.620742', '2026-01-20T11:12:07.620742');
INSERT INTO hall_seats (id, cinema_hall_id, seat_type_id, seat_code, created_at, updated_at) VALUES ('1892feeb-8533-40e1-9af2-c76f89b03fc6', '9ab42b8c-91c1-433a-bfc9-60bda4bffa46', '33f663e5-d39e-43da-832c-e5cbd6d55750', 'F5', '2026-01-20T11:12:07.620742', '2026-01-20T11:12:07.620742');
INSERT INTO hall_seats (id, cinema_hall_id, seat_type_id, seat_code, created_at, updated_at) VALUES ('41592a1f-7590-42d1-bea4-2bddad3528a1', '9ab42b8c-91c1-433a-bfc9-60bda4bffa46', '33f663e5-d39e-43da-832c-e5cbd6d55750', 'F6', '2026-01-20T11:12:07.620742', '2026-01-20T11:12:07.620742');
INSERT INTO hall_seats (id, cinema_hall_id, seat_type_id, seat_code, created_at, updated_at) VALUES ('9b93d094-f608-4fe7-adec-82f7dfe0d026', '9ab42b8c-91c1-433a-bfc9-60bda4bffa46', '33f663e5-d39e-43da-832c-e5cbd6d55750', 'F7', '2026-01-20T11:12:07.620742', '2026-01-20T11:12:07.620742');
INSERT INTO hall_seats (id, cinema_hall_id, seat_type_id, seat_code, created_at, updated_at) VALUES ('f7b47a2b-ffa2-4d6f-9ed2-8437b62db7b7', '9ab42b8c-91c1-433a-bfc9-60bda4bffa46', '33f663e5-d39e-43da-832c-e5cbd6d55750', 'F8', '2026-01-20T11:12:07.620742', '2026-01-20T11:12:07.620742');
INSERT INTO hall_seats (id, cinema_hall_id, seat_type_id, seat_code, created_at, updated_at) VALUES ('82300599-b472-40bd-a9bb-568e37fef82e', '9ab42b8c-91c1-433a-bfc9-60bda4bffa46', 'd45e50fa-bb04-45a1-9f3f-c70e153f98ea', 'G1', '2026-01-20T11:12:07.620837', '2026-01-20T11:12:07.620837');
INSERT INTO hall_seats (id, cinema_hall_id, seat_type_id, seat_code, created_at, updated_at) VALUES ('56f43e2c-890a-4f98-8055-d90833c65b33', '9ab42b8c-91c1-433a-bfc9-60bda4bffa46', 'd45e50fa-bb04-45a1-9f3f-c70e153f98ea', 'G2', '2026-01-20T11:12:07.620837', '2026-01-20T11:12:07.620837');
INSERT INTO hall_seats (id, cinema_hall_id, seat_type_id, seat_code, created_at, updated_at) VALUES ('761c4ba8-d5f7-466e-a5c7-fbaf68604e9f', '9ab42b8c-91c1-433a-bfc9-60bda4bffa46', 'd45e50fa-bb04-45a1-9f3f-c70e153f98ea', 'G3', '2026-01-20T11:12:07.620837', '2026-01-20T11:12:07.620837');
INSERT INTO hall_seats (id, cinema_hall_id, seat_type_id, seat_code, created_at, updated_at) VALUES ('6b9a1337-86d7-4ee1-a6c3-711bdede51a4', '9ab42b8c-91c1-433a-bfc9-60bda4bffa46', 'd45e50fa-bb04-45a1-9f3f-c70e153f98ea', 'G4', '2026-01-20T11:12:07.620837', '2026-01-20T11:12:07.620837');
INSERT INTO hall_seats (id, cinema_hall_id, seat_type_id, seat_code, created_at, updated_at) VALUES ('feb3b8f4-6432-481e-9d8b-2f8bc4f32499', '9ab42b8c-91c1-433a-bfc9-60bda4bffa46', 'd45e50fa-bb04-45a1-9f3f-c70e153f98ea', 'G5', '2026-01-20T11:12:07.620837', '2026-01-20T11:12:07.620837');
INSERT INTO hall_seats (id, cinema_hall_id, seat_type_id, seat_code, created_at, updated_at) VALUES ('597b9603-415c-4355-b6d5-135024d171ed', '9ab42b8c-91c1-433a-bfc9-60bda4bffa46', 'd45e50fa-bb04-45a1-9f3f-c70e153f98ea', 'G6', '2026-01-20T11:12:07.620837', '2026-01-20T11:12:07.620837');
INSERT INTO hall_seats (id, cinema_hall_id, seat_type_id, seat_code, created_at, updated_at) VALUES ('20b76687-34a3-4f31-a357-5a505ba6f4f0', '9ab42b8c-91c1-433a-bfc9-60bda4bffa46', 'd45e50fa-bb04-45a1-9f3f-c70e153f98ea', 'G7', '2026-01-20T11:12:07.620837', '2026-01-20T11:12:07.620837');
INSERT INTO hall_seats (id, cinema_hall_id, seat_type_id, seat_code, created_at, updated_at) VALUES ('1f0ca55a-099c-4d16-b98a-8937a416acf9', '9ab42b8c-91c1-433a-bfc9-60bda4bffa46', 'd45e50fa-bb04-45a1-9f3f-c70e153f98ea', 'G8', '2026-01-20T11:12:07.620837', '2026-01-20T11:12:07.620837');
INSERT INTO hall_seats (id, cinema_hall_id, seat_type_id, seat_code, created_at, updated_at) VALUES ('3b2004fe-a56b-46d4-84b3-30804a8fb86c', '9ab42b8c-91c1-433a-bfc9-60bda4bffa46', 'd45e50fa-bb04-45a1-9f3f-c70e153f98ea', 'H1', '2026-01-20T11:12:07.621213', '2026-01-20T11:12:07.621213');
INSERT INTO hall_seats (id, cinema_hall_id, seat_type_id, seat_code, created_at, updated_at) VALUES ('a4564e97-65dd-4c66-8f24-01ff301885c3', '9ab42b8c-91c1-433a-bfc9-60bda4bffa46', 'd45e50fa-bb04-45a1-9f3f-c70e153f98ea', 'H2', '2026-01-20T11:12:07.621213', '2026-01-20T11:12:07.621213');
INSERT INTO hall_seats (id, cinema_hall_id, seat_type_id, seat_code, created_at, updated_at) VALUES ('118a93cf-598e-460e-8748-ac46394dd811', '9ab42b8c-91c1-433a-bfc9-60bda4bffa46', 'd45e50fa-bb04-45a1-9f3f-c70e153f98ea', 'H3', '2026-01-20T11:12:07.621213', '2026-01-20T11:12:07.621213');
INSERT INTO hall_seats (id, cinema_hall_id, seat_type_id, seat_code, created_at, updated_at) VALUES ('6cff18f6-fe8d-44ca-973f-639c417bad10', '9ab42b8c-91c1-433a-bfc9-60bda4bffa46', 'd45e50fa-bb04-45a1-9f3f-c70e153f98ea', 'H4', '2026-01-20T11:12:07.621213', '2026-01-20T11:12:07.621213');
INSERT INTO hall_seats (id, cinema_hall_id, seat_type_id, seat_code, created_at, updated_at) VALUES ('e8e62cb0-3656-43f4-aa1f-c57abf5d61c5', '9ab42b8c-91c1-433a-bfc9-60bda4bffa46', 'd45e50fa-bb04-45a1-9f3f-c70e153f98ea', 'H5', '2026-01-20T11:12:07.621213', '2026-01-20T11:12:07.621213');
INSERT INTO hall_seats (id, cinema_hall_id, seat_type_id, seat_code, created_at, updated_at) VALUES ('3e230342-6374-446c-ab65-baff954ed9fb', '9ab42b8c-91c1-433a-bfc9-60bda4bffa46', 'd45e50fa-bb04-45a1-9f3f-c70e153f98ea', 'H6', '2026-01-20T11:12:07.621213', '2026-01-20T11:12:07.621213');
INSERT INTO hall_seats (id, cinema_hall_id, seat_type_id, seat_code, created_at, updated_at) VALUES ('d92d5c56-f32c-47ea-9c68-4270a493262c', '9ab42b8c-91c1-433a-bfc9-60bda4bffa46', 'd45e50fa-bb04-45a1-9f3f-c70e153f98ea', 'H7', '2026-01-20T11:12:07.621213', '2026-01-20T11:12:07.621213');
INSERT INTO hall_seats (id, cinema_hall_id, seat_type_id, seat_code, created_at, updated_at) VALUES ('279fcedd-b114-466c-9d1a-792962447b9c', '9ab42b8c-91c1-433a-bfc9-60bda4bffa46', 'd45e50fa-bb04-45a1-9f3f-c70e153f98ea', 'H8', '2026-01-20T11:12:07.621213', '2026-01-20T11:12:07.621213');
INSERT INTO hall_seats (id, cinema_hall_id, seat_type_id, seat_code, created_at, updated_at) VALUES ('4ca885f6-3d1d-4d78-baa0-b4828a749eba', '9ab42b8c-91c1-433a-bfc9-60bda4bffa46', '6bd71157-64ef-4ac5-a31c-5b6ae4e1cbe5', 'I1', '2026-01-20T11:12:07.621363', '2026-01-20T11:12:07.621363');
INSERT INTO hall_seats (id, cinema_hall_id, seat_type_id, seat_code, created_at, updated_at) VALUES ('2eb5df09-f01a-440c-a37e-8440f072ee28', '9ab42b8c-91c1-433a-bfc9-60bda4bffa46', '6bd71157-64ef-4ac5-a31c-5b6ae4e1cbe5', 'I2', '2026-01-20T11:12:07.621363', '2026-01-20T11:12:07.621363');
INSERT INTO hall_seats (id, cinema_hall_id, seat_type_id, seat_code, created_at, updated_at) VALUES ('1b355b11-6ed2-424b-b972-06f8a81aa8b4', '9ab42b8c-91c1-433a-bfc9-60bda4bffa46', '6bd71157-64ef-4ac5-a31c-5b6ae4e1cbe5', 'I3', '2026-01-20T11:12:07.621363', '2026-01-20T11:12:07.621363');
INSERT INTO hall_seats (id, cinema_hall_id, seat_type_id, seat_code, created_at, updated_at) VALUES ('95d40cc3-0858-4736-a839-59392e62babd', '9ab42b8c-91c1-433a-bfc9-60bda4bffa46', '6bd71157-64ef-4ac5-a31c-5b6ae4e1cbe5', 'I4', '2026-01-20T11:12:07.621363', '2026-01-20T11:12:07.621363');
INSERT INTO hall_seats (id, cinema_hall_id, seat_type_id, seat_code, created_at, updated_at) VALUES ('89411002-923f-4ab4-befa-4aeb116a7a55', '72d55d6a-24f8-4769-9819-be7323d307a2', '33f663e5-d39e-43da-832c-e5cbd6d55750', 'A1', '2026-01-20T11:12:07.621424', '2026-01-20T11:12:07.621424');
INSERT INTO hall_seats (id, cinema_hall_id, seat_type_id, seat_code, created_at, updated_at) VALUES ('c725a320-1fee-4d22-bb66-7aa1aae4a68f', '72d55d6a-24f8-4769-9819-be7323d307a2', '33f663e5-d39e-43da-832c-e5cbd6d55750', 'A2', '2026-01-20T11:12:07.621424', '2026-01-20T11:12:07.621424');
INSERT INTO hall_seats (id, cinema_hall_id, seat_type_id, seat_code, created_at, updated_at) VALUES ('fb4177ff-e1bd-4d43-8da7-31541e8f271c', '72d55d6a-24f8-4769-9819-be7323d307a2', '33f663e5-d39e-43da-832c-e5cbd6d55750', 'A3', '2026-01-20T11:12:07.621424', '2026-01-20T11:12:07.621424');
INSERT INTO hall_seats (id, cinema_hall_id, seat_type_id, seat_code, created_at, updated_at) VALUES ('a72588af-24c9-488b-b41c-3cc2955fa37c', '72d55d6a-24f8-4769-9819-be7323d307a2', '33f663e5-d39e-43da-832c-e5cbd6d55750', 'A4', '2026-01-20T11:12:07.621424', '2026-01-20T11:12:07.621424');
INSERT INTO hall_seats (id, cinema_hall_id, seat_type_id, seat_code, created_at, updated_at) VALUES ('a37e87f0-a2a8-4d27-982b-b8f0f06b3daa', '72d55d6a-24f8-4769-9819-be7323d307a2', '33f663e5-d39e-43da-832c-e5cbd6d55750', 'A5', '2026-01-20T11:12:07.621424', '2026-01-20T11:12:07.621424');
INSERT INTO hall_seats (id, cinema_hall_id, seat_type_id, seat_code, created_at, updated_at) VALUES ('2bb61d75-3969-4299-b874-6cf46fdc63a4', '72d55d6a-24f8-4769-9819-be7323d307a2', '33f663e5-d39e-43da-832c-e5cbd6d55750', 'A6', '2026-01-20T11:12:07.621424', '2026-01-20T11:12:07.621424');
INSERT INTO hall_seats (id, cinema_hall_id, seat_type_id, seat_code, created_at, updated_at) VALUES ('cc265d08-9807-4cea-9fad-656620e6083f', '72d55d6a-24f8-4769-9819-be7323d307a2', '33f663e5-d39e-43da-832c-e5cbd6d55750', 'A7', '2026-01-20T11:12:07.621424', '2026-01-20T11:12:07.621424');
INSERT INTO hall_seats (id, cinema_hall_id, seat_type_id, seat_code, created_at, updated_at) VALUES ('859c74b0-33c5-43e4-b570-fa15b4b46ee4', '72d55d6a-24f8-4769-9819-be7323d307a2', '33f663e5-d39e-43da-832c-e5cbd6d55750', 'A8', '2026-01-20T11:12:07.621424', '2026-01-20T11:12:07.621424');
INSERT INTO hall_seats (id, cinema_hall_id, seat_type_id, seat_code, created_at, updated_at) VALUES ('3fff4c6f-db35-42a6-96d4-56b7d547139d', '72d55d6a-24f8-4769-9819-be7323d307a2', '33f663e5-d39e-43da-832c-e5cbd6d55750', 'B1', '2026-01-20T11:12:07.621508', '2026-01-20T11:12:07.621508');
INSERT INTO hall_seats (id, cinema_hall_id, seat_type_id, seat_code, created_at, updated_at) VALUES ('80236c64-d363-4c70-8e7a-8fc4850e5e9a', '72d55d6a-24f8-4769-9819-be7323d307a2', '33f663e5-d39e-43da-832c-e5cbd6d55750', 'B2', '2026-01-20T11:12:07.621508', '2026-01-20T11:12:07.621508');
INSERT INTO hall_seats (id, cinema_hall_id, seat_type_id, seat_code, created_at, updated_at) VALUES ('b8f4492e-15c4-4ba1-a093-750340e5f0f8', '72d55d6a-24f8-4769-9819-be7323d307a2', '33f663e5-d39e-43da-832c-e5cbd6d55750', 'B3', '2026-01-20T11:12:07.621508', '2026-01-20T11:12:07.621508');
INSERT INTO hall_seats (id, cinema_hall_id, seat_type_id, seat_code, created_at, updated_at) VALUES ('8fd625b5-f4d6-4e0b-b74d-7995f3174427', '72d55d6a-24f8-4769-9819-be7323d307a2', '33f663e5-d39e-43da-832c-e5cbd6d55750', 'B4', '2026-01-20T11:12:07.621508', '2026-01-20T11:12:07.621508');
INSERT INTO hall_seats (id, cinema_hall_id, seat_type_id, seat_code, created_at, updated_at) VALUES ('4d94a1c0-44f8-4c56-a913-1fcffd2e3a4c', '72d55d6a-24f8-4769-9819-be7323d307a2', '33f663e5-d39e-43da-832c-e5cbd6d55750', 'B5', '2026-01-20T11:12:07.621508', '2026-01-20T11:12:07.621508');
INSERT INTO hall_seats (id, cinema_hall_id, seat_type_id, seat_code, created_at, updated_at) VALUES ('bd42e14b-4a01-4edd-9994-2838fb1b5660', '72d55d6a-24f8-4769-9819-be7323d307a2', '33f663e5-d39e-43da-832c-e5cbd6d55750', 'B6', '2026-01-20T11:12:07.621508', '2026-01-20T11:12:07.621508');
INSERT INTO hall_seats (id, cinema_hall_id, seat_type_id, seat_code, created_at, updated_at) VALUES ('f40bb448-865d-4f5b-9a88-bfdfdfdc2d59', '72d55d6a-24f8-4769-9819-be7323d307a2', '33f663e5-d39e-43da-832c-e5cbd6d55750', 'B7', '2026-01-20T11:12:07.621508', '2026-01-20T11:12:07.621508');
INSERT INTO hall_seats (id, cinema_hall_id, seat_type_id, seat_code, created_at, updated_at) VALUES ('dc311a68-6af6-4bde-9960-7494ca24a418', '72d55d6a-24f8-4769-9819-be7323d307a2', '33f663e5-d39e-43da-832c-e5cbd6d55750', 'B8', '2026-01-20T11:12:07.621508', '2026-01-20T11:12:07.621508');
INSERT INTO hall_seats (id, cinema_hall_id, seat_type_id, seat_code, created_at, updated_at) VALUES ('9dc366dc-eb7b-47b7-8534-afb6cd07b85a', '72d55d6a-24f8-4769-9819-be7323d307a2', '33f663e5-d39e-43da-832c-e5cbd6d55750', 'C1', '2026-01-20T11:12:07.621596', '2026-01-20T11:12:07.621596');
INSERT INTO hall_seats (id, cinema_hall_id, seat_type_id, seat_code, created_at, updated_at) VALUES ('815aeeab-dafb-4d8b-b4a8-4a3bdedd644e', '72d55d6a-24f8-4769-9819-be7323d307a2', '33f663e5-d39e-43da-832c-e5cbd6d55750', 'C2', '2026-01-20T11:12:07.621596', '2026-01-20T11:12:07.621596');
INSERT INTO hall_seats (id, cinema_hall_id, seat_type_id, seat_code, created_at, updated_at) VALUES ('194b9fa1-f5fc-4a87-b6ec-8826c93c83ac', '72d55d6a-24f8-4769-9819-be7323d307a2', '33f663e5-d39e-43da-832c-e5cbd6d55750', 'C3', '2026-01-20T11:12:07.621596', '2026-01-20T11:12:07.621596');
INSERT INTO hall_seats (id, cinema_hall_id, seat_type_id, seat_code, created_at, updated_at) VALUES ('3d502c7d-1940-4369-be51-54c1f8a89ec2', '72d55d6a-24f8-4769-9819-be7323d307a2', '33f663e5-d39e-43da-832c-e5cbd6d55750', 'C4', '2026-01-20T11:12:07.621596', '2026-01-20T11:12:07.621596');
INSERT INTO hall_seats (id, cinema_hall_id, seat_type_id, seat_code, created_at, updated_at) VALUES ('85617e65-d545-47e4-b8c3-045bd44820e5', '72d55d6a-24f8-4769-9819-be7323d307a2', '33f663e5-d39e-43da-832c-e5cbd6d55750', 'C5', '2026-01-20T11:12:07.621596', '2026-01-20T11:12:07.621596');
INSERT INTO hall_seats (id, cinema_hall_id, seat_type_id, seat_code, created_at, updated_at) VALUES ('9112774a-6723-413c-af86-dafc3b464011', '72d55d6a-24f8-4769-9819-be7323d307a2', '33f663e5-d39e-43da-832c-e5cbd6d55750', 'C6', '2026-01-20T11:12:07.621596', '2026-01-20T11:12:07.621596');
INSERT INTO hall_seats (id, cinema_hall_id, seat_type_id, seat_code, created_at, updated_at) VALUES ('66d224f8-4299-432e-829d-b6b0e0610529', '72d55d6a-24f8-4769-9819-be7323d307a2', '33f663e5-d39e-43da-832c-e5cbd6d55750', 'C7', '2026-01-20T11:12:07.621596', '2026-01-20T11:12:07.621596');
INSERT INTO hall_seats (id, cinema_hall_id, seat_type_id, seat_code, created_at, updated_at) VALUES ('f3ba84d5-614f-476e-8735-a3fc5b47a2c4', '72d55d6a-24f8-4769-9819-be7323d307a2', '33f663e5-d39e-43da-832c-e5cbd6d55750', 'C8', '2026-01-20T11:12:07.621596', '2026-01-20T11:12:07.621596');
INSERT INTO hall_seats (id, cinema_hall_id, seat_type_id, seat_code, created_at, updated_at) VALUES ('42f8643b-923c-42b6-817b-f36d8273e68b', '72d55d6a-24f8-4769-9819-be7323d307a2', '33f663e5-d39e-43da-832c-e5cbd6d55750', 'D1', '2026-01-20T11:12:07.621687', '2026-01-20T11:12:07.621687');
INSERT INTO hall_seats (id, cinema_hall_id, seat_type_id, seat_code, created_at, updated_at) VALUES ('dd32b913-1348-46f8-8be7-ee8be918aebb', '72d55d6a-24f8-4769-9819-be7323d307a2', '33f663e5-d39e-43da-832c-e5cbd6d55750', 'D2', '2026-01-20T11:12:07.621687', '2026-01-20T11:12:07.621687');
INSERT INTO hall_seats (id, cinema_hall_id, seat_type_id, seat_code, created_at, updated_at) VALUES ('3e89cc84-6731-4847-8b02-fbc1df3aef88', '72d55d6a-24f8-4769-9819-be7323d307a2', '33f663e5-d39e-43da-832c-e5cbd6d55750', 'D3', '2026-01-20T11:12:07.621687', '2026-01-20T11:12:07.621687');
INSERT INTO hall_seats (id, cinema_hall_id, seat_type_id, seat_code, created_at, updated_at) VALUES ('fab55140-d567-497b-9760-e947b0ccf514', '72d55d6a-24f8-4769-9819-be7323d307a2', '33f663e5-d39e-43da-832c-e5cbd6d55750', 'D4', '2026-01-20T11:12:07.621687', '2026-01-20T11:12:07.621687');
INSERT INTO hall_seats (id, cinema_hall_id, seat_type_id, seat_code, created_at, updated_at) VALUES ('eaaabdc3-80c8-462e-9579-8da583dae779', '72d55d6a-24f8-4769-9819-be7323d307a2', '33f663e5-d39e-43da-832c-e5cbd6d55750', 'D5', '2026-01-20T11:12:07.621687', '2026-01-20T11:12:07.621687');
INSERT INTO hall_seats (id, cinema_hall_id, seat_type_id, seat_code, created_at, updated_at) VALUES ('9d006ed2-4bee-4a70-8a16-134ec27fb2ff', '72d55d6a-24f8-4769-9819-be7323d307a2', '33f663e5-d39e-43da-832c-e5cbd6d55750', 'D6', '2026-01-20T11:12:07.621687', '2026-01-20T11:12:07.621687');
INSERT INTO hall_seats (id, cinema_hall_id, seat_type_id, seat_code, created_at, updated_at) VALUES ('95f7aafc-d0d3-428b-a876-a074603a9f0d', '72d55d6a-24f8-4769-9819-be7323d307a2', '33f663e5-d39e-43da-832c-e5cbd6d55750', 'D7', '2026-01-20T11:12:07.621687', '2026-01-20T11:12:07.621687');
INSERT INTO hall_seats (id, cinema_hall_id, seat_type_id, seat_code, created_at, updated_at) VALUES ('9065bdf3-fee5-4439-b2aa-2f72432513f7', '72d55d6a-24f8-4769-9819-be7323d307a2', '33f663e5-d39e-43da-832c-e5cbd6d55750', 'D8', '2026-01-20T11:12:07.621687', '2026-01-20T11:12:07.621687');
INSERT INTO hall_seats (id, cinema_hall_id, seat_type_id, seat_code, created_at, updated_at) VALUES ('975048cf-17a6-480f-bd0b-f4e9493d4ae1', '72d55d6a-24f8-4769-9819-be7323d307a2', '33f663e5-d39e-43da-832c-e5cbd6d55750', 'E1', '2026-01-20T11:12:07.621766', '2026-01-20T11:12:07.621766');
INSERT INTO hall_seats (id, cinema_hall_id, seat_type_id, seat_code, created_at, updated_at) VALUES ('0ef9bc63-e893-4f16-a11b-4d5ee4e73eac', '72d55d6a-24f8-4769-9819-be7323d307a2', '33f663e5-d39e-43da-832c-e5cbd6d55750', 'E2', '2026-01-20T11:12:07.621766', '2026-01-20T11:12:07.621766');
INSERT INTO hall_seats (id, cinema_hall_id, seat_type_id, seat_code, created_at, updated_at) VALUES ('81d73cd0-6b50-4540-8383-d94997fb3b21', '72d55d6a-24f8-4769-9819-be7323d307a2', '33f663e5-d39e-43da-832c-e5cbd6d55750', 'E3', '2026-01-20T11:12:07.621766', '2026-01-20T11:12:07.621766');
INSERT INTO hall_seats (id, cinema_hall_id, seat_type_id, seat_code, created_at, updated_at) VALUES ('29e99821-5958-482e-9e28-d685a4b78621', '72d55d6a-24f8-4769-9819-be7323d307a2', '33f663e5-d39e-43da-832c-e5cbd6d55750', 'E4', '2026-01-20T11:12:07.621766', '2026-01-20T11:12:07.621766');
INSERT INTO hall_seats (id, cinema_hall_id, seat_type_id, seat_code, created_at, updated_at) VALUES ('785e7dce-eb94-4acc-9a1f-05f5da5787ec', '72d55d6a-24f8-4769-9819-be7323d307a2', '33f663e5-d39e-43da-832c-e5cbd6d55750', 'E5', '2026-01-20T11:12:07.621766', '2026-01-20T11:12:07.621766');
INSERT INTO hall_seats (id, cinema_hall_id, seat_type_id, seat_code, created_at, updated_at) VALUES ('87df010d-bb24-479b-8757-4e4efe3ebbce', '72d55d6a-24f8-4769-9819-be7323d307a2', '33f663e5-d39e-43da-832c-e5cbd6d55750', 'E6', '2026-01-20T11:12:07.621766', '2026-01-20T11:12:07.621766');
INSERT INTO hall_seats (id, cinema_hall_id, seat_type_id, seat_code, created_at, updated_at) VALUES ('a640d3e7-5ce4-4b19-a45f-4d226d77d731', '72d55d6a-24f8-4769-9819-be7323d307a2', '33f663e5-d39e-43da-832c-e5cbd6d55750', 'E7', '2026-01-20T11:12:07.621766', '2026-01-20T11:12:07.621766');
INSERT INTO hall_seats (id, cinema_hall_id, seat_type_id, seat_code, created_at, updated_at) VALUES ('8005b6db-c95e-42e5-8eeb-6f784b9ae19b', '72d55d6a-24f8-4769-9819-be7323d307a2', '33f663e5-d39e-43da-832c-e5cbd6d55750', 'E8', '2026-01-20T11:12:07.621766', '2026-01-20T11:12:07.621766');
INSERT INTO hall_seats (id, cinema_hall_id, seat_type_id, seat_code, created_at, updated_at) VALUES ('0150e65e-43bf-492d-b46d-4c78ffcd1ae6', '72d55d6a-24f8-4769-9819-be7323d307a2', '33f663e5-d39e-43da-832c-e5cbd6d55750', 'F1', '2026-01-20T11:12:07.621853', '2026-01-20T11:12:07.621853');
INSERT INTO hall_seats (id, cinema_hall_id, seat_type_id, seat_code, created_at, updated_at) VALUES ('98f6a56c-ba50-462c-834e-badb33c41ef5', '72d55d6a-24f8-4769-9819-be7323d307a2', '33f663e5-d39e-43da-832c-e5cbd6d55750', 'F2', '2026-01-20T11:12:07.621853', '2026-01-20T11:12:07.621853');
INSERT INTO hall_seats (id, cinema_hall_id, seat_type_id, seat_code, created_at, updated_at) VALUES ('f196511e-0433-4da8-9d00-60ca9fd62a0a', '72d55d6a-24f8-4769-9819-be7323d307a2', '33f663e5-d39e-43da-832c-e5cbd6d55750', 'F3', '2026-01-20T11:12:07.621853', '2026-01-20T11:12:07.621853');
INSERT INTO hall_seats (id, cinema_hall_id, seat_type_id, seat_code, created_at, updated_at) VALUES ('66d2b4dd-a854-4f53-9453-d34544a46fb8', '72d55d6a-24f8-4769-9819-be7323d307a2', '33f663e5-d39e-43da-832c-e5cbd6d55750', 'F4', '2026-01-20T11:12:07.621853', '2026-01-20T11:12:07.621853');
INSERT INTO hall_seats (id, cinema_hall_id, seat_type_id, seat_code, created_at, updated_at) VALUES ('c5de4174-e7f0-4d76-8faf-5846ac236fd5', '72d55d6a-24f8-4769-9819-be7323d307a2', '33f663e5-d39e-43da-832c-e5cbd6d55750', 'F5', '2026-01-20T11:12:07.621853', '2026-01-20T11:12:07.621853');
INSERT INTO hall_seats (id, cinema_hall_id, seat_type_id, seat_code, created_at, updated_at) VALUES ('5231283e-9c73-4e66-a467-48304378eaf6', '72d55d6a-24f8-4769-9819-be7323d307a2', '33f663e5-d39e-43da-832c-e5cbd6d55750', 'F6', '2026-01-20T11:12:07.621853', '2026-01-20T11:12:07.621853');
INSERT INTO hall_seats (id, cinema_hall_id, seat_type_id, seat_code, created_at, updated_at) VALUES ('b153745d-0ea3-41e9-8688-76f60cf47faa', '72d55d6a-24f8-4769-9819-be7323d307a2', '33f663e5-d39e-43da-832c-e5cbd6d55750', 'F7', '2026-01-20T11:12:07.621853', '2026-01-20T11:12:07.621853');
INSERT INTO hall_seats (id, cinema_hall_id, seat_type_id, seat_code, created_at, updated_at) VALUES ('dffe16d2-4fd3-4930-884e-af0cbbbe1d7e', '72d55d6a-24f8-4769-9819-be7323d307a2', '33f663e5-d39e-43da-832c-e5cbd6d55750', 'F8', '2026-01-20T11:12:07.621853', '2026-01-20T11:12:07.621853');
INSERT INTO hall_seats (id, cinema_hall_id, seat_type_id, seat_code, created_at, updated_at) VALUES ('82e26a7e-e5ba-4cbf-8d11-09d907f94258', '72d55d6a-24f8-4769-9819-be7323d307a2', 'd45e50fa-bb04-45a1-9f3f-c70e153f98ea', 'G1', '2026-01-20T11:12:07.621937', '2026-01-20T11:12:07.621937');
INSERT INTO hall_seats (id, cinema_hall_id, seat_type_id, seat_code, created_at, updated_at) VALUES ('9a3297f1-6020-4593-9950-75920492486a', '72d55d6a-24f8-4769-9819-be7323d307a2', 'd45e50fa-bb04-45a1-9f3f-c70e153f98ea', 'G2', '2026-01-20T11:12:07.621937', '2026-01-20T11:12:07.621937');
INSERT INTO hall_seats (id, cinema_hall_id, seat_type_id, seat_code, created_at, updated_at) VALUES ('48d2eb1d-14d5-46fa-8a90-6c01bbe0b1e2', '72d55d6a-24f8-4769-9819-be7323d307a2', 'd45e50fa-bb04-45a1-9f3f-c70e153f98ea', 'G3', '2026-01-20T11:12:07.621937', '2026-01-20T11:12:07.621937');
INSERT INTO hall_seats (id, cinema_hall_id, seat_type_id, seat_code, created_at, updated_at) VALUES ('92804dc2-1801-43cb-9a27-9d93cce5aab2', '72d55d6a-24f8-4769-9819-be7323d307a2', 'd45e50fa-bb04-45a1-9f3f-c70e153f98ea', 'G4', '2026-01-20T11:12:07.621937', '2026-01-20T11:12:07.621937');
INSERT INTO hall_seats (id, cinema_hall_id, seat_type_id, seat_code, created_at, updated_at) VALUES ('5e5e39fb-cf1e-48a7-a8d3-7ff64cadd7e0', '72d55d6a-24f8-4769-9819-be7323d307a2', 'd45e50fa-bb04-45a1-9f3f-c70e153f98ea', 'G5', '2026-01-20T11:12:07.621937', '2026-01-20T11:12:07.621937');
INSERT INTO hall_seats (id, cinema_hall_id, seat_type_id, seat_code, created_at, updated_at) VALUES ('77f6a2bb-541f-43f1-a18f-0f1ed50cb058', '72d55d6a-24f8-4769-9819-be7323d307a2', 'd45e50fa-bb04-45a1-9f3f-c70e153f98ea', 'G6', '2026-01-20T11:12:07.621937', '2026-01-20T11:12:07.621937');
INSERT INTO hall_seats (id, cinema_hall_id, seat_type_id, seat_code, created_at, updated_at) VALUES ('be6631dc-42c2-4ac1-bda0-f0347cd8da72', '72d55d6a-24f8-4769-9819-be7323d307a2', 'd45e50fa-bb04-45a1-9f3f-c70e153f98ea', 'G7', '2026-01-20T11:12:07.621937', '2026-01-20T11:12:07.621937');
INSERT INTO hall_seats (id, cinema_hall_id, seat_type_id, seat_code, created_at, updated_at) VALUES ('f7209f25-3bf9-4837-9b46-04031921549a', '72d55d6a-24f8-4769-9819-be7323d307a2', 'd45e50fa-bb04-45a1-9f3f-c70e153f98ea', 'G8', '2026-01-20T11:12:07.621937', '2026-01-20T11:12:07.621937');
INSERT INTO hall_seats (id, cinema_hall_id, seat_type_id, seat_code, created_at, updated_at) VALUES ('18d5e49e-ac64-4ed9-8f1c-071207d4b45c', '72d55d6a-24f8-4769-9819-be7323d307a2', 'd45e50fa-bb04-45a1-9f3f-c70e153f98ea', 'H1', '2026-01-20T11:12:07.622018', '2026-01-20T11:12:07.622018');
INSERT INTO hall_seats (id, cinema_hall_id, seat_type_id, seat_code, created_at, updated_at) VALUES ('8147d39c-1ff5-4a79-a256-89225c24263e', '72d55d6a-24f8-4769-9819-be7323d307a2', 'd45e50fa-bb04-45a1-9f3f-c70e153f98ea', 'H2', '2026-01-20T11:12:07.622018', '2026-01-20T11:12:07.622018');
INSERT INTO hall_seats (id, cinema_hall_id, seat_type_id, seat_code, created_at, updated_at) VALUES ('998586f4-2cff-43ed-8b43-d98fd09ef73d', '72d55d6a-24f8-4769-9819-be7323d307a2', 'd45e50fa-bb04-45a1-9f3f-c70e153f98ea', 'H3', '2026-01-20T11:12:07.622018', '2026-01-20T11:12:07.622018');
INSERT INTO hall_seats (id, cinema_hall_id, seat_type_id, seat_code, created_at, updated_at) VALUES ('4124da9f-138c-4123-b363-076355c58a07', '72d55d6a-24f8-4769-9819-be7323d307a2', 'd45e50fa-bb04-45a1-9f3f-c70e153f98ea', 'H4', '2026-01-20T11:12:07.622018', '2026-01-20T11:12:07.622018');
INSERT INTO hall_seats (id, cinema_hall_id, seat_type_id, seat_code, created_at, updated_at) VALUES ('1178f477-6a4e-4fb1-a36f-b0ef4324e6b6', '72d55d6a-24f8-4769-9819-be7323d307a2', 'd45e50fa-bb04-45a1-9f3f-c70e153f98ea', 'H5', '2026-01-20T11:12:07.622018', '2026-01-20T11:12:07.622018');
INSERT INTO hall_seats (id, cinema_hall_id, seat_type_id, seat_code, created_at, updated_at) VALUES ('deda5f00-e52e-4c59-8de9-10e634d3fc44', '72d55d6a-24f8-4769-9819-be7323d307a2', 'd45e50fa-bb04-45a1-9f3f-c70e153f98ea', 'H6', '2026-01-20T11:12:07.622018', '2026-01-20T11:12:07.622018');
INSERT INTO hall_seats (id, cinema_hall_id, seat_type_id, seat_code, created_at, updated_at) VALUES ('c1ea0b5d-111a-41cc-8019-9343a5181aec', '72d55d6a-24f8-4769-9819-be7323d307a2', 'd45e50fa-bb04-45a1-9f3f-c70e153f98ea', 'H7', '2026-01-20T11:12:07.622018', '2026-01-20T11:12:07.622018');
INSERT INTO hall_seats (id, cinema_hall_id, seat_type_id, seat_code, created_at, updated_at) VALUES ('484a1c17-d309-46fa-ba6a-1065cbb0e7cf', '72d55d6a-24f8-4769-9819-be7323d307a2', 'd45e50fa-bb04-45a1-9f3f-c70e153f98ea', 'H8', '2026-01-20T11:12:07.622018', '2026-01-20T11:12:07.622018');
INSERT INTO hall_seats (id, cinema_hall_id, seat_type_id, seat_code, created_at, updated_at) VALUES ('a039c814-a415-4032-b798-55a8baa557a0', '72d55d6a-24f8-4769-9819-be7323d307a2', '6bd71157-64ef-4ac5-a31c-5b6ae4e1cbe5', 'I1', '2026-01-20T11:12:07.622124', '2026-01-20T11:12:07.622124');
INSERT INTO hall_seats (id, cinema_hall_id, seat_type_id, seat_code, created_at, updated_at) VALUES ('c9723c3c-3c80-454d-9ccc-f967048b45ff', '72d55d6a-24f8-4769-9819-be7323d307a2', '6bd71157-64ef-4ac5-a31c-5b6ae4e1cbe5', 'I2', '2026-01-20T11:12:07.622124', '2026-01-20T11:12:07.622124');
INSERT INTO hall_seats (id, cinema_hall_id, seat_type_id, seat_code, created_at, updated_at) VALUES ('3e2ed061-c20c-46b8-a7cc-463ac54fb080', '72d55d6a-24f8-4769-9819-be7323d307a2', '6bd71157-64ef-4ac5-a31c-5b6ae4e1cbe5', 'I3', '2026-01-20T11:12:07.622124', '2026-01-20T11:12:07.622124');
INSERT INTO hall_seats (id, cinema_hall_id, seat_type_id, seat_code, created_at, updated_at) VALUES ('1dd926e6-ac79-4583-bd83-08c764c48094', '72d55d6a-24f8-4769-9819-be7323d307a2', '6bd71157-64ef-4ac5-a31c-5b6ae4e1cbe5', 'I4', '2026-01-20T11:12:07.622124', '2026-01-20T11:12:07.622124');
INSERT INTO hall_seats (id, cinema_hall_id, seat_type_id, seat_code, created_at, updated_at) VALUES ('21bd0a7b-d339-4c80-8e88-8d7d5533e666', '6921a3a5-077e-49ba-ba05-dcd55f865512', '33f663e5-d39e-43da-832c-e5cbd6d55750', 'A1', '2026-01-20T11:12:07.622172', '2026-01-20T11:12:07.622172');
INSERT INTO hall_seats (id, cinema_hall_id, seat_type_id, seat_code, created_at, updated_at) VALUES ('6e34d64c-ec66-4c38-8fb2-ea1ced5c05e5', '6921a3a5-077e-49ba-ba05-dcd55f865512', '33f663e5-d39e-43da-832c-e5cbd6d55750', 'A2', '2026-01-20T11:12:07.622172', '2026-01-20T11:12:07.622172');
INSERT INTO hall_seats (id, cinema_hall_id, seat_type_id, seat_code, created_at, updated_at) VALUES ('e26d90b3-e513-4661-8ce7-abf9d14584e8', '6921a3a5-077e-49ba-ba05-dcd55f865512', '33f663e5-d39e-43da-832c-e5cbd6d55750', 'A3', '2026-01-20T11:12:07.622172', '2026-01-20T11:12:07.622172');
INSERT INTO hall_seats (id, cinema_hall_id, seat_type_id, seat_code, created_at, updated_at) VALUES ('7bec495f-0189-4a59-a29b-6ebf7f00bfc0', '6921a3a5-077e-49ba-ba05-dcd55f865512', '33f663e5-d39e-43da-832c-e5cbd6d55750', 'A4', '2026-01-20T11:12:07.622172', '2026-01-20T11:12:07.622172');
INSERT INTO hall_seats (id, cinema_hall_id, seat_type_id, seat_code, created_at, updated_at) VALUES ('9635d667-fb74-435e-811f-c9f2159d5006', '6921a3a5-077e-49ba-ba05-dcd55f865512', '33f663e5-d39e-43da-832c-e5cbd6d55750', 'A5', '2026-01-20T11:12:07.622172', '2026-01-20T11:12:07.622172');
INSERT INTO hall_seats (id, cinema_hall_id, seat_type_id, seat_code, created_at, updated_at) VALUES ('0f99ba7f-b9d7-4b5c-b7e4-32063c6bd4e6', '6921a3a5-077e-49ba-ba05-dcd55f865512', '33f663e5-d39e-43da-832c-e5cbd6d55750', 'A6', '2026-01-20T11:12:07.622172', '2026-01-20T11:12:07.622172');
INSERT INTO hall_seats (id, cinema_hall_id, seat_type_id, seat_code, created_at, updated_at) VALUES ('3b5f91b5-dfe5-41af-86bd-9fec9ab5eb12', '6921a3a5-077e-49ba-ba05-dcd55f865512', '33f663e5-d39e-43da-832c-e5cbd6d55750', 'A7', '2026-01-20T11:12:07.622172', '2026-01-20T11:12:07.622172');
INSERT INTO hall_seats (id, cinema_hall_id, seat_type_id, seat_code, created_at, updated_at) VALUES ('bd5cfcde-8391-47a5-9a15-4a41f8808688', '6921a3a5-077e-49ba-ba05-dcd55f865512', '33f663e5-d39e-43da-832c-e5cbd6d55750', 'A8', '2026-01-20T11:12:07.622172', '2026-01-20T11:12:07.622172');
INSERT INTO hall_seats (id, cinema_hall_id, seat_type_id, seat_code, created_at, updated_at) VALUES ('3d4ecbc0-3386-4e58-83e7-fa938509f330', '6921a3a5-077e-49ba-ba05-dcd55f865512', '33f663e5-d39e-43da-832c-e5cbd6d55750', 'B1', '2026-01-20T11:12:07.622291', '2026-01-20T11:12:07.622291');
INSERT INTO hall_seats (id, cinema_hall_id, seat_type_id, seat_code, created_at, updated_at) VALUES ('871edc9a-a74d-4c11-9d75-9ae2b8c9fb35', '6921a3a5-077e-49ba-ba05-dcd55f865512', '33f663e5-d39e-43da-832c-e5cbd6d55750', 'B2', '2026-01-20T11:12:07.622291', '2026-01-20T11:12:07.622291');
INSERT INTO hall_seats (id, cinema_hall_id, seat_type_id, seat_code, created_at, updated_at) VALUES ('956a27eb-4709-4ba1-a840-0babfabfe0e5', '6921a3a5-077e-49ba-ba05-dcd55f865512', '33f663e5-d39e-43da-832c-e5cbd6d55750', 'B3', '2026-01-20T11:12:07.622291', '2026-01-20T11:12:07.622291');
INSERT INTO hall_seats (id, cinema_hall_id, seat_type_id, seat_code, created_at, updated_at) VALUES ('330fa55e-45f4-43f6-a35d-c6d94b346bad', '6921a3a5-077e-49ba-ba05-dcd55f865512', '33f663e5-d39e-43da-832c-e5cbd6d55750', 'B4', '2026-01-20T11:12:07.622291', '2026-01-20T11:12:07.622291');
INSERT INTO hall_seats (id, cinema_hall_id, seat_type_id, seat_code, created_at, updated_at) VALUES ('721dafb6-5e43-4027-be23-20a687edf376', '6921a3a5-077e-49ba-ba05-dcd55f865512', '33f663e5-d39e-43da-832c-e5cbd6d55750', 'B5', '2026-01-20T11:12:07.622291', '2026-01-20T11:12:07.622291');
INSERT INTO hall_seats (id, cinema_hall_id, seat_type_id, seat_code, created_at, updated_at) VALUES ('ca8220dc-b599-4a48-915a-6b68ff352459', '6921a3a5-077e-49ba-ba05-dcd55f865512', '33f663e5-d39e-43da-832c-e5cbd6d55750', 'B6', '2026-01-20T11:12:07.622291', '2026-01-20T11:12:07.622291');
INSERT INTO hall_seats (id, cinema_hall_id, seat_type_id, seat_code, created_at, updated_at) VALUES ('516fe1fa-1c23-4c5a-ae43-0be3c4f3aec8', '6921a3a5-077e-49ba-ba05-dcd55f865512', '33f663e5-d39e-43da-832c-e5cbd6d55750', 'B7', '2026-01-20T11:12:07.622291', '2026-01-20T11:12:07.622291');
INSERT INTO hall_seats (id, cinema_hall_id, seat_type_id, seat_code, created_at, updated_at) VALUES ('4e70e17b-17b0-4526-b91b-db3f0403e0ff', '6921a3a5-077e-49ba-ba05-dcd55f865512', '33f663e5-d39e-43da-832c-e5cbd6d55750', 'B8', '2026-01-20T11:12:07.622291', '2026-01-20T11:12:07.622291');
INSERT INTO hall_seats (id, cinema_hall_id, seat_type_id, seat_code, created_at, updated_at) VALUES ('61561d40-85aa-4a52-bf92-a28a997039a7', '6921a3a5-077e-49ba-ba05-dcd55f865512', '33f663e5-d39e-43da-832c-e5cbd6d55750', 'C1', '2026-01-20T11:12:07.622388', '2026-01-20T11:12:07.622388');
INSERT INTO hall_seats (id, cinema_hall_id, seat_type_id, seat_code, created_at, updated_at) VALUES ('62e238cc-0c80-4707-8f4f-2ac999bb188b', '6921a3a5-077e-49ba-ba05-dcd55f865512', '33f663e5-d39e-43da-832c-e5cbd6d55750', 'C2', '2026-01-20T11:12:07.622388', '2026-01-20T11:12:07.622388');
INSERT INTO hall_seats (id, cinema_hall_id, seat_type_id, seat_code, created_at, updated_at) VALUES ('16348990-8cf4-4999-8cff-6176bc76156f', '6921a3a5-077e-49ba-ba05-dcd55f865512', '33f663e5-d39e-43da-832c-e5cbd6d55750', 'C3', '2026-01-20T11:12:07.622388', '2026-01-20T11:12:07.622388');
INSERT INTO hall_seats (id, cinema_hall_id, seat_type_id, seat_code, created_at, updated_at) VALUES ('1317ce44-0b89-4320-a857-d147ea76672f', '6921a3a5-077e-49ba-ba05-dcd55f865512', '33f663e5-d39e-43da-832c-e5cbd6d55750', 'C4', '2026-01-20T11:12:07.622388', '2026-01-20T11:12:07.622388');
INSERT INTO hall_seats (id, cinema_hall_id, seat_type_id, seat_code, created_at, updated_at) VALUES ('a02294a6-6d05-4bfb-b26f-6a2d2341a403', '6921a3a5-077e-49ba-ba05-dcd55f865512', '33f663e5-d39e-43da-832c-e5cbd6d55750', 'C5', '2026-01-20T11:12:07.622388', '2026-01-20T11:12:07.622388');
INSERT INTO hall_seats (id, cinema_hall_id, seat_type_id, seat_code, created_at, updated_at) VALUES ('de49058d-998a-467d-af36-f60bc5f87c1a', '6921a3a5-077e-49ba-ba05-dcd55f865512', '33f663e5-d39e-43da-832c-e5cbd6d55750', 'C6', '2026-01-20T11:12:07.622388', '2026-01-20T11:12:07.622388');
INSERT INTO hall_seats (id, cinema_hall_id, seat_type_id, seat_code, created_at, updated_at) VALUES ('a3b70e36-9242-4706-b9f8-6d1146ddc064', '6921a3a5-077e-49ba-ba05-dcd55f865512', '33f663e5-d39e-43da-832c-e5cbd6d55750', 'C7', '2026-01-20T11:12:07.622388', '2026-01-20T11:12:07.622388');
INSERT INTO hall_seats (id, cinema_hall_id, seat_type_id, seat_code, created_at, updated_at) VALUES ('82a4c15b-c7f3-483b-b862-259cbb0fe25e', '6921a3a5-077e-49ba-ba05-dcd55f865512', '33f663e5-d39e-43da-832c-e5cbd6d55750', 'C8', '2026-01-20T11:12:07.622388', '2026-01-20T11:12:07.622388');
INSERT INTO hall_seats (id, cinema_hall_id, seat_type_id, seat_code, created_at, updated_at) VALUES ('c1682b3c-19bc-4cf1-a5a8-f293b3720435', '6921a3a5-077e-49ba-ba05-dcd55f865512', '33f663e5-d39e-43da-832c-e5cbd6d55750', 'D1', '2026-01-20T11:12:07.622477', '2026-01-20T11:12:07.622477');
INSERT INTO hall_seats (id, cinema_hall_id, seat_type_id, seat_code, created_at, updated_at) VALUES ('af65b41b-4eb3-4e53-8841-cab18b7e7f45', '6921a3a5-077e-49ba-ba05-dcd55f865512', '33f663e5-d39e-43da-832c-e5cbd6d55750', 'D2', '2026-01-20T11:12:07.622477', '2026-01-20T11:12:07.622477');
INSERT INTO hall_seats (id, cinema_hall_id, seat_type_id, seat_code, created_at, updated_at) VALUES ('0ac884e8-7e14-4952-a36d-1a08fe9e0c3d', '6921a3a5-077e-49ba-ba05-dcd55f865512', '33f663e5-d39e-43da-832c-e5cbd6d55750', 'D3', '2026-01-20T11:12:07.622477', '2026-01-20T11:12:07.622477');
INSERT INTO hall_seats (id, cinema_hall_id, seat_type_id, seat_code, created_at, updated_at) VALUES ('d840bda8-3d81-43b7-a9d4-4a40a8e48a24', '6921a3a5-077e-49ba-ba05-dcd55f865512', '33f663e5-d39e-43da-832c-e5cbd6d55750', 'D4', '2026-01-20T11:12:07.622477', '2026-01-20T11:12:07.622477');
INSERT INTO hall_seats (id, cinema_hall_id, seat_type_id, seat_code, created_at, updated_at) VALUES ('8501dc1b-1deb-4bdd-b1ec-cfe05a9d9db3', '6921a3a5-077e-49ba-ba05-dcd55f865512', '33f663e5-d39e-43da-832c-e5cbd6d55750', 'D5', '2026-01-20T11:12:07.622477', '2026-01-20T11:12:07.622477');
INSERT INTO hall_seats (id, cinema_hall_id, seat_type_id, seat_code, created_at, updated_at) VALUES ('7d74fdd2-73c4-4efb-8555-38990bd96c22', '6921a3a5-077e-49ba-ba05-dcd55f865512', '33f663e5-d39e-43da-832c-e5cbd6d55750', 'D6', '2026-01-20T11:12:07.622477', '2026-01-20T11:12:07.622477');
INSERT INTO hall_seats (id, cinema_hall_id, seat_type_id, seat_code, created_at, updated_at) VALUES ('2484fe39-3bdf-4394-8c89-e59a2b43e640', '6921a3a5-077e-49ba-ba05-dcd55f865512', '33f663e5-d39e-43da-832c-e5cbd6d55750', 'D7', '2026-01-20T11:12:07.622477', '2026-01-20T11:12:07.622477');
INSERT INTO hall_seats (id, cinema_hall_id, seat_type_id, seat_code, created_at, updated_at) VALUES ('ba85e594-a80d-4e58-bc63-b955ce4885d1', '6921a3a5-077e-49ba-ba05-dcd55f865512', '33f663e5-d39e-43da-832c-e5cbd6d55750', 'D8', '2026-01-20T11:12:07.622477', '2026-01-20T11:12:07.622477');
INSERT INTO hall_seats (id, cinema_hall_id, seat_type_id, seat_code, created_at, updated_at) VALUES ('627a0e76-851c-450f-a07b-f7b7da73fcec', '6921a3a5-077e-49ba-ba05-dcd55f865512', '33f663e5-d39e-43da-832c-e5cbd6d55750', 'E1', '2026-01-20T11:12:07.622571', '2026-01-20T11:12:07.622571');
INSERT INTO hall_seats (id, cinema_hall_id, seat_type_id, seat_code, created_at, updated_at) VALUES ('ac598675-4d07-4019-8ea7-5808e67738ef', '6921a3a5-077e-49ba-ba05-dcd55f865512', '33f663e5-d39e-43da-832c-e5cbd6d55750', 'E2', '2026-01-20T11:12:07.622571', '2026-01-20T11:12:07.622571');
INSERT INTO hall_seats (id, cinema_hall_id, seat_type_id, seat_code, created_at, updated_at) VALUES ('fdda95bc-e289-4497-b74a-99489627e584', '6921a3a5-077e-49ba-ba05-dcd55f865512', '33f663e5-d39e-43da-832c-e5cbd6d55750', 'E3', '2026-01-20T11:12:07.622571', '2026-01-20T11:12:07.622571');
INSERT INTO hall_seats (id, cinema_hall_id, seat_type_id, seat_code, created_at, updated_at) VALUES ('a77e18fc-6ffa-435a-849e-8ccde699c595', '6921a3a5-077e-49ba-ba05-dcd55f865512', '33f663e5-d39e-43da-832c-e5cbd6d55750', 'E4', '2026-01-20T11:12:07.622571', '2026-01-20T11:12:07.622571');
INSERT INTO hall_seats (id, cinema_hall_id, seat_type_id, seat_code, created_at, updated_at) VALUES ('fc66a603-62b4-4981-9e1b-070106fc5f3c', '6921a3a5-077e-49ba-ba05-dcd55f865512', '33f663e5-d39e-43da-832c-e5cbd6d55750', 'E5', '2026-01-20T11:12:07.622571', '2026-01-20T11:12:07.622571');
INSERT INTO hall_seats (id, cinema_hall_id, seat_type_id, seat_code, created_at, updated_at) VALUES ('96ff6ad7-0926-4de6-b4b4-887a93f44e48', '6921a3a5-077e-49ba-ba05-dcd55f865512', '33f663e5-d39e-43da-832c-e5cbd6d55750', 'E6', '2026-01-20T11:12:07.622571', '2026-01-20T11:12:07.622571');
INSERT INTO hall_seats (id, cinema_hall_id, seat_type_id, seat_code, created_at, updated_at) VALUES ('fec1b4f8-9068-4088-a1c5-0bdea437e7af', '6921a3a5-077e-49ba-ba05-dcd55f865512', '33f663e5-d39e-43da-832c-e5cbd6d55750', 'E7', '2026-01-20T11:12:07.622571', '2026-01-20T11:12:07.622571');
INSERT INTO hall_seats (id, cinema_hall_id, seat_type_id, seat_code, created_at, updated_at) VALUES ('97915ce8-cc85-4893-b791-6b50d5511d43', '6921a3a5-077e-49ba-ba05-dcd55f865512', '33f663e5-d39e-43da-832c-e5cbd6d55750', 'E8', '2026-01-20T11:12:07.622571', '2026-01-20T11:12:07.622571');
INSERT INTO hall_seats (id, cinema_hall_id, seat_type_id, seat_code, created_at, updated_at) VALUES ('9912a161-6fc4-4b5f-b4ea-dc9d72a209c9', '6921a3a5-077e-49ba-ba05-dcd55f865512', '33f663e5-d39e-43da-832c-e5cbd6d55750', 'F1', '2026-01-20T11:12:07.622655', '2026-01-20T11:12:07.622655');
INSERT INTO hall_seats (id, cinema_hall_id, seat_type_id, seat_code, created_at, updated_at) VALUES ('01cbdf4a-7e03-4961-a13d-59ddb4bb46ff', '6921a3a5-077e-49ba-ba05-dcd55f865512', '33f663e5-d39e-43da-832c-e5cbd6d55750', 'F2', '2026-01-20T11:12:07.622655', '2026-01-20T11:12:07.622655');
INSERT INTO hall_seats (id, cinema_hall_id, seat_type_id, seat_code, created_at, updated_at) VALUES ('6d952876-0ad9-470f-af77-c04b6f7d7b47', '6921a3a5-077e-49ba-ba05-dcd55f865512', '33f663e5-d39e-43da-832c-e5cbd6d55750', 'F3', '2026-01-20T11:12:07.622655', '2026-01-20T11:12:07.622655');
INSERT INTO hall_seats (id, cinema_hall_id, seat_type_id, seat_code, created_at, updated_at) VALUES ('a0a15d46-8688-45fa-995e-6457dd059e3e', '6921a3a5-077e-49ba-ba05-dcd55f865512', '33f663e5-d39e-43da-832c-e5cbd6d55750', 'F4', '2026-01-20T11:12:07.622655', '2026-01-20T11:12:07.622655');
INSERT INTO hall_seats (id, cinema_hall_id, seat_type_id, seat_code, created_at, updated_at) VALUES ('a308a1d1-d4ee-42d9-b2a7-5e72338e6c83', '6921a3a5-077e-49ba-ba05-dcd55f865512', '33f663e5-d39e-43da-832c-e5cbd6d55750', 'F5', '2026-01-20T11:12:07.622655', '2026-01-20T11:12:07.622655');
INSERT INTO hall_seats (id, cinema_hall_id, seat_type_id, seat_code, created_at, updated_at) VALUES ('c400aa6f-abba-4588-b0c3-cc7dd5ca626c', '6921a3a5-077e-49ba-ba05-dcd55f865512', '33f663e5-d39e-43da-832c-e5cbd6d55750', 'F6', '2026-01-20T11:12:07.622655', '2026-01-20T11:12:07.622655');
INSERT INTO hall_seats (id, cinema_hall_id, seat_type_id, seat_code, created_at, updated_at) VALUES ('2ef6c7c6-8c30-4ea7-b10e-9dda30ed285d', '6921a3a5-077e-49ba-ba05-dcd55f865512', '33f663e5-d39e-43da-832c-e5cbd6d55750', 'F7', '2026-01-20T11:12:07.622655', '2026-01-20T11:12:07.622655');
INSERT INTO hall_seats (id, cinema_hall_id, seat_type_id, seat_code, created_at, updated_at) VALUES ('2a3fdcda-ce22-4292-ab42-5a8e7e54f59a', '6921a3a5-077e-49ba-ba05-dcd55f865512', '33f663e5-d39e-43da-832c-e5cbd6d55750', 'F8', '2026-01-20T11:12:07.622655', '2026-01-20T11:12:07.622655');
INSERT INTO hall_seats (id, cinema_hall_id, seat_type_id, seat_code, created_at, updated_at) VALUES ('c9d7df59-e355-49e8-8d8c-029fc47f1f63', '6921a3a5-077e-49ba-ba05-dcd55f865512', 'd45e50fa-bb04-45a1-9f3f-c70e153f98ea', 'G1', '2026-01-20T11:12:07.622735', '2026-01-20T11:12:07.622735');
INSERT INTO hall_seats (id, cinema_hall_id, seat_type_id, seat_code, created_at, updated_at) VALUES ('c253f4fe-751d-41fa-8034-6d3eb32f5cdb', '6921a3a5-077e-49ba-ba05-dcd55f865512', 'd45e50fa-bb04-45a1-9f3f-c70e153f98ea', 'G2', '2026-01-20T11:12:07.622735', '2026-01-20T11:12:07.622735');
INSERT INTO hall_seats (id, cinema_hall_id, seat_type_id, seat_code, created_at, updated_at) VALUES ('9d9e0e56-f73e-4d9b-b25b-7a030cba7366', '6921a3a5-077e-49ba-ba05-dcd55f865512', 'd45e50fa-bb04-45a1-9f3f-c70e153f98ea', 'G3', '2026-01-20T11:12:07.622735', '2026-01-20T11:12:07.622735');
INSERT INTO hall_seats (id, cinema_hall_id, seat_type_id, seat_code, created_at, updated_at) VALUES ('589fd449-11a8-4315-b67c-cb24da65af9b', '6921a3a5-077e-49ba-ba05-dcd55f865512', 'd45e50fa-bb04-45a1-9f3f-c70e153f98ea', 'G4', '2026-01-20T11:12:07.622735', '2026-01-20T11:12:07.622735');
INSERT INTO hall_seats (id, cinema_hall_id, seat_type_id, seat_code, created_at, updated_at) VALUES ('8e4b4f7d-0d21-470b-9de0-7d4269d1619a', '6921a3a5-077e-49ba-ba05-dcd55f865512', 'd45e50fa-bb04-45a1-9f3f-c70e153f98ea', 'G5', '2026-01-20T11:12:07.622735', '2026-01-20T11:12:07.622735');
INSERT INTO hall_seats (id, cinema_hall_id, seat_type_id, seat_code, created_at, updated_at) VALUES ('b73be3df-34d5-4123-948c-b53b668a089b', '6921a3a5-077e-49ba-ba05-dcd55f865512', 'd45e50fa-bb04-45a1-9f3f-c70e153f98ea', 'G6', '2026-01-20T11:12:07.622735', '2026-01-20T11:12:07.622735');
INSERT INTO hall_seats (id, cinema_hall_id, seat_type_id, seat_code, created_at, updated_at) VALUES ('bb5eb6a5-b360-4cc4-a395-ad57cf629b10', '6921a3a5-077e-49ba-ba05-dcd55f865512', 'd45e50fa-bb04-45a1-9f3f-c70e153f98ea', 'G7', '2026-01-20T11:12:07.622735', '2026-01-20T11:12:07.622735');
INSERT INTO hall_seats (id, cinema_hall_id, seat_type_id, seat_code, created_at, updated_at) VALUES ('581f5402-7e93-428c-97d4-a7c5b64c6079', '6921a3a5-077e-49ba-ba05-dcd55f865512', 'd45e50fa-bb04-45a1-9f3f-c70e153f98ea', 'G8', '2026-01-20T11:12:07.622735', '2026-01-20T11:12:07.622735');
INSERT INTO hall_seats (id, cinema_hall_id, seat_type_id, seat_code, created_at, updated_at) VALUES ('ee73dacb-8939-4e32-9fdf-bc2ea88bb4dd', '6921a3a5-077e-49ba-ba05-dcd55f865512', 'd45e50fa-bb04-45a1-9f3f-c70e153f98ea', 'H1', '2026-01-20T11:12:07.622824', '2026-01-20T11:12:07.622824');
INSERT INTO hall_seats (id, cinema_hall_id, seat_type_id, seat_code, created_at, updated_at) VALUES ('2be5fbc5-e7d1-4aa0-b65f-144bb31e8b6d', '6921a3a5-077e-49ba-ba05-dcd55f865512', 'd45e50fa-bb04-45a1-9f3f-c70e153f98ea', 'H2', '2026-01-20T11:12:07.622824', '2026-01-20T11:12:07.622824');
INSERT INTO hall_seats (id, cinema_hall_id, seat_type_id, seat_code, created_at, updated_at) VALUES ('9f1019a4-3c9a-4d71-804a-03ec2425601c', '6921a3a5-077e-49ba-ba05-dcd55f865512', 'd45e50fa-bb04-45a1-9f3f-c70e153f98ea', 'H3', '2026-01-20T11:12:07.622824', '2026-01-20T11:12:07.622824');
INSERT INTO hall_seats (id, cinema_hall_id, seat_type_id, seat_code, created_at, updated_at) VALUES ('a243cc75-b014-428a-abe1-2fb16d6c6cc4', '6921a3a5-077e-49ba-ba05-dcd55f865512', 'd45e50fa-bb04-45a1-9f3f-c70e153f98ea', 'H4', '2026-01-20T11:12:07.622824', '2026-01-20T11:12:07.622824');
INSERT INTO hall_seats (id, cinema_hall_id, seat_type_id, seat_code, created_at, updated_at) VALUES ('a2859d34-e73b-4ba1-b6ae-d8c75173d8e4', '6921a3a5-077e-49ba-ba05-dcd55f865512', 'd45e50fa-bb04-45a1-9f3f-c70e153f98ea', 'H5', '2026-01-20T11:12:07.622824', '2026-01-20T11:12:07.622824');
INSERT INTO hall_seats (id, cinema_hall_id, seat_type_id, seat_code, created_at, updated_at) VALUES ('f84b5ca9-7715-451d-a64d-f3e8f9caa971', '6921a3a5-077e-49ba-ba05-dcd55f865512', 'd45e50fa-bb04-45a1-9f3f-c70e153f98ea', 'H6', '2026-01-20T11:12:07.622824', '2026-01-20T11:12:07.622824');
INSERT INTO hall_seats (id, cinema_hall_id, seat_type_id, seat_code, created_at, updated_at) VALUES ('f26ad81a-9ac6-4030-8689-88dae5e3220c', '6921a3a5-077e-49ba-ba05-dcd55f865512', 'd45e50fa-bb04-45a1-9f3f-c70e153f98ea', 'H7', '2026-01-20T11:12:07.622824', '2026-01-20T11:12:07.622824');
INSERT INTO hall_seats (id, cinema_hall_id, seat_type_id, seat_code, created_at, updated_at) VALUES ('46b18065-6bcc-482a-85cc-80e06063bca4', '6921a3a5-077e-49ba-ba05-dcd55f865512', 'd45e50fa-bb04-45a1-9f3f-c70e153f98ea', 'H8', '2026-01-20T11:12:07.622824', '2026-01-20T11:12:07.622824');
INSERT INTO hall_seats (id, cinema_hall_id, seat_type_id, seat_code, created_at, updated_at) VALUES ('3f0620a9-83c6-4a67-983a-4cb6600490ec', '6921a3a5-077e-49ba-ba05-dcd55f865512', '6bd71157-64ef-4ac5-a31c-5b6ae4e1cbe5', 'I1', '2026-01-20T11:12:07.622912', '2026-01-20T11:12:07.622912');
INSERT INTO hall_seats (id, cinema_hall_id, seat_type_id, seat_code, created_at, updated_at) VALUES ('bc1e70d1-275d-4153-961a-b4d8fc282b4a', '6921a3a5-077e-49ba-ba05-dcd55f865512', '6bd71157-64ef-4ac5-a31c-5b6ae4e1cbe5', 'I2', '2026-01-20T11:12:07.622912', '2026-01-20T11:12:07.622912');
INSERT INTO hall_seats (id, cinema_hall_id, seat_type_id, seat_code, created_at, updated_at) VALUES ('ed8e069f-836c-4b0a-a297-1d7766fc9af4', '6921a3a5-077e-49ba-ba05-dcd55f865512', '6bd71157-64ef-4ac5-a31c-5b6ae4e1cbe5', 'I3', '2026-01-20T11:12:07.622912', '2026-01-20T11:12:07.622912');
INSERT INTO hall_seats (id, cinema_hall_id, seat_type_id, seat_code, created_at, updated_at) VALUES ('36a026f3-f056-4a92-8ac0-4bd7d295c38e', '6921a3a5-077e-49ba-ba05-dcd55f865512', '6bd71157-64ef-4ac5-a31c-5b6ae4e1cbe5', 'I4', '2026-01-20T11:12:07.622912', '2026-01-20T11:12:07.622912');
INSERT INTO hall_seats (id, cinema_hall_id, seat_type_id, seat_code, created_at, updated_at) VALUES ('6442a854-9501-41b1-8c43-5661d74073c6', '7313599b-6813-47c7-8c51-4e3a2ffac29c', '33f663e5-d39e-43da-832c-e5cbd6d55750', 'A1', '2026-01-20T11:12:07.622959', '2026-01-20T11:12:07.622959');
INSERT INTO hall_seats (id, cinema_hall_id, seat_type_id, seat_code, created_at, updated_at) VALUES ('6a55bb41-4b7c-4382-8dca-bd6a7b3c6c53', '7313599b-6813-47c7-8c51-4e3a2ffac29c', '33f663e5-d39e-43da-832c-e5cbd6d55750', 'A2', '2026-01-20T11:12:07.622959', '2026-01-20T11:12:07.622959');
INSERT INTO hall_seats (id, cinema_hall_id, seat_type_id, seat_code, created_at, updated_at) VALUES ('0969b61f-2345-49f8-aad4-5bd7c4291f78', '7313599b-6813-47c7-8c51-4e3a2ffac29c', '33f663e5-d39e-43da-832c-e5cbd6d55750', 'A3', '2026-01-20T11:12:07.622959', '2026-01-20T11:12:07.622959');
INSERT INTO hall_seats (id, cinema_hall_id, seat_type_id, seat_code, created_at, updated_at) VALUES ('7fab5215-4d19-4072-b34c-ff410bfd511d', '7313599b-6813-47c7-8c51-4e3a2ffac29c', '33f663e5-d39e-43da-832c-e5cbd6d55750', 'A4', '2026-01-20T11:12:07.622959', '2026-01-20T11:12:07.622959');
INSERT INTO hall_seats (id, cinema_hall_id, seat_type_id, seat_code, created_at, updated_at) VALUES ('66d58a67-cf4b-4165-9586-6d067e327dd8', '7313599b-6813-47c7-8c51-4e3a2ffac29c', '33f663e5-d39e-43da-832c-e5cbd6d55750', 'A5', '2026-01-20T11:12:07.622959', '2026-01-20T11:12:07.622959');
INSERT INTO hall_seats (id, cinema_hall_id, seat_type_id, seat_code, created_at, updated_at) VALUES ('4f0ac524-7ed7-4048-be4e-bc71ab26d3cc', '7313599b-6813-47c7-8c51-4e3a2ffac29c', '33f663e5-d39e-43da-832c-e5cbd6d55750', 'A6', '2026-01-20T11:12:07.622959', '2026-01-20T11:12:07.622959');
INSERT INTO hall_seats (id, cinema_hall_id, seat_type_id, seat_code, created_at, updated_at) VALUES ('ad3150f1-8791-4cea-bcfe-2d3427ff7c35', '7313599b-6813-47c7-8c51-4e3a2ffac29c', '33f663e5-d39e-43da-832c-e5cbd6d55750', 'A7', '2026-01-20T11:12:07.622959', '2026-01-20T11:12:07.622959');
INSERT INTO hall_seats (id, cinema_hall_id, seat_type_id, seat_code, created_at, updated_at) VALUES ('c60f004c-6689-4b7c-a41b-968170eb2d7e', '7313599b-6813-47c7-8c51-4e3a2ffac29c', '33f663e5-d39e-43da-832c-e5cbd6d55750', 'A8', '2026-01-20T11:12:07.622959', '2026-01-20T11:12:07.622959');
INSERT INTO hall_seats (id, cinema_hall_id, seat_type_id, seat_code, created_at, updated_at) VALUES ('b2f6c213-7abd-4ea4-9ddd-d6698ad53a50', '7313599b-6813-47c7-8c51-4e3a2ffac29c', '33f663e5-d39e-43da-832c-e5cbd6d55750', 'B1', '2026-01-20T11:12:07.623042', '2026-01-20T11:12:07.623042');
INSERT INTO hall_seats (id, cinema_hall_id, seat_type_id, seat_code, created_at, updated_at) VALUES ('ec11014c-5ebc-4d0d-9740-81172efff227', '7313599b-6813-47c7-8c51-4e3a2ffac29c', '33f663e5-d39e-43da-832c-e5cbd6d55750', 'B2', '2026-01-20T11:12:07.623042', '2026-01-20T11:12:07.623042');
INSERT INTO hall_seats (id, cinema_hall_id, seat_type_id, seat_code, created_at, updated_at) VALUES ('71740c7c-5d27-4366-b7b6-e4304e04a446', '7313599b-6813-47c7-8c51-4e3a2ffac29c', '33f663e5-d39e-43da-832c-e5cbd6d55750', 'B3', '2026-01-20T11:12:07.623042', '2026-01-20T11:12:07.623042');
INSERT INTO hall_seats (id, cinema_hall_id, seat_type_id, seat_code, created_at, updated_at) VALUES ('75dfdcbd-dcb5-4bd1-879a-91dda201c72e', '7313599b-6813-47c7-8c51-4e3a2ffac29c', '33f663e5-d39e-43da-832c-e5cbd6d55750', 'B4', '2026-01-20T11:12:07.623042', '2026-01-20T11:12:07.623042');
INSERT INTO hall_seats (id, cinema_hall_id, seat_type_id, seat_code, created_at, updated_at) VALUES ('1cb0aa27-c6bb-4276-b05d-0cb4e42c5c17', '7313599b-6813-47c7-8c51-4e3a2ffac29c', '33f663e5-d39e-43da-832c-e5cbd6d55750', 'B5', '2026-01-20T11:12:07.623042', '2026-01-20T11:12:07.623042');
INSERT INTO hall_seats (id, cinema_hall_id, seat_type_id, seat_code, created_at, updated_at) VALUES ('9b613c2c-497d-46b9-b82e-6bcbb786fb27', '7313599b-6813-47c7-8c51-4e3a2ffac29c', '33f663e5-d39e-43da-832c-e5cbd6d55750', 'B6', '2026-01-20T11:12:07.623042', '2026-01-20T11:12:07.623042');
INSERT INTO hall_seats (id, cinema_hall_id, seat_type_id, seat_code, created_at, updated_at) VALUES ('89b033f7-a760-43a7-a39e-cd5e319bbeef', '7313599b-6813-47c7-8c51-4e3a2ffac29c', '33f663e5-d39e-43da-832c-e5cbd6d55750', 'B7', '2026-01-20T11:12:07.623042', '2026-01-20T11:12:07.623042');
INSERT INTO hall_seats (id, cinema_hall_id, seat_type_id, seat_code, created_at, updated_at) VALUES ('31587683-0acd-4b87-8c6b-49d079b37510', '7313599b-6813-47c7-8c51-4e3a2ffac29c', '33f663e5-d39e-43da-832c-e5cbd6d55750', 'B8', '2026-01-20T11:12:07.623042', '2026-01-20T11:12:07.623042');
INSERT INTO hall_seats (id, cinema_hall_id, seat_type_id, seat_code, created_at, updated_at) VALUES ('093ff6d1-f1d8-451c-92a9-7278a5a5929c', '7313599b-6813-47c7-8c51-4e3a2ffac29c', '33f663e5-d39e-43da-832c-e5cbd6d55750', 'C1', '2026-01-20T11:12:07.623145', '2026-01-20T11:12:07.623145');
INSERT INTO hall_seats (id, cinema_hall_id, seat_type_id, seat_code, created_at, updated_at) VALUES ('b433d28b-fb2c-40c0-8713-c5550aeb3680', '7313599b-6813-47c7-8c51-4e3a2ffac29c', '33f663e5-d39e-43da-832c-e5cbd6d55750', 'C2', '2026-01-20T11:12:07.623145', '2026-01-20T11:12:07.623145');
INSERT INTO hall_seats (id, cinema_hall_id, seat_type_id, seat_code, created_at, updated_at) VALUES ('ac999f6a-ae49-421e-a7bd-bd008b13af03', '7313599b-6813-47c7-8c51-4e3a2ffac29c', '33f663e5-d39e-43da-832c-e5cbd6d55750', 'C3', '2026-01-20T11:12:07.623145', '2026-01-20T11:12:07.623145');
INSERT INTO hall_seats (id, cinema_hall_id, seat_type_id, seat_code, created_at, updated_at) VALUES ('d240be3a-2eb8-40ee-959a-f420e68b9a31', '7313599b-6813-47c7-8c51-4e3a2ffac29c', '33f663e5-d39e-43da-832c-e5cbd6d55750', 'C4', '2026-01-20T11:12:07.623145', '2026-01-20T11:12:07.623145');
INSERT INTO hall_seats (id, cinema_hall_id, seat_type_id, seat_code, created_at, updated_at) VALUES ('10ab8d06-f0c9-47cd-ace0-6bf4d277db5a', '7313599b-6813-47c7-8c51-4e3a2ffac29c', '33f663e5-d39e-43da-832c-e5cbd6d55750', 'C5', '2026-01-20T11:12:07.623145', '2026-01-20T11:12:07.623145');
INSERT INTO hall_seats (id, cinema_hall_id, seat_type_id, seat_code, created_at, updated_at) VALUES ('248fb28e-7cdd-4c4b-8b99-cb458dddf23e', '7313599b-6813-47c7-8c51-4e3a2ffac29c', '33f663e5-d39e-43da-832c-e5cbd6d55750', 'C6', '2026-01-20T11:12:07.623145', '2026-01-20T11:12:07.623145');
INSERT INTO hall_seats (id, cinema_hall_id, seat_type_id, seat_code, created_at, updated_at) VALUES ('2dd8a647-be82-4808-a6ed-962ea818ed1d', '7313599b-6813-47c7-8c51-4e3a2ffac29c', '33f663e5-d39e-43da-832c-e5cbd6d55750', 'C7', '2026-01-20T11:12:07.623145', '2026-01-20T11:12:07.623145');
INSERT INTO hall_seats (id, cinema_hall_id, seat_type_id, seat_code, created_at, updated_at) VALUES ('64da2fe7-f382-4cd5-ae62-457f73c6ea2c', '7313599b-6813-47c7-8c51-4e3a2ffac29c', '33f663e5-d39e-43da-832c-e5cbd6d55750', 'C8', '2026-01-20T11:12:07.623145', '2026-01-20T11:12:07.623145');
INSERT INTO hall_seats (id, cinema_hall_id, seat_type_id, seat_code, created_at, updated_at) VALUES ('268b8546-11b4-46c9-b938-5454e9779c94', '7313599b-6813-47c7-8c51-4e3a2ffac29c', '33f663e5-d39e-43da-832c-e5cbd6d55750', 'D1', '2026-01-20T11:12:07.623231', '2026-01-20T11:12:07.623231');
INSERT INTO hall_seats (id, cinema_hall_id, seat_type_id, seat_code, created_at, updated_at) VALUES ('896d7c52-19a0-4eac-af2c-16d93aec3f9f', '7313599b-6813-47c7-8c51-4e3a2ffac29c', '33f663e5-d39e-43da-832c-e5cbd6d55750', 'D2', '2026-01-20T11:12:07.623231', '2026-01-20T11:12:07.623231');
INSERT INTO hall_seats (id, cinema_hall_id, seat_type_id, seat_code, created_at, updated_at) VALUES ('432f2ec1-c665-4836-a069-eb78bc369082', '7313599b-6813-47c7-8c51-4e3a2ffac29c', '33f663e5-d39e-43da-832c-e5cbd6d55750', 'D3', '2026-01-20T11:12:07.623231', '2026-01-20T11:12:07.623231');
INSERT INTO hall_seats (id, cinema_hall_id, seat_type_id, seat_code, created_at, updated_at) VALUES ('f28d6da3-5e4d-4258-8fe1-39d6a19b4dbf', '7313599b-6813-47c7-8c51-4e3a2ffac29c', '33f663e5-d39e-43da-832c-e5cbd6d55750', 'D4', '2026-01-20T11:12:07.623231', '2026-01-20T11:12:07.623231');
INSERT INTO hall_seats (id, cinema_hall_id, seat_type_id, seat_code, created_at, updated_at) VALUES ('7c11eccd-f688-424b-8136-4a5027c40dd6', '7313599b-6813-47c7-8c51-4e3a2ffac29c', '33f663e5-d39e-43da-832c-e5cbd6d55750', 'D5', '2026-01-20T11:12:07.623231', '2026-01-20T11:12:07.623231');
INSERT INTO hall_seats (id, cinema_hall_id, seat_type_id, seat_code, created_at, updated_at) VALUES ('367f8126-d9e3-4da5-b439-b5f14545b85b', '7313599b-6813-47c7-8c51-4e3a2ffac29c', '33f663e5-d39e-43da-832c-e5cbd6d55750', 'D6', '2026-01-20T11:12:07.623231', '2026-01-20T11:12:07.623231');
INSERT INTO hall_seats (id, cinema_hall_id, seat_type_id, seat_code, created_at, updated_at) VALUES ('6bde25c0-5bdc-4f35-ac14-94bb4106c738', '7313599b-6813-47c7-8c51-4e3a2ffac29c', '33f663e5-d39e-43da-832c-e5cbd6d55750', 'D7', '2026-01-20T11:12:07.623231', '2026-01-20T11:12:07.623231');
INSERT INTO hall_seats (id, cinema_hall_id, seat_type_id, seat_code, created_at, updated_at) VALUES ('a9eacc42-565e-48aa-a761-ffe2c8050579', '7313599b-6813-47c7-8c51-4e3a2ffac29c', '33f663e5-d39e-43da-832c-e5cbd6d55750', 'D8', '2026-01-20T11:12:07.623231', '2026-01-20T11:12:07.623231');
INSERT INTO hall_seats (id, cinema_hall_id, seat_type_id, seat_code, created_at, updated_at) VALUES ('3eb1fa0a-f75e-4310-822a-41986e8d2c17', '7313599b-6813-47c7-8c51-4e3a2ffac29c', '33f663e5-d39e-43da-832c-e5cbd6d55750', 'E1', '2026-01-20T11:12:07.623314', '2026-01-20T11:12:07.623314');
INSERT INTO hall_seats (id, cinema_hall_id, seat_type_id, seat_code, created_at, updated_at) VALUES ('735097bc-b86d-4e96-b5d6-ce336083b995', '7313599b-6813-47c7-8c51-4e3a2ffac29c', '33f663e5-d39e-43da-832c-e5cbd6d55750', 'E2', '2026-01-20T11:12:07.623314', '2026-01-20T11:12:07.623314');
INSERT INTO hall_seats (id, cinema_hall_id, seat_type_id, seat_code, created_at, updated_at) VALUES ('59efc727-8da9-4910-bf5b-37f5e1f38351', '7313599b-6813-47c7-8c51-4e3a2ffac29c', '33f663e5-d39e-43da-832c-e5cbd6d55750', 'E3', '2026-01-20T11:12:07.623314', '2026-01-20T11:12:07.623314');
INSERT INTO hall_seats (id, cinema_hall_id, seat_type_id, seat_code, created_at, updated_at) VALUES ('f35a3014-ad1a-4999-a74c-8779d0162ef3', '7313599b-6813-47c7-8c51-4e3a2ffac29c', '33f663e5-d39e-43da-832c-e5cbd6d55750', 'E4', '2026-01-20T11:12:07.623314', '2026-01-20T11:12:07.623314');
INSERT INTO hall_seats (id, cinema_hall_id, seat_type_id, seat_code, created_at, updated_at) VALUES ('29c33bbb-fd2f-444d-9dcf-df6dc361e50b', '7313599b-6813-47c7-8c51-4e3a2ffac29c', '33f663e5-d39e-43da-832c-e5cbd6d55750', 'E5', '2026-01-20T11:12:07.623314', '2026-01-20T11:12:07.623314');
INSERT INTO hall_seats (id, cinema_hall_id, seat_type_id, seat_code, created_at, updated_at) VALUES ('4d107814-9372-4453-a684-d8db96f35300', '7313599b-6813-47c7-8c51-4e3a2ffac29c', '33f663e5-d39e-43da-832c-e5cbd6d55750', 'E6', '2026-01-20T11:12:07.623314', '2026-01-20T11:12:07.623314');
INSERT INTO hall_seats (id, cinema_hall_id, seat_type_id, seat_code, created_at, updated_at) VALUES ('39fcb176-7795-45fb-b18d-daa6913f0223', '7313599b-6813-47c7-8c51-4e3a2ffac29c', '33f663e5-d39e-43da-832c-e5cbd6d55750', 'E7', '2026-01-20T11:12:07.623314', '2026-01-20T11:12:07.623314');
INSERT INTO hall_seats (id, cinema_hall_id, seat_type_id, seat_code, created_at, updated_at) VALUES ('9db32077-62c1-4faf-9e49-ab1383ab3d86', '7313599b-6813-47c7-8c51-4e3a2ffac29c', '33f663e5-d39e-43da-832c-e5cbd6d55750', 'E8', '2026-01-20T11:12:07.623314', '2026-01-20T11:12:07.623314');
INSERT INTO hall_seats (id, cinema_hall_id, seat_type_id, seat_code, created_at, updated_at) VALUES ('b1b2f3ab-d263-4fd6-aa6f-6d4ba3828f48', '7313599b-6813-47c7-8c51-4e3a2ffac29c', '33f663e5-d39e-43da-832c-e5cbd6d55750', 'F1', '2026-01-20T11:12:07.623403', '2026-01-20T11:12:07.623403');
INSERT INTO hall_seats (id, cinema_hall_id, seat_type_id, seat_code, created_at, updated_at) VALUES ('0e170207-0b07-4780-9f35-1d2fff61eab6', '7313599b-6813-47c7-8c51-4e3a2ffac29c', '33f663e5-d39e-43da-832c-e5cbd6d55750', 'F2', '2026-01-20T11:12:07.623403', '2026-01-20T11:12:07.623403');
INSERT INTO hall_seats (id, cinema_hall_id, seat_type_id, seat_code, created_at, updated_at) VALUES ('3ee2fab3-affa-45db-9f44-833bc6e38bbd', '7313599b-6813-47c7-8c51-4e3a2ffac29c', '33f663e5-d39e-43da-832c-e5cbd6d55750', 'F3', '2026-01-20T11:12:07.623403', '2026-01-20T11:12:07.623403');
INSERT INTO hall_seats (id, cinema_hall_id, seat_type_id, seat_code, created_at, updated_at) VALUES ('ecef65b7-6c06-434b-acd5-a4d224b36ba5', '7313599b-6813-47c7-8c51-4e3a2ffac29c', '33f663e5-d39e-43da-832c-e5cbd6d55750', 'F4', '2026-01-20T11:12:07.623403', '2026-01-20T11:12:07.623403');
INSERT INTO hall_seats (id, cinema_hall_id, seat_type_id, seat_code, created_at, updated_at) VALUES ('b6e32a64-ca07-481d-ba3a-66c7aa6c7bb7', '7313599b-6813-47c7-8c51-4e3a2ffac29c', '33f663e5-d39e-43da-832c-e5cbd6d55750', 'F5', '2026-01-20T11:12:07.623403', '2026-01-20T11:12:07.623403');
INSERT INTO hall_seats (id, cinema_hall_id, seat_type_id, seat_code, created_at, updated_at) VALUES ('bf836537-59fe-428a-acc0-b7bc50d5a871', '7313599b-6813-47c7-8c51-4e3a2ffac29c', '33f663e5-d39e-43da-832c-e5cbd6d55750', 'F6', '2026-01-20T11:12:07.623403', '2026-01-20T11:12:07.623403');
INSERT INTO hall_seats (id, cinema_hall_id, seat_type_id, seat_code, created_at, updated_at) VALUES ('dae03afa-0be1-4735-9abb-4290e6da7168', '7313599b-6813-47c7-8c51-4e3a2ffac29c', '33f663e5-d39e-43da-832c-e5cbd6d55750', 'F7', '2026-01-20T11:12:07.623403', '2026-01-20T11:12:07.623403');
INSERT INTO hall_seats (id, cinema_hall_id, seat_type_id, seat_code, created_at, updated_at) VALUES ('603f29a1-dfde-4a15-90b3-574eeeccf7fd', '7313599b-6813-47c7-8c51-4e3a2ffac29c', '33f663e5-d39e-43da-832c-e5cbd6d55750', 'F8', '2026-01-20T11:12:07.623403', '2026-01-20T11:12:07.623403');
INSERT INTO hall_seats (id, cinema_hall_id, seat_type_id, seat_code, created_at, updated_at) VALUES ('499d078d-406a-4916-9d6b-20a0169f540c', '7313599b-6813-47c7-8c51-4e3a2ffac29c', 'd45e50fa-bb04-45a1-9f3f-c70e153f98ea', 'G1', '2026-01-20T11:12:07.623491', '2026-01-20T11:12:07.623491');
INSERT INTO hall_seats (id, cinema_hall_id, seat_type_id, seat_code, created_at, updated_at) VALUES ('e5bc50a5-6e89-4f90-bc27-f9613b749983', '7313599b-6813-47c7-8c51-4e3a2ffac29c', 'd45e50fa-bb04-45a1-9f3f-c70e153f98ea', 'G2', '2026-01-20T11:12:07.623491', '2026-01-20T11:12:07.623491');
INSERT INTO hall_seats (id, cinema_hall_id, seat_type_id, seat_code, created_at, updated_at) VALUES ('74703d3c-8d05-43c7-af14-ffbc07caf293', '7313599b-6813-47c7-8c51-4e3a2ffac29c', 'd45e50fa-bb04-45a1-9f3f-c70e153f98ea', 'G3', '2026-01-20T11:12:07.623491', '2026-01-20T11:12:07.623491');
INSERT INTO hall_seats (id, cinema_hall_id, seat_type_id, seat_code, created_at, updated_at) VALUES ('43f79baf-ac8e-47d8-8495-a59a2e234953', '7313599b-6813-47c7-8c51-4e3a2ffac29c', 'd45e50fa-bb04-45a1-9f3f-c70e153f98ea', 'G4', '2026-01-20T11:12:07.623491', '2026-01-20T11:12:07.623491');
INSERT INTO hall_seats (id, cinema_hall_id, seat_type_id, seat_code, created_at, updated_at) VALUES ('4dde112f-50c8-4a4e-91f9-896aeaf53d73', '7313599b-6813-47c7-8c51-4e3a2ffac29c', 'd45e50fa-bb04-45a1-9f3f-c70e153f98ea', 'G5', '2026-01-20T11:12:07.623491', '2026-01-20T11:12:07.623491');
INSERT INTO hall_seats (id, cinema_hall_id, seat_type_id, seat_code, created_at, updated_at) VALUES ('44cce183-bcdb-4561-b2ab-05e52a0aa03a', '7313599b-6813-47c7-8c51-4e3a2ffac29c', 'd45e50fa-bb04-45a1-9f3f-c70e153f98ea', 'G6', '2026-01-20T11:12:07.623491', '2026-01-20T11:12:07.623491');
INSERT INTO hall_seats (id, cinema_hall_id, seat_type_id, seat_code, created_at, updated_at) VALUES ('7761f92d-4899-4e03-bac0-196a3513c549', '7313599b-6813-47c7-8c51-4e3a2ffac29c', 'd45e50fa-bb04-45a1-9f3f-c70e153f98ea', 'G7', '2026-01-20T11:12:07.623491', '2026-01-20T11:12:07.623491');
INSERT INTO hall_seats (id, cinema_hall_id, seat_type_id, seat_code, created_at, updated_at) VALUES ('25647f8d-d69a-4793-9056-0ba1e3d8fef0', '7313599b-6813-47c7-8c51-4e3a2ffac29c', 'd45e50fa-bb04-45a1-9f3f-c70e153f98ea', 'G8', '2026-01-20T11:12:07.623491', '2026-01-20T11:12:07.623491');
INSERT INTO hall_seats (id, cinema_hall_id, seat_type_id, seat_code, created_at, updated_at) VALUES ('4849af09-45e4-443c-9ad7-4a185a2274eb', '7313599b-6813-47c7-8c51-4e3a2ffac29c', 'd45e50fa-bb04-45a1-9f3f-c70e153f98ea', 'H1', '2026-01-20T11:12:07.623574', '2026-01-20T11:12:07.623574');
INSERT INTO hall_seats (id, cinema_hall_id, seat_type_id, seat_code, created_at, updated_at) VALUES ('30ba2716-f5b3-4ca0-a002-c0eead128ba7', '7313599b-6813-47c7-8c51-4e3a2ffac29c', 'd45e50fa-bb04-45a1-9f3f-c70e153f98ea', 'H2', '2026-01-20T11:12:07.623574', '2026-01-20T11:12:07.623574');
INSERT INTO hall_seats (id, cinema_hall_id, seat_type_id, seat_code, created_at, updated_at) VALUES ('d66a1b03-3330-48e5-8c01-066e191abfd8', '7313599b-6813-47c7-8c51-4e3a2ffac29c', 'd45e50fa-bb04-45a1-9f3f-c70e153f98ea', 'H3', '2026-01-20T11:12:07.623574', '2026-01-20T11:12:07.623574');
INSERT INTO hall_seats (id, cinema_hall_id, seat_type_id, seat_code, created_at, updated_at) VALUES ('0a586476-0896-4c3f-8eb0-b2ad4926716f', '7313599b-6813-47c7-8c51-4e3a2ffac29c', 'd45e50fa-bb04-45a1-9f3f-c70e153f98ea', 'H4', '2026-01-20T11:12:07.623574', '2026-01-20T11:12:07.623574');
INSERT INTO hall_seats (id, cinema_hall_id, seat_type_id, seat_code, created_at, updated_at) VALUES ('336c6c67-a85c-49f3-b3c2-f6a033999145', '7313599b-6813-47c7-8c51-4e3a2ffac29c', 'd45e50fa-bb04-45a1-9f3f-c70e153f98ea', 'H5', '2026-01-20T11:12:07.623574', '2026-01-20T11:12:07.623574');
INSERT INTO hall_seats (id, cinema_hall_id, seat_type_id, seat_code, created_at, updated_at) VALUES ('b29d6954-32f5-4d99-b1fe-e75144118f76', '7313599b-6813-47c7-8c51-4e3a2ffac29c', 'd45e50fa-bb04-45a1-9f3f-c70e153f98ea', 'H6', '2026-01-20T11:12:07.623574', '2026-01-20T11:12:07.623574');
INSERT INTO hall_seats (id, cinema_hall_id, seat_type_id, seat_code, created_at, updated_at) VALUES ('c0cc135c-2d3a-4665-942a-640b14656a75', '7313599b-6813-47c7-8c51-4e3a2ffac29c', 'd45e50fa-bb04-45a1-9f3f-c70e153f98ea', 'H7', '2026-01-20T11:12:07.623574', '2026-01-20T11:12:07.623574');
INSERT INTO hall_seats (id, cinema_hall_id, seat_type_id, seat_code, created_at, updated_at) VALUES ('19da6975-7ead-410a-a58d-eab402322146', '7313599b-6813-47c7-8c51-4e3a2ffac29c', 'd45e50fa-bb04-45a1-9f3f-c70e153f98ea', 'H8', '2026-01-20T11:12:07.623574', '2026-01-20T11:12:07.623574');
INSERT INTO hall_seats (id, cinema_hall_id, seat_type_id, seat_code, created_at, updated_at) VALUES ('64a4ab75-58e8-4768-96bb-74158f7ef2d2', '7313599b-6813-47c7-8c51-4e3a2ffac29c', '6bd71157-64ef-4ac5-a31c-5b6ae4e1cbe5', 'I1', '2026-01-20T11:12:07.623652', '2026-01-20T11:12:07.623652');
INSERT INTO hall_seats (id, cinema_hall_id, seat_type_id, seat_code, created_at, updated_at) VALUES ('dc75f549-3055-4844-bc54-feeee59e0e67', '7313599b-6813-47c7-8c51-4e3a2ffac29c', '6bd71157-64ef-4ac5-a31c-5b6ae4e1cbe5', 'I2', '2026-01-20T11:12:07.623652', '2026-01-20T11:12:07.623652');
INSERT INTO hall_seats (id, cinema_hall_id, seat_type_id, seat_code, created_at, updated_at) VALUES ('5bcfa042-d0ac-49ed-922c-2d662f83402c', '7313599b-6813-47c7-8c51-4e3a2ffac29c', '6bd71157-64ef-4ac5-a31c-5b6ae4e1cbe5', 'I3', '2026-01-20T11:12:07.623652', '2026-01-20T11:12:07.623652');
INSERT INTO hall_seats (id, cinema_hall_id, seat_type_id, seat_code, created_at, updated_at) VALUES ('5bd732d2-251a-48b5-b29b-67885b8c4eb1', '7313599b-6813-47c7-8c51-4e3a2ffac29c', '6bd71157-64ef-4ac5-a31c-5b6ae4e1cbe5', 'I4', '2026-01-20T11:12:07.623652', '2026-01-20T11:12:07.623652');
INSERT INTO hall_seats (id, cinema_hall_id, seat_type_id, seat_code, created_at, updated_at) VALUES ('9b70076a-0181-4669-8d59-bd485750c241', '91119da7-9c00-42bd-9dd6-dd1377d09797', '33f663e5-d39e-43da-832c-e5cbd6d55750', 'A1', '2026-01-20T11:12:07.623699', '2026-01-20T11:12:07.623699');
INSERT INTO hall_seats (id, cinema_hall_id, seat_type_id, seat_code, created_at, updated_at) VALUES ('e2d290ec-7c41-440e-b3f7-84e59b219b3e', '91119da7-9c00-42bd-9dd6-dd1377d09797', '33f663e5-d39e-43da-832c-e5cbd6d55750', 'A2', '2026-01-20T11:12:07.623699', '2026-01-20T11:12:07.623699');
INSERT INTO hall_seats (id, cinema_hall_id, seat_type_id, seat_code, created_at, updated_at) VALUES ('81ee24ef-ff5e-458d-886b-ae8ca6d32473', '91119da7-9c00-42bd-9dd6-dd1377d09797', '33f663e5-d39e-43da-832c-e5cbd6d55750', 'A3', '2026-01-20T11:12:07.623699', '2026-01-20T11:12:07.623699');
INSERT INTO hall_seats (id, cinema_hall_id, seat_type_id, seat_code, created_at, updated_at) VALUES ('26a9767b-837f-4587-b976-9da1a01b07cb', '91119da7-9c00-42bd-9dd6-dd1377d09797', '33f663e5-d39e-43da-832c-e5cbd6d55750', 'A4', '2026-01-20T11:12:07.623699', '2026-01-20T11:12:07.623699');
INSERT INTO hall_seats (id, cinema_hall_id, seat_type_id, seat_code, created_at, updated_at) VALUES ('4a2ae001-5202-4697-883b-8044df37916f', '91119da7-9c00-42bd-9dd6-dd1377d09797', '33f663e5-d39e-43da-832c-e5cbd6d55750', 'A5', '2026-01-20T11:12:07.623699', '2026-01-20T11:12:07.623699');
INSERT INTO hall_seats (id, cinema_hall_id, seat_type_id, seat_code, created_at, updated_at) VALUES ('0b895aa4-8e23-4a61-8acd-bec5b2595c36', '91119da7-9c00-42bd-9dd6-dd1377d09797', '33f663e5-d39e-43da-832c-e5cbd6d55750', 'A6', '2026-01-20T11:12:07.623699', '2026-01-20T11:12:07.623699');
INSERT INTO hall_seats (id, cinema_hall_id, seat_type_id, seat_code, created_at, updated_at) VALUES ('7d8d2263-617e-4c38-bb8d-b162c342c240', '91119da7-9c00-42bd-9dd6-dd1377d09797', '33f663e5-d39e-43da-832c-e5cbd6d55750', 'A7', '2026-01-20T11:12:07.623699', '2026-01-20T11:12:07.623699');
INSERT INTO hall_seats (id, cinema_hall_id, seat_type_id, seat_code, created_at, updated_at) VALUES ('45c65dd0-4b2b-490e-8f9b-e9ecba0821a2', '91119da7-9c00-42bd-9dd6-dd1377d09797', '33f663e5-d39e-43da-832c-e5cbd6d55750', 'A8', '2026-01-20T11:12:07.623699', '2026-01-20T11:12:07.623699');
INSERT INTO hall_seats (id, cinema_hall_id, seat_type_id, seat_code, created_at, updated_at) VALUES ('7ff4554f-e4fd-4b50-b6fd-90ad2677567a', '91119da7-9c00-42bd-9dd6-dd1377d09797', '33f663e5-d39e-43da-832c-e5cbd6d55750', 'B1', '2026-01-20T11:12:07.623778', '2026-01-20T11:12:07.623778');
INSERT INTO hall_seats (id, cinema_hall_id, seat_type_id, seat_code, created_at, updated_at) VALUES ('f9c75452-ea61-4032-8046-4dc86d49d56c', '91119da7-9c00-42bd-9dd6-dd1377d09797', '33f663e5-d39e-43da-832c-e5cbd6d55750', 'B2', '2026-01-20T11:12:07.623778', '2026-01-20T11:12:07.623778');
INSERT INTO hall_seats (id, cinema_hall_id, seat_type_id, seat_code, created_at, updated_at) VALUES ('b17b64a4-7e42-4542-abc4-ab4c19dea42b', '91119da7-9c00-42bd-9dd6-dd1377d09797', '33f663e5-d39e-43da-832c-e5cbd6d55750', 'B3', '2026-01-20T11:12:07.623778', '2026-01-20T11:12:07.623778');
INSERT INTO hall_seats (id, cinema_hall_id, seat_type_id, seat_code, created_at, updated_at) VALUES ('273f9135-4caa-4663-b77e-c5fd3034a676', '91119da7-9c00-42bd-9dd6-dd1377d09797', '33f663e5-d39e-43da-832c-e5cbd6d55750', 'B4', '2026-01-20T11:12:07.623778', '2026-01-20T11:12:07.623778');
INSERT INTO hall_seats (id, cinema_hall_id, seat_type_id, seat_code, created_at, updated_at) VALUES ('450faf9e-f966-4726-bcc4-4b73195b62dd', '91119da7-9c00-42bd-9dd6-dd1377d09797', '33f663e5-d39e-43da-832c-e5cbd6d55750', 'B5', '2026-01-20T11:12:07.623778', '2026-01-20T11:12:07.623778');
INSERT INTO hall_seats (id, cinema_hall_id, seat_type_id, seat_code, created_at, updated_at) VALUES ('760cc899-b0b4-46b2-9e7b-7ad1f53d2e51', '91119da7-9c00-42bd-9dd6-dd1377d09797', '33f663e5-d39e-43da-832c-e5cbd6d55750', 'B6', '2026-01-20T11:12:07.623778', '2026-01-20T11:12:07.623778');
INSERT INTO hall_seats (id, cinema_hall_id, seat_type_id, seat_code, created_at, updated_at) VALUES ('c7fc98cb-e510-4ae0-b649-bd60c29e93a0', '91119da7-9c00-42bd-9dd6-dd1377d09797', '33f663e5-d39e-43da-832c-e5cbd6d55750', 'B7', '2026-01-20T11:12:07.623778', '2026-01-20T11:12:07.623778');
INSERT INTO hall_seats (id, cinema_hall_id, seat_type_id, seat_code, created_at, updated_at) VALUES ('54bd4118-852b-4a80-aaf2-fb83e725f34f', '91119da7-9c00-42bd-9dd6-dd1377d09797', '33f663e5-d39e-43da-832c-e5cbd6d55750', 'B8', '2026-01-20T11:12:07.623778', '2026-01-20T11:12:07.623778');
INSERT INTO hall_seats (id, cinema_hall_id, seat_type_id, seat_code, created_at, updated_at) VALUES ('32d704da-425e-4170-98b8-4404ec7d1244', '91119da7-9c00-42bd-9dd6-dd1377d09797', '33f663e5-d39e-43da-832c-e5cbd6d55750', 'C1', '2026-01-20T11:12:07.623868', '2026-01-20T11:12:07.623868');
INSERT INTO hall_seats (id, cinema_hall_id, seat_type_id, seat_code, created_at, updated_at) VALUES ('63a447e5-91e9-437a-9792-a79a2297e6e8', '91119da7-9c00-42bd-9dd6-dd1377d09797', '33f663e5-d39e-43da-832c-e5cbd6d55750', 'C2', '2026-01-20T11:12:07.623868', '2026-01-20T11:12:07.623868');
INSERT INTO hall_seats (id, cinema_hall_id, seat_type_id, seat_code, created_at, updated_at) VALUES ('bc76c410-d844-4082-ab3d-584cf0bef39b', '91119da7-9c00-42bd-9dd6-dd1377d09797', '33f663e5-d39e-43da-832c-e5cbd6d55750', 'C3', '2026-01-20T11:12:07.623868', '2026-01-20T11:12:07.623868');
INSERT INTO hall_seats (id, cinema_hall_id, seat_type_id, seat_code, created_at, updated_at) VALUES ('88d64e6a-74d3-49c2-8865-43dff9bc5c1d', '91119da7-9c00-42bd-9dd6-dd1377d09797', '33f663e5-d39e-43da-832c-e5cbd6d55750', 'C4', '2026-01-20T11:12:07.623868', '2026-01-20T11:12:07.623868');
INSERT INTO hall_seats (id, cinema_hall_id, seat_type_id, seat_code, created_at, updated_at) VALUES ('3d7292ca-a40b-400d-ac9d-7dd2b4d0102e', '91119da7-9c00-42bd-9dd6-dd1377d09797', '33f663e5-d39e-43da-832c-e5cbd6d55750', 'C5', '2026-01-20T11:12:07.623868', '2026-01-20T11:12:07.623868');
INSERT INTO hall_seats (id, cinema_hall_id, seat_type_id, seat_code, created_at, updated_at) VALUES ('0adb9316-fedb-41ee-b38d-73ff102af934', '91119da7-9c00-42bd-9dd6-dd1377d09797', '33f663e5-d39e-43da-832c-e5cbd6d55750', 'C6', '2026-01-20T11:12:07.623868', '2026-01-20T11:12:07.623868');
INSERT INTO hall_seats (id, cinema_hall_id, seat_type_id, seat_code, created_at, updated_at) VALUES ('1dce9b59-d6e1-4d2b-8d09-e678f7983be9', '91119da7-9c00-42bd-9dd6-dd1377d09797', '33f663e5-d39e-43da-832c-e5cbd6d55750', 'C7', '2026-01-20T11:12:07.623868', '2026-01-20T11:12:07.623868');
INSERT INTO hall_seats (id, cinema_hall_id, seat_type_id, seat_code, created_at, updated_at) VALUES ('391aa4cf-11eb-4d27-8824-08f1a205660e', '91119da7-9c00-42bd-9dd6-dd1377d09797', '33f663e5-d39e-43da-832c-e5cbd6d55750', 'C8', '2026-01-20T11:12:07.623868', '2026-01-20T11:12:07.623868');
INSERT INTO hall_seats (id, cinema_hall_id, seat_type_id, seat_code, created_at, updated_at) VALUES ('9bb1ea35-abe7-458d-b701-8a86a3ccbb25', '91119da7-9c00-42bd-9dd6-dd1377d09797', '33f663e5-d39e-43da-832c-e5cbd6d55750', 'D1', '2026-01-20T11:12:07.623961', '2026-01-20T11:12:07.623961');
INSERT INTO hall_seats (id, cinema_hall_id, seat_type_id, seat_code, created_at, updated_at) VALUES ('e4c013b5-d232-44e0-a6a0-80e5bb34a530', '91119da7-9c00-42bd-9dd6-dd1377d09797', '33f663e5-d39e-43da-832c-e5cbd6d55750', 'D2', '2026-01-20T11:12:07.623961', '2026-01-20T11:12:07.623961');
INSERT INTO hall_seats (id, cinema_hall_id, seat_type_id, seat_code, created_at, updated_at) VALUES ('d0431f8b-12ae-451a-8b8f-52d2b6f6611f', '91119da7-9c00-42bd-9dd6-dd1377d09797', '33f663e5-d39e-43da-832c-e5cbd6d55750', 'D3', '2026-01-20T11:12:07.623961', '2026-01-20T11:12:07.623961');
INSERT INTO hall_seats (id, cinema_hall_id, seat_type_id, seat_code, created_at, updated_at) VALUES ('a766d4c0-4a27-4fac-8a44-06740fc060c2', '91119da7-9c00-42bd-9dd6-dd1377d09797', '33f663e5-d39e-43da-832c-e5cbd6d55750', 'D4', '2026-01-20T11:12:07.623961', '2026-01-20T11:12:07.623961');
INSERT INTO hall_seats (id, cinema_hall_id, seat_type_id, seat_code, created_at, updated_at) VALUES ('9ea344fb-373c-4fd6-9108-a47c5259f653', '91119da7-9c00-42bd-9dd6-dd1377d09797', '33f663e5-d39e-43da-832c-e5cbd6d55750', 'D5', '2026-01-20T11:12:07.623961', '2026-01-20T11:12:07.623961');
INSERT INTO hall_seats (id, cinema_hall_id, seat_type_id, seat_code, created_at, updated_at) VALUES ('c780098a-30f1-4a5b-a20d-59802e719c50', '91119da7-9c00-42bd-9dd6-dd1377d09797', '33f663e5-d39e-43da-832c-e5cbd6d55750', 'D6', '2026-01-20T11:12:07.623961', '2026-01-20T11:12:07.623961');
INSERT INTO hall_seats (id, cinema_hall_id, seat_type_id, seat_code, created_at, updated_at) VALUES ('ac0392cf-a413-441a-9c7d-4024652ada7c', '91119da7-9c00-42bd-9dd6-dd1377d09797', '33f663e5-d39e-43da-832c-e5cbd6d55750', 'D7', '2026-01-20T11:12:07.623961', '2026-01-20T11:12:07.623961');
INSERT INTO hall_seats (id, cinema_hall_id, seat_type_id, seat_code, created_at, updated_at) VALUES ('7ca9a1ff-28dd-4979-9d6f-527657046510', '91119da7-9c00-42bd-9dd6-dd1377d09797', '33f663e5-d39e-43da-832c-e5cbd6d55750', 'D8', '2026-01-20T11:12:07.623961', '2026-01-20T11:12:07.623961');
INSERT INTO hall_seats (id, cinema_hall_id, seat_type_id, seat_code, created_at, updated_at) VALUES ('61bf5459-f5a2-4a83-88aa-469f370cf470', '91119da7-9c00-42bd-9dd6-dd1377d09797', '33f663e5-d39e-43da-832c-e5cbd6d55750', 'E1', '2026-01-20T11:12:07.624040', '2026-01-20T11:12:07.624040');
INSERT INTO hall_seats (id, cinema_hall_id, seat_type_id, seat_code, created_at, updated_at) VALUES ('05c369ab-4bb8-4bda-9c0b-e5a8e31ded05', '91119da7-9c00-42bd-9dd6-dd1377d09797', '33f663e5-d39e-43da-832c-e5cbd6d55750', 'E2', '2026-01-20T11:12:07.624040', '2026-01-20T11:12:07.624040');
INSERT INTO hall_seats (id, cinema_hall_id, seat_type_id, seat_code, created_at, updated_at) VALUES ('e67ca8c1-4c62-4fa7-b748-6b7186f3eb18', '91119da7-9c00-42bd-9dd6-dd1377d09797', '33f663e5-d39e-43da-832c-e5cbd6d55750', 'E3', '2026-01-20T11:12:07.624040', '2026-01-20T11:12:07.624040');
INSERT INTO hall_seats (id, cinema_hall_id, seat_type_id, seat_code, created_at, updated_at) VALUES ('c6809c92-9e26-4d71-9574-e83f15e8a4e2', '91119da7-9c00-42bd-9dd6-dd1377d09797', '33f663e5-d39e-43da-832c-e5cbd6d55750', 'E4', '2026-01-20T11:12:07.624040', '2026-01-20T11:12:07.624040');
INSERT INTO hall_seats (id, cinema_hall_id, seat_type_id, seat_code, created_at, updated_at) VALUES ('a8da14ab-0afc-4b59-aecb-8a52ed74f0a0', '91119da7-9c00-42bd-9dd6-dd1377d09797', '33f663e5-d39e-43da-832c-e5cbd6d55750', 'E5', '2026-01-20T11:12:07.624040', '2026-01-20T11:12:07.624040');
INSERT INTO hall_seats (id, cinema_hall_id, seat_type_id, seat_code, created_at, updated_at) VALUES ('cf479a71-661a-4752-aa2d-9f75c81ad46d', '91119da7-9c00-42bd-9dd6-dd1377d09797', '33f663e5-d39e-43da-832c-e5cbd6d55750', 'E6', '2026-01-20T11:12:07.624040', '2026-01-20T11:12:07.624040');
INSERT INTO hall_seats (id, cinema_hall_id, seat_type_id, seat_code, created_at, updated_at) VALUES ('d6f80d62-1170-4728-84ce-91899670aa67', '91119da7-9c00-42bd-9dd6-dd1377d09797', '33f663e5-d39e-43da-832c-e5cbd6d55750', 'E7', '2026-01-20T11:12:07.624040', '2026-01-20T11:12:07.624040');
INSERT INTO hall_seats (id, cinema_hall_id, seat_type_id, seat_code, created_at, updated_at) VALUES ('d67c0d25-8cea-48e5-833b-42145116eeeb', '91119da7-9c00-42bd-9dd6-dd1377d09797', '33f663e5-d39e-43da-832c-e5cbd6d55750', 'E8', '2026-01-20T11:12:07.624040', '2026-01-20T11:12:07.624040');
INSERT INTO hall_seats (id, cinema_hall_id, seat_type_id, seat_code, created_at, updated_at) VALUES ('ea0cf703-6b20-4737-afa1-d87943862f59', '91119da7-9c00-42bd-9dd6-dd1377d09797', '33f663e5-d39e-43da-832c-e5cbd6d55750', 'F1', '2026-01-20T11:12:07.624145', '2026-01-20T11:12:07.624145');
INSERT INTO hall_seats (id, cinema_hall_id, seat_type_id, seat_code, created_at, updated_at) VALUES ('82b6da12-9100-404e-84e9-c86381b3c194', '91119da7-9c00-42bd-9dd6-dd1377d09797', '33f663e5-d39e-43da-832c-e5cbd6d55750', 'F2', '2026-01-20T11:12:07.624145', '2026-01-20T11:12:07.624145');
INSERT INTO hall_seats (id, cinema_hall_id, seat_type_id, seat_code, created_at, updated_at) VALUES ('81e19dfc-3c8f-4b61-8499-16ad81b12c18', '91119da7-9c00-42bd-9dd6-dd1377d09797', '33f663e5-d39e-43da-832c-e5cbd6d55750', 'F3', '2026-01-20T11:12:07.624145', '2026-01-20T11:12:07.624145');
INSERT INTO hall_seats (id, cinema_hall_id, seat_type_id, seat_code, created_at, updated_at) VALUES ('34fb5a2c-30a2-439b-b5ae-cec4c1111f5b', '91119da7-9c00-42bd-9dd6-dd1377d09797', '33f663e5-d39e-43da-832c-e5cbd6d55750', 'F4', '2026-01-20T11:12:07.624145', '2026-01-20T11:12:07.624145');
INSERT INTO hall_seats (id, cinema_hall_id, seat_type_id, seat_code, created_at, updated_at) VALUES ('d8edbd22-85c9-4e56-8428-581971a4d3b2', '91119da7-9c00-42bd-9dd6-dd1377d09797', '33f663e5-d39e-43da-832c-e5cbd6d55750', 'F5', '2026-01-20T11:12:07.624145', '2026-01-20T11:12:07.624145');
INSERT INTO hall_seats (id, cinema_hall_id, seat_type_id, seat_code, created_at, updated_at) VALUES ('30fd80b7-e452-47f5-ad1b-8835f0a3b8ff', '91119da7-9c00-42bd-9dd6-dd1377d09797', '33f663e5-d39e-43da-832c-e5cbd6d55750', 'F6', '2026-01-20T11:12:07.624145', '2026-01-20T11:12:07.624145');
INSERT INTO hall_seats (id, cinema_hall_id, seat_type_id, seat_code, created_at, updated_at) VALUES ('08d164ab-108a-4958-b2fb-14abcc0f1a1c', '91119da7-9c00-42bd-9dd6-dd1377d09797', '33f663e5-d39e-43da-832c-e5cbd6d55750', 'F7', '2026-01-20T11:12:07.624145', '2026-01-20T11:12:07.624145');
INSERT INTO hall_seats (id, cinema_hall_id, seat_type_id, seat_code, created_at, updated_at) VALUES ('c87766c8-ff36-42fe-b0c4-7adea1d88664', '91119da7-9c00-42bd-9dd6-dd1377d09797', '33f663e5-d39e-43da-832c-e5cbd6d55750', 'F8', '2026-01-20T11:12:07.624145', '2026-01-20T11:12:07.624145');
INSERT INTO hall_seats (id, cinema_hall_id, seat_type_id, seat_code, created_at, updated_at) VALUES ('61a4e20c-7f6b-4bd2-8fc8-7a975b03e9f8', '91119da7-9c00-42bd-9dd6-dd1377d09797', 'd45e50fa-bb04-45a1-9f3f-c70e153f98ea', 'G1', '2026-01-20T11:12:07.624230', '2026-01-20T11:12:07.624230');
INSERT INTO hall_seats (id, cinema_hall_id, seat_type_id, seat_code, created_at, updated_at) VALUES ('f54af970-b417-432c-b710-5c8e18178b66', '91119da7-9c00-42bd-9dd6-dd1377d09797', 'd45e50fa-bb04-45a1-9f3f-c70e153f98ea', 'G2', '2026-01-20T11:12:07.624230', '2026-01-20T11:12:07.624230');
INSERT INTO hall_seats (id, cinema_hall_id, seat_type_id, seat_code, created_at, updated_at) VALUES ('ed86490b-94a9-440e-af63-76442feacc60', '91119da7-9c00-42bd-9dd6-dd1377d09797', 'd45e50fa-bb04-45a1-9f3f-c70e153f98ea', 'G3', '2026-01-20T11:12:07.624230', '2026-01-20T11:12:07.624230');
INSERT INTO hall_seats (id, cinema_hall_id, seat_type_id, seat_code, created_at, updated_at) VALUES ('fa9378a5-0da3-4416-974c-f12a7add06f2', '91119da7-9c00-42bd-9dd6-dd1377d09797', 'd45e50fa-bb04-45a1-9f3f-c70e153f98ea', 'G4', '2026-01-20T11:12:07.624230', '2026-01-20T11:12:07.624230');
INSERT INTO hall_seats (id, cinema_hall_id, seat_type_id, seat_code, created_at, updated_at) VALUES ('9de0fc90-14f3-44a8-b7fb-fb3e827a8018', '91119da7-9c00-42bd-9dd6-dd1377d09797', 'd45e50fa-bb04-45a1-9f3f-c70e153f98ea', 'G5', '2026-01-20T11:12:07.624230', '2026-01-20T11:12:07.624230');
INSERT INTO hall_seats (id, cinema_hall_id, seat_type_id, seat_code, created_at, updated_at) VALUES ('d24f6691-8262-49b2-9e39-bba1a3273b6e', '91119da7-9c00-42bd-9dd6-dd1377d09797', 'd45e50fa-bb04-45a1-9f3f-c70e153f98ea', 'G6', '2026-01-20T11:12:07.624230', '2026-01-20T11:12:07.624230');
INSERT INTO hall_seats (id, cinema_hall_id, seat_type_id, seat_code, created_at, updated_at) VALUES ('14ee7247-917e-43ff-8b90-432f91aa6ca0', '91119da7-9c00-42bd-9dd6-dd1377d09797', 'd45e50fa-bb04-45a1-9f3f-c70e153f98ea', 'G7', '2026-01-20T11:12:07.624230', '2026-01-20T11:12:07.624230');
INSERT INTO hall_seats (id, cinema_hall_id, seat_type_id, seat_code, created_at, updated_at) VALUES ('913230ad-37ee-4419-a06d-73d3ce98b49f', '91119da7-9c00-42bd-9dd6-dd1377d09797', 'd45e50fa-bb04-45a1-9f3f-c70e153f98ea', 'G8', '2026-01-20T11:12:07.624230', '2026-01-20T11:12:07.624230');
INSERT INTO hall_seats (id, cinema_hall_id, seat_type_id, seat_code, created_at, updated_at) VALUES ('e77ea00a-738d-4249-9f66-68014a44fcbb', '91119da7-9c00-42bd-9dd6-dd1377d09797', 'd45e50fa-bb04-45a1-9f3f-c70e153f98ea', 'H1', '2026-01-20T11:12:07.624308', '2026-01-20T11:12:07.624308');
INSERT INTO hall_seats (id, cinema_hall_id, seat_type_id, seat_code, created_at, updated_at) VALUES ('8d919f91-6061-423d-996c-9710fbac214b', '91119da7-9c00-42bd-9dd6-dd1377d09797', 'd45e50fa-bb04-45a1-9f3f-c70e153f98ea', 'H2', '2026-01-20T11:12:07.624308', '2026-01-20T11:12:07.624308');
INSERT INTO hall_seats (id, cinema_hall_id, seat_type_id, seat_code, created_at, updated_at) VALUES ('c6feaf75-6653-4191-82b4-7433b55c1a95', '91119da7-9c00-42bd-9dd6-dd1377d09797', 'd45e50fa-bb04-45a1-9f3f-c70e153f98ea', 'H3', '2026-01-20T11:12:07.624308', '2026-01-20T11:12:07.624308');
INSERT INTO hall_seats (id, cinema_hall_id, seat_type_id, seat_code, created_at, updated_at) VALUES ('a15f8f91-a086-4d22-a15b-b96c0c185d7b', '91119da7-9c00-42bd-9dd6-dd1377d09797', 'd45e50fa-bb04-45a1-9f3f-c70e153f98ea', 'H4', '2026-01-20T11:12:07.624308', '2026-01-20T11:12:07.624308');
INSERT INTO hall_seats (id, cinema_hall_id, seat_type_id, seat_code, created_at, updated_at) VALUES ('3055c328-511c-48b8-b830-74a355db64de', '91119da7-9c00-42bd-9dd6-dd1377d09797', 'd45e50fa-bb04-45a1-9f3f-c70e153f98ea', 'H5', '2026-01-20T11:12:07.624308', '2026-01-20T11:12:07.624308');
INSERT INTO hall_seats (id, cinema_hall_id, seat_type_id, seat_code, created_at, updated_at) VALUES ('5a84301d-6996-459c-a9e2-63ea31cd5f3a', '91119da7-9c00-42bd-9dd6-dd1377d09797', 'd45e50fa-bb04-45a1-9f3f-c70e153f98ea', 'H6', '2026-01-20T11:12:07.624308', '2026-01-20T11:12:07.624308');
INSERT INTO hall_seats (id, cinema_hall_id, seat_type_id, seat_code, created_at, updated_at) VALUES ('f29df778-3173-427c-b8ee-cbafcd7e72e7', '91119da7-9c00-42bd-9dd6-dd1377d09797', 'd45e50fa-bb04-45a1-9f3f-c70e153f98ea', 'H7', '2026-01-20T11:12:07.624308', '2026-01-20T11:12:07.624308');
INSERT INTO hall_seats (id, cinema_hall_id, seat_type_id, seat_code, created_at, updated_at) VALUES ('1ca2b957-5246-4567-80ae-aa9497a1a89e', '91119da7-9c00-42bd-9dd6-dd1377d09797', 'd45e50fa-bb04-45a1-9f3f-c70e153f98ea', 'H8', '2026-01-20T11:12:07.624308', '2026-01-20T11:12:07.624308');
INSERT INTO hall_seats (id, cinema_hall_id, seat_type_id, seat_code, created_at, updated_at) VALUES ('b9813fe0-3621-4c3a-ad49-0ee7aac359ad', '91119da7-9c00-42bd-9dd6-dd1377d09797', '6bd71157-64ef-4ac5-a31c-5b6ae4e1cbe5', 'I1', '2026-01-20T11:12:07.624397', '2026-01-20T11:12:07.624397');
INSERT INTO hall_seats (id, cinema_hall_id, seat_type_id, seat_code, created_at, updated_at) VALUES ('e61c7f13-a68b-49eb-a88f-07ca1224d022', '91119da7-9c00-42bd-9dd6-dd1377d09797', '6bd71157-64ef-4ac5-a31c-5b6ae4e1cbe5', 'I2', '2026-01-20T11:12:07.624397', '2026-01-20T11:12:07.624397');
INSERT INTO hall_seats (id, cinema_hall_id, seat_type_id, seat_code, created_at, updated_at) VALUES ('5fb4e37b-dd08-45f3-bd48-a697204ab911', '91119da7-9c00-42bd-9dd6-dd1377d09797', '6bd71157-64ef-4ac5-a31c-5b6ae4e1cbe5', 'I3', '2026-01-20T11:12:07.624397', '2026-01-20T11:12:07.624397');
INSERT INTO hall_seats (id, cinema_hall_id, seat_type_id, seat_code, created_at, updated_at) VALUES ('2fdfe6cb-25aa-4a5b-ba9b-024f7a575745', '91119da7-9c00-42bd-9dd6-dd1377d09797', '6bd71157-64ef-4ac5-a31c-5b6ae4e1cbe5', 'I4', '2026-01-20T11:12:07.624397', '2026-01-20T11:12:07.624397');
INSERT INTO hall_seats (id, cinema_hall_id, seat_type_id, seat_code, created_at, updated_at) VALUES ('6593fdc3-37ff-4b87-978c-0602145fd277', '346d2a4d-5b04-466c-a9ae-acba644c3285', '33f663e5-d39e-43da-832c-e5cbd6d55750', 'A1', '2026-01-20T11:12:07.624442', '2026-01-20T11:12:07.624442');
INSERT INTO hall_seats (id, cinema_hall_id, seat_type_id, seat_code, created_at, updated_at) VALUES ('2dcba539-6772-4d9b-a139-50e6ccf98ae8', '346d2a4d-5b04-466c-a9ae-acba644c3285', '33f663e5-d39e-43da-832c-e5cbd6d55750', 'A2', '2026-01-20T11:12:07.624442', '2026-01-20T11:12:07.624442');
INSERT INTO hall_seats (id, cinema_hall_id, seat_type_id, seat_code, created_at, updated_at) VALUES ('9a69bbc7-0fcf-4a82-8fbc-cac598f0b3b8', '346d2a4d-5b04-466c-a9ae-acba644c3285', '33f663e5-d39e-43da-832c-e5cbd6d55750', 'A3', '2026-01-20T11:12:07.624442', '2026-01-20T11:12:07.624442');
INSERT INTO hall_seats (id, cinema_hall_id, seat_type_id, seat_code, created_at, updated_at) VALUES ('bdfe3963-7e68-43a1-8784-42160dc8deb9', '346d2a4d-5b04-466c-a9ae-acba644c3285', '33f663e5-d39e-43da-832c-e5cbd6d55750', 'A4', '2026-01-20T11:12:07.624442', '2026-01-20T11:12:07.624442');
INSERT INTO hall_seats (id, cinema_hall_id, seat_type_id, seat_code, created_at, updated_at) VALUES ('5ec38549-4f90-404c-b2f9-e216ce514897', '346d2a4d-5b04-466c-a9ae-acba644c3285', '33f663e5-d39e-43da-832c-e5cbd6d55750', 'A5', '2026-01-20T11:12:07.624442', '2026-01-20T11:12:07.624442');
INSERT INTO hall_seats (id, cinema_hall_id, seat_type_id, seat_code, created_at, updated_at) VALUES ('f97b90cd-92bc-452a-a0ee-dd027b6fe397', '346d2a4d-5b04-466c-a9ae-acba644c3285', '33f663e5-d39e-43da-832c-e5cbd6d55750', 'A6', '2026-01-20T11:12:07.624442', '2026-01-20T11:12:07.624442');
INSERT INTO hall_seats (id, cinema_hall_id, seat_type_id, seat_code, created_at, updated_at) VALUES ('cc9e09d0-ec60-46db-a8f8-bb458005b147', '346d2a4d-5b04-466c-a9ae-acba644c3285', '33f663e5-d39e-43da-832c-e5cbd6d55750', 'A7', '2026-01-20T11:12:07.624442', '2026-01-20T11:12:07.624442');
INSERT INTO hall_seats (id, cinema_hall_id, seat_type_id, seat_code, created_at, updated_at) VALUES ('67df9f26-5030-46ec-93ec-2bcef981fc94', '346d2a4d-5b04-466c-a9ae-acba644c3285', '33f663e5-d39e-43da-832c-e5cbd6d55750', 'A8', '2026-01-20T11:12:07.624442', '2026-01-20T11:12:07.624442');
INSERT INTO hall_seats (id, cinema_hall_id, seat_type_id, seat_code, created_at, updated_at) VALUES ('11d07a31-7123-4ea4-a13c-8ccdef561fb0', '346d2a4d-5b04-466c-a9ae-acba644c3285', '33f663e5-d39e-43da-832c-e5cbd6d55750', 'B1', '2026-01-20T11:12:07.624538', '2026-01-20T11:12:07.624538');
INSERT INTO hall_seats (id, cinema_hall_id, seat_type_id, seat_code, created_at, updated_at) VALUES ('edf6a3fc-8a13-4190-a4ce-49e1a719a997', '346d2a4d-5b04-466c-a9ae-acba644c3285', '33f663e5-d39e-43da-832c-e5cbd6d55750', 'B2', '2026-01-20T11:12:07.624538', '2026-01-20T11:12:07.624538');
INSERT INTO hall_seats (id, cinema_hall_id, seat_type_id, seat_code, created_at, updated_at) VALUES ('c4c496d3-800e-4d94-9e37-485718d65616', '346d2a4d-5b04-466c-a9ae-acba644c3285', '33f663e5-d39e-43da-832c-e5cbd6d55750', 'B3', '2026-01-20T11:12:07.624538', '2026-01-20T11:12:07.624538');
INSERT INTO hall_seats (id, cinema_hall_id, seat_type_id, seat_code, created_at, updated_at) VALUES ('acb04887-219d-4593-bde0-84b9e1cb30b5', '346d2a4d-5b04-466c-a9ae-acba644c3285', '33f663e5-d39e-43da-832c-e5cbd6d55750', 'B4', '2026-01-20T11:12:07.624538', '2026-01-20T11:12:07.624538');
INSERT INTO hall_seats (id, cinema_hall_id, seat_type_id, seat_code, created_at, updated_at) VALUES ('1f687637-88c6-445c-89f9-db234144d2d2', '346d2a4d-5b04-466c-a9ae-acba644c3285', '33f663e5-d39e-43da-832c-e5cbd6d55750', 'B5', '2026-01-20T11:12:07.624538', '2026-01-20T11:12:07.624538');
INSERT INTO hall_seats (id, cinema_hall_id, seat_type_id, seat_code, created_at, updated_at) VALUES ('b70521a3-b529-48b0-9115-742f5599c766', '346d2a4d-5b04-466c-a9ae-acba644c3285', '33f663e5-d39e-43da-832c-e5cbd6d55750', 'B6', '2026-01-20T11:12:07.624538', '2026-01-20T11:12:07.624538');
INSERT INTO hall_seats (id, cinema_hall_id, seat_type_id, seat_code, created_at, updated_at) VALUES ('aaa771fa-84c6-4e5a-88d8-5dac46bf5e4c', '346d2a4d-5b04-466c-a9ae-acba644c3285', '33f663e5-d39e-43da-832c-e5cbd6d55750', 'B7', '2026-01-20T11:12:07.624538', '2026-01-20T11:12:07.624538');
INSERT INTO hall_seats (id, cinema_hall_id, seat_type_id, seat_code, created_at, updated_at) VALUES ('9e36cefd-e4fe-434b-96c4-df4ffb471ac3', '346d2a4d-5b04-466c-a9ae-acba644c3285', '33f663e5-d39e-43da-832c-e5cbd6d55750', 'B8', '2026-01-20T11:12:07.624538', '2026-01-20T11:12:07.624538');
INSERT INTO hall_seats (id, cinema_hall_id, seat_type_id, seat_code, created_at, updated_at) VALUES ('efaf9610-aa94-43e1-a194-03a7e5fdf6c9', '346d2a4d-5b04-466c-a9ae-acba644c3285', '33f663e5-d39e-43da-832c-e5cbd6d55750', 'C1', '2026-01-20T11:12:07.624620', '2026-01-20T11:12:07.624620');
INSERT INTO hall_seats (id, cinema_hall_id, seat_type_id, seat_code, created_at, updated_at) VALUES ('88074a7d-21e2-4a31-b77b-b6ece029f613', '346d2a4d-5b04-466c-a9ae-acba644c3285', '33f663e5-d39e-43da-832c-e5cbd6d55750', 'C2', '2026-01-20T11:12:07.624620', '2026-01-20T11:12:07.624620');
INSERT INTO hall_seats (id, cinema_hall_id, seat_type_id, seat_code, created_at, updated_at) VALUES ('1826068f-8b8f-4c03-8e46-a9f7e4f7eca8', '346d2a4d-5b04-466c-a9ae-acba644c3285', '33f663e5-d39e-43da-832c-e5cbd6d55750', 'C3', '2026-01-20T11:12:07.624620', '2026-01-20T11:12:07.624620');
INSERT INTO hall_seats (id, cinema_hall_id, seat_type_id, seat_code, created_at, updated_at) VALUES ('0ca22e59-dade-4aa9-a5bf-4c99539ef0f0', '346d2a4d-5b04-466c-a9ae-acba644c3285', '33f663e5-d39e-43da-832c-e5cbd6d55750', 'C4', '2026-01-20T11:12:07.624620', '2026-01-20T11:12:07.624620');
INSERT INTO hall_seats (id, cinema_hall_id, seat_type_id, seat_code, created_at, updated_at) VALUES ('9f2c8197-cb4a-487d-8449-348dac7a2e0b', '346d2a4d-5b04-466c-a9ae-acba644c3285', '33f663e5-d39e-43da-832c-e5cbd6d55750', 'C5', '2026-01-20T11:12:07.624620', '2026-01-20T11:12:07.624620');
INSERT INTO hall_seats (id, cinema_hall_id, seat_type_id, seat_code, created_at, updated_at) VALUES ('26e8bf02-3348-4f0e-8281-9c5f36ea84d5', '346d2a4d-5b04-466c-a9ae-acba644c3285', '33f663e5-d39e-43da-832c-e5cbd6d55750', 'C6', '2026-01-20T11:12:07.624620', '2026-01-20T11:12:07.624620');
INSERT INTO hall_seats (id, cinema_hall_id, seat_type_id, seat_code, created_at, updated_at) VALUES ('beb1a04c-cf49-49e9-a6f3-6933176e275d', '346d2a4d-5b04-466c-a9ae-acba644c3285', '33f663e5-d39e-43da-832c-e5cbd6d55750', 'C7', '2026-01-20T11:12:07.624620', '2026-01-20T11:12:07.624620');
INSERT INTO hall_seats (id, cinema_hall_id, seat_type_id, seat_code, created_at, updated_at) VALUES ('cb76540e-ba53-41a9-9927-fed3a96083fc', '346d2a4d-5b04-466c-a9ae-acba644c3285', '33f663e5-d39e-43da-832c-e5cbd6d55750', 'C8', '2026-01-20T11:12:07.624620', '2026-01-20T11:12:07.624620');
INSERT INTO hall_seats (id, cinema_hall_id, seat_type_id, seat_code, created_at, updated_at) VALUES ('c81739b1-e888-41ea-9a74-fb7816c5494d', '346d2a4d-5b04-466c-a9ae-acba644c3285', '33f663e5-d39e-43da-832c-e5cbd6d55750', 'D1', '2026-01-20T11:12:07.624699', '2026-01-20T11:12:07.624699');
INSERT INTO hall_seats (id, cinema_hall_id, seat_type_id, seat_code, created_at, updated_at) VALUES ('e8941187-e85e-4d98-8838-bf46fd947654', '346d2a4d-5b04-466c-a9ae-acba644c3285', '33f663e5-d39e-43da-832c-e5cbd6d55750', 'D2', '2026-01-20T11:12:07.624699', '2026-01-20T11:12:07.624699');
INSERT INTO hall_seats (id, cinema_hall_id, seat_type_id, seat_code, created_at, updated_at) VALUES ('f155aa04-cfba-431c-ace0-ee8b8199f6b7', '346d2a4d-5b04-466c-a9ae-acba644c3285', '33f663e5-d39e-43da-832c-e5cbd6d55750', 'D3', '2026-01-20T11:12:07.624699', '2026-01-20T11:12:07.624699');
INSERT INTO hall_seats (id, cinema_hall_id, seat_type_id, seat_code, created_at, updated_at) VALUES ('4900263f-5167-41fc-91f5-356be00a1f0c', '346d2a4d-5b04-466c-a9ae-acba644c3285', '33f663e5-d39e-43da-832c-e5cbd6d55750', 'D4', '2026-01-20T11:12:07.624699', '2026-01-20T11:12:07.624699');
INSERT INTO hall_seats (id, cinema_hall_id, seat_type_id, seat_code, created_at, updated_at) VALUES ('077f4265-56cf-485e-a93a-f833c1998d5b', '346d2a4d-5b04-466c-a9ae-acba644c3285', '33f663e5-d39e-43da-832c-e5cbd6d55750', 'D5', '2026-01-20T11:12:07.624699', '2026-01-20T11:12:07.624699');
INSERT INTO hall_seats (id, cinema_hall_id, seat_type_id, seat_code, created_at, updated_at) VALUES ('ed96bf4d-4e84-4986-8606-eb96e46e60a1', '346d2a4d-5b04-466c-a9ae-acba644c3285', '33f663e5-d39e-43da-832c-e5cbd6d55750', 'D6', '2026-01-20T11:12:07.624699', '2026-01-20T11:12:07.624699');
INSERT INTO hall_seats (id, cinema_hall_id, seat_type_id, seat_code, created_at, updated_at) VALUES ('7db4d317-03f8-4660-9bb1-b70ec423f6da', '346d2a4d-5b04-466c-a9ae-acba644c3285', '33f663e5-d39e-43da-832c-e5cbd6d55750', 'D7', '2026-01-20T11:12:07.624699', '2026-01-20T11:12:07.624699');
INSERT INTO hall_seats (id, cinema_hall_id, seat_type_id, seat_code, created_at, updated_at) VALUES ('3794c9e7-e0ba-4960-a505-59cc8879c768', '346d2a4d-5b04-466c-a9ae-acba644c3285', '33f663e5-d39e-43da-832c-e5cbd6d55750', 'D8', '2026-01-20T11:12:07.624699', '2026-01-20T11:12:07.624699');
INSERT INTO hall_seats (id, cinema_hall_id, seat_type_id, seat_code, created_at, updated_at) VALUES ('b018c0a5-628f-446f-ad18-d053b8428c94', '346d2a4d-5b04-466c-a9ae-acba644c3285', '33f663e5-d39e-43da-832c-e5cbd6d55750', 'E1', '2026-01-20T11:12:07.624783', '2026-01-20T11:12:07.624783');
INSERT INTO hall_seats (id, cinema_hall_id, seat_type_id, seat_code, created_at, updated_at) VALUES ('a7529a90-daad-412f-a449-aceedecfffba', '346d2a4d-5b04-466c-a9ae-acba644c3285', '33f663e5-d39e-43da-832c-e5cbd6d55750', 'E2', '2026-01-20T11:12:07.624783', '2026-01-20T11:12:07.624783');
INSERT INTO hall_seats (id, cinema_hall_id, seat_type_id, seat_code, created_at, updated_at) VALUES ('48934b97-1022-467a-892d-4df621a98817', '346d2a4d-5b04-466c-a9ae-acba644c3285', '33f663e5-d39e-43da-832c-e5cbd6d55750', 'E3', '2026-01-20T11:12:07.624783', '2026-01-20T11:12:07.624783');
INSERT INTO hall_seats (id, cinema_hall_id, seat_type_id, seat_code, created_at, updated_at) VALUES ('ac664a7b-7aa0-47c8-b1c9-63a488ffc0f6', '346d2a4d-5b04-466c-a9ae-acba644c3285', '33f663e5-d39e-43da-832c-e5cbd6d55750', 'E4', '2026-01-20T11:12:07.624783', '2026-01-20T11:12:07.624783');
INSERT INTO hall_seats (id, cinema_hall_id, seat_type_id, seat_code, created_at, updated_at) VALUES ('55dcf975-96bf-4913-91c5-38263a21d937', '346d2a4d-5b04-466c-a9ae-acba644c3285', '33f663e5-d39e-43da-832c-e5cbd6d55750', 'E5', '2026-01-20T11:12:07.624783', '2026-01-20T11:12:07.624783');
INSERT INTO hall_seats (id, cinema_hall_id, seat_type_id, seat_code, created_at, updated_at) VALUES ('d313114d-72ea-45f7-856f-87b876251df6', '346d2a4d-5b04-466c-a9ae-acba644c3285', '33f663e5-d39e-43da-832c-e5cbd6d55750', 'E6', '2026-01-20T11:12:07.624783', '2026-01-20T11:12:07.624783');
INSERT INTO hall_seats (id, cinema_hall_id, seat_type_id, seat_code, created_at, updated_at) VALUES ('6e12ebb9-a3df-438f-8d2b-f071520fe948', '346d2a4d-5b04-466c-a9ae-acba644c3285', '33f663e5-d39e-43da-832c-e5cbd6d55750', 'E7', '2026-01-20T11:12:07.624783', '2026-01-20T11:12:07.624783');
INSERT INTO hall_seats (id, cinema_hall_id, seat_type_id, seat_code, created_at, updated_at) VALUES ('e27dae77-baaa-4f2d-ba8c-8a7e45c63da5', '346d2a4d-5b04-466c-a9ae-acba644c3285', '33f663e5-d39e-43da-832c-e5cbd6d55750', 'E8', '2026-01-20T11:12:07.624783', '2026-01-20T11:12:07.624783');
INSERT INTO hall_seats (id, cinema_hall_id, seat_type_id, seat_code, created_at, updated_at) VALUES ('2dbb0524-5967-4191-851f-00ced703e141', '346d2a4d-5b04-466c-a9ae-acba644c3285', '33f663e5-d39e-43da-832c-e5cbd6d55750', 'F1', '2026-01-20T11:12:07.624869', '2026-01-20T11:12:07.624869');
INSERT INTO hall_seats (id, cinema_hall_id, seat_type_id, seat_code, created_at, updated_at) VALUES ('2dc8d3e5-817e-4e62-9509-426d6aa71133', '346d2a4d-5b04-466c-a9ae-acba644c3285', '33f663e5-d39e-43da-832c-e5cbd6d55750', 'F2', '2026-01-20T11:12:07.624869', '2026-01-20T11:12:07.624869');
INSERT INTO hall_seats (id, cinema_hall_id, seat_type_id, seat_code, created_at, updated_at) VALUES ('f33f740f-cffd-4567-aaad-8b84b11724d8', '346d2a4d-5b04-466c-a9ae-acba644c3285', '33f663e5-d39e-43da-832c-e5cbd6d55750', 'F3', '2026-01-20T11:12:07.624869', '2026-01-20T11:12:07.624869');
INSERT INTO hall_seats (id, cinema_hall_id, seat_type_id, seat_code, created_at, updated_at) VALUES ('f5fb5058-fb33-4674-9abd-c180adea5e1b', '346d2a4d-5b04-466c-a9ae-acba644c3285', '33f663e5-d39e-43da-832c-e5cbd6d55750', 'F4', '2026-01-20T11:12:07.624869', '2026-01-20T11:12:07.624869');
INSERT INTO hall_seats (id, cinema_hall_id, seat_type_id, seat_code, created_at, updated_at) VALUES ('0382bd31-fa6f-44b0-b59a-460f1e6a1c87', '346d2a4d-5b04-466c-a9ae-acba644c3285', '33f663e5-d39e-43da-832c-e5cbd6d55750', 'F5', '2026-01-20T11:12:07.624869', '2026-01-20T11:12:07.624869');
INSERT INTO hall_seats (id, cinema_hall_id, seat_type_id, seat_code, created_at, updated_at) VALUES ('b8351dcf-f0ad-46d8-8d17-cd744eec21e9', '346d2a4d-5b04-466c-a9ae-acba644c3285', '33f663e5-d39e-43da-832c-e5cbd6d55750', 'F6', '2026-01-20T11:12:07.624869', '2026-01-20T11:12:07.624869');
INSERT INTO hall_seats (id, cinema_hall_id, seat_type_id, seat_code, created_at, updated_at) VALUES ('86f23cad-3c7f-4166-a53f-e55354f9083d', '346d2a4d-5b04-466c-a9ae-acba644c3285', '33f663e5-d39e-43da-832c-e5cbd6d55750', 'F7', '2026-01-20T11:12:07.624869', '2026-01-20T11:12:07.624869');
INSERT INTO hall_seats (id, cinema_hall_id, seat_type_id, seat_code, created_at, updated_at) VALUES ('2a4055af-c57a-4b5a-b8ee-9d698245f4e4', '346d2a4d-5b04-466c-a9ae-acba644c3285', '33f663e5-d39e-43da-832c-e5cbd6d55750', 'F8', '2026-01-20T11:12:07.624869', '2026-01-20T11:12:07.624869');
INSERT INTO hall_seats (id, cinema_hall_id, seat_type_id, seat_code, created_at, updated_at) VALUES ('55d7ee5f-a0c2-4523-b634-bb8e5c422e69', '346d2a4d-5b04-466c-a9ae-acba644c3285', 'd45e50fa-bb04-45a1-9f3f-c70e153f98ea', 'G1', '2026-01-20T11:12:07.624948', '2026-01-20T11:12:07.624948');
INSERT INTO hall_seats (id, cinema_hall_id, seat_type_id, seat_code, created_at, updated_at) VALUES ('27cf95ee-a103-4333-a212-142db2a3f58d', '346d2a4d-5b04-466c-a9ae-acba644c3285', 'd45e50fa-bb04-45a1-9f3f-c70e153f98ea', 'G2', '2026-01-20T11:12:07.624948', '2026-01-20T11:12:07.624948');
INSERT INTO hall_seats (id, cinema_hall_id, seat_type_id, seat_code, created_at, updated_at) VALUES ('afd783ed-0da2-45d1-9bc6-625d235abdf7', '346d2a4d-5b04-466c-a9ae-acba644c3285', 'd45e50fa-bb04-45a1-9f3f-c70e153f98ea', 'G3', '2026-01-20T11:12:07.624948', '2026-01-20T11:12:07.624948');
INSERT INTO hall_seats (id, cinema_hall_id, seat_type_id, seat_code, created_at, updated_at) VALUES ('d5ccc3a8-34d0-4e79-bd1e-12f4c3a06368', '346d2a4d-5b04-466c-a9ae-acba644c3285', 'd45e50fa-bb04-45a1-9f3f-c70e153f98ea', 'G4', '2026-01-20T11:12:07.624948', '2026-01-20T11:12:07.624948');
INSERT INTO hall_seats (id, cinema_hall_id, seat_type_id, seat_code, created_at, updated_at) VALUES ('560f984c-7ea6-4e93-bc7f-c0f00239363b', '346d2a4d-5b04-466c-a9ae-acba644c3285', 'd45e50fa-bb04-45a1-9f3f-c70e153f98ea', 'G5', '2026-01-20T11:12:07.624948', '2026-01-20T11:12:07.624948');
INSERT INTO hall_seats (id, cinema_hall_id, seat_type_id, seat_code, created_at, updated_at) VALUES ('3fe4c44e-5f8c-493a-b88c-2c98568f7b0b', '346d2a4d-5b04-466c-a9ae-acba644c3285', 'd45e50fa-bb04-45a1-9f3f-c70e153f98ea', 'G6', '2026-01-20T11:12:07.624948', '2026-01-20T11:12:07.624948');
INSERT INTO hall_seats (id, cinema_hall_id, seat_type_id, seat_code, created_at, updated_at) VALUES ('0692813d-c60f-46cf-9611-280ad7ba03a0', '346d2a4d-5b04-466c-a9ae-acba644c3285', 'd45e50fa-bb04-45a1-9f3f-c70e153f98ea', 'G7', '2026-01-20T11:12:07.624948', '2026-01-20T11:12:07.624948');
INSERT INTO hall_seats (id, cinema_hall_id, seat_type_id, seat_code, created_at, updated_at) VALUES ('5b69753a-ccc4-4288-b522-a8530684c560', '346d2a4d-5b04-466c-a9ae-acba644c3285', 'd45e50fa-bb04-45a1-9f3f-c70e153f98ea', 'G8', '2026-01-20T11:12:07.624948', '2026-01-20T11:12:07.624948');
INSERT INTO hall_seats (id, cinema_hall_id, seat_type_id, seat_code, created_at, updated_at) VALUES ('c6011137-414a-4b99-8a7b-2ed523e39131', '346d2a4d-5b04-466c-a9ae-acba644c3285', 'd45e50fa-bb04-45a1-9f3f-c70e153f98ea', 'H1', '2026-01-20T11:12:07.625039', '2026-01-20T11:12:07.625039');
INSERT INTO hall_seats (id, cinema_hall_id, seat_type_id, seat_code, created_at, updated_at) VALUES ('cd9611b0-b125-4ff6-8488-5ffef9035690', '346d2a4d-5b04-466c-a9ae-acba644c3285', 'd45e50fa-bb04-45a1-9f3f-c70e153f98ea', 'H2', '2026-01-20T11:12:07.625039', '2026-01-20T11:12:07.625039');
INSERT INTO hall_seats (id, cinema_hall_id, seat_type_id, seat_code, created_at, updated_at) VALUES ('a697975e-c15f-4f4b-bf84-79386e125197', '346d2a4d-5b04-466c-a9ae-acba644c3285', 'd45e50fa-bb04-45a1-9f3f-c70e153f98ea', 'H3', '2026-01-20T11:12:07.625039', '2026-01-20T11:12:07.625039');
INSERT INTO hall_seats (id, cinema_hall_id, seat_type_id, seat_code, created_at, updated_at) VALUES ('5d00fb96-086f-409f-835b-db88cfbc3831', '346d2a4d-5b04-466c-a9ae-acba644c3285', 'd45e50fa-bb04-45a1-9f3f-c70e153f98ea', 'H4', '2026-01-20T11:12:07.625039', '2026-01-20T11:12:07.625039');
INSERT INTO hall_seats (id, cinema_hall_id, seat_type_id, seat_code, created_at, updated_at) VALUES ('745a236a-bf49-4f85-8798-7b403e929067', '346d2a4d-5b04-466c-a9ae-acba644c3285', 'd45e50fa-bb04-45a1-9f3f-c70e153f98ea', 'H5', '2026-01-20T11:12:07.625039', '2026-01-20T11:12:07.625039');
INSERT INTO hall_seats (id, cinema_hall_id, seat_type_id, seat_code, created_at, updated_at) VALUES ('e85e436a-43a3-4b5f-a5e3-1a8b3d33a1e5', '346d2a4d-5b04-466c-a9ae-acba644c3285', 'd45e50fa-bb04-45a1-9f3f-c70e153f98ea', 'H6', '2026-01-20T11:12:07.625039', '2026-01-20T11:12:07.625039');
INSERT INTO hall_seats (id, cinema_hall_id, seat_type_id, seat_code, created_at, updated_at) VALUES ('70dffb75-c5e9-4be4-ba6d-6c182a0da719', '346d2a4d-5b04-466c-a9ae-acba644c3285', 'd45e50fa-bb04-45a1-9f3f-c70e153f98ea', 'H7', '2026-01-20T11:12:07.625039', '2026-01-20T11:12:07.625039');
INSERT INTO hall_seats (id, cinema_hall_id, seat_type_id, seat_code, created_at, updated_at) VALUES ('267d88d0-c6b7-4be4-ab10-0778c7d9ac61', '346d2a4d-5b04-466c-a9ae-acba644c3285', 'd45e50fa-bb04-45a1-9f3f-c70e153f98ea', 'H8', '2026-01-20T11:12:07.625039', '2026-01-20T11:12:07.625039');
INSERT INTO hall_seats (id, cinema_hall_id, seat_type_id, seat_code, created_at, updated_at) VALUES ('eb1600ae-e015-4ac1-9c96-07a08bbfed67', '346d2a4d-5b04-466c-a9ae-acba644c3285', '6bd71157-64ef-4ac5-a31c-5b6ae4e1cbe5', 'I1', '2026-01-20T11:12:07.625142', '2026-01-20T11:12:07.625142');
INSERT INTO hall_seats (id, cinema_hall_id, seat_type_id, seat_code, created_at, updated_at) VALUES ('fbce8c0d-6a87-4529-b70d-23eb6de04337', '346d2a4d-5b04-466c-a9ae-acba644c3285', '6bd71157-64ef-4ac5-a31c-5b6ae4e1cbe5', 'I2', '2026-01-20T11:12:07.625142', '2026-01-20T11:12:07.625142');
INSERT INTO hall_seats (id, cinema_hall_id, seat_type_id, seat_code, created_at, updated_at) VALUES ('5760b6cc-e249-46fd-9ac1-a49db0f8b54b', '346d2a4d-5b04-466c-a9ae-acba644c3285', '6bd71157-64ef-4ac5-a31c-5b6ae4e1cbe5', 'I3', '2026-01-20T11:12:07.625142', '2026-01-20T11:12:07.625142');
INSERT INTO hall_seats (id, cinema_hall_id, seat_type_id, seat_code, created_at, updated_at) VALUES ('2d3bf5d3-a3c3-474b-840b-bc1cd7ad6306', '346d2a4d-5b04-466c-a9ae-acba644c3285', '6bd71157-64ef-4ac5-a31c-5b6ae4e1cbe5', 'I4', '2026-01-20T11:12:07.625142', '2026-01-20T11:12:07.625142');
INSERT INTO hall_seats (id, cinema_hall_id, seat_type_id, seat_code, created_at, updated_at) VALUES ('ece0a154-e1e7-4d8b-8901-b886c9b33c51', '63213e9d-2e93-426f-b798-8a278c956c5f', '33f663e5-d39e-43da-832c-e5cbd6d55750', 'A1', '2026-01-20T11:12:07.625191', '2026-01-20T11:12:07.625191');
INSERT INTO hall_seats (id, cinema_hall_id, seat_type_id, seat_code, created_at, updated_at) VALUES ('ea5383b9-64dc-4e74-9b49-8726f0680fa6', '63213e9d-2e93-426f-b798-8a278c956c5f', '33f663e5-d39e-43da-832c-e5cbd6d55750', 'A2', '2026-01-20T11:12:07.625191', '2026-01-20T11:12:07.625191');
INSERT INTO hall_seats (id, cinema_hall_id, seat_type_id, seat_code, created_at, updated_at) VALUES ('38eeb653-09ea-48fb-a158-0a151f1949e4', '63213e9d-2e93-426f-b798-8a278c956c5f', '33f663e5-d39e-43da-832c-e5cbd6d55750', 'A3', '2026-01-20T11:12:07.625191', '2026-01-20T11:12:07.625191');
INSERT INTO hall_seats (id, cinema_hall_id, seat_type_id, seat_code, created_at, updated_at) VALUES ('a44880dd-adfe-42e6-b07c-a169c16e1eb8', '63213e9d-2e93-426f-b798-8a278c956c5f', '33f663e5-d39e-43da-832c-e5cbd6d55750', 'A4', '2026-01-20T11:12:07.625191', '2026-01-20T11:12:07.625191');
INSERT INTO hall_seats (id, cinema_hall_id, seat_type_id, seat_code, created_at, updated_at) VALUES ('7a575cc4-e12b-48f6-9204-b494aef6afe3', '63213e9d-2e93-426f-b798-8a278c956c5f', '33f663e5-d39e-43da-832c-e5cbd6d55750', 'A5', '2026-01-20T11:12:07.625191', '2026-01-20T11:12:07.625191');
INSERT INTO hall_seats (id, cinema_hall_id, seat_type_id, seat_code, created_at, updated_at) VALUES ('4b0e62cf-de51-44f8-bad5-567c26e08ddb', '63213e9d-2e93-426f-b798-8a278c956c5f', '33f663e5-d39e-43da-832c-e5cbd6d55750', 'A6', '2026-01-20T11:12:07.625191', '2026-01-20T11:12:07.625191');
INSERT INTO hall_seats (id, cinema_hall_id, seat_type_id, seat_code, created_at, updated_at) VALUES ('e90342d3-e745-4280-9704-1f03c0d1ec4c', '63213e9d-2e93-426f-b798-8a278c956c5f', '33f663e5-d39e-43da-832c-e5cbd6d55750', 'A7', '2026-01-20T11:12:07.625191', '2026-01-20T11:12:07.625191');
INSERT INTO hall_seats (id, cinema_hall_id, seat_type_id, seat_code, created_at, updated_at) VALUES ('ffdc58fb-50ce-4a22-80d5-8330bc637ea8', '63213e9d-2e93-426f-b798-8a278c956c5f', '33f663e5-d39e-43da-832c-e5cbd6d55750', 'A8', '2026-01-20T11:12:07.625191', '2026-01-20T11:12:07.625191');
INSERT INTO hall_seats (id, cinema_hall_id, seat_type_id, seat_code, created_at, updated_at) VALUES ('afe5634f-7c0d-4bee-bb21-890ef24ee9f1', '63213e9d-2e93-426f-b798-8a278c956c5f', '33f663e5-d39e-43da-832c-e5cbd6d55750', 'B1', '2026-01-20T11:12:07.625286', '2026-01-20T11:12:07.625286');
INSERT INTO hall_seats (id, cinema_hall_id, seat_type_id, seat_code, created_at, updated_at) VALUES ('87681040-006b-4d8c-8189-5edb77adfe3a', '63213e9d-2e93-426f-b798-8a278c956c5f', '33f663e5-d39e-43da-832c-e5cbd6d55750', 'B2', '2026-01-20T11:12:07.625286', '2026-01-20T11:12:07.625286');
INSERT INTO hall_seats (id, cinema_hall_id, seat_type_id, seat_code, created_at, updated_at) VALUES ('b2c34121-e88f-41df-8541-784835a5d307', '63213e9d-2e93-426f-b798-8a278c956c5f', '33f663e5-d39e-43da-832c-e5cbd6d55750', 'B3', '2026-01-20T11:12:07.625286', '2026-01-20T11:12:07.625286');
INSERT INTO hall_seats (id, cinema_hall_id, seat_type_id, seat_code, created_at, updated_at) VALUES ('a2a25051-0fb2-4192-b899-78cb8a9fa59b', '63213e9d-2e93-426f-b798-8a278c956c5f', '33f663e5-d39e-43da-832c-e5cbd6d55750', 'B4', '2026-01-20T11:12:07.625286', '2026-01-20T11:12:07.625286');
INSERT INTO hall_seats (id, cinema_hall_id, seat_type_id, seat_code, created_at, updated_at) VALUES ('24300582-e0de-490f-862b-d3f6cff92a13', '63213e9d-2e93-426f-b798-8a278c956c5f', '33f663e5-d39e-43da-832c-e5cbd6d55750', 'B5', '2026-01-20T11:12:07.625286', '2026-01-20T11:12:07.625286');
INSERT INTO hall_seats (id, cinema_hall_id, seat_type_id, seat_code, created_at, updated_at) VALUES ('5c75886a-a839-4a55-b704-fb99955f2326', '63213e9d-2e93-426f-b798-8a278c956c5f', '33f663e5-d39e-43da-832c-e5cbd6d55750', 'B6', '2026-01-20T11:12:07.625286', '2026-01-20T11:12:07.625286');
INSERT INTO hall_seats (id, cinema_hall_id, seat_type_id, seat_code, created_at, updated_at) VALUES ('b0e5ce1e-964d-44c7-a5d8-cb6c266d0272', '63213e9d-2e93-426f-b798-8a278c956c5f', '33f663e5-d39e-43da-832c-e5cbd6d55750', 'B7', '2026-01-20T11:12:07.625286', '2026-01-20T11:12:07.625286');
INSERT INTO hall_seats (id, cinema_hall_id, seat_type_id, seat_code, created_at, updated_at) VALUES ('1faa5821-d58b-41c4-9994-de1519929a10', '63213e9d-2e93-426f-b798-8a278c956c5f', '33f663e5-d39e-43da-832c-e5cbd6d55750', 'B8', '2026-01-20T11:12:07.625286', '2026-01-20T11:12:07.625286');
INSERT INTO hall_seats (id, cinema_hall_id, seat_type_id, seat_code, created_at, updated_at) VALUES ('b2c4c53b-071a-4105-95aa-993fd3b68ff4', '63213e9d-2e93-426f-b798-8a278c956c5f', '33f663e5-d39e-43da-832c-e5cbd6d55750', 'C1', '2026-01-20T11:12:07.625366', '2026-01-20T11:12:07.625366');
INSERT INTO hall_seats (id, cinema_hall_id, seat_type_id, seat_code, created_at, updated_at) VALUES ('fef64b18-9fc9-4646-bd2e-70ab53954ec4', '63213e9d-2e93-426f-b798-8a278c956c5f', '33f663e5-d39e-43da-832c-e5cbd6d55750', 'C2', '2026-01-20T11:12:07.625366', '2026-01-20T11:12:07.625366');
INSERT INTO hall_seats (id, cinema_hall_id, seat_type_id, seat_code, created_at, updated_at) VALUES ('f67b9891-16e3-445e-9eb2-668d3f375073', '63213e9d-2e93-426f-b798-8a278c956c5f', '33f663e5-d39e-43da-832c-e5cbd6d55750', 'C3', '2026-01-20T11:12:07.625366', '2026-01-20T11:12:07.625366');
INSERT INTO hall_seats (id, cinema_hall_id, seat_type_id, seat_code, created_at, updated_at) VALUES ('b4543e7d-6dd2-41f5-a069-4af4ce183011', '63213e9d-2e93-426f-b798-8a278c956c5f', '33f663e5-d39e-43da-832c-e5cbd6d55750', 'C4', '2026-01-20T11:12:07.625366', '2026-01-20T11:12:07.625366');
INSERT INTO hall_seats (id, cinema_hall_id, seat_type_id, seat_code, created_at, updated_at) VALUES ('75ab4abf-215b-4c3a-8c00-ba1e9554f34e', '63213e9d-2e93-426f-b798-8a278c956c5f', '33f663e5-d39e-43da-832c-e5cbd6d55750', 'C5', '2026-01-20T11:12:07.625366', '2026-01-20T11:12:07.625366');
INSERT INTO hall_seats (id, cinema_hall_id, seat_type_id, seat_code, created_at, updated_at) VALUES ('7a3e979e-8db8-4a49-b7ea-85fa57b8b804', '63213e9d-2e93-426f-b798-8a278c956c5f', '33f663e5-d39e-43da-832c-e5cbd6d55750', 'C6', '2026-01-20T11:12:07.625366', '2026-01-20T11:12:07.625366');
INSERT INTO hall_seats (id, cinema_hall_id, seat_type_id, seat_code, created_at, updated_at) VALUES ('fd4dae04-955c-410a-89ec-20ee48371bed', '63213e9d-2e93-426f-b798-8a278c956c5f', '33f663e5-d39e-43da-832c-e5cbd6d55750', 'C7', '2026-01-20T11:12:07.625366', '2026-01-20T11:12:07.625366');
INSERT INTO hall_seats (id, cinema_hall_id, seat_type_id, seat_code, created_at, updated_at) VALUES ('13a29206-94b1-4122-80f1-3c3299bad0e2', '63213e9d-2e93-426f-b798-8a278c956c5f', '33f663e5-d39e-43da-832c-e5cbd6d55750', 'C8', '2026-01-20T11:12:07.625366', '2026-01-20T11:12:07.625366');
INSERT INTO hall_seats (id, cinema_hall_id, seat_type_id, seat_code, created_at, updated_at) VALUES ('7a6b0c63-a232-47fd-b9e1-fd093a411935', '63213e9d-2e93-426f-b798-8a278c956c5f', '33f663e5-d39e-43da-832c-e5cbd6d55750', 'D1', '2026-01-20T11:12:07.625450', '2026-01-20T11:12:07.625450');
INSERT INTO hall_seats (id, cinema_hall_id, seat_type_id, seat_code, created_at, updated_at) VALUES ('0cf02cff-c844-41f8-a908-db0f229bc8e6', '63213e9d-2e93-426f-b798-8a278c956c5f', '33f663e5-d39e-43da-832c-e5cbd6d55750', 'D2', '2026-01-20T11:12:07.625450', '2026-01-20T11:12:07.625450');
INSERT INTO hall_seats (id, cinema_hall_id, seat_type_id, seat_code, created_at, updated_at) VALUES ('4b0a25dc-87b1-4e96-ba20-971d76d31ddf', '63213e9d-2e93-426f-b798-8a278c956c5f', '33f663e5-d39e-43da-832c-e5cbd6d55750', 'D3', '2026-01-20T11:12:07.625450', '2026-01-20T11:12:07.625450');
INSERT INTO hall_seats (id, cinema_hall_id, seat_type_id, seat_code, created_at, updated_at) VALUES ('4d5dc31e-089c-4ba5-941f-ac47f4ebb930', '63213e9d-2e93-426f-b798-8a278c956c5f', '33f663e5-d39e-43da-832c-e5cbd6d55750', 'D4', '2026-01-20T11:12:07.625450', '2026-01-20T11:12:07.625450');
INSERT INTO hall_seats (id, cinema_hall_id, seat_type_id, seat_code, created_at, updated_at) VALUES ('8acea108-42a4-4012-a68b-522e9f5c63b6', '63213e9d-2e93-426f-b798-8a278c956c5f', '33f663e5-d39e-43da-832c-e5cbd6d55750', 'D5', '2026-01-20T11:12:07.625450', '2026-01-20T11:12:07.625450');
INSERT INTO hall_seats (id, cinema_hall_id, seat_type_id, seat_code, created_at, updated_at) VALUES ('d46dafcc-1028-4ffe-8533-40d23a0e99e1', '63213e9d-2e93-426f-b798-8a278c956c5f', '33f663e5-d39e-43da-832c-e5cbd6d55750', 'D6', '2026-01-20T11:12:07.625450', '2026-01-20T11:12:07.625450');
INSERT INTO hall_seats (id, cinema_hall_id, seat_type_id, seat_code, created_at, updated_at) VALUES ('35734fa7-4263-433f-81dc-d44a1fc78eca', '63213e9d-2e93-426f-b798-8a278c956c5f', '33f663e5-d39e-43da-832c-e5cbd6d55750', 'D7', '2026-01-20T11:12:07.625450', '2026-01-20T11:12:07.625450');
INSERT INTO hall_seats (id, cinema_hall_id, seat_type_id, seat_code, created_at, updated_at) VALUES ('288d9c97-5390-47e3-81d5-8c1b5ca47bf4', '63213e9d-2e93-426f-b798-8a278c956c5f', '33f663e5-d39e-43da-832c-e5cbd6d55750', 'D8', '2026-01-20T11:12:07.625450', '2026-01-20T11:12:07.625450');
INSERT INTO hall_seats (id, cinema_hall_id, seat_type_id, seat_code, created_at, updated_at) VALUES ('9dd37cb8-666d-4461-85b7-3af259f79ac0', '63213e9d-2e93-426f-b798-8a278c956c5f', '33f663e5-d39e-43da-832c-e5cbd6d55750', 'E1', '2026-01-20T11:12:07.625538', '2026-01-20T11:12:07.625538');
INSERT INTO hall_seats (id, cinema_hall_id, seat_type_id, seat_code, created_at, updated_at) VALUES ('b69ea8c8-c1eb-48b8-aaf4-361c6a467bc3', '63213e9d-2e93-426f-b798-8a278c956c5f', '33f663e5-d39e-43da-832c-e5cbd6d55750', 'E2', '2026-01-20T11:12:07.625538', '2026-01-20T11:12:07.625538');
INSERT INTO hall_seats (id, cinema_hall_id, seat_type_id, seat_code, created_at, updated_at) VALUES ('54c3bb83-3a46-4007-9dd6-4b25b6695612', '63213e9d-2e93-426f-b798-8a278c956c5f', '33f663e5-d39e-43da-832c-e5cbd6d55750', 'E3', '2026-01-20T11:12:07.625538', '2026-01-20T11:12:07.625538');
INSERT INTO hall_seats (id, cinema_hall_id, seat_type_id, seat_code, created_at, updated_at) VALUES ('203504ad-c2f9-416c-a0c7-3bb27f3bcb17', '63213e9d-2e93-426f-b798-8a278c956c5f', '33f663e5-d39e-43da-832c-e5cbd6d55750', 'E4', '2026-01-20T11:12:07.625538', '2026-01-20T11:12:07.625538');
INSERT INTO hall_seats (id, cinema_hall_id, seat_type_id, seat_code, created_at, updated_at) VALUES ('ff0e492c-04bd-4c80-bcc7-c1eca168503a', '63213e9d-2e93-426f-b798-8a278c956c5f', '33f663e5-d39e-43da-832c-e5cbd6d55750', 'E5', '2026-01-20T11:12:07.625538', '2026-01-20T11:12:07.625538');
INSERT INTO hall_seats (id, cinema_hall_id, seat_type_id, seat_code, created_at, updated_at) VALUES ('aee88acf-6438-4dd9-a828-d222154b8fbc', '63213e9d-2e93-426f-b798-8a278c956c5f', '33f663e5-d39e-43da-832c-e5cbd6d55750', 'E6', '2026-01-20T11:12:07.625538', '2026-01-20T11:12:07.625538');
INSERT INTO hall_seats (id, cinema_hall_id, seat_type_id, seat_code, created_at, updated_at) VALUES ('6e265018-04c4-48df-a0b0-6ce02a7d7472', '63213e9d-2e93-426f-b798-8a278c956c5f', '33f663e5-d39e-43da-832c-e5cbd6d55750', 'E7', '2026-01-20T11:12:07.625538', '2026-01-20T11:12:07.625538');
INSERT INTO hall_seats (id, cinema_hall_id, seat_type_id, seat_code, created_at, updated_at) VALUES ('32778287-3f21-4df9-84d6-adbb91b02e1f', '63213e9d-2e93-426f-b798-8a278c956c5f', '33f663e5-d39e-43da-832c-e5cbd6d55750', 'E8', '2026-01-20T11:12:07.625538', '2026-01-20T11:12:07.625538');
INSERT INTO hall_seats (id, cinema_hall_id, seat_type_id, seat_code, created_at, updated_at) VALUES ('12704556-4247-44ab-9ece-375f52cafb03', '63213e9d-2e93-426f-b798-8a278c956c5f', '33f663e5-d39e-43da-832c-e5cbd6d55750', 'F1', '2026-01-20T11:12:07.625621', '2026-01-20T11:12:07.625621');
INSERT INTO hall_seats (id, cinema_hall_id, seat_type_id, seat_code, created_at, updated_at) VALUES ('295ec41b-5ff9-40d4-ad97-d8ec060f5318', '63213e9d-2e93-426f-b798-8a278c956c5f', '33f663e5-d39e-43da-832c-e5cbd6d55750', 'F2', '2026-01-20T11:12:07.625621', '2026-01-20T11:12:07.625621');
INSERT INTO hall_seats (id, cinema_hall_id, seat_type_id, seat_code, created_at, updated_at) VALUES ('8575201a-682c-4e3b-9aac-a8f0ffc436c3', '63213e9d-2e93-426f-b798-8a278c956c5f', '33f663e5-d39e-43da-832c-e5cbd6d55750', 'F3', '2026-01-20T11:12:07.625621', '2026-01-20T11:12:07.625621');
INSERT INTO hall_seats (id, cinema_hall_id, seat_type_id, seat_code, created_at, updated_at) VALUES ('6dbecab8-51a3-4dd9-9514-7cdb89b6f199', '63213e9d-2e93-426f-b798-8a278c956c5f', '33f663e5-d39e-43da-832c-e5cbd6d55750', 'F4', '2026-01-20T11:12:07.625621', '2026-01-20T11:12:07.625621');
INSERT INTO hall_seats (id, cinema_hall_id, seat_type_id, seat_code, created_at, updated_at) VALUES ('95818e92-3f13-4266-8301-476b2d0e36ba', '63213e9d-2e93-426f-b798-8a278c956c5f', '33f663e5-d39e-43da-832c-e5cbd6d55750', 'F5', '2026-01-20T11:12:07.625621', '2026-01-20T11:12:07.625621');
INSERT INTO hall_seats (id, cinema_hall_id, seat_type_id, seat_code, created_at, updated_at) VALUES ('393fe484-e7a0-40cd-94a4-ccf44ea8390c', '63213e9d-2e93-426f-b798-8a278c956c5f', '33f663e5-d39e-43da-832c-e5cbd6d55750', 'F6', '2026-01-20T11:12:07.625621', '2026-01-20T11:12:07.625621');
INSERT INTO hall_seats (id, cinema_hall_id, seat_type_id, seat_code, created_at, updated_at) VALUES ('9dadd531-939a-441c-993a-eb817aef78e0', '63213e9d-2e93-426f-b798-8a278c956c5f', '33f663e5-d39e-43da-832c-e5cbd6d55750', 'F7', '2026-01-20T11:12:07.625621', '2026-01-20T11:12:07.625621');
INSERT INTO hall_seats (id, cinema_hall_id, seat_type_id, seat_code, created_at, updated_at) VALUES ('f0f2d713-9cf1-42d8-843e-e21b52a3de39', '63213e9d-2e93-426f-b798-8a278c956c5f', '33f663e5-d39e-43da-832c-e5cbd6d55750', 'F8', '2026-01-20T11:12:07.625621', '2026-01-20T11:12:07.625621');
INSERT INTO hall_seats (id, cinema_hall_id, seat_type_id, seat_code, created_at, updated_at) VALUES ('97c0d81c-1358-417c-aaa9-9fb43e7e0e6e', '63213e9d-2e93-426f-b798-8a278c956c5f', 'd45e50fa-bb04-45a1-9f3f-c70e153f98ea', 'G1', '2026-01-20T11:12:07.625708', '2026-01-20T11:12:07.625708');
INSERT INTO hall_seats (id, cinema_hall_id, seat_type_id, seat_code, created_at, updated_at) VALUES ('fdc266c6-355b-411d-9247-be5a369e8727', '63213e9d-2e93-426f-b798-8a278c956c5f', 'd45e50fa-bb04-45a1-9f3f-c70e153f98ea', 'G2', '2026-01-20T11:12:07.625708', '2026-01-20T11:12:07.625708');
INSERT INTO hall_seats (id, cinema_hall_id, seat_type_id, seat_code, created_at, updated_at) VALUES ('9a6d2c7b-8346-4bf0-98e8-d5471da61619', '63213e9d-2e93-426f-b798-8a278c956c5f', 'd45e50fa-bb04-45a1-9f3f-c70e153f98ea', 'G3', '2026-01-20T11:12:07.625708', '2026-01-20T11:12:07.625708');
INSERT INTO hall_seats (id, cinema_hall_id, seat_type_id, seat_code, created_at, updated_at) VALUES ('8c68a232-70f8-4f17-8124-ebab18160576', '63213e9d-2e93-426f-b798-8a278c956c5f', 'd45e50fa-bb04-45a1-9f3f-c70e153f98ea', 'G4', '2026-01-20T11:12:07.625708', '2026-01-20T11:12:07.625708');
INSERT INTO hall_seats (id, cinema_hall_id, seat_type_id, seat_code, created_at, updated_at) VALUES ('4d047b91-2995-47be-a377-642ef2008670', '63213e9d-2e93-426f-b798-8a278c956c5f', 'd45e50fa-bb04-45a1-9f3f-c70e153f98ea', 'G5', '2026-01-20T11:12:07.625708', '2026-01-20T11:12:07.625708');
INSERT INTO hall_seats (id, cinema_hall_id, seat_type_id, seat_code, created_at, updated_at) VALUES ('13f8fdc3-150f-4fb4-bc06-578ae0d7a726', '63213e9d-2e93-426f-b798-8a278c956c5f', 'd45e50fa-bb04-45a1-9f3f-c70e153f98ea', 'G6', '2026-01-20T11:12:07.625708', '2026-01-20T11:12:07.625708');
INSERT INTO hall_seats (id, cinema_hall_id, seat_type_id, seat_code, created_at, updated_at) VALUES ('a908f5a6-8578-42eb-8e4d-59905001fc71', '63213e9d-2e93-426f-b798-8a278c956c5f', 'd45e50fa-bb04-45a1-9f3f-c70e153f98ea', 'G7', '2026-01-20T11:12:07.625708', '2026-01-20T11:12:07.625708');
INSERT INTO hall_seats (id, cinema_hall_id, seat_type_id, seat_code, created_at, updated_at) VALUES ('f7374a38-03ad-46bb-b38f-5c49eb48e6db', '63213e9d-2e93-426f-b798-8a278c956c5f', 'd45e50fa-bb04-45a1-9f3f-c70e153f98ea', 'G8', '2026-01-20T11:12:07.625708', '2026-01-20T11:12:07.625708');
INSERT INTO hall_seats (id, cinema_hall_id, seat_type_id, seat_code, created_at, updated_at) VALUES ('94abc7b9-fdf2-4463-9983-2b303667cd90', '63213e9d-2e93-426f-b798-8a278c956c5f', 'd45e50fa-bb04-45a1-9f3f-c70e153f98ea', 'H1', '2026-01-20T11:12:07.625792', '2026-01-20T11:12:07.625792');
INSERT INTO hall_seats (id, cinema_hall_id, seat_type_id, seat_code, created_at, updated_at) VALUES ('613f08c8-cf39-4438-bc92-4bcdb2a2c3ac', '63213e9d-2e93-426f-b798-8a278c956c5f', 'd45e50fa-bb04-45a1-9f3f-c70e153f98ea', 'H2', '2026-01-20T11:12:07.625792', '2026-01-20T11:12:07.625792');
INSERT INTO hall_seats (id, cinema_hall_id, seat_type_id, seat_code, created_at, updated_at) VALUES ('03e95fcb-ddc0-40f9-ae16-22980f43954d', '63213e9d-2e93-426f-b798-8a278c956c5f', 'd45e50fa-bb04-45a1-9f3f-c70e153f98ea', 'H3', '2026-01-20T11:12:07.625792', '2026-01-20T11:12:07.625792');
INSERT INTO hall_seats (id, cinema_hall_id, seat_type_id, seat_code, created_at, updated_at) VALUES ('8205ea22-e9af-4f3d-b681-1837f690c4d7', '63213e9d-2e93-426f-b798-8a278c956c5f', 'd45e50fa-bb04-45a1-9f3f-c70e153f98ea', 'H4', '2026-01-20T11:12:07.625792', '2026-01-20T11:12:07.625792');
INSERT INTO hall_seats (id, cinema_hall_id, seat_type_id, seat_code, created_at, updated_at) VALUES ('2b5e0750-cf60-4318-b7dc-530aa0f80448', '63213e9d-2e93-426f-b798-8a278c956c5f', 'd45e50fa-bb04-45a1-9f3f-c70e153f98ea', 'H5', '2026-01-20T11:12:07.625792', '2026-01-20T11:12:07.625792');
INSERT INTO hall_seats (id, cinema_hall_id, seat_type_id, seat_code, created_at, updated_at) VALUES ('196df813-95c9-4164-ad5e-ac3fb79e25d1', '63213e9d-2e93-426f-b798-8a278c956c5f', 'd45e50fa-bb04-45a1-9f3f-c70e153f98ea', 'H6', '2026-01-20T11:12:07.625792', '2026-01-20T11:12:07.625792');
INSERT INTO hall_seats (id, cinema_hall_id, seat_type_id, seat_code, created_at, updated_at) VALUES ('2385f397-0af0-4bdb-8210-f8cc31d37f27', '63213e9d-2e93-426f-b798-8a278c956c5f', 'd45e50fa-bb04-45a1-9f3f-c70e153f98ea', 'H7', '2026-01-20T11:12:07.625792', '2026-01-20T11:12:07.625792');
INSERT INTO hall_seats (id, cinema_hall_id, seat_type_id, seat_code, created_at, updated_at) VALUES ('870f8117-a1d4-4276-a964-ef89ca4cda9e', '63213e9d-2e93-426f-b798-8a278c956c5f', 'd45e50fa-bb04-45a1-9f3f-c70e153f98ea', 'H8', '2026-01-20T11:12:07.625792', '2026-01-20T11:12:07.625792');
INSERT INTO hall_seats (id, cinema_hall_id, seat_type_id, seat_code, created_at, updated_at) VALUES ('cb9a9bea-f4d7-4bdd-856c-a210713230ff', '63213e9d-2e93-426f-b798-8a278c956c5f', '6bd71157-64ef-4ac5-a31c-5b6ae4e1cbe5', 'I1', '2026-01-20T11:12:07.625879', '2026-01-20T11:12:07.625879');
INSERT INTO hall_seats (id, cinema_hall_id, seat_type_id, seat_code, created_at, updated_at) VALUES ('00e546a9-84cc-42b2-b7a3-3e91c91de0b3', '63213e9d-2e93-426f-b798-8a278c956c5f', '6bd71157-64ef-4ac5-a31c-5b6ae4e1cbe5', 'I2', '2026-01-20T11:12:07.625879', '2026-01-20T11:12:07.625879');
INSERT INTO hall_seats (id, cinema_hall_id, seat_type_id, seat_code, created_at, updated_at) VALUES ('bf70aff9-4cac-4df7-afe2-e5ea24bb999a', '63213e9d-2e93-426f-b798-8a278c956c5f', '6bd71157-64ef-4ac5-a31c-5b6ae4e1cbe5', 'I3', '2026-01-20T11:12:07.625879', '2026-01-20T11:12:07.625879');
INSERT INTO hall_seats (id, cinema_hall_id, seat_type_id, seat_code, created_at, updated_at) VALUES ('a8ac6e21-36a1-40cc-b938-9e24cd2df853', '63213e9d-2e93-426f-b798-8a278c956c5f', '6bd71157-64ef-4ac5-a31c-5b6ae4e1cbe5', 'I4', '2026-01-20T11:12:07.625879', '2026-01-20T11:12:07.625879');
INSERT INTO hall_seats (id, cinema_hall_id, seat_type_id, seat_code, created_at, updated_at) VALUES ('eeb0773b-1604-499a-b8ca-7e0908be78d1', 'd1d0fc7b-99ab-4013-b293-2525a79b53e0', '33f663e5-d39e-43da-832c-e5cbd6d55750', 'A1', '2026-01-20T11:12:07.625930', '2026-01-20T11:12:07.625930');
INSERT INTO hall_seats (id, cinema_hall_id, seat_type_id, seat_code, created_at, updated_at) VALUES ('eca21fc2-8fee-4a99-af14-541725927dc6', 'd1d0fc7b-99ab-4013-b293-2525a79b53e0', '33f663e5-d39e-43da-832c-e5cbd6d55750', 'A2', '2026-01-20T11:12:07.625930', '2026-01-20T11:12:07.625930');
INSERT INTO hall_seats (id, cinema_hall_id, seat_type_id, seat_code, created_at, updated_at) VALUES ('9792af41-aaf1-42d8-9c50-4b9a51765d62', 'd1d0fc7b-99ab-4013-b293-2525a79b53e0', '33f663e5-d39e-43da-832c-e5cbd6d55750', 'A3', '2026-01-20T11:12:07.625930', '2026-01-20T11:12:07.625930');
INSERT INTO hall_seats (id, cinema_hall_id, seat_type_id, seat_code, created_at, updated_at) VALUES ('7c54a72c-4792-4c5f-adee-1bf3177a8a76', 'd1d0fc7b-99ab-4013-b293-2525a79b53e0', '33f663e5-d39e-43da-832c-e5cbd6d55750', 'A4', '2026-01-20T11:12:07.625930', '2026-01-20T11:12:07.625930');
INSERT INTO hall_seats (id, cinema_hall_id, seat_type_id, seat_code, created_at, updated_at) VALUES ('accf3af3-9bd3-4219-8a9c-daf1a41ab7b9', 'd1d0fc7b-99ab-4013-b293-2525a79b53e0', '33f663e5-d39e-43da-832c-e5cbd6d55750', 'A5', '2026-01-20T11:12:07.625930', '2026-01-20T11:12:07.625930');
INSERT INTO hall_seats (id, cinema_hall_id, seat_type_id, seat_code, created_at, updated_at) VALUES ('f4181008-4ca0-4308-97aa-904dbd95d28d', 'd1d0fc7b-99ab-4013-b293-2525a79b53e0', '33f663e5-d39e-43da-832c-e5cbd6d55750', 'A6', '2026-01-20T11:12:07.625930', '2026-01-20T11:12:07.625930');
INSERT INTO hall_seats (id, cinema_hall_id, seat_type_id, seat_code, created_at, updated_at) VALUES ('8355ca00-5932-49b8-aa34-fe01e7b06f53', 'd1d0fc7b-99ab-4013-b293-2525a79b53e0', '33f663e5-d39e-43da-832c-e5cbd6d55750', 'A7', '2026-01-20T11:12:07.625930', '2026-01-20T11:12:07.625930');
INSERT INTO hall_seats (id, cinema_hall_id, seat_type_id, seat_code, created_at, updated_at) VALUES ('55c32332-9ce6-4a54-b4d7-bcb04586888a', 'd1d0fc7b-99ab-4013-b293-2525a79b53e0', '33f663e5-d39e-43da-832c-e5cbd6d55750', 'A8', '2026-01-20T11:12:07.625930', '2026-01-20T11:12:07.625930');
INSERT INTO hall_seats (id, cinema_hall_id, seat_type_id, seat_code, created_at, updated_at) VALUES ('a6d56274-2e7e-4b56-a1a2-f4903293a8bf', 'd1d0fc7b-99ab-4013-b293-2525a79b53e0', '33f663e5-d39e-43da-832c-e5cbd6d55750', 'B1', '2026-01-20T11:12:07.626012', '2026-01-20T11:12:07.626012');
INSERT INTO hall_seats (id, cinema_hall_id, seat_type_id, seat_code, created_at, updated_at) VALUES ('12be4374-0bf2-4413-971d-d7ced202ba1f', 'd1d0fc7b-99ab-4013-b293-2525a79b53e0', '33f663e5-d39e-43da-832c-e5cbd6d55750', 'B2', '2026-01-20T11:12:07.626012', '2026-01-20T11:12:07.626012');
INSERT INTO hall_seats (id, cinema_hall_id, seat_type_id, seat_code, created_at, updated_at) VALUES ('3d41ebf9-a613-47e6-8ea4-e02ccd7d54d4', 'd1d0fc7b-99ab-4013-b293-2525a79b53e0', '33f663e5-d39e-43da-832c-e5cbd6d55750', 'B3', '2026-01-20T11:12:07.626012', '2026-01-20T11:12:07.626012');
INSERT INTO hall_seats (id, cinema_hall_id, seat_type_id, seat_code, created_at, updated_at) VALUES ('7422b33a-8019-4d77-b087-472dbabe1e88', 'd1d0fc7b-99ab-4013-b293-2525a79b53e0', '33f663e5-d39e-43da-832c-e5cbd6d55750', 'B4', '2026-01-20T11:12:07.626012', '2026-01-20T11:12:07.626012');
INSERT INTO hall_seats (id, cinema_hall_id, seat_type_id, seat_code, created_at, updated_at) VALUES ('44d8c261-57f9-4873-be46-00fa52a4fcb3', 'd1d0fc7b-99ab-4013-b293-2525a79b53e0', '33f663e5-d39e-43da-832c-e5cbd6d55750', 'B5', '2026-01-20T11:12:07.626012', '2026-01-20T11:12:07.626012');
INSERT INTO hall_seats (id, cinema_hall_id, seat_type_id, seat_code, created_at, updated_at) VALUES ('f8bb09fc-d717-4320-8bc9-d1d4d3964286', 'd1d0fc7b-99ab-4013-b293-2525a79b53e0', '33f663e5-d39e-43da-832c-e5cbd6d55750', 'B6', '2026-01-20T11:12:07.626012', '2026-01-20T11:12:07.626012');
INSERT INTO hall_seats (id, cinema_hall_id, seat_type_id, seat_code, created_at, updated_at) VALUES ('6e290be1-bc53-43a3-9e6f-fdfe0f76e5d9', 'd1d0fc7b-99ab-4013-b293-2525a79b53e0', '33f663e5-d39e-43da-832c-e5cbd6d55750', 'B7', '2026-01-20T11:12:07.626012', '2026-01-20T11:12:07.626012');
INSERT INTO hall_seats (id, cinema_hall_id, seat_type_id, seat_code, created_at, updated_at) VALUES ('687b3cb0-d532-4489-9618-cbca4c8cf0a2', 'd1d0fc7b-99ab-4013-b293-2525a79b53e0', '33f663e5-d39e-43da-832c-e5cbd6d55750', 'B8', '2026-01-20T11:12:07.626012', '2026-01-20T11:12:07.626012');
INSERT INTO hall_seats (id, cinema_hall_id, seat_type_id, seat_code, created_at, updated_at) VALUES ('2dd5557e-8066-4240-9463-7ab03bcaaf3b', 'd1d0fc7b-99ab-4013-b293-2525a79b53e0', '33f663e5-d39e-43da-832c-e5cbd6d55750', 'C1', '2026-01-20T11:12:07.626111', '2026-01-20T11:12:07.626111');
INSERT INTO hall_seats (id, cinema_hall_id, seat_type_id, seat_code, created_at, updated_at) VALUES ('88409893-395e-4324-acb1-0ee1d5a50acb', 'd1d0fc7b-99ab-4013-b293-2525a79b53e0', '33f663e5-d39e-43da-832c-e5cbd6d55750', 'C2', '2026-01-20T11:12:07.626111', '2026-01-20T11:12:07.626111');
INSERT INTO hall_seats (id, cinema_hall_id, seat_type_id, seat_code, created_at, updated_at) VALUES ('65e7d7da-58d5-4492-8cda-4e4e6e3ffe8e', 'd1d0fc7b-99ab-4013-b293-2525a79b53e0', '33f663e5-d39e-43da-832c-e5cbd6d55750', 'C3', '2026-01-20T11:12:07.626111', '2026-01-20T11:12:07.626111');
INSERT INTO hall_seats (id, cinema_hall_id, seat_type_id, seat_code, created_at, updated_at) VALUES ('42cc7c07-468d-412e-b3d2-c4ed71276b58', 'd1d0fc7b-99ab-4013-b293-2525a79b53e0', '33f663e5-d39e-43da-832c-e5cbd6d55750', 'C4', '2026-01-20T11:12:07.626111', '2026-01-20T11:12:07.626111');
INSERT INTO hall_seats (id, cinema_hall_id, seat_type_id, seat_code, created_at, updated_at) VALUES ('b9833993-4c74-479b-9a30-a5e5b8b76015', 'd1d0fc7b-99ab-4013-b293-2525a79b53e0', '33f663e5-d39e-43da-832c-e5cbd6d55750', 'C5', '2026-01-20T11:12:07.626111', '2026-01-20T11:12:07.626111');
INSERT INTO hall_seats (id, cinema_hall_id, seat_type_id, seat_code, created_at, updated_at) VALUES ('dcaede77-b585-46c1-9b0e-bd018c5d87a5', 'd1d0fc7b-99ab-4013-b293-2525a79b53e0', '33f663e5-d39e-43da-832c-e5cbd6d55750', 'C6', '2026-01-20T11:12:07.626111', '2026-01-20T11:12:07.626111');
INSERT INTO hall_seats (id, cinema_hall_id, seat_type_id, seat_code, created_at, updated_at) VALUES ('3261a772-d304-48e1-b90f-021a0ecfb91d', 'd1d0fc7b-99ab-4013-b293-2525a79b53e0', '33f663e5-d39e-43da-832c-e5cbd6d55750', 'C7', '2026-01-20T11:12:07.626111', '2026-01-20T11:12:07.626111');
INSERT INTO hall_seats (id, cinema_hall_id, seat_type_id, seat_code, created_at, updated_at) VALUES ('8792fa19-0e98-45e3-a185-321142a19cc3', 'd1d0fc7b-99ab-4013-b293-2525a79b53e0', '33f663e5-d39e-43da-832c-e5cbd6d55750', 'C8', '2026-01-20T11:12:07.626111', '2026-01-20T11:12:07.626111');
INSERT INTO hall_seats (id, cinema_hall_id, seat_type_id, seat_code, created_at, updated_at) VALUES ('bd160530-ac63-4297-bc63-9011a355c4e0', 'd1d0fc7b-99ab-4013-b293-2525a79b53e0', '33f663e5-d39e-43da-832c-e5cbd6d55750', 'D1', '2026-01-20T11:12:07.626204', '2026-01-20T11:12:07.626204');
INSERT INTO hall_seats (id, cinema_hall_id, seat_type_id, seat_code, created_at, updated_at) VALUES ('61125f20-08de-47af-a837-46468de99aa3', 'd1d0fc7b-99ab-4013-b293-2525a79b53e0', '33f663e5-d39e-43da-832c-e5cbd6d55750', 'D2', '2026-01-20T11:12:07.626204', '2026-01-20T11:12:07.626204');
INSERT INTO hall_seats (id, cinema_hall_id, seat_type_id, seat_code, created_at, updated_at) VALUES ('5bf9ede9-fce1-47ba-9e60-bf15b130240a', 'd1d0fc7b-99ab-4013-b293-2525a79b53e0', '33f663e5-d39e-43da-832c-e5cbd6d55750', 'D3', '2026-01-20T11:12:07.626204', '2026-01-20T11:12:07.626204');
INSERT INTO hall_seats (id, cinema_hall_id, seat_type_id, seat_code, created_at, updated_at) VALUES ('7474dcc9-0010-4773-b201-df641405a4f8', 'd1d0fc7b-99ab-4013-b293-2525a79b53e0', '33f663e5-d39e-43da-832c-e5cbd6d55750', 'D4', '2026-01-20T11:12:07.626204', '2026-01-20T11:12:07.626204');
INSERT INTO hall_seats (id, cinema_hall_id, seat_type_id, seat_code, created_at, updated_at) VALUES ('bb851717-3318-4991-ae2c-4bebc2a04a1f', 'd1d0fc7b-99ab-4013-b293-2525a79b53e0', '33f663e5-d39e-43da-832c-e5cbd6d55750', 'D5', '2026-01-20T11:12:07.626204', '2026-01-20T11:12:07.626204');
INSERT INTO hall_seats (id, cinema_hall_id, seat_type_id, seat_code, created_at, updated_at) VALUES ('80708a6d-2f9c-46c6-8533-a226efba91e0', 'd1d0fc7b-99ab-4013-b293-2525a79b53e0', '33f663e5-d39e-43da-832c-e5cbd6d55750', 'D6', '2026-01-20T11:12:07.626204', '2026-01-20T11:12:07.626204');
INSERT INTO hall_seats (id, cinema_hall_id, seat_type_id, seat_code, created_at, updated_at) VALUES ('91f60bb4-674d-47e8-a9c0-ccd545bb71f5', 'd1d0fc7b-99ab-4013-b293-2525a79b53e0', '33f663e5-d39e-43da-832c-e5cbd6d55750', 'D7', '2026-01-20T11:12:07.626204', '2026-01-20T11:12:07.626204');
INSERT INTO hall_seats (id, cinema_hall_id, seat_type_id, seat_code, created_at, updated_at) VALUES ('8749ceff-072f-47bd-ba6b-19b579322c68', 'd1d0fc7b-99ab-4013-b293-2525a79b53e0', '33f663e5-d39e-43da-832c-e5cbd6d55750', 'D8', '2026-01-20T11:12:07.626204', '2026-01-20T11:12:07.626204');
INSERT INTO hall_seats (id, cinema_hall_id, seat_type_id, seat_code, created_at, updated_at) VALUES ('cf3ef1ef-63aa-4f7d-86f3-3f004e953d22', 'd1d0fc7b-99ab-4013-b293-2525a79b53e0', '33f663e5-d39e-43da-832c-e5cbd6d55750', 'E1', '2026-01-20T11:12:07.626293', '2026-01-20T11:12:07.626293');
INSERT INTO hall_seats (id, cinema_hall_id, seat_type_id, seat_code, created_at, updated_at) VALUES ('d6dd631f-fd92-4136-8e70-8841b8429680', 'd1d0fc7b-99ab-4013-b293-2525a79b53e0', '33f663e5-d39e-43da-832c-e5cbd6d55750', 'E2', '2026-01-20T11:12:07.626293', '2026-01-20T11:12:07.626293');
INSERT INTO hall_seats (id, cinema_hall_id, seat_type_id, seat_code, created_at, updated_at) VALUES ('ba3994ba-3811-4f73-915f-b53eb6859080', 'd1d0fc7b-99ab-4013-b293-2525a79b53e0', '33f663e5-d39e-43da-832c-e5cbd6d55750', 'E3', '2026-01-20T11:12:07.626293', '2026-01-20T11:12:07.626293');
INSERT INTO hall_seats (id, cinema_hall_id, seat_type_id, seat_code, created_at, updated_at) VALUES ('b42026d1-b8d4-4693-ba9b-441eaadb80cf', 'd1d0fc7b-99ab-4013-b293-2525a79b53e0', '33f663e5-d39e-43da-832c-e5cbd6d55750', 'E4', '2026-01-20T11:12:07.626293', '2026-01-20T11:12:07.626293');
INSERT INTO hall_seats (id, cinema_hall_id, seat_type_id, seat_code, created_at, updated_at) VALUES ('7189665e-e566-43a7-84df-d55c1f4db16b', 'd1d0fc7b-99ab-4013-b293-2525a79b53e0', '33f663e5-d39e-43da-832c-e5cbd6d55750', 'E5', '2026-01-20T11:12:07.626293', '2026-01-20T11:12:07.626293');
INSERT INTO hall_seats (id, cinema_hall_id, seat_type_id, seat_code, created_at, updated_at) VALUES ('692f5e36-e7e5-4237-838f-d0c4e1544352', 'd1d0fc7b-99ab-4013-b293-2525a79b53e0', '33f663e5-d39e-43da-832c-e5cbd6d55750', 'E6', '2026-01-20T11:12:07.626293', '2026-01-20T11:12:07.626293');
INSERT INTO hall_seats (id, cinema_hall_id, seat_type_id, seat_code, created_at, updated_at) VALUES ('4e2fbf8f-e877-4dc0-980d-74493e9b411a', 'd1d0fc7b-99ab-4013-b293-2525a79b53e0', '33f663e5-d39e-43da-832c-e5cbd6d55750', 'E7', '2026-01-20T11:12:07.626293', '2026-01-20T11:12:07.626293');
INSERT INTO hall_seats (id, cinema_hall_id, seat_type_id, seat_code, created_at, updated_at) VALUES ('1d874191-bf09-45d9-a722-3c2f1ffd894b', 'd1d0fc7b-99ab-4013-b293-2525a79b53e0', '33f663e5-d39e-43da-832c-e5cbd6d55750', 'E8', '2026-01-20T11:12:07.626293', '2026-01-20T11:12:07.626293');
INSERT INTO hall_seats (id, cinema_hall_id, seat_type_id, seat_code, created_at, updated_at) VALUES ('4b122e37-6af2-4dc2-9415-c49ee30cb359', 'd1d0fc7b-99ab-4013-b293-2525a79b53e0', '33f663e5-d39e-43da-832c-e5cbd6d55750', 'F1', '2026-01-20T11:12:07.626376', '2026-01-20T11:12:07.626376');
INSERT INTO hall_seats (id, cinema_hall_id, seat_type_id, seat_code, created_at, updated_at) VALUES ('cb050e4a-3a9e-4cd1-aec4-ce3f7aee54f4', 'd1d0fc7b-99ab-4013-b293-2525a79b53e0', '33f663e5-d39e-43da-832c-e5cbd6d55750', 'F2', '2026-01-20T11:12:07.626376', '2026-01-20T11:12:07.626376');
INSERT INTO hall_seats (id, cinema_hall_id, seat_type_id, seat_code, created_at, updated_at) VALUES ('d89a01bf-d157-40ca-91bd-41853cc4ed55', 'd1d0fc7b-99ab-4013-b293-2525a79b53e0', '33f663e5-d39e-43da-832c-e5cbd6d55750', 'F3', '2026-01-20T11:12:07.626376', '2026-01-20T11:12:07.626376');
INSERT INTO hall_seats (id, cinema_hall_id, seat_type_id, seat_code, created_at, updated_at) VALUES ('48e197d8-f609-408b-8ecd-ca40c5b945f0', 'd1d0fc7b-99ab-4013-b293-2525a79b53e0', '33f663e5-d39e-43da-832c-e5cbd6d55750', 'F4', '2026-01-20T11:12:07.626376', '2026-01-20T11:12:07.626376');
INSERT INTO hall_seats (id, cinema_hall_id, seat_type_id, seat_code, created_at, updated_at) VALUES ('1acbe06c-ac2a-4e68-887a-d84685f9c7a5', 'd1d0fc7b-99ab-4013-b293-2525a79b53e0', '33f663e5-d39e-43da-832c-e5cbd6d55750', 'F5', '2026-01-20T11:12:07.626376', '2026-01-20T11:12:07.626376');
INSERT INTO hall_seats (id, cinema_hall_id, seat_type_id, seat_code, created_at, updated_at) VALUES ('1e19b6b7-8942-446c-8ce0-c8e475c07848', 'd1d0fc7b-99ab-4013-b293-2525a79b53e0', '33f663e5-d39e-43da-832c-e5cbd6d55750', 'F6', '2026-01-20T11:12:07.626376', '2026-01-20T11:12:07.626376');
INSERT INTO hall_seats (id, cinema_hall_id, seat_type_id, seat_code, created_at, updated_at) VALUES ('251253e1-6450-4b3d-8603-a2d225bc34e4', 'd1d0fc7b-99ab-4013-b293-2525a79b53e0', '33f663e5-d39e-43da-832c-e5cbd6d55750', 'F7', '2026-01-20T11:12:07.626376', '2026-01-20T11:12:07.626376');
INSERT INTO hall_seats (id, cinema_hall_id, seat_type_id, seat_code, created_at, updated_at) VALUES ('871ab118-0d67-416e-b18c-bc1a955904c2', 'd1d0fc7b-99ab-4013-b293-2525a79b53e0', '33f663e5-d39e-43da-832c-e5cbd6d55750', 'F8', '2026-01-20T11:12:07.626376', '2026-01-20T11:12:07.626376');
INSERT INTO hall_seats (id, cinema_hall_id, seat_type_id, seat_code, created_at, updated_at) VALUES ('aee49104-8b1d-4c49-9e78-a0da7907dfde', 'd1d0fc7b-99ab-4013-b293-2525a79b53e0', 'd45e50fa-bb04-45a1-9f3f-c70e153f98ea', 'G1', '2026-01-20T11:12:07.626460', '2026-01-20T11:12:07.626460');
INSERT INTO hall_seats (id, cinema_hall_id, seat_type_id, seat_code, created_at, updated_at) VALUES ('087c3340-3604-4d5c-b88d-b2e74f1e49ca', 'd1d0fc7b-99ab-4013-b293-2525a79b53e0', 'd45e50fa-bb04-45a1-9f3f-c70e153f98ea', 'G2', '2026-01-20T11:12:07.626460', '2026-01-20T11:12:07.626460');
INSERT INTO hall_seats (id, cinema_hall_id, seat_type_id, seat_code, created_at, updated_at) VALUES ('80c02566-5960-4d75-b42c-ecdce6565d81', 'd1d0fc7b-99ab-4013-b293-2525a79b53e0', 'd45e50fa-bb04-45a1-9f3f-c70e153f98ea', 'G3', '2026-01-20T11:12:07.626460', '2026-01-20T11:12:07.626460');
INSERT INTO hall_seats (id, cinema_hall_id, seat_type_id, seat_code, created_at, updated_at) VALUES ('45c3bf7d-a96c-41d9-ac13-4935d7ff9afd', 'd1d0fc7b-99ab-4013-b293-2525a79b53e0', 'd45e50fa-bb04-45a1-9f3f-c70e153f98ea', 'G4', '2026-01-20T11:12:07.626460', '2026-01-20T11:12:07.626460');
INSERT INTO hall_seats (id, cinema_hall_id, seat_type_id, seat_code, created_at, updated_at) VALUES ('5e833ade-1e02-4016-a8ac-fe1acb438083', 'd1d0fc7b-99ab-4013-b293-2525a79b53e0', 'd45e50fa-bb04-45a1-9f3f-c70e153f98ea', 'G5', '2026-01-20T11:12:07.626460', '2026-01-20T11:12:07.626460');
INSERT INTO hall_seats (id, cinema_hall_id, seat_type_id, seat_code, created_at, updated_at) VALUES ('602f28a1-56fc-45fb-92be-9ff3ef15bc3a', 'd1d0fc7b-99ab-4013-b293-2525a79b53e0', 'd45e50fa-bb04-45a1-9f3f-c70e153f98ea', 'G6', '2026-01-20T11:12:07.626460', '2026-01-20T11:12:07.626460');
INSERT INTO hall_seats (id, cinema_hall_id, seat_type_id, seat_code, created_at, updated_at) VALUES ('0abd8d53-ffe5-4fed-9639-e9e52353e62c', 'd1d0fc7b-99ab-4013-b293-2525a79b53e0', 'd45e50fa-bb04-45a1-9f3f-c70e153f98ea', 'G7', '2026-01-20T11:12:07.626460', '2026-01-20T11:12:07.626460');
INSERT INTO hall_seats (id, cinema_hall_id, seat_type_id, seat_code, created_at, updated_at) VALUES ('dcb72245-bf49-4e31-a6dd-1e3b575f0eb7', 'd1d0fc7b-99ab-4013-b293-2525a79b53e0', 'd45e50fa-bb04-45a1-9f3f-c70e153f98ea', 'G8', '2026-01-20T11:12:07.626460', '2026-01-20T11:12:07.626460');
INSERT INTO hall_seats (id, cinema_hall_id, seat_type_id, seat_code, created_at, updated_at) VALUES ('73dc5316-b25b-485d-9455-7f4781dab63a', 'd1d0fc7b-99ab-4013-b293-2525a79b53e0', 'd45e50fa-bb04-45a1-9f3f-c70e153f98ea', 'H1', '2026-01-20T11:12:07.626547', '2026-01-20T11:12:07.626547');
INSERT INTO hall_seats (id, cinema_hall_id, seat_type_id, seat_code, created_at, updated_at) VALUES ('a0b0d3e4-d78a-4b6b-b49a-beff8dfc3f2e', 'd1d0fc7b-99ab-4013-b293-2525a79b53e0', 'd45e50fa-bb04-45a1-9f3f-c70e153f98ea', 'H2', '2026-01-20T11:12:07.626547', '2026-01-20T11:12:07.626547');
INSERT INTO hall_seats (id, cinema_hall_id, seat_type_id, seat_code, created_at, updated_at) VALUES ('a67df96c-2601-4836-80ac-1cccf59e2d85', 'd1d0fc7b-99ab-4013-b293-2525a79b53e0', 'd45e50fa-bb04-45a1-9f3f-c70e153f98ea', 'H3', '2026-01-20T11:12:07.626547', '2026-01-20T11:12:07.626547');
INSERT INTO hall_seats (id, cinema_hall_id, seat_type_id, seat_code, created_at, updated_at) VALUES ('fa9a944e-1eb2-4edd-853c-2e960f42199b', 'd1d0fc7b-99ab-4013-b293-2525a79b53e0', 'd45e50fa-bb04-45a1-9f3f-c70e153f98ea', 'H4', '2026-01-20T11:12:07.626547', '2026-01-20T11:12:07.626547');
INSERT INTO hall_seats (id, cinema_hall_id, seat_type_id, seat_code, created_at, updated_at) VALUES ('57703309-ce81-4f8d-bca0-f8a1c6dbf7f8', 'd1d0fc7b-99ab-4013-b293-2525a79b53e0', 'd45e50fa-bb04-45a1-9f3f-c70e153f98ea', 'H5', '2026-01-20T11:12:07.626547', '2026-01-20T11:12:07.626547');
INSERT INTO hall_seats (id, cinema_hall_id, seat_type_id, seat_code, created_at, updated_at) VALUES ('357de0e9-16ae-46ae-a663-4a6a4f3a7be5', 'd1d0fc7b-99ab-4013-b293-2525a79b53e0', 'd45e50fa-bb04-45a1-9f3f-c70e153f98ea', 'H6', '2026-01-20T11:12:07.626547', '2026-01-20T11:12:07.626547');
INSERT INTO hall_seats (id, cinema_hall_id, seat_type_id, seat_code, created_at, updated_at) VALUES ('93413cb0-2364-43e5-bff5-96a04c9a2e90', 'd1d0fc7b-99ab-4013-b293-2525a79b53e0', 'd45e50fa-bb04-45a1-9f3f-c70e153f98ea', 'H7', '2026-01-20T11:12:07.626547', '2026-01-20T11:12:07.626547');
INSERT INTO hall_seats (id, cinema_hall_id, seat_type_id, seat_code, created_at, updated_at) VALUES ('d4801c8c-de97-4c8a-9ad9-65d66619282b', 'd1d0fc7b-99ab-4013-b293-2525a79b53e0', 'd45e50fa-bb04-45a1-9f3f-c70e153f98ea', 'H8', '2026-01-20T11:12:07.626547', '2026-01-20T11:12:07.626547');
INSERT INTO hall_seats (id, cinema_hall_id, seat_type_id, seat_code, created_at, updated_at) VALUES ('6a8c5768-672e-4967-8a6a-76ac43c965cd', 'd1d0fc7b-99ab-4013-b293-2525a79b53e0', '6bd71157-64ef-4ac5-a31c-5b6ae4e1cbe5', 'I1', '2026-01-20T11:12:07.626639', '2026-01-20T11:12:07.626639');
INSERT INTO hall_seats (id, cinema_hall_id, seat_type_id, seat_code, created_at, updated_at) VALUES ('bb6a56c1-f6a5-450e-a8cb-e56aa1313b32', 'd1d0fc7b-99ab-4013-b293-2525a79b53e0', '6bd71157-64ef-4ac5-a31c-5b6ae4e1cbe5', 'I2', '2026-01-20T11:12:07.626639', '2026-01-20T11:12:07.626639');
INSERT INTO hall_seats (id, cinema_hall_id, seat_type_id, seat_code, created_at, updated_at) VALUES ('3b5aadbc-1055-45f8-8da0-aaa57232338c', 'd1d0fc7b-99ab-4013-b293-2525a79b53e0', '6bd71157-64ef-4ac5-a31c-5b6ae4e1cbe5', 'I3', '2026-01-20T11:12:07.626639', '2026-01-20T11:12:07.626639');
INSERT INTO hall_seats (id, cinema_hall_id, seat_type_id, seat_code, created_at, updated_at) VALUES ('6ab0fc53-b1dc-4753-a211-2324a8ecc43f', 'd1d0fc7b-99ab-4013-b293-2525a79b53e0', '6bd71157-64ef-4ac5-a31c-5b6ae4e1cbe5', 'I4', '2026-01-20T11:12:07.626639', '2026-01-20T11:12:07.626639');
INSERT INTO hall_seats (id, cinema_hall_id, seat_type_id, seat_code, created_at, updated_at) VALUES ('7e503605-7f72-4827-8360-d04030918329', '7f8bc5ee-1693-4985-acef-abed9e06ff94', '33f663e5-d39e-43da-832c-e5cbd6d55750', 'A1', '2026-01-20T11:12:07.626681', '2026-01-20T11:12:07.626681');
INSERT INTO hall_seats (id, cinema_hall_id, seat_type_id, seat_code, created_at, updated_at) VALUES ('d5ebe1ee-174c-414b-8cca-88d0e803b057', '7f8bc5ee-1693-4985-acef-abed9e06ff94', '33f663e5-d39e-43da-832c-e5cbd6d55750', 'A2', '2026-01-20T11:12:07.626681', '2026-01-20T11:12:07.626681');
INSERT INTO hall_seats (id, cinema_hall_id, seat_type_id, seat_code, created_at, updated_at) VALUES ('5f576902-b564-4ee2-a87c-4b691db80370', '7f8bc5ee-1693-4985-acef-abed9e06ff94', '33f663e5-d39e-43da-832c-e5cbd6d55750', 'A3', '2026-01-20T11:12:07.626681', '2026-01-20T11:12:07.626681');
INSERT INTO hall_seats (id, cinema_hall_id, seat_type_id, seat_code, created_at, updated_at) VALUES ('c0c94f61-6080-4157-bebc-2f2b41e5b56a', '7f8bc5ee-1693-4985-acef-abed9e06ff94', '33f663e5-d39e-43da-832c-e5cbd6d55750', 'A4', '2026-01-20T11:12:07.626681', '2026-01-20T11:12:07.626681');
INSERT INTO hall_seats (id, cinema_hall_id, seat_type_id, seat_code, created_at, updated_at) VALUES ('f377a936-4f97-40f0-9ff9-5748b71596f6', '7f8bc5ee-1693-4985-acef-abed9e06ff94', '33f663e5-d39e-43da-832c-e5cbd6d55750', 'A5', '2026-01-20T11:12:07.626681', '2026-01-20T11:12:07.626681');
INSERT INTO hall_seats (id, cinema_hall_id, seat_type_id, seat_code, created_at, updated_at) VALUES ('fb2e8566-ed0f-46aa-bb33-2d0ee10de156', '7f8bc5ee-1693-4985-acef-abed9e06ff94', '33f663e5-d39e-43da-832c-e5cbd6d55750', 'A6', '2026-01-20T11:12:07.626681', '2026-01-20T11:12:07.626681');
INSERT INTO hall_seats (id, cinema_hall_id, seat_type_id, seat_code, created_at, updated_at) VALUES ('a021cba5-f8f3-46ad-9823-906203d1ff4c', '7f8bc5ee-1693-4985-acef-abed9e06ff94', '33f663e5-d39e-43da-832c-e5cbd6d55750', 'A7', '2026-01-20T11:12:07.626681', '2026-01-20T11:12:07.626681');
INSERT INTO hall_seats (id, cinema_hall_id, seat_type_id, seat_code, created_at, updated_at) VALUES ('ce577b8b-b09b-4da3-95d5-e0b4648f0923', '7f8bc5ee-1693-4985-acef-abed9e06ff94', '33f663e5-d39e-43da-832c-e5cbd6d55750', 'A8', '2026-01-20T11:12:07.626681', '2026-01-20T11:12:07.626681');
INSERT INTO hall_seats (id, cinema_hall_id, seat_type_id, seat_code, created_at, updated_at) VALUES ('139afb2b-e7f6-41f7-9c1f-edcc1a4ec09b', '7f8bc5ee-1693-4985-acef-abed9e06ff94', '33f663e5-d39e-43da-832c-e5cbd6d55750', 'B1', '2026-01-20T11:12:07.626768', '2026-01-20T11:12:07.626768');
INSERT INTO hall_seats (id, cinema_hall_id, seat_type_id, seat_code, created_at, updated_at) VALUES ('59521f7c-a356-465a-a689-dbae193fa52a', '7f8bc5ee-1693-4985-acef-abed9e06ff94', '33f663e5-d39e-43da-832c-e5cbd6d55750', 'B2', '2026-01-20T11:12:07.626768', '2026-01-20T11:12:07.626768');
INSERT INTO hall_seats (id, cinema_hall_id, seat_type_id, seat_code, created_at, updated_at) VALUES ('847082c5-6fa6-474e-b387-5abd7ba0975a', '7f8bc5ee-1693-4985-acef-abed9e06ff94', '33f663e5-d39e-43da-832c-e5cbd6d55750', 'B3', '2026-01-20T11:12:07.626768', '2026-01-20T11:12:07.626768');
INSERT INTO hall_seats (id, cinema_hall_id, seat_type_id, seat_code, created_at, updated_at) VALUES ('fc9f4a4e-6242-44aa-be41-10c3b1bbfc76', '7f8bc5ee-1693-4985-acef-abed9e06ff94', '33f663e5-d39e-43da-832c-e5cbd6d55750', 'B4', '2026-01-20T11:12:07.626768', '2026-01-20T11:12:07.626768');
INSERT INTO hall_seats (id, cinema_hall_id, seat_type_id, seat_code, created_at, updated_at) VALUES ('d9fb396f-3fa1-42a7-b00b-e00c5a35bb3d', '7f8bc5ee-1693-4985-acef-abed9e06ff94', '33f663e5-d39e-43da-832c-e5cbd6d55750', 'B5', '2026-01-20T11:12:07.626768', '2026-01-20T11:12:07.626768');
INSERT INTO hall_seats (id, cinema_hall_id, seat_type_id, seat_code, created_at, updated_at) VALUES ('c54a21ed-462d-4120-91eb-4ed22828d5ed', '7f8bc5ee-1693-4985-acef-abed9e06ff94', '33f663e5-d39e-43da-832c-e5cbd6d55750', 'B6', '2026-01-20T11:12:07.626768', '2026-01-20T11:12:07.626768');
INSERT INTO hall_seats (id, cinema_hall_id, seat_type_id, seat_code, created_at, updated_at) VALUES ('d60e9529-4f40-4965-b849-8e848f9fd12e', '7f8bc5ee-1693-4985-acef-abed9e06ff94', '33f663e5-d39e-43da-832c-e5cbd6d55750', 'B7', '2026-01-20T11:12:07.626768', '2026-01-20T11:12:07.626768');
INSERT INTO hall_seats (id, cinema_hall_id, seat_type_id, seat_code, created_at, updated_at) VALUES ('b13443e0-2d95-40ad-acde-a19ad323562b', '7f8bc5ee-1693-4985-acef-abed9e06ff94', '33f663e5-d39e-43da-832c-e5cbd6d55750', 'B8', '2026-01-20T11:12:07.626768', '2026-01-20T11:12:07.626768');
INSERT INTO hall_seats (id, cinema_hall_id, seat_type_id, seat_code, created_at, updated_at) VALUES ('328f198e-50a9-4386-9ad1-d748f113858b', '7f8bc5ee-1693-4985-acef-abed9e06ff94', '33f663e5-d39e-43da-832c-e5cbd6d55750', 'C1', '2026-01-20T11:12:07.626851', '2026-01-20T11:12:07.626851');
INSERT INTO hall_seats (id, cinema_hall_id, seat_type_id, seat_code, created_at, updated_at) VALUES ('f7752d17-5c41-45a2-adc6-daaedc21281c', '7f8bc5ee-1693-4985-acef-abed9e06ff94', '33f663e5-d39e-43da-832c-e5cbd6d55750', 'C2', '2026-01-20T11:12:07.626851', '2026-01-20T11:12:07.626851');
INSERT INTO hall_seats (id, cinema_hall_id, seat_type_id, seat_code, created_at, updated_at) VALUES ('3e90e080-7cd8-4ac9-8996-35640e027c43', '7f8bc5ee-1693-4985-acef-abed9e06ff94', '33f663e5-d39e-43da-832c-e5cbd6d55750', 'C3', '2026-01-20T11:12:07.626851', '2026-01-20T11:12:07.626851');
INSERT INTO hall_seats (id, cinema_hall_id, seat_type_id, seat_code, created_at, updated_at) VALUES ('131a43e8-ca50-44bd-a45b-7921ecc171c3', '7f8bc5ee-1693-4985-acef-abed9e06ff94', '33f663e5-d39e-43da-832c-e5cbd6d55750', 'C4', '2026-01-20T11:12:07.626851', '2026-01-20T11:12:07.626851');
INSERT INTO hall_seats (id, cinema_hall_id, seat_type_id, seat_code, created_at, updated_at) VALUES ('d329746b-e6d7-4dd1-8667-8ba5018e3bb7', '7f8bc5ee-1693-4985-acef-abed9e06ff94', '33f663e5-d39e-43da-832c-e5cbd6d55750', 'C5', '2026-01-20T11:12:07.626851', '2026-01-20T11:12:07.626851');
INSERT INTO hall_seats (id, cinema_hall_id, seat_type_id, seat_code, created_at, updated_at) VALUES ('5904bc70-03d6-4e90-a120-a9263360e532', '7f8bc5ee-1693-4985-acef-abed9e06ff94', '33f663e5-d39e-43da-832c-e5cbd6d55750', 'C6', '2026-01-20T11:12:07.626851', '2026-01-20T11:12:07.626851');
INSERT INTO hall_seats (id, cinema_hall_id, seat_type_id, seat_code, created_at, updated_at) VALUES ('5a0db7aa-3245-4e87-94ec-df17615bfac2', '7f8bc5ee-1693-4985-acef-abed9e06ff94', '33f663e5-d39e-43da-832c-e5cbd6d55750', 'C7', '2026-01-20T11:12:07.626851', '2026-01-20T11:12:07.626851');
INSERT INTO hall_seats (id, cinema_hall_id, seat_type_id, seat_code, created_at, updated_at) VALUES ('da17b8c2-4538-4f8d-9580-e0616839983a', '7f8bc5ee-1693-4985-acef-abed9e06ff94', '33f663e5-d39e-43da-832c-e5cbd6d55750', 'C8', '2026-01-20T11:12:07.626851', '2026-01-20T11:12:07.626851');
INSERT INTO hall_seats (id, cinema_hall_id, seat_type_id, seat_code, created_at, updated_at) VALUES ('4b49df52-7efd-403f-9e22-8bb2af8d1936', '7f8bc5ee-1693-4985-acef-abed9e06ff94', '33f663e5-d39e-43da-832c-e5cbd6d55750', 'D1', '2026-01-20T11:12:07.626938', '2026-01-20T11:12:07.626938');
INSERT INTO hall_seats (id, cinema_hall_id, seat_type_id, seat_code, created_at, updated_at) VALUES ('858c0cb1-e2a3-4904-b12a-5ab0eaf92b46', '7f8bc5ee-1693-4985-acef-abed9e06ff94', '33f663e5-d39e-43da-832c-e5cbd6d55750', 'D2', '2026-01-20T11:12:07.626938', '2026-01-20T11:12:07.626938');
INSERT INTO hall_seats (id, cinema_hall_id, seat_type_id, seat_code, created_at, updated_at) VALUES ('8db44568-50bc-4d12-b645-893bb3f2e4a8', '7f8bc5ee-1693-4985-acef-abed9e06ff94', '33f663e5-d39e-43da-832c-e5cbd6d55750', 'D3', '2026-01-20T11:12:07.626938', '2026-01-20T11:12:07.626938');
INSERT INTO hall_seats (id, cinema_hall_id, seat_type_id, seat_code, created_at, updated_at) VALUES ('92a9b87f-cd8b-45df-96ce-49a688e060e6', '7f8bc5ee-1693-4985-acef-abed9e06ff94', '33f663e5-d39e-43da-832c-e5cbd6d55750', 'D4', '2026-01-20T11:12:07.626938', '2026-01-20T11:12:07.626938');
INSERT INTO hall_seats (id, cinema_hall_id, seat_type_id, seat_code, created_at, updated_at) VALUES ('2e837bb8-75c3-438d-bc4c-b9b585855a0d', '7f8bc5ee-1693-4985-acef-abed9e06ff94', '33f663e5-d39e-43da-832c-e5cbd6d55750', 'D5', '2026-01-20T11:12:07.626938', '2026-01-20T11:12:07.626938');
INSERT INTO hall_seats (id, cinema_hall_id, seat_type_id, seat_code, created_at, updated_at) VALUES ('4e06e8d4-a8e9-4698-ade0-b5f43aec5f41', '7f8bc5ee-1693-4985-acef-abed9e06ff94', '33f663e5-d39e-43da-832c-e5cbd6d55750', 'D6', '2026-01-20T11:12:07.626938', '2026-01-20T11:12:07.626938');
INSERT INTO hall_seats (id, cinema_hall_id, seat_type_id, seat_code, created_at, updated_at) VALUES ('eb7e69c5-fb7f-4bd8-a41a-4286172b9516', '7f8bc5ee-1693-4985-acef-abed9e06ff94', '33f663e5-d39e-43da-832c-e5cbd6d55750', 'D7', '2026-01-20T11:12:07.626938', '2026-01-20T11:12:07.626938');
INSERT INTO hall_seats (id, cinema_hall_id, seat_type_id, seat_code, created_at, updated_at) VALUES ('00d97683-07ef-44cb-9a91-7efec3a1e278', '7f8bc5ee-1693-4985-acef-abed9e06ff94', '33f663e5-d39e-43da-832c-e5cbd6d55750', 'D8', '2026-01-20T11:12:07.626938', '2026-01-20T11:12:07.626938');
INSERT INTO hall_seats (id, cinema_hall_id, seat_type_id, seat_code, created_at, updated_at) VALUES ('8e9d434e-fa67-4540-85a3-6d087f3f7b30', '7f8bc5ee-1693-4985-acef-abed9e06ff94', '33f663e5-d39e-43da-832c-e5cbd6d55750', 'E1', '2026-01-20T11:12:07.627023', '2026-01-20T11:12:07.627023');
INSERT INTO hall_seats (id, cinema_hall_id, seat_type_id, seat_code, created_at, updated_at) VALUES ('d6d1b8a8-8596-4fbd-9477-73e83151ed0f', '7f8bc5ee-1693-4985-acef-abed9e06ff94', '33f663e5-d39e-43da-832c-e5cbd6d55750', 'E2', '2026-01-20T11:12:07.627023', '2026-01-20T11:12:07.627023');
INSERT INTO hall_seats (id, cinema_hall_id, seat_type_id, seat_code, created_at, updated_at) VALUES ('0f841114-9778-4fe7-afa3-48e4aba0cd46', '7f8bc5ee-1693-4985-acef-abed9e06ff94', '33f663e5-d39e-43da-832c-e5cbd6d55750', 'E3', '2026-01-20T11:12:07.627023', '2026-01-20T11:12:07.627023');
INSERT INTO hall_seats (id, cinema_hall_id, seat_type_id, seat_code, created_at, updated_at) VALUES ('e6b84103-f9fc-4a77-acee-39300c52bb86', '7f8bc5ee-1693-4985-acef-abed9e06ff94', '33f663e5-d39e-43da-832c-e5cbd6d55750', 'E4', '2026-01-20T11:12:07.627023', '2026-01-20T11:12:07.627023');
INSERT INTO hall_seats (id, cinema_hall_id, seat_type_id, seat_code, created_at, updated_at) VALUES ('e0b4f0f9-26ab-4ecb-9032-e93fe5bff6c0', '7f8bc5ee-1693-4985-acef-abed9e06ff94', '33f663e5-d39e-43da-832c-e5cbd6d55750', 'E5', '2026-01-20T11:12:07.627023', '2026-01-20T11:12:07.627023');
INSERT INTO hall_seats (id, cinema_hall_id, seat_type_id, seat_code, created_at, updated_at) VALUES ('eb431f86-6b91-4c4e-9ea9-4466c2018b07', '7f8bc5ee-1693-4985-acef-abed9e06ff94', '33f663e5-d39e-43da-832c-e5cbd6d55750', 'E6', '2026-01-20T11:12:07.627023', '2026-01-20T11:12:07.627023');
INSERT INTO hall_seats (id, cinema_hall_id, seat_type_id, seat_code, created_at, updated_at) VALUES ('a6aa99cf-8e09-46da-a5c0-c035d1853fbf', '7f8bc5ee-1693-4985-acef-abed9e06ff94', '33f663e5-d39e-43da-832c-e5cbd6d55750', 'E7', '2026-01-20T11:12:07.627023', '2026-01-20T11:12:07.627023');
INSERT INTO hall_seats (id, cinema_hall_id, seat_type_id, seat_code, created_at, updated_at) VALUES ('8ba4c6d9-484c-43ef-a454-816f2ad16468', '7f8bc5ee-1693-4985-acef-abed9e06ff94', '33f663e5-d39e-43da-832c-e5cbd6d55750', 'E8', '2026-01-20T11:12:07.627023', '2026-01-20T11:12:07.627023');
INSERT INTO hall_seats (id, cinema_hall_id, seat_type_id, seat_code, created_at, updated_at) VALUES ('45ee2d7b-edf6-49f4-b025-1f515a01fa3c', '7f8bc5ee-1693-4985-acef-abed9e06ff94', '33f663e5-d39e-43da-832c-e5cbd6d55750', 'F1', '2026-01-20T11:12:07.627122', '2026-01-20T11:12:07.627122');
INSERT INTO hall_seats (id, cinema_hall_id, seat_type_id, seat_code, created_at, updated_at) VALUES ('c13a8211-16ba-4eae-9fe5-c91429f2f1b0', '7f8bc5ee-1693-4985-acef-abed9e06ff94', '33f663e5-d39e-43da-832c-e5cbd6d55750', 'F2', '2026-01-20T11:12:07.627122', '2026-01-20T11:12:07.627122');
INSERT INTO hall_seats (id, cinema_hall_id, seat_type_id, seat_code, created_at, updated_at) VALUES ('5391b659-7f91-4850-bc2a-ac54a5d87a80', '7f8bc5ee-1693-4985-acef-abed9e06ff94', '33f663e5-d39e-43da-832c-e5cbd6d55750', 'F3', '2026-01-20T11:12:07.627122', '2026-01-20T11:12:07.627122');
INSERT INTO hall_seats (id, cinema_hall_id, seat_type_id, seat_code, created_at, updated_at) VALUES ('c9440d23-324f-4687-87e8-668465f3cdb3', '7f8bc5ee-1693-4985-acef-abed9e06ff94', '33f663e5-d39e-43da-832c-e5cbd6d55750', 'F4', '2026-01-20T11:12:07.627122', '2026-01-20T11:12:07.627122');
INSERT INTO hall_seats (id, cinema_hall_id, seat_type_id, seat_code, created_at, updated_at) VALUES ('be9fe479-151c-4583-a717-0995622f7198', '7f8bc5ee-1693-4985-acef-abed9e06ff94', '33f663e5-d39e-43da-832c-e5cbd6d55750', 'F5', '2026-01-20T11:12:07.627122', '2026-01-20T11:12:07.627122');
INSERT INTO hall_seats (id, cinema_hall_id, seat_type_id, seat_code, created_at, updated_at) VALUES ('8c544612-4f07-4d42-ad20-187e11d45434', '7f8bc5ee-1693-4985-acef-abed9e06ff94', '33f663e5-d39e-43da-832c-e5cbd6d55750', 'F6', '2026-01-20T11:12:07.627122', '2026-01-20T11:12:07.627122');
INSERT INTO hall_seats (id, cinema_hall_id, seat_type_id, seat_code, created_at, updated_at) VALUES ('ece7ca31-f956-46f7-8cca-ef3f1c113009', '7f8bc5ee-1693-4985-acef-abed9e06ff94', '33f663e5-d39e-43da-832c-e5cbd6d55750', 'F7', '2026-01-20T11:12:07.627122', '2026-01-20T11:12:07.627122');
INSERT INTO hall_seats (id, cinema_hall_id, seat_type_id, seat_code, created_at, updated_at) VALUES ('1dfd36e9-796e-47d2-9556-b5d01d225408', '7f8bc5ee-1693-4985-acef-abed9e06ff94', '33f663e5-d39e-43da-832c-e5cbd6d55750', 'F8', '2026-01-20T11:12:07.627122', '2026-01-20T11:12:07.627122');
INSERT INTO hall_seats (id, cinema_hall_id, seat_type_id, seat_code, created_at, updated_at) VALUES ('26c47545-3dfc-4065-b5f5-717827ea9853', '7f8bc5ee-1693-4985-acef-abed9e06ff94', 'd45e50fa-bb04-45a1-9f3f-c70e153f98ea', 'G1', '2026-01-20T11:12:07.627208', '2026-01-20T11:12:07.627208');
INSERT INTO hall_seats (id, cinema_hall_id, seat_type_id, seat_code, created_at, updated_at) VALUES ('31b1cd61-13e6-4529-a767-b86c3a0d1dfe', '7f8bc5ee-1693-4985-acef-abed9e06ff94', 'd45e50fa-bb04-45a1-9f3f-c70e153f98ea', 'G2', '2026-01-20T11:12:07.627208', '2026-01-20T11:12:07.627208');
INSERT INTO hall_seats (id, cinema_hall_id, seat_type_id, seat_code, created_at, updated_at) VALUES ('fd5325c7-39e0-4319-83a5-f3fc9c226287', '7f8bc5ee-1693-4985-acef-abed9e06ff94', 'd45e50fa-bb04-45a1-9f3f-c70e153f98ea', 'G3', '2026-01-20T11:12:07.627208', '2026-01-20T11:12:07.627208');
INSERT INTO hall_seats (id, cinema_hall_id, seat_type_id, seat_code, created_at, updated_at) VALUES ('5d30284b-15e4-4e91-85b7-1e049edc1f1e', '7f8bc5ee-1693-4985-acef-abed9e06ff94', 'd45e50fa-bb04-45a1-9f3f-c70e153f98ea', 'G4', '2026-01-20T11:12:07.627208', '2026-01-20T11:12:07.627208');
INSERT INTO hall_seats (id, cinema_hall_id, seat_type_id, seat_code, created_at, updated_at) VALUES ('6a2b7801-0710-477e-b159-79a994934c89', '7f8bc5ee-1693-4985-acef-abed9e06ff94', 'd45e50fa-bb04-45a1-9f3f-c70e153f98ea', 'G5', '2026-01-20T11:12:07.627208', '2026-01-20T11:12:07.627208');
INSERT INTO hall_seats (id, cinema_hall_id, seat_type_id, seat_code, created_at, updated_at) VALUES ('866ed0ba-ee10-4f81-ace3-025ce26ccf91', '7f8bc5ee-1693-4985-acef-abed9e06ff94', 'd45e50fa-bb04-45a1-9f3f-c70e153f98ea', 'G6', '2026-01-20T11:12:07.627208', '2026-01-20T11:12:07.627208');
INSERT INTO hall_seats (id, cinema_hall_id, seat_type_id, seat_code, created_at, updated_at) VALUES ('df2006da-19b2-4712-b1fc-0a1a4bace828', '7f8bc5ee-1693-4985-acef-abed9e06ff94', 'd45e50fa-bb04-45a1-9f3f-c70e153f98ea', 'G7', '2026-01-20T11:12:07.627208', '2026-01-20T11:12:07.627208');
INSERT INTO hall_seats (id, cinema_hall_id, seat_type_id, seat_code, created_at, updated_at) VALUES ('32682006-d897-4dfd-b0a9-70d9ee2c7796', '7f8bc5ee-1693-4985-acef-abed9e06ff94', 'd45e50fa-bb04-45a1-9f3f-c70e153f98ea', 'G8', '2026-01-20T11:12:07.627208', '2026-01-20T11:12:07.627208');
INSERT INTO hall_seats (id, cinema_hall_id, seat_type_id, seat_code, created_at, updated_at) VALUES ('3269068e-c8f7-4e5c-9f2b-eb1813bbcb53', '7f8bc5ee-1693-4985-acef-abed9e06ff94', 'd45e50fa-bb04-45a1-9f3f-c70e153f98ea', 'H1', '2026-01-20T11:12:07.627301', '2026-01-20T11:12:07.627301');
INSERT INTO hall_seats (id, cinema_hall_id, seat_type_id, seat_code, created_at, updated_at) VALUES ('e6fb8236-d88b-4989-9ce7-e040d52fbdec', '7f8bc5ee-1693-4985-acef-abed9e06ff94', 'd45e50fa-bb04-45a1-9f3f-c70e153f98ea', 'H2', '2026-01-20T11:12:07.627301', '2026-01-20T11:12:07.627301');
INSERT INTO hall_seats (id, cinema_hall_id, seat_type_id, seat_code, created_at, updated_at) VALUES ('14af7f20-c39b-438c-ae6b-6c65fe51e6af', '7f8bc5ee-1693-4985-acef-abed9e06ff94', 'd45e50fa-bb04-45a1-9f3f-c70e153f98ea', 'H3', '2026-01-20T11:12:07.627301', '2026-01-20T11:12:07.627301');
INSERT INTO hall_seats (id, cinema_hall_id, seat_type_id, seat_code, created_at, updated_at) VALUES ('c3c0cb7d-9848-4a28-b8d9-a1e7c8ce99b3', '7f8bc5ee-1693-4985-acef-abed9e06ff94', 'd45e50fa-bb04-45a1-9f3f-c70e153f98ea', 'H4', '2026-01-20T11:12:07.627301', '2026-01-20T11:12:07.627301');
INSERT INTO hall_seats (id, cinema_hall_id, seat_type_id, seat_code, created_at, updated_at) VALUES ('142d56a2-b078-4a28-8945-f36cb4e5a043', '7f8bc5ee-1693-4985-acef-abed9e06ff94', 'd45e50fa-bb04-45a1-9f3f-c70e153f98ea', 'H5', '2026-01-20T11:12:07.627301', '2026-01-20T11:12:07.627301');
INSERT INTO hall_seats (id, cinema_hall_id, seat_type_id, seat_code, created_at, updated_at) VALUES ('786f315a-5369-4835-b33b-690fa69d192c', '7f8bc5ee-1693-4985-acef-abed9e06ff94', 'd45e50fa-bb04-45a1-9f3f-c70e153f98ea', 'H6', '2026-01-20T11:12:07.627301', '2026-01-20T11:12:07.627301');
INSERT INTO hall_seats (id, cinema_hall_id, seat_type_id, seat_code, created_at, updated_at) VALUES ('39a41bde-99aa-4670-acb7-fda3c23b1f9c', '7f8bc5ee-1693-4985-acef-abed9e06ff94', 'd45e50fa-bb04-45a1-9f3f-c70e153f98ea', 'H7', '2026-01-20T11:12:07.627301', '2026-01-20T11:12:07.627301');
INSERT INTO hall_seats (id, cinema_hall_id, seat_type_id, seat_code, created_at, updated_at) VALUES ('1fe2f016-0bc7-48b4-ab87-41ea7218aa3e', '7f8bc5ee-1693-4985-acef-abed9e06ff94', 'd45e50fa-bb04-45a1-9f3f-c70e153f98ea', 'H8', '2026-01-20T11:12:07.627301', '2026-01-20T11:12:07.627301');
INSERT INTO hall_seats (id, cinema_hall_id, seat_type_id, seat_code, created_at, updated_at) VALUES ('23865202-cf8b-43aa-88f6-c2c05048ca4f', '7f8bc5ee-1693-4985-acef-abed9e06ff94', '6bd71157-64ef-4ac5-a31c-5b6ae4e1cbe5', 'I1', '2026-01-20T11:12:07.627389', '2026-01-20T11:12:07.627389');
INSERT INTO hall_seats (id, cinema_hall_id, seat_type_id, seat_code, created_at, updated_at) VALUES ('803a6997-7c8e-4acf-b179-fb6cd7f3535b', '7f8bc5ee-1693-4985-acef-abed9e06ff94', '6bd71157-64ef-4ac5-a31c-5b6ae4e1cbe5', 'I2', '2026-01-20T11:12:07.627389', '2026-01-20T11:12:07.627389');
INSERT INTO hall_seats (id, cinema_hall_id, seat_type_id, seat_code, created_at, updated_at) VALUES ('4dd13401-f158-4307-8d0e-daf07fb85819', '7f8bc5ee-1693-4985-acef-abed9e06ff94', '6bd71157-64ef-4ac5-a31c-5b6ae4e1cbe5', 'I3', '2026-01-20T11:12:07.627389', '2026-01-20T11:12:07.627389');
INSERT INTO hall_seats (id, cinema_hall_id, seat_type_id, seat_code, created_at, updated_at) VALUES ('c91fdde1-5051-4baa-bce7-168847b08b8a', '7f8bc5ee-1693-4985-acef-abed9e06ff94', '6bd71157-64ef-4ac5-a31c-5b6ae4e1cbe5', 'I4', '2026-01-20T11:12:07.627389', '2026-01-20T11:12:07.627389');
INSERT INTO hall_seats (id, cinema_hall_id, seat_type_id, seat_code, created_at, updated_at) VALUES ('297ebefb-11d9-4e8b-8df0-d3f13d33b463', 'ddcd3553-73bb-45c1-b4b4-92ab25a503d1', '33f663e5-d39e-43da-832c-e5cbd6d55750', 'A1', '2026-01-20T11:12:07.627434', '2026-01-20T11:12:07.627434');
INSERT INTO hall_seats (id, cinema_hall_id, seat_type_id, seat_code, created_at, updated_at) VALUES ('73fc8543-7c6c-429e-9bf8-bc4bd198218c', 'ddcd3553-73bb-45c1-b4b4-92ab25a503d1', '33f663e5-d39e-43da-832c-e5cbd6d55750', 'A2', '2026-01-20T11:12:07.627434', '2026-01-20T11:12:07.627434');
INSERT INTO hall_seats (id, cinema_hall_id, seat_type_id, seat_code, created_at, updated_at) VALUES ('ed05e010-0466-4d1d-b8cb-b0de8cd9333b', 'ddcd3553-73bb-45c1-b4b4-92ab25a503d1', '33f663e5-d39e-43da-832c-e5cbd6d55750', 'A3', '2026-01-20T11:12:07.627434', '2026-01-20T11:12:07.627434');
INSERT INTO hall_seats (id, cinema_hall_id, seat_type_id, seat_code, created_at, updated_at) VALUES ('894bc335-9122-4f31-954f-70471a6ba676', 'ddcd3553-73bb-45c1-b4b4-92ab25a503d1', '33f663e5-d39e-43da-832c-e5cbd6d55750', 'A4', '2026-01-20T11:12:07.627434', '2026-01-20T11:12:07.627434');
INSERT INTO hall_seats (id, cinema_hall_id, seat_type_id, seat_code, created_at, updated_at) VALUES ('fcf29fa5-54ad-490a-8589-24153fd35e69', 'ddcd3553-73bb-45c1-b4b4-92ab25a503d1', '33f663e5-d39e-43da-832c-e5cbd6d55750', 'A5', '2026-01-20T11:12:07.627434', '2026-01-20T11:12:07.627434');
INSERT INTO hall_seats (id, cinema_hall_id, seat_type_id, seat_code, created_at, updated_at) VALUES ('73a93fec-b498-48e1-8d8e-e406c0c457c6', 'ddcd3553-73bb-45c1-b4b4-92ab25a503d1', '33f663e5-d39e-43da-832c-e5cbd6d55750', 'A6', '2026-01-20T11:12:07.627434', '2026-01-20T11:12:07.627434');
INSERT INTO hall_seats (id, cinema_hall_id, seat_type_id, seat_code, created_at, updated_at) VALUES ('bd887d50-a9ca-4ed4-9abc-25ee1cc0de61', 'ddcd3553-73bb-45c1-b4b4-92ab25a503d1', '33f663e5-d39e-43da-832c-e5cbd6d55750', 'A7', '2026-01-20T11:12:07.627434', '2026-01-20T11:12:07.627434');
INSERT INTO hall_seats (id, cinema_hall_id, seat_type_id, seat_code, created_at, updated_at) VALUES ('13435750-8f21-443f-aab0-2354720f3e13', 'ddcd3553-73bb-45c1-b4b4-92ab25a503d1', '33f663e5-d39e-43da-832c-e5cbd6d55750', 'A8', '2026-01-20T11:12:07.627434', '2026-01-20T11:12:07.627434');
INSERT INTO hall_seats (id, cinema_hall_id, seat_type_id, seat_code, created_at, updated_at) VALUES ('e0fc13fa-e854-4ed3-bfb4-4daef2de7ac0', 'ddcd3553-73bb-45c1-b4b4-92ab25a503d1', '33f663e5-d39e-43da-832c-e5cbd6d55750', 'B1', '2026-01-20T11:12:07.627517', '2026-01-20T11:12:07.627517');
INSERT INTO hall_seats (id, cinema_hall_id, seat_type_id, seat_code, created_at, updated_at) VALUES ('3f956600-279b-41d6-bb07-f0449a0a19f8', 'ddcd3553-73bb-45c1-b4b4-92ab25a503d1', '33f663e5-d39e-43da-832c-e5cbd6d55750', 'B2', '2026-01-20T11:12:07.627517', '2026-01-20T11:12:07.627517');
INSERT INTO hall_seats (id, cinema_hall_id, seat_type_id, seat_code, created_at, updated_at) VALUES ('6b8406bb-04de-45cf-bdc2-fb1e49134cdb', 'ddcd3553-73bb-45c1-b4b4-92ab25a503d1', '33f663e5-d39e-43da-832c-e5cbd6d55750', 'B3', '2026-01-20T11:12:07.627517', '2026-01-20T11:12:07.627517');
INSERT INTO hall_seats (id, cinema_hall_id, seat_type_id, seat_code, created_at, updated_at) VALUES ('301e7f83-be8e-4bb4-9ad7-0291674172e3', 'ddcd3553-73bb-45c1-b4b4-92ab25a503d1', '33f663e5-d39e-43da-832c-e5cbd6d55750', 'B4', '2026-01-20T11:12:07.627517', '2026-01-20T11:12:07.627517');
INSERT INTO hall_seats (id, cinema_hall_id, seat_type_id, seat_code, created_at, updated_at) VALUES ('55e1c9d4-9504-4c42-8366-1a74b3a818a7', 'ddcd3553-73bb-45c1-b4b4-92ab25a503d1', '33f663e5-d39e-43da-832c-e5cbd6d55750', 'B5', '2026-01-20T11:12:07.627517', '2026-01-20T11:12:07.627517');
INSERT INTO hall_seats (id, cinema_hall_id, seat_type_id, seat_code, created_at, updated_at) VALUES ('60d24c9a-63b3-4c3b-b29e-f674701d9ebb', 'ddcd3553-73bb-45c1-b4b4-92ab25a503d1', '33f663e5-d39e-43da-832c-e5cbd6d55750', 'B6', '2026-01-20T11:12:07.627517', '2026-01-20T11:12:07.627517');
INSERT INTO hall_seats (id, cinema_hall_id, seat_type_id, seat_code, created_at, updated_at) VALUES ('57ec7698-51e9-4daf-b285-352cd239280e', 'ddcd3553-73bb-45c1-b4b4-92ab25a503d1', '33f663e5-d39e-43da-832c-e5cbd6d55750', 'B7', '2026-01-20T11:12:07.627517', '2026-01-20T11:12:07.627517');
INSERT INTO hall_seats (id, cinema_hall_id, seat_type_id, seat_code, created_at, updated_at) VALUES ('0353ac9e-038d-4555-a6a9-893519b30ed2', 'ddcd3553-73bb-45c1-b4b4-92ab25a503d1', '33f663e5-d39e-43da-832c-e5cbd6d55750', 'B8', '2026-01-20T11:12:07.627517', '2026-01-20T11:12:07.627517');
INSERT INTO hall_seats (id, cinema_hall_id, seat_type_id, seat_code, created_at, updated_at) VALUES ('acb1cb84-77aa-472b-9b67-04ec040e30ba', 'ddcd3553-73bb-45c1-b4b4-92ab25a503d1', '33f663e5-d39e-43da-832c-e5cbd6d55750', 'C1', '2026-01-20T11:12:07.627601', '2026-01-20T11:12:07.627601');
INSERT INTO hall_seats (id, cinema_hall_id, seat_type_id, seat_code, created_at, updated_at) VALUES ('f6a2084e-9c8d-4ab9-95c7-206072e2da53', 'ddcd3553-73bb-45c1-b4b4-92ab25a503d1', '33f663e5-d39e-43da-832c-e5cbd6d55750', 'C2', '2026-01-20T11:12:07.627601', '2026-01-20T11:12:07.627601');
INSERT INTO hall_seats (id, cinema_hall_id, seat_type_id, seat_code, created_at, updated_at) VALUES ('453d5e07-62d1-433e-a742-88a4b7af3653', 'ddcd3553-73bb-45c1-b4b4-92ab25a503d1', '33f663e5-d39e-43da-832c-e5cbd6d55750', 'C3', '2026-01-20T11:12:07.627601', '2026-01-20T11:12:07.627601');
INSERT INTO hall_seats (id, cinema_hall_id, seat_type_id, seat_code, created_at, updated_at) VALUES ('2b1e8b07-11a1-45f5-a7bf-351927964c7d', 'ddcd3553-73bb-45c1-b4b4-92ab25a503d1', '33f663e5-d39e-43da-832c-e5cbd6d55750', 'C4', '2026-01-20T11:12:07.627601', '2026-01-20T11:12:07.627601');
INSERT INTO hall_seats (id, cinema_hall_id, seat_type_id, seat_code, created_at, updated_at) VALUES ('084f6e14-cb4d-405b-bab4-09159ba2016a', 'ddcd3553-73bb-45c1-b4b4-92ab25a503d1', '33f663e5-d39e-43da-832c-e5cbd6d55750', 'C5', '2026-01-20T11:12:07.627601', '2026-01-20T11:12:07.627601');
INSERT INTO hall_seats (id, cinema_hall_id, seat_type_id, seat_code, created_at, updated_at) VALUES ('7c794d06-d2af-4d40-a29c-0038fd627189', 'ddcd3553-73bb-45c1-b4b4-92ab25a503d1', '33f663e5-d39e-43da-832c-e5cbd6d55750', 'C6', '2026-01-20T11:12:07.627601', '2026-01-20T11:12:07.627601');
INSERT INTO hall_seats (id, cinema_hall_id, seat_type_id, seat_code, created_at, updated_at) VALUES ('112602ae-fe05-447a-8418-03ca0cb69d2c', 'ddcd3553-73bb-45c1-b4b4-92ab25a503d1', '33f663e5-d39e-43da-832c-e5cbd6d55750', 'C7', '2026-01-20T11:12:07.627601', '2026-01-20T11:12:07.627601');
INSERT INTO hall_seats (id, cinema_hall_id, seat_type_id, seat_code, created_at, updated_at) VALUES ('3898a422-33d0-4d29-8338-871f22c468d4', 'ddcd3553-73bb-45c1-b4b4-92ab25a503d1', '33f663e5-d39e-43da-832c-e5cbd6d55750', 'C8', '2026-01-20T11:12:07.627601', '2026-01-20T11:12:07.627601');
INSERT INTO hall_seats (id, cinema_hall_id, seat_type_id, seat_code, created_at, updated_at) VALUES ('5e1779ca-7949-4c25-95e1-b5d944e60101', 'ddcd3553-73bb-45c1-b4b4-92ab25a503d1', '33f663e5-d39e-43da-832c-e5cbd6d55750', 'D1', '2026-01-20T11:12:07.627684', '2026-01-20T11:12:07.627684');
INSERT INTO hall_seats (id, cinema_hall_id, seat_type_id, seat_code, created_at, updated_at) VALUES ('9181f519-a044-4649-be26-cc83b533c588', 'ddcd3553-73bb-45c1-b4b4-92ab25a503d1', '33f663e5-d39e-43da-832c-e5cbd6d55750', 'D2', '2026-01-20T11:12:07.627684', '2026-01-20T11:12:07.627684');
INSERT INTO hall_seats (id, cinema_hall_id, seat_type_id, seat_code, created_at, updated_at) VALUES ('c1350181-adfc-4914-840e-f70ae43e943a', 'ddcd3553-73bb-45c1-b4b4-92ab25a503d1', '33f663e5-d39e-43da-832c-e5cbd6d55750', 'D3', '2026-01-20T11:12:07.627684', '2026-01-20T11:12:07.627684');
INSERT INTO hall_seats (id, cinema_hall_id, seat_type_id, seat_code, created_at, updated_at) VALUES ('67e6def6-2081-42b8-9a46-bc128e40d7fe', 'ddcd3553-73bb-45c1-b4b4-92ab25a503d1', '33f663e5-d39e-43da-832c-e5cbd6d55750', 'D4', '2026-01-20T11:12:07.627684', '2026-01-20T11:12:07.627684');
INSERT INTO hall_seats (id, cinema_hall_id, seat_type_id, seat_code, created_at, updated_at) VALUES ('a1c65a5d-d967-4d37-adfd-5c7c22c7d937', 'ddcd3553-73bb-45c1-b4b4-92ab25a503d1', '33f663e5-d39e-43da-832c-e5cbd6d55750', 'D5', '2026-01-20T11:12:07.627684', '2026-01-20T11:12:07.627684');
INSERT INTO hall_seats (id, cinema_hall_id, seat_type_id, seat_code, created_at, updated_at) VALUES ('d4e30461-601b-496c-9c8a-261dca0a3f1d', 'ddcd3553-73bb-45c1-b4b4-92ab25a503d1', '33f663e5-d39e-43da-832c-e5cbd6d55750', 'D6', '2026-01-20T11:12:07.627684', '2026-01-20T11:12:07.627684');
INSERT INTO hall_seats (id, cinema_hall_id, seat_type_id, seat_code, created_at, updated_at) VALUES ('04969822-36ac-4a1f-9e80-487851216333', 'ddcd3553-73bb-45c1-b4b4-92ab25a503d1', '33f663e5-d39e-43da-832c-e5cbd6d55750', 'D7', '2026-01-20T11:12:07.627684', '2026-01-20T11:12:07.627684');
INSERT INTO hall_seats (id, cinema_hall_id, seat_type_id, seat_code, created_at, updated_at) VALUES ('4c5ab3e5-f640-42a9-aa16-77e591491db2', 'ddcd3553-73bb-45c1-b4b4-92ab25a503d1', '33f663e5-d39e-43da-832c-e5cbd6d55750', 'D8', '2026-01-20T11:12:07.627684', '2026-01-20T11:12:07.627684');
INSERT INTO hall_seats (id, cinema_hall_id, seat_type_id, seat_code, created_at, updated_at) VALUES ('039ecc1d-17c2-4ce3-acfd-904ec640f0c4', 'ddcd3553-73bb-45c1-b4b4-92ab25a503d1', '33f663e5-d39e-43da-832c-e5cbd6d55750', 'E1', '2026-01-20T11:12:07.627768', '2026-01-20T11:12:07.627768');
INSERT INTO hall_seats (id, cinema_hall_id, seat_type_id, seat_code, created_at, updated_at) VALUES ('76c7ab2f-c66b-40a3-9d9e-8460d010ebb8', 'ddcd3553-73bb-45c1-b4b4-92ab25a503d1', '33f663e5-d39e-43da-832c-e5cbd6d55750', 'E2', '2026-01-20T11:12:07.627768', '2026-01-20T11:12:07.627768');
INSERT INTO hall_seats (id, cinema_hall_id, seat_type_id, seat_code, created_at, updated_at) VALUES ('fba771f7-717f-4af1-bd50-a5629b7b8876', 'ddcd3553-73bb-45c1-b4b4-92ab25a503d1', '33f663e5-d39e-43da-832c-e5cbd6d55750', 'E3', '2026-01-20T11:12:07.627768', '2026-01-20T11:12:07.627768');
INSERT INTO hall_seats (id, cinema_hall_id, seat_type_id, seat_code, created_at, updated_at) VALUES ('969bd1b6-f259-470b-9110-513f4dd38cdb', 'ddcd3553-73bb-45c1-b4b4-92ab25a503d1', '33f663e5-d39e-43da-832c-e5cbd6d55750', 'E4', '2026-01-20T11:12:07.627768', '2026-01-20T11:12:07.627768');
INSERT INTO hall_seats (id, cinema_hall_id, seat_type_id, seat_code, created_at, updated_at) VALUES ('8739498d-c2f7-4326-b40e-980a229856c3', 'ddcd3553-73bb-45c1-b4b4-92ab25a503d1', '33f663e5-d39e-43da-832c-e5cbd6d55750', 'E5', '2026-01-20T11:12:07.627768', '2026-01-20T11:12:07.627768');
INSERT INTO hall_seats (id, cinema_hall_id, seat_type_id, seat_code, created_at, updated_at) VALUES ('81ab2d7b-96c8-485f-bde8-7522ee258864', 'ddcd3553-73bb-45c1-b4b4-92ab25a503d1', '33f663e5-d39e-43da-832c-e5cbd6d55750', 'E6', '2026-01-20T11:12:07.627768', '2026-01-20T11:12:07.627768');
INSERT INTO hall_seats (id, cinema_hall_id, seat_type_id, seat_code, created_at, updated_at) VALUES ('d1467949-f4a4-4b8d-b1ab-fc2b4a29ac50', 'ddcd3553-73bb-45c1-b4b4-92ab25a503d1', '33f663e5-d39e-43da-832c-e5cbd6d55750', 'E7', '2026-01-20T11:12:07.627768', '2026-01-20T11:12:07.627768');
INSERT INTO hall_seats (id, cinema_hall_id, seat_type_id, seat_code, created_at, updated_at) VALUES ('9bc61493-2555-41e6-a133-4c244f6b3a83', 'ddcd3553-73bb-45c1-b4b4-92ab25a503d1', '33f663e5-d39e-43da-832c-e5cbd6d55750', 'E8', '2026-01-20T11:12:07.627768', '2026-01-20T11:12:07.627768');
INSERT INTO hall_seats (id, cinema_hall_id, seat_type_id, seat_code, created_at, updated_at) VALUES ('fb4bb332-e30c-4c82-8c03-3c1e54eb83a3', 'ddcd3553-73bb-45c1-b4b4-92ab25a503d1', '33f663e5-d39e-43da-832c-e5cbd6d55750', 'F1', '2026-01-20T11:12:07.627856', '2026-01-20T11:12:07.627856');
INSERT INTO hall_seats (id, cinema_hall_id, seat_type_id, seat_code, created_at, updated_at) VALUES ('1ddcba42-add4-4fa3-9976-ed1de3de2de9', 'ddcd3553-73bb-45c1-b4b4-92ab25a503d1', '33f663e5-d39e-43da-832c-e5cbd6d55750', 'F2', '2026-01-20T11:12:07.627856', '2026-01-20T11:12:07.627856');
INSERT INTO hall_seats (id, cinema_hall_id, seat_type_id, seat_code, created_at, updated_at) VALUES ('7d8f74c4-cd7e-4a05-b826-8d1626bdc6ff', 'ddcd3553-73bb-45c1-b4b4-92ab25a503d1', '33f663e5-d39e-43da-832c-e5cbd6d55750', 'F3', '2026-01-20T11:12:07.627856', '2026-01-20T11:12:07.627856');
INSERT INTO hall_seats (id, cinema_hall_id, seat_type_id, seat_code, created_at, updated_at) VALUES ('82057aa1-cb0a-4578-8133-359eb8b47f1e', 'ddcd3553-73bb-45c1-b4b4-92ab25a503d1', '33f663e5-d39e-43da-832c-e5cbd6d55750', 'F4', '2026-01-20T11:12:07.627856', '2026-01-20T11:12:07.627856');
INSERT INTO hall_seats (id, cinema_hall_id, seat_type_id, seat_code, created_at, updated_at) VALUES ('d901d180-516d-4a76-934c-3501d2a1779d', 'ddcd3553-73bb-45c1-b4b4-92ab25a503d1', '33f663e5-d39e-43da-832c-e5cbd6d55750', 'F5', '2026-01-20T11:12:07.627856', '2026-01-20T11:12:07.627856');
INSERT INTO hall_seats (id, cinema_hall_id, seat_type_id, seat_code, created_at, updated_at) VALUES ('b2c31418-1b4c-4701-b2af-10aec4bbbefb', 'ddcd3553-73bb-45c1-b4b4-92ab25a503d1', '33f663e5-d39e-43da-832c-e5cbd6d55750', 'F6', '2026-01-20T11:12:07.627856', '2026-01-20T11:12:07.627856');
INSERT INTO hall_seats (id, cinema_hall_id, seat_type_id, seat_code, created_at, updated_at) VALUES ('e3e5691c-6d98-450f-9e92-c2e09f1b00e6', 'ddcd3553-73bb-45c1-b4b4-92ab25a503d1', '33f663e5-d39e-43da-832c-e5cbd6d55750', 'F7', '2026-01-20T11:12:07.627856', '2026-01-20T11:12:07.627856');
INSERT INTO hall_seats (id, cinema_hall_id, seat_type_id, seat_code, created_at, updated_at) VALUES ('50cd4adb-eada-4f0d-886b-762f51c5efe8', 'ddcd3553-73bb-45c1-b4b4-92ab25a503d1', '33f663e5-d39e-43da-832c-e5cbd6d55750', 'F8', '2026-01-20T11:12:07.627856', '2026-01-20T11:12:07.627856');
INSERT INTO hall_seats (id, cinema_hall_id, seat_type_id, seat_code, created_at, updated_at) VALUES ('5e4acbe4-2d38-411d-9cd9-d4faff8c713b', 'ddcd3553-73bb-45c1-b4b4-92ab25a503d1', 'd45e50fa-bb04-45a1-9f3f-c70e153f98ea', 'G1', '2026-01-20T11:12:07.627944', '2026-01-20T11:12:07.627944');
INSERT INTO hall_seats (id, cinema_hall_id, seat_type_id, seat_code, created_at, updated_at) VALUES ('d502f730-ebc0-4d0f-b80a-714b5dcb1bd4', 'ddcd3553-73bb-45c1-b4b4-92ab25a503d1', 'd45e50fa-bb04-45a1-9f3f-c70e153f98ea', 'G2', '2026-01-20T11:12:07.627944', '2026-01-20T11:12:07.627944');
INSERT INTO hall_seats (id, cinema_hall_id, seat_type_id, seat_code, created_at, updated_at) VALUES ('cc7afe5f-2e61-46dd-b224-e94561cf7c16', 'ddcd3553-73bb-45c1-b4b4-92ab25a503d1', 'd45e50fa-bb04-45a1-9f3f-c70e153f98ea', 'G3', '2026-01-20T11:12:07.627944', '2026-01-20T11:12:07.627944');
INSERT INTO hall_seats (id, cinema_hall_id, seat_type_id, seat_code, created_at, updated_at) VALUES ('315c4bc4-6c7d-4cfc-90be-7dd79ac28f33', 'ddcd3553-73bb-45c1-b4b4-92ab25a503d1', 'd45e50fa-bb04-45a1-9f3f-c70e153f98ea', 'G4', '2026-01-20T11:12:07.627944', '2026-01-20T11:12:07.627944');
INSERT INTO hall_seats (id, cinema_hall_id, seat_type_id, seat_code, created_at, updated_at) VALUES ('8b3798b2-4ec8-4fe5-818e-4827ae420698', 'ddcd3553-73bb-45c1-b4b4-92ab25a503d1', 'd45e50fa-bb04-45a1-9f3f-c70e153f98ea', 'G5', '2026-01-20T11:12:07.627944', '2026-01-20T11:12:07.627944');
INSERT INTO hall_seats (id, cinema_hall_id, seat_type_id, seat_code, created_at, updated_at) VALUES ('f0921cf4-d3d7-4e26-b8f8-b45549fc8ab9', 'ddcd3553-73bb-45c1-b4b4-92ab25a503d1', 'd45e50fa-bb04-45a1-9f3f-c70e153f98ea', 'G6', '2026-01-20T11:12:07.627944', '2026-01-20T11:12:07.627944');
INSERT INTO hall_seats (id, cinema_hall_id, seat_type_id, seat_code, created_at, updated_at) VALUES ('d6f73f24-4928-4afa-b70b-f002de1e32ea', 'ddcd3553-73bb-45c1-b4b4-92ab25a503d1', 'd45e50fa-bb04-45a1-9f3f-c70e153f98ea', 'G7', '2026-01-20T11:12:07.627944', '2026-01-20T11:12:07.627944');
INSERT INTO hall_seats (id, cinema_hall_id, seat_type_id, seat_code, created_at, updated_at) VALUES ('0d558205-6cef-4c40-bddd-7cab53f8e87c', 'ddcd3553-73bb-45c1-b4b4-92ab25a503d1', 'd45e50fa-bb04-45a1-9f3f-c70e153f98ea', 'G8', '2026-01-20T11:12:07.627944', '2026-01-20T11:12:07.627944');
INSERT INTO hall_seats (id, cinema_hall_id, seat_type_id, seat_code, created_at, updated_at) VALUES ('88f8fce4-3f43-4fe4-8a09-91accdc56358', 'ddcd3553-73bb-45c1-b4b4-92ab25a503d1', 'd45e50fa-bb04-45a1-9f3f-c70e153f98ea', 'H1', '2026-01-20T11:12:07.628034', '2026-01-20T11:12:07.628034');
INSERT INTO hall_seats (id, cinema_hall_id, seat_type_id, seat_code, created_at, updated_at) VALUES ('63ecc1c8-49bb-426e-b224-af922dabc6c9', 'ddcd3553-73bb-45c1-b4b4-92ab25a503d1', 'd45e50fa-bb04-45a1-9f3f-c70e153f98ea', 'H2', '2026-01-20T11:12:07.628034', '2026-01-20T11:12:07.628034');
INSERT INTO hall_seats (id, cinema_hall_id, seat_type_id, seat_code, created_at, updated_at) VALUES ('53729701-c3ba-45aa-b911-e209244b4c48', 'ddcd3553-73bb-45c1-b4b4-92ab25a503d1', 'd45e50fa-bb04-45a1-9f3f-c70e153f98ea', 'H3', '2026-01-20T11:12:07.628034', '2026-01-20T11:12:07.628034');
INSERT INTO hall_seats (id, cinema_hall_id, seat_type_id, seat_code, created_at, updated_at) VALUES ('2371f057-cd00-4760-9c98-69b459dc59bb', 'ddcd3553-73bb-45c1-b4b4-92ab25a503d1', 'd45e50fa-bb04-45a1-9f3f-c70e153f98ea', 'H4', '2026-01-20T11:12:07.628034', '2026-01-20T11:12:07.628034');
INSERT INTO hall_seats (id, cinema_hall_id, seat_type_id, seat_code, created_at, updated_at) VALUES ('5c017cfa-f0ff-4e97-95ff-4845fb210c2e', 'ddcd3553-73bb-45c1-b4b4-92ab25a503d1', 'd45e50fa-bb04-45a1-9f3f-c70e153f98ea', 'H5', '2026-01-20T11:12:07.628034', '2026-01-20T11:12:07.628034');
INSERT INTO hall_seats (id, cinema_hall_id, seat_type_id, seat_code, created_at, updated_at) VALUES ('80a75ef6-0751-4260-94b8-3c220a26fd23', 'ddcd3553-73bb-45c1-b4b4-92ab25a503d1', 'd45e50fa-bb04-45a1-9f3f-c70e153f98ea', 'H6', '2026-01-20T11:12:07.628034', '2026-01-20T11:12:07.628034');
INSERT INTO hall_seats (id, cinema_hall_id, seat_type_id, seat_code, created_at, updated_at) VALUES ('5765efe6-15d3-4fdd-b914-71eb92e2da18', 'ddcd3553-73bb-45c1-b4b4-92ab25a503d1', 'd45e50fa-bb04-45a1-9f3f-c70e153f98ea', 'H7', '2026-01-20T11:12:07.628034', '2026-01-20T11:12:07.628034');
INSERT INTO hall_seats (id, cinema_hall_id, seat_type_id, seat_code, created_at, updated_at) VALUES ('1246c93d-2847-4e2a-84fa-dabcaeafffe8', 'ddcd3553-73bb-45c1-b4b4-92ab25a503d1', 'd45e50fa-bb04-45a1-9f3f-c70e153f98ea', 'H8', '2026-01-20T11:12:07.628034', '2026-01-20T11:12:07.628034');
INSERT INTO hall_seats (id, cinema_hall_id, seat_type_id, seat_code, created_at, updated_at) VALUES ('658fb7a1-dded-4f1c-9ae6-1c28609b3d6f', 'ddcd3553-73bb-45c1-b4b4-92ab25a503d1', '6bd71157-64ef-4ac5-a31c-5b6ae4e1cbe5', 'I1', '2026-01-20T11:12:07.628136', '2026-01-20T11:12:07.628136');
INSERT INTO hall_seats (id, cinema_hall_id, seat_type_id, seat_code, created_at, updated_at) VALUES ('7d47959a-6535-4f3a-9490-27fe4e9b5d07', 'ddcd3553-73bb-45c1-b4b4-92ab25a503d1', '6bd71157-64ef-4ac5-a31c-5b6ae4e1cbe5', 'I2', '2026-01-20T11:12:07.628136', '2026-01-20T11:12:07.628136');
INSERT INTO hall_seats (id, cinema_hall_id, seat_type_id, seat_code, created_at, updated_at) VALUES ('16dd9557-e897-42e4-8e30-65b5f525aa9f', 'ddcd3553-73bb-45c1-b4b4-92ab25a503d1', '6bd71157-64ef-4ac5-a31c-5b6ae4e1cbe5', 'I3', '2026-01-20T11:12:07.628136', '2026-01-20T11:12:07.628136');
INSERT INTO hall_seats (id, cinema_hall_id, seat_type_id, seat_code, created_at, updated_at) VALUES ('ad5e2fe1-c19f-424f-82d7-ea7c418e08f2', 'ddcd3553-73bb-45c1-b4b4-92ab25a503d1', '6bd71157-64ef-4ac5-a31c-5b6ae4e1cbe5', 'I4', '2026-01-20T11:12:07.628136', '2026-01-20T11:12:07.628136');
INSERT INTO genres (id, name, created_at, updated_at) VALUES ('5ece62f9-d126-41bf-ad4c-65433fdf6609', 'Action', '2026-01-20T11:12:07.628456', '2026-01-20T11:12:07.628456');
INSERT INTO genres (id, name, created_at, updated_at) VALUES ('6998d2c5-c9e8-4cae-90e9-60c75772bb3d', 'Adventure', '2026-01-20T11:12:07.628484', '2026-01-20T11:12:07.628484');
INSERT INTO genres (id, name, created_at, updated_at) VALUES ('957f74b4-cad0-4f19-aa1e-5a058163a8f2', 'Animation', '2026-01-20T11:12:07.628499', '2026-01-20T11:12:07.628499');
INSERT INTO genres (id, name, created_at, updated_at) VALUES ('7d4824ad-e013-4a69-94a1-f2eaccc31dcc', 'Biography', '2026-01-20T11:12:07.628517', '2026-01-20T11:12:07.628517');
INSERT INTO genres (id, name, created_at, updated_at) VALUES ('9033e146-6e11-4697-b15a-c58f835aae55', 'Comedy', '2026-01-20T11:12:07.628531', '2026-01-20T11:12:07.628531');
INSERT INTO genres (id, name, created_at, updated_at) VALUES ('25d0e0bb-ddf6-4196-9dbf-901e7136a48b', 'Crime', '2026-01-20T11:12:07.628544', '2026-01-20T11:12:07.628544');
INSERT INTO genres (id, name, created_at, updated_at) VALUES ('60dcfb3c-fbef-4853-bd6c-c21f0e11c46a', 'Documentary', '2026-01-20T11:12:07.628557', '2026-01-20T11:12:07.628557');
INSERT INTO genres (id, name, created_at, updated_at) VALUES ('e428ee60-f360-4d56-a8c1-25ca60f3c059', 'Drama', '2026-01-20T11:12:07.628571', '2026-01-20T11:12:07.628571');
INSERT INTO genres (id, name, created_at, updated_at) VALUES ('ce17491b-4bab-4ae6-9bb6-4c6cf9205b94', 'Family', '2026-01-20T11:12:07.628584', '2026-01-20T11:12:07.628584');
INSERT INTO genres (id, name, created_at, updated_at) VALUES ('f6ce9c4e-5fee-4f6f-bc0d-641b98c1664a', 'Fantasy', '2026-01-20T11:12:07.628598', '2026-01-20T11:12:07.628598');
INSERT INTO genres (id, name, created_at, updated_at) VALUES ('793ae65b-41a5-4a43-a843-3dced6e50d6b', 'Film Noir', '2026-01-20T11:12:07.628611', '2026-01-20T11:12:07.628611');
INSERT INTO genres (id, name, created_at, updated_at) VALUES ('238cd480-a8e9-428e-af82-3fc6b00cce8c', 'History', '2026-01-20T11:12:07.628635', '2026-01-20T11:12:07.628635');
INSERT INTO genres (id, name, created_at, updated_at) VALUES ('036b4dfd-158c-475b-81ce-f23a1a18e3b7', 'Horror', '2026-01-20T11:12:07.628651', '2026-01-20T11:12:07.628651');
INSERT INTO genres (id, name, created_at, updated_at) VALUES ('7ddf0e1b-5643-4645-9ebd-5a45cfd1fa9f', 'Music', '2026-01-20T11:12:07.628664', '2026-01-20T11:12:07.628664');
INSERT INTO genres (id, name, created_at, updated_at) VALUES ('6b2cf3c8-9ace-4444-87e0-64e471dbdc77', 'Musical', '2026-01-20T11:12:07.628677', '2026-01-20T11:12:07.628677');
INSERT INTO genres (id, name, created_at, updated_at) VALUES ('833bb2a4-40cb-4f8c-a579-9cada2ac80ae', 'Mystery', '2026-01-20T11:12:07.628691', '2026-01-20T11:12:07.628691');
INSERT INTO genres (id, name, created_at, updated_at) VALUES ('d5199f96-bdca-4065-962c-32f0229a4762', 'Romance', '2026-01-20T11:12:07.628704', '2026-01-20T11:12:07.628704');
INSERT INTO genres (id, name, created_at, updated_at) VALUES ('0cbc6b22-4090-4252-92c4-1c41cc2d9234', 'Science Fiction', '2026-01-20T11:12:07.628718', '2026-01-20T11:12:07.628718');
INSERT INTO genres (id, name, created_at, updated_at) VALUES ('808408eb-e7db-4c43-a136-ae1fefaf63fd', 'Sport', '2026-01-20T11:12:07.628731', '2026-01-20T11:12:07.628731');
INSERT INTO genres (id, name, created_at, updated_at) VALUES ('a7839b2c-971c-47e0-944e-18f4f1437091', 'Thriller', '2026-01-20T11:12:07.628753', '2026-01-20T11:12:07.628753');
INSERT INTO genres (id, name, created_at, updated_at) VALUES ('f94ab49f-b702-43cb-9bbc-65b564cf5e0d', 'War', '2026-01-20T11:12:07.628768', '2026-01-20T11:12:07.628768');
INSERT INTO genres (id, name, created_at, updated_at) VALUES ('a4b82683-7004-4199-b001-5033b15fa34b', 'Western', '2026-01-20T11:12:07.628781', '2026-01-20T11:12:07.628781');
INSERT INTO movies (id, title, language, projection_start_date, projection_end_date, director_full_name, synopsis, pg_rating, duration_in_minutes, trailer_url, created_at, updated_at) VALUES ('c3da61f0-5e2f-4f89-8690-c21ae5bc7c7a', 'Avatar', 'EN', '2026-01-20', '2026-03-20', 'Michael Brown', 'In the 22nd century, a paraplegic Marine is dispatched to the moon Pandora on a unique mission, but becomes torn between following orders and protecting an alien civilization.', 'PG-13', '162', 'https://www.youtube.com/watch?v=jm2sNLIPPvA', '2026-01-20T11:12:10.477622', '2026-01-20T11:12:10.477622');
INSERT INTO movie_images (id, movie_id, url, type, created_at, updated_at) VALUES ('415f8122-af9a-4010-b0ef-5255ba423f7d', 'c3da61f0-5e2f-4f89-8690-c21ae5bc7c7a', 'https://image.tmdb.org/t/p/w342/gKY6q7SjCkAU6FqvqWybDYgUKIF.jpg', 'poster', '2026-01-20T11:12:10.477622', '2026-01-20T11:12:10.477622');
INSERT INTO movie_images (id, movie_id, url, type, created_at, updated_at) VALUES ('829da589-95c0-4a0a-bfb2-ed373bb0da33', 'c3da61f0-5e2f-4f89-8690-c21ae5bc7c7a', 'https://image.tmdb.org/t/p/w1280/vL5LR6WdxWPjLPFRLe133jXWsh5.jpg', 'backdrop', '2026-01-20T11:12:10.477622', '2026-01-20T11:12:10.477622');
INSERT INTO movie_images (id, movie_id, url, type, created_at, updated_at) VALUES ('d973e908-5cd8-465c-9a39-b74561373a21', 'c3da61f0-5e2f-4f89-8690-c21ae5bc7c7a', 'https://image.tmdb.org/t/p/w300/7JNzw1tSZZEgsBw6lu0VfO2X2Ef.jpg', 'extra', '2026-01-20T11:12:10.477622', '2026-01-20T11:12:10.477622');
INSERT INTO movie_images (id, movie_id, url, type, created_at, updated_at) VALUES ('034889f7-eb9c-4eb8-972e-02526fb577a2', 'c3da61f0-5e2f-4f89-8690-c21ae5bc7c7a', 'https://image.tmdb.org/t/p/w300/Yc9q6QuWrMp9nuDm5R8ExNqbEq.jpg', 'extra', '2026-01-20T11:12:10.477622', '2026-01-20T11:12:10.477622');
INSERT INTO movie_images (id, movie_id, url, type, created_at, updated_at) VALUES ('b41a7506-6ed7-408d-9891-828cbee0e8fd', 'c3da61f0-5e2f-4f89-8690-c21ae5bc7c7a', 'https://image.tmdb.org/t/p/w300/n3a93StkVsLVPiX7sX2HIVXe9Fc.jpg', 'extra', '2026-01-20T11:12:10.477622', '2026-01-20T11:12:10.477622');
INSERT INTO movie_images (id, movie_id, url, type, created_at, updated_at) VALUES ('2f77d9d2-740c-4c58-a0b4-0a219be7ca52', 'c3da61f0-5e2f-4f89-8690-c21ae5bc7c7a', 'https://image.tmdb.org/t/p/w300/8I37NtDffNV7AZlDa7uDvvqhovU.jpg', 'extra', '2026-01-20T11:12:10.477622', '2026-01-20T11:12:10.477622');
INSERT INTO movies (id, title, language, projection_start_date, projection_end_date, director_full_name, synopsis, pg_rating, duration_in_minutes, trailer_url, created_at, updated_at) VALUES ('22a98542-1b7d-45e2-9133-eb382823d166', 'Avatar: Fire and Ash', 'EN', '2026-01-20', '2026-02-27', 'Michael Brown', 'In the wake of the devastating war against the RDA and the loss of their eldest son, Jake Sully and Neytiri face a new threat on Pandora: the Ash People, a violent and power-hungry Na''vi tribe led by the ruthless Varang. Jake''s family must fight for their survival and the future of Pandora in a conflict that pushes them to their emotional and physical limits.', 'PG-13', '198', 'https://www.youtube.com/watch?v=Ma1x7ikpid8', '2026-01-20T11:12:14.478134', '2026-01-20T11:12:14.478134');
INSERT INTO movie_images (id, movie_id, url, type, created_at, updated_at) VALUES ('02e6c9db-4122-4f6d-b061-44cf263b94af', '22a98542-1b7d-45e2-9133-eb382823d166', 'https://image.tmdb.org/t/p/w342/8kknNk7PbOcDUXynUZYZ7EHnKAA.jpg', 'poster', '2026-01-20T11:12:14.478134', '2026-01-20T11:12:14.478134');
INSERT INTO movie_images (id, movie_id, url, type, created_at, updated_at) VALUES ('96e38e0f-95b4-4944-9003-0c0c2c7cd454', '22a98542-1b7d-45e2-9133-eb382823d166', 'https://image.tmdb.org/t/p/w1280/u8DU5fkLoM5tTRukzPC31oGPxaQ.jpg', 'backdrop', '2026-01-20T11:12:14.478134', '2026-01-20T11:12:14.478134');
INSERT INTO movie_images (id, movie_id, url, type, created_at, updated_at) VALUES ('842487b0-0a07-4cff-9ead-ad63fecf1c57', '22a98542-1b7d-45e2-9133-eb382823d166', 'https://image.tmdb.org/t/p/w300/sdZSjtGUTSN8B3al5o0f2WoQfQQ.jpg', 'extra', '2026-01-20T11:12:14.478134', '2026-01-20T11:12:14.478134');
INSERT INTO movie_images (id, movie_id, url, type, created_at, updated_at) VALUES ('8b792441-e4e9-4b51-ae8f-6c3af83b1b72', '22a98542-1b7d-45e2-9133-eb382823d166', 'https://image.tmdb.org/t/p/w300/3Dqievkc7krcTtDE2hjRkIsEzB1.jpg', 'extra', '2026-01-20T11:12:14.478134', '2026-01-20T11:12:14.478134');
INSERT INTO movie_images (id, movie_id, url, type, created_at, updated_at) VALUES ('05c16a94-c90e-4099-bf85-d359750cface', '22a98542-1b7d-45e2-9133-eb382823d166', 'https://image.tmdb.org/t/p/w300/iN41Ccw4DctL8npfmYg1j5Tr1eb.jpg', 'extra', '2026-01-20T11:12:14.478134', '2026-01-20T11:12:14.478134');
INSERT INTO movie_images (id, movie_id, url, type, created_at, updated_at) VALUES ('7d78fa12-0d4c-4d78-a987-f692920040a2', '22a98542-1b7d-45e2-9133-eb382823d166', 'https://image.tmdb.org/t/p/w300/vm4H1DivjQoNIm0Vs6i3CTzFxQ0.jpg', 'extra', '2026-01-20T11:12:14.478134', '2026-01-20T11:12:14.478134');
INSERT INTO movies (id, title, language, projection_start_date, projection_end_date, director_full_name, synopsis, pg_rating, duration_in_minutes, trailer_url, created_at, updated_at) VALUES ('08c62620-f680-4048-9b27-037f80b48801', 'Black Phone 2', 'EN', '2026-01-20', '2026-02-25', 'Pat Morgan', 'Four years after escaping The Grabber, Finney Blake is struggling with his life after captivity. When his sister Gwen begins receiving calls in her dreams from the black phone and seeing disturbing visions of three boys being stalked at a winter camp, the siblings become determined to solve the mystery and confront a killer who has grown more powerful in death and more significant to them than either could imagine.', 'PG-13', '114', 'https://www.youtube.com/watch?v=pWNucAcRoBY', '2026-01-20T11:12:18.412868', '2026-01-20T11:12:18.412868');
INSERT INTO movie_images (id, movie_id, url, type, created_at, updated_at) VALUES ('6fa4f981-3575-4300-ae11-eb0f0172852e', '08c62620-f680-4048-9b27-037f80b48801', 'https://image.tmdb.org/t/p/w342/gFddBLQ8wj9M9O82iPzgX5KVNHz.jpg', 'poster', '2026-01-20T11:12:18.412868', '2026-01-20T11:12:18.412868');
INSERT INTO movie_images (id, movie_id, url, type, created_at, updated_at) VALUES ('a92dd53e-e0af-446d-b5a9-5be10942e3d2', '08c62620-f680-4048-9b27-037f80b48801', 'https://image.tmdb.org/t/p/w1280/6zKjoOOb3OZnZuiHtQZn4Kd69Gq.jpg', 'backdrop', '2026-01-20T11:12:18.412868', '2026-01-20T11:12:18.412868');
INSERT INTO movie_images (id, movie_id, url, type, created_at, updated_at) VALUES ('7573bccd-fdec-44d1-a645-93519ea25285', '08c62620-f680-4048-9b27-037f80b48801', 'https://image.tmdb.org/t/p/w300/oe2TOWykcLSGq67XPH4Bb0N1oU3.jpg', 'extra', '2026-01-20T11:12:18.412868', '2026-01-20T11:12:18.412868');
INSERT INTO movie_images (id, movie_id, url, type, created_at, updated_at) VALUES ('e1e7301f-550d-441e-b749-4caed2c9fbd0', '08c62620-f680-4048-9b27-037f80b48801', 'https://image.tmdb.org/t/p/w300/7QMsQ465YlyCFstLJUeUdpEwNUd.jpg', 'extra', '2026-01-20T11:12:18.412868', '2026-01-20T11:12:18.412868');
INSERT INTO movie_images (id, movie_id, url, type, created_at, updated_at) VALUES ('7bd0b75c-64ee-4c20-b4a7-0f8cd8f0e182', '08c62620-f680-4048-9b27-037f80b48801', 'https://image.tmdb.org/t/p/w300/GNeuKnbZRZj5JhKfnJOPyKJuVA.jpg', 'extra', '2026-01-20T11:12:18.412868', '2026-01-20T11:12:18.412868');
INSERT INTO movie_images (id, movie_id, url, type, created_at, updated_at) VALUES ('5dec9f2e-c589-4b61-a487-380d870f10b5', '08c62620-f680-4048-9b27-037f80b48801', 'https://image.tmdb.org/t/p/w300/uALtD42siECHdv5pP7mj7I0Tbqs.jpg', 'extra', '2026-01-20T11:12:18.412868', '2026-01-20T11:12:18.412868');
INSERT INTO movies (id, title, language, projection_start_date, projection_end_date, director_full_name, synopsis, pg_rating, duration_in_minutes, trailer_url, created_at, updated_at) VALUES ('8f881293-d2c6-4917-bdb2-4194cef73768', 'Afterburn', 'EN', '2026-01-20', '2026-03-19', 'Pat Morgan', 'Set against the backdrop of a postapocalyptic Earth whose Eastern Hemisphere was destroyed by a massive solar flare, leaving what life remains mutated from radiation and fallout. The story revolves around a group of treasure hunters who extract such objects as the Mona Lisa, the Rosetta Stone and the Crown Jewels while facing rival hunters, mutants and pirates.', 'PG-13', '105', 'https://www.youtube.com/watch?v=ZkEjle729tI', '2026-01-20T11:12:22.324868', '2026-01-20T11:12:22.324868');
INSERT INTO movie_images (id, movie_id, url, type, created_at, updated_at) VALUES ('07c494e5-5b82-4e60-863c-292c034e770a', '8f881293-d2c6-4917-bdb2-4194cef73768', 'https://image.tmdb.org/t/p/w342/hrze9JXp2QJpc2WjLfSUtRxyYSb.jpg', 'poster', '2026-01-20T11:12:22.324868', '2026-01-20T11:12:22.324868');
INSERT INTO movie_images (id, movie_id, url, type, created_at, updated_at) VALUES ('87ab7489-fa1e-4eb9-8fe1-275a30281d8f', '8f881293-d2c6-4917-bdb2-4194cef73768', 'https://image.tmdb.org/t/p/w1280/kHOfxq7cMTXyLbj0UmdoGhT540O.jpg', 'backdrop', '2026-01-20T11:12:22.324868', '2026-01-20T11:12:22.324868');
INSERT INTO movie_images (id, movie_id, url, type, created_at, updated_at) VALUES ('50befdc5-a493-4009-b15a-e8756b4a2cdd', '8f881293-d2c6-4917-bdb2-4194cef73768', 'https://image.tmdb.org/t/p/w300/ksIvbukEg9ivqr94K8ocyPHA81I.jpg', 'extra', '2026-01-20T11:12:22.324868', '2026-01-20T11:12:22.324868');
INSERT INTO movie_images (id, movie_id, url, type, created_at, updated_at) VALUES ('4d35ade6-ed9b-423a-a6e9-e2de254ba45a', '8f881293-d2c6-4917-bdb2-4194cef73768', 'https://image.tmdb.org/t/p/w300/3iA0SNHSj8bU6FK6E8lKd1nrpCj.jpg', 'extra', '2026-01-20T11:12:22.324868', '2026-01-20T11:12:22.324868');
INSERT INTO movie_images (id, movie_id, url, type, created_at, updated_at) VALUES ('2fb886d3-e935-44d9-a14c-29fbd195cec2', '8f881293-d2c6-4917-bdb2-4194cef73768', 'https://image.tmdb.org/t/p/w300/xqE7zgzeXL4MXI9dgI2giw2q4st.jpg', 'extra', '2026-01-20T11:12:22.324868', '2026-01-20T11:12:22.324868');
INSERT INTO movie_images (id, movie_id, url, type, created_at, updated_at) VALUES ('fe7dec9b-ec2d-42fe-a988-11bfe6d1ec08', '8f881293-d2c6-4917-bdb2-4194cef73768', 'https://image.tmdb.org/t/p/w300/3pDWEFQHBSQhLGVwRMWs7vdQtE.jpg', 'extra', '2026-01-20T11:12:22.324868', '2026-01-20T11:12:22.324868');
INSERT INTO movies (id, title, language, projection_start_date, projection_end_date, director_full_name, synopsis, pg_rating, duration_in_minutes, trailer_url, created_at, updated_at) VALUES ('dec51c20-5ed8-4a04-a8eb-0ffcecebeed3', 'Dune', 'EN', '2026-01-20', '2026-04-18', 'David Clark', 'Paul Atreides, a brilliant and gifted young man born into a great destiny beyond his understanding, must travel to the most dangerous planet in the universe to ensure the future of his family and his people. As malevolent forces explode into conflict over the planet''s exclusive supply of the most precious resource in existence-a commodity capable of unlocking humanity''s greatest potential-only those who can conquer their fear will survive.', 'PG-13', '155', 'https://www.youtube.com/watch?v=w0HgHet0sxg', '2026-01-20T11:12:31.085498', '2026-01-20T11:12:31.085498');
INSERT INTO movie_images (id, movie_id, url, type, created_at, updated_at) VALUES ('f68d353d-75e4-480c-840d-d97df8f624bd', 'dec51c20-5ed8-4a04-a8eb-0ffcecebeed3', 'https://image.tmdb.org/t/p/w342/d5NXSklXo0qyIYkgV94XAgMIckC.jpg', 'poster', '2026-01-20T11:12:31.085498', '2026-01-20T11:12:31.085498');
INSERT INTO movie_images (id, movie_id, url, type, created_at, updated_at) VALUES ('156f8243-0cda-4366-8e5c-af066be0b106', 'dec51c20-5ed8-4a04-a8eb-0ffcecebeed3', 'https://image.tmdb.org/t/p/w1280/h61Kc0NC7d90jNwXfBx5js7DnSQ.jpg', 'backdrop', '2026-01-20T11:12:31.085498', '2026-01-20T11:12:31.085498');
INSERT INTO movie_images (id, movie_id, url, type, created_at, updated_at) VALUES ('de01f3e5-2fdf-4e75-9d77-b357d70026af', 'dec51c20-5ed8-4a04-a8eb-0ffcecebeed3', 'https://image.tmdb.org/t/p/w300/jYEW5xZkZk2WTrdbMGAPFuBqbDc.jpg', 'extra', '2026-01-20T11:12:31.085498', '2026-01-20T11:12:31.085498');
INSERT INTO movie_images (id, movie_id, url, type, created_at, updated_at) VALUES ('9fccb052-6178-42b8-9ddc-a53a19b6a011', 'dec51c20-5ed8-4a04-a8eb-0ffcecebeed3', 'https://image.tmdb.org/t/p/w300/wYMbnrdRCREjNLwFlG5SLWzBjui.jpg', 'extra', '2026-01-20T11:12:31.085498', '2026-01-20T11:12:31.085498');
INSERT INTO movie_images (id, movie_id, url, type, created_at, updated_at) VALUES ('f70acb4b-7176-4679-bc6a-b1c1f490f4f0', 'dec51c20-5ed8-4a04-a8eb-0ffcecebeed3', 'https://image.tmdb.org/t/p/w300/zRKQW58MBEY078AxkHxEJzUskCl.jpg', 'extra', '2026-01-20T11:12:31.085498', '2026-01-20T11:12:31.085498');
INSERT INTO movie_images (id, movie_id, url, type, created_at, updated_at) VALUES ('b22d0fe9-af20-4be6-ab4c-541590004a96', 'dec51c20-5ed8-4a04-a8eb-0ffcecebeed3', 'https://image.tmdb.org/t/p/w300/lzWHmYdfeFiMIY4JaMmtR7GEli3.jpg', 'extra', '2026-01-20T11:12:31.085498', '2026-01-20T11:12:31.085498');
INSERT INTO movies (id, title, language, projection_start_date, projection_end_date, director_full_name, synopsis, pg_rating, duration_in_minutes, trailer_url, created_at, updated_at) VALUES ('1dbc238f-7dac-4a72-a3ec-2c2e3f3a8a10', 'War of the Worlds', 'EN', '2026-01-20', '2026-02-26', 'Sam Lee', 'Will Radford is a top analyst for Homeland Security who tracks potential threats through a mass surveillance program, until one day an attack by an unknown entity leads him to question whether the government is hiding something from him... and from the rest of the world.', 'PG-13', '91', 'https://www.youtube.com/watch?v=d9erkpdh5o0', '2026-01-20T11:12:42.377056', '2026-01-20T11:12:42.377056');
INSERT INTO movie_images (id, movie_id, url, type, created_at, updated_at) VALUES ('0f0d8cdb-53ee-4773-9991-5191782a9dab', '1dbc238f-7dac-4a72-a3ec-2c2e3f3a8a10', 'https://image.tmdb.org/t/p/w342/yvirUYrva23IudARHn3mMGVxWqM.jpg', 'poster', '2026-01-20T11:12:42.377056', '2026-01-20T11:12:42.377056');
INSERT INTO movie_images (id, movie_id, url, type, created_at, updated_at) VALUES ('08a3b48a-0484-475b-93da-b79439015162', '1dbc238f-7dac-4a72-a3ec-2c2e3f3a8a10', 'https://image.tmdb.org/t/p/w1280/iZLqwEwUViJdSkGVjePGhxYzbDb.jpg', 'backdrop', '2026-01-20T11:12:42.377056', '2026-01-20T11:12:42.377056');
INSERT INTO movie_images (id, movie_id, url, type, created_at, updated_at) VALUES ('be419191-f1da-40b2-a246-d9609717c949', '1dbc238f-7dac-4a72-a3ec-2c2e3f3a8a10', 'https://image.tmdb.org/t/p/w300/f2T5LlY8EPvmgtBVvOra8H2GvlQ.jpg', 'extra', '2026-01-20T11:12:42.377056', '2026-01-20T11:12:42.377056');
INSERT INTO movie_images (id, movie_id, url, type, created_at, updated_at) VALUES ('bbe31431-52d6-46cf-87d5-10021aa9b88c', '1dbc238f-7dac-4a72-a3ec-2c2e3f3a8a10', 'https://image.tmdb.org/t/p/w300/kqHypb4MdEBUFiphf49bK99T4cn.jpg', 'extra', '2026-01-20T11:12:42.377056', '2026-01-20T11:12:42.377056');
INSERT INTO movie_images (id, movie_id, url, type, created_at, updated_at) VALUES ('bf5ae4fc-31f6-4fcd-b15b-6b776b3ef263', '1dbc238f-7dac-4a72-a3ec-2c2e3f3a8a10', 'https://image.tmdb.org/t/p/w300/l2D8XPcANYIM7DJ4e9XYymzZovT.jpg', 'extra', '2026-01-20T11:12:42.377056', '2026-01-20T11:12:42.377056');
INSERT INTO movie_images (id, movie_id, url, type, created_at, updated_at) VALUES ('ca97b168-83cc-4979-a8dc-eebef4cce898', '1dbc238f-7dac-4a72-a3ec-2c2e3f3a8a10', 'https://image.tmdb.org/t/p/w300/ceaS9zOX4GJPzZeUgsnjRy9JKck.jpg', 'extra', '2026-01-20T11:12:42.377056', '2026-01-20T11:12:42.377056');
INSERT INTO movies (id, title, language, projection_start_date, projection_end_date, director_full_name, synopsis, pg_rating, duration_in_minutes, trailer_url, created_at, updated_at) VALUES ('72b77469-7e69-4b02-9fef-6afa7410667c', 'Now You See Me: Now You Don''t', 'EN', '2026-01-20', '2026-03-22', 'Alex Johnson', 'The original Four Horsemen reunite with a new generation of illusionists to take on powerful diamond heiress Veronika Vanderberg, who leads a criminal empire built on money laundering and trafficking. The new and old magicians must overcome their differences to work together on their most ambitious heist yet.', 'PG-13', '113', 'https://www.youtube.com/watch?v=lLWESUfW-0A', '2026-01-20T11:12:51.716694', '2026-01-20T11:12:51.716694');
INSERT INTO movie_images (id, movie_id, url, type, created_at, updated_at) VALUES ('5e23af81-07e9-43c4-81a7-0ec3d779ec22', '72b77469-7e69-4b02-9fef-6afa7410667c', 'https://image.tmdb.org/t/p/w342/xUddC5HTjMWmClD007QBWR0BLHY.jpg', 'poster', '2026-01-20T11:12:51.716694', '2026-01-20T11:12:51.716694');
INSERT INTO movie_images (id, movie_id, url, type, created_at, updated_at) VALUES ('c0c4a082-ea9d-4451-9a93-2b93cf2a1847', '72b77469-7e69-4b02-9fef-6afa7410667c', 'https://image.tmdb.org/t/p/w1280/ufqytAlziHq5pljKByGJ8IKhtEZ.jpg', 'backdrop', '2026-01-20T11:12:51.716694', '2026-01-20T11:12:51.716694');
INSERT INTO movie_images (id, movie_id, url, type, created_at, updated_at) VALUES ('f9731321-3f55-4fca-925b-2d149f5cb0a1', '72b77469-7e69-4b02-9fef-6afa7410667c', 'https://image.tmdb.org/t/p/w300/dHSz0tSFuO2CsXJ1CApSauP9Ncl.jpg', 'extra', '2026-01-20T11:12:51.716694', '2026-01-20T11:12:51.716694');
INSERT INTO movie_images (id, movie_id, url, type, created_at, updated_at) VALUES ('597f0a13-f050-4e01-b413-55db0a6c9f9f', '72b77469-7e69-4b02-9fef-6afa7410667c', 'https://image.tmdb.org/t/p/w300/dL0rr15VD5JbI3XTWlItwJGuLWS.jpg', 'extra', '2026-01-20T11:12:51.716694', '2026-01-20T11:12:51.716694');
INSERT INTO movie_images (id, movie_id, url, type, created_at, updated_at) VALUES ('8bcc1ea0-5681-4f19-bdce-9b07424d9934', '72b77469-7e69-4b02-9fef-6afa7410667c', 'https://image.tmdb.org/t/p/w300/oCl3vWqU10qH9dbL5H0fjBGGUJj.jpg', 'extra', '2026-01-20T11:12:51.716694', '2026-01-20T11:12:51.716694');
INSERT INTO movie_images (id, movie_id, url, type, created_at, updated_at) VALUES ('a5e76f5e-0938-428a-8d82-35fb5d0a99dc', '72b77469-7e69-4b02-9fef-6afa7410667c', 'https://image.tmdb.org/t/p/w300/hfwzCPUjsCeEKmo9ch5uFmrjRbx.jpg', 'extra', '2026-01-20T11:12:51.716694', '2026-01-20T11:12:51.716694');
INSERT INTO movies (id, title, language, projection_start_date, projection_end_date, director_full_name, synopsis, pg_rating, duration_in_minutes, trailer_url, created_at, updated_at) VALUES ('55c5b780-ceba-4a87-8676-84b071c68fb0', 'Frankenstein', 'EN', '2026-01-20', '2026-03-09', 'Chris Taylor', 'Dr. Victor Frankenstein, a brilliant but egotistical scientist, brings a creature to life in a monstrous experiment that ultimately leads to the undoing of both the creator and his tragic creation.', 'PG-13', '150', 'https://www.youtube.com/watch?v=9WZllcEgWrM', '2026-01-20T11:12:58.907136', '2026-01-20T11:12:58.907136');
INSERT INTO movie_images (id, movie_id, url, type, created_at, updated_at) VALUES ('ec2df251-9370-4ee2-96a9-a4ae4302dbbb', '55c5b780-ceba-4a87-8676-84b071c68fb0', 'https://image.tmdb.org/t/p/w342/g4JtvGlQO7DByTI6frUobqvSL3R.jpg', 'poster', '2026-01-20T11:12:58.907136', '2026-01-20T11:12:58.907136');
INSERT INTO movie_images (id, movie_id, url, type, created_at, updated_at) VALUES ('88c338a1-c8e2-471a-b4cd-21f077004a56', '55c5b780-ceba-4a87-8676-84b071c68fb0', 'https://image.tmdb.org/t/p/w1280/ceyakefyCRAgyeFhefa2bz6d9QO.jpg', 'backdrop', '2026-01-20T11:12:58.907136', '2026-01-20T11:12:58.907136');
INSERT INTO movie_images (id, movie_id, url, type, created_at, updated_at) VALUES ('06d626ef-9a64-4904-b39e-1c166a562ec0', '55c5b780-ceba-4a87-8676-84b071c68fb0', 'https://image.tmdb.org/t/p/w300/hpXBJxLD2SEf8l2CspmSeiHrBKX.jpg', 'extra', '2026-01-20T11:12:58.907136', '2026-01-20T11:12:58.907136');
INSERT INTO movie_images (id, movie_id, url, type, created_at, updated_at) VALUES ('acc55620-a65f-4649-8bdf-f67e01f2d970', '55c5b780-ceba-4a87-8676-84b071c68fb0', 'https://image.tmdb.org/t/p/w300/vrjRcY43fHBNQqx0El0ZZzo7HZb.jpg', 'extra', '2026-01-20T11:12:58.907136', '2026-01-20T11:12:58.907136');
INSERT INTO movie_images (id, movie_id, url, type, created_at, updated_at) VALUES ('8a85af76-6472-4b29-b04b-3d40ff517937', '55c5b780-ceba-4a87-8676-84b071c68fb0', 'https://image.tmdb.org/t/p/w300/sy7Y4jCDsGPCzoQIEmxqAgPjAgr.jpg', 'extra', '2026-01-20T11:12:58.907136', '2026-01-20T11:12:58.907136');
INSERT INTO movie_images (id, movie_id, url, type, created_at, updated_at) VALUES ('9eb6591d-2095-4673-aaa2-6aca1d3ad2f7', '55c5b780-ceba-4a87-8676-84b071c68fb0', 'https://image.tmdb.org/t/p/w300/i9JWf8ivhykQzQZNwp2qdwExdhd.jpg', 'extra', '2026-01-20T11:12:58.907136', '2026-01-20T11:12:58.907136');
INSERT INTO movies (id, title, language, projection_start_date, projection_end_date, director_full_name, synopsis, pg_rating, duration_in_minutes, trailer_url, created_at, updated_at) VALUES ('208c4777-d1e8-49da-9e6c-a5a372dcd8e7', 'Jurassic World Rebirth', 'EN', '2026-01-20', '2026-02-19', 'Jane Smith', 'Five years after the events of Jurassic World Dominion, covert operations expert Zora Bennett is contracted to lead a skilled team on a top-secret mission to secure genetic material from the world''s three most massive dinosaurs. When Zora''s operation intersects with a civilian family whose boating expedition was capsized, they all find themselves stranded on an island where they come face-to-face with a sinister, shocking discovery that''s been hidden from the world for decades.', 'PG-13', '134', 'https://www.youtube.com/watch?v=2ZhB-YO5Tnk', '2026-01-20T11:13:05.131053', '2026-01-20T11:13:05.131053');
INSERT INTO movie_images (id, movie_id, url, type, created_at, updated_at) VALUES ('964db6cb-44d5-43c8-bac1-f260c0399051', '208c4777-d1e8-49da-9e6c-a5a372dcd8e7', 'https://image.tmdb.org/t/p/w342/zuEC2i3I2P7QIcLoUJNBwqRYO4S.jpg', 'poster', '2026-01-20T11:13:05.131053', '2026-01-20T11:13:05.131053');
INSERT INTO movie_images (id, movie_id, url, type, created_at, updated_at) VALUES ('9632acd2-f354-4015-9339-df56bf704f2e', '208c4777-d1e8-49da-9e6c-a5a372dcd8e7', 'https://image.tmdb.org/t/p/w1280/zVQE3N96tzPZqcB0Gmiq3Z0NOQL.jpg', 'backdrop', '2026-01-20T11:13:05.131053', '2026-01-20T11:13:05.131053');
INSERT INTO movie_images (id, movie_id, url, type, created_at, updated_at) VALUES ('6cf081bd-aab7-4b42-a59f-86c7a4740906', '208c4777-d1e8-49da-9e6c-a5a372dcd8e7', 'https://image.tmdb.org/t/p/w300/fQOV47FHTJdaSuSUNlzP3zXUZWE.jpg', 'extra', '2026-01-20T11:13:05.131053', '2026-01-20T11:13:05.131053');
INSERT INTO movie_images (id, movie_id, url, type, created_at, updated_at) VALUES ('ec47adec-3f16-412d-b3b4-60902ee84fc1', '208c4777-d1e8-49da-9e6c-a5a372dcd8e7', 'https://image.tmdb.org/t/p/w300/fncHijpWjitFBmj7SX5z148XEhP.jpg', 'extra', '2026-01-20T11:13:05.131053', '2026-01-20T11:13:05.131053');
INSERT INTO movie_images (id, movie_id, url, type, created_at, updated_at) VALUES ('55c1df9d-fb54-4bd0-ac6d-63f06b842a0d', '208c4777-d1e8-49da-9e6c-a5a372dcd8e7', 'https://image.tmdb.org/t/p/w300/zNriRTr0kWwyaXPzdg1EIxf0BWk.jpg', 'extra', '2026-01-20T11:13:05.131053', '2026-01-20T11:13:05.131053');
INSERT INTO movie_images (id, movie_id, url, type, created_at, updated_at) VALUES ('7979f3db-f250-40b7-824c-db89b5acc419', '208c4777-d1e8-49da-9e6c-a5a372dcd8e7', 'https://image.tmdb.org/t/p/w300/8fA0Gr4vJNPOd0jyqWKU7ef8DoH.jpg', 'extra', '2026-01-20T11:13:05.131053', '2026-01-20T11:13:05.131053');
INSERT INTO movies (id, title, language, projection_start_date, projection_end_date, director_full_name, synopsis, pg_rating, duration_in_minutes, trailer_url, created_at, updated_at) VALUES ('4006cfa0-f772-40d5-b61a-347168f9716e', 'One Battle After Another', 'EN', '2026-01-20', '2026-03-11', 'David Clark', 'Washed-up revolutionary Bob exists in a state of stoned paranoia, surviving off-grid with his spirited, self-reliant daughter, Willa. When his evil nemesis resurfaces after 16 years and she goes missing, the former radical scrambles to find her, father and daughter both battling the consequences of his past.', 'PG-13', '162', 'https://www.youtube.com/watch?v=u6GVb4p7oD4', '2026-01-20T11:13:09.650912', '2026-01-20T11:13:09.650912');
INSERT INTO movie_images (id, movie_id, url, type, created_at, updated_at) VALUES ('7ad3b674-3b50-4535-b82d-8aee1a047bca', '4006cfa0-f772-40d5-b61a-347168f9716e', 'https://image.tmdb.org/t/p/w342/mPKI17bw3qbv9h5wbrpUAlbanjw.jpg', 'poster', '2026-01-20T11:13:09.650912', '2026-01-20T11:13:09.650912');
INSERT INTO movie_images (id, movie_id, url, type, created_at, updated_at) VALUES ('e53366ff-cd24-42c1-8875-a3748bb52ebc', '4006cfa0-f772-40d5-b61a-347168f9716e', 'https://image.tmdb.org/t/p/w1280/zpEWFNqoN8Qg1SzMMHmaGyOBTdW.jpg', 'backdrop', '2026-01-20T11:13:09.650912', '2026-01-20T11:13:09.650912');
INSERT INTO movie_images (id, movie_id, url, type, created_at, updated_at) VALUES ('c3056448-c5b1-49bf-aefc-c89c5933d8e3', '4006cfa0-f772-40d5-b61a-347168f9716e', 'https://image.tmdb.org/t/p/w300/nyvyWsZJkqtHJ0SLVOoWc141cEg.jpg', 'extra', '2026-01-20T11:13:09.650912', '2026-01-20T11:13:09.650912');
INSERT INTO movie_images (id, movie_id, url, type, created_at, updated_at) VALUES ('f139ea7e-6402-419c-8ba9-19560f1f8434', '4006cfa0-f772-40d5-b61a-347168f9716e', 'https://image.tmdb.org/t/p/w300/si68lkhkMfIospVeLEBtl7HWKDh.jpg', 'extra', '2026-01-20T11:13:09.650912', '2026-01-20T11:13:09.650912');
INSERT INTO movie_images (id, movie_id, url, type, created_at, updated_at) VALUES ('fccc3863-b0ca-49b8-b543-3d0a6e6ac28e', '4006cfa0-f772-40d5-b61a-347168f9716e', 'https://image.tmdb.org/t/p/w300/nIX9kqNNe4ERx3wg3TuzRa2deAM.jpg', 'extra', '2026-01-20T11:13:09.650912', '2026-01-20T11:13:09.650912');
INSERT INTO movie_images (id, movie_id, url, type, created_at, updated_at) VALUES ('614a9b1a-6c73-4c2f-b620-bfdf852d421d', '4006cfa0-f772-40d5-b61a-347168f9716e', 'https://image.tmdb.org/t/p/w300/jUPCUYoVdTGa5DBSxOTAriLWqmW.jpg', 'extra', '2026-01-20T11:13:09.650912', '2026-01-20T11:13:09.650912');
INSERT INTO movies (id, title, language, projection_start_date, projection_end_date, director_full_name, synopsis, pg_rating, duration_in_minutes, trailer_url, created_at, updated_at) VALUES ('138a3e2f-0dd2-4f67-adaf-0512aaf5e481', 'Interstellar', 'EN', '2026-01-20', '2026-04-05', 'Alex Johnson', 'The adventures of a group of explorers who make use of a newly discovered wormhole to surpass the limitations on human space travel and conquer the vast distances involved in an interstellar voyage.', 'PG-13', '169', 'https://www.youtube.com/watch?v=LY19rHKAaAg', '2026-01-20T11:13:14.497475', '2026-01-20T11:13:14.497475');
INSERT INTO movie_images (id, movie_id, url, type, created_at, updated_at) VALUES ('9c9dd2c6-ffb6-4af2-8748-60165642306f', '138a3e2f-0dd2-4f67-adaf-0512aaf5e481', 'https://image.tmdb.org/t/p/w342/gEU2QniE6E77NI6lCU6MxlNBvIx.jpg', 'poster', '2026-01-20T11:13:14.497475', '2026-01-20T11:13:14.497475');
INSERT INTO movie_images (id, movie_id, url, type, created_at, updated_at) VALUES ('f7dc6102-9198-4683-bff2-af85592503a7', '138a3e2f-0dd2-4f67-adaf-0512aaf5e481', 'https://image.tmdb.org/t/p/w1280/5XNQBqnBwPA9yT0jZ0p3s8bbLh0.jpg', 'backdrop', '2026-01-20T11:13:14.497475', '2026-01-20T11:13:14.497475');
INSERT INTO movie_images (id, movie_id, url, type, created_at, updated_at) VALUES ('085cbff3-53f3-46e2-82fa-ed180d2d8823', '138a3e2f-0dd2-4f67-adaf-0512aaf5e481', 'https://image.tmdb.org/t/p/w300/vgnoBSVzWAV9sNQUORaDGvDp7wx.jpg', 'extra', '2026-01-20T11:13:14.497475', '2026-01-20T11:13:14.497475');
INSERT INTO movie_images (id, movie_id, url, type, created_at, updated_at) VALUES ('34833ff3-23e7-4484-afb2-5db88f02d302', '138a3e2f-0dd2-4f67-adaf-0512aaf5e481', 'https://image.tmdb.org/t/p/w300/8sNiAPPYU14PUepFNeSNGUTiHW.jpg', 'extra', '2026-01-20T11:13:14.497475', '2026-01-20T11:13:14.497475');
INSERT INTO movie_images (id, movie_id, url, type, created_at, updated_at) VALUES ('b4bad2e5-511f-42be-aff4-d9374ce97e1b', '138a3e2f-0dd2-4f67-adaf-0512aaf5e481', 'https://image.tmdb.org/t/p/w300/9REO1DLpmwhrBJY3mYW5eVxkXFM.jpg', 'extra', '2026-01-20T11:13:14.497475', '2026-01-20T11:13:14.497475');
INSERT INTO movie_images (id, movie_id, url, type, created_at, updated_at) VALUES ('dbe8eb59-9a08-4817-b7a5-9410ae034137', '138a3e2f-0dd2-4f67-adaf-0512aaf5e481', 'https://image.tmdb.org/t/p/w300/xJHokMbljvjADYdit5fK5VQsXEG.jpg', 'extra', '2026-01-20T11:13:14.497475', '2026-01-20T11:13:14.497475');
INSERT INTO movies (id, title, language, projection_start_date, projection_end_date, director_full_name, synopsis, pg_rating, duration_in_minutes, trailer_url, created_at, updated_at) VALUES ('fd0a82f4-dc84-4cda-a263-7bbb4f75c9f4', 'Harry Potter and the Prisoner of Azkaban', 'EN', '2026-01-20', '2026-03-03', 'Emma Wilson', 'Year three at Hogwarts means new fun and challenges as Harry learns the delicate art of approaching a Hippogriff, transforming shape-shifting Boggarts into hilarity and even turning back time. But the term also brings danger: soul-sucking Dementors hover over the school, an ally of the accursed He-Who-Cannot-Be-Named lurks within the castle walls, and fearsome wizard Sirius Black escapes Azkaban. And Harry will confront them all.', 'PG-13', '141', 'https://www.youtube.com/watch?v=VwErvYgoH70', '2026-01-20T11:13:19.106822', '2026-01-20T11:13:19.106822');
INSERT INTO movie_images (id, movie_id, url, type, created_at, updated_at) VALUES ('024019e6-d948-4ca1-a9cd-b559f9909b0d', 'fd0a82f4-dc84-4cda-a263-7bbb4f75c9f4', 'https://image.tmdb.org/t/p/w342/gVt7hhFNZF2r5EuBT3c9FnudWW8.jpg', 'poster', '2026-01-20T11:13:19.106822', '2026-01-20T11:13:19.106822');
INSERT INTO movie_images (id, movie_id, url, type, created_at, updated_at) VALUES ('510285b9-1452-47a2-9ccd-396ce1ef5ec2', 'fd0a82f4-dc84-4cda-a263-7bbb4f75c9f4', 'https://image.tmdb.org/t/p/w1280/ktj07Eajol5Y2aTQpvTADiQZXJV.jpg', 'backdrop', '2026-01-20T11:13:19.106822', '2026-01-20T11:13:19.106822');
INSERT INTO movie_images (id, movie_id, url, type, created_at, updated_at) VALUES ('74ba8c4a-c73d-4645-a651-d90a571b7af3', 'fd0a82f4-dc84-4cda-a263-7bbb4f75c9f4', 'https://image.tmdb.org/t/p/w300/vbk5CfaAHOjQPSAcYm6AoRRz2Af.jpg', 'extra', '2026-01-20T11:13:19.106822', '2026-01-20T11:13:19.106822');
INSERT INTO movie_images (id, movie_id, url, type, created_at, updated_at) VALUES ('3d6a6975-cc15-41c7-affe-41db41b758a9', 'fd0a82f4-dc84-4cda-a263-7bbb4f75c9f4', 'https://image.tmdb.org/t/p/w300/htmYEfH7TQgzsXHCnNXxmoYKQtL.jpg', 'extra', '2026-01-20T11:13:19.106822', '2026-01-20T11:13:19.106822');
INSERT INTO movie_images (id, movie_id, url, type, created_at, updated_at) VALUES ('52b040c3-15ca-42ab-9489-e100902d3696', 'fd0a82f4-dc84-4cda-a263-7bbb4f75c9f4', 'https://image.tmdb.org/t/p/w300/v2K8QaAQD0pmEaUTUeV8MXMq1qx.jpg', 'extra', '2026-01-20T11:13:19.106822', '2026-01-20T11:13:19.106822');
INSERT INTO movie_images (id, movie_id, url, type, created_at, updated_at) VALUES ('38cf4143-aab9-48fb-b1fa-9ffa8380ffc7', 'fd0a82f4-dc84-4cda-a263-7bbb4f75c9f4', 'https://image.tmdb.org/t/p/w300/fVgBU3KJAWHS55FPdbsZQ3YQG2Z.jpg', 'extra', '2026-01-20T11:13:19.106822', '2026-01-20T11:13:19.106822');
INSERT INTO movies (id, title, language, projection_start_date, projection_end_date, director_full_name, synopsis, pg_rating, duration_in_minutes, trailer_url, created_at, updated_at) VALUES ('44e3e981-415e-4153-999a-c9f56a0871e4', 'The Godfather', 'EN', '2026-01-20', '2026-03-01', 'John Doe', 'Spanning the years 1945 to 1955, a chronicle of the fictional Italian-American Corleone crime family. When organized crime family patriarch, Vito Corleone barely survives an attempt on his life, his youngest son, Michael steps in to take care of the would-be killers, launching a campaign of bloody revenge.', 'PG-13', '175', 'https://www.youtube.com/watch?v=Ew9ngL1GZvs', '2026-01-20T11:13:23.594645', '2026-01-20T11:13:23.594645');
INSERT INTO movie_images (id, movie_id, url, type, created_at, updated_at) VALUES ('c4792dcd-7806-4ab5-92ee-35590913cfc2', '44e3e981-415e-4153-999a-c9f56a0871e4', 'https://image.tmdb.org/t/p/w342/3bhkrj58Vtu7enYsRolD1fZdja1.jpg', 'poster', '2026-01-20T11:13:23.594645', '2026-01-20T11:13:23.594645');
INSERT INTO movie_images (id, movie_id, url, type, created_at, updated_at) VALUES ('e636285b-7290-4cd4-bd3b-62b7463e2496', '44e3e981-415e-4153-999a-c9f56a0871e4', 'https://image.tmdb.org/t/p/w1280/tSPT36ZKlP2WVHJLM4cQPLSzv3b.jpg', 'backdrop', '2026-01-20T11:13:23.594645', '2026-01-20T11:13:23.594645');
INSERT INTO movie_images (id, movie_id, url, type, created_at, updated_at) VALUES ('16810c4c-00dc-46db-820c-e805cd97df93', '44e3e981-415e-4153-999a-c9f56a0871e4', 'https://image.tmdb.org/t/p/w300/AbgEQO2mneCSOc8CSnOMa8pBS8I.jpg', 'extra', '2026-01-20T11:13:23.594645', '2026-01-20T11:13:23.594645');
INSERT INTO movie_images (id, movie_id, url, type, created_at, updated_at) VALUES ('5543e6db-2bb5-41d2-8385-25f2f6664cc7', '44e3e981-415e-4153-999a-c9f56a0871e4', 'https://image.tmdb.org/t/p/w300/ejdD20cdHNFAYAN2DlqPToXKyzx.jpg', 'extra', '2026-01-20T11:13:23.594645', '2026-01-20T11:13:23.594645');
INSERT INTO movie_images (id, movie_id, url, type, created_at, updated_at) VALUES ('cbd232fc-8d56-43c3-9503-e08af55ad51f', '44e3e981-415e-4153-999a-c9f56a0871e4', 'https://image.tmdb.org/t/p/w300/tmU7GeKVybMWFButWEGl2M4GeiP.jpg', 'extra', '2026-01-20T11:13:23.594645', '2026-01-20T11:13:23.594645');
INSERT INTO movie_images (id, movie_id, url, type, created_at, updated_at) VALUES ('a89986b5-d002-489d-971e-f563b89ea47b', '44e3e981-415e-4153-999a-c9f56a0871e4', 'https://image.tmdb.org/t/p/w300/39rtAdg3yx6IDxRg0ZLXefv0aPY.jpg', 'extra', '2026-01-20T11:13:23.594645', '2026-01-20T11:13:23.594645');
INSERT INTO movies (id, title, language, projection_start_date, projection_end_date, director_full_name, synopsis, pg_rating, duration_in_minutes, trailer_url, created_at, updated_at) VALUES ('8436333f-cb9f-410f-9ca1-6a8ea8a8fa58', 'Inception', 'EN', '2026-04-28', '2026-07-07', 'Linda Carter', 'Cobb, a skilled thief who commits corporate espionage by infiltrating the subconscious of his targets is offered a chance to regain his old life as payment for a task considered to be impossible: "inception", the implantation of another person''s idea into a target''s subconscious.', 'PG-13', '148', 'https://www.youtube.com/watch?v=cdx31ak4KbQ', '2026-01-20T11:13:28.026570', '2026-01-20T11:13:28.026570');
INSERT INTO movie_images (id, movie_id, url, type, created_at, updated_at) VALUES ('ffef4e24-23f7-40de-8540-bd4ce9afd3cf', '8436333f-cb9f-410f-9ca1-6a8ea8a8fa58', 'https://image.tmdb.org/t/p/w342/tXQvtRWfkUUnWJAn2tN3jERIUG.jpg', 'poster', '2026-01-20T11:13:28.026570', '2026-01-20T11:13:28.026570');
INSERT INTO movie_images (id, movie_id, url, type, created_at, updated_at) VALUES ('383baea5-9003-4ac9-87c8-bbb22e944cd3', '8436333f-cb9f-410f-9ca1-6a8ea8a8fa58', 'https://image.tmdb.org/t/p/w1280/ii8QGacT3MXESqBckQlyrATY0lT.jpg', 'backdrop', '2026-01-20T11:13:28.026570', '2026-01-20T11:13:28.026570');
INSERT INTO movie_images (id, movie_id, url, type, created_at, updated_at) VALUES ('b9ce5c57-5050-42b7-8b49-eb029dbd5a1b', '8436333f-cb9f-410f-9ca1-6a8ea8a8fa58', 'https://image.tmdb.org/t/p/w300/8ZTVqvKDQ8emSGUEMjsS4yHAwrp.jpg', 'extra', '2026-01-20T11:13:28.026570', '2026-01-20T11:13:28.026570');
INSERT INTO movie_images (id, movie_id, url, type, created_at, updated_at) VALUES ('cfea3558-a1ca-4a9b-9100-40230cdfccb7', '8436333f-cb9f-410f-9ca1-6a8ea8a8fa58', 'https://image.tmdb.org/t/p/w300/s3TBrRGB1iav7gFOCNx3H31MoES.jpg', 'extra', '2026-01-20T11:13:28.026570', '2026-01-20T11:13:28.026570');
INSERT INTO movie_images (id, movie_id, url, type, created_at, updated_at) VALUES ('15f5df94-fb21-4e77-8a87-3df46cb3a6b1', '8436333f-cb9f-410f-9ca1-6a8ea8a8fa58', 'https://image.tmdb.org/t/p/w300/gqby0RhyehP3uRrzmdyUZ0CgPPe.jpg', 'extra', '2026-01-20T11:13:28.026570', '2026-01-20T11:13:28.026570');
INSERT INTO movie_images (id, movie_id, url, type, created_at, updated_at) VALUES ('18f5a035-4eec-4dbc-aa8c-f6b09ffa465b', '8436333f-cb9f-410f-9ca1-6a8ea8a8fa58', 'https://image.tmdb.org/t/p/w300/zlIBglEnHkxmPGVwEfywC7hXncb.jpg', 'extra', '2026-01-20T11:13:28.026570', '2026-01-20T11:13:28.026570');
INSERT INTO movies (id, title, language, projection_start_date, projection_end_date, director_full_name, synopsis, pg_rating, duration_in_minutes, trailer_url, created_at, updated_at) VALUES ('e445ae88-9e76-4c83-ad8b-3fd618558158', 'Zootopia 2', 'EN', '2026-04-12', '2026-07-15', 'Linda Carter', 'After cracking the biggest case in Zootopia''s history, rookie cops Judy Hopps and Nick Wilde find themselves on the twisting trail of a great mystery when Gary De''Snake arrives and turns the animal metropolis upside down. To crack the case, Judy and Nick must go undercover to unexpected new parts of town, where their growing partnership is tested like never before.', 'PG-13', '107', 'https://www.youtube.com/watch?v=sEgPQ7HKoBA', '2026-01-20T11:13:32.485141', '2026-01-20T11:13:32.485141');
INSERT INTO movie_images (id, movie_id, url, type, created_at, updated_at) VALUES ('7ad35aeb-889d-4f79-85d8-f9c4ee22e072', 'e445ae88-9e76-4c83-ad8b-3fd618558158', 'https://image.tmdb.org/t/p/w342/ib6v6qUXzez1x2qIOLN7C0yJNPQ.jpg', 'poster', '2026-01-20T11:13:32.485141', '2026-01-20T11:13:32.485141');
INSERT INTO movie_images (id, movie_id, url, type, created_at, updated_at) VALUES ('3122f45d-dcef-41d6-8abc-33f6fe494c53', 'e445ae88-9e76-4c83-ad8b-3fd618558158', 'https://image.tmdb.org/t/p/w1280/5h2EsPKNDdB3MAtOk9MB9Ycg9Rz.jpg', 'backdrop', '2026-01-20T11:13:32.485141', '2026-01-20T11:13:32.485141');
INSERT INTO movie_images (id, movie_id, url, type, created_at, updated_at) VALUES ('84a3eebd-b52b-47b6-8b1b-cbddadfd3210', 'e445ae88-9e76-4c83-ad8b-3fd618558158', 'https://image.tmdb.org/t/p/w300/7nfpkR9XsQ1lBNCXSSHxGV7Dkxe.jpg', 'extra', '2026-01-20T11:13:32.485141', '2026-01-20T11:13:32.485141');
INSERT INTO movie_images (id, movie_id, url, type, created_at, updated_at) VALUES ('b8b01b73-c156-48cb-861d-6340e59bd712', 'e445ae88-9e76-4c83-ad8b-3fd618558158', 'https://image.tmdb.org/t/p/w300/zdva2LmrzZ0OdTI27ayzKPw0wkF.jpg', 'extra', '2026-01-20T11:13:32.485141', '2026-01-20T11:13:32.485141');
INSERT INTO movie_images (id, movie_id, url, type, created_at, updated_at) VALUES ('478c4d5d-8bc1-4a84-adc2-759abd33c666', 'e445ae88-9e76-4c83-ad8b-3fd618558158', 'https://image.tmdb.org/t/p/w300/iAMxwAtriQkAOTt1jeGER0oLMNN.jpg', 'extra', '2026-01-20T11:13:32.485141', '2026-01-20T11:13:32.485141');
INSERT INTO movie_images (id, movie_id, url, type, created_at, updated_at) VALUES ('e9da17bb-d319-46c2-9334-832baa1684d9', 'e445ae88-9e76-4c83-ad8b-3fd618558158', 'https://image.tmdb.org/t/p/w300/hi6h3ACrwAswclPEt4VTCeqGfTK.jpg', 'extra', '2026-01-20T11:13:32.485141', '2026-01-20T11:13:32.485141');
INSERT INTO movies (id, title, language, projection_start_date, projection_end_date, director_full_name, synopsis, pg_rating, duration_in_minutes, trailer_url, created_at, updated_at) VALUES ('1b629656-55b6-4121-b0d4-9196e166412a', 'Inside Out 2', 'EN', '2026-03-22', '2026-05-27', 'Michael Brown', 'Teenager Riley''s mind headquarters is undergoing a sudden demolition to make room for something entirely unexpected: new Emotions! Joy, Sadness, Anger, Fear and Disgust, whove long been running a successful operation by all accounts, arent sure how to feel when Anxiety shows up. And it looks like shes not alone.', 'PG-13', '97', 'https://www.youtube.com/watch?v=u69y5Ie519M', '2026-01-20T11:13:36.946943', '2026-01-20T11:13:36.946943');
INSERT INTO movie_images (id, movie_id, url, type, created_at, updated_at) VALUES ('5b6d920b-925f-45fe-8f05-92324e2c750b', '1b629656-55b6-4121-b0d4-9196e166412a', 'https://image.tmdb.org/t/p/w342/xYqeUheNCep7ll9AotOcclGhP0X.jpg', 'poster', '2026-01-20T11:13:36.946943', '2026-01-20T11:13:36.946943');
INSERT INTO movie_images (id, movie_id, url, type, created_at, updated_at) VALUES ('beaea911-7326-403a-be92-8eca1380b7a8', '1b629656-55b6-4121-b0d4-9196e166412a', 'https://image.tmdb.org/t/p/w1280/p5ozvmdgsmbWe0H8Xk7Rc8SCwAB.jpg', 'backdrop', '2026-01-20T11:13:36.946943', '2026-01-20T11:13:36.946943');
INSERT INTO movie_images (id, movie_id, url, type, created_at, updated_at) VALUES ('f2756e39-1707-4e5a-af7f-1c2f63b897f1', '1b629656-55b6-4121-b0d4-9196e166412a', 'https://image.tmdb.org/t/p/w300/xg27NrXi7VXCGUr7MG75UqLl6Vg.jpg', 'extra', '2026-01-20T11:13:36.946943', '2026-01-20T11:13:36.946943');
INSERT INTO movie_images (id, movie_id, url, type, created_at, updated_at) VALUES ('ac4a73be-4654-406a-b94c-3ac79c950ece', '1b629656-55b6-4121-b0d4-9196e166412a', 'https://image.tmdb.org/t/p/w300/coATv42PoiLqAFKStJiMZs2r6Zb.jpg', 'extra', '2026-01-20T11:13:36.946943', '2026-01-20T11:13:36.946943');
INSERT INTO movie_images (id, movie_id, url, type, created_at, updated_at) VALUES ('4458604e-aeb8-4a5a-bbc5-e32c9bfaf4ba', '1b629656-55b6-4121-b0d4-9196e166412a', 'https://image.tmdb.org/t/p/w300/uVu2fBc114un7F1GD76RBouWyBP.jpg', 'extra', '2026-01-20T11:13:36.946943', '2026-01-20T11:13:36.946943');
INSERT INTO movie_images (id, movie_id, url, type, created_at, updated_at) VALUES ('ac531533-25ca-4441-b3a4-fc2ebe729e3f', '1b629656-55b6-4121-b0d4-9196e166412a', 'https://image.tmdb.org/t/p/w300/stKGOm8UyhuLPR9sZLjs5AkmncA.jpg', 'extra', '2026-01-20T11:13:36.946943', '2026-01-20T11:13:36.946943');
INSERT INTO movies (id, title, language, projection_start_date, projection_end_date, director_full_name, synopsis, pg_rating, duration_in_minutes, trailer_url, created_at, updated_at) VALUES ('7a405813-5d76-41bc-8cc6-001251d91056', 'The Dark Knight', 'EN', '2026-04-25', '2026-07-28', 'Pat Morgan', 'Batman raises the stakes in his war on crime. With the help of Lt. Jim Gordon and District Attorney Harvey Dent, Batman sets out to dismantle the remaining criminal organizations that plague the streets. The partnership proves to be effective, but they soon find themselves prey to a reign of chaos unleashed by a rising criminal mastermind known to the terrified citizens of Gotham as the Joker.', 'PG-13', '152', 'https://www.youtube.com/watch?v=vbjYVETxZqM', '2026-01-20T11:13:41.411429', '2026-01-20T11:13:41.411429');
INSERT INTO movie_images (id, movie_id, url, type, created_at, updated_at) VALUES ('d0b69e03-d00d-4145-8ea6-e40303f188bd', '7a405813-5d76-41bc-8cc6-001251d91056', 'https://image.tmdb.org/t/p/w342/qJ2tW6WMUDux911r6m7haRef0WH.jpg', 'poster', '2026-01-20T11:13:41.411429', '2026-01-20T11:13:41.411429');
INSERT INTO movie_images (id, movie_id, url, type, created_at, updated_at) VALUES ('ee6eeaf4-4f6d-4e46-a3ca-552803f7e42c', '7a405813-5d76-41bc-8cc6-001251d91056', 'https://image.tmdb.org/t/p/w1280/dGOZdWOB8OpZFVziEOUFhox5wz9.jpg', 'backdrop', '2026-01-20T11:13:41.411429', '2026-01-20T11:13:41.411429');
INSERT INTO movie_images (id, movie_id, url, type, created_at, updated_at) VALUES ('1e2004ca-9b0c-4bb3-af1f-c612201ae4e5', '7a405813-5d76-41bc-8cc6-001251d91056', 'https://image.tmdb.org/t/p/w300/cfT29Im5VDvjE0RpyKOSdCKZal7.jpg', 'extra', '2026-01-20T11:13:41.411429', '2026-01-20T11:13:41.411429');
INSERT INTO movie_images (id, movie_id, url, type, created_at, updated_at) VALUES ('2eae7b25-f376-4f75-a7e7-efea0df77531', '7a405813-5d76-41bc-8cc6-001251d91056', 'https://image.tmdb.org/t/p/w300/dqK9Hag1054tghRQSqLSfrkvQnA.jpg', 'extra', '2026-01-20T11:13:41.411429', '2026-01-20T11:13:41.411429');
INSERT INTO movie_images (id, movie_id, url, type, created_at, updated_at) VALUES ('65628abd-e95d-4ffe-b55e-ff9456b1ec28', '7a405813-5d76-41bc-8cc6-001251d91056', 'https://image.tmdb.org/t/p/w300/x5f2uTfw0Pqc5QI4ch5AHICee2o.jpg', 'extra', '2026-01-20T11:13:41.411429', '2026-01-20T11:13:41.411429');
INSERT INTO movie_images (id, movie_id, url, type, created_at, updated_at) VALUES ('44b0e9b0-2cb7-4759-bd43-cb257736bbd7', '7a405813-5d76-41bc-8cc6-001251d91056', 'https://image.tmdb.org/t/p/w300/pbEkjhdfP7yuDcMB78YEZwgD4IN.jpg', 'extra', '2026-01-20T11:13:41.411429', '2026-01-20T11:13:41.411429');
INSERT INTO movies (id, title, language, projection_start_date, projection_end_date, director_full_name, synopsis, pg_rating, duration_in_minutes, trailer_url, created_at, updated_at) VALUES ('9937270d-d29a-4e14-999e-8e398796c79f', 'Home Alone 2: Lost in New York', 'EN', '2026-05-08', '2026-07-25', 'David Clark', 'Instead of flying to Florida with his folks, Kevin ends up alone in New York, where he gets a hotel room with his dad''s credit carddespite problems from a clerk and meddling bellboy. But when Kevin runs into his old nemeses, the Wet Bandits, he''s determined to foil their plans to rob a toy store on Christmas Eve.', 'PG-13', '120', 'https://www.youtube.com/watch?v=k0kJieJ1k6k', '2026-01-20T11:13:45.856472', '2026-01-20T11:13:45.856472');
INSERT INTO movie_images (id, movie_id, url, type, created_at, updated_at) VALUES ('bd7d7cfc-40e4-4b4e-86ac-8cc5fe6dd97c', '9937270d-d29a-4e14-999e-8e398796c79f', 'https://image.tmdb.org/t/p/w342/7sdiRUyc0ANHJptPhsgb1KL6hoq.jpg', 'poster', '2026-01-20T11:13:45.856472', '2026-01-20T11:13:45.856472');
INSERT INTO movie_images (id, movie_id, url, type, created_at, updated_at) VALUES ('6780c1dd-dc23-431b-8d2d-6b9f083e35d9', '9937270d-d29a-4e14-999e-8e398796c79f', 'https://image.tmdb.org/t/p/w1280/8fnYJPoXxwAN4valDLgz2whMGTH.jpg', 'backdrop', '2026-01-20T11:13:45.856472', '2026-01-20T11:13:45.856472');
INSERT INTO movie_images (id, movie_id, url, type, created_at, updated_at) VALUES ('7bcab6f7-e353-4637-95d4-6bbeea645299', '9937270d-d29a-4e14-999e-8e398796c79f', 'https://image.tmdb.org/t/p/w300/dGiPJO75b9GmXqxvusbKlcYrDcg.jpg', 'extra', '2026-01-20T11:13:45.856472', '2026-01-20T11:13:45.856472');
INSERT INTO movie_images (id, movie_id, url, type, created_at, updated_at) VALUES ('f39dd119-3399-4ab8-9946-00352b3e3074', '9937270d-d29a-4e14-999e-8e398796c79f', 'https://image.tmdb.org/t/p/w300/kjby7cr8JnIPkfqMGKutOFrM2at.jpg', 'extra', '2026-01-20T11:13:45.856472', '2026-01-20T11:13:45.856472');
INSERT INTO movie_images (id, movie_id, url, type, created_at, updated_at) VALUES ('f646761b-9526-40d9-bffa-70e7470fd32c', '9937270d-d29a-4e14-999e-8e398796c79f', 'https://image.tmdb.org/t/p/w300/gxwYr2jtBzMvp85lbCr9ooJMFPc.jpg', 'extra', '2026-01-20T11:13:45.856472', '2026-01-20T11:13:45.856472');
INSERT INTO movie_images (id, movie_id, url, type, created_at, updated_at) VALUES ('20be6286-8139-49cc-82f0-92084f955b43', '9937270d-d29a-4e14-999e-8e398796c79f', 'https://image.tmdb.org/t/p/w300/mKJiUjCkjiyxBlMPcNORQ4CIAZX.jpg', 'extra', '2026-01-20T11:13:45.856472', '2026-01-20T11:13:45.856472');
INSERT INTO movies (id, title, language, projection_start_date, projection_end_date, director_full_name, synopsis, pg_rating, duration_in_minutes, trailer_url, created_at, updated_at) VALUES ('12698516-94b6-4e5d-92e7-811318f40369', 'Harry Potter and the Deathly Hallows: Part 1', 'EN', '2026-05-05', '2026-07-09', 'Jane Smith', 'Harry, Ron and Hermione walk away from their last year at Hogwarts to find and destroy the remaining Horcruxes, putting an end to Voldemort''s bid for immortality. But with Harry''s beloved Dumbledore dead and Voldemort''s unscrupulous Death Eaters on the loose, the world is more dangerous than ever.', 'PG-13', '146', 'https://www.youtube.com/watch?v=Su1LOpjvdZ4', '2026-01-20T11:13:50.800321', '2026-01-20T11:13:50.800321');
INSERT INTO movie_images (id, movie_id, url, type, created_at, updated_at) VALUES ('84ee5c4c-2a76-47d4-8cf8-6bfd312e9cde', '12698516-94b6-4e5d-92e7-811318f40369', 'https://image.tmdb.org/t/p/w342/iGoXIpQb7Pot00EEdwpwPajheZ5.jpg', 'poster', '2026-01-20T11:13:50.800321', '2026-01-20T11:13:50.800321');
INSERT INTO movie_images (id, movie_id, url, type, created_at, updated_at) VALUES ('360a5177-0602-4cc7-85b4-52797f09fd5c', '12698516-94b6-4e5d-92e7-811318f40369', 'https://image.tmdb.org/t/p/w1280/slW0M2G9txC0aUbftCTm1nYX1K8.jpg', 'backdrop', '2026-01-20T11:13:50.800321', '2026-01-20T11:13:50.800321');
INSERT INTO movie_images (id, movie_id, url, type, created_at, updated_at) VALUES ('91a6fe2a-a1ba-415d-bcb3-0285f84fed62', '12698516-94b6-4e5d-92e7-811318f40369', 'https://image.tmdb.org/t/p/w300/AqLcLsGGTzAjm3pCCq0CZCQrp6m.jpg', 'extra', '2026-01-20T11:13:50.800321', '2026-01-20T11:13:50.800321');
INSERT INTO movie_images (id, movie_id, url, type, created_at, updated_at) VALUES ('c32983b3-924f-4814-a3da-428176505ded', '12698516-94b6-4e5d-92e7-811318f40369', 'https://image.tmdb.org/t/p/w300/39kg1yGt9qxPwMuG1a5ysfe3gfG.jpg', 'extra', '2026-01-20T11:13:50.800321', '2026-01-20T11:13:50.800321');
INSERT INTO movie_images (id, movie_id, url, type, created_at, updated_at) VALUES ('b95fa255-a180-4640-9565-d42b88082892', '12698516-94b6-4e5d-92e7-811318f40369', 'https://image.tmdb.org/t/p/w300/fXRXpzxUApE3OuXhIqsdavQjCVa.jpg', 'extra', '2026-01-20T11:13:50.800321', '2026-01-20T11:13:50.800321');
INSERT INTO movie_images (id, movie_id, url, type, created_at, updated_at) VALUES ('113e5b8f-e240-45c3-ba25-b6c596601738', '12698516-94b6-4e5d-92e7-811318f40369', 'https://image.tmdb.org/t/p/w300/1K5p4wPrxWttjoUGjfrrOJT5SYo.jpg', 'extra', '2026-01-20T11:13:50.800321', '2026-01-20T11:13:50.800321');
INSERT INTO movies (id, title, language, projection_start_date, projection_end_date, director_full_name, synopsis, pg_rating, duration_in_minutes, trailer_url, created_at, updated_at) VALUES ('e5d8cf45-a867-4d2c-9d91-be00535a28cb', 'Oppenheimer', 'EN', '2026-05-04', '2026-07-09', 'Linda Carter', 'The story of J. Robert Oppenheimer''s role in the development of the atomic bomb during World War II.', 'PG-13', '181', 'https://www.youtube.com/watch?v=qiuSBWVdgLI', '2026-01-20T11:13:55.233478', '2026-01-20T11:13:55.233478');
INSERT INTO movie_images (id, movie_id, url, type, created_at, updated_at) VALUES ('6338b87e-22c1-4882-ace8-2531d0d06b0f', 'e5d8cf45-a867-4d2c-9d91-be00535a28cb', 'https://image.tmdb.org/t/p/w342/8Gxv8gSFCU0XGDykEGv7zR1n2ua.jpg', 'poster', '2026-01-20T11:13:55.233478', '2026-01-20T11:13:55.233478');
INSERT INTO movie_images (id, movie_id, url, type, created_at, updated_at) VALUES ('9e09ba83-e982-443a-9ed9-15f2e08c5058', 'e5d8cf45-a867-4d2c-9d91-be00535a28cb', 'https://image.tmdb.org/t/p/w1280/cUIqZd6jJCbO94Txt1CkTs7MSeP.jpg', 'backdrop', '2026-01-20T11:13:55.233478', '2026-01-20T11:13:55.233478');
INSERT INTO movie_images (id, movie_id, url, type, created_at, updated_at) VALUES ('34b1b654-b32c-4ce8-b511-1b345c8bc1c2', 'e5d8cf45-a867-4d2c-9d91-be00535a28cb', 'https://image.tmdb.org/t/p/w300/7CENyUim29IEsaJhUxIGymCRvPu.jpg', 'extra', '2026-01-20T11:13:55.233478', '2026-01-20T11:13:55.233478');
INSERT INTO movie_images (id, movie_id, url, type, created_at, updated_at) VALUES ('422b1920-d441-471b-b873-e3e570d42b7e', 'e5d8cf45-a867-4d2c-9d91-be00535a28cb', 'https://image.tmdb.org/t/p/w300/ycnO0cjsAROSGJKuMODgRtWsHQw.jpg', 'extra', '2026-01-20T11:13:55.233478', '2026-01-20T11:13:55.233478');
INSERT INTO movie_images (id, movie_id, url, type, created_at, updated_at) VALUES ('66875312-ab2e-4412-918f-0f42d971eaa6', 'e5d8cf45-a867-4d2c-9d91-be00535a28cb', 'https://image.tmdb.org/t/p/w300/fm6KqXpk3M2HVveHwCrBSSBaO0V.jpg', 'extra', '2026-01-20T11:13:55.233478', '2026-01-20T11:13:55.233478');
INSERT INTO movie_images (id, movie_id, url, type, created_at, updated_at) VALUES ('b8ca41c8-5b46-4280-92d2-e276ca7b1367', 'e5d8cf45-a867-4d2c-9d91-be00535a28cb', 'https://image.tmdb.org/t/p/w300/neeNHeXjMF5fXoCJRsOmkNGC7q.jpg', 'extra', '2026-01-20T11:13:55.233478', '2026-01-20T11:13:55.233478');
INSERT INTO movies (id, title, language, projection_start_date, projection_end_date, director_full_name, synopsis, pg_rating, duration_in_minutes, trailer_url, created_at, updated_at) VALUES ('e5b47507-6974-44b8-b1c6-52ca9cb44c31', 'The Shawshank Redemption', 'EN', '2026-04-27', '2026-07-27', 'Emma Wilson', 'Imprisoned in the 1940s for the double murder of his wife and her lover, upstanding banker Andy Dufresne begins a new life at the Shawshank prison, where he puts his accounting skills to work for an amoral warden. During his long stretch in prison, Dufresne comes to be admired by the other inmates -- including an older prisoner named Red -- for his integrity and unquenchable sense of hope.', 'PG-13', '142', 'https://www.youtube.com/watch?v=PLl99DlL6b4', '2026-01-20T11:13:59.681139', '2026-01-20T11:13:59.681139');
INSERT INTO movie_images (id, movie_id, url, type, created_at, updated_at) VALUES ('105bc9e2-04a6-407c-a266-a9cac5531ce3', 'e5b47507-6974-44b8-b1c6-52ca9cb44c31', 'https://image.tmdb.org/t/p/w342/9cqNxx0GxF0bflZmeSMuL5tnGzr.jpg', 'poster', '2026-01-20T11:13:59.681139', '2026-01-20T11:13:59.681139');
INSERT INTO movie_images (id, movie_id, url, type, created_at, updated_at) VALUES ('ade61481-eb6d-487c-b85c-bb02cd96915a', 'e5b47507-6974-44b8-b1c6-52ca9cb44c31', 'https://image.tmdb.org/t/p/w1280/jFkuJbWsciMwgcpOEkJIlxTElEp.jpg', 'backdrop', '2026-01-20T11:13:59.681139', '2026-01-20T11:13:59.681139');
INSERT INTO movie_images (id, movie_id, url, type, created_at, updated_at) VALUES ('f037cf5a-5eff-4be0-82cb-c2cd64b9381a', 'e5b47507-6974-44b8-b1c6-52ca9cb44c31', 'https://image.tmdb.org/t/p/w300/zfbjgQE1uSd9wiPTX4VzsLi0rGG.jpg', 'extra', '2026-01-20T11:13:59.681139', '2026-01-20T11:13:59.681139');
INSERT INTO movie_images (id, movie_id, url, type, created_at, updated_at) VALUES ('0852a2d0-5222-4101-8324-f40280cffbe2', 'e5b47507-6974-44b8-b1c6-52ca9cb44c31', 'https://image.tmdb.org/t/p/w300/kXfqcdQKsToO0OUXHcrrNCHDBzO.jpg', 'extra', '2026-01-20T11:13:59.681139', '2026-01-20T11:13:59.681139');
INSERT INTO movie_images (id, movie_id, url, type, created_at, updated_at) VALUES ('c815e524-e04a-436e-b9a6-8293ea15340a', 'e5b47507-6974-44b8-b1c6-52ca9cb44c31', 'https://image.tmdb.org/t/p/w300/pNjh59JSxChQktamG3LMp9ZoQzp.jpg', 'extra', '2026-01-20T11:13:59.681139', '2026-01-20T11:13:59.681139');
INSERT INTO movie_images (id, movie_id, url, type, created_at, updated_at) VALUES ('46e14c72-0d76-4de0-aa01-32d88c29f7f1', 'e5b47507-6974-44b8-b1c6-52ca9cb44c31', 'https://image.tmdb.org/t/p/w300/v8xVDqt8uCul3c3mgx4VpGCwxJC.jpg', 'extra', '2026-01-20T11:13:59.681139', '2026-01-20T11:13:59.681139');
INSERT INTO movie_cast (id, first_name, last_name, character_full_name, role, movie_id, created_at, updated_at) VALUES ('0f10cace-fe53-4aba-a95d-09c2d4ab895e', 'David', 'Jones', 'Character 1', 'cameo', 'c3da61f0-5e2f-4f89-8690-c21ae5bc7c7a', '2026-01-20T11:14:01.406368', '2026-01-20T11:14:01.406368');
INSERT INTO movie_cast (id, first_name, last_name, character_full_name, role, movie_id, created_at, updated_at) VALUES ('d927484e-b8f8-4736-9dbf-01b00e9f7d4a', 'Michael', 'Brown', 'Character 2', 'supporting', 'c3da61f0-5e2f-4f89-8690-c21ae5bc7c7a', '2026-01-20T11:14:01.406437', '2026-01-20T11:14:01.406437');
INSERT INTO movie_cast (id, first_name, last_name, character_full_name, role, movie_id, created_at, updated_at) VALUES ('70098a8b-556a-4a35-b8e1-36dcaa22daa1', 'Jane', 'Smith', 'Character 3', 'supporting', 'c3da61f0-5e2f-4f89-8690-c21ae5bc7c7a', '2026-01-20T11:14:01.406483', '2026-01-20T11:14:01.406483');
INSERT INTO movie_cast (id, first_name, last_name, character_full_name, role, movie_id, created_at, updated_at) VALUES ('2ca4e1f6-aa25-4e1c-9bef-94ee8827d434', 'Sarah', 'Williams', 'Character 4', 'lead', 'c3da61f0-5e2f-4f89-8690-c21ae5bc7c7a', '2026-01-20T11:14:01.406525', '2026-01-20T11:14:01.406525');
INSERT INTO movie_cast (id, first_name, last_name, character_full_name, role, movie_id, created_at, updated_at) VALUES ('756b67bb-72e1-4adc-a19a-d2b2a0b8c3a6', 'David', 'Jones', 'Character 5', 'cameo', 'c3da61f0-5e2f-4f89-8690-c21ae5bc7c7a', '2026-01-20T11:14:01.406570', '2026-01-20T11:14:01.406570');
INSERT INTO movie_cast (id, first_name, last_name, character_full_name, role, movie_id, created_at, updated_at) VALUES ('5224062a-096f-483e-b55a-78397c8a6dea', 'John', 'Brown', 'Character 1', 'cameo', '22a98542-1b7d-45e2-9133-eb382823d166', '2026-01-20T11:14:01.406618', '2026-01-20T11:14:01.406618');
INSERT INTO movie_cast (id, first_name, last_name, character_full_name, role, movie_id, created_at, updated_at) VALUES ('6963200c-4da4-4474-a48b-e6d492807a7e', 'Michael', 'Williams', 'Character 2', 'supporting', '22a98542-1b7d-45e2-9133-eb382823d166', '2026-01-20T11:14:01.406656', '2026-01-20T11:14:01.406656');
INSERT INTO movie_cast (id, first_name, last_name, character_full_name, role, movie_id, created_at, updated_at) VALUES ('e7cc05a8-615b-4680-969a-3aba2f53a4d9', 'Sarah', 'Smith', 'Character 3', 'cameo', '22a98542-1b7d-45e2-9133-eb382823d166', '2026-01-20T11:14:01.406689', '2026-01-20T11:14:01.406689');
INSERT INTO movie_cast (id, first_name, last_name, character_full_name, role, movie_id, created_at, updated_at) VALUES ('5cb005a9-2fa0-483b-957c-131f33c0d8e5', 'Sarah', 'Smith', 'Character 4', 'cameo', '22a98542-1b7d-45e2-9133-eb382823d166', '2026-01-20T11:14:01.406722', '2026-01-20T11:14:01.406722');
INSERT INTO movie_cast (id, first_name, last_name, character_full_name, role, movie_id, created_at, updated_at) VALUES ('f60b71f0-a8c3-46ae-9a73-80676d7e2e9c', 'Emma', 'Smith', 'Character 5', 'lead', '22a98542-1b7d-45e2-9133-eb382823d166', '2026-01-20T11:14:01.406758', '2026-01-20T11:14:01.406758');
INSERT INTO movie_cast (id, first_name, last_name, character_full_name, role, movie_id, created_at, updated_at) VALUES ('f202f08d-cfd9-4604-b486-ec9e8c01e1fc', 'Emma', 'Williams', 'Character 1', 'lead', '08c62620-f680-4048-9b27-037f80b48801', '2026-01-20T11:14:01.406798', '2026-01-20T11:14:01.406798');
INSERT INTO movie_cast (id, first_name, last_name, character_full_name, role, movie_id, created_at, updated_at) VALUES ('e9308815-8edf-4dec-a2f7-30839065678d', 'John', 'Jones', 'Character 2', 'lead', '08c62620-f680-4048-9b27-037f80b48801', '2026-01-20T11:14:01.406832', '2026-01-20T11:14:01.406832');
INSERT INTO movie_cast (id, first_name, last_name, character_full_name, role, movie_id, created_at, updated_at) VALUES ('e63051f1-6cc7-4185-9388-592e365d68c6', 'David', 'Williams', 'Character 3', 'lead', '08c62620-f680-4048-9b27-037f80b48801', '2026-01-20T11:14:01.406873', '2026-01-20T11:14:01.406873');
INSERT INTO movie_cast (id, first_name, last_name, character_full_name, role, movie_id, created_at, updated_at) VALUES ('6c5a0f37-a591-4ddd-903f-1ebd2b877506', 'Sarah', 'Brown', 'Character 4', 'cameo', '08c62620-f680-4048-9b27-037f80b48801', '2026-01-20T11:14:01.406908', '2026-01-20T11:14:01.406908');
INSERT INTO movie_cast (id, first_name, last_name, character_full_name, role, movie_id, created_at, updated_at) VALUES ('98e6fc35-0096-48cf-8080-d501d0f77aca', 'Michael', 'Brown', 'Character 5', 'lead', '08c62620-f680-4048-9b27-037f80b48801', '2026-01-20T11:14:01.406978', '2026-01-20T11:14:01.406978');
INSERT INTO movie_cast (id, first_name, last_name, character_full_name, role, movie_id, created_at, updated_at) VALUES ('7b7634fb-12fa-46e0-8abd-33fbe9586bcc', 'David', 'Williams', 'Character 1', 'supporting', '8f881293-d2c6-4917-bdb2-4194cef73768', '2026-01-20T11:14:01.407016', '2026-01-20T11:14:01.407016');
INSERT INTO movie_cast (id, first_name, last_name, character_full_name, role, movie_id, created_at, updated_at) VALUES ('e1d59acd-0fe2-4d35-a695-48d2d3ad6c02', 'Sarah', 'Brown', 'Character 2', 'cameo', '8f881293-d2c6-4917-bdb2-4194cef73768', '2026-01-20T11:14:01.407050', '2026-01-20T11:14:01.407050');
INSERT INTO movie_cast (id, first_name, last_name, character_full_name, role, movie_id, created_at, updated_at) VALUES ('ac499413-d737-45ea-b0a4-f539d587b604', 'David', 'Jones', 'Character 3', 'lead', '8f881293-d2c6-4917-bdb2-4194cef73768', '2026-01-20T11:14:01.407085', '2026-01-20T11:14:01.407085');
INSERT INTO movie_cast (id, first_name, last_name, character_full_name, role, movie_id, created_at, updated_at) VALUES ('96b36515-29c8-4e16-8d26-2a0103b93029', 'John', 'Johnson', 'Character 4', 'lead', '8f881293-d2c6-4917-bdb2-4194cef73768', '2026-01-20T11:14:01.407145', '2026-01-20T11:14:01.407145');
INSERT INTO movie_cast (id, first_name, last_name, character_full_name, role, movie_id, created_at, updated_at) VALUES ('d4e3be31-f0c3-48be-8ed6-55c2acc998cf', 'Michael', 'Brown', 'Character 5', 'supporting', '8f881293-d2c6-4917-bdb2-4194cef73768', '2026-01-20T11:14:01.407182', '2026-01-20T11:14:01.407182');
INSERT INTO movie_cast (id, first_name, last_name, character_full_name, role, movie_id, created_at, updated_at) VALUES ('822eb9f3-01ff-471f-afca-f77b5e35a1ab', 'Emma', 'Jones', 'Character 1', 'supporting', 'dec51c20-5ed8-4a04-a8eb-0ffcecebeed3', '2026-01-20T11:14:01.407223', '2026-01-20T11:14:01.407223');
INSERT INTO movie_cast (id, first_name, last_name, character_full_name, role, movie_id, created_at, updated_at) VALUES ('766596bb-6562-448b-bd51-bbd4379856cf', 'David', 'Jones', 'Character 2', 'supporting', 'dec51c20-5ed8-4a04-a8eb-0ffcecebeed3', '2026-01-20T11:14:01.407251', '2026-01-20T11:14:01.407251');
INSERT INTO movie_cast (id, first_name, last_name, character_full_name, role, movie_id, created_at, updated_at) VALUES ('ffcd9d05-3329-4aa3-bc8a-dc334e6a383c', 'David', 'Smith', 'Character 3', 'supporting', 'dec51c20-5ed8-4a04-a8eb-0ffcecebeed3', '2026-01-20T11:14:01.407278', '2026-01-20T11:14:01.407278');
INSERT INTO movie_cast (id, first_name, last_name, character_full_name, role, movie_id, created_at, updated_at) VALUES ('2db2df4a-053e-4cd1-9015-08686d1a6e07', 'Michael', 'Brown', 'Character 4', 'cameo', 'dec51c20-5ed8-4a04-a8eb-0ffcecebeed3', '2026-01-20T11:14:01.407304', '2026-01-20T11:14:01.407304');
INSERT INTO movie_cast (id, first_name, last_name, character_full_name, role, movie_id, created_at, updated_at) VALUES ('38eff17d-e4f5-4adb-bce7-4ec66f458fe8', 'Sarah', 'Smith', 'Character 5', 'lead', 'dec51c20-5ed8-4a04-a8eb-0ffcecebeed3', '2026-01-20T11:14:01.407330', '2026-01-20T11:14:01.407330');
INSERT INTO movie_cast (id, first_name, last_name, character_full_name, role, movie_id, created_at, updated_at) VALUES ('967cf233-1741-485f-acf6-4af9cbaa6ea3', 'Emma', 'Johnson', 'Character 1', 'lead', '1dbc238f-7dac-4a72-a3ec-2c2e3f3a8a10', '2026-01-20T11:14:01.407358', '2026-01-20T11:14:01.407358');
INSERT INTO movie_cast (id, first_name, last_name, character_full_name, role, movie_id, created_at, updated_at) VALUES ('21726487-c9d5-44e6-8b15-86ca80193ae5', 'Sarah', 'Williams', 'Character 2', 'supporting', '1dbc238f-7dac-4a72-a3ec-2c2e3f3a8a10', '2026-01-20T11:14:01.407386', '2026-01-20T11:14:01.407386');
INSERT INTO movie_cast (id, first_name, last_name, character_full_name, role, movie_id, created_at, updated_at) VALUES ('60588f1a-b653-4e19-812b-ae094feede6a', 'Sarah', 'Williams', 'Character 3', 'cameo', '1dbc238f-7dac-4a72-a3ec-2c2e3f3a8a10', '2026-01-20T11:14:01.407412', '2026-01-20T11:14:01.407412');
INSERT INTO movie_cast (id, first_name, last_name, character_full_name, role, movie_id, created_at, updated_at) VALUES ('c422d1a5-914e-43ca-887b-17903af4eca1', 'David', 'Williams', 'Character 4', 'lead', '1dbc238f-7dac-4a72-a3ec-2c2e3f3a8a10', '2026-01-20T11:14:01.407443', '2026-01-20T11:14:01.407443');
INSERT INTO movie_cast (id, first_name, last_name, character_full_name, role, movie_id, created_at, updated_at) VALUES ('776f122f-2432-43c5-a5fa-a101f99703ea', 'Emma', 'Brown', 'Character 5', 'supporting', '1dbc238f-7dac-4a72-a3ec-2c2e3f3a8a10', '2026-01-20T11:14:01.407475', '2026-01-20T11:14:01.407475');
INSERT INTO movie_cast (id, first_name, last_name, character_full_name, role, movie_id, created_at, updated_at) VALUES ('9c31fcd1-df7e-46e9-b134-a37ee3f2f084', 'Emma', 'Johnson', 'Character 1', 'supporting', '72b77469-7e69-4b02-9fef-6afa7410667c', '2026-01-20T11:14:01.407510', '2026-01-20T11:14:01.407510');
INSERT INTO movie_cast (id, first_name, last_name, character_full_name, role, movie_id, created_at, updated_at) VALUES ('1345f7c9-d3f5-40be-acb3-88e4b52f8514', 'Sarah', 'Brown', 'Character 2', 'lead', '72b77469-7e69-4b02-9fef-6afa7410667c', '2026-01-20T11:14:01.407546', '2026-01-20T11:14:01.407546');
INSERT INTO movie_cast (id, first_name, last_name, character_full_name, role, movie_id, created_at, updated_at) VALUES ('d590e41b-4d34-4825-afca-65142333e10d', 'David', 'Johnson', 'Character 3', 'lead', '72b77469-7e69-4b02-9fef-6afa7410667c', '2026-01-20T11:14:01.407578', '2026-01-20T11:14:01.407578');
INSERT INTO movie_cast (id, first_name, last_name, character_full_name, role, movie_id, created_at, updated_at) VALUES ('8e39a106-2295-42a4-a84a-5e114921849b', 'David', 'Johnson', 'Character 4', 'cameo', '72b77469-7e69-4b02-9fef-6afa7410667c', '2026-01-20T11:14:01.407610', '2026-01-20T11:14:01.407610');
INSERT INTO movie_cast (id, first_name, last_name, character_full_name, role, movie_id, created_at, updated_at) VALUES ('7959daf9-7020-4f81-a283-4e5b8045b3c3', 'Emma', 'Johnson', 'Character 5', 'supporting', '72b77469-7e69-4b02-9fef-6afa7410667c', '2026-01-20T11:14:01.407641', '2026-01-20T11:14:01.407641');
INSERT INTO movie_cast (id, first_name, last_name, character_full_name, role, movie_id, created_at, updated_at) VALUES ('58ea033f-9ad7-43e5-95f3-72343f6450d6', 'Emma', 'Jones', 'Character 1', 'lead', '55c5b780-ceba-4a87-8676-84b071c68fb0', '2026-01-20T11:14:01.407679', '2026-01-20T11:14:01.407679');
INSERT INTO movie_cast (id, first_name, last_name, character_full_name, role, movie_id, created_at, updated_at) VALUES ('a6c68654-594b-48f7-acf5-31e745b6ff36', 'Sarah', 'Smith', 'Character 2', 'supporting', '55c5b780-ceba-4a87-8676-84b071c68fb0', '2026-01-20T11:14:01.407714', '2026-01-20T11:14:01.407714');
INSERT INTO movie_cast (id, first_name, last_name, character_full_name, role, movie_id, created_at, updated_at) VALUES ('925bb49b-7370-4e2a-861b-7e6fadef6b8b', 'Michael', 'Johnson', 'Character 3', 'supporting', '55c5b780-ceba-4a87-8676-84b071c68fb0', '2026-01-20T11:14:01.407743', '2026-01-20T11:14:01.407743');
INSERT INTO movie_cast (id, first_name, last_name, character_full_name, role, movie_id, created_at, updated_at) VALUES ('ba76eed1-a258-4cd0-8e7e-4d0740a77de4', 'John', 'Johnson', 'Character 4', 'cameo', '55c5b780-ceba-4a87-8676-84b071c68fb0', '2026-01-20T11:14:01.407772', '2026-01-20T11:14:01.407772');
INSERT INTO movie_cast (id, first_name, last_name, character_full_name, role, movie_id, created_at, updated_at) VALUES ('b1c4835f-9064-448c-8668-03ab50038ae8', 'Sarah', 'Brown', 'Character 5', 'cameo', '55c5b780-ceba-4a87-8676-84b071c68fb0', '2026-01-20T11:14:01.407800', '2026-01-20T11:14:01.407800');
INSERT INTO movie_cast (id, first_name, last_name, character_full_name, role, movie_id, created_at, updated_at) VALUES ('0207bd01-7556-492b-b930-138751164455', 'Sarah', 'Johnson', 'Character 1', 'supporting', '208c4777-d1e8-49da-9e6c-a5a372dcd8e7', '2026-01-20T11:14:01.407835', '2026-01-20T11:14:01.407835');
INSERT INTO movie_cast (id, first_name, last_name, character_full_name, role, movie_id, created_at, updated_at) VALUES ('15839724-af17-4c4c-b2db-5fa583049f2b', 'Emma', 'Jones', 'Character 2', 'supporting', '208c4777-d1e8-49da-9e6c-a5a372dcd8e7', '2026-01-20T11:14:01.407876', '2026-01-20T11:14:01.407876');
INSERT INTO movie_cast (id, first_name, last_name, character_full_name, role, movie_id, created_at, updated_at) VALUES ('752aded0-767e-475c-845a-fcf1c929ee2f', 'Sarah', 'Smith', 'Character 3', 'lead', '208c4777-d1e8-49da-9e6c-a5a372dcd8e7', '2026-01-20T11:14:01.407908', '2026-01-20T11:14:01.407908');
INSERT INTO movie_cast (id, first_name, last_name, character_full_name, role, movie_id, created_at, updated_at) VALUES ('071fae4a-f7cb-4909-9687-39eed771033b', 'John', 'Williams', 'Character 4', 'cameo', '208c4777-d1e8-49da-9e6c-a5a372dcd8e7', '2026-01-20T11:14:01.407943', '2026-01-20T11:14:01.407943');
INSERT INTO movie_cast (id, first_name, last_name, character_full_name, role, movie_id, created_at, updated_at) VALUES ('ba88cf89-73d5-4ab2-9e2b-7857d39738b6', 'John', 'Brown', 'Character 5', 'lead', '208c4777-d1e8-49da-9e6c-a5a372dcd8e7', '2026-01-20T11:14:01.407980', '2026-01-20T11:14:01.407980');
INSERT INTO movie_cast (id, first_name, last_name, character_full_name, role, movie_id, created_at, updated_at) VALUES ('29e85ecb-5771-484d-a947-06ca033f7eb3', 'Michael', 'Williams', 'Character 1', 'cameo', '4006cfa0-f772-40d5-b61a-347168f9716e', '2026-01-20T11:14:01.408019', '2026-01-20T11:14:01.408019');
INSERT INTO movie_cast (id, first_name, last_name, character_full_name, role, movie_id, created_at, updated_at) VALUES ('f211173b-5b5a-44ce-99c0-e5053b2af114', 'David', 'Jones', 'Character 2', 'supporting', '4006cfa0-f772-40d5-b61a-347168f9716e', '2026-01-20T11:14:01.408059', '2026-01-20T11:14:01.408059');
INSERT INTO movie_cast (id, first_name, last_name, character_full_name, role, movie_id, created_at, updated_at) VALUES ('c912682a-3c6e-403a-91e3-e01221bb9119', 'John', 'Smith', 'Character 3', 'cameo', '4006cfa0-f772-40d5-b61a-347168f9716e', '2026-01-20T11:14:01.408173', '2026-01-20T11:14:01.408173');
INSERT INTO movie_cast (id, first_name, last_name, character_full_name, role, movie_id, created_at, updated_at) VALUES ('b51beb75-0666-4c4d-a32a-78f998d33354', 'Michael', 'Jones', 'Character 4', 'lead', '4006cfa0-f772-40d5-b61a-347168f9716e', '2026-01-20T11:14:01.408219', '2026-01-20T11:14:01.408219');
INSERT INTO movie_cast (id, first_name, last_name, character_full_name, role, movie_id, created_at, updated_at) VALUES ('3c74c8a0-1a8d-44bd-99cd-8f9ea8b39b86', 'Sarah', 'Jones', 'Character 5', 'supporting', '4006cfa0-f772-40d5-b61a-347168f9716e', '2026-01-20T11:14:01.408257', '2026-01-20T11:14:01.408257');
INSERT INTO movie_cast (id, first_name, last_name, character_full_name, role, movie_id, created_at, updated_at) VALUES ('2b5f0d49-6e34-4245-ad22-404fe0481233', 'Sarah', 'Jones', 'Character 1', 'lead', '138a3e2f-0dd2-4f67-adaf-0512aaf5e481', '2026-01-20T11:14:01.408297', '2026-01-20T11:14:01.408297');
INSERT INTO movie_cast (id, first_name, last_name, character_full_name, role, movie_id, created_at, updated_at) VALUES ('8e3f545f-e87e-45ec-b25d-9f1d2dc154c7', 'David', 'Williams', 'Character 2', 'lead', '138a3e2f-0dd2-4f67-adaf-0512aaf5e481', '2026-01-20T11:14:01.408331', '2026-01-20T11:14:01.408331');
INSERT INTO movie_cast (id, first_name, last_name, character_full_name, role, movie_id, created_at, updated_at) VALUES ('b2ca6e56-9edb-4a51-8ebc-98a3bad33230', 'Emma', 'Williams', 'Character 3', 'supporting', '138a3e2f-0dd2-4f67-adaf-0512aaf5e481', '2026-01-20T11:14:01.408364', '2026-01-20T11:14:01.408364');
INSERT INTO movie_cast (id, first_name, last_name, character_full_name, role, movie_id, created_at, updated_at) VALUES ('95f80985-16b9-499e-a94f-397cf5ccdf2f', 'Jane', 'Jones', 'Character 4', 'lead', '138a3e2f-0dd2-4f67-adaf-0512aaf5e481', '2026-01-20T11:14:01.408397', '2026-01-20T11:14:01.408397');
INSERT INTO movie_cast (id, first_name, last_name, character_full_name, role, movie_id, created_at, updated_at) VALUES ('d1fd85aa-e01a-48c2-b184-946f4a37fca0', 'John', 'Brown', 'Character 5', 'supporting', '138a3e2f-0dd2-4f67-adaf-0512aaf5e481', '2026-01-20T11:14:01.408429', '2026-01-20T11:14:01.408429');
INSERT INTO movie_cast (id, first_name, last_name, character_full_name, role, movie_id, created_at, updated_at) VALUES ('c693002c-c293-446d-9c03-82e6819c03e9', 'John', 'Williams', 'Character 1', 'lead', 'fd0a82f4-dc84-4cda-a263-7bbb4f75c9f4', '2026-01-20T11:14:01.408471', '2026-01-20T11:14:01.408471');
INSERT INTO movie_cast (id, first_name, last_name, character_full_name, role, movie_id, created_at, updated_at) VALUES ('67792049-bc94-4555-9645-d1afcbcff330', 'Emma', 'Smith', 'Character 2', 'cameo', 'fd0a82f4-dc84-4cda-a263-7bbb4f75c9f4', '2026-01-20T11:14:01.408505', '2026-01-20T11:14:01.408505');
INSERT INTO movie_cast (id, first_name, last_name, character_full_name, role, movie_id, created_at, updated_at) VALUES ('5e9e6124-a390-4bc7-b192-feb9d7d0ab98', 'Sarah', 'Brown', 'Character 3', 'cameo', 'fd0a82f4-dc84-4cda-a263-7bbb4f75c9f4', '2026-01-20T11:14:01.408538', '2026-01-20T11:14:01.408538');
INSERT INTO movie_cast (id, first_name, last_name, character_full_name, role, movie_id, created_at, updated_at) VALUES ('7f02a03c-a838-4b9f-90a2-66d57b9b4df6', 'David', 'Jones', 'Character 4', 'supporting', 'fd0a82f4-dc84-4cda-a263-7bbb4f75c9f4', '2026-01-20T11:14:01.408568', '2026-01-20T11:14:01.408568');
INSERT INTO movie_cast (id, first_name, last_name, character_full_name, role, movie_id, created_at, updated_at) VALUES ('1ef19882-6266-4bb6-8157-58da676cdb9c', 'Sarah', 'Jones', 'Character 5', 'cameo', 'fd0a82f4-dc84-4cda-a263-7bbb4f75c9f4', '2026-01-20T11:14:01.408599', '2026-01-20T11:14:01.408599');
INSERT INTO movie_cast (id, first_name, last_name, character_full_name, role, movie_id, created_at, updated_at) VALUES ('5d6970b3-346b-4af5-a6cf-4ad73344473b', 'Sarah', 'Jones', 'Character 1', 'cameo', '44e3e981-415e-4153-999a-c9f56a0871e4', '2026-01-20T11:14:01.408631', '2026-01-20T11:14:01.408631');
INSERT INTO movie_cast (id, first_name, last_name, character_full_name, role, movie_id, created_at, updated_at) VALUES ('c4324f01-ec0b-478a-aa3e-612b72259074', 'Sarah', 'Williams', 'Character 2', 'lead', '44e3e981-415e-4153-999a-c9f56a0871e4', '2026-01-20T11:14:01.408663', '2026-01-20T11:14:01.408663');
INSERT INTO movie_cast (id, first_name, last_name, character_full_name, role, movie_id, created_at, updated_at) VALUES ('03cf6a72-8625-46a4-8d4a-a87d995e1f27', 'Jane', 'Smith', 'Character 3', 'supporting', '44e3e981-415e-4153-999a-c9f56a0871e4', '2026-01-20T11:14:01.408699', '2026-01-20T11:14:01.408699');
INSERT INTO movie_cast (id, first_name, last_name, character_full_name, role, movie_id, created_at, updated_at) VALUES ('e4bb085a-c84e-4146-8621-67b38fa44846', 'Emma', 'Smith', 'Character 4', 'lead', '44e3e981-415e-4153-999a-c9f56a0871e4', '2026-01-20T11:14:01.408737', '2026-01-20T11:14:01.408737');
INSERT INTO movie_cast (id, first_name, last_name, character_full_name, role, movie_id, created_at, updated_at) VALUES ('a6aebce3-2921-4592-88d5-5dba8d1b2075', 'Jane', 'Smith', 'Character 5', 'cameo', '44e3e981-415e-4153-999a-c9f56a0871e4', '2026-01-20T11:14:01.408769', '2026-01-20T11:14:01.408769');
INSERT INTO movie_cast (id, first_name, last_name, character_full_name, role, movie_id, created_at, updated_at) VALUES ('1f586f1c-fba7-4009-a53b-377175792bac', 'Michael', 'Williams', 'Character 1', 'cameo', '8436333f-cb9f-410f-9ca1-6a8ea8a8fa58', '2026-01-20T11:14:01.408801', '2026-01-20T11:14:01.408801');
INSERT INTO movie_cast (id, first_name, last_name, character_full_name, role, movie_id, created_at, updated_at) VALUES ('6e663ffb-a44d-4e28-903b-8f579d8dfc13', 'Sarah', 'Johnson', 'Character 2', 'lead', '8436333f-cb9f-410f-9ca1-6a8ea8a8fa58', '2026-01-20T11:14:01.408832', '2026-01-20T11:14:01.408832');
INSERT INTO movie_cast (id, first_name, last_name, character_full_name, role, movie_id, created_at, updated_at) VALUES ('d48ce7fc-7ab3-4c78-82b8-ec6d2086f465', 'Sarah', 'Jones', 'Character 3', 'lead', '8436333f-cb9f-410f-9ca1-6a8ea8a8fa58', '2026-01-20T11:14:01.408862', '2026-01-20T11:14:01.408862');
INSERT INTO movie_cast (id, first_name, last_name, character_full_name, role, movie_id, created_at, updated_at) VALUES ('1110cf93-3cdb-4679-a56d-b4880c703ba8', 'Sarah', 'Brown', 'Character 4', 'lead', '8436333f-cb9f-410f-9ca1-6a8ea8a8fa58', '2026-01-20T11:14:01.408895', '2026-01-20T11:14:01.408895');
INSERT INTO movie_cast (id, first_name, last_name, character_full_name, role, movie_id, created_at, updated_at) VALUES ('9f1c3459-fdfb-4e5f-82cf-0c177223e073', 'Jane', 'Smith', 'Character 5', 'cameo', '8436333f-cb9f-410f-9ca1-6a8ea8a8fa58', '2026-01-20T11:14:01.408927', '2026-01-20T11:14:01.408927');
INSERT INTO movie_cast (id, first_name, last_name, character_full_name, role, movie_id, created_at, updated_at) VALUES ('6bd60c43-c8db-4244-9e2c-3a64e9a20370', 'Michael', 'Williams', 'Character 1', 'cameo', 'e445ae88-9e76-4c83-ad8b-3fd618558158', '2026-01-20T11:14:01.408962', '2026-01-20T11:14:01.408962');
INSERT INTO movie_cast (id, first_name, last_name, character_full_name, role, movie_id, created_at, updated_at) VALUES ('bad91766-38b6-47b0-ad99-ae58ecfb525e', 'David', 'Smith', 'Character 2', 'supporting', 'e445ae88-9e76-4c83-ad8b-3fd618558158', '2026-01-20T11:14:01.409000', '2026-01-20T11:14:01.409000');
INSERT INTO movie_cast (id, first_name, last_name, character_full_name, role, movie_id, created_at, updated_at) VALUES ('b2d234cc-5f5a-4134-8359-2e8514c9036b', 'David', 'Williams', 'Character 3', 'lead', 'e445ae88-9e76-4c83-ad8b-3fd618558158', '2026-01-20T11:14:01.409032', '2026-01-20T11:14:01.409032');
INSERT INTO movie_cast (id, first_name, last_name, character_full_name, role, movie_id, created_at, updated_at) VALUES ('356da641-0160-4925-a4d0-277a6d7f9b34', 'Emma', 'Smith', 'Character 4', 'cameo', 'e445ae88-9e76-4c83-ad8b-3fd618558158', '2026-01-20T11:14:01.409065', '2026-01-20T11:14:01.409065');
INSERT INTO movie_cast (id, first_name, last_name, character_full_name, role, movie_id, created_at, updated_at) VALUES ('0dab1a81-1cc3-4f3b-9fd7-5470245eb037', 'Michael', 'Williams', 'Character 5', 'lead', 'e445ae88-9e76-4c83-ad8b-3fd618558158', '2026-01-20T11:14:01.409097', '2026-01-20T11:14:01.409097');
INSERT INTO movie_cast (id, first_name, last_name, character_full_name, role, movie_id, created_at, updated_at) VALUES ('9e728c87-0257-4e46-a616-a80b0c57dd78', 'John', 'Brown', 'Character 1', 'supporting', '1b629656-55b6-4121-b0d4-9196e166412a', '2026-01-20T11:14:01.409176', '2026-01-20T11:14:01.409176');
INSERT INTO movie_cast (id, first_name, last_name, character_full_name, role, movie_id, created_at, updated_at) VALUES ('1f77767f-07ba-4076-a4b2-f78823821c08', 'Emma', 'Williams', 'Character 2', 'cameo', '1b629656-55b6-4121-b0d4-9196e166412a', '2026-01-20T11:14:01.409215', '2026-01-20T11:14:01.409215');
INSERT INTO movie_cast (id, first_name, last_name, character_full_name, role, movie_id, created_at, updated_at) VALUES ('d2aba822-4b91-4136-8ca0-f2874c7bedf9', 'Michael', 'Williams', 'Character 3', 'lead', '1b629656-55b6-4121-b0d4-9196e166412a', '2026-01-20T11:14:01.409251', '2026-01-20T11:14:01.409251');
INSERT INTO movie_cast (id, first_name, last_name, character_full_name, role, movie_id, created_at, updated_at) VALUES ('f6dcba88-1b4d-40f4-a2c2-24f316220112', 'David', 'Williams', 'Character 4', 'cameo', '1b629656-55b6-4121-b0d4-9196e166412a', '2026-01-20T11:14:01.409288', '2026-01-20T11:14:01.409288');
INSERT INTO movie_cast (id, first_name, last_name, character_full_name, role, movie_id, created_at, updated_at) VALUES ('1a52a9c9-a4d1-416c-b104-ecd67dbc3ef9', 'Emma', 'Johnson', 'Character 5', 'cameo', '1b629656-55b6-4121-b0d4-9196e166412a', '2026-01-20T11:14:01.409329', '2026-01-20T11:14:01.409329');
INSERT INTO movie_cast (id, first_name, last_name, character_full_name, role, movie_id, created_at, updated_at) VALUES ('0985054f-30bc-4c7a-9e94-dc868dcbf524', 'David', 'Brown', 'Character 1', 'lead', '7a405813-5d76-41bc-8cc6-001251d91056', '2026-01-20T11:14:01.409363', '2026-01-20T11:14:01.409363');
INSERT INTO movie_cast (id, first_name, last_name, character_full_name, role, movie_id, created_at, updated_at) VALUES ('cd34968d-4824-452f-8ced-8875d2185d01', 'Michael', 'Jones', 'Character 2', 'lead', '7a405813-5d76-41bc-8cc6-001251d91056', '2026-01-20T11:14:01.409393', '2026-01-20T11:14:01.409393');
INSERT INTO movie_cast (id, first_name, last_name, character_full_name, role, movie_id, created_at, updated_at) VALUES ('14ca473f-0548-4e16-8724-1bfbf39b2b1d', 'David', 'Smith', 'Character 3', 'cameo', '7a405813-5d76-41bc-8cc6-001251d91056', '2026-01-20T11:14:01.409421', '2026-01-20T11:14:01.409421');
INSERT INTO movie_cast (id, first_name, last_name, character_full_name, role, movie_id, created_at, updated_at) VALUES ('7972ec3b-d149-48ce-8313-5f9430f5696f', 'Emma', 'Smith', 'Character 4', 'supporting', '7a405813-5d76-41bc-8cc6-001251d91056', '2026-01-20T11:14:01.409450', '2026-01-20T11:14:01.409450');
INSERT INTO movie_cast (id, first_name, last_name, character_full_name, role, movie_id, created_at, updated_at) VALUES ('2da11269-9de3-414c-b5a9-cb16a212b955', 'Emma', 'Brown', 'Character 5', 'cameo', '7a405813-5d76-41bc-8cc6-001251d91056', '2026-01-20T11:14:01.409478', '2026-01-20T11:14:01.409478');
INSERT INTO movie_cast (id, first_name, last_name, character_full_name, role, movie_id, created_at, updated_at) VALUES ('89c52d60-00f7-44b1-a5b8-3565a921255c', 'Jane', 'Smith', 'Character 1', 'cameo', '9937270d-d29a-4e14-999e-8e398796c79f', '2026-01-20T11:14:01.409510', '2026-01-20T11:14:01.409510');
INSERT INTO movie_cast (id, first_name, last_name, character_full_name, role, movie_id, created_at, updated_at) VALUES ('541c8ddb-ed03-4d6f-9963-6a2342f0af60', 'Emma', 'Brown', 'Character 2', 'cameo', '9937270d-d29a-4e14-999e-8e398796c79f', '2026-01-20T11:14:01.409538', '2026-01-20T11:14:01.409538');
INSERT INTO movie_cast (id, first_name, last_name, character_full_name, role, movie_id, created_at, updated_at) VALUES ('31af5f6c-44ac-4ce4-bf8b-57398d8ddb0a', 'David', 'Johnson', 'Character 3', 'lead', '9937270d-d29a-4e14-999e-8e398796c79f', '2026-01-20T11:14:01.409572', '2026-01-20T11:14:01.409572');
INSERT INTO movie_cast (id, first_name, last_name, character_full_name, role, movie_id, created_at, updated_at) VALUES ('737200d6-0eaa-4961-b14b-ea4cd40899fe', 'Jane', 'Williams', 'Character 4', 'cameo', '9937270d-d29a-4e14-999e-8e398796c79f', '2026-01-20T11:14:01.409602', '2026-01-20T11:14:01.409602');
INSERT INTO movie_cast (id, first_name, last_name, character_full_name, role, movie_id, created_at, updated_at) VALUES ('879d0c82-2b04-4ecb-8a89-6870fae36115', 'Michael', 'Johnson', 'Character 5', 'cameo', '9937270d-d29a-4e14-999e-8e398796c79f', '2026-01-20T11:14:01.409630', '2026-01-20T11:14:01.409630');
INSERT INTO movie_cast (id, first_name, last_name, character_full_name, role, movie_id, created_at, updated_at) VALUES ('efc63696-f674-405d-8fc7-afaae859c6cd', 'Michael', 'Smith', 'Character 1', 'cameo', '12698516-94b6-4e5d-92e7-811318f40369', '2026-01-20T11:14:01.409661', '2026-01-20T11:14:01.409661');
INSERT INTO movie_cast (id, first_name, last_name, character_full_name, role, movie_id, created_at, updated_at) VALUES ('2134a240-65cd-42ba-9827-de5245a2f9e7', 'Michael', 'Johnson', 'Character 2', 'cameo', '12698516-94b6-4e5d-92e7-811318f40369', '2026-01-20T11:14:01.409691', '2026-01-20T11:14:01.409691');
INSERT INTO movie_cast (id, first_name, last_name, character_full_name, role, movie_id, created_at, updated_at) VALUES ('330ffabb-6029-4eed-baf7-d228f2f8b424', 'John', 'Johnson', 'Character 3', 'lead', '12698516-94b6-4e5d-92e7-811318f40369', '2026-01-20T11:14:01.409720', '2026-01-20T11:14:01.409720');
INSERT INTO movie_cast (id, first_name, last_name, character_full_name, role, movie_id, created_at, updated_at) VALUES ('4b3845d9-3da1-42bc-a3c5-2c18d4c29b28', 'John', 'Williams', 'Character 4', 'lead', '12698516-94b6-4e5d-92e7-811318f40369', '2026-01-20T11:14:01.409748', '2026-01-20T11:14:01.409748');
INSERT INTO movie_cast (id, first_name, last_name, character_full_name, role, movie_id, created_at, updated_at) VALUES ('68869740-92c9-4a8a-94c0-529d0cd2edbb', 'Jane', 'Jones', 'Character 5', 'supporting', '12698516-94b6-4e5d-92e7-811318f40369', '2026-01-20T11:14:01.409776', '2026-01-20T11:14:01.409776');
INSERT INTO movie_cast (id, first_name, last_name, character_full_name, role, movie_id, created_at, updated_at) VALUES ('dac8fdd0-13b6-466d-a0b4-b0a4331d644d', 'Michael', 'Brown', 'Character 1', 'lead', 'e5d8cf45-a867-4d2c-9d91-be00535a28cb', '2026-01-20T11:14:01.409812', '2026-01-20T11:14:01.409812');
INSERT INTO movie_cast (id, first_name, last_name, character_full_name, role, movie_id, created_at, updated_at) VALUES ('b641735e-ab57-407b-8d67-72f8d63730de', 'David', 'Brown', 'Character 2', 'lead', 'e5d8cf45-a867-4d2c-9d91-be00535a28cb', '2026-01-20T11:14:01.409842', '2026-01-20T11:14:01.409842');
INSERT INTO movie_cast (id, first_name, last_name, character_full_name, role, movie_id, created_at, updated_at) VALUES ('0db528b6-c0d1-44ca-abad-d5047fc1ed4e', 'Jane', 'Smith', 'Character 3', 'cameo', 'e5d8cf45-a867-4d2c-9d91-be00535a28cb', '2026-01-20T11:14:01.409871', '2026-01-20T11:14:01.409871');
INSERT INTO movie_cast (id, first_name, last_name, character_full_name, role, movie_id, created_at, updated_at) VALUES ('04d4e67c-c033-4fe8-8b3e-964082104149', 'David', 'Brown', 'Character 4', 'cameo', 'e5d8cf45-a867-4d2c-9d91-be00535a28cb', '2026-01-20T11:14:01.409899', '2026-01-20T11:14:01.409899');
INSERT INTO movie_cast (id, first_name, last_name, character_full_name, role, movie_id, created_at, updated_at) VALUES ('270cd958-19d9-4a33-80be-3bf9041c464b', 'Sarah', 'Brown', 'Character 5', 'cameo', 'e5d8cf45-a867-4d2c-9d91-be00535a28cb', '2026-01-20T11:14:01.409929', '2026-01-20T11:14:01.409929');
INSERT INTO movie_cast (id, first_name, last_name, character_full_name, role, movie_id, created_at, updated_at) VALUES ('7b60c8cb-4576-4d6c-b24f-5bc7a8510339', 'Emma', 'Williams', 'Character 1', 'lead', 'e5b47507-6974-44b8-b1c6-52ca9cb44c31', '2026-01-20T11:14:01.409961', '2026-01-20T11:14:01.409961');
INSERT INTO movie_cast (id, first_name, last_name, character_full_name, role, movie_id, created_at, updated_at) VALUES ('6c6d7622-94bc-48f2-84fa-338d299227de', 'Emma', 'Williams', 'Character 2', 'supporting', 'e5b47507-6974-44b8-b1c6-52ca9cb44c31', '2026-01-20T11:14:01.411969', '2026-01-20T11:14:01.411969');
INSERT INTO movie_cast (id, first_name, last_name, character_full_name, role, movie_id, created_at, updated_at) VALUES ('9ce121b8-731e-4bcc-b12a-d43b350c35d9', 'Michael', 'Williams', 'Character 3', 'supporting', 'e5b47507-6974-44b8-b1c6-52ca9cb44c31', '2026-01-20T11:14:01.412019', '2026-01-20T11:14:01.412019');
INSERT INTO movie_cast (id, first_name, last_name, character_full_name, role, movie_id, created_at, updated_at) VALUES ('2bf0c476-6277-44ef-af68-358bb3d3e104', 'John', 'Williams', 'Character 4', 'supporting', 'e5b47507-6974-44b8-b1c6-52ca9cb44c31', '2026-01-20T11:14:01.412070', '2026-01-20T11:14:01.412070');
INSERT INTO movie_cast (id, first_name, last_name, character_full_name, role, movie_id, created_at, updated_at) VALUES ('2eccd8e9-6fe1-45b5-aadc-c30d88bc449d', 'John', 'Smith', 'Character 5', 'supporting', 'e5b47507-6974-44b8-b1c6-52ca9cb44c31', '2026-01-20T11:14:01.412118', '2026-01-20T11:14:01.412118');
INSERT INTO movie_writers (id, first_name, last_name, movie_id, created_at, updated_at) VALUES ('002d1e0f-74ca-4b2a-8455-7b82ddf852f2', 'Mark', 'Moore', 'c3da61f0-5e2f-4f89-8690-c21ae5bc7c7a', '2026-01-20T11:14:01.420952', '2026-01-20T11:14:01.420952');
INSERT INTO movie_writers (id, first_name, last_name, movie_id, created_at, updated_at) VALUES ('9062cd8f-0ce6-4c1c-8bb9-522b99ec279a', 'Sophia', 'Clark', 'c3da61f0-5e2f-4f89-8690-c21ae5bc7c7a', '2026-01-20T11:14:01.421014', '2026-01-20T11:14:01.421014');
INSERT INTO movie_writers (id, first_name, last_name, movie_id, created_at, updated_at) VALUES ('929a3ebd-f079-426d-9cc9-b258f3eb28d4', 'Mark', 'Clark', '22a98542-1b7d-45e2-9133-eb382823d166', '2026-01-20T11:14:01.421062', '2026-01-20T11:14:01.421062');
INSERT INTO movie_writers (id, first_name, last_name, movie_id, created_at, updated_at) VALUES ('16411fbd-7d06-4f7a-bb26-9b18358964ff', 'Linda', 'Anderson', '22a98542-1b7d-45e2-9133-eb382823d166', '2026-01-20T11:14:01.421095', '2026-01-20T11:14:01.421095');
INSERT INTO movie_writers (id, first_name, last_name, movie_id, created_at, updated_at) VALUES ('94e334d5-b11d-4d62-8dc8-82c1c0c2cc30', 'Sophia', 'Taylor', '08c62620-f680-4048-9b27-037f80b48801', '2026-01-20T11:14:01.421141', '2026-01-20T11:14:01.421141');
INSERT INTO movie_writers (id, first_name, last_name, movie_id, created_at, updated_at) VALUES ('a4e3e546-e0ce-4466-8956-2c6de642c424', 'Sophia', 'Lewis', '08c62620-f680-4048-9b27-037f80b48801', '2026-01-20T11:14:01.421171', '2026-01-20T11:14:01.421171');
INSERT INTO movie_writers (id, first_name, last_name, movie_id, created_at, updated_at) VALUES ('0b984b2b-44b7-4d03-a62a-c3b3426f8dbb', 'Aaron', 'Anderson', '8f881293-d2c6-4917-bdb2-4194cef73768', '2026-01-20T11:14:01.421203', '2026-01-20T11:14:01.421203');
INSERT INTO movie_writers (id, first_name, last_name, movie_id, created_at, updated_at) VALUES ('0e3584d8-34f8-49c6-8f43-a3dcd2cc3dec', 'Mark', 'Moore', '8f881293-d2c6-4917-bdb2-4194cef73768', '2026-01-20T11:14:01.421231', '2026-01-20T11:14:01.421231');
INSERT INTO movie_writers (id, first_name, last_name, movie_id, created_at, updated_at) VALUES ('2f21d0c5-10b7-47e2-b2a1-ec8f1b53ac76', 'Aaron', 'Clark', 'dec51c20-5ed8-4a04-a8eb-0ffcecebeed3', '2026-01-20T11:14:01.421266', '2026-01-20T11:14:01.421266');
INSERT INTO movie_writers (id, first_name, last_name, movie_id, created_at, updated_at) VALUES ('9e52a274-84b6-4a82-b20c-0338a820892e', 'Linda', 'Moore', 'dec51c20-5ed8-4a04-a8eb-0ffcecebeed3', '2026-01-20T11:14:01.421294', '2026-01-20T11:14:01.421294');
INSERT INTO movie_writers (id, first_name, last_name, movie_id, created_at, updated_at) VALUES ('fa4c5a83-bc9d-4a47-bfe9-c8bb2b51bec5', 'Mark', 'Anderson', '1dbc238f-7dac-4a72-a3ec-2c2e3f3a8a10', '2026-01-20T11:14:01.421324', '2026-01-20T11:14:01.421324');
INSERT INTO movie_writers (id, first_name, last_name, movie_id, created_at, updated_at) VALUES ('8ea35915-f30b-46d3-b0ce-0cbfe091c2e6', 'Mark', 'Taylor', '1dbc238f-7dac-4a72-a3ec-2c2e3f3a8a10', '2026-01-20T11:14:01.421429', '2026-01-20T11:14:01.421429');
INSERT INTO movie_writers (id, first_name, last_name, movie_id, created_at, updated_at) VALUES ('b7ebd61d-2a2b-4cd5-8d5f-7bafecf6820e', 'Mark', 'Anderson', '72b77469-7e69-4b02-9fef-6afa7410667c', '2026-01-20T11:14:01.421463', '2026-01-20T11:14:01.421463');
INSERT INTO movie_writers (id, first_name, last_name, movie_id, created_at, updated_at) VALUES ('66d1d2ab-931b-4c4b-ae27-8e323eaa0eae', 'Chris', 'Anderson', '72b77469-7e69-4b02-9fef-6afa7410667c', '2026-01-20T11:14:01.421492', '2026-01-20T11:14:01.421492');
INSERT INTO movie_writers (id, first_name, last_name, movie_id, created_at, updated_at) VALUES ('9c339a0f-af21-4ed9-a04e-adf8dbe68335', 'Sophia', 'Lewis', '55c5b780-ceba-4a87-8676-84b071c68fb0', '2026-01-20T11:14:01.421523', '2026-01-20T11:14:01.421523');
INSERT INTO movie_writers (id, first_name, last_name, movie_id, created_at, updated_at) VALUES ('1d7bae90-31e5-4991-bcaf-7703219fa3f0', 'Linda', 'Lewis', '55c5b780-ceba-4a87-8676-84b071c68fb0', '2026-01-20T11:14:01.421561', '2026-01-20T11:14:01.421561');
INSERT INTO movie_writers (id, first_name, last_name, movie_id, created_at, updated_at) VALUES ('3c3fe5bd-c219-4842-8b7e-ad3d1982cf4d', 'Linda', 'Taylor', '208c4777-d1e8-49da-9e6c-a5a372dcd8e7', '2026-01-20T11:14:01.421602', '2026-01-20T11:14:01.421602');
INSERT INTO movie_writers (id, first_name, last_name, movie_id, created_at, updated_at) VALUES ('48743f92-8067-4d0a-80e3-273fb6f8bbfa', 'Aaron', 'Clark', '208c4777-d1e8-49da-9e6c-a5a372dcd8e7', '2026-01-20T11:14:01.421631', '2026-01-20T11:14:01.421631');
INSERT INTO movie_writers (id, first_name, last_name, movie_id, created_at, updated_at) VALUES ('d1907542-307f-48cc-9e96-adffd5cce33b', 'Sophia', 'Clark', '4006cfa0-f772-40d5-b61a-347168f9716e', '2026-01-20T11:14:01.421664', '2026-01-20T11:14:01.421664');
INSERT INTO movie_writers (id, first_name, last_name, movie_id, created_at, updated_at) VALUES ('9d61312d-3ed1-4b25-ace7-0533c698cfe9', 'Sophia', 'Anderson', '4006cfa0-f772-40d5-b61a-347168f9716e', '2026-01-20T11:14:01.421695', '2026-01-20T11:14:01.421695');
INSERT INTO movie_writers (id, first_name, last_name, movie_id, created_at, updated_at) VALUES ('364190ff-1083-4ba4-a016-016a66eda4d6', 'Linda', 'Clark', '138a3e2f-0dd2-4f67-adaf-0512aaf5e481', '2026-01-20T11:14:01.421727', '2026-01-20T11:14:01.421727');
INSERT INTO movie_writers (id, first_name, last_name, movie_id, created_at, updated_at) VALUES ('1a8b64bd-5c8a-472f-99d1-2f4a676dada0', 'Aaron', 'Taylor', '138a3e2f-0dd2-4f67-adaf-0512aaf5e481', '2026-01-20T11:14:01.421758', '2026-01-20T11:14:01.421758');
INSERT INTO movie_writers (id, first_name, last_name, movie_id, created_at, updated_at) VALUES ('9bc53d24-d04f-424e-ac0f-625a4095a3de', 'Aaron', 'Lewis', 'fd0a82f4-dc84-4cda-a263-7bbb4f75c9f4', '2026-01-20T11:14:01.421792', '2026-01-20T11:14:01.421792');
INSERT INTO movie_writers (id, first_name, last_name, movie_id, created_at, updated_at) VALUES ('c4081835-82fc-4f4f-b3d7-dedb282287f1', 'Chris', 'Clark', 'fd0a82f4-dc84-4cda-a263-7bbb4f75c9f4', '2026-01-20T11:14:01.421828', '2026-01-20T11:14:01.421828');
INSERT INTO movie_writers (id, first_name, last_name, movie_id, created_at, updated_at) VALUES ('874a1807-40f9-41b5-b9b5-60a4dd78a206', 'Aaron', 'Taylor', '44e3e981-415e-4153-999a-c9f56a0871e4', '2026-01-20T11:14:01.421869', '2026-01-20T11:14:01.421869');
INSERT INTO movie_writers (id, first_name, last_name, movie_id, created_at, updated_at) VALUES ('57af23a8-0ade-4d32-baf6-adfa32b89e4a', 'Sophia', 'Clark', '44e3e981-415e-4153-999a-c9f56a0871e4', '2026-01-20T11:14:01.421908', '2026-01-20T11:14:01.421908');
INSERT INTO movie_writers (id, first_name, last_name, movie_id, created_at, updated_at) VALUES ('9151b476-c45c-4a47-937f-108f96e778a2', 'Mark', 'Lewis', '8436333f-cb9f-410f-9ca1-6a8ea8a8fa58', '2026-01-20T11:14:01.421948', '2026-01-20T11:14:01.421948');
INSERT INTO movie_writers (id, first_name, last_name, movie_id, created_at, updated_at) VALUES ('7f26afe0-d0b6-45e5-af85-657999bf58f7', 'Chris', 'Anderson', '8436333f-cb9f-410f-9ca1-6a8ea8a8fa58', '2026-01-20T11:14:01.421991', '2026-01-20T11:14:01.421991');
INSERT INTO movie_writers (id, first_name, last_name, movie_id, created_at, updated_at) VALUES ('f76d3649-292b-4916-a405-150bcd098df1', 'Linda', 'Anderson', 'e445ae88-9e76-4c83-ad8b-3fd618558158', '2026-01-20T11:14:01.422024', '2026-01-20T11:14:01.422024');
INSERT INTO movie_writers (id, first_name, last_name, movie_id, created_at, updated_at) VALUES ('2dc1eaee-7b62-4956-8846-3dc47c023c22', 'Linda', 'Moore', 'e445ae88-9e76-4c83-ad8b-3fd618558158', '2026-01-20T11:14:01.422053', '2026-01-20T11:14:01.422053');
INSERT INTO movie_writers (id, first_name, last_name, movie_id, created_at, updated_at) VALUES ('6caa5871-1638-4f6f-9b7e-a5273bada09d', 'Sophia', 'Taylor', '1b629656-55b6-4121-b0d4-9196e166412a', '2026-01-20T11:14:01.422082', '2026-01-20T11:14:01.422082');
INSERT INTO movie_writers (id, first_name, last_name, movie_id, created_at, updated_at) VALUES ('fe3a70a8-2fe3-4ba0-b2db-fa4db4f12b8a', 'Chris', 'Lewis', '1b629656-55b6-4121-b0d4-9196e166412a', '2026-01-20T11:14:01.422157', '2026-01-20T11:14:01.422157');
INSERT INTO movie_writers (id, first_name, last_name, movie_id, created_at, updated_at) VALUES ('5dfdcd2c-7030-4e70-a299-9e5442bd2529', 'Aaron', 'Taylor', '7a405813-5d76-41bc-8cc6-001251d91056', '2026-01-20T11:14:01.422236', '2026-01-20T11:14:01.422236');
INSERT INTO movie_writers (id, first_name, last_name, movie_id, created_at, updated_at) VALUES ('eb69172d-7b13-4b7b-b473-ce84f9bd61d9', 'Mark', 'Anderson', '7a405813-5d76-41bc-8cc6-001251d91056', '2026-01-20T11:14:01.422267', '2026-01-20T11:14:01.422267');
INSERT INTO movie_writers (id, first_name, last_name, movie_id, created_at, updated_at) VALUES ('746b2487-93cf-434a-b809-fcdfebe6407d', 'Aaron', 'Moore', '9937270d-d29a-4e14-999e-8e398796c79f', '2026-01-20T11:14:01.422300', '2026-01-20T11:14:01.422300');
INSERT INTO movie_writers (id, first_name, last_name, movie_id, created_at, updated_at) VALUES ('5044ba72-6b28-40a3-bb0e-daa55edde977', 'Sophia', 'Lewis', '9937270d-d29a-4e14-999e-8e398796c79f', '2026-01-20T11:14:01.422330', '2026-01-20T11:14:01.422330');
INSERT INTO movie_writers (id, first_name, last_name, movie_id, created_at, updated_at) VALUES ('ed7819f2-129e-4464-bf1f-6b2dcfc7f6b3', 'Chris', 'Anderson', '12698516-94b6-4e5d-92e7-811318f40369', '2026-01-20T11:14:01.422361', '2026-01-20T11:14:01.422361');
INSERT INTO movie_writers (id, first_name, last_name, movie_id, created_at, updated_at) VALUES ('a7f07273-30f9-430f-94aa-133543e7ecaf', 'Aaron', 'Moore', '12698516-94b6-4e5d-92e7-811318f40369', '2026-01-20T11:14:01.422424', '2026-01-20T11:14:01.422424');
INSERT INTO movie_writers (id, first_name, last_name, movie_id, created_at, updated_at) VALUES ('039eab94-e449-41b6-8828-d4b4d8e37182', 'Mark', 'Lewis', 'e5d8cf45-a867-4d2c-9d91-be00535a28cb', '2026-01-20T11:14:01.422466', '2026-01-20T11:14:01.422466');
INSERT INTO movie_writers (id, first_name, last_name, movie_id, created_at, updated_at) VALUES ('8245a92d-0a81-4dcd-a9cd-0fe725736155', 'Sophia', 'Taylor', 'e5d8cf45-a867-4d2c-9d91-be00535a28cb', '2026-01-20T11:14:01.422498', '2026-01-20T11:14:01.422498');
INSERT INTO movie_writers (id, first_name, last_name, movie_id, created_at, updated_at) VALUES ('00cc31f7-5ea0-4f15-a3b9-3e5ff1775c5c', 'Sophia', 'Anderson', 'e5b47507-6974-44b8-b1c6-52ca9cb44c31', '2026-01-20T11:14:01.422536', '2026-01-20T11:14:01.422536');
INSERT INTO movie_writers (id, first_name, last_name, movie_id, created_at, updated_at) VALUES ('42e44bd3-5ec1-48b0-8f14-54254a9acc3d', 'Aaron', 'Anderson', 'e5b47507-6974-44b8-b1c6-52ca9cb44c31', '2026-01-20T11:14:01.422566', '2026-01-20T11:14:01.422566');
INSERT INTO movie_ratings (id, source, value, movie_id, created_at, updated_at) VALUES ('0e3017f4-3231-498a-bdb7-4612d80a92ed', 'imdb', 9.0, 'c3da61f0-5e2f-4f89-8690-c21ae5bc7c7a', '2026-01-20T11:14:01.423878', '2026-01-20T11:14:01.423878');
INSERT INTO movie_ratings (id, source, value, movie_id, created_at, updated_at) VALUES ('57164024-8aaa-42a7-80d7-d0053eb8aac6', 'rotten_tomatoes', 7.9, 'c3da61f0-5e2f-4f89-8690-c21ae5bc7c7a', '2026-01-20T11:14:01.423941', '2026-01-20T11:14:01.423941');
INSERT INTO movie_ratings (id, source, value, movie_id, created_at, updated_at) VALUES ('0aaa96eb-53e3-45f7-ab97-df0b458ed68b', 'imdb', 6.5, '22a98542-1b7d-45e2-9133-eb382823d166', '2026-01-20T11:14:01.423985', '2026-01-20T11:14:01.423985');
INSERT INTO movie_ratings (id, source, value, movie_id, created_at, updated_at) VALUES ('f5260dbc-6c10-4539-aa3e-3d360c85fe2e', 'rotten_tomatoes', 6.1, '22a98542-1b7d-45e2-9133-eb382823d166', '2026-01-20T11:14:01.424020', '2026-01-20T11:14:01.424020');
INSERT INTO movie_ratings (id, source, value, movie_id, created_at, updated_at) VALUES ('5e4fd3b8-4d76-4016-911f-35122d51bf8b', 'imdb', 7.3, '08c62620-f680-4048-9b27-037f80b48801', '2026-01-20T11:14:01.424055', '2026-01-20T11:14:01.424055');
INSERT INTO movie_ratings (id, source, value, movie_id, created_at, updated_at) VALUES ('7f7fd3d6-9c38-4d4d-a801-e95e2d2fee86', 'rotten_tomatoes', 8.5, '08c62620-f680-4048-9b27-037f80b48801', '2026-01-20T11:14:01.424087', '2026-01-20T11:14:01.424087');
INSERT INTO movie_ratings (id, source, value, movie_id, created_at, updated_at) VALUES ('49a68fd9-2c6f-4721-99d3-9640b8356939', 'imdb', 9.4, '8f881293-d2c6-4917-bdb2-4194cef73768', '2026-01-20T11:14:01.424134', '2026-01-20T11:14:01.424134');
INSERT INTO movie_ratings (id, source, value, movie_id, created_at, updated_at) VALUES ('bd5a3fc2-7058-4394-800d-70397b627293', 'rotten_tomatoes', 8.3, '8f881293-d2c6-4917-bdb2-4194cef73768', '2026-01-20T11:14:01.424167', '2026-01-20T11:14:01.424167');
INSERT INTO movie_ratings (id, source, value, movie_id, created_at, updated_at) VALUES ('a3fd2dd1-bbbb-4bbc-81c7-b80bc9192768', 'imdb', 8.9, 'dec51c20-5ed8-4a04-a8eb-0ffcecebeed3', '2026-01-20T11:14:01.424204', '2026-01-20T11:14:01.424204');
INSERT INTO movie_ratings (id, source, value, movie_id, created_at, updated_at) VALUES ('33037328-5638-4cf4-bb2a-1df12af761f5', 'rotten_tomatoes', 6.3, 'dec51c20-5ed8-4a04-a8eb-0ffcecebeed3', '2026-01-20T11:14:01.424235', '2026-01-20T11:14:01.424235');
INSERT INTO movie_ratings (id, source, value, movie_id, created_at, updated_at) VALUES ('cdb69245-ac50-4bfe-b220-2c25981f6cdd', 'imdb', 8.1, '1dbc238f-7dac-4a72-a3ec-2c2e3f3a8a10', '2026-01-20T11:14:01.424266', '2026-01-20T11:14:01.424266');
INSERT INTO movie_ratings (id, source, value, movie_id, created_at, updated_at) VALUES ('52462567-3dfc-4be8-bbc1-fd274b87119a', 'rotten_tomatoes', 7.2, '1dbc238f-7dac-4a72-a3ec-2c2e3f3a8a10', '2026-01-20T11:14:01.424297', '2026-01-20T11:14:01.424297');
INSERT INTO movie_ratings (id, source, value, movie_id, created_at, updated_at) VALUES ('0c7b16eb-a8d9-4dff-ba15-c0bc4cd188ba', 'imdb', 7.9, '72b77469-7e69-4b02-9fef-6afa7410667c', '2026-01-20T11:14:01.424330', '2026-01-20T11:14:01.424330');
INSERT INTO movie_ratings (id, source, value, movie_id, created_at, updated_at) VALUES ('faa58f00-03e8-410f-bc3a-3bc8dfab2586', 'rotten_tomatoes', 7.1, '72b77469-7e69-4b02-9fef-6afa7410667c', '2026-01-20T11:14:01.424360', '2026-01-20T11:14:01.424360');
INSERT INTO movie_ratings (id, source, value, movie_id, created_at, updated_at) VALUES ('d53187a8-920e-4175-b90c-951eabf39a09', 'imdb', 6.4, '55c5b780-ceba-4a87-8676-84b071c68fb0', '2026-01-20T11:14:01.424390', '2026-01-20T11:14:01.424390');
INSERT INTO movie_ratings (id, source, value, movie_id, created_at, updated_at) VALUES ('ff4c1426-cff6-4cdb-b776-d9a8776b56dc', 'rotten_tomatoes', 8.6, '55c5b780-ceba-4a87-8676-84b071c68fb0', '2026-01-20T11:14:01.424421', '2026-01-20T11:14:01.424421');
INSERT INTO movie_ratings (id, source, value, movie_id, created_at, updated_at) VALUES ('4018b211-c64f-4fbc-b8e0-3fbea8ec9a20', 'imdb', 8.1, '208c4777-d1e8-49da-9e6c-a5a372dcd8e7', '2026-01-20T11:14:01.424491', '2026-01-20T11:14:01.424491');
INSERT INTO movie_ratings (id, source, value, movie_id, created_at, updated_at) VALUES ('64268a71-c223-469e-bf42-6a4b6eec2844', 'rotten_tomatoes', 9.4, '208c4777-d1e8-49da-9e6c-a5a372dcd8e7', '2026-01-20T11:14:01.424521', '2026-01-20T11:14:01.424521');
INSERT INTO movie_ratings (id, source, value, movie_id, created_at, updated_at) VALUES ('71cb80ae-e776-43d4-94a0-29917a452345', 'imdb', 8.3, '4006cfa0-f772-40d5-b61a-347168f9716e', '2026-01-20T11:14:01.424552', '2026-01-20T11:14:01.424552');
INSERT INTO movie_ratings (id, source, value, movie_id, created_at, updated_at) VALUES ('04167f5a-f43e-41aa-9cf7-521cc8969908', 'rotten_tomatoes', 9.0, '4006cfa0-f772-40d5-b61a-347168f9716e', '2026-01-20T11:14:01.424583', '2026-01-20T11:14:01.424583');
INSERT INTO movie_ratings (id, source, value, movie_id, created_at, updated_at) VALUES ('2990569a-4fd4-4701-9b91-972b9798133d', 'imdb', 6.6, '138a3e2f-0dd2-4f67-adaf-0512aaf5e481', '2026-01-20T11:14:01.424613', '2026-01-20T11:14:01.424613');
INSERT INTO movie_ratings (id, source, value, movie_id, created_at, updated_at) VALUES ('eb00f94d-b4bb-43ab-b7ad-6a6fc628c009', 'rotten_tomatoes', 7.2, '138a3e2f-0dd2-4f67-adaf-0512aaf5e481', '2026-01-20T11:14:01.424663', '2026-01-20T11:14:01.424663');
INSERT INTO movie_ratings (id, source, value, movie_id, created_at, updated_at) VALUES ('7777d6f2-e213-4516-884b-088adbf479d1', 'imdb', 8.7, 'fd0a82f4-dc84-4cda-a263-7bbb4f75c9f4', '2026-01-20T11:14:01.424696', '2026-01-20T11:14:01.424696');
INSERT INTO movie_ratings (id, source, value, movie_id, created_at, updated_at) VALUES ('22cabb7c-9fb8-4227-8261-844205c5f464', 'rotten_tomatoes', 8.2, 'fd0a82f4-dc84-4cda-a263-7bbb4f75c9f4', '2026-01-20T11:14:01.424726', '2026-01-20T11:14:01.424726');
INSERT INTO movie_ratings (id, source, value, movie_id, created_at, updated_at) VALUES ('3b7b62ef-43a3-489a-bc73-d4d453c51010', 'imdb', 7.4, '44e3e981-415e-4153-999a-c9f56a0871e4', '2026-01-20T11:14:01.424762', '2026-01-20T11:14:01.424762');
INSERT INTO movie_ratings (id, source, value, movie_id, created_at, updated_at) VALUES ('cf20bc5f-bed1-4fab-ba05-7b07c286426f', 'rotten_tomatoes', 6.1, '44e3e981-415e-4153-999a-c9f56a0871e4', '2026-01-20T11:14:01.424793', '2026-01-20T11:14:01.424793');
INSERT INTO movie_ratings (id, source, value, movie_id, created_at, updated_at) VALUES ('c7a14293-e83e-4875-8c8e-96a1fd570d0a', 'imdb', 8.1, '8436333f-cb9f-410f-9ca1-6a8ea8a8fa58', '2026-01-20T11:14:01.424825', '2026-01-20T11:14:01.424825');
INSERT INTO movie_ratings (id, source, value, movie_id, created_at, updated_at) VALUES ('74d40a64-5fb7-44cb-8ea8-3669735aa2b7', 'rotten_tomatoes', 7.9, '8436333f-cb9f-410f-9ca1-6a8ea8a8fa58', '2026-01-20T11:14:01.424855', '2026-01-20T11:14:01.424855');
INSERT INTO movie_ratings (id, source, value, movie_id, created_at, updated_at) VALUES ('9538a504-7410-41ff-8557-c076066f5a59', 'imdb', 7.7, 'e445ae88-9e76-4c83-ad8b-3fd618558158', '2026-01-20T11:14:01.424886', '2026-01-20T11:14:01.424886');
INSERT INTO movie_ratings (id, source, value, movie_id, created_at, updated_at) VALUES ('b33fd03d-a247-4197-ac55-66ba611b8a96', 'rotten_tomatoes', 6.3, 'e445ae88-9e76-4c83-ad8b-3fd618558158', '2026-01-20T11:14:01.424916', '2026-01-20T11:14:01.424916');
INSERT INTO movie_ratings (id, source, value, movie_id, created_at, updated_at) VALUES ('ca7dfbd3-20c4-4f75-ba9f-7f092ffab592', 'imdb', 7.3, '1b629656-55b6-4121-b0d4-9196e166412a', '2026-01-20T11:14:01.424947', '2026-01-20T11:14:01.424947');
INSERT INTO movie_ratings (id, source, value, movie_id, created_at, updated_at) VALUES ('78849a97-33f4-4c4d-a6fb-5d2c21bdded4', 'rotten_tomatoes', 8.7, '1b629656-55b6-4121-b0d4-9196e166412a', '2026-01-20T11:14:01.424976', '2026-01-20T11:14:01.424976');
INSERT INTO movie_ratings (id, source, value, movie_id, created_at, updated_at) VALUES ('37ff6ab3-b3a5-47ca-9ff1-a260fb8eebf9', 'imdb', 7.0, '7a405813-5d76-41bc-8cc6-001251d91056', '2026-01-20T11:14:01.425011', '2026-01-20T11:14:01.425011');
INSERT INTO movie_ratings (id, source, value, movie_id, created_at, updated_at) VALUES ('d8f732c8-8dce-4fbe-a73e-0cc356d3369b', 'rotten_tomatoes', 6.5, '7a405813-5d76-41bc-8cc6-001251d91056', '2026-01-20T11:14:01.425040', '2026-01-20T11:14:01.425040');
INSERT INTO movie_ratings (id, source, value, movie_id, created_at, updated_at) VALUES ('d2b3c78a-71a2-451d-bc6d-1a0e28c53eac', 'imdb', 6.8, '9937270d-d29a-4e14-999e-8e398796c79f', '2026-01-20T11:14:01.425071', '2026-01-20T11:14:01.425071');
INSERT INTO movie_ratings (id, source, value, movie_id, created_at, updated_at) VALUES ('8fbd729c-d835-4306-8090-1d274f9c43e1', 'rotten_tomatoes', 6.4, '9937270d-d29a-4e14-999e-8e398796c79f', '2026-01-20T11:14:01.425102', '2026-01-20T11:14:01.425102');
INSERT INTO movie_ratings (id, source, value, movie_id, created_at, updated_at) VALUES ('af15e5b5-a7c9-45b6-86e5-1f6ed96326b1', 'imdb', 8.1, '12698516-94b6-4e5d-92e7-811318f40369', '2026-01-20T11:14:01.425146', '2026-01-20T11:14:01.425146');
INSERT INTO movie_ratings (id, source, value, movie_id, created_at, updated_at) VALUES ('681e0bb0-f9b5-4d4a-88f6-ddffab404a6c', 'rotten_tomatoes', 6.5, '12698516-94b6-4e5d-92e7-811318f40369', '2026-01-20T11:14:01.425217', '2026-01-20T11:14:01.425217');
INSERT INTO movie_ratings (id, source, value, movie_id, created_at, updated_at) VALUES ('1951fa14-b41c-46b0-a2ac-adc8ce57ed0b', 'imdb', 6.3, 'e5d8cf45-a867-4d2c-9d91-be00535a28cb', '2026-01-20T11:14:01.425255', '2026-01-20T11:14:01.425255');
INSERT INTO movie_ratings (id, source, value, movie_id, created_at, updated_at) VALUES ('d7ba0446-f253-48d3-851a-ff9e3957d325', 'rotten_tomatoes', 8.6, 'e5d8cf45-a867-4d2c-9d91-be00535a28cb', '2026-01-20T11:14:01.425286', '2026-01-20T11:14:01.425286');
INSERT INTO movie_ratings (id, source, value, movie_id, created_at, updated_at) VALUES ('dafa39ef-411b-45f3-ac39-6938544e2df3', 'imdb', 9.4, 'e5b47507-6974-44b8-b1c6-52ca9cb44c31', '2026-01-20T11:14:01.425317', '2026-01-20T11:14:01.425317');
INSERT INTO movie_ratings (id, source, value, movie_id, created_at, updated_at) VALUES ('5a2e1afc-fe7b-469c-bb51-7e6a696cca43', 'rotten_tomatoes', 8.1, 'e5b47507-6974-44b8-b1c6-52ca9cb44c31', '2026-01-20T11:14:01.425352', '2026-01-20T11:14:01.425352');
INSERT INTO movie_genres (movie_id, genre_id) VALUES ('c3da61f0-5e2f-4f89-8690-c21ae5bc7c7a', '5ece62f9-d126-41bf-ad4c-65433fdf6609');
INSERT INTO movie_genres (movie_id, genre_id) VALUES ('c3da61f0-5e2f-4f89-8690-c21ae5bc7c7a', '6998d2c5-c9e8-4cae-90e9-60c75772bb3d');
INSERT INTO movie_genres (movie_id, genre_id) VALUES ('c3da61f0-5e2f-4f89-8690-c21ae5bc7c7a', 'f6ce9c4e-5fee-4f6f-bc0d-641b98c1664a');
INSERT INTO movie_genres (movie_id, genre_id) VALUES ('c3da61f0-5e2f-4f89-8690-c21ae5bc7c7a', '0cbc6b22-4090-4252-92c4-1c41cc2d9234');
INSERT INTO movie_genres (movie_id, genre_id) VALUES ('22a98542-1b7d-45e2-9133-eb382823d166', '0cbc6b22-4090-4252-92c4-1c41cc2d9234');
INSERT INTO movie_genres (movie_id, genre_id) VALUES ('22a98542-1b7d-45e2-9133-eb382823d166', '6998d2c5-c9e8-4cae-90e9-60c75772bb3d');
INSERT INTO movie_genres (movie_id, genre_id) VALUES ('22a98542-1b7d-45e2-9133-eb382823d166', 'f6ce9c4e-5fee-4f6f-bc0d-641b98c1664a');
INSERT INTO movie_genres (movie_id, genre_id) VALUES ('08c62620-f680-4048-9b27-037f80b48801', '036b4dfd-158c-475b-81ce-f23a1a18e3b7');
INSERT INTO movie_genres (movie_id, genre_id) VALUES ('08c62620-f680-4048-9b27-037f80b48801', 'a7839b2c-971c-47e0-944e-18f4f1437091');
INSERT INTO movie_genres (movie_id, genre_id) VALUES ('8f881293-d2c6-4917-bdb2-4194cef73768', '0cbc6b22-4090-4252-92c4-1c41cc2d9234');
INSERT INTO movie_genres (movie_id, genre_id) VALUES ('8f881293-d2c6-4917-bdb2-4194cef73768', '5ece62f9-d126-41bf-ad4c-65433fdf6609');
INSERT INTO movie_genres (movie_id, genre_id) VALUES ('8f881293-d2c6-4917-bdb2-4194cef73768', '9033e146-6e11-4697-b15a-c58f835aae55');
INSERT INTO movie_genres (movie_id, genre_id) VALUES ('dec51c20-5ed8-4a04-a8eb-0ffcecebeed3', '0cbc6b22-4090-4252-92c4-1c41cc2d9234');
INSERT INTO movie_genres (movie_id, genre_id) VALUES ('dec51c20-5ed8-4a04-a8eb-0ffcecebeed3', '6998d2c5-c9e8-4cae-90e9-60c75772bb3d');
INSERT INTO movie_genres (movie_id, genre_id) VALUES ('1dbc238f-7dac-4a72-a3ec-2c2e3f3a8a10', '0cbc6b22-4090-4252-92c4-1c41cc2d9234');
INSERT INTO movie_genres (movie_id, genre_id) VALUES ('1dbc238f-7dac-4a72-a3ec-2c2e3f3a8a10', 'a7839b2c-971c-47e0-944e-18f4f1437091');
INSERT INTO movie_genres (movie_id, genre_id) VALUES ('72b77469-7e69-4b02-9fef-6afa7410667c', 'a7839b2c-971c-47e0-944e-18f4f1437091');
INSERT INTO movie_genres (movie_id, genre_id) VALUES ('72b77469-7e69-4b02-9fef-6afa7410667c', '25d0e0bb-ddf6-4196-9dbf-901e7136a48b');
INSERT INTO movie_genres (movie_id, genre_id) VALUES ('72b77469-7e69-4b02-9fef-6afa7410667c', '833bb2a4-40cb-4f8c-a579-9cada2ac80ae');
INSERT INTO movie_genres (movie_id, genre_id) VALUES ('55c5b780-ceba-4a87-8676-84b071c68fb0', 'e428ee60-f360-4d56-a8c1-25ca60f3c059');
INSERT INTO movie_genres (movie_id, genre_id) VALUES ('55c5b780-ceba-4a87-8676-84b071c68fb0', 'f6ce9c4e-5fee-4f6f-bc0d-641b98c1664a');
INSERT INTO movie_genres (movie_id, genre_id) VALUES ('55c5b780-ceba-4a87-8676-84b071c68fb0', '036b4dfd-158c-475b-81ce-f23a1a18e3b7');
INSERT INTO movie_genres (movie_id, genre_id) VALUES ('208c4777-d1e8-49da-9e6c-a5a372dcd8e7', '0cbc6b22-4090-4252-92c4-1c41cc2d9234');
INSERT INTO movie_genres (movie_id, genre_id) VALUES ('208c4777-d1e8-49da-9e6c-a5a372dcd8e7', '6998d2c5-c9e8-4cae-90e9-60c75772bb3d');
INSERT INTO movie_genres (movie_id, genre_id) VALUES ('208c4777-d1e8-49da-9e6c-a5a372dcd8e7', '5ece62f9-d126-41bf-ad4c-65433fdf6609');
INSERT INTO movie_genres (movie_id, genre_id) VALUES ('4006cfa0-f772-40d5-b61a-347168f9716e', 'a7839b2c-971c-47e0-944e-18f4f1437091');
INSERT INTO movie_genres (movie_id, genre_id) VALUES ('4006cfa0-f772-40d5-b61a-347168f9716e', '25d0e0bb-ddf6-4196-9dbf-901e7136a48b');
INSERT INTO movie_genres (movie_id, genre_id) VALUES ('4006cfa0-f772-40d5-b61a-347168f9716e', '5ece62f9-d126-41bf-ad4c-65433fdf6609');
INSERT INTO movie_genres (movie_id, genre_id) VALUES ('138a3e2f-0dd2-4f67-adaf-0512aaf5e481', '6998d2c5-c9e8-4cae-90e9-60c75772bb3d');
INSERT INTO movie_genres (movie_id, genre_id) VALUES ('138a3e2f-0dd2-4f67-adaf-0512aaf5e481', 'e428ee60-f360-4d56-a8c1-25ca60f3c059');
INSERT INTO movie_genres (movie_id, genre_id) VALUES ('138a3e2f-0dd2-4f67-adaf-0512aaf5e481', '0cbc6b22-4090-4252-92c4-1c41cc2d9234');
INSERT INTO movie_genres (movie_id, genre_id) VALUES ('fd0a82f4-dc84-4cda-a263-7bbb4f75c9f4', '6998d2c5-c9e8-4cae-90e9-60c75772bb3d');
INSERT INTO movie_genres (movie_id, genre_id) VALUES ('fd0a82f4-dc84-4cda-a263-7bbb4f75c9f4', 'f6ce9c4e-5fee-4f6f-bc0d-641b98c1664a');
INSERT INTO movie_genres (movie_id, genre_id) VALUES ('44e3e981-415e-4153-999a-c9f56a0871e4', 'e428ee60-f360-4d56-a8c1-25ca60f3c059');
INSERT INTO movie_genres (movie_id, genre_id) VALUES ('44e3e981-415e-4153-999a-c9f56a0871e4', '25d0e0bb-ddf6-4196-9dbf-901e7136a48b');
INSERT INTO movie_genres (movie_id, genre_id) VALUES ('8436333f-cb9f-410f-9ca1-6a8ea8a8fa58', '5ece62f9-d126-41bf-ad4c-65433fdf6609');
INSERT INTO movie_genres (movie_id, genre_id) VALUES ('8436333f-cb9f-410f-9ca1-6a8ea8a8fa58', '0cbc6b22-4090-4252-92c4-1c41cc2d9234');
INSERT INTO movie_genres (movie_id, genre_id) VALUES ('8436333f-cb9f-410f-9ca1-6a8ea8a8fa58', '6998d2c5-c9e8-4cae-90e9-60c75772bb3d');
INSERT INTO movie_genres (movie_id, genre_id) VALUES ('e445ae88-9e76-4c83-ad8b-3fd618558158', '957f74b4-cad0-4f19-aa1e-5a058163a8f2');
INSERT INTO movie_genres (movie_id, genre_id) VALUES ('e445ae88-9e76-4c83-ad8b-3fd618558158', '9033e146-6e11-4697-b15a-c58f835aae55');
INSERT INTO movie_genres (movie_id, genre_id) VALUES ('e445ae88-9e76-4c83-ad8b-3fd618558158', '6998d2c5-c9e8-4cae-90e9-60c75772bb3d');
INSERT INTO movie_genres (movie_id, genre_id) VALUES ('e445ae88-9e76-4c83-ad8b-3fd618558158', 'ce17491b-4bab-4ae6-9bb6-4c6cf9205b94');
INSERT INTO movie_genres (movie_id, genre_id) VALUES ('e445ae88-9e76-4c83-ad8b-3fd618558158', '833bb2a4-40cb-4f8c-a579-9cada2ac80ae');
INSERT INTO movie_genres (movie_id, genre_id) VALUES ('1b629656-55b6-4121-b0d4-9196e166412a', '957f74b4-cad0-4f19-aa1e-5a058163a8f2');
INSERT INTO movie_genres (movie_id, genre_id) VALUES ('1b629656-55b6-4121-b0d4-9196e166412a', '6998d2c5-c9e8-4cae-90e9-60c75772bb3d');
INSERT INTO movie_genres (movie_id, genre_id) VALUES ('1b629656-55b6-4121-b0d4-9196e166412a', '9033e146-6e11-4697-b15a-c58f835aae55');
INSERT INTO movie_genres (movie_id, genre_id) VALUES ('1b629656-55b6-4121-b0d4-9196e166412a', 'ce17491b-4bab-4ae6-9bb6-4c6cf9205b94');
INSERT INTO movie_genres (movie_id, genre_id) VALUES ('7a405813-5d76-41bc-8cc6-001251d91056', 'e428ee60-f360-4d56-a8c1-25ca60f3c059');
INSERT INTO movie_genres (movie_id, genre_id) VALUES ('7a405813-5d76-41bc-8cc6-001251d91056', '5ece62f9-d126-41bf-ad4c-65433fdf6609');
INSERT INTO movie_genres (movie_id, genre_id) VALUES ('7a405813-5d76-41bc-8cc6-001251d91056', '25d0e0bb-ddf6-4196-9dbf-901e7136a48b');
INSERT INTO movie_genres (movie_id, genre_id) VALUES ('7a405813-5d76-41bc-8cc6-001251d91056', 'a7839b2c-971c-47e0-944e-18f4f1437091');
INSERT INTO movie_genres (movie_id, genre_id) VALUES ('9937270d-d29a-4e14-999e-8e398796c79f', '9033e146-6e11-4697-b15a-c58f835aae55');
INSERT INTO movie_genres (movie_id, genre_id) VALUES ('9937270d-d29a-4e14-999e-8e398796c79f', 'ce17491b-4bab-4ae6-9bb6-4c6cf9205b94');
INSERT INTO movie_genres (movie_id, genre_id) VALUES ('9937270d-d29a-4e14-999e-8e398796c79f', '6998d2c5-c9e8-4cae-90e9-60c75772bb3d');
INSERT INTO movie_genres (movie_id, genre_id) VALUES ('12698516-94b6-4e5d-92e7-811318f40369', '6998d2c5-c9e8-4cae-90e9-60c75772bb3d');
INSERT INTO movie_genres (movie_id, genre_id) VALUES ('12698516-94b6-4e5d-92e7-811318f40369', 'f6ce9c4e-5fee-4f6f-bc0d-641b98c1664a');
INSERT INTO movie_genres (movie_id, genre_id) VALUES ('e5d8cf45-a867-4d2c-9d91-be00535a28cb', 'e428ee60-f360-4d56-a8c1-25ca60f3c059');
INSERT INTO movie_genres (movie_id, genre_id) VALUES ('e5d8cf45-a867-4d2c-9d91-be00535a28cb', '238cd480-a8e9-428e-af82-3fc6b00cce8c');
INSERT INTO movie_genres (movie_id, genre_id) VALUES ('e5b47507-6974-44b8-b1c6-52ca9cb44c31', 'e428ee60-f360-4d56-a8c1-25ca60f3c059');
INSERT INTO movie_genres (movie_id, genre_id) VALUES ('e5b47507-6974-44b8-b1c6-52ca9cb44c31', '25d0e0bb-ddf6-4196-9dbf-901e7136a48b');
INSERT INTO movie_projections (id, projection_date, projection_time, cinema_hall_id, movie_id, created_at, updated_at) VALUES ('8b0ff417-3617-4c37-9032-fe8eaf3c25aa', '2026-01-29', '16:00:00', 'ddcd3553-73bb-45c1-b4b4-92ab25a503d1', 'c3da61f0-5e2f-4f89-8690-c21ae5bc7c7a', '2026-01-20T11:14:01.428637', '2026-01-20T11:14:01.428637');
INSERT INTO movie_projections (id, projection_date, projection_time, cinema_hall_id, movie_id, created_at, updated_at) VALUES ('30664f91-5bfd-4336-8fee-45441927f84a', '2026-02-11', '10:00:00', '63213e9d-2e93-426f-b798-8a278c956c5f', 'c3da61f0-5e2f-4f89-8690-c21ae5bc7c7a', '2026-01-20T11:14:01.428736', '2026-01-20T11:14:01.428736');
INSERT INTO movie_projections (id, projection_date, projection_time, cinema_hall_id, movie_id, created_at, updated_at) VALUES ('198802a6-d931-4440-919d-0bd817862aff', '2026-02-12', '10:00:00', '346d2a4d-5b04-466c-a9ae-acba644c3285', 'c3da61f0-5e2f-4f89-8690-c21ae5bc7c7a', '2026-01-20T11:14:01.428808', '2026-01-20T11:14:01.428808');
INSERT INTO movie_projections (id, projection_date, projection_time, cinema_hall_id, movie_id, created_at, updated_at) VALUES ('9688a35b-2680-4bd8-bc13-ea0a24178312', '2026-03-19', '13:00:00', '7f8bc5ee-1693-4985-acef-abed9e06ff94', 'c3da61f0-5e2f-4f89-8690-c21ae5bc7c7a', '2026-01-20T11:14:01.428860', '2026-01-20T11:14:01.428860');
INSERT INTO movie_projections (id, projection_date, projection_time, cinema_hall_id, movie_id, created_at, updated_at) VALUES ('654fb57d-41aa-4102-94a5-6af88b6dc168', '2026-02-20', '13:00:00', '346d2a4d-5b04-466c-a9ae-acba644c3285', 'c3da61f0-5e2f-4f89-8690-c21ae5bc7c7a', '2026-01-20T11:14:01.428910', '2026-01-20T11:14:01.428910');
INSERT INTO movie_projections (id, projection_date, projection_time, cinema_hall_id, movie_id, created_at, updated_at) VALUES ('363f1cc0-8c80-4d53-b1cf-d2f8258f204a', '2026-01-31', '16:00:00', '6921a3a5-077e-49ba-ba05-dcd55f865512', 'c3da61f0-5e2f-4f89-8690-c21ae5bc7c7a', '2026-01-20T11:14:01.428961', '2026-01-20T11:14:01.428961');
INSERT INTO movie_projections (id, projection_date, projection_time, cinema_hall_id, movie_id, created_at, updated_at) VALUES ('e083aab7-a92a-4877-8cf4-090bf3178abc', '2026-03-03', '10:00:00', '7313599b-6813-47c7-8c51-4e3a2ffac29c', 'c3da61f0-5e2f-4f89-8690-c21ae5bc7c7a', '2026-01-20T11:14:01.429010', '2026-01-20T11:14:01.429010');
INSERT INTO movie_projections (id, projection_date, projection_time, cinema_hall_id, movie_id, created_at, updated_at) VALUES ('a6941c32-d11b-494d-bea4-8037152e7772', '2026-01-31', '10:00:00', '062dfe0a-6244-46c4-a767-c41a824a30e5', 'c3da61f0-5e2f-4f89-8690-c21ae5bc7c7a', '2026-01-20T11:14:01.429055', '2026-01-20T11:14:01.429055');
INSERT INTO movie_projections (id, projection_date, projection_time, cinema_hall_id, movie_id, created_at, updated_at) VALUES ('056a6cc1-912c-4f42-a6c5-da6f0825647f', '2026-01-22', '13:00:00', '9ab42b8c-91c1-433a-bfc9-60bda4bffa46', 'c3da61f0-5e2f-4f89-8690-c21ae5bc7c7a', '2026-01-20T11:14:01.429100', '2026-01-20T11:14:01.429100');
INSERT INTO movie_projections (id, projection_date, projection_time, cinema_hall_id, movie_id, created_at, updated_at) VALUES ('4ed5b14e-a897-4162-a5e9-c5fe9cf96775', '2026-02-28', '19:00:00', '062dfe0a-6244-46c4-a767-c41a824a30e5', 'c3da61f0-5e2f-4f89-8690-c21ae5bc7c7a', '2026-01-20T11:14:01.429153', '2026-01-20T11:14:01.429153');
INSERT INTO movie_projections (id, projection_date, projection_time, cinema_hall_id, movie_id, created_at, updated_at) VALUES ('e4544a89-d423-4322-8e6a-5338fd036070', '2026-03-07', '19:00:00', '346d2a4d-5b04-466c-a9ae-acba644c3285', 'c3da61f0-5e2f-4f89-8690-c21ae5bc7c7a', '2026-01-20T11:14:01.429200', '2026-01-20T11:14:01.429200');
INSERT INTO movie_projections (id, projection_date, projection_time, cinema_hall_id, movie_id, created_at, updated_at) VALUES ('ff1d096d-b676-4337-a5b6-0bcf0f427b59', '2026-01-23', '13:00:00', '062dfe0a-6244-46c4-a767-c41a824a30e5', 'c3da61f0-5e2f-4f89-8690-c21ae5bc7c7a', '2026-01-20T11:14:01.429243', '2026-01-20T11:14:01.429243');
INSERT INTO movie_projections (id, projection_date, projection_time, cinema_hall_id, movie_id, created_at, updated_at) VALUES ('6ef2e91f-d17a-4410-9502-5b805cfdf3cb', '2026-01-27', '16:00:00', '63213e9d-2e93-426f-b798-8a278c956c5f', 'c3da61f0-5e2f-4f89-8690-c21ae5bc7c7a', '2026-01-20T11:14:01.429287', '2026-01-20T11:14:01.429287');
INSERT INTO movie_projections (id, projection_date, projection_time, cinema_hall_id, movie_id, created_at, updated_at) VALUES ('57822287-0509-455f-9b78-6b4cd5f3aa86', '2026-02-25', '13:00:00', '6921a3a5-077e-49ba-ba05-dcd55f865512', 'c3da61f0-5e2f-4f89-8690-c21ae5bc7c7a', '2026-01-20T11:14:01.429332', '2026-01-20T11:14:01.429332');
INSERT INTO movie_projections (id, projection_date, projection_time, cinema_hall_id, movie_id, created_at, updated_at) VALUES ('d8686ad8-260f-4a06-8546-999cb0aecd45', '2026-02-11', '19:00:00', '062dfe0a-6244-46c4-a767-c41a824a30e5', 'c3da61f0-5e2f-4f89-8690-c21ae5bc7c7a', '2026-01-20T11:14:01.429372', '2026-01-20T11:14:01.429372');
INSERT INTO movie_projections (id, projection_date, projection_time, cinema_hall_id, movie_id, created_at, updated_at) VALUES ('4f743148-ecc7-48ab-af4f-b049c7e4ed7a', '2026-01-31', '13:00:00', 'ddcd3553-73bb-45c1-b4b4-92ab25a503d1', 'c3da61f0-5e2f-4f89-8690-c21ae5bc7c7a', '2026-01-20T11:14:01.429409', '2026-01-20T11:14:01.429409');
INSERT INTO movie_projections (id, projection_date, projection_time, cinema_hall_id, movie_id, created_at, updated_at) VALUES ('b48ffac8-5ae9-400c-8900-0cf0bacb6ae5', '2026-01-29', '10:00:00', '91119da7-9c00-42bd-9dd6-dd1377d09797', 'c3da61f0-5e2f-4f89-8690-c21ae5bc7c7a', '2026-01-20T11:14:01.429447', '2026-01-20T11:14:01.429447');
INSERT INTO movie_projections (id, projection_date, projection_time, cinema_hall_id, movie_id, created_at, updated_at) VALUES ('67e886fb-6c15-4b49-b9ee-096e4ed4ae1c', '2026-03-12', '19:00:00', 'ddcd3553-73bb-45c1-b4b4-92ab25a503d1', 'c3da61f0-5e2f-4f89-8690-c21ae5bc7c7a', '2026-01-20T11:14:01.429483', '2026-01-20T11:14:01.429483');
INSERT INTO movie_projections (id, projection_date, projection_time, cinema_hall_id, movie_id, created_at, updated_at) VALUES ('a76dbafb-9eb5-4667-817f-8c1982a2588d', '2026-02-03', '13:00:00', '7313599b-6813-47c7-8c51-4e3a2ffac29c', 'c3da61f0-5e2f-4f89-8690-c21ae5bc7c7a', '2026-01-20T11:14:01.429526', '2026-01-20T11:14:01.429526');
INSERT INTO movie_projections (id, projection_date, projection_time, cinema_hall_id, movie_id, created_at, updated_at) VALUES ('9a6b5862-ff58-49cf-80af-d84bc9eb8e25', '2026-01-30', '19:00:00', '9ab42b8c-91c1-433a-bfc9-60bda4bffa46', 'c3da61f0-5e2f-4f89-8690-c21ae5bc7c7a', '2026-01-20T11:14:01.429564', '2026-01-20T11:14:01.429564');
INSERT INTO movie_projections (id, projection_date, projection_time, cinema_hall_id, movie_id, created_at, updated_at) VALUES ('e060c133-9775-4e3f-85f6-12337165a1f7', '2026-03-01', '19:00:00', '63213e9d-2e93-426f-b798-8a278c956c5f', 'c3da61f0-5e2f-4f89-8690-c21ae5bc7c7a', '2026-01-20T11:14:01.429603', '2026-01-20T11:14:01.429603');
INSERT INTO movie_projections (id, projection_date, projection_time, cinema_hall_id, movie_id, created_at, updated_at) VALUES ('3aa87a6e-daa5-4cdd-ba29-dbd1233c6e8d', '2026-03-16', '19:00:00', '63213e9d-2e93-426f-b798-8a278c956c5f', 'c3da61f0-5e2f-4f89-8690-c21ae5bc7c7a', '2026-01-20T11:14:01.429682', '2026-01-20T11:14:01.429682');
INSERT INTO movie_projections (id, projection_date, projection_time, cinema_hall_id, movie_id, created_at, updated_at) VALUES ('6fc500ca-c253-4722-9072-0da7621ae3e8', '2026-02-19', '10:00:00', '6921a3a5-077e-49ba-ba05-dcd55f865512', 'c3da61f0-5e2f-4f89-8690-c21ae5bc7c7a', '2026-01-20T11:14:01.429724', '2026-01-20T11:14:01.429724');
INSERT INTO movie_projections (id, projection_date, projection_time, cinema_hall_id, movie_id, created_at, updated_at) VALUES ('c35f61c8-3a1d-4dc8-99e6-0677b0bec81d', '2026-01-24', '13:00:00', '7313599b-6813-47c7-8c51-4e3a2ffac29c', 'c3da61f0-5e2f-4f89-8690-c21ae5bc7c7a', '2026-01-20T11:14:01.429760', '2026-01-20T11:14:01.429760');
INSERT INTO movie_projections (id, projection_date, projection_time, cinema_hall_id, movie_id, created_at, updated_at) VALUES ('3a84017e-2bbb-41d3-bda2-0134594f9807', '2026-01-23', '10:00:00', '9ab42b8c-91c1-433a-bfc9-60bda4bffa46', 'c3da61f0-5e2f-4f89-8690-c21ae5bc7c7a', '2026-01-20T11:14:01.429798', '2026-01-20T11:14:01.429798');
INSERT INTO movie_projections (id, projection_date, projection_time, cinema_hall_id, movie_id, created_at, updated_at) VALUES ('8bd3a0f6-c7c6-4f7d-8822-e26e59f999cd', '2026-03-20', '16:00:00', '63213e9d-2e93-426f-b798-8a278c956c5f', 'c3da61f0-5e2f-4f89-8690-c21ae5bc7c7a', '2026-01-20T11:14:01.429835', '2026-01-20T11:14:01.429835');
INSERT INTO movie_projections (id, projection_date, projection_time, cinema_hall_id, movie_id, created_at, updated_at) VALUES ('8352dfa1-6f5b-4ba6-987f-2203ef1ae0e1', '2026-02-17', '19:00:00', '6921a3a5-077e-49ba-ba05-dcd55f865512', 'c3da61f0-5e2f-4f89-8690-c21ae5bc7c7a', '2026-01-20T11:14:01.429881', '2026-01-20T11:14:01.429881');
INSERT INTO movie_projections (id, projection_date, projection_time, cinema_hall_id, movie_id, created_at, updated_at) VALUES ('f84866a5-8a96-40da-8fe1-c496bf572973', '2026-02-20', '16:00:00', '63213e9d-2e93-426f-b798-8a278c956c5f', 'c3da61f0-5e2f-4f89-8690-c21ae5bc7c7a', '2026-01-20T11:14:01.429920', '2026-01-20T11:14:01.429920');
INSERT INTO movie_projections (id, projection_date, projection_time, cinema_hall_id, movie_id, created_at, updated_at) VALUES ('54264820-1327-4027-95a2-a6d0b1861059', '2026-02-14', '10:00:00', '7f8bc5ee-1693-4985-acef-abed9e06ff94', 'c3da61f0-5e2f-4f89-8690-c21ae5bc7c7a', '2026-01-20T11:14:01.429958', '2026-01-20T11:14:01.429958');
INSERT INTO movie_projections (id, projection_date, projection_time, cinema_hall_id, movie_id, created_at, updated_at) VALUES ('8140f05e-ca71-42a6-81d8-821057b7533d', '2026-01-29', '16:00:00', 'd1d0fc7b-99ab-4013-b293-2525a79b53e0', 'c3da61f0-5e2f-4f89-8690-c21ae5bc7c7a', '2026-01-20T11:14:01.429995', '2026-01-20T11:14:01.429995');
INSERT INTO movie_projections (id, projection_date, projection_time, cinema_hall_id, movie_id, created_at, updated_at) VALUES ('2be93162-7adc-4dd7-b428-feae20da6ccb', '2026-03-09', '10:00:00', '7313599b-6813-47c7-8c51-4e3a2ffac29c', 'c3da61f0-5e2f-4f89-8690-c21ae5bc7c7a', '2026-01-20T11:14:01.430033', '2026-01-20T11:14:01.430033');
INSERT INTO movie_projections (id, projection_date, projection_time, cinema_hall_id, movie_id, created_at, updated_at) VALUES ('48e8d032-1c4f-4ff2-8c39-59f85275bbb2', '2026-02-06', '19:00:00', '72d55d6a-24f8-4769-9819-be7323d307a2', 'c3da61f0-5e2f-4f89-8690-c21ae5bc7c7a', '2026-01-20T11:14:01.430074', '2026-01-20T11:14:01.430074');
INSERT INTO movie_projections (id, projection_date, projection_time, cinema_hall_id, movie_id, created_at, updated_at) VALUES ('8d7f81f2-7801-4f0e-9921-cacaeb3c17d2', '2026-01-21', '19:00:00', 'd1d0fc7b-99ab-4013-b293-2525a79b53e0', 'c3da61f0-5e2f-4f89-8690-c21ae5bc7c7a', '2026-01-20T11:14:01.430149', '2026-01-20T11:14:01.430149');
INSERT INTO movie_projections (id, projection_date, projection_time, cinema_hall_id, movie_id, created_at, updated_at) VALUES ('c3f5e9c3-67d1-4aa1-b294-2bcbdfe34f27', '2026-02-16', '19:00:00', '63213e9d-2e93-426f-b798-8a278c956c5f', 'c3da61f0-5e2f-4f89-8690-c21ae5bc7c7a', '2026-01-20T11:14:01.430190', '2026-01-20T11:14:01.430190');
INSERT INTO movie_projections (id, projection_date, projection_time, cinema_hall_id, movie_id, created_at, updated_at) VALUES ('1c741bd7-4e61-4509-908e-46285ca489ae', '2026-02-20', '13:00:00', 'ddcd3553-73bb-45c1-b4b4-92ab25a503d1', 'c3da61f0-5e2f-4f89-8690-c21ae5bc7c7a', '2026-01-20T11:14:01.430233', '2026-01-20T11:14:01.430233');
INSERT INTO movie_projections (id, projection_date, projection_time, cinema_hall_id, movie_id, created_at, updated_at) VALUES ('013ea2c1-2fd1-4284-87f4-22f28ca82d90', '2026-02-07', '19:00:00', '63213e9d-2e93-426f-b798-8a278c956c5f', 'c3da61f0-5e2f-4f89-8690-c21ae5bc7c7a', '2026-01-20T11:14:01.430272', '2026-01-20T11:14:01.430272');
INSERT INTO movie_projections (id, projection_date, projection_time, cinema_hall_id, movie_id, created_at, updated_at) VALUES ('f8636558-8e79-4406-a91f-8ddb04d62bc0', '2026-02-09', '10:00:00', '72d55d6a-24f8-4769-9819-be7323d307a2', 'c3da61f0-5e2f-4f89-8690-c21ae5bc7c7a', '2026-01-20T11:14:01.430310', '2026-01-20T11:14:01.430310');
INSERT INTO movie_projections (id, projection_date, projection_time, cinema_hall_id, movie_id, created_at, updated_at) VALUES ('27da93a5-12a6-4be5-9e28-680e2535f558', '2026-02-02', '10:00:00', '346d2a4d-5b04-466c-a9ae-acba644c3285', 'c3da61f0-5e2f-4f89-8690-c21ae5bc7c7a', '2026-01-20T11:14:01.430388', '2026-01-20T11:14:01.430388');
INSERT INTO movie_projections (id, projection_date, projection_time, cinema_hall_id, movie_id, created_at, updated_at) VALUES ('e81bcae4-279f-455c-90aa-9f2cc814deee', '2026-01-31', '10:00:00', 'ddcd3553-73bb-45c1-b4b4-92ab25a503d1', 'c3da61f0-5e2f-4f89-8690-c21ae5bc7c7a', '2026-01-20T11:14:01.430432', '2026-01-20T11:14:01.430432');
INSERT INTO movie_projections (id, projection_date, projection_time, cinema_hall_id, movie_id, created_at, updated_at) VALUES ('b12b877c-c2ca-48be-8f82-f088dbae7aa5', '2026-03-20', '10:00:00', '7f8bc5ee-1693-4985-acef-abed9e06ff94', 'c3da61f0-5e2f-4f89-8690-c21ae5bc7c7a', '2026-01-20T11:14:01.430471', '2026-01-20T11:14:01.430471');
INSERT INTO movie_projections (id, projection_date, projection_time, cinema_hall_id, movie_id, created_at, updated_at) VALUES ('4bc7ff12-0b5c-449d-a9e9-8937a051865b', '2026-02-21', '19:00:00', '346d2a4d-5b04-466c-a9ae-acba644c3285', '22a98542-1b7d-45e2-9133-eb382823d166', '2026-01-20T11:14:01.430518', '2026-01-20T11:14:01.430518');
INSERT INTO movie_projections (id, projection_date, projection_time, cinema_hall_id, movie_id, created_at, updated_at) VALUES ('22571c69-a2de-4812-9b83-25eba78c5161', '2026-02-18', '13:00:00', '91119da7-9c00-42bd-9dd6-dd1377d09797', '22a98542-1b7d-45e2-9133-eb382823d166', '2026-01-20T11:14:01.430558', '2026-01-20T11:14:01.430558');
INSERT INTO movie_projections (id, projection_date, projection_time, cinema_hall_id, movie_id, created_at, updated_at) VALUES ('a89fd011-ff30-48f6-964b-58a58eee016d', '2026-01-21', '16:00:00', 'ddcd3553-73bb-45c1-b4b4-92ab25a503d1', '22a98542-1b7d-45e2-9133-eb382823d166', '2026-01-20T11:14:01.430659', '2026-01-20T11:14:01.430659');
INSERT INTO movie_projections (id, projection_date, projection_time, cinema_hall_id, movie_id, created_at, updated_at) VALUES ('16e118a7-6fd9-4454-9ff9-8404103117ab', '2026-02-19', '10:00:00', 'd1d0fc7b-99ab-4013-b293-2525a79b53e0', '22a98542-1b7d-45e2-9133-eb382823d166', '2026-01-20T11:14:01.430713', '2026-01-20T11:14:01.430713');
INSERT INTO movie_projections (id, projection_date, projection_time, cinema_hall_id, movie_id, created_at, updated_at) VALUES ('a56f79b2-5c62-4553-8745-e933cd5887ab', '2026-02-06', '19:00:00', '346d2a4d-5b04-466c-a9ae-acba644c3285', '22a98542-1b7d-45e2-9133-eb382823d166', '2026-01-20T11:14:01.430759', '2026-01-20T11:14:01.430759');
INSERT INTO movie_projections (id, projection_date, projection_time, cinema_hall_id, movie_id, created_at, updated_at) VALUES ('11541c69-6646-460f-89d8-116ba507b12f', '2026-02-17', '16:00:00', '9ab42b8c-91c1-433a-bfc9-60bda4bffa46', '22a98542-1b7d-45e2-9133-eb382823d166', '2026-01-20T11:14:01.430799', '2026-01-20T11:14:01.430799');
INSERT INTO movie_projections (id, projection_date, projection_time, cinema_hall_id, movie_id, created_at, updated_at) VALUES ('870f4b1d-e2df-4bce-872d-6d3343970836', '2026-02-07', '13:00:00', '63213e9d-2e93-426f-b798-8a278c956c5f', '22a98542-1b7d-45e2-9133-eb382823d166', '2026-01-20T11:14:01.430845', '2026-01-20T11:14:01.430845');
INSERT INTO movie_projections (id, projection_date, projection_time, cinema_hall_id, movie_id, created_at, updated_at) VALUES ('2dc30854-40f4-43db-b372-9da9ee8dc13c', '2026-02-27', '16:00:00', '91119da7-9c00-42bd-9dd6-dd1377d09797', '22a98542-1b7d-45e2-9133-eb382823d166', '2026-01-20T11:14:01.430889', '2026-01-20T11:14:01.430889');
INSERT INTO movie_projections (id, projection_date, projection_time, cinema_hall_id, movie_id, created_at, updated_at) VALUES ('7a1d465f-dfd1-4442-88da-dd3dbc145075', '2026-02-07', '13:00:00', '63213e9d-2e93-426f-b798-8a278c956c5f', '22a98542-1b7d-45e2-9133-eb382823d166', '2026-01-20T11:14:01.430939', '2026-01-20T11:14:01.430939');
INSERT INTO movie_projections (id, projection_date, projection_time, cinema_hall_id, movie_id, created_at, updated_at) VALUES ('877b4c93-edd8-448d-9e69-48039f7bc709', '2026-01-24', '16:00:00', '91119da7-9c00-42bd-9dd6-dd1377d09797', '22a98542-1b7d-45e2-9133-eb382823d166', '2026-01-20T11:14:01.430997', '2026-01-20T11:14:01.430997');
INSERT INTO movie_projections (id, projection_date, projection_time, cinema_hall_id, movie_id, created_at, updated_at) VALUES ('1ba59732-029d-456e-a5f5-da5f96944b1b', '2026-02-10', '16:00:00', 'd1d0fc7b-99ab-4013-b293-2525a79b53e0', '22a98542-1b7d-45e2-9133-eb382823d166', '2026-01-20T11:14:01.431043', '2026-01-20T11:14:01.431043');
INSERT INTO movie_projections (id, projection_date, projection_time, cinema_hall_id, movie_id, created_at, updated_at) VALUES ('6880df73-d1f4-4765-a5d9-024d3d19566e', '2026-01-29', '16:00:00', '346d2a4d-5b04-466c-a9ae-acba644c3285', '22a98542-1b7d-45e2-9133-eb382823d166', '2026-01-20T11:14:01.431084', '2026-01-20T11:14:01.431084');
INSERT INTO movie_projections (id, projection_date, projection_time, cinema_hall_id, movie_id, created_at, updated_at) VALUES ('48341e66-d97c-4a08-961b-505fc9701fec', '2026-02-18', '13:00:00', '062dfe0a-6244-46c4-a767-c41a824a30e5', '22a98542-1b7d-45e2-9133-eb382823d166', '2026-01-20T11:14:01.431168', '2026-01-20T11:14:01.431168');
INSERT INTO movie_projections (id, projection_date, projection_time, cinema_hall_id, movie_id, created_at, updated_at) VALUES ('9e26865d-9759-4946-a5eb-bbc975e45767', '2026-02-07', '16:00:00', '9ab42b8c-91c1-433a-bfc9-60bda4bffa46', '22a98542-1b7d-45e2-9133-eb382823d166', '2026-01-20T11:14:01.431220', '2026-01-20T11:14:01.431220');
INSERT INTO movie_projections (id, projection_date, projection_time, cinema_hall_id, movie_id, created_at, updated_at) VALUES ('2f975338-6cd2-4b91-9fcc-4f0bb0ee5fc9', '2026-02-24', '19:00:00', '9ab42b8c-91c1-433a-bfc9-60bda4bffa46', '22a98542-1b7d-45e2-9133-eb382823d166', '2026-01-20T11:14:01.431274', '2026-01-20T11:14:01.431274');
INSERT INTO movie_projections (id, projection_date, projection_time, cinema_hall_id, movie_id, created_at, updated_at) VALUES ('14cb96e6-6f8f-419b-9c1f-aa26afc103cd', '2026-01-30', '19:00:00', '9ab42b8c-91c1-433a-bfc9-60bda4bffa46', '22a98542-1b7d-45e2-9133-eb382823d166', '2026-01-20T11:14:01.431323', '2026-01-20T11:14:01.431323');
INSERT INTO movie_projections (id, projection_date, projection_time, cinema_hall_id, movie_id, created_at, updated_at) VALUES ('2b97cffe-410d-4b4c-93cc-7bce137f2c49', '2026-02-14', '19:00:00', '63213e9d-2e93-426f-b798-8a278c956c5f', '22a98542-1b7d-45e2-9133-eb382823d166', '2026-01-20T11:14:01.431372', '2026-01-20T11:14:01.431372');
INSERT INTO movie_projections (id, projection_date, projection_time, cinema_hall_id, movie_id, created_at, updated_at) VALUES ('1d2ea2ff-7f16-4c82-8960-a69156e02f7a', '2026-02-06', '19:00:00', '91119da7-9c00-42bd-9dd6-dd1377d09797', '22a98542-1b7d-45e2-9133-eb382823d166', '2026-01-20T11:14:01.431418', '2026-01-20T11:14:01.431418');
INSERT INTO movie_projections (id, projection_date, projection_time, cinema_hall_id, movie_id, created_at, updated_at) VALUES ('3aa1861f-fb4a-4bd9-82ef-70ea0ac5418a', '2026-02-10', '13:00:00', '72d55d6a-24f8-4769-9819-be7323d307a2', '22a98542-1b7d-45e2-9133-eb382823d166', '2026-01-20T11:14:01.431459', '2026-01-20T11:14:01.431459');
INSERT INTO movie_projections (id, projection_date, projection_time, cinema_hall_id, movie_id, created_at, updated_at) VALUES ('aff8428e-56b5-491e-832e-830a86b25dbf', '2026-02-07', '10:00:00', '062dfe0a-6244-46c4-a767-c41a824a30e5', '22a98542-1b7d-45e2-9133-eb382823d166', '2026-01-20T11:14:01.431498', '2026-01-20T11:14:01.431498');
INSERT INTO movie_projections (id, projection_date, projection_time, cinema_hall_id, movie_id, created_at, updated_at) VALUES ('3cca451b-a2fd-4b80-80a3-f1703b591533', '2026-01-25', '19:00:00', '6921a3a5-077e-49ba-ba05-dcd55f865512', '22a98542-1b7d-45e2-9133-eb382823d166', '2026-01-20T11:14:01.431538', '2026-01-20T11:14:01.431538');
INSERT INTO movie_projections (id, projection_date, projection_time, cinema_hall_id, movie_id, created_at, updated_at) VALUES ('3b2048a1-4948-4874-b413-a2b8991bacb6', '2026-01-28', '16:00:00', '9ab42b8c-91c1-433a-bfc9-60bda4bffa46', '22a98542-1b7d-45e2-9133-eb382823d166', '2026-01-20T11:14:01.431580', '2026-01-20T11:14:01.431580');
INSERT INTO movie_projections (id, projection_date, projection_time, cinema_hall_id, movie_id, created_at, updated_at) VALUES ('2ba605bb-8834-4cb0-b402-3bf4cbdd978e', '2026-02-19', '13:00:00', '062dfe0a-6244-46c4-a767-c41a824a30e5', '22a98542-1b7d-45e2-9133-eb382823d166', '2026-01-20T11:14:01.431626', '2026-01-20T11:14:01.431626');
INSERT INTO movie_projections (id, projection_date, projection_time, cinema_hall_id, movie_id, created_at, updated_at) VALUES ('89b487bd-dc36-4e1d-8725-435d76c8199d', '2026-02-03', '13:00:00', '062dfe0a-6244-46c4-a767-c41a824a30e5', '22a98542-1b7d-45e2-9133-eb382823d166', '2026-01-20T11:14:01.431666', '2026-01-20T11:14:01.431666');
INSERT INTO movie_projections (id, projection_date, projection_time, cinema_hall_id, movie_id, created_at, updated_at) VALUES ('2599555e-836a-4d9f-bf52-8af0faf85015', '2026-02-11', '19:00:00', '91119da7-9c00-42bd-9dd6-dd1377d09797', '22a98542-1b7d-45e2-9133-eb382823d166', '2026-01-20T11:14:01.431709', '2026-01-20T11:14:01.431709');
INSERT INTO movie_projections (id, projection_date, projection_time, cinema_hall_id, movie_id, created_at, updated_at) VALUES ('331c0f60-44df-496f-964e-13aadb7ccc1f', '2026-02-24', '19:00:00', '63213e9d-2e93-426f-b798-8a278c956c5f', '22a98542-1b7d-45e2-9133-eb382823d166', '2026-01-20T11:14:01.431753', '2026-01-20T11:14:01.431753');
INSERT INTO movie_projections (id, projection_date, projection_time, cinema_hall_id, movie_id, created_at, updated_at) VALUES ('5078552c-5c7a-4054-b884-2f4d22a25420', '2026-02-06', '16:00:00', '91119da7-9c00-42bd-9dd6-dd1377d09797', '22a98542-1b7d-45e2-9133-eb382823d166', '2026-01-20T11:14:01.431791', '2026-01-20T11:14:01.431791');
INSERT INTO movie_projections (id, projection_date, projection_time, cinema_hall_id, movie_id, created_at, updated_at) VALUES ('242f8a06-16ca-41e0-b075-09b1a86aa2e8', '2026-01-29', '16:00:00', '63213e9d-2e93-426f-b798-8a278c956c5f', '22a98542-1b7d-45e2-9133-eb382823d166', '2026-01-20T11:14:01.431830', '2026-01-20T11:14:01.431830');
INSERT INTO movie_projections (id, projection_date, projection_time, cinema_hall_id, movie_id, created_at, updated_at) VALUES ('c900f579-5c98-4855-9a44-69ab1d6f1180', '2026-02-23', '10:00:00', '72d55d6a-24f8-4769-9819-be7323d307a2', '22a98542-1b7d-45e2-9133-eb382823d166', '2026-01-20T11:14:01.431868', '2026-01-20T11:14:01.431868');
INSERT INTO movie_projections (id, projection_date, projection_time, cinema_hall_id, movie_id, created_at, updated_at) VALUES ('e18fe132-0273-4309-8287-dffa0804aca3', '2026-02-22', '10:00:00', '7313599b-6813-47c7-8c51-4e3a2ffac29c', '22a98542-1b7d-45e2-9133-eb382823d166', '2026-01-20T11:14:01.431905', '2026-01-20T11:14:01.431905');
INSERT INTO movie_projections (id, projection_date, projection_time, cinema_hall_id, movie_id, created_at, updated_at) VALUES ('db865e33-ccc1-42cb-9c46-1282643dccfa', '2026-02-18', '19:00:00', '91119da7-9c00-42bd-9dd6-dd1377d09797', '22a98542-1b7d-45e2-9133-eb382823d166', '2026-01-20T11:14:01.431945', '2026-01-20T11:14:01.431945');
INSERT INTO movie_projections (id, projection_date, projection_time, cinema_hall_id, movie_id, created_at, updated_at) VALUES ('3f3e1cd9-7032-49fb-9daf-30d3c7f71486', '2026-02-14', '13:00:00', '7f8bc5ee-1693-4985-acef-abed9e06ff94', '22a98542-1b7d-45e2-9133-eb382823d166', '2026-01-20T11:14:01.431984', '2026-01-20T11:14:01.431984');
INSERT INTO movie_projections (id, projection_date, projection_time, cinema_hall_id, movie_id, created_at, updated_at) VALUES ('a58a555a-cd33-4bde-a0c1-4628190be523', '2026-02-16', '19:00:00', '72d55d6a-24f8-4769-9819-be7323d307a2', '22a98542-1b7d-45e2-9133-eb382823d166', '2026-01-20T11:14:01.432024', '2026-01-20T11:14:01.432024');
INSERT INTO movie_projections (id, projection_date, projection_time, cinema_hall_id, movie_id, created_at, updated_at) VALUES ('6b09e652-8068-4e17-8be6-137eeaa02e6a', '2026-02-25', '10:00:00', '9ab42b8c-91c1-433a-bfc9-60bda4bffa46', '22a98542-1b7d-45e2-9133-eb382823d166', '2026-01-20T11:14:01.432062', '2026-01-20T11:14:01.432062');
INSERT INTO movie_projections (id, projection_date, projection_time, cinema_hall_id, movie_id, created_at, updated_at) VALUES ('509a6e48-8503-4729-8593-cac7466c34c5', '2026-01-27', '19:00:00', '91119da7-9c00-42bd-9dd6-dd1377d09797', '22a98542-1b7d-45e2-9133-eb382823d166', '2026-01-20T11:14:01.432119', '2026-01-20T11:14:01.432119');
INSERT INTO movie_projections (id, projection_date, projection_time, cinema_hall_id, movie_id, created_at, updated_at) VALUES ('9afad753-c16e-4369-8266-c3250d0618ba', '2026-02-15', '16:00:00', 'ddcd3553-73bb-45c1-b4b4-92ab25a503d1', '22a98542-1b7d-45e2-9133-eb382823d166', '2026-01-20T11:14:01.432162', '2026-01-20T11:14:01.432162');
INSERT INTO movie_projections (id, projection_date, projection_time, cinema_hall_id, movie_id, created_at, updated_at) VALUES ('693b39c7-1f36-4bb2-a8fd-a4239c72b36b', '2026-02-07', '13:00:00', '7313599b-6813-47c7-8c51-4e3a2ffac29c', '22a98542-1b7d-45e2-9133-eb382823d166', '2026-01-20T11:14:01.432201', '2026-01-20T11:14:01.432201');
INSERT INTO movie_projections (id, projection_date, projection_time, cinema_hall_id, movie_id, created_at, updated_at) VALUES ('cb27aca3-1bfc-400a-8bf1-b51b480cedc5', '2026-02-02', '19:00:00', 'ddcd3553-73bb-45c1-b4b4-92ab25a503d1', '22a98542-1b7d-45e2-9133-eb382823d166', '2026-01-20T11:14:01.432244', '2026-01-20T11:14:01.432244');
INSERT INTO movie_projections (id, projection_date, projection_time, cinema_hall_id, movie_id, created_at, updated_at) VALUES ('f69b5efe-5f09-41dc-b52c-e1a2d19ea942', '2026-02-12', '13:00:00', '63213e9d-2e93-426f-b798-8a278c956c5f', '22a98542-1b7d-45e2-9133-eb382823d166', '2026-01-20T11:14:01.432287', '2026-01-20T11:14:01.432287');
INSERT INTO movie_projections (id, projection_date, projection_time, cinema_hall_id, movie_id, created_at, updated_at) VALUES ('1fb33675-1303-4dad-a3fa-40e5017f8dbc', '2026-02-10', '10:00:00', 'd1d0fc7b-99ab-4013-b293-2525a79b53e0', '22a98542-1b7d-45e2-9133-eb382823d166', '2026-01-20T11:14:01.432325', '2026-01-20T11:14:01.432325');
INSERT INTO movie_projections (id, projection_date, projection_time, cinema_hall_id, movie_id, created_at, updated_at) VALUES ('a83befc1-e09a-4834-9688-2c294b69f175', '2026-02-13', '10:00:00', 'ddcd3553-73bb-45c1-b4b4-92ab25a503d1', '08c62620-f680-4048-9b27-037f80b48801', '2026-01-20T11:14:01.432371', '2026-01-20T11:14:01.432371');
INSERT INTO movie_projections (id, projection_date, projection_time, cinema_hall_id, movie_id, created_at, updated_at) VALUES ('494b94cd-85c3-45cd-af26-23de8b51bd48', '2026-02-06', '13:00:00', '63213e9d-2e93-426f-b798-8a278c956c5f', '08c62620-f680-4048-9b27-037f80b48801', '2026-01-20T11:14:01.432412', '2026-01-20T11:14:01.432412');
INSERT INTO movie_projections (id, projection_date, projection_time, cinema_hall_id, movie_id, created_at, updated_at) VALUES ('e13d3343-682c-4d91-8912-7c5dca563e5c', '2026-01-24', '19:00:00', '062dfe0a-6244-46c4-a767-c41a824a30e5', '08c62620-f680-4048-9b27-037f80b48801', '2026-01-20T11:14:01.432452', '2026-01-20T11:14:01.432452');
INSERT INTO movie_projections (id, projection_date, projection_time, cinema_hall_id, movie_id, created_at, updated_at) VALUES ('b35f9728-6534-4aa9-983b-a5a64a68230c', '2026-01-28', '16:00:00', 'd1d0fc7b-99ab-4013-b293-2525a79b53e0', '08c62620-f680-4048-9b27-037f80b48801', '2026-01-20T11:14:01.432489', '2026-01-20T11:14:01.432489');
INSERT INTO movie_projections (id, projection_date, projection_time, cinema_hall_id, movie_id, created_at, updated_at) VALUES ('9852bd6a-efe3-4b01-a920-2d6d14f2bf30', '2026-01-24', '16:00:00', '9ab42b8c-91c1-433a-bfc9-60bda4bffa46', '08c62620-f680-4048-9b27-037f80b48801', '2026-01-20T11:14:01.432528', '2026-01-20T11:14:01.432528');
INSERT INTO movie_projections (id, projection_date, projection_time, cinema_hall_id, movie_id, created_at, updated_at) VALUES ('2e7077e0-c0a9-4aca-bd2c-9134ea6b4e57', '2026-02-09', '10:00:00', '9ab42b8c-91c1-433a-bfc9-60bda4bffa46', '08c62620-f680-4048-9b27-037f80b48801', '2026-01-20T11:14:01.432569', '2026-01-20T11:14:01.432569');
INSERT INTO movie_projections (id, projection_date, projection_time, cinema_hall_id, movie_id, created_at, updated_at) VALUES ('24c9e244-b1c2-4715-b061-b3923f7cef5c', '2026-02-06', '10:00:00', 'd1d0fc7b-99ab-4013-b293-2525a79b53e0', '08c62620-f680-4048-9b27-037f80b48801', '2026-01-20T11:14:01.432612', '2026-01-20T11:14:01.432612');
INSERT INTO movie_projections (id, projection_date, projection_time, cinema_hall_id, movie_id, created_at, updated_at) VALUES ('2f999f6e-be5e-4025-9582-58a4504fb6b8', '2026-02-04', '10:00:00', '63213e9d-2e93-426f-b798-8a278c956c5f', '08c62620-f680-4048-9b27-037f80b48801', '2026-01-20T11:14:01.432654', '2026-01-20T11:14:01.432654');
INSERT INTO movie_projections (id, projection_date, projection_time, cinema_hall_id, movie_id, created_at, updated_at) VALUES ('e79455ff-5d1e-4681-8fd3-28d50d72ecec', '2026-02-08', '19:00:00', '7f8bc5ee-1693-4985-acef-abed9e06ff94', '08c62620-f680-4048-9b27-037f80b48801', '2026-01-20T11:14:01.432693', '2026-01-20T11:14:01.432693');
INSERT INTO movie_projections (id, projection_date, projection_time, cinema_hall_id, movie_id, created_at, updated_at) VALUES ('3af7d87e-e6e1-4f2e-816d-fa725c0ba0c5', '2026-02-23', '10:00:00', '7313599b-6813-47c7-8c51-4e3a2ffac29c', '08c62620-f680-4048-9b27-037f80b48801', '2026-01-20T11:14:01.432732', '2026-01-20T11:14:01.432732');
INSERT INTO movie_projections (id, projection_date, projection_time, cinema_hall_id, movie_id, created_at, updated_at) VALUES ('10f805e9-3eee-4c5e-ab4f-2b75e7921364', '2026-02-03', '19:00:00', '346d2a4d-5b04-466c-a9ae-acba644c3285', '08c62620-f680-4048-9b27-037f80b48801', '2026-01-20T11:14:01.432775', '2026-01-20T11:14:01.432775');
INSERT INTO movie_projections (id, projection_date, projection_time, cinema_hall_id, movie_id, created_at, updated_at) VALUES ('d5f8d615-00eb-4827-850d-8770c7064d5b', '2026-01-29', '10:00:00', 'ddcd3553-73bb-45c1-b4b4-92ab25a503d1', '08c62620-f680-4048-9b27-037f80b48801', '2026-01-20T11:14:01.432818', '2026-01-20T11:14:01.432818');
INSERT INTO movie_projections (id, projection_date, projection_time, cinema_hall_id, movie_id, created_at, updated_at) VALUES ('52b888e9-fdb1-4f99-987c-09a1a1b3b9f4', '2026-02-20', '16:00:00', '91119da7-9c00-42bd-9dd6-dd1377d09797', '08c62620-f680-4048-9b27-037f80b48801', '2026-01-20T11:14:01.432859', '2026-01-20T11:14:01.432859');
INSERT INTO movie_projections (id, projection_date, projection_time, cinema_hall_id, movie_id, created_at, updated_at) VALUES ('fa7a279a-460b-4836-80bc-6b06026660a2', '2026-02-07', '10:00:00', 'd1d0fc7b-99ab-4013-b293-2525a79b53e0', '08c62620-f680-4048-9b27-037f80b48801', '2026-01-20T11:14:01.432905', '2026-01-20T11:14:01.432905');
INSERT INTO movie_projections (id, projection_date, projection_time, cinema_hall_id, movie_id, created_at, updated_at) VALUES ('83b18116-e575-48df-bf84-e94dd9190393', '2026-02-12', '10:00:00', '062dfe0a-6244-46c4-a767-c41a824a30e5', '08c62620-f680-4048-9b27-037f80b48801', '2026-01-20T11:14:01.432952', '2026-01-20T11:14:01.432952');
INSERT INTO movie_projections (id, projection_date, projection_time, cinema_hall_id, movie_id, created_at, updated_at) VALUES ('f4c8a8d1-ec21-4768-9f4e-49230933ff27', '2026-01-21', '10:00:00', '72d55d6a-24f8-4769-9819-be7323d307a2', '08c62620-f680-4048-9b27-037f80b48801', '2026-01-20T11:14:01.432995', '2026-01-20T11:14:01.432995');
INSERT INTO movie_projections (id, projection_date, projection_time, cinema_hall_id, movie_id, created_at, updated_at) VALUES ('4c073b97-d047-4851-bb7a-4ff8fcc1e32e', '2026-02-05', '16:00:00', '72d55d6a-24f8-4769-9819-be7323d307a2', '08c62620-f680-4048-9b27-037f80b48801', '2026-01-20T11:14:01.433038', '2026-01-20T11:14:01.433038');
INSERT INTO movie_projections (id, projection_date, projection_time, cinema_hall_id, movie_id, created_at, updated_at) VALUES ('50137b3c-93a5-4bbd-8068-a87bd061bc95', '2026-02-14', '19:00:00', '6921a3a5-077e-49ba-ba05-dcd55f865512', '08c62620-f680-4048-9b27-037f80b48801', '2026-01-20T11:14:01.433081', '2026-01-20T11:14:01.433081');
INSERT INTO movie_projections (id, projection_date, projection_time, cinema_hall_id, movie_id, created_at, updated_at) VALUES ('c18f183c-cdf0-42ce-92d2-7b49d8a34866', '2026-02-19', '13:00:00', 'ddcd3553-73bb-45c1-b4b4-92ab25a503d1', '08c62620-f680-4048-9b27-037f80b48801', '2026-01-20T11:14:01.433156', '2026-01-20T11:14:01.433156');
INSERT INTO movie_projections (id, projection_date, projection_time, cinema_hall_id, movie_id, created_at, updated_at) VALUES ('b9e6714e-8f6a-4a5e-a51e-ffd6e101a9cc', '2026-02-01', '13:00:00', 'ddcd3553-73bb-45c1-b4b4-92ab25a503d1', '08c62620-f680-4048-9b27-037f80b48801', '2026-01-20T11:14:01.433201', '2026-01-20T11:14:01.433201');
INSERT INTO movie_projections (id, projection_date, projection_time, cinema_hall_id, movie_id, created_at, updated_at) VALUES ('e13cd7df-7d7a-4ed4-ab34-a2240c136e47', '2026-01-24', '19:00:00', '72d55d6a-24f8-4769-9819-be7323d307a2', '08c62620-f680-4048-9b27-037f80b48801', '2026-01-20T11:14:01.433241', '2026-01-20T11:14:01.433241');
INSERT INTO movie_projections (id, projection_date, projection_time, cinema_hall_id, movie_id, created_at, updated_at) VALUES ('c7e7b4cc-b3fa-4e14-b419-e191d4536e26', '2026-02-18', '16:00:00', '72d55d6a-24f8-4769-9819-be7323d307a2', '08c62620-f680-4048-9b27-037f80b48801', '2026-01-20T11:14:01.433282', '2026-01-20T11:14:01.433282');
INSERT INTO movie_projections (id, projection_date, projection_time, cinema_hall_id, movie_id, created_at, updated_at) VALUES ('8667fd6e-0019-4bd9-b250-b86fca068279', '2026-01-20', '16:00:00', '7313599b-6813-47c7-8c51-4e3a2ffac29c', '08c62620-f680-4048-9b27-037f80b48801', '2026-01-20T11:14:01.433331', '2026-01-20T11:14:01.433331');
INSERT INTO movie_projections (id, projection_date, projection_time, cinema_hall_id, movie_id, created_at, updated_at) VALUES ('315d6ebd-56b5-4700-9471-0e1c97512505', '2026-02-16', '10:00:00', 'd1d0fc7b-99ab-4013-b293-2525a79b53e0', '08c62620-f680-4048-9b27-037f80b48801', '2026-01-20T11:14:01.433373', '2026-01-20T11:14:01.433373');
INSERT INTO movie_projections (id, projection_date, projection_time, cinema_hall_id, movie_id, created_at, updated_at) VALUES ('b53bf860-d8e2-43aa-8a6a-931be3d99f8b', '2026-02-11', '13:00:00', '6921a3a5-077e-49ba-ba05-dcd55f865512', '08c62620-f680-4048-9b27-037f80b48801', '2026-01-20T11:14:01.433414', '2026-01-20T11:14:01.433414');
INSERT INTO movie_projections (id, projection_date, projection_time, cinema_hall_id, movie_id, created_at, updated_at) VALUES ('5d667f5b-4131-48d8-b89b-b867780dd6a9', '2026-02-12', '19:00:00', '346d2a4d-5b04-466c-a9ae-acba644c3285', '08c62620-f680-4048-9b27-037f80b48801', '2026-01-20T11:14:01.433459', '2026-01-20T11:14:01.433459');
INSERT INTO movie_projections (id, projection_date, projection_time, cinema_hall_id, movie_id, created_at, updated_at) VALUES ('a3e3a6b3-cdea-478b-a45a-083e6b189abe', '2026-02-25', '19:00:00', 'd1d0fc7b-99ab-4013-b293-2525a79b53e0', '08c62620-f680-4048-9b27-037f80b48801', '2026-01-20T11:14:01.433503', '2026-01-20T11:14:01.433503');
INSERT INTO movie_projections (id, projection_date, projection_time, cinema_hall_id, movie_id, created_at, updated_at) VALUES ('fedb1fae-e5e2-418a-89d4-ba48576e71d8', '2026-01-26', '16:00:00', '346d2a4d-5b04-466c-a9ae-acba644c3285', '08c62620-f680-4048-9b27-037f80b48801', '2026-01-20T11:14:01.433549', '2026-01-20T11:14:01.433549');
INSERT INTO movie_projections (id, projection_date, projection_time, cinema_hall_id, movie_id, created_at, updated_at) VALUES ('19965273-fc3d-4c73-9050-af7098c4671a', '2026-02-14', '13:00:00', '63213e9d-2e93-426f-b798-8a278c956c5f', '08c62620-f680-4048-9b27-037f80b48801', '2026-01-20T11:14:01.433589', '2026-01-20T11:14:01.433589');
INSERT INTO movie_projections (id, projection_date, projection_time, cinema_hall_id, movie_id, created_at, updated_at) VALUES ('f93d8d8b-23ee-45b2-8242-b072751557da', '2026-02-18', '19:00:00', 'd1d0fc7b-99ab-4013-b293-2525a79b53e0', '08c62620-f680-4048-9b27-037f80b48801', '2026-01-20T11:14:01.433637', '2026-01-20T11:14:01.433637');
INSERT INTO movie_projections (id, projection_date, projection_time, cinema_hall_id, movie_id, created_at, updated_at) VALUES ('f21884e3-bcec-408c-b24c-c118cd8ba1de', '2026-02-03', '10:00:00', '63213e9d-2e93-426f-b798-8a278c956c5f', '08c62620-f680-4048-9b27-037f80b48801', '2026-01-20T11:14:01.433681', '2026-01-20T11:14:01.433681');
INSERT INTO movie_projections (id, projection_date, projection_time, cinema_hall_id, movie_id, created_at, updated_at) VALUES ('e24ba218-8043-4ccf-8f0d-56fe7b53d08a', '2026-01-24', '16:00:00', 'd1d0fc7b-99ab-4013-b293-2525a79b53e0', '08c62620-f680-4048-9b27-037f80b48801', '2026-01-20T11:14:01.433721', '2026-01-20T11:14:01.433721');
INSERT INTO movie_projections (id, projection_date, projection_time, cinema_hall_id, movie_id, created_at, updated_at) VALUES ('dc487af3-51f1-4b8c-ab69-532cd6643304', '2026-02-04', '16:00:00', 'ddcd3553-73bb-45c1-b4b4-92ab25a503d1', '08c62620-f680-4048-9b27-037f80b48801', '2026-01-20T11:14:01.433761', '2026-01-20T11:14:01.433761');
INSERT INTO movie_projections (id, projection_date, projection_time, cinema_hall_id, movie_id, created_at, updated_at) VALUES ('6dbe49e5-fbdb-4d90-aade-4be43d367189', '2026-01-30', '10:00:00', 'ddcd3553-73bb-45c1-b4b4-92ab25a503d1', '08c62620-f680-4048-9b27-037f80b48801', '2026-01-20T11:14:01.433799', '2026-01-20T11:14:01.433799');
INSERT INTO movie_projections (id, projection_date, projection_time, cinema_hall_id, movie_id, created_at, updated_at) VALUES ('2fd7bad9-246e-4e43-b3d7-feaf2bea93e9', '2026-02-03', '19:00:00', '63213e9d-2e93-426f-b798-8a278c956c5f', '08c62620-f680-4048-9b27-037f80b48801', '2026-01-20T11:14:01.433841', '2026-01-20T11:14:01.433841');
INSERT INTO movie_projections (id, projection_date, projection_time, cinema_hall_id, movie_id, created_at, updated_at) VALUES ('946d4b01-b5b2-41d4-bf48-0dd888ee389d', '2026-02-20', '19:00:00', '91119da7-9c00-42bd-9dd6-dd1377d09797', '08c62620-f680-4048-9b27-037f80b48801', '2026-01-20T11:14:01.433883', '2026-01-20T11:14:01.433883');
INSERT INTO movie_projections (id, projection_date, projection_time, cinema_hall_id, movie_id, created_at, updated_at) VALUES ('8dfe9f59-603f-49a6-afc0-e7bb84ef5054', '2026-02-14', '16:00:00', '91119da7-9c00-42bd-9dd6-dd1377d09797', '08c62620-f680-4048-9b27-037f80b48801', '2026-01-20T11:14:01.433925', '2026-01-20T11:14:01.433925');
INSERT INTO movie_projections (id, projection_date, projection_time, cinema_hall_id, movie_id, created_at, updated_at) VALUES ('746159ba-7ad3-44a0-bc39-598308680e1c', '2026-02-05', '10:00:00', 'd1d0fc7b-99ab-4013-b293-2525a79b53e0', '08c62620-f680-4048-9b27-037f80b48801', '2026-01-20T11:14:01.433964', '2026-01-20T11:14:01.433964');
INSERT INTO movie_projections (id, projection_date, projection_time, cinema_hall_id, movie_id, created_at, updated_at) VALUES ('328ad1c4-af3e-493b-b9b4-071d83290194', '2026-02-10', '19:00:00', '6921a3a5-077e-49ba-ba05-dcd55f865512', '08c62620-f680-4048-9b27-037f80b48801', '2026-01-20T11:14:01.434014', '2026-01-20T11:14:01.434014');
INSERT INTO movie_projections (id, projection_date, projection_time, cinema_hall_id, movie_id, created_at, updated_at) VALUES ('78a5152b-7691-4e30-8998-26abc7442174', '2026-02-11', '19:00:00', '346d2a4d-5b04-466c-a9ae-acba644c3285', '08c62620-f680-4048-9b27-037f80b48801', '2026-01-20T11:14:01.434055', '2026-01-20T11:14:01.434055');
INSERT INTO movie_projections (id, projection_date, projection_time, cinema_hall_id, movie_id, created_at, updated_at) VALUES ('df0b873d-f331-485a-857d-4772248ba620', '2026-03-05', '16:00:00', '062dfe0a-6244-46c4-a767-c41a824a30e5', '8f881293-d2c6-4917-bdb2-4194cef73768', '2026-01-20T11:14:01.434129', '2026-01-20T11:14:01.434129');
INSERT INTO movie_projections (id, projection_date, projection_time, cinema_hall_id, movie_id, created_at, updated_at) VALUES ('d9352e4a-a341-4365-b615-28ba2a971458', '2026-02-24', '16:00:00', '346d2a4d-5b04-466c-a9ae-acba644c3285', '8f881293-d2c6-4917-bdb2-4194cef73768', '2026-01-20T11:14:01.434265', '2026-01-20T11:14:01.434265');
INSERT INTO movie_projections (id, projection_date, projection_time, cinema_hall_id, movie_id, created_at, updated_at) VALUES ('33312157-f8a3-46a6-b9e9-c6fc2dafbfc6', '2026-03-17', '16:00:00', 'ddcd3553-73bb-45c1-b4b4-92ab25a503d1', '8f881293-d2c6-4917-bdb2-4194cef73768', '2026-01-20T11:14:01.434312', '2026-01-20T11:14:01.434312');
INSERT INTO movie_projections (id, projection_date, projection_time, cinema_hall_id, movie_id, created_at, updated_at) VALUES ('d2a05c16-a9e1-4d1e-8f2c-2916daa9a36d', '2026-02-09', '19:00:00', 'ddcd3553-73bb-45c1-b4b4-92ab25a503d1', '8f881293-d2c6-4917-bdb2-4194cef73768', '2026-01-20T11:14:01.434354', '2026-01-20T11:14:01.434354');
INSERT INTO movie_projections (id, projection_date, projection_time, cinema_hall_id, movie_id, created_at, updated_at) VALUES ('02e6c335-a710-42fc-b974-9e41022bacf0', '2026-02-06', '19:00:00', '91119da7-9c00-42bd-9dd6-dd1377d09797', '8f881293-d2c6-4917-bdb2-4194cef73768', '2026-01-20T11:14:01.434395', '2026-01-20T11:14:01.434395');
INSERT INTO movie_projections (id, projection_date, projection_time, cinema_hall_id, movie_id, created_at, updated_at) VALUES ('703447c4-a9bb-4348-b155-dfd7c811e854', '2026-03-10', '10:00:00', '7313599b-6813-47c7-8c51-4e3a2ffac29c', '8f881293-d2c6-4917-bdb2-4194cef73768', '2026-01-20T11:14:01.434436', '2026-01-20T11:14:01.434436');
INSERT INTO movie_projections (id, projection_date, projection_time, cinema_hall_id, movie_id, created_at, updated_at) VALUES ('f8c4831c-2cc4-477f-a7af-c888af33ec40', '2026-03-03', '13:00:00', 'ddcd3553-73bb-45c1-b4b4-92ab25a503d1', '8f881293-d2c6-4917-bdb2-4194cef73768', '2026-01-20T11:14:01.434481', '2026-01-20T11:14:01.434481');
INSERT INTO movie_projections (id, projection_date, projection_time, cinema_hall_id, movie_id, created_at, updated_at) VALUES ('370bab40-5294-4a86-bc20-f99dbf8db70c', '2026-03-02', '16:00:00', '91119da7-9c00-42bd-9dd6-dd1377d09797', '8f881293-d2c6-4917-bdb2-4194cef73768', '2026-01-20T11:14:01.434522', '2026-01-20T11:14:01.434522');
INSERT INTO movie_projections (id, projection_date, projection_time, cinema_hall_id, movie_id, created_at, updated_at) VALUES ('10b5c994-4afb-4d3c-ade4-e269427f0c8a', '2026-03-06', '19:00:00', '9ab42b8c-91c1-433a-bfc9-60bda4bffa46', '8f881293-d2c6-4917-bdb2-4194cef73768', '2026-01-20T11:14:01.434567', '2026-01-20T11:14:01.434567');
INSERT INTO movie_projections (id, projection_date, projection_time, cinema_hall_id, movie_id, created_at, updated_at) VALUES ('bdd177d9-c073-451d-bbac-1e9626b1fbec', '2026-01-31', '13:00:00', '91119da7-9c00-42bd-9dd6-dd1377d09797', '8f881293-d2c6-4917-bdb2-4194cef73768', '2026-01-20T11:14:01.434616', '2026-01-20T11:14:01.434616');
INSERT INTO movie_projections (id, projection_date, projection_time, cinema_hall_id, movie_id, created_at, updated_at) VALUES ('4afa5ece-c543-4d4b-832a-1f4bdb996ba4', '2026-02-11', '16:00:00', 'd1d0fc7b-99ab-4013-b293-2525a79b53e0', '8f881293-d2c6-4917-bdb2-4194cef73768', '2026-01-20T11:14:01.434658', '2026-01-20T11:14:01.434658');
INSERT INTO movie_projections (id, projection_date, projection_time, cinema_hall_id, movie_id, created_at, updated_at) VALUES ('868bcffa-5533-4dd1-a827-7abefdb651da', '2026-03-07', '16:00:00', '062dfe0a-6244-46c4-a767-c41a824a30e5', '8f881293-d2c6-4917-bdb2-4194cef73768', '2026-01-20T11:14:01.434700', '2026-01-20T11:14:01.434700');
INSERT INTO movie_projections (id, projection_date, projection_time, cinema_hall_id, movie_id, created_at, updated_at) VALUES ('06a6d14f-178e-4b76-a604-5831202588d7', '2026-02-18', '13:00:00', '7f8bc5ee-1693-4985-acef-abed9e06ff94', '8f881293-d2c6-4917-bdb2-4194cef73768', '2026-01-20T11:14:01.434744', '2026-01-20T11:14:01.434744');
INSERT INTO movie_projections (id, projection_date, projection_time, cinema_hall_id, movie_id, created_at, updated_at) VALUES ('6e3fb2f2-5233-4ea7-a306-c08a64514189', '2026-02-13', '16:00:00', '72d55d6a-24f8-4769-9819-be7323d307a2', '8f881293-d2c6-4917-bdb2-4194cef73768', '2026-01-20T11:14:01.434788', '2026-01-20T11:14:01.434788');
INSERT INTO movie_projections (id, projection_date, projection_time, cinema_hall_id, movie_id, created_at, updated_at) VALUES ('5269ef1f-3c1f-4359-a783-3fbdf655f042', '2026-02-12', '10:00:00', '91119da7-9c00-42bd-9dd6-dd1377d09797', '8f881293-d2c6-4917-bdb2-4194cef73768', '2026-01-20T11:14:01.434840', '2026-01-20T11:14:01.434840');
INSERT INTO movie_projections (id, projection_date, projection_time, cinema_hall_id, movie_id, created_at, updated_at) VALUES ('eb249200-17c9-4754-94c8-c16e633ec449', '2026-01-24', '19:00:00', '6921a3a5-077e-49ba-ba05-dcd55f865512', '8f881293-d2c6-4917-bdb2-4194cef73768', '2026-01-20T11:14:01.434885', '2026-01-20T11:14:01.434885');
INSERT INTO movie_projections (id, projection_date, projection_time, cinema_hall_id, movie_id, created_at, updated_at) VALUES ('f4c90b93-f9c5-4772-9a64-17fcd42c9ed7', '2026-03-08', '10:00:00', '9ab42b8c-91c1-433a-bfc9-60bda4bffa46', '8f881293-d2c6-4917-bdb2-4194cef73768', '2026-01-20T11:14:01.434929', '2026-01-20T11:14:01.434929');
INSERT INTO movie_projections (id, projection_date, projection_time, cinema_hall_id, movie_id, created_at, updated_at) VALUES ('82bf5487-6fc4-4358-92e6-137068d3e6c6', '2026-02-21', '10:00:00', '91119da7-9c00-42bd-9dd6-dd1377d09797', '8f881293-d2c6-4917-bdb2-4194cef73768', '2026-01-20T11:14:01.434968', '2026-01-20T11:14:01.434968');
INSERT INTO movie_projections (id, projection_date, projection_time, cinema_hall_id, movie_id, created_at, updated_at) VALUES ('e8dd7502-9389-4086-9bf0-fb223e7f5d00', '2026-01-29', '19:00:00', '7f8bc5ee-1693-4985-acef-abed9e06ff94', '8f881293-d2c6-4917-bdb2-4194cef73768', '2026-01-20T11:14:01.435005', '2026-01-20T11:14:01.435005');
INSERT INTO movie_projections (id, projection_date, projection_time, cinema_hall_id, movie_id, created_at, updated_at) VALUES ('adb6fe02-00c3-4afb-a414-a095326c9566', '2026-02-17', '13:00:00', 'ddcd3553-73bb-45c1-b4b4-92ab25a503d1', '8f881293-d2c6-4917-bdb2-4194cef73768', '2026-01-20T11:14:01.435045', '2026-01-20T11:14:01.435045');
INSERT INTO movie_projections (id, projection_date, projection_time, cinema_hall_id, movie_id, created_at, updated_at) VALUES ('19dd53c4-6689-4242-be7c-0220659c7fd7', '2026-03-16', '16:00:00', '6921a3a5-077e-49ba-ba05-dcd55f865512', '8f881293-d2c6-4917-bdb2-4194cef73768', '2026-01-20T11:14:01.435087', '2026-01-20T11:14:01.435087');
INSERT INTO movie_projections (id, projection_date, projection_time, cinema_hall_id, movie_id, created_at, updated_at) VALUES ('bf5b1792-396d-4796-900a-e8519036493a', '2026-01-22', '16:00:00', '062dfe0a-6244-46c4-a767-c41a824a30e5', '8f881293-d2c6-4917-bdb2-4194cef73768', '2026-01-20T11:14:01.435152', '2026-01-20T11:14:01.435152');
INSERT INTO movie_projections (id, projection_date, projection_time, cinema_hall_id, movie_id, created_at, updated_at) VALUES ('10cd457f-3b22-41f8-b52b-df4b8f7c3bb0', '2026-03-13', '13:00:00', '72d55d6a-24f8-4769-9819-be7323d307a2', '8f881293-d2c6-4917-bdb2-4194cef73768', '2026-01-20T11:14:01.435200', '2026-01-20T11:14:01.435200');
INSERT INTO movie_projections (id, projection_date, projection_time, cinema_hall_id, movie_id, created_at, updated_at) VALUES ('cd641c76-b93f-4322-8e8c-a68339e4290e', '2026-03-11', '19:00:00', '9ab42b8c-91c1-433a-bfc9-60bda4bffa46', '8f881293-d2c6-4917-bdb2-4194cef73768', '2026-01-20T11:14:01.435243', '2026-01-20T11:14:01.435243');
INSERT INTO movie_projections (id, projection_date, projection_time, cinema_hall_id, movie_id, created_at, updated_at) VALUES ('6fbe0098-3e38-492b-8481-75b8732882c6', '2026-02-14', '13:00:00', '6921a3a5-077e-49ba-ba05-dcd55f865512', '8f881293-d2c6-4917-bdb2-4194cef73768', '2026-01-20T11:14:01.435285', '2026-01-20T11:14:01.435285');
INSERT INTO movie_projections (id, projection_date, projection_time, cinema_hall_id, movie_id, created_at, updated_at) VALUES ('23a54b22-59ce-4b87-b443-364030dd66c6', '2026-02-06', '19:00:00', 'd1d0fc7b-99ab-4013-b293-2525a79b53e0', '8f881293-d2c6-4917-bdb2-4194cef73768', '2026-01-20T11:14:01.435327', '2026-01-20T11:14:01.435327');
INSERT INTO movie_projections (id, projection_date, projection_time, cinema_hall_id, movie_id, created_at, updated_at) VALUES ('02bb0ef5-7294-4b21-ae98-6ec9a0799fa2', '2026-02-21', '13:00:00', '062dfe0a-6244-46c4-a767-c41a824a30e5', '8f881293-d2c6-4917-bdb2-4194cef73768', '2026-01-20T11:14:01.435370', '2026-01-20T11:14:01.435370');
INSERT INTO movie_projections (id, projection_date, projection_time, cinema_hall_id, movie_id, created_at, updated_at) VALUES ('8faef25d-ce5b-4ad3-92bb-07a53493ee82', '2026-03-06', '16:00:00', 'd1d0fc7b-99ab-4013-b293-2525a79b53e0', '8f881293-d2c6-4917-bdb2-4194cef73768', '2026-01-20T11:14:01.435413', '2026-01-20T11:14:01.435413');
INSERT INTO movie_projections (id, projection_date, projection_time, cinema_hall_id, movie_id, created_at, updated_at) VALUES ('08c4ac16-c058-421f-983d-1642761654a1', '2026-03-19', '10:00:00', '7f8bc5ee-1693-4985-acef-abed9e06ff94', '8f881293-d2c6-4917-bdb2-4194cef73768', '2026-01-20T11:14:01.435454', '2026-01-20T11:14:01.435454');
INSERT INTO movie_projections (id, projection_date, projection_time, cinema_hall_id, movie_id, created_at, updated_at) VALUES ('855fd487-ccde-48c7-9367-933460767bd5', '2026-03-10', '10:00:00', '062dfe0a-6244-46c4-a767-c41a824a30e5', '8f881293-d2c6-4917-bdb2-4194cef73768', '2026-01-20T11:14:01.435499', '2026-01-20T11:14:01.435499');
INSERT INTO movie_projections (id, projection_date, projection_time, cinema_hall_id, movie_id, created_at, updated_at) VALUES ('201c0a34-4546-479f-8efb-1b4470d51979', '2026-03-01', '16:00:00', 'ddcd3553-73bb-45c1-b4b4-92ab25a503d1', '8f881293-d2c6-4917-bdb2-4194cef73768', '2026-01-20T11:14:01.435546', '2026-01-20T11:14:01.435546');
INSERT INTO movie_projections (id, projection_date, projection_time, cinema_hall_id, movie_id, created_at, updated_at) VALUES ('d32da839-a8bc-4f0b-9d03-15bdadbf5be1', '2026-03-15', '19:00:00', '72d55d6a-24f8-4769-9819-be7323d307a2', '8f881293-d2c6-4917-bdb2-4194cef73768', '2026-01-20T11:14:01.435588', '2026-01-20T11:14:01.435588');
INSERT INTO movie_projections (id, projection_date, projection_time, cinema_hall_id, movie_id, created_at, updated_at) VALUES ('c9129ed7-daa3-4342-b5ff-d76b1e795319', '2026-02-01', '16:00:00', '63213e9d-2e93-426f-b798-8a278c956c5f', '8f881293-d2c6-4917-bdb2-4194cef73768', '2026-01-20T11:14:01.435628', '2026-01-20T11:14:01.435628');
INSERT INTO movie_projections (id, projection_date, projection_time, cinema_hall_id, movie_id, created_at, updated_at) VALUES ('40a62416-2da3-444b-b085-125134daac9d', '2026-03-12', '10:00:00', '7313599b-6813-47c7-8c51-4e3a2ffac29c', '8f881293-d2c6-4917-bdb2-4194cef73768', '2026-01-20T11:14:01.435671', '2026-01-20T11:14:01.435671');
INSERT INTO movie_projections (id, projection_date, projection_time, cinema_hall_id, movie_id, created_at, updated_at) VALUES ('9a0fbaa6-77e6-4f6c-bf08-42f5baee67a7', '2026-01-23', '10:00:00', '7f8bc5ee-1693-4985-acef-abed9e06ff94', '8f881293-d2c6-4917-bdb2-4194cef73768', '2026-01-20T11:14:01.435714', '2026-01-20T11:14:01.435714');
INSERT INTO movie_projections (id, projection_date, projection_time, cinema_hall_id, movie_id, created_at, updated_at) VALUES ('2544a6e3-02f2-4461-86e4-8e38e15b5788', '2026-02-03', '13:00:00', 'd1d0fc7b-99ab-4013-b293-2525a79b53e0', '8f881293-d2c6-4917-bdb2-4194cef73768', '2026-01-20T11:14:01.435755', '2026-01-20T11:14:01.435755');
INSERT INTO movie_projections (id, projection_date, projection_time, cinema_hall_id, movie_id, created_at, updated_at) VALUES ('cdfca26f-2f3f-40e7-88b5-4c738c961989', '2026-01-26', '10:00:00', '062dfe0a-6244-46c4-a767-c41a824a30e5', '8f881293-d2c6-4917-bdb2-4194cef73768', '2026-01-20T11:14:01.435798', '2026-01-20T11:14:01.435798');
INSERT INTO movie_projections (id, projection_date, projection_time, cinema_hall_id, movie_id, created_at, updated_at) VALUES ('d71e2778-52b0-4cf3-88e8-6d3ff011a520', '2026-03-17', '13:00:00', '7f8bc5ee-1693-4985-acef-abed9e06ff94', '8f881293-d2c6-4917-bdb2-4194cef73768', '2026-01-20T11:14:01.435839', '2026-01-20T11:14:01.435839');
INSERT INTO movie_projections (id, projection_date, projection_time, cinema_hall_id, movie_id, created_at, updated_at) VALUES ('a260cae9-6c5d-47ac-b5d1-19586f53baeb', '2026-02-09', '13:00:00', '7313599b-6813-47c7-8c51-4e3a2ffac29c', '8f881293-d2c6-4917-bdb2-4194cef73768', '2026-01-20T11:14:01.435882', '2026-01-20T11:14:01.435882');
INSERT INTO movie_projections (id, projection_date, projection_time, cinema_hall_id, movie_id, created_at, updated_at) VALUES ('b5c4d65e-07e6-4cb9-a470-3f05dcab53f2', '2026-03-08', '16:00:00', '9ab42b8c-91c1-433a-bfc9-60bda4bffa46', '8f881293-d2c6-4917-bdb2-4194cef73768', '2026-01-20T11:14:01.435926', '2026-01-20T11:14:01.435926');
INSERT INTO movie_projections (id, projection_date, projection_time, cinema_hall_id, movie_id, created_at, updated_at) VALUES ('d448536d-b2b8-4ca1-b672-792e8996306b', '2026-02-15', '10:00:00', '062dfe0a-6244-46c4-a767-c41a824a30e5', 'dec51c20-5ed8-4a04-a8eb-0ffcecebeed3', '2026-01-20T11:14:01.435974', '2026-01-20T11:14:01.435974');
INSERT INTO movie_projections (id, projection_date, projection_time, cinema_hall_id, movie_id, created_at, updated_at) VALUES ('fc59c3cf-fb58-4e25-9bca-6fd8dada1ba9', '2026-03-23', '10:00:00', '346d2a4d-5b04-466c-a9ae-acba644c3285', 'dec51c20-5ed8-4a04-a8eb-0ffcecebeed3', '2026-01-20T11:14:01.436016', '2026-01-20T11:14:01.436016');
INSERT INTO movie_projections (id, projection_date, projection_time, cinema_hall_id, movie_id, created_at, updated_at) VALUES ('af25dad9-71ab-48ab-b457-7b81057d2c51', '2026-02-02', '10:00:00', '062dfe0a-6244-46c4-a767-c41a824a30e5', 'dec51c20-5ed8-4a04-a8eb-0ffcecebeed3', '2026-01-20T11:14:01.436057', '2026-01-20T11:14:01.436057');
INSERT INTO movie_projections (id, projection_date, projection_time, cinema_hall_id, movie_id, created_at, updated_at) VALUES ('a02d790b-3cde-4e3f-8954-5e199855d3ef', '2026-04-16', '10:00:00', '63213e9d-2e93-426f-b798-8a278c956c5f', 'dec51c20-5ed8-4a04-a8eb-0ffcecebeed3', '2026-01-20T11:14:01.436117', '2026-01-20T11:14:01.436117');
INSERT INTO movie_projections (id, projection_date, projection_time, cinema_hall_id, movie_id, created_at, updated_at) VALUES ('74b97c97-c825-4dbf-b2a2-95b460e2a9cc', '2026-02-06', '16:00:00', '9ab42b8c-91c1-433a-bfc9-60bda4bffa46', 'dec51c20-5ed8-4a04-a8eb-0ffcecebeed3', '2026-01-20T11:14:01.436162', '2026-01-20T11:14:01.436162');
INSERT INTO movie_projections (id, projection_date, projection_time, cinema_hall_id, movie_id, created_at, updated_at) VALUES ('a262149e-6e88-4fc1-a42b-ae685bd08201', '2026-01-22', '10:00:00', '9ab42b8c-91c1-433a-bfc9-60bda4bffa46', 'dec51c20-5ed8-4a04-a8eb-0ffcecebeed3', '2026-01-20T11:14:01.436206', '2026-01-20T11:14:01.436206');
INSERT INTO movie_projections (id, projection_date, projection_time, cinema_hall_id, movie_id, created_at, updated_at) VALUES ('962d081e-b55a-40c6-8c75-eca52fede895', '2026-03-21', '10:00:00', '6921a3a5-077e-49ba-ba05-dcd55f865512', 'dec51c20-5ed8-4a04-a8eb-0ffcecebeed3', '2026-01-20T11:14:01.436248', '2026-01-20T11:14:01.436248');
INSERT INTO movie_projections (id, projection_date, projection_time, cinema_hall_id, movie_id, created_at, updated_at) VALUES ('7d30c2aa-71f3-43ff-ac2e-e6e1767dec66', '2026-01-21', '10:00:00', '062dfe0a-6244-46c4-a767-c41a824a30e5', 'dec51c20-5ed8-4a04-a8eb-0ffcecebeed3', '2026-01-20T11:14:01.436286', '2026-01-20T11:14:01.436286');
INSERT INTO movie_projections (id, projection_date, projection_time, cinema_hall_id, movie_id, created_at, updated_at) VALUES ('30f0e703-0fda-4aeb-bd7a-27f1b4c6efb3', '2026-03-27', '13:00:00', '7313599b-6813-47c7-8c51-4e3a2ffac29c', 'dec51c20-5ed8-4a04-a8eb-0ffcecebeed3', '2026-01-20T11:14:01.436324', '2026-01-20T11:14:01.436324');
INSERT INTO movie_projections (id, projection_date, projection_time, cinema_hall_id, movie_id, created_at, updated_at) VALUES ('999da56e-8303-4ea9-8a5e-4947e2b084a3', '2026-02-13', '16:00:00', 'ddcd3553-73bb-45c1-b4b4-92ab25a503d1', 'dec51c20-5ed8-4a04-a8eb-0ffcecebeed3', '2026-01-20T11:14:01.436363', '2026-01-20T11:14:01.436363');
INSERT INTO movie_projections (id, projection_date, projection_time, cinema_hall_id, movie_id, created_at, updated_at) VALUES ('d1d99d39-4e4e-4229-a513-02d942557554', '2026-04-07', '19:00:00', '63213e9d-2e93-426f-b798-8a278c956c5f', 'dec51c20-5ed8-4a04-a8eb-0ffcecebeed3', '2026-01-20T11:14:01.436404', '2026-01-20T11:14:01.436404');
INSERT INTO movie_projections (id, projection_date, projection_time, cinema_hall_id, movie_id, created_at, updated_at) VALUES ('d69d78b3-2165-4b09-b67e-e36df380100e', '2026-02-07', '16:00:00', '91119da7-9c00-42bd-9dd6-dd1377d09797', 'dec51c20-5ed8-4a04-a8eb-0ffcecebeed3', '2026-01-20T11:14:01.436448', '2026-01-20T11:14:01.436448');
INSERT INTO movie_projections (id, projection_date, projection_time, cinema_hall_id, movie_id, created_at, updated_at) VALUES ('cc81ef33-6268-41c4-8b1d-360d582cb27a', '2026-04-02', '10:00:00', '9ab42b8c-91c1-433a-bfc9-60bda4bffa46', 'dec51c20-5ed8-4a04-a8eb-0ffcecebeed3', '2026-01-20T11:14:01.436490', '2026-01-20T11:14:01.436490');
INSERT INTO movie_projections (id, projection_date, projection_time, cinema_hall_id, movie_id, created_at, updated_at) VALUES ('0fce523b-83a3-4108-8c5a-af2d34a9044a', '2026-02-15', '16:00:00', '062dfe0a-6244-46c4-a767-c41a824a30e5', 'dec51c20-5ed8-4a04-a8eb-0ffcecebeed3', '2026-01-20T11:14:01.436538', '2026-01-20T11:14:01.436538');
INSERT INTO movie_projections (id, projection_date, projection_time, cinema_hall_id, movie_id, created_at, updated_at) VALUES ('b44fc176-4eb3-418b-b20f-09bf9b54a6f7', '2026-04-15', '13:00:00', 'ddcd3553-73bb-45c1-b4b4-92ab25a503d1', 'dec51c20-5ed8-4a04-a8eb-0ffcecebeed3', '2026-01-20T11:14:01.436584', '2026-01-20T11:14:01.436584');
INSERT INTO movie_projections (id, projection_date, projection_time, cinema_hall_id, movie_id, created_at, updated_at) VALUES ('d570704f-8e5b-4f49-b8e3-4014ec7a5270', '2026-03-12', '13:00:00', '63213e9d-2e93-426f-b798-8a278c956c5f', 'dec51c20-5ed8-4a04-a8eb-0ffcecebeed3', '2026-01-20T11:14:01.436628', '2026-01-20T11:14:01.436628');
INSERT INTO movie_projections (id, projection_date, projection_time, cinema_hall_id, movie_id, created_at, updated_at) VALUES ('1f4b561d-3d2f-4096-b27f-d1bad37a6b66', '2026-01-20', '19:00:00', '6921a3a5-077e-49ba-ba05-dcd55f865512', 'dec51c20-5ed8-4a04-a8eb-0ffcecebeed3', '2026-01-20T11:14:01.436669', '2026-01-20T11:14:01.436669');
INSERT INTO movie_projections (id, projection_date, projection_time, cinema_hall_id, movie_id, created_at, updated_at) VALUES ('bbb7bdaa-540e-400e-b065-60e077f4ae8c', '2026-02-02', '10:00:00', '91119da7-9c00-42bd-9dd6-dd1377d09797', 'dec51c20-5ed8-4a04-a8eb-0ffcecebeed3', '2026-01-20T11:14:01.436711', '2026-01-20T11:14:01.436711');
INSERT INTO movie_projections (id, projection_date, projection_time, cinema_hall_id, movie_id, created_at, updated_at) VALUES ('bb78dc7f-27a8-48b0-b47b-b8665b4fe4a8', '2026-03-05', '16:00:00', '7313599b-6813-47c7-8c51-4e3a2ffac29c', 'dec51c20-5ed8-4a04-a8eb-0ffcecebeed3', '2026-01-20T11:14:01.436751', '2026-01-20T11:14:01.436751');
INSERT INTO movie_projections (id, projection_date, projection_time, cinema_hall_id, movie_id, created_at, updated_at) VALUES ('95d66df9-daa0-496a-a49b-079d99e16af8', '2026-01-21', '13:00:00', '7f8bc5ee-1693-4985-acef-abed9e06ff94', 'dec51c20-5ed8-4a04-a8eb-0ffcecebeed3', '2026-01-20T11:14:01.436793', '2026-01-20T11:14:01.436793');
INSERT INTO movie_projections (id, projection_date, projection_time, cinema_hall_id, movie_id, created_at, updated_at) VALUES ('5766f955-ddd3-49cf-b9c8-8f5fd418bc02', '2026-04-07', '19:00:00', 'ddcd3553-73bb-45c1-b4b4-92ab25a503d1', 'dec51c20-5ed8-4a04-a8eb-0ffcecebeed3', '2026-01-20T11:14:01.436835', '2026-01-20T11:14:01.436835');
INSERT INTO movie_projections (id, projection_date, projection_time, cinema_hall_id, movie_id, created_at, updated_at) VALUES ('668621d1-d562-477a-86fe-1f132d60cc3e', '2026-02-01', '10:00:00', '346d2a4d-5b04-466c-a9ae-acba644c3285', 'dec51c20-5ed8-4a04-a8eb-0ffcecebeed3', '2026-01-20T11:14:01.436879', '2026-01-20T11:14:01.436879');
INSERT INTO movie_projections (id, projection_date, projection_time, cinema_hall_id, movie_id, created_at, updated_at) VALUES ('2a6d4652-a7b5-4625-b468-70a80a81a0d7', '2026-02-20', '19:00:00', '7313599b-6813-47c7-8c51-4e3a2ffac29c', 'dec51c20-5ed8-4a04-a8eb-0ffcecebeed3', '2026-01-20T11:14:01.436922', '2026-01-20T11:14:01.436922');
INSERT INTO movie_projections (id, projection_date, projection_time, cinema_hall_id, movie_id, created_at, updated_at) VALUES ('94e610dc-a0c5-44b2-a6a4-74cb7ccfd755', '2026-02-03', '13:00:00', '7313599b-6813-47c7-8c51-4e3a2ffac29c', 'dec51c20-5ed8-4a04-a8eb-0ffcecebeed3', '2026-01-20T11:14:01.436961', '2026-01-20T11:14:01.436961');
INSERT INTO movie_projections (id, projection_date, projection_time, cinema_hall_id, movie_id, created_at, updated_at) VALUES ('ee7fe679-b727-47e3-9cb3-6faaba40de7f', '2026-03-11', '10:00:00', '062dfe0a-6244-46c4-a767-c41a824a30e5', 'dec51c20-5ed8-4a04-a8eb-0ffcecebeed3', '2026-01-20T11:14:01.436998', '2026-01-20T11:14:01.436998');
INSERT INTO movie_projections (id, projection_date, projection_time, cinema_hall_id, movie_id, created_at, updated_at) VALUES ('5ce97fe8-b47a-4350-b3c5-b99db6088f13', '2026-03-19', '13:00:00', '91119da7-9c00-42bd-9dd6-dd1377d09797', 'dec51c20-5ed8-4a04-a8eb-0ffcecebeed3', '2026-01-20T11:14:01.437040', '2026-01-20T11:14:01.437040');
INSERT INTO movie_projections (id, projection_date, projection_time, cinema_hall_id, movie_id, created_at, updated_at) VALUES ('64bf296a-011f-43f7-a827-6393920bf96e', '2026-03-09', '16:00:00', '63213e9d-2e93-426f-b798-8a278c956c5f', 'dec51c20-5ed8-4a04-a8eb-0ffcecebeed3', '2026-01-20T11:14:01.437081', '2026-01-20T11:14:01.437081');
INSERT INTO movie_projections (id, projection_date, projection_time, cinema_hall_id, movie_id, created_at, updated_at) VALUES ('d6d9b80e-1d95-4e63-b005-b3ce67faabce', '2026-03-27', '19:00:00', '062dfe0a-6244-46c4-a767-c41a824a30e5', 'dec51c20-5ed8-4a04-a8eb-0ffcecebeed3', '2026-01-20T11:14:01.437142', '2026-01-20T11:14:01.437142');
INSERT INTO movie_projections (id, projection_date, projection_time, cinema_hall_id, movie_id, created_at, updated_at) VALUES ('d6709d24-1a43-4e63-9187-f23b934648e1', '2026-02-04', '13:00:00', '63213e9d-2e93-426f-b798-8a278c956c5f', 'dec51c20-5ed8-4a04-a8eb-0ffcecebeed3', '2026-01-20T11:14:01.437185', '2026-01-20T11:14:01.437185');
INSERT INTO movie_projections (id, projection_date, projection_time, cinema_hall_id, movie_id, created_at, updated_at) VALUES ('da3d445f-0f0b-4616-89f3-97aa80333e01', '2026-04-07', '16:00:00', '346d2a4d-5b04-466c-a9ae-acba644c3285', 'dec51c20-5ed8-4a04-a8eb-0ffcecebeed3', '2026-01-20T11:14:01.437230', '2026-01-20T11:14:01.437230');
INSERT INTO movie_projections (id, projection_date, projection_time, cinema_hall_id, movie_id, created_at, updated_at) VALUES ('d6ccb94b-c946-43b5-844f-d131d92b49ae', '2026-03-05', '10:00:00', '72d55d6a-24f8-4769-9819-be7323d307a2', 'dec51c20-5ed8-4a04-a8eb-0ffcecebeed3', '2026-01-20T11:14:01.437278', '2026-01-20T11:14:01.437278');
INSERT INTO movie_projections (id, projection_date, projection_time, cinema_hall_id, movie_id, created_at, updated_at) VALUES ('6ffcf363-28ec-46f5-b167-267a6a0d9b5a', '2026-03-28', '10:00:00', 'ddcd3553-73bb-45c1-b4b4-92ab25a503d1', 'dec51c20-5ed8-4a04-a8eb-0ffcecebeed3', '2026-01-20T11:14:01.437320', '2026-01-20T11:14:01.437320');
INSERT INTO movie_projections (id, projection_date, projection_time, cinema_hall_id, movie_id, created_at, updated_at) VALUES ('4f93beae-b160-44e1-8809-4c3991d783d8', '2026-02-21', '10:00:00', '7f8bc5ee-1693-4985-acef-abed9e06ff94', 'dec51c20-5ed8-4a04-a8eb-0ffcecebeed3', '2026-01-20T11:14:01.437362', '2026-01-20T11:14:01.437362');
INSERT INTO movie_projections (id, projection_date, projection_time, cinema_hall_id, movie_id, created_at, updated_at) VALUES ('17b258e9-faac-4159-b578-0760a6fd5a54', '2026-03-27', '19:00:00', '91119da7-9c00-42bd-9dd6-dd1377d09797', 'dec51c20-5ed8-4a04-a8eb-0ffcecebeed3', '2026-01-20T11:14:01.437402', '2026-01-20T11:14:01.437402');
INSERT INTO movie_projections (id, projection_date, projection_time, cinema_hall_id, movie_id, created_at, updated_at) VALUES ('925b72d2-84c4-42c5-b7a5-b97325790515', '2026-02-21', '16:00:00', '7313599b-6813-47c7-8c51-4e3a2ffac29c', 'dec51c20-5ed8-4a04-a8eb-0ffcecebeed3', '2026-01-20T11:14:01.437443', '2026-01-20T11:14:01.437443');
INSERT INTO movie_projections (id, projection_date, projection_time, cinema_hall_id, movie_id, created_at, updated_at) VALUES ('6e49fd83-628f-4c62-94ee-91a45703f606', '2026-01-27', '19:00:00', '91119da7-9c00-42bd-9dd6-dd1377d09797', 'dec51c20-5ed8-4a04-a8eb-0ffcecebeed3', '2026-01-20T11:14:01.437484', '2026-01-20T11:14:01.437484');
INSERT INTO movie_projections (id, projection_date, projection_time, cinema_hall_id, movie_id, created_at, updated_at) VALUES ('1e704c7b-646f-4fe8-9682-b3bb5899955e', '2026-02-07', '13:00:00', '062dfe0a-6244-46c4-a767-c41a824a30e5', 'dec51c20-5ed8-4a04-a8eb-0ffcecebeed3', '2026-01-20T11:14:01.437525', '2026-01-20T11:14:01.437525');
INSERT INTO movie_projections (id, projection_date, projection_time, cinema_hall_id, movie_id, created_at, updated_at) VALUES ('f08db81d-b1b7-40fb-aae5-c8a1f8720a0f', '2026-03-17', '16:00:00', '91119da7-9c00-42bd-9dd6-dd1377d09797', 'dec51c20-5ed8-4a04-a8eb-0ffcecebeed3', '2026-01-20T11:14:01.437618', '2026-01-20T11:14:01.437618');
INSERT INTO movie_projections (id, projection_date, projection_time, cinema_hall_id, movie_id, created_at, updated_at) VALUES ('e5900ee0-0c2e-48ab-b6d7-1b259f9f0d40', '2026-01-20', '13:00:00', 'd1d0fc7b-99ab-4013-b293-2525a79b53e0', 'dec51c20-5ed8-4a04-a8eb-0ffcecebeed3', '2026-01-20T11:14:01.437666', '2026-01-20T11:14:01.437666');
INSERT INTO movie_projections (id, projection_date, projection_time, cinema_hall_id, movie_id, created_at, updated_at) VALUES ('6dc22d65-5c33-433c-a762-3ba0c5b51052', '2026-04-18', '16:00:00', 'd1d0fc7b-99ab-4013-b293-2525a79b53e0', 'dec51c20-5ed8-4a04-a8eb-0ffcecebeed3', '2026-01-20T11:14:01.437708', '2026-01-20T11:14:01.437708');
INSERT INTO movie_projections (id, projection_date, projection_time, cinema_hall_id, movie_id, created_at, updated_at) VALUES ('6bda8b2f-7391-424b-9399-2c1452eb39bf', '2026-02-10', '19:00:00', '062dfe0a-6244-46c4-a767-c41a824a30e5', '1dbc238f-7dac-4a72-a3ec-2c2e3f3a8a10', '2026-01-20T11:14:01.437754', '2026-01-20T11:14:01.437754');
INSERT INTO movie_projections (id, projection_date, projection_time, cinema_hall_id, movie_id, created_at, updated_at) VALUES ('3ca83f3b-9cae-4e44-a35b-590a4f246d7b', '2026-02-21', '19:00:00', '63213e9d-2e93-426f-b798-8a278c956c5f', '1dbc238f-7dac-4a72-a3ec-2c2e3f3a8a10', '2026-01-20T11:14:01.437800', '2026-01-20T11:14:01.437800');
INSERT INTO movie_projections (id, projection_date, projection_time, cinema_hall_id, movie_id, created_at, updated_at) VALUES ('08598450-fa68-4d92-8b69-0bfd873531bf', '2026-02-12', '16:00:00', '062dfe0a-6244-46c4-a767-c41a824a30e5', '1dbc238f-7dac-4a72-a3ec-2c2e3f3a8a10', '2026-01-20T11:14:01.437844', '2026-01-20T11:14:01.437844');
INSERT INTO movie_projections (id, projection_date, projection_time, cinema_hall_id, movie_id, created_at, updated_at) VALUES ('d5279858-fd49-415a-a18c-d130c6c164e8', '2026-02-12', '16:00:00', '9ab42b8c-91c1-433a-bfc9-60bda4bffa46', '1dbc238f-7dac-4a72-a3ec-2c2e3f3a8a10', '2026-01-20T11:14:01.437886', '2026-01-20T11:14:01.437886');
INSERT INTO movie_projections (id, projection_date, projection_time, cinema_hall_id, movie_id, created_at, updated_at) VALUES ('b4e79733-6f5d-40ed-a347-a89e4edf65f5', '2026-02-23', '10:00:00', 'ddcd3553-73bb-45c1-b4b4-92ab25a503d1', '1dbc238f-7dac-4a72-a3ec-2c2e3f3a8a10', '2026-01-20T11:14:01.437928', '2026-01-20T11:14:01.437928');
INSERT INTO movie_projections (id, projection_date, projection_time, cinema_hall_id, movie_id, created_at, updated_at) VALUES ('c60cc91f-fcb5-456d-8340-9bc176dc64ee', '2026-02-08', '19:00:00', '346d2a4d-5b04-466c-a9ae-acba644c3285', '1dbc238f-7dac-4a72-a3ec-2c2e3f3a8a10', '2026-01-20T11:14:01.437971', '2026-01-20T11:14:01.437971');
INSERT INTO movie_projections (id, projection_date, projection_time, cinema_hall_id, movie_id, created_at, updated_at) VALUES ('015a7f15-4df0-4591-bbe1-54a54193b616', '2026-01-28', '13:00:00', '9ab42b8c-91c1-433a-bfc9-60bda4bffa46', '1dbc238f-7dac-4a72-a3ec-2c2e3f3a8a10', '2026-01-20T11:14:01.438016', '2026-01-20T11:14:01.438016');
INSERT INTO movie_projections (id, projection_date, projection_time, cinema_hall_id, movie_id, created_at, updated_at) VALUES ('a0cedca1-82e0-4a50-bfc5-01db31eaeede', '2026-01-21', '10:00:00', 'd1d0fc7b-99ab-4013-b293-2525a79b53e0', '1dbc238f-7dac-4a72-a3ec-2c2e3f3a8a10', '2026-01-20T11:14:01.438058', '2026-01-20T11:14:01.438058');
INSERT INTO movie_projections (id, projection_date, projection_time, cinema_hall_id, movie_id, created_at, updated_at) VALUES ('db7f533c-824a-4cc1-876e-34a4145f7db1', '2026-01-20', '16:00:00', '91119da7-9c00-42bd-9dd6-dd1377d09797', '1dbc238f-7dac-4a72-a3ec-2c2e3f3a8a10', '2026-01-20T11:14:01.438120', '2026-01-20T11:14:01.438120');
INSERT INTO movie_projections (id, projection_date, projection_time, cinema_hall_id, movie_id, created_at, updated_at) VALUES ('f7e6ec58-47cc-43d1-997a-0c516ad39679', '2026-01-31', '19:00:00', '7f8bc5ee-1693-4985-acef-abed9e06ff94', '1dbc238f-7dac-4a72-a3ec-2c2e3f3a8a10', '2026-01-20T11:14:01.438166', '2026-01-20T11:14:01.438166');
INSERT INTO movie_projections (id, projection_date, projection_time, cinema_hall_id, movie_id, created_at, updated_at) VALUES ('108f81bc-922a-4db8-a12c-57ca7b83ccf1', '2026-02-09', '16:00:00', '9ab42b8c-91c1-433a-bfc9-60bda4bffa46', '1dbc238f-7dac-4a72-a3ec-2c2e3f3a8a10', '2026-01-20T11:14:01.438208', '2026-01-20T11:14:01.438208');
INSERT INTO movie_projections (id, projection_date, projection_time, cinema_hall_id, movie_id, created_at, updated_at) VALUES ('c05112ac-8121-4aa5-b1ca-9d5b767ffe60', '2026-02-21', '10:00:00', '63213e9d-2e93-426f-b798-8a278c956c5f', '1dbc238f-7dac-4a72-a3ec-2c2e3f3a8a10', '2026-01-20T11:14:01.438249', '2026-01-20T11:14:01.438249');
INSERT INTO movie_projections (id, projection_date, projection_time, cinema_hall_id, movie_id, created_at, updated_at) VALUES ('1eb75cb6-30f7-4b3a-a87f-4f1e5c60c2ee', '2026-02-21', '16:00:00', '062dfe0a-6244-46c4-a767-c41a824a30e5', '1dbc238f-7dac-4a72-a3ec-2c2e3f3a8a10', '2026-01-20T11:14:01.438290', '2026-01-20T11:14:01.438290');
INSERT INTO movie_projections (id, projection_date, projection_time, cinema_hall_id, movie_id, created_at, updated_at) VALUES ('8f4f39ae-1a29-4b06-8694-e091efb2bc8b', '2026-02-02', '16:00:00', '63213e9d-2e93-426f-b798-8a278c956c5f', '1dbc238f-7dac-4a72-a3ec-2c2e3f3a8a10', '2026-01-20T11:14:01.438332', '2026-01-20T11:14:01.438332');
INSERT INTO movie_projections (id, projection_date, projection_time, cinema_hall_id, movie_id, created_at, updated_at) VALUES ('84cb8ff1-a8c8-4a54-a17c-cd0191892d98', '2026-02-13', '10:00:00', '346d2a4d-5b04-466c-a9ae-acba644c3285', '1dbc238f-7dac-4a72-a3ec-2c2e3f3a8a10', '2026-01-20T11:14:01.438377', '2026-01-20T11:14:01.438377');
INSERT INTO movie_projections (id, projection_date, projection_time, cinema_hall_id, movie_id, created_at, updated_at) VALUES ('0224c59a-1bff-4662-89da-bafce6264abd', '2026-02-11', '19:00:00', 'ddcd3553-73bb-45c1-b4b4-92ab25a503d1', '1dbc238f-7dac-4a72-a3ec-2c2e3f3a8a10', '2026-01-20T11:14:01.438420', '2026-01-20T11:14:01.438420');
INSERT INTO movie_projections (id, projection_date, projection_time, cinema_hall_id, movie_id, created_at, updated_at) VALUES ('825b3400-5850-4f62-96f6-4e0711fdd7c6', '2026-02-03', '19:00:00', '9ab42b8c-91c1-433a-bfc9-60bda4bffa46', '1dbc238f-7dac-4a72-a3ec-2c2e3f3a8a10', '2026-01-20T11:14:01.438458', '2026-01-20T11:14:01.438458');
INSERT INTO movie_projections (id, projection_date, projection_time, cinema_hall_id, movie_id, created_at, updated_at) VALUES ('1bdfc6bf-3169-4e06-8228-3dc44345a33c', '2026-02-18', '16:00:00', '7f8bc5ee-1693-4985-acef-abed9e06ff94', '1dbc238f-7dac-4a72-a3ec-2c2e3f3a8a10', '2026-01-20T11:14:01.438500', '2026-01-20T11:14:01.438500');
INSERT INTO movie_projections (id, projection_date, projection_time, cinema_hall_id, movie_id, created_at, updated_at) VALUES ('ab9b50dd-01c1-443b-9f6c-6329e4639fbc', '2026-01-26', '16:00:00', '72d55d6a-24f8-4769-9819-be7323d307a2', '1dbc238f-7dac-4a72-a3ec-2c2e3f3a8a10', '2026-01-20T11:14:01.438541', '2026-01-20T11:14:01.438541');
INSERT INTO movie_projections (id, projection_date, projection_time, cinema_hall_id, movie_id, created_at, updated_at) VALUES ('c4a2649b-1ee8-4c87-baea-778a76563093', '2026-02-07', '19:00:00', '7313599b-6813-47c7-8c51-4e3a2ffac29c', '1dbc238f-7dac-4a72-a3ec-2c2e3f3a8a10', '2026-01-20T11:14:01.438583', '2026-01-20T11:14:01.438583');
INSERT INTO movie_projections (id, projection_date, projection_time, cinema_hall_id, movie_id, created_at, updated_at) VALUES ('5cb228e4-ff87-49c6-98cd-48b6ecd587f6', '2026-02-12', '19:00:00', '7f8bc5ee-1693-4985-acef-abed9e06ff94', '1dbc238f-7dac-4a72-a3ec-2c2e3f3a8a10', '2026-01-20T11:14:01.438623', '2026-01-20T11:14:01.438623');
INSERT INTO movie_projections (id, projection_date, projection_time, cinema_hall_id, movie_id, created_at, updated_at) VALUES ('ffcf0604-c7ee-4911-b68d-5d93f9f8a0f9', '2026-02-19', '19:00:00', '6921a3a5-077e-49ba-ba05-dcd55f865512', '1dbc238f-7dac-4a72-a3ec-2c2e3f3a8a10', '2026-01-20T11:14:01.438665', '2026-01-20T11:14:01.438665');
INSERT INTO movie_projections (id, projection_date, projection_time, cinema_hall_id, movie_id, created_at, updated_at) VALUES ('6a47847b-65ae-4b18-9516-37bf0b740905', '2026-02-10', '10:00:00', 'ddcd3553-73bb-45c1-b4b4-92ab25a503d1', '1dbc238f-7dac-4a72-a3ec-2c2e3f3a8a10', '2026-01-20T11:14:01.438712', '2026-01-20T11:14:01.438712');
INSERT INTO movie_projections (id, projection_date, projection_time, cinema_hall_id, movie_id, created_at, updated_at) VALUES ('a1044ad3-b3cd-45f7-9866-9a55d98c6a4f', '2026-01-26', '10:00:00', 'ddcd3553-73bb-45c1-b4b4-92ab25a503d1', '1dbc238f-7dac-4a72-a3ec-2c2e3f3a8a10', '2026-01-20T11:14:01.438752', '2026-01-20T11:14:01.438752');
INSERT INTO movie_projections (id, projection_date, projection_time, cinema_hall_id, movie_id, created_at, updated_at) VALUES ('c29e59a7-ad61-4228-8279-84013d92c29c', '2026-02-01', '19:00:00', '72d55d6a-24f8-4769-9819-be7323d307a2', '1dbc238f-7dac-4a72-a3ec-2c2e3f3a8a10', '2026-01-20T11:14:01.438794', '2026-01-20T11:14:01.438794');
INSERT INTO movie_projections (id, projection_date, projection_time, cinema_hall_id, movie_id, created_at, updated_at) VALUES ('3a075dd8-fda2-49a7-bfc1-6e7bc2e0681c', '2026-02-10', '16:00:00', '062dfe0a-6244-46c4-a767-c41a824a30e5', '1dbc238f-7dac-4a72-a3ec-2c2e3f3a8a10', '2026-01-20T11:14:01.438835', '2026-01-20T11:14:01.438835');
INSERT INTO movie_projections (id, projection_date, projection_time, cinema_hall_id, movie_id, created_at, updated_at) VALUES ('380d405b-2579-4543-95ba-ad5a64946bb9', '2026-02-21', '19:00:00', '72d55d6a-24f8-4769-9819-be7323d307a2', '1dbc238f-7dac-4a72-a3ec-2c2e3f3a8a10', '2026-01-20T11:14:01.438874', '2026-01-20T11:14:01.438874');
INSERT INTO movie_projections (id, projection_date, projection_time, cinema_hall_id, movie_id, created_at, updated_at) VALUES ('d888074b-772b-4903-a23a-a4aa89c8b208', '2026-02-08', '10:00:00', '9ab42b8c-91c1-433a-bfc9-60bda4bffa46', '1dbc238f-7dac-4a72-a3ec-2c2e3f3a8a10', '2026-01-20T11:14:01.438915', '2026-01-20T11:14:01.438915');
INSERT INTO movie_projections (id, projection_date, projection_time, cinema_hall_id, movie_id, created_at, updated_at) VALUES ('3f0832a6-a696-43ed-8933-2b006ddde234', '2026-02-06', '10:00:00', '63213e9d-2e93-426f-b798-8a278c956c5f', '1dbc238f-7dac-4a72-a3ec-2c2e3f3a8a10', '2026-01-20T11:14:01.438956', '2026-01-20T11:14:01.438956');
INSERT INTO movie_projections (id, projection_date, projection_time, cinema_hall_id, movie_id, created_at, updated_at) VALUES ('a713c7e7-a013-41db-be3a-ee42f3ba5364', '2026-01-22', '13:00:00', '72d55d6a-24f8-4769-9819-be7323d307a2', '1dbc238f-7dac-4a72-a3ec-2c2e3f3a8a10', '2026-01-20T11:14:01.438999', '2026-01-20T11:14:01.438999');
INSERT INTO movie_projections (id, projection_date, projection_time, cinema_hall_id, movie_id, created_at, updated_at) VALUES ('fffb6810-492c-4f4c-89da-7a6f63977f6a', '2026-02-08', '16:00:00', '9ab42b8c-91c1-433a-bfc9-60bda4bffa46', '1dbc238f-7dac-4a72-a3ec-2c2e3f3a8a10', '2026-01-20T11:14:01.439044', '2026-01-20T11:14:01.439044');
INSERT INTO movie_projections (id, projection_date, projection_time, cinema_hall_id, movie_id, created_at, updated_at) VALUES ('44519569-7f0a-4ad7-ac02-0dc785038da2', '2026-02-15', '10:00:00', '6921a3a5-077e-49ba-ba05-dcd55f865512', '1dbc238f-7dac-4a72-a3ec-2c2e3f3a8a10', '2026-01-20T11:14:01.439085', '2026-01-20T11:14:01.439085');
INSERT INTO movie_projections (id, projection_date, projection_time, cinema_hall_id, movie_id, created_at, updated_at) VALUES ('5b697d23-16a6-4265-a031-ed5ccc5ecfe6', '2026-01-20', '13:00:00', '6921a3a5-077e-49ba-ba05-dcd55f865512', '1dbc238f-7dac-4a72-a3ec-2c2e3f3a8a10', '2026-01-20T11:14:01.439147', '2026-01-20T11:14:01.439147');
INSERT INTO movie_projections (id, projection_date, projection_time, cinema_hall_id, movie_id, created_at, updated_at) VALUES ('53285ca1-3739-492f-9e73-618bb5204b7a', '2026-01-21', '13:00:00', 'ddcd3553-73bb-45c1-b4b4-92ab25a503d1', '1dbc238f-7dac-4a72-a3ec-2c2e3f3a8a10', '2026-01-20T11:14:01.439196', '2026-01-20T11:14:01.439196');
INSERT INTO movie_projections (id, projection_date, projection_time, cinema_hall_id, movie_id, created_at, updated_at) VALUES ('cf3b35bb-ee21-434b-bcab-0a7e5f524345', '2026-01-21', '13:00:00', '346d2a4d-5b04-466c-a9ae-acba644c3285', '1dbc238f-7dac-4a72-a3ec-2c2e3f3a8a10', '2026-01-20T11:14:01.439237', '2026-01-20T11:14:01.439237');
INSERT INTO movie_projections (id, projection_date, projection_time, cinema_hall_id, movie_id, created_at, updated_at) VALUES ('df624d40-8ace-441a-87a3-ae63b8eb9bcd', '2026-02-21', '19:00:00', '9ab42b8c-91c1-433a-bfc9-60bda4bffa46', '1dbc238f-7dac-4a72-a3ec-2c2e3f3a8a10', '2026-01-20T11:14:01.439278', '2026-01-20T11:14:01.439278');
INSERT INTO movie_projections (id, projection_date, projection_time, cinema_hall_id, movie_id, created_at, updated_at) VALUES ('6ee110af-03f3-42c0-8d97-969b2480f5f9', '2026-02-08', '19:00:00', 'ddcd3553-73bb-45c1-b4b4-92ab25a503d1', '1dbc238f-7dac-4a72-a3ec-2c2e3f3a8a10', '2026-01-20T11:14:01.439316', '2026-01-20T11:14:01.439316');
INSERT INTO movie_projections (id, projection_date, projection_time, cinema_hall_id, movie_id, created_at, updated_at) VALUES ('227aa056-5762-41c9-8293-ce4e7b2fd98e', '2026-01-31', '13:00:00', '9ab42b8c-91c1-433a-bfc9-60bda4bffa46', '1dbc238f-7dac-4a72-a3ec-2c2e3f3a8a10', '2026-01-20T11:14:01.439353', '2026-01-20T11:14:01.439353');
INSERT INTO movie_projections (id, projection_date, projection_time, cinema_hall_id, movie_id, created_at, updated_at) VALUES ('fef45a98-02b5-4282-8450-9a1eb3b24da5', '2026-02-08', '16:00:00', '346d2a4d-5b04-466c-a9ae-acba644c3285', '1dbc238f-7dac-4a72-a3ec-2c2e3f3a8a10', '2026-01-20T11:14:01.439397', '2026-01-20T11:14:01.439397');
INSERT INTO movie_projections (id, projection_date, projection_time, cinema_hall_id, movie_id, created_at, updated_at) VALUES ('53ccf95b-3124-471f-b805-480f901791a7', '2026-02-26', '13:00:00', '7f8bc5ee-1693-4985-acef-abed9e06ff94', '1dbc238f-7dac-4a72-a3ec-2c2e3f3a8a10', '2026-01-20T11:14:01.439439', '2026-01-20T11:14:01.439439');
INSERT INTO movie_projections (id, projection_date, projection_time, cinema_hall_id, movie_id, created_at, updated_at) VALUES ('fadb0d84-3019-47cd-9de3-a2190da367f4', '2026-01-22', '16:00:00', '63213e9d-2e93-426f-b798-8a278c956c5f', '72b77469-7e69-4b02-9fef-6afa7410667c', '2026-01-20T11:14:01.439486', '2026-01-20T11:14:01.439486');
INSERT INTO movie_projections (id, projection_date, projection_time, cinema_hall_id, movie_id, created_at, updated_at) VALUES ('d13b5ea7-8f8a-46d5-b468-01826288df0b', '2026-01-22', '16:00:00', '7f8bc5ee-1693-4985-acef-abed9e06ff94', '72b77469-7e69-4b02-9fef-6afa7410667c', '2026-01-20T11:14:01.439530', '2026-01-20T11:14:01.439530');
INSERT INTO movie_projections (id, projection_date, projection_time, cinema_hall_id, movie_id, created_at, updated_at) VALUES ('b4ed62cc-7d34-4050-874c-2bdcfe875d9d', '2026-01-24', '16:00:00', 'd1d0fc7b-99ab-4013-b293-2525a79b53e0', '72b77469-7e69-4b02-9fef-6afa7410667c', '2026-01-20T11:14:01.439573', '2026-01-20T11:14:01.439573');
INSERT INTO movie_projections (id, projection_date, projection_time, cinema_hall_id, movie_id, created_at, updated_at) VALUES ('25c9629a-e9de-486b-9000-a23be0d72921', '2026-02-28', '19:00:00', '062dfe0a-6244-46c4-a767-c41a824a30e5', '72b77469-7e69-4b02-9fef-6afa7410667c', '2026-01-20T11:14:01.439614', '2026-01-20T11:14:01.439614');
INSERT INTO movie_projections (id, projection_date, projection_time, cinema_hall_id, movie_id, created_at, updated_at) VALUES ('c475e843-23f8-4ff7-abeb-27fa97104c2f', '2026-02-18', '16:00:00', '9ab42b8c-91c1-433a-bfc9-60bda4bffa46', '72b77469-7e69-4b02-9fef-6afa7410667c', '2026-01-20T11:14:01.439657', '2026-01-20T11:14:01.439657');
INSERT INTO movie_projections (id, projection_date, projection_time, cinema_hall_id, movie_id, created_at, updated_at) VALUES ('9f5808df-d8f0-464c-a932-be65ae4631ec', '2026-03-18', '10:00:00', '72d55d6a-24f8-4769-9819-be7323d307a2', '72b77469-7e69-4b02-9fef-6afa7410667c', '2026-01-20T11:14:01.439698', '2026-01-20T11:14:01.439698');
INSERT INTO movie_projections (id, projection_date, projection_time, cinema_hall_id, movie_id, created_at, updated_at) VALUES ('c0bedc8d-568e-4d72-8476-77b1e62e10c7', '2026-03-12', '16:00:00', '63213e9d-2e93-426f-b798-8a278c956c5f', '72b77469-7e69-4b02-9fef-6afa7410667c', '2026-01-20T11:14:01.439745', '2026-01-20T11:14:01.439745');
INSERT INTO movie_projections (id, projection_date, projection_time, cinema_hall_id, movie_id, created_at, updated_at) VALUES ('5f9c30c9-1802-4fe5-a917-c7dddafc1ff9', '2026-02-01', '10:00:00', '63213e9d-2e93-426f-b798-8a278c956c5f', '72b77469-7e69-4b02-9fef-6afa7410667c', '2026-01-20T11:14:01.439787', '2026-01-20T11:14:01.439787');
INSERT INTO movie_projections (id, projection_date, projection_time, cinema_hall_id, movie_id, created_at, updated_at) VALUES ('ef79e5ac-0069-4b3e-9e38-141e6e0085c8', '2026-02-08', '13:00:00', 'ddcd3553-73bb-45c1-b4b4-92ab25a503d1', '72b77469-7e69-4b02-9fef-6afa7410667c', '2026-01-20T11:14:01.439826', '2026-01-20T11:14:01.439826');
INSERT INTO movie_projections (id, projection_date, projection_time, cinema_hall_id, movie_id, created_at, updated_at) VALUES ('cea381b6-21c7-4187-a70c-5a7db760889f', '2026-01-28', '13:00:00', 'd1d0fc7b-99ab-4013-b293-2525a79b53e0', '72b77469-7e69-4b02-9fef-6afa7410667c', '2026-01-20T11:14:01.439868', '2026-01-20T11:14:01.439868');
INSERT INTO movie_projections (id, projection_date, projection_time, cinema_hall_id, movie_id, created_at, updated_at) VALUES ('6fc52190-8d81-4d65-8152-f49ad6407873', '2026-02-07', '19:00:00', '7313599b-6813-47c7-8c51-4e3a2ffac29c', '72b77469-7e69-4b02-9fef-6afa7410667c', '2026-01-20T11:14:01.439909', '2026-01-20T11:14:01.439909');
INSERT INTO movie_projections (id, projection_date, projection_time, cinema_hall_id, movie_id, created_at, updated_at) VALUES ('9fb52497-8c89-44b7-a45d-64896ea8372a', '2026-02-05', '13:00:00', '7f8bc5ee-1693-4985-acef-abed9e06ff94', '72b77469-7e69-4b02-9fef-6afa7410667c', '2026-01-20T11:14:01.439948', '2026-01-20T11:14:01.439948');
INSERT INTO movie_projections (id, projection_date, projection_time, cinema_hall_id, movie_id, created_at, updated_at) VALUES ('713f5f8a-36c2-40ba-b028-86953392e9e2', '2026-02-11', '16:00:00', '346d2a4d-5b04-466c-a9ae-acba644c3285', '72b77469-7e69-4b02-9fef-6afa7410667c', '2026-01-20T11:14:01.439987', '2026-01-20T11:14:01.439987');
INSERT INTO movie_projections (id, projection_date, projection_time, cinema_hall_id, movie_id, created_at, updated_at) VALUES ('adb40e8e-3206-4837-b878-675d748ffba5', '2026-03-13', '10:00:00', '91119da7-9c00-42bd-9dd6-dd1377d09797', '72b77469-7e69-4b02-9fef-6afa7410667c', '2026-01-20T11:14:01.440030', '2026-01-20T11:14:01.440030');
INSERT INTO movie_projections (id, projection_date, projection_time, cinema_hall_id, movie_id, created_at, updated_at) VALUES ('eb7faff3-d0fe-4225-8919-1e9eadb9025b', '2026-02-14', '10:00:00', 'ddcd3553-73bb-45c1-b4b4-92ab25a503d1', '72b77469-7e69-4b02-9fef-6afa7410667c', '2026-01-20T11:14:01.440076', '2026-01-20T11:14:01.440076');
INSERT INTO movie_projections (id, projection_date, projection_time, cinema_hall_id, movie_id, created_at, updated_at) VALUES ('3805154e-f0af-43e0-be63-df634bd1a824', '2026-03-20', '19:00:00', 'ddcd3553-73bb-45c1-b4b4-92ab25a503d1', '72b77469-7e69-4b02-9fef-6afa7410667c', '2026-01-20T11:14:01.440139', '2026-01-20T11:14:01.440139');
INSERT INTO movie_projections (id, projection_date, projection_time, cinema_hall_id, movie_id, created_at, updated_at) VALUES ('ce581d74-bcb4-4dd9-a7a8-692eac6194f5', '2026-02-10', '16:00:00', '062dfe0a-6244-46c4-a767-c41a824a30e5', '72b77469-7e69-4b02-9fef-6afa7410667c', '2026-01-20T11:14:01.440181', '2026-01-20T11:14:01.440181');
INSERT INTO movie_projections (id, projection_date, projection_time, cinema_hall_id, movie_id, created_at, updated_at) VALUES ('3e25c6f5-d8b0-48f6-a5d1-354922b3ece2', '2026-02-18', '10:00:00', '72d55d6a-24f8-4769-9819-be7323d307a2', '72b77469-7e69-4b02-9fef-6afa7410667c', '2026-01-20T11:14:01.440223', '2026-01-20T11:14:01.440223');
INSERT INTO movie_projections (id, projection_date, projection_time, cinema_hall_id, movie_id, created_at, updated_at) VALUES ('0a66bc09-8a52-46f2-a4b4-1d9ab73ae6b9', '2026-02-15', '10:00:00', '91119da7-9c00-42bd-9dd6-dd1377d09797', '72b77469-7e69-4b02-9fef-6afa7410667c', '2026-01-20T11:14:01.440264', '2026-01-20T11:14:01.440264');
INSERT INTO movie_projections (id, projection_date, projection_time, cinema_hall_id, movie_id, created_at, updated_at) VALUES ('f1684905-d1fe-4a4b-941d-c959436c5a2f', '2026-03-15', '19:00:00', 'd1d0fc7b-99ab-4013-b293-2525a79b53e0', '72b77469-7e69-4b02-9fef-6afa7410667c', '2026-01-20T11:14:01.440302', '2026-01-20T11:14:01.440302');
INSERT INTO movie_projections (id, projection_date, projection_time, cinema_hall_id, movie_id, created_at, updated_at) VALUES ('74be128a-d55d-487c-a7c1-9c268ed0b708', '2026-02-19', '16:00:00', 'ddcd3553-73bb-45c1-b4b4-92ab25a503d1', '72b77469-7e69-4b02-9fef-6afa7410667c', '2026-01-20T11:14:01.440339', '2026-01-20T11:14:01.440339');
INSERT INTO movie_projections (id, projection_date, projection_time, cinema_hall_id, movie_id, created_at, updated_at) VALUES ('873afb6f-d1c0-4697-ba5e-27fbb2ba9351', '2026-03-02', '10:00:00', '7313599b-6813-47c7-8c51-4e3a2ffac29c', '72b77469-7e69-4b02-9fef-6afa7410667c', '2026-01-20T11:14:01.440379', '2026-01-20T11:14:01.440379');
INSERT INTO movie_projections (id, projection_date, projection_time, cinema_hall_id, movie_id, created_at, updated_at) VALUES ('342f207c-6431-40f6-8f16-96fec165315d', '2026-02-08', '10:00:00', '346d2a4d-5b04-466c-a9ae-acba644c3285', '72b77469-7e69-4b02-9fef-6afa7410667c', '2026-01-20T11:14:01.440423', '2026-01-20T11:14:01.440423');
INSERT INTO movie_projections (id, projection_date, projection_time, cinema_hall_id, movie_id, created_at, updated_at) VALUES ('5789f6a3-d8ff-4453-9ed2-938d76f8d987', '2026-02-01', '10:00:00', '6921a3a5-077e-49ba-ba05-dcd55f865512', '72b77469-7e69-4b02-9fef-6afa7410667c', '2026-01-20T11:14:01.440463', '2026-01-20T11:14:01.440463');
INSERT INTO movie_projections (id, projection_date, projection_time, cinema_hall_id, movie_id, created_at, updated_at) VALUES ('2d14bbcf-6352-4d48-ac9d-1a0a867265bb', '2026-03-17', '13:00:00', '91119da7-9c00-42bd-9dd6-dd1377d09797', '72b77469-7e69-4b02-9fef-6afa7410667c', '2026-01-20T11:14:01.440504', '2026-01-20T11:14:01.440504');
INSERT INTO movie_projections (id, projection_date, projection_time, cinema_hall_id, movie_id, created_at, updated_at) VALUES ('4fa94201-48d8-4a71-86ab-f79454349e1b', '2026-02-17', '10:00:00', '72d55d6a-24f8-4769-9819-be7323d307a2', '72b77469-7e69-4b02-9fef-6afa7410667c', '2026-01-20T11:14:01.440543', '2026-01-20T11:14:01.440543');
INSERT INTO movie_projections (id, projection_date, projection_time, cinema_hall_id, movie_id, created_at, updated_at) VALUES ('ea1ccfe9-24f9-46f8-af22-0a54ffca07be', '2026-02-17', '16:00:00', 'ddcd3553-73bb-45c1-b4b4-92ab25a503d1', '72b77469-7e69-4b02-9fef-6afa7410667c', '2026-01-20T11:14:01.440583', '2026-01-20T11:14:01.440583');
INSERT INTO movie_projections (id, projection_date, projection_time, cinema_hall_id, movie_id, created_at, updated_at) VALUES ('5a5c85e9-2705-47c7-a7f4-7b0340df5c85', '2026-03-06', '13:00:00', '63213e9d-2e93-426f-b798-8a278c956c5f', '72b77469-7e69-4b02-9fef-6afa7410667c', '2026-01-20T11:14:01.440623', '2026-01-20T11:14:01.440623');
INSERT INTO movie_projections (id, projection_date, projection_time, cinema_hall_id, movie_id, created_at, updated_at) VALUES ('920c421e-fa79-4ef8-9847-6ebd62f13edf', '2026-01-28', '10:00:00', '9ab42b8c-91c1-433a-bfc9-60bda4bffa46', '72b77469-7e69-4b02-9fef-6afa7410667c', '2026-01-20T11:14:01.440662', '2026-01-20T11:14:01.440662');
INSERT INTO movie_projections (id, projection_date, projection_time, cinema_hall_id, movie_id, created_at, updated_at) VALUES ('325577ed-c3bc-42ac-bfe3-d75789e4ac5a', '2026-03-13', '10:00:00', '91119da7-9c00-42bd-9dd6-dd1377d09797', '72b77469-7e69-4b02-9fef-6afa7410667c', '2026-01-20T11:14:01.440708', '2026-01-20T11:14:01.440708');
INSERT INTO movie_projections (id, projection_date, projection_time, cinema_hall_id, movie_id, created_at, updated_at) VALUES ('d83080e3-fea6-4810-ba85-19f67eea7fbe', '2026-01-24', '13:00:00', 'ddcd3553-73bb-45c1-b4b4-92ab25a503d1', '72b77469-7e69-4b02-9fef-6afa7410667c', '2026-01-20T11:14:01.440755', '2026-01-20T11:14:01.440755');
INSERT INTO movie_projections (id, projection_date, projection_time, cinema_hall_id, movie_id, created_at, updated_at) VALUES ('e474b88f-b20f-4acd-a228-2094165dc6e6', '2026-02-25', '16:00:00', 'ddcd3553-73bb-45c1-b4b4-92ab25a503d1', '72b77469-7e69-4b02-9fef-6afa7410667c', '2026-01-20T11:14:01.440799', '2026-01-20T11:14:01.440799');
INSERT INTO movie_projections (id, projection_date, projection_time, cinema_hall_id, movie_id, created_at, updated_at) VALUES ('44a9d78f-7323-4bfe-9ede-b58bbae351d2', '2026-03-01', '13:00:00', 'd1d0fc7b-99ab-4013-b293-2525a79b53e0', '72b77469-7e69-4b02-9fef-6afa7410667c', '2026-01-20T11:14:01.440841', '2026-01-20T11:14:01.440841');
INSERT INTO movie_projections (id, projection_date, projection_time, cinema_hall_id, movie_id, created_at, updated_at) VALUES ('ad84bb20-a437-4f9c-96a3-92b745153f47', '2026-02-05', '13:00:00', '9ab42b8c-91c1-433a-bfc9-60bda4bffa46', '72b77469-7e69-4b02-9fef-6afa7410667c', '2026-01-20T11:14:01.440884', '2026-01-20T11:14:01.440884');
INSERT INTO movie_projections (id, projection_date, projection_time, cinema_hall_id, movie_id, created_at, updated_at) VALUES ('5fd8c951-2d0c-4677-8eb4-5a791a93a612', '2026-03-06', '19:00:00', '6921a3a5-077e-49ba-ba05-dcd55f865512', '72b77469-7e69-4b02-9fef-6afa7410667c', '2026-01-20T11:14:01.440922', '2026-01-20T11:14:01.440922');
INSERT INTO movie_projections (id, projection_date, projection_time, cinema_hall_id, movie_id, created_at, updated_at) VALUES ('86c4b852-d740-46f3-b204-02c20d0a9c5f', '2026-02-14', '19:00:00', '7f8bc5ee-1693-4985-acef-abed9e06ff94', '72b77469-7e69-4b02-9fef-6afa7410667c', '2026-01-20T11:14:01.440962', '2026-01-20T11:14:01.440962');
INSERT INTO movie_projections (id, projection_date, projection_time, cinema_hall_id, movie_id, created_at, updated_at) VALUES ('6d54a93d-c28b-45df-a8f7-bdfe99da29c4', '2026-03-10', '16:00:00', '72d55d6a-24f8-4769-9819-be7323d307a2', '72b77469-7e69-4b02-9fef-6afa7410667c', '2026-01-20T11:14:01.441001', '2026-01-20T11:14:01.441001');
INSERT INTO movie_projections (id, projection_date, projection_time, cinema_hall_id, movie_id, created_at, updated_at) VALUES ('02267c58-84f0-4034-901f-4465295e3661', '2026-02-14', '13:00:00', '346d2a4d-5b04-466c-a9ae-acba644c3285', '72b77469-7e69-4b02-9fef-6afa7410667c', '2026-01-20T11:14:01.441040', '2026-01-20T11:14:01.441040');
INSERT INTO movie_projections (id, projection_date, projection_time, cinema_hall_id, movie_id, created_at, updated_at) VALUES ('dfae82e0-09b4-45b1-8667-11ce73cdb534', '2026-02-19', '13:00:00', '91119da7-9c00-42bd-9dd6-dd1377d09797', '72b77469-7e69-4b02-9fef-6afa7410667c', '2026-01-20T11:14:01.441081', '2026-01-20T11:14:01.441081');
INSERT INTO movie_projections (id, projection_date, projection_time, cinema_hall_id, movie_id, created_at, updated_at) VALUES ('277103b7-417b-41b6-85ce-320984965eff', '2026-03-20', '16:00:00', '062dfe0a-6244-46c4-a767-c41a824a30e5', '72b77469-7e69-4b02-9fef-6afa7410667c', '2026-01-20T11:14:01.441189', '2026-01-20T11:14:01.441189');
INSERT INTO movie_projections (id, projection_date, projection_time, cinema_hall_id, movie_id, created_at, updated_at) VALUES ('2548c91c-82e8-4b8c-bcb9-983e3c486233', '2026-02-25', '19:00:00', '7313599b-6813-47c7-8c51-4e3a2ffac29c', '55c5b780-ceba-4a87-8676-84b071c68fb0', '2026-01-20T11:14:01.441237', '2026-01-20T11:14:01.441237');
INSERT INTO movie_projections (id, projection_date, projection_time, cinema_hall_id, movie_id, created_at, updated_at) VALUES ('15bf5d4d-4ca6-4f0c-b877-063e9739e190', '2026-02-03', '19:00:00', '062dfe0a-6244-46c4-a767-c41a824a30e5', '55c5b780-ceba-4a87-8676-84b071c68fb0', '2026-01-20T11:14:01.441277', '2026-01-20T11:14:01.441277');
INSERT INTO movie_projections (id, projection_date, projection_time, cinema_hall_id, movie_id, created_at, updated_at) VALUES ('30c659a6-6613-4609-a27c-277f66a06040', '2026-01-26', '10:00:00', '7313599b-6813-47c7-8c51-4e3a2ffac29c', '55c5b780-ceba-4a87-8676-84b071c68fb0', '2026-01-20T11:14:01.441317', '2026-01-20T11:14:01.441317');
INSERT INTO movie_projections (id, projection_date, projection_time, cinema_hall_id, movie_id, created_at, updated_at) VALUES ('4c4ab44c-0227-4455-8bf5-172c2aff2696', '2026-01-26', '10:00:00', '72d55d6a-24f8-4769-9819-be7323d307a2', '55c5b780-ceba-4a87-8676-84b071c68fb0', '2026-01-20T11:14:01.441358', '2026-01-20T11:14:01.441358');
INSERT INTO movie_projections (id, projection_date, projection_time, cinema_hall_id, movie_id, created_at, updated_at) VALUES ('eae09bc1-7535-485b-a6cd-7f630fdd6c6b', '2026-02-16', '10:00:00', '7313599b-6813-47c7-8c51-4e3a2ffac29c', '55c5b780-ceba-4a87-8676-84b071c68fb0', '2026-01-20T11:14:01.441399', '2026-01-20T11:14:01.441399');
INSERT INTO movie_projections (id, projection_date, projection_time, cinema_hall_id, movie_id, created_at, updated_at) VALUES ('04d9c819-c93a-4e72-91c0-f3171a3811b6', '2026-02-18', '16:00:00', '6921a3a5-077e-49ba-ba05-dcd55f865512', '55c5b780-ceba-4a87-8676-84b071c68fb0', '2026-01-20T11:14:01.441443', '2026-01-20T11:14:01.441443');
INSERT INTO movie_projections (id, projection_date, projection_time, cinema_hall_id, movie_id, created_at, updated_at) VALUES ('b928e1d7-cdcc-4f08-8341-5736302e1af0', '2026-01-31', '13:00:00', 'ddcd3553-73bb-45c1-b4b4-92ab25a503d1', '55c5b780-ceba-4a87-8676-84b071c68fb0', '2026-01-20T11:14:01.441489', '2026-01-20T11:14:01.441489');
INSERT INTO movie_projections (id, projection_date, projection_time, cinema_hall_id, movie_id, created_at, updated_at) VALUES ('6a8f7449-4fe5-49bf-8f7c-83234f6ca399', '2026-02-04', '10:00:00', '72d55d6a-24f8-4769-9819-be7323d307a2', '55c5b780-ceba-4a87-8676-84b071c68fb0', '2026-01-20T11:14:01.441530', '2026-01-20T11:14:01.441530');
INSERT INTO movie_projections (id, projection_date, projection_time, cinema_hall_id, movie_id, created_at, updated_at) VALUES ('685c034d-e105-421e-9a58-012d5c6eabc0', '2026-03-05', '10:00:00', 'd1d0fc7b-99ab-4013-b293-2525a79b53e0', '55c5b780-ceba-4a87-8676-84b071c68fb0', '2026-01-20T11:14:01.441571', '2026-01-20T11:14:01.441571');
INSERT INTO movie_projections (id, projection_date, projection_time, cinema_hall_id, movie_id, created_at, updated_at) VALUES ('6337cdd6-6484-46be-988a-0f0769a0d468', '2026-01-31', '16:00:00', '6921a3a5-077e-49ba-ba05-dcd55f865512', '55c5b780-ceba-4a87-8676-84b071c68fb0', '2026-01-20T11:14:01.441613', '2026-01-20T11:14:01.441613');
INSERT INTO movie_projections (id, projection_date, projection_time, cinema_hall_id, movie_id, created_at, updated_at) VALUES ('602dae80-b597-476c-80f3-abb7f997ed97', '2026-01-23', '10:00:00', '7f8bc5ee-1693-4985-acef-abed9e06ff94', '55c5b780-ceba-4a87-8676-84b071c68fb0', '2026-01-20T11:14:01.441653', '2026-01-20T11:14:01.441653');
INSERT INTO movie_projections (id, projection_date, projection_time, cinema_hall_id, movie_id, created_at, updated_at) VALUES ('b19dbc8b-a921-4ec1-ba33-124477ffea02', '2026-02-17', '19:00:00', 'ddcd3553-73bb-45c1-b4b4-92ab25a503d1', '55c5b780-ceba-4a87-8676-84b071c68fb0', '2026-01-20T11:14:01.441694', '2026-01-20T11:14:01.441694');
INSERT INTO movie_projections (id, projection_date, projection_time, cinema_hall_id, movie_id, created_at, updated_at) VALUES ('ce6efa0b-f550-4be7-979f-7195896d7f9f', '2026-02-04', '13:00:00', '9ab42b8c-91c1-433a-bfc9-60bda4bffa46', '55c5b780-ceba-4a87-8676-84b071c68fb0', '2026-01-20T11:14:01.441736', '2026-01-20T11:14:01.441736');
INSERT INTO movie_projections (id, projection_date, projection_time, cinema_hall_id, movie_id, created_at, updated_at) VALUES ('a5d6f099-3b51-4629-b2cc-c9e0e830f927', '2026-03-01', '13:00:00', '6921a3a5-077e-49ba-ba05-dcd55f865512', '55c5b780-ceba-4a87-8676-84b071c68fb0', '2026-01-20T11:14:01.441777', '2026-01-20T11:14:01.441777');
INSERT INTO movie_projections (id, projection_date, projection_time, cinema_hall_id, movie_id, created_at, updated_at) VALUES ('5b79a44f-257b-4e7b-af3d-f603400d78cc', '2026-02-09', '10:00:00', '346d2a4d-5b04-466c-a9ae-acba644c3285', '55c5b780-ceba-4a87-8676-84b071c68fb0', '2026-01-20T11:14:01.441821', '2026-01-20T11:14:01.441821');
INSERT INTO movie_projections (id, projection_date, projection_time, cinema_hall_id, movie_id, created_at, updated_at) VALUES ('260c3567-958a-4a87-be40-0d7412602461', '2026-02-07', '10:00:00', '72d55d6a-24f8-4769-9819-be7323d307a2', '55c5b780-ceba-4a87-8676-84b071c68fb0', '2026-01-20T11:14:01.441861', '2026-01-20T11:14:01.441861');
INSERT INTO movie_projections (id, projection_date, projection_time, cinema_hall_id, movie_id, created_at, updated_at) VALUES ('9930c530-3aee-4607-abd2-00b58567377c', '2026-01-22', '10:00:00', '346d2a4d-5b04-466c-a9ae-acba644c3285', '55c5b780-ceba-4a87-8676-84b071c68fb0', '2026-01-20T11:14:01.441902', '2026-01-20T11:14:01.441902');
INSERT INTO movie_projections (id, projection_date, projection_time, cinema_hall_id, movie_id, created_at, updated_at) VALUES ('8c44f1e9-adcf-4373-aaa4-64530e1811ab', '2026-01-30', '19:00:00', 'd1d0fc7b-99ab-4013-b293-2525a79b53e0', '55c5b780-ceba-4a87-8676-84b071c68fb0', '2026-01-20T11:14:01.441944', '2026-01-20T11:14:01.441944');
INSERT INTO movie_projections (id, projection_date, projection_time, cinema_hall_id, movie_id, created_at, updated_at) VALUES ('d161d7af-d171-47af-8ba4-816fdf4e6e4a', '2026-03-05', '19:00:00', 'd1d0fc7b-99ab-4013-b293-2525a79b53e0', '55c5b780-ceba-4a87-8676-84b071c68fb0', '2026-01-20T11:14:01.441985', '2026-01-20T11:14:01.441985');
INSERT INTO movie_projections (id, projection_date, projection_time, cinema_hall_id, movie_id, created_at, updated_at) VALUES ('47937ff5-5d3d-4b59-846e-5d242c1aa21a', '2026-03-05', '16:00:00', '9ab42b8c-91c1-433a-bfc9-60bda4bffa46', '55c5b780-ceba-4a87-8676-84b071c68fb0', '2026-01-20T11:14:01.442027', '2026-01-20T11:14:01.442027');
INSERT INTO movie_projections (id, projection_date, projection_time, cinema_hall_id, movie_id, created_at, updated_at) VALUES ('26a789f4-cf4c-484d-a366-d267f443d6df', '2026-01-28', '16:00:00', '91119da7-9c00-42bd-9dd6-dd1377d09797', '55c5b780-ceba-4a87-8676-84b071c68fb0', '2026-01-20T11:14:01.442068', '2026-01-20T11:14:01.442068');
INSERT INTO movie_projections (id, projection_date, projection_time, cinema_hall_id, movie_id, created_at, updated_at) VALUES ('90f24641-7f5f-4727-9cb5-7875c51d7f15', '2026-01-20', '10:00:00', '63213e9d-2e93-426f-b798-8a278c956c5f', '55c5b780-ceba-4a87-8676-84b071c68fb0', '2026-01-20T11:14:01.442129', '2026-01-20T11:14:01.442129');
INSERT INTO movie_projections (id, projection_date, projection_time, cinema_hall_id, movie_id, created_at, updated_at) VALUES ('d0907fba-eb70-4ef7-b01f-fd0aee149acf', '2026-03-04', '13:00:00', 'd1d0fc7b-99ab-4013-b293-2525a79b53e0', '55c5b780-ceba-4a87-8676-84b071c68fb0', '2026-01-20T11:14:01.442174', '2026-01-20T11:14:01.442174');
INSERT INTO movie_projections (id, projection_date, projection_time, cinema_hall_id, movie_id, created_at, updated_at) VALUES ('dd76a377-d7f1-4805-8d83-ff649c2ba7a4', '2026-02-15', '10:00:00', 'ddcd3553-73bb-45c1-b4b4-92ab25a503d1', '55c5b780-ceba-4a87-8676-84b071c68fb0', '2026-01-20T11:14:01.442215', '2026-01-20T11:14:01.442215');
INSERT INTO movie_projections (id, projection_date, projection_time, cinema_hall_id, movie_id, created_at, updated_at) VALUES ('efb6c090-91a1-4463-9313-0df81c2ba2ba', '2026-02-21', '13:00:00', '6921a3a5-077e-49ba-ba05-dcd55f865512', '55c5b780-ceba-4a87-8676-84b071c68fb0', '2026-01-20T11:14:01.442256', '2026-01-20T11:14:01.442256');
INSERT INTO movie_projections (id, projection_date, projection_time, cinema_hall_id, movie_id, created_at, updated_at) VALUES ('e5373fa0-5c83-4a55-9c89-28075e6edef2', '2026-02-23', '16:00:00', '062dfe0a-6244-46c4-a767-c41a824a30e5', '55c5b780-ceba-4a87-8676-84b071c68fb0', '2026-01-20T11:14:01.442300', '2026-01-20T11:14:01.442300');
INSERT INTO movie_projections (id, projection_date, projection_time, cinema_hall_id, movie_id, created_at, updated_at) VALUES ('17b074af-f07b-48a1-a737-9428f0fa4ef9', '2026-02-27', '16:00:00', '062dfe0a-6244-46c4-a767-c41a824a30e5', '55c5b780-ceba-4a87-8676-84b071c68fb0', '2026-01-20T11:14:01.442340', '2026-01-20T11:14:01.442340');
INSERT INTO movie_projections (id, projection_date, projection_time, cinema_hall_id, movie_id, created_at, updated_at) VALUES ('e5267cef-cf42-40a9-9024-5fb942a733e8', '2026-02-26', '16:00:00', 'ddcd3553-73bb-45c1-b4b4-92ab25a503d1', '55c5b780-ceba-4a87-8676-84b071c68fb0', '2026-01-20T11:14:01.442381', '2026-01-20T11:14:01.442381');
INSERT INTO movie_projections (id, projection_date, projection_time, cinema_hall_id, movie_id, created_at, updated_at) VALUES ('613aafb4-e368-4815-88ca-a3c3f80f0439', '2026-02-08', '10:00:00', '062dfe0a-6244-46c4-a767-c41a824a30e5', '55c5b780-ceba-4a87-8676-84b071c68fb0', '2026-01-20T11:14:01.442422', '2026-01-20T11:14:01.442422');
INSERT INTO movie_projections (id, projection_date, projection_time, cinema_hall_id, movie_id, created_at, updated_at) VALUES ('51cf653e-63b7-432e-87c2-1f550b0a31d8', '2026-03-09', '13:00:00', 'ddcd3553-73bb-45c1-b4b4-92ab25a503d1', '55c5b780-ceba-4a87-8676-84b071c68fb0', '2026-01-20T11:14:01.442470', '2026-01-20T11:14:01.442470');
INSERT INTO movie_projections (id, projection_date, projection_time, cinema_hall_id, movie_id, created_at, updated_at) VALUES ('9df976d5-a371-4722-a17c-4281bc2cc67b', '2026-02-15', '13:00:00', 'ddcd3553-73bb-45c1-b4b4-92ab25a503d1', '55c5b780-ceba-4a87-8676-84b071c68fb0', '2026-01-20T11:14:01.442515', '2026-01-20T11:14:01.442515');
INSERT INTO movie_projections (id, projection_date, projection_time, cinema_hall_id, movie_id, created_at, updated_at) VALUES ('e094fb8c-79e6-43b8-a844-b6913e483ccf', '2026-02-03', '19:00:00', '91119da7-9c00-42bd-9dd6-dd1377d09797', '55c5b780-ceba-4a87-8676-84b071c68fb0', '2026-01-20T11:14:01.442555', '2026-01-20T11:14:01.442555');
INSERT INTO movie_projections (id, projection_date, projection_time, cinema_hall_id, movie_id, created_at, updated_at) VALUES ('0a73fe65-b214-4873-801f-d0eb175a5bd2', '2026-03-08', '10:00:00', '062dfe0a-6244-46c4-a767-c41a824a30e5', '55c5b780-ceba-4a87-8676-84b071c68fb0', '2026-01-20T11:14:01.442597', '2026-01-20T11:14:01.442597');
INSERT INTO movie_projections (id, projection_date, projection_time, cinema_hall_id, movie_id, created_at, updated_at) VALUES ('f5c7895e-8781-4b51-a6ba-96b49bf1d574', '2026-03-09', '13:00:00', '7313599b-6813-47c7-8c51-4e3a2ffac29c', '55c5b780-ceba-4a87-8676-84b071c68fb0', '2026-01-20T11:14:01.442640', '2026-01-20T11:14:01.442640');
INSERT INTO movie_projections (id, projection_date, projection_time, cinema_hall_id, movie_id, created_at, updated_at) VALUES ('1a03967d-6104-4820-aaa3-b7e5524c7731', '2026-02-09', '10:00:00', '91119da7-9c00-42bd-9dd6-dd1377d09797', '55c5b780-ceba-4a87-8676-84b071c68fb0', '2026-01-20T11:14:01.442681', '2026-01-20T11:14:01.442681');
INSERT INTO movie_projections (id, projection_date, projection_time, cinema_hall_id, movie_id, created_at, updated_at) VALUES ('f8705608-7dda-4473-9125-abdf89b8a89a', '2026-02-09', '13:00:00', '346d2a4d-5b04-466c-a9ae-acba644c3285', '55c5b780-ceba-4a87-8676-84b071c68fb0', '2026-01-20T11:14:01.442722', '2026-01-20T11:14:01.442722');
INSERT INTO movie_projections (id, projection_date, projection_time, cinema_hall_id, movie_id, created_at, updated_at) VALUES ('5847d01c-895f-40ee-849d-9db35f8e5737', '2026-01-25', '16:00:00', '9ab42b8c-91c1-433a-bfc9-60bda4bffa46', '55c5b780-ceba-4a87-8676-84b071c68fb0', '2026-01-20T11:14:01.442762', '2026-01-20T11:14:01.442762');
INSERT INTO movie_projections (id, projection_date, projection_time, cinema_hall_id, movie_id, created_at, updated_at) VALUES ('5e3f1689-46f0-454e-839e-39cc18852673', '2026-02-16', '16:00:00', '6921a3a5-077e-49ba-ba05-dcd55f865512', '55c5b780-ceba-4a87-8676-84b071c68fb0', '2026-01-20T11:14:01.442803', '2026-01-20T11:14:01.442803');
INSERT INTO movie_projections (id, projection_date, projection_time, cinema_hall_id, movie_id, created_at, updated_at) VALUES ('67af6346-859c-4319-b30c-19db99b5a77e', '2026-01-31', '13:00:00', 'd1d0fc7b-99ab-4013-b293-2525a79b53e0', '55c5b780-ceba-4a87-8676-84b071c68fb0', '2026-01-20T11:14:01.442848', '2026-01-20T11:14:01.442848');
INSERT INTO movie_projections (id, projection_date, projection_time, cinema_hall_id, movie_id, created_at, updated_at) VALUES ('710eb03c-b4d7-4664-8711-b6d34078c5fa', '2026-01-30', '10:00:00', '7313599b-6813-47c7-8c51-4e3a2ffac29c', '55c5b780-ceba-4a87-8676-84b071c68fb0', '2026-01-20T11:14:01.442891', '2026-01-20T11:14:01.442891');
INSERT INTO movie_projections (id, projection_date, projection_time, cinema_hall_id, movie_id, created_at, updated_at) VALUES ('8ec1d976-2a75-4419-a9b2-2f292d4e9cd2', '2026-02-18', '19:00:00', '91119da7-9c00-42bd-9dd6-dd1377d09797', '208c4777-d1e8-49da-9e6c-a5a372dcd8e7', '2026-01-20T11:14:01.442936', '2026-01-20T11:14:01.442936');
INSERT INTO movie_projections (id, projection_date, projection_time, cinema_hall_id, movie_id, created_at, updated_at) VALUES ('5b66f52a-25d7-4999-939d-70ac857b548d', '2026-01-26', '13:00:00', '6921a3a5-077e-49ba-ba05-dcd55f865512', '208c4777-d1e8-49da-9e6c-a5a372dcd8e7', '2026-01-20T11:14:01.442976', '2026-01-20T11:14:01.442976');
INSERT INTO movie_projections (id, projection_date, projection_time, cinema_hall_id, movie_id, created_at, updated_at) VALUES ('fea2a167-5cb6-4b18-bff1-4e9f3c54ec46', '2026-02-01', '10:00:00', '6921a3a5-077e-49ba-ba05-dcd55f865512', '208c4777-d1e8-49da-9e6c-a5a372dcd8e7', '2026-01-20T11:14:01.443017', '2026-01-20T11:14:01.443017');
INSERT INTO movie_projections (id, projection_date, projection_time, cinema_hall_id, movie_id, created_at, updated_at) VALUES ('bb49a4b5-dddd-49a9-b8c1-3a3debdc4eaf', '2026-02-06', '19:00:00', '346d2a4d-5b04-466c-a9ae-acba644c3285', '208c4777-d1e8-49da-9e6c-a5a372dcd8e7', '2026-01-20T11:14:01.443058', '2026-01-20T11:14:01.443058');
INSERT INTO movie_projections (id, projection_date, projection_time, cinema_hall_id, movie_id, created_at, updated_at) VALUES ('c38eb4eb-0eef-4329-a46e-bcb2ee531981', '2026-01-26', '13:00:00', 'ddcd3553-73bb-45c1-b4b4-92ab25a503d1', '208c4777-d1e8-49da-9e6c-a5a372dcd8e7', '2026-01-20T11:14:01.443119', '2026-01-20T11:14:01.443119');
INSERT INTO movie_projections (id, projection_date, projection_time, cinema_hall_id, movie_id, created_at, updated_at) VALUES ('8c594c8b-64e9-40b1-8244-9b57e8d64493', '2026-02-06', '10:00:00', '91119da7-9c00-42bd-9dd6-dd1377d09797', '208c4777-d1e8-49da-9e6c-a5a372dcd8e7', '2026-01-20T11:14:01.443165', '2026-01-20T11:14:01.443165');
INSERT INTO movie_projections (id, projection_date, projection_time, cinema_hall_id, movie_id, created_at, updated_at) VALUES ('26b30a98-ac75-4bcc-b803-51166c389a6d', '2026-02-16', '10:00:00', '9ab42b8c-91c1-433a-bfc9-60bda4bffa46', '208c4777-d1e8-49da-9e6c-a5a372dcd8e7', '2026-01-20T11:14:01.443211', '2026-01-20T11:14:01.443211');
INSERT INTO movie_projections (id, projection_date, projection_time, cinema_hall_id, movie_id, created_at, updated_at) VALUES ('3419769f-ef40-4cf3-a30b-9c72fd59ca9c', '2026-02-06', '19:00:00', '7f8bc5ee-1693-4985-acef-abed9e06ff94', '208c4777-d1e8-49da-9e6c-a5a372dcd8e7', '2026-01-20T11:14:01.443253', '2026-01-20T11:14:01.443253');
INSERT INTO movie_projections (id, projection_date, projection_time, cinema_hall_id, movie_id, created_at, updated_at) VALUES ('283a9a08-ca9b-4f35-98d8-e4d4097844c5', '2026-01-23', '19:00:00', '63213e9d-2e93-426f-b798-8a278c956c5f', '208c4777-d1e8-49da-9e6c-a5a372dcd8e7', '2026-01-20T11:14:01.443295', '2026-01-20T11:14:01.443295');
INSERT INTO movie_projections (id, projection_date, projection_time, cinema_hall_id, movie_id, created_at, updated_at) VALUES ('18a49235-0913-45d8-a314-19826dc49a62', '2026-02-17', '10:00:00', '7f8bc5ee-1693-4985-acef-abed9e06ff94', '208c4777-d1e8-49da-9e6c-a5a372dcd8e7', '2026-01-20T11:14:01.443538', '2026-01-20T11:14:01.443538');
INSERT INTO movie_projections (id, projection_date, projection_time, cinema_hall_id, movie_id, created_at, updated_at) VALUES ('43d08f72-203c-4726-8c0e-108e29b93ff1', '2026-02-17', '19:00:00', 'd1d0fc7b-99ab-4013-b293-2525a79b53e0', '208c4777-d1e8-49da-9e6c-a5a372dcd8e7', '2026-01-20T11:14:01.443625', '2026-01-20T11:14:01.443625');
INSERT INTO movie_projections (id, projection_date, projection_time, cinema_hall_id, movie_id, created_at, updated_at) VALUES ('9612677b-d740-463f-912b-09b4c60b1545', '2026-01-24', '10:00:00', '062dfe0a-6244-46c4-a767-c41a824a30e5', '208c4777-d1e8-49da-9e6c-a5a372dcd8e7', '2026-01-20T11:14:01.443679', '2026-01-20T11:14:01.443679');
INSERT INTO movie_projections (id, projection_date, projection_time, cinema_hall_id, movie_id, created_at, updated_at) VALUES ('0cda5dc0-d6cd-419e-9bb7-7b5826be858f', '2026-02-05', '13:00:00', '7313599b-6813-47c7-8c51-4e3a2ffac29c', '208c4777-d1e8-49da-9e6c-a5a372dcd8e7', '2026-01-20T11:14:01.443730', '2026-01-20T11:14:01.443730');
INSERT INTO movie_projections (id, projection_date, projection_time, cinema_hall_id, movie_id, created_at, updated_at) VALUES ('90134c8d-12ac-4b53-aca2-d8dc506036f0', '2026-02-12', '10:00:00', '91119da7-9c00-42bd-9dd6-dd1377d09797', '208c4777-d1e8-49da-9e6c-a5a372dcd8e7', '2026-01-20T11:14:01.443784', '2026-01-20T11:14:01.443784');
INSERT INTO movie_projections (id, projection_date, projection_time, cinema_hall_id, movie_id, created_at, updated_at) VALUES ('ef7c40b7-b4ce-4420-b447-67173e485b14', '2026-02-06', '19:00:00', '63213e9d-2e93-426f-b798-8a278c956c5f', '208c4777-d1e8-49da-9e6c-a5a372dcd8e7', '2026-01-20T11:14:01.443879', '2026-01-20T11:14:01.443879');
INSERT INTO movie_projections (id, projection_date, projection_time, cinema_hall_id, movie_id, created_at, updated_at) VALUES ('36164991-db9f-4325-acab-6ef49144ec20', '2026-02-13', '10:00:00', '6921a3a5-077e-49ba-ba05-dcd55f865512', '208c4777-d1e8-49da-9e6c-a5a372dcd8e7', '2026-01-20T11:14:01.443935', '2026-01-20T11:14:01.443935');
INSERT INTO movie_projections (id, projection_date, projection_time, cinema_hall_id, movie_id, created_at, updated_at) VALUES ('750d204c-019a-4852-9cb7-92f276dfb86d', '2026-01-31', '16:00:00', '9ab42b8c-91c1-433a-bfc9-60bda4bffa46', '208c4777-d1e8-49da-9e6c-a5a372dcd8e7', '2026-01-20T11:14:01.443995', '2026-01-20T11:14:01.443995');
INSERT INTO movie_projections (id, projection_date, projection_time, cinema_hall_id, movie_id, created_at, updated_at) VALUES ('8646d6b1-d0ec-4afa-bff7-71066dea3b57', '2026-02-04', '10:00:00', 'd1d0fc7b-99ab-4013-b293-2525a79b53e0', '208c4777-d1e8-49da-9e6c-a5a372dcd8e7', '2026-01-20T11:14:01.444044', '2026-01-20T11:14:01.444044');
INSERT INTO movie_projections (id, projection_date, projection_time, cinema_hall_id, movie_id, created_at, updated_at) VALUES ('dd2ed5c3-aeb5-4fa2-a09b-89a7b9b529bf', '2026-02-15', '16:00:00', 'd1d0fc7b-99ab-4013-b293-2525a79b53e0', '208c4777-d1e8-49da-9e6c-a5a372dcd8e7', '2026-01-20T11:14:01.444091', '2026-01-20T11:14:01.444091');
INSERT INTO movie_projections (id, projection_date, projection_time, cinema_hall_id, movie_id, created_at, updated_at) VALUES ('5b84def5-f933-4f01-a611-cbf6aa6317ba', '2026-02-17', '19:00:00', '062dfe0a-6244-46c4-a767-c41a824a30e5', '208c4777-d1e8-49da-9e6c-a5a372dcd8e7', '2026-01-20T11:14:01.444197', '2026-01-20T11:14:01.444197');
INSERT INTO movie_projections (id, projection_date, projection_time, cinema_hall_id, movie_id, created_at, updated_at) VALUES ('c933091e-9896-467d-9cb9-4a0a70163f9b', '2026-01-28', '19:00:00', 'ddcd3553-73bb-45c1-b4b4-92ab25a503d1', '208c4777-d1e8-49da-9e6c-a5a372dcd8e7', '2026-01-20T11:14:01.444247', '2026-01-20T11:14:01.444247');
INSERT INTO movie_projections (id, projection_date, projection_time, cinema_hall_id, movie_id, created_at, updated_at) VALUES ('6b374016-8233-4282-9c42-9d79cb6a2d20', '2026-02-17', '16:00:00', '7313599b-6813-47c7-8c51-4e3a2ffac29c', '208c4777-d1e8-49da-9e6c-a5a372dcd8e7', '2026-01-20T11:14:01.444294', '2026-01-20T11:14:01.444294');
INSERT INTO movie_projections (id, projection_date, projection_time, cinema_hall_id, movie_id, created_at, updated_at) VALUES ('2e81b0b3-2f3a-450b-965e-7415d2daf9c5', '2026-01-23', '13:00:00', '346d2a4d-5b04-466c-a9ae-acba644c3285', '208c4777-d1e8-49da-9e6c-a5a372dcd8e7', '2026-01-20T11:14:01.444344', '2026-01-20T11:14:01.444344');
INSERT INTO movie_projections (id, projection_date, projection_time, cinema_hall_id, movie_id, created_at, updated_at) VALUES ('8eda0242-83a9-47e2-915a-f223568e3023', '2026-02-01', '19:00:00', '7f8bc5ee-1693-4985-acef-abed9e06ff94', '208c4777-d1e8-49da-9e6c-a5a372dcd8e7', '2026-01-20T11:14:01.444400', '2026-01-20T11:14:01.444400');
INSERT INTO movie_projections (id, projection_date, projection_time, cinema_hall_id, movie_id, created_at, updated_at) VALUES ('a1c912f1-dafe-428c-9394-8129f5e4d139', '2026-01-24', '10:00:00', '6921a3a5-077e-49ba-ba05-dcd55f865512', '208c4777-d1e8-49da-9e6c-a5a372dcd8e7', '2026-01-20T11:14:01.444449', '2026-01-20T11:14:01.444449');
INSERT INTO movie_projections (id, projection_date, projection_time, cinema_hall_id, movie_id, created_at, updated_at) VALUES ('40514d85-56e4-482b-a597-04ccecca81f3', '2026-01-25', '13:00:00', '72d55d6a-24f8-4769-9819-be7323d307a2', '208c4777-d1e8-49da-9e6c-a5a372dcd8e7', '2026-01-20T11:14:01.444497', '2026-01-20T11:14:01.444497');
INSERT INTO movie_projections (id, projection_date, projection_time, cinema_hall_id, movie_id, created_at, updated_at) VALUES ('135f1ddf-1f25-4831-92ee-6fa0dfc6abd0', '2026-02-06', '16:00:00', 'd1d0fc7b-99ab-4013-b293-2525a79b53e0', '208c4777-d1e8-49da-9e6c-a5a372dcd8e7', '2026-01-20T11:14:01.444649', '2026-01-20T11:14:01.444649');
INSERT INTO movie_projections (id, projection_date, projection_time, cinema_hall_id, movie_id, created_at, updated_at) VALUES ('f2d9acde-82f7-43ac-9eae-bd50d57bba12', '2026-01-25', '10:00:00', '72d55d6a-24f8-4769-9819-be7323d307a2', '208c4777-d1e8-49da-9e6c-a5a372dcd8e7', '2026-01-20T11:14:01.444769', '2026-01-20T11:14:01.444769');
INSERT INTO movie_projections (id, projection_date, projection_time, cinema_hall_id, movie_id, created_at, updated_at) VALUES ('76ef8297-e93b-439e-b1fe-ededf80aa295', '2026-02-16', '16:00:00', 'd1d0fc7b-99ab-4013-b293-2525a79b53e0', '208c4777-d1e8-49da-9e6c-a5a372dcd8e7', '2026-01-20T11:14:01.444824', '2026-01-20T11:14:01.444824');
INSERT INTO movie_projections (id, projection_date, projection_time, cinema_hall_id, movie_id, created_at, updated_at) VALUES ('6d4e5a38-66e3-4725-9cfe-4c014bc1e160', '2026-02-02', '13:00:00', '63213e9d-2e93-426f-b798-8a278c956c5f', '208c4777-d1e8-49da-9e6c-a5a372dcd8e7', '2026-01-20T11:14:01.444878', '2026-01-20T11:14:01.444878');
INSERT INTO movie_projections (id, projection_date, projection_time, cinema_hall_id, movie_id, created_at, updated_at) VALUES ('7b4b91ca-c173-438b-8165-e06e45f656a6', '2026-02-08', '16:00:00', '91119da7-9c00-42bd-9dd6-dd1377d09797', '208c4777-d1e8-49da-9e6c-a5a372dcd8e7', '2026-01-20T11:14:01.444928', '2026-01-20T11:14:01.444928');
INSERT INTO movie_projections (id, projection_date, projection_time, cinema_hall_id, movie_id, created_at, updated_at) VALUES ('0ef3a3eb-3036-4926-a90f-2a09bfb4bb21', '2026-02-02', '16:00:00', '6921a3a5-077e-49ba-ba05-dcd55f865512', '208c4777-d1e8-49da-9e6c-a5a372dcd8e7', '2026-01-20T11:14:01.444980', '2026-01-20T11:14:01.444980');
INSERT INTO movie_projections (id, projection_date, projection_time, cinema_hall_id, movie_id, created_at, updated_at) VALUES ('c5e2e9dc-0be2-4213-8edd-395b172ade93', '2026-02-03', '16:00:00', '91119da7-9c00-42bd-9dd6-dd1377d09797', '208c4777-d1e8-49da-9e6c-a5a372dcd8e7', '2026-01-20T11:14:01.445025', '2026-01-20T11:14:01.445025');
INSERT INTO movie_projections (id, projection_date, projection_time, cinema_hall_id, movie_id, created_at, updated_at) VALUES ('4a66b772-d87b-4151-922a-520f067c6b49', '2026-02-05', '19:00:00', '7313599b-6813-47c7-8c51-4e3a2ffac29c', '208c4777-d1e8-49da-9e6c-a5a372dcd8e7', '2026-01-20T11:14:01.445076', '2026-01-20T11:14:01.445076');
INSERT INTO movie_projections (id, projection_date, projection_time, cinema_hall_id, movie_id, created_at, updated_at) VALUES ('eb459845-400a-43b2-8bbc-bc093f7f38cf', '2026-01-28', '16:00:00', '9ab42b8c-91c1-433a-bfc9-60bda4bffa46', '208c4777-d1e8-49da-9e6c-a5a372dcd8e7', '2026-01-20T11:14:01.445131', '2026-01-20T11:14:01.445131');
INSERT INTO movie_projections (id, projection_date, projection_time, cinema_hall_id, movie_id, created_at, updated_at) VALUES ('b5df3d54-5a49-4677-bb95-3806b79ce205', '2026-02-12', '10:00:00', '91119da7-9c00-42bd-9dd6-dd1377d09797', '208c4777-d1e8-49da-9e6c-a5a372dcd8e7', '2026-01-20T11:14:01.445177', '2026-01-20T11:14:01.445177');
INSERT INTO movie_projections (id, projection_date, projection_time, cinema_hall_id, movie_id, created_at, updated_at) VALUES ('592b9ef6-9692-4296-9d16-e1cbfa8fcf0a', '2026-02-10', '16:00:00', 'ddcd3553-73bb-45c1-b4b4-92ab25a503d1', '208c4777-d1e8-49da-9e6c-a5a372dcd8e7', '2026-01-20T11:14:01.445222', '2026-01-20T11:14:01.445222');
INSERT INTO movie_projections (id, projection_date, projection_time, cinema_hall_id, movie_id, created_at, updated_at) VALUES ('2d79f490-0208-44eb-9e4e-5a27c37184f7', '2026-02-07', '16:00:00', '9ab42b8c-91c1-433a-bfc9-60bda4bffa46', '208c4777-d1e8-49da-9e6c-a5a372dcd8e7', '2026-01-20T11:14:01.445263', '2026-01-20T11:14:01.445263');
INSERT INTO movie_projections (id, projection_date, projection_time, cinema_hall_id, movie_id, created_at, updated_at) VALUES ('76f92593-7a8e-49c5-934b-ebfa134213d5', '2026-02-15', '16:00:00', '7f8bc5ee-1693-4985-acef-abed9e06ff94', '208c4777-d1e8-49da-9e6c-a5a372dcd8e7', '2026-01-20T11:14:01.445299', '2026-01-20T11:14:01.445299');
INSERT INTO movie_projections (id, projection_date, projection_time, cinema_hall_id, movie_id, created_at, updated_at) VALUES ('bfafeb9f-704b-4028-9480-e7192df5c40d', '2026-02-10', '10:00:00', 'ddcd3553-73bb-45c1-b4b4-92ab25a503d1', '208c4777-d1e8-49da-9e6c-a5a372dcd8e7', '2026-01-20T11:14:01.445339', '2026-01-20T11:14:01.445339');
INSERT INTO movie_projections (id, projection_date, projection_time, cinema_hall_id, movie_id, created_at, updated_at) VALUES ('60d2b50f-3fbd-4da1-8a27-9bd840a3f955', '2026-02-12', '19:00:00', '91119da7-9c00-42bd-9dd6-dd1377d09797', '4006cfa0-f772-40d5-b61a-347168f9716e', '2026-01-20T11:14:01.445379', '2026-01-20T11:14:01.445379');
INSERT INTO movie_projections (id, projection_date, projection_time, cinema_hall_id, movie_id, created_at, updated_at) VALUES ('d7d36895-e858-4355-b7ae-d163e7430c32', '2026-02-16', '16:00:00', '7313599b-6813-47c7-8c51-4e3a2ffac29c', '4006cfa0-f772-40d5-b61a-347168f9716e', '2026-01-20T11:14:01.445415', '2026-01-20T11:14:01.445415');
INSERT INTO movie_projections (id, projection_date, projection_time, cinema_hall_id, movie_id, created_at, updated_at) VALUES ('c4a14d72-3251-43f1-8499-fbc407e211a1', '2026-02-24', '19:00:00', '91119da7-9c00-42bd-9dd6-dd1377d09797', '4006cfa0-f772-40d5-b61a-347168f9716e', '2026-01-20T11:14:01.445451', '2026-01-20T11:14:01.445451');
INSERT INTO movie_projections (id, projection_date, projection_time, cinema_hall_id, movie_id, created_at, updated_at) VALUES ('fb13bab3-211b-47b8-8e42-9aff3d0e63c5', '2026-02-15', '19:00:00', '91119da7-9c00-42bd-9dd6-dd1377d09797', '4006cfa0-f772-40d5-b61a-347168f9716e', '2026-01-20T11:14:01.445490', '2026-01-20T11:14:01.445490');
INSERT INTO movie_projections (id, projection_date, projection_time, cinema_hall_id, movie_id, created_at, updated_at) VALUES ('7652c4ca-f7df-4e9f-a0c5-e668e160a752', '2026-02-05', '19:00:00', '91119da7-9c00-42bd-9dd6-dd1377d09797', '4006cfa0-f772-40d5-b61a-347168f9716e', '2026-01-20T11:14:01.445529', '2026-01-20T11:14:01.445529');
INSERT INTO movie_projections (id, projection_date, projection_time, cinema_hall_id, movie_id, created_at, updated_at) VALUES ('3838e560-a112-4604-aaf5-0ecaf30394e9', '2026-02-24', '19:00:00', '9ab42b8c-91c1-433a-bfc9-60bda4bffa46', '4006cfa0-f772-40d5-b61a-347168f9716e', '2026-01-20T11:14:01.445567', '2026-01-20T11:14:01.445567');
INSERT INTO movie_projections (id, projection_date, projection_time, cinema_hall_id, movie_id, created_at, updated_at) VALUES ('84185f92-e223-4c7f-938d-f6b4abeaad6d', '2026-02-10', '16:00:00', '062dfe0a-6244-46c4-a767-c41a824a30e5', '4006cfa0-f772-40d5-b61a-347168f9716e', '2026-01-20T11:14:01.445608', '2026-01-20T11:14:01.445608');
INSERT INTO movie_projections (id, projection_date, projection_time, cinema_hall_id, movie_id, created_at, updated_at) VALUES ('5c2f6eaf-8504-4d58-8727-c2aaf9da0563', '2026-02-04', '10:00:00', '9ab42b8c-91c1-433a-bfc9-60bda4bffa46', '4006cfa0-f772-40d5-b61a-347168f9716e', '2026-01-20T11:14:01.445651', '2026-01-20T11:14:01.445651');
INSERT INTO movie_projections (id, projection_date, projection_time, cinema_hall_id, movie_id, created_at, updated_at) VALUES ('91066b6f-0b18-49ae-a7f0-3fd7abc3af67', '2026-03-07', '13:00:00', '91119da7-9c00-42bd-9dd6-dd1377d09797', '4006cfa0-f772-40d5-b61a-347168f9716e', '2026-01-20T11:14:01.445691', '2026-01-20T11:14:01.445691');
INSERT INTO movie_projections (id, projection_date, projection_time, cinema_hall_id, movie_id, created_at, updated_at) VALUES ('9d50c119-151d-419d-bcf9-8da88ddeaa2e', '2026-03-02', '16:00:00', '72d55d6a-24f8-4769-9819-be7323d307a2', '4006cfa0-f772-40d5-b61a-347168f9716e', '2026-01-20T11:14:01.445731', '2026-01-20T11:14:01.445731');
INSERT INTO movie_projections (id, projection_date, projection_time, cinema_hall_id, movie_id, created_at, updated_at) VALUES ('38721990-4bae-4366-b127-eb19c498d02a', '2026-02-21', '16:00:00', '6921a3a5-077e-49ba-ba05-dcd55f865512', '4006cfa0-f772-40d5-b61a-347168f9716e', '2026-01-20T11:14:01.445770', '2026-01-20T11:14:01.445770');
INSERT INTO movie_projections (id, projection_date, projection_time, cinema_hall_id, movie_id, created_at, updated_at) VALUES ('99e70973-d5e7-4dd5-a3d2-056fb5586def', '2026-03-09', '16:00:00', '91119da7-9c00-42bd-9dd6-dd1377d09797', '4006cfa0-f772-40d5-b61a-347168f9716e', '2026-01-20T11:14:01.445806', '2026-01-20T11:14:01.445806');
INSERT INTO movie_projections (id, projection_date, projection_time, cinema_hall_id, movie_id, created_at, updated_at) VALUES ('4d41f5cb-8834-4f39-9d3b-cceb13d3eaaa', '2026-02-09', '19:00:00', '63213e9d-2e93-426f-b798-8a278c956c5f', '4006cfa0-f772-40d5-b61a-347168f9716e', '2026-01-20T11:14:01.445841', '2026-01-20T11:14:01.445841');
INSERT INTO movie_projections (id, projection_date, projection_time, cinema_hall_id, movie_id, created_at, updated_at) VALUES ('9b578556-dd78-45bb-98e4-fe755883bade', '2026-01-22', '19:00:00', '72d55d6a-24f8-4769-9819-be7323d307a2', '4006cfa0-f772-40d5-b61a-347168f9716e', '2026-01-20T11:14:01.445876', '2026-01-20T11:14:01.445876');
INSERT INTO movie_projections (id, projection_date, projection_time, cinema_hall_id, movie_id, created_at, updated_at) VALUES ('b1a58f2d-7beb-4b6f-afc5-ad0929f298e1', '2026-02-04', '10:00:00', '9ab42b8c-91c1-433a-bfc9-60bda4bffa46', '4006cfa0-f772-40d5-b61a-347168f9716e', '2026-01-20T11:14:01.445912', '2026-01-20T11:14:01.445912');
INSERT INTO movie_projections (id, projection_date, projection_time, cinema_hall_id, movie_id, created_at, updated_at) VALUES ('4cfe3ddb-0b69-4fd2-b994-ef9c22a5dba5', '2026-01-20', '13:00:00', '63213e9d-2e93-426f-b798-8a278c956c5f', '4006cfa0-f772-40d5-b61a-347168f9716e', '2026-01-20T11:14:01.445955', '2026-01-20T11:14:01.445955');
INSERT INTO movie_projections (id, projection_date, projection_time, cinema_hall_id, movie_id, created_at, updated_at) VALUES ('902e2458-1d26-4a9f-8440-e5b8a2bb70e1', '2026-02-18', '19:00:00', '9ab42b8c-91c1-433a-bfc9-60bda4bffa46', '4006cfa0-f772-40d5-b61a-347168f9716e', '2026-01-20T11:14:01.445996', '2026-01-20T11:14:01.445996');
INSERT INTO movie_projections (id, projection_date, projection_time, cinema_hall_id, movie_id, created_at, updated_at) VALUES ('32e11cc4-b493-4551-b0ca-2c0e502e791f', '2026-01-25', '10:00:00', '72d55d6a-24f8-4769-9819-be7323d307a2', '4006cfa0-f772-40d5-b61a-347168f9716e', '2026-01-20T11:14:01.446039', '2026-01-20T11:14:01.446039');
INSERT INTO movie_projections (id, projection_date, projection_time, cinema_hall_id, movie_id, created_at, updated_at) VALUES ('866f0880-3aff-473d-a786-9cad5d2e6439', '2026-02-02', '16:00:00', '63213e9d-2e93-426f-b798-8a278c956c5f', '4006cfa0-f772-40d5-b61a-347168f9716e', '2026-01-20T11:14:01.446075', '2026-01-20T11:14:01.446075');
INSERT INTO movie_projections (id, projection_date, projection_time, cinema_hall_id, movie_id, created_at, updated_at) VALUES ('3c36fc25-4686-4b23-8575-5497913725d8', '2026-01-29', '13:00:00', 'ddcd3553-73bb-45c1-b4b4-92ab25a503d1', '4006cfa0-f772-40d5-b61a-347168f9716e', '2026-01-20T11:14:01.447322', '2026-01-20T11:14:01.447322');
INSERT INTO movie_projections (id, projection_date, projection_time, cinema_hall_id, movie_id, created_at, updated_at) VALUES ('58799a25-f19a-4a89-afc3-504500442a8e', '2026-03-05', '13:00:00', '7f8bc5ee-1693-4985-acef-abed9e06ff94', '4006cfa0-f772-40d5-b61a-347168f9716e', '2026-01-20T11:14:01.447405', '2026-01-20T11:14:01.447405');
INSERT INTO movie_projections (id, projection_date, projection_time, cinema_hall_id, movie_id, created_at, updated_at) VALUES ('2041ddd9-99d4-43b0-9683-fee97a9e3b15', '2026-03-06', '13:00:00', '7f8bc5ee-1693-4985-acef-abed9e06ff94', '4006cfa0-f772-40d5-b61a-347168f9716e', '2026-01-20T11:14:01.447455', '2026-01-20T11:14:01.447455');
INSERT INTO movie_projections (id, projection_date, projection_time, cinema_hall_id, movie_id, created_at, updated_at) VALUES ('102c4a1c-501c-4206-b799-ce992c484cc8', '2026-02-19', '16:00:00', 'ddcd3553-73bb-45c1-b4b4-92ab25a503d1', '4006cfa0-f772-40d5-b61a-347168f9716e', '2026-01-20T11:14:01.447497', '2026-01-20T11:14:01.447497');
INSERT INTO movie_projections (id, projection_date, projection_time, cinema_hall_id, movie_id, created_at, updated_at) VALUES ('9abe1257-cec0-4f84-b299-84e256f55265', '2026-03-02', '19:00:00', '63213e9d-2e93-426f-b798-8a278c956c5f', '4006cfa0-f772-40d5-b61a-347168f9716e', '2026-01-20T11:14:01.447537', '2026-01-20T11:14:01.447537');
INSERT INTO movie_projections (id, projection_date, projection_time, cinema_hall_id, movie_id, created_at, updated_at) VALUES ('7c5f2305-fdc1-40f9-bd0f-5d87005d0f80', '2026-02-25', '10:00:00', '062dfe0a-6244-46c4-a767-c41a824a30e5', '4006cfa0-f772-40d5-b61a-347168f9716e', '2026-01-20T11:14:01.447582', '2026-01-20T11:14:01.447582');
INSERT INTO movie_projections (id, projection_date, projection_time, cinema_hall_id, movie_id, created_at, updated_at) VALUES ('3320316b-ab0c-457f-a770-9a83cccbe80e', '2026-03-09', '10:00:00', '346d2a4d-5b04-466c-a9ae-acba644c3285', '4006cfa0-f772-40d5-b61a-347168f9716e', '2026-01-20T11:14:01.447620', '2026-01-20T11:14:01.447620');
INSERT INTO movie_projections (id, projection_date, projection_time, cinema_hall_id, movie_id, created_at, updated_at) VALUES ('32f20b85-f8fd-4db1-ab73-c939b0a4ac65', '2026-01-24', '16:00:00', '72d55d6a-24f8-4769-9819-be7323d307a2', '4006cfa0-f772-40d5-b61a-347168f9716e', '2026-01-20T11:14:01.447658', '2026-01-20T11:14:01.447658');
INSERT INTO movie_projections (id, projection_date, projection_time, cinema_hall_id, movie_id, created_at, updated_at) VALUES ('8d085597-6fa4-4c26-b50f-7a408523cddf', '2026-02-13', '13:00:00', 'd1d0fc7b-99ab-4013-b293-2525a79b53e0', '4006cfa0-f772-40d5-b61a-347168f9716e', '2026-01-20T11:14:01.447696', '2026-01-20T11:14:01.447696');
INSERT INTO movie_projections (id, projection_date, projection_time, cinema_hall_id, movie_id, created_at, updated_at) VALUES ('cef5ea7e-1058-4fc3-819d-816fb2fa86f1', '2026-02-02', '13:00:00', '346d2a4d-5b04-466c-a9ae-acba644c3285', '4006cfa0-f772-40d5-b61a-347168f9716e', '2026-01-20T11:14:01.447734', '2026-01-20T11:14:01.447734');
INSERT INTO movie_projections (id, projection_date, projection_time, cinema_hall_id, movie_id, created_at, updated_at) VALUES ('41b01fc3-c880-4969-878a-c85f2abf17c6', '2026-02-17', '19:00:00', '346d2a4d-5b04-466c-a9ae-acba644c3285', '4006cfa0-f772-40d5-b61a-347168f9716e', '2026-01-20T11:14:01.447770', '2026-01-20T11:14:01.447770');
INSERT INTO movie_projections (id, projection_date, projection_time, cinema_hall_id, movie_id, created_at, updated_at) VALUES ('297ae68c-cf28-4106-b0de-fc68f34e4ea6', '2026-03-11', '13:00:00', '062dfe0a-6244-46c4-a767-c41a824a30e5', '4006cfa0-f772-40d5-b61a-347168f9716e', '2026-01-20T11:14:01.447806', '2026-01-20T11:14:01.447806');
INSERT INTO movie_projections (id, projection_date, projection_time, cinema_hall_id, movie_id, created_at, updated_at) VALUES ('6072a1f8-9660-426f-8a64-d5a993b9971b', '2026-03-11', '13:00:00', '7313599b-6813-47c7-8c51-4e3a2ffac29c', '4006cfa0-f772-40d5-b61a-347168f9716e', '2026-01-20T11:14:01.447842', '2026-01-20T11:14:01.447842');
INSERT INTO movie_projections (id, projection_date, projection_time, cinema_hall_id, movie_id, created_at, updated_at) VALUES ('adbe8e5c-4aa1-433b-bf15-e3e5f99a4815', '2026-03-09', '19:00:00', '7313599b-6813-47c7-8c51-4e3a2ffac29c', '4006cfa0-f772-40d5-b61a-347168f9716e', '2026-01-20T11:14:01.447883', '2026-01-20T11:14:01.447883');
INSERT INTO movie_projections (id, projection_date, projection_time, cinema_hall_id, movie_id, created_at, updated_at) VALUES ('480bcdf8-4df9-42a0-a5e3-53ec5d30507a', '2026-03-10', '13:00:00', '9ab42b8c-91c1-433a-bfc9-60bda4bffa46', '4006cfa0-f772-40d5-b61a-347168f9716e', '2026-01-20T11:14:01.447929', '2026-01-20T11:14:01.447929');
INSERT INTO movie_projections (id, projection_date, projection_time, cinema_hall_id, movie_id, created_at, updated_at) VALUES ('1b8ffe61-8dd3-472b-89bc-b61ee4cd39f8', '2026-02-28', '10:00:00', '6921a3a5-077e-49ba-ba05-dcd55f865512', '4006cfa0-f772-40d5-b61a-347168f9716e', '2026-01-20T11:14:01.447973', '2026-01-20T11:14:01.447973');
INSERT INTO movie_projections (id, projection_date, projection_time, cinema_hall_id, movie_id, created_at, updated_at) VALUES ('ddacf5dc-1ac0-43d3-bc3d-478ede293ff3', '2026-02-25', '10:00:00', '7f8bc5ee-1693-4985-acef-abed9e06ff94', '4006cfa0-f772-40d5-b61a-347168f9716e', '2026-01-20T11:14:01.448014', '2026-01-20T11:14:01.448014');
INSERT INTO movie_projections (id, projection_date, projection_time, cinema_hall_id, movie_id, created_at, updated_at) VALUES ('05be7a8f-13b0-4d43-8306-834892ccae53', '2026-02-10', '16:00:00', '7313599b-6813-47c7-8c51-4e3a2ffac29c', '4006cfa0-f772-40d5-b61a-347168f9716e', '2026-01-20T11:14:01.448056', '2026-01-20T11:14:01.448056');
INSERT INTO movie_projections (id, projection_date, projection_time, cinema_hall_id, movie_id, created_at, updated_at) VALUES ('de4c8cec-44d8-4c0c-b3a9-c236dce165bb', '2026-01-31', '10:00:00', '6921a3a5-077e-49ba-ba05-dcd55f865512', '4006cfa0-f772-40d5-b61a-347168f9716e', '2026-01-20T11:14:01.448170', '2026-01-20T11:14:01.448170');
INSERT INTO movie_projections (id, projection_date, projection_time, cinema_hall_id, movie_id, created_at, updated_at) VALUES ('fadb0048-2918-4dab-9ff0-6bc6380d673e', '2026-02-10', '10:00:00', '72d55d6a-24f8-4769-9819-be7323d307a2', '4006cfa0-f772-40d5-b61a-347168f9716e', '2026-01-20T11:14:01.448252', '2026-01-20T11:14:01.448252');
INSERT INTO movie_projections (id, projection_date, projection_time, cinema_hall_id, movie_id, created_at, updated_at) VALUES ('192964bf-ae57-4761-9804-a7109793f7a4', '2026-02-10', '16:00:00', 'd1d0fc7b-99ab-4013-b293-2525a79b53e0', '4006cfa0-f772-40d5-b61a-347168f9716e', '2026-01-20T11:14:01.448307', '2026-01-20T11:14:01.448307');
INSERT INTO movie_projections (id, projection_date, projection_time, cinema_hall_id, movie_id, created_at, updated_at) VALUES ('fcd7725d-023a-4bb0-8694-c64294cc157b', '2026-02-03', '10:00:00', 'd1d0fc7b-99ab-4013-b293-2525a79b53e0', '138a3e2f-0dd2-4f67-adaf-0512aaf5e481', '2026-01-20T11:14:01.448363', '2026-01-20T11:14:01.448363');
INSERT INTO movie_projections (id, projection_date, projection_time, cinema_hall_id, movie_id, created_at, updated_at) VALUES ('470a748f-d45f-4778-a73b-2ed7fd91db64', '2026-01-28', '10:00:00', '63213e9d-2e93-426f-b798-8a278c956c5f', '138a3e2f-0dd2-4f67-adaf-0512aaf5e481', '2026-01-20T11:14:01.448421', '2026-01-20T11:14:01.448421');
INSERT INTO movie_projections (id, projection_date, projection_time, cinema_hall_id, movie_id, created_at, updated_at) VALUES ('a9ef69f2-2e7e-405e-8772-ca8191d9bdf9', '2026-02-20', '19:00:00', '346d2a4d-5b04-466c-a9ae-acba644c3285', '138a3e2f-0dd2-4f67-adaf-0512aaf5e481', '2026-01-20T11:14:01.448471', '2026-01-20T11:14:01.448471');
INSERT INTO movie_projections (id, projection_date, projection_time, cinema_hall_id, movie_id, created_at, updated_at) VALUES ('414c1718-2c06-42d7-aebc-8547abf11284', '2026-03-18', '10:00:00', '9ab42b8c-91c1-433a-bfc9-60bda4bffa46', '138a3e2f-0dd2-4f67-adaf-0512aaf5e481', '2026-01-20T11:14:01.448521', '2026-01-20T11:14:01.448521');
INSERT INTO movie_projections (id, projection_date, projection_time, cinema_hall_id, movie_id, created_at, updated_at) VALUES ('4c09bcb4-1fb5-4ea2-90d3-053482dadb4d', '2026-02-14', '13:00:00', '6921a3a5-077e-49ba-ba05-dcd55f865512', '138a3e2f-0dd2-4f67-adaf-0512aaf5e481', '2026-01-20T11:14:01.448571', '2026-01-20T11:14:01.448571');
INSERT INTO movie_projections (id, projection_date, projection_time, cinema_hall_id, movie_id, created_at, updated_at) VALUES ('bcd88d45-013b-4754-88b0-d97e056c2739', '2026-03-31', '13:00:00', '6921a3a5-077e-49ba-ba05-dcd55f865512', '138a3e2f-0dd2-4f67-adaf-0512aaf5e481', '2026-01-20T11:14:01.448617', '2026-01-20T11:14:01.448617');
INSERT INTO movie_projections (id, projection_date, projection_time, cinema_hall_id, movie_id, created_at, updated_at) VALUES ('c7fbbead-d9ee-4b9b-a19c-d5ee14d2c933', '2026-02-16', '10:00:00', '346d2a4d-5b04-466c-a9ae-acba644c3285', '138a3e2f-0dd2-4f67-adaf-0512aaf5e481', '2026-01-20T11:14:01.448669', '2026-01-20T11:14:01.448669');
INSERT INTO movie_projections (id, projection_date, projection_time, cinema_hall_id, movie_id, created_at, updated_at) VALUES ('d5c89e5b-b560-4986-b634-21d45c3fa9c9', '2026-03-05', '10:00:00', '7313599b-6813-47c7-8c51-4e3a2ffac29c', '138a3e2f-0dd2-4f67-adaf-0512aaf5e481', '2026-01-20T11:14:01.448716', '2026-01-20T11:14:01.448716');
INSERT INTO movie_projections (id, projection_date, projection_time, cinema_hall_id, movie_id, created_at, updated_at) VALUES ('e47ee578-e79d-42c3-bd3a-b875587954c2', '2026-01-27', '19:00:00', '63213e9d-2e93-426f-b798-8a278c956c5f', '138a3e2f-0dd2-4f67-adaf-0512aaf5e481', '2026-01-20T11:14:01.448763', '2026-01-20T11:14:01.448763');
INSERT INTO movie_projections (id, projection_date, projection_time, cinema_hall_id, movie_id, created_at, updated_at) VALUES ('ca00f28f-072e-45b8-b5e3-5eb6f80789b2', '2026-03-06', '10:00:00', '7f8bc5ee-1693-4985-acef-abed9e06ff94', '138a3e2f-0dd2-4f67-adaf-0512aaf5e481', '2026-01-20T11:14:01.448810', '2026-01-20T11:14:01.448810');
INSERT INTO movie_projections (id, projection_date, projection_time, cinema_hall_id, movie_id, created_at, updated_at) VALUES ('172ffb5a-ecaf-4a40-8136-8ab4cb9d4e66', '2026-01-24', '16:00:00', 'd1d0fc7b-99ab-4013-b293-2525a79b53e0', '138a3e2f-0dd2-4f67-adaf-0512aaf5e481', '2026-01-20T11:14:01.448857', '2026-01-20T11:14:01.448857');
INSERT INTO movie_projections (id, projection_date, projection_time, cinema_hall_id, movie_id, created_at, updated_at) VALUES ('7087404c-4bf5-4a9f-be19-23c6a5028a05', '2026-03-31', '16:00:00', '72d55d6a-24f8-4769-9819-be7323d307a2', '138a3e2f-0dd2-4f67-adaf-0512aaf5e481', '2026-01-20T11:14:01.448901', '2026-01-20T11:14:01.448901');
INSERT INTO movie_projections (id, projection_date, projection_time, cinema_hall_id, movie_id, created_at, updated_at) VALUES ('c01525ab-5d84-4313-a67f-b5ee2bade723', '2026-03-09', '16:00:00', '7313599b-6813-47c7-8c51-4e3a2ffac29c', '138a3e2f-0dd2-4f67-adaf-0512aaf5e481', '2026-01-20T11:14:01.448946', '2026-01-20T11:14:01.448946');
INSERT INTO movie_projections (id, projection_date, projection_time, cinema_hall_id, movie_id, created_at, updated_at) VALUES ('a9437684-1c18-4cb1-be72-f54adc72220d', '2026-03-10', '13:00:00', 'ddcd3553-73bb-45c1-b4b4-92ab25a503d1', '138a3e2f-0dd2-4f67-adaf-0512aaf5e481', '2026-01-20T11:14:01.449004', '2026-01-20T11:14:01.449004');
INSERT INTO movie_projections (id, projection_date, projection_time, cinema_hall_id, movie_id, created_at, updated_at) VALUES ('753371db-dcae-434c-ad09-061ab1b5cceb', '2026-03-19', '13:00:00', 'd1d0fc7b-99ab-4013-b293-2525a79b53e0', '138a3e2f-0dd2-4f67-adaf-0512aaf5e481', '2026-01-20T11:14:01.449057', '2026-01-20T11:14:01.449057');
INSERT INTO movie_projections (id, projection_date, projection_time, cinema_hall_id, movie_id, created_at, updated_at) VALUES ('0a2f99f0-0df9-4d69-82e5-3fb2d1e4d01c', '2026-04-05', '13:00:00', '91119da7-9c00-42bd-9dd6-dd1377d09797', '138a3e2f-0dd2-4f67-adaf-0512aaf5e481', '2026-01-20T11:14:01.449103', '2026-01-20T11:14:01.449103');
INSERT INTO movie_projections (id, projection_date, projection_time, cinema_hall_id, movie_id, created_at, updated_at) VALUES ('ee1b2fcf-2791-4429-a432-49d48bc493c1', '2026-03-20', '13:00:00', '63213e9d-2e93-426f-b798-8a278c956c5f', '138a3e2f-0dd2-4f67-adaf-0512aaf5e481', '2026-01-20T11:14:01.449163', '2026-01-20T11:14:01.449163');
INSERT INTO movie_projections (id, projection_date, projection_time, cinema_hall_id, movie_id, created_at, updated_at) VALUES ('056152cc-1f8b-41ee-83a4-2a696cd17470', '2026-03-10', '19:00:00', '72d55d6a-24f8-4769-9819-be7323d307a2', '138a3e2f-0dd2-4f67-adaf-0512aaf5e481', '2026-01-20T11:14:01.449210', '2026-01-20T11:14:01.449210');
INSERT INTO movie_projections (id, projection_date, projection_time, cinema_hall_id, movie_id, created_at, updated_at) VALUES ('540baed3-c505-4b81-aac7-6accaf285e61', '2026-02-18', '13:00:00', '91119da7-9c00-42bd-9dd6-dd1377d09797', '138a3e2f-0dd2-4f67-adaf-0512aaf5e481', '2026-01-20T11:14:01.449255', '2026-01-20T11:14:01.449255');
INSERT INTO movie_projections (id, projection_date, projection_time, cinema_hall_id, movie_id, created_at, updated_at) VALUES ('13debe30-e06e-4804-9f0a-47ae8f7ea14d', '2026-03-02', '10:00:00', 'ddcd3553-73bb-45c1-b4b4-92ab25a503d1', '138a3e2f-0dd2-4f67-adaf-0512aaf5e481', '2026-01-20T11:14:01.449310', '2026-01-20T11:14:01.449310');
INSERT INTO movie_projections (id, projection_date, projection_time, cinema_hall_id, movie_id, created_at, updated_at) VALUES ('7c491aea-e397-4e04-8f4c-8b1f327576a3', '2026-03-19', '10:00:00', '6921a3a5-077e-49ba-ba05-dcd55f865512', '138a3e2f-0dd2-4f67-adaf-0512aaf5e481', '2026-01-20T11:14:01.449357', '2026-01-20T11:14:01.449357');
INSERT INTO movie_projections (id, projection_date, projection_time, cinema_hall_id, movie_id, created_at, updated_at) VALUES ('e97a26db-a988-44a4-b242-3a84578a298a', '2026-03-06', '19:00:00', 'd1d0fc7b-99ab-4013-b293-2525a79b53e0', '138a3e2f-0dd2-4f67-adaf-0512aaf5e481', '2026-01-20T11:14:01.449403', '2026-01-20T11:14:01.449403');
INSERT INTO movie_projections (id, projection_date, projection_time, cinema_hall_id, movie_id, created_at, updated_at) VALUES ('4d51df6d-05d9-4d21-81ea-5aa977e30000', '2026-02-12', '19:00:00', '346d2a4d-5b04-466c-a9ae-acba644c3285', '138a3e2f-0dd2-4f67-adaf-0512aaf5e481', '2026-01-20T11:14:01.449455', '2026-01-20T11:14:01.449455');
INSERT INTO movie_projections (id, projection_date, projection_time, cinema_hall_id, movie_id, created_at, updated_at) VALUES ('b60bae64-e1cf-4630-97f7-2af393f344b2', '2026-04-04', '16:00:00', '346d2a4d-5b04-466c-a9ae-acba644c3285', '138a3e2f-0dd2-4f67-adaf-0512aaf5e481', '2026-01-20T11:14:01.449501', '2026-01-20T11:14:01.449501');
INSERT INTO movie_projections (id, projection_date, projection_time, cinema_hall_id, movie_id, created_at, updated_at) VALUES ('3ec56ed9-14d0-4258-a988-735f6f04bb44', '2026-03-22', '16:00:00', '062dfe0a-6244-46c4-a767-c41a824a30e5', '138a3e2f-0dd2-4f67-adaf-0512aaf5e481', '2026-01-20T11:14:01.449547', '2026-01-20T11:14:01.449547');
INSERT INTO movie_projections (id, projection_date, projection_time, cinema_hall_id, movie_id, created_at, updated_at) VALUES ('c374f00d-2926-4792-b69a-dd1d733d93a8', '2026-01-23', '13:00:00', 'd1d0fc7b-99ab-4013-b293-2525a79b53e0', '138a3e2f-0dd2-4f67-adaf-0512aaf5e481', '2026-01-20T11:14:01.449592', '2026-01-20T11:14:01.449592');
INSERT INTO movie_projections (id, projection_date, projection_time, cinema_hall_id, movie_id, created_at, updated_at) VALUES ('160c63d3-46dd-417b-ad71-a7a350b47708', '2026-02-03', '13:00:00', '63213e9d-2e93-426f-b798-8a278c956c5f', '138a3e2f-0dd2-4f67-adaf-0512aaf5e481', '2026-01-20T11:14:01.449639', '2026-01-20T11:14:01.449639');
INSERT INTO movie_projections (id, projection_date, projection_time, cinema_hall_id, movie_id, created_at, updated_at) VALUES ('25ca4924-1124-4567-9011-c1d5a85ff78e', '2026-02-15', '16:00:00', '63213e9d-2e93-426f-b798-8a278c956c5f', '138a3e2f-0dd2-4f67-adaf-0512aaf5e481', '2026-01-20T11:14:01.449683', '2026-01-20T11:14:01.449683');
INSERT INTO movie_projections (id, projection_date, projection_time, cinema_hall_id, movie_id, created_at, updated_at) VALUES ('eb1a4b3c-d03b-42f0-9db0-8429f1d548be', '2026-03-31', '10:00:00', '062dfe0a-6244-46c4-a767-c41a824a30e5', '138a3e2f-0dd2-4f67-adaf-0512aaf5e481', '2026-01-20T11:14:01.449728', '2026-01-20T11:14:01.449728');
INSERT INTO movie_projections (id, projection_date, projection_time, cinema_hall_id, movie_id, created_at, updated_at) VALUES ('afc5b5e3-e62a-4ef2-9841-ec9c53e0406c', '2026-01-26', '13:00:00', '6921a3a5-077e-49ba-ba05-dcd55f865512', '138a3e2f-0dd2-4f67-adaf-0512aaf5e481', '2026-01-20T11:14:01.449775', '2026-01-20T11:14:01.449775');
INSERT INTO movie_projections (id, projection_date, projection_time, cinema_hall_id, movie_id, created_at, updated_at) VALUES ('a1ee3a05-88b6-4ea2-8bd4-b22bbf592cd4', '2026-03-14', '19:00:00', 'd1d0fc7b-99ab-4013-b293-2525a79b53e0', '138a3e2f-0dd2-4f67-adaf-0512aaf5e481', '2026-01-20T11:14:01.449836', '2026-01-20T11:14:01.449836');
INSERT INTO movie_projections (id, projection_date, projection_time, cinema_hall_id, movie_id, created_at, updated_at) VALUES ('3b5dfbdd-c391-4861-af26-dec778cdb23c', '2026-02-16', '19:00:00', 'd1d0fc7b-99ab-4013-b293-2525a79b53e0', '138a3e2f-0dd2-4f67-adaf-0512aaf5e481', '2026-01-20T11:14:01.449883', '2026-01-20T11:14:01.449883');
INSERT INTO movie_projections (id, projection_date, projection_time, cinema_hall_id, movie_id, created_at, updated_at) VALUES ('b9139664-2065-47e0-8e91-8f07ab81222c', '2026-03-27', '19:00:00', '6921a3a5-077e-49ba-ba05-dcd55f865512', '138a3e2f-0dd2-4f67-adaf-0512aaf5e481', '2026-01-20T11:14:01.449930', '2026-01-20T11:14:01.449930');
INSERT INTO movie_projections (id, projection_date, projection_time, cinema_hall_id, movie_id, created_at, updated_at) VALUES ('1117b55e-78fe-4d0d-a40f-cc0330c76e89', '2026-02-28', '16:00:00', '63213e9d-2e93-426f-b798-8a278c956c5f', '138a3e2f-0dd2-4f67-adaf-0512aaf5e481', '2026-01-20T11:14:01.449973', '2026-01-20T11:14:01.449973');
INSERT INTO movie_projections (id, projection_date, projection_time, cinema_hall_id, movie_id, created_at, updated_at) VALUES ('7e1a82f0-06f9-47d5-84c9-64fc9e7d7bfc', '2026-02-07', '10:00:00', '346d2a4d-5b04-466c-a9ae-acba644c3285', '138a3e2f-0dd2-4f67-adaf-0512aaf5e481', '2026-01-20T11:14:01.450018', '2026-01-20T11:14:01.450018');
INSERT INTO movie_projections (id, projection_date, projection_time, cinema_hall_id, movie_id, created_at, updated_at) VALUES ('865bf3bf-a8c9-4679-a372-5ab5c87fa65f', '2026-03-18', '10:00:00', 'd1d0fc7b-99ab-4013-b293-2525a79b53e0', '138a3e2f-0dd2-4f67-adaf-0512aaf5e481', '2026-01-20T11:14:01.450063', '2026-01-20T11:14:01.450063');
INSERT INTO movie_projections (id, projection_date, projection_time, cinema_hall_id, movie_id, created_at, updated_at) VALUES ('20456fd9-2848-4a76-ae10-cf81c328ed11', '2026-04-04', '16:00:00', '6921a3a5-077e-49ba-ba05-dcd55f865512', '138a3e2f-0dd2-4f67-adaf-0512aaf5e481', '2026-01-20T11:14:01.450119', '2026-01-20T11:14:01.450119');
INSERT INTO movie_projections (id, projection_date, projection_time, cinema_hall_id, movie_id, created_at, updated_at) VALUES ('9cb3fafc-7eae-4ae1-9f82-f8616f73d85b', '2026-03-21', '13:00:00', '7f8bc5ee-1693-4985-acef-abed9e06ff94', '138a3e2f-0dd2-4f67-adaf-0512aaf5e481', '2026-01-20T11:14:01.450200', '2026-01-20T11:14:01.450200');
INSERT INTO movie_projections (id, projection_date, projection_time, cinema_hall_id, movie_id, created_at, updated_at) VALUES ('343b039c-a00b-427f-9b05-82e2ee4c046a', '2026-02-22', '13:00:00', '72d55d6a-24f8-4769-9819-be7323d307a2', '138a3e2f-0dd2-4f67-adaf-0512aaf5e481', '2026-01-20T11:14:01.450250', '2026-01-20T11:14:01.450250');
INSERT INTO movie_projections (id, projection_date, projection_time, cinema_hall_id, movie_id, created_at, updated_at) VALUES ('023ddadb-481a-4a0f-9887-40540d63f162', '2026-03-21', '16:00:00', 'd1d0fc7b-99ab-4013-b293-2525a79b53e0', '138a3e2f-0dd2-4f67-adaf-0512aaf5e481', '2026-01-20T11:14:01.450298', '2026-01-20T11:14:01.450298');
INSERT INTO movie_projections (id, projection_date, projection_time, cinema_hall_id, movie_id, created_at, updated_at) VALUES ('19bb7c3a-866c-497d-a8e1-192402f52328', '2026-02-19', '10:00:00', '062dfe0a-6244-46c4-a767-c41a824a30e5', 'fd0a82f4-dc84-4cda-a263-7bbb4f75c9f4', '2026-01-20T11:14:01.450360', '2026-01-20T11:14:01.450360');
INSERT INTO movie_projections (id, projection_date, projection_time, cinema_hall_id, movie_id, created_at, updated_at) VALUES ('04e9413b-7c42-4d40-9918-a700f03802d1', '2026-02-04', '16:00:00', '7313599b-6813-47c7-8c51-4e3a2ffac29c', 'fd0a82f4-dc84-4cda-a263-7bbb4f75c9f4', '2026-01-20T11:14:01.450407', '2026-01-20T11:14:01.450407');
INSERT INTO movie_projections (id, projection_date, projection_time, cinema_hall_id, movie_id, created_at, updated_at) VALUES ('8806bdc4-4cb8-43e3-b144-ab6cef4be7cd', '2026-03-02', '10:00:00', 'ddcd3553-73bb-45c1-b4b4-92ab25a503d1', 'fd0a82f4-dc84-4cda-a263-7bbb4f75c9f4', '2026-01-20T11:14:01.450453', '2026-01-20T11:14:01.450453');
INSERT INTO movie_projections (id, projection_date, projection_time, cinema_hall_id, movie_id, created_at, updated_at) VALUES ('ef4db1a9-3bbf-4033-a4b8-efcc7d30e04a', '2026-02-25', '13:00:00', 'd1d0fc7b-99ab-4013-b293-2525a79b53e0', 'fd0a82f4-dc84-4cda-a263-7bbb4f75c9f4', '2026-01-20T11:14:01.450498', '2026-01-20T11:14:01.450498');
INSERT INTO movie_projections (id, projection_date, projection_time, cinema_hall_id, movie_id, created_at, updated_at) VALUES ('e0748207-f949-4167-b1d4-952111218921', '2026-02-15', '16:00:00', '63213e9d-2e93-426f-b798-8a278c956c5f', 'fd0a82f4-dc84-4cda-a263-7bbb4f75c9f4', '2026-01-20T11:14:01.450544', '2026-01-20T11:14:01.450544');
INSERT INTO movie_projections (id, projection_date, projection_time, cinema_hall_id, movie_id, created_at, updated_at) VALUES ('99b370da-8763-4176-8ba3-daf5dcba8940', '2026-02-01', '19:00:00', '7f8bc5ee-1693-4985-acef-abed9e06ff94', 'fd0a82f4-dc84-4cda-a263-7bbb4f75c9f4', '2026-01-20T11:14:01.450600', '2026-01-20T11:14:01.450600');
INSERT INTO movie_projections (id, projection_date, projection_time, cinema_hall_id, movie_id, created_at, updated_at) VALUES ('5ff5b2f3-c07a-4801-92c2-3eda97cb87ac', '2026-02-03', '13:00:00', '63213e9d-2e93-426f-b798-8a278c956c5f', 'fd0a82f4-dc84-4cda-a263-7bbb4f75c9f4', '2026-01-20T11:14:01.450649', '2026-01-20T11:14:01.450649');
INSERT INTO movie_projections (id, projection_date, projection_time, cinema_hall_id, movie_id, created_at, updated_at) VALUES ('37cb5644-b171-40e2-9c42-1cf67f4d87a8', '2026-02-26', '19:00:00', 'd1d0fc7b-99ab-4013-b293-2525a79b53e0', 'fd0a82f4-dc84-4cda-a263-7bbb4f75c9f4', '2026-01-20T11:14:01.450696', '2026-01-20T11:14:01.450696');
INSERT INTO movie_projections (id, projection_date, projection_time, cinema_hall_id, movie_id, created_at, updated_at) VALUES ('856dbf67-7f4d-4337-88ad-686361da18d1', '2026-02-11', '16:00:00', '72d55d6a-24f8-4769-9819-be7323d307a2', 'fd0a82f4-dc84-4cda-a263-7bbb4f75c9f4', '2026-01-20T11:14:01.450742', '2026-01-20T11:14:01.450742');
INSERT INTO movie_projections (id, projection_date, projection_time, cinema_hall_id, movie_id, created_at, updated_at) VALUES ('26df18bc-ed87-4797-bdf4-a18404f662ee', '2026-01-29', '13:00:00', '9ab42b8c-91c1-433a-bfc9-60bda4bffa46', 'fd0a82f4-dc84-4cda-a263-7bbb4f75c9f4', '2026-01-20T11:14:01.450787', '2026-01-20T11:14:01.450787');
INSERT INTO movie_projections (id, projection_date, projection_time, cinema_hall_id, movie_id, created_at, updated_at) VALUES ('dc89e278-3a0e-4444-9254-e76f25932176', '2026-02-07', '19:00:00', '062dfe0a-6244-46c4-a767-c41a824a30e5', 'fd0a82f4-dc84-4cda-a263-7bbb4f75c9f4', '2026-01-20T11:14:01.450832', '2026-01-20T11:14:01.450832');
INSERT INTO movie_projections (id, projection_date, projection_time, cinema_hall_id, movie_id, created_at, updated_at) VALUES ('da6ae952-ab45-4030-a084-423b6635e1dc', '2026-02-13', '16:00:00', 'd1d0fc7b-99ab-4013-b293-2525a79b53e0', 'fd0a82f4-dc84-4cda-a263-7bbb4f75c9f4', '2026-01-20T11:14:01.450877', '2026-01-20T11:14:01.450877');
INSERT INTO movie_projections (id, projection_date, projection_time, cinema_hall_id, movie_id, created_at, updated_at) VALUES ('101fed37-434e-472b-8d1b-a077eb392f53', '2026-02-22', '19:00:00', '9ab42b8c-91c1-433a-bfc9-60bda4bffa46', 'fd0a82f4-dc84-4cda-a263-7bbb4f75c9f4', '2026-01-20T11:14:01.450921', '2026-01-20T11:14:01.450921');
INSERT INTO movie_projections (id, projection_date, projection_time, cinema_hall_id, movie_id, created_at, updated_at) VALUES ('8bf926da-c6bb-4c4e-bc34-e5b7dbc8ae9c', '2026-02-10', '13:00:00', '91119da7-9c00-42bd-9dd6-dd1377d09797', 'fd0a82f4-dc84-4cda-a263-7bbb4f75c9f4', '2026-01-20T11:14:01.450965', '2026-01-20T11:14:01.450965');
INSERT INTO movie_projections (id, projection_date, projection_time, cinema_hall_id, movie_id, created_at, updated_at) VALUES ('b81254cb-6925-49f7-889e-b9335e237135', '2026-02-19', '13:00:00', 'd1d0fc7b-99ab-4013-b293-2525a79b53e0', 'fd0a82f4-dc84-4cda-a263-7bbb4f75c9f4', '2026-01-20T11:14:01.451015', '2026-01-20T11:14:01.451015');
INSERT INTO movie_projections (id, projection_date, projection_time, cinema_hall_id, movie_id, created_at, updated_at) VALUES ('34f72b58-4906-4027-9849-8c79f598b389', '2026-02-13', '13:00:00', 'ddcd3553-73bb-45c1-b4b4-92ab25a503d1', 'fd0a82f4-dc84-4cda-a263-7bbb4f75c9f4', '2026-01-20T11:14:01.451058', '2026-01-20T11:14:01.451058');
INSERT INTO movie_projections (id, projection_date, projection_time, cinema_hall_id, movie_id, created_at, updated_at) VALUES ('949389bf-fa3d-4ff3-a188-35d89c0eaeb2', '2026-03-01', '16:00:00', '91119da7-9c00-42bd-9dd6-dd1377d09797', 'fd0a82f4-dc84-4cda-a263-7bbb4f75c9f4', '2026-01-20T11:14:01.451114', '2026-01-20T11:14:01.451114');
INSERT INTO movie_projections (id, projection_date, projection_time, cinema_hall_id, movie_id, created_at, updated_at) VALUES ('ef319847-e25d-4bf0-9f80-46968c8d6646', '2026-02-16', '13:00:00', '9ab42b8c-91c1-433a-bfc9-60bda4bffa46', 'fd0a82f4-dc84-4cda-a263-7bbb4f75c9f4', '2026-01-20T11:14:01.451169', '2026-01-20T11:14:01.451169');
INSERT INTO movie_projections (id, projection_date, projection_time, cinema_hall_id, movie_id, created_at, updated_at) VALUES ('b0d1d935-1b5b-4892-89dc-df6dabdda060', '2026-02-22', '19:00:00', '63213e9d-2e93-426f-b798-8a278c956c5f', 'fd0a82f4-dc84-4cda-a263-7bbb4f75c9f4', '2026-01-20T11:14:01.451214', '2026-01-20T11:14:01.451214');
INSERT INTO movie_projections (id, projection_date, projection_time, cinema_hall_id, movie_id, created_at, updated_at) VALUES ('b38f57db-a901-4f0f-9084-59ed7ffaff40', '2026-02-05', '13:00:00', '7f8bc5ee-1693-4985-acef-abed9e06ff94', 'fd0a82f4-dc84-4cda-a263-7bbb4f75c9f4', '2026-01-20T11:14:01.451260', '2026-01-20T11:14:01.451260');
INSERT INTO movie_projections (id, projection_date, projection_time, cinema_hall_id, movie_id, created_at, updated_at) VALUES ('df19d34c-2206-4a35-b976-2e1c53272868', '2026-02-17', '13:00:00', '7313599b-6813-47c7-8c51-4e3a2ffac29c', 'fd0a82f4-dc84-4cda-a263-7bbb4f75c9f4', '2026-01-20T11:14:01.451303', '2026-01-20T11:14:01.451303');
INSERT INTO movie_projections (id, projection_date, projection_time, cinema_hall_id, movie_id, created_at, updated_at) VALUES ('c0be26c7-a185-486f-a98c-406ab000452b', '2026-02-09', '19:00:00', '6921a3a5-077e-49ba-ba05-dcd55f865512', 'fd0a82f4-dc84-4cda-a263-7bbb4f75c9f4', '2026-01-20T11:14:01.451358', '2026-01-20T11:14:01.451358');
INSERT INTO movie_projections (id, projection_date, projection_time, cinema_hall_id, movie_id, created_at, updated_at) VALUES ('12fe82af-5066-487f-a182-bd3ec6dff185', '2026-02-16', '13:00:00', '91119da7-9c00-42bd-9dd6-dd1377d09797', 'fd0a82f4-dc84-4cda-a263-7bbb4f75c9f4', '2026-01-20T11:14:01.451408', '2026-01-20T11:14:01.451408');
INSERT INTO movie_projections (id, projection_date, projection_time, cinema_hall_id, movie_id, created_at, updated_at) VALUES ('51ff5f8b-3254-4841-8ea4-060ad9a4163c', '2026-02-12', '19:00:00', 'ddcd3553-73bb-45c1-b4b4-92ab25a503d1', 'fd0a82f4-dc84-4cda-a263-7bbb4f75c9f4', '2026-01-20T11:14:01.451454', '2026-01-20T11:14:01.451454');
INSERT INTO movie_projections (id, projection_date, projection_time, cinema_hall_id, movie_id, created_at, updated_at) VALUES ('a0a7dd76-d21b-4fce-9ee0-80bb2e749c3c', '2026-02-15', '19:00:00', '346d2a4d-5b04-466c-a9ae-acba644c3285', 'fd0a82f4-dc84-4cda-a263-7bbb4f75c9f4', '2026-01-20T11:14:01.451498', '2026-01-20T11:14:01.451498');
INSERT INTO movie_projections (id, projection_date, projection_time, cinema_hall_id, movie_id, created_at, updated_at) VALUES ('c3729192-425a-4ca2-ac6b-1cc5984747c5', '2026-01-22', '16:00:00', '346d2a4d-5b04-466c-a9ae-acba644c3285', 'fd0a82f4-dc84-4cda-a263-7bbb4f75c9f4', '2026-01-20T11:14:01.451544', '2026-01-20T11:14:01.451544');
INSERT INTO movie_projections (id, projection_date, projection_time, cinema_hall_id, movie_id, created_at, updated_at) VALUES ('1f20da0e-9f82-4c6c-b917-4ffd6192094a', '2026-02-23', '13:00:00', '9ab42b8c-91c1-433a-bfc9-60bda4bffa46', 'fd0a82f4-dc84-4cda-a263-7bbb4f75c9f4', '2026-01-20T11:14:01.451590', '2026-01-20T11:14:01.451590');
INSERT INTO movie_projections (id, projection_date, projection_time, cinema_hall_id, movie_id, created_at, updated_at) VALUES ('abc1af62-7d60-46b9-b4cb-d0bacfad952b', '2026-02-23', '10:00:00', '72d55d6a-24f8-4769-9819-be7323d307a2', 'fd0a82f4-dc84-4cda-a263-7bbb4f75c9f4', '2026-01-20T11:14:01.451634', '2026-01-20T11:14:01.451634');
INSERT INTO movie_projections (id, projection_date, projection_time, cinema_hall_id, movie_id, created_at, updated_at) VALUES ('850461f4-060c-465e-9735-16ece51b1036', '2026-02-04', '19:00:00', 'ddcd3553-73bb-45c1-b4b4-92ab25a503d1', 'fd0a82f4-dc84-4cda-a263-7bbb4f75c9f4', '2026-01-20T11:14:01.451998', '2026-01-20T11:14:01.451998');
INSERT INTO movie_projections (id, projection_date, projection_time, cinema_hall_id, movie_id, created_at, updated_at) VALUES ('20dfc6bf-b273-4609-bf4d-cf891b7e91e5', '2026-02-27', '16:00:00', '7313599b-6813-47c7-8c51-4e3a2ffac29c', 'fd0a82f4-dc84-4cda-a263-7bbb4f75c9f4', '2026-01-20T11:14:01.452062', '2026-01-20T11:14:01.452062');
INSERT INTO movie_projections (id, projection_date, projection_time, cinema_hall_id, movie_id, created_at, updated_at) VALUES ('c45dca5e-0f22-47b3-b0ea-547baf4f8ecf', '2026-02-26', '19:00:00', 'ddcd3553-73bb-45c1-b4b4-92ab25a503d1', 'fd0a82f4-dc84-4cda-a263-7bbb4f75c9f4', '2026-01-20T11:14:01.452134', '2026-01-20T11:14:01.452134');
INSERT INTO movie_projections (id, projection_date, projection_time, cinema_hall_id, movie_id, created_at, updated_at) VALUES ('f8e20fed-242e-41c4-94c9-a887c6f77438', '2026-01-24', '19:00:00', '9ab42b8c-91c1-433a-bfc9-60bda4bffa46', 'fd0a82f4-dc84-4cda-a263-7bbb4f75c9f4', '2026-01-20T11:14:01.452217', '2026-01-20T11:14:01.452217');
INSERT INTO movie_projections (id, projection_date, projection_time, cinema_hall_id, movie_id, created_at, updated_at) VALUES ('46078ec1-8afb-4cc0-be4f-5e4c1ea79dbb', '2026-02-22', '13:00:00', '346d2a4d-5b04-466c-a9ae-acba644c3285', 'fd0a82f4-dc84-4cda-a263-7bbb4f75c9f4', '2026-01-20T11:14:01.452275', '2026-01-20T11:14:01.452275');
INSERT INTO movie_projections (id, projection_date, projection_time, cinema_hall_id, movie_id, created_at, updated_at) VALUES ('15060dd7-b338-4331-ba74-e9d8c0e7cf6d', '2026-02-25', '13:00:00', '6921a3a5-077e-49ba-ba05-dcd55f865512', 'fd0a82f4-dc84-4cda-a263-7bbb4f75c9f4', '2026-01-20T11:14:01.452351', '2026-01-20T11:14:01.452351');
INSERT INTO movie_projections (id, projection_date, projection_time, cinema_hall_id, movie_id, created_at, updated_at) VALUES ('d129d405-3d50-4285-8943-7b5d32aa317d', '2026-02-03', '10:00:00', '062dfe0a-6244-46c4-a767-c41a824a30e5', 'fd0a82f4-dc84-4cda-a263-7bbb4f75c9f4', '2026-01-20T11:14:01.452402', '2026-01-20T11:14:01.452402');
INSERT INTO movie_projections (id, projection_date, projection_time, cinema_hall_id, movie_id, created_at, updated_at) VALUES ('232bbf84-0e97-4ae6-913e-e2d7b2fcf9df', '2026-01-20', '10:00:00', '346d2a4d-5b04-466c-a9ae-acba644c3285', 'fd0a82f4-dc84-4cda-a263-7bbb4f75c9f4', '2026-01-20T11:14:01.452572', '2026-01-20T11:14:01.452572');
INSERT INTO movie_projections (id, projection_date, projection_time, cinema_hall_id, movie_id, created_at, updated_at) VALUES ('651864ac-3f34-407c-bbc2-399d7f00cee2', '2026-02-13', '13:00:00', '6921a3a5-077e-49ba-ba05-dcd55f865512', 'fd0a82f4-dc84-4cda-a263-7bbb4f75c9f4', '2026-01-20T11:14:01.452618', '2026-01-20T11:14:01.452618');
INSERT INTO movie_projections (id, projection_date, projection_time, cinema_hall_id, movie_id, created_at, updated_at) VALUES ('e1791715-203f-468b-afc0-b739d1c6246f', '2026-02-01', '19:00:00', '63213e9d-2e93-426f-b798-8a278c956c5f', 'fd0a82f4-dc84-4cda-a263-7bbb4f75c9f4', '2026-01-20T11:14:01.452667', '2026-01-20T11:14:01.452667');
INSERT INTO movie_projections (id, projection_date, projection_time, cinema_hall_id, movie_id, created_at, updated_at) VALUES ('0d227bf0-37a1-4dfd-ab8e-bea9ba8abbf9', '2026-01-29', '19:00:00', 'ddcd3553-73bb-45c1-b4b4-92ab25a503d1', 'fd0a82f4-dc84-4cda-a263-7bbb4f75c9f4', '2026-01-20T11:14:01.452708', '2026-01-20T11:14:01.452708');
INSERT INTO movie_projections (id, projection_date, projection_time, cinema_hall_id, movie_id, created_at, updated_at) VALUES ('e318b716-9287-44e5-bd42-02234961485a', '2026-02-17', '13:00:00', '63213e9d-2e93-426f-b798-8a278c956c5f', 'fd0a82f4-dc84-4cda-a263-7bbb4f75c9f4', '2026-01-20T11:14:01.452746', '2026-01-20T11:14:01.452746');
INSERT INTO movie_projections (id, projection_date, projection_time, cinema_hall_id, movie_id, created_at, updated_at) VALUES ('4be065ec-6656-429f-8fff-556b94b1beed', '2026-02-10', '16:00:00', '346d2a4d-5b04-466c-a9ae-acba644c3285', '44e3e981-415e-4153-999a-c9f56a0871e4', '2026-01-20T11:14:01.452790', '2026-01-20T11:14:01.452790');
INSERT INTO movie_projections (id, projection_date, projection_time, cinema_hall_id, movie_id, created_at, updated_at) VALUES ('67d6544f-babf-4911-941b-a88d0cd2caae', '2026-01-28', '19:00:00', '062dfe0a-6244-46c4-a767-c41a824a30e5', '44e3e981-415e-4153-999a-c9f56a0871e4', '2026-01-20T11:14:01.452833', '2026-01-20T11:14:01.452833');
INSERT INTO movie_projections (id, projection_date, projection_time, cinema_hall_id, movie_id, created_at, updated_at) VALUES ('1ba81d1e-1be0-45ad-b863-cc8b5cf94823', '2026-03-01', '19:00:00', '91119da7-9c00-42bd-9dd6-dd1377d09797', '44e3e981-415e-4153-999a-c9f56a0871e4', '2026-01-20T11:14:01.452881', '2026-01-20T11:14:01.452881');
INSERT INTO movie_projections (id, projection_date, projection_time, cinema_hall_id, movie_id, created_at, updated_at) VALUES ('3f438c97-29bb-4dcc-b249-a6efc0bac4b9', '2026-02-28', '19:00:00', '9ab42b8c-91c1-433a-bfc9-60bda4bffa46', '44e3e981-415e-4153-999a-c9f56a0871e4', '2026-01-20T11:14:01.452923', '2026-01-20T11:14:01.452923');
INSERT INTO movie_projections (id, projection_date, projection_time, cinema_hall_id, movie_id, created_at, updated_at) VALUES ('d1d4274e-7ef6-437b-91f1-9d125222beeb', '2026-02-14', '13:00:00', '7f8bc5ee-1693-4985-acef-abed9e06ff94', '44e3e981-415e-4153-999a-c9f56a0871e4', '2026-01-20T11:14:01.452960', '2026-01-20T11:14:01.452960');
INSERT INTO movie_projections (id, projection_date, projection_time, cinema_hall_id, movie_id, created_at, updated_at) VALUES ('c5e645c5-ba6f-429b-ae30-090cfea78e58', '2026-01-27', '13:00:00', '6921a3a5-077e-49ba-ba05-dcd55f865512', '44e3e981-415e-4153-999a-c9f56a0871e4', '2026-01-20T11:14:01.453000', '2026-01-20T11:14:01.453000');
INSERT INTO movie_projections (id, projection_date, projection_time, cinema_hall_id, movie_id, created_at, updated_at) VALUES ('0aa65200-0715-4ac9-ac47-4bc8e92f02eb', '2026-02-24', '13:00:00', 'd1d0fc7b-99ab-4013-b293-2525a79b53e0', '44e3e981-415e-4153-999a-c9f56a0871e4', '2026-01-20T11:14:01.453041', '2026-01-20T11:14:01.453041');
INSERT INTO movie_projections (id, projection_date, projection_time, cinema_hall_id, movie_id, created_at, updated_at) VALUES ('c32d7909-6873-4ae8-8d5c-a55d2073f763', '2026-01-25', '13:00:00', '346d2a4d-5b04-466c-a9ae-acba644c3285', '44e3e981-415e-4153-999a-c9f56a0871e4', '2026-01-20T11:14:01.453082', '2026-01-20T11:14:01.453082');
INSERT INTO movie_projections (id, projection_date, projection_time, cinema_hall_id, movie_id, created_at, updated_at) VALUES ('f8910ec6-ef77-4e53-bc56-53bd89ec55c2', '2026-02-07', '19:00:00', '062dfe0a-6244-46c4-a767-c41a824a30e5', '44e3e981-415e-4153-999a-c9f56a0871e4', '2026-01-20T11:14:01.453199', '2026-01-20T11:14:01.453199');
INSERT INTO movie_projections (id, projection_date, projection_time, cinema_hall_id, movie_id, created_at, updated_at) VALUES ('eb74b799-0400-4cbe-9d84-e9867fc98dab', '2026-01-27', '13:00:00', '7313599b-6813-47c7-8c51-4e3a2ffac29c', '44e3e981-415e-4153-999a-c9f56a0871e4', '2026-01-20T11:14:01.453243', '2026-01-20T11:14:01.453243');
INSERT INTO movie_projections (id, projection_date, projection_time, cinema_hall_id, movie_id, created_at, updated_at) VALUES ('1b2d76b5-0cab-4123-a428-737333244dc2', '2026-02-02', '16:00:00', '7f8bc5ee-1693-4985-acef-abed9e06ff94', '44e3e981-415e-4153-999a-c9f56a0871e4', '2026-01-20T11:14:01.453283', '2026-01-20T11:14:01.453283');
INSERT INTO movie_projections (id, projection_date, projection_time, cinema_hall_id, movie_id, created_at, updated_at) VALUES ('ad6e99f1-acca-4b23-b339-0ed7875bae63', '2026-02-22', '16:00:00', '7f8bc5ee-1693-4985-acef-abed9e06ff94', '44e3e981-415e-4153-999a-c9f56a0871e4', '2026-01-20T11:14:01.453328', '2026-01-20T11:14:01.453328');
INSERT INTO movie_projections (id, projection_date, projection_time, cinema_hall_id, movie_id, created_at, updated_at) VALUES ('5b826425-f661-4603-9c3f-3ff770d25ef7', '2026-02-22', '16:00:00', 'ddcd3553-73bb-45c1-b4b4-92ab25a503d1', '44e3e981-415e-4153-999a-c9f56a0871e4', '2026-01-20T11:14:01.453366', '2026-01-20T11:14:01.453366');
INSERT INTO movie_projections (id, projection_date, projection_time, cinema_hall_id, movie_id, created_at, updated_at) VALUES ('27e151a6-87ae-43b5-967a-622c4f40f52e', '2026-02-15', '19:00:00', '7f8bc5ee-1693-4985-acef-abed9e06ff94', '44e3e981-415e-4153-999a-c9f56a0871e4', '2026-01-20T11:14:01.453417', '2026-01-20T11:14:01.453417');
INSERT INTO movie_projections (id, projection_date, projection_time, cinema_hall_id, movie_id, created_at, updated_at) VALUES ('3031e262-7161-4629-85a2-4d1f35f1cc32', '2026-02-10', '13:00:00', '346d2a4d-5b04-466c-a9ae-acba644c3285', '44e3e981-415e-4153-999a-c9f56a0871e4', '2026-01-20T11:14:01.453464', '2026-01-20T11:14:01.453464');
INSERT INTO movie_projections (id, projection_date, projection_time, cinema_hall_id, movie_id, created_at, updated_at) VALUES ('af56331a-34c2-47b1-9dbe-981f10f33eb7', '2026-02-19', '19:00:00', '63213e9d-2e93-426f-b798-8a278c956c5f', '44e3e981-415e-4153-999a-c9f56a0871e4', '2026-01-20T11:14:01.453510', '2026-01-20T11:14:01.453510');
INSERT INTO movie_projections (id, projection_date, projection_time, cinema_hall_id, movie_id, created_at, updated_at) VALUES ('6f88aefb-fdff-4e5d-92e1-f510a242d09d', '2026-02-12', '10:00:00', '72d55d6a-24f8-4769-9819-be7323d307a2', '44e3e981-415e-4153-999a-c9f56a0871e4', '2026-01-20T11:14:01.453560', '2026-01-20T11:14:01.453560');
INSERT INTO movie_projections (id, projection_date, projection_time, cinema_hall_id, movie_id, created_at, updated_at) VALUES ('a1058ae4-5669-4d7e-99fc-23112df676fe', '2026-02-15', '16:00:00', '9ab42b8c-91c1-433a-bfc9-60bda4bffa46', '44e3e981-415e-4153-999a-c9f56a0871e4', '2026-01-20T11:14:01.453608', '2026-01-20T11:14:01.453608');
INSERT INTO movie_projections (id, projection_date, projection_time, cinema_hall_id, movie_id, created_at, updated_at) VALUES ('ed7fdabe-c988-4081-a880-2b4d1962d7a2', '2026-02-17', '16:00:00', '63213e9d-2e93-426f-b798-8a278c956c5f', '44e3e981-415e-4153-999a-c9f56a0871e4', '2026-01-20T11:14:01.453656', '2026-01-20T11:14:01.453656');
INSERT INTO movie_projections (id, projection_date, projection_time, cinema_hall_id, movie_id, created_at, updated_at) VALUES ('a7a821bd-f1e5-405e-8e73-a37e23465a99', '2026-02-07', '19:00:00', '72d55d6a-24f8-4769-9819-be7323d307a2', '44e3e981-415e-4153-999a-c9f56a0871e4', '2026-01-20T11:14:01.453709', '2026-01-20T11:14:01.453709');
INSERT INTO movie_projections (id, projection_date, projection_time, cinema_hall_id, movie_id, created_at, updated_at) VALUES ('85a9cbf2-1b0c-4999-96b5-693452a565fe', '2026-02-12', '10:00:00', '9ab42b8c-91c1-433a-bfc9-60bda4bffa46', '44e3e981-415e-4153-999a-c9f56a0871e4', '2026-01-20T11:14:01.453758', '2026-01-20T11:14:01.453758');
INSERT INTO movie_projections (id, projection_date, projection_time, cinema_hall_id, movie_id, created_at, updated_at) VALUES ('b7cd319d-8a83-4bda-928d-6d6d63eed545', '2026-02-17', '10:00:00', 'ddcd3553-73bb-45c1-b4b4-92ab25a503d1', '44e3e981-415e-4153-999a-c9f56a0871e4', '2026-01-20T11:14:01.453804', '2026-01-20T11:14:01.453804');
INSERT INTO movie_projections (id, projection_date, projection_time, cinema_hall_id, movie_id, created_at, updated_at) VALUES ('13ed93c9-e969-43ae-9044-7d9cd073fbeb', '2026-01-26', '16:00:00', '062dfe0a-6244-46c4-a767-c41a824a30e5', '44e3e981-415e-4153-999a-c9f56a0871e4', '2026-01-20T11:14:01.453857', '2026-01-20T11:14:01.453857');
INSERT INTO movie_projections (id, projection_date, projection_time, cinema_hall_id, movie_id, created_at, updated_at) VALUES ('bdb81ca3-263d-4d77-a2f9-be061fff446e', '2026-02-23', '13:00:00', '91119da7-9c00-42bd-9dd6-dd1377d09797', '44e3e981-415e-4153-999a-c9f56a0871e4', '2026-01-20T11:14:01.453916', '2026-01-20T11:14:01.453916');
INSERT INTO movie_projections (id, projection_date, projection_time, cinema_hall_id, movie_id, created_at, updated_at) VALUES ('6214043d-4710-4f22-83ad-6783e134904e', '2026-01-23', '10:00:00', '6921a3a5-077e-49ba-ba05-dcd55f865512', '44e3e981-415e-4153-999a-c9f56a0871e4', '2026-01-20T11:14:01.453965', '2026-01-20T11:14:01.453965');
INSERT INTO movie_projections (id, projection_date, projection_time, cinema_hall_id, movie_id, created_at, updated_at) VALUES ('a26c272f-e2ce-4817-b389-87eb11bc55e9', '2026-01-26', '13:00:00', '7313599b-6813-47c7-8c51-4e3a2ffac29c', '44e3e981-415e-4153-999a-c9f56a0871e4', '2026-01-20T11:14:01.454011', '2026-01-20T11:14:01.454011');
INSERT INTO movie_projections (id, projection_date, projection_time, cinema_hall_id, movie_id, created_at, updated_at) VALUES ('db35a536-6503-4990-ba60-365a8e674b95', '2026-02-05', '13:00:00', 'd1d0fc7b-99ab-4013-b293-2525a79b53e0', '44e3e981-415e-4153-999a-c9f56a0871e4', '2026-01-20T11:14:01.454055', '2026-01-20T11:14:01.454055');
INSERT INTO movie_projections (id, projection_date, projection_time, cinema_hall_id, movie_id, created_at, updated_at) VALUES ('23ab015b-be1e-466d-b41a-e0bf386fa620', '2026-01-26', '10:00:00', '7f8bc5ee-1693-4985-acef-abed9e06ff94', '44e3e981-415e-4153-999a-c9f56a0871e4', '2026-01-20T11:14:01.454117', '2026-01-20T11:14:01.454117');
INSERT INTO movie_projections (id, projection_date, projection_time, cinema_hall_id, movie_id, created_at, updated_at) VALUES ('be7544ec-b0a6-458b-b21d-b560666e8a34', '2026-02-03', '10:00:00', '63213e9d-2e93-426f-b798-8a278c956c5f', '44e3e981-415e-4153-999a-c9f56a0871e4', '2026-01-20T11:14:01.454169', '2026-01-20T11:14:01.454169');
INSERT INTO movie_projections (id, projection_date, projection_time, cinema_hall_id, movie_id, created_at, updated_at) VALUES ('1d88bb84-fbfb-46cb-9d1e-f43bbd0d5c19', '2026-02-02', '19:00:00', 'd1d0fc7b-99ab-4013-b293-2525a79b53e0', '44e3e981-415e-4153-999a-c9f56a0871e4', '2026-01-20T11:14:01.454209', '2026-01-20T11:14:01.454209');
INSERT INTO movie_projections (id, projection_date, projection_time, cinema_hall_id, movie_id, created_at, updated_at) VALUES ('6ce098ce-4e7e-4764-9fd9-d139cf5e97e1', '2026-02-08', '16:00:00', '63213e9d-2e93-426f-b798-8a278c956c5f', '44e3e981-415e-4153-999a-c9f56a0871e4', '2026-01-20T11:14:01.454247', '2026-01-20T11:14:01.454247');
INSERT INTO movie_projections (id, projection_date, projection_time, cinema_hall_id, movie_id, created_at, updated_at) VALUES ('c5b643f4-6160-4c92-9ae1-e0a3f780cb5d', '2026-01-24', '10:00:00', '72d55d6a-24f8-4769-9819-be7323d307a2', '44e3e981-415e-4153-999a-c9f56a0871e4', '2026-01-20T11:14:01.454284', '2026-01-20T11:14:01.454284');
INSERT INTO movie_projections (id, projection_date, projection_time, cinema_hall_id, movie_id, created_at, updated_at) VALUES ('e9b2c90b-8dd7-4224-9c31-f0673403b7fd', '2026-01-25', '19:00:00', '72d55d6a-24f8-4769-9819-be7323d307a2', '44e3e981-415e-4153-999a-c9f56a0871e4', '2026-01-20T11:14:01.454321', '2026-01-20T11:14:01.454321');
INSERT INTO movie_projections (id, projection_date, projection_time, cinema_hall_id, movie_id, created_at, updated_at) VALUES ('0807d268-6ee3-455c-b505-367a48200270', '2026-02-24', '19:00:00', '062dfe0a-6244-46c4-a767-c41a824a30e5', '44e3e981-415e-4153-999a-c9f56a0871e4', '2026-01-20T11:14:01.454361', '2026-01-20T11:14:01.454361');
INSERT INTO movie_projections (id, projection_date, projection_time, cinema_hall_id, movie_id, created_at, updated_at) VALUES ('e02957e4-09e8-454f-ad73-519fa8e67e80', '2026-01-23', '19:00:00', '7313599b-6813-47c7-8c51-4e3a2ffac29c', '44e3e981-415e-4153-999a-c9f56a0871e4', '2026-01-20T11:14:01.454413', '2026-01-20T11:14:01.454413');
INSERT INTO movie_projections (id, projection_date, projection_time, cinema_hall_id, movie_id, created_at, updated_at) VALUES ('da1d01cd-bd0b-49c2-b405-ef1d8913c53b', '2026-01-26', '10:00:00', '63213e9d-2e93-426f-b798-8a278c956c5f', '44e3e981-415e-4153-999a-c9f56a0871e4', '2026-01-20T11:14:01.454457', '2026-01-20T11:14:01.454457');
INSERT INTO movie_projections (id, projection_date, projection_time, cinema_hall_id, movie_id, created_at, updated_at) VALUES ('068f48c5-cf56-43dd-815e-0e1914d79168', '2026-01-25', '13:00:00', '062dfe0a-6244-46c4-a767-c41a824a30e5', '44e3e981-415e-4153-999a-c9f56a0871e4', '2026-01-20T11:14:01.454496', '2026-01-20T11:14:01.454496');
INSERT INTO movie_projections (id, projection_date, projection_time, cinema_hall_id, movie_id, created_at, updated_at) VALUES ('cb3a111d-42ad-4e97-bc7f-35951afcc6d4', '2026-01-21', '13:00:00', 'd1d0fc7b-99ab-4013-b293-2525a79b53e0', '44e3e981-415e-4153-999a-c9f56a0871e4', '2026-01-20T11:14:01.454534', '2026-01-20T11:14:01.454534');
INSERT INTO movie_projections (id, projection_date, projection_time, cinema_hall_id, movie_id, created_at, updated_at) VALUES ('a64b10d3-f077-4b19-9e18-c53d98631d90', '2026-01-20', '19:00:00', '7f8bc5ee-1693-4985-acef-abed9e06ff94', '44e3e981-415e-4153-999a-c9f56a0871e4', '2026-01-20T11:14:01.454573', '2026-01-20T11:14:01.454573');
INSERT INTO movie_projections (id, projection_date, projection_time, cinema_hall_id, movie_id, created_at, updated_at) VALUES ('087c9b80-74b0-4401-bcdb-f0ee051f7d1d', '2026-02-04', '16:00:00', '6921a3a5-077e-49ba-ba05-dcd55f865512', '44e3e981-415e-4153-999a-c9f56a0871e4', '2026-01-20T11:14:01.454612', '2026-01-20T11:14:01.454612');
INSERT INTO movie_projections (id, projection_date, projection_time, cinema_hall_id, movie_id, created_at, updated_at) VALUES ('fc5d412d-8a2c-483b-9630-3c9764f5f33d', '2026-06-13', '19:00:00', '062dfe0a-6244-46c4-a767-c41a824a30e5', '8436333f-cb9f-410f-9ca1-6a8ea8a8fa58', '2026-01-20T11:14:01.454654', '2026-01-20T11:14:01.454654');
INSERT INTO movie_projections (id, projection_date, projection_time, cinema_hall_id, movie_id, created_at, updated_at) VALUES ('2faacad4-c010-440a-b6c7-3df469e7c422', '2026-05-28', '19:00:00', '7313599b-6813-47c7-8c51-4e3a2ffac29c', '8436333f-cb9f-410f-9ca1-6a8ea8a8fa58', '2026-01-20T11:14:01.454698', '2026-01-20T11:14:01.454698');
INSERT INTO movie_projections (id, projection_date, projection_time, cinema_hall_id, movie_id, created_at, updated_at) VALUES ('5b79a601-a4d2-4fee-9af1-b3f3e6ee5887', '2026-06-28', '19:00:00', '9ab42b8c-91c1-433a-bfc9-60bda4bffa46', '8436333f-cb9f-410f-9ca1-6a8ea8a8fa58', '2026-01-20T11:14:01.454737', '2026-01-20T11:14:01.454737');
INSERT INTO movie_projections (id, projection_date, projection_time, cinema_hall_id, movie_id, created_at, updated_at) VALUES ('27899a9e-0b5f-4cb3-83b4-1ea96726c727', '2026-07-01', '19:00:00', '346d2a4d-5b04-466c-a9ae-acba644c3285', '8436333f-cb9f-410f-9ca1-6a8ea8a8fa58', '2026-01-20T11:14:01.454785', '2026-01-20T11:14:01.454785');
INSERT INTO movie_projections (id, projection_date, projection_time, cinema_hall_id, movie_id, created_at, updated_at) VALUES ('55edede5-3f3c-4ac4-a2b9-a549d2de912a', '2026-04-30', '10:00:00', '7f8bc5ee-1693-4985-acef-abed9e06ff94', '8436333f-cb9f-410f-9ca1-6a8ea8a8fa58', '2026-01-20T11:14:01.454833', '2026-01-20T11:14:01.454833');
INSERT INTO movie_projections (id, projection_date, projection_time, cinema_hall_id, movie_id, created_at, updated_at) VALUES ('f4788654-7f73-4076-878d-0d77f63ea021', '2026-06-06', '10:00:00', '63213e9d-2e93-426f-b798-8a278c956c5f', '8436333f-cb9f-410f-9ca1-6a8ea8a8fa58', '2026-01-20T11:14:01.454873', '2026-01-20T11:14:01.454873');
INSERT INTO movie_projections (id, projection_date, projection_time, cinema_hall_id, movie_id, created_at, updated_at) VALUES ('f313b5ff-d373-48c0-803c-a15b09976f9b', '2026-05-18', '19:00:00', '6921a3a5-077e-49ba-ba05-dcd55f865512', '8436333f-cb9f-410f-9ca1-6a8ea8a8fa58', '2026-01-20T11:14:01.454910', '2026-01-20T11:14:01.454910');
INSERT INTO movie_projections (id, projection_date, projection_time, cinema_hall_id, movie_id, created_at, updated_at) VALUES ('8e66d719-2e8a-4676-9a1b-4f689068017a', '2026-07-07', '16:00:00', '9ab42b8c-91c1-433a-bfc9-60bda4bffa46', '8436333f-cb9f-410f-9ca1-6a8ea8a8fa58', '2026-01-20T11:14:01.454949', '2026-01-20T11:14:01.454949');
INSERT INTO movie_projections (id, projection_date, projection_time, cinema_hall_id, movie_id, created_at, updated_at) VALUES ('7db5b262-4e1b-494f-9b8d-06b20b45a712', '2026-05-20', '10:00:00', '7f8bc5ee-1693-4985-acef-abed9e06ff94', '8436333f-cb9f-410f-9ca1-6a8ea8a8fa58', '2026-01-20T11:14:01.454987', '2026-01-20T11:14:01.454987');
INSERT INTO movie_projections (id, projection_date, projection_time, cinema_hall_id, movie_id, created_at, updated_at) VALUES ('f144f44f-1e30-4386-bb16-cfc846a5f6fe', '2026-05-12', '13:00:00', 'ddcd3553-73bb-45c1-b4b4-92ab25a503d1', '8436333f-cb9f-410f-9ca1-6a8ea8a8fa58', '2026-01-20T11:14:01.455029', '2026-01-20T11:14:01.455029');
INSERT INTO movie_projections (id, projection_date, projection_time, cinema_hall_id, movie_id, created_at, updated_at) VALUES ('39854906-0c7f-4f4c-b2cb-5724fa60b5f6', '2026-06-03', '16:00:00', 'd1d0fc7b-99ab-4013-b293-2525a79b53e0', '8436333f-cb9f-410f-9ca1-6a8ea8a8fa58', '2026-01-20T11:14:01.455075', '2026-01-20T11:14:01.455075');
INSERT INTO movie_projections (id, projection_date, projection_time, cinema_hall_id, movie_id, created_at, updated_at) VALUES ('7b94988c-f9d8-47b5-b565-68d77812ea30', '2026-05-06', '16:00:00', '6921a3a5-077e-49ba-ba05-dcd55f865512', '8436333f-cb9f-410f-9ca1-6a8ea8a8fa58', '2026-01-20T11:14:01.455178', '2026-01-20T11:14:01.455178');
INSERT INTO movie_projections (id, projection_date, projection_time, cinema_hall_id, movie_id, created_at, updated_at) VALUES ('1ff1ba27-c63a-4209-820a-ee6d41f01049', '2026-05-29', '13:00:00', '7f8bc5ee-1693-4985-acef-abed9e06ff94', '8436333f-cb9f-410f-9ca1-6a8ea8a8fa58', '2026-01-20T11:14:01.455232', '2026-01-20T11:14:01.455232');
INSERT INTO movie_projections (id, projection_date, projection_time, cinema_hall_id, movie_id, created_at, updated_at) VALUES ('b171494e-628b-4394-a72c-7fa332265b49', '2026-05-24', '10:00:00', '9ab42b8c-91c1-433a-bfc9-60bda4bffa46', '8436333f-cb9f-410f-9ca1-6a8ea8a8fa58', '2026-01-20T11:14:01.455537', '2026-01-20T11:14:01.455537');
INSERT INTO movie_projections (id, projection_date, projection_time, cinema_hall_id, movie_id, created_at, updated_at) VALUES ('517d9e36-fe84-4eac-849b-a76285545ecf', '2026-06-14', '10:00:00', '7f8bc5ee-1693-4985-acef-abed9e06ff94', '8436333f-cb9f-410f-9ca1-6a8ea8a8fa58', '2026-01-20T11:14:01.455615', '2026-01-20T11:14:01.455615');
INSERT INTO movie_projections (id, projection_date, projection_time, cinema_hall_id, movie_id, created_at, updated_at) VALUES ('486a3f06-19dd-444d-bdaa-22a094dc285f', '2026-05-04', '13:00:00', '6921a3a5-077e-49ba-ba05-dcd55f865512', '8436333f-cb9f-410f-9ca1-6a8ea8a8fa58', '2026-01-20T11:14:01.455699', '2026-01-20T11:14:01.455699');
INSERT INTO movie_projections (id, projection_date, projection_time, cinema_hall_id, movie_id, created_at, updated_at) VALUES ('b8cfa419-d5b6-4df1-ac46-d67799a6f7e0', '2026-06-02', '13:00:00', '6921a3a5-077e-49ba-ba05-dcd55f865512', '8436333f-cb9f-410f-9ca1-6a8ea8a8fa58', '2026-01-20T11:14:01.455740', '2026-01-20T11:14:01.455740');
INSERT INTO movie_projections (id, projection_date, projection_time, cinema_hall_id, movie_id, created_at, updated_at) VALUES ('0cd625c0-4080-4c1d-843c-3ce871308e7a', '2026-06-24', '10:00:00', '6921a3a5-077e-49ba-ba05-dcd55f865512', '8436333f-cb9f-410f-9ca1-6a8ea8a8fa58', '2026-01-20T11:14:01.455778', '2026-01-20T11:14:01.455778');
INSERT INTO movie_projections (id, projection_date, projection_time, cinema_hall_id, movie_id, created_at, updated_at) VALUES ('339c5b26-8068-4d05-b8b2-c9a4f5183073', '2026-05-01', '13:00:00', '9ab42b8c-91c1-433a-bfc9-60bda4bffa46', '8436333f-cb9f-410f-9ca1-6a8ea8a8fa58', '2026-01-20T11:14:01.455815', '2026-01-20T11:14:01.455815');
INSERT INTO movie_projections (id, projection_date, projection_time, cinema_hall_id, movie_id, created_at, updated_at) VALUES ('6646da08-d35f-4c77-a7b1-c447b393bd32', '2026-06-18', '10:00:00', '7f8bc5ee-1693-4985-acef-abed9e06ff94', '8436333f-cb9f-410f-9ca1-6a8ea8a8fa58', '2026-01-20T11:14:01.455851', '2026-01-20T11:14:01.455851');
INSERT INTO movie_projections (id, projection_date, projection_time, cinema_hall_id, movie_id, created_at, updated_at) VALUES ('bf28646e-37af-4f28-938c-9fb7df8bec00', '2026-07-05', '16:00:00', 'd1d0fc7b-99ab-4013-b293-2525a79b53e0', '8436333f-cb9f-410f-9ca1-6a8ea8a8fa58', '2026-01-20T11:14:01.455916', '2026-01-20T11:14:01.455916');
INSERT INTO movie_projections (id, projection_date, projection_time, cinema_hall_id, movie_id, created_at, updated_at) VALUES ('c64b3146-5115-4d78-a146-d2138d25f93d', '2026-06-08', '10:00:00', '6921a3a5-077e-49ba-ba05-dcd55f865512', '8436333f-cb9f-410f-9ca1-6a8ea8a8fa58', '2026-01-20T11:14:01.455967', '2026-01-20T11:14:01.455967');
INSERT INTO movie_projections (id, projection_date, projection_time, cinema_hall_id, movie_id, created_at, updated_at) VALUES ('f5dfffa6-7cbd-42b6-87e5-293cfe895368', '2026-05-04', '19:00:00', '63213e9d-2e93-426f-b798-8a278c956c5f', '8436333f-cb9f-410f-9ca1-6a8ea8a8fa58', '2026-01-20T11:14:01.456017', '2026-01-20T11:14:01.456017');
INSERT INTO movie_projections (id, projection_date, projection_time, cinema_hall_id, movie_id, created_at, updated_at) VALUES ('0b0182a2-49d7-4efb-b4e6-86d6ea4d0d78', '2026-05-16', '10:00:00', '63213e9d-2e93-426f-b798-8a278c956c5f', '8436333f-cb9f-410f-9ca1-6a8ea8a8fa58', '2026-01-20T11:14:01.456063', '2026-01-20T11:14:01.456063');
INSERT INTO movie_projections (id, projection_date, projection_time, cinema_hall_id, movie_id, created_at, updated_at) VALUES ('d50a03a3-24af-47e5-9fff-c0174ea6cca9', '2026-06-27', '10:00:00', '346d2a4d-5b04-466c-a9ae-acba644c3285', '8436333f-cb9f-410f-9ca1-6a8ea8a8fa58', '2026-01-20T11:14:01.456109', '2026-01-20T11:14:01.456109');
INSERT INTO movie_projections (id, projection_date, projection_time, cinema_hall_id, movie_id, created_at, updated_at) VALUES ('5a8d4dd5-903e-43b4-b652-34cbba0e33cd', '2026-05-03', '13:00:00', '9ab42b8c-91c1-433a-bfc9-60bda4bffa46', '8436333f-cb9f-410f-9ca1-6a8ea8a8fa58', '2026-01-20T11:14:01.456149', '2026-01-20T11:14:01.456149');
INSERT INTO movie_projections (id, projection_date, projection_time, cinema_hall_id, movie_id, created_at, updated_at) VALUES ('f978c003-b8a6-48cc-9d82-9c01d81e5036', '2026-05-27', '10:00:00', '91119da7-9c00-42bd-9dd6-dd1377d09797', '8436333f-cb9f-410f-9ca1-6a8ea8a8fa58', '2026-01-20T11:14:01.456174', '2026-01-20T11:14:01.456174');
INSERT INTO movie_projections (id, projection_date, projection_time, cinema_hall_id, movie_id, created_at, updated_at) VALUES ('451a83dd-3ce1-4bd7-837e-2ae43365bb8f', '2026-06-09', '19:00:00', '6921a3a5-077e-49ba-ba05-dcd55f865512', '8436333f-cb9f-410f-9ca1-6a8ea8a8fa58', '2026-01-20T11:14:01.456196', '2026-01-20T11:14:01.456196');
INSERT INTO movie_projections (id, projection_date, projection_time, cinema_hall_id, movie_id, created_at, updated_at) VALUES ('be3774a9-09c5-4f5b-81ff-c2e410a74591', '2026-05-29', '13:00:00', 'd1d0fc7b-99ab-4013-b293-2525a79b53e0', '8436333f-cb9f-410f-9ca1-6a8ea8a8fa58', '2026-01-20T11:14:01.456223', '2026-01-20T11:14:01.456223');
INSERT INTO movie_projections (id, projection_date, projection_time, cinema_hall_id, movie_id, created_at, updated_at) VALUES ('6074b8a1-7a35-4cf7-9744-6c8882be3512', '2026-05-03', '13:00:00', '7313599b-6813-47c7-8c51-4e3a2ffac29c', '8436333f-cb9f-410f-9ca1-6a8ea8a8fa58', '2026-01-20T11:14:01.456246', '2026-01-20T11:14:01.456246');
INSERT INTO movie_projections (id, projection_date, projection_time, cinema_hall_id, movie_id, created_at, updated_at) VALUES ('2dce54a6-9451-4eb3-9532-d29db160baf2', '2026-06-25', '13:00:00', '9ab42b8c-91c1-433a-bfc9-60bda4bffa46', '8436333f-cb9f-410f-9ca1-6a8ea8a8fa58', '2026-01-20T11:14:01.456269', '2026-01-20T11:14:01.456269');
INSERT INTO movie_projections (id, projection_date, projection_time, cinema_hall_id, movie_id, created_at, updated_at) VALUES ('9711cfa9-f083-499d-9ea1-d22ec8f245af', '2026-06-24', '16:00:00', '346d2a4d-5b04-466c-a9ae-acba644c3285', '8436333f-cb9f-410f-9ca1-6a8ea8a8fa58', '2026-01-20T11:14:01.456291', '2026-01-20T11:14:01.456291');
INSERT INTO movie_projections (id, projection_date, projection_time, cinema_hall_id, movie_id, created_at, updated_at) VALUES ('60a1016e-aaac-42aa-a4d9-383bd2030945', '2026-07-02', '16:00:00', '346d2a4d-5b04-466c-a9ae-acba644c3285', '8436333f-cb9f-410f-9ca1-6a8ea8a8fa58', '2026-01-20T11:14:01.456314', '2026-01-20T11:14:01.456314');
INSERT INTO movie_projections (id, projection_date, projection_time, cinema_hall_id, movie_id, created_at, updated_at) VALUES ('21d8e7a1-d2d1-4300-8b9f-951477a398fd', '2026-06-14', '10:00:00', '91119da7-9c00-42bd-9dd6-dd1377d09797', '8436333f-cb9f-410f-9ca1-6a8ea8a8fa58', '2026-01-20T11:14:01.456338', '2026-01-20T11:14:01.456338');
INSERT INTO movie_projections (id, projection_date, projection_time, cinema_hall_id, movie_id, created_at, updated_at) VALUES ('7770f6ad-ba2c-4c53-8ff0-da026eb1dee1', '2026-06-05', '10:00:00', 'ddcd3553-73bb-45c1-b4b4-92ab25a503d1', '8436333f-cb9f-410f-9ca1-6a8ea8a8fa58', '2026-01-20T11:14:01.456361', '2026-01-20T11:14:01.456361');
INSERT INTO movie_projections (id, projection_date, projection_time, cinema_hall_id, movie_id, created_at, updated_at) VALUES ('22d243bf-0108-43c7-9fa0-0618dc684003', '2026-06-11', '13:00:00', '7f8bc5ee-1693-4985-acef-abed9e06ff94', '8436333f-cb9f-410f-9ca1-6a8ea8a8fa58', '2026-01-20T11:14:01.456383', '2026-01-20T11:14:01.456383');
INSERT INTO movie_projections (id, projection_date, projection_time, cinema_hall_id, movie_id, created_at, updated_at) VALUES ('015c61bb-e296-4c7f-aa45-9d2e2ae25cf9', '2026-05-12', '10:00:00', '91119da7-9c00-42bd-9dd6-dd1377d09797', '8436333f-cb9f-410f-9ca1-6a8ea8a8fa58', '2026-01-20T11:14:01.456415', '2026-01-20T11:14:01.456415');
INSERT INTO movie_projections (id, projection_date, projection_time, cinema_hall_id, movie_id, created_at, updated_at) VALUES ('c57eb0be-2b12-4ec9-a8a3-114f7f52c4c9', '2026-05-20', '16:00:00', '6921a3a5-077e-49ba-ba05-dcd55f865512', '8436333f-cb9f-410f-9ca1-6a8ea8a8fa58', '2026-01-20T11:14:01.456439', '2026-01-20T11:14:01.456439');
INSERT INTO movie_projections (id, projection_date, projection_time, cinema_hall_id, movie_id, created_at, updated_at) VALUES ('4f576dca-ad1e-4fe1-b4f5-8ff6c096efb6', '2026-06-29', '16:00:00', '7313599b-6813-47c7-8c51-4e3a2ffac29c', '8436333f-cb9f-410f-9ca1-6a8ea8a8fa58', '2026-01-20T11:14:01.456462', '2026-01-20T11:14:01.456462');
INSERT INTO movie_projections (id, projection_date, projection_time, cinema_hall_id, movie_id, created_at, updated_at) VALUES ('ca6f17aa-bd19-4950-8968-f5804b8263bf', '2026-06-23', '13:00:00', 'd1d0fc7b-99ab-4013-b293-2525a79b53e0', '8436333f-cb9f-410f-9ca1-6a8ea8a8fa58', '2026-01-20T11:14:01.456485', '2026-01-20T11:14:01.456485');
INSERT INTO movie_projections (id, projection_date, projection_time, cinema_hall_id, movie_id, created_at, updated_at) VALUES ('415f03b5-bd91-4259-8c91-f8e2d612f2cb', '2026-05-04', '16:00:00', '7313599b-6813-47c7-8c51-4e3a2ffac29c', 'e445ae88-9e76-4c83-ad8b-3fd618558158', '2026-01-20T11:14:01.456514', '2026-01-20T11:14:01.456514');
INSERT INTO movie_projections (id, projection_date, projection_time, cinema_hall_id, movie_id, created_at, updated_at) VALUES ('c5ab82d7-8150-4aaf-b508-fc6fe415bc6d', '2026-06-09', '13:00:00', '72d55d6a-24f8-4769-9819-be7323d307a2', 'e445ae88-9e76-4c83-ad8b-3fd618558158', '2026-01-20T11:14:01.456537', '2026-01-20T11:14:01.456537');
INSERT INTO movie_projections (id, projection_date, projection_time, cinema_hall_id, movie_id, created_at, updated_at) VALUES ('496420a4-c993-4244-bffe-64d7cab28ecc', '2026-05-21', '19:00:00', '7313599b-6813-47c7-8c51-4e3a2ffac29c', 'e445ae88-9e76-4c83-ad8b-3fd618558158', '2026-01-20T11:14:01.456559', '2026-01-20T11:14:01.456559');
INSERT INTO movie_projections (id, projection_date, projection_time, cinema_hall_id, movie_id, created_at, updated_at) VALUES ('f6be89d0-b91f-44f5-ae1b-2e6079a3cc9b', '2026-07-07', '19:00:00', '91119da7-9c00-42bd-9dd6-dd1377d09797', 'e445ae88-9e76-4c83-ad8b-3fd618558158', '2026-01-20T11:14:01.456582', '2026-01-20T11:14:01.456582');
INSERT INTO movie_projections (id, projection_date, projection_time, cinema_hall_id, movie_id, created_at, updated_at) VALUES ('58e758c1-a06c-4f57-8b19-f25c75312408', '2026-07-06', '16:00:00', '6921a3a5-077e-49ba-ba05-dcd55f865512', 'e445ae88-9e76-4c83-ad8b-3fd618558158', '2026-01-20T11:14:01.456607', '2026-01-20T11:14:01.456607');
INSERT INTO movie_projections (id, projection_date, projection_time, cinema_hall_id, movie_id, created_at, updated_at) VALUES ('0b0810fb-c75b-400b-a6b5-5f0e4a86f27c', '2026-06-19', '19:00:00', '6921a3a5-077e-49ba-ba05-dcd55f865512', 'e445ae88-9e76-4c83-ad8b-3fd618558158', '2026-01-20T11:14:01.456629', '2026-01-20T11:14:01.456629');
INSERT INTO movie_projections (id, projection_date, projection_time, cinema_hall_id, movie_id, created_at, updated_at) VALUES ('988310ac-b908-43bb-b497-7d48f3f70829', '2026-07-05', '10:00:00', '91119da7-9c00-42bd-9dd6-dd1377d09797', 'e445ae88-9e76-4c83-ad8b-3fd618558158', '2026-01-20T11:14:01.456658', '2026-01-20T11:14:01.456658');
INSERT INTO movie_projections (id, projection_date, projection_time, cinema_hall_id, movie_id, created_at, updated_at) VALUES ('25751a2a-b1f8-4421-b630-7f6a1d5855c5', '2026-04-29', '16:00:00', 'd1d0fc7b-99ab-4013-b293-2525a79b53e0', 'e445ae88-9e76-4c83-ad8b-3fd618558158', '2026-01-20T11:14:01.456681', '2026-01-20T11:14:01.456681');
INSERT INTO movie_projections (id, projection_date, projection_time, cinema_hall_id, movie_id, created_at, updated_at) VALUES ('7e64ce0b-d68e-40a0-a0a6-28ae1545c4d9', '2026-07-05', '10:00:00', '7f8bc5ee-1693-4985-acef-abed9e06ff94', 'e445ae88-9e76-4c83-ad8b-3fd618558158', '2026-01-20T11:14:01.456704', '2026-01-20T11:14:01.456704');
INSERT INTO movie_projections (id, projection_date, projection_time, cinema_hall_id, movie_id, created_at, updated_at) VALUES ('40dce92a-1166-4212-a901-117c2913134d', '2026-04-14', '10:00:00', 'ddcd3553-73bb-45c1-b4b4-92ab25a503d1', 'e445ae88-9e76-4c83-ad8b-3fd618558158', '2026-01-20T11:14:01.456726', '2026-01-20T11:14:01.456726');
INSERT INTO movie_projections (id, projection_date, projection_time, cinema_hall_id, movie_id, created_at, updated_at) VALUES ('56bd2893-b065-4941-b0c0-68970bba1983', '2026-05-09', '16:00:00', '7f8bc5ee-1693-4985-acef-abed9e06ff94', 'e445ae88-9e76-4c83-ad8b-3fd618558158', '2026-01-20T11:14:01.456748', '2026-01-20T11:14:01.456748');
INSERT INTO movie_projections (id, projection_date, projection_time, cinema_hall_id, movie_id, created_at, updated_at) VALUES ('0c7866cf-c315-45ee-ba2e-e91746d6478c', '2026-06-26', '16:00:00', '6921a3a5-077e-49ba-ba05-dcd55f865512', 'e445ae88-9e76-4c83-ad8b-3fd618558158', '2026-01-20T11:14:01.456771', '2026-01-20T11:14:01.456771');
INSERT INTO movie_projections (id, projection_date, projection_time, cinema_hall_id, movie_id, created_at, updated_at) VALUES ('5bc74328-cc80-4a1e-9cf3-61cfb9f1693a', '2026-06-27', '13:00:00', '346d2a4d-5b04-466c-a9ae-acba644c3285', 'e445ae88-9e76-4c83-ad8b-3fd618558158', '2026-01-20T11:14:01.456801', '2026-01-20T11:14:01.456801');
INSERT INTO movie_projections (id, projection_date, projection_time, cinema_hall_id, movie_id, created_at, updated_at) VALUES ('b1fbd4c9-8ff7-40d1-a600-853716842ec1', '2026-05-20', '10:00:00', '91119da7-9c00-42bd-9dd6-dd1377d09797', 'e445ae88-9e76-4c83-ad8b-3fd618558158', '2026-01-20T11:14:01.456825', '2026-01-20T11:14:01.456825');
INSERT INTO movie_projections (id, projection_date, projection_time, cinema_hall_id, movie_id, created_at, updated_at) VALUES ('52ce7c2d-e81d-4e15-9d37-4b74da9cfbeb', '2026-06-08', '10:00:00', 'ddcd3553-73bb-45c1-b4b4-92ab25a503d1', 'e445ae88-9e76-4c83-ad8b-3fd618558158', '2026-01-20T11:14:01.456847', '2026-01-20T11:14:01.456847');
INSERT INTO movie_projections (id, projection_date, projection_time, cinema_hall_id, movie_id, created_at, updated_at) VALUES ('cb71d1ca-7663-4af6-a927-84f87f9349a1', '2026-05-30', '16:00:00', '7313599b-6813-47c7-8c51-4e3a2ffac29c', 'e445ae88-9e76-4c83-ad8b-3fd618558158', '2026-01-20T11:14:01.456870', '2026-01-20T11:14:01.456870');
INSERT INTO movie_projections (id, projection_date, projection_time, cinema_hall_id, movie_id, created_at, updated_at) VALUES ('94dc7243-9678-47a0-afd3-7763613f200e', '2026-05-28', '10:00:00', '7f8bc5ee-1693-4985-acef-abed9e06ff94', 'e445ae88-9e76-4c83-ad8b-3fd618558158', '2026-01-20T11:14:01.456892', '2026-01-20T11:14:01.456892');
INSERT INTO movie_projections (id, projection_date, projection_time, cinema_hall_id, movie_id, created_at, updated_at) VALUES ('6f56b34d-6448-42cc-9b98-8dec51223f19', '2026-04-16', '19:00:00', '7313599b-6813-47c7-8c51-4e3a2ffac29c', 'e445ae88-9e76-4c83-ad8b-3fd618558158', '2026-01-20T11:14:01.456920', '2026-01-20T11:14:01.456920');
INSERT INTO movie_projections (id, projection_date, projection_time, cinema_hall_id, movie_id, created_at, updated_at) VALUES ('475fb9ff-0ed7-4ba6-bff7-cd0ac813049f', '2026-04-27', '19:00:00', '062dfe0a-6244-46c4-a767-c41a824a30e5', 'e445ae88-9e76-4c83-ad8b-3fd618558158', '2026-01-20T11:14:01.456943', '2026-01-20T11:14:01.456943');
INSERT INTO movie_projections (id, projection_date, projection_time, cinema_hall_id, movie_id, created_at, updated_at) VALUES ('fb3d775e-c2ee-4086-9257-0b9e1817ef8e', '2026-06-18', '13:00:00', '346d2a4d-5b04-466c-a9ae-acba644c3285', 'e445ae88-9e76-4c83-ad8b-3fd618558158', '2026-01-20T11:14:01.456965', '2026-01-20T11:14:01.456965');
INSERT INTO movie_projections (id, projection_date, projection_time, cinema_hall_id, movie_id, created_at, updated_at) VALUES ('b2c1e44f-e937-41d2-8ff2-86b11eaba4d5', '2026-06-20', '16:00:00', '63213e9d-2e93-426f-b798-8a278c956c5f', 'e445ae88-9e76-4c83-ad8b-3fd618558158', '2026-01-20T11:14:01.456991', '2026-01-20T11:14:01.456991');
INSERT INTO movie_projections (id, projection_date, projection_time, cinema_hall_id, movie_id, created_at, updated_at) VALUES ('d74eda26-61a9-425e-b6ef-353c2267b92f', '2026-04-29', '16:00:00', '63213e9d-2e93-426f-b798-8a278c956c5f', 'e445ae88-9e76-4c83-ad8b-3fd618558158', '2026-01-20T11:14:01.457020', '2026-01-20T11:14:01.457020');
INSERT INTO movie_projections (id, projection_date, projection_time, cinema_hall_id, movie_id, created_at, updated_at) VALUES ('ed2345eb-5c29-4ba8-9804-b9bbba974796', '2026-05-19', '10:00:00', '7f8bc5ee-1693-4985-acef-abed9e06ff94', 'e445ae88-9e76-4c83-ad8b-3fd618558158', '2026-01-20T11:14:01.457043', '2026-01-20T11:14:01.457043');
INSERT INTO movie_projections (id, projection_date, projection_time, cinema_hall_id, movie_id, created_at, updated_at) VALUES ('50bc95fa-6e33-4f9e-bffb-407839ee65d3', '2026-06-16', '19:00:00', 'ddcd3553-73bb-45c1-b4b4-92ab25a503d1', 'e445ae88-9e76-4c83-ad8b-3fd618558158', '2026-01-20T11:14:01.457065', '2026-01-20T11:14:01.457065');
INSERT INTO movie_projections (id, projection_date, projection_time, cinema_hall_id, movie_id, created_at, updated_at) VALUES ('bd896e73-7aa2-4b3e-99fe-9f2aeff3505e', '2026-07-12', '19:00:00', '7313599b-6813-47c7-8c51-4e3a2ffac29c', 'e445ae88-9e76-4c83-ad8b-3fd618558158', '2026-01-20T11:14:01.457087', '2026-01-20T11:14:01.457087');
INSERT INTO movie_projections (id, projection_date, projection_time, cinema_hall_id, movie_id, created_at, updated_at) VALUES ('f2a6be9e-8949-4b82-bc1a-2c6e695faeea', '2026-05-08', '19:00:00', '72d55d6a-24f8-4769-9819-be7323d307a2', 'e445ae88-9e76-4c83-ad8b-3fd618558158', '2026-01-20T11:14:01.457352', '2026-01-20T11:14:01.457352');
INSERT INTO movie_projections (id, projection_date, projection_time, cinema_hall_id, movie_id, created_at, updated_at) VALUES ('e3e435e1-80c6-437f-8081-a6f0e5aaf71e', '2026-05-12', '13:00:00', '72d55d6a-24f8-4769-9819-be7323d307a2', 'e445ae88-9e76-4c83-ad8b-3fd618558158', '2026-01-20T11:14:01.457398', '2026-01-20T11:14:01.457398');
INSERT INTO movie_projections (id, projection_date, projection_time, cinema_hall_id, movie_id, created_at, updated_at) VALUES ('6e97f772-a07f-4b70-a014-4623ad293086', '2026-05-07', '13:00:00', '6921a3a5-077e-49ba-ba05-dcd55f865512', 'e445ae88-9e76-4c83-ad8b-3fd618558158', '2026-01-20T11:14:01.457453', '2026-01-20T11:14:01.457453');
INSERT INTO movie_projections (id, projection_date, projection_time, cinema_hall_id, movie_id, created_at, updated_at) VALUES ('d8c72e22-9a4c-4c1f-a4f6-b4b8027d3677', '2026-06-30', '13:00:00', '062dfe0a-6244-46c4-a767-c41a824a30e5', 'e445ae88-9e76-4c83-ad8b-3fd618558158', '2026-01-20T11:14:01.457502', '2026-01-20T11:14:01.457502');
INSERT INTO movie_projections (id, projection_date, projection_time, cinema_hall_id, movie_id, created_at, updated_at) VALUES ('8c46d89b-7e9e-4a02-8e97-b5c5b85b3226', '2026-07-09', '16:00:00', '72d55d6a-24f8-4769-9819-be7323d307a2', 'e445ae88-9e76-4c83-ad8b-3fd618558158', '2026-01-20T11:14:01.457546', '2026-01-20T11:14:01.457546');
INSERT INTO movie_projections (id, projection_date, projection_time, cinema_hall_id, movie_id, created_at, updated_at) VALUES ('e699f8ed-5daa-46f3-a489-d9d25b382c6f', '2026-06-02', '19:00:00', '6921a3a5-077e-49ba-ba05-dcd55f865512', 'e445ae88-9e76-4c83-ad8b-3fd618558158', '2026-01-20T11:14:01.457597', '2026-01-20T11:14:01.457597');
INSERT INTO movie_projections (id, projection_date, projection_time, cinema_hall_id, movie_id, created_at, updated_at) VALUES ('58c8f3ca-e593-4c4c-992a-09235c33de30', '2026-05-11', '19:00:00', 'ddcd3553-73bb-45c1-b4b4-92ab25a503d1', 'e445ae88-9e76-4c83-ad8b-3fd618558158', '2026-01-20T11:14:01.457644', '2026-01-20T11:14:01.457644');
INSERT INTO movie_projections (id, projection_date, projection_time, cinema_hall_id, movie_id, created_at, updated_at) VALUES ('484f345e-add1-4d8a-b695-abc07d187882', '2026-07-14', '13:00:00', '6921a3a5-077e-49ba-ba05-dcd55f865512', 'e445ae88-9e76-4c83-ad8b-3fd618558158', '2026-01-20T11:14:01.457689', '2026-01-20T11:14:01.457689');
INSERT INTO movie_projections (id, projection_date, projection_time, cinema_hall_id, movie_id, created_at, updated_at) VALUES ('43743402-8e85-42c8-8e7a-750b8719a940', '2026-06-08', '10:00:00', '9ab42b8c-91c1-433a-bfc9-60bda4bffa46', 'e445ae88-9e76-4c83-ad8b-3fd618558158', '2026-01-20T11:14:01.457814', '2026-01-20T11:14:01.457814');
INSERT INTO movie_projections (id, projection_date, projection_time, cinema_hall_id, movie_id, created_at, updated_at) VALUES ('427e7811-cea2-464f-8edb-76ed2c65cc82', '2026-06-25', '16:00:00', '6921a3a5-077e-49ba-ba05-dcd55f865512', 'e445ae88-9e76-4c83-ad8b-3fd618558158', '2026-01-20T11:14:01.457864', '2026-01-20T11:14:01.457864');
INSERT INTO movie_projections (id, projection_date, projection_time, cinema_hall_id, movie_id, created_at, updated_at) VALUES ('000eaab3-1982-49bc-87f3-bcaafcc6db3f', '2026-06-13', '13:00:00', '72d55d6a-24f8-4769-9819-be7323d307a2', 'e445ae88-9e76-4c83-ad8b-3fd618558158', '2026-01-20T11:14:01.457914', '2026-01-20T11:14:01.457914');
INSERT INTO movie_projections (id, projection_date, projection_time, cinema_hall_id, movie_id, created_at, updated_at) VALUES ('4e963ab9-e6d5-4b4c-a43c-9e55ad1ed796', '2026-04-27', '16:00:00', '91119da7-9c00-42bd-9dd6-dd1377d09797', 'e445ae88-9e76-4c83-ad8b-3fd618558158', '2026-01-20T11:14:01.457966', '2026-01-20T11:14:01.457966');
INSERT INTO movie_projections (id, projection_date, projection_time, cinema_hall_id, movie_id, created_at, updated_at) VALUES ('048b0505-547a-43b6-8d41-a36fab299807', '2026-06-16', '19:00:00', 'ddcd3553-73bb-45c1-b4b4-92ab25a503d1', 'e445ae88-9e76-4c83-ad8b-3fd618558158', '2026-01-20T11:14:01.458012', '2026-01-20T11:14:01.458012');
INSERT INTO movie_projections (id, projection_date, projection_time, cinema_hall_id, movie_id, created_at, updated_at) VALUES ('779f787b-0c09-4eb2-af42-ea286ef67c13', '2026-04-19', '13:00:00', '346d2a4d-5b04-466c-a9ae-acba644c3285', 'e445ae88-9e76-4c83-ad8b-3fd618558158', '2026-01-20T11:14:01.458070', '2026-01-20T11:14:01.458070');
INSERT INTO movie_projections (id, projection_date, projection_time, cinema_hall_id, movie_id, created_at, updated_at) VALUES ('364b00e1-99c4-4d54-b2aa-f7b607ffe5b4', '2026-04-15', '19:00:00', 'ddcd3553-73bb-45c1-b4b4-92ab25a503d1', 'e445ae88-9e76-4c83-ad8b-3fd618558158', '2026-01-20T11:14:01.458124', '2026-01-20T11:14:01.458124');
INSERT INTO movie_projections (id, projection_date, projection_time, cinema_hall_id, movie_id, created_at, updated_at) VALUES ('5ea5e4bc-6923-42ff-991c-671210ec7c6e', '2026-05-17', '16:00:00', 'd1d0fc7b-99ab-4013-b293-2525a79b53e0', '1b629656-55b6-4121-b0d4-9196e166412a', '2026-01-20T11:14:01.458177', '2026-01-20T11:14:01.458177');
INSERT INTO movie_projections (id, projection_date, projection_time, cinema_hall_id, movie_id, created_at, updated_at) VALUES ('9e9809f9-4abc-4970-8aeb-8a6978002946', '2026-04-25', '13:00:00', '9ab42b8c-91c1-433a-bfc9-60bda4bffa46', '1b629656-55b6-4121-b0d4-9196e166412a', '2026-01-20T11:14:01.458221', '2026-01-20T11:14:01.458221');
INSERT INTO movie_projections (id, projection_date, projection_time, cinema_hall_id, movie_id, created_at, updated_at) VALUES ('6f5d970d-5bd5-4bde-96d4-b31e95066c29', '2026-05-14', '19:00:00', 'd1d0fc7b-99ab-4013-b293-2525a79b53e0', '1b629656-55b6-4121-b0d4-9196e166412a', '2026-01-20T11:14:01.458263', '2026-01-20T11:14:01.458263');
INSERT INTO movie_projections (id, projection_date, projection_time, cinema_hall_id, movie_id, created_at, updated_at) VALUES ('c4726fd2-7f32-4c8e-8188-fe1143fb29f0', '2026-03-26', '19:00:00', '7313599b-6813-47c7-8c51-4e3a2ffac29c', '1b629656-55b6-4121-b0d4-9196e166412a', '2026-01-20T11:14:01.458306', '2026-01-20T11:14:01.458306');
INSERT INTO movie_projections (id, projection_date, projection_time, cinema_hall_id, movie_id, created_at, updated_at) VALUES ('3a5a6174-120b-4099-b4f4-fae6b4f92ade', '2026-05-12', '10:00:00', 'd1d0fc7b-99ab-4013-b293-2525a79b53e0', '1b629656-55b6-4121-b0d4-9196e166412a', '2026-01-20T11:14:01.458365', '2026-01-20T11:14:01.458365');
INSERT INTO movie_projections (id, projection_date, projection_time, cinema_hall_id, movie_id, created_at, updated_at) VALUES ('23a668be-1b17-4c82-95d3-85c931f17c4c', '2026-05-14', '16:00:00', '346d2a4d-5b04-466c-a9ae-acba644c3285', '1b629656-55b6-4121-b0d4-9196e166412a', '2026-01-20T11:14:01.458412', '2026-01-20T11:14:01.458412');
INSERT INTO movie_projections (id, projection_date, projection_time, cinema_hall_id, movie_id, created_at, updated_at) VALUES ('9c5a737a-6a55-4580-a5cf-759e6a7fd759', '2026-05-17', '16:00:00', '7f8bc5ee-1693-4985-acef-abed9e06ff94', '1b629656-55b6-4121-b0d4-9196e166412a', '2026-01-20T11:14:01.458461', '2026-01-20T11:14:01.458461');
INSERT INTO movie_projections (id, projection_date, projection_time, cinema_hall_id, movie_id, created_at, updated_at) VALUES ('50c6e27c-3d97-4d17-b465-04c88a1db009', '2026-04-27', '19:00:00', 'ddcd3553-73bb-45c1-b4b4-92ab25a503d1', '1b629656-55b6-4121-b0d4-9196e166412a', '2026-01-20T11:14:01.458516', '2026-01-20T11:14:01.458516');
INSERT INTO movie_projections (id, projection_date, projection_time, cinema_hall_id, movie_id, created_at, updated_at) VALUES ('972c4bdb-e654-41b7-b0a5-caa03e550fcb', '2026-04-16', '13:00:00', '346d2a4d-5b04-466c-a9ae-acba644c3285', '1b629656-55b6-4121-b0d4-9196e166412a', '2026-01-20T11:14:01.458572', '2026-01-20T11:14:01.458572');
INSERT INTO movie_projections (id, projection_date, projection_time, cinema_hall_id, movie_id, created_at, updated_at) VALUES ('95d33e15-eef2-444d-be3c-901bd2a1f5e1', '2026-04-22', '10:00:00', '7f8bc5ee-1693-4985-acef-abed9e06ff94', '1b629656-55b6-4121-b0d4-9196e166412a', '2026-01-20T11:14:01.458618', '2026-01-20T11:14:01.458618');
INSERT INTO movie_projections (id, projection_date, projection_time, cinema_hall_id, movie_id, created_at, updated_at) VALUES ('29c4e6f9-6642-4304-9714-7b92b5c9a437', '2026-04-30', '13:00:00', '062dfe0a-6244-46c4-a767-c41a824a30e5', '1b629656-55b6-4121-b0d4-9196e166412a', '2026-01-20T11:14:01.458664', '2026-01-20T11:14:01.458664');
INSERT INTO movie_projections (id, projection_date, projection_time, cinema_hall_id, movie_id, created_at, updated_at) VALUES ('1a255a94-0fe3-4e9d-9604-d24d134177d9', '2026-04-06', '10:00:00', '346d2a4d-5b04-466c-a9ae-acba644c3285', '1b629656-55b6-4121-b0d4-9196e166412a', '2026-01-20T11:14:01.458709', '2026-01-20T11:14:01.458709');
INSERT INTO movie_projections (id, projection_date, projection_time, cinema_hall_id, movie_id, created_at, updated_at) VALUES ('5fc6f1c0-a21c-45d7-92a7-df2f23b28e4d', '2026-03-26', '13:00:00', 'ddcd3553-73bb-45c1-b4b4-92ab25a503d1', '1b629656-55b6-4121-b0d4-9196e166412a', '2026-01-20T11:14:01.458759', '2026-01-20T11:14:01.458759');
INSERT INTO movie_projections (id, projection_date, projection_time, cinema_hall_id, movie_id, created_at, updated_at) VALUES ('72fdf076-6b6e-43fd-af3a-ab47a8f0840b', '2026-05-05', '13:00:00', '9ab42b8c-91c1-433a-bfc9-60bda4bffa46', '1b629656-55b6-4121-b0d4-9196e166412a', '2026-01-20T11:14:01.458805', '2026-01-20T11:14:01.458805');
INSERT INTO movie_projections (id, projection_date, projection_time, cinema_hall_id, movie_id, created_at, updated_at) VALUES ('40f6ad35-aa24-48e6-adc0-260578dd634a', '2026-05-26', '16:00:00', '9ab42b8c-91c1-433a-bfc9-60bda4bffa46', '1b629656-55b6-4121-b0d4-9196e166412a', '2026-01-20T11:14:01.458848', '2026-01-20T11:14:01.458848');
INSERT INTO movie_projections (id, projection_date, projection_time, cinema_hall_id, movie_id, created_at, updated_at) VALUES ('c2c8db86-c057-485c-84a1-c5ad72f1cbee', '2026-03-25', '10:00:00', '72d55d6a-24f8-4769-9819-be7323d307a2', '1b629656-55b6-4121-b0d4-9196e166412a', '2026-01-20T11:14:01.458891', '2026-01-20T11:14:01.458891');
INSERT INTO movie_projections (id, projection_date, projection_time, cinema_hall_id, movie_id, created_at, updated_at) VALUES ('f75d21b0-2e3f-453b-80eb-e4b2315e43ec', '2026-03-23', '19:00:00', 'd1d0fc7b-99ab-4013-b293-2525a79b53e0', '1b629656-55b6-4121-b0d4-9196e166412a', '2026-01-20T11:14:01.458937', '2026-01-20T11:14:01.458937');
INSERT INTO movie_projections (id, projection_date, projection_time, cinema_hall_id, movie_id, created_at, updated_at) VALUES ('df296f8d-2805-4a87-b7e5-5411f33dab73', '2026-04-10', '13:00:00', '6921a3a5-077e-49ba-ba05-dcd55f865512', '1b629656-55b6-4121-b0d4-9196e166412a', '2026-01-20T11:14:01.458990', '2026-01-20T11:14:01.458990');
INSERT INTO movie_projections (id, projection_date, projection_time, cinema_hall_id, movie_id, created_at, updated_at) VALUES ('dc1f366a-4be3-4b30-8eb2-05c891d6cf41', '2026-04-08', '13:00:00', '7f8bc5ee-1693-4985-acef-abed9e06ff94', '1b629656-55b6-4121-b0d4-9196e166412a', '2026-01-20T11:14:01.459034', '2026-01-20T11:14:01.459034');
INSERT INTO movie_projections (id, projection_date, projection_time, cinema_hall_id, movie_id, created_at, updated_at) VALUES ('b3b19801-5de6-4cef-bde1-f5663221d187', '2026-04-08', '10:00:00', '91119da7-9c00-42bd-9dd6-dd1377d09797', '1b629656-55b6-4121-b0d4-9196e166412a', '2026-01-20T11:14:01.459097', '2026-01-20T11:14:01.459097');
INSERT INTO movie_projections (id, projection_date, projection_time, cinema_hall_id, movie_id, created_at, updated_at) VALUES ('28b4511a-188f-4cad-89b7-4e9148cbbdbe', '2026-03-23', '16:00:00', '63213e9d-2e93-426f-b798-8a278c956c5f', '1b629656-55b6-4121-b0d4-9196e166412a', '2026-01-20T11:14:01.459163', '2026-01-20T11:14:01.459163');
INSERT INTO movie_projections (id, projection_date, projection_time, cinema_hall_id, movie_id, created_at, updated_at) VALUES ('be65a6e0-0beb-4080-8649-cde31f6ef6b0', '2026-04-06', '13:00:00', '346d2a4d-5b04-466c-a9ae-acba644c3285', '1b629656-55b6-4121-b0d4-9196e166412a', '2026-01-20T11:14:01.459210', '2026-01-20T11:14:01.459210');
INSERT INTO movie_projections (id, projection_date, projection_time, cinema_hall_id, movie_id, created_at, updated_at) VALUES ('7766acd4-5bf5-43f7-9c91-177a391db2f4', '2026-05-19', '10:00:00', '72d55d6a-24f8-4769-9819-be7323d307a2', '1b629656-55b6-4121-b0d4-9196e166412a', '2026-01-20T11:14:01.459255', '2026-01-20T11:14:01.459255');
INSERT INTO movie_projections (id, projection_date, projection_time, cinema_hall_id, movie_id, created_at, updated_at) VALUES ('236dccdf-4184-485e-958d-fecf66f88870', '2026-04-30', '19:00:00', '7313599b-6813-47c7-8c51-4e3a2ffac29c', '1b629656-55b6-4121-b0d4-9196e166412a', '2026-01-20T11:14:01.459309', '2026-01-20T11:14:01.459309');
INSERT INTO movie_projections (id, projection_date, projection_time, cinema_hall_id, movie_id, created_at, updated_at) VALUES ('bbac90ab-aba4-44ad-90cf-5bb8ec39a619', '2026-04-16', '10:00:00', '7f8bc5ee-1693-4985-acef-abed9e06ff94', '1b629656-55b6-4121-b0d4-9196e166412a', '2026-01-20T11:14:01.459355', '2026-01-20T11:14:01.459355');
INSERT INTO movie_projections (id, projection_date, projection_time, cinema_hall_id, movie_id, created_at, updated_at) VALUES ('de732cbd-a7c6-43f2-a955-fe76da7f2706', '2026-03-23', '13:00:00', '6921a3a5-077e-49ba-ba05-dcd55f865512', '1b629656-55b6-4121-b0d4-9196e166412a', '2026-01-20T11:14:01.459410', '2026-01-20T11:14:01.459410');
INSERT INTO movie_projections (id, projection_date, projection_time, cinema_hall_id, movie_id, created_at, updated_at) VALUES ('45149b0b-db31-420d-8cad-5f717983b9b3', '2026-04-09', '13:00:00', '062dfe0a-6244-46c4-a767-c41a824a30e5', '1b629656-55b6-4121-b0d4-9196e166412a', '2026-01-20T11:14:01.459457', '2026-01-20T11:14:01.459457');
INSERT INTO movie_projections (id, projection_date, projection_time, cinema_hall_id, movie_id, created_at, updated_at) VALUES ('da6d751d-d418-48f3-a77c-83f717295b33', '2026-03-29', '10:00:00', '72d55d6a-24f8-4769-9819-be7323d307a2', '1b629656-55b6-4121-b0d4-9196e166412a', '2026-01-20T11:14:01.459502', '2026-01-20T11:14:01.459502');
INSERT INTO movie_projections (id, projection_date, projection_time, cinema_hall_id, movie_id, created_at, updated_at) VALUES ('39abc50c-743d-4467-86b6-f788336f5b8e', '2026-05-03', '13:00:00', 'd1d0fc7b-99ab-4013-b293-2525a79b53e0', '1b629656-55b6-4121-b0d4-9196e166412a', '2026-01-20T11:14:01.459558', '2026-01-20T11:14:01.459558');
INSERT INTO movie_projections (id, projection_date, projection_time, cinema_hall_id, movie_id, created_at, updated_at) VALUES ('75ebdf9a-9581-4010-abb3-b9f1bf22b1ff', '2026-04-06', '13:00:00', '7f8bc5ee-1693-4985-acef-abed9e06ff94', '1b629656-55b6-4121-b0d4-9196e166412a', '2026-01-20T11:14:01.459614', '2026-01-20T11:14:01.459614');
INSERT INTO movie_projections (id, projection_date, projection_time, cinema_hall_id, movie_id, created_at, updated_at) VALUES ('0927380f-3869-4484-847b-d58984518b89', '2026-05-05', '19:00:00', '9ab42b8c-91c1-433a-bfc9-60bda4bffa46', '1b629656-55b6-4121-b0d4-9196e166412a', '2026-01-20T11:14:01.459660', '2026-01-20T11:14:01.459660');
INSERT INTO movie_projections (id, projection_date, projection_time, cinema_hall_id, movie_id, created_at, updated_at) VALUES ('e4b216b6-f0e9-4bac-9933-4e8a2f143525', '2026-05-05', '16:00:00', '91119da7-9c00-42bd-9dd6-dd1377d09797', '1b629656-55b6-4121-b0d4-9196e166412a', '2026-01-20T11:14:01.459703', '2026-01-20T11:14:01.459703');
INSERT INTO movie_projections (id, projection_date, projection_time, cinema_hall_id, movie_id, created_at, updated_at) VALUES ('d1e48c45-3001-4291-a878-0722fbc5f71e', '2026-04-27', '19:00:00', '346d2a4d-5b04-466c-a9ae-acba644c3285', '1b629656-55b6-4121-b0d4-9196e166412a', '2026-01-20T11:14:01.459747', '2026-01-20T11:14:01.459747');
INSERT INTO movie_projections (id, projection_date, projection_time, cinema_hall_id, movie_id, created_at, updated_at) VALUES ('e2306727-0c76-4f4d-854c-7078b7995040', '2026-04-03', '10:00:00', 'd1d0fc7b-99ab-4013-b293-2525a79b53e0', '1b629656-55b6-4121-b0d4-9196e166412a', '2026-01-20T11:14:01.459791', '2026-01-20T11:14:01.459791');
INSERT INTO movie_projections (id, projection_date, projection_time, cinema_hall_id, movie_id, created_at, updated_at) VALUES ('70126344-06d8-485f-8818-108698c72f51', '2026-05-20', '16:00:00', '6921a3a5-077e-49ba-ba05-dcd55f865512', '1b629656-55b6-4121-b0d4-9196e166412a', '2026-01-20T11:14:01.459836', '2026-01-20T11:14:01.459836');
INSERT INTO movie_projections (id, projection_date, projection_time, cinema_hall_id, movie_id, created_at, updated_at) VALUES ('76f3cb86-71ec-4c99-b7c8-fb4dbfab737b', '2026-05-03', '19:00:00', '63213e9d-2e93-426f-b798-8a278c956c5f', '1b629656-55b6-4121-b0d4-9196e166412a', '2026-01-20T11:14:01.459888', '2026-01-20T11:14:01.459888');
INSERT INTO movie_projections (id, projection_date, projection_time, cinema_hall_id, movie_id, created_at, updated_at) VALUES ('cb05c51a-fec6-4019-9e29-9d11a8e9b7d8', '2026-03-27', '10:00:00', 'ddcd3553-73bb-45c1-b4b4-92ab25a503d1', '1b629656-55b6-4121-b0d4-9196e166412a', '2026-01-20T11:14:01.459938', '2026-01-20T11:14:01.459938');
INSERT INTO movie_projections (id, projection_date, projection_time, cinema_hall_id, movie_id, created_at, updated_at) VALUES ('583aec4c-140f-4fad-9439-feac2a8ad670', '2026-04-17', '13:00:00', 'ddcd3553-73bb-45c1-b4b4-92ab25a503d1', '1b629656-55b6-4121-b0d4-9196e166412a', '2026-01-20T11:14:01.459982', '2026-01-20T11:14:01.459982');
INSERT INTO movie_projections (id, projection_date, projection_time, cinema_hall_id, movie_id, created_at, updated_at) VALUES ('5c8b0d0a-17ae-4962-a832-2e053d38331e', '2026-03-31', '16:00:00', '7313599b-6813-47c7-8c51-4e3a2ffac29c', '1b629656-55b6-4121-b0d4-9196e166412a', '2026-01-20T11:14:01.460027', '2026-01-20T11:14:01.460027');
INSERT INTO movie_projections (id, projection_date, projection_time, cinema_hall_id, movie_id, created_at, updated_at) VALUES ('084d3d0e-94ad-4316-a084-0bc32f04ce5c', '2026-05-03', '10:00:00', 'd1d0fc7b-99ab-4013-b293-2525a79b53e0', '1b629656-55b6-4121-b0d4-9196e166412a', '2026-01-20T11:14:01.460262', '2026-01-20T11:14:01.460262');
INSERT INTO movie_projections (id, projection_date, projection_time, cinema_hall_id, movie_id, created_at, updated_at) VALUES ('0171b401-d3d6-4a10-85d6-b925ccde044f', '2026-05-24', '13:00:00', '346d2a4d-5b04-466c-a9ae-acba644c3285', '7a405813-5d76-41bc-8cc6-001251d91056', '2026-01-20T11:14:01.460331', '2026-01-20T11:14:01.460331');
INSERT INTO movie_projections (id, projection_date, projection_time, cinema_hall_id, movie_id, created_at, updated_at) VALUES ('f0798f2e-daff-405d-9379-0b8d54aad6b3', '2026-06-24', '10:00:00', '7f8bc5ee-1693-4985-acef-abed9e06ff94', '7a405813-5d76-41bc-8cc6-001251d91056', '2026-01-20T11:14:01.460392', '2026-01-20T11:14:01.460392');
INSERT INTO movie_projections (id, projection_date, projection_time, cinema_hall_id, movie_id, created_at, updated_at) VALUES ('37d0902e-d4e8-4a7a-b2a0-216aba7dc90d', '2026-07-21', '13:00:00', '062dfe0a-6244-46c4-a767-c41a824a30e5', '7a405813-5d76-41bc-8cc6-001251d91056', '2026-01-20T11:14:01.460446', '2026-01-20T11:14:01.460446');
INSERT INTO movie_projections (id, projection_date, projection_time, cinema_hall_id, movie_id, created_at, updated_at) VALUES ('eee621a6-f5b7-4286-95c2-f8a4d82029e1', '2026-07-12', '13:00:00', '9ab42b8c-91c1-433a-bfc9-60bda4bffa46', '7a405813-5d76-41bc-8cc6-001251d91056', '2026-01-20T11:14:01.460498', '2026-01-20T11:14:01.460498');
INSERT INTO movie_projections (id, projection_date, projection_time, cinema_hall_id, movie_id, created_at, updated_at) VALUES ('dcfe90fe-9f13-4f93-bfa2-cc96e38e8761', '2026-05-09', '10:00:00', '9ab42b8c-91c1-433a-bfc9-60bda4bffa46', '7a405813-5d76-41bc-8cc6-001251d91056', '2026-01-20T11:14:01.460544', '2026-01-20T11:14:01.460544');
INSERT INTO movie_projections (id, projection_date, projection_time, cinema_hall_id, movie_id, created_at, updated_at) VALUES ('82f4ed08-0b08-4ed6-b877-8d43ba980ad4', '2026-07-12', '19:00:00', '91119da7-9c00-42bd-9dd6-dd1377d09797', '7a405813-5d76-41bc-8cc6-001251d91056', '2026-01-20T11:14:01.460640', '2026-01-20T11:14:01.460640');
INSERT INTO movie_projections (id, projection_date, projection_time, cinema_hall_id, movie_id, created_at, updated_at) VALUES ('c30467a1-1147-4b3c-8d9b-47b86ede949d', '2026-05-30', '19:00:00', '91119da7-9c00-42bd-9dd6-dd1377d09797', '7a405813-5d76-41bc-8cc6-001251d91056', '2026-01-20T11:14:01.460691', '2026-01-20T11:14:01.460691');
INSERT INTO movie_projections (id, projection_date, projection_time, cinema_hall_id, movie_id, created_at, updated_at) VALUES ('badfa2bd-5ad3-4a2b-9b4b-4ab6c2d00b8b', '2026-07-16', '19:00:00', '9ab42b8c-91c1-433a-bfc9-60bda4bffa46', '7a405813-5d76-41bc-8cc6-001251d91056', '2026-01-20T11:14:01.460730', '2026-01-20T11:14:01.460730');
INSERT INTO movie_projections (id, projection_date, projection_time, cinema_hall_id, movie_id, created_at, updated_at) VALUES ('2ae57974-f64a-4099-96a7-bdb1d2b6b465', '2026-07-01', '13:00:00', '63213e9d-2e93-426f-b798-8a278c956c5f', '7a405813-5d76-41bc-8cc6-001251d91056', '2026-01-20T11:14:01.460778', '2026-01-20T11:14:01.460778');
INSERT INTO movie_projections (id, projection_date, projection_time, cinema_hall_id, movie_id, created_at, updated_at) VALUES ('d5cc9dd2-7971-4277-b191-2bf76eaaddf9', '2026-05-15', '10:00:00', 'd1d0fc7b-99ab-4013-b293-2525a79b53e0', '7a405813-5d76-41bc-8cc6-001251d91056', '2026-01-20T11:14:01.460818', '2026-01-20T11:14:01.460818');
INSERT INTO movie_projections (id, projection_date, projection_time, cinema_hall_id, movie_id, created_at, updated_at) VALUES ('e3c34ae0-80e8-42b3-b304-7ca119ef65e0', '2026-07-05', '13:00:00', 'ddcd3553-73bb-45c1-b4b4-92ab25a503d1', '7a405813-5d76-41bc-8cc6-001251d91056', '2026-01-20T11:14:01.460867', '2026-01-20T11:14:01.460867');
INSERT INTO movie_projections (id, projection_date, projection_time, cinema_hall_id, movie_id, created_at, updated_at) VALUES ('5cd06482-77bb-4fbc-ab80-777c012a6cf1', '2026-07-23', '19:00:00', '91119da7-9c00-42bd-9dd6-dd1377d09797', '7a405813-5d76-41bc-8cc6-001251d91056', '2026-01-20T11:14:01.460905', '2026-01-20T11:14:01.460905');
INSERT INTO movie_projections (id, projection_date, projection_time, cinema_hall_id, movie_id, created_at, updated_at) VALUES ('f7626021-27c5-447c-aa1c-455eab13d4b3', '2026-06-02', '10:00:00', '6921a3a5-077e-49ba-ba05-dcd55f865512', '7a405813-5d76-41bc-8cc6-001251d91056', '2026-01-20T11:14:01.461024', '2026-01-20T11:14:01.461024');
INSERT INTO movie_projections (id, projection_date, projection_time, cinema_hall_id, movie_id, created_at, updated_at) VALUES ('22db8781-09dd-4821-8e4e-817fa1eb5c02', '2026-06-01', '10:00:00', '9ab42b8c-91c1-433a-bfc9-60bda4bffa46', '7a405813-5d76-41bc-8cc6-001251d91056', '2026-01-20T11:14:01.461672', '2026-01-20T11:14:01.461672');
INSERT INTO movie_projections (id, projection_date, projection_time, cinema_hall_id, movie_id, created_at, updated_at) VALUES ('71750356-0555-4b23-a285-e2866c184ac2', '2026-07-24', '10:00:00', '062dfe0a-6244-46c4-a767-c41a824a30e5', '7a405813-5d76-41bc-8cc6-001251d91056', '2026-01-20T11:14:01.461806', '2026-01-20T11:14:01.461806');
INSERT INTO movie_projections (id, projection_date, projection_time, cinema_hall_id, movie_id, created_at, updated_at) VALUES ('313de36e-8862-4f7f-91c0-e994de001d3f', '2026-06-20', '16:00:00', '9ab42b8c-91c1-433a-bfc9-60bda4bffa46', '7a405813-5d76-41bc-8cc6-001251d91056', '2026-01-20T11:14:01.461918', '2026-01-20T11:14:01.461918');
INSERT INTO movie_projections (id, projection_date, projection_time, cinema_hall_id, movie_id, created_at, updated_at) VALUES ('fce589cb-7615-4bb2-9cc5-3209b480fa07', '2026-05-25', '19:00:00', '6921a3a5-077e-49ba-ba05-dcd55f865512', '7a405813-5d76-41bc-8cc6-001251d91056', '2026-01-20T11:14:01.461975', '2026-01-20T11:14:01.461975');
INSERT INTO movie_projections (id, projection_date, projection_time, cinema_hall_id, movie_id, created_at, updated_at) VALUES ('d6d20955-0ac3-4c5c-a9a1-3a062f7114ca', '2026-06-18', '16:00:00', 'd1d0fc7b-99ab-4013-b293-2525a79b53e0', '7a405813-5d76-41bc-8cc6-001251d91056', '2026-01-20T11:14:01.462023', '2026-01-20T11:14:01.462023');
INSERT INTO movie_projections (id, projection_date, projection_time, cinema_hall_id, movie_id, created_at, updated_at) VALUES ('a5bb5a16-8a5a-46ae-b058-464baa1ab004', '2026-06-09', '13:00:00', '63213e9d-2e93-426f-b798-8a278c956c5f', '7a405813-5d76-41bc-8cc6-001251d91056', '2026-01-20T11:14:01.462070', '2026-01-20T11:14:01.462070');
INSERT INTO movie_projections (id, projection_date, projection_time, cinema_hall_id, movie_id, created_at, updated_at) VALUES ('7be69daf-c8fd-4cf3-992e-a9f1c74dc9ea', '2026-07-26', '16:00:00', '062dfe0a-6244-46c4-a767-c41a824a30e5', '7a405813-5d76-41bc-8cc6-001251d91056', '2026-01-20T11:14:01.462153', '2026-01-20T11:14:01.462153');
INSERT INTO movie_projections (id, projection_date, projection_time, cinema_hall_id, movie_id, created_at, updated_at) VALUES ('13e3538a-1716-4a21-bea2-0f5775f820f7', '2026-05-09', '13:00:00', '91119da7-9c00-42bd-9dd6-dd1377d09797', '7a405813-5d76-41bc-8cc6-001251d91056', '2026-01-20T11:14:01.462202', '2026-01-20T11:14:01.462202');
INSERT INTO movie_projections (id, projection_date, projection_time, cinema_hall_id, movie_id, created_at, updated_at) VALUES ('ed9a8a69-64d0-4b63-8363-373392e3818c', '2026-06-12', '13:00:00', 'ddcd3553-73bb-45c1-b4b4-92ab25a503d1', '7a405813-5d76-41bc-8cc6-001251d91056', '2026-01-20T11:14:01.462259', '2026-01-20T11:14:01.462259');
INSERT INTO movie_projections (id, projection_date, projection_time, cinema_hall_id, movie_id, created_at, updated_at) VALUES ('b4cc0c08-1df3-4b1e-9c69-ed468604d697', '2026-07-11', '10:00:00', '7f8bc5ee-1693-4985-acef-abed9e06ff94', '7a405813-5d76-41bc-8cc6-001251d91056', '2026-01-20T11:14:01.462306', '2026-01-20T11:14:01.462306');
INSERT INTO movie_projections (id, projection_date, projection_time, cinema_hall_id, movie_id, created_at, updated_at) VALUES ('e482534f-70c2-4315-a6af-5d8faa32d71d', '2026-06-26', '13:00:00', '062dfe0a-6244-46c4-a767-c41a824a30e5', '7a405813-5d76-41bc-8cc6-001251d91056', '2026-01-20T11:14:01.462352', '2026-01-20T11:14:01.462352');
INSERT INTO movie_projections (id, projection_date, projection_time, cinema_hall_id, movie_id, created_at, updated_at) VALUES ('0c5afb5a-2a5c-4eb5-a2a6-71e202cabc61', '2026-06-17', '13:00:00', '7f8bc5ee-1693-4985-acef-abed9e06ff94', '7a405813-5d76-41bc-8cc6-001251d91056', '2026-01-20T11:14:01.462405', '2026-01-20T11:14:01.462405');
INSERT INTO movie_projections (id, projection_date, projection_time, cinema_hall_id, movie_id, created_at, updated_at) VALUES ('60f2c385-7102-47e8-be98-2f29f0b6f575', '2026-06-19', '13:00:00', '72d55d6a-24f8-4769-9819-be7323d307a2', '7a405813-5d76-41bc-8cc6-001251d91056', '2026-01-20T11:14:01.462452', '2026-01-20T11:14:01.462452');
INSERT INTO movie_projections (id, projection_date, projection_time, cinema_hall_id, movie_id, created_at, updated_at) VALUES ('c4ccb23e-46f6-484b-90e9-729d38231747', '2026-07-24', '19:00:00', '6921a3a5-077e-49ba-ba05-dcd55f865512', '7a405813-5d76-41bc-8cc6-001251d91056', '2026-01-20T11:14:01.462498', '2026-01-20T11:14:01.462498');
INSERT INTO movie_projections (id, projection_date, projection_time, cinema_hall_id, movie_id, created_at, updated_at) VALUES ('9bd39d9a-2b8e-4f51-9d42-60ad6533b425', '2026-06-01', '19:00:00', '91119da7-9c00-42bd-9dd6-dd1377d09797', '7a405813-5d76-41bc-8cc6-001251d91056', '2026-01-20T11:14:01.462553', '2026-01-20T11:14:01.462553');
INSERT INTO movie_projections (id, projection_date, projection_time, cinema_hall_id, movie_id, created_at, updated_at) VALUES ('ae58af61-f4e4-4f9e-955f-a0c53d7a6a72', '2026-06-23', '13:00:00', '63213e9d-2e93-426f-b798-8a278c956c5f', '7a405813-5d76-41bc-8cc6-001251d91056', '2026-01-20T11:14:01.462597', '2026-01-20T11:14:01.462597');
INSERT INTO movie_projections (id, projection_date, projection_time, cinema_hall_id, movie_id, created_at, updated_at) VALUES ('5f42f3ab-5aa7-489e-bdd7-baf3788e13a0', '2026-05-26', '10:00:00', '6921a3a5-077e-49ba-ba05-dcd55f865512', '7a405813-5d76-41bc-8cc6-001251d91056', '2026-01-20T11:14:01.462641', '2026-01-20T11:14:01.462641');
INSERT INTO movie_projections (id, projection_date, projection_time, cinema_hall_id, movie_id, created_at, updated_at) VALUES ('088f06a4-f0f5-428d-a2ee-7dc8427b810b', '2026-05-03', '16:00:00', '062dfe0a-6244-46c4-a767-c41a824a30e5', '7a405813-5d76-41bc-8cc6-001251d91056', '2026-01-20T11:14:01.462686', '2026-01-20T11:14:01.462686');
INSERT INTO movie_projections (id, projection_date, projection_time, cinema_hall_id, movie_id, created_at, updated_at) VALUES ('37b085cb-bcfe-4bc6-a41c-fffad4b11b37', '2026-06-15', '10:00:00', '062dfe0a-6244-46c4-a767-c41a824a30e5', '7a405813-5d76-41bc-8cc6-001251d91056', '2026-01-20T11:14:01.462735', '2026-01-20T11:14:01.462735');
INSERT INTO movie_projections (id, projection_date, projection_time, cinema_hall_id, movie_id, created_at, updated_at) VALUES ('eb73f7d1-3712-420e-bd29-bb6a1cd98b36', '2026-05-08', '16:00:00', '062dfe0a-6244-46c4-a767-c41a824a30e5', '7a405813-5d76-41bc-8cc6-001251d91056', '2026-01-20T11:14:01.462782', '2026-01-20T11:14:01.462782');
INSERT INTO movie_projections (id, projection_date, projection_time, cinema_hall_id, movie_id, created_at, updated_at) VALUES ('73179d17-9303-4880-bc0f-c0cb2e4c7fda', '2026-07-04', '13:00:00', '346d2a4d-5b04-466c-a9ae-acba644c3285', '7a405813-5d76-41bc-8cc6-001251d91056', '2026-01-20T11:14:01.462836', '2026-01-20T11:14:01.462836');
INSERT INTO movie_projections (id, projection_date, projection_time, cinema_hall_id, movie_id, created_at, updated_at) VALUES ('782d52ef-b3d1-4a8b-a8ab-22345f6c4a42', '2026-06-26', '10:00:00', '9ab42b8c-91c1-433a-bfc9-60bda4bffa46', '7a405813-5d76-41bc-8cc6-001251d91056', '2026-01-20T11:14:01.462877', '2026-01-20T11:14:01.462877');
INSERT INTO movie_projections (id, projection_date, projection_time, cinema_hall_id, movie_id, created_at, updated_at) VALUES ('a4ba6031-2ea2-4f1c-b709-b9718ce2d8d9', '2026-07-28', '10:00:00', '346d2a4d-5b04-466c-a9ae-acba644c3285', '7a405813-5d76-41bc-8cc6-001251d91056', '2026-01-20T11:14:01.462921', '2026-01-20T11:14:01.462921');
INSERT INTO movie_projections (id, projection_date, projection_time, cinema_hall_id, movie_id, created_at, updated_at) VALUES ('adb2fc20-ea3f-4e51-b3fd-5e8d13cf160b', '2026-07-01', '13:00:00', 'd1d0fc7b-99ab-4013-b293-2525a79b53e0', '7a405813-5d76-41bc-8cc6-001251d91056', '2026-01-20T11:14:01.462976', '2026-01-20T11:14:01.462976');
INSERT INTO movie_projections (id, projection_date, projection_time, cinema_hall_id, movie_id, created_at, updated_at) VALUES ('5c030ca4-d9ee-4b91-8b68-7a65aa1571c5', '2026-07-02', '13:00:00', 'ddcd3553-73bb-45c1-b4b4-92ab25a503d1', '7a405813-5d76-41bc-8cc6-001251d91056', '2026-01-20T11:14:01.463030', '2026-01-20T11:14:01.463030');
INSERT INTO movie_projections (id, projection_date, projection_time, cinema_hall_id, movie_id, created_at, updated_at) VALUES ('985c9bba-cad1-428b-b3f0-6499542c44d7', '2026-05-06', '16:00:00', '63213e9d-2e93-426f-b798-8a278c956c5f', '7a405813-5d76-41bc-8cc6-001251d91056', '2026-01-20T11:14:01.463077', '2026-01-20T11:14:01.463077');
INSERT INTO movie_projections (id, projection_date, projection_time, cinema_hall_id, movie_id, created_at, updated_at) VALUES ('68b6c14e-03b8-4fee-b120-affbd43678c5', '2026-07-22', '13:00:00', '9ab42b8c-91c1-433a-bfc9-60bda4bffa46', '7a405813-5d76-41bc-8cc6-001251d91056', '2026-01-20T11:14:01.463132', '2026-01-20T11:14:01.463132');
INSERT INTO movie_projections (id, projection_date, projection_time, cinema_hall_id, movie_id, created_at, updated_at) VALUES ('7cd1d11f-7e4f-49a9-8a80-32ab05225b92', '2026-05-21', '13:00:00', 'ddcd3553-73bb-45c1-b4b4-92ab25a503d1', '9937270d-d29a-4e14-999e-8e398796c79f', '2026-01-20T11:14:01.463191', '2026-01-20T11:14:01.463191');
INSERT INTO movie_projections (id, projection_date, projection_time, cinema_hall_id, movie_id, created_at, updated_at) VALUES ('4b8b7caa-3b50-4754-88f8-2cd660828f0f', '2026-07-02', '19:00:00', '63213e9d-2e93-426f-b798-8a278c956c5f', '9937270d-d29a-4e14-999e-8e398796c79f', '2026-01-20T11:14:01.463238', '2026-01-20T11:14:01.463238');
INSERT INTO movie_projections (id, projection_date, projection_time, cinema_hall_id, movie_id, created_at, updated_at) VALUES ('00e09e18-b8bf-4bda-8f12-1c0784b38754', '2026-05-30', '16:00:00', '7313599b-6813-47c7-8c51-4e3a2ffac29c', '9937270d-d29a-4e14-999e-8e398796c79f', '2026-01-20T11:14:01.463294', '2026-01-20T11:14:01.463294');
INSERT INTO movie_projections (id, projection_date, projection_time, cinema_hall_id, movie_id, created_at, updated_at) VALUES ('94322a0c-0495-4bf8-addc-416ceee51191', '2026-06-18', '10:00:00', '346d2a4d-5b04-466c-a9ae-acba644c3285', '9937270d-d29a-4e14-999e-8e398796c79f', '2026-01-20T11:14:01.463340', '2026-01-20T11:14:01.463340');
INSERT INTO movie_projections (id, projection_date, projection_time, cinema_hall_id, movie_id, created_at, updated_at) VALUES ('60b9d636-ebce-4a08-bee0-e07810fddc99', '2026-05-22', '19:00:00', 'd1d0fc7b-99ab-4013-b293-2525a79b53e0', '9937270d-d29a-4e14-999e-8e398796c79f', '2026-01-20T11:14:01.463385', '2026-01-20T11:14:01.463385');
INSERT INTO movie_projections (id, projection_date, projection_time, cinema_hall_id, movie_id, created_at, updated_at) VALUES ('6cf0b458-4f6e-48e3-80e1-92e3b6899b9b', '2026-07-20', '10:00:00', '91119da7-9c00-42bd-9dd6-dd1377d09797', '9937270d-d29a-4e14-999e-8e398796c79f', '2026-01-20T11:14:01.463431', '2026-01-20T11:14:01.463431');
INSERT INTO movie_projections (id, projection_date, projection_time, cinema_hall_id, movie_id, created_at, updated_at) VALUES ('15367279-5a74-4422-9f90-e089d3dcc0d1', '2026-06-07', '19:00:00', 'd1d0fc7b-99ab-4013-b293-2525a79b53e0', '9937270d-d29a-4e14-999e-8e398796c79f', '2026-01-20T11:14:01.463475', '2026-01-20T11:14:01.463475');
INSERT INTO movie_projections (id, projection_date, projection_time, cinema_hall_id, movie_id, created_at, updated_at) VALUES ('0e34ba9d-01d1-43f6-b093-6d4b5b539c1b', '2026-06-14', '13:00:00', '6921a3a5-077e-49ba-ba05-dcd55f865512', '9937270d-d29a-4e14-999e-8e398796c79f', '2026-01-20T11:14:01.463520', '2026-01-20T11:14:01.463520');
INSERT INTO movie_projections (id, projection_date, projection_time, cinema_hall_id, movie_id, created_at, updated_at) VALUES ('8b9b5fda-a4d2-4d24-af57-0a91f2a283b3', '2026-06-16', '19:00:00', '346d2a4d-5b04-466c-a9ae-acba644c3285', '9937270d-d29a-4e14-999e-8e398796c79f', '2026-01-20T11:14:01.463567', '2026-01-20T11:14:01.463567');
INSERT INTO movie_projections (id, projection_date, projection_time, cinema_hall_id, movie_id, created_at, updated_at) VALUES ('546ddd8a-1deb-46af-8207-e2fe26b5fa24', '2026-06-21', '19:00:00', '062dfe0a-6244-46c4-a767-c41a824a30e5', '9937270d-d29a-4e14-999e-8e398796c79f', '2026-01-20T11:14:01.463608', '2026-01-20T11:14:01.463608');
INSERT INTO movie_projections (id, projection_date, projection_time, cinema_hall_id, movie_id, created_at, updated_at) VALUES ('b2b318a3-3eac-475c-8e14-1b21ad601e8d', '2026-07-13', '19:00:00', '91119da7-9c00-42bd-9dd6-dd1377d09797', '9937270d-d29a-4e14-999e-8e398796c79f', '2026-01-20T11:14:01.463651', '2026-01-20T11:14:01.463651');
INSERT INTO movie_projections (id, projection_date, projection_time, cinema_hall_id, movie_id, created_at, updated_at) VALUES ('5ee9784c-ee11-4239-8801-2403617ff036', '2026-07-22', '16:00:00', '062dfe0a-6244-46c4-a767-c41a824a30e5', '9937270d-d29a-4e14-999e-8e398796c79f', '2026-01-20T11:14:01.463697', '2026-01-20T11:14:01.463697');
INSERT INTO movie_projections (id, projection_date, projection_time, cinema_hall_id, movie_id, created_at, updated_at) VALUES ('49b413f8-5cfe-4e07-b3fc-1307e9314ae9', '2026-07-19', '10:00:00', '7f8bc5ee-1693-4985-acef-abed9e06ff94', '9937270d-d29a-4e14-999e-8e398796c79f', '2026-01-20T11:14:01.463756', '2026-01-20T11:14:01.463756');
INSERT INTO movie_projections (id, projection_date, projection_time, cinema_hall_id, movie_id, created_at, updated_at) VALUES ('daf6c6c8-38a2-4239-accb-7b44ea75474a', '2026-07-06', '10:00:00', '346d2a4d-5b04-466c-a9ae-acba644c3285', '9937270d-d29a-4e14-999e-8e398796c79f', '2026-01-20T11:14:01.463802', '2026-01-20T11:14:01.463802');
INSERT INTO movie_projections (id, projection_date, projection_time, cinema_hall_id, movie_id, created_at, updated_at) VALUES ('e1733b51-0e13-4d6c-9b38-c02c0c8fa4fe', '2026-06-14', '19:00:00', '346d2a4d-5b04-466c-a9ae-acba644c3285', '9937270d-d29a-4e14-999e-8e398796c79f', '2026-01-20T11:14:01.463847', '2026-01-20T11:14:01.463847');
INSERT INTO movie_projections (id, projection_date, projection_time, cinema_hall_id, movie_id, created_at, updated_at) VALUES ('51355431-e145-4626-a6a0-abe5c34dc6fc', '2026-07-01', '13:00:00', 'ddcd3553-73bb-45c1-b4b4-92ab25a503d1', '9937270d-d29a-4e14-999e-8e398796c79f', '2026-01-20T11:14:01.463891', '2026-01-20T11:14:01.463891');
INSERT INTO movie_projections (id, projection_date, projection_time, cinema_hall_id, movie_id, created_at, updated_at) VALUES ('ea185148-a236-4f08-8729-1800f28e9276', '2026-07-20', '10:00:00', '6921a3a5-077e-49ba-ba05-dcd55f865512', '9937270d-d29a-4e14-999e-8e398796c79f', '2026-01-20T11:14:01.463943', '2026-01-20T11:14:01.463943');
INSERT INTO movie_projections (id, projection_date, projection_time, cinema_hall_id, movie_id, created_at, updated_at) VALUES ('ac64179c-5677-430d-bd3e-7ff0e7647e19', '2026-07-01', '19:00:00', '91119da7-9c00-42bd-9dd6-dd1377d09797', '9937270d-d29a-4e14-999e-8e398796c79f', '2026-01-20T11:14:01.463988', '2026-01-20T11:14:01.463988');
INSERT INTO movie_projections (id, projection_date, projection_time, cinema_hall_id, movie_id, created_at, updated_at) VALUES ('bde1f01d-3c57-4b72-9ee0-c07f7afc2ff2', '2026-05-25', '10:00:00', '7313599b-6813-47c7-8c51-4e3a2ffac29c', '9937270d-d29a-4e14-999e-8e398796c79f', '2026-01-20T11:14:01.464029', '2026-01-20T11:14:01.464029');
INSERT INTO movie_projections (id, projection_date, projection_time, cinema_hall_id, movie_id, created_at, updated_at) VALUES ('5ed8fece-dd8a-4d11-997c-59f7d658f6a9', '2026-06-22', '13:00:00', '7313599b-6813-47c7-8c51-4e3a2ffac29c', '9937270d-d29a-4e14-999e-8e398796c79f', '2026-01-20T11:14:01.464075', '2026-01-20T11:14:01.464075');
INSERT INTO movie_projections (id, projection_date, projection_time, cinema_hall_id, movie_id, created_at, updated_at) VALUES ('77ba7a7e-1dc6-4782-b42b-69c07bae05c8', '2026-05-27', '16:00:00', '63213e9d-2e93-426f-b798-8a278c956c5f', '9937270d-d29a-4e14-999e-8e398796c79f', '2026-01-20T11:14:01.464126', '2026-01-20T11:14:01.464126');
INSERT INTO movie_projections (id, projection_date, projection_time, cinema_hall_id, movie_id, created_at, updated_at) VALUES ('ed743b18-32ba-446d-9daa-7d1add6a6556', '2026-05-15', '16:00:00', '72d55d6a-24f8-4769-9819-be7323d307a2', '9937270d-d29a-4e14-999e-8e398796c79f', '2026-01-20T11:14:01.464170', '2026-01-20T11:14:01.464170');
INSERT INTO movie_projections (id, projection_date, projection_time, cinema_hall_id, movie_id, created_at, updated_at) VALUES ('fbc11fa4-3a4a-476c-9915-0b87b3d6183b', '2026-05-12', '19:00:00', 'd1d0fc7b-99ab-4013-b293-2525a79b53e0', '9937270d-d29a-4e14-999e-8e398796c79f', '2026-01-20T11:14:01.464216', '2026-01-20T11:14:01.464216');
INSERT INTO movie_projections (id, projection_date, projection_time, cinema_hall_id, movie_id, created_at, updated_at) VALUES ('24fad413-dd21-40fa-a95c-7d143d1e6e3c', '2026-06-07', '13:00:00', 'ddcd3553-73bb-45c1-b4b4-92ab25a503d1', '9937270d-d29a-4e14-999e-8e398796c79f', '2026-01-20T11:14:01.464267', '2026-01-20T11:14:01.464267');
INSERT INTO movie_projections (id, projection_date, projection_time, cinema_hall_id, movie_id, created_at, updated_at) VALUES ('30c463a0-962d-40e9-aa55-20b6f18a64b0', '2026-07-13', '10:00:00', '63213e9d-2e93-426f-b798-8a278c956c5f', '9937270d-d29a-4e14-999e-8e398796c79f', '2026-01-20T11:14:01.464318', '2026-01-20T11:14:01.464318');
INSERT INTO movie_projections (id, projection_date, projection_time, cinema_hall_id, movie_id, created_at, updated_at) VALUES ('37bd1de1-0f15-426e-9f17-7468dde152ca', '2026-07-09', '10:00:00', 'd1d0fc7b-99ab-4013-b293-2525a79b53e0', '9937270d-d29a-4e14-999e-8e398796c79f', '2026-01-20T11:14:01.464364', '2026-01-20T11:14:01.464364');
INSERT INTO movie_projections (id, projection_date, projection_time, cinema_hall_id, movie_id, created_at, updated_at) VALUES ('8731f8bf-4dac-4584-a72d-0fc94bcca0b7', '2026-07-25', '10:00:00', '7313599b-6813-47c7-8c51-4e3a2ffac29c', '9937270d-d29a-4e14-999e-8e398796c79f', '2026-01-20T11:14:01.464409', '2026-01-20T11:14:01.464409');
INSERT INTO movie_projections (id, projection_date, projection_time, cinema_hall_id, movie_id, created_at, updated_at) VALUES ('a67b0669-396e-44e5-bd0d-e510f8a8b120', '2026-06-16', '16:00:00', 'ddcd3553-73bb-45c1-b4b4-92ab25a503d1', '9937270d-d29a-4e14-999e-8e398796c79f', '2026-01-20T11:14:01.464454', '2026-01-20T11:14:01.464454');
INSERT INTO movie_projections (id, projection_date, projection_time, cinema_hall_id, movie_id, created_at, updated_at) VALUES ('d8e094dc-007b-4066-af06-fef92a4b4dc6', '2026-07-22', '10:00:00', '72d55d6a-24f8-4769-9819-be7323d307a2', '9937270d-d29a-4e14-999e-8e398796c79f', '2026-01-20T11:14:01.464498', '2026-01-20T11:14:01.464498');
INSERT INTO movie_projections (id, projection_date, projection_time, cinema_hall_id, movie_id, created_at, updated_at) VALUES ('ccc46078-afc0-48a4-a0ba-95064f5498e7', '2026-06-02', '13:00:00', 'd1d0fc7b-99ab-4013-b293-2525a79b53e0', '9937270d-d29a-4e14-999e-8e398796c79f', '2026-01-20T11:14:01.464542', '2026-01-20T11:14:01.464542');
INSERT INTO movie_projections (id, projection_date, projection_time, cinema_hall_id, movie_id, created_at, updated_at) VALUES ('d7a58ba5-4eb8-44fd-b379-b8b6cc030b40', '2026-07-24', '16:00:00', '9ab42b8c-91c1-433a-bfc9-60bda4bffa46', '9937270d-d29a-4e14-999e-8e398796c79f', '2026-01-20T11:14:01.464585', '2026-01-20T11:14:01.464585');
INSERT INTO movie_projections (id, projection_date, projection_time, cinema_hall_id, movie_id, created_at, updated_at) VALUES ('a03dfcd4-42c1-4d93-92cd-55c9604c1794', '2026-05-22', '13:00:00', '6921a3a5-077e-49ba-ba05-dcd55f865512', '9937270d-d29a-4e14-999e-8e398796c79f', '2026-01-20T11:14:01.464629', '2026-01-20T11:14:01.464629');
INSERT INTO movie_projections (id, projection_date, projection_time, cinema_hall_id, movie_id, created_at, updated_at) VALUES ('fd3dbeb7-fd07-4d32-8300-2e71372b5a40', '2026-07-11', '13:00:00', 'ddcd3553-73bb-45c1-b4b4-92ab25a503d1', '9937270d-d29a-4e14-999e-8e398796c79f', '2026-01-20T11:14:01.464678', '2026-01-20T11:14:01.464678');
INSERT INTO movie_projections (id, projection_date, projection_time, cinema_hall_id, movie_id, created_at, updated_at) VALUES ('91bcfa27-69bf-46c2-abed-570a22b09e36', '2026-07-18', '13:00:00', '7f8bc5ee-1693-4985-acef-abed9e06ff94', '9937270d-d29a-4e14-999e-8e398796c79f', '2026-01-20T11:14:01.464725', '2026-01-20T11:14:01.464725');
INSERT INTO movie_projections (id, projection_date, projection_time, cinema_hall_id, movie_id, created_at, updated_at) VALUES ('74b9a9d0-916d-47e9-8fbc-52b7f7393934', '2026-07-17', '16:00:00', 'd1d0fc7b-99ab-4013-b293-2525a79b53e0', '9937270d-d29a-4e14-999e-8e398796c79f', '2026-01-20T11:14:01.464768', '2026-01-20T11:14:01.464768');
INSERT INTO movie_projections (id, projection_date, projection_time, cinema_hall_id, movie_id, created_at, updated_at) VALUES ('610393e7-6514-426f-9afe-9f79e9681888', '2026-05-11', '10:00:00', '9ab42b8c-91c1-433a-bfc9-60bda4bffa46', '9937270d-d29a-4e14-999e-8e398796c79f', '2026-01-20T11:14:01.464812', '2026-01-20T11:14:01.464812');
INSERT INTO movie_projections (id, projection_date, projection_time, cinema_hall_id, movie_id, created_at, updated_at) VALUES ('41f80d33-fc10-49b9-b02f-495ed874c633', '2026-06-04', '10:00:00', '91119da7-9c00-42bd-9dd6-dd1377d09797', '9937270d-d29a-4e14-999e-8e398796c79f', '2026-01-20T11:14:01.464855', '2026-01-20T11:14:01.464855');
INSERT INTO movie_projections (id, projection_date, projection_time, cinema_hall_id, movie_id, created_at, updated_at) VALUES ('cea7e49d-9186-4570-b09f-b737fdf0ac81', '2026-05-15', '16:00:00', '7313599b-6813-47c7-8c51-4e3a2ffac29c', '9937270d-d29a-4e14-999e-8e398796c79f', '2026-01-20T11:14:01.464900', '2026-01-20T11:14:01.464900');
INSERT INTO movie_projections (id, projection_date, projection_time, cinema_hall_id, movie_id, created_at, updated_at) VALUES ('2f3d5385-bbc0-4db5-82db-b36eaf842ce7', '2026-07-24', '10:00:00', '346d2a4d-5b04-466c-a9ae-acba644c3285', '9937270d-d29a-4e14-999e-8e398796c79f', '2026-01-20T11:14:01.464946', '2026-01-20T11:14:01.464946');
INSERT INTO movie_projections (id, projection_date, projection_time, cinema_hall_id, movie_id, created_at, updated_at) VALUES ('9b0d1d69-58f8-4379-a1dd-e5f3ab83cc7c', '2026-07-16', '13:00:00', '346d2a4d-5b04-466c-a9ae-acba644c3285', '9937270d-d29a-4e14-999e-8e398796c79f', '2026-01-20T11:14:01.464991', '2026-01-20T11:14:01.464991');
INSERT INTO movie_projections (id, projection_date, projection_time, cinema_hall_id, movie_id, created_at, updated_at) VALUES ('d59cb662-0880-4a88-88a4-c654e5b49022', '2026-05-22', '19:00:00', 'ddcd3553-73bb-45c1-b4b4-92ab25a503d1', '12698516-94b6-4e5d-92e7-811318f40369', '2026-01-20T11:14:01.465044', '2026-01-20T11:14:01.465044');
INSERT INTO movie_projections (id, projection_date, projection_time, cinema_hall_id, movie_id, created_at, updated_at) VALUES ('f610a1b1-8452-4029-9801-c2b530905d4b', '2026-07-07', '19:00:00', '91119da7-9c00-42bd-9dd6-dd1377d09797', '12698516-94b6-4e5d-92e7-811318f40369', '2026-01-20T11:14:01.465089', '2026-01-20T11:14:01.465089');
INSERT INTO movie_projections (id, projection_date, projection_time, cinema_hall_id, movie_id, created_at, updated_at) VALUES ('a138debb-75ec-40bc-8ebf-69c4202a6c6f', '2026-06-23', '16:00:00', '346d2a4d-5b04-466c-a9ae-acba644c3285', '12698516-94b6-4e5d-92e7-811318f40369', '2026-01-20T11:14:01.465143', '2026-01-20T11:14:01.465143');
INSERT INTO movie_projections (id, projection_date, projection_time, cinema_hall_id, movie_id, created_at, updated_at) VALUES ('6f899366-3c02-4122-b7e8-31cdf227c737', '2026-07-06', '10:00:00', 'ddcd3553-73bb-45c1-b4b4-92ab25a503d1', '12698516-94b6-4e5d-92e7-811318f40369', '2026-01-20T11:14:01.465189', '2026-01-20T11:14:01.465189');
INSERT INTO movie_projections (id, projection_date, projection_time, cinema_hall_id, movie_id, created_at, updated_at) VALUES ('62d78b97-d503-4937-9c5b-f51e78afed1a', '2026-05-11', '13:00:00', 'd1d0fc7b-99ab-4013-b293-2525a79b53e0', '12698516-94b6-4e5d-92e7-811318f40369', '2026-01-20T11:14:01.465244', '2026-01-20T11:14:01.465244');
INSERT INTO movie_projections (id, projection_date, projection_time, cinema_hall_id, movie_id, created_at, updated_at) VALUES ('9cc942c4-85f0-41b7-b13e-def7f00f1586', '2026-05-11', '13:00:00', '63213e9d-2e93-426f-b798-8a278c956c5f', '12698516-94b6-4e5d-92e7-811318f40369', '2026-01-20T11:14:01.465294', '2026-01-20T11:14:01.465294');
INSERT INTO movie_projections (id, projection_date, projection_time, cinema_hall_id, movie_id, created_at, updated_at) VALUES ('c9c7b95c-f08f-4820-bddb-8fd5c6ae6680', '2026-05-29', '10:00:00', '7313599b-6813-47c7-8c51-4e3a2ffac29c', '12698516-94b6-4e5d-92e7-811318f40369', '2026-01-20T11:14:01.465339', '2026-01-20T11:14:01.465339');
INSERT INTO movie_projections (id, projection_date, projection_time, cinema_hall_id, movie_id, created_at, updated_at) VALUES ('31e17163-70bd-4089-9a0b-30db54b74b87', '2026-05-13', '19:00:00', '062dfe0a-6244-46c4-a767-c41a824a30e5', '12698516-94b6-4e5d-92e7-811318f40369', '2026-01-20T11:14:01.465380', '2026-01-20T11:14:01.465380');
INSERT INTO movie_projections (id, projection_date, projection_time, cinema_hall_id, movie_id, created_at, updated_at) VALUES ('fa546d67-29d9-40c9-8fd1-b32fee799fd3', '2026-05-06', '13:00:00', '63213e9d-2e93-426f-b798-8a278c956c5f', '12698516-94b6-4e5d-92e7-811318f40369', '2026-01-20T11:14:01.465422', '2026-01-20T11:14:01.465422');
INSERT INTO movie_projections (id, projection_date, projection_time, cinema_hall_id, movie_id, created_at, updated_at) VALUES ('89e17eb5-6380-48cb-aa58-5ef97f284a2f', '2026-06-30', '19:00:00', '062dfe0a-6244-46c4-a767-c41a824a30e5', '12698516-94b6-4e5d-92e7-811318f40369', '2026-01-20T11:14:01.465467', '2026-01-20T11:14:01.465467');
INSERT INTO movie_projections (id, projection_date, projection_time, cinema_hall_id, movie_id, created_at, updated_at) VALUES ('6621f179-1ccc-41ba-8fe3-3c2c3c5510b7', '2026-07-06', '19:00:00', '7313599b-6813-47c7-8c51-4e3a2ffac29c', '12698516-94b6-4e5d-92e7-811318f40369', '2026-01-20T11:14:01.465513', '2026-01-20T11:14:01.465513');
INSERT INTO movie_projections (id, projection_date, projection_time, cinema_hall_id, movie_id, created_at, updated_at) VALUES ('5b19e6f0-6e49-4c06-8a21-777e3c546728', '2026-05-18', '16:00:00', '062dfe0a-6244-46c4-a767-c41a824a30e5', '12698516-94b6-4e5d-92e7-811318f40369', '2026-01-20T11:14:01.465566', '2026-01-20T11:14:01.465566');
INSERT INTO movie_projections (id, projection_date, projection_time, cinema_hall_id, movie_id, created_at, updated_at) VALUES ('03aa1258-a642-4ee7-8379-c260e20da6e8', '2026-05-06', '10:00:00', '91119da7-9c00-42bd-9dd6-dd1377d09797', '12698516-94b6-4e5d-92e7-811318f40369', '2026-01-20T11:14:01.465628', '2026-01-20T11:14:01.465628');
INSERT INTO movie_projections (id, projection_date, projection_time, cinema_hall_id, movie_id, created_at, updated_at) VALUES ('9c219551-0162-446e-9211-db0b70873612', '2026-05-12', '10:00:00', '7313599b-6813-47c7-8c51-4e3a2ffac29c', '12698516-94b6-4e5d-92e7-811318f40369', '2026-01-20T11:14:01.465711', '2026-01-20T11:14:01.465711');
INSERT INTO movie_projections (id, projection_date, projection_time, cinema_hall_id, movie_id, created_at, updated_at) VALUES ('d6b5ef40-0f7a-48d8-838d-a9bf71a8c732', '2026-06-20', '10:00:00', '6921a3a5-077e-49ba-ba05-dcd55f865512', '12698516-94b6-4e5d-92e7-811318f40369', '2026-01-20T11:14:01.465792', '2026-01-20T11:14:01.465792');
INSERT INTO movie_projections (id, projection_date, projection_time, cinema_hall_id, movie_id, created_at, updated_at) VALUES ('c991a0fa-df93-432f-bd42-57e58b469a59', '2026-07-06', '19:00:00', '346d2a4d-5b04-466c-a9ae-acba644c3285', '12698516-94b6-4e5d-92e7-811318f40369', '2026-01-20T11:14:01.465844', '2026-01-20T11:14:01.465844');
INSERT INTO movie_projections (id, projection_date, projection_time, cinema_hall_id, movie_id, created_at, updated_at) VALUES ('63f97cb5-42f0-4cb7-af99-8a47a69b49da', '2026-06-30', '16:00:00', '9ab42b8c-91c1-433a-bfc9-60bda4bffa46', '12698516-94b6-4e5d-92e7-811318f40369', '2026-01-20T11:14:01.465893', '2026-01-20T11:14:01.465893');
INSERT INTO movie_projections (id, projection_date, projection_time, cinema_hall_id, movie_id, created_at, updated_at) VALUES ('d396b6a1-8444-4c36-a434-d1363b4e93e5', '2026-06-15', '13:00:00', '72d55d6a-24f8-4769-9819-be7323d307a2', '12698516-94b6-4e5d-92e7-811318f40369', '2026-01-20T11:14:01.465940', '2026-01-20T11:14:01.465940');
INSERT INTO movie_projections (id, projection_date, projection_time, cinema_hall_id, movie_id, created_at, updated_at) VALUES ('d7bd6b64-15fd-47b1-af97-1989b288e796', '2026-06-24', '10:00:00', '63213e9d-2e93-426f-b798-8a278c956c5f', '12698516-94b6-4e5d-92e7-811318f40369', '2026-01-20T11:14:01.465985', '2026-01-20T11:14:01.465985');
INSERT INTO movie_projections (id, projection_date, projection_time, cinema_hall_id, movie_id, created_at, updated_at) VALUES ('a9494779-8d63-4b1d-ab91-d5e298608aab', '2026-05-24', '16:00:00', 'ddcd3553-73bb-45c1-b4b4-92ab25a503d1', '12698516-94b6-4e5d-92e7-811318f40369', '2026-01-20T11:14:01.466046', '2026-01-20T11:14:01.466046');
INSERT INTO movie_projections (id, projection_date, projection_time, cinema_hall_id, movie_id, created_at, updated_at) VALUES ('89c62a23-7345-4b19-ae6a-bb9df7b1a95b', '2026-05-23', '13:00:00', 'd1d0fc7b-99ab-4013-b293-2525a79b53e0', '12698516-94b6-4e5d-92e7-811318f40369', '2026-01-20T11:14:01.466094', '2026-01-20T11:14:01.466094');
INSERT INTO movie_projections (id, projection_date, projection_time, cinema_hall_id, movie_id, created_at, updated_at) VALUES ('57e352e0-afde-44a5-89a9-4a2220074447', '2026-06-21', '13:00:00', 'd1d0fc7b-99ab-4013-b293-2525a79b53e0', '12698516-94b6-4e5d-92e7-811318f40369', '2026-01-20T11:14:01.466153', '2026-01-20T11:14:01.466153');
INSERT INTO movie_projections (id, projection_date, projection_time, cinema_hall_id, movie_id, created_at, updated_at) VALUES ('39b9c30f-594f-4941-8fbc-5833f14a4176', '2026-05-25', '13:00:00', '91119da7-9c00-42bd-9dd6-dd1377d09797', '12698516-94b6-4e5d-92e7-811318f40369', '2026-01-20T11:14:01.466198', '2026-01-20T11:14:01.466198');
INSERT INTO movie_projections (id, projection_date, projection_time, cinema_hall_id, movie_id, created_at, updated_at) VALUES ('7a947ac4-7bf4-4c68-9ed0-69041b541e00', '2026-05-29', '13:00:00', '63213e9d-2e93-426f-b798-8a278c956c5f', '12698516-94b6-4e5d-92e7-811318f40369', '2026-01-20T11:14:01.466245', '2026-01-20T11:14:01.466245');
INSERT INTO movie_projections (id, projection_date, projection_time, cinema_hall_id, movie_id, created_at, updated_at) VALUES ('4f3513c9-c3ed-441f-a32d-34048b820a5e', '2026-07-09', '10:00:00', '7313599b-6813-47c7-8c51-4e3a2ffac29c', '12698516-94b6-4e5d-92e7-811318f40369', '2026-01-20T11:14:01.466299', '2026-01-20T11:14:01.466299');
INSERT INTO movie_projections (id, projection_date, projection_time, cinema_hall_id, movie_id, created_at, updated_at) VALUES ('9dc9bff3-1b37-4b87-add8-cd66c1e0edcc', '2026-06-28', '10:00:00', '9ab42b8c-91c1-433a-bfc9-60bda4bffa46', '12698516-94b6-4e5d-92e7-811318f40369', '2026-01-20T11:14:01.466352', '2026-01-20T11:14:01.466352');
INSERT INTO movie_projections (id, projection_date, projection_time, cinema_hall_id, movie_id, created_at, updated_at) VALUES ('251b54a3-0314-4f19-aed8-86dae00d517c', '2026-05-21', '19:00:00', '346d2a4d-5b04-466c-a9ae-acba644c3285', '12698516-94b6-4e5d-92e7-811318f40369', '2026-01-20T11:14:01.466399', '2026-01-20T11:14:01.466399');
INSERT INTO movie_projections (id, projection_date, projection_time, cinema_hall_id, movie_id, created_at, updated_at) VALUES ('868ff3ba-a91a-4afe-ad52-883dd4770f36', '2026-06-01', '16:00:00', '63213e9d-2e93-426f-b798-8a278c956c5f', '12698516-94b6-4e5d-92e7-811318f40369', '2026-01-20T11:14:01.466452', '2026-01-20T11:14:01.466452');
INSERT INTO movie_projections (id, projection_date, projection_time, cinema_hall_id, movie_id, created_at, updated_at) VALUES ('8a64e0b2-709a-4233-aed7-dde78d84e505', '2026-06-21', '10:00:00', 'ddcd3553-73bb-45c1-b4b4-92ab25a503d1', '12698516-94b6-4e5d-92e7-811318f40369', '2026-01-20T11:14:01.466500', '2026-01-20T11:14:01.466500');
INSERT INTO movie_projections (id, projection_date, projection_time, cinema_hall_id, movie_id, created_at, updated_at) VALUES ('4883fb19-75df-4553-97f0-993f5af149da', '2026-06-26', '19:00:00', '346d2a4d-5b04-466c-a9ae-acba644c3285', '12698516-94b6-4e5d-92e7-811318f40369', '2026-01-20T11:14:01.466548', '2026-01-20T11:14:01.466548');
INSERT INTO movie_projections (id, projection_date, projection_time, cinema_hall_id, movie_id, created_at, updated_at) VALUES ('a538e908-8263-49fd-b43d-49dae277e5c8', '2026-06-08', '16:00:00', '7f8bc5ee-1693-4985-acef-abed9e06ff94', '12698516-94b6-4e5d-92e7-811318f40369', '2026-01-20T11:14:01.466595', '2026-01-20T11:14:01.466595');
INSERT INTO movie_projections (id, projection_date, projection_time, cinema_hall_id, movie_id, created_at, updated_at) VALUES ('0217cd8a-2061-4db1-88ce-f6bc9ca1ee8e', '2026-07-04', '10:00:00', '6921a3a5-077e-49ba-ba05-dcd55f865512', '12698516-94b6-4e5d-92e7-811318f40369', '2026-01-20T11:14:01.466640', '2026-01-20T11:14:01.466640');
INSERT INTO movie_projections (id, projection_date, projection_time, cinema_hall_id, movie_id, created_at, updated_at) VALUES ('85d61d6a-7895-48d1-9152-097d501323b6', '2026-06-14', '13:00:00', '6921a3a5-077e-49ba-ba05-dcd55f865512', '12698516-94b6-4e5d-92e7-811318f40369', '2026-01-20T11:14:01.466687', '2026-01-20T11:14:01.466687');
INSERT INTO movie_projections (id, projection_date, projection_time, cinema_hall_id, movie_id, created_at, updated_at) VALUES ('9d8a5109-7fde-4d2c-9ad6-c49bbdcb9fb8', '2026-05-17', '10:00:00', '91119da7-9c00-42bd-9dd6-dd1377d09797', '12698516-94b6-4e5d-92e7-811318f40369', '2026-01-20T11:14:01.466734', '2026-01-20T11:14:01.466734');
INSERT INTO movie_projections (id, projection_date, projection_time, cinema_hall_id, movie_id, created_at, updated_at) VALUES ('a7c19488-243a-4de8-992e-57dc2bda8edb', '2026-06-04', '19:00:00', '062dfe0a-6244-46c4-a767-c41a824a30e5', '12698516-94b6-4e5d-92e7-811318f40369', '2026-01-20T11:14:01.466782', '2026-01-20T11:14:01.466782');
INSERT INTO movie_projections (id, projection_date, projection_time, cinema_hall_id, movie_id, created_at, updated_at) VALUES ('1c491556-147e-4dc9-abf3-fedf70f75333', '2026-06-05', '16:00:00', '346d2a4d-5b04-466c-a9ae-acba644c3285', '12698516-94b6-4e5d-92e7-811318f40369', '2026-01-20T11:14:01.466836', '2026-01-20T11:14:01.466836');
INSERT INTO movie_projections (id, projection_date, projection_time, cinema_hall_id, movie_id, created_at, updated_at) VALUES ('b9390793-576f-4df5-87ed-98f1df7a547d', '2026-05-10', '19:00:00', '9ab42b8c-91c1-433a-bfc9-60bda4bffa46', '12698516-94b6-4e5d-92e7-811318f40369', '2026-01-20T11:14:01.466878', '2026-01-20T11:14:01.466878');
INSERT INTO movie_projections (id, projection_date, projection_time, cinema_hall_id, movie_id, created_at, updated_at) VALUES ('9c9a3abf-3325-4ac0-870d-d4435020fc21', '2026-06-06', '13:00:00', '7313599b-6813-47c7-8c51-4e3a2ffac29c', '12698516-94b6-4e5d-92e7-811318f40369', '2026-01-20T11:14:01.466917', '2026-01-20T11:14:01.466917');
INSERT INTO movie_projections (id, projection_date, projection_time, cinema_hall_id, movie_id, created_at, updated_at) VALUES ('b06ac3b3-cbdd-461d-a5ae-5104bd41b0cd', '2026-05-16', '13:00:00', '63213e9d-2e93-426f-b798-8a278c956c5f', '12698516-94b6-4e5d-92e7-811318f40369', '2026-01-20T11:14:01.466957', '2026-01-20T11:14:01.466957');
INSERT INTO movie_projections (id, projection_date, projection_time, cinema_hall_id, movie_id, created_at, updated_at) VALUES ('554c8d64-09dc-4273-9eb4-988f06aa678f', '2026-05-18', '10:00:00', '062dfe0a-6244-46c4-a767-c41a824a30e5', '12698516-94b6-4e5d-92e7-811318f40369', '2026-01-20T11:14:01.466999', '2026-01-20T11:14:01.466999');
INSERT INTO movie_projections (id, projection_date, projection_time, cinema_hall_id, movie_id, created_at, updated_at) VALUES ('fb674639-9bba-43a8-aeda-6613a1ac4072', '2026-06-28', '16:00:00', '72d55d6a-24f8-4769-9819-be7323d307a2', 'e5d8cf45-a867-4d2c-9d91-be00535a28cb', '2026-01-20T11:14:01.467045', '2026-01-20T11:14:01.467045');
INSERT INTO movie_projections (id, projection_date, projection_time, cinema_hall_id, movie_id, created_at, updated_at) VALUES ('35569209-c480-43e9-ad7f-b129de04ff39', '2026-06-21', '19:00:00', '91119da7-9c00-42bd-9dd6-dd1377d09797', 'e5d8cf45-a867-4d2c-9d91-be00535a28cb', '2026-01-20T11:14:01.467123', '2026-01-20T11:14:01.467123');
INSERT INTO movie_projections (id, projection_date, projection_time, cinema_hall_id, movie_id, created_at, updated_at) VALUES ('4d6c5f1b-ac75-4d57-a172-ab4351018330', '2026-06-30', '16:00:00', '7f8bc5ee-1693-4985-acef-abed9e06ff94', 'e5d8cf45-a867-4d2c-9d91-be00535a28cb', '2026-01-20T11:14:01.467179', '2026-01-20T11:14:01.467179');
INSERT INTO movie_projections (id, projection_date, projection_time, cinema_hall_id, movie_id, created_at, updated_at) VALUES ('f24c80a5-ca2a-4356-b2b9-a78cbf944b91', '2026-05-19', '16:00:00', '9ab42b8c-91c1-433a-bfc9-60bda4bffa46', 'e5d8cf45-a867-4d2c-9d91-be00535a28cb', '2026-01-20T11:14:01.467228', '2026-01-20T11:14:01.467228');
INSERT INTO movie_projections (id, projection_date, projection_time, cinema_hall_id, movie_id, created_at, updated_at) VALUES ('ebb568f8-2c12-4348-bfa9-330bd68e1fb5', '2026-06-07', '10:00:00', '91119da7-9c00-42bd-9dd6-dd1377d09797', 'e5d8cf45-a867-4d2c-9d91-be00535a28cb', '2026-01-20T11:14:01.467270', '2026-01-20T11:14:01.467270');
INSERT INTO movie_projections (id, projection_date, projection_time, cinema_hall_id, movie_id, created_at, updated_at) VALUES ('004814e3-1c05-46fd-920f-20c9fd2f283c', '2026-05-11', '13:00:00', '346d2a4d-5b04-466c-a9ae-acba644c3285', 'e5d8cf45-a867-4d2c-9d91-be00535a28cb', '2026-01-20T11:14:01.467314', '2026-01-20T11:14:01.467314');
INSERT INTO movie_projections (id, projection_date, projection_time, cinema_hall_id, movie_id, created_at, updated_at) VALUES ('b016284b-3b23-46db-99c7-020f80c65b7b', '2026-06-30', '16:00:00', '63213e9d-2e93-426f-b798-8a278c956c5f', 'e5d8cf45-a867-4d2c-9d91-be00535a28cb', '2026-01-20T11:14:01.467363', '2026-01-20T11:14:01.467363');
INSERT INTO movie_projections (id, projection_date, projection_time, cinema_hall_id, movie_id, created_at, updated_at) VALUES ('cdf09d92-82d4-46e3-8910-237263065cab', '2026-05-25', '16:00:00', 'd1d0fc7b-99ab-4013-b293-2525a79b53e0', 'e5d8cf45-a867-4d2c-9d91-be00535a28cb', '2026-01-20T11:14:01.467405', '2026-01-20T11:14:01.467405');
INSERT INTO movie_projections (id, projection_date, projection_time, cinema_hall_id, movie_id, created_at, updated_at) VALUES ('ea7abc3f-41ac-449b-a4cd-b5a90f42bc8a', '2026-06-09', '13:00:00', 'ddcd3553-73bb-45c1-b4b4-92ab25a503d1', 'e5d8cf45-a867-4d2c-9d91-be00535a28cb', '2026-01-20T11:14:01.467446', '2026-01-20T11:14:01.467446');
INSERT INTO movie_projections (id, projection_date, projection_time, cinema_hall_id, movie_id, created_at, updated_at) VALUES ('13b465b6-b7d0-4bf5-928a-0fed06e01084', '2026-05-22', '10:00:00', '72d55d6a-24f8-4769-9819-be7323d307a2', 'e5d8cf45-a867-4d2c-9d91-be00535a28cb', '2026-01-20T11:14:01.467491', '2026-01-20T11:14:01.467491');
INSERT INTO movie_projections (id, projection_date, projection_time, cinema_hall_id, movie_id, created_at, updated_at) VALUES ('d151a576-12b6-4d0e-a7eb-c15af44830ce', '2026-05-07', '13:00:00', 'd1d0fc7b-99ab-4013-b293-2525a79b53e0', 'e5d8cf45-a867-4d2c-9d91-be00535a28cb', '2026-01-20T11:14:01.467534', '2026-01-20T11:14:01.467534');
INSERT INTO movie_projections (id, projection_date, projection_time, cinema_hall_id, movie_id, created_at, updated_at) VALUES ('d6fcc708-10a1-46e7-aab8-3d6a49be6ea9', '2026-06-24', '10:00:00', '062dfe0a-6244-46c4-a767-c41a824a30e5', 'e5d8cf45-a867-4d2c-9d91-be00535a28cb', '2026-01-20T11:14:01.467581', '2026-01-20T11:14:01.467581');
INSERT INTO movie_projections (id, projection_date, projection_time, cinema_hall_id, movie_id, created_at, updated_at) VALUES ('2c078cb5-5d14-41fd-86f2-a93775375a46', '2026-05-22', '16:00:00', 'd1d0fc7b-99ab-4013-b293-2525a79b53e0', 'e5d8cf45-a867-4d2c-9d91-be00535a28cb', '2026-01-20T11:14:01.467625', '2026-01-20T11:14:01.467625');
INSERT INTO movie_projections (id, projection_date, projection_time, cinema_hall_id, movie_id, created_at, updated_at) VALUES ('0692c7e3-a496-4972-a1da-866515061ed0', '2026-06-11', '19:00:00', '91119da7-9c00-42bd-9dd6-dd1377d09797', 'e5d8cf45-a867-4d2c-9d91-be00535a28cb', '2026-01-20T11:14:01.467666', '2026-01-20T11:14:01.467666');
INSERT INTO movie_projections (id, projection_date, projection_time, cinema_hall_id, movie_id, created_at, updated_at) VALUES ('a7258e45-a4df-475b-b9eb-2bbf21caa0da', '2026-06-23', '10:00:00', '062dfe0a-6244-46c4-a767-c41a824a30e5', 'e5d8cf45-a867-4d2c-9d91-be00535a28cb', '2026-01-20T11:14:01.467708', '2026-01-20T11:14:01.467708');
INSERT INTO movie_projections (id, projection_date, projection_time, cinema_hall_id, movie_id, created_at, updated_at) VALUES ('c062b735-7282-47fd-a356-d3059b7d5c09', '2026-06-12', '16:00:00', '7313599b-6813-47c7-8c51-4e3a2ffac29c', 'e5d8cf45-a867-4d2c-9d91-be00535a28cb', '2026-01-20T11:14:01.467749', '2026-01-20T11:14:01.467749');
INSERT INTO movie_projections (id, projection_date, projection_time, cinema_hall_id, movie_id, created_at, updated_at) VALUES ('09ce25f0-def2-4147-aef1-dfdcadbc972e', '2026-05-17', '19:00:00', '7f8bc5ee-1693-4985-acef-abed9e06ff94', 'e5d8cf45-a867-4d2c-9d91-be00535a28cb', '2026-01-20T11:14:01.467802', '2026-01-20T11:14:01.467802');
INSERT INTO movie_projections (id, projection_date, projection_time, cinema_hall_id, movie_id, created_at, updated_at) VALUES ('0c2b3307-dc0e-4fde-a80e-ac564c5685b2', '2026-07-07', '16:00:00', '72d55d6a-24f8-4769-9819-be7323d307a2', 'e5d8cf45-a867-4d2c-9d91-be00535a28cb', '2026-01-20T11:14:01.467847', '2026-01-20T11:14:01.467847');
INSERT INTO movie_projections (id, projection_date, projection_time, cinema_hall_id, movie_id, created_at, updated_at) VALUES ('16b73dfa-b5f0-4e79-a2e1-93f67f3346d3', '2026-05-17', '19:00:00', 'ddcd3553-73bb-45c1-b4b4-92ab25a503d1', 'e5d8cf45-a867-4d2c-9d91-be00535a28cb', '2026-01-20T11:14:01.467894', '2026-01-20T11:14:01.467894');
INSERT INTO movie_projections (id, projection_date, projection_time, cinema_hall_id, movie_id, created_at, updated_at) VALUES ('c70d1e80-8a24-4741-af07-692559c4e52a', '2026-05-17', '13:00:00', '63213e9d-2e93-426f-b798-8a278c956c5f', 'e5d8cf45-a867-4d2c-9d91-be00535a28cb', '2026-01-20T11:14:01.467942', '2026-01-20T11:14:01.467942');
INSERT INTO movie_projections (id, projection_date, projection_time, cinema_hall_id, movie_id, created_at, updated_at) VALUES ('99511cba-770e-420a-85bf-1bf24d6ca155', '2026-05-04', '16:00:00', 'ddcd3553-73bb-45c1-b4b4-92ab25a503d1', 'e5d8cf45-a867-4d2c-9d91-be00535a28cb', '2026-01-20T11:14:01.467986', '2026-01-20T11:14:01.467986');
INSERT INTO movie_projections (id, projection_date, projection_time, cinema_hall_id, movie_id, created_at, updated_at) VALUES ('240715fa-b9e8-4eba-9558-490ca7ed2a3c', '2026-06-16', '16:00:00', '062dfe0a-6244-46c4-a767-c41a824a30e5', 'e5d8cf45-a867-4d2c-9d91-be00535a28cb', '2026-01-20T11:14:01.468029', '2026-01-20T11:14:01.468029');
INSERT INTO movie_projections (id, projection_date, projection_time, cinema_hall_id, movie_id, created_at, updated_at) VALUES ('80b41876-2d4c-492c-add3-7ae92a823ad1', '2026-07-03', '16:00:00', '63213e9d-2e93-426f-b798-8a278c956c5f', 'e5d8cf45-a867-4d2c-9d91-be00535a28cb', '2026-01-20T11:14:01.468075', '2026-01-20T11:14:01.468075');
INSERT INTO movie_projections (id, projection_date, projection_time, cinema_hall_id, movie_id, created_at, updated_at) VALUES ('06b6aaa9-d89e-4f41-847b-45648289424c', '2026-06-02', '10:00:00', '72d55d6a-24f8-4769-9819-be7323d307a2', 'e5d8cf45-a867-4d2c-9d91-be00535a28cb', '2026-01-20T11:14:01.468131', '2026-01-20T11:14:01.468131');
INSERT INTO movie_projections (id, projection_date, projection_time, cinema_hall_id, movie_id, created_at, updated_at) VALUES ('8387e5a9-e27c-4373-b4bd-4ad5ba8a729e', '2026-06-01', '19:00:00', 'ddcd3553-73bb-45c1-b4b4-92ab25a503d1', 'e5d8cf45-a867-4d2c-9d91-be00535a28cb', '2026-01-20T11:14:01.468278', '2026-01-20T11:14:01.468278');
INSERT INTO movie_projections (id, projection_date, projection_time, cinema_hall_id, movie_id, created_at, updated_at) VALUES ('d23e7f32-c124-48f4-9111-9e674e1771b4', '2026-06-27', '16:00:00', 'd1d0fc7b-99ab-4013-b293-2525a79b53e0', 'e5d8cf45-a867-4d2c-9d91-be00535a28cb', '2026-01-20T11:14:01.468335', '2026-01-20T11:14:01.468335');
INSERT INTO movie_projections (id, projection_date, projection_time, cinema_hall_id, movie_id, created_at, updated_at) VALUES ('a1c764c0-a691-42f3-84d2-e06ad2a477f7', '2026-06-25', '16:00:00', '72d55d6a-24f8-4769-9819-be7323d307a2', 'e5d8cf45-a867-4d2c-9d91-be00535a28cb', '2026-01-20T11:14:01.468381', '2026-01-20T11:14:01.468381');
INSERT INTO movie_projections (id, projection_date, projection_time, cinema_hall_id, movie_id, created_at, updated_at) VALUES ('f50faf49-5e5f-44ae-91c8-8eb5fa0a70f9', '2026-07-07', '19:00:00', '6921a3a5-077e-49ba-ba05-dcd55f865512', 'e5d8cf45-a867-4d2c-9d91-be00535a28cb', '2026-01-20T11:14:01.468438', '2026-01-20T11:14:01.468438');
INSERT INTO movie_projections (id, projection_date, projection_time, cinema_hall_id, movie_id, created_at, updated_at) VALUES ('ecb02d95-7a7f-49df-a278-705d1d2fdc2b', '2026-05-04', '10:00:00', '6921a3a5-077e-49ba-ba05-dcd55f865512', 'e5d8cf45-a867-4d2c-9d91-be00535a28cb', '2026-01-20T11:14:01.468483', '2026-01-20T11:14:01.468483');
INSERT INTO movie_projections (id, projection_date, projection_time, cinema_hall_id, movie_id, created_at, updated_at) VALUES ('957a38de-ea5f-4e30-9741-736a63bd9ed4', '2026-06-18', '10:00:00', '7313599b-6813-47c7-8c51-4e3a2ffac29c', 'e5d8cf45-a867-4d2c-9d91-be00535a28cb', '2026-01-20T11:14:01.468526', '2026-01-20T11:14:01.468526');
INSERT INTO movie_projections (id, projection_date, projection_time, cinema_hall_id, movie_id, created_at, updated_at) VALUES ('8b824cfd-7a1f-4b6f-8601-0a0b87f44071', '2026-06-02', '13:00:00', '63213e9d-2e93-426f-b798-8a278c956c5f', 'e5d8cf45-a867-4d2c-9d91-be00535a28cb', '2026-01-20T11:14:01.468570', '2026-01-20T11:14:01.468570');
INSERT INTO movie_projections (id, projection_date, projection_time, cinema_hall_id, movie_id, created_at, updated_at) VALUES ('f4d3bc9a-04bf-42b5-a89d-f854ed2aa18d', '2026-07-03', '19:00:00', '7f8bc5ee-1693-4985-acef-abed9e06ff94', 'e5d8cf45-a867-4d2c-9d91-be00535a28cb', '2026-01-20T11:14:01.468614', '2026-01-20T11:14:01.468614');
INSERT INTO movie_projections (id, projection_date, projection_time, cinema_hall_id, movie_id, created_at, updated_at) VALUES ('07aace22-2954-4ab9-8482-586b6a95a627', '2026-06-05', '16:00:00', 'd1d0fc7b-99ab-4013-b293-2525a79b53e0', 'e5d8cf45-a867-4d2c-9d91-be00535a28cb', '2026-01-20T11:14:01.468656', '2026-01-20T11:14:01.468656');
INSERT INTO movie_projections (id, projection_date, projection_time, cinema_hall_id, movie_id, created_at, updated_at) VALUES ('b33e0e30-7ba3-4933-ace8-afc9e178b78c', '2026-06-27', '16:00:00', '9ab42b8c-91c1-433a-bfc9-60bda4bffa46', 'e5d8cf45-a867-4d2c-9d91-be00535a28cb', '2026-01-20T11:14:01.468702', '2026-01-20T11:14:01.468702');
INSERT INTO movie_projections (id, projection_date, projection_time, cinema_hall_id, movie_id, created_at, updated_at) VALUES ('468acac2-1860-4352-98fe-63e9e569542c', '2026-06-06', '16:00:00', 'd1d0fc7b-99ab-4013-b293-2525a79b53e0', 'e5d8cf45-a867-4d2c-9d91-be00535a28cb', '2026-01-20T11:14:01.468755', '2026-01-20T11:14:01.468755');
INSERT INTO movie_projections (id, projection_date, projection_time, cinema_hall_id, movie_id, created_at, updated_at) VALUES ('dd64b67d-98c2-4684-93c4-06b32d02ea43', '2026-05-23', '16:00:00', '7f8bc5ee-1693-4985-acef-abed9e06ff94', 'e5d8cf45-a867-4d2c-9d91-be00535a28cb', '2026-01-20T11:14:01.468805', '2026-01-20T11:14:01.468805');
INSERT INTO movie_projections (id, projection_date, projection_time, cinema_hall_id, movie_id, created_at, updated_at) VALUES ('3597478c-8e82-43f0-8775-7d975d2e72c1', '2026-06-20', '19:00:00', '9ab42b8c-91c1-433a-bfc9-60bda4bffa46', 'e5d8cf45-a867-4d2c-9d91-be00535a28cb', '2026-01-20T11:14:01.468854', '2026-01-20T11:14:01.468854');
INSERT INTO movie_projections (id, projection_date, projection_time, cinema_hall_id, movie_id, created_at, updated_at) VALUES ('67a55647-a5a5-4b5b-bee8-fc174cc6151b', '2026-05-15', '13:00:00', '346d2a4d-5b04-466c-a9ae-acba644c3285', 'e5d8cf45-a867-4d2c-9d91-be00535a28cb', '2026-01-20T11:14:01.468906', '2026-01-20T11:14:01.468906');
INSERT INTO movie_projections (id, projection_date, projection_time, cinema_hall_id, movie_id, created_at, updated_at) VALUES ('130f8872-bbe3-42e3-b2d3-042074357920', '2026-06-04', '19:00:00', '6921a3a5-077e-49ba-ba05-dcd55f865512', 'e5d8cf45-a867-4d2c-9d91-be00535a28cb', '2026-01-20T11:14:01.468955', '2026-01-20T11:14:01.468955');
INSERT INTO movie_projections (id, projection_date, projection_time, cinema_hall_id, movie_id, created_at, updated_at) VALUES ('33fffc5e-b669-46b8-884f-438c313ec14b', '2026-05-22', '19:00:00', '63213e9d-2e93-426f-b798-8a278c956c5f', 'e5d8cf45-a867-4d2c-9d91-be00535a28cb', '2026-01-20T11:14:01.469001', '2026-01-20T11:14:01.469001');
INSERT INTO movie_projections (id, projection_date, projection_time, cinema_hall_id, movie_id, created_at, updated_at) VALUES ('01fc760c-3e6b-4158-9a20-49fdf001b9c1', '2026-07-14', '13:00:00', '7313599b-6813-47c7-8c51-4e3a2ffac29c', 'e5b47507-6974-44b8-b1c6-52ca9cb44c31', '2026-01-20T11:14:01.469053', '2026-01-20T11:14:01.469053');
INSERT INTO movie_projections (id, projection_date, projection_time, cinema_hall_id, movie_id, created_at, updated_at) VALUES ('4cf61965-9976-4e9f-960f-785ed3c31837', '2026-06-19', '10:00:00', '91119da7-9c00-42bd-9dd6-dd1377d09797', 'e5b47507-6974-44b8-b1c6-52ca9cb44c31', '2026-01-20T11:14:01.469100', '2026-01-20T11:14:01.469100');
INSERT INTO movie_projections (id, projection_date, projection_time, cinema_hall_id, movie_id, created_at, updated_at) VALUES ('bead3c4f-24cc-4830-a6d1-d972f38d4550', '2026-05-24', '10:00:00', '062dfe0a-6244-46c4-a767-c41a824a30e5', 'e5b47507-6974-44b8-b1c6-52ca9cb44c31', '2026-01-20T11:14:01.469157', '2026-01-20T11:14:01.469157');
INSERT INTO movie_projections (id, projection_date, projection_time, cinema_hall_id, movie_id, created_at, updated_at) VALUES ('7f920b9a-730e-4657-90a7-f7ae42be2617', '2026-07-22', '10:00:00', '7f8bc5ee-1693-4985-acef-abed9e06ff94', 'e5b47507-6974-44b8-b1c6-52ca9cb44c31', '2026-01-20T11:14:01.469215', '2026-01-20T11:14:01.469215');
INSERT INTO movie_projections (id, projection_date, projection_time, cinema_hall_id, movie_id, created_at, updated_at) VALUES ('0c2e74cf-9587-450f-b332-89fb1b655734', '2026-05-27', '13:00:00', 'ddcd3553-73bb-45c1-b4b4-92ab25a503d1', 'e5b47507-6974-44b8-b1c6-52ca9cb44c31', '2026-01-20T11:14:01.469263', '2026-01-20T11:14:01.469263');
INSERT INTO movie_projections (id, projection_date, projection_time, cinema_hall_id, movie_id, created_at, updated_at) VALUES ('29071f77-6d86-4a21-b832-5d496eab7032', '2026-06-25', '13:00:00', 'ddcd3553-73bb-45c1-b4b4-92ab25a503d1', 'e5b47507-6974-44b8-b1c6-52ca9cb44c31', '2026-01-20T11:14:01.469305', '2026-01-20T11:14:01.469305');
INSERT INTO movie_projections (id, projection_date, projection_time, cinema_hall_id, movie_id, created_at, updated_at) VALUES ('0d4c4986-c5a4-4076-bfea-3f03c8ac3ad0', '2026-05-27', '16:00:00', '346d2a4d-5b04-466c-a9ae-acba644c3285', 'e5b47507-6974-44b8-b1c6-52ca9cb44c31', '2026-01-20T11:14:01.469347', '2026-01-20T11:14:01.469347');
INSERT INTO movie_projections (id, projection_date, projection_time, cinema_hall_id, movie_id, created_at, updated_at) VALUES ('2c511b23-c9c7-4fbb-b724-a4eadb882df1', '2026-07-24', '13:00:00', '7f8bc5ee-1693-4985-acef-abed9e06ff94', 'e5b47507-6974-44b8-b1c6-52ca9cb44c31', '2026-01-20T11:14:01.469393', '2026-01-20T11:14:01.469393');
INSERT INTO movie_projections (id, projection_date, projection_time, cinema_hall_id, movie_id, created_at, updated_at) VALUES ('473175e4-731d-4435-9b35-a5eb9cb944ce', '2026-05-12', '13:00:00', '7f8bc5ee-1693-4985-acef-abed9e06ff94', 'e5b47507-6974-44b8-b1c6-52ca9cb44c31', '2026-01-20T11:14:01.469447', '2026-01-20T11:14:01.469447');
INSERT INTO movie_projections (id, projection_date, projection_time, cinema_hall_id, movie_id, created_at, updated_at) VALUES ('25e8f3bc-4d7e-4e0a-9568-3d37b3de12ba', '2026-07-08', '19:00:00', '7313599b-6813-47c7-8c51-4e3a2ffac29c', 'e5b47507-6974-44b8-b1c6-52ca9cb44c31', '2026-01-20T11:14:01.469535', '2026-01-20T11:14:01.469535');
INSERT INTO movie_projections (id, projection_date, projection_time, cinema_hall_id, movie_id, created_at, updated_at) VALUES ('4dc6c998-84d7-489c-b68f-2a621deb9b7a', '2026-05-09', '19:00:00', '7313599b-6813-47c7-8c51-4e3a2ffac29c', 'e5b47507-6974-44b8-b1c6-52ca9cb44c31', '2026-01-20T11:14:01.469582', '2026-01-20T11:14:01.469582');
INSERT INTO movie_projections (id, projection_date, projection_time, cinema_hall_id, movie_id, created_at, updated_at) VALUES ('60cb111c-19a0-4dbf-8414-22d37ac77c36', '2026-05-22', '16:00:00', '6921a3a5-077e-49ba-ba05-dcd55f865512', 'e5b47507-6974-44b8-b1c6-52ca9cb44c31', '2026-01-20T11:14:01.469634', '2026-01-20T11:14:01.469634');
INSERT INTO movie_projections (id, projection_date, projection_time, cinema_hall_id, movie_id, created_at, updated_at) VALUES ('f5223988-12f5-4b96-bd12-c0b8881ddef1', '2026-06-06', '10:00:00', 'ddcd3553-73bb-45c1-b4b4-92ab25a503d1', 'e5b47507-6974-44b8-b1c6-52ca9cb44c31', '2026-01-20T11:14:01.469683', '2026-01-20T11:14:01.469683');
INSERT INTO movie_projections (id, projection_date, projection_time, cinema_hall_id, movie_id, created_at, updated_at) VALUES ('b4987149-c84f-4414-b7a0-9879c6709ee6', '2026-07-11', '13:00:00', 'ddcd3553-73bb-45c1-b4b4-92ab25a503d1', 'e5b47507-6974-44b8-b1c6-52ca9cb44c31', '2026-01-20T11:14:01.469729', '2026-01-20T11:14:01.469729');
INSERT INTO movie_projections (id, projection_date, projection_time, cinema_hall_id, movie_id, created_at, updated_at) VALUES ('30ea4810-2bed-4ea5-bdff-60f712aac333', '2026-05-16', '16:00:00', '7313599b-6813-47c7-8c51-4e3a2ffac29c', 'e5b47507-6974-44b8-b1c6-52ca9cb44c31', '2026-01-20T11:14:01.469774', '2026-01-20T11:14:01.469774');
INSERT INTO movie_projections (id, projection_date, projection_time, cinema_hall_id, movie_id, created_at, updated_at) VALUES ('b89f809d-3e01-4680-a7c3-f01b66556c74', '2026-05-03', '16:00:00', 'ddcd3553-73bb-45c1-b4b4-92ab25a503d1', 'e5b47507-6974-44b8-b1c6-52ca9cb44c31', '2026-01-20T11:14:01.469819', '2026-01-20T11:14:01.469819');
INSERT INTO movie_projections (id, projection_date, projection_time, cinema_hall_id, movie_id, created_at, updated_at) VALUES ('d93db0a5-a9a6-4241-969c-178bc98aa4f3', '2026-05-30', '19:00:00', '062dfe0a-6244-46c4-a767-c41a824a30e5', 'e5b47507-6974-44b8-b1c6-52ca9cb44c31', '2026-01-20T11:14:01.469860', '2026-01-20T11:14:01.469860');
INSERT INTO movie_projections (id, projection_date, projection_time, cinema_hall_id, movie_id, created_at, updated_at) VALUES ('dcae6517-5d44-414f-b359-4869f5de7c70', '2026-07-06', '16:00:00', '062dfe0a-6244-46c4-a767-c41a824a30e5', 'e5b47507-6974-44b8-b1c6-52ca9cb44c31', '2026-01-20T11:14:01.469900', '2026-01-20T11:14:01.469900');
INSERT INTO movie_projections (id, projection_date, projection_time, cinema_hall_id, movie_id, created_at, updated_at) VALUES ('7fd56c42-7a21-4487-be21-20901433c9f2', '2026-06-30', '13:00:00', '63213e9d-2e93-426f-b798-8a278c956c5f', 'e5b47507-6974-44b8-b1c6-52ca9cb44c31', '2026-01-20T11:14:01.469951', '2026-01-20T11:14:01.469951');
INSERT INTO movie_projections (id, projection_date, projection_time, cinema_hall_id, movie_id, created_at, updated_at) VALUES ('451754f4-ca0e-42ae-8ef9-8e5b58fd0e30', '2026-07-05', '19:00:00', '63213e9d-2e93-426f-b798-8a278c956c5f', 'e5b47507-6974-44b8-b1c6-52ca9cb44c31', '2026-01-20T11:14:01.470002', '2026-01-20T11:14:01.470002');
INSERT INTO movie_projections (id, projection_date, projection_time, cinema_hall_id, movie_id, created_at, updated_at) VALUES ('bdd6e519-c475-44e7-a49e-3cfe1fec6ba4', '2026-05-13', '10:00:00', '9ab42b8c-91c1-433a-bfc9-60bda4bffa46', 'e5b47507-6974-44b8-b1c6-52ca9cb44c31', '2026-01-20T11:14:01.470050', '2026-01-20T11:14:01.470050');
INSERT INTO movie_projections (id, projection_date, projection_time, cinema_hall_id, movie_id, created_at, updated_at) VALUES ('99ee4459-6602-4626-b734-1188429fae9b', '2026-07-03', '19:00:00', 'd1d0fc7b-99ab-4013-b293-2525a79b53e0', 'e5b47507-6974-44b8-b1c6-52ca9cb44c31', '2026-01-20T11:14:01.470092', '2026-01-20T11:14:01.470092');
INSERT INTO movie_projections (id, projection_date, projection_time, cinema_hall_id, movie_id, created_at, updated_at) VALUES ('e977c56f-f4fb-46e2-9f51-74882a94f102', '2026-05-31', '16:00:00', 'd1d0fc7b-99ab-4013-b293-2525a79b53e0', 'e5b47507-6974-44b8-b1c6-52ca9cb44c31', '2026-01-20T11:14:01.470150', '2026-01-20T11:14:01.470150');
INSERT INTO movie_projections (id, projection_date, projection_time, cinema_hall_id, movie_id, created_at, updated_at) VALUES ('69ee7227-961b-49cd-8498-3ece0c3b29f1', '2026-05-21', '19:00:00', '062dfe0a-6244-46c4-a767-c41a824a30e5', 'e5b47507-6974-44b8-b1c6-52ca9cb44c31', '2026-01-20T11:14:01.470194', '2026-01-20T11:14:01.470194');
INSERT INTO movie_projections (id, projection_date, projection_time, cinema_hall_id, movie_id, created_at, updated_at) VALUES ('442c9240-e7ec-40e0-869b-8b2d0b7752aa', '2026-07-04', '19:00:00', 'ddcd3553-73bb-45c1-b4b4-92ab25a503d1', 'e5b47507-6974-44b8-b1c6-52ca9cb44c31', '2026-01-20T11:14:01.470232', '2026-01-20T11:14:01.470232');
INSERT INTO movie_projections (id, projection_date, projection_time, cinema_hall_id, movie_id, created_at, updated_at) VALUES ('6651d939-5bb8-4621-81d8-065a6ad5fee8', '2026-06-18', '16:00:00', '72d55d6a-24f8-4769-9819-be7323d307a2', 'e5b47507-6974-44b8-b1c6-52ca9cb44c31', '2026-01-20T11:14:01.470269', '2026-01-20T11:14:01.470269');
INSERT INTO movie_projections (id, projection_date, projection_time, cinema_hall_id, movie_id, created_at, updated_at) VALUES ('add35b54-1c77-42f0-84be-4ba20ed4da6c', '2026-06-02', '19:00:00', '63213e9d-2e93-426f-b798-8a278c956c5f', 'e5b47507-6974-44b8-b1c6-52ca9cb44c31', '2026-01-20T11:14:01.470317', '2026-01-20T11:14:01.470317');
INSERT INTO movie_projections (id, projection_date, projection_time, cinema_hall_id, movie_id, created_at, updated_at) VALUES ('68444b36-d437-4428-be70-86a7dffa8f67', '2026-05-24', '19:00:00', '7f8bc5ee-1693-4985-acef-abed9e06ff94', 'e5b47507-6974-44b8-b1c6-52ca9cb44c31', '2026-01-20T11:14:01.470359', '2026-01-20T11:14:01.470359');
INSERT INTO movie_projections (id, projection_date, projection_time, cinema_hall_id, movie_id, created_at, updated_at) VALUES ('71c8ddd9-10e0-45c1-8588-980766cab4cd', '2026-07-23', '16:00:00', '062dfe0a-6244-46c4-a767-c41a824a30e5', 'e5b47507-6974-44b8-b1c6-52ca9cb44c31', '2026-01-20T11:14:01.470396', '2026-01-20T11:14:01.470396');
INSERT INTO movie_projections (id, projection_date, projection_time, cinema_hall_id, movie_id, created_at, updated_at) VALUES ('59a66ca1-d27c-40ac-8bcf-edae9b0efec0', '2026-05-21', '19:00:00', 'ddcd3553-73bb-45c1-b4b4-92ab25a503d1', 'e5b47507-6974-44b8-b1c6-52ca9cb44c31', '2026-01-20T11:14:01.470449', '2026-01-20T11:14:01.470449');
INSERT INTO movie_projections (id, projection_date, projection_time, cinema_hall_id, movie_id, created_at, updated_at) VALUES ('bbfbe234-2676-4d44-a129-73ec5a9855e8', '2026-07-04', '19:00:00', '72d55d6a-24f8-4769-9819-be7323d307a2', 'e5b47507-6974-44b8-b1c6-52ca9cb44c31', '2026-01-20T11:14:01.470493', '2026-01-20T11:14:01.470493');
INSERT INTO movie_projections (id, projection_date, projection_time, cinema_hall_id, movie_id, created_at, updated_at) VALUES ('689b7514-ff32-4e0f-963b-dabcf4f61850', '2026-07-06', '19:00:00', '346d2a4d-5b04-466c-a9ae-acba644c3285', 'e5b47507-6974-44b8-b1c6-52ca9cb44c31', '2026-01-20T11:14:01.470537', '2026-01-20T11:14:01.470537');
INSERT INTO movie_projections (id, projection_date, projection_time, cinema_hall_id, movie_id, created_at, updated_at) VALUES ('0c93fe4e-f6ac-4044-9c76-40f8d8b07bf1', '2026-05-19', '16:00:00', '72d55d6a-24f8-4769-9819-be7323d307a2', 'e5b47507-6974-44b8-b1c6-52ca9cb44c31', '2026-01-20T11:14:01.470583', '2026-01-20T11:14:01.470583');
INSERT INTO movie_projections (id, projection_date, projection_time, cinema_hall_id, movie_id, created_at, updated_at) VALUES ('b1b81bf2-1ca2-43e6-acb0-39711836dc1f', '2026-06-23', '10:00:00', '062dfe0a-6244-46c4-a767-c41a824a30e5', 'e5b47507-6974-44b8-b1c6-52ca9cb44c31', '2026-01-20T11:14:01.470628', '2026-01-20T11:14:01.470628');
INSERT INTO movie_projections (id, projection_date, projection_time, cinema_hall_id, movie_id, created_at, updated_at) VALUES ('d9605ad7-e3d9-44e1-95d4-a890c5ea29e9', '2026-07-26', '16:00:00', 'ddcd3553-73bb-45c1-b4b4-92ab25a503d1', 'e5b47507-6974-44b8-b1c6-52ca9cb44c31', '2026-01-20T11:14:01.470673', '2026-01-20T11:14:01.470673');
INSERT INTO movie_projections (id, projection_date, projection_time, cinema_hall_id, movie_id, created_at, updated_at) VALUES ('6b41627d-0dce-44cf-9de3-33fa917ad644', '2026-07-06', '13:00:00', '6921a3a5-077e-49ba-ba05-dcd55f865512', 'e5b47507-6974-44b8-b1c6-52ca9cb44c31', '2026-01-20T11:14:01.470722', '2026-01-20T11:14:01.470722');
INSERT INTO movie_projections (id, projection_date, projection_time, cinema_hall_id, movie_id, created_at, updated_at) VALUES ('5b94709c-cada-4261-89a2-b7dd6253df95', '2026-05-31', '13:00:00', '91119da7-9c00-42bd-9dd6-dd1377d09797', 'e5b47507-6974-44b8-b1c6-52ca9cb44c31', '2026-01-20T11:14:01.470766', '2026-01-20T11:14:01.470766');
INSERT INTO movie_projections (id, projection_date, projection_time, cinema_hall_id, movie_id, created_at, updated_at) VALUES ('f9834974-285e-490c-96fc-9d5883b27191', '2026-05-29', '13:00:00', '062dfe0a-6244-46c4-a767-c41a824a30e5', 'e5b47507-6974-44b8-b1c6-52ca9cb44c31', '2026-01-20T11:14:01.470810', '2026-01-20T11:14:01.470810');
INSERT INTO movie_projections (id, projection_date, projection_time, cinema_hall_id, movie_id, created_at, updated_at) VALUES ('8882c6c7-4043-448f-b8fb-156402040b0e', '2026-06-21', '13:00:00', '63213e9d-2e93-426f-b798-8a278c956c5f', 'e5b47507-6974-44b8-b1c6-52ca9cb44c31', '2026-01-20T11:14:01.470853', '2026-01-20T11:14:01.470853');
INSERT INTO movie_projections (id, projection_date, projection_time, cinema_hall_id, movie_id, created_at, updated_at) VALUES ('aedcf791-1b35-42ab-8e61-1190b9b94cdd', '2026-07-17', '16:00:00', '72d55d6a-24f8-4769-9819-be7323d307a2', 'e5b47507-6974-44b8-b1c6-52ca9cb44c31', '2026-01-20T11:14:01.470906', '2026-01-20T11:14:01.470906');
INSERT INTO bookings (id, user_id, ticket_count, status, created_at, expires_at, updated_at) VALUES ('81297473-7fe5-44a2-aa2b-0a95e655fc70', '0b6106b0-da94-4a24-b33b-b6c00acecf7f', 4, 'paid', '2025-12-27T18:07:01.471216','2026-07-18T10:00:00' , '2025-12-27T18:07:01.471216');
INSERT INTO bookings (id, user_id, ticket_count, status, created_at, expires_at, updated_at) VALUES ('f033a05a-2dea-45e9-aa15-9b59e6b5ae5b', '89bbf0f8-5124-492d-af7d-d752d47ef461', 2, 'paid', '2026-01-19T05:40:01.471319','2026-02-27T16:00:00' , '2026-01-19T05:40:01.471319');
INSERT INTO bookings (id, user_id, ticket_count, status, created_at, expires_at, updated_at) VALUES ('d48aa822-29c1-47f4-85b1-4da2a7e62492', '89bbf0f8-5124-492d-af7d-d752d47ef461', 2, 'paid', '2025-12-21T05:53:01.471396','2026-02-19T13:00:00' , '2025-12-21T05:53:01.471396');
INSERT INTO bookings (id, user_id, ticket_count, status, created_at, expires_at, updated_at) VALUES ('c7b6c4ca-de3e-488f-8cb3-c9deb85f3ca4', 'a137bc34-092a-4942-803c-a94da3d85deb', 2, 'paid', '2025-12-22T14:17:01.471474','2026-06-03T13:00:00' , '2025-12-22T14:17:01.471474');
INSERT INTO bookings (id, user_id, ticket_count, status, created_at, expires_at, updated_at) VALUES ('d1a69948-8706-4435-9b1f-4370bbe7d85f', '89bbf0f8-5124-492d-af7d-d752d47ef461', 1, 'reserved', '2026-01-06T01:07:01.471548','2026-01-25T09:00:00' , '2026-01-06T01:07:01.471548');
INSERT INTO bookings (id, user_id, ticket_count, status, created_at, expires_at, updated_at) VALUES ('590c4aba-0f7a-426b-8662-35e10820dc6c', '89bbf0f8-5124-492d-af7d-d752d47ef461', 2, 'paid', '2026-01-17T18:19:01.471620','2026-03-19T16:00:00' , '2026-01-17T18:19:01.471620');
INSERT INTO bookings (id, user_id, ticket_count, status, created_at, expires_at, updated_at) VALUES ('0ad5d99a-bd19-46d9-b8d8-5c9503858a5e', 'a137bc34-092a-4942-803c-a94da3d85deb', 3, 'reserved', '2025-12-29T14:16:01.471700','2026-04-09T12:00:00' , '2025-12-29T14:16:01.471700');
INSERT INTO bookings (id, user_id, ticket_count, status, created_at, expires_at, updated_at) VALUES ('f38178f1-db53-4f3f-8d59-ed7f3383fc05', '0b6106b0-da94-4a24-b33b-b6c00acecf7f', 3, 'reserved', '2025-12-20T22:33:01.471771','2026-01-23T12:00:00' , '2025-12-20T22:33:01.471771');
INSERT INTO bookings (id, user_id, ticket_count, status, created_at, expires_at, updated_at) VALUES ('a6affe21-a426-4e29-b8cb-51db242db973', 'a137bc34-092a-4942-803c-a94da3d85deb', 3, 'locked', '2026-01-19T05:22:01.471839','2026-01-19T05:27:01.471839' , '2026-01-19T05:22:01.471839');
INSERT INTO bookings (id, user_id, ticket_count, status, created_at, expires_at, updated_at) VALUES ('0151b65a-1834-4ac9-ae34-9f7f6e2cd43a', 'a137bc34-092a-4942-803c-a94da3d85deb', 2, 'paid', '2026-01-06T12:27:01.471909','2026-03-14T10:00:00' , '2026-01-06T12:27:01.471909');
INSERT INTO bookings (id, user_id, ticket_count, status, created_at, expires_at, updated_at) VALUES ('dbc59845-1fc0-452e-b8e5-fdb5004710a5', '0b6106b0-da94-4a24-b33b-b6c00acecf7f', 1, 'reserved', '2026-01-07T10:05:01.471978','2026-03-10T09:00:00' , '2026-01-07T10:05:01.471978');
INSERT INTO bookings (id, user_id, ticket_count, status, created_at, expires_at, updated_at) VALUES ('0b51b960-b1a7-4c8d-839f-1fa3ad57dacb', '0b6106b0-da94-4a24-b33b-b6c00acecf7f', 4, 'paid', '2026-01-06T17:44:01.472043','2026-03-12T16:00:00' , '2026-01-06T17:44:01.472043');
INSERT INTO bookings (id, user_id, ticket_count, status, created_at, expires_at, updated_at) VALUES ('b91fd596-6f2f-45f0-8d80-114e5386c6e0', '89bbf0f8-5124-492d-af7d-d752d47ef461', 2, 'reserved', '2026-01-19T17:18:01.472117','2026-02-16T18:00:00' , '2026-01-19T17:18:01.472117');
INSERT INTO bookings (id, user_id, ticket_count, status, created_at, expires_at, updated_at) VALUES ('8fed5eb8-3457-4bbf-bce9-f1422fa04839', 'a137bc34-092a-4942-803c-a94da3d85deb', 2, 'reserved', '2026-01-19T00:48:01.472183','2026-02-07T18:00:00' , '2026-01-19T00:48:01.472183');
INSERT INTO bookings (id, user_id, ticket_count, status, created_at, expires_at, updated_at) VALUES ('5867f70d-d659-4911-a897-9827ca15b7a9', '0b6106b0-da94-4a24-b33b-b6c00acecf7f', 3, 'paid', '2025-12-24T21:20:01.472248','2026-03-06T10:00:00' , '2025-12-24T21:20:01.472248');
INSERT INTO bookings (id, user_id, ticket_count, status, created_at, expires_at, updated_at) VALUES ('d91568d6-66fd-4e11-8b0b-7a665a180154', '89bbf0f8-5124-492d-af7d-d752d47ef461', 3, 'locked', '2026-01-19T18:55:01.472311','2026-01-19T19:00:01.472311' , '2026-01-19T18:55:01.472311');
INSERT INTO bookings (id, user_id, ticket_count, status, created_at, expires_at, updated_at) VALUES ('a8ae85cb-8501-43e8-87dc-8cf25ee09d7f', '89bbf0f8-5124-492d-af7d-d752d47ef461', 3, 'paid', '2026-01-06T22:35:01.472376','2026-07-21T19:00:00' , '2026-01-06T22:35:01.472376');
INSERT INTO bookings (id, user_id, ticket_count, status, created_at, expires_at, updated_at) VALUES ('f6cca519-a0e8-4cc9-a6da-539d86daac70', 'a137bc34-092a-4942-803c-a94da3d85deb', 2, 'paid', '2025-12-26T17:55:01.472439','2026-03-03T10:00:00' , '2025-12-26T17:55:01.472439');
INSERT INTO bookings (id, user_id, ticket_count, status, created_at, expires_at, updated_at) VALUES ('fc12eaa3-fd64-42f1-ae78-1df71bf6140a', '0b6106b0-da94-4a24-b33b-b6c00acecf7f', 2, 'paid', '2025-12-30T15:33:01.472514','2026-02-27T16:00:00' , '2025-12-30T15:33:01.472514');
INSERT INTO bookings (id, user_id, ticket_count, status, created_at, expires_at, updated_at) VALUES ('77b8e58f-6807-490c-a7b8-5922da5d7221', '89bbf0f8-5124-492d-af7d-d752d47ef461', 1, 'reserved', '2026-01-02T09:22:01.472576','2026-02-09T18:00:00' , '2026-01-02T09:22:01.472576');
INSERT INTO bookings (id, user_id, ticket_count, status, created_at, expires_at, updated_at) VALUES ('927e80ae-e266-485f-91a0-d729b133b2a3', '0b6106b0-da94-4a24-b33b-b6c00acecf7f', 4, 'paid', '2025-12-30T12:37:01.472640','2026-04-05T19:00:00' , '2025-12-30T12:37:01.472640');
INSERT INTO bookings (id, user_id, ticket_count, status, created_at, expires_at, updated_at) VALUES ('5d108662-ac76-48f0-80a4-8d870a62acec', '89bbf0f8-5124-492d-af7d-d752d47ef461', 3, 'paid', '2026-01-12T08:53:01.472702','2026-02-25T10:00:00' , '2026-01-12T08:53:01.472702');
INSERT INTO bookings (id, user_id, ticket_count, status, created_at, expires_at, updated_at) VALUES ('c8d62471-d9b1-4cf2-97a5-6ea8af6ca600', '89bbf0f8-5124-492d-af7d-d752d47ef461', 2, 'paid', '2026-01-01T20:40:01.472765','2026-06-21T19:00:00' , '2026-01-01T20:40:01.472765');
INSERT INTO bookings (id, user_id, ticket_count, status, created_at, expires_at, updated_at) VALUES ('a7e06e49-00dd-4037-9420-b1d8c0308010', '89bbf0f8-5124-492d-af7d-d752d47ef461', 3, 'reserved', '2026-01-03T21:22:01.472850','2026-05-18T15:00:00' , '2026-01-03T21:22:01.472850');
INSERT INTO bookings (id, user_id, ticket_count, status, created_at, expires_at, updated_at) VALUES ('f0aabe8c-799c-497f-916c-1597e8656645', '89bbf0f8-5124-492d-af7d-d752d47ef461', 3, 'paid', '2025-12-23T11:42:01.472969','2026-07-30T16:00:00' , '2025-12-23T11:42:01.472969');
INSERT INTO bookings (id, user_id, ticket_count, status, created_at, expires_at, updated_at) VALUES ('5ccea0f5-ad53-4c01-bc96-a702675aca48', 'a137bc34-092a-4942-803c-a94da3d85deb', 3, 'paid', '2026-01-07T21:18:01.473051','2026-03-15T16:00:00' , '2026-01-07T21:18:01.473051');
INSERT INTO bookings (id, user_id, ticket_count, status, created_at, expires_at, updated_at) VALUES ('120d59a9-b898-48b1-98b1-5aa56cdd9c0d', '89bbf0f8-5124-492d-af7d-d752d47ef461', 3, 'locked', '2025-12-30T14:22:01.473137','2025-12-30T14:27:01.473137' , '2025-12-30T14:22:01.473137');
INSERT INTO bookings (id, user_id, ticket_count, status, created_at, expires_at, updated_at) VALUES ('ef39470d-74a1-4a84-bc01-90de27c7e790', '0b6106b0-da94-4a24-b33b-b6c00acecf7f', 1, 'reserved', '2026-01-20T10:14:01.473208','2026-02-23T15:00:00' , '2026-01-20T10:14:01.473208');
INSERT INTO bookings (id, user_id, ticket_count, status, created_at, expires_at, updated_at) VALUES ('ba1564e2-ff9a-4cd8-805f-22d55a9f4a68', 'a137bc34-092a-4942-803c-a94da3d85deb', 3, 'locked', '2025-12-26T19:23:01.473273','2025-12-26T19:28:01.473273' , '2025-12-26T19:23:01.473273');
INSERT INTO bookings (id, user_id, ticket_count, status, created_at, expires_at, updated_at) VALUES ('b1087805-ce49-468f-9e59-5871192dcab3', '0b6106b0-da94-4a24-b33b-b6c00acecf7f', 4, 'paid', '2026-01-04T02:33:01.473335','2026-06-18T16:00:00' , '2026-01-04T02:33:01.473335');
INSERT INTO bookings (id, user_id, ticket_count, status, created_at, expires_at, updated_at) VALUES ('70c4f3db-ab7f-4e69-b691-6df327d6217e', 'a137bc34-092a-4942-803c-a94da3d85deb', 3, 'locked', '2026-01-14T06:22:01.473393','2026-01-14T06:27:01.473393' , '2026-01-14T06:22:01.473393');
INSERT INTO bookings (id, user_id, ticket_count, status, created_at, expires_at, updated_at) VALUES ('230d2713-a48c-4558-818c-c51fc60e7542', '0b6106b0-da94-4a24-b33b-b6c00acecf7f', 2, 'locked', '2025-12-25T20:46:01.473454','2025-12-25T20:51:01.473454' , '2025-12-25T20:46:01.473454');
INSERT INTO bookings (id, user_id, ticket_count, status, created_at, expires_at, updated_at) VALUES ('6b334e25-607b-4ce6-a29b-e3e70b2bf185', '89bbf0f8-5124-492d-af7d-d752d47ef461', 3, 'paid', '2026-01-15T15:01:01.473513','2026-03-03T13:00:00' , '2026-01-15T15:01:01.473513');
INSERT INTO bookings (id, user_id, ticket_count, status, created_at, expires_at, updated_at) VALUES ('d8d3624a-3d87-4e19-a5cc-c749e50c8551', '89bbf0f8-5124-492d-af7d-d752d47ef461', 1, 'reserved', '2026-01-11T08:58:01.473572','2026-02-14T18:00:00' , '2026-01-11T08:58:01.473572');
INSERT INTO bookings (id, user_id, ticket_count, status, created_at, expires_at, updated_at) VALUES ('7d1f58b0-b4fa-493b-8f1a-15d4709fc3cd', '0b6106b0-da94-4a24-b33b-b6c00acecf7f', 3, 'paid', '2025-12-21T09:52:01.473630','2026-07-30T16:00:00' , '2025-12-21T09:52:01.473630');
INSERT INTO bookings (id, user_id, ticket_count, status, created_at, expires_at, updated_at) VALUES ('0dc09a4e-b6b5-4b8d-9746-86875fedd45f', '89bbf0f8-5124-492d-af7d-d752d47ef461', 2, 'locked', '2025-12-27T22:46:01.473688','2025-12-27T22:51:01.473688' , '2025-12-27T22:46:01.473688');
INSERT INTO bookings (id, user_id, ticket_count, status, created_at, expires_at, updated_at) VALUES ('6c38c3a9-3aff-4eac-8e9d-b19e49a0142f', '89bbf0f8-5124-492d-af7d-d752d47ef461', 3, 'paid', '2026-01-19T14:29:01.473762','2026-04-16T13:00:00' , '2026-01-19T14:29:01.473762');
INSERT INTO bookings (id, user_id, ticket_count, status, created_at, expires_at, updated_at) VALUES ('ed8714a4-d987-49fc-aeff-ab97d10efa6e', '0b6106b0-da94-4a24-b33b-b6c00acecf7f', 1, 'paid', '2026-01-02T19:08:01.473830','2026-03-28T19:00:00' , '2026-01-02T19:08:01.473830');
INSERT INTO bookings (id, user_id, ticket_count, status, created_at, expires_at, updated_at) VALUES ('43c4e41e-5fd2-4808-bf85-33244443b0bf', 'a137bc34-092a-4942-803c-a94da3d85deb', 3, 'paid', '2025-12-23T10:52:01.473897','2026-03-03T13:00:00' , '2025-12-23T10:52:01.473897');
INSERT INTO bookings (id, user_id, ticket_count, status, created_at, expires_at, updated_at) VALUES ('1acd2b13-35ed-4686-ac41-d84c5a5258f8', 'a137bc34-092a-4942-803c-a94da3d85deb', 2, 'locked', '2026-01-17T15:35:01.473969','2026-01-17T15:40:01.473969' , '2026-01-17T15:35:01.473969');
INSERT INTO bookings (id, user_id, ticket_count, status, created_at, expires_at, updated_at) VALUES ('aaeec72c-83f4-496f-8648-2b8504674433', '0b6106b0-da94-4a24-b33b-b6c00acecf7f', 4, 'paid', '2026-01-15T22:37:01.474041','2026-07-31T19:00:00' , '2026-01-15T22:37:01.474041');
INSERT INTO bookings (id, user_id, ticket_count, status, created_at, expires_at, updated_at) VALUES ('be64305f-ad70-4d74-9e3f-31a2308be8c5', '0b6106b0-da94-4a24-b33b-b6c00acecf7f', 4, 'reserved', '2026-01-19T04:58:01.474124','2026-06-07T09:00:00' , '2026-01-19T04:58:01.474124');
INSERT INTO bookings (id, user_id, ticket_count, status, created_at, expires_at, updated_at) VALUES ('17404ef4-180c-4412-922b-011fd8144c29', 'a137bc34-092a-4942-803c-a94da3d85deb', 1, 'paid', '2026-01-01T11:10:01.474198','2026-06-02T13:00:00' , '2026-01-01T11:10:01.474198');
INSERT INTO bookings (id, user_id, ticket_count, status, created_at, expires_at, updated_at) VALUES ('4d3e897f-09fc-44b8-9eee-7009cb1c147b', 'a137bc34-092a-4942-803c-a94da3d85deb', 3, 'reserved', '2026-01-15T21:07:01.474267','2026-02-09T09:00:00' , '2026-01-15T21:07:01.474267');
INSERT INTO bookings (id, user_id, ticket_count, status, created_at, expires_at, updated_at) VALUES ('b02d8d01-dd5e-41d6-bdb9-dd8691f5e814', '89bbf0f8-5124-492d-af7d-d752d47ef461', 3, 'paid', '2025-12-25T21:11:01.474345','2026-07-14T19:00:00' , '2025-12-25T21:11:01.474345');
INSERT INTO bookings (id, user_id, ticket_count, status, created_at, expires_at, updated_at) VALUES ('fba17e2e-75bc-4a7d-95ec-7e55afc78fa2', '89bbf0f8-5124-492d-af7d-d752d47ef461', 4, 'reserved', '2025-12-21T00:26:01.474419','2026-06-03T15:00:00' , '2025-12-21T00:26:01.474419');
INSERT INTO bookings (id, user_id, ticket_count, status, created_at, expires_at, updated_at) VALUES ('edb279ed-b3a5-4d54-a0b6-5b2b1eb1e00f', 'a137bc34-092a-4942-803c-a94da3d85deb', 3, 'paid', '2026-01-14T15:53:01.474486','2026-06-11T13:00:00' , '2026-01-14T15:53:01.474486');
INSERT INTO bookings (id, user_id, ticket_count, status, created_at, expires_at, updated_at) VALUES ('2e29c042-cfdc-4831-9b21-81335f5ef803', '89bbf0f8-5124-492d-af7d-d752d47ef461', 1, 'paid', '2026-01-10T03:13:01.474548','2026-06-20T13:00:00' , '2026-01-10T03:13:01.474548');
INSERT INTO bookings (id, user_id, ticket_count, status, created_at, expires_at, updated_at) VALUES ('12a4a4ee-83eb-4521-b1b6-bf07dbb01b2c', 'a137bc34-092a-4942-803c-a94da3d85deb', 2, 'paid', '2026-01-07T07:47:01.474611','2026-03-16T10:00:00' , '2026-01-07T07:47:01.474611');
INSERT INTO bookings (id, user_id, ticket_count, status, created_at, expires_at, updated_at) VALUES ('b1f1dbc1-bf80-4782-aea2-5c808e64ee4d', '89bbf0f8-5124-492d-af7d-d752d47ef461', 1, 'paid', '2025-12-21T11:13:01.474691','2026-04-01T10:00:00' , '2025-12-21T11:13:01.474691');
INSERT INTO tickets (id, projection_id, hall_seat_id, booking_id, created_at, updated_at) VALUES ('6b5007f9-c51a-4d1e-8544-8decf44676d7', '957a38de-ea5f-4e30-9741-736a63bd9ed4', '499d078d-406a-4916-9d6b-20a0169f540c', '81297473-7fe5-44a2-aa2b-0a95e655fc70', '2026-01-20T11:14:01.475454', '2026-01-20T11:14:01.475454');
INSERT INTO tickets (id, projection_id, hall_seat_id, booking_id, created_at, updated_at) VALUES ('cee3e5ed-7799-4fad-aa2d-d4cb32f1ea4e', '957a38de-ea5f-4e30-9741-736a63bd9ed4', '6bde25c0-5bdc-4f35-ac14-94bb4106c738', '81297473-7fe5-44a2-aa2b-0a95e655fc70', '2026-01-20T11:14:01.475495', '2026-01-20T11:14:01.475495');
INSERT INTO tickets (id, projection_id, hall_seat_id, booking_id, created_at, updated_at) VALUES ('aa645326-0d1a-4b7e-a3aa-b4c22c368610', '957a38de-ea5f-4e30-9741-736a63bd9ed4', '66d58a67-cf4b-4165-9586-6d067e327dd8', '81297473-7fe5-44a2-aa2b-0a95e655fc70', '2026-01-20T11:14:01.475532', '2026-01-20T11:14:01.475532');
INSERT INTO tickets (id, projection_id, hall_seat_id, booking_id, created_at, updated_at) VALUES ('b0d4f4e1-c4dc-4649-aa3f-af6b4a2c280a', '957a38de-ea5f-4e30-9741-736a63bd9ed4', '29c33bbb-fd2f-444d-9dcf-df6dc361e50b', '81297473-7fe5-44a2-aa2b-0a95e655fc70', '2026-01-20T11:14:01.475561', '2026-01-20T11:14:01.475561');
INSERT INTO tickets (id, projection_id, hall_seat_id, booking_id, created_at, updated_at) VALUES ('7a279067-4803-4964-9eb6-6ff05c2ea9d4', '3b2048a1-4948-4874-b413-a2b8991bacb6', '494ac7f6-e764-4542-b6b9-0dc6cf91bc1e', 'f033a05a-2dea-45e9-aa15-9b59e6b5ae5b', '2026-01-20T11:14:01.475844', '2026-01-20T11:14:01.475844');
INSERT INTO tickets (id, projection_id, hall_seat_id, booking_id, created_at, updated_at) VALUES ('5d0d47ad-f4d8-485d-9222-b7d047a3f129', '3b2048a1-4948-4874-b413-a2b8991bacb6', '73882e5d-8d85-4ae7-8138-8b2048351246', 'f033a05a-2dea-45e9-aa15-9b59e6b5ae5b', '2026-01-20T11:14:01.475878', '2026-01-20T11:14:01.475878');
INSERT INTO tickets (id, projection_id, hall_seat_id, booking_id, created_at, updated_at) VALUES ('8e293718-9108-4f6c-882c-f1b3f8d2e6e6', '5b697d23-16a6-4265-a031-ed5ccc5ecfe6', 'fdda95bc-e289-4497-b74a-99489627e584', 'd48aa822-29c1-47f4-85b1-4da2a7e62492', '2026-01-20T11:14:01.476210', '2026-01-20T11:14:01.476210');
INSERT INTO tickets (id, projection_id, hall_seat_id, booking_id, created_at, updated_at) VALUES ('908244f2-6604-4a39-a24e-6dd05b68c0ee', '5b697d23-16a6-4265-a031-ed5ccc5ecfe6', '9f1019a4-3c9a-4d71-804a-03ec2425601c', 'd48aa822-29c1-47f4-85b1-4da2a7e62492', '2026-01-20T11:14:01.476242', '2026-01-20T11:14:01.476242');
INSERT INTO tickets (id, projection_id, hall_seat_id, booking_id, created_at, updated_at) VALUES ('944562b5-a7a0-41be-b0b4-aa1a7b3d31b8', '486a3f06-19dd-444d-bdaa-22a094dc285f', '0f99ba7f-b9d7-4b5c-b7e4-32063c6bd4e6', 'c7b6c4ca-de3e-488f-8cb3-c9deb85f3ca4', '2026-01-20T11:14:01.476655', '2026-01-20T11:14:01.476655');
INSERT INTO tickets (id, projection_id, hall_seat_id, booking_id, created_at, updated_at) VALUES ('9154b643-31f4-48bc-a7f5-09c86922da92', '486a3f06-19dd-444d-bdaa-22a094dc285f', 'bd5cfcde-8391-47a5-9a15-4a41f8808688', 'c7b6c4ca-de3e-488f-8cb3-c9deb85f3ca4', '2026-01-20T11:14:01.476854', '2026-01-20T11:14:01.476854');
INSERT INTO tickets (id, projection_id, hall_seat_id, booking_id, created_at, updated_at) VALUES ('c8b9c06a-c102-4546-8dbc-2fe04856b6f8', 'f2d9acde-82f7-43ac-9eae-bd50d57bba12', '80236c64-d363-4c70-8e7a-8fc4850e5e9a', 'd1a69948-8706-4435-9b1f-4370bbe7d85f', '2026-01-20T11:14:01.477428', '2026-01-20T11:14:01.477428');
INSERT INTO tickets (id, projection_id, hall_seat_id, booking_id, created_at, updated_at) VALUES ('d822d6d8-ad94-4d2e-a136-182fde10491c', '6b374016-8233-4282-9c42-9d79cb6a2d20', 'e5bc50a5-6e89-4f90-bc27-f9613b749983', '590c4aba-0f7a-426b-8662-35e10820dc6c', '2026-01-20T11:14:01.478200', '2026-01-20T11:14:01.478200');
INSERT INTO tickets (id, projection_id, hall_seat_id, booking_id, created_at, updated_at) VALUES ('f2e641da-df6a-4128-8f5d-4adca815cfcf', '6b374016-8233-4282-9c42-9d79cb6a2d20', '31587683-0acd-4b87-8c6b-49d079b37510', '590c4aba-0f7a-426b-8662-35e10820dc6c', '2026-01-20T11:14:01.478437', '2026-01-20T11:14:01.478437');
INSERT INTO tickets (id, projection_id, hall_seat_id, booking_id, created_at, updated_at) VALUES ('55ec9f91-8d4e-47cc-a3a3-ff7f49a0a64e', '45149b0b-db31-420d-8cad-5f717983b9b3', 'e47fcd1a-3019-459c-8e92-763fa5fe54d7', '0ad5d99a-bd19-46d9-b8d8-5c9503858a5e', '2026-01-20T11:14:01.479150', '2026-01-20T11:14:01.479150');
INSERT INTO tickets (id, projection_id, hall_seat_id, booking_id, created_at, updated_at) VALUES ('e43aae19-0637-4558-b0f7-5a96d7d3c5a8', '45149b0b-db31-420d-8cad-5f717983b9b3', '156ae94a-dc0a-4d49-8545-b4411aeb787e', '0ad5d99a-bd19-46d9-b8d8-5c9503858a5e', '2026-01-20T11:14:01.479195', '2026-01-20T11:14:01.479195');
INSERT INTO tickets (id, projection_id, hall_seat_id, booking_id, created_at, updated_at) VALUES ('abd83d39-cd1b-4d77-b75b-030a7cbca68e', '45149b0b-db31-420d-8cad-5f717983b9b3', 'fa0677e1-df10-47b2-a808-236c0469b78e', '0ad5d99a-bd19-46d9-b8d8-5c9503858a5e', '2026-01-20T11:14:01.479225', '2026-01-20T11:14:01.479225');
INSERT INTO tickets (id, projection_id, hall_seat_id, booking_id, created_at, updated_at) VALUES ('fd13dc34-61ad-46c7-810b-2e9b63e17685', 'ff1d096d-b676-4337-a5b6-0bcf0f427b59', 'a8d6aa4f-970c-4058-b1bb-137ec308f542', 'f38178f1-db53-4f3f-8d59-ed7f3383fc05', '2026-01-20T11:14:01.479507', '2026-01-20T11:14:01.479507');
INSERT INTO tickets (id, projection_id, hall_seat_id, booking_id, created_at, updated_at) VALUES ('0d73e095-ffe6-4ed2-a2c7-16a770599040', 'ff1d096d-b676-4337-a5b6-0bcf0f427b59', '236b2147-ab9b-49d8-aadb-bf6594a71512', 'f38178f1-db53-4f3f-8d59-ed7f3383fc05', '2026-01-20T11:14:01.479543', '2026-01-20T11:14:01.479543');
INSERT INTO tickets (id, projection_id, hall_seat_id, booking_id, created_at, updated_at) VALUES ('fee9bfe7-921f-46a6-9799-bb5b75de691f', 'ff1d096d-b676-4337-a5b6-0bcf0f427b59', 'adbdb6da-311f-4040-99eb-f8b7a5730435', 'f38178f1-db53-4f3f-8d59-ed7f3383fc05', '2026-01-20T11:14:01.479588', '2026-01-20T11:14:01.479588');
INSERT INTO tickets (id, projection_id, hall_seat_id, booking_id, created_at, updated_at) VALUES ('e4fb5bbb-f709-4b5b-9f02-eee5eec77b05', 'fef45a98-02b5-4282-8450-9a1eb3b24da5', 'ac664a7b-7aa0-47c8-b1c9-63a488ffc0f6', 'a6affe21-a426-4e29-b8cb-51db242db973', '2026-01-20T11:14:01.479824', '2026-01-20T11:14:01.479824');
INSERT INTO tickets (id, projection_id, hall_seat_id, booking_id, created_at, updated_at) VALUES ('aef1bc0f-bda1-43fb-98a0-47aada8bbdca', 'fef45a98-02b5-4282-8450-9a1eb3b24da5', 'efaf9610-aa94-43e1-a194-03a7e5fdf6c9', 'a6affe21-a426-4e29-b8cb-51db242db973', '2026-01-20T11:14:01.479857', '2026-01-20T11:14:01.479857');
INSERT INTO tickets (id, projection_id, hall_seat_id, booking_id, created_at, updated_at) VALUES ('cd8e3b61-f877-4c0d-b4a0-6d47f5a901b1', 'fef45a98-02b5-4282-8450-9a1eb3b24da5', '1826068f-8b8f-4c03-8e46-a9f7e4f7eca8', 'a6affe21-a426-4e29-b8cb-51db242db973', '2026-01-20T11:14:01.479884', '2026-01-20T11:14:01.479884');
INSERT INTO tickets (id, projection_id, hall_seat_id, booking_id, created_at, updated_at) VALUES ('1855c49a-0959-41ad-8d48-a342405df394', '90134c8d-12ac-4b53-aca2-d8dc506036f0', '450faf9e-f966-4726-bcc4-4b73195b62dd', '0151b65a-1834-4ac9-ae34-9f7f6e2cd43a', '2026-01-20T11:14:01.480290', '2026-01-20T11:14:01.480290');
INSERT INTO tickets (id, projection_id, hall_seat_id, booking_id, created_at, updated_at) VALUES ('2fba456f-bb0c-4a85-ae24-745d9490b98a', '90134c8d-12ac-4b53-aca2-d8dc506036f0', '7d8d2263-617e-4c38-bb8d-b162c342c240', '0151b65a-1834-4ac9-ae34-9f7f6e2cd43a', '2026-01-20T11:14:01.480326', '2026-01-20T11:14:01.480326');
INSERT INTO tickets (id, projection_id, hall_seat_id, booking_id, created_at, updated_at) VALUES ('a100e129-c104-49a9-a255-00077f05d4ac', '703447c4-a9bb-4348-b155-dfd7c811e854', '2dd8a647-be82-4808-a6ed-962ea818ed1d', 'dbc59845-1fc0-452e-b8e5-fdb5004710a5', '2026-01-20T11:14:01.480535', '2026-01-20T11:14:01.480535');
INSERT INTO tickets (id, projection_id, hall_seat_id, booking_id, created_at, updated_at) VALUES ('e9250153-78fb-4439-948e-156fe84ca33b', '192964bf-ae57-4761-9804-a7109793f7a4', '251253e1-6450-4b3d-8603-a2d225bc34e4', '0b51b960-b1a7-4c8d-839f-1fa3ad57dacb', '2026-01-20T11:14:01.480789', '2026-01-20T11:14:01.480789');
INSERT INTO tickets (id, projection_id, hall_seat_id, booking_id, created_at, updated_at) VALUES ('6aa74983-6b1a-430f-9657-45f1102bb48c', '192964bf-ae57-4761-9804-a7109793f7a4', 'ba3994ba-3811-4f73-915f-b53eb6859080', '0b51b960-b1a7-4c8d-839f-1fa3ad57dacb', '2026-01-20T11:14:01.480817', '2026-01-20T11:14:01.480817');
INSERT INTO tickets (id, projection_id, hall_seat_id, booking_id, created_at, updated_at) VALUES ('44eb5960-2f21-410e-bf99-8dcd689cca5c', '192964bf-ae57-4761-9804-a7109793f7a4', '6a8c5768-672e-4967-8a6a-76ac43c965cd', '0b51b960-b1a7-4c8d-839f-1fa3ad57dacb', '2026-01-20T11:14:01.480842', '2026-01-20T11:14:01.480842');
INSERT INTO tickets (id, projection_id, hall_seat_id, booking_id, created_at, updated_at) VALUES ('a78bb83c-b07a-4e55-9a60-a21ea1979ac7', '192964bf-ae57-4761-9804-a7109793f7a4', '80708a6d-2f9c-46c6-8533-a226efba91e0', '0b51b960-b1a7-4c8d-839f-1fa3ad57dacb', '2026-01-20T11:14:01.480867', '2026-01-20T11:14:01.480867');
INSERT INTO tickets (id, projection_id, hall_seat_id, booking_id, created_at, updated_at) VALUES ('1d267c8b-3d93-4aa6-89a5-8ead80cd2119', 'a58a555a-cd33-4bde-a0c1-4628190be523', '85617e65-d545-47e4-b8c3-045bd44820e5', 'b91fd596-6f2f-45f0-8d80-114e5386c6e0', '2026-01-20T11:14:01.481046', '2026-01-20T11:14:01.481046');
INSERT INTO tickets (id, projection_id, hall_seat_id, booking_id, created_at, updated_at) VALUES ('8ebd22d8-e750-4e92-ab97-091f569239f0', 'a58a555a-cd33-4bde-a0c1-4628190be523', 'c5de4174-e7f0-4d76-8faf-5846ac236fd5', 'b91fd596-6f2f-45f0-8d80-114e5386c6e0', '2026-01-20T11:14:01.481073', '2026-01-20T11:14:01.481073');
INSERT INTO tickets (id, projection_id, hall_seat_id, booking_id, created_at, updated_at) VALUES ('e0ec0fe4-8670-4a1d-870a-ea84b836bb0d', '6fc52190-8d81-4d65-8152-f49ad6407873', 'ecef65b7-6c06-434b-acd5-a4d224b36ba5', '8fed5eb8-3457-4bbf-bce9-f1422fa04839', '2026-01-20T11:14:01.481310', '2026-01-20T11:14:01.481310');
INSERT INTO tickets (id, projection_id, hall_seat_id, booking_id, created_at, updated_at) VALUES ('bee97cd4-4865-4948-83b7-58f963440370', '6fc52190-8d81-4d65-8152-f49ad6407873', 'f35a3014-ad1a-4999-a74c-8779d0162ef3', '8fed5eb8-3457-4bbf-bce9-f1422fa04839', '2026-01-20T11:14:01.481344', '2026-01-20T11:14:01.481344');
INSERT INTO tickets (id, projection_id, hall_seat_id, booking_id, created_at, updated_at) VALUES ('c8c93f03-1611-4bd7-ad17-c2926e97a295', '2f999f6e-be5e-4025-9582-58a4504fb6b8', '13f8fdc3-150f-4fb4-bc06-578ae0d7a726', '5867f70d-d659-4911-a897-9827ca15b7a9', '2026-01-20T11:14:01.481618', '2026-01-20T11:14:01.481618');
INSERT INTO tickets (id, projection_id, hall_seat_id, booking_id, created_at, updated_at) VALUES ('84584bf3-5fe0-4ebe-83c3-2796b6853e5d', '2f999f6e-be5e-4025-9582-58a4504fb6b8', '7a3e979e-8db8-4a49-b7ea-85fa57b8b804', '5867f70d-d659-4911-a897-9827ca15b7a9', '2026-01-20T11:14:01.481647', '2026-01-20T11:14:01.481647');
INSERT INTO tickets (id, projection_id, hall_seat_id, booking_id, created_at, updated_at) VALUES ('43a4fa40-25c7-4b69-9ac3-ae6c959537fc', '2f999f6e-be5e-4025-9582-58a4504fb6b8', 'aee88acf-6438-4dd9-a828-d222154b8fbc', '5867f70d-d659-4911-a897-9827ca15b7a9', '2026-01-20T11:14:01.481674', '2026-01-20T11:14:01.481674');
INSERT INTO tickets (id, projection_id, hall_seat_id, booking_id, created_at, updated_at) VALUES ('6d78b792-1004-4800-9a49-d9c28a15a19b', '962d081e-b55a-40c6-8c75-eca52fede895', '9f1019a4-3c9a-4d71-804a-03ec2425601c', 'd91568d6-66fd-4e11-8b0b-7a665a180154', '2026-01-20T11:14:01.481871', '2026-01-20T11:14:01.481871');
INSERT INTO tickets (id, projection_id, hall_seat_id, booking_id, created_at, updated_at) VALUES ('9f027300-67ca-46bb-906a-c160645a16c6', '962d081e-b55a-40c6-8c75-eca52fede895', 'c253f4fe-751d-41fa-8034-6d3eb32f5cdb', 'd91568d6-66fd-4e11-8b0b-7a665a180154', '2026-01-20T11:14:01.481896', '2026-01-20T11:14:01.481896');
INSERT INTO tickets (id, projection_id, hall_seat_id, booking_id, created_at, updated_at) VALUES ('d9c0d1e2-504a-4502-8a93-93e7463fa03e', '962d081e-b55a-40c6-8c75-eca52fede895', '8e4b4f7d-0d21-470b-9de0-7d4269d1619a', 'd91568d6-66fd-4e11-8b0b-7a665a180154', '2026-01-20T11:14:01.481918', '2026-01-20T11:14:01.481918');
INSERT INTO tickets (id, projection_id, hall_seat_id, booking_id, created_at, updated_at) VALUES ('3352201f-8ff8-410a-b722-acc3822ef0de', '35569209-c480-43e9-ad7f-b129de04ff39', 'd67c0d25-8cea-48e5-833b-42145116eeeb', 'a8ae85cb-8501-43e8-87dc-8cf25ee09d7f', '2026-01-20T11:14:01.482405', '2026-01-20T11:14:01.482405');
INSERT INTO tickets (id, projection_id, hall_seat_id, booking_id, created_at, updated_at) VALUES ('cdf76173-c550-415b-8b1d-52431a3bb9ea', '35569209-c480-43e9-ad7f-b129de04ff39', '26a9767b-837f-4587-b976-9da1a01b07cb', 'a8ae85cb-8501-43e8-87dc-8cf25ee09d7f', '2026-01-20T11:14:01.482467', '2026-01-20T11:14:01.482467');
INSERT INTO tickets (id, projection_id, hall_seat_id, booking_id, created_at, updated_at) VALUES ('53053775-db67-47dc-9cfb-de8cb7108b97', '35569209-c480-43e9-ad7f-b129de04ff39', '7d8d2263-617e-4c38-bb8d-b162c342c240', 'a8ae85cb-8501-43e8-87dc-8cf25ee09d7f', '2026-01-20T11:14:01.482507', '2026-01-20T11:14:01.482507');
INSERT INTO tickets (id, projection_id, hall_seat_id, booking_id, created_at, updated_at) VALUES ('baae8f3d-6274-4eb6-b354-dcebce1b5d90', 'fea2a167-5cb6-4b18-bff1-4e9f3c54ec46', '2ef6c7c6-8c30-4ea7-b10e-9dda30ed285d', 'f6cca519-a0e8-4cc9-a6da-539d86daac70', '2026-01-20T11:14:01.482794', '2026-01-20T11:14:01.482794');
INSERT INTO tickets (id, projection_id, hall_seat_id, booking_id, created_at, updated_at) VALUES ('673e5d36-a6ee-4095-8331-f9cf7805f12b', 'fea2a167-5cb6-4b18-bff1-4e9f3c54ec46', 'f84b5ca9-7715-451d-a64d-f3e8f9caa971', 'f6cca519-a0e8-4cc9-a6da-539d86daac70', '2026-01-20T11:14:01.482820', '2026-01-20T11:14:01.482820');
INSERT INTO tickets (id, projection_id, hall_seat_id, booking_id, created_at, updated_at) VALUES ('e739448b-d57b-4bb4-b401-d47ef6a195fb', '26a789f4-cf4c-484d-a366-d267f443d6df', '61a4e20c-7f6b-4bd2-8fc8-7a975b03e9f8', 'fc12eaa3-fd64-42f1-ae78-1df71bf6140a', '2026-01-20T11:14:01.483042', '2026-01-20T11:14:01.483042');
INSERT INTO tickets (id, projection_id, hall_seat_id, booking_id, created_at, updated_at) VALUES ('9420d329-9d8c-4014-aed2-5309db968caa', '26a789f4-cf4c-484d-a366-d267f443d6df', '391aa4cf-11eb-4d27-8824-08f1a205660e', 'fc12eaa3-fd64-42f1-ae78-1df71bf6140a', '2026-01-20T11:14:01.483089', '2026-01-20T11:14:01.483089');
INSERT INTO tickets (id, projection_id, hall_seat_id, booking_id, created_at, updated_at) VALUES ('93a4a497-fafa-4990-84ad-d7aa7b841a10', 'c0be26c7-a185-486f-a98c-406ab000452b', 'af65b41b-4eb3-4e53-8841-cab18b7e7f45', '77b8e58f-6807-490c-a7b8-5922da5d7221', '2026-01-20T11:14:01.483467', '2026-01-20T11:14:01.483467');
INSERT INTO tickets (id, projection_id, hall_seat_id, booking_id, created_at, updated_at) VALUES ('0d266a73-8fb9-4a1f-bdcb-977975ae7bfb', '5fd8c951-2d0c-4677-8eb4-5a791a93a612', 'ba85e594-a80d-4e58-bc63-b955ce4885d1', '927e80ae-e266-485f-91a0-d729b133b2a3', '2026-01-20T11:14:01.483673', '2026-01-20T11:14:01.483673');
INSERT INTO tickets (id, projection_id, hall_seat_id, booking_id, created_at, updated_at) VALUES ('44a2f1f6-1bbe-4834-bd03-626ee72c1f63', '5fd8c951-2d0c-4677-8eb4-5a791a93a612', 'a2859d34-e73b-4ba1-b6ae-d8c75173d8e4', '927e80ae-e266-485f-91a0-d729b133b2a3', '2026-01-20T11:14:01.483705', '2026-01-20T11:14:01.483705');
INSERT INTO tickets (id, projection_id, hall_seat_id, booking_id, created_at, updated_at) VALUES ('e5229cf8-c515-44e5-81bd-f1c1f44ceda7', '5fd8c951-2d0c-4677-8eb4-5a791a93a612', 'a0a15d46-8688-45fa-995e-6457dd059e3e', '927e80ae-e266-485f-91a0-d729b133b2a3', '2026-01-20T11:14:01.483729', '2026-01-20T11:14:01.483729');
INSERT INTO tickets (id, projection_id, hall_seat_id, booking_id, created_at, updated_at) VALUES ('cc3bede1-d319-404d-90b6-0cb2ac529cbb', '5fd8c951-2d0c-4677-8eb4-5a791a93a612', '6e34d64c-ec66-4c38-8fb2-ea1ced5c05e5', '927e80ae-e266-485f-91a0-d729b133b2a3', '2026-01-20T11:14:01.483751', '2026-01-20T11:14:01.483751');
INSERT INTO tickets (id, projection_id, hall_seat_id, booking_id, created_at, updated_at) VALUES ('6bda102a-313e-4a28-9693-d07040c54cd7', '30c659a6-6613-4609-a27c-277f66a06040', 'ec11014c-5ebc-4d0d-9740-81172efff227', '5d108662-ac76-48f0-80a4-8d870a62acec', '2026-01-20T11:14:01.483951', '2026-01-20T11:14:01.483951');
INSERT INTO tickets (id, projection_id, hall_seat_id, booking_id, created_at, updated_at) VALUES ('460dee68-887d-4d03-84e7-6f8185a1fc3d', '30c659a6-6613-4609-a27c-277f66a06040', '71740c7c-5d27-4366-b7b6-e4304e04a446', '5d108662-ac76-48f0-80a4-8d870a62acec', '2026-01-20T11:14:01.483976', '2026-01-20T11:14:01.483976');
INSERT INTO tickets (id, projection_id, hall_seat_id, booking_id, created_at, updated_at) VALUES ('5ece9739-941c-497f-9a4c-aca6342c795f', '30c659a6-6613-4609-a27c-277f66a06040', '248fb28e-7cdd-4c4b-8b99-cb458dddf23e', '5d108662-ac76-48f0-80a4-8d870a62acec', '2026-01-20T11:14:01.484013', '2026-01-20T11:14:01.484013');
INSERT INTO tickets (id, projection_id, hall_seat_id, booking_id, created_at, updated_at) VALUES ('0894d4ed-2c82-4e4b-bd47-39a17c1de0b2', '33fffc5e-b669-46b8-884f-438c313ec14b', '13f8fdc3-150f-4fb4-bc06-578ae0d7a726', 'c8d62471-d9b1-4cf2-97a5-6ea8af6ca600', '2026-01-20T11:14:01.484304', '2026-01-20T11:14:01.484304');
INSERT INTO tickets (id, projection_id, hall_seat_id, booking_id, created_at, updated_at) VALUES ('cf31356a-13ac-4e9f-9c0e-1aebf7169059', '33fffc5e-b669-46b8-884f-438c313ec14b', '196df813-95c9-4164-ad5e-ac3fb79e25d1', 'c8d62471-d9b1-4cf2-97a5-6ea8af6ca600', '2026-01-20T11:14:01.484331', '2026-01-20T11:14:01.484331');
INSERT INTO tickets (id, projection_id, hall_seat_id, booking_id, created_at, updated_at) VALUES ('8c1dcfdf-0d0e-44b7-a2dd-d59d0f59ea30', '5b19e6f0-6e49-4c06-8a21-777e3c546728', '8ffdae3d-dcee-48ce-8de2-29ab714b66ba', 'a7e06e49-00dd-4037-9420-b1d8c0308010', '2026-01-20T11:14:01.484585', '2026-01-20T11:14:01.484585');
INSERT INTO tickets (id, projection_id, hall_seat_id, booking_id, created_at, updated_at) VALUES ('56d93d8b-cb47-4352-ac0e-f20681766476', '5b19e6f0-6e49-4c06-8a21-777e3c546728', '5b9663cb-0c7d-4e1f-8ad1-0be3bb90176f', 'a7e06e49-00dd-4037-9420-b1d8c0308010', '2026-01-20T11:14:01.484616', '2026-01-20T11:14:01.484616');
INSERT INTO tickets (id, projection_id, hall_seat_id, booking_id, created_at, updated_at) VALUES ('b590c270-cbaf-4915-aafa-a3fd105e9e56', '5b19e6f0-6e49-4c06-8a21-777e3c546728', '030c06ad-39ca-4f12-8fee-b1ae33a240e2', 'a7e06e49-00dd-4037-9420-b1d8c0308010', '2026-01-20T11:14:01.484657', '2026-01-20T11:14:01.484657');
INSERT INTO tickets (id, projection_id, hall_seat_id, booking_id, created_at, updated_at) VALUES ('4cc2da09-3d80-49e6-a75a-2d8e18ab137b', 'b016284b-3b23-46db-99c7-020f80c65b7b', '35734fa7-4263-433f-81dc-d44a1fc78eca', 'f0aabe8c-799c-497f-916c-1597e8656645', '2026-01-20T11:14:01.485131', '2026-01-20T11:14:01.485131');
INSERT INTO tickets (id, projection_id, hall_seat_id, booking_id, created_at, updated_at) VALUES ('0d02d891-3f9b-4e5e-a448-899b2a8f5a94', 'b016284b-3b23-46db-99c7-020f80c65b7b', '5c75886a-a839-4a55-b704-fb99955f2326', 'f0aabe8c-799c-497f-916c-1597e8656645', '2026-01-20T11:14:01.485173', '2026-01-20T11:14:01.485173');
INSERT INTO tickets (id, projection_id, hall_seat_id, booking_id, created_at, updated_at) VALUES ('64d7bf7f-2675-4d49-bc89-b5ebfdbb4b6b', 'b016284b-3b23-46db-99c7-020f80c65b7b', 'f7374a38-03ad-46bb-b38f-5c49eb48e6db', 'f0aabe8c-799c-497f-916c-1597e8656645', '2026-01-20T11:14:01.485201', '2026-01-20T11:14:01.485201');
INSERT INTO tickets (id, projection_id, hall_seat_id, booking_id, created_at, updated_at) VALUES ('39042957-5128-4710-ace8-a197053326bc', '6e3fb2f2-5233-4ea7-a306-c08a64514189', '785e7dce-eb94-4acc-9a1f-05f5da5787ec', '5ccea0f5-ad53-4c01-bc96-a702675aca48', '2026-01-20T11:14:01.485472', '2026-01-20T11:14:01.485472');
INSERT INTO tickets (id, projection_id, hall_seat_id, booking_id, created_at, updated_at) VALUES ('83cbc0e1-ea80-4baf-b043-422d0ee5c8d1', '6e3fb2f2-5233-4ea7-a306-c08a64514189', '9065bdf3-fee5-4439-b2aa-2f72432513f7', '5ccea0f5-ad53-4c01-bc96-a702675aca48', '2026-01-20T11:14:01.485501', '2026-01-20T11:14:01.485501');
INSERT INTO tickets (id, projection_id, hall_seat_id, booking_id, created_at, updated_at) VALUES ('f5baef1e-1de1-442c-8980-51a67663d1aa', '6e3fb2f2-5233-4ea7-a306-c08a64514189', '95f7aafc-d0d3-428b-a876-a074603a9f0d', '5ccea0f5-ad53-4c01-bc96-a702675aca48', '2026-01-20T11:14:01.485544', '2026-01-20T11:14:01.485544');
INSERT INTO tickets (id, projection_id, hall_seat_id, booking_id, created_at, updated_at) VALUES ('42c689e8-d17f-4bd2-b61c-4524b0f7f6cb', '4c09bcb4-1fb5-4ea2-90d3-053482dadb4d', '46b18065-6bcc-482a-85cc-80e06063bca4', '120d59a9-b898-48b1-98b1-5aa56cdd9c0d', '2026-01-20T11:14:01.485877', '2026-01-20T11:14:01.485877');
INSERT INTO tickets (id, projection_id, hall_seat_id, booking_id, created_at, updated_at) VALUES ('f787c157-50b5-44f2-8086-c4302e9f482e', '4c09bcb4-1fb5-4ea2-90d3-053482dadb4d', 'ac598675-4d07-4019-8ea7-5808e67738ef', '120d59a9-b898-48b1-98b1-5aa56cdd9c0d', '2026-01-20T11:14:01.485909', '2026-01-20T11:14:01.485909');
INSERT INTO tickets (id, projection_id, hall_seat_id, booking_id, created_at, updated_at) VALUES ('6996e6ac-243c-4864-bbb5-99b463b27672', '4c09bcb4-1fb5-4ea2-90d3-053482dadb4d', 'c1682b3c-19bc-4cf1-a5a8-f293b3720435', '120d59a9-b898-48b1-98b1-5aa56cdd9c0d', '2026-01-20T11:14:01.485938', '2026-01-20T11:14:01.485938');
INSERT INTO tickets (id, projection_id, hall_seat_id, booking_id, created_at, updated_at) VALUES ('c4e880ac-ba48-4f97-a0fc-1dfe35dd13e2', 'e5373fa0-5c83-4a55-9c89-28075e6edef2', '14e25cf1-d842-4b05-8879-c3adffc7bbb1', 'ef39470d-74a1-4a84-bc01-90de27c7e790', '2026-01-20T11:14:01.486279', '2026-01-20T11:14:01.486279');
INSERT INTO tickets (id, projection_id, hall_seat_id, booking_id, created_at, updated_at) VALUES ('c1e2284b-1fd5-4c35-8134-6e8ae59a40e6', '76ef8297-e93b-439e-b1fe-ededf80aa295', '44d8c261-57f9-4873-be46-00fa52a4fcb3', 'ba1564e2-ff9a-4cd8-805f-22d55a9f4a68', '2026-01-20T11:14:01.486591', '2026-01-20T11:14:01.486591');
INSERT INTO tickets (id, projection_id, hall_seat_id, booking_id, created_at, updated_at) VALUES ('0b13bafa-c20a-4e03-959a-7179a4fbc436', '76ef8297-e93b-439e-b1fe-ededf80aa295', '93413cb0-2364-43e5-bff5-96a04c9a2e90', 'ba1564e2-ff9a-4cd8-805f-22d55a9f4a68', '2026-01-20T11:14:01.486624', '2026-01-20T11:14:01.486624');
INSERT INTO tickets (id, projection_id, hall_seat_id, booking_id, created_at, updated_at) VALUES ('bc5888d9-75f1-4ecd-8b7a-6f78c22f1a25', '76ef8297-e93b-439e-b1fe-ededf80aa295', '1acbe06c-ac2a-4e68-887a-d84685f9c7a5', 'ba1564e2-ff9a-4cd8-805f-22d55a9f4a68', '2026-01-20T11:14:01.486652', '2026-01-20T11:14:01.486652');
INSERT INTO tickets (id, projection_id, hall_seat_id, booking_id, created_at, updated_at) VALUES ('073f4e96-8363-4e12-9dbe-88463c56fb2c', '0c93fe4e-f6ac-4044-9c76-40f8d8b07bf1', '66d224f8-4299-432e-829d-b6b0e0610529', 'b1087805-ce49-468f-9e59-5871192dcab3', '2026-01-20T11:14:01.487084', '2026-01-20T11:14:01.487084');
INSERT INTO tickets (id, projection_id, hall_seat_id, booking_id, created_at, updated_at) VALUES ('6f47a9cf-64f3-4ea8-8d32-4ee84862299e', '0c93fe4e-f6ac-4044-9c76-40f8d8b07bf1', 'a37e87f0-a2a8-4d27-982b-b8f0f06b3daa', 'b1087805-ce49-468f-9e59-5871192dcab3', '2026-01-20T11:14:01.487150', '2026-01-20T11:14:01.487150');
INSERT INTO tickets (id, projection_id, hall_seat_id, booking_id, created_at, updated_at) VALUES ('8fb4a01d-1c63-4c10-b94d-f43c7efbb8f7', '0c93fe4e-f6ac-4044-9c76-40f8d8b07bf1', '998586f4-2cff-43ed-8b43-d98fd09ef73d', 'b1087805-ce49-468f-9e59-5871192dcab3', '2026-01-20T11:14:01.487181', '2026-01-20T11:14:01.487181');
INSERT INTO tickets (id, projection_id, hall_seat_id, booking_id, created_at, updated_at) VALUES ('25ad20f0-d0c8-4aa3-8ed4-ac40cd3c3efa', '0c93fe4e-f6ac-4044-9c76-40f8d8b07bf1', '81d73cd0-6b50-4540-8383-d94997fb3b21', 'b1087805-ce49-468f-9e59-5871192dcab3', '2026-01-20T11:14:01.487223', '2026-01-20T11:14:01.487223');
INSERT INTO tickets (id, projection_id, hall_seat_id, booking_id, created_at, updated_at) VALUES ('2bb2323c-ac5a-4046-9146-0be03e77d2d9', '5c8b0d0a-17ae-4962-a832-2e053d38331e', '44cce183-bcdb-4561-b2ab-05e52a0aa03a', '70c4f3db-ab7f-4e69-b691-6df327d6217e', '2026-01-20T11:14:01.487612', '2026-01-20T11:14:01.487612');
INSERT INTO tickets (id, projection_id, hall_seat_id, booking_id, created_at, updated_at) VALUES ('c75de060-6177-4fc3-b99e-dd0eca7c6a40', '5c8b0d0a-17ae-4962-a832-2e053d38331e', '4f0ac524-7ed7-4048-be4e-bc71ab26d3cc', '70c4f3db-ab7f-4e69-b691-6df327d6217e', '2026-01-20T11:14:01.487642', '2026-01-20T11:14:01.487642');
INSERT INTO tickets (id, projection_id, hall_seat_id, booking_id, created_at, updated_at) VALUES ('5c690a28-6211-4b6b-98f7-1db9209664b4', '5c8b0d0a-17ae-4962-a832-2e053d38331e', '19da6975-7ead-410a-a58d-eab402322146', '70c4f3db-ab7f-4e69-b691-6df327d6217e', '2026-01-20T11:14:01.487671', '2026-01-20T11:14:01.487671');
INSERT INTO tickets (id, projection_id, hall_seat_id, booking_id, created_at, updated_at) VALUES ('4a9be160-cd48-469b-988b-44ba7e4a7732', 'a56f79b2-5c62-4553-8745-e933cd5887ab', 'e8941187-e85e-4d98-8838-bf46fd947654', '230d2713-a48c-4558-818c-c51fc60e7542', '2026-01-20T11:14:01.487903', '2026-01-20T11:14:01.487903');
INSERT INTO tickets (id, projection_id, hall_seat_id, booking_id, created_at, updated_at) VALUES ('bc625046-75fe-430c-84ba-bcb94d481ab8', 'a56f79b2-5c62-4553-8745-e933cd5887ab', 'ed96bf4d-4e84-4986-8606-eb96e46e60a1', '230d2713-a48c-4558-818c-c51fc60e7542', '2026-01-20T11:14:01.487933', '2026-01-20T11:14:01.487933');
INSERT INTO tickets (id, projection_id, hall_seat_id, booking_id, created_at, updated_at) VALUES ('31b06e3f-e9a7-4b4f-9120-f2fbcb360abd', 'b9e6714e-8f6a-4a5e-a51e-ffd6e101a9cc', 'fcf29fa5-54ad-490a-8589-24153fd35e69', '6b334e25-607b-4ce6-a29b-e3e70b2bf185', '2026-01-20T11:14:01.488219', '2026-01-20T11:14:01.488219');
INSERT INTO tickets (id, projection_id, hall_seat_id, booking_id, created_at, updated_at) VALUES ('c241d999-13ad-4ace-a43b-91334a3f72a7', 'b9e6714e-8f6a-4a5e-a51e-ffd6e101a9cc', 'ed05e010-0466-4d1d-b8cb-b0de8cd9333b', '6b334e25-607b-4ce6-a29b-e3e70b2bf185', '2026-01-20T11:14:01.488250', '2026-01-20T11:14:01.488250');
INSERT INTO tickets (id, projection_id, hall_seat_id, booking_id, created_at, updated_at) VALUES ('7c0a75de-2a7e-408e-9a16-aeb46b9ceb9d', 'b9e6714e-8f6a-4a5e-a51e-ffd6e101a9cc', '658fb7a1-dded-4f1c-9ae6-1c28609b3d6f', '6b334e25-607b-4ce6-a29b-e3e70b2bf185', '2026-01-20T11:14:01.488279', '2026-01-20T11:14:01.488279');
INSERT INTO tickets (id, projection_id, hall_seat_id, booking_id, created_at, updated_at) VALUES ('e3b38a4b-0162-47ac-b613-7299417be225', '2b97cffe-410d-4b4c-93cc-7bce137f2c49', '24300582-e0de-490f-862b-d3f6cff92a13', 'd8d3624a-3d87-4e19-a5cc-c749e50c8551', '2026-01-20T11:14:01.488510', '2026-01-20T11:14:01.488510');
INSERT INTO tickets (id, projection_id, hall_seat_id, booking_id, created_at, updated_at) VALUES ('d35c1ab0-83fe-49d0-a546-ba766481dd74', '4d6c5f1b-ac75-4d57-a172-ab4351018330', '1fe2f016-0bc7-48b4-ab87-41ea7218aa3e', '7d1f58b0-b4fa-493b-8f1a-15d4709fc3cd', '2026-01-20T11:14:01.488937', '2026-01-20T11:14:01.488937');
INSERT INTO tickets (id, projection_id, hall_seat_id, booking_id, created_at, updated_at) VALUES ('d4662073-96f2-45a6-bc14-60a6b5609931', '4d6c5f1b-ac75-4d57-a172-ab4351018330', 'da17b8c2-4538-4f8d-9580-e0616839983a', '7d1f58b0-b4fa-493b-8f1a-15d4709fc3cd', '2026-01-20T11:14:01.488967', '2026-01-20T11:14:01.488967');
INSERT INTO tickets (id, projection_id, hall_seat_id, booking_id, created_at, updated_at) VALUES ('a54bf90c-194c-4273-b0d2-12e454216c51', '4d6c5f1b-ac75-4d57-a172-ab4351018330', 'df2006da-19b2-4712-b1fc-0a1a4bace828', '7d1f58b0-b4fa-493b-8f1a-15d4709fc3cd', '2026-01-20T11:14:01.488994', '2026-01-20T11:14:01.488994');
INSERT INTO tickets (id, projection_id, hall_seat_id, booking_id, created_at, updated_at) VALUES ('9d326275-47b0-40d7-9000-4f5da6572b02', '0c7866cf-c315-45ee-ba2e-e91746d6478c', 'de49058d-998a-467d-af36-f60bc5f87c1a', '0dc09a4e-b6b5-4b8d-9746-86875fedd45f', '2026-01-20T11:14:01.489766', '2026-01-20T11:14:01.489766');
INSERT INTO tickets (id, projection_id, hall_seat_id, booking_id, created_at, updated_at) VALUES ('ebc6a0f8-dc15-40f2-ad3f-4c587df686f6', '0c7866cf-c315-45ee-ba2e-e91746d6478c', 'c9d7df59-e355-49e8-8d8c-029fc47f1f63', '0dc09a4e-b6b5-4b8d-9746-86875fedd45f', '2026-01-20T11:14:01.489816', '2026-01-20T11:14:01.489816');
INSERT INTO tickets (id, projection_id, hall_seat_id, booking_id, created_at, updated_at) VALUES ('cdecccdd-900f-4e37-bf0a-8b9a6d6d76c4', '2d14bbcf-6352-4d48-ac9d-1a0a867265bb', '9de0fc90-14f3-44a8-b7fb-fb3e827a8018', '6c38c3a9-3aff-4eac-8e9d-b19e49a0142f', '2026-01-20T11:14:01.490251', '2026-01-20T11:14:01.490251');
INSERT INTO tickets (id, projection_id, hall_seat_id, booking_id, created_at, updated_at) VALUES ('4101b535-bdce-4cab-b421-45d29c43aebd', '2d14bbcf-6352-4d48-ac9d-1a0a867265bb', 'd8edbd22-85c9-4e56-8428-581971a4d3b2', '6c38c3a9-3aff-4eac-8e9d-b19e49a0142f', '2026-01-20T11:14:01.490287', '2026-01-20T11:14:01.490287');
INSERT INTO tickets (id, projection_id, hall_seat_id, booking_id, created_at, updated_at) VALUES ('b90e9e51-bb92-49e3-a574-19464c3169a9', '2d14bbcf-6352-4d48-ac9d-1a0a867265bb', '4a2ae001-5202-4697-883b-8044df37916f', '6c38c3a9-3aff-4eac-8e9d-b19e49a0142f', '2026-01-20T11:14:01.490468', '2026-01-20T11:14:01.490468');
INSERT INTO tickets (id, projection_id, hall_seat_id, booking_id, created_at, updated_at) VALUES ('3a4e0427-0aab-4d0d-8a42-99416ed1d6be', 'c45dca5e-0f22-47b3-b0ea-547baf4f8ecf', '453d5e07-62d1-433e-a742-88a4b7af3653', 'ed8714a4-d987-49fc-aeff-ab97d10efa6e', '2026-01-20T11:14:01.490875', '2026-01-20T11:14:01.490875');
INSERT INTO tickets (id, projection_id, hall_seat_id, booking_id, created_at, updated_at) VALUES ('fce804a6-f04f-4787-b523-17769c5a8aa6', 'b9e6714e-8f6a-4a5e-a51e-ffd6e101a9cc', '4c5ab3e5-f640-42a9-aa16-77e591491db2', '43c4e41e-5fd2-4808-bf85-33244443b0bf', '2026-01-20T11:14:01.491166', '2026-01-20T11:14:01.491166');
INSERT INTO tickets (id, projection_id, hall_seat_id, booking_id, created_at, updated_at) VALUES ('95abd6ce-126f-46c0-a680-c54975c9db50', 'b9e6714e-8f6a-4a5e-a51e-ffd6e101a9cc', '8b3798b2-4ec8-4fe5-818e-4827ae420698', '43c4e41e-5fd2-4808-bf85-33244443b0bf', '2026-01-20T11:14:01.491199', '2026-01-20T11:14:01.491199');
INSERT INTO tickets (id, projection_id, hall_seat_id, booking_id, created_at, updated_at) VALUES ('e73a8de6-69b2-472c-b837-a187d622711f', 'b9e6714e-8f6a-4a5e-a51e-ffd6e101a9cc', '57ec7698-51e9-4daf-b285-352cd239280e', '43c4e41e-5fd2-4808-bf85-33244443b0bf', '2026-01-20T11:14:01.491222', '2026-01-20T11:14:01.491222');
INSERT INTO tickets (id, projection_id, hall_seat_id, booking_id, created_at, updated_at) VALUES ('9e7e710f-8ffa-41e9-9c38-edaab35a0b2c', 'd448536d-b2b8-4ca1-b672-792e8996306b', 'bd74926b-08c2-4a36-a60a-9ebdfc213ae4', '1acd2b13-35ed-4686-ac41-d84c5a5258f8', '2026-01-20T11:14:01.491432', '2026-01-20T11:14:01.491432');
INSERT INTO tickets (id, projection_id, hall_seat_id, booking_id, created_at, updated_at) VALUES ('80d0c43b-cbb5-4db0-aa19-409062c1268d', 'd448536d-b2b8-4ca1-b672-792e8996306b', '7704628c-88f5-4bf4-af68-0a5a475ced46', '1acd2b13-35ed-4686-ac41-d84c5a5258f8', '2026-01-20T11:14:01.491463', '2026-01-20T11:14:01.491463');
INSERT INTO tickets (id, projection_id, hall_seat_id, booking_id, created_at, updated_at) VALUES ('b8960704-4efd-4025-9741-63e767ef3606', '27899a9e-0b5f-4cb3-83b4-1ea96726c727', '88074a7d-21e2-4a31-b77b-b6ece029f613', 'aaeec72c-83f4-496f-8648-2b8504674433', '2026-01-20T11:14:01.491713', '2026-01-20T11:14:01.491713');
INSERT INTO tickets (id, projection_id, hall_seat_id, booking_id, created_at, updated_at) VALUES ('d040dd4d-3b59-45d7-b744-39481295a78b', '27899a9e-0b5f-4cb3-83b4-1ea96726c727', '5ec38549-4f90-404c-b2f9-e216ce514897', 'aaeec72c-83f4-496f-8648-2b8504674433', '2026-01-20T11:14:01.491744', '2026-01-20T11:14:01.491744');
INSERT INTO tickets (id, projection_id, hall_seat_id, booking_id, created_at, updated_at) VALUES ('f96c7f0e-356a-4784-bed8-1be6b7bd4c03', '27899a9e-0b5f-4cb3-83b4-1ea96726c727', '0ca22e59-dade-4aa9-a5bf-4c99539ef0f0', 'aaeec72c-83f4-496f-8648-2b8504674433', '2026-01-20T11:14:01.491779', '2026-01-20T11:14:01.491779');
INSERT INTO tickets (id, projection_id, hall_seat_id, booking_id, created_at, updated_at) VALUES ('7649f2fe-6e7c-49da-9ea0-9bb5cba66d48', '27899a9e-0b5f-4cb3-83b4-1ea96726c727', 'a7529a90-daad-412f-a449-aceedecfffba', 'aaeec72c-83f4-496f-8648-2b8504674433', '2026-01-20T11:14:01.491807', '2026-01-20T11:14:01.491807');
INSERT INTO tickets (id, projection_id, hall_seat_id, booking_id, created_at, updated_at) VALUES ('a6c81a67-caed-4578-a031-cb7ebde403a3', 'ebb568f8-2c12-4348-bfa9-330bd68e1fb5', '88d64e6a-74d3-49c2-8865-43dff9bc5c1d', 'be64305f-ad70-4d74-9e3f-31a2308be8c5', '2026-01-20T11:14:01.492095', '2026-01-20T11:14:01.492095');
INSERT INTO tickets (id, projection_id, hall_seat_id, booking_id, created_at, updated_at) VALUES ('c432391b-dd4c-4590-9d7d-af1c980ecf59', 'ebb568f8-2c12-4348-bfa9-330bd68e1fb5', '7d8d2263-617e-4c38-bb8d-b162c342c240', 'be64305f-ad70-4d74-9e3f-31a2308be8c5', '2026-01-20T11:14:01.492287', '2026-01-20T11:14:01.492287');
INSERT INTO tickets (id, projection_id, hall_seat_id, booking_id, created_at, updated_at) VALUES ('0a750e13-854c-49a7-b0e6-b63907d8fff2', 'ebb568f8-2c12-4348-bfa9-330bd68e1fb5', '05c369ab-4bb8-4bda-9c0b-e5a8e31ded05', 'be64305f-ad70-4d74-9e3f-31a2308be8c5', '2026-01-20T11:14:01.492327', '2026-01-20T11:14:01.492327');
INSERT INTO tickets (id, projection_id, hall_seat_id, booking_id, created_at, updated_at) VALUES ('0c55c6f4-1962-48b6-bb2e-543f17ab1892', 'ebb568f8-2c12-4348-bfa9-330bd68e1fb5', '81ee24ef-ff5e-458d-886b-ae8ca6d32473', 'be64305f-ad70-4d74-9e3f-31a2308be8c5', '2026-01-20T11:14:01.492354', '2026-01-20T11:14:01.492354');
INSERT INTO tickets (id, projection_id, hall_seat_id, booking_id, created_at, updated_at) VALUES ('a01bd226-7e77-450e-aa72-6399a7e73ad4', '6074b8a1-7a35-4cf7-9744-6c8882be3512', 'a9eacc42-565e-48aa-a761-ffe2c8050579', '17404ef4-180c-4412-922b-011fd8144c29', '2026-01-20T11:14:01.492615', '2026-01-20T11:14:01.492615');
INSERT INTO tickets (id, projection_id, hall_seat_id, booking_id, created_at, updated_at) VALUES ('3b6bf39c-d8c2-4c3d-abec-4b5d72688d45', '2e7077e0-c0a9-4aca-bd2c-9134ea6b4e57', '6198cd8b-9de0-4d40-81b8-cc71459f6365', '4d3e897f-09fc-44b8-9eee-7009cb1c147b', '2026-01-20T11:14:01.492804', '2026-01-20T11:14:01.492804');
INSERT INTO tickets (id, projection_id, hall_seat_id, booking_id, created_at, updated_at) VALUES ('82b16a00-50e9-4faf-aefb-a11d968ef49b', '2e7077e0-c0a9-4aca-bd2c-9134ea6b4e57', 'e8e62cb0-3656-43f4-aa1f-c57abf5d61c5', '4d3e897f-09fc-44b8-9eee-7009cb1c147b', '2026-01-20T11:14:01.492841', '2026-01-20T11:14:01.492841');
INSERT INTO tickets (id, projection_id, hall_seat_id, booking_id, created_at, updated_at) VALUES ('52aaf5b6-5375-4083-8fd0-f49ade17bd9b', '2e7077e0-c0a9-4aca-bd2c-9134ea6b4e57', '9851e2f2-b707-4275-ac06-288f67b9c314', '4d3e897f-09fc-44b8-9eee-7009cb1c147b', '2026-01-20T11:14:01.492871', '2026-01-20T11:14:01.492871');
INSERT INTO tickets (id, projection_id, hall_seat_id, booking_id, created_at, updated_at) VALUES ('5becff79-fc2a-44ca-a8a0-6c7af444e47e', 'e1733b51-0e13-4d6c-9b38-c02c0c8fa4fe', 'a7529a90-daad-412f-a449-aceedecfffba', 'b02d8d01-dd5e-41d6-bdb9-dd8691f5e814', '2026-01-20T11:14:01.493176', '2026-01-20T11:14:01.493176');
INSERT INTO tickets (id, projection_id, hall_seat_id, booking_id, created_at, updated_at) VALUES ('55213f0a-94a7-4536-b7fc-da15da180e07', 'e1733b51-0e13-4d6c-9b38-c02c0c8fa4fe', '077f4265-56cf-485e-a93a-f833c1998d5b', 'b02d8d01-dd5e-41d6-bdb9-dd8691f5e814', '2026-01-20T11:14:01.493208', '2026-01-20T11:14:01.493208');
INSERT INTO tickets (id, projection_id, hall_seat_id, booking_id, created_at, updated_at) VALUES ('b388e0d1-b409-4a85-9a15-e8c7d3d75f76', 'e1733b51-0e13-4d6c-9b38-c02c0c8fa4fe', 'cd9611b0-b125-4ff6-8488-5ffef9035690', 'b02d8d01-dd5e-41d6-bdb9-dd8691f5e814', '2026-01-20T11:14:01.493236', '2026-01-20T11:14:01.493236');
INSERT INTO tickets (id, projection_id, hall_seat_id, booking_id, created_at, updated_at) VALUES ('30a4cbb1-db03-468e-a8f3-c819da1b699d', '39854906-0c7f-4f4c-b2cb-5724fa60b5f6', 'ba3994ba-3811-4f73-915f-b53eb6859080', 'fba17e2e-75bc-4a7d-95ec-7e55afc78fa2', '2026-01-20T11:14:01.494954', '2026-01-20T11:14:01.494954');
INSERT INTO tickets (id, projection_id, hall_seat_id, booking_id, created_at, updated_at) VALUES ('9acacf8f-f4de-445c-b978-51198e848197', '39854906-0c7f-4f4c-b2cb-5724fa60b5f6', '44d8c261-57f9-4873-be46-00fa52a4fcb3', 'fba17e2e-75bc-4a7d-95ec-7e55afc78fa2', '2026-01-20T11:14:01.494998', '2026-01-20T11:14:01.494998');
INSERT INTO tickets (id, projection_id, hall_seat_id, booking_id, created_at, updated_at) VALUES ('8c7f438f-05b3-4ee9-a500-a8460afa3ef4', '39854906-0c7f-4f4c-b2cb-5724fa60b5f6', '687b3cb0-d532-4489-9618-cbca4c8cf0a2', 'fba17e2e-75bc-4a7d-95ec-7e55afc78fa2', '2026-01-20T11:14:01.495027', '2026-01-20T11:14:01.495027');
INSERT INTO tickets (id, projection_id, hall_seat_id, booking_id, created_at, updated_at) VALUES ('a73fce6f-1448-4c1d-a10e-77e50ff3f9ee', '39854906-0c7f-4f4c-b2cb-5724fa60b5f6', '88409893-395e-4324-acb1-0ee1d5a50acb', 'fba17e2e-75bc-4a7d-95ec-7e55afc78fa2', '2026-01-20T11:14:01.495053', '2026-01-20T11:14:01.495053');
INSERT INTO tickets (id, projection_id, hall_seat_id, booking_id, created_at, updated_at) VALUES ('31b4bf10-580f-4bcb-8026-d9b557ec51c0', '473175e4-731d-4435-9b35-a5eb9cb944ce', 'ece7ca31-f956-46f7-8cca-ef3f1c113009', 'edb279ed-b3a5-4d54-a0b6-5b2b1eb1e00f', '2026-01-20T11:14:01.495454', '2026-01-20T11:14:01.495454');
INSERT INTO tickets (id, projection_id, hall_seat_id, booking_id, created_at, updated_at) VALUES ('3e5f6ecf-8ae6-4887-8b67-5a58e92d9b4f', '473175e4-731d-4435-9b35-a5eb9cb944ce', '26c47545-3dfc-4065-b5f5-717827ea9853', 'edb279ed-b3a5-4d54-a0b6-5b2b1eb1e00f', '2026-01-20T11:14:01.495503', '2026-01-20T11:14:01.495503');
INSERT INTO tickets (id, projection_id, hall_seat_id, booking_id, created_at, updated_at) VALUES ('d6a0227c-d705-43b9-934e-c94daf285745', '473175e4-731d-4435-9b35-a5eb9cb944ce', '8db44568-50bc-4d12-b645-893bb3f2e4a8', 'edb279ed-b3a5-4d54-a0b6-5b2b1eb1e00f', '2026-01-20T11:14:01.495533', '2026-01-20T11:14:01.495533');
INSERT INTO tickets (id, projection_id, hall_seat_id, booking_id, created_at, updated_at) VALUES ('204f75f6-b0a1-42ce-b6e6-7375e1333541', '7cd1d11f-7e4f-49a9-8a80-32ab05225b92', 'e0fc13fa-e854-4ed3-bfb4-4daef2de7ac0', '2e29c042-cfdc-4831-9b21-81335f5ef803', '2026-01-20T11:14:01.495853', '2026-01-20T11:14:01.495853');
INSERT INTO tickets (id, projection_id, hall_seat_id, booking_id, created_at, updated_at) VALUES ('207b99db-1fd6-4b68-be8e-b2ed7bf07539', '54264820-1327-4027-95a2-a6d0b1861059', '8ba4c6d9-484c-43ef-a454-816f2ad16468', '12a4a4ee-83eb-4521-b1b6-bf07dbb01b2c', '2026-01-20T11:14:01.495959', '2026-01-20T11:14:01.495959');
INSERT INTO tickets (id, projection_id, hall_seat_id, booking_id, created_at, updated_at) VALUES ('20adb922-18e4-4b8e-9d34-17005fa37c12', '54264820-1327-4027-95a2-a6d0b1861059', 'c0c94f61-6080-4157-bebc-2f2b41e5b56a', '12a4a4ee-83eb-4521-b1b6-bf07dbb01b2c', '2026-01-20T11:14:01.495975', '2026-01-20T11:14:01.495975');
INSERT INTO tickets (id, projection_id, hall_seat_id, booking_id, created_at, updated_at) VALUES ('1ccda136-c932-45a0-b2d0-deccdabbf3ad', '13debe30-e06e-4804-9f0a-47ae8f7ea14d', '76c7ab2f-c66b-40a3-9d9e-8460d010ebb8', 'b1f1dbc1-bf80-4782-aea2-5c808e64ee4d', '2026-01-20T11:14:01.496097', '2026-01-20T11:14:01.496097');