INSERT INTO countries (id, iso_2_code, name, created_at, updated_at) VALUES ('e73d9c70-2c7f-441e-bbd7-db3d1491dba9', 'BA', 'Bosnia and Herzegovina', '2026-01-15T04:47:58.858330', '2026-01-15T04:47:58.858330');
INSERT INTO cities (id, name, timezone, country_id, created_at, updated_at) VALUES ('794e5b86-b624-47fc-82a9-88d745202f63', 'Sarajevo', 'Europe/Sarajevo', 'e73d9c70-2c7f-441e-bbd7-db3d1491dba9', '2026-01-15T04:47:58.860080', '2026-01-15T04:47:58.860080');
INSERT INTO cities (id, name, timezone, country_id, created_at, updated_at) VALUES ('9aee2513-4353-4a91-bbd0-16cdf04a330f', 'Banja Luka', 'Europe/Sarajevo', 'e73d9c70-2c7f-441e-bbd7-db3d1491dba9', '2026-01-15T04:47:58.860156', '2026-01-15T04:47:58.860156');
INSERT INTO cities (id, name, timezone, country_id, created_at, updated_at) VALUES ('432737e3-3e90-4116-be19-5332b8b1f438', 'Mostar', 'Europe/Sarajevo', 'e73d9c70-2c7f-441e-bbd7-db3d1491dba9', '2026-01-15T04:47:58.860277', '2026-01-15T04:47:58.860277');
INSERT INTO cities (id, name, timezone, country_id, created_at, updated_at) VALUES ('e99c072d-2ab7-48ce-9f4d-ae00c16e3007', 'Tuzla', 'Europe/Sarajevo', 'e73d9c70-2c7f-441e-bbd7-db3d1491dba9', '2026-01-15T04:47:58.860318', '2026-01-15T04:47:58.860318');
INSERT INTO cities (id, name, timezone, country_id, created_at, updated_at) VALUES ('83e7b133-3cf1-413d-af03-3f3fd2275657', 'Zenica', 'Europe/Sarajevo', 'e73d9c70-2c7f-441e-bbd7-db3d1491dba9', '2026-01-15T04:47:58.860343', '2026-01-15T04:47:58.860343');
INSERT INTO seat_types (id, category, price, description, created_at, updated_at) VALUES ('cf0ea588-a6ac-4774-95e6-54494a211c06', 'regular', 7.0, 'Comfortable seating. Affordable pricing. Wide selection. Accessible locations. Suitable for everyone', '2026-01-15T04:47:58.861519', '2026-01-15T04:47:58.861519');
INSERT INTO seat_types (id, category, price, description, created_at, updated_at) VALUES ('25051a14-cd48-48a4-8b94-632c6c5132a0', 'love', 24.0, 'Side-by-side design. Comfortable padding. Adjustable armrests. Cup holders. Reserved for couples.', '2026-01-15T04:47:58.861575', '2026-01-15T04:47:58.861575');
INSERT INTO seat_types (id, category, price, description, created_at, updated_at) VALUES ('04023e7d-e443-4771-bacd-751aadbb482e', 'vip', 10.0, 'Enhanced comfort. Priority seating. Prime viewing. Personal space. Luxury extras.', '2026-01-15T04:47:58.861626', '2026-01-15T04:47:58.861626');
INSERT INTO users (id, first_name, last_name, email, password, phone, profile_image_url, city_id, is_verified, created_at, updated_at) VALUES ('b4d7b55b-117e-4f2c-9c3e-f8b9ef24bed5', 'Admin', 'User', 'admin@cinema.ba', '$2b$12$IkUJdwerJCa6GD/YECA/uOnugZNERwRoyHv7BT2NipREtfD1Oidwu', '+38733123456', '', '794e5b86-b624-47fc-82a9-88d745202f63' , True, '2026-01-15T04:47:59.268460', '2026-01-15T04:47:59.268460');
INSERT INTO users (id, first_name, last_name, email, password, phone, profile_image_url, city_id, is_verified, created_at, updated_at) VALUES ('f4e6d03a-535a-4d43-b399-fdd5ee56d94a', 'John', 'Doe', 'john@cinema.ba', '$2b$12$wXRSUaVRYAjm6bPYbyrJu.IVHcsHq9ONsdRXqSJG7qnacakhNaOtu', '+38751234567', '', '9aee2513-4353-4a91-bbd0-16cdf04a330f' , True, '2026-01-15T04:47:59.657379', '2026-01-15T04:47:59.657379');
INSERT INTO users (id, first_name, last_name, email, password, phone, profile_image_url, city_id, is_verified, created_at, updated_at) VALUES ('91e4fbe1-f547-4afd-9956-54dcb45260fe', 'Dev', 'User', 'dev@cinema.ba', '$2b$12$Ss1PV85/aoD9dTKpQKJ9n.ssc4bqDadTpx/fWfhs5FMY.zkB2Yaly', '+38761234567', '', '794e5b86-b624-47fc-82a9-88d745202f63' , True, '2026-01-15T04:48:00.047693', '2026-01-15T04:48:00.047693');
INSERT INTO roles (id, name, created_at, updated_at) VALUES ('a63d48b6-f55c-4a2e-bcf9-f3ac1e2caa85', 'ADMIN', '2026-01-15T04:48:00.047980', '2026-01-15T04:48:00.047980');
INSERT INTO roles (id, name, created_at, updated_at) VALUES ('f821a3dc-0474-4539-8c64-277039a5c3fc', 'USER', '2026-01-15T04:48:00.048018', '2026-01-15T04:48:00.048018');
INSERT INTO roles (id, name, created_at, updated_at) VALUES ('a618ecd6-42b3-4d41-b5a0-ce81e274f753', 'DEV', '2026-01-15T04:48:00.048045', '2026-01-15T04:48:00.048045');
INSERT INTO user_roles (user_id, role_id) VALUES ('b4d7b55b-117e-4f2c-9c3e-f8b9ef24bed5', 'a63d48b6-f55c-4a2e-bcf9-f3ac1e2caa85');
INSERT INTO user_roles (user_id, role_id) VALUES ('f4e6d03a-535a-4d43-b399-fdd5ee56d94a', 'f821a3dc-0474-4539-8c64-277039a5c3fc');
INSERT INTO user_roles (user_id, role_id) VALUES ('91e4fbe1-f547-4afd-9956-54dcb45260fe', 'a618ecd6-42b3-4d41-b5a0-ce81e274f753');
INSERT INTO user_roles (user_id, role_id) VALUES ('91e4fbe1-f547-4afd-9956-54dcb45260fe', 'a63d48b6-f55c-4a2e-bcf9-f3ac1e2caa85');
INSERT INTO user_roles (user_id, role_id) VALUES ('91e4fbe1-f547-4afd-9956-54dcb45260fe', 'f821a3dc-0474-4539-8c64-277039a5c3fc');
INSERT INTO venues (id, name, street, street_number, phone, image_url, city_id, created_at, updated_at) VALUES ('6c078dff-7264-477b-9c75-0fbb86ffafa6', 'Cineplexx Sarajevo', '45 Cinema Boulevard', '9', '+38733654860', 'https://raport.ba/uploads//gen/2021/06/_800xAUTO_crop_center-center_none/cineplexx-scaled.jpg', '794e5b86-b624-47fc-82a9-88d745202f63', '2026-01-15T04:48:00.051420', '2026-01-15T04:48:00.051420');
INSERT INTO venues (id, name, street, street_number, phone, image_url, city_id, created_at, updated_at) VALUES ('364897bd-f579-4562-811f-a97dcf1a48b3', 'Meeting Point Cinema', '987 Cinema Boulevard', '80', '+38733662656', 'https://media.sarajevski.ba/2013/11/meeting_point_kino_1.jpg', '794e5b86-b624-47fc-82a9-88d745202f63', '2026-01-15T04:48:00.051505', '2026-01-15T04:48:00.051505');
INSERT INTO venues (id, name, street, street_number, phone, image_url, city_id, created_at, updated_at) VALUES ('f542ab25-f300-4a51-8056-40fbd0396096', 'Bosmal City Center', '283 Cinema Boulevard', '51', '+38733968075', 'https://upload.wikimedia.org/wikipedia/en/e/ea/Bosmal_City_Center_Sarajevo.jpg', '794e5b86-b624-47fc-82a9-88d745202f63', '2026-01-15T04:48:00.051568', '2026-01-15T04:48:00.051568');
INSERT INTO venues (id, name, street, street_number, phone, image_url, city_id, created_at, updated_at) VALUES ('c1ca7c02-b550-4d86-92d9-2ca7b54f2082', 'Cinestar Sarajevo', '48 Cinema Boulevard', '159', '+38733592391', 'https://media.jutarnji.hr/images/slike/2020/11/03/f_9240693_1280.jpg', '794e5b86-b624-47fc-82a9-88d745202f63', '2026-01-15T04:48:00.051628', '2026-01-15T04:48:00.051628');
INSERT INTO venues (id, name, street, street_number, phone, image_url, city_id, created_at, updated_at) VALUES ('6f3928e9-1ce8-41f3-90d5-207abb069971', 'Kinoteka', '786 Cinema Boulevard', '14', '+38733575170', 'https://sarajevo.travel/assets/photos/places/big/154-kinoteka-03-1397237673.jpg', '794e5b86-b624-47fc-82a9-88d745202f63', '2026-01-15T04:48:00.051696', '2026-01-15T04:48:00.051696');
INSERT INTO venues (id, name, street, street_number, phone, image_url, city_id, created_at, updated_at) VALUES ('a2254e0f-94f8-4427-83d8-691e4b66d8ca', 'Cineplexx Banja Luka', '639 Cinema Boulevard', '44', '+38733813476', 'https://banjaluka.net/wp-content/uploads/2018/09/palas.jpg', '9aee2513-4353-4a91-bbd0-16cdf04a330f', '2026-01-15T04:48:00.051747', '2026-01-15T04:48:00.051747');
INSERT INTO venues (id, name, street, street_number, phone, image_url, city_id, created_at, updated_at) VALUES ('5a1fff63-822b-4b58-a269-c5c284202795', 'Cinestar Banja Luka', '529 Cinema Boulevard', '26', '+38733312594', 'https://banjalukacity.info/storage/entity-photos/0SAnzUAyHV7L2WCVhWsm6l2pE2F4494SiS2X8CaO.webp', '9aee2513-4353-4a91-bbd0-16cdf04a330f', '2026-01-15T04:48:00.051790', '2026-01-15T04:48:00.051790');
INSERT INTO venues (id, name, street, street_number, phone, image_url, city_id, created_at, updated_at) VALUES ('0cdc75da-87d5-4a00-9f39-3c0834abccf0', 'Cineplexx Mostar', '442 Cinema Boulevard', '107', '+38733113451', 'https://static.klix.ba/media/images/vijesti/b_200902027.jpg?v=2', '432737e3-3e90-4116-be19-5332b8b1f438', '2026-01-15T04:48:00.051820', '2026-01-15T04:48:00.051820');
INSERT INTO venues (id, name, street, street_number, phone, image_url, city_id, created_at, updated_at) VALUES ('dbba570b-636c-4c91-b222-a03b98e2b9a0', 'Cinestar Mostar', '355 Cinema Boulevard', '9', '+38733532336', 'https://cinestarcinemas.hr/remote/185.155.226.145/Ostalo%2Fmostargalerija/resize2%20(3).jfif?width=750', '432737e3-3e90-4116-be19-5332b8b1f438', '2026-01-15T04:48:00.051847', '2026-01-15T04:48:00.051847');
INSERT INTO venues (id, name, street, street_number, phone, image_url, city_id, created_at, updated_at) VALUES ('9268f56f-a3e4-4648-9adf-4bf4b27e4907', 'Cinestar Tuzla', '906 Cinema Boulevard', '131', '+38733375695', 'https://www.vox-communications.com/wp-content/uploads/2022/07/resize2-1-2.jpg', 'e99c072d-2ab7-48ce-9f4d-ae00c16e3007', '2026-01-15T04:48:00.051875', '2026-01-15T04:48:00.051875');
INSERT INTO venues (id, name, street, street_number, phone, image_url, city_id, created_at, updated_at) VALUES ('5f00a279-3204-488e-8a22-1c959e417281', 'Cinestar Zenica', '12 Cinema Boulevard', '198', '+38733173279', 'https://www.hercegovina.info/img/repository/2018/01/image_640x396/1_61840717.jpg', '83e7b133-3cf1-413d-af03-3f3fd2275657', '2026-01-15T04:48:00.051904', '2026-01-15T04:48:00.051904');
INSERT INTO cinema_halls (id, name, venue_id, created_at, updated_at) VALUES ('f6779957-000c-48ec-8919-484a54941dac', 'Hall 1', '6c078dff-7264-477b-9c75-0fbb86ffafa6', '2026-01-15T04:48:00.052153', '2026-01-15T04:48:00.052153');
INSERT INTO cinema_halls (id, name, venue_id, created_at, updated_at) VALUES ('81059085-f2ca-4b4e-95f3-be4728c2aa0a', 'Hall 1', '364897bd-f579-4562-811f-a97dcf1a48b3', '2026-01-15T04:48:00.052199', '2026-01-15T04:48:00.052199');
INSERT INTO cinema_halls (id, name, venue_id, created_at, updated_at) VALUES ('ba547a79-3908-4660-a602-edd8403b7c5d', 'Hall 1', 'f542ab25-f300-4a51-8056-40fbd0396096', '2026-01-15T04:48:00.052234', '2026-01-15T04:48:00.052234');
INSERT INTO cinema_halls (id, name, venue_id, created_at, updated_at) VALUES ('223652cd-d2ab-4968-8a1e-349553055ce6', 'Hall 1', 'c1ca7c02-b550-4d86-92d9-2ca7b54f2082', '2026-01-15T04:48:00.052270', '2026-01-15T04:48:00.052270');
INSERT INTO cinema_halls (id, name, venue_id, created_at, updated_at) VALUES ('12e6090e-6add-4d2d-b65b-f586dca60bfa', 'Hall 1', '6f3928e9-1ce8-41f3-90d5-207abb069971', '2026-01-15T04:48:00.052302', '2026-01-15T04:48:00.052302');
INSERT INTO cinema_halls (id, name, venue_id, created_at, updated_at) VALUES ('877f2e71-c328-40ba-9e66-740145c3b9ea', 'Hall 1', 'a2254e0f-94f8-4427-83d8-691e4b66d8ca', '2026-01-15T04:48:00.052333', '2026-01-15T04:48:00.052333');
INSERT INTO cinema_halls (id, name, venue_id, created_at, updated_at) VALUES ('0572e6f5-a08d-48c0-9dc0-ce2eef6f3df9', 'Hall 1', '5a1fff63-822b-4b58-a269-c5c284202795', '2026-01-15T04:48:00.052364', '2026-01-15T04:48:00.052364');
INSERT INTO cinema_halls (id, name, venue_id, created_at, updated_at) VALUES ('24dacc2b-ba4f-4db2-98f5-597c052c7565', 'Hall 1', '0cdc75da-87d5-4a00-9f39-3c0834abccf0', '2026-01-15T04:48:00.052392', '2026-01-15T04:48:00.052392');
INSERT INTO cinema_halls (id, name, venue_id, created_at, updated_at) VALUES ('cab834d9-f539-47b1-a0df-a6ba84c95746', 'Hall 1', 'dbba570b-636c-4c91-b222-a03b98e2b9a0', '2026-01-15T04:48:00.052420', '2026-01-15T04:48:00.052420');
INSERT INTO cinema_halls (id, name, venue_id, created_at, updated_at) VALUES ('17b0293c-e4f6-4bec-ab09-f8e6da53166e', 'Hall 1', '9268f56f-a3e4-4648-9adf-4bf4b27e4907', '2026-01-15T04:48:00.052450', '2026-01-15T04:48:00.052450');
INSERT INTO cinema_halls (id, name, venue_id, created_at, updated_at) VALUES ('b413cf46-2d80-423c-8003-e171d72fa0c8', 'Hall 1', '5f00a279-3204-488e-8a22-1c959e417281', '2026-01-15T04:48:00.052480', '2026-01-15T04:48:00.052480');
INSERT INTO hall_seats (id, cinema_hall_id, seat_type_id, seat_code, created_at, updated_at) VALUES ('5629bc21-b120-4406-a7f9-9ddd2b20c15f', 'f6779957-000c-48ec-8919-484a54941dac', 'cf0ea588-a6ac-4774-95e6-54494a211c06', 'A1', '2026-01-15T04:48:00.052859', '2026-01-15T04:48:00.052859');
INSERT INTO hall_seats (id, cinema_hall_id, seat_type_id, seat_code, created_at, updated_at) VALUES ('3ba6a1a5-b67d-46c8-a37b-5272eb08788d', 'f6779957-000c-48ec-8919-484a54941dac', 'cf0ea588-a6ac-4774-95e6-54494a211c06', 'A2', '2026-01-15T04:48:00.052859', '2026-01-15T04:48:00.052859');
INSERT INTO hall_seats (id, cinema_hall_id, seat_type_id, seat_code, created_at, updated_at) VALUES ('b8cb90c6-916f-4e1f-a874-799e3891774f', 'f6779957-000c-48ec-8919-484a54941dac', 'cf0ea588-a6ac-4774-95e6-54494a211c06', 'A3', '2026-01-15T04:48:00.052859', '2026-01-15T04:48:00.052859');
INSERT INTO hall_seats (id, cinema_hall_id, seat_type_id, seat_code, created_at, updated_at) VALUES ('ba0f9014-909f-437a-a9a4-89e14828cd47', 'f6779957-000c-48ec-8919-484a54941dac', 'cf0ea588-a6ac-4774-95e6-54494a211c06', 'A4', '2026-01-15T04:48:00.052859', '2026-01-15T04:48:00.052859');
INSERT INTO hall_seats (id, cinema_hall_id, seat_type_id, seat_code, created_at, updated_at) VALUES ('6492d670-c25d-42e4-83cf-526b99a70b77', 'f6779957-000c-48ec-8919-484a54941dac', 'cf0ea588-a6ac-4774-95e6-54494a211c06', 'A5', '2026-01-15T04:48:00.052859', '2026-01-15T04:48:00.052859');
INSERT INTO hall_seats (id, cinema_hall_id, seat_type_id, seat_code, created_at, updated_at) VALUES ('b168edc1-e594-45b3-a778-bd398cdd764a', 'f6779957-000c-48ec-8919-484a54941dac', 'cf0ea588-a6ac-4774-95e6-54494a211c06', 'A6', '2026-01-15T04:48:00.052859', '2026-01-15T04:48:00.052859');
INSERT INTO hall_seats (id, cinema_hall_id, seat_type_id, seat_code, created_at, updated_at) VALUES ('f0a753f7-d93e-4e27-b74d-33c0a9ae6c92', 'f6779957-000c-48ec-8919-484a54941dac', 'cf0ea588-a6ac-4774-95e6-54494a211c06', 'A7', '2026-01-15T04:48:00.052859', '2026-01-15T04:48:00.052859');
INSERT INTO hall_seats (id, cinema_hall_id, seat_type_id, seat_code, created_at, updated_at) VALUES ('81e941c9-7dd3-4f2c-9ed8-bf8f15787527', 'f6779957-000c-48ec-8919-484a54941dac', 'cf0ea588-a6ac-4774-95e6-54494a211c06', 'A8', '2026-01-15T04:48:00.052859', '2026-01-15T04:48:00.052859');
INSERT INTO hall_seats (id, cinema_hall_id, seat_type_id, seat_code, created_at, updated_at) VALUES ('73cb7929-5d5e-4c5c-beff-047d5dc40bce', 'f6779957-000c-48ec-8919-484a54941dac', 'cf0ea588-a6ac-4774-95e6-54494a211c06', 'B1', '2026-01-15T04:48:00.053070', '2026-01-15T04:48:00.053070');
INSERT INTO hall_seats (id, cinema_hall_id, seat_type_id, seat_code, created_at, updated_at) VALUES ('4fda7698-cbf0-4ab1-ab23-0b3557731595', 'f6779957-000c-48ec-8919-484a54941dac', 'cf0ea588-a6ac-4774-95e6-54494a211c06', 'B2', '2026-01-15T04:48:00.053070', '2026-01-15T04:48:00.053070');
INSERT INTO hall_seats (id, cinema_hall_id, seat_type_id, seat_code, created_at, updated_at) VALUES ('b6898777-faf2-4f64-87fe-2476cb9fc196', 'f6779957-000c-48ec-8919-484a54941dac', 'cf0ea588-a6ac-4774-95e6-54494a211c06', 'B3', '2026-01-15T04:48:00.053070', '2026-01-15T04:48:00.053070');
INSERT INTO hall_seats (id, cinema_hall_id, seat_type_id, seat_code, created_at, updated_at) VALUES ('7cd02a44-1ef5-4e4f-b376-11fa19fc195a', 'f6779957-000c-48ec-8919-484a54941dac', 'cf0ea588-a6ac-4774-95e6-54494a211c06', 'B4', '2026-01-15T04:48:00.053070', '2026-01-15T04:48:00.053070');
INSERT INTO hall_seats (id, cinema_hall_id, seat_type_id, seat_code, created_at, updated_at) VALUES ('6b1fbeae-752e-4347-a368-fb388767b636', 'f6779957-000c-48ec-8919-484a54941dac', 'cf0ea588-a6ac-4774-95e6-54494a211c06', 'B5', '2026-01-15T04:48:00.053070', '2026-01-15T04:48:00.053070');
INSERT INTO hall_seats (id, cinema_hall_id, seat_type_id, seat_code, created_at, updated_at) VALUES ('7d8ed47e-3736-4627-936d-72c79e69cc04', 'f6779957-000c-48ec-8919-484a54941dac', 'cf0ea588-a6ac-4774-95e6-54494a211c06', 'B6', '2026-01-15T04:48:00.053070', '2026-01-15T04:48:00.053070');
INSERT INTO hall_seats (id, cinema_hall_id, seat_type_id, seat_code, created_at, updated_at) VALUES ('fc721378-3895-401f-931b-6a8961e81f52', 'f6779957-000c-48ec-8919-484a54941dac', 'cf0ea588-a6ac-4774-95e6-54494a211c06', 'B7', '2026-01-15T04:48:00.053070', '2026-01-15T04:48:00.053070');
INSERT INTO hall_seats (id, cinema_hall_id, seat_type_id, seat_code, created_at, updated_at) VALUES ('3d6de394-6622-4182-814c-cc751a6ebff0', 'f6779957-000c-48ec-8919-484a54941dac', 'cf0ea588-a6ac-4774-95e6-54494a211c06', 'B8', '2026-01-15T04:48:00.053070', '2026-01-15T04:48:00.053070');
INSERT INTO hall_seats (id, cinema_hall_id, seat_type_id, seat_code, created_at, updated_at) VALUES ('3dd5d2b1-37e5-42d9-9daa-7131cfb10fbe', 'f6779957-000c-48ec-8919-484a54941dac', 'cf0ea588-a6ac-4774-95e6-54494a211c06', 'C1', '2026-01-15T04:48:00.053219', '2026-01-15T04:48:00.053219');
INSERT INTO hall_seats (id, cinema_hall_id, seat_type_id, seat_code, created_at, updated_at) VALUES ('9a732564-3c47-4375-9842-468095de1207', 'f6779957-000c-48ec-8919-484a54941dac', 'cf0ea588-a6ac-4774-95e6-54494a211c06', 'C2', '2026-01-15T04:48:00.053219', '2026-01-15T04:48:00.053219');
INSERT INTO hall_seats (id, cinema_hall_id, seat_type_id, seat_code, created_at, updated_at) VALUES ('e97c99b4-5ef0-4cf2-a954-7775684bf688', 'f6779957-000c-48ec-8919-484a54941dac', 'cf0ea588-a6ac-4774-95e6-54494a211c06', 'C3', '2026-01-15T04:48:00.053219', '2026-01-15T04:48:00.053219');
INSERT INTO hall_seats (id, cinema_hall_id, seat_type_id, seat_code, created_at, updated_at) VALUES ('f03ecefd-895e-43bc-baed-7d1a8f79dc99', 'f6779957-000c-48ec-8919-484a54941dac', 'cf0ea588-a6ac-4774-95e6-54494a211c06', 'C4', '2026-01-15T04:48:00.053219', '2026-01-15T04:48:00.053219');
INSERT INTO hall_seats (id, cinema_hall_id, seat_type_id, seat_code, created_at, updated_at) VALUES ('9347e6e8-8c17-43eb-9fa2-0038dc5f8490', 'f6779957-000c-48ec-8919-484a54941dac', 'cf0ea588-a6ac-4774-95e6-54494a211c06', 'C5', '2026-01-15T04:48:00.053219', '2026-01-15T04:48:00.053219');
INSERT INTO hall_seats (id, cinema_hall_id, seat_type_id, seat_code, created_at, updated_at) VALUES ('e2864467-9e0f-47fc-a09d-b06194e815c1', 'f6779957-000c-48ec-8919-484a54941dac', 'cf0ea588-a6ac-4774-95e6-54494a211c06', 'C6', '2026-01-15T04:48:00.053219', '2026-01-15T04:48:00.053219');
INSERT INTO hall_seats (id, cinema_hall_id, seat_type_id, seat_code, created_at, updated_at) VALUES ('58d84abb-f2b7-4431-a1bc-35963bc1d38b', 'f6779957-000c-48ec-8919-484a54941dac', 'cf0ea588-a6ac-4774-95e6-54494a211c06', 'C7', '2026-01-15T04:48:00.053219', '2026-01-15T04:48:00.053219');
INSERT INTO hall_seats (id, cinema_hall_id, seat_type_id, seat_code, created_at, updated_at) VALUES ('b36fe8bc-9eb3-467c-91d0-7445a66631b5', 'f6779957-000c-48ec-8919-484a54941dac', 'cf0ea588-a6ac-4774-95e6-54494a211c06', 'C8', '2026-01-15T04:48:00.053219', '2026-01-15T04:48:00.053219');
INSERT INTO hall_seats (id, cinema_hall_id, seat_type_id, seat_code, created_at, updated_at) VALUES ('2cb5ec63-2025-429b-837b-cd7c74655eee', 'f6779957-000c-48ec-8919-484a54941dac', 'cf0ea588-a6ac-4774-95e6-54494a211c06', 'D1', '2026-01-15T04:48:00.053366', '2026-01-15T04:48:00.053366');
INSERT INTO hall_seats (id, cinema_hall_id, seat_type_id, seat_code, created_at, updated_at) VALUES ('a4b26adc-74fa-4da2-8431-6c8f4300805e', 'f6779957-000c-48ec-8919-484a54941dac', 'cf0ea588-a6ac-4774-95e6-54494a211c06', 'D2', '2026-01-15T04:48:00.053366', '2026-01-15T04:48:00.053366');
INSERT INTO hall_seats (id, cinema_hall_id, seat_type_id, seat_code, created_at, updated_at) VALUES ('958eac01-d85f-4556-aa95-92861bde72e5', 'f6779957-000c-48ec-8919-484a54941dac', 'cf0ea588-a6ac-4774-95e6-54494a211c06', 'D3', '2026-01-15T04:48:00.053366', '2026-01-15T04:48:00.053366');
INSERT INTO hall_seats (id, cinema_hall_id, seat_type_id, seat_code, created_at, updated_at) VALUES ('72eba81e-ca75-47d3-9eb3-233142910345', 'f6779957-000c-48ec-8919-484a54941dac', 'cf0ea588-a6ac-4774-95e6-54494a211c06', 'D4', '2026-01-15T04:48:00.053366', '2026-01-15T04:48:00.053366');
INSERT INTO hall_seats (id, cinema_hall_id, seat_type_id, seat_code, created_at, updated_at) VALUES ('e90cc929-e537-44d4-940d-b8a9dda62ef2', 'f6779957-000c-48ec-8919-484a54941dac', 'cf0ea588-a6ac-4774-95e6-54494a211c06', 'D5', '2026-01-15T04:48:00.053366', '2026-01-15T04:48:00.053366');
INSERT INTO hall_seats (id, cinema_hall_id, seat_type_id, seat_code, created_at, updated_at) VALUES ('24e90dac-9bc1-484e-bf9c-8fb706f84caf', 'f6779957-000c-48ec-8919-484a54941dac', 'cf0ea588-a6ac-4774-95e6-54494a211c06', 'D6', '2026-01-15T04:48:00.053366', '2026-01-15T04:48:00.053366');
INSERT INTO hall_seats (id, cinema_hall_id, seat_type_id, seat_code, created_at, updated_at) VALUES ('bb2c5d13-fbe8-4073-a052-6f01fc14f3c1', 'f6779957-000c-48ec-8919-484a54941dac', 'cf0ea588-a6ac-4774-95e6-54494a211c06', 'D7', '2026-01-15T04:48:00.053366', '2026-01-15T04:48:00.053366');
INSERT INTO hall_seats (id, cinema_hall_id, seat_type_id, seat_code, created_at, updated_at) VALUES ('64f7136c-0b80-4f04-b7b5-5cadaeff2d55', 'f6779957-000c-48ec-8919-484a54941dac', 'cf0ea588-a6ac-4774-95e6-54494a211c06', 'D8', '2026-01-15T04:48:00.053366', '2026-01-15T04:48:00.053366');
INSERT INTO hall_seats (id, cinema_hall_id, seat_type_id, seat_code, created_at, updated_at) VALUES ('007502c6-8789-40c5-b0f1-078ccb8d6b34', 'f6779957-000c-48ec-8919-484a54941dac', 'cf0ea588-a6ac-4774-95e6-54494a211c06', 'E1', '2026-01-15T04:48:00.053501', '2026-01-15T04:48:00.053501');
INSERT INTO hall_seats (id, cinema_hall_id, seat_type_id, seat_code, created_at, updated_at) VALUES ('00bfa89a-7db0-4e3f-aa80-07e6522ad485', 'f6779957-000c-48ec-8919-484a54941dac', 'cf0ea588-a6ac-4774-95e6-54494a211c06', 'E2', '2026-01-15T04:48:00.053501', '2026-01-15T04:48:00.053501');
INSERT INTO hall_seats (id, cinema_hall_id, seat_type_id, seat_code, created_at, updated_at) VALUES ('a8d9f20f-2a41-4478-8f65-49da7d99baf0', 'f6779957-000c-48ec-8919-484a54941dac', 'cf0ea588-a6ac-4774-95e6-54494a211c06', 'E3', '2026-01-15T04:48:00.053501', '2026-01-15T04:48:00.053501');
INSERT INTO hall_seats (id, cinema_hall_id, seat_type_id, seat_code, created_at, updated_at) VALUES ('9392f3c9-fa59-473c-beea-e92bec7d4da8', 'f6779957-000c-48ec-8919-484a54941dac', 'cf0ea588-a6ac-4774-95e6-54494a211c06', 'E4', '2026-01-15T04:48:00.053501', '2026-01-15T04:48:00.053501');
INSERT INTO hall_seats (id, cinema_hall_id, seat_type_id, seat_code, created_at, updated_at) VALUES ('60756feb-13ab-4acf-90e3-5e31011d3367', 'f6779957-000c-48ec-8919-484a54941dac', 'cf0ea588-a6ac-4774-95e6-54494a211c06', 'E5', '2026-01-15T04:48:00.053501', '2026-01-15T04:48:00.053501');
INSERT INTO hall_seats (id, cinema_hall_id, seat_type_id, seat_code, created_at, updated_at) VALUES ('10fcd31a-f6f5-4304-adc6-fe15fe1cf04c', 'f6779957-000c-48ec-8919-484a54941dac', 'cf0ea588-a6ac-4774-95e6-54494a211c06', 'E6', '2026-01-15T04:48:00.053501', '2026-01-15T04:48:00.053501');
INSERT INTO hall_seats (id, cinema_hall_id, seat_type_id, seat_code, created_at, updated_at) VALUES ('6b99e87a-c8ac-49e8-b161-ad02cdc2d9dd', 'f6779957-000c-48ec-8919-484a54941dac', 'cf0ea588-a6ac-4774-95e6-54494a211c06', 'E7', '2026-01-15T04:48:00.053501', '2026-01-15T04:48:00.053501');
INSERT INTO hall_seats (id, cinema_hall_id, seat_type_id, seat_code, created_at, updated_at) VALUES ('9c476a10-8261-458d-81c1-549bed5729e3', 'f6779957-000c-48ec-8919-484a54941dac', 'cf0ea588-a6ac-4774-95e6-54494a211c06', 'E8', '2026-01-15T04:48:00.053501', '2026-01-15T04:48:00.053501');
INSERT INTO hall_seats (id, cinema_hall_id, seat_type_id, seat_code, created_at, updated_at) VALUES ('266ba4db-8203-44e8-b66a-05bbcc91db61', 'f6779957-000c-48ec-8919-484a54941dac', 'cf0ea588-a6ac-4774-95e6-54494a211c06', 'F1', '2026-01-15T04:48:00.053625', '2026-01-15T04:48:00.053625');
INSERT INTO hall_seats (id, cinema_hall_id, seat_type_id, seat_code, created_at, updated_at) VALUES ('76055514-b2f1-48a1-a7fb-0c8c8f83126b', 'f6779957-000c-48ec-8919-484a54941dac', 'cf0ea588-a6ac-4774-95e6-54494a211c06', 'F2', '2026-01-15T04:48:00.053625', '2026-01-15T04:48:00.053625');
INSERT INTO hall_seats (id, cinema_hall_id, seat_type_id, seat_code, created_at, updated_at) VALUES ('0c0fe55e-4dd0-43fd-a215-7f4aea7222be', 'f6779957-000c-48ec-8919-484a54941dac', 'cf0ea588-a6ac-4774-95e6-54494a211c06', 'F3', '2026-01-15T04:48:00.053625', '2026-01-15T04:48:00.053625');
INSERT INTO hall_seats (id, cinema_hall_id, seat_type_id, seat_code, created_at, updated_at) VALUES ('95b27a64-fc65-439a-b0a9-2b346b356b03', 'f6779957-000c-48ec-8919-484a54941dac', 'cf0ea588-a6ac-4774-95e6-54494a211c06', 'F4', '2026-01-15T04:48:00.053625', '2026-01-15T04:48:00.053625');
INSERT INTO hall_seats (id, cinema_hall_id, seat_type_id, seat_code, created_at, updated_at) VALUES ('d8164aea-f712-4476-a5a6-d94438564238', 'f6779957-000c-48ec-8919-484a54941dac', 'cf0ea588-a6ac-4774-95e6-54494a211c06', 'F5', '2026-01-15T04:48:00.053625', '2026-01-15T04:48:00.053625');
INSERT INTO hall_seats (id, cinema_hall_id, seat_type_id, seat_code, created_at, updated_at) VALUES ('92c1e191-aacf-485a-b658-96bb777ab460', 'f6779957-000c-48ec-8919-484a54941dac', 'cf0ea588-a6ac-4774-95e6-54494a211c06', 'F6', '2026-01-15T04:48:00.053625', '2026-01-15T04:48:00.053625');
INSERT INTO hall_seats (id, cinema_hall_id, seat_type_id, seat_code, created_at, updated_at) VALUES ('c463e33b-ebfb-4036-9d38-d7a2382d0ece', 'f6779957-000c-48ec-8919-484a54941dac', 'cf0ea588-a6ac-4774-95e6-54494a211c06', 'F7', '2026-01-15T04:48:00.053625', '2026-01-15T04:48:00.053625');
INSERT INTO hall_seats (id, cinema_hall_id, seat_type_id, seat_code, created_at, updated_at) VALUES ('86cbc095-4d87-4d0d-b22b-5c72e6db13e1', 'f6779957-000c-48ec-8919-484a54941dac', 'cf0ea588-a6ac-4774-95e6-54494a211c06', 'F8', '2026-01-15T04:48:00.053625', '2026-01-15T04:48:00.053625');
INSERT INTO hall_seats (id, cinema_hall_id, seat_type_id, seat_code, created_at, updated_at) VALUES ('7a0d7d7c-e8bd-441e-aca8-d9f1d44220ff', 'f6779957-000c-48ec-8919-484a54941dac', '04023e7d-e443-4771-bacd-751aadbb482e', 'G1', '2026-01-15T04:48:00.053724', '2026-01-15T04:48:00.053724');
INSERT INTO hall_seats (id, cinema_hall_id, seat_type_id, seat_code, created_at, updated_at) VALUES ('4accfa64-6afe-4042-9d51-864a877ee625', 'f6779957-000c-48ec-8919-484a54941dac', '04023e7d-e443-4771-bacd-751aadbb482e', 'G2', '2026-01-15T04:48:00.053724', '2026-01-15T04:48:00.053724');
INSERT INTO hall_seats (id, cinema_hall_id, seat_type_id, seat_code, created_at, updated_at) VALUES ('448d0c24-fbd0-4b22-9f17-4fab32b487e4', 'f6779957-000c-48ec-8919-484a54941dac', '04023e7d-e443-4771-bacd-751aadbb482e', 'G3', '2026-01-15T04:48:00.053724', '2026-01-15T04:48:00.053724');
INSERT INTO hall_seats (id, cinema_hall_id, seat_type_id, seat_code, created_at, updated_at) VALUES ('3093a5ce-951e-4b59-8579-fd352fdf25a5', 'f6779957-000c-48ec-8919-484a54941dac', '04023e7d-e443-4771-bacd-751aadbb482e', 'G4', '2026-01-15T04:48:00.053724', '2026-01-15T04:48:00.053724');
INSERT INTO hall_seats (id, cinema_hall_id, seat_type_id, seat_code, created_at, updated_at) VALUES ('8ce50263-f984-4837-918e-29b05c04dc2b', 'f6779957-000c-48ec-8919-484a54941dac', '04023e7d-e443-4771-bacd-751aadbb482e', 'G5', '2026-01-15T04:48:00.053724', '2026-01-15T04:48:00.053724');
INSERT INTO hall_seats (id, cinema_hall_id, seat_type_id, seat_code, created_at, updated_at) VALUES ('90e949ba-d03d-44dd-8f43-e455e298146a', 'f6779957-000c-48ec-8919-484a54941dac', '04023e7d-e443-4771-bacd-751aadbb482e', 'G6', '2026-01-15T04:48:00.053724', '2026-01-15T04:48:00.053724');
INSERT INTO hall_seats (id, cinema_hall_id, seat_type_id, seat_code, created_at, updated_at) VALUES ('51bf8b79-d945-477f-95e8-70c2c0d4b5b4', 'f6779957-000c-48ec-8919-484a54941dac', '04023e7d-e443-4771-bacd-751aadbb482e', 'G7', '2026-01-15T04:48:00.053724', '2026-01-15T04:48:00.053724');
INSERT INTO hall_seats (id, cinema_hall_id, seat_type_id, seat_code, created_at, updated_at) VALUES ('166b9bac-5762-4cf4-a621-608043d21070', 'f6779957-000c-48ec-8919-484a54941dac', '04023e7d-e443-4771-bacd-751aadbb482e', 'G8', '2026-01-15T04:48:00.053724', '2026-01-15T04:48:00.053724');
INSERT INTO hall_seats (id, cinema_hall_id, seat_type_id, seat_code, created_at, updated_at) VALUES ('8b93b7fc-d2c0-438b-89a7-29520de89e55', 'f6779957-000c-48ec-8919-484a54941dac', '04023e7d-e443-4771-bacd-751aadbb482e', 'H1', '2026-01-15T04:48:00.053818', '2026-01-15T04:48:00.053818');
INSERT INTO hall_seats (id, cinema_hall_id, seat_type_id, seat_code, created_at, updated_at) VALUES ('49874f05-b99b-40f8-998e-705d6e46b6d7', 'f6779957-000c-48ec-8919-484a54941dac', '04023e7d-e443-4771-bacd-751aadbb482e', 'H2', '2026-01-15T04:48:00.053818', '2026-01-15T04:48:00.053818');
INSERT INTO hall_seats (id, cinema_hall_id, seat_type_id, seat_code, created_at, updated_at) VALUES ('6eb22ece-60c9-434f-8e64-cedeebecc00d', 'f6779957-000c-48ec-8919-484a54941dac', '04023e7d-e443-4771-bacd-751aadbb482e', 'H3', '2026-01-15T04:48:00.053818', '2026-01-15T04:48:00.053818');
INSERT INTO hall_seats (id, cinema_hall_id, seat_type_id, seat_code, created_at, updated_at) VALUES ('ec123549-a2cb-4430-8ce8-004b160a74ea', 'f6779957-000c-48ec-8919-484a54941dac', '04023e7d-e443-4771-bacd-751aadbb482e', 'H4', '2026-01-15T04:48:00.053818', '2026-01-15T04:48:00.053818');
INSERT INTO hall_seats (id, cinema_hall_id, seat_type_id, seat_code, created_at, updated_at) VALUES ('605282b7-abce-4f44-a2a2-bac36cf12f83', 'f6779957-000c-48ec-8919-484a54941dac', '04023e7d-e443-4771-bacd-751aadbb482e', 'H5', '2026-01-15T04:48:00.053818', '2026-01-15T04:48:00.053818');
INSERT INTO hall_seats (id, cinema_hall_id, seat_type_id, seat_code, created_at, updated_at) VALUES ('223ae5ca-5d1e-4996-bff2-58d9ae6eb172', 'f6779957-000c-48ec-8919-484a54941dac', '04023e7d-e443-4771-bacd-751aadbb482e', 'H6', '2026-01-15T04:48:00.053818', '2026-01-15T04:48:00.053818');
INSERT INTO hall_seats (id, cinema_hall_id, seat_type_id, seat_code, created_at, updated_at) VALUES ('655bc140-4413-4778-935c-c71110cd10ad', 'f6779957-000c-48ec-8919-484a54941dac', '04023e7d-e443-4771-bacd-751aadbb482e', 'H7', '2026-01-15T04:48:00.053818', '2026-01-15T04:48:00.053818');
INSERT INTO hall_seats (id, cinema_hall_id, seat_type_id, seat_code, created_at, updated_at) VALUES ('07cfd8f3-3856-436e-a74c-590ab170e8ca', 'f6779957-000c-48ec-8919-484a54941dac', '04023e7d-e443-4771-bacd-751aadbb482e', 'H8', '2026-01-15T04:48:00.053818', '2026-01-15T04:48:00.053818');
INSERT INTO hall_seats (id, cinema_hall_id, seat_type_id, seat_code, created_at, updated_at) VALUES ('48d34255-d402-494c-93db-a0b8a9bd0d95', 'f6779957-000c-48ec-8919-484a54941dac', '25051a14-cd48-48a4-8b94-632c6c5132a0', 'I1', '2026-01-15T04:48:00.053941', '2026-01-15T04:48:00.053941');
INSERT INTO hall_seats (id, cinema_hall_id, seat_type_id, seat_code, created_at, updated_at) VALUES ('f36f2999-4977-478e-abd2-a6a15c281c05', 'f6779957-000c-48ec-8919-484a54941dac', '25051a14-cd48-48a4-8b94-632c6c5132a0', 'I2', '2026-01-15T04:48:00.053941', '2026-01-15T04:48:00.053941');
INSERT INTO hall_seats (id, cinema_hall_id, seat_type_id, seat_code, created_at, updated_at) VALUES ('1a49097b-441e-45f7-bbd2-be877fb74ada', 'f6779957-000c-48ec-8919-484a54941dac', '25051a14-cd48-48a4-8b94-632c6c5132a0', 'I3', '2026-01-15T04:48:00.053941', '2026-01-15T04:48:00.053941');
INSERT INTO hall_seats (id, cinema_hall_id, seat_type_id, seat_code, created_at, updated_at) VALUES ('9c43de00-dfd9-42fa-9b0a-c7aa6dc77d16', 'f6779957-000c-48ec-8919-484a54941dac', '25051a14-cd48-48a4-8b94-632c6c5132a0', 'I4', '2026-01-15T04:48:00.053941', '2026-01-15T04:48:00.053941');
INSERT INTO hall_seats (id, cinema_hall_id, seat_type_id, seat_code, created_at, updated_at) VALUES ('3075d25c-cd8a-4036-8f8e-537d45df8db6', '81059085-f2ca-4b4e-95f3-be4728c2aa0a', 'cf0ea588-a6ac-4774-95e6-54494a211c06', 'A1', '2026-01-15T04:48:00.053997', '2026-01-15T04:48:00.053997');
INSERT INTO hall_seats (id, cinema_hall_id, seat_type_id, seat_code, created_at, updated_at) VALUES ('b3749508-8911-4347-a07d-7cf16554e34a', '81059085-f2ca-4b4e-95f3-be4728c2aa0a', 'cf0ea588-a6ac-4774-95e6-54494a211c06', 'A2', '2026-01-15T04:48:00.053997', '2026-01-15T04:48:00.053997');
INSERT INTO hall_seats (id, cinema_hall_id, seat_type_id, seat_code, created_at, updated_at) VALUES ('2b225b8a-8ad7-4352-a71b-71591e77cf5a', '81059085-f2ca-4b4e-95f3-be4728c2aa0a', 'cf0ea588-a6ac-4774-95e6-54494a211c06', 'A3', '2026-01-15T04:48:00.053997', '2026-01-15T04:48:00.053997');
INSERT INTO hall_seats (id, cinema_hall_id, seat_type_id, seat_code, created_at, updated_at) VALUES ('27af7c62-60a6-4f8d-9c30-0413774623c2', '81059085-f2ca-4b4e-95f3-be4728c2aa0a', 'cf0ea588-a6ac-4774-95e6-54494a211c06', 'A4', '2026-01-15T04:48:00.053997', '2026-01-15T04:48:00.053997');
INSERT INTO hall_seats (id, cinema_hall_id, seat_type_id, seat_code, created_at, updated_at) VALUES ('4014da6b-f786-4394-a326-79dee3f2a432', '81059085-f2ca-4b4e-95f3-be4728c2aa0a', 'cf0ea588-a6ac-4774-95e6-54494a211c06', 'A5', '2026-01-15T04:48:00.053997', '2026-01-15T04:48:00.053997');
INSERT INTO hall_seats (id, cinema_hall_id, seat_type_id, seat_code, created_at, updated_at) VALUES ('68258220-68b8-43e3-a096-537fdc436a48', '81059085-f2ca-4b4e-95f3-be4728c2aa0a', 'cf0ea588-a6ac-4774-95e6-54494a211c06', 'A6', '2026-01-15T04:48:00.053997', '2026-01-15T04:48:00.053997');
INSERT INTO hall_seats (id, cinema_hall_id, seat_type_id, seat_code, created_at, updated_at) VALUES ('0641b369-8441-4a1f-bd2b-2c1512138ccd', '81059085-f2ca-4b4e-95f3-be4728c2aa0a', 'cf0ea588-a6ac-4774-95e6-54494a211c06', 'A7', '2026-01-15T04:48:00.053997', '2026-01-15T04:48:00.053997');
INSERT INTO hall_seats (id, cinema_hall_id, seat_type_id, seat_code, created_at, updated_at) VALUES ('09ab148f-0223-43b5-af83-70554fcc610c', '81059085-f2ca-4b4e-95f3-be4728c2aa0a', 'cf0ea588-a6ac-4774-95e6-54494a211c06', 'A8', '2026-01-15T04:48:00.053997', '2026-01-15T04:48:00.053997');
INSERT INTO hall_seats (id, cinema_hall_id, seat_type_id, seat_code, created_at, updated_at) VALUES ('8a36b4ea-1d41-4e01-b9ba-29358e71630f', '81059085-f2ca-4b4e-95f3-be4728c2aa0a', 'cf0ea588-a6ac-4774-95e6-54494a211c06', 'B1', '2026-01-15T04:48:00.054086', '2026-01-15T04:48:00.054086');
INSERT INTO hall_seats (id, cinema_hall_id, seat_type_id, seat_code, created_at, updated_at) VALUES ('9992aa2d-2d0b-4ec7-84d4-090f25a8bc60', '81059085-f2ca-4b4e-95f3-be4728c2aa0a', 'cf0ea588-a6ac-4774-95e6-54494a211c06', 'B2', '2026-01-15T04:48:00.054086', '2026-01-15T04:48:00.054086');
INSERT INTO hall_seats (id, cinema_hall_id, seat_type_id, seat_code, created_at, updated_at) VALUES ('030aabb8-c6f4-4e30-b80d-51dc4c13120e', '81059085-f2ca-4b4e-95f3-be4728c2aa0a', 'cf0ea588-a6ac-4774-95e6-54494a211c06', 'B3', '2026-01-15T04:48:00.054086', '2026-01-15T04:48:00.054086');
INSERT INTO hall_seats (id, cinema_hall_id, seat_type_id, seat_code, created_at, updated_at) VALUES ('781eb07b-b8c8-43d5-9baf-008712fccfa3', '81059085-f2ca-4b4e-95f3-be4728c2aa0a', 'cf0ea588-a6ac-4774-95e6-54494a211c06', 'B4', '2026-01-15T04:48:00.054086', '2026-01-15T04:48:00.054086');
INSERT INTO hall_seats (id, cinema_hall_id, seat_type_id, seat_code, created_at, updated_at) VALUES ('c25f771a-1519-4c87-af67-d69463d83664', '81059085-f2ca-4b4e-95f3-be4728c2aa0a', 'cf0ea588-a6ac-4774-95e6-54494a211c06', 'B5', '2026-01-15T04:48:00.054086', '2026-01-15T04:48:00.054086');
INSERT INTO hall_seats (id, cinema_hall_id, seat_type_id, seat_code, created_at, updated_at) VALUES ('66549823-fd29-43cd-b6dc-e7e578bb1a2a', '81059085-f2ca-4b4e-95f3-be4728c2aa0a', 'cf0ea588-a6ac-4774-95e6-54494a211c06', 'B6', '2026-01-15T04:48:00.054086', '2026-01-15T04:48:00.054086');
INSERT INTO hall_seats (id, cinema_hall_id, seat_type_id, seat_code, created_at, updated_at) VALUES ('904a976b-dfb5-42c2-b759-0c3f99a16853', '81059085-f2ca-4b4e-95f3-be4728c2aa0a', 'cf0ea588-a6ac-4774-95e6-54494a211c06', 'B7', '2026-01-15T04:48:00.054086', '2026-01-15T04:48:00.054086');
INSERT INTO hall_seats (id, cinema_hall_id, seat_type_id, seat_code, created_at, updated_at) VALUES ('98251f81-ba2d-46f1-a653-44255f82a860', '81059085-f2ca-4b4e-95f3-be4728c2aa0a', 'cf0ea588-a6ac-4774-95e6-54494a211c06', 'B8', '2026-01-15T04:48:00.054086', '2026-01-15T04:48:00.054086');
INSERT INTO hall_seats (id, cinema_hall_id, seat_type_id, seat_code, created_at, updated_at) VALUES ('03ef22f5-2048-4a5c-8a94-404da99a126e', '81059085-f2ca-4b4e-95f3-be4728c2aa0a', 'cf0ea588-a6ac-4774-95e6-54494a211c06', 'C1', '2026-01-15T04:48:00.054179', '2026-01-15T04:48:00.054179');
INSERT INTO hall_seats (id, cinema_hall_id, seat_type_id, seat_code, created_at, updated_at) VALUES ('7f904085-c45a-464d-918f-e048623c2dad', '81059085-f2ca-4b4e-95f3-be4728c2aa0a', 'cf0ea588-a6ac-4774-95e6-54494a211c06', 'C2', '2026-01-15T04:48:00.054179', '2026-01-15T04:48:00.054179');
INSERT INTO hall_seats (id, cinema_hall_id, seat_type_id, seat_code, created_at, updated_at) VALUES ('69152578-39fe-4ddd-b79f-777690276b74', '81059085-f2ca-4b4e-95f3-be4728c2aa0a', 'cf0ea588-a6ac-4774-95e6-54494a211c06', 'C3', '2026-01-15T04:48:00.054179', '2026-01-15T04:48:00.054179');
INSERT INTO hall_seats (id, cinema_hall_id, seat_type_id, seat_code, created_at, updated_at) VALUES ('bd266eef-b54f-4b86-9681-cf591b9be626', '81059085-f2ca-4b4e-95f3-be4728c2aa0a', 'cf0ea588-a6ac-4774-95e6-54494a211c06', 'C4', '2026-01-15T04:48:00.054179', '2026-01-15T04:48:00.054179');
INSERT INTO hall_seats (id, cinema_hall_id, seat_type_id, seat_code, created_at, updated_at) VALUES ('fa03af1d-8750-48f3-ae9b-e87a01b5c5d2', '81059085-f2ca-4b4e-95f3-be4728c2aa0a', 'cf0ea588-a6ac-4774-95e6-54494a211c06', 'C5', '2026-01-15T04:48:00.054179', '2026-01-15T04:48:00.054179');
INSERT INTO hall_seats (id, cinema_hall_id, seat_type_id, seat_code, created_at, updated_at) VALUES ('7d9a998a-7e31-46ac-a0a0-bd5d5e434a45', '81059085-f2ca-4b4e-95f3-be4728c2aa0a', 'cf0ea588-a6ac-4774-95e6-54494a211c06', 'C6', '2026-01-15T04:48:00.054179', '2026-01-15T04:48:00.054179');
INSERT INTO hall_seats (id, cinema_hall_id, seat_type_id, seat_code, created_at, updated_at) VALUES ('8e021d59-4a77-4b4a-9b60-d05739d09006', '81059085-f2ca-4b4e-95f3-be4728c2aa0a', 'cf0ea588-a6ac-4774-95e6-54494a211c06', 'C7', '2026-01-15T04:48:00.054179', '2026-01-15T04:48:00.054179');
INSERT INTO hall_seats (id, cinema_hall_id, seat_type_id, seat_code, created_at, updated_at) VALUES ('07aab0c9-6067-41e2-a16a-99a3126a058b', '81059085-f2ca-4b4e-95f3-be4728c2aa0a', 'cf0ea588-a6ac-4774-95e6-54494a211c06', 'C8', '2026-01-15T04:48:00.054179', '2026-01-15T04:48:00.054179');
INSERT INTO hall_seats (id, cinema_hall_id, seat_type_id, seat_code, created_at, updated_at) VALUES ('b56e03f3-9b40-4500-9a8a-5bd0f2b61279', '81059085-f2ca-4b4e-95f3-be4728c2aa0a', 'cf0ea588-a6ac-4774-95e6-54494a211c06', 'D1', '2026-01-15T04:48:00.054319', '2026-01-15T04:48:00.054319');
INSERT INTO hall_seats (id, cinema_hall_id, seat_type_id, seat_code, created_at, updated_at) VALUES ('4733837f-9195-4303-b10a-a28fff810c29', '81059085-f2ca-4b4e-95f3-be4728c2aa0a', 'cf0ea588-a6ac-4774-95e6-54494a211c06', 'D2', '2026-01-15T04:48:00.054319', '2026-01-15T04:48:00.054319');
INSERT INTO hall_seats (id, cinema_hall_id, seat_type_id, seat_code, created_at, updated_at) VALUES ('b07e730c-3c43-4c55-9850-7743f4be546f', '81059085-f2ca-4b4e-95f3-be4728c2aa0a', 'cf0ea588-a6ac-4774-95e6-54494a211c06', 'D3', '2026-01-15T04:48:00.054319', '2026-01-15T04:48:00.054319');
INSERT INTO hall_seats (id, cinema_hall_id, seat_type_id, seat_code, created_at, updated_at) VALUES ('92ff4ff6-1125-4b73-84cb-2fb61b4c5d8f', '81059085-f2ca-4b4e-95f3-be4728c2aa0a', 'cf0ea588-a6ac-4774-95e6-54494a211c06', 'D4', '2026-01-15T04:48:00.054319', '2026-01-15T04:48:00.054319');
INSERT INTO hall_seats (id, cinema_hall_id, seat_type_id, seat_code, created_at, updated_at) VALUES ('94f63aa8-25f3-47ee-b8b3-52fdb5a4ee30', '81059085-f2ca-4b4e-95f3-be4728c2aa0a', 'cf0ea588-a6ac-4774-95e6-54494a211c06', 'D5', '2026-01-15T04:48:00.054319', '2026-01-15T04:48:00.054319');
INSERT INTO hall_seats (id, cinema_hall_id, seat_type_id, seat_code, created_at, updated_at) VALUES ('7eea782f-0e3b-422b-bbe3-0d2c4e2a1934', '81059085-f2ca-4b4e-95f3-be4728c2aa0a', 'cf0ea588-a6ac-4774-95e6-54494a211c06', 'D6', '2026-01-15T04:48:00.054319', '2026-01-15T04:48:00.054319');
INSERT INTO hall_seats (id, cinema_hall_id, seat_type_id, seat_code, created_at, updated_at) VALUES ('b00548e9-d453-45bf-86cd-687ad55aaa63', '81059085-f2ca-4b4e-95f3-be4728c2aa0a', 'cf0ea588-a6ac-4774-95e6-54494a211c06', 'D7', '2026-01-15T04:48:00.054319', '2026-01-15T04:48:00.054319');
INSERT INTO hall_seats (id, cinema_hall_id, seat_type_id, seat_code, created_at, updated_at) VALUES ('7c4b0433-e291-4c91-8fc7-46cd952d8ce5', '81059085-f2ca-4b4e-95f3-be4728c2aa0a', 'cf0ea588-a6ac-4774-95e6-54494a211c06', 'D8', '2026-01-15T04:48:00.054319', '2026-01-15T04:48:00.054319');
INSERT INTO hall_seats (id, cinema_hall_id, seat_type_id, seat_code, created_at, updated_at) VALUES ('ce35812f-ab96-420b-be37-ac73f2118529', '81059085-f2ca-4b4e-95f3-be4728c2aa0a', 'cf0ea588-a6ac-4774-95e6-54494a211c06', 'E1', '2026-01-15T04:48:00.054436', '2026-01-15T04:48:00.054436');
INSERT INTO hall_seats (id, cinema_hall_id, seat_type_id, seat_code, created_at, updated_at) VALUES ('4cf04af8-f953-400f-9cd3-28876061b4e6', '81059085-f2ca-4b4e-95f3-be4728c2aa0a', 'cf0ea588-a6ac-4774-95e6-54494a211c06', 'E2', '2026-01-15T04:48:00.054436', '2026-01-15T04:48:00.054436');
INSERT INTO hall_seats (id, cinema_hall_id, seat_type_id, seat_code, created_at, updated_at) VALUES ('722f4122-35f0-4647-bf87-002b8cbf96aa', '81059085-f2ca-4b4e-95f3-be4728c2aa0a', 'cf0ea588-a6ac-4774-95e6-54494a211c06', 'E3', '2026-01-15T04:48:00.054436', '2026-01-15T04:48:00.054436');
INSERT INTO hall_seats (id, cinema_hall_id, seat_type_id, seat_code, created_at, updated_at) VALUES ('1419dd8e-b557-4d24-a344-4f08c3c28c65', '81059085-f2ca-4b4e-95f3-be4728c2aa0a', 'cf0ea588-a6ac-4774-95e6-54494a211c06', 'E4', '2026-01-15T04:48:00.054436', '2026-01-15T04:48:00.054436');
INSERT INTO hall_seats (id, cinema_hall_id, seat_type_id, seat_code, created_at, updated_at) VALUES ('5deb2231-c7b1-4308-a4c2-58a67b5b4b9b', '81059085-f2ca-4b4e-95f3-be4728c2aa0a', 'cf0ea588-a6ac-4774-95e6-54494a211c06', 'E5', '2026-01-15T04:48:00.054436', '2026-01-15T04:48:00.054436');
INSERT INTO hall_seats (id, cinema_hall_id, seat_type_id, seat_code, created_at, updated_at) VALUES ('1dc1225e-fd81-422d-8066-dbda46721f28', '81059085-f2ca-4b4e-95f3-be4728c2aa0a', 'cf0ea588-a6ac-4774-95e6-54494a211c06', 'E6', '2026-01-15T04:48:00.054436', '2026-01-15T04:48:00.054436');
INSERT INTO hall_seats (id, cinema_hall_id, seat_type_id, seat_code, created_at, updated_at) VALUES ('f697c3c7-0f63-449d-8d70-2c5b8404360f', '81059085-f2ca-4b4e-95f3-be4728c2aa0a', 'cf0ea588-a6ac-4774-95e6-54494a211c06', 'E7', '2026-01-15T04:48:00.054436', '2026-01-15T04:48:00.054436');
INSERT INTO hall_seats (id, cinema_hall_id, seat_type_id, seat_code, created_at, updated_at) VALUES ('26616585-e4ea-42b9-907b-67211e165908', '81059085-f2ca-4b4e-95f3-be4728c2aa0a', 'cf0ea588-a6ac-4774-95e6-54494a211c06', 'E8', '2026-01-15T04:48:00.054436', '2026-01-15T04:48:00.054436');
INSERT INTO hall_seats (id, cinema_hall_id, seat_type_id, seat_code, created_at, updated_at) VALUES ('17acd269-8266-4f36-b9e5-404f1a796737', '81059085-f2ca-4b4e-95f3-be4728c2aa0a', 'cf0ea588-a6ac-4774-95e6-54494a211c06', 'F1', '2026-01-15T04:48:00.054528', '2026-01-15T04:48:00.054528');
INSERT INTO hall_seats (id, cinema_hall_id, seat_type_id, seat_code, created_at, updated_at) VALUES ('0f13fdb1-277a-44d3-b96f-f0e2808f8826', '81059085-f2ca-4b4e-95f3-be4728c2aa0a', 'cf0ea588-a6ac-4774-95e6-54494a211c06', 'F2', '2026-01-15T04:48:00.054528', '2026-01-15T04:48:00.054528');
INSERT INTO hall_seats (id, cinema_hall_id, seat_type_id, seat_code, created_at, updated_at) VALUES ('ed3ac798-6c27-4a72-8908-0dff93357f6a', '81059085-f2ca-4b4e-95f3-be4728c2aa0a', 'cf0ea588-a6ac-4774-95e6-54494a211c06', 'F3', '2026-01-15T04:48:00.054528', '2026-01-15T04:48:00.054528');
INSERT INTO hall_seats (id, cinema_hall_id, seat_type_id, seat_code, created_at, updated_at) VALUES ('86c4632a-5222-464e-910b-80de872a21a7', '81059085-f2ca-4b4e-95f3-be4728c2aa0a', 'cf0ea588-a6ac-4774-95e6-54494a211c06', 'F4', '2026-01-15T04:48:00.054528', '2026-01-15T04:48:00.054528');
INSERT INTO hall_seats (id, cinema_hall_id, seat_type_id, seat_code, created_at, updated_at) VALUES ('23e7c85c-5e91-448c-b50e-7aa1696de2c1', '81059085-f2ca-4b4e-95f3-be4728c2aa0a', 'cf0ea588-a6ac-4774-95e6-54494a211c06', 'F5', '2026-01-15T04:48:00.054528', '2026-01-15T04:48:00.054528');
INSERT INTO hall_seats (id, cinema_hall_id, seat_type_id, seat_code, created_at, updated_at) VALUES ('90caf0ad-a191-4526-8db6-a80bb09cb13e', '81059085-f2ca-4b4e-95f3-be4728c2aa0a', 'cf0ea588-a6ac-4774-95e6-54494a211c06', 'F6', '2026-01-15T04:48:00.054528', '2026-01-15T04:48:00.054528');
INSERT INTO hall_seats (id, cinema_hall_id, seat_type_id, seat_code, created_at, updated_at) VALUES ('b0af6fa2-7917-4812-8863-544d59c10bec', '81059085-f2ca-4b4e-95f3-be4728c2aa0a', 'cf0ea588-a6ac-4774-95e6-54494a211c06', 'F7', '2026-01-15T04:48:00.054528', '2026-01-15T04:48:00.054528');
INSERT INTO hall_seats (id, cinema_hall_id, seat_type_id, seat_code, created_at, updated_at) VALUES ('0a829177-5b42-4b57-8635-798b2ed68489', '81059085-f2ca-4b4e-95f3-be4728c2aa0a', 'cf0ea588-a6ac-4774-95e6-54494a211c06', 'F8', '2026-01-15T04:48:00.054528', '2026-01-15T04:48:00.054528');
INSERT INTO hall_seats (id, cinema_hall_id, seat_type_id, seat_code, created_at, updated_at) VALUES ('86b1fd41-2bbf-4c40-a32d-44b1cafbee9f', '81059085-f2ca-4b4e-95f3-be4728c2aa0a', '04023e7d-e443-4771-bacd-751aadbb482e', 'G1', '2026-01-15T04:48:00.054648', '2026-01-15T04:48:00.054648');
INSERT INTO hall_seats (id, cinema_hall_id, seat_type_id, seat_code, created_at, updated_at) VALUES ('b530d976-8864-4498-ae02-6b36b928b094', '81059085-f2ca-4b4e-95f3-be4728c2aa0a', '04023e7d-e443-4771-bacd-751aadbb482e', 'G2', '2026-01-15T04:48:00.054648', '2026-01-15T04:48:00.054648');
INSERT INTO hall_seats (id, cinema_hall_id, seat_type_id, seat_code, created_at, updated_at) VALUES ('a9de6434-8089-4a42-a48b-999d6e48ca3c', '81059085-f2ca-4b4e-95f3-be4728c2aa0a', '04023e7d-e443-4771-bacd-751aadbb482e', 'G3', '2026-01-15T04:48:00.054648', '2026-01-15T04:48:00.054648');
INSERT INTO hall_seats (id, cinema_hall_id, seat_type_id, seat_code, created_at, updated_at) VALUES ('0a8fad8e-4b30-46cc-95ba-2e6546946d8f', '81059085-f2ca-4b4e-95f3-be4728c2aa0a', '04023e7d-e443-4771-bacd-751aadbb482e', 'G4', '2026-01-15T04:48:00.054648', '2026-01-15T04:48:00.054648');
INSERT INTO hall_seats (id, cinema_hall_id, seat_type_id, seat_code, created_at, updated_at) VALUES ('bc5ffda7-04a6-4bd8-a3d1-e06751484211', '81059085-f2ca-4b4e-95f3-be4728c2aa0a', '04023e7d-e443-4771-bacd-751aadbb482e', 'G5', '2026-01-15T04:48:00.054648', '2026-01-15T04:48:00.054648');
INSERT INTO hall_seats (id, cinema_hall_id, seat_type_id, seat_code, created_at, updated_at) VALUES ('ecd8310a-4e83-4e3d-a6a7-71b2439ef841', '81059085-f2ca-4b4e-95f3-be4728c2aa0a', '04023e7d-e443-4771-bacd-751aadbb482e', 'G6', '2026-01-15T04:48:00.054648', '2026-01-15T04:48:00.054648');
INSERT INTO hall_seats (id, cinema_hall_id, seat_type_id, seat_code, created_at, updated_at) VALUES ('c888c941-86c9-4f48-8af4-9a5d7c434104', '81059085-f2ca-4b4e-95f3-be4728c2aa0a', '04023e7d-e443-4771-bacd-751aadbb482e', 'G7', '2026-01-15T04:48:00.054648', '2026-01-15T04:48:00.054648');
INSERT INTO hall_seats (id, cinema_hall_id, seat_type_id, seat_code, created_at, updated_at) VALUES ('a4b58f94-c96e-4d90-8f5a-6f4e6e4b2239', '81059085-f2ca-4b4e-95f3-be4728c2aa0a', '04023e7d-e443-4771-bacd-751aadbb482e', 'G8', '2026-01-15T04:48:00.054648', '2026-01-15T04:48:00.054648');
INSERT INTO hall_seats (id, cinema_hall_id, seat_type_id, seat_code, created_at, updated_at) VALUES ('db651356-2e0f-4656-8a91-beb2c38ca21c', '81059085-f2ca-4b4e-95f3-be4728c2aa0a', '04023e7d-e443-4771-bacd-751aadbb482e', 'H1', '2026-01-15T04:48:00.054754', '2026-01-15T04:48:00.054754');
INSERT INTO hall_seats (id, cinema_hall_id, seat_type_id, seat_code, created_at, updated_at) VALUES ('cd00708a-e48b-4623-9395-0b6963e4a080', '81059085-f2ca-4b4e-95f3-be4728c2aa0a', '04023e7d-e443-4771-bacd-751aadbb482e', 'H2', '2026-01-15T04:48:00.054754', '2026-01-15T04:48:00.054754');
INSERT INTO hall_seats (id, cinema_hall_id, seat_type_id, seat_code, created_at, updated_at) VALUES ('4aabe397-33cb-4455-afbe-1f5f0dc81e98', '81059085-f2ca-4b4e-95f3-be4728c2aa0a', '04023e7d-e443-4771-bacd-751aadbb482e', 'H3', '2026-01-15T04:48:00.054754', '2026-01-15T04:48:00.054754');
INSERT INTO hall_seats (id, cinema_hall_id, seat_type_id, seat_code, created_at, updated_at) VALUES ('bbdc2ed4-b972-44f2-9c9c-3e83a57b97e2', '81059085-f2ca-4b4e-95f3-be4728c2aa0a', '04023e7d-e443-4771-bacd-751aadbb482e', 'H4', '2026-01-15T04:48:00.054754', '2026-01-15T04:48:00.054754');
INSERT INTO hall_seats (id, cinema_hall_id, seat_type_id, seat_code, created_at, updated_at) VALUES ('7d032fb6-f8df-4825-b167-4d93811f4565', '81059085-f2ca-4b4e-95f3-be4728c2aa0a', '04023e7d-e443-4771-bacd-751aadbb482e', 'H5', '2026-01-15T04:48:00.054754', '2026-01-15T04:48:00.054754');
INSERT INTO hall_seats (id, cinema_hall_id, seat_type_id, seat_code, created_at, updated_at) VALUES ('d7e18e9f-c7fc-44f4-87fe-cc287f2abb54', '81059085-f2ca-4b4e-95f3-be4728c2aa0a', '04023e7d-e443-4771-bacd-751aadbb482e', 'H6', '2026-01-15T04:48:00.054754', '2026-01-15T04:48:00.054754');
INSERT INTO hall_seats (id, cinema_hall_id, seat_type_id, seat_code, created_at, updated_at) VALUES ('bf05e472-f959-43ae-8b42-4740732b0a1a', '81059085-f2ca-4b4e-95f3-be4728c2aa0a', '04023e7d-e443-4771-bacd-751aadbb482e', 'H7', '2026-01-15T04:48:00.054754', '2026-01-15T04:48:00.054754');
INSERT INTO hall_seats (id, cinema_hall_id, seat_type_id, seat_code, created_at, updated_at) VALUES ('0df27807-df82-440b-8982-0c849fe79958', '81059085-f2ca-4b4e-95f3-be4728c2aa0a', '04023e7d-e443-4771-bacd-751aadbb482e', 'H8', '2026-01-15T04:48:00.054754', '2026-01-15T04:48:00.054754');
INSERT INTO hall_seats (id, cinema_hall_id, seat_type_id, seat_code, created_at, updated_at) VALUES ('fd969988-b482-4837-bd02-3f8573adc309', '81059085-f2ca-4b4e-95f3-be4728c2aa0a', '25051a14-cd48-48a4-8b94-632c6c5132a0', 'I1', '2026-01-15T04:48:00.054847', '2026-01-15T04:48:00.054847');
INSERT INTO hall_seats (id, cinema_hall_id, seat_type_id, seat_code, created_at, updated_at) VALUES ('bccb2ab9-8801-4c2d-b501-64929e805392', '81059085-f2ca-4b4e-95f3-be4728c2aa0a', '25051a14-cd48-48a4-8b94-632c6c5132a0', 'I2', '2026-01-15T04:48:00.054847', '2026-01-15T04:48:00.054847');
INSERT INTO hall_seats (id, cinema_hall_id, seat_type_id, seat_code, created_at, updated_at) VALUES ('dff7d6e7-f057-40df-a351-66cc79ed636e', '81059085-f2ca-4b4e-95f3-be4728c2aa0a', '25051a14-cd48-48a4-8b94-632c6c5132a0', 'I3', '2026-01-15T04:48:00.054847', '2026-01-15T04:48:00.054847');
INSERT INTO hall_seats (id, cinema_hall_id, seat_type_id, seat_code, created_at, updated_at) VALUES ('53e394e9-d358-4a91-9322-2d7f01a351f0', '81059085-f2ca-4b4e-95f3-be4728c2aa0a', '25051a14-cd48-48a4-8b94-632c6c5132a0', 'I4', '2026-01-15T04:48:00.054847', '2026-01-15T04:48:00.054847');
INSERT INTO hall_seats (id, cinema_hall_id, seat_type_id, seat_code, created_at, updated_at) VALUES ('f4deafe6-ba41-4845-a7c7-a2e48b8095cf', 'ba547a79-3908-4660-a602-edd8403b7c5d', 'cf0ea588-a6ac-4774-95e6-54494a211c06', 'A1', '2026-01-15T04:48:00.054920', '2026-01-15T04:48:00.054920');
INSERT INTO hall_seats (id, cinema_hall_id, seat_type_id, seat_code, created_at, updated_at) VALUES ('15346522-0077-4362-a34b-b5b0349467b7', 'ba547a79-3908-4660-a602-edd8403b7c5d', 'cf0ea588-a6ac-4774-95e6-54494a211c06', 'A2', '2026-01-15T04:48:00.054920', '2026-01-15T04:48:00.054920');
INSERT INTO hall_seats (id, cinema_hall_id, seat_type_id, seat_code, created_at, updated_at) VALUES ('18f9a1cc-084e-4f47-bdca-bbf15c62765c', 'ba547a79-3908-4660-a602-edd8403b7c5d', 'cf0ea588-a6ac-4774-95e6-54494a211c06', 'A3', '2026-01-15T04:48:00.054920', '2026-01-15T04:48:00.054920');
INSERT INTO hall_seats (id, cinema_hall_id, seat_type_id, seat_code, created_at, updated_at) VALUES ('6175992c-1567-4aab-9b88-000560c1a8c7', 'ba547a79-3908-4660-a602-edd8403b7c5d', 'cf0ea588-a6ac-4774-95e6-54494a211c06', 'A4', '2026-01-15T04:48:00.054920', '2026-01-15T04:48:00.054920');
INSERT INTO hall_seats (id, cinema_hall_id, seat_type_id, seat_code, created_at, updated_at) VALUES ('e4c33420-e6ff-402e-b716-ec67ece17e5c', 'ba547a79-3908-4660-a602-edd8403b7c5d', 'cf0ea588-a6ac-4774-95e6-54494a211c06', 'A5', '2026-01-15T04:48:00.054920', '2026-01-15T04:48:00.054920');
INSERT INTO hall_seats (id, cinema_hall_id, seat_type_id, seat_code, created_at, updated_at) VALUES ('8d43ac4a-a483-4105-8403-4a1d54e1dbdb', 'ba547a79-3908-4660-a602-edd8403b7c5d', 'cf0ea588-a6ac-4774-95e6-54494a211c06', 'A6', '2026-01-15T04:48:00.054920', '2026-01-15T04:48:00.054920');
INSERT INTO hall_seats (id, cinema_hall_id, seat_type_id, seat_code, created_at, updated_at) VALUES ('69256ee0-190e-4cd4-8669-4ecc86204341', 'ba547a79-3908-4660-a602-edd8403b7c5d', 'cf0ea588-a6ac-4774-95e6-54494a211c06', 'A7', '2026-01-15T04:48:00.054920', '2026-01-15T04:48:00.054920');
INSERT INTO hall_seats (id, cinema_hall_id, seat_type_id, seat_code, created_at, updated_at) VALUES ('1ebd9273-758f-40dc-85d3-3b26a9b7d266', 'ba547a79-3908-4660-a602-edd8403b7c5d', 'cf0ea588-a6ac-4774-95e6-54494a211c06', 'A8', '2026-01-15T04:48:00.054920', '2026-01-15T04:48:00.054920');
INSERT INTO hall_seats (id, cinema_hall_id, seat_type_id, seat_code, created_at, updated_at) VALUES ('9e5a364d-64a8-4b20-97a4-85df950acd1c', 'ba547a79-3908-4660-a602-edd8403b7c5d', 'cf0ea588-a6ac-4774-95e6-54494a211c06', 'B1', '2026-01-15T04:48:00.055009', '2026-01-15T04:48:00.055009');
INSERT INTO hall_seats (id, cinema_hall_id, seat_type_id, seat_code, created_at, updated_at) VALUES ('5fbee534-6140-4619-be72-c410b717761f', 'ba547a79-3908-4660-a602-edd8403b7c5d', 'cf0ea588-a6ac-4774-95e6-54494a211c06', 'B2', '2026-01-15T04:48:00.055009', '2026-01-15T04:48:00.055009');
INSERT INTO hall_seats (id, cinema_hall_id, seat_type_id, seat_code, created_at, updated_at) VALUES ('8b0405fb-326d-47a9-a47a-7589f397bbee', 'ba547a79-3908-4660-a602-edd8403b7c5d', 'cf0ea588-a6ac-4774-95e6-54494a211c06', 'B3', '2026-01-15T04:48:00.055009', '2026-01-15T04:48:00.055009');
INSERT INTO hall_seats (id, cinema_hall_id, seat_type_id, seat_code, created_at, updated_at) VALUES ('494d23e3-146e-408f-9948-33bc0e47927f', 'ba547a79-3908-4660-a602-edd8403b7c5d', 'cf0ea588-a6ac-4774-95e6-54494a211c06', 'B4', '2026-01-15T04:48:00.055009', '2026-01-15T04:48:00.055009');
INSERT INTO hall_seats (id, cinema_hall_id, seat_type_id, seat_code, created_at, updated_at) VALUES ('f3da933a-7769-484a-813b-d63f1e064909', 'ba547a79-3908-4660-a602-edd8403b7c5d', 'cf0ea588-a6ac-4774-95e6-54494a211c06', 'B5', '2026-01-15T04:48:00.055009', '2026-01-15T04:48:00.055009');
INSERT INTO hall_seats (id, cinema_hall_id, seat_type_id, seat_code, created_at, updated_at) VALUES ('9522d517-663a-4176-a3ab-1b8803bd06f2', 'ba547a79-3908-4660-a602-edd8403b7c5d', 'cf0ea588-a6ac-4774-95e6-54494a211c06', 'B6', '2026-01-15T04:48:00.055009', '2026-01-15T04:48:00.055009');
INSERT INTO hall_seats (id, cinema_hall_id, seat_type_id, seat_code, created_at, updated_at) VALUES ('e98c94a0-a40c-4cc0-a7d2-4ab071121313', 'ba547a79-3908-4660-a602-edd8403b7c5d', 'cf0ea588-a6ac-4774-95e6-54494a211c06', 'B7', '2026-01-15T04:48:00.055009', '2026-01-15T04:48:00.055009');
INSERT INTO hall_seats (id, cinema_hall_id, seat_type_id, seat_code, created_at, updated_at) VALUES ('8d3530d1-49fa-408c-b12e-84fb1830efa1', 'ba547a79-3908-4660-a602-edd8403b7c5d', 'cf0ea588-a6ac-4774-95e6-54494a211c06', 'B8', '2026-01-15T04:48:00.055009', '2026-01-15T04:48:00.055009');
INSERT INTO hall_seats (id, cinema_hall_id, seat_type_id, seat_code, created_at, updated_at) VALUES ('38c9fc65-9f81-467e-88bb-34b04abeb8fe', 'ba547a79-3908-4660-a602-edd8403b7c5d', 'cf0ea588-a6ac-4774-95e6-54494a211c06', 'C1', '2026-01-15T04:48:00.055174', '2026-01-15T04:48:00.055174');
INSERT INTO hall_seats (id, cinema_hall_id, seat_type_id, seat_code, created_at, updated_at) VALUES ('70aa3d2a-6048-409f-9c11-e95fbf342b98', 'ba547a79-3908-4660-a602-edd8403b7c5d', 'cf0ea588-a6ac-4774-95e6-54494a211c06', 'C2', '2026-01-15T04:48:00.055174', '2026-01-15T04:48:00.055174');
INSERT INTO hall_seats (id, cinema_hall_id, seat_type_id, seat_code, created_at, updated_at) VALUES ('5c30fb4f-cd09-41b2-b97f-7174ebc293c3', 'ba547a79-3908-4660-a602-edd8403b7c5d', 'cf0ea588-a6ac-4774-95e6-54494a211c06', 'C3', '2026-01-15T04:48:00.055174', '2026-01-15T04:48:00.055174');
INSERT INTO hall_seats (id, cinema_hall_id, seat_type_id, seat_code, created_at, updated_at) VALUES ('7dfec644-4f99-4b21-8b0d-f02e7c22cae7', 'ba547a79-3908-4660-a602-edd8403b7c5d', 'cf0ea588-a6ac-4774-95e6-54494a211c06', 'C4', '2026-01-15T04:48:00.055174', '2026-01-15T04:48:00.055174');
INSERT INTO hall_seats (id, cinema_hall_id, seat_type_id, seat_code, created_at, updated_at) VALUES ('05076b4d-5fcb-42a8-b100-644be79c812b', 'ba547a79-3908-4660-a602-edd8403b7c5d', 'cf0ea588-a6ac-4774-95e6-54494a211c06', 'C5', '2026-01-15T04:48:00.055174', '2026-01-15T04:48:00.055174');
INSERT INTO hall_seats (id, cinema_hall_id, seat_type_id, seat_code, created_at, updated_at) VALUES ('3940d7fe-f2a5-4012-8b5f-474bdbd3f1b5', 'ba547a79-3908-4660-a602-edd8403b7c5d', 'cf0ea588-a6ac-4774-95e6-54494a211c06', 'C6', '2026-01-15T04:48:00.055174', '2026-01-15T04:48:00.055174');
INSERT INTO hall_seats (id, cinema_hall_id, seat_type_id, seat_code, created_at, updated_at) VALUES ('ef8e68cb-afa6-4375-bc2c-8f2889357ec4', 'ba547a79-3908-4660-a602-edd8403b7c5d', 'cf0ea588-a6ac-4774-95e6-54494a211c06', 'C7', '2026-01-15T04:48:00.055174', '2026-01-15T04:48:00.055174');
INSERT INTO hall_seats (id, cinema_hall_id, seat_type_id, seat_code, created_at, updated_at) VALUES ('858df2e7-893e-4c72-af54-18f0c45ecc2d', 'ba547a79-3908-4660-a602-edd8403b7c5d', 'cf0ea588-a6ac-4774-95e6-54494a211c06', 'C8', '2026-01-15T04:48:00.055174', '2026-01-15T04:48:00.055174');
INSERT INTO hall_seats (id, cinema_hall_id, seat_type_id, seat_code, created_at, updated_at) VALUES ('2bc1802f-d3d4-4d3a-86ba-21eb1689335e', 'ba547a79-3908-4660-a602-edd8403b7c5d', 'cf0ea588-a6ac-4774-95e6-54494a211c06', 'D1', '2026-01-15T04:48:00.055271', '2026-01-15T04:48:00.055271');
INSERT INTO hall_seats (id, cinema_hall_id, seat_type_id, seat_code, created_at, updated_at) VALUES ('e82c1547-4ba1-4fae-8e3c-79a4c8df2668', 'ba547a79-3908-4660-a602-edd8403b7c5d', 'cf0ea588-a6ac-4774-95e6-54494a211c06', 'D2', '2026-01-15T04:48:00.055271', '2026-01-15T04:48:00.055271');
INSERT INTO hall_seats (id, cinema_hall_id, seat_type_id, seat_code, created_at, updated_at) VALUES ('fba3f0ab-d807-4853-a73e-ab057c9b8b19', 'ba547a79-3908-4660-a602-edd8403b7c5d', 'cf0ea588-a6ac-4774-95e6-54494a211c06', 'D3', '2026-01-15T04:48:00.055271', '2026-01-15T04:48:00.055271');
INSERT INTO hall_seats (id, cinema_hall_id, seat_type_id, seat_code, created_at, updated_at) VALUES ('35ec4c08-baa8-427f-b894-ebee44d41f37', 'ba547a79-3908-4660-a602-edd8403b7c5d', 'cf0ea588-a6ac-4774-95e6-54494a211c06', 'D4', '2026-01-15T04:48:00.055271', '2026-01-15T04:48:00.055271');
INSERT INTO hall_seats (id, cinema_hall_id, seat_type_id, seat_code, created_at, updated_at) VALUES ('a0c350ce-4ef8-4643-be62-0aff4b06ddb3', 'ba547a79-3908-4660-a602-edd8403b7c5d', 'cf0ea588-a6ac-4774-95e6-54494a211c06', 'D5', '2026-01-15T04:48:00.055271', '2026-01-15T04:48:00.055271');
INSERT INTO hall_seats (id, cinema_hall_id, seat_type_id, seat_code, created_at, updated_at) VALUES ('4447b55f-452a-4f47-a3d3-2e3fdb08c7cd', 'ba547a79-3908-4660-a602-edd8403b7c5d', 'cf0ea588-a6ac-4774-95e6-54494a211c06', 'D6', '2026-01-15T04:48:00.055271', '2026-01-15T04:48:00.055271');
INSERT INTO hall_seats (id, cinema_hall_id, seat_type_id, seat_code, created_at, updated_at) VALUES ('0f73e8bb-c5bf-49fb-9d14-1ec3f3023472', 'ba547a79-3908-4660-a602-edd8403b7c5d', 'cf0ea588-a6ac-4774-95e6-54494a211c06', 'D7', '2026-01-15T04:48:00.055271', '2026-01-15T04:48:00.055271');
INSERT INTO hall_seats (id, cinema_hall_id, seat_type_id, seat_code, created_at, updated_at) VALUES ('ce405ede-54aa-48b1-aa02-bd29e5ee4b18', 'ba547a79-3908-4660-a602-edd8403b7c5d', 'cf0ea588-a6ac-4774-95e6-54494a211c06', 'D8', '2026-01-15T04:48:00.055271', '2026-01-15T04:48:00.055271');
INSERT INTO hall_seats (id, cinema_hall_id, seat_type_id, seat_code, created_at, updated_at) VALUES ('c73a5c81-cae7-450f-9711-e2830bf82fd8', 'ba547a79-3908-4660-a602-edd8403b7c5d', 'cf0ea588-a6ac-4774-95e6-54494a211c06', 'E1', '2026-01-15T04:48:00.055359', '2026-01-15T04:48:00.055359');
INSERT INTO hall_seats (id, cinema_hall_id, seat_type_id, seat_code, created_at, updated_at) VALUES ('2dde8fd8-23ff-4203-9004-460019d5ad79', 'ba547a79-3908-4660-a602-edd8403b7c5d', 'cf0ea588-a6ac-4774-95e6-54494a211c06', 'E2', '2026-01-15T04:48:00.055359', '2026-01-15T04:48:00.055359');
INSERT INTO hall_seats (id, cinema_hall_id, seat_type_id, seat_code, created_at, updated_at) VALUES ('5a234c58-f8f6-47ac-a906-0ea8418f58e4', 'ba547a79-3908-4660-a602-edd8403b7c5d', 'cf0ea588-a6ac-4774-95e6-54494a211c06', 'E3', '2026-01-15T04:48:00.055359', '2026-01-15T04:48:00.055359');
INSERT INTO hall_seats (id, cinema_hall_id, seat_type_id, seat_code, created_at, updated_at) VALUES ('64c332c5-9661-4482-a69f-db94ec8fa62e', 'ba547a79-3908-4660-a602-edd8403b7c5d', 'cf0ea588-a6ac-4774-95e6-54494a211c06', 'E4', '2026-01-15T04:48:00.055359', '2026-01-15T04:48:00.055359');
INSERT INTO hall_seats (id, cinema_hall_id, seat_type_id, seat_code, created_at, updated_at) VALUES ('a1e395c5-bd65-4aab-a512-d82994becc19', 'ba547a79-3908-4660-a602-edd8403b7c5d', 'cf0ea588-a6ac-4774-95e6-54494a211c06', 'E5', '2026-01-15T04:48:00.055359', '2026-01-15T04:48:00.055359');
INSERT INTO hall_seats (id, cinema_hall_id, seat_type_id, seat_code, created_at, updated_at) VALUES ('1e7534b5-d07a-4724-acaf-f98abbf52799', 'ba547a79-3908-4660-a602-edd8403b7c5d', 'cf0ea588-a6ac-4774-95e6-54494a211c06', 'E6', '2026-01-15T04:48:00.055359', '2026-01-15T04:48:00.055359');
INSERT INTO hall_seats (id, cinema_hall_id, seat_type_id, seat_code, created_at, updated_at) VALUES ('5b9e1c5e-7777-42ec-af21-48926bff0bda', 'ba547a79-3908-4660-a602-edd8403b7c5d', 'cf0ea588-a6ac-4774-95e6-54494a211c06', 'E7', '2026-01-15T04:48:00.055359', '2026-01-15T04:48:00.055359');
INSERT INTO hall_seats (id, cinema_hall_id, seat_type_id, seat_code, created_at, updated_at) VALUES ('92108897-af63-492e-9fdc-daed3d906010', 'ba547a79-3908-4660-a602-edd8403b7c5d', 'cf0ea588-a6ac-4774-95e6-54494a211c06', 'E8', '2026-01-15T04:48:00.055359', '2026-01-15T04:48:00.055359');
INSERT INTO hall_seats (id, cinema_hall_id, seat_type_id, seat_code, created_at, updated_at) VALUES ('868b02c3-8ea9-48b6-a8dd-efe631a0e0e1', 'ba547a79-3908-4660-a602-edd8403b7c5d', 'cf0ea588-a6ac-4774-95e6-54494a211c06', 'F1', '2026-01-15T04:48:00.055474', '2026-01-15T04:48:00.055474');
INSERT INTO hall_seats (id, cinema_hall_id, seat_type_id, seat_code, created_at, updated_at) VALUES ('4be240c7-670f-4f99-b647-8883921b43c6', 'ba547a79-3908-4660-a602-edd8403b7c5d', 'cf0ea588-a6ac-4774-95e6-54494a211c06', 'F2', '2026-01-15T04:48:00.055474', '2026-01-15T04:48:00.055474');
INSERT INTO hall_seats (id, cinema_hall_id, seat_type_id, seat_code, created_at, updated_at) VALUES ('4ae9e42e-b564-476f-a608-0f30e3120270', 'ba547a79-3908-4660-a602-edd8403b7c5d', 'cf0ea588-a6ac-4774-95e6-54494a211c06', 'F3', '2026-01-15T04:48:00.055474', '2026-01-15T04:48:00.055474');
INSERT INTO hall_seats (id, cinema_hall_id, seat_type_id, seat_code, created_at, updated_at) VALUES ('164f62b1-396b-4ebf-ad7d-1d184b6395d1', 'ba547a79-3908-4660-a602-edd8403b7c5d', 'cf0ea588-a6ac-4774-95e6-54494a211c06', 'F4', '2026-01-15T04:48:00.055474', '2026-01-15T04:48:00.055474');
INSERT INTO hall_seats (id, cinema_hall_id, seat_type_id, seat_code, created_at, updated_at) VALUES ('29cfe401-700f-4703-a32f-cf4d0595f06d', 'ba547a79-3908-4660-a602-edd8403b7c5d', 'cf0ea588-a6ac-4774-95e6-54494a211c06', 'F5', '2026-01-15T04:48:00.055474', '2026-01-15T04:48:00.055474');
INSERT INTO hall_seats (id, cinema_hall_id, seat_type_id, seat_code, created_at, updated_at) VALUES ('3cdba143-f340-4584-8e32-df16b8a2fbcd', 'ba547a79-3908-4660-a602-edd8403b7c5d', 'cf0ea588-a6ac-4774-95e6-54494a211c06', 'F6', '2026-01-15T04:48:00.055474', '2026-01-15T04:48:00.055474');
INSERT INTO hall_seats (id, cinema_hall_id, seat_type_id, seat_code, created_at, updated_at) VALUES ('1cf5779e-78b7-4348-bbbe-4a9f679662cb', 'ba547a79-3908-4660-a602-edd8403b7c5d', 'cf0ea588-a6ac-4774-95e6-54494a211c06', 'F7', '2026-01-15T04:48:00.055474', '2026-01-15T04:48:00.055474');
INSERT INTO hall_seats (id, cinema_hall_id, seat_type_id, seat_code, created_at, updated_at) VALUES ('9eefc2ce-cd5f-4a41-a94b-e548a6cd93d1', 'ba547a79-3908-4660-a602-edd8403b7c5d', 'cf0ea588-a6ac-4774-95e6-54494a211c06', 'F8', '2026-01-15T04:48:00.055474', '2026-01-15T04:48:00.055474');
INSERT INTO hall_seats (id, cinema_hall_id, seat_type_id, seat_code, created_at, updated_at) VALUES ('7ef7da63-30cd-4f4f-a9f6-74f757b264e4', 'ba547a79-3908-4660-a602-edd8403b7c5d', '04023e7d-e443-4771-bacd-751aadbb482e', 'G1', '2026-01-15T04:48:00.055588', '2026-01-15T04:48:00.055588');
INSERT INTO hall_seats (id, cinema_hall_id, seat_type_id, seat_code, created_at, updated_at) VALUES ('c6a9ceb1-ff59-4d1b-8120-194804dab10a', 'ba547a79-3908-4660-a602-edd8403b7c5d', '04023e7d-e443-4771-bacd-751aadbb482e', 'G2', '2026-01-15T04:48:00.055588', '2026-01-15T04:48:00.055588');
INSERT INTO hall_seats (id, cinema_hall_id, seat_type_id, seat_code, created_at, updated_at) VALUES ('88442608-96f2-4d34-a9ec-c6fff8fb0492', 'ba547a79-3908-4660-a602-edd8403b7c5d', '04023e7d-e443-4771-bacd-751aadbb482e', 'G3', '2026-01-15T04:48:00.055588', '2026-01-15T04:48:00.055588');
INSERT INTO hall_seats (id, cinema_hall_id, seat_type_id, seat_code, created_at, updated_at) VALUES ('5cfb6cef-98e4-4053-92d5-7ae4a672a972', 'ba547a79-3908-4660-a602-edd8403b7c5d', '04023e7d-e443-4771-bacd-751aadbb482e', 'G4', '2026-01-15T04:48:00.055588', '2026-01-15T04:48:00.055588');
INSERT INTO hall_seats (id, cinema_hall_id, seat_type_id, seat_code, created_at, updated_at) VALUES ('e3857be4-2461-4fad-9524-42183605525a', 'ba547a79-3908-4660-a602-edd8403b7c5d', '04023e7d-e443-4771-bacd-751aadbb482e', 'G5', '2026-01-15T04:48:00.055588', '2026-01-15T04:48:00.055588');
INSERT INTO hall_seats (id, cinema_hall_id, seat_type_id, seat_code, created_at, updated_at) VALUES ('9d6f4f8e-594d-48d2-b3a7-4033c46fdf34', 'ba547a79-3908-4660-a602-edd8403b7c5d', '04023e7d-e443-4771-bacd-751aadbb482e', 'G6', '2026-01-15T04:48:00.055588', '2026-01-15T04:48:00.055588');
INSERT INTO hall_seats (id, cinema_hall_id, seat_type_id, seat_code, created_at, updated_at) VALUES ('3aadbbad-43bc-4483-a208-a6ea7421d07d', 'ba547a79-3908-4660-a602-edd8403b7c5d', '04023e7d-e443-4771-bacd-751aadbb482e', 'G7', '2026-01-15T04:48:00.055588', '2026-01-15T04:48:00.055588');
INSERT INTO hall_seats (id, cinema_hall_id, seat_type_id, seat_code, created_at, updated_at) VALUES ('2bd0ef72-4c36-4090-9be2-2ba49457393c', 'ba547a79-3908-4660-a602-edd8403b7c5d', '04023e7d-e443-4771-bacd-751aadbb482e', 'G8', '2026-01-15T04:48:00.055588', '2026-01-15T04:48:00.055588');
INSERT INTO hall_seats (id, cinema_hall_id, seat_type_id, seat_code, created_at, updated_at) VALUES ('2c1335cb-6c14-4068-8749-8c7469362995', 'ba547a79-3908-4660-a602-edd8403b7c5d', '04023e7d-e443-4771-bacd-751aadbb482e', 'H1', '2026-01-15T04:48:00.055679', '2026-01-15T04:48:00.055679');
INSERT INTO hall_seats (id, cinema_hall_id, seat_type_id, seat_code, created_at, updated_at) VALUES ('79f7327e-e174-4a3b-9c31-4b9ef28bb54c', 'ba547a79-3908-4660-a602-edd8403b7c5d', '04023e7d-e443-4771-bacd-751aadbb482e', 'H2', '2026-01-15T04:48:00.055679', '2026-01-15T04:48:00.055679');
INSERT INTO hall_seats (id, cinema_hall_id, seat_type_id, seat_code, created_at, updated_at) VALUES ('e9f33d4c-e9fc-4c61-9298-fa69e8525f23', 'ba547a79-3908-4660-a602-edd8403b7c5d', '04023e7d-e443-4771-bacd-751aadbb482e', 'H3', '2026-01-15T04:48:00.055679', '2026-01-15T04:48:00.055679');
INSERT INTO hall_seats (id, cinema_hall_id, seat_type_id, seat_code, created_at, updated_at) VALUES ('b3e6ba98-9926-46bd-b411-b2834908056f', 'ba547a79-3908-4660-a602-edd8403b7c5d', '04023e7d-e443-4771-bacd-751aadbb482e', 'H4', '2026-01-15T04:48:00.055679', '2026-01-15T04:48:00.055679');
INSERT INTO hall_seats (id, cinema_hall_id, seat_type_id, seat_code, created_at, updated_at) VALUES ('78d67082-2260-4776-9abb-94a91b65463a', 'ba547a79-3908-4660-a602-edd8403b7c5d', '04023e7d-e443-4771-bacd-751aadbb482e', 'H5', '2026-01-15T04:48:00.055679', '2026-01-15T04:48:00.055679');
INSERT INTO hall_seats (id, cinema_hall_id, seat_type_id, seat_code, created_at, updated_at) VALUES ('434ea7b0-94df-44f4-bdbe-3388441d1ddc', 'ba547a79-3908-4660-a602-edd8403b7c5d', '04023e7d-e443-4771-bacd-751aadbb482e', 'H6', '2026-01-15T04:48:00.055679', '2026-01-15T04:48:00.055679');
INSERT INTO hall_seats (id, cinema_hall_id, seat_type_id, seat_code, created_at, updated_at) VALUES ('6ed0e258-6c7d-40a5-93de-379b4e275b57', 'ba547a79-3908-4660-a602-edd8403b7c5d', '04023e7d-e443-4771-bacd-751aadbb482e', 'H7', '2026-01-15T04:48:00.055679', '2026-01-15T04:48:00.055679');
INSERT INTO hall_seats (id, cinema_hall_id, seat_type_id, seat_code, created_at, updated_at) VALUES ('4cccd4f1-25bb-47e7-ab41-f3f7dd8710eb', 'ba547a79-3908-4660-a602-edd8403b7c5d', '04023e7d-e443-4771-bacd-751aadbb482e', 'H8', '2026-01-15T04:48:00.055679', '2026-01-15T04:48:00.055679');
INSERT INTO hall_seats (id, cinema_hall_id, seat_type_id, seat_code, created_at, updated_at) VALUES ('af04c45c-522b-42dc-a2f6-9592266c51a4', 'ba547a79-3908-4660-a602-edd8403b7c5d', '25051a14-cd48-48a4-8b94-632c6c5132a0', 'I1', '2026-01-15T04:48:00.055792', '2026-01-15T04:48:00.055792');
INSERT INTO hall_seats (id, cinema_hall_id, seat_type_id, seat_code, created_at, updated_at) VALUES ('8b573ee8-d843-40be-8c08-4a54136f5af4', 'ba547a79-3908-4660-a602-edd8403b7c5d', '25051a14-cd48-48a4-8b94-632c6c5132a0', 'I2', '2026-01-15T04:48:00.055792', '2026-01-15T04:48:00.055792');
INSERT INTO hall_seats (id, cinema_hall_id, seat_type_id, seat_code, created_at, updated_at) VALUES ('e153def2-83c0-4de5-b99e-cfbb822576db', 'ba547a79-3908-4660-a602-edd8403b7c5d', '25051a14-cd48-48a4-8b94-632c6c5132a0', 'I3', '2026-01-15T04:48:00.055792', '2026-01-15T04:48:00.055792');
INSERT INTO hall_seats (id, cinema_hall_id, seat_type_id, seat_code, created_at, updated_at) VALUES ('e603f9da-fb82-4670-a838-435ca9b7f8b7', 'ba547a79-3908-4660-a602-edd8403b7c5d', '25051a14-cd48-48a4-8b94-632c6c5132a0', 'I4', '2026-01-15T04:48:00.055792', '2026-01-15T04:48:00.055792');
INSERT INTO hall_seats (id, cinema_hall_id, seat_type_id, seat_code, created_at, updated_at) VALUES ('9a96c9f7-b49b-473e-85b1-07543d94585e', '223652cd-d2ab-4968-8a1e-349553055ce6', 'cf0ea588-a6ac-4774-95e6-54494a211c06', 'A1', '2026-01-15T04:48:00.055844', '2026-01-15T04:48:00.055844');
INSERT INTO hall_seats (id, cinema_hall_id, seat_type_id, seat_code, created_at, updated_at) VALUES ('a1e710c7-55b5-49db-b892-daa1d6dbe554', '223652cd-d2ab-4968-8a1e-349553055ce6', 'cf0ea588-a6ac-4774-95e6-54494a211c06', 'A2', '2026-01-15T04:48:00.055844', '2026-01-15T04:48:00.055844');
INSERT INTO hall_seats (id, cinema_hall_id, seat_type_id, seat_code, created_at, updated_at) VALUES ('f73dd1b0-b80a-45bf-9264-c5952b1220bd', '223652cd-d2ab-4968-8a1e-349553055ce6', 'cf0ea588-a6ac-4774-95e6-54494a211c06', 'A3', '2026-01-15T04:48:00.055844', '2026-01-15T04:48:00.055844');
INSERT INTO hall_seats (id, cinema_hall_id, seat_type_id, seat_code, created_at, updated_at) VALUES ('f3f39fe1-2793-4cf0-8680-1361432d4cd8', '223652cd-d2ab-4968-8a1e-349553055ce6', 'cf0ea588-a6ac-4774-95e6-54494a211c06', 'A4', '2026-01-15T04:48:00.055844', '2026-01-15T04:48:00.055844');
INSERT INTO hall_seats (id, cinema_hall_id, seat_type_id, seat_code, created_at, updated_at) VALUES ('06ab63bb-caf2-45b6-aba4-56624c564318', '223652cd-d2ab-4968-8a1e-349553055ce6', 'cf0ea588-a6ac-4774-95e6-54494a211c06', 'A5', '2026-01-15T04:48:00.055844', '2026-01-15T04:48:00.055844');
INSERT INTO hall_seats (id, cinema_hall_id, seat_type_id, seat_code, created_at, updated_at) VALUES ('7ab2e6ad-28c0-4f6b-b356-d3687f1a6737', '223652cd-d2ab-4968-8a1e-349553055ce6', 'cf0ea588-a6ac-4774-95e6-54494a211c06', 'A6', '2026-01-15T04:48:00.055844', '2026-01-15T04:48:00.055844');
INSERT INTO hall_seats (id, cinema_hall_id, seat_type_id, seat_code, created_at, updated_at) VALUES ('56e2db7a-109a-4c7b-9b94-cc707f48f341', '223652cd-d2ab-4968-8a1e-349553055ce6', 'cf0ea588-a6ac-4774-95e6-54494a211c06', 'A7', '2026-01-15T04:48:00.055844', '2026-01-15T04:48:00.055844');
INSERT INTO hall_seats (id, cinema_hall_id, seat_type_id, seat_code, created_at, updated_at) VALUES ('668f5cb3-8147-4155-adf8-188626fae50e', '223652cd-d2ab-4968-8a1e-349553055ce6', 'cf0ea588-a6ac-4774-95e6-54494a211c06', 'A8', '2026-01-15T04:48:00.055844', '2026-01-15T04:48:00.055844');
INSERT INTO hall_seats (id, cinema_hall_id, seat_type_id, seat_code, created_at, updated_at) VALUES ('9dc2c6cf-a998-4deb-844e-c9b2f3fcddb4', '223652cd-d2ab-4968-8a1e-349553055ce6', 'cf0ea588-a6ac-4774-95e6-54494a211c06', 'B1', '2026-01-15T04:48:00.055959', '2026-01-15T04:48:00.055959');
INSERT INTO hall_seats (id, cinema_hall_id, seat_type_id, seat_code, created_at, updated_at) VALUES ('2b92bff7-14fd-4f04-965a-e7cf2ece12a4', '223652cd-d2ab-4968-8a1e-349553055ce6', 'cf0ea588-a6ac-4774-95e6-54494a211c06', 'B2', '2026-01-15T04:48:00.055959', '2026-01-15T04:48:00.055959');
INSERT INTO hall_seats (id, cinema_hall_id, seat_type_id, seat_code, created_at, updated_at) VALUES ('defa5c5a-4ace-4757-a8fa-e12a0df28173', '223652cd-d2ab-4968-8a1e-349553055ce6', 'cf0ea588-a6ac-4774-95e6-54494a211c06', 'B3', '2026-01-15T04:48:00.055959', '2026-01-15T04:48:00.055959');
INSERT INTO hall_seats (id, cinema_hall_id, seat_type_id, seat_code, created_at, updated_at) VALUES ('a6c00484-4cfb-4c71-ac10-98a76272620e', '223652cd-d2ab-4968-8a1e-349553055ce6', 'cf0ea588-a6ac-4774-95e6-54494a211c06', 'B4', '2026-01-15T04:48:00.055959', '2026-01-15T04:48:00.055959');
INSERT INTO hall_seats (id, cinema_hall_id, seat_type_id, seat_code, created_at, updated_at) VALUES ('124f0257-2102-473a-9446-55ff0e556918', '223652cd-d2ab-4968-8a1e-349553055ce6', 'cf0ea588-a6ac-4774-95e6-54494a211c06', 'B5', '2026-01-15T04:48:00.055959', '2026-01-15T04:48:00.055959');
INSERT INTO hall_seats (id, cinema_hall_id, seat_type_id, seat_code, created_at, updated_at) VALUES ('6aa466db-7aee-4582-b779-7b1e82155033', '223652cd-d2ab-4968-8a1e-349553055ce6', 'cf0ea588-a6ac-4774-95e6-54494a211c06', 'B6', '2026-01-15T04:48:00.055959', '2026-01-15T04:48:00.055959');
INSERT INTO hall_seats (id, cinema_hall_id, seat_type_id, seat_code, created_at, updated_at) VALUES ('c0951f4f-4be4-4e4e-8a69-af6aa1f95b66', '223652cd-d2ab-4968-8a1e-349553055ce6', 'cf0ea588-a6ac-4774-95e6-54494a211c06', 'B7', '2026-01-15T04:48:00.055959', '2026-01-15T04:48:00.055959');
INSERT INTO hall_seats (id, cinema_hall_id, seat_type_id, seat_code, created_at, updated_at) VALUES ('12f5258a-d1eb-44c2-bca7-e08bed47e548', '223652cd-d2ab-4968-8a1e-349553055ce6', 'cf0ea588-a6ac-4774-95e6-54494a211c06', 'B8', '2026-01-15T04:48:00.055959', '2026-01-15T04:48:00.055959');
INSERT INTO hall_seats (id, cinema_hall_id, seat_type_id, seat_code, created_at, updated_at) VALUES ('75f9dfd8-e68c-4188-807d-c4d1cf919be2', '223652cd-d2ab-4968-8a1e-349553055ce6', 'cf0ea588-a6ac-4774-95e6-54494a211c06', 'C1', '2026-01-15T04:48:00.056077', '2026-01-15T04:48:00.056077');
INSERT INTO hall_seats (id, cinema_hall_id, seat_type_id, seat_code, created_at, updated_at) VALUES ('34f87f3e-983c-438a-898c-f9cefa9173bb', '223652cd-d2ab-4968-8a1e-349553055ce6', 'cf0ea588-a6ac-4774-95e6-54494a211c06', 'C2', '2026-01-15T04:48:00.056077', '2026-01-15T04:48:00.056077');
INSERT INTO hall_seats (id, cinema_hall_id, seat_type_id, seat_code, created_at, updated_at) VALUES ('c4236bd3-7092-45d8-a6c9-77e161f79897', '223652cd-d2ab-4968-8a1e-349553055ce6', 'cf0ea588-a6ac-4774-95e6-54494a211c06', 'C3', '2026-01-15T04:48:00.056077', '2026-01-15T04:48:00.056077');
INSERT INTO hall_seats (id, cinema_hall_id, seat_type_id, seat_code, created_at, updated_at) VALUES ('1264c35b-4bce-4d6d-a8c9-5c06325c368b', '223652cd-d2ab-4968-8a1e-349553055ce6', 'cf0ea588-a6ac-4774-95e6-54494a211c06', 'C4', '2026-01-15T04:48:00.056077', '2026-01-15T04:48:00.056077');
INSERT INTO hall_seats (id, cinema_hall_id, seat_type_id, seat_code, created_at, updated_at) VALUES ('d18879ca-23b4-4a0d-96b0-f2e85a4cb494', '223652cd-d2ab-4968-8a1e-349553055ce6', 'cf0ea588-a6ac-4774-95e6-54494a211c06', 'C5', '2026-01-15T04:48:00.056077', '2026-01-15T04:48:00.056077');
INSERT INTO hall_seats (id, cinema_hall_id, seat_type_id, seat_code, created_at, updated_at) VALUES ('bba1d2c3-f63f-42c4-b09f-7d76f2bdbcf7', '223652cd-d2ab-4968-8a1e-349553055ce6', 'cf0ea588-a6ac-4774-95e6-54494a211c06', 'C6', '2026-01-15T04:48:00.056077', '2026-01-15T04:48:00.056077');
INSERT INTO hall_seats (id, cinema_hall_id, seat_type_id, seat_code, created_at, updated_at) VALUES ('3c4dcdae-abe1-40d4-801a-6c627938aa81', '223652cd-d2ab-4968-8a1e-349553055ce6', 'cf0ea588-a6ac-4774-95e6-54494a211c06', 'C7', '2026-01-15T04:48:00.056077', '2026-01-15T04:48:00.056077');
INSERT INTO hall_seats (id, cinema_hall_id, seat_type_id, seat_code, created_at, updated_at) VALUES ('6fcadf7e-287e-4144-bcce-0c62652543e4', '223652cd-d2ab-4968-8a1e-349553055ce6', 'cf0ea588-a6ac-4774-95e6-54494a211c06', 'C8', '2026-01-15T04:48:00.056077', '2026-01-15T04:48:00.056077');
INSERT INTO hall_seats (id, cinema_hall_id, seat_type_id, seat_code, created_at, updated_at) VALUES ('75a1d086-5af6-4304-be9d-95c0918762a2', '223652cd-d2ab-4968-8a1e-349553055ce6', 'cf0ea588-a6ac-4774-95e6-54494a211c06', 'D1', '2026-01-15T04:48:00.056172', '2026-01-15T04:48:00.056172');
INSERT INTO hall_seats (id, cinema_hall_id, seat_type_id, seat_code, created_at, updated_at) VALUES ('1932542d-f6ab-4326-8b70-d55834aa11ff', '223652cd-d2ab-4968-8a1e-349553055ce6', 'cf0ea588-a6ac-4774-95e6-54494a211c06', 'D2', '2026-01-15T04:48:00.056172', '2026-01-15T04:48:00.056172');
INSERT INTO hall_seats (id, cinema_hall_id, seat_type_id, seat_code, created_at, updated_at) VALUES ('38c28258-b843-4d94-8ba0-712cac901d48', '223652cd-d2ab-4968-8a1e-349553055ce6', 'cf0ea588-a6ac-4774-95e6-54494a211c06', 'D3', '2026-01-15T04:48:00.056172', '2026-01-15T04:48:00.056172');
INSERT INTO hall_seats (id, cinema_hall_id, seat_type_id, seat_code, created_at, updated_at) VALUES ('d69529b8-3830-4b5a-bcb9-aaebf302c76e', '223652cd-d2ab-4968-8a1e-349553055ce6', 'cf0ea588-a6ac-4774-95e6-54494a211c06', 'D4', '2026-01-15T04:48:00.056172', '2026-01-15T04:48:00.056172');
INSERT INTO hall_seats (id, cinema_hall_id, seat_type_id, seat_code, created_at, updated_at) VALUES ('63f2581a-89af-4ab5-8522-ee070cf6949a', '223652cd-d2ab-4968-8a1e-349553055ce6', 'cf0ea588-a6ac-4774-95e6-54494a211c06', 'D5', '2026-01-15T04:48:00.056172', '2026-01-15T04:48:00.056172');
INSERT INTO hall_seats (id, cinema_hall_id, seat_type_id, seat_code, created_at, updated_at) VALUES ('3ead8855-15ec-4201-85f6-0161b01de84a', '223652cd-d2ab-4968-8a1e-349553055ce6', 'cf0ea588-a6ac-4774-95e6-54494a211c06', 'D6', '2026-01-15T04:48:00.056172', '2026-01-15T04:48:00.056172');
INSERT INTO hall_seats (id, cinema_hall_id, seat_type_id, seat_code, created_at, updated_at) VALUES ('f90623d8-f96a-4d0d-9fdf-c1cbde010190', '223652cd-d2ab-4968-8a1e-349553055ce6', 'cf0ea588-a6ac-4774-95e6-54494a211c06', 'D7', '2026-01-15T04:48:00.056172', '2026-01-15T04:48:00.056172');
INSERT INTO hall_seats (id, cinema_hall_id, seat_type_id, seat_code, created_at, updated_at) VALUES ('28b8bc26-9640-40eb-b487-58265008e667', '223652cd-d2ab-4968-8a1e-349553055ce6', 'cf0ea588-a6ac-4774-95e6-54494a211c06', 'D8', '2026-01-15T04:48:00.056172', '2026-01-15T04:48:00.056172');
INSERT INTO hall_seats (id, cinema_hall_id, seat_type_id, seat_code, created_at, updated_at) VALUES ('f38bdae9-6a42-4f4d-80f8-017c51b50c07', '223652cd-d2ab-4968-8a1e-349553055ce6', 'cf0ea588-a6ac-4774-95e6-54494a211c06', 'E1', '2026-01-15T04:48:00.056274', '2026-01-15T04:48:00.056274');
INSERT INTO hall_seats (id, cinema_hall_id, seat_type_id, seat_code, created_at, updated_at) VALUES ('7821dd20-1fef-49a6-bc4c-54087c3ce526', '223652cd-d2ab-4968-8a1e-349553055ce6', 'cf0ea588-a6ac-4774-95e6-54494a211c06', 'E2', '2026-01-15T04:48:00.056274', '2026-01-15T04:48:00.056274');
INSERT INTO hall_seats (id, cinema_hall_id, seat_type_id, seat_code, created_at, updated_at) VALUES ('8d705f77-cc21-441e-8d46-85c400137bf9', '223652cd-d2ab-4968-8a1e-349553055ce6', 'cf0ea588-a6ac-4774-95e6-54494a211c06', 'E3', '2026-01-15T04:48:00.056274', '2026-01-15T04:48:00.056274');
INSERT INTO hall_seats (id, cinema_hall_id, seat_type_id, seat_code, created_at, updated_at) VALUES ('146eebf0-042e-4840-80eb-1cfb33bcd422', '223652cd-d2ab-4968-8a1e-349553055ce6', 'cf0ea588-a6ac-4774-95e6-54494a211c06', 'E4', '2026-01-15T04:48:00.056274', '2026-01-15T04:48:00.056274');
INSERT INTO hall_seats (id, cinema_hall_id, seat_type_id, seat_code, created_at, updated_at) VALUES ('0acd6f33-ab3a-46d0-a48d-12b87f69cc35', '223652cd-d2ab-4968-8a1e-349553055ce6', 'cf0ea588-a6ac-4774-95e6-54494a211c06', 'E5', '2026-01-15T04:48:00.056274', '2026-01-15T04:48:00.056274');
INSERT INTO hall_seats (id, cinema_hall_id, seat_type_id, seat_code, created_at, updated_at) VALUES ('fc031cc2-8ae2-4ce5-80bc-eb45ac58324b', '223652cd-d2ab-4968-8a1e-349553055ce6', 'cf0ea588-a6ac-4774-95e6-54494a211c06', 'E6', '2026-01-15T04:48:00.056274', '2026-01-15T04:48:00.056274');
INSERT INTO hall_seats (id, cinema_hall_id, seat_type_id, seat_code, created_at, updated_at) VALUES ('04045678-8f49-4516-a1fd-bc6123230e0a', '223652cd-d2ab-4968-8a1e-349553055ce6', 'cf0ea588-a6ac-4774-95e6-54494a211c06', 'E7', '2026-01-15T04:48:00.056274', '2026-01-15T04:48:00.056274');
INSERT INTO hall_seats (id, cinema_hall_id, seat_type_id, seat_code, created_at, updated_at) VALUES ('cef89d2e-6986-4840-ab27-3a19ef221416', '223652cd-d2ab-4968-8a1e-349553055ce6', 'cf0ea588-a6ac-4774-95e6-54494a211c06', 'E8', '2026-01-15T04:48:00.056274', '2026-01-15T04:48:00.056274');
INSERT INTO hall_seats (id, cinema_hall_id, seat_type_id, seat_code, created_at, updated_at) VALUES ('abc0e191-861f-4aad-b6d1-13cee7b63dfc', '223652cd-d2ab-4968-8a1e-349553055ce6', 'cf0ea588-a6ac-4774-95e6-54494a211c06', 'F1', '2026-01-15T04:48:00.056367', '2026-01-15T04:48:00.056367');
INSERT INTO hall_seats (id, cinema_hall_id, seat_type_id, seat_code, created_at, updated_at) VALUES ('eac6fbd7-17eb-4516-92f3-8192458b463f', '223652cd-d2ab-4968-8a1e-349553055ce6', 'cf0ea588-a6ac-4774-95e6-54494a211c06', 'F2', '2026-01-15T04:48:00.056367', '2026-01-15T04:48:00.056367');
INSERT INTO hall_seats (id, cinema_hall_id, seat_type_id, seat_code, created_at, updated_at) VALUES ('0501a7e4-dcae-46dc-877c-1155264ffca9', '223652cd-d2ab-4968-8a1e-349553055ce6', 'cf0ea588-a6ac-4774-95e6-54494a211c06', 'F3', '2026-01-15T04:48:00.056367', '2026-01-15T04:48:00.056367');
INSERT INTO hall_seats (id, cinema_hall_id, seat_type_id, seat_code, created_at, updated_at) VALUES ('5b480c99-3c5b-413c-9134-7283d7615373', '223652cd-d2ab-4968-8a1e-349553055ce6', 'cf0ea588-a6ac-4774-95e6-54494a211c06', 'F4', '2026-01-15T04:48:00.056367', '2026-01-15T04:48:00.056367');
INSERT INTO hall_seats (id, cinema_hall_id, seat_type_id, seat_code, created_at, updated_at) VALUES ('d797f731-c9af-45e6-8b76-4f2a97f5910c', '223652cd-d2ab-4968-8a1e-349553055ce6', 'cf0ea588-a6ac-4774-95e6-54494a211c06', 'F5', '2026-01-15T04:48:00.056367', '2026-01-15T04:48:00.056367');
INSERT INTO hall_seats (id, cinema_hall_id, seat_type_id, seat_code, created_at, updated_at) VALUES ('ff104dc2-5600-4960-8c1a-ad89ff764521', '223652cd-d2ab-4968-8a1e-349553055ce6', 'cf0ea588-a6ac-4774-95e6-54494a211c06', 'F6', '2026-01-15T04:48:00.056367', '2026-01-15T04:48:00.056367');
INSERT INTO hall_seats (id, cinema_hall_id, seat_type_id, seat_code, created_at, updated_at) VALUES ('c6749e7f-6e9e-42bd-9c42-8fef28d2e9ed', '223652cd-d2ab-4968-8a1e-349553055ce6', 'cf0ea588-a6ac-4774-95e6-54494a211c06', 'F7', '2026-01-15T04:48:00.056367', '2026-01-15T04:48:00.056367');
INSERT INTO hall_seats (id, cinema_hall_id, seat_type_id, seat_code, created_at, updated_at) VALUES ('3265a206-b1a4-4901-b21f-fa484c828645', '223652cd-d2ab-4968-8a1e-349553055ce6', 'cf0ea588-a6ac-4774-95e6-54494a211c06', 'F8', '2026-01-15T04:48:00.056367', '2026-01-15T04:48:00.056367');
INSERT INTO hall_seats (id, cinema_hall_id, seat_type_id, seat_code, created_at, updated_at) VALUES ('f3ac8d4f-f4fa-4501-9eb4-eebb7286ee16', '223652cd-d2ab-4968-8a1e-349553055ce6', '04023e7d-e443-4771-bacd-751aadbb482e', 'G1', '2026-01-15T04:48:00.056456', '2026-01-15T04:48:00.056456');
INSERT INTO hall_seats (id, cinema_hall_id, seat_type_id, seat_code, created_at, updated_at) VALUES ('85652122-0afe-4a70-bcb9-b1a8ab65ac05', '223652cd-d2ab-4968-8a1e-349553055ce6', '04023e7d-e443-4771-bacd-751aadbb482e', 'G2', '2026-01-15T04:48:00.056456', '2026-01-15T04:48:00.056456');
INSERT INTO hall_seats (id, cinema_hall_id, seat_type_id, seat_code, created_at, updated_at) VALUES ('1bbd1e1a-0e9b-42ee-bf0c-d499b9714b14', '223652cd-d2ab-4968-8a1e-349553055ce6', '04023e7d-e443-4771-bacd-751aadbb482e', 'G3', '2026-01-15T04:48:00.056456', '2026-01-15T04:48:00.056456');
INSERT INTO hall_seats (id, cinema_hall_id, seat_type_id, seat_code, created_at, updated_at) VALUES ('6ef70ef8-877e-4bfe-9da3-2c8ffd69065f', '223652cd-d2ab-4968-8a1e-349553055ce6', '04023e7d-e443-4771-bacd-751aadbb482e', 'G4', '2026-01-15T04:48:00.056456', '2026-01-15T04:48:00.056456');
INSERT INTO hall_seats (id, cinema_hall_id, seat_type_id, seat_code, created_at, updated_at) VALUES ('0c91e194-76f7-4950-bfe1-5beeff9c9cf5', '223652cd-d2ab-4968-8a1e-349553055ce6', '04023e7d-e443-4771-bacd-751aadbb482e', 'G5', '2026-01-15T04:48:00.056456', '2026-01-15T04:48:00.056456');
INSERT INTO hall_seats (id, cinema_hall_id, seat_type_id, seat_code, created_at, updated_at) VALUES ('25db43aa-638f-47c8-a12e-38d0fe68c001', '223652cd-d2ab-4968-8a1e-349553055ce6', '04023e7d-e443-4771-bacd-751aadbb482e', 'G6', '2026-01-15T04:48:00.056456', '2026-01-15T04:48:00.056456');
INSERT INTO hall_seats (id, cinema_hall_id, seat_type_id, seat_code, created_at, updated_at) VALUES ('d68a1027-02de-475e-8bcd-8804c9187498', '223652cd-d2ab-4968-8a1e-349553055ce6', '04023e7d-e443-4771-bacd-751aadbb482e', 'G7', '2026-01-15T04:48:00.056456', '2026-01-15T04:48:00.056456');
INSERT INTO hall_seats (id, cinema_hall_id, seat_type_id, seat_code, created_at, updated_at) VALUES ('007b1d9e-ed9f-42cc-a29d-e99c286e745c', '223652cd-d2ab-4968-8a1e-349553055ce6', '04023e7d-e443-4771-bacd-751aadbb482e', 'G8', '2026-01-15T04:48:00.056456', '2026-01-15T04:48:00.056456');
INSERT INTO hall_seats (id, cinema_hall_id, seat_type_id, seat_code, created_at, updated_at) VALUES ('46adcbef-e43e-4100-bcaf-46c99df31383', '223652cd-d2ab-4968-8a1e-349553055ce6', '04023e7d-e443-4771-bacd-751aadbb482e', 'H1', '2026-01-15T04:48:00.056553', '2026-01-15T04:48:00.056553');
INSERT INTO hall_seats (id, cinema_hall_id, seat_type_id, seat_code, created_at, updated_at) VALUES ('233b0262-78ac-458a-a901-1dad01dc55cd', '223652cd-d2ab-4968-8a1e-349553055ce6', '04023e7d-e443-4771-bacd-751aadbb482e', 'H2', '2026-01-15T04:48:00.056553', '2026-01-15T04:48:00.056553');
INSERT INTO hall_seats (id, cinema_hall_id, seat_type_id, seat_code, created_at, updated_at) VALUES ('1ffc52bd-aa9e-4595-addd-26982c0bd8ed', '223652cd-d2ab-4968-8a1e-349553055ce6', '04023e7d-e443-4771-bacd-751aadbb482e', 'H3', '2026-01-15T04:48:00.056553', '2026-01-15T04:48:00.056553');
INSERT INTO hall_seats (id, cinema_hall_id, seat_type_id, seat_code, created_at, updated_at) VALUES ('dfe6ea1b-c588-4bb3-99ee-458f8805dbaf', '223652cd-d2ab-4968-8a1e-349553055ce6', '04023e7d-e443-4771-bacd-751aadbb482e', 'H4', '2026-01-15T04:48:00.056553', '2026-01-15T04:48:00.056553');
INSERT INTO hall_seats (id, cinema_hall_id, seat_type_id, seat_code, created_at, updated_at) VALUES ('1c5a8bfa-8bce-4ecc-9ace-a0318371ed9a', '223652cd-d2ab-4968-8a1e-349553055ce6', '04023e7d-e443-4771-bacd-751aadbb482e', 'H5', '2026-01-15T04:48:00.056553', '2026-01-15T04:48:00.056553');
INSERT INTO hall_seats (id, cinema_hall_id, seat_type_id, seat_code, created_at, updated_at) VALUES ('027dda00-8294-4299-bc47-c7cf3f11f2b7', '223652cd-d2ab-4968-8a1e-349553055ce6', '04023e7d-e443-4771-bacd-751aadbb482e', 'H6', '2026-01-15T04:48:00.056553', '2026-01-15T04:48:00.056553');
INSERT INTO hall_seats (id, cinema_hall_id, seat_type_id, seat_code, created_at, updated_at) VALUES ('f66888e4-9c81-4542-a267-005e8d10fe60', '223652cd-d2ab-4968-8a1e-349553055ce6', '04023e7d-e443-4771-bacd-751aadbb482e', 'H7', '2026-01-15T04:48:00.056553', '2026-01-15T04:48:00.056553');
INSERT INTO hall_seats (id, cinema_hall_id, seat_type_id, seat_code, created_at, updated_at) VALUES ('02576d9f-ab52-4669-82db-9c6d8312d123', '223652cd-d2ab-4968-8a1e-349553055ce6', '04023e7d-e443-4771-bacd-751aadbb482e', 'H8', '2026-01-15T04:48:00.056553', '2026-01-15T04:48:00.056553');
INSERT INTO hall_seats (id, cinema_hall_id, seat_type_id, seat_code, created_at, updated_at) VALUES ('6d16cb71-b124-4a07-aca4-777c2e5cd16e', '223652cd-d2ab-4968-8a1e-349553055ce6', '25051a14-cd48-48a4-8b94-632c6c5132a0', 'I1', '2026-01-15T04:48:00.056658', '2026-01-15T04:48:00.056658');
INSERT INTO hall_seats (id, cinema_hall_id, seat_type_id, seat_code, created_at, updated_at) VALUES ('94ebe343-997f-42e8-bcc9-9bd5d5495fc2', '223652cd-d2ab-4968-8a1e-349553055ce6', '25051a14-cd48-48a4-8b94-632c6c5132a0', 'I2', '2026-01-15T04:48:00.056658', '2026-01-15T04:48:00.056658');
INSERT INTO hall_seats (id, cinema_hall_id, seat_type_id, seat_code, created_at, updated_at) VALUES ('b4be1c0c-bf1c-4678-9ec9-a72df107a671', '223652cd-d2ab-4968-8a1e-349553055ce6', '25051a14-cd48-48a4-8b94-632c6c5132a0', 'I3', '2026-01-15T04:48:00.056658', '2026-01-15T04:48:00.056658');
INSERT INTO hall_seats (id, cinema_hall_id, seat_type_id, seat_code, created_at, updated_at) VALUES ('9b293c70-01f5-41ac-a4c4-03e711487dcb', '223652cd-d2ab-4968-8a1e-349553055ce6', '25051a14-cd48-48a4-8b94-632c6c5132a0', 'I4', '2026-01-15T04:48:00.056658', '2026-01-15T04:48:00.056658');
INSERT INTO hall_seats (id, cinema_hall_id, seat_type_id, seat_code, created_at, updated_at) VALUES ('ff071b8e-c030-40ce-8c8a-21998cf198a4', '12e6090e-6add-4d2d-b65b-f586dca60bfa', 'cf0ea588-a6ac-4774-95e6-54494a211c06', 'A1', '2026-01-15T04:48:00.056708', '2026-01-15T04:48:00.056708');
INSERT INTO hall_seats (id, cinema_hall_id, seat_type_id, seat_code, created_at, updated_at) VALUES ('c40574f2-5ab5-4bf0-abff-bb9b3b4278b6', '12e6090e-6add-4d2d-b65b-f586dca60bfa', 'cf0ea588-a6ac-4774-95e6-54494a211c06', 'A2', '2026-01-15T04:48:00.056708', '2026-01-15T04:48:00.056708');
INSERT INTO hall_seats (id, cinema_hall_id, seat_type_id, seat_code, created_at, updated_at) VALUES ('3a4be314-a7c5-4bd6-8482-47fe7714ebe1', '12e6090e-6add-4d2d-b65b-f586dca60bfa', 'cf0ea588-a6ac-4774-95e6-54494a211c06', 'A3', '2026-01-15T04:48:00.056708', '2026-01-15T04:48:00.056708');
INSERT INTO hall_seats (id, cinema_hall_id, seat_type_id, seat_code, created_at, updated_at) VALUES ('47216dfe-87bc-44db-89f3-7421096386af', '12e6090e-6add-4d2d-b65b-f586dca60bfa', 'cf0ea588-a6ac-4774-95e6-54494a211c06', 'A4', '2026-01-15T04:48:00.056708', '2026-01-15T04:48:00.056708');
INSERT INTO hall_seats (id, cinema_hall_id, seat_type_id, seat_code, created_at, updated_at) VALUES ('8efc89be-dd8c-4165-a652-d8c43dc65e23', '12e6090e-6add-4d2d-b65b-f586dca60bfa', 'cf0ea588-a6ac-4774-95e6-54494a211c06', 'A5', '2026-01-15T04:48:00.056708', '2026-01-15T04:48:00.056708');
INSERT INTO hall_seats (id, cinema_hall_id, seat_type_id, seat_code, created_at, updated_at) VALUES ('f4596d7f-629a-4f64-9119-f9029fac88a9', '12e6090e-6add-4d2d-b65b-f586dca60bfa', 'cf0ea588-a6ac-4774-95e6-54494a211c06', 'A6', '2026-01-15T04:48:00.056708', '2026-01-15T04:48:00.056708');
INSERT INTO hall_seats (id, cinema_hall_id, seat_type_id, seat_code, created_at, updated_at) VALUES ('bb208e54-1ac8-4e2d-ace9-c6f703906c92', '12e6090e-6add-4d2d-b65b-f586dca60bfa', 'cf0ea588-a6ac-4774-95e6-54494a211c06', 'A7', '2026-01-15T04:48:00.056708', '2026-01-15T04:48:00.056708');
INSERT INTO hall_seats (id, cinema_hall_id, seat_type_id, seat_code, created_at, updated_at) VALUES ('535c1c5e-1340-4017-856f-01f2b23077fe', '12e6090e-6add-4d2d-b65b-f586dca60bfa', 'cf0ea588-a6ac-4774-95e6-54494a211c06', 'A8', '2026-01-15T04:48:00.056708', '2026-01-15T04:48:00.056708');
INSERT INTO hall_seats (id, cinema_hall_id, seat_type_id, seat_code, created_at, updated_at) VALUES ('847f95da-f621-4e20-8cef-a649c69c7b6d', '12e6090e-6add-4d2d-b65b-f586dca60bfa', 'cf0ea588-a6ac-4774-95e6-54494a211c06', 'B1', '2026-01-15T04:48:00.056827', '2026-01-15T04:48:00.056827');
INSERT INTO hall_seats (id, cinema_hall_id, seat_type_id, seat_code, created_at, updated_at) VALUES ('560faa0b-801a-456d-b35c-e4777c1b248d', '12e6090e-6add-4d2d-b65b-f586dca60bfa', 'cf0ea588-a6ac-4774-95e6-54494a211c06', 'B2', '2026-01-15T04:48:00.056827', '2026-01-15T04:48:00.056827');
INSERT INTO hall_seats (id, cinema_hall_id, seat_type_id, seat_code, created_at, updated_at) VALUES ('1bb27576-7073-407d-b80d-ed1101b9533a', '12e6090e-6add-4d2d-b65b-f586dca60bfa', 'cf0ea588-a6ac-4774-95e6-54494a211c06', 'B3', '2026-01-15T04:48:00.056827', '2026-01-15T04:48:00.056827');
INSERT INTO hall_seats (id, cinema_hall_id, seat_type_id, seat_code, created_at, updated_at) VALUES ('af6f4b84-2007-44b7-a495-4b108e2b2449', '12e6090e-6add-4d2d-b65b-f586dca60bfa', 'cf0ea588-a6ac-4774-95e6-54494a211c06', 'B4', '2026-01-15T04:48:00.056827', '2026-01-15T04:48:00.056827');
INSERT INTO hall_seats (id, cinema_hall_id, seat_type_id, seat_code, created_at, updated_at) VALUES ('acb56c11-8627-4f50-924f-e433a4e1dc63', '12e6090e-6add-4d2d-b65b-f586dca60bfa', 'cf0ea588-a6ac-4774-95e6-54494a211c06', 'B5', '2026-01-15T04:48:00.056827', '2026-01-15T04:48:00.056827');
INSERT INTO hall_seats (id, cinema_hall_id, seat_type_id, seat_code, created_at, updated_at) VALUES ('29fb5b25-6931-4cb9-8ca9-bd5b0c1dd255', '12e6090e-6add-4d2d-b65b-f586dca60bfa', 'cf0ea588-a6ac-4774-95e6-54494a211c06', 'B6', '2026-01-15T04:48:00.056827', '2026-01-15T04:48:00.056827');
INSERT INTO hall_seats (id, cinema_hall_id, seat_type_id, seat_code, created_at, updated_at) VALUES ('2b04ffd8-d161-4535-87e4-e95e2c6edb0a', '12e6090e-6add-4d2d-b65b-f586dca60bfa', 'cf0ea588-a6ac-4774-95e6-54494a211c06', 'B7', '2026-01-15T04:48:00.056827', '2026-01-15T04:48:00.056827');
INSERT INTO hall_seats (id, cinema_hall_id, seat_type_id, seat_code, created_at, updated_at) VALUES ('297749b5-11f0-40e5-89b6-95d62a6aa804', '12e6090e-6add-4d2d-b65b-f586dca60bfa', 'cf0ea588-a6ac-4774-95e6-54494a211c06', 'B8', '2026-01-15T04:48:00.056827', '2026-01-15T04:48:00.056827');
INSERT INTO hall_seats (id, cinema_hall_id, seat_type_id, seat_code, created_at, updated_at) VALUES ('80e9add1-8463-4ba6-8a6e-a550e8edbf7a', '12e6090e-6add-4d2d-b65b-f586dca60bfa', 'cf0ea588-a6ac-4774-95e6-54494a211c06', 'C1', '2026-01-15T04:48:00.056916', '2026-01-15T04:48:00.056916');
INSERT INTO hall_seats (id, cinema_hall_id, seat_type_id, seat_code, created_at, updated_at) VALUES ('5a772de3-d623-4870-a1bd-f4735af376d9', '12e6090e-6add-4d2d-b65b-f586dca60bfa', 'cf0ea588-a6ac-4774-95e6-54494a211c06', 'C2', '2026-01-15T04:48:00.056916', '2026-01-15T04:48:00.056916');
INSERT INTO hall_seats (id, cinema_hall_id, seat_type_id, seat_code, created_at, updated_at) VALUES ('fbd40869-3b9b-40b4-b615-eaff151d43b2', '12e6090e-6add-4d2d-b65b-f586dca60bfa', 'cf0ea588-a6ac-4774-95e6-54494a211c06', 'C3', '2026-01-15T04:48:00.056916', '2026-01-15T04:48:00.056916');
INSERT INTO hall_seats (id, cinema_hall_id, seat_type_id, seat_code, created_at, updated_at) VALUES ('2fd3458d-96ad-4177-b50f-60f357697e80', '12e6090e-6add-4d2d-b65b-f586dca60bfa', 'cf0ea588-a6ac-4774-95e6-54494a211c06', 'C4', '2026-01-15T04:48:00.056916', '2026-01-15T04:48:00.056916');
INSERT INTO hall_seats (id, cinema_hall_id, seat_type_id, seat_code, created_at, updated_at) VALUES ('df463718-d715-4888-a5f8-1f9fde5834c7', '12e6090e-6add-4d2d-b65b-f586dca60bfa', 'cf0ea588-a6ac-4774-95e6-54494a211c06', 'C5', '2026-01-15T04:48:00.056916', '2026-01-15T04:48:00.056916');
INSERT INTO hall_seats (id, cinema_hall_id, seat_type_id, seat_code, created_at, updated_at) VALUES ('2f83d580-1d97-4661-a057-3fd4cad699c6', '12e6090e-6add-4d2d-b65b-f586dca60bfa', 'cf0ea588-a6ac-4774-95e6-54494a211c06', 'C6', '2026-01-15T04:48:00.056916', '2026-01-15T04:48:00.056916');
INSERT INTO hall_seats (id, cinema_hall_id, seat_type_id, seat_code, created_at, updated_at) VALUES ('1bd036ef-c588-45c9-9df4-c3f7920fd724', '12e6090e-6add-4d2d-b65b-f586dca60bfa', 'cf0ea588-a6ac-4774-95e6-54494a211c06', 'C7', '2026-01-15T04:48:00.056916', '2026-01-15T04:48:00.056916');
INSERT INTO hall_seats (id, cinema_hall_id, seat_type_id, seat_code, created_at, updated_at) VALUES ('f9270305-66c2-446d-ac67-6df05ba80982', '12e6090e-6add-4d2d-b65b-f586dca60bfa', 'cf0ea588-a6ac-4774-95e6-54494a211c06', 'C8', '2026-01-15T04:48:00.056916', '2026-01-15T04:48:00.056916');
INSERT INTO hall_seats (id, cinema_hall_id, seat_type_id, seat_code, created_at, updated_at) VALUES ('6f266cbf-7d9a-45c8-9e29-141229ef44dd', '12e6090e-6add-4d2d-b65b-f586dca60bfa', 'cf0ea588-a6ac-4774-95e6-54494a211c06', 'D1', '2026-01-15T04:48:00.057032', '2026-01-15T04:48:00.057032');
INSERT INTO hall_seats (id, cinema_hall_id, seat_type_id, seat_code, created_at, updated_at) VALUES ('d226ccbe-82c8-4ca9-9536-e4b4ad376667', '12e6090e-6add-4d2d-b65b-f586dca60bfa', 'cf0ea588-a6ac-4774-95e6-54494a211c06', 'D2', '2026-01-15T04:48:00.057032', '2026-01-15T04:48:00.057032');
INSERT INTO hall_seats (id, cinema_hall_id, seat_type_id, seat_code, created_at, updated_at) VALUES ('60ad7819-4fa9-433f-a474-798e1e043bbf', '12e6090e-6add-4d2d-b65b-f586dca60bfa', 'cf0ea588-a6ac-4774-95e6-54494a211c06', 'D3', '2026-01-15T04:48:00.057032', '2026-01-15T04:48:00.057032');
INSERT INTO hall_seats (id, cinema_hall_id, seat_type_id, seat_code, created_at, updated_at) VALUES ('8e340862-77db-43a7-9881-d69785b5dd3c', '12e6090e-6add-4d2d-b65b-f586dca60bfa', 'cf0ea588-a6ac-4774-95e6-54494a211c06', 'D4', '2026-01-15T04:48:00.057032', '2026-01-15T04:48:00.057032');
INSERT INTO hall_seats (id, cinema_hall_id, seat_type_id, seat_code, created_at, updated_at) VALUES ('dd3439ed-30de-4c80-a8b3-50b2700b3a4d', '12e6090e-6add-4d2d-b65b-f586dca60bfa', 'cf0ea588-a6ac-4774-95e6-54494a211c06', 'D5', '2026-01-15T04:48:00.057032', '2026-01-15T04:48:00.057032');
INSERT INTO hall_seats (id, cinema_hall_id, seat_type_id, seat_code, created_at, updated_at) VALUES ('fb3aa730-48ec-4926-aca0-85972d022515', '12e6090e-6add-4d2d-b65b-f586dca60bfa', 'cf0ea588-a6ac-4774-95e6-54494a211c06', 'D6', '2026-01-15T04:48:00.057032', '2026-01-15T04:48:00.057032');
INSERT INTO hall_seats (id, cinema_hall_id, seat_type_id, seat_code, created_at, updated_at) VALUES ('126eb8dc-2c04-4954-9d50-7bb5f3693809', '12e6090e-6add-4d2d-b65b-f586dca60bfa', 'cf0ea588-a6ac-4774-95e6-54494a211c06', 'D7', '2026-01-15T04:48:00.057032', '2026-01-15T04:48:00.057032');
INSERT INTO hall_seats (id, cinema_hall_id, seat_type_id, seat_code, created_at, updated_at) VALUES ('66c22e0f-52b2-409e-a001-2d4616c23924', '12e6090e-6add-4d2d-b65b-f586dca60bfa', 'cf0ea588-a6ac-4774-95e6-54494a211c06', 'D8', '2026-01-15T04:48:00.057032', '2026-01-15T04:48:00.057032');
INSERT INTO hall_seats (id, cinema_hall_id, seat_type_id, seat_code, created_at, updated_at) VALUES ('16bdbaac-64de-4bca-9240-c0bf08f5613c', '12e6090e-6add-4d2d-b65b-f586dca60bfa', 'cf0ea588-a6ac-4774-95e6-54494a211c06', 'E1', '2026-01-15T04:48:00.057133', '2026-01-15T04:48:00.057133');
INSERT INTO hall_seats (id, cinema_hall_id, seat_type_id, seat_code, created_at, updated_at) VALUES ('686a363f-2867-411d-9a72-f7b6e00f5a8e', '12e6090e-6add-4d2d-b65b-f586dca60bfa', 'cf0ea588-a6ac-4774-95e6-54494a211c06', 'E2', '2026-01-15T04:48:00.057133', '2026-01-15T04:48:00.057133');
INSERT INTO hall_seats (id, cinema_hall_id, seat_type_id, seat_code, created_at, updated_at) VALUES ('aca8a12a-b9e2-4b99-b059-af183e87f559', '12e6090e-6add-4d2d-b65b-f586dca60bfa', 'cf0ea588-a6ac-4774-95e6-54494a211c06', 'E3', '2026-01-15T04:48:00.057133', '2026-01-15T04:48:00.057133');
INSERT INTO hall_seats (id, cinema_hall_id, seat_type_id, seat_code, created_at, updated_at) VALUES ('f01ad2fa-1fe8-4aba-9d14-724cd4b8f0a4', '12e6090e-6add-4d2d-b65b-f586dca60bfa', 'cf0ea588-a6ac-4774-95e6-54494a211c06', 'E4', '2026-01-15T04:48:00.057133', '2026-01-15T04:48:00.057133');
INSERT INTO hall_seats (id, cinema_hall_id, seat_type_id, seat_code, created_at, updated_at) VALUES ('f9e03abb-8a86-4b91-ac19-f55b737e3e7c', '12e6090e-6add-4d2d-b65b-f586dca60bfa', 'cf0ea588-a6ac-4774-95e6-54494a211c06', 'E5', '2026-01-15T04:48:00.057133', '2026-01-15T04:48:00.057133');
INSERT INTO hall_seats (id, cinema_hall_id, seat_type_id, seat_code, created_at, updated_at) VALUES ('0c01572a-06e4-4903-b26b-39b553408bd3', '12e6090e-6add-4d2d-b65b-f586dca60bfa', 'cf0ea588-a6ac-4774-95e6-54494a211c06', 'E6', '2026-01-15T04:48:00.057133', '2026-01-15T04:48:00.057133');
INSERT INTO hall_seats (id, cinema_hall_id, seat_type_id, seat_code, created_at, updated_at) VALUES ('adf34f30-00eb-4f8c-ae13-442097452392', '12e6090e-6add-4d2d-b65b-f586dca60bfa', 'cf0ea588-a6ac-4774-95e6-54494a211c06', 'E7', '2026-01-15T04:48:00.057133', '2026-01-15T04:48:00.057133');
INSERT INTO hall_seats (id, cinema_hall_id, seat_type_id, seat_code, created_at, updated_at) VALUES ('3e582578-576a-4c15-b98d-a51adca5aaa2', '12e6090e-6add-4d2d-b65b-f586dca60bfa', 'cf0ea588-a6ac-4774-95e6-54494a211c06', 'E8', '2026-01-15T04:48:00.057133', '2026-01-15T04:48:00.057133');
INSERT INTO hall_seats (id, cinema_hall_id, seat_type_id, seat_code, created_at, updated_at) VALUES ('affeb2a6-2210-441a-88cd-1c45fbadc465', '12e6090e-6add-4d2d-b65b-f586dca60bfa', 'cf0ea588-a6ac-4774-95e6-54494a211c06', 'F1', '2026-01-15T04:48:00.057240', '2026-01-15T04:48:00.057240');
INSERT INTO hall_seats (id, cinema_hall_id, seat_type_id, seat_code, created_at, updated_at) VALUES ('0b6675cd-9c2f-4289-a3ab-715a16a451fa', '12e6090e-6add-4d2d-b65b-f586dca60bfa', 'cf0ea588-a6ac-4774-95e6-54494a211c06', 'F2', '2026-01-15T04:48:00.057240', '2026-01-15T04:48:00.057240');
INSERT INTO hall_seats (id, cinema_hall_id, seat_type_id, seat_code, created_at, updated_at) VALUES ('03e7b49b-d2f2-4cf5-8287-64c9d61f0887', '12e6090e-6add-4d2d-b65b-f586dca60bfa', 'cf0ea588-a6ac-4774-95e6-54494a211c06', 'F3', '2026-01-15T04:48:00.057240', '2026-01-15T04:48:00.057240');
INSERT INTO hall_seats (id, cinema_hall_id, seat_type_id, seat_code, created_at, updated_at) VALUES ('d22f1978-277d-4039-b6ba-cae8e27f2a2c', '12e6090e-6add-4d2d-b65b-f586dca60bfa', 'cf0ea588-a6ac-4774-95e6-54494a211c06', 'F4', '2026-01-15T04:48:00.057240', '2026-01-15T04:48:00.057240');
INSERT INTO hall_seats (id, cinema_hall_id, seat_type_id, seat_code, created_at, updated_at) VALUES ('f53e2a38-f08a-41e0-a366-13cfad503feb', '12e6090e-6add-4d2d-b65b-f586dca60bfa', 'cf0ea588-a6ac-4774-95e6-54494a211c06', 'F5', '2026-01-15T04:48:00.057240', '2026-01-15T04:48:00.057240');
INSERT INTO hall_seats (id, cinema_hall_id, seat_type_id, seat_code, created_at, updated_at) VALUES ('0652d4cd-c19d-4237-a8c0-0a018020e691', '12e6090e-6add-4d2d-b65b-f586dca60bfa', 'cf0ea588-a6ac-4774-95e6-54494a211c06', 'F6', '2026-01-15T04:48:00.057240', '2026-01-15T04:48:00.057240');
INSERT INTO hall_seats (id, cinema_hall_id, seat_type_id, seat_code, created_at, updated_at) VALUES ('6b6e20eb-0fc6-4967-b05d-ce79318677ea', '12e6090e-6add-4d2d-b65b-f586dca60bfa', 'cf0ea588-a6ac-4774-95e6-54494a211c06', 'F7', '2026-01-15T04:48:00.057240', '2026-01-15T04:48:00.057240');
INSERT INTO hall_seats (id, cinema_hall_id, seat_type_id, seat_code, created_at, updated_at) VALUES ('4fbe6669-eee5-4ccf-9fe3-0ffc6c68fa9b', '12e6090e-6add-4d2d-b65b-f586dca60bfa', 'cf0ea588-a6ac-4774-95e6-54494a211c06', 'F8', '2026-01-15T04:48:00.057240', '2026-01-15T04:48:00.057240');
INSERT INTO hall_seats (id, cinema_hall_id, seat_type_id, seat_code, created_at, updated_at) VALUES ('0ed3b812-6e99-4d71-a966-dd7dc3863901', '12e6090e-6add-4d2d-b65b-f586dca60bfa', '04023e7d-e443-4771-bacd-751aadbb482e', 'G1', '2026-01-15T04:48:00.057341', '2026-01-15T04:48:00.057341');
INSERT INTO hall_seats (id, cinema_hall_id, seat_type_id, seat_code, created_at, updated_at) VALUES ('faa9b054-5ac3-420d-bcb8-f20875609d82', '12e6090e-6add-4d2d-b65b-f586dca60bfa', '04023e7d-e443-4771-bacd-751aadbb482e', 'G2', '2026-01-15T04:48:00.057341', '2026-01-15T04:48:00.057341');
INSERT INTO hall_seats (id, cinema_hall_id, seat_type_id, seat_code, created_at, updated_at) VALUES ('02ec82e5-7918-4468-8f92-f6806068e449', '12e6090e-6add-4d2d-b65b-f586dca60bfa', '04023e7d-e443-4771-bacd-751aadbb482e', 'G3', '2026-01-15T04:48:00.057341', '2026-01-15T04:48:00.057341');
INSERT INTO hall_seats (id, cinema_hall_id, seat_type_id, seat_code, created_at, updated_at) VALUES ('cef72d84-b061-4fc8-8880-4936d0e833ee', '12e6090e-6add-4d2d-b65b-f586dca60bfa', '04023e7d-e443-4771-bacd-751aadbb482e', 'G4', '2026-01-15T04:48:00.057341', '2026-01-15T04:48:00.057341');
INSERT INTO hall_seats (id, cinema_hall_id, seat_type_id, seat_code, created_at, updated_at) VALUES ('966bf7d5-e76b-4d18-b013-3837b5c7aa3f', '12e6090e-6add-4d2d-b65b-f586dca60bfa', '04023e7d-e443-4771-bacd-751aadbb482e', 'G5', '2026-01-15T04:48:00.057341', '2026-01-15T04:48:00.057341');
INSERT INTO hall_seats (id, cinema_hall_id, seat_type_id, seat_code, created_at, updated_at) VALUES ('7a36656f-be23-43d0-98ab-eea0da98408b', '12e6090e-6add-4d2d-b65b-f586dca60bfa', '04023e7d-e443-4771-bacd-751aadbb482e', 'G6', '2026-01-15T04:48:00.057341', '2026-01-15T04:48:00.057341');
INSERT INTO hall_seats (id, cinema_hall_id, seat_type_id, seat_code, created_at, updated_at) VALUES ('2a1dc87a-4215-4088-b1ed-6694510517db', '12e6090e-6add-4d2d-b65b-f586dca60bfa', '04023e7d-e443-4771-bacd-751aadbb482e', 'G7', '2026-01-15T04:48:00.057341', '2026-01-15T04:48:00.057341');
INSERT INTO hall_seats (id, cinema_hall_id, seat_type_id, seat_code, created_at, updated_at) VALUES ('73221df0-2050-4a79-aa76-63d512739c30', '12e6090e-6add-4d2d-b65b-f586dca60bfa', '04023e7d-e443-4771-bacd-751aadbb482e', 'G8', '2026-01-15T04:48:00.057341', '2026-01-15T04:48:00.057341');
INSERT INTO hall_seats (id, cinema_hall_id, seat_type_id, seat_code, created_at, updated_at) VALUES ('168a0dd5-e79f-4211-8bfc-8e1688266a7e', '12e6090e-6add-4d2d-b65b-f586dca60bfa', '04023e7d-e443-4771-bacd-751aadbb482e', 'H1', '2026-01-15T04:48:00.057424', '2026-01-15T04:48:00.057424');
INSERT INTO hall_seats (id, cinema_hall_id, seat_type_id, seat_code, created_at, updated_at) VALUES ('5a1d7915-0bf2-45e1-972b-f7c70ca86745', '12e6090e-6add-4d2d-b65b-f586dca60bfa', '04023e7d-e443-4771-bacd-751aadbb482e', 'H2', '2026-01-15T04:48:00.057424', '2026-01-15T04:48:00.057424');
INSERT INTO hall_seats (id, cinema_hall_id, seat_type_id, seat_code, created_at, updated_at) VALUES ('7ea277a1-3296-4316-85a1-d4b2fc663384', '12e6090e-6add-4d2d-b65b-f586dca60bfa', '04023e7d-e443-4771-bacd-751aadbb482e', 'H3', '2026-01-15T04:48:00.057424', '2026-01-15T04:48:00.057424');
INSERT INTO hall_seats (id, cinema_hall_id, seat_type_id, seat_code, created_at, updated_at) VALUES ('b1a013dd-528b-4687-82b1-4aaf399b4c1f', '12e6090e-6add-4d2d-b65b-f586dca60bfa', '04023e7d-e443-4771-bacd-751aadbb482e', 'H4', '2026-01-15T04:48:00.057424', '2026-01-15T04:48:00.057424');
INSERT INTO hall_seats (id, cinema_hall_id, seat_type_id, seat_code, created_at, updated_at) VALUES ('34f4a0db-b284-4d8f-9406-fb6064e42d35', '12e6090e-6add-4d2d-b65b-f586dca60bfa', '04023e7d-e443-4771-bacd-751aadbb482e', 'H5', '2026-01-15T04:48:00.057424', '2026-01-15T04:48:00.057424');
INSERT INTO hall_seats (id, cinema_hall_id, seat_type_id, seat_code, created_at, updated_at) VALUES ('6cb272fe-5ae7-4864-acad-62fc8cfc0716', '12e6090e-6add-4d2d-b65b-f586dca60bfa', '04023e7d-e443-4771-bacd-751aadbb482e', 'H6', '2026-01-15T04:48:00.057424', '2026-01-15T04:48:00.057424');
INSERT INTO hall_seats (id, cinema_hall_id, seat_type_id, seat_code, created_at, updated_at) VALUES ('270b1de4-8373-402d-9c3e-3992e1ecc14c', '12e6090e-6add-4d2d-b65b-f586dca60bfa', '04023e7d-e443-4771-bacd-751aadbb482e', 'H7', '2026-01-15T04:48:00.057424', '2026-01-15T04:48:00.057424');
INSERT INTO hall_seats (id, cinema_hall_id, seat_type_id, seat_code, created_at, updated_at) VALUES ('7d7273b3-c37f-438c-9072-64df30ebcf84', '12e6090e-6add-4d2d-b65b-f586dca60bfa', '04023e7d-e443-4771-bacd-751aadbb482e', 'H8', '2026-01-15T04:48:00.057424', '2026-01-15T04:48:00.057424');
INSERT INTO hall_seats (id, cinema_hall_id, seat_type_id, seat_code, created_at, updated_at) VALUES ('4544d90e-dd40-44db-a273-371a731433ef', '12e6090e-6add-4d2d-b65b-f586dca60bfa', '25051a14-cd48-48a4-8b94-632c6c5132a0', 'I1', '2026-01-15T04:48:00.057501', '2026-01-15T04:48:00.057501');
INSERT INTO hall_seats (id, cinema_hall_id, seat_type_id, seat_code, created_at, updated_at) VALUES ('44deb832-5d2c-46e5-bcb2-e1ae1f8ac5c5', '12e6090e-6add-4d2d-b65b-f586dca60bfa', '25051a14-cd48-48a4-8b94-632c6c5132a0', 'I2', '2026-01-15T04:48:00.057501', '2026-01-15T04:48:00.057501');
INSERT INTO hall_seats (id, cinema_hall_id, seat_type_id, seat_code, created_at, updated_at) VALUES ('59ecc59c-3332-40bf-b007-6a8f475e74f8', '12e6090e-6add-4d2d-b65b-f586dca60bfa', '25051a14-cd48-48a4-8b94-632c6c5132a0', 'I3', '2026-01-15T04:48:00.057501', '2026-01-15T04:48:00.057501');
INSERT INTO hall_seats (id, cinema_hall_id, seat_type_id, seat_code, created_at, updated_at) VALUES ('b08e48f6-074b-42f7-b85a-5a45975a7316', '12e6090e-6add-4d2d-b65b-f586dca60bfa', '25051a14-cd48-48a4-8b94-632c6c5132a0', 'I4', '2026-01-15T04:48:00.057501', '2026-01-15T04:48:00.057501');
INSERT INTO hall_seats (id, cinema_hall_id, seat_type_id, seat_code, created_at, updated_at) VALUES ('74670b45-5de3-4afe-a494-6fad43c80388', '877f2e71-c328-40ba-9e66-740145c3b9ea', 'cf0ea588-a6ac-4774-95e6-54494a211c06', 'A1', '2026-01-15T04:48:00.057549', '2026-01-15T04:48:00.057549');
INSERT INTO hall_seats (id, cinema_hall_id, seat_type_id, seat_code, created_at, updated_at) VALUES ('0afa3211-33bb-451a-b0f4-07bd14d0fd10', '877f2e71-c328-40ba-9e66-740145c3b9ea', 'cf0ea588-a6ac-4774-95e6-54494a211c06', 'A2', '2026-01-15T04:48:00.057549', '2026-01-15T04:48:00.057549');
INSERT INTO hall_seats (id, cinema_hall_id, seat_type_id, seat_code, created_at, updated_at) VALUES ('9a40ffd3-41c7-4ca4-a735-7b621ffdeb6e', '877f2e71-c328-40ba-9e66-740145c3b9ea', 'cf0ea588-a6ac-4774-95e6-54494a211c06', 'A3', '2026-01-15T04:48:00.057549', '2026-01-15T04:48:00.057549');
INSERT INTO hall_seats (id, cinema_hall_id, seat_type_id, seat_code, created_at, updated_at) VALUES ('f4e73006-5a40-4efa-8a42-ae9642f7687d', '877f2e71-c328-40ba-9e66-740145c3b9ea', 'cf0ea588-a6ac-4774-95e6-54494a211c06', 'A4', '2026-01-15T04:48:00.057549', '2026-01-15T04:48:00.057549');
INSERT INTO hall_seats (id, cinema_hall_id, seat_type_id, seat_code, created_at, updated_at) VALUES ('1163fd94-44d5-4c30-973e-592a2fdbb733', '877f2e71-c328-40ba-9e66-740145c3b9ea', 'cf0ea588-a6ac-4774-95e6-54494a211c06', 'A5', '2026-01-15T04:48:00.057549', '2026-01-15T04:48:00.057549');
INSERT INTO hall_seats (id, cinema_hall_id, seat_type_id, seat_code, created_at, updated_at) VALUES ('d8320fdb-69e5-456c-b23a-e8a501599e5a', '877f2e71-c328-40ba-9e66-740145c3b9ea', 'cf0ea588-a6ac-4774-95e6-54494a211c06', 'A6', '2026-01-15T04:48:00.057549', '2026-01-15T04:48:00.057549');
INSERT INTO hall_seats (id, cinema_hall_id, seat_type_id, seat_code, created_at, updated_at) VALUES ('e1788e79-2776-4543-9d5c-278b576e4533', '877f2e71-c328-40ba-9e66-740145c3b9ea', 'cf0ea588-a6ac-4774-95e6-54494a211c06', 'A7', '2026-01-15T04:48:00.057549', '2026-01-15T04:48:00.057549');
INSERT INTO hall_seats (id, cinema_hall_id, seat_type_id, seat_code, created_at, updated_at) VALUES ('c84b6c62-ef2f-4194-a956-4bba2ce730d4', '877f2e71-c328-40ba-9e66-740145c3b9ea', 'cf0ea588-a6ac-4774-95e6-54494a211c06', 'A8', '2026-01-15T04:48:00.057549', '2026-01-15T04:48:00.057549');
INSERT INTO hall_seats (id, cinema_hall_id, seat_type_id, seat_code, created_at, updated_at) VALUES ('0da484ea-835e-4382-9acd-6768f88c5e78', '877f2e71-c328-40ba-9e66-740145c3b9ea', 'cf0ea588-a6ac-4774-95e6-54494a211c06', 'B1', '2026-01-15T04:48:00.057649', '2026-01-15T04:48:00.057649');
INSERT INTO hall_seats (id, cinema_hall_id, seat_type_id, seat_code, created_at, updated_at) VALUES ('e1485423-ea93-4be9-be23-19779d2751eb', '877f2e71-c328-40ba-9e66-740145c3b9ea', 'cf0ea588-a6ac-4774-95e6-54494a211c06', 'B2', '2026-01-15T04:48:00.057649', '2026-01-15T04:48:00.057649');
INSERT INTO hall_seats (id, cinema_hall_id, seat_type_id, seat_code, created_at, updated_at) VALUES ('b6767749-91ca-48cb-a596-066ecb2f7528', '877f2e71-c328-40ba-9e66-740145c3b9ea', 'cf0ea588-a6ac-4774-95e6-54494a211c06', 'B3', '2026-01-15T04:48:00.057649', '2026-01-15T04:48:00.057649');
INSERT INTO hall_seats (id, cinema_hall_id, seat_type_id, seat_code, created_at, updated_at) VALUES ('97cc95a8-7412-4f65-be75-54a4c2d5d672', '877f2e71-c328-40ba-9e66-740145c3b9ea', 'cf0ea588-a6ac-4774-95e6-54494a211c06', 'B4', '2026-01-15T04:48:00.057649', '2026-01-15T04:48:00.057649');
INSERT INTO hall_seats (id, cinema_hall_id, seat_type_id, seat_code, created_at, updated_at) VALUES ('3002969d-5ba4-4ea3-867b-eea203025b75', '877f2e71-c328-40ba-9e66-740145c3b9ea', 'cf0ea588-a6ac-4774-95e6-54494a211c06', 'B5', '2026-01-15T04:48:00.057649', '2026-01-15T04:48:00.057649');
INSERT INTO hall_seats (id, cinema_hall_id, seat_type_id, seat_code, created_at, updated_at) VALUES ('314bb489-6c02-44be-8f9a-9323a6998f58', '877f2e71-c328-40ba-9e66-740145c3b9ea', 'cf0ea588-a6ac-4774-95e6-54494a211c06', 'B6', '2026-01-15T04:48:00.057649', '2026-01-15T04:48:00.057649');
INSERT INTO hall_seats (id, cinema_hall_id, seat_type_id, seat_code, created_at, updated_at) VALUES ('487bd391-4f5f-49b9-83b4-bb58eb2ec3ad', '877f2e71-c328-40ba-9e66-740145c3b9ea', 'cf0ea588-a6ac-4774-95e6-54494a211c06', 'B7', '2026-01-15T04:48:00.057649', '2026-01-15T04:48:00.057649');
INSERT INTO hall_seats (id, cinema_hall_id, seat_type_id, seat_code, created_at, updated_at) VALUES ('53ec7239-47d0-451a-8095-caa347f416d9', '877f2e71-c328-40ba-9e66-740145c3b9ea', 'cf0ea588-a6ac-4774-95e6-54494a211c06', 'B8', '2026-01-15T04:48:00.057649', '2026-01-15T04:48:00.057649');
INSERT INTO hall_seats (id, cinema_hall_id, seat_type_id, seat_code, created_at, updated_at) VALUES ('6a668c91-f36d-416a-9e00-a497cfd2666b', '877f2e71-c328-40ba-9e66-740145c3b9ea', 'cf0ea588-a6ac-4774-95e6-54494a211c06', 'C1', '2026-01-15T04:48:00.057755', '2026-01-15T04:48:00.057755');
INSERT INTO hall_seats (id, cinema_hall_id, seat_type_id, seat_code, created_at, updated_at) VALUES ('0bd4caa7-ceea-4528-903a-64bac3cf8eda', '877f2e71-c328-40ba-9e66-740145c3b9ea', 'cf0ea588-a6ac-4774-95e6-54494a211c06', 'C2', '2026-01-15T04:48:00.057755', '2026-01-15T04:48:00.057755');
INSERT INTO hall_seats (id, cinema_hall_id, seat_type_id, seat_code, created_at, updated_at) VALUES ('a03e9614-4272-4ce0-856f-a183fe68acbe', '877f2e71-c328-40ba-9e66-740145c3b9ea', 'cf0ea588-a6ac-4774-95e6-54494a211c06', 'C3', '2026-01-15T04:48:00.057755', '2026-01-15T04:48:00.057755');
INSERT INTO hall_seats (id, cinema_hall_id, seat_type_id, seat_code, created_at, updated_at) VALUES ('fadb99ac-6106-4548-aed1-e43a6ed55b87', '877f2e71-c328-40ba-9e66-740145c3b9ea', 'cf0ea588-a6ac-4774-95e6-54494a211c06', 'C4', '2026-01-15T04:48:00.057755', '2026-01-15T04:48:00.057755');
INSERT INTO hall_seats (id, cinema_hall_id, seat_type_id, seat_code, created_at, updated_at) VALUES ('0f181716-c3cd-497d-b83e-88aadbc19257', '877f2e71-c328-40ba-9e66-740145c3b9ea', 'cf0ea588-a6ac-4774-95e6-54494a211c06', 'C5', '2026-01-15T04:48:00.057755', '2026-01-15T04:48:00.057755');
INSERT INTO hall_seats (id, cinema_hall_id, seat_type_id, seat_code, created_at, updated_at) VALUES ('46f851bb-5e26-4c26-b2c3-5f97f155e66a', '877f2e71-c328-40ba-9e66-740145c3b9ea', 'cf0ea588-a6ac-4774-95e6-54494a211c06', 'C6', '2026-01-15T04:48:00.057755', '2026-01-15T04:48:00.057755');
INSERT INTO hall_seats (id, cinema_hall_id, seat_type_id, seat_code, created_at, updated_at) VALUES ('75ae4559-93b7-422b-8b37-b27b3ce41265', '877f2e71-c328-40ba-9e66-740145c3b9ea', 'cf0ea588-a6ac-4774-95e6-54494a211c06', 'C7', '2026-01-15T04:48:00.057755', '2026-01-15T04:48:00.057755');
INSERT INTO hall_seats (id, cinema_hall_id, seat_type_id, seat_code, created_at, updated_at) VALUES ('5830d002-67f1-4b17-90de-18d25dda0499', '877f2e71-c328-40ba-9e66-740145c3b9ea', 'cf0ea588-a6ac-4774-95e6-54494a211c06', 'C8', '2026-01-15T04:48:00.057755', '2026-01-15T04:48:00.057755');
INSERT INTO hall_seats (id, cinema_hall_id, seat_type_id, seat_code, created_at, updated_at) VALUES ('7f337a6e-6799-4361-9716-93f5bac759a9', '877f2e71-c328-40ba-9e66-740145c3b9ea', 'cf0ea588-a6ac-4774-95e6-54494a211c06', 'D1', '2026-01-15T04:48:00.057859', '2026-01-15T04:48:00.057859');
INSERT INTO hall_seats (id, cinema_hall_id, seat_type_id, seat_code, created_at, updated_at) VALUES ('566e1a80-b6d1-4d07-8518-3afbfddbab43', '877f2e71-c328-40ba-9e66-740145c3b9ea', 'cf0ea588-a6ac-4774-95e6-54494a211c06', 'D2', '2026-01-15T04:48:00.057859', '2026-01-15T04:48:00.057859');
INSERT INTO hall_seats (id, cinema_hall_id, seat_type_id, seat_code, created_at, updated_at) VALUES ('c85fad4b-d699-4904-95cb-9a82de40a407', '877f2e71-c328-40ba-9e66-740145c3b9ea', 'cf0ea588-a6ac-4774-95e6-54494a211c06', 'D3', '2026-01-15T04:48:00.057859', '2026-01-15T04:48:00.057859');
INSERT INTO hall_seats (id, cinema_hall_id, seat_type_id, seat_code, created_at, updated_at) VALUES ('46e3b3d1-8078-4493-bc69-66a5863f3a04', '877f2e71-c328-40ba-9e66-740145c3b9ea', 'cf0ea588-a6ac-4774-95e6-54494a211c06', 'D4', '2026-01-15T04:48:00.057859', '2026-01-15T04:48:00.057859');
INSERT INTO hall_seats (id, cinema_hall_id, seat_type_id, seat_code, created_at, updated_at) VALUES ('93ca4410-10ff-4425-8c51-7241adeaa59a', '877f2e71-c328-40ba-9e66-740145c3b9ea', 'cf0ea588-a6ac-4774-95e6-54494a211c06', 'D5', '2026-01-15T04:48:00.057859', '2026-01-15T04:48:00.057859');
INSERT INTO hall_seats (id, cinema_hall_id, seat_type_id, seat_code, created_at, updated_at) VALUES ('71008361-0bd5-4eeb-ae07-ed70df4d2b11', '877f2e71-c328-40ba-9e66-740145c3b9ea', 'cf0ea588-a6ac-4774-95e6-54494a211c06', 'D6', '2026-01-15T04:48:00.057859', '2026-01-15T04:48:00.057859');
INSERT INTO hall_seats (id, cinema_hall_id, seat_type_id, seat_code, created_at, updated_at) VALUES ('1b21f195-e1d1-4ffd-858d-c6f98d3d5874', '877f2e71-c328-40ba-9e66-740145c3b9ea', 'cf0ea588-a6ac-4774-95e6-54494a211c06', 'D7', '2026-01-15T04:48:00.057859', '2026-01-15T04:48:00.057859');
INSERT INTO hall_seats (id, cinema_hall_id, seat_type_id, seat_code, created_at, updated_at) VALUES ('d7d10778-937a-4b3a-9ec6-5be3297f8a24', '877f2e71-c328-40ba-9e66-740145c3b9ea', 'cf0ea588-a6ac-4774-95e6-54494a211c06', 'D8', '2026-01-15T04:48:00.057859', '2026-01-15T04:48:00.057859');
INSERT INTO hall_seats (id, cinema_hall_id, seat_type_id, seat_code, created_at, updated_at) VALUES ('48f46bac-7c08-4797-ab69-0b1511a43db2', '877f2e71-c328-40ba-9e66-740145c3b9ea', 'cf0ea588-a6ac-4774-95e6-54494a211c06', 'E1', '2026-01-15T04:48:00.057948', '2026-01-15T04:48:00.057948');
INSERT INTO hall_seats (id, cinema_hall_id, seat_type_id, seat_code, created_at, updated_at) VALUES ('083a17bf-1135-4b83-91be-a81168100509', '877f2e71-c328-40ba-9e66-740145c3b9ea', 'cf0ea588-a6ac-4774-95e6-54494a211c06', 'E2', '2026-01-15T04:48:00.057948', '2026-01-15T04:48:00.057948');
INSERT INTO hall_seats (id, cinema_hall_id, seat_type_id, seat_code, created_at, updated_at) VALUES ('98202a42-b5cf-4af9-888a-d1ab6d9333c5', '877f2e71-c328-40ba-9e66-740145c3b9ea', 'cf0ea588-a6ac-4774-95e6-54494a211c06', 'E3', '2026-01-15T04:48:00.057948', '2026-01-15T04:48:00.057948');
INSERT INTO hall_seats (id, cinema_hall_id, seat_type_id, seat_code, created_at, updated_at) VALUES ('534fe4b7-7799-4e7d-b6ee-3f0271de798c', '877f2e71-c328-40ba-9e66-740145c3b9ea', 'cf0ea588-a6ac-4774-95e6-54494a211c06', 'E4', '2026-01-15T04:48:00.057948', '2026-01-15T04:48:00.057948');
INSERT INTO hall_seats (id, cinema_hall_id, seat_type_id, seat_code, created_at, updated_at) VALUES ('7982fa0c-78f0-4587-b05d-7488c5162e7a', '877f2e71-c328-40ba-9e66-740145c3b9ea', 'cf0ea588-a6ac-4774-95e6-54494a211c06', 'E5', '2026-01-15T04:48:00.057948', '2026-01-15T04:48:00.057948');
INSERT INTO hall_seats (id, cinema_hall_id, seat_type_id, seat_code, created_at, updated_at) VALUES ('7ca741be-9415-445f-a9a9-194726289f5b', '877f2e71-c328-40ba-9e66-740145c3b9ea', 'cf0ea588-a6ac-4774-95e6-54494a211c06', 'E6', '2026-01-15T04:48:00.057948', '2026-01-15T04:48:00.057948');
INSERT INTO hall_seats (id, cinema_hall_id, seat_type_id, seat_code, created_at, updated_at) VALUES ('15ac96ca-b4f7-42b6-b622-f67d0dd624e5', '877f2e71-c328-40ba-9e66-740145c3b9ea', 'cf0ea588-a6ac-4774-95e6-54494a211c06', 'E7', '2026-01-15T04:48:00.057948', '2026-01-15T04:48:00.057948');
INSERT INTO hall_seats (id, cinema_hall_id, seat_type_id, seat_code, created_at, updated_at) VALUES ('3e0ccad6-609a-4b94-991e-f496d8d9953d', '877f2e71-c328-40ba-9e66-740145c3b9ea', 'cf0ea588-a6ac-4774-95e6-54494a211c06', 'E8', '2026-01-15T04:48:00.057948', '2026-01-15T04:48:00.057948');
INSERT INTO hall_seats (id, cinema_hall_id, seat_type_id, seat_code, created_at, updated_at) VALUES ('d3a6684c-e405-4a15-8fac-6977c5dee911', '877f2e71-c328-40ba-9e66-740145c3b9ea', 'cf0ea588-a6ac-4774-95e6-54494a211c06', 'F1', '2026-01-15T04:48:00.058050', '2026-01-15T04:48:00.058050');
INSERT INTO hall_seats (id, cinema_hall_id, seat_type_id, seat_code, created_at, updated_at) VALUES ('db39ad7e-ebf8-4a0a-aacc-dad6e1c0d483', '877f2e71-c328-40ba-9e66-740145c3b9ea', 'cf0ea588-a6ac-4774-95e6-54494a211c06', 'F2', '2026-01-15T04:48:00.058050', '2026-01-15T04:48:00.058050');
INSERT INTO hall_seats (id, cinema_hall_id, seat_type_id, seat_code, created_at, updated_at) VALUES ('b5aba8a1-aa5d-4cf2-9136-64649158be26', '877f2e71-c328-40ba-9e66-740145c3b9ea', 'cf0ea588-a6ac-4774-95e6-54494a211c06', 'F3', '2026-01-15T04:48:00.058050', '2026-01-15T04:48:00.058050');
INSERT INTO hall_seats (id, cinema_hall_id, seat_type_id, seat_code, created_at, updated_at) VALUES ('cab45103-27dd-4e1e-b88c-dbf5e5a253a9', '877f2e71-c328-40ba-9e66-740145c3b9ea', 'cf0ea588-a6ac-4774-95e6-54494a211c06', 'F4', '2026-01-15T04:48:00.058050', '2026-01-15T04:48:00.058050');
INSERT INTO hall_seats (id, cinema_hall_id, seat_type_id, seat_code, created_at, updated_at) VALUES ('2a980fee-c1ef-4529-a5e1-2c0803f294a3', '877f2e71-c328-40ba-9e66-740145c3b9ea', 'cf0ea588-a6ac-4774-95e6-54494a211c06', 'F5', '2026-01-15T04:48:00.058050', '2026-01-15T04:48:00.058050');
INSERT INTO hall_seats (id, cinema_hall_id, seat_type_id, seat_code, created_at, updated_at) VALUES ('8c03b27f-bd4d-4b80-b7af-c685ab7c2816', '877f2e71-c328-40ba-9e66-740145c3b9ea', 'cf0ea588-a6ac-4774-95e6-54494a211c06', 'F6', '2026-01-15T04:48:00.058050', '2026-01-15T04:48:00.058050');
INSERT INTO hall_seats (id, cinema_hall_id, seat_type_id, seat_code, created_at, updated_at) VALUES ('cc07debd-e6d3-47ed-8fe6-ac67093f408d', '877f2e71-c328-40ba-9e66-740145c3b9ea', 'cf0ea588-a6ac-4774-95e6-54494a211c06', 'F7', '2026-01-15T04:48:00.058050', '2026-01-15T04:48:00.058050');
INSERT INTO hall_seats (id, cinema_hall_id, seat_type_id, seat_code, created_at, updated_at) VALUES ('2ccdb825-93f8-4875-a3ed-e0028cb8ae62', '877f2e71-c328-40ba-9e66-740145c3b9ea', 'cf0ea588-a6ac-4774-95e6-54494a211c06', 'F8', '2026-01-15T04:48:00.058050', '2026-01-15T04:48:00.058050');
INSERT INTO hall_seats (id, cinema_hall_id, seat_type_id, seat_code, created_at, updated_at) VALUES ('5b375f1e-b6ce-48d3-8995-90ce465090b0', '877f2e71-c328-40ba-9e66-740145c3b9ea', '04023e7d-e443-4771-bacd-751aadbb482e', 'G1', '2026-01-15T04:48:00.058141', '2026-01-15T04:48:00.058141');
INSERT INTO hall_seats (id, cinema_hall_id, seat_type_id, seat_code, created_at, updated_at) VALUES ('5a1efb99-7a6d-4756-be12-43da114f8100', '877f2e71-c328-40ba-9e66-740145c3b9ea', '04023e7d-e443-4771-bacd-751aadbb482e', 'G2', '2026-01-15T04:48:00.058141', '2026-01-15T04:48:00.058141');
INSERT INTO hall_seats (id, cinema_hall_id, seat_type_id, seat_code, created_at, updated_at) VALUES ('345d2b8d-c193-4ca0-96fe-7595f0fdd7ec', '877f2e71-c328-40ba-9e66-740145c3b9ea', '04023e7d-e443-4771-bacd-751aadbb482e', 'G3', '2026-01-15T04:48:00.058141', '2026-01-15T04:48:00.058141');
INSERT INTO hall_seats (id, cinema_hall_id, seat_type_id, seat_code, created_at, updated_at) VALUES ('f9f33ded-3590-4ee2-8f4b-d3d2510ef171', '877f2e71-c328-40ba-9e66-740145c3b9ea', '04023e7d-e443-4771-bacd-751aadbb482e', 'G4', '2026-01-15T04:48:00.058141', '2026-01-15T04:48:00.058141');
INSERT INTO hall_seats (id, cinema_hall_id, seat_type_id, seat_code, created_at, updated_at) VALUES ('b96cbafd-3dd4-4607-b763-ccee4cb1c0da', '877f2e71-c328-40ba-9e66-740145c3b9ea', '04023e7d-e443-4771-bacd-751aadbb482e', 'G5', '2026-01-15T04:48:00.058141', '2026-01-15T04:48:00.058141');
INSERT INTO hall_seats (id, cinema_hall_id, seat_type_id, seat_code, created_at, updated_at) VALUES ('e7c7dba9-a73f-42af-9b02-7ce799e0dd12', '877f2e71-c328-40ba-9e66-740145c3b9ea', '04023e7d-e443-4771-bacd-751aadbb482e', 'G6', '2026-01-15T04:48:00.058141', '2026-01-15T04:48:00.058141');
INSERT INTO hall_seats (id, cinema_hall_id, seat_type_id, seat_code, created_at, updated_at) VALUES ('14a780cc-d01f-41dc-b039-94ca0a853115', '877f2e71-c328-40ba-9e66-740145c3b9ea', '04023e7d-e443-4771-bacd-751aadbb482e', 'G7', '2026-01-15T04:48:00.058141', '2026-01-15T04:48:00.058141');
INSERT INTO hall_seats (id, cinema_hall_id, seat_type_id, seat_code, created_at, updated_at) VALUES ('23d856eb-14e5-41f0-a6aa-a15c2001e3eb', '877f2e71-c328-40ba-9e66-740145c3b9ea', '04023e7d-e443-4771-bacd-751aadbb482e', 'G8', '2026-01-15T04:48:00.058141', '2026-01-15T04:48:00.058141');
INSERT INTO hall_seats (id, cinema_hall_id, seat_type_id, seat_code, created_at, updated_at) VALUES ('81440d17-2230-4096-8718-9ca65141029f', '877f2e71-c328-40ba-9e66-740145c3b9ea', '04023e7d-e443-4771-bacd-751aadbb482e', 'H1', '2026-01-15T04:48:00.058218', '2026-01-15T04:48:00.058218');
INSERT INTO hall_seats (id, cinema_hall_id, seat_type_id, seat_code, created_at, updated_at) VALUES ('5e1f95e7-4469-49da-9db2-3c97dc6f6bf0', '877f2e71-c328-40ba-9e66-740145c3b9ea', '04023e7d-e443-4771-bacd-751aadbb482e', 'H2', '2026-01-15T04:48:00.058218', '2026-01-15T04:48:00.058218');
INSERT INTO hall_seats (id, cinema_hall_id, seat_type_id, seat_code, created_at, updated_at) VALUES ('1c4a1246-6b6c-4665-a0c0-c36601bcbe6b', '877f2e71-c328-40ba-9e66-740145c3b9ea', '04023e7d-e443-4771-bacd-751aadbb482e', 'H3', '2026-01-15T04:48:00.058218', '2026-01-15T04:48:00.058218');
INSERT INTO hall_seats (id, cinema_hall_id, seat_type_id, seat_code, created_at, updated_at) VALUES ('dd2b59ce-3a59-4438-a7ee-d15355945fb8', '877f2e71-c328-40ba-9e66-740145c3b9ea', '04023e7d-e443-4771-bacd-751aadbb482e', 'H4', '2026-01-15T04:48:00.058218', '2026-01-15T04:48:00.058218');
INSERT INTO hall_seats (id, cinema_hall_id, seat_type_id, seat_code, created_at, updated_at) VALUES ('5c100411-f672-4ff4-8342-812552aad62c', '877f2e71-c328-40ba-9e66-740145c3b9ea', '04023e7d-e443-4771-bacd-751aadbb482e', 'H5', '2026-01-15T04:48:00.058218', '2026-01-15T04:48:00.058218');
INSERT INTO hall_seats (id, cinema_hall_id, seat_type_id, seat_code, created_at, updated_at) VALUES ('8c3f4997-dc8d-4dae-abee-f69f3c5c0ff2', '877f2e71-c328-40ba-9e66-740145c3b9ea', '04023e7d-e443-4771-bacd-751aadbb482e', 'H6', '2026-01-15T04:48:00.058218', '2026-01-15T04:48:00.058218');
INSERT INTO hall_seats (id, cinema_hall_id, seat_type_id, seat_code, created_at, updated_at) VALUES ('46ff3e82-19f7-4079-a826-8d2fadc35d37', '877f2e71-c328-40ba-9e66-740145c3b9ea', '04023e7d-e443-4771-bacd-751aadbb482e', 'H7', '2026-01-15T04:48:00.058218', '2026-01-15T04:48:00.058218');
INSERT INTO hall_seats (id, cinema_hall_id, seat_type_id, seat_code, created_at, updated_at) VALUES ('18d97111-4845-41b1-a2fc-6cd98f8350b3', '877f2e71-c328-40ba-9e66-740145c3b9ea', '04023e7d-e443-4771-bacd-751aadbb482e', 'H8', '2026-01-15T04:48:00.058218', '2026-01-15T04:48:00.058218');
INSERT INTO hall_seats (id, cinema_hall_id, seat_type_id, seat_code, created_at, updated_at) VALUES ('89927188-37f6-48b7-aad2-e351b8872465', '877f2e71-c328-40ba-9e66-740145c3b9ea', '25051a14-cd48-48a4-8b94-632c6c5132a0', 'I1', '2026-01-15T04:48:00.058330', '2026-01-15T04:48:00.058330');
INSERT INTO hall_seats (id, cinema_hall_id, seat_type_id, seat_code, created_at, updated_at) VALUES ('05b10939-142a-4d83-8945-b777d2b5ade8', '877f2e71-c328-40ba-9e66-740145c3b9ea', '25051a14-cd48-48a4-8b94-632c6c5132a0', 'I2', '2026-01-15T04:48:00.058330', '2026-01-15T04:48:00.058330');
INSERT INTO hall_seats (id, cinema_hall_id, seat_type_id, seat_code, created_at, updated_at) VALUES ('4a930241-6b50-4fc1-bc2e-cc4dc49ed9db', '877f2e71-c328-40ba-9e66-740145c3b9ea', '25051a14-cd48-48a4-8b94-632c6c5132a0', 'I3', '2026-01-15T04:48:00.058330', '2026-01-15T04:48:00.058330');
INSERT INTO hall_seats (id, cinema_hall_id, seat_type_id, seat_code, created_at, updated_at) VALUES ('44abdca2-9578-4f44-904f-29fe8c906742', '877f2e71-c328-40ba-9e66-740145c3b9ea', '25051a14-cd48-48a4-8b94-632c6c5132a0', 'I4', '2026-01-15T04:48:00.058330', '2026-01-15T04:48:00.058330');
INSERT INTO hall_seats (id, cinema_hall_id, seat_type_id, seat_code, created_at, updated_at) VALUES ('ba44abd5-feb1-4145-bae5-f3c94243697f', '0572e6f5-a08d-48c0-9dc0-ce2eef6f3df9', 'cf0ea588-a6ac-4774-95e6-54494a211c06', 'A1', '2026-01-15T04:48:00.058379', '2026-01-15T04:48:00.058379');
INSERT INTO hall_seats (id, cinema_hall_id, seat_type_id, seat_code, created_at, updated_at) VALUES ('cc310cb0-6640-4d9a-8c8b-c553115f098a', '0572e6f5-a08d-48c0-9dc0-ce2eef6f3df9', 'cf0ea588-a6ac-4774-95e6-54494a211c06', 'A2', '2026-01-15T04:48:00.058379', '2026-01-15T04:48:00.058379');
INSERT INTO hall_seats (id, cinema_hall_id, seat_type_id, seat_code, created_at, updated_at) VALUES ('1acd00f1-9292-4e3a-8986-43da9635097d', '0572e6f5-a08d-48c0-9dc0-ce2eef6f3df9', 'cf0ea588-a6ac-4774-95e6-54494a211c06', 'A3', '2026-01-15T04:48:00.058379', '2026-01-15T04:48:00.058379');
INSERT INTO hall_seats (id, cinema_hall_id, seat_type_id, seat_code, created_at, updated_at) VALUES ('d7102e09-9baa-4e77-8712-aed4d5b81aef', '0572e6f5-a08d-48c0-9dc0-ce2eef6f3df9', 'cf0ea588-a6ac-4774-95e6-54494a211c06', 'A4', '2026-01-15T04:48:00.058379', '2026-01-15T04:48:00.058379');
INSERT INTO hall_seats (id, cinema_hall_id, seat_type_id, seat_code, created_at, updated_at) VALUES ('e051551a-6efc-441d-a09c-9d9e36b8b5c3', '0572e6f5-a08d-48c0-9dc0-ce2eef6f3df9', 'cf0ea588-a6ac-4774-95e6-54494a211c06', 'A5', '2026-01-15T04:48:00.058379', '2026-01-15T04:48:00.058379');
INSERT INTO hall_seats (id, cinema_hall_id, seat_type_id, seat_code, created_at, updated_at) VALUES ('dd2c5f07-5a05-4bd1-938f-38085a915384', '0572e6f5-a08d-48c0-9dc0-ce2eef6f3df9', 'cf0ea588-a6ac-4774-95e6-54494a211c06', 'A6', '2026-01-15T04:48:00.058379', '2026-01-15T04:48:00.058379');
INSERT INTO hall_seats (id, cinema_hall_id, seat_type_id, seat_code, created_at, updated_at) VALUES ('626e12d9-4690-4aeb-b096-e124b7e5dae0', '0572e6f5-a08d-48c0-9dc0-ce2eef6f3df9', 'cf0ea588-a6ac-4774-95e6-54494a211c06', 'A7', '2026-01-15T04:48:00.058379', '2026-01-15T04:48:00.058379');
INSERT INTO hall_seats (id, cinema_hall_id, seat_type_id, seat_code, created_at, updated_at) VALUES ('81af52f6-1e8c-4119-8b90-9d6572fc1d59', '0572e6f5-a08d-48c0-9dc0-ce2eef6f3df9', 'cf0ea588-a6ac-4774-95e6-54494a211c06', 'A8', '2026-01-15T04:48:00.058379', '2026-01-15T04:48:00.058379');
INSERT INTO hall_seats (id, cinema_hall_id, seat_type_id, seat_code, created_at, updated_at) VALUES ('cf556397-79d7-46aa-aba5-aeed1f0e04cc', '0572e6f5-a08d-48c0-9dc0-ce2eef6f3df9', 'cf0ea588-a6ac-4774-95e6-54494a211c06', 'B1', '2026-01-15T04:48:00.058500', '2026-01-15T04:48:00.058500');
INSERT INTO hall_seats (id, cinema_hall_id, seat_type_id, seat_code, created_at, updated_at) VALUES ('820811c8-cf5a-40a9-b750-81a01fdd1ab0', '0572e6f5-a08d-48c0-9dc0-ce2eef6f3df9', 'cf0ea588-a6ac-4774-95e6-54494a211c06', 'B2', '2026-01-15T04:48:00.058500', '2026-01-15T04:48:00.058500');
INSERT INTO hall_seats (id, cinema_hall_id, seat_type_id, seat_code, created_at, updated_at) VALUES ('cbc30109-e901-4035-8ab2-99c49a25567d', '0572e6f5-a08d-48c0-9dc0-ce2eef6f3df9', 'cf0ea588-a6ac-4774-95e6-54494a211c06', 'B3', '2026-01-15T04:48:00.058500', '2026-01-15T04:48:00.058500');
INSERT INTO hall_seats (id, cinema_hall_id, seat_type_id, seat_code, created_at, updated_at) VALUES ('711f6a16-42c6-41af-950d-e386df8ed948', '0572e6f5-a08d-48c0-9dc0-ce2eef6f3df9', 'cf0ea588-a6ac-4774-95e6-54494a211c06', 'B4', '2026-01-15T04:48:00.058500', '2026-01-15T04:48:00.058500');
INSERT INTO hall_seats (id, cinema_hall_id, seat_type_id, seat_code, created_at, updated_at) VALUES ('d6574e52-f562-4d7d-a7c6-5c1bf2c8606f', '0572e6f5-a08d-48c0-9dc0-ce2eef6f3df9', 'cf0ea588-a6ac-4774-95e6-54494a211c06', 'B5', '2026-01-15T04:48:00.058500', '2026-01-15T04:48:00.058500');
INSERT INTO hall_seats (id, cinema_hall_id, seat_type_id, seat_code, created_at, updated_at) VALUES ('a5793408-8a0c-4ea6-8ad4-f42f2da671b4', '0572e6f5-a08d-48c0-9dc0-ce2eef6f3df9', 'cf0ea588-a6ac-4774-95e6-54494a211c06', 'B6', '2026-01-15T04:48:00.058500', '2026-01-15T04:48:00.058500');
INSERT INTO hall_seats (id, cinema_hall_id, seat_type_id, seat_code, created_at, updated_at) VALUES ('bb181a42-2eec-40f1-a361-7cd7cbcad208', '0572e6f5-a08d-48c0-9dc0-ce2eef6f3df9', 'cf0ea588-a6ac-4774-95e6-54494a211c06', 'B7', '2026-01-15T04:48:00.058500', '2026-01-15T04:48:00.058500');
INSERT INTO hall_seats (id, cinema_hall_id, seat_type_id, seat_code, created_at, updated_at) VALUES ('52d4b8dc-e819-4d66-b099-78f7ed43a9a4', '0572e6f5-a08d-48c0-9dc0-ce2eef6f3df9', 'cf0ea588-a6ac-4774-95e6-54494a211c06', 'B8', '2026-01-15T04:48:00.058500', '2026-01-15T04:48:00.058500');
INSERT INTO hall_seats (id, cinema_hall_id, seat_type_id, seat_code, created_at, updated_at) VALUES ('6ebae63b-19aa-45cd-b907-4f85224f7f54', '0572e6f5-a08d-48c0-9dc0-ce2eef6f3df9', 'cf0ea588-a6ac-4774-95e6-54494a211c06', 'C1', '2026-01-15T04:48:00.058602', '2026-01-15T04:48:00.058602');
INSERT INTO hall_seats (id, cinema_hall_id, seat_type_id, seat_code, created_at, updated_at) VALUES ('7ab92282-fcce-4bd4-b257-3fcdfd4dc548', '0572e6f5-a08d-48c0-9dc0-ce2eef6f3df9', 'cf0ea588-a6ac-4774-95e6-54494a211c06', 'C2', '2026-01-15T04:48:00.058602', '2026-01-15T04:48:00.058602');
INSERT INTO hall_seats (id, cinema_hall_id, seat_type_id, seat_code, created_at, updated_at) VALUES ('4f36fc4b-4dcf-4144-9d48-9635fd6c04fc', '0572e6f5-a08d-48c0-9dc0-ce2eef6f3df9', 'cf0ea588-a6ac-4774-95e6-54494a211c06', 'C3', '2026-01-15T04:48:00.058602', '2026-01-15T04:48:00.058602');
INSERT INTO hall_seats (id, cinema_hall_id, seat_type_id, seat_code, created_at, updated_at) VALUES ('52865f45-fcc9-4357-8fba-852bf6dc8e23', '0572e6f5-a08d-48c0-9dc0-ce2eef6f3df9', 'cf0ea588-a6ac-4774-95e6-54494a211c06', 'C4', '2026-01-15T04:48:00.058602', '2026-01-15T04:48:00.058602');
INSERT INTO hall_seats (id, cinema_hall_id, seat_type_id, seat_code, created_at, updated_at) VALUES ('f0e19df2-13ce-4edd-aab0-39d60392c046', '0572e6f5-a08d-48c0-9dc0-ce2eef6f3df9', 'cf0ea588-a6ac-4774-95e6-54494a211c06', 'C5', '2026-01-15T04:48:00.058602', '2026-01-15T04:48:00.058602');
INSERT INTO hall_seats (id, cinema_hall_id, seat_type_id, seat_code, created_at, updated_at) VALUES ('8a72678a-4a9d-4640-ac52-10a95a6873ab', '0572e6f5-a08d-48c0-9dc0-ce2eef6f3df9', 'cf0ea588-a6ac-4774-95e6-54494a211c06', 'C6', '2026-01-15T04:48:00.058602', '2026-01-15T04:48:00.058602');
INSERT INTO hall_seats (id, cinema_hall_id, seat_type_id, seat_code, created_at, updated_at) VALUES ('67c1c4a2-92cd-48f7-af8a-bc32008a3f08', '0572e6f5-a08d-48c0-9dc0-ce2eef6f3df9', 'cf0ea588-a6ac-4774-95e6-54494a211c06', 'C7', '2026-01-15T04:48:00.058602', '2026-01-15T04:48:00.058602');
INSERT INTO hall_seats (id, cinema_hall_id, seat_type_id, seat_code, created_at, updated_at) VALUES ('447fd22e-9ab5-41b3-8ece-00050e8772ed', '0572e6f5-a08d-48c0-9dc0-ce2eef6f3df9', 'cf0ea588-a6ac-4774-95e6-54494a211c06', 'C8', '2026-01-15T04:48:00.058602', '2026-01-15T04:48:00.058602');
INSERT INTO hall_seats (id, cinema_hall_id, seat_type_id, seat_code, created_at, updated_at) VALUES ('c45b092f-b489-4553-837e-717af092c3a6', '0572e6f5-a08d-48c0-9dc0-ce2eef6f3df9', 'cf0ea588-a6ac-4774-95e6-54494a211c06', 'D1', '2026-01-15T04:48:00.058691', '2026-01-15T04:48:00.058691');
INSERT INTO hall_seats (id, cinema_hall_id, seat_type_id, seat_code, created_at, updated_at) VALUES ('3cc0b25c-e771-4800-ad33-527efb2cf65b', '0572e6f5-a08d-48c0-9dc0-ce2eef6f3df9', 'cf0ea588-a6ac-4774-95e6-54494a211c06', 'D2', '2026-01-15T04:48:00.058691', '2026-01-15T04:48:00.058691');
INSERT INTO hall_seats (id, cinema_hall_id, seat_type_id, seat_code, created_at, updated_at) VALUES ('448e8183-da54-4fec-8f6c-76dc229e2aeb', '0572e6f5-a08d-48c0-9dc0-ce2eef6f3df9', 'cf0ea588-a6ac-4774-95e6-54494a211c06', 'D3', '2026-01-15T04:48:00.058691', '2026-01-15T04:48:00.058691');
INSERT INTO hall_seats (id, cinema_hall_id, seat_type_id, seat_code, created_at, updated_at) VALUES ('e0a7737c-ed97-4e49-a9ba-2533401fad42', '0572e6f5-a08d-48c0-9dc0-ce2eef6f3df9', 'cf0ea588-a6ac-4774-95e6-54494a211c06', 'D4', '2026-01-15T04:48:00.058691', '2026-01-15T04:48:00.058691');
INSERT INTO hall_seats (id, cinema_hall_id, seat_type_id, seat_code, created_at, updated_at) VALUES ('1eaad7b3-1f57-4568-b272-8ebc4a6632a2', '0572e6f5-a08d-48c0-9dc0-ce2eef6f3df9', 'cf0ea588-a6ac-4774-95e6-54494a211c06', 'D5', '2026-01-15T04:48:00.058691', '2026-01-15T04:48:00.058691');
INSERT INTO hall_seats (id, cinema_hall_id, seat_type_id, seat_code, created_at, updated_at) VALUES ('d0e3461e-d508-4207-bac7-6d10e2c12124', '0572e6f5-a08d-48c0-9dc0-ce2eef6f3df9', 'cf0ea588-a6ac-4774-95e6-54494a211c06', 'D6', '2026-01-15T04:48:00.058691', '2026-01-15T04:48:00.058691');
INSERT INTO hall_seats (id, cinema_hall_id, seat_type_id, seat_code, created_at, updated_at) VALUES ('fe43f3ea-7363-4ddb-a5f1-2e556739b995', '0572e6f5-a08d-48c0-9dc0-ce2eef6f3df9', 'cf0ea588-a6ac-4774-95e6-54494a211c06', 'D7', '2026-01-15T04:48:00.058691', '2026-01-15T04:48:00.058691');
INSERT INTO hall_seats (id, cinema_hall_id, seat_type_id, seat_code, created_at, updated_at) VALUES ('b8aad1ef-d5e1-4687-a74b-712532b92844', '0572e6f5-a08d-48c0-9dc0-ce2eef6f3df9', 'cf0ea588-a6ac-4774-95e6-54494a211c06', 'D8', '2026-01-15T04:48:00.058691', '2026-01-15T04:48:00.058691');
INSERT INTO hall_seats (id, cinema_hall_id, seat_type_id, seat_code, created_at, updated_at) VALUES ('3ef4908e-a3cd-4b60-b7b2-08490ff0e28f', '0572e6f5-a08d-48c0-9dc0-ce2eef6f3df9', 'cf0ea588-a6ac-4774-95e6-54494a211c06', 'E1', '2026-01-15T04:48:00.058777', '2026-01-15T04:48:00.058777');
INSERT INTO hall_seats (id, cinema_hall_id, seat_type_id, seat_code, created_at, updated_at) VALUES ('1d851e05-9d37-4f37-9867-ca82a3691c7f', '0572e6f5-a08d-48c0-9dc0-ce2eef6f3df9', 'cf0ea588-a6ac-4774-95e6-54494a211c06', 'E2', '2026-01-15T04:48:00.058777', '2026-01-15T04:48:00.058777');
INSERT INTO hall_seats (id, cinema_hall_id, seat_type_id, seat_code, created_at, updated_at) VALUES ('6c41361e-845f-4cc3-ab9f-6367e4593882', '0572e6f5-a08d-48c0-9dc0-ce2eef6f3df9', 'cf0ea588-a6ac-4774-95e6-54494a211c06', 'E3', '2026-01-15T04:48:00.058777', '2026-01-15T04:48:00.058777');
INSERT INTO hall_seats (id, cinema_hall_id, seat_type_id, seat_code, created_at, updated_at) VALUES ('3136fdd3-4de2-4137-ac96-ec57a9cdd92c', '0572e6f5-a08d-48c0-9dc0-ce2eef6f3df9', 'cf0ea588-a6ac-4774-95e6-54494a211c06', 'E4', '2026-01-15T04:48:00.058777', '2026-01-15T04:48:00.058777');
INSERT INTO hall_seats (id, cinema_hall_id, seat_type_id, seat_code, created_at, updated_at) VALUES ('35299700-da5d-4df3-b757-7ee27f02b2f1', '0572e6f5-a08d-48c0-9dc0-ce2eef6f3df9', 'cf0ea588-a6ac-4774-95e6-54494a211c06', 'E5', '2026-01-15T04:48:00.058777', '2026-01-15T04:48:00.058777');
INSERT INTO hall_seats (id, cinema_hall_id, seat_type_id, seat_code, created_at, updated_at) VALUES ('577a428c-5f81-46b4-bfa4-7a88d4ce600d', '0572e6f5-a08d-48c0-9dc0-ce2eef6f3df9', 'cf0ea588-a6ac-4774-95e6-54494a211c06', 'E6', '2026-01-15T04:48:00.058777', '2026-01-15T04:48:00.058777');
INSERT INTO hall_seats (id, cinema_hall_id, seat_type_id, seat_code, created_at, updated_at) VALUES ('daec6240-9c94-41fd-890d-8c587cbb6171', '0572e6f5-a08d-48c0-9dc0-ce2eef6f3df9', 'cf0ea588-a6ac-4774-95e6-54494a211c06', 'E7', '2026-01-15T04:48:00.058777', '2026-01-15T04:48:00.058777');
INSERT INTO hall_seats (id, cinema_hall_id, seat_type_id, seat_code, created_at, updated_at) VALUES ('4f6e433a-51db-41ba-9323-94422de46190', '0572e6f5-a08d-48c0-9dc0-ce2eef6f3df9', 'cf0ea588-a6ac-4774-95e6-54494a211c06', 'E8', '2026-01-15T04:48:00.058777', '2026-01-15T04:48:00.058777');
INSERT INTO hall_seats (id, cinema_hall_id, seat_type_id, seat_code, created_at, updated_at) VALUES ('53ff3ed2-4d3b-4172-bf81-5169ec57d436', '0572e6f5-a08d-48c0-9dc0-ce2eef6f3df9', 'cf0ea588-a6ac-4774-95e6-54494a211c06', 'F1', '2026-01-15T04:48:00.058872', '2026-01-15T04:48:00.058872');
INSERT INTO hall_seats (id, cinema_hall_id, seat_type_id, seat_code, created_at, updated_at) VALUES ('f2630967-d680-4e54-92b5-30627773555d', '0572e6f5-a08d-48c0-9dc0-ce2eef6f3df9', 'cf0ea588-a6ac-4774-95e6-54494a211c06', 'F2', '2026-01-15T04:48:00.058872', '2026-01-15T04:48:00.058872');
INSERT INTO hall_seats (id, cinema_hall_id, seat_type_id, seat_code, created_at, updated_at) VALUES ('f1b536ce-3bf1-4f48-808b-82243f14e990', '0572e6f5-a08d-48c0-9dc0-ce2eef6f3df9', 'cf0ea588-a6ac-4774-95e6-54494a211c06', 'F3', '2026-01-15T04:48:00.058872', '2026-01-15T04:48:00.058872');
INSERT INTO hall_seats (id, cinema_hall_id, seat_type_id, seat_code, created_at, updated_at) VALUES ('07a42923-7a2c-424b-aae2-f41b5d501f4b', '0572e6f5-a08d-48c0-9dc0-ce2eef6f3df9', 'cf0ea588-a6ac-4774-95e6-54494a211c06', 'F4', '2026-01-15T04:48:00.058872', '2026-01-15T04:48:00.058872');
INSERT INTO hall_seats (id, cinema_hall_id, seat_type_id, seat_code, created_at, updated_at) VALUES ('0c0afdb4-eba5-4654-accf-2f355f486ece', '0572e6f5-a08d-48c0-9dc0-ce2eef6f3df9', 'cf0ea588-a6ac-4774-95e6-54494a211c06', 'F5', '2026-01-15T04:48:00.058872', '2026-01-15T04:48:00.058872');
INSERT INTO hall_seats (id, cinema_hall_id, seat_type_id, seat_code, created_at, updated_at) VALUES ('0fc908f4-50fb-413f-b6d0-de6d01666e5e', '0572e6f5-a08d-48c0-9dc0-ce2eef6f3df9', 'cf0ea588-a6ac-4774-95e6-54494a211c06', 'F6', '2026-01-15T04:48:00.058872', '2026-01-15T04:48:00.058872');
INSERT INTO hall_seats (id, cinema_hall_id, seat_type_id, seat_code, created_at, updated_at) VALUES ('9ed83cbc-759a-48da-8b0e-9b0feca4bfb5', '0572e6f5-a08d-48c0-9dc0-ce2eef6f3df9', 'cf0ea588-a6ac-4774-95e6-54494a211c06', 'F7', '2026-01-15T04:48:00.058872', '2026-01-15T04:48:00.058872');
INSERT INTO hall_seats (id, cinema_hall_id, seat_type_id, seat_code, created_at, updated_at) VALUES ('0b447b45-a2f6-43ad-88be-62dfef881f0a', '0572e6f5-a08d-48c0-9dc0-ce2eef6f3df9', 'cf0ea588-a6ac-4774-95e6-54494a211c06', 'F8', '2026-01-15T04:48:00.058872', '2026-01-15T04:48:00.058872');
INSERT INTO hall_seats (id, cinema_hall_id, seat_type_id, seat_code, created_at, updated_at) VALUES ('ef6fddb1-90ab-4a44-9624-4cacaf4db0a6', '0572e6f5-a08d-48c0-9dc0-ce2eef6f3df9', '04023e7d-e443-4771-bacd-751aadbb482e', 'G1', '2026-01-15T04:48:00.058962', '2026-01-15T04:48:00.058962');
INSERT INTO hall_seats (id, cinema_hall_id, seat_type_id, seat_code, created_at, updated_at) VALUES ('20328f84-86bf-4dd9-86eb-8d30026e9911', '0572e6f5-a08d-48c0-9dc0-ce2eef6f3df9', '04023e7d-e443-4771-bacd-751aadbb482e', 'G2', '2026-01-15T04:48:00.058962', '2026-01-15T04:48:00.058962');
INSERT INTO hall_seats (id, cinema_hall_id, seat_type_id, seat_code, created_at, updated_at) VALUES ('26c8cd8f-aa91-45a7-b24c-de6386fe89bb', '0572e6f5-a08d-48c0-9dc0-ce2eef6f3df9', '04023e7d-e443-4771-bacd-751aadbb482e', 'G3', '2026-01-15T04:48:00.058962', '2026-01-15T04:48:00.058962');
INSERT INTO hall_seats (id, cinema_hall_id, seat_type_id, seat_code, created_at, updated_at) VALUES ('a7343d3f-be34-4b74-9fbe-01702e5fc548', '0572e6f5-a08d-48c0-9dc0-ce2eef6f3df9', '04023e7d-e443-4771-bacd-751aadbb482e', 'G4', '2026-01-15T04:48:00.058962', '2026-01-15T04:48:00.058962');
INSERT INTO hall_seats (id, cinema_hall_id, seat_type_id, seat_code, created_at, updated_at) VALUES ('86155930-2077-457e-8cbc-1d028c1f547a', '0572e6f5-a08d-48c0-9dc0-ce2eef6f3df9', '04023e7d-e443-4771-bacd-751aadbb482e', 'G5', '2026-01-15T04:48:00.058962', '2026-01-15T04:48:00.058962');
INSERT INTO hall_seats (id, cinema_hall_id, seat_type_id, seat_code, created_at, updated_at) VALUES ('35c641d8-7d3a-4af9-abfb-46d2347703bb', '0572e6f5-a08d-48c0-9dc0-ce2eef6f3df9', '04023e7d-e443-4771-bacd-751aadbb482e', 'G6', '2026-01-15T04:48:00.058962', '2026-01-15T04:48:00.058962');
INSERT INTO hall_seats (id, cinema_hall_id, seat_type_id, seat_code, created_at, updated_at) VALUES ('433fa80c-592a-4cf9-b10d-a9eab1fb91c0', '0572e6f5-a08d-48c0-9dc0-ce2eef6f3df9', '04023e7d-e443-4771-bacd-751aadbb482e', 'G7', '2026-01-15T04:48:00.058962', '2026-01-15T04:48:00.058962');
INSERT INTO hall_seats (id, cinema_hall_id, seat_type_id, seat_code, created_at, updated_at) VALUES ('7dd40353-81ca-458e-8171-0f5651845550', '0572e6f5-a08d-48c0-9dc0-ce2eef6f3df9', '04023e7d-e443-4771-bacd-751aadbb482e', 'G8', '2026-01-15T04:48:00.058962', '2026-01-15T04:48:00.058962');
INSERT INTO hall_seats (id, cinema_hall_id, seat_type_id, seat_code, created_at, updated_at) VALUES ('7802b8d3-400a-4f85-b0b4-c89294d96a31', '0572e6f5-a08d-48c0-9dc0-ce2eef6f3df9', '04023e7d-e443-4771-bacd-751aadbb482e', 'H1', '2026-01-15T04:48:00.059066', '2026-01-15T04:48:00.059066');
INSERT INTO hall_seats (id, cinema_hall_id, seat_type_id, seat_code, created_at, updated_at) VALUES ('c099f44b-c0ea-4748-a18a-f64f270b31dc', '0572e6f5-a08d-48c0-9dc0-ce2eef6f3df9', '04023e7d-e443-4771-bacd-751aadbb482e', 'H2', '2026-01-15T04:48:00.059066', '2026-01-15T04:48:00.059066');
INSERT INTO hall_seats (id, cinema_hall_id, seat_type_id, seat_code, created_at, updated_at) VALUES ('a2547cff-3259-4a3c-812b-a924dd232283', '0572e6f5-a08d-48c0-9dc0-ce2eef6f3df9', '04023e7d-e443-4771-bacd-751aadbb482e', 'H3', '2026-01-15T04:48:00.059066', '2026-01-15T04:48:00.059066');
INSERT INTO hall_seats (id, cinema_hall_id, seat_type_id, seat_code, created_at, updated_at) VALUES ('2d7ac291-b51a-4e65-98ee-ebf30a2ae8ae', '0572e6f5-a08d-48c0-9dc0-ce2eef6f3df9', '04023e7d-e443-4771-bacd-751aadbb482e', 'H4', '2026-01-15T04:48:00.059066', '2026-01-15T04:48:00.059066');
INSERT INTO hall_seats (id, cinema_hall_id, seat_type_id, seat_code, created_at, updated_at) VALUES ('cfe10dca-b505-4ea3-a4f1-551e9dfdef7a', '0572e6f5-a08d-48c0-9dc0-ce2eef6f3df9', '04023e7d-e443-4771-bacd-751aadbb482e', 'H5', '2026-01-15T04:48:00.059066', '2026-01-15T04:48:00.059066');
INSERT INTO hall_seats (id, cinema_hall_id, seat_type_id, seat_code, created_at, updated_at) VALUES ('daae4377-fc05-4b1c-ab44-3d76611566e9', '0572e6f5-a08d-48c0-9dc0-ce2eef6f3df9', '04023e7d-e443-4771-bacd-751aadbb482e', 'H6', '2026-01-15T04:48:00.059066', '2026-01-15T04:48:00.059066');
INSERT INTO hall_seats (id, cinema_hall_id, seat_type_id, seat_code, created_at, updated_at) VALUES ('2af3aeb3-cd79-4043-9585-fc560668e3c5', '0572e6f5-a08d-48c0-9dc0-ce2eef6f3df9', '04023e7d-e443-4771-bacd-751aadbb482e', 'H7', '2026-01-15T04:48:00.059066', '2026-01-15T04:48:00.059066');
INSERT INTO hall_seats (id, cinema_hall_id, seat_type_id, seat_code, created_at, updated_at) VALUES ('93ca6a6c-3780-4cea-949d-f610d936e915', '0572e6f5-a08d-48c0-9dc0-ce2eef6f3df9', '04023e7d-e443-4771-bacd-751aadbb482e', 'H8', '2026-01-15T04:48:00.059066', '2026-01-15T04:48:00.059066');
INSERT INTO hall_seats (id, cinema_hall_id, seat_type_id, seat_code, created_at, updated_at) VALUES ('cade5d84-3dd8-4512-9ae7-e0fe8ddd9153', '0572e6f5-a08d-48c0-9dc0-ce2eef6f3df9', '25051a14-cd48-48a4-8b94-632c6c5132a0', 'I1', '2026-01-15T04:48:00.059172', '2026-01-15T04:48:00.059172');
INSERT INTO hall_seats (id, cinema_hall_id, seat_type_id, seat_code, created_at, updated_at) VALUES ('440e668c-43e4-42df-83b5-8ddcfc23e1e4', '0572e6f5-a08d-48c0-9dc0-ce2eef6f3df9', '25051a14-cd48-48a4-8b94-632c6c5132a0', 'I2', '2026-01-15T04:48:00.059172', '2026-01-15T04:48:00.059172');
INSERT INTO hall_seats (id, cinema_hall_id, seat_type_id, seat_code, created_at, updated_at) VALUES ('d68118de-9129-4459-a313-6d77b2ec69f0', '0572e6f5-a08d-48c0-9dc0-ce2eef6f3df9', '25051a14-cd48-48a4-8b94-632c6c5132a0', 'I3', '2026-01-15T04:48:00.059172', '2026-01-15T04:48:00.059172');
INSERT INTO hall_seats (id, cinema_hall_id, seat_type_id, seat_code, created_at, updated_at) VALUES ('28da0858-f4bd-4635-892e-9c6ed3e1c250', '0572e6f5-a08d-48c0-9dc0-ce2eef6f3df9', '25051a14-cd48-48a4-8b94-632c6c5132a0', 'I4', '2026-01-15T04:48:00.059172', '2026-01-15T04:48:00.059172');
INSERT INTO hall_seats (id, cinema_hall_id, seat_type_id, seat_code, created_at, updated_at) VALUES ('85fde2ad-4532-4a5b-a1f3-49582b505fbc', '24dacc2b-ba4f-4db2-98f5-597c052c7565', 'cf0ea588-a6ac-4774-95e6-54494a211c06', 'A1', '2026-01-15T04:48:00.059235', '2026-01-15T04:48:00.059235');
INSERT INTO hall_seats (id, cinema_hall_id, seat_type_id, seat_code, created_at, updated_at) VALUES ('b287405f-98f4-4597-be03-a4731682ca63', '24dacc2b-ba4f-4db2-98f5-597c052c7565', 'cf0ea588-a6ac-4774-95e6-54494a211c06', 'A2', '2026-01-15T04:48:00.059235', '2026-01-15T04:48:00.059235');
INSERT INTO hall_seats (id, cinema_hall_id, seat_type_id, seat_code, created_at, updated_at) VALUES ('04bdd0d7-9a92-4647-974a-4b1cdbae2be7', '24dacc2b-ba4f-4db2-98f5-597c052c7565', 'cf0ea588-a6ac-4774-95e6-54494a211c06', 'A3', '2026-01-15T04:48:00.059235', '2026-01-15T04:48:00.059235');
INSERT INTO hall_seats (id, cinema_hall_id, seat_type_id, seat_code, created_at, updated_at) VALUES ('cc3383f1-cbdc-4f3d-b29d-11921c948cab', '24dacc2b-ba4f-4db2-98f5-597c052c7565', 'cf0ea588-a6ac-4774-95e6-54494a211c06', 'A4', '2026-01-15T04:48:00.059235', '2026-01-15T04:48:00.059235');
INSERT INTO hall_seats (id, cinema_hall_id, seat_type_id, seat_code, created_at, updated_at) VALUES ('218e5aef-c852-4bf7-8ac7-7a1a4b98bfde', '24dacc2b-ba4f-4db2-98f5-597c052c7565', 'cf0ea588-a6ac-4774-95e6-54494a211c06', 'A5', '2026-01-15T04:48:00.059235', '2026-01-15T04:48:00.059235');
INSERT INTO hall_seats (id, cinema_hall_id, seat_type_id, seat_code, created_at, updated_at) VALUES ('d8e26376-1b52-48e2-89de-ba4126ce8190', '24dacc2b-ba4f-4db2-98f5-597c052c7565', 'cf0ea588-a6ac-4774-95e6-54494a211c06', 'A6', '2026-01-15T04:48:00.059235', '2026-01-15T04:48:00.059235');
INSERT INTO hall_seats (id, cinema_hall_id, seat_type_id, seat_code, created_at, updated_at) VALUES ('4af521c7-c9fa-40c7-84f0-41a1d3bb03eb', '24dacc2b-ba4f-4db2-98f5-597c052c7565', 'cf0ea588-a6ac-4774-95e6-54494a211c06', 'A7', '2026-01-15T04:48:00.059235', '2026-01-15T04:48:00.059235');
INSERT INTO hall_seats (id, cinema_hall_id, seat_type_id, seat_code, created_at, updated_at) VALUES ('029a956d-c104-4dce-8bbb-76eb20eab1b1', '24dacc2b-ba4f-4db2-98f5-597c052c7565', 'cf0ea588-a6ac-4774-95e6-54494a211c06', 'A8', '2026-01-15T04:48:00.059235', '2026-01-15T04:48:00.059235');
INSERT INTO hall_seats (id, cinema_hall_id, seat_type_id, seat_code, created_at, updated_at) VALUES ('41dbe670-02c7-422f-8628-a297f5ba8df7', '24dacc2b-ba4f-4db2-98f5-597c052c7565', 'cf0ea588-a6ac-4774-95e6-54494a211c06', 'B1', '2026-01-15T04:48:00.059331', '2026-01-15T04:48:00.059331');
INSERT INTO hall_seats (id, cinema_hall_id, seat_type_id, seat_code, created_at, updated_at) VALUES ('291406a3-7cac-4d13-a0cf-b2139c8697ae', '24dacc2b-ba4f-4db2-98f5-597c052c7565', 'cf0ea588-a6ac-4774-95e6-54494a211c06', 'B2', '2026-01-15T04:48:00.059331', '2026-01-15T04:48:00.059331');
INSERT INTO hall_seats (id, cinema_hall_id, seat_type_id, seat_code, created_at, updated_at) VALUES ('79a3fe81-cdf5-4c29-9df5-dccd7afad352', '24dacc2b-ba4f-4db2-98f5-597c052c7565', 'cf0ea588-a6ac-4774-95e6-54494a211c06', 'B3', '2026-01-15T04:48:00.059331', '2026-01-15T04:48:00.059331');
INSERT INTO hall_seats (id, cinema_hall_id, seat_type_id, seat_code, created_at, updated_at) VALUES ('81cbe969-0e27-4778-b493-b21101a47a20', '24dacc2b-ba4f-4db2-98f5-597c052c7565', 'cf0ea588-a6ac-4774-95e6-54494a211c06', 'B4', '2026-01-15T04:48:00.059331', '2026-01-15T04:48:00.059331');
INSERT INTO hall_seats (id, cinema_hall_id, seat_type_id, seat_code, created_at, updated_at) VALUES ('4c0ef3ac-d591-488b-84bd-140bfe2eb135', '24dacc2b-ba4f-4db2-98f5-597c052c7565', 'cf0ea588-a6ac-4774-95e6-54494a211c06', 'B5', '2026-01-15T04:48:00.059331', '2026-01-15T04:48:00.059331');
INSERT INTO hall_seats (id, cinema_hall_id, seat_type_id, seat_code, created_at, updated_at) VALUES ('d1d60a13-5aa0-47eb-9f41-e883d2621281', '24dacc2b-ba4f-4db2-98f5-597c052c7565', 'cf0ea588-a6ac-4774-95e6-54494a211c06', 'B6', '2026-01-15T04:48:00.059331', '2026-01-15T04:48:00.059331');
INSERT INTO hall_seats (id, cinema_hall_id, seat_type_id, seat_code, created_at, updated_at) VALUES ('1ab1de4e-71ef-4502-b461-7873fc044a5c', '24dacc2b-ba4f-4db2-98f5-597c052c7565', 'cf0ea588-a6ac-4774-95e6-54494a211c06', 'B7', '2026-01-15T04:48:00.059331', '2026-01-15T04:48:00.059331');
INSERT INTO hall_seats (id, cinema_hall_id, seat_type_id, seat_code, created_at, updated_at) VALUES ('2bfbc3f8-ffeb-4ee9-8ab4-74e0b927902e', '24dacc2b-ba4f-4db2-98f5-597c052c7565', 'cf0ea588-a6ac-4774-95e6-54494a211c06', 'B8', '2026-01-15T04:48:00.059331', '2026-01-15T04:48:00.059331');
INSERT INTO hall_seats (id, cinema_hall_id, seat_type_id, seat_code, created_at, updated_at) VALUES ('435bef6c-3aad-46ef-947c-7429d784027d', '24dacc2b-ba4f-4db2-98f5-597c052c7565', 'cf0ea588-a6ac-4774-95e6-54494a211c06', 'C1', '2026-01-15T04:48:00.059413', '2026-01-15T04:48:00.059413');
INSERT INTO hall_seats (id, cinema_hall_id, seat_type_id, seat_code, created_at, updated_at) VALUES ('77018c68-afc0-4851-a4d3-6f4d4a4bdd73', '24dacc2b-ba4f-4db2-98f5-597c052c7565', 'cf0ea588-a6ac-4774-95e6-54494a211c06', 'C2', '2026-01-15T04:48:00.059413', '2026-01-15T04:48:00.059413');
INSERT INTO hall_seats (id, cinema_hall_id, seat_type_id, seat_code, created_at, updated_at) VALUES ('c717f4d9-9305-46e1-85be-9e2f128e9b87', '24dacc2b-ba4f-4db2-98f5-597c052c7565', 'cf0ea588-a6ac-4774-95e6-54494a211c06', 'C3', '2026-01-15T04:48:00.059413', '2026-01-15T04:48:00.059413');
INSERT INTO hall_seats (id, cinema_hall_id, seat_type_id, seat_code, created_at, updated_at) VALUES ('89ea0420-c4c5-487d-aa55-0b1da345a785', '24dacc2b-ba4f-4db2-98f5-597c052c7565', 'cf0ea588-a6ac-4774-95e6-54494a211c06', 'C4', '2026-01-15T04:48:00.059413', '2026-01-15T04:48:00.059413');
INSERT INTO hall_seats (id, cinema_hall_id, seat_type_id, seat_code, created_at, updated_at) VALUES ('5efa5eeb-f033-422e-9c13-b5dde7ba784a', '24dacc2b-ba4f-4db2-98f5-597c052c7565', 'cf0ea588-a6ac-4774-95e6-54494a211c06', 'C5', '2026-01-15T04:48:00.059413', '2026-01-15T04:48:00.059413');
INSERT INTO hall_seats (id, cinema_hall_id, seat_type_id, seat_code, created_at, updated_at) VALUES ('55856312-cd35-47a3-9e74-665f72ae2db5', '24dacc2b-ba4f-4db2-98f5-597c052c7565', 'cf0ea588-a6ac-4774-95e6-54494a211c06', 'C6', '2026-01-15T04:48:00.059413', '2026-01-15T04:48:00.059413');
INSERT INTO hall_seats (id, cinema_hall_id, seat_type_id, seat_code, created_at, updated_at) VALUES ('c35f2c7e-3808-4bdd-b63f-49eae959d237', '24dacc2b-ba4f-4db2-98f5-597c052c7565', 'cf0ea588-a6ac-4774-95e6-54494a211c06', 'C7', '2026-01-15T04:48:00.059413', '2026-01-15T04:48:00.059413');
INSERT INTO hall_seats (id, cinema_hall_id, seat_type_id, seat_code, created_at, updated_at) VALUES ('1736777c-43e3-4dc1-96fc-3a36337df50c', '24dacc2b-ba4f-4db2-98f5-597c052c7565', 'cf0ea588-a6ac-4774-95e6-54494a211c06', 'C8', '2026-01-15T04:48:00.059413', '2026-01-15T04:48:00.059413');
INSERT INTO hall_seats (id, cinema_hall_id, seat_type_id, seat_code, created_at, updated_at) VALUES ('a14d0d23-f14b-4ab0-b496-1098f35a2aa1', '24dacc2b-ba4f-4db2-98f5-597c052c7565', 'cf0ea588-a6ac-4774-95e6-54494a211c06', 'D1', '2026-01-15T04:48:00.059495', '2026-01-15T04:48:00.059495');
INSERT INTO hall_seats (id, cinema_hall_id, seat_type_id, seat_code, created_at, updated_at) VALUES ('a90f3663-a602-454c-8f10-aa7e759d5522', '24dacc2b-ba4f-4db2-98f5-597c052c7565', 'cf0ea588-a6ac-4774-95e6-54494a211c06', 'D2', '2026-01-15T04:48:00.059495', '2026-01-15T04:48:00.059495');
INSERT INTO hall_seats (id, cinema_hall_id, seat_type_id, seat_code, created_at, updated_at) VALUES ('7139237c-812b-423e-88f0-583708701f2c', '24dacc2b-ba4f-4db2-98f5-597c052c7565', 'cf0ea588-a6ac-4774-95e6-54494a211c06', 'D3', '2026-01-15T04:48:00.059495', '2026-01-15T04:48:00.059495');
INSERT INTO hall_seats (id, cinema_hall_id, seat_type_id, seat_code, created_at, updated_at) VALUES ('4b664f81-3cec-4f33-af1e-05b4a2236a09', '24dacc2b-ba4f-4db2-98f5-597c052c7565', 'cf0ea588-a6ac-4774-95e6-54494a211c06', 'D4', '2026-01-15T04:48:00.059495', '2026-01-15T04:48:00.059495');
INSERT INTO hall_seats (id, cinema_hall_id, seat_type_id, seat_code, created_at, updated_at) VALUES ('81bd60f5-1a5b-4fdb-8aef-413cc95abc8b', '24dacc2b-ba4f-4db2-98f5-597c052c7565', 'cf0ea588-a6ac-4774-95e6-54494a211c06', 'D5', '2026-01-15T04:48:00.059495', '2026-01-15T04:48:00.059495');
INSERT INTO hall_seats (id, cinema_hall_id, seat_type_id, seat_code, created_at, updated_at) VALUES ('f5604d4c-1672-4fcf-85ce-1c5bbc2be3a2', '24dacc2b-ba4f-4db2-98f5-597c052c7565', 'cf0ea588-a6ac-4774-95e6-54494a211c06', 'D6', '2026-01-15T04:48:00.059495', '2026-01-15T04:48:00.059495');
INSERT INTO hall_seats (id, cinema_hall_id, seat_type_id, seat_code, created_at, updated_at) VALUES ('b20c4591-cf98-4057-b87b-bc6f46318d39', '24dacc2b-ba4f-4db2-98f5-597c052c7565', 'cf0ea588-a6ac-4774-95e6-54494a211c06', 'D7', '2026-01-15T04:48:00.059495', '2026-01-15T04:48:00.059495');
INSERT INTO hall_seats (id, cinema_hall_id, seat_type_id, seat_code, created_at, updated_at) VALUES ('1fdf559c-4af5-415b-8bc8-958c424528eb', '24dacc2b-ba4f-4db2-98f5-597c052c7565', 'cf0ea588-a6ac-4774-95e6-54494a211c06', 'D8', '2026-01-15T04:48:00.059495', '2026-01-15T04:48:00.059495');
INSERT INTO hall_seats (id, cinema_hall_id, seat_type_id, seat_code, created_at, updated_at) VALUES ('b0060b90-2031-48e6-88eb-e05e5ae54638', '24dacc2b-ba4f-4db2-98f5-597c052c7565', 'cf0ea588-a6ac-4774-95e6-54494a211c06', 'E1', '2026-01-15T04:48:00.059580', '2026-01-15T04:48:00.059580');
INSERT INTO hall_seats (id, cinema_hall_id, seat_type_id, seat_code, created_at, updated_at) VALUES ('b2720c83-b276-44ee-bc2e-6c0b33ceafcc', '24dacc2b-ba4f-4db2-98f5-597c052c7565', 'cf0ea588-a6ac-4774-95e6-54494a211c06', 'E2', '2026-01-15T04:48:00.059580', '2026-01-15T04:48:00.059580');
INSERT INTO hall_seats (id, cinema_hall_id, seat_type_id, seat_code, created_at, updated_at) VALUES ('a87014d6-f661-433c-bdc4-c08248fe3500', '24dacc2b-ba4f-4db2-98f5-597c052c7565', 'cf0ea588-a6ac-4774-95e6-54494a211c06', 'E3', '2026-01-15T04:48:00.059580', '2026-01-15T04:48:00.059580');
INSERT INTO hall_seats (id, cinema_hall_id, seat_type_id, seat_code, created_at, updated_at) VALUES ('51fa7b31-9d6d-46ef-afe2-0ecd4e90054c', '24dacc2b-ba4f-4db2-98f5-597c052c7565', 'cf0ea588-a6ac-4774-95e6-54494a211c06', 'E4', '2026-01-15T04:48:00.059580', '2026-01-15T04:48:00.059580');
INSERT INTO hall_seats (id, cinema_hall_id, seat_type_id, seat_code, created_at, updated_at) VALUES ('26406091-928d-4b47-a271-997984e088fb', '24dacc2b-ba4f-4db2-98f5-597c052c7565', 'cf0ea588-a6ac-4774-95e6-54494a211c06', 'E5', '2026-01-15T04:48:00.059580', '2026-01-15T04:48:00.059580');
INSERT INTO hall_seats (id, cinema_hall_id, seat_type_id, seat_code, created_at, updated_at) VALUES ('b1a2e2d6-fde2-430b-a45f-25010038b06b', '24dacc2b-ba4f-4db2-98f5-597c052c7565', 'cf0ea588-a6ac-4774-95e6-54494a211c06', 'E6', '2026-01-15T04:48:00.059580', '2026-01-15T04:48:00.059580');
INSERT INTO hall_seats (id, cinema_hall_id, seat_type_id, seat_code, created_at, updated_at) VALUES ('613f20ba-960f-42b1-b6de-2e3a0ddd9fa0', '24dacc2b-ba4f-4db2-98f5-597c052c7565', 'cf0ea588-a6ac-4774-95e6-54494a211c06', 'E7', '2026-01-15T04:48:00.059580', '2026-01-15T04:48:00.059580');
INSERT INTO hall_seats (id, cinema_hall_id, seat_type_id, seat_code, created_at, updated_at) VALUES ('f8e4a42e-e31c-421c-a6c3-7ed47d7c22d5', '24dacc2b-ba4f-4db2-98f5-597c052c7565', 'cf0ea588-a6ac-4774-95e6-54494a211c06', 'E8', '2026-01-15T04:48:00.059580', '2026-01-15T04:48:00.059580');
INSERT INTO hall_seats (id, cinema_hall_id, seat_type_id, seat_code, created_at, updated_at) VALUES ('19c89403-374b-456a-95af-542fe3aee9ee', '24dacc2b-ba4f-4db2-98f5-597c052c7565', 'cf0ea588-a6ac-4774-95e6-54494a211c06', 'F1', '2026-01-15T04:48:00.059662', '2026-01-15T04:48:00.059662');
INSERT INTO hall_seats (id, cinema_hall_id, seat_type_id, seat_code, created_at, updated_at) VALUES ('381cb537-818d-4348-8031-3e0e819041e8', '24dacc2b-ba4f-4db2-98f5-597c052c7565', 'cf0ea588-a6ac-4774-95e6-54494a211c06', 'F2', '2026-01-15T04:48:00.059662', '2026-01-15T04:48:00.059662');
INSERT INTO hall_seats (id, cinema_hall_id, seat_type_id, seat_code, created_at, updated_at) VALUES ('ec256dc9-9158-4a42-a996-0ce7410afa20', '24dacc2b-ba4f-4db2-98f5-597c052c7565', 'cf0ea588-a6ac-4774-95e6-54494a211c06', 'F3', '2026-01-15T04:48:00.059662', '2026-01-15T04:48:00.059662');
INSERT INTO hall_seats (id, cinema_hall_id, seat_type_id, seat_code, created_at, updated_at) VALUES ('90eb6433-ebf5-441c-b415-ecf6707fe8b8', '24dacc2b-ba4f-4db2-98f5-597c052c7565', 'cf0ea588-a6ac-4774-95e6-54494a211c06', 'F4', '2026-01-15T04:48:00.059662', '2026-01-15T04:48:00.059662');
INSERT INTO hall_seats (id, cinema_hall_id, seat_type_id, seat_code, created_at, updated_at) VALUES ('6753c032-3fba-45b0-b90b-c8dd43f4f591', '24dacc2b-ba4f-4db2-98f5-597c052c7565', 'cf0ea588-a6ac-4774-95e6-54494a211c06', 'F5', '2026-01-15T04:48:00.059662', '2026-01-15T04:48:00.059662');
INSERT INTO hall_seats (id, cinema_hall_id, seat_type_id, seat_code, created_at, updated_at) VALUES ('900b93bd-fc73-4113-8625-808642cf2a1c', '24dacc2b-ba4f-4db2-98f5-597c052c7565', 'cf0ea588-a6ac-4774-95e6-54494a211c06', 'F6', '2026-01-15T04:48:00.059662', '2026-01-15T04:48:00.059662');
INSERT INTO hall_seats (id, cinema_hall_id, seat_type_id, seat_code, created_at, updated_at) VALUES ('2522fd6c-9257-4fc7-939a-a5e92d1cf467', '24dacc2b-ba4f-4db2-98f5-597c052c7565', 'cf0ea588-a6ac-4774-95e6-54494a211c06', 'F7', '2026-01-15T04:48:00.059662', '2026-01-15T04:48:00.059662');
INSERT INTO hall_seats (id, cinema_hall_id, seat_type_id, seat_code, created_at, updated_at) VALUES ('1992573b-565b-4450-a2e4-df4563e78f50', '24dacc2b-ba4f-4db2-98f5-597c052c7565', 'cf0ea588-a6ac-4774-95e6-54494a211c06', 'F8', '2026-01-15T04:48:00.059662', '2026-01-15T04:48:00.059662');
INSERT INTO hall_seats (id, cinema_hall_id, seat_type_id, seat_code, created_at, updated_at) VALUES ('6d9d17d9-ff93-4f85-9b4d-d9843d1052e5', '24dacc2b-ba4f-4db2-98f5-597c052c7565', '04023e7d-e443-4771-bacd-751aadbb482e', 'G1', '2026-01-15T04:48:00.059750', '2026-01-15T04:48:00.059750');
INSERT INTO hall_seats (id, cinema_hall_id, seat_type_id, seat_code, created_at, updated_at) VALUES ('4a770616-133b-4213-a3e8-937856dfbdb0', '24dacc2b-ba4f-4db2-98f5-597c052c7565', '04023e7d-e443-4771-bacd-751aadbb482e', 'G2', '2026-01-15T04:48:00.059750', '2026-01-15T04:48:00.059750');
INSERT INTO hall_seats (id, cinema_hall_id, seat_type_id, seat_code, created_at, updated_at) VALUES ('9fd860bf-bc89-4598-9860-0e1a2bf974e7', '24dacc2b-ba4f-4db2-98f5-597c052c7565', '04023e7d-e443-4771-bacd-751aadbb482e', 'G3', '2026-01-15T04:48:00.059750', '2026-01-15T04:48:00.059750');
INSERT INTO hall_seats (id, cinema_hall_id, seat_type_id, seat_code, created_at, updated_at) VALUES ('446878f4-321a-4472-b736-024af794e8ab', '24dacc2b-ba4f-4db2-98f5-597c052c7565', '04023e7d-e443-4771-bacd-751aadbb482e', 'G4', '2026-01-15T04:48:00.059750', '2026-01-15T04:48:00.059750');
INSERT INTO hall_seats (id, cinema_hall_id, seat_type_id, seat_code, created_at, updated_at) VALUES ('1d7abd82-111e-4c7b-b627-60f3157d6b24', '24dacc2b-ba4f-4db2-98f5-597c052c7565', '04023e7d-e443-4771-bacd-751aadbb482e', 'G5', '2026-01-15T04:48:00.059750', '2026-01-15T04:48:00.059750');
INSERT INTO hall_seats (id, cinema_hall_id, seat_type_id, seat_code, created_at, updated_at) VALUES ('fc45cde7-d613-4a57-bd99-990c2c8ce5ef', '24dacc2b-ba4f-4db2-98f5-597c052c7565', '04023e7d-e443-4771-bacd-751aadbb482e', 'G6', '2026-01-15T04:48:00.059750', '2026-01-15T04:48:00.059750');
INSERT INTO hall_seats (id, cinema_hall_id, seat_type_id, seat_code, created_at, updated_at) VALUES ('dc43839b-bcd6-43cd-9347-eb17d155784d', '24dacc2b-ba4f-4db2-98f5-597c052c7565', '04023e7d-e443-4771-bacd-751aadbb482e', 'G7', '2026-01-15T04:48:00.059750', '2026-01-15T04:48:00.059750');
INSERT INTO hall_seats (id, cinema_hall_id, seat_type_id, seat_code, created_at, updated_at) VALUES ('d8748b75-8824-4bf2-9e34-1052f576fed8', '24dacc2b-ba4f-4db2-98f5-597c052c7565', '04023e7d-e443-4771-bacd-751aadbb482e', 'G8', '2026-01-15T04:48:00.059750', '2026-01-15T04:48:00.059750');
INSERT INTO hall_seats (id, cinema_hall_id, seat_type_id, seat_code, created_at, updated_at) VALUES ('24aea9e1-f4ed-4301-8df7-0b24d78aa3b3', '24dacc2b-ba4f-4db2-98f5-597c052c7565', '04023e7d-e443-4771-bacd-751aadbb482e', 'H1', '2026-01-15T04:48:00.059831', '2026-01-15T04:48:00.059831');
INSERT INTO hall_seats (id, cinema_hall_id, seat_type_id, seat_code, created_at, updated_at) VALUES ('29099584-1a76-429c-955e-eb2052a76b04', '24dacc2b-ba4f-4db2-98f5-597c052c7565', '04023e7d-e443-4771-bacd-751aadbb482e', 'H2', '2026-01-15T04:48:00.059831', '2026-01-15T04:48:00.059831');
INSERT INTO hall_seats (id, cinema_hall_id, seat_type_id, seat_code, created_at, updated_at) VALUES ('ba6148a1-b77c-4fb2-9a74-8bba42fd964a', '24dacc2b-ba4f-4db2-98f5-597c052c7565', '04023e7d-e443-4771-bacd-751aadbb482e', 'H3', '2026-01-15T04:48:00.059831', '2026-01-15T04:48:00.059831');
INSERT INTO hall_seats (id, cinema_hall_id, seat_type_id, seat_code, created_at, updated_at) VALUES ('796a2e46-0879-4873-a357-e18886e3b253', '24dacc2b-ba4f-4db2-98f5-597c052c7565', '04023e7d-e443-4771-bacd-751aadbb482e', 'H4', '2026-01-15T04:48:00.059831', '2026-01-15T04:48:00.059831');
INSERT INTO hall_seats (id, cinema_hall_id, seat_type_id, seat_code, created_at, updated_at) VALUES ('f230327c-d418-40b9-a6bc-2a7bd7337c17', '24dacc2b-ba4f-4db2-98f5-597c052c7565', '04023e7d-e443-4771-bacd-751aadbb482e', 'H5', '2026-01-15T04:48:00.059831', '2026-01-15T04:48:00.059831');
INSERT INTO hall_seats (id, cinema_hall_id, seat_type_id, seat_code, created_at, updated_at) VALUES ('d6127c78-f3a3-4da4-a37f-577ed0e4e882', '24dacc2b-ba4f-4db2-98f5-597c052c7565', '04023e7d-e443-4771-bacd-751aadbb482e', 'H6', '2026-01-15T04:48:00.059831', '2026-01-15T04:48:00.059831');
INSERT INTO hall_seats (id, cinema_hall_id, seat_type_id, seat_code, created_at, updated_at) VALUES ('2b39f5e7-582a-4318-a737-7bd518b91617', '24dacc2b-ba4f-4db2-98f5-597c052c7565', '04023e7d-e443-4771-bacd-751aadbb482e', 'H7', '2026-01-15T04:48:00.059831', '2026-01-15T04:48:00.059831');
INSERT INTO hall_seats (id, cinema_hall_id, seat_type_id, seat_code, created_at, updated_at) VALUES ('c86ed1d3-433d-4f14-b85a-08c94460a47c', '24dacc2b-ba4f-4db2-98f5-597c052c7565', '04023e7d-e443-4771-bacd-751aadbb482e', 'H8', '2026-01-15T04:48:00.059831', '2026-01-15T04:48:00.059831');
INSERT INTO hall_seats (id, cinema_hall_id, seat_type_id, seat_code, created_at, updated_at) VALUES ('d235cd22-9658-4264-91d8-c69b5878b459', '24dacc2b-ba4f-4db2-98f5-597c052c7565', '25051a14-cd48-48a4-8b94-632c6c5132a0', 'I1', '2026-01-15T04:48:00.059916', '2026-01-15T04:48:00.059916');
INSERT INTO hall_seats (id, cinema_hall_id, seat_type_id, seat_code, created_at, updated_at) VALUES ('d6fa7ac1-085b-4e3d-8d09-cc5da669b0aa', '24dacc2b-ba4f-4db2-98f5-597c052c7565', '25051a14-cd48-48a4-8b94-632c6c5132a0', 'I2', '2026-01-15T04:48:00.059916', '2026-01-15T04:48:00.059916');
INSERT INTO hall_seats (id, cinema_hall_id, seat_type_id, seat_code, created_at, updated_at) VALUES ('56c50440-85c7-4941-a10f-1104639122eb', '24dacc2b-ba4f-4db2-98f5-597c052c7565', '25051a14-cd48-48a4-8b94-632c6c5132a0', 'I3', '2026-01-15T04:48:00.059916', '2026-01-15T04:48:00.059916');
INSERT INTO hall_seats (id, cinema_hall_id, seat_type_id, seat_code, created_at, updated_at) VALUES ('f1732edc-aadb-4561-8191-13f2cfbbbc8f', '24dacc2b-ba4f-4db2-98f5-597c052c7565', '25051a14-cd48-48a4-8b94-632c6c5132a0', 'I4', '2026-01-15T04:48:00.059916', '2026-01-15T04:48:00.059916');
INSERT INTO hall_seats (id, cinema_hall_id, seat_type_id, seat_code, created_at, updated_at) VALUES ('81502d3d-361a-4f29-8a5b-71a8fe075d4d', 'cab834d9-f539-47b1-a0df-a6ba84c95746', 'cf0ea588-a6ac-4774-95e6-54494a211c06', 'A1', '2026-01-15T04:48:00.059962', '2026-01-15T04:48:00.059962');
INSERT INTO hall_seats (id, cinema_hall_id, seat_type_id, seat_code, created_at, updated_at) VALUES ('3731abd3-b6fe-490d-aec3-1e1c6cb6c598', 'cab834d9-f539-47b1-a0df-a6ba84c95746', 'cf0ea588-a6ac-4774-95e6-54494a211c06', 'A2', '2026-01-15T04:48:00.059962', '2026-01-15T04:48:00.059962');
INSERT INTO hall_seats (id, cinema_hall_id, seat_type_id, seat_code, created_at, updated_at) VALUES ('c86b9b7a-f3d4-494c-bb14-149fbed09cca', 'cab834d9-f539-47b1-a0df-a6ba84c95746', 'cf0ea588-a6ac-4774-95e6-54494a211c06', 'A3', '2026-01-15T04:48:00.059962', '2026-01-15T04:48:00.059962');
INSERT INTO hall_seats (id, cinema_hall_id, seat_type_id, seat_code, created_at, updated_at) VALUES ('129acde0-a9b6-46f7-99a7-30c96fa4225a', 'cab834d9-f539-47b1-a0df-a6ba84c95746', 'cf0ea588-a6ac-4774-95e6-54494a211c06', 'A4', '2026-01-15T04:48:00.059962', '2026-01-15T04:48:00.059962');
INSERT INTO hall_seats (id, cinema_hall_id, seat_type_id, seat_code, created_at, updated_at) VALUES ('7f7c20f7-65e6-42d2-97f6-20e55a446089', 'cab834d9-f539-47b1-a0df-a6ba84c95746', 'cf0ea588-a6ac-4774-95e6-54494a211c06', 'A5', '2026-01-15T04:48:00.059962', '2026-01-15T04:48:00.059962');
INSERT INTO hall_seats (id, cinema_hall_id, seat_type_id, seat_code, created_at, updated_at) VALUES ('8adccfbc-70c1-47d6-bff0-e36d9c4dc898', 'cab834d9-f539-47b1-a0df-a6ba84c95746', 'cf0ea588-a6ac-4774-95e6-54494a211c06', 'A6', '2026-01-15T04:48:00.059962', '2026-01-15T04:48:00.059962');
INSERT INTO hall_seats (id, cinema_hall_id, seat_type_id, seat_code, created_at, updated_at) VALUES ('a482636b-b6c4-49c4-8869-d243940e477b', 'cab834d9-f539-47b1-a0df-a6ba84c95746', 'cf0ea588-a6ac-4774-95e6-54494a211c06', 'A7', '2026-01-15T04:48:00.059962', '2026-01-15T04:48:00.059962');
INSERT INTO hall_seats (id, cinema_hall_id, seat_type_id, seat_code, created_at, updated_at) VALUES ('ed96890e-d7d9-49a4-bcee-4074d33b4db7', 'cab834d9-f539-47b1-a0df-a6ba84c95746', 'cf0ea588-a6ac-4774-95e6-54494a211c06', 'A8', '2026-01-15T04:48:00.059962', '2026-01-15T04:48:00.059962');
INSERT INTO hall_seats (id, cinema_hall_id, seat_type_id, seat_code, created_at, updated_at) VALUES ('f4383073-08a8-40d0-a09e-1eaddd6b8cc2', 'cab834d9-f539-47b1-a0df-a6ba84c95746', 'cf0ea588-a6ac-4774-95e6-54494a211c06', 'B1', '2026-01-15T04:48:00.060041', '2026-01-15T04:48:00.060041');
INSERT INTO hall_seats (id, cinema_hall_id, seat_type_id, seat_code, created_at, updated_at) VALUES ('b610edd7-6d45-41d0-b29a-539728dd2eae', 'cab834d9-f539-47b1-a0df-a6ba84c95746', 'cf0ea588-a6ac-4774-95e6-54494a211c06', 'B2', '2026-01-15T04:48:00.060041', '2026-01-15T04:48:00.060041');
INSERT INTO hall_seats (id, cinema_hall_id, seat_type_id, seat_code, created_at, updated_at) VALUES ('c2fce94b-b99e-4660-bc50-209a20bb0f91', 'cab834d9-f539-47b1-a0df-a6ba84c95746', 'cf0ea588-a6ac-4774-95e6-54494a211c06', 'B3', '2026-01-15T04:48:00.060041', '2026-01-15T04:48:00.060041');
INSERT INTO hall_seats (id, cinema_hall_id, seat_type_id, seat_code, created_at, updated_at) VALUES ('5fd94224-4257-4539-a301-a608360b4033', 'cab834d9-f539-47b1-a0df-a6ba84c95746', 'cf0ea588-a6ac-4774-95e6-54494a211c06', 'B4', '2026-01-15T04:48:00.060041', '2026-01-15T04:48:00.060041');
INSERT INTO hall_seats (id, cinema_hall_id, seat_type_id, seat_code, created_at, updated_at) VALUES ('26314fcf-7d8d-4f4b-ac56-eaf5f6a47fc1', 'cab834d9-f539-47b1-a0df-a6ba84c95746', 'cf0ea588-a6ac-4774-95e6-54494a211c06', 'B5', '2026-01-15T04:48:00.060041', '2026-01-15T04:48:00.060041');
INSERT INTO hall_seats (id, cinema_hall_id, seat_type_id, seat_code, created_at, updated_at) VALUES ('3789b813-4e72-4997-9cd6-da36fc25b01b', 'cab834d9-f539-47b1-a0df-a6ba84c95746', 'cf0ea588-a6ac-4774-95e6-54494a211c06', 'B6', '2026-01-15T04:48:00.060041', '2026-01-15T04:48:00.060041');
INSERT INTO hall_seats (id, cinema_hall_id, seat_type_id, seat_code, created_at, updated_at) VALUES ('3ac01cb8-16d2-41cd-b588-396fd8ede6dd', 'cab834d9-f539-47b1-a0df-a6ba84c95746', 'cf0ea588-a6ac-4774-95e6-54494a211c06', 'B7', '2026-01-15T04:48:00.060041', '2026-01-15T04:48:00.060041');
INSERT INTO hall_seats (id, cinema_hall_id, seat_type_id, seat_code, created_at, updated_at) VALUES ('2fd2db1c-758e-47c5-88c8-d84149b327de', 'cab834d9-f539-47b1-a0df-a6ba84c95746', 'cf0ea588-a6ac-4774-95e6-54494a211c06', 'B8', '2026-01-15T04:48:00.060041', '2026-01-15T04:48:00.060041');
INSERT INTO hall_seats (id, cinema_hall_id, seat_type_id, seat_code, created_at, updated_at) VALUES ('d45cac84-7b68-44e8-a01a-3a15b9c79c92', 'cab834d9-f539-47b1-a0df-a6ba84c95746', 'cf0ea588-a6ac-4774-95e6-54494a211c06', 'C1', '2026-01-15T04:48:00.060373', '2026-01-15T04:48:00.060373');
INSERT INTO hall_seats (id, cinema_hall_id, seat_type_id, seat_code, created_at, updated_at) VALUES ('12902a4f-254b-4b50-b1a1-8f3562701c76', 'cab834d9-f539-47b1-a0df-a6ba84c95746', 'cf0ea588-a6ac-4774-95e6-54494a211c06', 'C2', '2026-01-15T04:48:00.060373', '2026-01-15T04:48:00.060373');
INSERT INTO hall_seats (id, cinema_hall_id, seat_type_id, seat_code, created_at, updated_at) VALUES ('258c2079-0171-4b07-8d41-48247e2c391f', 'cab834d9-f539-47b1-a0df-a6ba84c95746', 'cf0ea588-a6ac-4774-95e6-54494a211c06', 'C3', '2026-01-15T04:48:00.060373', '2026-01-15T04:48:00.060373');
INSERT INTO hall_seats (id, cinema_hall_id, seat_type_id, seat_code, created_at, updated_at) VALUES ('a709d396-9177-4e68-970a-ee8998cd6b61', 'cab834d9-f539-47b1-a0df-a6ba84c95746', 'cf0ea588-a6ac-4774-95e6-54494a211c06', 'C4', '2026-01-15T04:48:00.060373', '2026-01-15T04:48:00.060373');
INSERT INTO hall_seats (id, cinema_hall_id, seat_type_id, seat_code, created_at, updated_at) VALUES ('d2ceef1a-c482-4d69-aacd-8a482871e5b5', 'cab834d9-f539-47b1-a0df-a6ba84c95746', 'cf0ea588-a6ac-4774-95e6-54494a211c06', 'C5', '2026-01-15T04:48:00.060373', '2026-01-15T04:48:00.060373');
INSERT INTO hall_seats (id, cinema_hall_id, seat_type_id, seat_code, created_at, updated_at) VALUES ('ca1091fd-cfc3-4e37-9c34-82c192c867b1', 'cab834d9-f539-47b1-a0df-a6ba84c95746', 'cf0ea588-a6ac-4774-95e6-54494a211c06', 'C6', '2026-01-15T04:48:00.060373', '2026-01-15T04:48:00.060373');
INSERT INTO hall_seats (id, cinema_hall_id, seat_type_id, seat_code, created_at, updated_at) VALUES ('8dd5324a-984d-445c-899c-22959365bc10', 'cab834d9-f539-47b1-a0df-a6ba84c95746', 'cf0ea588-a6ac-4774-95e6-54494a211c06', 'C7', '2026-01-15T04:48:00.060373', '2026-01-15T04:48:00.060373');
INSERT INTO hall_seats (id, cinema_hall_id, seat_type_id, seat_code, created_at, updated_at) VALUES ('78f854f1-e0f5-4043-b2bf-1e3aac861621', 'cab834d9-f539-47b1-a0df-a6ba84c95746', 'cf0ea588-a6ac-4774-95e6-54494a211c06', 'C8', '2026-01-15T04:48:00.060373', '2026-01-15T04:48:00.060373');
INSERT INTO hall_seats (id, cinema_hall_id, seat_type_id, seat_code, created_at, updated_at) VALUES ('ae9c1cd7-3cd3-41b8-9aaa-ed08da9145d7', 'cab834d9-f539-47b1-a0df-a6ba84c95746', 'cf0ea588-a6ac-4774-95e6-54494a211c06', 'D1', '2026-01-15T04:48:00.060503', '2026-01-15T04:48:00.060503');
INSERT INTO hall_seats (id, cinema_hall_id, seat_type_id, seat_code, created_at, updated_at) VALUES ('347631a7-0a00-4549-a946-8889ff7159a2', 'cab834d9-f539-47b1-a0df-a6ba84c95746', 'cf0ea588-a6ac-4774-95e6-54494a211c06', 'D2', '2026-01-15T04:48:00.060503', '2026-01-15T04:48:00.060503');
INSERT INTO hall_seats (id, cinema_hall_id, seat_type_id, seat_code, created_at, updated_at) VALUES ('3e4a26fe-74cb-43d5-bb5e-fcb1094ce77d', 'cab834d9-f539-47b1-a0df-a6ba84c95746', 'cf0ea588-a6ac-4774-95e6-54494a211c06', 'D3', '2026-01-15T04:48:00.060503', '2026-01-15T04:48:00.060503');
INSERT INTO hall_seats (id, cinema_hall_id, seat_type_id, seat_code, created_at, updated_at) VALUES ('23d75d4a-ab82-4837-92de-cfd9eb682e6d', 'cab834d9-f539-47b1-a0df-a6ba84c95746', 'cf0ea588-a6ac-4774-95e6-54494a211c06', 'D4', '2026-01-15T04:48:00.060503', '2026-01-15T04:48:00.060503');
INSERT INTO hall_seats (id, cinema_hall_id, seat_type_id, seat_code, created_at, updated_at) VALUES ('93d03b34-c215-4ae4-aff0-f048e005f294', 'cab834d9-f539-47b1-a0df-a6ba84c95746', 'cf0ea588-a6ac-4774-95e6-54494a211c06', 'D5', '2026-01-15T04:48:00.060503', '2026-01-15T04:48:00.060503');
INSERT INTO hall_seats (id, cinema_hall_id, seat_type_id, seat_code, created_at, updated_at) VALUES ('10892425-f8d2-4d76-a52e-41f020992c62', 'cab834d9-f539-47b1-a0df-a6ba84c95746', 'cf0ea588-a6ac-4774-95e6-54494a211c06', 'D6', '2026-01-15T04:48:00.060503', '2026-01-15T04:48:00.060503');
INSERT INTO hall_seats (id, cinema_hall_id, seat_type_id, seat_code, created_at, updated_at) VALUES ('a86a326c-d736-4745-a71f-889dc371e911', 'cab834d9-f539-47b1-a0df-a6ba84c95746', 'cf0ea588-a6ac-4774-95e6-54494a211c06', 'D7', '2026-01-15T04:48:00.060503', '2026-01-15T04:48:00.060503');
INSERT INTO hall_seats (id, cinema_hall_id, seat_type_id, seat_code, created_at, updated_at) VALUES ('6fd8dc53-9fb9-4e38-b381-9d041d372ee5', 'cab834d9-f539-47b1-a0df-a6ba84c95746', 'cf0ea588-a6ac-4774-95e6-54494a211c06', 'D8', '2026-01-15T04:48:00.060503', '2026-01-15T04:48:00.060503');
INSERT INTO hall_seats (id, cinema_hall_id, seat_type_id, seat_code, created_at, updated_at) VALUES ('1b56c9f0-e1a9-40ab-a40a-da889e92fbfe', 'cab834d9-f539-47b1-a0df-a6ba84c95746', 'cf0ea588-a6ac-4774-95e6-54494a211c06', 'E1', '2026-01-15T04:48:00.060608', '2026-01-15T04:48:00.060608');
INSERT INTO hall_seats (id, cinema_hall_id, seat_type_id, seat_code, created_at, updated_at) VALUES ('4e8aed8d-d925-44a0-90b3-c14799a03901', 'cab834d9-f539-47b1-a0df-a6ba84c95746', 'cf0ea588-a6ac-4774-95e6-54494a211c06', 'E2', '2026-01-15T04:48:00.060608', '2026-01-15T04:48:00.060608');
INSERT INTO hall_seats (id, cinema_hall_id, seat_type_id, seat_code, created_at, updated_at) VALUES ('a703fbd8-dafc-4823-85a7-68a5b80511b9', 'cab834d9-f539-47b1-a0df-a6ba84c95746', 'cf0ea588-a6ac-4774-95e6-54494a211c06', 'E3', '2026-01-15T04:48:00.060608', '2026-01-15T04:48:00.060608');
INSERT INTO hall_seats (id, cinema_hall_id, seat_type_id, seat_code, created_at, updated_at) VALUES ('e6855f14-dd1c-4427-b151-57c7c739ce7f', 'cab834d9-f539-47b1-a0df-a6ba84c95746', 'cf0ea588-a6ac-4774-95e6-54494a211c06', 'E4', '2026-01-15T04:48:00.060608', '2026-01-15T04:48:00.060608');
INSERT INTO hall_seats (id, cinema_hall_id, seat_type_id, seat_code, created_at, updated_at) VALUES ('ff715152-195d-4798-a712-721d10ca9e64', 'cab834d9-f539-47b1-a0df-a6ba84c95746', 'cf0ea588-a6ac-4774-95e6-54494a211c06', 'E5', '2026-01-15T04:48:00.060608', '2026-01-15T04:48:00.060608');
INSERT INTO hall_seats (id, cinema_hall_id, seat_type_id, seat_code, created_at, updated_at) VALUES ('ad9e8f1e-7a7d-41cc-a31d-5cfcdf403832', 'cab834d9-f539-47b1-a0df-a6ba84c95746', 'cf0ea588-a6ac-4774-95e6-54494a211c06', 'E6', '2026-01-15T04:48:00.060608', '2026-01-15T04:48:00.060608');
INSERT INTO hall_seats (id, cinema_hall_id, seat_type_id, seat_code, created_at, updated_at) VALUES ('ba30e70e-0ea6-4230-b9f7-8c7c61edb56d', 'cab834d9-f539-47b1-a0df-a6ba84c95746', 'cf0ea588-a6ac-4774-95e6-54494a211c06', 'E7', '2026-01-15T04:48:00.060608', '2026-01-15T04:48:00.060608');
INSERT INTO hall_seats (id, cinema_hall_id, seat_type_id, seat_code, created_at, updated_at) VALUES ('0544cb4b-33f7-4f36-9ff2-b4040dadee6d', 'cab834d9-f539-47b1-a0df-a6ba84c95746', 'cf0ea588-a6ac-4774-95e6-54494a211c06', 'E8', '2026-01-15T04:48:00.060608', '2026-01-15T04:48:00.060608');
INSERT INTO hall_seats (id, cinema_hall_id, seat_type_id, seat_code, created_at, updated_at) VALUES ('cabdb201-d7bb-4424-a217-fcf4a5acbc5b', 'cab834d9-f539-47b1-a0df-a6ba84c95746', 'cf0ea588-a6ac-4774-95e6-54494a211c06', 'F1', '2026-01-15T04:48:00.060719', '2026-01-15T04:48:00.060719');
INSERT INTO hall_seats (id, cinema_hall_id, seat_type_id, seat_code, created_at, updated_at) VALUES ('7d30e48b-c55e-40f9-aca5-968f0b968853', 'cab834d9-f539-47b1-a0df-a6ba84c95746', 'cf0ea588-a6ac-4774-95e6-54494a211c06', 'F2', '2026-01-15T04:48:00.060719', '2026-01-15T04:48:00.060719');
INSERT INTO hall_seats (id, cinema_hall_id, seat_type_id, seat_code, created_at, updated_at) VALUES ('203c39cd-bef0-4b5b-bb6e-f1ce1ccfae5d', 'cab834d9-f539-47b1-a0df-a6ba84c95746', 'cf0ea588-a6ac-4774-95e6-54494a211c06', 'F3', '2026-01-15T04:48:00.060719', '2026-01-15T04:48:00.060719');
INSERT INTO hall_seats (id, cinema_hall_id, seat_type_id, seat_code, created_at, updated_at) VALUES ('fa4803a8-bc3d-49a0-88bb-1fb23e54f6a4', 'cab834d9-f539-47b1-a0df-a6ba84c95746', 'cf0ea588-a6ac-4774-95e6-54494a211c06', 'F4', '2026-01-15T04:48:00.060719', '2026-01-15T04:48:00.060719');
INSERT INTO hall_seats (id, cinema_hall_id, seat_type_id, seat_code, created_at, updated_at) VALUES ('851a9220-68fd-4a9f-bcb8-ad0bab4e5b6f', 'cab834d9-f539-47b1-a0df-a6ba84c95746', 'cf0ea588-a6ac-4774-95e6-54494a211c06', 'F5', '2026-01-15T04:48:00.060719', '2026-01-15T04:48:00.060719');
INSERT INTO hall_seats (id, cinema_hall_id, seat_type_id, seat_code, created_at, updated_at) VALUES ('a0c1b43b-f62e-4e63-b1ac-f48842725cd7', 'cab834d9-f539-47b1-a0df-a6ba84c95746', 'cf0ea588-a6ac-4774-95e6-54494a211c06', 'F6', '2026-01-15T04:48:00.060719', '2026-01-15T04:48:00.060719');
INSERT INTO hall_seats (id, cinema_hall_id, seat_type_id, seat_code, created_at, updated_at) VALUES ('78dc6c2c-4f29-4820-a586-63a7d3b3f773', 'cab834d9-f539-47b1-a0df-a6ba84c95746', 'cf0ea588-a6ac-4774-95e6-54494a211c06', 'F7', '2026-01-15T04:48:00.060719', '2026-01-15T04:48:00.060719');
INSERT INTO hall_seats (id, cinema_hall_id, seat_type_id, seat_code, created_at, updated_at) VALUES ('4abeed04-11ca-4f61-84fd-9647f9ea63dd', 'cab834d9-f539-47b1-a0df-a6ba84c95746', 'cf0ea588-a6ac-4774-95e6-54494a211c06', 'F8', '2026-01-15T04:48:00.060719', '2026-01-15T04:48:00.060719');
INSERT INTO hall_seats (id, cinema_hall_id, seat_type_id, seat_code, created_at, updated_at) VALUES ('a870d042-0e43-4a33-9aa6-3ac5c6a09b51', 'cab834d9-f539-47b1-a0df-a6ba84c95746', '04023e7d-e443-4771-bacd-751aadbb482e', 'G1', '2026-01-15T04:48:00.060847', '2026-01-15T04:48:00.060847');
INSERT INTO hall_seats (id, cinema_hall_id, seat_type_id, seat_code, created_at, updated_at) VALUES ('300921f8-2865-4dba-b6cf-7dcff483d596', 'cab834d9-f539-47b1-a0df-a6ba84c95746', '04023e7d-e443-4771-bacd-751aadbb482e', 'G2', '2026-01-15T04:48:00.060847', '2026-01-15T04:48:00.060847');
INSERT INTO hall_seats (id, cinema_hall_id, seat_type_id, seat_code, created_at, updated_at) VALUES ('3b43ba53-4904-40eb-9d61-82440f8085e2', 'cab834d9-f539-47b1-a0df-a6ba84c95746', '04023e7d-e443-4771-bacd-751aadbb482e', 'G3', '2026-01-15T04:48:00.060847', '2026-01-15T04:48:00.060847');
INSERT INTO hall_seats (id, cinema_hall_id, seat_type_id, seat_code, created_at, updated_at) VALUES ('6600e62c-ce01-46f3-81b1-2846564ecf13', 'cab834d9-f539-47b1-a0df-a6ba84c95746', '04023e7d-e443-4771-bacd-751aadbb482e', 'G4', '2026-01-15T04:48:00.060847', '2026-01-15T04:48:00.060847');
INSERT INTO hall_seats (id, cinema_hall_id, seat_type_id, seat_code, created_at, updated_at) VALUES ('4fa45baf-0ae0-4a21-b918-a76f51060b4f', 'cab834d9-f539-47b1-a0df-a6ba84c95746', '04023e7d-e443-4771-bacd-751aadbb482e', 'G5', '2026-01-15T04:48:00.060847', '2026-01-15T04:48:00.060847');
INSERT INTO hall_seats (id, cinema_hall_id, seat_type_id, seat_code, created_at, updated_at) VALUES ('a35a6801-e80a-42af-a463-2c961535069c', 'cab834d9-f539-47b1-a0df-a6ba84c95746', '04023e7d-e443-4771-bacd-751aadbb482e', 'G6', '2026-01-15T04:48:00.060847', '2026-01-15T04:48:00.060847');
INSERT INTO hall_seats (id, cinema_hall_id, seat_type_id, seat_code, created_at, updated_at) VALUES ('ba29018b-4d7b-418f-95cb-93c46ec110d1', 'cab834d9-f539-47b1-a0df-a6ba84c95746', '04023e7d-e443-4771-bacd-751aadbb482e', 'G7', '2026-01-15T04:48:00.060847', '2026-01-15T04:48:00.060847');
INSERT INTO hall_seats (id, cinema_hall_id, seat_type_id, seat_code, created_at, updated_at) VALUES ('cd769ef8-2e2f-4ed4-bbe8-075e0f543633', 'cab834d9-f539-47b1-a0df-a6ba84c95746', '04023e7d-e443-4771-bacd-751aadbb482e', 'G8', '2026-01-15T04:48:00.060847', '2026-01-15T04:48:00.060847');
INSERT INTO hall_seats (id, cinema_hall_id, seat_type_id, seat_code, created_at, updated_at) VALUES ('97f23b1b-3566-4e73-8ca5-2dd8d461e723', 'cab834d9-f539-47b1-a0df-a6ba84c95746', '04023e7d-e443-4771-bacd-751aadbb482e', 'H1', '2026-01-15T04:48:00.061001', '2026-01-15T04:48:00.061001');
INSERT INTO hall_seats (id, cinema_hall_id, seat_type_id, seat_code, created_at, updated_at) VALUES ('7654e570-6c0a-45dd-a69a-44075e2fa974', 'cab834d9-f539-47b1-a0df-a6ba84c95746', '04023e7d-e443-4771-bacd-751aadbb482e', 'H2', '2026-01-15T04:48:00.061001', '2026-01-15T04:48:00.061001');
INSERT INTO hall_seats (id, cinema_hall_id, seat_type_id, seat_code, created_at, updated_at) VALUES ('c44f790d-a130-4884-beb5-fc984a3ba422', 'cab834d9-f539-47b1-a0df-a6ba84c95746', '04023e7d-e443-4771-bacd-751aadbb482e', 'H3', '2026-01-15T04:48:00.061001', '2026-01-15T04:48:00.061001');
INSERT INTO hall_seats (id, cinema_hall_id, seat_type_id, seat_code, created_at, updated_at) VALUES ('71abf718-b020-41ac-b068-624683c2b69c', 'cab834d9-f539-47b1-a0df-a6ba84c95746', '04023e7d-e443-4771-bacd-751aadbb482e', 'H4', '2026-01-15T04:48:00.061001', '2026-01-15T04:48:00.061001');
INSERT INTO hall_seats (id, cinema_hall_id, seat_type_id, seat_code, created_at, updated_at) VALUES ('db6ebeb5-1506-4c01-97ad-7f1bd5b60523', 'cab834d9-f539-47b1-a0df-a6ba84c95746', '04023e7d-e443-4771-bacd-751aadbb482e', 'H5', '2026-01-15T04:48:00.061001', '2026-01-15T04:48:00.061001');
INSERT INTO hall_seats (id, cinema_hall_id, seat_type_id, seat_code, created_at, updated_at) VALUES ('ae305506-eb9c-4e90-a8f5-152920a81994', 'cab834d9-f539-47b1-a0df-a6ba84c95746', '04023e7d-e443-4771-bacd-751aadbb482e', 'H6', '2026-01-15T04:48:00.061001', '2026-01-15T04:48:00.061001');
INSERT INTO hall_seats (id, cinema_hall_id, seat_type_id, seat_code, created_at, updated_at) VALUES ('5d4fac50-f9dd-4849-b951-540f18cc1b84', 'cab834d9-f539-47b1-a0df-a6ba84c95746', '04023e7d-e443-4771-bacd-751aadbb482e', 'H7', '2026-01-15T04:48:00.061001', '2026-01-15T04:48:00.061001');
INSERT INTO hall_seats (id, cinema_hall_id, seat_type_id, seat_code, created_at, updated_at) VALUES ('97665d21-6c3b-49e2-b26c-b2cf074d1ba2', 'cab834d9-f539-47b1-a0df-a6ba84c95746', '04023e7d-e443-4771-bacd-751aadbb482e', 'H8', '2026-01-15T04:48:00.061001', '2026-01-15T04:48:00.061001');
INSERT INTO hall_seats (id, cinema_hall_id, seat_type_id, seat_code, created_at, updated_at) VALUES ('e5058835-ce27-4446-bce9-758b6bdb59f0', 'cab834d9-f539-47b1-a0df-a6ba84c95746', '25051a14-cd48-48a4-8b94-632c6c5132a0', 'I1', '2026-01-15T04:48:00.061144', '2026-01-15T04:48:00.061144');
INSERT INTO hall_seats (id, cinema_hall_id, seat_type_id, seat_code, created_at, updated_at) VALUES ('6b1fa151-9668-4627-b4d4-7b8c27efe94e', 'cab834d9-f539-47b1-a0df-a6ba84c95746', '25051a14-cd48-48a4-8b94-632c6c5132a0', 'I2', '2026-01-15T04:48:00.061144', '2026-01-15T04:48:00.061144');
INSERT INTO hall_seats (id, cinema_hall_id, seat_type_id, seat_code, created_at, updated_at) VALUES ('1406137d-8cd8-4419-950c-b010f9067219', 'cab834d9-f539-47b1-a0df-a6ba84c95746', '25051a14-cd48-48a4-8b94-632c6c5132a0', 'I3', '2026-01-15T04:48:00.061144', '2026-01-15T04:48:00.061144');
INSERT INTO hall_seats (id, cinema_hall_id, seat_type_id, seat_code, created_at, updated_at) VALUES ('e7571184-a484-40c7-9360-29f42274b141', 'cab834d9-f539-47b1-a0df-a6ba84c95746', '25051a14-cd48-48a4-8b94-632c6c5132a0', 'I4', '2026-01-15T04:48:00.061144', '2026-01-15T04:48:00.061144');
INSERT INTO hall_seats (id, cinema_hall_id, seat_type_id, seat_code, created_at, updated_at) VALUES ('f0230ef0-a5d5-46a5-8caa-a910121034ba', '17b0293c-e4f6-4bec-ab09-f8e6da53166e', 'cf0ea588-a6ac-4774-95e6-54494a211c06', 'A1', '2026-01-15T04:48:00.061224', '2026-01-15T04:48:00.061224');
INSERT INTO hall_seats (id, cinema_hall_id, seat_type_id, seat_code, created_at, updated_at) VALUES ('151fc453-d5bf-4993-b814-9d50bd158fba', '17b0293c-e4f6-4bec-ab09-f8e6da53166e', 'cf0ea588-a6ac-4774-95e6-54494a211c06', 'A2', '2026-01-15T04:48:00.061224', '2026-01-15T04:48:00.061224');
INSERT INTO hall_seats (id, cinema_hall_id, seat_type_id, seat_code, created_at, updated_at) VALUES ('d7f9b349-7539-4ed6-b1d3-13b9c71e8311', '17b0293c-e4f6-4bec-ab09-f8e6da53166e', 'cf0ea588-a6ac-4774-95e6-54494a211c06', 'A3', '2026-01-15T04:48:00.061224', '2026-01-15T04:48:00.061224');
INSERT INTO hall_seats (id, cinema_hall_id, seat_type_id, seat_code, created_at, updated_at) VALUES ('5fe05397-2c95-4d62-9c4d-d11bfd8ba862', '17b0293c-e4f6-4bec-ab09-f8e6da53166e', 'cf0ea588-a6ac-4774-95e6-54494a211c06', 'A4', '2026-01-15T04:48:00.061224', '2026-01-15T04:48:00.061224');
INSERT INTO hall_seats (id, cinema_hall_id, seat_type_id, seat_code, created_at, updated_at) VALUES ('c9a9e37a-f823-4454-8625-df71b01f0212', '17b0293c-e4f6-4bec-ab09-f8e6da53166e', 'cf0ea588-a6ac-4774-95e6-54494a211c06', 'A5', '2026-01-15T04:48:00.061224', '2026-01-15T04:48:00.061224');
INSERT INTO hall_seats (id, cinema_hall_id, seat_type_id, seat_code, created_at, updated_at) VALUES ('77add585-e43d-4bcb-bba4-8f55b5da5538', '17b0293c-e4f6-4bec-ab09-f8e6da53166e', 'cf0ea588-a6ac-4774-95e6-54494a211c06', 'A6', '2026-01-15T04:48:00.061224', '2026-01-15T04:48:00.061224');
INSERT INTO hall_seats (id, cinema_hall_id, seat_type_id, seat_code, created_at, updated_at) VALUES ('c7bad6a2-f4ff-49e0-b23f-d162ed303bde', '17b0293c-e4f6-4bec-ab09-f8e6da53166e', 'cf0ea588-a6ac-4774-95e6-54494a211c06', 'A7', '2026-01-15T04:48:00.061224', '2026-01-15T04:48:00.061224');
INSERT INTO hall_seats (id, cinema_hall_id, seat_type_id, seat_code, created_at, updated_at) VALUES ('851c1641-e1c2-4f07-8682-4a91fe313054', '17b0293c-e4f6-4bec-ab09-f8e6da53166e', 'cf0ea588-a6ac-4774-95e6-54494a211c06', 'A8', '2026-01-15T04:48:00.061224', '2026-01-15T04:48:00.061224');
INSERT INTO hall_seats (id, cinema_hall_id, seat_type_id, seat_code, created_at, updated_at) VALUES ('0de846f0-db02-41b2-be80-be4114a559a0', '17b0293c-e4f6-4bec-ab09-f8e6da53166e', 'cf0ea588-a6ac-4774-95e6-54494a211c06', 'B1', '2026-01-15T04:48:00.061377', '2026-01-15T04:48:00.061377');
INSERT INTO hall_seats (id, cinema_hall_id, seat_type_id, seat_code, created_at, updated_at) VALUES ('b3c49b9d-9ddf-4121-bdf7-fd0d2a9a3948', '17b0293c-e4f6-4bec-ab09-f8e6da53166e', 'cf0ea588-a6ac-4774-95e6-54494a211c06', 'B2', '2026-01-15T04:48:00.061377', '2026-01-15T04:48:00.061377');
INSERT INTO hall_seats (id, cinema_hall_id, seat_type_id, seat_code, created_at, updated_at) VALUES ('db8b59e8-2d61-44ae-8f5b-06c00b899d7b', '17b0293c-e4f6-4bec-ab09-f8e6da53166e', 'cf0ea588-a6ac-4774-95e6-54494a211c06', 'B3', '2026-01-15T04:48:00.061377', '2026-01-15T04:48:00.061377');
INSERT INTO hall_seats (id, cinema_hall_id, seat_type_id, seat_code, created_at, updated_at) VALUES ('3a3e90a4-dd6f-4c6c-a399-3bceb385373d', '17b0293c-e4f6-4bec-ab09-f8e6da53166e', 'cf0ea588-a6ac-4774-95e6-54494a211c06', 'B4', '2026-01-15T04:48:00.061377', '2026-01-15T04:48:00.061377');
INSERT INTO hall_seats (id, cinema_hall_id, seat_type_id, seat_code, created_at, updated_at) VALUES ('640a7c32-10a7-4ccc-902d-96f716f1b941', '17b0293c-e4f6-4bec-ab09-f8e6da53166e', 'cf0ea588-a6ac-4774-95e6-54494a211c06', 'B5', '2026-01-15T04:48:00.061377', '2026-01-15T04:48:00.061377');
INSERT INTO hall_seats (id, cinema_hall_id, seat_type_id, seat_code, created_at, updated_at) VALUES ('ec278a8b-8e52-4e9b-918d-5900e943f6ab', '17b0293c-e4f6-4bec-ab09-f8e6da53166e', 'cf0ea588-a6ac-4774-95e6-54494a211c06', 'B6', '2026-01-15T04:48:00.061377', '2026-01-15T04:48:00.061377');
INSERT INTO hall_seats (id, cinema_hall_id, seat_type_id, seat_code, created_at, updated_at) VALUES ('006f059d-8100-405f-87bf-26671a7001b5', '17b0293c-e4f6-4bec-ab09-f8e6da53166e', 'cf0ea588-a6ac-4774-95e6-54494a211c06', 'B7', '2026-01-15T04:48:00.061377', '2026-01-15T04:48:00.061377');
INSERT INTO hall_seats (id, cinema_hall_id, seat_type_id, seat_code, created_at, updated_at) VALUES ('982472f3-7a38-4446-adcc-6364f0c2a5a0', '17b0293c-e4f6-4bec-ab09-f8e6da53166e', 'cf0ea588-a6ac-4774-95e6-54494a211c06', 'B8', '2026-01-15T04:48:00.061377', '2026-01-15T04:48:00.061377');
INSERT INTO hall_seats (id, cinema_hall_id, seat_type_id, seat_code, created_at, updated_at) VALUES ('eac87439-827b-484e-9b35-567ee5a9d6bc', '17b0293c-e4f6-4bec-ab09-f8e6da53166e', 'cf0ea588-a6ac-4774-95e6-54494a211c06', 'C1', '2026-01-15T04:48:00.061523', '2026-01-15T04:48:00.061523');
INSERT INTO hall_seats (id, cinema_hall_id, seat_type_id, seat_code, created_at, updated_at) VALUES ('4315e532-7947-48c2-a3ec-00cbcef5397c', '17b0293c-e4f6-4bec-ab09-f8e6da53166e', 'cf0ea588-a6ac-4774-95e6-54494a211c06', 'C2', '2026-01-15T04:48:00.061523', '2026-01-15T04:48:00.061523');
INSERT INTO hall_seats (id, cinema_hall_id, seat_type_id, seat_code, created_at, updated_at) VALUES ('bec4aba3-95fc-4b49-9b27-05097993e21d', '17b0293c-e4f6-4bec-ab09-f8e6da53166e', 'cf0ea588-a6ac-4774-95e6-54494a211c06', 'C3', '2026-01-15T04:48:00.061523', '2026-01-15T04:48:00.061523');
INSERT INTO hall_seats (id, cinema_hall_id, seat_type_id, seat_code, created_at, updated_at) VALUES ('760cbab5-66bb-44d7-a21a-230935811356', '17b0293c-e4f6-4bec-ab09-f8e6da53166e', 'cf0ea588-a6ac-4774-95e6-54494a211c06', 'C4', '2026-01-15T04:48:00.061523', '2026-01-15T04:48:00.061523');
INSERT INTO hall_seats (id, cinema_hall_id, seat_type_id, seat_code, created_at, updated_at) VALUES ('583dd752-1d33-45fd-aeb4-3f78ab4224b2', '17b0293c-e4f6-4bec-ab09-f8e6da53166e', 'cf0ea588-a6ac-4774-95e6-54494a211c06', 'C5', '2026-01-15T04:48:00.061523', '2026-01-15T04:48:00.061523');
INSERT INTO hall_seats (id, cinema_hall_id, seat_type_id, seat_code, created_at, updated_at) VALUES ('085fd952-d4ee-43ed-a13c-dad79e7b6219', '17b0293c-e4f6-4bec-ab09-f8e6da53166e', 'cf0ea588-a6ac-4774-95e6-54494a211c06', 'C6', '2026-01-15T04:48:00.061523', '2026-01-15T04:48:00.061523');
INSERT INTO hall_seats (id, cinema_hall_id, seat_type_id, seat_code, created_at, updated_at) VALUES ('bb8c9156-0e54-41fb-b84e-0968ba6fd54c', '17b0293c-e4f6-4bec-ab09-f8e6da53166e', 'cf0ea588-a6ac-4774-95e6-54494a211c06', 'C7', '2026-01-15T04:48:00.061523', '2026-01-15T04:48:00.061523');
INSERT INTO hall_seats (id, cinema_hall_id, seat_type_id, seat_code, created_at, updated_at) VALUES ('99f54b1b-3756-4fea-bfca-f527635bee13', '17b0293c-e4f6-4bec-ab09-f8e6da53166e', 'cf0ea588-a6ac-4774-95e6-54494a211c06', 'C8', '2026-01-15T04:48:00.061523', '2026-01-15T04:48:00.061523');
INSERT INTO hall_seats (id, cinema_hall_id, seat_type_id, seat_code, created_at, updated_at) VALUES ('73d6f1f7-29a3-4527-9a62-3acd8f1d2cec', '17b0293c-e4f6-4bec-ab09-f8e6da53166e', 'cf0ea588-a6ac-4774-95e6-54494a211c06', 'D1', '2026-01-15T04:48:00.061627', '2026-01-15T04:48:00.061627');
INSERT INTO hall_seats (id, cinema_hall_id, seat_type_id, seat_code, created_at, updated_at) VALUES ('36db97ce-eec2-4900-8be0-c5d376bfcacb', '17b0293c-e4f6-4bec-ab09-f8e6da53166e', 'cf0ea588-a6ac-4774-95e6-54494a211c06', 'D2', '2026-01-15T04:48:00.061627', '2026-01-15T04:48:00.061627');
INSERT INTO hall_seats (id, cinema_hall_id, seat_type_id, seat_code, created_at, updated_at) VALUES ('293c4475-71ac-445a-af91-d0bd5db26e64', '17b0293c-e4f6-4bec-ab09-f8e6da53166e', 'cf0ea588-a6ac-4774-95e6-54494a211c06', 'D3', '2026-01-15T04:48:00.061627', '2026-01-15T04:48:00.061627');
INSERT INTO hall_seats (id, cinema_hall_id, seat_type_id, seat_code, created_at, updated_at) VALUES ('7cbbefe9-4dce-45da-9a07-7233df57580e', '17b0293c-e4f6-4bec-ab09-f8e6da53166e', 'cf0ea588-a6ac-4774-95e6-54494a211c06', 'D4', '2026-01-15T04:48:00.061627', '2026-01-15T04:48:00.061627');
INSERT INTO hall_seats (id, cinema_hall_id, seat_type_id, seat_code, created_at, updated_at) VALUES ('91cc68da-3df2-4bf0-a4ef-817f59fa990e', '17b0293c-e4f6-4bec-ab09-f8e6da53166e', 'cf0ea588-a6ac-4774-95e6-54494a211c06', 'D5', '2026-01-15T04:48:00.061627', '2026-01-15T04:48:00.061627');
INSERT INTO hall_seats (id, cinema_hall_id, seat_type_id, seat_code, created_at, updated_at) VALUES ('7dfc614c-c407-46df-a7b5-fa0089988642', '17b0293c-e4f6-4bec-ab09-f8e6da53166e', 'cf0ea588-a6ac-4774-95e6-54494a211c06', 'D6', '2026-01-15T04:48:00.061627', '2026-01-15T04:48:00.061627');
INSERT INTO hall_seats (id, cinema_hall_id, seat_type_id, seat_code, created_at, updated_at) VALUES ('15c93a43-77f4-4c4f-9792-0694ba37073d', '17b0293c-e4f6-4bec-ab09-f8e6da53166e', 'cf0ea588-a6ac-4774-95e6-54494a211c06', 'D7', '2026-01-15T04:48:00.061627', '2026-01-15T04:48:00.061627');
INSERT INTO hall_seats (id, cinema_hall_id, seat_type_id, seat_code, created_at, updated_at) VALUES ('1bee7bdc-4270-48b9-adf2-e87a0170b2f7', '17b0293c-e4f6-4bec-ab09-f8e6da53166e', 'cf0ea588-a6ac-4774-95e6-54494a211c06', 'D8', '2026-01-15T04:48:00.061627', '2026-01-15T04:48:00.061627');
INSERT INTO hall_seats (id, cinema_hall_id, seat_type_id, seat_code, created_at, updated_at) VALUES ('83957492-0319-4cda-9500-568cb0dd353b', '17b0293c-e4f6-4bec-ab09-f8e6da53166e', 'cf0ea588-a6ac-4774-95e6-54494a211c06', 'E1', '2026-01-15T04:48:00.061720', '2026-01-15T04:48:00.061720');
INSERT INTO hall_seats (id, cinema_hall_id, seat_type_id, seat_code, created_at, updated_at) VALUES ('4574581f-e720-4131-b274-663b51b189c3', '17b0293c-e4f6-4bec-ab09-f8e6da53166e', 'cf0ea588-a6ac-4774-95e6-54494a211c06', 'E2', '2026-01-15T04:48:00.061720', '2026-01-15T04:48:00.061720');
INSERT INTO hall_seats (id, cinema_hall_id, seat_type_id, seat_code, created_at, updated_at) VALUES ('9d7a14b1-4744-4aa9-aa15-de657d31fe45', '17b0293c-e4f6-4bec-ab09-f8e6da53166e', 'cf0ea588-a6ac-4774-95e6-54494a211c06', 'E3', '2026-01-15T04:48:00.061720', '2026-01-15T04:48:00.061720');
INSERT INTO hall_seats (id, cinema_hall_id, seat_type_id, seat_code, created_at, updated_at) VALUES ('41af9e65-8bd7-4ea4-a313-7e1e02ffc5b1', '17b0293c-e4f6-4bec-ab09-f8e6da53166e', 'cf0ea588-a6ac-4774-95e6-54494a211c06', 'E4', '2026-01-15T04:48:00.061720', '2026-01-15T04:48:00.061720');
INSERT INTO hall_seats (id, cinema_hall_id, seat_type_id, seat_code, created_at, updated_at) VALUES ('7553d739-828b-4c34-873e-5be6da5bb3d3', '17b0293c-e4f6-4bec-ab09-f8e6da53166e', 'cf0ea588-a6ac-4774-95e6-54494a211c06', 'E5', '2026-01-15T04:48:00.061720', '2026-01-15T04:48:00.061720');
INSERT INTO hall_seats (id, cinema_hall_id, seat_type_id, seat_code, created_at, updated_at) VALUES ('c1eb5326-8121-44a8-8c46-27ff35ead7c4', '17b0293c-e4f6-4bec-ab09-f8e6da53166e', 'cf0ea588-a6ac-4774-95e6-54494a211c06', 'E6', '2026-01-15T04:48:00.061720', '2026-01-15T04:48:00.061720');
INSERT INTO hall_seats (id, cinema_hall_id, seat_type_id, seat_code, created_at, updated_at) VALUES ('be4e514e-ab00-4756-b853-73ef353d20d9', '17b0293c-e4f6-4bec-ab09-f8e6da53166e', 'cf0ea588-a6ac-4774-95e6-54494a211c06', 'E7', '2026-01-15T04:48:00.061720', '2026-01-15T04:48:00.061720');
INSERT INTO hall_seats (id, cinema_hall_id, seat_type_id, seat_code, created_at, updated_at) VALUES ('a00ecbff-8cc4-4931-9b9a-def9f420aa72', '17b0293c-e4f6-4bec-ab09-f8e6da53166e', 'cf0ea588-a6ac-4774-95e6-54494a211c06', 'E8', '2026-01-15T04:48:00.061720', '2026-01-15T04:48:00.061720');
INSERT INTO hall_seats (id, cinema_hall_id, seat_type_id, seat_code, created_at, updated_at) VALUES ('52a63ec4-323b-4297-a093-616d8c4b35ee', '17b0293c-e4f6-4bec-ab09-f8e6da53166e', 'cf0ea588-a6ac-4774-95e6-54494a211c06', 'F1', '2026-01-15T04:48:00.061812', '2026-01-15T04:48:00.061812');
INSERT INTO hall_seats (id, cinema_hall_id, seat_type_id, seat_code, created_at, updated_at) VALUES ('11b5b5f0-fb92-48ea-a713-89fdbdf4099e', '17b0293c-e4f6-4bec-ab09-f8e6da53166e', 'cf0ea588-a6ac-4774-95e6-54494a211c06', 'F2', '2026-01-15T04:48:00.061812', '2026-01-15T04:48:00.061812');
INSERT INTO hall_seats (id, cinema_hall_id, seat_type_id, seat_code, created_at, updated_at) VALUES ('99fe24cb-1464-4789-bbd7-4db037f4acc0', '17b0293c-e4f6-4bec-ab09-f8e6da53166e', 'cf0ea588-a6ac-4774-95e6-54494a211c06', 'F3', '2026-01-15T04:48:00.061812', '2026-01-15T04:48:00.061812');
INSERT INTO hall_seats (id, cinema_hall_id, seat_type_id, seat_code, created_at, updated_at) VALUES ('f81895c6-3c63-44d2-a510-9ceda1a944cd', '17b0293c-e4f6-4bec-ab09-f8e6da53166e', 'cf0ea588-a6ac-4774-95e6-54494a211c06', 'F4', '2026-01-15T04:48:00.061812', '2026-01-15T04:48:00.061812');
INSERT INTO hall_seats (id, cinema_hall_id, seat_type_id, seat_code, created_at, updated_at) VALUES ('4b58a5bf-0ea5-455e-b042-d73f4b90cbcd', '17b0293c-e4f6-4bec-ab09-f8e6da53166e', 'cf0ea588-a6ac-4774-95e6-54494a211c06', 'F5', '2026-01-15T04:48:00.061812', '2026-01-15T04:48:00.061812');
INSERT INTO hall_seats (id, cinema_hall_id, seat_type_id, seat_code, created_at, updated_at) VALUES ('ad1ff153-8943-4a7b-aa19-46b12588d4b7', '17b0293c-e4f6-4bec-ab09-f8e6da53166e', 'cf0ea588-a6ac-4774-95e6-54494a211c06', 'F6', '2026-01-15T04:48:00.061812', '2026-01-15T04:48:00.061812');
INSERT INTO hall_seats (id, cinema_hall_id, seat_type_id, seat_code, created_at, updated_at) VALUES ('89539f2d-066b-4b7b-ac10-b2d6570bebbd', '17b0293c-e4f6-4bec-ab09-f8e6da53166e', 'cf0ea588-a6ac-4774-95e6-54494a211c06', 'F7', '2026-01-15T04:48:00.061812', '2026-01-15T04:48:00.061812');
INSERT INTO hall_seats (id, cinema_hall_id, seat_type_id, seat_code, created_at, updated_at) VALUES ('5916e0ec-906c-4555-b889-3c81c58a31f1', '17b0293c-e4f6-4bec-ab09-f8e6da53166e', 'cf0ea588-a6ac-4774-95e6-54494a211c06', 'F8', '2026-01-15T04:48:00.061812', '2026-01-15T04:48:00.061812');
INSERT INTO hall_seats (id, cinema_hall_id, seat_type_id, seat_code, created_at, updated_at) VALUES ('3d24c691-3256-4545-b04c-b93d931b3e48', '17b0293c-e4f6-4bec-ab09-f8e6da53166e', '04023e7d-e443-4771-bacd-751aadbb482e', 'G1', '2026-01-15T04:48:00.061923', '2026-01-15T04:48:00.061923');
INSERT INTO hall_seats (id, cinema_hall_id, seat_type_id, seat_code, created_at, updated_at) VALUES ('188af67c-85a9-4b3b-9eb4-00e333eb228b', '17b0293c-e4f6-4bec-ab09-f8e6da53166e', '04023e7d-e443-4771-bacd-751aadbb482e', 'G2', '2026-01-15T04:48:00.061923', '2026-01-15T04:48:00.061923');
INSERT INTO hall_seats (id, cinema_hall_id, seat_type_id, seat_code, created_at, updated_at) VALUES ('2fdd1d10-afae-49c8-8a4d-a1bb5a45cff1', '17b0293c-e4f6-4bec-ab09-f8e6da53166e', '04023e7d-e443-4771-bacd-751aadbb482e', 'G3', '2026-01-15T04:48:00.061923', '2026-01-15T04:48:00.061923');
INSERT INTO hall_seats (id, cinema_hall_id, seat_type_id, seat_code, created_at, updated_at) VALUES ('08df0c4e-ed73-4bbd-9c1b-0e0ce0684b96', '17b0293c-e4f6-4bec-ab09-f8e6da53166e', '04023e7d-e443-4771-bacd-751aadbb482e', 'G4', '2026-01-15T04:48:00.061923', '2026-01-15T04:48:00.061923');
INSERT INTO hall_seats (id, cinema_hall_id, seat_type_id, seat_code, created_at, updated_at) VALUES ('19fef54b-b236-4d26-9b39-b5cbe6add11f', '17b0293c-e4f6-4bec-ab09-f8e6da53166e', '04023e7d-e443-4771-bacd-751aadbb482e', 'G5', '2026-01-15T04:48:00.061923', '2026-01-15T04:48:00.061923');
INSERT INTO hall_seats (id, cinema_hall_id, seat_type_id, seat_code, created_at, updated_at) VALUES ('6ce343c5-9102-418e-aee2-58bec1a552f6', '17b0293c-e4f6-4bec-ab09-f8e6da53166e', '04023e7d-e443-4771-bacd-751aadbb482e', 'G6', '2026-01-15T04:48:00.061923', '2026-01-15T04:48:00.061923');
INSERT INTO hall_seats (id, cinema_hall_id, seat_type_id, seat_code, created_at, updated_at) VALUES ('9771c4f2-6c6d-49e5-8297-ee64ea40402e', '17b0293c-e4f6-4bec-ab09-f8e6da53166e', '04023e7d-e443-4771-bacd-751aadbb482e', 'G7', '2026-01-15T04:48:00.061923', '2026-01-15T04:48:00.061923');
INSERT INTO hall_seats (id, cinema_hall_id, seat_type_id, seat_code, created_at, updated_at) VALUES ('d8fbab7a-eed1-4e7a-a080-77e455430d14', '17b0293c-e4f6-4bec-ab09-f8e6da53166e', '04023e7d-e443-4771-bacd-751aadbb482e', 'G8', '2026-01-15T04:48:00.061923', '2026-01-15T04:48:00.061923');
INSERT INTO hall_seats (id, cinema_hall_id, seat_type_id, seat_code, created_at, updated_at) VALUES ('c5c634bb-a1ea-4a47-8831-b9312a58cc3d', '17b0293c-e4f6-4bec-ab09-f8e6da53166e', '04023e7d-e443-4771-bacd-751aadbb482e', 'H1', '2026-01-15T04:48:00.062041', '2026-01-15T04:48:00.062041');
INSERT INTO hall_seats (id, cinema_hall_id, seat_type_id, seat_code, created_at, updated_at) VALUES ('7c330794-f39d-4ca6-b1ee-02ff762808ac', '17b0293c-e4f6-4bec-ab09-f8e6da53166e', '04023e7d-e443-4771-bacd-751aadbb482e', 'H2', '2026-01-15T04:48:00.062041', '2026-01-15T04:48:00.062041');
INSERT INTO hall_seats (id, cinema_hall_id, seat_type_id, seat_code, created_at, updated_at) VALUES ('591984af-0cf7-45d7-875d-769f50deab40', '17b0293c-e4f6-4bec-ab09-f8e6da53166e', '04023e7d-e443-4771-bacd-751aadbb482e', 'H3', '2026-01-15T04:48:00.062041', '2026-01-15T04:48:00.062041');
INSERT INTO hall_seats (id, cinema_hall_id, seat_type_id, seat_code, created_at, updated_at) VALUES ('7d2a63a5-25bc-4dba-83d9-17dd5fe36303', '17b0293c-e4f6-4bec-ab09-f8e6da53166e', '04023e7d-e443-4771-bacd-751aadbb482e', 'H4', '2026-01-15T04:48:00.062041', '2026-01-15T04:48:00.062041');
INSERT INTO hall_seats (id, cinema_hall_id, seat_type_id, seat_code, created_at, updated_at) VALUES ('905c7556-aff0-4000-b676-18cb0962d2dc', '17b0293c-e4f6-4bec-ab09-f8e6da53166e', '04023e7d-e443-4771-bacd-751aadbb482e', 'H5', '2026-01-15T04:48:00.062041', '2026-01-15T04:48:00.062041');
INSERT INTO hall_seats (id, cinema_hall_id, seat_type_id, seat_code, created_at, updated_at) VALUES ('91cdbd2b-5596-425d-b885-6c14548115f3', '17b0293c-e4f6-4bec-ab09-f8e6da53166e', '04023e7d-e443-4771-bacd-751aadbb482e', 'H6', '2026-01-15T04:48:00.062041', '2026-01-15T04:48:00.062041');
INSERT INTO hall_seats (id, cinema_hall_id, seat_type_id, seat_code, created_at, updated_at) VALUES ('2e08d1d7-b39d-4335-9417-c0c98de690e8', '17b0293c-e4f6-4bec-ab09-f8e6da53166e', '04023e7d-e443-4771-bacd-751aadbb482e', 'H7', '2026-01-15T04:48:00.062041', '2026-01-15T04:48:00.062041');
INSERT INTO hall_seats (id, cinema_hall_id, seat_type_id, seat_code, created_at, updated_at) VALUES ('5ede7d7c-f28d-4483-b21b-43b1e6e56763', '17b0293c-e4f6-4bec-ab09-f8e6da53166e', '04023e7d-e443-4771-bacd-751aadbb482e', 'H8', '2026-01-15T04:48:00.062041', '2026-01-15T04:48:00.062041');
INSERT INTO hall_seats (id, cinema_hall_id, seat_type_id, seat_code, created_at, updated_at) VALUES ('77063641-ec4e-402f-8df7-47372c253267', '17b0293c-e4f6-4bec-ab09-f8e6da53166e', '25051a14-cd48-48a4-8b94-632c6c5132a0', 'I1', '2026-01-15T04:48:00.062137', '2026-01-15T04:48:00.062137');
INSERT INTO hall_seats (id, cinema_hall_id, seat_type_id, seat_code, created_at, updated_at) VALUES ('fabbbd92-d2db-4a85-97fc-6ffaca100da6', '17b0293c-e4f6-4bec-ab09-f8e6da53166e', '25051a14-cd48-48a4-8b94-632c6c5132a0', 'I2', '2026-01-15T04:48:00.062137', '2026-01-15T04:48:00.062137');
INSERT INTO hall_seats (id, cinema_hall_id, seat_type_id, seat_code, created_at, updated_at) VALUES ('5f413fb1-ba97-49f9-b3a0-2438427121d8', '17b0293c-e4f6-4bec-ab09-f8e6da53166e', '25051a14-cd48-48a4-8b94-632c6c5132a0', 'I3', '2026-01-15T04:48:00.062137', '2026-01-15T04:48:00.062137');
INSERT INTO hall_seats (id, cinema_hall_id, seat_type_id, seat_code, created_at, updated_at) VALUES ('dae12162-9952-4495-a037-db665f760d83', '17b0293c-e4f6-4bec-ab09-f8e6da53166e', '25051a14-cd48-48a4-8b94-632c6c5132a0', 'I4', '2026-01-15T04:48:00.062137', '2026-01-15T04:48:00.062137');
INSERT INTO hall_seats (id, cinema_hall_id, seat_type_id, seat_code, created_at, updated_at) VALUES ('f9b3f3c6-5592-404d-a0d3-f3b26771a8b1', 'b413cf46-2d80-423c-8003-e171d72fa0c8', 'cf0ea588-a6ac-4774-95e6-54494a211c06', 'A1', '2026-01-15T04:48:00.062185', '2026-01-15T04:48:00.062185');
INSERT INTO hall_seats (id, cinema_hall_id, seat_type_id, seat_code, created_at, updated_at) VALUES ('843fb02b-2f48-4231-8c6b-2c914b6f80de', 'b413cf46-2d80-423c-8003-e171d72fa0c8', 'cf0ea588-a6ac-4774-95e6-54494a211c06', 'A2', '2026-01-15T04:48:00.062185', '2026-01-15T04:48:00.062185');
INSERT INTO hall_seats (id, cinema_hall_id, seat_type_id, seat_code, created_at, updated_at) VALUES ('a7dd3a82-93fc-4dce-920f-237884c16a63', 'b413cf46-2d80-423c-8003-e171d72fa0c8', 'cf0ea588-a6ac-4774-95e6-54494a211c06', 'A3', '2026-01-15T04:48:00.062185', '2026-01-15T04:48:00.062185');
INSERT INTO hall_seats (id, cinema_hall_id, seat_type_id, seat_code, created_at, updated_at) VALUES ('f874e015-34b3-4f58-a7d7-e9ed3f5d3562', 'b413cf46-2d80-423c-8003-e171d72fa0c8', 'cf0ea588-a6ac-4774-95e6-54494a211c06', 'A4', '2026-01-15T04:48:00.062185', '2026-01-15T04:48:00.062185');
INSERT INTO hall_seats (id, cinema_hall_id, seat_type_id, seat_code, created_at, updated_at) VALUES ('90d76c49-17f5-4aaf-b0a2-facd8d4a0871', 'b413cf46-2d80-423c-8003-e171d72fa0c8', 'cf0ea588-a6ac-4774-95e6-54494a211c06', 'A5', '2026-01-15T04:48:00.062185', '2026-01-15T04:48:00.062185');
INSERT INTO hall_seats (id, cinema_hall_id, seat_type_id, seat_code, created_at, updated_at) VALUES ('01b3c30b-9db4-4e3f-a623-19f96651857b', 'b413cf46-2d80-423c-8003-e171d72fa0c8', 'cf0ea588-a6ac-4774-95e6-54494a211c06', 'A6', '2026-01-15T04:48:00.062185', '2026-01-15T04:48:00.062185');
INSERT INTO hall_seats (id, cinema_hall_id, seat_type_id, seat_code, created_at, updated_at) VALUES ('918739f9-befc-40f4-a236-7cdd8ae39c39', 'b413cf46-2d80-423c-8003-e171d72fa0c8', 'cf0ea588-a6ac-4774-95e6-54494a211c06', 'A7', '2026-01-15T04:48:00.062185', '2026-01-15T04:48:00.062185');
INSERT INTO hall_seats (id, cinema_hall_id, seat_type_id, seat_code, created_at, updated_at) VALUES ('85d6dfa6-ba07-413f-b1c5-b15b960283a1', 'b413cf46-2d80-423c-8003-e171d72fa0c8', 'cf0ea588-a6ac-4774-95e6-54494a211c06', 'A8', '2026-01-15T04:48:00.062185', '2026-01-15T04:48:00.062185');
INSERT INTO hall_seats (id, cinema_hall_id, seat_type_id, seat_code, created_at, updated_at) VALUES ('61958611-4d54-47bb-98d6-2627c60c2af2', 'b413cf46-2d80-423c-8003-e171d72fa0c8', 'cf0ea588-a6ac-4774-95e6-54494a211c06', 'B1', '2026-01-15T04:48:00.062292', '2026-01-15T04:48:00.062292');
INSERT INTO hall_seats (id, cinema_hall_id, seat_type_id, seat_code, created_at, updated_at) VALUES ('8433d2dc-fa3f-4437-bf20-89348d5ee434', 'b413cf46-2d80-423c-8003-e171d72fa0c8', 'cf0ea588-a6ac-4774-95e6-54494a211c06', 'B2', '2026-01-15T04:48:00.062292', '2026-01-15T04:48:00.062292');
INSERT INTO hall_seats (id, cinema_hall_id, seat_type_id, seat_code, created_at, updated_at) VALUES ('33133624-ef47-4b2f-b960-6066ecd510d9', 'b413cf46-2d80-423c-8003-e171d72fa0c8', 'cf0ea588-a6ac-4774-95e6-54494a211c06', 'B3', '2026-01-15T04:48:00.062292', '2026-01-15T04:48:00.062292');
INSERT INTO hall_seats (id, cinema_hall_id, seat_type_id, seat_code, created_at, updated_at) VALUES ('8ddae1b4-2faa-46e5-89e9-957cc2258141', 'b413cf46-2d80-423c-8003-e171d72fa0c8', 'cf0ea588-a6ac-4774-95e6-54494a211c06', 'B4', '2026-01-15T04:48:00.062292', '2026-01-15T04:48:00.062292');
INSERT INTO hall_seats (id, cinema_hall_id, seat_type_id, seat_code, created_at, updated_at) VALUES ('fd4daaa8-5e6b-463f-b3b7-109a4d6f60f6', 'b413cf46-2d80-423c-8003-e171d72fa0c8', 'cf0ea588-a6ac-4774-95e6-54494a211c06', 'B5', '2026-01-15T04:48:00.062292', '2026-01-15T04:48:00.062292');
INSERT INTO hall_seats (id, cinema_hall_id, seat_type_id, seat_code, created_at, updated_at) VALUES ('9051d557-f356-400f-a92d-5eaa0b016563', 'b413cf46-2d80-423c-8003-e171d72fa0c8', 'cf0ea588-a6ac-4774-95e6-54494a211c06', 'B6', '2026-01-15T04:48:00.062292', '2026-01-15T04:48:00.062292');
INSERT INTO hall_seats (id, cinema_hall_id, seat_type_id, seat_code, created_at, updated_at) VALUES ('b351286b-954b-45ac-a5d2-5e40308b1e01', 'b413cf46-2d80-423c-8003-e171d72fa0c8', 'cf0ea588-a6ac-4774-95e6-54494a211c06', 'B7', '2026-01-15T04:48:00.062292', '2026-01-15T04:48:00.062292');
INSERT INTO hall_seats (id, cinema_hall_id, seat_type_id, seat_code, created_at, updated_at) VALUES ('488cbc31-fbcd-4259-b902-97302ead7f3f', 'b413cf46-2d80-423c-8003-e171d72fa0c8', 'cf0ea588-a6ac-4774-95e6-54494a211c06', 'B8', '2026-01-15T04:48:00.062292', '2026-01-15T04:48:00.062292');
INSERT INTO hall_seats (id, cinema_hall_id, seat_type_id, seat_code, created_at, updated_at) VALUES ('6a19efa7-865c-4bcc-b337-5d21a9dfd014', 'b413cf46-2d80-423c-8003-e171d72fa0c8', 'cf0ea588-a6ac-4774-95e6-54494a211c06', 'C1', '2026-01-15T04:48:00.062385', '2026-01-15T04:48:00.062385');
INSERT INTO hall_seats (id, cinema_hall_id, seat_type_id, seat_code, created_at, updated_at) VALUES ('f5e61f7f-9529-4d84-a34e-f4ec4a84c806', 'b413cf46-2d80-423c-8003-e171d72fa0c8', 'cf0ea588-a6ac-4774-95e6-54494a211c06', 'C2', '2026-01-15T04:48:00.062385', '2026-01-15T04:48:00.062385');
INSERT INTO hall_seats (id, cinema_hall_id, seat_type_id, seat_code, created_at, updated_at) VALUES ('9d6cc2de-332d-470c-9bab-b5851565306f', 'b413cf46-2d80-423c-8003-e171d72fa0c8', 'cf0ea588-a6ac-4774-95e6-54494a211c06', 'C3', '2026-01-15T04:48:00.062385', '2026-01-15T04:48:00.062385');
INSERT INTO hall_seats (id, cinema_hall_id, seat_type_id, seat_code, created_at, updated_at) VALUES ('d9720042-6908-4296-8a0e-84c70c7281f9', 'b413cf46-2d80-423c-8003-e171d72fa0c8', 'cf0ea588-a6ac-4774-95e6-54494a211c06', 'C4', '2026-01-15T04:48:00.062385', '2026-01-15T04:48:00.062385');
INSERT INTO hall_seats (id, cinema_hall_id, seat_type_id, seat_code, created_at, updated_at) VALUES ('d1f3c72c-067f-4208-8398-5ee5e3e33a34', 'b413cf46-2d80-423c-8003-e171d72fa0c8', 'cf0ea588-a6ac-4774-95e6-54494a211c06', 'C5', '2026-01-15T04:48:00.062385', '2026-01-15T04:48:00.062385');
INSERT INTO hall_seats (id, cinema_hall_id, seat_type_id, seat_code, created_at, updated_at) VALUES ('d215fa61-e0a7-4d2c-8166-7e5ddbf891c7', 'b413cf46-2d80-423c-8003-e171d72fa0c8', 'cf0ea588-a6ac-4774-95e6-54494a211c06', 'C6', '2026-01-15T04:48:00.062385', '2026-01-15T04:48:00.062385');
INSERT INTO hall_seats (id, cinema_hall_id, seat_type_id, seat_code, created_at, updated_at) VALUES ('0c6f5a45-7fb5-43a0-a4c4-2b5c68d88e66', 'b413cf46-2d80-423c-8003-e171d72fa0c8', 'cf0ea588-a6ac-4774-95e6-54494a211c06', 'C7', '2026-01-15T04:48:00.062385', '2026-01-15T04:48:00.062385');
INSERT INTO hall_seats (id, cinema_hall_id, seat_type_id, seat_code, created_at, updated_at) VALUES ('46565801-b701-4e6d-8fa0-65f34d9df55d', 'b413cf46-2d80-423c-8003-e171d72fa0c8', 'cf0ea588-a6ac-4774-95e6-54494a211c06', 'C8', '2026-01-15T04:48:00.062385', '2026-01-15T04:48:00.062385');
INSERT INTO hall_seats (id, cinema_hall_id, seat_type_id, seat_code, created_at, updated_at) VALUES ('a1eb2813-0534-461c-ab2a-06a6a5d4ab6b', 'b413cf46-2d80-423c-8003-e171d72fa0c8', 'cf0ea588-a6ac-4774-95e6-54494a211c06', 'D1', '2026-01-15T04:48:00.062477', '2026-01-15T04:48:00.062477');
INSERT INTO hall_seats (id, cinema_hall_id, seat_type_id, seat_code, created_at, updated_at) VALUES ('26558c97-53d3-4d61-b1c5-e1a9009bcbc4', 'b413cf46-2d80-423c-8003-e171d72fa0c8', 'cf0ea588-a6ac-4774-95e6-54494a211c06', 'D2', '2026-01-15T04:48:00.062477', '2026-01-15T04:48:00.062477');
INSERT INTO hall_seats (id, cinema_hall_id, seat_type_id, seat_code, created_at, updated_at) VALUES ('6ca7f22c-cd29-494b-9b05-1148002aa71d', 'b413cf46-2d80-423c-8003-e171d72fa0c8', 'cf0ea588-a6ac-4774-95e6-54494a211c06', 'D3', '2026-01-15T04:48:00.062477', '2026-01-15T04:48:00.062477');
INSERT INTO hall_seats (id, cinema_hall_id, seat_type_id, seat_code, created_at, updated_at) VALUES ('a345de69-7a23-43c1-9066-6a316672d592', 'b413cf46-2d80-423c-8003-e171d72fa0c8', 'cf0ea588-a6ac-4774-95e6-54494a211c06', 'D4', '2026-01-15T04:48:00.062477', '2026-01-15T04:48:00.062477');
INSERT INTO hall_seats (id, cinema_hall_id, seat_type_id, seat_code, created_at, updated_at) VALUES ('ca6230c8-babb-4d72-9ca1-b3a94cab9b77', 'b413cf46-2d80-423c-8003-e171d72fa0c8', 'cf0ea588-a6ac-4774-95e6-54494a211c06', 'D5', '2026-01-15T04:48:00.062477', '2026-01-15T04:48:00.062477');
INSERT INTO hall_seats (id, cinema_hall_id, seat_type_id, seat_code, created_at, updated_at) VALUES ('44f4e6cd-38c3-4d33-b867-487f5cab06d0', 'b413cf46-2d80-423c-8003-e171d72fa0c8', 'cf0ea588-a6ac-4774-95e6-54494a211c06', 'D6', '2026-01-15T04:48:00.062477', '2026-01-15T04:48:00.062477');
INSERT INTO hall_seats (id, cinema_hall_id, seat_type_id, seat_code, created_at, updated_at) VALUES ('03300ab2-25f1-43a5-b00a-354f5242b5ff', 'b413cf46-2d80-423c-8003-e171d72fa0c8', 'cf0ea588-a6ac-4774-95e6-54494a211c06', 'D7', '2026-01-15T04:48:00.062477', '2026-01-15T04:48:00.062477');
INSERT INTO hall_seats (id, cinema_hall_id, seat_type_id, seat_code, created_at, updated_at) VALUES ('17d2339e-1f15-483a-90ca-6add310b8e2f', 'b413cf46-2d80-423c-8003-e171d72fa0c8', 'cf0ea588-a6ac-4774-95e6-54494a211c06', 'D8', '2026-01-15T04:48:00.062477', '2026-01-15T04:48:00.062477');
INSERT INTO hall_seats (id, cinema_hall_id, seat_type_id, seat_code, created_at, updated_at) VALUES ('4482e219-1185-4e81-8aad-e02eb09195d7', 'b413cf46-2d80-423c-8003-e171d72fa0c8', 'cf0ea588-a6ac-4774-95e6-54494a211c06', 'E1', '2026-01-15T04:48:00.062569', '2026-01-15T04:48:00.062569');
INSERT INTO hall_seats (id, cinema_hall_id, seat_type_id, seat_code, created_at, updated_at) VALUES ('7c26b119-154d-4fb4-a1d0-c3836e9d8a39', 'b413cf46-2d80-423c-8003-e171d72fa0c8', 'cf0ea588-a6ac-4774-95e6-54494a211c06', 'E2', '2026-01-15T04:48:00.062569', '2026-01-15T04:48:00.062569');
INSERT INTO hall_seats (id, cinema_hall_id, seat_type_id, seat_code, created_at, updated_at) VALUES ('3df4b1be-7bca-42cb-a400-5dcdcf6b1583', 'b413cf46-2d80-423c-8003-e171d72fa0c8', 'cf0ea588-a6ac-4774-95e6-54494a211c06', 'E3', '2026-01-15T04:48:00.062569', '2026-01-15T04:48:00.062569');
INSERT INTO hall_seats (id, cinema_hall_id, seat_type_id, seat_code, created_at, updated_at) VALUES ('fc090fff-a1a5-4de8-aeab-8c626c42732f', 'b413cf46-2d80-423c-8003-e171d72fa0c8', 'cf0ea588-a6ac-4774-95e6-54494a211c06', 'E4', '2026-01-15T04:48:00.062569', '2026-01-15T04:48:00.062569');
INSERT INTO hall_seats (id, cinema_hall_id, seat_type_id, seat_code, created_at, updated_at) VALUES ('2830e60b-027b-4a5f-8008-0e99a7442506', 'b413cf46-2d80-423c-8003-e171d72fa0c8', 'cf0ea588-a6ac-4774-95e6-54494a211c06', 'E5', '2026-01-15T04:48:00.062569', '2026-01-15T04:48:00.062569');
INSERT INTO hall_seats (id, cinema_hall_id, seat_type_id, seat_code, created_at, updated_at) VALUES ('2121a6b4-c872-496a-8227-bec886ddd614', 'b413cf46-2d80-423c-8003-e171d72fa0c8', 'cf0ea588-a6ac-4774-95e6-54494a211c06', 'E6', '2026-01-15T04:48:00.062569', '2026-01-15T04:48:00.062569');
INSERT INTO hall_seats (id, cinema_hall_id, seat_type_id, seat_code, created_at, updated_at) VALUES ('f476023b-9d77-4678-bf9a-35630a0e43ee', 'b413cf46-2d80-423c-8003-e171d72fa0c8', 'cf0ea588-a6ac-4774-95e6-54494a211c06', 'E7', '2026-01-15T04:48:00.062569', '2026-01-15T04:48:00.062569');
INSERT INTO hall_seats (id, cinema_hall_id, seat_type_id, seat_code, created_at, updated_at) VALUES ('37ee1c43-8134-4001-ac9c-fd38d30a314f', 'b413cf46-2d80-423c-8003-e171d72fa0c8', 'cf0ea588-a6ac-4774-95e6-54494a211c06', 'E8', '2026-01-15T04:48:00.062569', '2026-01-15T04:48:00.062569');
INSERT INTO hall_seats (id, cinema_hall_id, seat_type_id, seat_code, created_at, updated_at) VALUES ('c8b584ec-1d17-48bb-af9d-e95cc8ce4f4c', 'b413cf46-2d80-423c-8003-e171d72fa0c8', 'cf0ea588-a6ac-4774-95e6-54494a211c06', 'F1', '2026-01-15T04:48:00.062665', '2026-01-15T04:48:00.062665');
INSERT INTO hall_seats (id, cinema_hall_id, seat_type_id, seat_code, created_at, updated_at) VALUES ('ef90a18c-7c84-41aa-a0bd-6a355eefa53f', 'b413cf46-2d80-423c-8003-e171d72fa0c8', 'cf0ea588-a6ac-4774-95e6-54494a211c06', 'F2', '2026-01-15T04:48:00.062665', '2026-01-15T04:48:00.062665');
INSERT INTO hall_seats (id, cinema_hall_id, seat_type_id, seat_code, created_at, updated_at) VALUES ('fc913156-7370-4834-ab90-a28fc647fa5f', 'b413cf46-2d80-423c-8003-e171d72fa0c8', 'cf0ea588-a6ac-4774-95e6-54494a211c06', 'F3', '2026-01-15T04:48:00.062665', '2026-01-15T04:48:00.062665');
INSERT INTO hall_seats (id, cinema_hall_id, seat_type_id, seat_code, created_at, updated_at) VALUES ('f95d7e80-325e-45d4-9e60-56b9c3301cc1', 'b413cf46-2d80-423c-8003-e171d72fa0c8', 'cf0ea588-a6ac-4774-95e6-54494a211c06', 'F4', '2026-01-15T04:48:00.062665', '2026-01-15T04:48:00.062665');
INSERT INTO hall_seats (id, cinema_hall_id, seat_type_id, seat_code, created_at, updated_at) VALUES ('4032d2bd-cf7b-4221-b0a7-1357e191861f', 'b413cf46-2d80-423c-8003-e171d72fa0c8', 'cf0ea588-a6ac-4774-95e6-54494a211c06', 'F5', '2026-01-15T04:48:00.062665', '2026-01-15T04:48:00.062665');
INSERT INTO hall_seats (id, cinema_hall_id, seat_type_id, seat_code, created_at, updated_at) VALUES ('9a73c012-8331-4c93-a9ce-4d250e7af0d9', 'b413cf46-2d80-423c-8003-e171d72fa0c8', 'cf0ea588-a6ac-4774-95e6-54494a211c06', 'F6', '2026-01-15T04:48:00.062665', '2026-01-15T04:48:00.062665');
INSERT INTO hall_seats (id, cinema_hall_id, seat_type_id, seat_code, created_at, updated_at) VALUES ('3e21a8d3-a2a5-4ce9-ac79-f2676fc567d6', 'b413cf46-2d80-423c-8003-e171d72fa0c8', 'cf0ea588-a6ac-4774-95e6-54494a211c06', 'F7', '2026-01-15T04:48:00.062665', '2026-01-15T04:48:00.062665');
INSERT INTO hall_seats (id, cinema_hall_id, seat_type_id, seat_code, created_at, updated_at) VALUES ('a5367385-6937-4d1a-b3fd-5afe4fa50542', 'b413cf46-2d80-423c-8003-e171d72fa0c8', 'cf0ea588-a6ac-4774-95e6-54494a211c06', 'F8', '2026-01-15T04:48:00.062665', '2026-01-15T04:48:00.062665');
INSERT INTO hall_seats (id, cinema_hall_id, seat_type_id, seat_code, created_at, updated_at) VALUES ('768dd4a4-ef96-4a05-bce4-a59bf7e288b7', 'b413cf46-2d80-423c-8003-e171d72fa0c8', '04023e7d-e443-4771-bacd-751aadbb482e', 'G1', '2026-01-15T04:48:00.062763', '2026-01-15T04:48:00.062763');
INSERT INTO hall_seats (id, cinema_hall_id, seat_type_id, seat_code, created_at, updated_at) VALUES ('760c7ed5-e85a-4437-8066-f359952169f0', 'b413cf46-2d80-423c-8003-e171d72fa0c8', '04023e7d-e443-4771-bacd-751aadbb482e', 'G2', '2026-01-15T04:48:00.062763', '2026-01-15T04:48:00.062763');
INSERT INTO hall_seats (id, cinema_hall_id, seat_type_id, seat_code, created_at, updated_at) VALUES ('f3811801-fa39-478f-93a4-b52fedb053c6', 'b413cf46-2d80-423c-8003-e171d72fa0c8', '04023e7d-e443-4771-bacd-751aadbb482e', 'G3', '2026-01-15T04:48:00.062763', '2026-01-15T04:48:00.062763');
INSERT INTO hall_seats (id, cinema_hall_id, seat_type_id, seat_code, created_at, updated_at) VALUES ('9b14c256-6ef1-4e9a-b3cf-7fa00cb0a203', 'b413cf46-2d80-423c-8003-e171d72fa0c8', '04023e7d-e443-4771-bacd-751aadbb482e', 'G4', '2026-01-15T04:48:00.062763', '2026-01-15T04:48:00.062763');
INSERT INTO hall_seats (id, cinema_hall_id, seat_type_id, seat_code, created_at, updated_at) VALUES ('130194b6-5bd3-4c89-8406-034a52e151e3', 'b413cf46-2d80-423c-8003-e171d72fa0c8', '04023e7d-e443-4771-bacd-751aadbb482e', 'G5', '2026-01-15T04:48:00.062763', '2026-01-15T04:48:00.062763');
INSERT INTO hall_seats (id, cinema_hall_id, seat_type_id, seat_code, created_at, updated_at) VALUES ('27e72949-9cb4-4073-b01d-7065dd512f1e', 'b413cf46-2d80-423c-8003-e171d72fa0c8', '04023e7d-e443-4771-bacd-751aadbb482e', 'G6', '2026-01-15T04:48:00.062763', '2026-01-15T04:48:00.062763');
INSERT INTO hall_seats (id, cinema_hall_id, seat_type_id, seat_code, created_at, updated_at) VALUES ('740e6a2b-4512-4945-a340-082348de6eef', 'b413cf46-2d80-423c-8003-e171d72fa0c8', '04023e7d-e443-4771-bacd-751aadbb482e', 'G7', '2026-01-15T04:48:00.062763', '2026-01-15T04:48:00.062763');
INSERT INTO hall_seats (id, cinema_hall_id, seat_type_id, seat_code, created_at, updated_at) VALUES ('142cdbef-2b79-47b1-be47-cdc6c7007258', 'b413cf46-2d80-423c-8003-e171d72fa0c8', '04023e7d-e443-4771-bacd-751aadbb482e', 'G8', '2026-01-15T04:48:00.062763', '2026-01-15T04:48:00.062763');
INSERT INTO hall_seats (id, cinema_hall_id, seat_type_id, seat_code, created_at, updated_at) VALUES ('0d97efc4-27e6-4468-a35f-282a47ea519c', 'b413cf46-2d80-423c-8003-e171d72fa0c8', '04023e7d-e443-4771-bacd-751aadbb482e', 'H1', '2026-01-15T04:48:00.062854', '2026-01-15T04:48:00.062854');
INSERT INTO hall_seats (id, cinema_hall_id, seat_type_id, seat_code, created_at, updated_at) VALUES ('4c1f3c6c-2d25-4553-b189-89851083c7dc', 'b413cf46-2d80-423c-8003-e171d72fa0c8', '04023e7d-e443-4771-bacd-751aadbb482e', 'H2', '2026-01-15T04:48:00.062854', '2026-01-15T04:48:00.062854');
INSERT INTO hall_seats (id, cinema_hall_id, seat_type_id, seat_code, created_at, updated_at) VALUES ('bdd7c70f-c09f-42df-a738-31188341c650', 'b413cf46-2d80-423c-8003-e171d72fa0c8', '04023e7d-e443-4771-bacd-751aadbb482e', 'H3', '2026-01-15T04:48:00.062854', '2026-01-15T04:48:00.062854');
INSERT INTO hall_seats (id, cinema_hall_id, seat_type_id, seat_code, created_at, updated_at) VALUES ('9ec3be20-764a-4d1b-a702-094d2e22bdf1', 'b413cf46-2d80-423c-8003-e171d72fa0c8', '04023e7d-e443-4771-bacd-751aadbb482e', 'H4', '2026-01-15T04:48:00.062854', '2026-01-15T04:48:00.062854');
INSERT INTO hall_seats (id, cinema_hall_id, seat_type_id, seat_code, created_at, updated_at) VALUES ('eb92f67e-ee18-451a-9262-2e9f2e0659b1', 'b413cf46-2d80-423c-8003-e171d72fa0c8', '04023e7d-e443-4771-bacd-751aadbb482e', 'H5', '2026-01-15T04:48:00.062854', '2026-01-15T04:48:00.062854');
INSERT INTO hall_seats (id, cinema_hall_id, seat_type_id, seat_code, created_at, updated_at) VALUES ('053fd10a-7765-4e2a-a686-f585e8a07085', 'b413cf46-2d80-423c-8003-e171d72fa0c8', '04023e7d-e443-4771-bacd-751aadbb482e', 'H6', '2026-01-15T04:48:00.062854', '2026-01-15T04:48:00.062854');
INSERT INTO hall_seats (id, cinema_hall_id, seat_type_id, seat_code, created_at, updated_at) VALUES ('7802d1bf-b386-4fe0-b116-e7c9c176f98a', 'b413cf46-2d80-423c-8003-e171d72fa0c8', '04023e7d-e443-4771-bacd-751aadbb482e', 'H7', '2026-01-15T04:48:00.062854', '2026-01-15T04:48:00.062854');
INSERT INTO hall_seats (id, cinema_hall_id, seat_type_id, seat_code, created_at, updated_at) VALUES ('3e7ef506-1471-40cf-8a28-912ed441adde', 'b413cf46-2d80-423c-8003-e171d72fa0c8', '04023e7d-e443-4771-bacd-751aadbb482e', 'H8', '2026-01-15T04:48:00.062854', '2026-01-15T04:48:00.062854');
INSERT INTO hall_seats (id, cinema_hall_id, seat_type_id, seat_code, created_at, updated_at) VALUES ('bc679530-1a81-4ca3-9661-e594202f0b38', 'b413cf46-2d80-423c-8003-e171d72fa0c8', '25051a14-cd48-48a4-8b94-632c6c5132a0', 'I1', '2026-01-15T04:48:00.062947', '2026-01-15T04:48:00.062947');
INSERT INTO hall_seats (id, cinema_hall_id, seat_type_id, seat_code, created_at, updated_at) VALUES ('11cb4b9d-9f08-4d8e-8f78-4f2e4469412d', 'b413cf46-2d80-423c-8003-e171d72fa0c8', '25051a14-cd48-48a4-8b94-632c6c5132a0', 'I2', '2026-01-15T04:48:00.062947', '2026-01-15T04:48:00.062947');
INSERT INTO hall_seats (id, cinema_hall_id, seat_type_id, seat_code, created_at, updated_at) VALUES ('744da6ec-a6df-40e4-93a5-b121eda89ee5', 'b413cf46-2d80-423c-8003-e171d72fa0c8', '25051a14-cd48-48a4-8b94-632c6c5132a0', 'I3', '2026-01-15T04:48:00.062947', '2026-01-15T04:48:00.062947');
INSERT INTO hall_seats (id, cinema_hall_id, seat_type_id, seat_code, created_at, updated_at) VALUES ('2cacbe5c-09ad-482b-9525-c1ab52529d8a', 'b413cf46-2d80-423c-8003-e171d72fa0c8', '25051a14-cd48-48a4-8b94-632c6c5132a0', 'I4', '2026-01-15T04:48:00.062947', '2026-01-15T04:48:00.062947');
INSERT INTO genres (id, name, created_at, updated_at) VALUES ('0a5fa65a-58bb-4178-a841-4aab577bc373', 'Action', '2026-01-15T04:48:00.063221', '2026-01-15T04:48:00.063221');
INSERT INTO genres (id, name, created_at, updated_at) VALUES ('7b94af7a-0761-4db0-926d-9dc6dec8fa05', 'Adventure', '2026-01-15T04:48:00.063265', '2026-01-15T04:48:00.063265');
INSERT INTO genres (id, name, created_at, updated_at) VALUES ('ed0cfff8-982b-43d8-a66f-e7c31215b779', 'Animation', '2026-01-15T04:48:00.063289', '2026-01-15T04:48:00.063289');
INSERT INTO genres (id, name, created_at, updated_at) VALUES ('7d1f7815-94a0-46d2-9be7-1db0ffa1560b', 'Biography', '2026-01-15T04:48:00.063305', '2026-01-15T04:48:00.063305');
INSERT INTO genres (id, name, created_at, updated_at) VALUES ('6a6b931c-a16a-4521-bf17-614e1cbacead', 'Comedy', '2026-01-15T04:48:00.063323', '2026-01-15T04:48:00.063323');
INSERT INTO genres (id, name, created_at, updated_at) VALUES ('0567445c-b425-43c8-b1a6-5c7af4946a4b', 'Crime', '2026-01-15T04:48:00.063353', '2026-01-15T04:48:00.063353');
INSERT INTO genres (id, name, created_at, updated_at) VALUES ('053ee750-a3a7-47c1-bfd4-a631f41bce2c', 'Documentary', '2026-01-15T04:48:00.063387', '2026-01-15T04:48:00.063387');
INSERT INTO genres (id, name, created_at, updated_at) VALUES ('7a78d58f-edd2-443f-9f60-7cf0679757dc', 'Drama', '2026-01-15T04:48:00.063414', '2026-01-15T04:48:00.063414');
INSERT INTO genres (id, name, created_at, updated_at) VALUES ('6df40ceb-ef2c-444d-a6f8-083e292df445', 'Family', '2026-01-15T04:48:00.063441', '2026-01-15T04:48:00.063441');
INSERT INTO genres (id, name, created_at, updated_at) VALUES ('a1f86aaa-f445-4fe4-87a6-a78ee766436f', 'Fantasy', '2026-01-15T04:48:00.063467', '2026-01-15T04:48:00.063467');
INSERT INTO genres (id, name, created_at, updated_at) VALUES ('654cb674-5786-41fb-a1f2-a118eba38fd9', 'Film Noir', '2026-01-15T04:48:00.063493', '2026-01-15T04:48:00.063493');
INSERT INTO genres (id, name, created_at, updated_at) VALUES ('426dc218-bc7e-4697-9fa3-fdd86180a1a9', 'History', '2026-01-15T04:48:00.063540', '2026-01-15T04:48:00.063540');
INSERT INTO genres (id, name, created_at, updated_at) VALUES ('51dbc946-2554-46cc-b49f-4ea2eec08626', 'Horror', '2026-01-15T04:48:00.063578', '2026-01-15T04:48:00.063578');
INSERT INTO genres (id, name, created_at, updated_at) VALUES ('06bea7fe-0c87-47d5-a825-062d470ce246', 'Music', '2026-01-15T04:48:00.063606', '2026-01-15T04:48:00.063606');
INSERT INTO genres (id, name, created_at, updated_at) VALUES ('2a69e795-83e0-4d9c-9284-160fdb9dd94e', 'Musical', '2026-01-15T04:48:00.063641', '2026-01-15T04:48:00.063641');
INSERT INTO genres (id, name, created_at, updated_at) VALUES ('ac0b629e-74f4-4091-b59d-eebe88176e14', 'Mystery', '2026-01-15T04:48:00.063669', '2026-01-15T04:48:00.063669');
INSERT INTO genres (id, name, created_at, updated_at) VALUES ('207f7f49-dac5-4494-8044-1044f9af27da', 'Romance', '2026-01-15T04:48:00.063695', '2026-01-15T04:48:00.063695');
INSERT INTO genres (id, name, created_at, updated_at) VALUES ('5c9acccd-b906-4557-9429-a1b0ea5520bf', 'Science Fiction', '2026-01-15T04:48:00.063727', '2026-01-15T04:48:00.063727');
INSERT INTO genres (id, name, created_at, updated_at) VALUES ('23546421-08e2-4a41-82f6-f24cb259223f', 'Sport', '2026-01-15T04:48:00.063760', '2026-01-15T04:48:00.063760');
INSERT INTO genres (id, name, created_at, updated_at) VALUES ('5c87796d-60fa-4c6f-9c1c-b2b19c7284b4', 'Thriller', '2026-01-15T04:48:00.063800', '2026-01-15T04:48:00.063800');
INSERT INTO genres (id, name, created_at, updated_at) VALUES ('223becaf-4e6a-48ad-9c10-fdc025de5da9', 'War', '2026-01-15T04:48:00.063826', '2026-01-15T04:48:00.063826');
INSERT INTO genres (id, name, created_at, updated_at) VALUES ('80cdb39c-f314-46cf-9606-4e284464642b', 'Western', '2026-01-15T04:48:00.063849', '2026-01-15T04:48:00.063849');
INSERT INTO movies (id, title, language, projection_start_date, projection_end_date, director_full_name, synopsis, pg_rating, duration_in_minutes, trailer_url, created_at, updated_at) VALUES ('be4c4fcd-19ea-4ed5-92ba-d8d99503ab91', 'Avatar', 'EN', '2026-01-15', '2026-03-02', 'Emma Wilson', 'In the 22nd century, a paraplegic Marine is dispatched to the moon Pandora on a unique mission, but becomes torn between following orders and protecting an alien civilization.', 'PG-13', '162', 'https://www.youtube.com/watch?v=jm2sNLIPPvA', '2026-01-15T04:48:03.577924', '2026-01-15T04:48:03.577924');
INSERT INTO movie_images (id, movie_id, url, type, created_at, updated_at) VALUES ('0e76b367-c6b4-4b9c-aa7f-47dc23317c9a', 'be4c4fcd-19ea-4ed5-92ba-d8d99503ab91', 'https://image.tmdb.org/t/p/w342/gKY6q7SjCkAU6FqvqWybDYgUKIF.jpg', 'poster', '2026-01-15T04:48:03.577924', '2026-01-15T04:48:03.577924');
INSERT INTO movie_images (id, movie_id, url, type, created_at, updated_at) VALUES ('69645ce0-b91b-4c57-82fa-82d4ad619510', 'be4c4fcd-19ea-4ed5-92ba-d8d99503ab91', 'https://image.tmdb.org/t/p/w1280/vL5LR6WdxWPjLPFRLe133jXWsh5.jpg', 'backdrop', '2026-01-15T04:48:03.577924', '2026-01-15T04:48:03.577924');
INSERT INTO movie_images (id, movie_id, url, type, created_at, updated_at) VALUES ('7f9914ea-63d9-4737-8884-e399a6645023', 'be4c4fcd-19ea-4ed5-92ba-d8d99503ab91', 'https://image.tmdb.org/t/p/w300/7JNzw1tSZZEgsBw6lu0VfO2X2Ef.jpg', 'extra', '2026-01-15T04:48:03.577924', '2026-01-15T04:48:03.577924');
INSERT INTO movie_images (id, movie_id, url, type, created_at, updated_at) VALUES ('3c8bba1c-0cf4-4837-9507-3c788c5c663e', 'be4c4fcd-19ea-4ed5-92ba-d8d99503ab91', 'https://image.tmdb.org/t/p/w300/Yc9q6QuWrMp9nuDm5R8ExNqbEq.jpg', 'extra', '2026-01-15T04:48:03.577924', '2026-01-15T04:48:03.577924');
INSERT INTO movie_images (id, movie_id, url, type, created_at, updated_at) VALUES ('ee3985f4-4311-4048-82be-bc83991bc719', 'be4c4fcd-19ea-4ed5-92ba-d8d99503ab91', 'https://image.tmdb.org/t/p/w300/n3a93StkVsLVPiX7sX2HIVXe9Fc.jpg', 'extra', '2026-01-15T04:48:03.577924', '2026-01-15T04:48:03.577924');
INSERT INTO movie_images (id, movie_id, url, type, created_at, updated_at) VALUES ('b4a46e80-6852-4dfe-917f-b0ee82799c5f', 'be4c4fcd-19ea-4ed5-92ba-d8d99503ab91', 'https://image.tmdb.org/t/p/w300/o0s4XsEDfDlvit5pDRKjzXR4pp2.jpg', 'extra', '2026-01-15T04:48:03.577924', '2026-01-15T04:48:03.577924');
INSERT INTO movies (id, title, language, projection_start_date, projection_end_date, director_full_name, synopsis, pg_rating, duration_in_minutes, trailer_url, created_at, updated_at) VALUES ('2a2fd2ea-8c8f-486c-a6c1-f0e819353082', 'Avatar: Fire and Ash', 'EN', '2026-01-15', '2026-03-01', 'Sam Lee', 'In the wake of the devastating war against the RDA and the loss of their eldest son, Jake Sully and Neytiri face a new threat on Pandora: the Ash People, a violent and power-hungry Na''vi tribe led by the ruthless Varang. Jake''s family must fight for their survival and the future of Pandora in a conflict that pushes them to their emotional and physical limits.', 'PG-13', '198', 'https://www.youtube.com/watch?v=Ma1x7ikpid8', '2026-01-15T04:48:12.868603', '2026-01-15T04:48:12.868603');
INSERT INTO movie_images (id, movie_id, url, type, created_at, updated_at) VALUES ('4bbce9be-d44e-47dc-9568-16c3c9c1d247', '2a2fd2ea-8c8f-486c-a6c1-f0e819353082', 'https://image.tmdb.org/t/p/w342/8kknNk7PbOcDUXynUZYZ7EHnKAA.jpg', 'poster', '2026-01-15T04:48:12.868603', '2026-01-15T04:48:12.868603');
INSERT INTO movie_images (id, movie_id, url, type, created_at, updated_at) VALUES ('a8a34396-da60-475e-b8c5-69891ee9c2c4', '2a2fd2ea-8c8f-486c-a6c1-f0e819353082', 'https://image.tmdb.org/t/p/w1280/vm4H1DivjQoNIm0Vs6i3CTzFxQ0.jpg', 'backdrop', '2026-01-15T04:48:12.868603', '2026-01-15T04:48:12.868603');
INSERT INTO movie_images (id, movie_id, url, type, created_at, updated_at) VALUES ('266c17e2-5229-41f0-a04b-031e1dafdef0', '2a2fd2ea-8c8f-486c-a6c1-f0e819353082', 'https://image.tmdb.org/t/p/w300/iN41Ccw4DctL8npfmYg1j5Tr1eb.jpg', 'extra', '2026-01-15T04:48:12.868603', '2026-01-15T04:48:12.868603');
INSERT INTO movie_images (id, movie_id, url, type, created_at, updated_at) VALUES ('7f22459a-3873-4999-8af4-b57988094a0d', '2a2fd2ea-8c8f-486c-a6c1-f0e819353082', 'https://image.tmdb.org/t/p/w300/9QW8bQ0BK4GjtpHPuZvH6cfcBDS.jpg', 'extra', '2026-01-15T04:48:12.868603', '2026-01-15T04:48:12.868603');
INSERT INTO movie_images (id, movie_id, url, type, created_at, updated_at) VALUES ('c0ab23b7-6045-43c2-96ff-e64933fcba04', '2a2fd2ea-8c8f-486c-a6c1-f0e819353082', 'https://image.tmdb.org/t/p/w300/pN3eaCl3sqwrerU8UNdp40F2mK0.jpg', 'extra', '2026-01-15T04:48:12.868603', '2026-01-15T04:48:12.868603');
INSERT INTO movie_images (id, movie_id, url, type, created_at, updated_at) VALUES ('389563a7-332c-4862-b928-25cad0fbebf9', '2a2fd2ea-8c8f-486c-a6c1-f0e819353082', 'https://image.tmdb.org/t/p/w300/jMj0HmnVU2pVEpr3gCNwld3z3cL.jpg', 'extra', '2026-01-15T04:48:12.868603', '2026-01-15T04:48:12.868603');
INSERT INTO movies (id, title, language, projection_start_date, projection_end_date, director_full_name, synopsis, pg_rating, duration_in_minutes, trailer_url, created_at, updated_at) VALUES ('75ea471f-8294-46ef-be37-40ab06fc0dc7', 'Black Phone 2', 'EN', '2026-01-15', '2026-03-12', 'John Doe', 'Four years after escaping The Grabber, Finney Blake is struggling with his life after captivity. When his sister Gwen begins receiving calls in her dreams from the black phone and seeing disturbing visions of three boys being stalked at a winter camp, the siblings become determined to solve the mystery and confront a killer who has grown more powerful in death and more significant to them than either could imagine.', 'PG-13', '114', 'https://www.youtube.com/watch?v=pWNucAcRoBY', '2026-01-15T04:48:19.824446', '2026-01-15T04:48:19.824446');
INSERT INTO movie_images (id, movie_id, url, type, created_at, updated_at) VALUES ('0ccbceac-6f59-44e6-a7bf-3a9a56acbebc', '75ea471f-8294-46ef-be37-40ab06fc0dc7', 'https://image.tmdb.org/t/p/w342/gFddBLQ8wj9M9O82iPzgX5KVNHz.jpg', 'poster', '2026-01-15T04:48:19.824446', '2026-01-15T04:48:19.824446');
INSERT INTO movie_images (id, movie_id, url, type, created_at, updated_at) VALUES ('ecfc4ade-253c-43ed-8214-794d9bfdc972', '75ea471f-8294-46ef-be37-40ab06fc0dc7', 'https://image.tmdb.org/t/p/w1280/6zKjoOOb3OZnZuiHtQZn4Kd69Gq.jpg', 'backdrop', '2026-01-15T04:48:19.824446', '2026-01-15T04:48:19.824446');
INSERT INTO movie_images (id, movie_id, url, type, created_at, updated_at) VALUES ('a8f92697-68bc-444b-9d30-f68a669798f2', '75ea471f-8294-46ef-be37-40ab06fc0dc7', 'https://image.tmdb.org/t/p/w300/oe2TOWykcLSGq67XPH4Bb0N1oU3.jpg', 'extra', '2026-01-15T04:48:19.824446', '2026-01-15T04:48:19.824446');
INSERT INTO movie_images (id, movie_id, url, type, created_at, updated_at) VALUES ('aa83eef5-f1e5-450b-a8d7-4752828f3a02', '75ea471f-8294-46ef-be37-40ab06fc0dc7', 'https://image.tmdb.org/t/p/w300/7QMsQ465YlyCFstLJUeUdpEwNUd.jpg', 'extra', '2026-01-15T04:48:19.824446', '2026-01-15T04:48:19.824446');
INSERT INTO movie_images (id, movie_id, url, type, created_at, updated_at) VALUES ('cd6c147e-4e83-43f4-8914-7ca32cdfe225', '75ea471f-8294-46ef-be37-40ab06fc0dc7', 'https://image.tmdb.org/t/p/w300/GNeuKnbZRZj5JhKfnJOPyKJuVA.jpg', 'extra', '2026-01-15T04:48:19.824446', '2026-01-15T04:48:19.824446');
INSERT INTO movie_images (id, movie_id, url, type, created_at, updated_at) VALUES ('67aa8539-e925-4cde-a065-c10188a22e51', '75ea471f-8294-46ef-be37-40ab06fc0dc7', 'https://image.tmdb.org/t/p/w300/uALtD42siECHdv5pP7mj7I0Tbqs.jpg', 'extra', '2026-01-15T04:48:19.824446', '2026-01-15T04:48:19.824446');
INSERT INTO movies (id, title, language, projection_start_date, projection_end_date, director_full_name, synopsis, pg_rating, duration_in_minutes, trailer_url, created_at, updated_at) VALUES ('e4232a9c-3eeb-48fa-ae62-9f4457857ae3', 'Afterburn', 'EN', '2026-01-15', '2026-03-14', 'Emma Wilson', 'Set against the backdrop of a postapocalyptic Earth whose Eastern Hemisphere was destroyed by a massive solar flare, leaving what life remains mutated from radiation and fallout. The story revolves around a group of treasure hunters who extract such objects as the Mona Lisa, the Rosetta Stone and the Crown Jewels while facing rival hunters, mutants and pirates.', 'PG-13', '105', 'https://www.youtube.com/watch?v=ZkEjle729tI', '2026-01-15T04:48:24.046355', '2026-01-15T04:48:24.046355');
INSERT INTO movie_images (id, movie_id, url, type, created_at, updated_at) VALUES ('33400b2b-0be1-4d02-8177-7a095b9fd5a6', 'e4232a9c-3eeb-48fa-ae62-9f4457857ae3', 'https://image.tmdb.org/t/p/w342/hrze9JXp2QJpc2WjLfSUtRxyYSb.jpg', 'poster', '2026-01-15T04:48:24.046355', '2026-01-15T04:48:24.046355');
INSERT INTO movie_images (id, movie_id, url, type, created_at, updated_at) VALUES ('c45fde0e-4773-4e9f-9165-270ea6bd1d36', 'e4232a9c-3eeb-48fa-ae62-9f4457857ae3', 'https://image.tmdb.org/t/p/w1280/kHOfxq7cMTXyLbj0UmdoGhT540O.jpg', 'backdrop', '2026-01-15T04:48:24.046355', '2026-01-15T04:48:24.046355');
INSERT INTO movie_images (id, movie_id, url, type, created_at, updated_at) VALUES ('1b086151-6862-42f2-9acd-f154fd2c6560', 'e4232a9c-3eeb-48fa-ae62-9f4457857ae3', 'https://image.tmdb.org/t/p/w300/ksIvbukEg9ivqr94K8ocyPHA81I.jpg', 'extra', '2026-01-15T04:48:24.046355', '2026-01-15T04:48:24.046355');
INSERT INTO movie_images (id, movie_id, url, type, created_at, updated_at) VALUES ('a30d60d0-f5f0-486a-864c-b5c8c6c0935d', 'e4232a9c-3eeb-48fa-ae62-9f4457857ae3', 'https://image.tmdb.org/t/p/w300/3iA0SNHSj8bU6FK6E8lKd1nrpCj.jpg', 'extra', '2026-01-15T04:48:24.046355', '2026-01-15T04:48:24.046355');
INSERT INTO movie_images (id, movie_id, url, type, created_at, updated_at) VALUES ('2d055526-bcaf-46fe-992e-cc8f80d7c4a2', 'e4232a9c-3eeb-48fa-ae62-9f4457857ae3', 'https://image.tmdb.org/t/p/w300/xqE7zgzeXL4MXI9dgI2giw2q4st.jpg', 'extra', '2026-01-15T04:48:24.046355', '2026-01-15T04:48:24.046355');
INSERT INTO movie_images (id, movie_id, url, type, created_at, updated_at) VALUES ('acf60663-e9ca-4bf6-befe-cadd4d6cbd15', 'e4232a9c-3eeb-48fa-ae62-9f4457857ae3', 'https://image.tmdb.org/t/p/w300/3pDWEFQHBSQhLGVwRMWs7vdQtE.jpg', 'extra', '2026-01-15T04:48:24.046355', '2026-01-15T04:48:24.046355');
INSERT INTO movies (id, title, language, projection_start_date, projection_end_date, director_full_name, synopsis, pg_rating, duration_in_minutes, trailer_url, created_at, updated_at) VALUES ('21c3402b-d663-47e7-b2c8-b04f11674791', 'Dune', 'EN', '2026-01-15', '2026-02-18', 'Emma Wilson', 'Paul Atreides, a brilliant and gifted young man born into a great destiny beyond his understanding, must travel to the most dangerous planet in the universe to ensure the future of his family and his people. As malevolent forces explode into conflict over the planet''s exclusive supply of the most precious resource in existence-a commodity capable of unlocking humanity''s greatest potential-only those who can conquer their fear will survive.', 'PG-13', '155', 'https://www.youtube.com/watch?v=w0HgHet0sxg', '2026-01-15T04:48:28.053163', '2026-01-15T04:48:28.053163');
INSERT INTO movie_images (id, movie_id, url, type, created_at, updated_at) VALUES ('a0d78cca-157f-4d2e-baed-30a2a56ef0e8', '21c3402b-d663-47e7-b2c8-b04f11674791', 'https://image.tmdb.org/t/p/w342/d5NXSklXo0qyIYkgV94XAgMIckC.jpg', 'poster', '2026-01-15T04:48:28.053163', '2026-01-15T04:48:28.053163');
INSERT INTO movie_images (id, movie_id, url, type, created_at, updated_at) VALUES ('23ca1482-538e-462f-ac1d-d3c63f15b327', '21c3402b-d663-47e7-b2c8-b04f11674791', 'https://image.tmdb.org/t/p/w1280/h61Kc0NC7d90jNwXfBx5js7DnSQ.jpg', 'backdrop', '2026-01-15T04:48:28.053163', '2026-01-15T04:48:28.053163');
INSERT INTO movie_images (id, movie_id, url, type, created_at, updated_at) VALUES ('40524ce5-b40d-4516-bda0-a6f8f4685101', '21c3402b-d663-47e7-b2c8-b04f11674791', 'https://image.tmdb.org/t/p/w300/jYEW5xZkZk2WTrdbMGAPFuBqbDc.jpg', 'extra', '2026-01-15T04:48:28.053163', '2026-01-15T04:48:28.053163');
INSERT INTO movie_images (id, movie_id, url, type, created_at, updated_at) VALUES ('bd7cbc8a-0813-4743-8713-9c25f36bb450', '21c3402b-d663-47e7-b2c8-b04f11674791', 'https://image.tmdb.org/t/p/w300/wYMbnrdRCREjNLwFlG5SLWzBjui.jpg', 'extra', '2026-01-15T04:48:28.053163', '2026-01-15T04:48:28.053163');
INSERT INTO movie_images (id, movie_id, url, type, created_at, updated_at) VALUES ('f0dde0c0-2b8c-411a-8013-5f1a03fabffb', '21c3402b-d663-47e7-b2c8-b04f11674791', 'https://image.tmdb.org/t/p/w300/zRKQW58MBEY078AxkHxEJzUskCl.jpg', 'extra', '2026-01-15T04:48:28.053163', '2026-01-15T04:48:28.053163');
INSERT INTO movie_images (id, movie_id, url, type, created_at, updated_at) VALUES ('77393984-8557-42e5-a587-e25dbfb7be59', '21c3402b-d663-47e7-b2c8-b04f11674791', 'https://image.tmdb.org/t/p/w300/lzWHmYdfeFiMIY4JaMmtR7GEli3.jpg', 'extra', '2026-01-15T04:48:28.053163', '2026-01-15T04:48:28.053163');
INSERT INTO movies (id, title, language, projection_start_date, projection_end_date, director_full_name, synopsis, pg_rating, duration_in_minutes, trailer_url, created_at, updated_at) VALUES ('e748d106-7618-4aa2-8a2f-5cafdb4145db', 'War of the Worlds', 'EN', '2026-01-15', '2026-02-28', 'Alex Johnson', 'Will Radford is a top analyst for Homeland Security who tracks potential threats through a mass surveillance program, until one day an attack by an unknown entity leads him to question whether the government is hiding something from him... and from the rest of the world.', 'PG-13', '91', 'https://www.youtube.com/watch?v=d9erkpdh5o0', '2026-01-15T04:48:31.959764', '2026-01-15T04:48:31.959764');
INSERT INTO movie_images (id, movie_id, url, type, created_at, updated_at) VALUES ('bdebca7a-8f7d-4a3e-98d0-6634f678a1cf', 'e748d106-7618-4aa2-8a2f-5cafdb4145db', 'https://image.tmdb.org/t/p/w342/yvirUYrva23IudARHn3mMGVxWqM.jpg', 'poster', '2026-01-15T04:48:31.959764', '2026-01-15T04:48:31.959764');
INSERT INTO movie_images (id, movie_id, url, type, created_at, updated_at) VALUES ('893ac8f0-c1be-4362-b6e0-3fd5b01baddf', 'e748d106-7618-4aa2-8a2f-5cafdb4145db', 'https://image.tmdb.org/t/p/w1280/iZLqwEwUViJdSkGVjePGhxYzbDb.jpg', 'backdrop', '2026-01-15T04:48:31.959764', '2026-01-15T04:48:31.959764');
INSERT INTO movie_images (id, movie_id, url, type, created_at, updated_at) VALUES ('e986622c-ea65-40ab-b6b6-ccb1f040bdd7', 'e748d106-7618-4aa2-8a2f-5cafdb4145db', 'https://image.tmdb.org/t/p/w300/f2T5LlY8EPvmgtBVvOra8H2GvlQ.jpg', 'extra', '2026-01-15T04:48:31.959764', '2026-01-15T04:48:31.959764');
INSERT INTO movie_images (id, movie_id, url, type, created_at, updated_at) VALUES ('b6aba5d9-7ecb-490d-892c-a7e334b00ce0', 'e748d106-7618-4aa2-8a2f-5cafdb4145db', 'https://image.tmdb.org/t/p/w300/kqHypb4MdEBUFiphf49bK99T4cn.jpg', 'extra', '2026-01-15T04:48:31.959764', '2026-01-15T04:48:31.959764');
INSERT INTO movie_images (id, movie_id, url, type, created_at, updated_at) VALUES ('05acdd71-93cc-4080-b730-254c70690adb', 'e748d106-7618-4aa2-8a2f-5cafdb4145db', 'https://image.tmdb.org/t/p/w300/l2D8XPcANYIM7DJ4e9XYymzZovT.jpg', 'extra', '2026-01-15T04:48:31.959764', '2026-01-15T04:48:31.959764');
INSERT INTO movie_images (id, movie_id, url, type, created_at, updated_at) VALUES ('5b9a38be-b13e-47b5-8ebd-ca719f42b8bf', 'e748d106-7618-4aa2-8a2f-5cafdb4145db', 'https://image.tmdb.org/t/p/w300/ceaS9zOX4GJPzZeUgsnjRy9JKck.jpg', 'extra', '2026-01-15T04:48:31.959764', '2026-01-15T04:48:31.959764');
INSERT INTO movies (id, title, language, projection_start_date, projection_end_date, director_full_name, synopsis, pg_rating, duration_in_minutes, trailer_url, created_at, updated_at) VALUES ('3925b907-338a-434c-ac84-97ce8b901b57', 'Now You See Me: Now You Don''t', 'EN', '2026-01-15', '2026-03-06', 'Emma Wilson', 'The original Four Horsemen reunite with a new generation of illusionists to take on powerful diamond heiress Veronika Vanderberg, who leads a criminal empire built on money laundering and trafficking. The new and old magicians must overcome their differences to work together on their most ambitious heist yet.', 'PG-13', '113', 'https://www.youtube.com/watch?v=lLWESUfW-0A', '2026-01-15T04:48:36.880641', '2026-01-15T04:48:36.880641');
INSERT INTO movie_images (id, movie_id, url, type, created_at, updated_at) VALUES ('9facc2a0-0358-43e6-ae62-5c7738124e2c', '3925b907-338a-434c-ac84-97ce8b901b57', 'https://image.tmdb.org/t/p/w342/xUddC5HTjMWmClD007QBWR0BLHY.jpg', 'poster', '2026-01-15T04:48:36.880641', '2026-01-15T04:48:36.880641');
INSERT INTO movie_images (id, movie_id, url, type, created_at, updated_at) VALUES ('8ab15036-0d4f-4989-a642-3671ab557beb', '3925b907-338a-434c-ac84-97ce8b901b57', 'https://image.tmdb.org/t/p/w1280/ufqytAlziHq5pljKByGJ8IKhtEZ.jpg', 'backdrop', '2026-01-15T04:48:36.880641', '2026-01-15T04:48:36.880641');
INSERT INTO movie_images (id, movie_id, url, type, created_at, updated_at) VALUES ('e53b8485-c402-40e9-94b2-7d24a6007767', '3925b907-338a-434c-ac84-97ce8b901b57', 'https://image.tmdb.org/t/p/w300/dHSz0tSFuO2CsXJ1CApSauP9Ncl.jpg', 'extra', '2026-01-15T04:48:36.880641', '2026-01-15T04:48:36.880641');
INSERT INTO movie_images (id, movie_id, url, type, created_at, updated_at) VALUES ('ab8485c8-3d04-4b94-8161-cbc9d6857308', '3925b907-338a-434c-ac84-97ce8b901b57', 'https://image.tmdb.org/t/p/w300/dL0rr15VD5JbI3XTWlItwJGuLWS.jpg', 'extra', '2026-01-15T04:48:36.880641', '2026-01-15T04:48:36.880641');
INSERT INTO movie_images (id, movie_id, url, type, created_at, updated_at) VALUES ('4e76f9dd-7b05-41c8-8993-f4973c93d9eb', '3925b907-338a-434c-ac84-97ce8b901b57', 'https://image.tmdb.org/t/p/w300/oCl3vWqU10qH9dbL5H0fjBGGUJj.jpg', 'extra', '2026-01-15T04:48:36.880641', '2026-01-15T04:48:36.880641');
INSERT INTO movie_images (id, movie_id, url, type, created_at, updated_at) VALUES ('e28fcc42-71de-4c4b-bf5b-0f459f2b0665', '3925b907-338a-434c-ac84-97ce8b901b57', 'https://image.tmdb.org/t/p/w300/hfwzCPUjsCeEKmo9ch5uFmrjRbx.jpg', 'extra', '2026-01-15T04:48:36.880641', '2026-01-15T04:48:36.880641');
INSERT INTO movies (id, title, language, projection_start_date, projection_end_date, director_full_name, synopsis, pg_rating, duration_in_minutes, trailer_url, created_at, updated_at) VALUES ('29b5d409-e7e4-45c8-b53d-8a2228813900', 'Frankenstein', 'EN', '2026-01-15', '2026-03-21', 'Emma Wilson', 'Dr. Victor Frankenstein, a brilliant but egotistical scientist, brings a creature to life in a monstrous experiment that ultimately leads to the undoing of both the creator and his tragic creation.', 'PG-13', '150', 'https://www.youtube.com/watch?v=9WZllcEgWrM', '2026-01-15T04:48:41.058118', '2026-01-15T04:48:41.058118');
INSERT INTO movie_images (id, movie_id, url, type, created_at, updated_at) VALUES ('bbf6b80f-3069-44be-a939-38a8b52d6232', '29b5d409-e7e4-45c8-b53d-8a2228813900', 'https://image.tmdb.org/t/p/w342/g4JtvGlQO7DByTI6frUobqvSL3R.jpg', 'poster', '2026-01-15T04:48:41.058118', '2026-01-15T04:48:41.058118');
INSERT INTO movie_images (id, movie_id, url, type, created_at, updated_at) VALUES ('9bb7d480-21ae-45b5-934b-172a0133389c', '29b5d409-e7e4-45c8-b53d-8a2228813900', 'https://image.tmdb.org/t/p/w1280/ceyakefyCRAgyeFhefa2bz6d9QO.jpg', 'backdrop', '2026-01-15T04:48:41.058118', '2026-01-15T04:48:41.058118');
INSERT INTO movie_images (id, movie_id, url, type, created_at, updated_at) VALUES ('39a25ec9-b340-4495-8732-c360ee3a1ea9', '29b5d409-e7e4-45c8-b53d-8a2228813900', 'https://image.tmdb.org/t/p/w300/hpXBJxLD2SEf8l2CspmSeiHrBKX.jpg', 'extra', '2026-01-15T04:48:41.058118', '2026-01-15T04:48:41.058118');
INSERT INTO movie_images (id, movie_id, url, type, created_at, updated_at) VALUES ('6f32b28a-824d-4eb3-8e25-1eed56839905', '29b5d409-e7e4-45c8-b53d-8a2228813900', 'https://image.tmdb.org/t/p/w300/vrjRcY43fHBNQqx0El0ZZzo7HZb.jpg', 'extra', '2026-01-15T04:48:41.058118', '2026-01-15T04:48:41.058118');
INSERT INTO movie_images (id, movie_id, url, type, created_at, updated_at) VALUES ('07bd06ba-518c-48ea-94d2-fb491e140ea0', '29b5d409-e7e4-45c8-b53d-8a2228813900', 'https://image.tmdb.org/t/p/w300/sy7Y4jCDsGPCzoQIEmxqAgPjAgr.jpg', 'extra', '2026-01-15T04:48:41.058118', '2026-01-15T04:48:41.058118');
INSERT INTO movie_images (id, movie_id, url, type, created_at, updated_at) VALUES ('fcf531d2-0048-42f6-aa7d-c4b0db2cb9d0', '29b5d409-e7e4-45c8-b53d-8a2228813900', 'https://image.tmdb.org/t/p/w300/i9JWf8ivhykQzQZNwp2qdwExdhd.jpg', 'extra', '2026-01-15T04:48:41.058118', '2026-01-15T04:48:41.058118');
INSERT INTO movies (id, title, language, projection_start_date, projection_end_date, director_full_name, synopsis, pg_rating, duration_in_minutes, trailer_url, created_at, updated_at) VALUES ('b337a662-b22a-4a47-a22b-a45881dcc6b3', 'Jurassic World Rebirth', 'EN', '2026-01-15', '2026-03-29', 'John Doe', 'Five years after the events of Jurassic World Dominion, covert operations expert Zora Bennett is contracted to lead a skilled team on a top-secret mission to secure genetic material from the world''s three most massive dinosaurs. When Zora''s operation intersects with a civilian family whose boating expedition was capsized, they all find themselves stranded on an island where they come face-to-face with a sinister, shocking discovery that''s been hidden from the world for decades.', 'PG-13', '134', 'https://www.youtube.com/watch?v=2ZhB-YO5Tnk', '2026-01-15T04:48:45.101759', '2026-01-15T04:48:45.101759');
INSERT INTO movie_images (id, movie_id, url, type, created_at, updated_at) VALUES ('07d45398-7d33-4c9a-8195-800b57760e88', 'b337a662-b22a-4a47-a22b-a45881dcc6b3', 'https://image.tmdb.org/t/p/w342/zuEC2i3I2P7QIcLoUJNBwqRYO4S.jpg', 'poster', '2026-01-15T04:48:45.101759', '2026-01-15T04:48:45.101759');
INSERT INTO movie_images (id, movie_id, url, type, created_at, updated_at) VALUES ('4ca8b9d8-87b8-479b-944a-351de7a667a0', 'b337a662-b22a-4a47-a22b-a45881dcc6b3', 'https://image.tmdb.org/t/p/w1280/zVQE3N96tzPZqcB0Gmiq3Z0NOQL.jpg', 'backdrop', '2026-01-15T04:48:45.101759', '2026-01-15T04:48:45.101759');
INSERT INTO movie_images (id, movie_id, url, type, created_at, updated_at) VALUES ('e2d866f0-1a73-4147-8557-02619ab8a235', 'b337a662-b22a-4a47-a22b-a45881dcc6b3', 'https://image.tmdb.org/t/p/w300/fQOV47FHTJdaSuSUNlzP3zXUZWE.jpg', 'extra', '2026-01-15T04:48:45.101759', '2026-01-15T04:48:45.101759');
INSERT INTO movie_images (id, movie_id, url, type, created_at, updated_at) VALUES ('5ded3896-755b-40f1-a4b5-32feea02a7d9', 'b337a662-b22a-4a47-a22b-a45881dcc6b3', 'https://image.tmdb.org/t/p/w300/fncHijpWjitFBmj7SX5z148XEhP.jpg', 'extra', '2026-01-15T04:48:45.101759', '2026-01-15T04:48:45.101759');
INSERT INTO movie_images (id, movie_id, url, type, created_at, updated_at) VALUES ('a9313372-9dfe-4c83-b05b-1a2c1f3cab5d', 'b337a662-b22a-4a47-a22b-a45881dcc6b3', 'https://image.tmdb.org/t/p/w300/zNriRTr0kWwyaXPzdg1EIxf0BWk.jpg', 'extra', '2026-01-15T04:48:45.101759', '2026-01-15T04:48:45.101759');
INSERT INTO movie_images (id, movie_id, url, type, created_at, updated_at) VALUES ('5a774974-68dd-4733-8adc-08176f5385f7', 'b337a662-b22a-4a47-a22b-a45881dcc6b3', 'https://image.tmdb.org/t/p/w300/8fA0Gr4vJNPOd0jyqWKU7ef8DoH.jpg', 'extra', '2026-01-15T04:48:45.101759', '2026-01-15T04:48:45.101759');
INSERT INTO movies (id, title, language, projection_start_date, projection_end_date, director_full_name, synopsis, pg_rating, duration_in_minutes, trailer_url, created_at, updated_at) VALUES ('d368c5ac-fce7-4c93-833e-f6fcb80b4b12', 'One Battle After Another', 'EN', '2026-01-15', '2026-02-15', 'Chris Taylor', 'Washed-up revolutionary Bob exists in a state of stoned paranoia, surviving off-grid with his spirited, self-reliant daughter, Willa. When his evil nemesis resurfaces after 16 years and she goes missing, the former radical scrambles to find her, father and daughter both battling the consequences of his past.', 'PG-13', '162', 'https://www.youtube.com/watch?v=u6GVb4p7oD4', '2026-01-15T04:48:49.632466', '2026-01-15T04:48:49.632466');
INSERT INTO movie_images (id, movie_id, url, type, created_at, updated_at) VALUES ('afc1c452-89b8-4536-9c67-97775e843856', 'd368c5ac-fce7-4c93-833e-f6fcb80b4b12', 'https://image.tmdb.org/t/p/w342/mPKI17bw3qbv9h5wbrpUAlbanjw.jpg', 'poster', '2026-01-15T04:48:49.632466', '2026-01-15T04:48:49.632466');
INSERT INTO movie_images (id, movie_id, url, type, created_at, updated_at) VALUES ('186c5a39-2ded-4838-bc8f-a9a705fa5870', 'd368c5ac-fce7-4c93-833e-f6fcb80b4b12', 'https://image.tmdb.org/t/p/w1280/zpEWFNqoN8Qg1SzMMHmaGyOBTdW.jpg', 'backdrop', '2026-01-15T04:48:49.632466', '2026-01-15T04:48:49.632466');
INSERT INTO movie_images (id, movie_id, url, type, created_at, updated_at) VALUES ('ac88415a-02ba-44aa-9d79-794b20636aad', 'd368c5ac-fce7-4c93-833e-f6fcb80b4b12', 'https://image.tmdb.org/t/p/w300/nyvyWsZJkqtHJ0SLVOoWc141cEg.jpg', 'extra', '2026-01-15T04:48:49.632466', '2026-01-15T04:48:49.632466');
INSERT INTO movie_images (id, movie_id, url, type, created_at, updated_at) VALUES ('18db5f11-5255-4fc2-86b4-86b22bde5ade', 'd368c5ac-fce7-4c93-833e-f6fcb80b4b12', 'https://image.tmdb.org/t/p/w300/si68lkhkMfIospVeLEBtl7HWKDh.jpg', 'extra', '2026-01-15T04:48:49.632466', '2026-01-15T04:48:49.632466');
INSERT INTO movie_images (id, movie_id, url, type, created_at, updated_at) VALUES ('d7472e45-a35b-45c1-bc20-fcf23d3f3c9d', 'd368c5ac-fce7-4c93-833e-f6fcb80b4b12', 'https://image.tmdb.org/t/p/w300/nIX9kqNNe4ERx3wg3TuzRa2deAM.jpg', 'extra', '2026-01-15T04:48:49.632466', '2026-01-15T04:48:49.632466');
INSERT INTO movie_images (id, movie_id, url, type, created_at, updated_at) VALUES ('ce772e91-f03d-4c93-8a13-1e67dd3ccf7a', 'd368c5ac-fce7-4c93-833e-f6fcb80b4b12', 'https://image.tmdb.org/t/p/w300/jUPCUYoVdTGa5DBSxOTAriLWqmW.jpg', 'extra', '2026-01-15T04:48:49.632466', '2026-01-15T04:48:49.632466');
INSERT INTO movies (id, title, language, projection_start_date, projection_end_date, director_full_name, synopsis, pg_rating, duration_in_minutes, trailer_url, created_at, updated_at) VALUES ('1665b20f-3c2c-4e4c-93c2-16a3c7eaa67d', 'Interstellar', 'EN', '2026-01-15', '2026-04-03', 'Emma Wilson', 'The adventures of a group of explorers who make use of a newly discovered wormhole to surpass the limitations on human space travel and conquer the vast distances involved in an interstellar voyage.', 'PG-13', '169', 'https://www.youtube.com/watch?v=LY19rHKAaAg', '2026-01-15T04:48:54.967232', '2026-01-15T04:48:54.967232');
INSERT INTO movie_images (id, movie_id, url, type, created_at, updated_at) VALUES ('c0cec8ec-2045-4ee3-80e7-b88db587781e', '1665b20f-3c2c-4e4c-93c2-16a3c7eaa67d', 'https://image.tmdb.org/t/p/w342/gEU2QniE6E77NI6lCU6MxlNBvIx.jpg', 'poster', '2026-01-15T04:48:54.967232', '2026-01-15T04:48:54.967232');
INSERT INTO movie_images (id, movie_id, url, type, created_at, updated_at) VALUES ('e73d1279-5ebb-4d4c-b05a-6309387d2cb7', '1665b20f-3c2c-4e4c-93c2-16a3c7eaa67d', 'https://image.tmdb.org/t/p/w1280/5XNQBqnBwPA9yT0jZ0p3s8bbLh0.jpg', 'backdrop', '2026-01-15T04:48:54.967232', '2026-01-15T04:48:54.967232');
INSERT INTO movie_images (id, movie_id, url, type, created_at, updated_at) VALUES ('a4f521b0-37a2-4c23-91bf-1d58e236e383', '1665b20f-3c2c-4e4c-93c2-16a3c7eaa67d', 'https://image.tmdb.org/t/p/w300/vgnoBSVzWAV9sNQUORaDGvDp7wx.jpg', 'extra', '2026-01-15T04:48:54.967232', '2026-01-15T04:48:54.967232');
INSERT INTO movie_images (id, movie_id, url, type, created_at, updated_at) VALUES ('65e0e945-d258-492d-a3d7-5191897e2cb7', '1665b20f-3c2c-4e4c-93c2-16a3c7eaa67d', 'https://image.tmdb.org/t/p/w300/8sNiAPPYU14PUepFNeSNGUTiHW.jpg', 'extra', '2026-01-15T04:48:54.967232', '2026-01-15T04:48:54.967232');
INSERT INTO movie_images (id, movie_id, url, type, created_at, updated_at) VALUES ('a859c5e8-da3c-4f77-abe8-b2ff5ea97dfe', '1665b20f-3c2c-4e4c-93c2-16a3c7eaa67d', 'https://image.tmdb.org/t/p/w300/9REO1DLpmwhrBJY3mYW5eVxkXFM.jpg', 'extra', '2026-01-15T04:48:54.967232', '2026-01-15T04:48:54.967232');
INSERT INTO movie_images (id, movie_id, url, type, created_at, updated_at) VALUES ('90494f12-316b-4587-8cb2-c74451216c5f', '1665b20f-3c2c-4e4c-93c2-16a3c7eaa67d', 'https://image.tmdb.org/t/p/w300/xJHokMbljvjADYdit5fK5VQsXEG.jpg', 'extra', '2026-01-15T04:48:54.967232', '2026-01-15T04:48:54.967232');
INSERT INTO movies (id, title, language, projection_start_date, projection_end_date, director_full_name, synopsis, pg_rating, duration_in_minutes, trailer_url, created_at, updated_at) VALUES ('5e0d6820-41b9-43df-866c-cd1c753af635', 'Harry Potter and the Prisoner of Azkaban', 'EN', '2026-01-15', '2026-04-09', 'Michael Brown', 'Year three at Hogwarts means new fun and challenges as Harry learns the delicate art of approaching a Hippogriff, transforming shape-shifting Boggarts into hilarity and even turning back time. But the term also brings danger: soul-sucking Dementors hover over the school, an ally of the accursed He-Who-Cannot-Be-Named lurks within the castle walls, and fearsome wizard Sirius Black escapes Azkaban. And Harry will confront them all.', 'PG-13', '141', 'https://www.youtube.com/watch?v=VwErvYgoH70', '2026-01-15T04:48:59.449473', '2026-01-15T04:48:59.449473');
INSERT INTO movie_images (id, movie_id, url, type, created_at, updated_at) VALUES ('25148c07-25ca-4e4f-a52b-c1e586d567e7', '5e0d6820-41b9-43df-866c-cd1c753af635', 'https://image.tmdb.org/t/p/w342/gVt7hhFNZF2r5EuBT3c9FnudWW8.jpg', 'poster', '2026-01-15T04:48:59.449473', '2026-01-15T04:48:59.449473');
INSERT INTO movie_images (id, movie_id, url, type, created_at, updated_at) VALUES ('f71a5ef5-b75f-4f5c-b0fb-9c2fd74fd41f', '5e0d6820-41b9-43df-866c-cd1c753af635', 'https://image.tmdb.org/t/p/w1280/ktj07Eajol5Y2aTQpvTADiQZXJV.jpg', 'backdrop', '2026-01-15T04:48:59.449473', '2026-01-15T04:48:59.449473');
INSERT INTO movie_images (id, movie_id, url, type, created_at, updated_at) VALUES ('05ea90b8-8fc9-40ba-a079-2c259959cacf', '5e0d6820-41b9-43df-866c-cd1c753af635', 'https://image.tmdb.org/t/p/w300/vbk5CfaAHOjQPSAcYm6AoRRz2Af.jpg', 'extra', '2026-01-15T04:48:59.449473', '2026-01-15T04:48:59.449473');
INSERT INTO movie_images (id, movie_id, url, type, created_at, updated_at) VALUES ('0c396397-a56b-4fe2-8bd4-be38668a437f', '5e0d6820-41b9-43df-866c-cd1c753af635', 'https://image.tmdb.org/t/p/w300/htmYEfH7TQgzsXHCnNXxmoYKQtL.jpg', 'extra', '2026-01-15T04:48:59.449473', '2026-01-15T04:48:59.449473');
INSERT INTO movie_images (id, movie_id, url, type, created_at, updated_at) VALUES ('d5916c3b-57aa-47fe-a8eb-6c8dea564966', '5e0d6820-41b9-43df-866c-cd1c753af635', 'https://image.tmdb.org/t/p/w300/v2K8QaAQD0pmEaUTUeV8MXMq1qx.jpg', 'extra', '2026-01-15T04:48:59.449473', '2026-01-15T04:48:59.449473');
INSERT INTO movie_images (id, movie_id, url, type, created_at, updated_at) VALUES ('c96c19ca-4db5-46b3-8215-e7fd5f0a7a13', '5e0d6820-41b9-43df-866c-cd1c753af635', 'https://image.tmdb.org/t/p/w300/fVgBU3KJAWHS55FPdbsZQ3YQG2Z.jpg', 'extra', '2026-01-15T04:48:59.449473', '2026-01-15T04:48:59.449473');
INSERT INTO movies (id, title, language, projection_start_date, projection_end_date, director_full_name, synopsis, pg_rating, duration_in_minutes, trailer_url, created_at, updated_at) VALUES ('f712fe68-a154-4f95-8744-6dcdd5c0442b', 'The Godfather', 'EN', '2026-01-15', '2026-03-02', 'Michael Brown', 'Spanning the years 1945 to 1955, a chronicle of the fictional Italian-American Corleone crime family. When organized crime family patriarch, Vito Corleone barely survives an attempt on his life, his youngest son, Michael steps in to take care of the would-be killers, launching a campaign of bloody revenge.', 'PG-13', '175', 'https://www.youtube.com/watch?v=Ew9ngL1GZvs', '2026-01-15T04:49:05.543537', '2026-01-15T04:49:05.543537');
INSERT INTO movie_images (id, movie_id, url, type, created_at, updated_at) VALUES ('45825a89-0ac3-4530-b48f-5041f6c3bbbe', 'f712fe68-a154-4f95-8744-6dcdd5c0442b', 'https://image.tmdb.org/t/p/w342/3bhkrj58Vtu7enYsRolD1fZdja1.jpg', 'poster', '2026-01-15T04:49:05.543537', '2026-01-15T04:49:05.543537');
INSERT INTO movie_images (id, movie_id, url, type, created_at, updated_at) VALUES ('5560692f-e21a-4268-89ec-d841e09bb82b', 'f712fe68-a154-4f95-8744-6dcdd5c0442b', 'https://image.tmdb.org/t/p/w1280/tSPT36ZKlP2WVHJLM4cQPLSzv3b.jpg', 'backdrop', '2026-01-15T04:49:05.543537', '2026-01-15T04:49:05.543537');
INSERT INTO movie_images (id, movie_id, url, type, created_at, updated_at) VALUES ('c7af7379-6f90-41c1-8d63-6fae5483ead1', 'f712fe68-a154-4f95-8744-6dcdd5c0442b', 'https://image.tmdb.org/t/p/w300/AbgEQO2mneCSOc8CSnOMa8pBS8I.jpg', 'extra', '2026-01-15T04:49:05.543537', '2026-01-15T04:49:05.543537');
INSERT INTO movie_images (id, movie_id, url, type, created_at, updated_at) VALUES ('2d8272c2-372d-4494-a282-f12a491b9860', 'f712fe68-a154-4f95-8744-6dcdd5c0442b', 'https://image.tmdb.org/t/p/w300/ejdD20cdHNFAYAN2DlqPToXKyzx.jpg', 'extra', '2026-01-15T04:49:05.543537', '2026-01-15T04:49:05.543537');
INSERT INTO movie_images (id, movie_id, url, type, created_at, updated_at) VALUES ('8ee8c4b3-9663-49d7-a42a-703602a81948', 'f712fe68-a154-4f95-8744-6dcdd5c0442b', 'https://image.tmdb.org/t/p/w300/tmU7GeKVybMWFButWEGl2M4GeiP.jpg', 'extra', '2026-01-15T04:49:05.543537', '2026-01-15T04:49:05.543537');
INSERT INTO movie_images (id, movie_id, url, type, created_at, updated_at) VALUES ('d5f7a4b3-1c95-45c4-acd8-bf9d7aa8ac89', 'f712fe68-a154-4f95-8744-6dcdd5c0442b', 'https://image.tmdb.org/t/p/w300/39rtAdg3yx6IDxRg0ZLXefv0aPY.jpg', 'extra', '2026-01-15T04:49:05.543537', '2026-01-15T04:49:05.543537');
INSERT INTO movies (id, title, language, projection_start_date, projection_end_date, director_full_name, synopsis, pg_rating, duration_in_minutes, trailer_url, created_at, updated_at) VALUES ('4b0141c3-f2d6-482a-80e9-96d8951ce56e', 'Inception', 'EN', '2026-02-15', '2026-04-29', 'Alex Johnson', 'Cobb, a skilled thief who commits corporate espionage by infiltrating the subconscious of his targets is offered a chance to regain his old life as payment for a task considered to be impossible: "inception", the implantation of another person''s idea into a target''s subconscious.', 'PG-13', '148', 'https://www.youtube.com/watch?v=cdx31ak4KbQ', '2026-01-15T04:49:10.655466', '2026-01-15T04:49:10.655466');
INSERT INTO movie_images (id, movie_id, url, type, created_at, updated_at) VALUES ('2de981aa-ad31-4ef9-ac95-d5b2b64dbb8c', '4b0141c3-f2d6-482a-80e9-96d8951ce56e', 'https://image.tmdb.org/t/p/w342/tXQvtRWfkUUnWJAn2tN3jERIUG.jpg', 'poster', '2026-01-15T04:49:10.655466', '2026-01-15T04:49:10.655466');
INSERT INTO movie_images (id, movie_id, url, type, created_at, updated_at) VALUES ('bbb629ab-e194-4dc8-9deb-9c77aa36bef7', '4b0141c3-f2d6-482a-80e9-96d8951ce56e', 'https://image.tmdb.org/t/p/w1280/ii8QGacT3MXESqBckQlyrATY0lT.jpg', 'backdrop', '2026-01-15T04:49:10.655466', '2026-01-15T04:49:10.655466');
INSERT INTO movie_images (id, movie_id, url, type, created_at, updated_at) VALUES ('400cec23-28e1-4b90-a60a-ebf3f06dc97d', '4b0141c3-f2d6-482a-80e9-96d8951ce56e', 'https://image.tmdb.org/t/p/w300/8ZTVqvKDQ8emSGUEMjsS4yHAwrp.jpg', 'extra', '2026-01-15T04:49:10.655466', '2026-01-15T04:49:10.655466');
INSERT INTO movie_images (id, movie_id, url, type, created_at, updated_at) VALUES ('5e64af6e-75f8-4006-a684-1e8b4ea38d34', '4b0141c3-f2d6-482a-80e9-96d8951ce56e', 'https://image.tmdb.org/t/p/w300/s3TBrRGB1iav7gFOCNx3H31MoES.jpg', 'extra', '2026-01-15T04:49:10.655466', '2026-01-15T04:49:10.655466');
INSERT INTO movie_images (id, movie_id, url, type, created_at, updated_at) VALUES ('00224a6e-2bf8-449a-ae7a-f5578c07e870', '4b0141c3-f2d6-482a-80e9-96d8951ce56e', 'https://image.tmdb.org/t/p/w300/gqby0RhyehP3uRrzmdyUZ0CgPPe.jpg', 'extra', '2026-01-15T04:49:10.655466', '2026-01-15T04:49:10.655466');
INSERT INTO movie_images (id, movie_id, url, type, created_at, updated_at) VALUES ('610364b0-f421-4392-8275-7250f55fd007', '4b0141c3-f2d6-482a-80e9-96d8951ce56e', 'https://image.tmdb.org/t/p/w300/zlIBglEnHkxmPGVwEfywC7hXncb.jpg', 'extra', '2026-01-15T04:49:10.655466', '2026-01-15T04:49:10.655466');
INSERT INTO movies (id, title, language, projection_start_date, projection_end_date, director_full_name, synopsis, pg_rating, duration_in_minutes, trailer_url, created_at, updated_at) VALUES ('3619546c-7fc2-4189-b664-deffad7150de', 'Zootopia 2', 'EN', '2026-02-24', '2026-05-30', 'David Clark', 'After cracking the biggest case in Zootopia''s history, rookie cops Judy Hopps and Nick Wilde find themselves on the twisting trail of a great mystery when Gary De''Snake arrives and turns the animal metropolis upside down. To crack the case, Judy and Nick must go undercover to unexpected new parts of town, where their growing partnership is tested like never before.', 'PG-13', '107', 'https://www.youtube.com/watch?v=sEgPQ7HKoBA', '2026-01-15T04:49:14.952936', '2026-01-15T04:49:14.952936');
INSERT INTO movie_images (id, movie_id, url, type, created_at, updated_at) VALUES ('ecf8f644-1a2b-4d72-b7c3-b3dd614ee79c', '3619546c-7fc2-4189-b664-deffad7150de', 'https://image.tmdb.org/t/p/w342/ib6v6qUXzez1x2qIOLN7C0yJNPQ.jpg', 'poster', '2026-01-15T04:49:14.952936', '2026-01-15T04:49:14.952936');
INSERT INTO movie_images (id, movie_id, url, type, created_at, updated_at) VALUES ('97ae18e0-eb1c-4ee9-ba51-08de33ee96ae', '3619546c-7fc2-4189-b664-deffad7150de', 'https://image.tmdb.org/t/p/w1280/5h2EsPKNDdB3MAtOk9MB9Ycg9Rz.jpg', 'backdrop', '2026-01-15T04:49:14.952936', '2026-01-15T04:49:14.952936');
INSERT INTO movie_images (id, movie_id, url, type, created_at, updated_at) VALUES ('42973e45-9c8b-4e54-934c-3c9fc4846bff', '3619546c-7fc2-4189-b664-deffad7150de', 'https://image.tmdb.org/t/p/w300/7nfpkR9XsQ1lBNCXSSHxGV7Dkxe.jpg', 'extra', '2026-01-15T04:49:14.952936', '2026-01-15T04:49:14.952936');
INSERT INTO movie_images (id, movie_id, url, type, created_at, updated_at) VALUES ('10ab91c4-767f-4bc9-9c56-e9fa74795bae', '3619546c-7fc2-4189-b664-deffad7150de', 'https://image.tmdb.org/t/p/w300/zdva2LmrzZ0OdTI27ayzKPw0wkF.jpg', 'extra', '2026-01-15T04:49:14.952936', '2026-01-15T04:49:14.952936');
INSERT INTO movie_images (id, movie_id, url, type, created_at, updated_at) VALUES ('59cdd65e-781d-4121-a68d-6bd6578eb601', '3619546c-7fc2-4189-b664-deffad7150de', 'https://image.tmdb.org/t/p/w300/iAMxwAtriQkAOTt1jeGER0oLMNN.jpg', 'extra', '2026-01-15T04:49:14.952936', '2026-01-15T04:49:14.952936');
INSERT INTO movie_images (id, movie_id, url, type, created_at, updated_at) VALUES ('76f53a39-d379-4598-8f52-5df040ba6867', '3619546c-7fc2-4189-b664-deffad7150de', 'https://image.tmdb.org/t/p/w300/hi6h3ACrwAswclPEt4VTCeqGfTK.jpg', 'extra', '2026-01-15T04:49:14.952936', '2026-01-15T04:49:14.952936');
INSERT INTO movies (id, title, language, projection_start_date, projection_end_date, director_full_name, synopsis, pg_rating, duration_in_minutes, trailer_url, created_at, updated_at) VALUES ('e61032a9-e577-46e8-b1fa-d827f355ab81', 'Inside Out 2', 'EN', '2026-03-26', '2026-07-12', 'John Doe', 'Teenager Riley''s mind headquarters is undergoing a sudden demolition to make room for something entirely unexpected: new Emotions! Joy, Sadness, Anger, Fear and Disgust, whove long been running a successful operation by all accounts, arent sure how to feel when Anxiety shows up. And it looks like shes not alone.', 'PG-13', '97', 'https://www.youtube.com/watch?v=u69y5Ie519M', '2026-01-15T04:49:20.033220', '2026-01-15T04:49:20.033220');
INSERT INTO movie_images (id, movie_id, url, type, created_at, updated_at) VALUES ('f317c1a1-b52f-4538-92fb-caa0213256d1', 'e61032a9-e577-46e8-b1fa-d827f355ab81', 'https://image.tmdb.org/t/p/w342/xYqeUheNCep7ll9AotOcclGhP0X.jpg', 'poster', '2026-01-15T04:49:20.033220', '2026-01-15T04:49:20.033220');
INSERT INTO movie_images (id, movie_id, url, type, created_at, updated_at) VALUES ('659e70fc-ae9e-4cdf-ad4c-ead4258adcaa', 'e61032a9-e577-46e8-b1fa-d827f355ab81', 'https://image.tmdb.org/t/p/w1280/p5ozvmdgsmbWe0H8Xk7Rc8SCwAB.jpg', 'backdrop', '2026-01-15T04:49:20.033220', '2026-01-15T04:49:20.033220');
INSERT INTO movie_images (id, movie_id, url, type, created_at, updated_at) VALUES ('66584d88-f817-49c0-bab2-3d30271d1e5e', 'e61032a9-e577-46e8-b1fa-d827f355ab81', 'https://image.tmdb.org/t/p/w300/xg27NrXi7VXCGUr7MG75UqLl6Vg.jpg', 'extra', '2026-01-15T04:49:20.033220', '2026-01-15T04:49:20.033220');
INSERT INTO movie_images (id, movie_id, url, type, created_at, updated_at) VALUES ('fe18ffd9-4a99-4088-9390-ecfcb26f9f71', 'e61032a9-e577-46e8-b1fa-d827f355ab81', 'https://image.tmdb.org/t/p/w300/coATv42PoiLqAFKStJiMZs2r6Zb.jpg', 'extra', '2026-01-15T04:49:20.033220', '2026-01-15T04:49:20.033220');
INSERT INTO movie_images (id, movie_id, url, type, created_at, updated_at) VALUES ('c6f7d75b-e45a-4641-ad7a-4963b2d49cce', 'e61032a9-e577-46e8-b1fa-d827f355ab81', 'https://image.tmdb.org/t/p/w300/uVu2fBc114un7F1GD76RBouWyBP.jpg', 'extra', '2026-01-15T04:49:20.033220', '2026-01-15T04:49:20.033220');
INSERT INTO movie_images (id, movie_id, url, type, created_at, updated_at) VALUES ('c01d39a2-5e5a-4d1c-b62f-cf1f5f0aa4ac', 'e61032a9-e577-46e8-b1fa-d827f355ab81', 'https://image.tmdb.org/t/p/w300/stKGOm8UyhuLPR9sZLjs5AkmncA.jpg', 'extra', '2026-01-15T04:49:20.033220', '2026-01-15T04:49:20.033220');
INSERT INTO movies (id, title, language, projection_start_date, projection_end_date, director_full_name, synopsis, pg_rating, duration_in_minutes, trailer_url, created_at, updated_at) VALUES ('ea91eaf2-4fd9-4c66-b764-75959663e7d7', 'The Dark Knight', 'EN', '2026-02-22', '2026-05-08', 'Pat Morgan', 'Batman raises the stakes in his war on crime. With the help of Lt. Jim Gordon and District Attorney Harvey Dent, Batman sets out to dismantle the remaining criminal organizations that plague the streets. The partnership proves to be effective, but they soon find themselves prey to a reign of chaos unleashed by a rising criminal mastermind known to the terrified citizens of Gotham as the Joker.', 'PG-13', '152', 'https://www.youtube.com/watch?v=vbjYVETxZqM', '2026-01-15T04:49:25.333904', '2026-01-15T04:49:25.333904');
INSERT INTO movie_images (id, movie_id, url, type, created_at, updated_at) VALUES ('99d9c558-e6b1-4b02-92f5-b5d1aaa3d5f3', 'ea91eaf2-4fd9-4c66-b764-75959663e7d7', 'https://image.tmdb.org/t/p/w342/qJ2tW6WMUDux911r6m7haRef0WH.jpg', 'poster', '2026-01-15T04:49:25.333904', '2026-01-15T04:49:25.333904');
INSERT INTO movie_images (id, movie_id, url, type, created_at, updated_at) VALUES ('48e992e0-e361-4f81-9227-c59444054395', 'ea91eaf2-4fd9-4c66-b764-75959663e7d7', 'https://image.tmdb.org/t/p/w1280/dGOZdWOB8OpZFVziEOUFhox5wz9.jpg', 'backdrop', '2026-01-15T04:49:25.333904', '2026-01-15T04:49:25.333904');
INSERT INTO movie_images (id, movie_id, url, type, created_at, updated_at) VALUES ('cc632b76-20e0-4a83-a5b8-ce9e2031e33b', 'ea91eaf2-4fd9-4c66-b764-75959663e7d7', 'https://image.tmdb.org/t/p/w300/cfT29Im5VDvjE0RpyKOSdCKZal7.jpg', 'extra', '2026-01-15T04:49:25.333904', '2026-01-15T04:49:25.333904');
INSERT INTO movie_images (id, movie_id, url, type, created_at, updated_at) VALUES ('d5e0cbd0-de97-4f23-9497-35a07a4d7d42', 'ea91eaf2-4fd9-4c66-b764-75959663e7d7', 'https://image.tmdb.org/t/p/w300/dqK9Hag1054tghRQSqLSfrkvQnA.jpg', 'extra', '2026-01-15T04:49:25.333904', '2026-01-15T04:49:25.333904');
INSERT INTO movie_images (id, movie_id, url, type, created_at, updated_at) VALUES ('907d3ed7-a907-43ca-8ebe-c62eb0ed2452', 'ea91eaf2-4fd9-4c66-b764-75959663e7d7', 'https://image.tmdb.org/t/p/w300/x5f2uTfw0Pqc5QI4ch5AHICee2o.jpg', 'extra', '2026-01-15T04:49:25.333904', '2026-01-15T04:49:25.333904');
INSERT INTO movie_images (id, movie_id, url, type, created_at, updated_at) VALUES ('249d583a-7e4d-4914-bbcd-ff19adfbd66d', 'ea91eaf2-4fd9-4c66-b764-75959663e7d7', 'https://image.tmdb.org/t/p/w300/pbEkjhdfP7yuDcMB78YEZwgD4IN.jpg', 'extra', '2026-01-15T04:49:25.333904', '2026-01-15T04:49:25.333904');
INSERT INTO movies (id, title, language, projection_start_date, projection_end_date, director_full_name, synopsis, pg_rating, duration_in_minutes, trailer_url, created_at, updated_at) VALUES ('aac3ecd4-c080-4cab-a4c7-eb71725dc888', 'Home Alone 2: Lost in New York', 'EN', '2026-04-27', '2026-08-07', 'Michael Brown', 'Instead of flying to Florida with his folks, Kevin ends up alone in New York, where he gets a hotel room with his dad''s credit carddespite problems from a clerk and meddling bellboy. But when Kevin runs into his old nemeses, the Wet Bandits, he''s determined to foil their plans to rob a toy store on Christmas Eve.', 'PG-13', '120', 'https://www.youtube.com/watch?v=k0kJieJ1k6k', '2026-01-15T04:49:53.327511', '2026-01-15T04:49:53.327511');
INSERT INTO movie_images (id, movie_id, url, type, created_at, updated_at) VALUES ('929420d7-ad03-442c-9418-2285f747f58f', 'aac3ecd4-c080-4cab-a4c7-eb71725dc888', 'https://image.tmdb.org/t/p/w342/7sdiRUyc0ANHJptPhsgb1KL6hoq.jpg', 'poster', '2026-01-15T04:49:53.327511', '2026-01-15T04:49:53.327511');
INSERT INTO movie_images (id, movie_id, url, type, created_at, updated_at) VALUES ('e9c87dc9-ec28-414d-be4a-ac634443b3b7', 'aac3ecd4-c080-4cab-a4c7-eb71725dc888', 'https://image.tmdb.org/t/p/w1280/8fnYJPoXxwAN4valDLgz2whMGTH.jpg', 'backdrop', '2026-01-15T04:49:53.327511', '2026-01-15T04:49:53.327511');
INSERT INTO movie_images (id, movie_id, url, type, created_at, updated_at) VALUES ('30a8f3a2-f29a-4fdf-9ace-fc629e7550ee', 'aac3ecd4-c080-4cab-a4c7-eb71725dc888', 'https://image.tmdb.org/t/p/w300/dGiPJO75b9GmXqxvusbKlcYrDcg.jpg', 'extra', '2026-01-15T04:49:53.327511', '2026-01-15T04:49:53.327511');
INSERT INTO movie_images (id, movie_id, url, type, created_at, updated_at) VALUES ('f95f40ca-e253-42f5-969d-c53573aeecff', 'aac3ecd4-c080-4cab-a4c7-eb71725dc888', 'https://image.tmdb.org/t/p/w300/kjby7cr8JnIPkfqMGKutOFrM2at.jpg', 'extra', '2026-01-15T04:49:53.327511', '2026-01-15T04:49:53.327511');
INSERT INTO movie_images (id, movie_id, url, type, created_at, updated_at) VALUES ('9e63df64-d34e-4dd6-87ec-cda60fd08cfe', 'aac3ecd4-c080-4cab-a4c7-eb71725dc888', 'https://image.tmdb.org/t/p/w300/gxwYr2jtBzMvp85lbCr9ooJMFPc.jpg', 'extra', '2026-01-15T04:49:53.327511', '2026-01-15T04:49:53.327511');
INSERT INTO movie_images (id, movie_id, url, type, created_at, updated_at) VALUES ('c4b6e410-1c02-44a1-a22b-f3ab08682d2e', 'aac3ecd4-c080-4cab-a4c7-eb71725dc888', 'https://image.tmdb.org/t/p/w300/mKJiUjCkjiyxBlMPcNORQ4CIAZX.jpg', 'extra', '2026-01-15T04:49:53.327511', '2026-01-15T04:49:53.327511');
INSERT INTO movies (id, title, language, projection_start_date, projection_end_date, director_full_name, synopsis, pg_rating, duration_in_minutes, trailer_url, created_at, updated_at) VALUES ('135ee7d0-36e1-4e4a-890c-38777f132189', 'Harry Potter and the Deathly Hallows: Part 1', 'EN', '2026-02-27', '2026-05-02', 'Jane Smith', 'Harry, Ron and Hermione walk away from their last year at Hogwarts to find and destroy the remaining Horcruxes, putting an end to Voldemort''s bid for immortality. But with Harry''s beloved Dumbledore dead and Voldemort''s unscrupulous Death Eaters on the loose, the world is more dangerous than ever.', 'PG-13', '146', 'https://www.youtube.com/watch?v=MxqsmsA8y5k', '2026-01-15T04:50:00.083297', '2026-01-15T04:50:00.083297');
INSERT INTO movie_images (id, movie_id, url, type, created_at, updated_at) VALUES ('dfd14189-2a2a-42ff-b07d-f11ce3c3437b', '135ee7d0-36e1-4e4a-890c-38777f132189', 'https://image.tmdb.org/t/p/w342/iGoXIpQb7Pot00EEdwpwPajheZ5.jpg', 'poster', '2026-01-15T04:50:00.083297', '2026-01-15T04:50:00.083297');
INSERT INTO movie_images (id, movie_id, url, type, created_at, updated_at) VALUES ('ece3a37b-6bc1-44ba-9cd2-53fb5ad1ca14', '135ee7d0-36e1-4e4a-890c-38777f132189', 'https://image.tmdb.org/t/p/w1280/slW0M2G9txC0aUbftCTm1nYX1K8.jpg', 'backdrop', '2026-01-15T04:50:00.083297', '2026-01-15T04:50:00.083297');
INSERT INTO movie_images (id, movie_id, url, type, created_at, updated_at) VALUES ('1125fbee-2d23-4c0e-8203-4344385ace17', '135ee7d0-36e1-4e4a-890c-38777f132189', 'https://image.tmdb.org/t/p/w300/AqLcLsGGTzAjm3pCCq0CZCQrp6m.jpg', 'extra', '2026-01-15T04:50:00.083297', '2026-01-15T04:50:00.083297');
INSERT INTO movie_images (id, movie_id, url, type, created_at, updated_at) VALUES ('bdb6c585-34b6-4d85-a1e1-21cbee044286', '135ee7d0-36e1-4e4a-890c-38777f132189', 'https://image.tmdb.org/t/p/w300/39kg1yGt9qxPwMuG1a5ysfe3gfG.jpg', 'extra', '2026-01-15T04:50:00.083297', '2026-01-15T04:50:00.083297');
INSERT INTO movie_images (id, movie_id, url, type, created_at, updated_at) VALUES ('58bd0e28-fcbf-4152-86eb-087e50560ab0', '135ee7d0-36e1-4e4a-890c-38777f132189', 'https://image.tmdb.org/t/p/w300/fXRXpzxUApE3OuXhIqsdavQjCVa.jpg', 'extra', '2026-01-15T04:50:00.083297', '2026-01-15T04:50:00.083297');
INSERT INTO movie_images (id, movie_id, url, type, created_at, updated_at) VALUES ('b6df7ceb-c7db-4945-aa4d-304e1404204e', '135ee7d0-36e1-4e4a-890c-38777f132189', 'https://image.tmdb.org/t/p/w300/1K5p4wPrxWttjoUGjfrrOJT5SYo.jpg', 'extra', '2026-01-15T04:50:00.083297', '2026-01-15T04:50:00.083297');
INSERT INTO movies (id, title, language, projection_start_date, projection_end_date, director_full_name, synopsis, pg_rating, duration_in_minutes, trailer_url, created_at, updated_at) VALUES ('cb65f754-6b3f-4513-b293-84bd14d71483', 'Oppenheimer', 'EN', '2026-04-24', '2026-06-24', 'Linda Carter', 'The story of J. Robert Oppenheimer''s role in the development of the atomic bomb during World War II.', 'PG-13', '181', 'https://www.youtube.com/watch?v=qiuSBWVdgLI', '2026-01-15T04:50:04.196533', '2026-01-15T04:50:04.196533');
INSERT INTO movie_images (id, movie_id, url, type, created_at, updated_at) VALUES ('8da73220-7405-4529-ae16-0cc0686be900', 'cb65f754-6b3f-4513-b293-84bd14d71483', 'https://image.tmdb.org/t/p/w342/8Gxv8gSFCU0XGDykEGv7zR1n2ua.jpg', 'poster', '2026-01-15T04:50:04.196533', '2026-01-15T04:50:04.196533');
INSERT INTO movie_images (id, movie_id, url, type, created_at, updated_at) VALUES ('1791f9a6-31f0-4903-8778-8885e0bed28c', 'cb65f754-6b3f-4513-b293-84bd14d71483', 'https://image.tmdb.org/t/p/w1280/cUIqZd6jJCbO94Txt1CkTs7MSeP.jpg', 'backdrop', '2026-01-15T04:50:04.196533', '2026-01-15T04:50:04.196533');
INSERT INTO movie_images (id, movie_id, url, type, created_at, updated_at) VALUES ('87840009-7bc1-4d0a-90e7-54ebf80fd847', 'cb65f754-6b3f-4513-b293-84bd14d71483', 'https://image.tmdb.org/t/p/w300/7CENyUim29IEsaJhUxIGymCRvPu.jpg', 'extra', '2026-01-15T04:50:04.196533', '2026-01-15T04:50:04.196533');
INSERT INTO movie_images (id, movie_id, url, type, created_at, updated_at) VALUES ('a90ce39b-19b7-4628-8ca9-c6b5323b2cb4', 'cb65f754-6b3f-4513-b293-84bd14d71483', 'https://image.tmdb.org/t/p/w300/ycnO0cjsAROSGJKuMODgRtWsHQw.jpg', 'extra', '2026-01-15T04:50:04.196533', '2026-01-15T04:50:04.196533');
INSERT INTO movie_images (id, movie_id, url, type, created_at, updated_at) VALUES ('8dfdf0b4-3972-427c-a6bf-4993eab83f26', 'cb65f754-6b3f-4513-b293-84bd14d71483', 'https://image.tmdb.org/t/p/w300/fm6KqXpk3M2HVveHwCrBSSBaO0V.jpg', 'extra', '2026-01-15T04:50:04.196533', '2026-01-15T04:50:04.196533');
INSERT INTO movie_images (id, movie_id, url, type, created_at, updated_at) VALUES ('3682eea2-c021-420b-b96d-b4bc985fb5b2', 'cb65f754-6b3f-4513-b293-84bd14d71483', 'https://image.tmdb.org/t/p/w300/neeNHeXjMF5fXoCJRsOmkNGC7q.jpg', 'extra', '2026-01-15T04:50:04.196533', '2026-01-15T04:50:04.196533');
INSERT INTO movies (id, title, language, projection_start_date, projection_end_date, director_full_name, synopsis, pg_rating, duration_in_minutes, trailer_url, created_at, updated_at) VALUES ('3eee00e4-902e-4371-8066-2edeccba650e', 'The Shawshank Redemption', 'EN', '2026-04-22', '2026-07-25', 'Sam Lee', 'Imprisoned in the 1940s for the double murder of his wife and her lover, upstanding banker Andy Dufresne begins a new life at the Shawshank prison, where he puts his accounting skills to work for an amoral warden. During his long stretch in prison, Dufresne comes to be admired by the other inmates -- including an older prisoner named Red -- for his integrity and unquenchable sense of hope.', 'PG-13', '142', 'https://www.youtube.com/watch?v=PLl99DlL6b4', '2026-01-15T04:50:08.346820', '2026-01-15T04:50:08.346820');
INSERT INTO movie_images (id, movie_id, url, type, created_at, updated_at) VALUES ('c3b143b2-84d6-4072-954e-4a9c805034b9', '3eee00e4-902e-4371-8066-2edeccba650e', 'https://image.tmdb.org/t/p/w342/9cqNxx0GxF0bflZmeSMuL5tnGzr.jpg', 'poster', '2026-01-15T04:50:08.346820', '2026-01-15T04:50:08.346820');
INSERT INTO movie_images (id, movie_id, url, type, created_at, updated_at) VALUES ('fab2a87e-cd76-42fe-b761-ac921073803d', '3eee00e4-902e-4371-8066-2edeccba650e', 'https://image.tmdb.org/t/p/w1280/jFkuJbWsciMwgcpOEkJIlxTElEp.jpg', 'backdrop', '2026-01-15T04:50:08.346820', '2026-01-15T04:50:08.346820');
INSERT INTO movie_images (id, movie_id, url, type, created_at, updated_at) VALUES ('cb150e2e-8e5b-44a7-9d95-35e17a46cbdd', '3eee00e4-902e-4371-8066-2edeccba650e', 'https://image.tmdb.org/t/p/w300/zfbjgQE1uSd9wiPTX4VzsLi0rGG.jpg', 'extra', '2026-01-15T04:50:08.346820', '2026-01-15T04:50:08.346820');
INSERT INTO movie_images (id, movie_id, url, type, created_at, updated_at) VALUES ('cc0213c2-8fbb-4311-a224-437914af4d59', '3eee00e4-902e-4371-8066-2edeccba650e', 'https://image.tmdb.org/t/p/w300/kXfqcdQKsToO0OUXHcrrNCHDBzO.jpg', 'extra', '2026-01-15T04:50:08.346820', '2026-01-15T04:50:08.346820');
INSERT INTO movie_images (id, movie_id, url, type, created_at, updated_at) VALUES ('db8de67f-1ae6-4929-879a-abdc6d993f93', '3eee00e4-902e-4371-8066-2edeccba650e', 'https://image.tmdb.org/t/p/w300/pNjh59JSxChQktamG3LMp9ZoQzp.jpg', 'extra', '2026-01-15T04:50:08.346820', '2026-01-15T04:50:08.346820');
INSERT INTO movie_images (id, movie_id, url, type, created_at, updated_at) VALUES ('b178c0a5-a498-486a-8948-771fe2d40415', '3eee00e4-902e-4371-8066-2edeccba650e', 'https://image.tmdb.org/t/p/w300/v8xVDqt8uCul3c3mgx4VpGCwxJC.jpg', 'extra', '2026-01-15T04:50:08.346820', '2026-01-15T04:50:08.346820');
INSERT INTO movie_cast (id, first_name, last_name, character_full_name, role, movie_id, created_at, updated_at) VALUES ('1f47cbc7-f1ff-46bf-8071-254b0a4a7a4d', 'Sarah', 'Brown', 'Character 1', 'cameo', 'be4c4fcd-19ea-4ed5-92ba-d8d99503ab91', '2026-01-15T04:50:09.817934', '2026-01-15T04:50:09.817934');
INSERT INTO movie_cast (id, first_name, last_name, character_full_name, role, movie_id, created_at, updated_at) VALUES ('8f2c6dec-ffbb-46a4-90bb-0d00b79ad4c5', 'Michael', 'Smith', 'Character 2', 'supporting', 'be4c4fcd-19ea-4ed5-92ba-d8d99503ab91', '2026-01-15T04:50:09.817987', '2026-01-15T04:50:09.817987');
INSERT INTO movie_cast (id, first_name, last_name, character_full_name, role, movie_id, created_at, updated_at) VALUES ('2da359e0-fb23-4613-91b2-b6414e80fb1c', 'Sarah', 'Brown', 'Character 3', 'lead', 'be4c4fcd-19ea-4ed5-92ba-d8d99503ab91', '2026-01-15T04:50:09.818025', '2026-01-15T04:50:09.818025');
INSERT INTO movie_cast (id, first_name, last_name, character_full_name, role, movie_id, created_at, updated_at) VALUES ('135d9d48-c820-4222-b316-1d4278e5803b', 'David', 'Brown', 'Character 4', 'lead', 'be4c4fcd-19ea-4ed5-92ba-d8d99503ab91', '2026-01-15T04:50:09.818055', '2026-01-15T04:50:09.818055');
INSERT INTO movie_cast (id, first_name, last_name, character_full_name, role, movie_id, created_at, updated_at) VALUES ('8be9b274-5efc-422f-bc99-b62d6f8c6604', 'Sarah', 'Williams', 'Character 5', 'cameo', 'be4c4fcd-19ea-4ed5-92ba-d8d99503ab91', '2026-01-15T04:50:09.818084', '2026-01-15T04:50:09.818084');
INSERT INTO movie_cast (id, first_name, last_name, character_full_name, role, movie_id, created_at, updated_at) VALUES ('2251dd4a-6b93-4209-8ec2-828ed3c629f3', 'Emma', 'Jones', 'Character 1', 'lead', '2a2fd2ea-8c8f-486c-a6c1-f0e819353082', '2026-01-15T04:50:09.818118', '2026-01-15T04:50:09.818118');
INSERT INTO movie_cast (id, first_name, last_name, character_full_name, role, movie_id, created_at, updated_at) VALUES ('351af976-ad87-4856-a69f-e24c8bbf7aff', 'Sarah', 'Jones', 'Character 2', 'cameo', '2a2fd2ea-8c8f-486c-a6c1-f0e819353082', '2026-01-15T04:50:09.818146', '2026-01-15T04:50:09.818146');
INSERT INTO movie_cast (id, first_name, last_name, character_full_name, role, movie_id, created_at, updated_at) VALUES ('2dac0952-9efa-4b27-83a8-498a2fb764bf', 'Emma', 'Jones', 'Character 3', 'lead', '2a2fd2ea-8c8f-486c-a6c1-f0e819353082', '2026-01-15T04:50:09.818174', '2026-01-15T04:50:09.818174');
INSERT INTO movie_cast (id, first_name, last_name, character_full_name, role, movie_id, created_at, updated_at) VALUES ('ab1698bd-1256-4079-9e71-4ecbdb6fae27', 'Jane', 'Williams', 'Character 4', 'cameo', '2a2fd2ea-8c8f-486c-a6c1-f0e819353082', '2026-01-15T04:50:09.818202', '2026-01-15T04:50:09.818202');
INSERT INTO movie_cast (id, first_name, last_name, character_full_name, role, movie_id, created_at, updated_at) VALUES ('b3f3b284-497b-4e94-ad9e-3e9fe17a38e1', 'Emma', 'Brown', 'Character 5', 'cameo', '2a2fd2ea-8c8f-486c-a6c1-f0e819353082', '2026-01-15T04:50:09.818231', '2026-01-15T04:50:09.818231');
INSERT INTO movie_cast (id, first_name, last_name, character_full_name, role, movie_id, created_at, updated_at) VALUES ('48dfd181-8033-4b38-a715-df31e0199945', 'Sarah', 'Jones', 'Character 1', 'lead', '75ea471f-8294-46ef-be37-40ab06fc0dc7', '2026-01-15T04:50:09.818264', '2026-01-15T04:50:09.818264');
INSERT INTO movie_cast (id, first_name, last_name, character_full_name, role, movie_id, created_at, updated_at) VALUES ('6a46fd1f-a6ba-4ebd-b5bd-9a05ac995d84', 'Jane', 'Williams', 'Character 2', 'cameo', '75ea471f-8294-46ef-be37-40ab06fc0dc7', '2026-01-15T04:50:09.818293', '2026-01-15T04:50:09.818293');
INSERT INTO movie_cast (id, first_name, last_name, character_full_name, role, movie_id, created_at, updated_at) VALUES ('c7eaff31-9cb4-443d-8f50-491a2e4f55f7', 'Emma', 'Smith', 'Character 3', 'supporting', '75ea471f-8294-46ef-be37-40ab06fc0dc7', '2026-01-15T04:50:09.818323', '2026-01-15T04:50:09.818323');
INSERT INTO movie_cast (id, first_name, last_name, character_full_name, role, movie_id, created_at, updated_at) VALUES ('e8ab2b9a-46fd-4fe7-b645-09305f61936b', 'Michael', 'Johnson', 'Character 4', 'lead', '75ea471f-8294-46ef-be37-40ab06fc0dc7', '2026-01-15T04:50:09.818352', '2026-01-15T04:50:09.818352');
INSERT INTO movie_cast (id, first_name, last_name, character_full_name, role, movie_id, created_at, updated_at) VALUES ('fe2c4969-cfd0-42c5-8cad-e837c2768d14', 'Jane', 'Brown', 'Character 5', 'cameo', '75ea471f-8294-46ef-be37-40ab06fc0dc7', '2026-01-15T04:50:09.818421', '2026-01-15T04:50:09.818421');
INSERT INTO movie_cast (id, first_name, last_name, character_full_name, role, movie_id, created_at, updated_at) VALUES ('420ee083-b29e-435e-847b-551ca61a634c', 'Sarah', 'Jones', 'Character 1', 'lead', 'e4232a9c-3eeb-48fa-ae62-9f4457857ae3', '2026-01-15T04:50:09.818455', '2026-01-15T04:50:09.818455');
INSERT INTO movie_cast (id, first_name, last_name, character_full_name, role, movie_id, created_at, updated_at) VALUES ('c0229bbc-6a95-436e-8a56-e3e9b69a55b2', 'David', 'Brown', 'Character 2', 'supporting', 'e4232a9c-3eeb-48fa-ae62-9f4457857ae3', '2026-01-15T04:50:09.818483', '2026-01-15T04:50:09.818483');
INSERT INTO movie_cast (id, first_name, last_name, character_full_name, role, movie_id, created_at, updated_at) VALUES ('dc351db0-9040-4168-a349-fa24f0b81a73', 'Sarah', 'Williams', 'Character 3', 'lead', 'e4232a9c-3eeb-48fa-ae62-9f4457857ae3', '2026-01-15T04:50:09.818511', '2026-01-15T04:50:09.818511');
INSERT INTO movie_cast (id, first_name, last_name, character_full_name, role, movie_id, created_at, updated_at) VALUES ('c607ee6b-ab16-4128-8ceb-b63cd608d791', 'John', 'Jones', 'Character 4', 'cameo', 'e4232a9c-3eeb-48fa-ae62-9f4457857ae3', '2026-01-15T04:50:09.818544', '2026-01-15T04:50:09.818544');
INSERT INTO movie_cast (id, first_name, last_name, character_full_name, role, movie_id, created_at, updated_at) VALUES ('90317376-745b-481f-b7a6-064822c4203f', 'David', 'Smith', 'Character 5', 'supporting', 'e4232a9c-3eeb-48fa-ae62-9f4457857ae3', '2026-01-15T04:50:09.818572', '2026-01-15T04:50:09.818572');
INSERT INTO movie_cast (id, first_name, last_name, character_full_name, role, movie_id, created_at, updated_at) VALUES ('4c09b013-b799-4af4-8cd9-31b622de33b2', 'David', 'Williams', 'Character 1', 'lead', '21c3402b-d663-47e7-b2c8-b04f11674791', '2026-01-15T04:50:09.818602', '2026-01-15T04:50:09.818602');
INSERT INTO movie_cast (id, first_name, last_name, character_full_name, role, movie_id, created_at, updated_at) VALUES ('652f9820-c877-4c24-9eb7-4d8e5d945396', 'David', 'Brown', 'Character 2', 'supporting', '21c3402b-d663-47e7-b2c8-b04f11674791', '2026-01-15T04:50:09.818630', '2026-01-15T04:50:09.818630');
INSERT INTO movie_cast (id, first_name, last_name, character_full_name, role, movie_id, created_at, updated_at) VALUES ('ee7060ce-f2f0-4fb3-82ed-a13cad8db56f', 'Jane', 'Smith', 'Character 3', 'cameo', '21c3402b-d663-47e7-b2c8-b04f11674791', '2026-01-15T04:50:09.818658', '2026-01-15T04:50:09.818658');
INSERT INTO movie_cast (id, first_name, last_name, character_full_name, role, movie_id, created_at, updated_at) VALUES ('44efb855-8bfd-4dab-92fd-c613e830686f', 'Michael', 'Johnson', 'Character 4', 'lead', '21c3402b-d663-47e7-b2c8-b04f11674791', '2026-01-15T04:50:09.818686', '2026-01-15T04:50:09.818686');
INSERT INTO movie_cast (id, first_name, last_name, character_full_name, role, movie_id, created_at, updated_at) VALUES ('77d48b21-6ecf-40d8-91c4-9675c6c79184', 'Emma', 'Johnson', 'Character 5', 'supporting', '21c3402b-d663-47e7-b2c8-b04f11674791', '2026-01-15T04:50:09.818714', '2026-01-15T04:50:09.818714');
INSERT INTO movie_cast (id, first_name, last_name, character_full_name, role, movie_id, created_at, updated_at) VALUES ('bb8cb203-2619-416c-816a-3bd007ff9c95', 'John', 'Johnson', 'Character 1', 'lead', 'e748d106-7618-4aa2-8a2f-5cafdb4145db', '2026-01-15T04:50:09.818744', '2026-01-15T04:50:09.818744');
INSERT INTO movie_cast (id, first_name, last_name, character_full_name, role, movie_id, created_at, updated_at) VALUES ('c17d80ec-821a-474e-8f2f-9d5710168d87', 'Sarah', 'Williams', 'Character 2', 'lead', 'e748d106-7618-4aa2-8a2f-5cafdb4145db', '2026-01-15T04:50:09.818775', '2026-01-15T04:50:09.818775');
INSERT INTO movie_cast (id, first_name, last_name, character_full_name, role, movie_id, created_at, updated_at) VALUES ('1864faec-abc9-4f99-9f14-cf86c015554b', 'David', 'Jones', 'Character 3', 'lead', 'e748d106-7618-4aa2-8a2f-5cafdb4145db', '2026-01-15T04:50:09.818803', '2026-01-15T04:50:09.818803');
INSERT INTO movie_cast (id, first_name, last_name, character_full_name, role, movie_id, created_at, updated_at) VALUES ('dc0fccf7-1d12-482d-bca0-b54b84271bc2', 'Emma', 'Smith', 'Character 4', 'supporting', 'e748d106-7618-4aa2-8a2f-5cafdb4145db', '2026-01-15T04:50:09.818832', '2026-01-15T04:50:09.818832');
INSERT INTO movie_cast (id, first_name, last_name, character_full_name, role, movie_id, created_at, updated_at) VALUES ('8a15ed47-90ff-4db3-850c-65dd5f942ecc', 'Michael', 'Jones', 'Character 5', 'cameo', 'e748d106-7618-4aa2-8a2f-5cafdb4145db', '2026-01-15T04:50:09.818859', '2026-01-15T04:50:09.818859');
INSERT INTO movie_cast (id, first_name, last_name, character_full_name, role, movie_id, created_at, updated_at) VALUES ('eeba9dbf-1b41-43c6-bd7d-8fb6bbd3d9d8', 'Emma', 'Brown', 'Character 1', 'cameo', '3925b907-338a-434c-ac84-97ce8b901b57', '2026-01-15T04:50:09.818889', '2026-01-15T04:50:09.818889');
INSERT INTO movie_cast (id, first_name, last_name, character_full_name, role, movie_id, created_at, updated_at) VALUES ('2bda4128-c216-44d6-8cf8-e82578232d40', 'John', 'Williams', 'Character 2', 'lead', '3925b907-338a-434c-ac84-97ce8b901b57', '2026-01-15T04:50:09.818917', '2026-01-15T04:50:09.818917');
INSERT INTO movie_cast (id, first_name, last_name, character_full_name, role, movie_id, created_at, updated_at) VALUES ('aac253a3-af9e-4f2c-b3ce-56bdc1339b1a', 'Sarah', 'Brown', 'Character 3', 'lead', '3925b907-338a-434c-ac84-97ce8b901b57', '2026-01-15T04:50:09.818945', '2026-01-15T04:50:09.818945');
INSERT INTO movie_cast (id, first_name, last_name, character_full_name, role, movie_id, created_at, updated_at) VALUES ('bfa2052a-94c8-496f-bd6e-8ef8227efa95', 'Michael', 'Brown', 'Character 4', 'lead', '3925b907-338a-434c-ac84-97ce8b901b57', '2026-01-15T04:50:09.818973', '2026-01-15T04:50:09.818973');
INSERT INTO movie_cast (id, first_name, last_name, character_full_name, role, movie_id, created_at, updated_at) VALUES ('1eb445f3-ba12-4aac-a365-5b9698e1eb08', 'Michael', 'Johnson', 'Character 5', 'supporting', '3925b907-338a-434c-ac84-97ce8b901b57', '2026-01-15T04:50:09.819004', '2026-01-15T04:50:09.819004');
INSERT INTO movie_cast (id, first_name, last_name, character_full_name, role, movie_id, created_at, updated_at) VALUES ('26191a71-2c17-462b-b1d2-d134abc37f17', 'John', 'Williams', 'Character 1', 'supporting', '29b5d409-e7e4-45c8-b53d-8a2228813900', '2026-01-15T04:50:09.819034', '2026-01-15T04:50:09.819034');
INSERT INTO movie_cast (id, first_name, last_name, character_full_name, role, movie_id, created_at, updated_at) VALUES ('4abf2dee-f8ab-47c2-8bab-c024993ee91e', 'Emma', 'Brown', 'Character 2', 'cameo', '29b5d409-e7e4-45c8-b53d-8a2228813900', '2026-01-15T04:50:09.819062', '2026-01-15T04:50:09.819062');
INSERT INTO movie_cast (id, first_name, last_name, character_full_name, role, movie_id, created_at, updated_at) VALUES ('156f72e1-7eac-4931-9739-4d0c08d6a32e', 'Sarah', 'Brown', 'Character 3', 'lead', '29b5d409-e7e4-45c8-b53d-8a2228813900', '2026-01-15T04:50:09.819089', '2026-01-15T04:50:09.819089');
INSERT INTO movie_cast (id, first_name, last_name, character_full_name, role, movie_id, created_at, updated_at) VALUES ('72296202-09bd-4529-a677-cf18f4a6f4bd', 'Jane', 'Williams', 'Character 4', 'supporting', '29b5d409-e7e4-45c8-b53d-8a2228813900', '2026-01-15T04:50:09.819118', '2026-01-15T04:50:09.819118');
INSERT INTO movie_cast (id, first_name, last_name, character_full_name, role, movie_id, created_at, updated_at) VALUES ('a9de5982-1125-4350-bdf8-ba9f1e94c385', 'Michael', 'Smith', 'Character 5', 'lead', '29b5d409-e7e4-45c8-b53d-8a2228813900', '2026-01-15T04:50:09.819153', '2026-01-15T04:50:09.819153');
INSERT INTO movie_cast (id, first_name, last_name, character_full_name, role, movie_id, created_at, updated_at) VALUES ('139a4168-06bd-4056-8ee9-580d2caa2914', 'Jane', 'Brown', 'Character 1', 'supporting', 'b337a662-b22a-4a47-a22b-a45881dcc6b3', '2026-01-15T04:50:09.819197', '2026-01-15T04:50:09.819197');
INSERT INTO movie_cast (id, first_name, last_name, character_full_name, role, movie_id, created_at, updated_at) VALUES ('5a5a9d8b-afb0-4fd0-a80d-fce3aa5091ab', 'Jane', 'Jones', 'Character 2', 'cameo', 'b337a662-b22a-4a47-a22b-a45881dcc6b3', '2026-01-15T04:50:09.819248', '2026-01-15T04:50:09.819248');
INSERT INTO movie_cast (id, first_name, last_name, character_full_name, role, movie_id, created_at, updated_at) VALUES ('d8435a9c-18a5-4b72-ac18-f8c18dfc0815', 'David', 'Williams', 'Character 3', 'supporting', 'b337a662-b22a-4a47-a22b-a45881dcc6b3', '2026-01-15T04:50:09.819290', '2026-01-15T04:50:09.819290');
INSERT INTO movie_cast (id, first_name, last_name, character_full_name, role, movie_id, created_at, updated_at) VALUES ('642f5675-950a-446c-a37e-d9658b77f91d', 'John', 'Williams', 'Character 4', 'cameo', 'b337a662-b22a-4a47-a22b-a45881dcc6b3', '2026-01-15T04:50:09.819331', '2026-01-15T04:50:09.819331');
INSERT INTO movie_cast (id, first_name, last_name, character_full_name, role, movie_id, created_at, updated_at) VALUES ('8e04228c-fc85-47a6-8441-fdbb76b13349', 'John', 'Brown', 'Character 5', 'cameo', 'b337a662-b22a-4a47-a22b-a45881dcc6b3', '2026-01-15T04:50:09.819383', '2026-01-15T04:50:09.819383');
INSERT INTO movie_cast (id, first_name, last_name, character_full_name, role, movie_id, created_at, updated_at) VALUES ('37959e3e-12b3-40ce-ac48-cbdd26ccc38b', 'Emma', 'Jones', 'Character 1', 'cameo', 'd368c5ac-fce7-4c93-833e-f6fcb80b4b12', '2026-01-15T04:50:09.819425', '2026-01-15T04:50:09.819425');
INSERT INTO movie_cast (id, first_name, last_name, character_full_name, role, movie_id, created_at, updated_at) VALUES ('368ae2e2-da77-4662-95fc-ecb2d3dfd34b', 'Jane', 'Williams', 'Character 2', 'cameo', 'd368c5ac-fce7-4c93-833e-f6fcb80b4b12', '2026-01-15T04:50:09.819479', '2026-01-15T04:50:09.819479');
INSERT INTO movie_cast (id, first_name, last_name, character_full_name, role, movie_id, created_at, updated_at) VALUES ('33d00822-89cf-4623-aeac-1b9e4df67034', 'Michael', 'Smith', 'Character 3', 'cameo', 'd368c5ac-fce7-4c93-833e-f6fcb80b4b12', '2026-01-15T04:50:09.819521', '2026-01-15T04:50:09.819521');
INSERT INTO movie_cast (id, first_name, last_name, character_full_name, role, movie_id, created_at, updated_at) VALUES ('45534ad3-4387-49e3-9f1d-56ef824d284d', 'Michael', 'Jones', 'Character 4', 'lead', 'd368c5ac-fce7-4c93-833e-f6fcb80b4b12', '2026-01-15T04:50:09.819555', '2026-01-15T04:50:09.819555');
INSERT INTO movie_cast (id, first_name, last_name, character_full_name, role, movie_id, created_at, updated_at) VALUES ('8b2c7bd0-c970-4ff6-bcef-5bb5c138de96', 'David', 'Smith', 'Character 5', 'cameo', 'd368c5ac-fce7-4c93-833e-f6fcb80b4b12', '2026-01-15T04:50:09.819583', '2026-01-15T04:50:09.819583');
INSERT INTO movie_cast (id, first_name, last_name, character_full_name, role, movie_id, created_at, updated_at) VALUES ('6de772ed-9f1e-4118-8029-927a29686296', 'David', 'Brown', 'Character 1', 'lead', '1665b20f-3c2c-4e4c-93c2-16a3c7eaa67d', '2026-01-15T04:50:09.819617', '2026-01-15T04:50:09.819617');
INSERT INTO movie_cast (id, first_name, last_name, character_full_name, role, movie_id, created_at, updated_at) VALUES ('04ba2c16-b79b-44aa-ab8d-140a46b23c1d', 'Michael', 'Williams', 'Character 2', 'cameo', '1665b20f-3c2c-4e4c-93c2-16a3c7eaa67d', '2026-01-15T04:50:09.819647', '2026-01-15T04:50:09.819647');
INSERT INTO movie_cast (id, first_name, last_name, character_full_name, role, movie_id, created_at, updated_at) VALUES ('b335d540-7283-41ab-8604-8cf39c86b864', 'Emma', 'Williams', 'Character 3', 'cameo', '1665b20f-3c2c-4e4c-93c2-16a3c7eaa67d', '2026-01-15T04:50:09.819675', '2026-01-15T04:50:09.819675');
INSERT INTO movie_cast (id, first_name, last_name, character_full_name, role, movie_id, created_at, updated_at) VALUES ('dc39573b-1d11-4a93-b23c-4a7b36bdcacf', 'Michael', 'Williams', 'Character 4', 'lead', '1665b20f-3c2c-4e4c-93c2-16a3c7eaa67d', '2026-01-15T04:50:09.819703', '2026-01-15T04:50:09.819703');
INSERT INTO movie_cast (id, first_name, last_name, character_full_name, role, movie_id, created_at, updated_at) VALUES ('7941b62e-6119-4a50-ba3d-c2f3136dbf8e', 'Emma', 'Smith', 'Character 5', 'cameo', '1665b20f-3c2c-4e4c-93c2-16a3c7eaa67d', '2026-01-15T04:50:09.819730', '2026-01-15T04:50:09.819730');
INSERT INTO movie_cast (id, first_name, last_name, character_full_name, role, movie_id, created_at, updated_at) VALUES ('56b86493-e1a5-4fe3-b660-11308224d668', 'David', 'Williams', 'Character 1', 'supporting', '5e0d6820-41b9-43df-866c-cd1c753af635', '2026-01-15T04:50:09.819763', '2026-01-15T04:50:09.819763');
INSERT INTO movie_cast (id, first_name, last_name, character_full_name, role, movie_id, created_at, updated_at) VALUES ('24a9e133-d8ef-45ef-84a7-0ed42ac8f149', 'Emma', 'Johnson', 'Character 2', 'cameo', '5e0d6820-41b9-43df-866c-cd1c753af635', '2026-01-15T04:50:09.819791', '2026-01-15T04:50:09.819791');
INSERT INTO movie_cast (id, first_name, last_name, character_full_name, role, movie_id, created_at, updated_at) VALUES ('fb1efab0-5701-4d7b-be9c-4aee1c5cbf57', 'Jane', 'Smith', 'Character 3', 'supporting', '5e0d6820-41b9-43df-866c-cd1c753af635', '2026-01-15T04:50:09.819820', '2026-01-15T04:50:09.819820');
INSERT INTO movie_cast (id, first_name, last_name, character_full_name, role, movie_id, created_at, updated_at) VALUES ('f442473c-eae0-4dd6-9053-16d27bcfbd70', 'David', 'Smith', 'Character 4', 'supporting', '5e0d6820-41b9-43df-866c-cd1c753af635', '2026-01-15T04:50:09.819850', '2026-01-15T04:50:09.819850');
INSERT INTO movie_cast (id, first_name, last_name, character_full_name, role, movie_id, created_at, updated_at) VALUES ('cc6ea51a-b70f-4994-bd55-56e88318f04b', 'Sarah', 'Smith', 'Character 5', 'lead', '5e0d6820-41b9-43df-866c-cd1c753af635', '2026-01-15T04:50:09.819881', '2026-01-15T04:50:09.819881');
INSERT INTO movie_cast (id, first_name, last_name, character_full_name, role, movie_id, created_at, updated_at) VALUES ('fee8bcbf-ad65-4698-87a5-b9a2acc5bca4', 'Emma', 'Johnson', 'Character 1', 'supporting', 'f712fe68-a154-4f95-8744-6dcdd5c0442b', '2026-01-15T04:50:09.819921', '2026-01-15T04:50:09.819921');
INSERT INTO movie_cast (id, first_name, last_name, character_full_name, role, movie_id, created_at, updated_at) VALUES ('fd565e75-7c79-4858-a822-ba2b09a4a8e0', 'John', 'Smith', 'Character 2', 'lead', 'f712fe68-a154-4f95-8744-6dcdd5c0442b', '2026-01-15T04:50:09.819953', '2026-01-15T04:50:09.819953');
INSERT INTO movie_cast (id, first_name, last_name, character_full_name, role, movie_id, created_at, updated_at) VALUES ('5a523d1a-47f5-4bb3-b4d0-f6b815e028ac', 'John', 'Jones', 'Character 3', 'supporting', 'f712fe68-a154-4f95-8744-6dcdd5c0442b', '2026-01-15T04:50:09.819985', '2026-01-15T04:50:09.819985');
INSERT INTO movie_cast (id, first_name, last_name, character_full_name, role, movie_id, created_at, updated_at) VALUES ('3f171c81-bf3f-4e20-9348-b88f885ddfec', 'Jane', 'Brown', 'Character 4', 'supporting', 'f712fe68-a154-4f95-8744-6dcdd5c0442b', '2026-01-15T04:50:09.820018', '2026-01-15T04:50:09.820018');
INSERT INTO movie_cast (id, first_name, last_name, character_full_name, role, movie_id, created_at, updated_at) VALUES ('3b59a034-d982-4dfd-bb7b-eb40e847217a', 'Michael', 'Smith', 'Character 5', 'lead', 'f712fe68-a154-4f95-8744-6dcdd5c0442b', '2026-01-15T04:50:09.820051', '2026-01-15T04:50:09.820051');
INSERT INTO movie_cast (id, first_name, last_name, character_full_name, role, movie_id, created_at, updated_at) VALUES ('aeb32a43-fe3b-4556-b54d-a05da9ba5154', 'Jane', 'Smith', 'Character 1', 'cameo', '4b0141c3-f2d6-482a-80e9-96d8951ce56e', '2026-01-15T04:50:09.820083', '2026-01-15T04:50:09.820083');
INSERT INTO movie_cast (id, first_name, last_name, character_full_name, role, movie_id, created_at, updated_at) VALUES ('9edea631-f352-4b00-97a3-1c347dedb623', 'Michael', 'Smith', 'Character 2', 'cameo', '4b0141c3-f2d6-482a-80e9-96d8951ce56e', '2026-01-15T04:50:09.820123', '2026-01-15T04:50:09.820123');
INSERT INTO movie_cast (id, first_name, last_name, character_full_name, role, movie_id, created_at, updated_at) VALUES ('df24d11b-f970-418b-a30f-00bac7a4580d', 'Sarah', 'Johnson', 'Character 3', 'supporting', '4b0141c3-f2d6-482a-80e9-96d8951ce56e', '2026-01-15T04:50:09.820164', '2026-01-15T04:50:09.820164');
INSERT INTO movie_cast (id, first_name, last_name, character_full_name, role, movie_id, created_at, updated_at) VALUES ('bcd1d300-2289-4e15-9c7e-984f913ffff4', 'David', 'Williams', 'Character 4', 'supporting', '4b0141c3-f2d6-482a-80e9-96d8951ce56e', '2026-01-15T04:50:09.820214', '2026-01-15T04:50:09.820214');
INSERT INTO movie_cast (id, first_name, last_name, character_full_name, role, movie_id, created_at, updated_at) VALUES ('1295a7c2-d530-4288-8a51-0e92c73d8ae1', 'Emma', 'Brown', 'Character 5', 'cameo', '4b0141c3-f2d6-482a-80e9-96d8951ce56e', '2026-01-15T04:50:09.820249', '2026-01-15T04:50:09.820249');
INSERT INTO movie_cast (id, first_name, last_name, character_full_name, role, movie_id, created_at, updated_at) VALUES ('707b9b14-27fc-434c-b9e9-8af41036dcf8', 'Emma', 'Johnson', 'Character 1', 'cameo', '3619546c-7fc2-4189-b664-deffad7150de', '2026-01-15T04:50:09.820285', '2026-01-15T04:50:09.820285');
INSERT INTO movie_cast (id, first_name, last_name, character_full_name, role, movie_id, created_at, updated_at) VALUES ('b3b7315c-e1fb-4c0d-b550-8041806d3f8b', 'John', 'Brown', 'Character 2', 'supporting', '3619546c-7fc2-4189-b664-deffad7150de', '2026-01-15T04:50:09.820319', '2026-01-15T04:50:09.820319');
INSERT INTO movie_cast (id, first_name, last_name, character_full_name, role, movie_id, created_at, updated_at) VALUES ('ca819ad4-00e6-40a7-86ad-a9c5daa8adc1', 'David', 'Johnson', 'Character 3', 'supporting', '3619546c-7fc2-4189-b664-deffad7150de', '2026-01-15T04:50:09.820352', '2026-01-15T04:50:09.820352');
INSERT INTO movie_cast (id, first_name, last_name, character_full_name, role, movie_id, created_at, updated_at) VALUES ('90afaf44-b0ab-481b-81c9-215d55eb15c6', 'David', 'Johnson', 'Character 4', 'supporting', '3619546c-7fc2-4189-b664-deffad7150de', '2026-01-15T04:50:09.820396', '2026-01-15T04:50:09.820396');
INSERT INTO movie_cast (id, first_name, last_name, character_full_name, role, movie_id, created_at, updated_at) VALUES ('a14a16b1-583d-49cf-9b1c-cc3acc0b1233', 'Michael', 'Williams', 'Character 5', 'supporting', '3619546c-7fc2-4189-b664-deffad7150de', '2026-01-15T04:50:09.820434', '2026-01-15T04:50:09.820434');
INSERT INTO movie_cast (id, first_name, last_name, character_full_name, role, movie_id, created_at, updated_at) VALUES ('157f5402-c666-4d38-b1ca-94ab7b6cac66', 'David', 'Smith', 'Character 1', 'supporting', 'e61032a9-e577-46e8-b1fa-d827f355ab81', '2026-01-15T04:50:09.820471', '2026-01-15T04:50:09.820471');
INSERT INTO movie_cast (id, first_name, last_name, character_full_name, role, movie_id, created_at, updated_at) VALUES ('0c20a808-edbe-4ac2-9662-430069d28fd0', 'Emma', 'Williams', 'Character 2', 'cameo', 'e61032a9-e577-46e8-b1fa-d827f355ab81', '2026-01-15T04:50:09.820503', '2026-01-15T04:50:09.820503');
INSERT INTO movie_cast (id, first_name, last_name, character_full_name, role, movie_id, created_at, updated_at) VALUES ('826b1a01-bee3-4e7d-a756-86f4705f9e69', 'David', 'Smith', 'Character 3', 'supporting', 'e61032a9-e577-46e8-b1fa-d827f355ab81', '2026-01-15T04:50:09.820535', '2026-01-15T04:50:09.820535');
INSERT INTO movie_cast (id, first_name, last_name, character_full_name, role, movie_id, created_at, updated_at) VALUES ('510280a0-0f6c-42a8-b5ae-d48e26a90a0b', 'Jane', 'Jones', 'Character 4', 'lead', 'e61032a9-e577-46e8-b1fa-d827f355ab81', '2026-01-15T04:50:09.820572', '2026-01-15T04:50:09.820572');
INSERT INTO movie_cast (id, first_name, last_name, character_full_name, role, movie_id, created_at, updated_at) VALUES ('b400eda4-36a2-4bdd-8e35-50080c284c81', 'Emma', 'Johnson', 'Character 5', 'lead', 'e61032a9-e577-46e8-b1fa-d827f355ab81', '2026-01-15T04:50:09.820610', '2026-01-15T04:50:09.820610');
INSERT INTO movie_cast (id, first_name, last_name, character_full_name, role, movie_id, created_at, updated_at) VALUES ('b387767e-15b7-4aec-8c1a-dc5ab15ae43b', 'Emma', 'Johnson', 'Character 1', 'cameo', 'ea91eaf2-4fd9-4c66-b764-75959663e7d7', '2026-01-15T04:50:09.820652', '2026-01-15T04:50:09.820652');
INSERT INTO movie_cast (id, first_name, last_name, character_full_name, role, movie_id, created_at, updated_at) VALUES ('06acf23e-0e15-43a5-ba11-3a86c2f29075', 'Emma', 'Brown', 'Character 2', 'lead', 'ea91eaf2-4fd9-4c66-b764-75959663e7d7', '2026-01-15T04:50:09.820685', '2026-01-15T04:50:09.820685');
INSERT INTO movie_cast (id, first_name, last_name, character_full_name, role, movie_id, created_at, updated_at) VALUES ('a902f9a9-e987-4966-87e7-5d50ada09b6f', 'Michael', 'Brown', 'Character 3', 'cameo', 'ea91eaf2-4fd9-4c66-b764-75959663e7d7', '2026-01-15T04:50:09.820720', '2026-01-15T04:50:09.820720');
INSERT INTO movie_cast (id, first_name, last_name, character_full_name, role, movie_id, created_at, updated_at) VALUES ('7811d405-76b2-4f8d-bf22-3811ec2d30be', 'John', 'Williams', 'Character 4', 'cameo', 'ea91eaf2-4fd9-4c66-b764-75959663e7d7', '2026-01-15T04:50:09.820757', '2026-01-15T04:50:09.820757');
INSERT INTO movie_cast (id, first_name, last_name, character_full_name, role, movie_id, created_at, updated_at) VALUES ('3d28289b-55ea-436c-bf31-7f9fb64c7914', 'Emma', 'Jones', 'Character 5', 'supporting', 'ea91eaf2-4fd9-4c66-b764-75959663e7d7', '2026-01-15T04:50:09.820795', '2026-01-15T04:50:09.820795');
INSERT INTO movie_cast (id, first_name, last_name, character_full_name, role, movie_id, created_at, updated_at) VALUES ('0d82cab7-662b-4414-b9be-647ec607442d', 'Sarah', 'Smith', 'Character 1', 'supporting', 'aac3ecd4-c080-4cab-a4c7-eb71725dc888', '2026-01-15T04:50:09.820841', '2026-01-15T04:50:09.820841');
INSERT INTO movie_cast (id, first_name, last_name, character_full_name, role, movie_id, created_at, updated_at) VALUES ('24606edf-e3e3-4401-b987-eaadf243dd7d', 'Michael', 'Brown', 'Character 2', 'supporting', 'aac3ecd4-c080-4cab-a4c7-eb71725dc888', '2026-01-15T04:50:09.820873', '2026-01-15T04:50:09.820873');
INSERT INTO movie_cast (id, first_name, last_name, character_full_name, role, movie_id, created_at, updated_at) VALUES ('26bb22a5-8ae3-44f7-a4c0-d85a76aa7738', 'Michael', 'Smith', 'Character 3', 'cameo', 'aac3ecd4-c080-4cab-a4c7-eb71725dc888', '2026-01-15T04:50:09.820901', '2026-01-15T04:50:09.820901');
INSERT INTO movie_cast (id, first_name, last_name, character_full_name, role, movie_id, created_at, updated_at) VALUES ('7ce6f99a-fddc-45ea-a4ba-b899cd64d281', 'Sarah', 'Williams', 'Character 4', 'cameo', 'aac3ecd4-c080-4cab-a4c7-eb71725dc888', '2026-01-15T04:50:09.820928', '2026-01-15T04:50:09.820928');
INSERT INTO movie_cast (id, first_name, last_name, character_full_name, role, movie_id, created_at, updated_at) VALUES ('d31f58df-8722-4ce6-a6ed-501be6827422', 'John', 'Jones', 'Character 5', 'supporting', 'aac3ecd4-c080-4cab-a4c7-eb71725dc888', '2026-01-15T04:50:09.820959', '2026-01-15T04:50:09.820959');
INSERT INTO movie_cast (id, first_name, last_name, character_full_name, role, movie_id, created_at, updated_at) VALUES ('a139c499-f9a0-4d52-9aed-be1a639b6390', 'David', 'Johnson', 'Character 1', 'cameo', '135ee7d0-36e1-4e4a-890c-38777f132189', '2026-01-15T04:50:09.820995', '2026-01-15T04:50:09.820995');
INSERT INTO movie_cast (id, first_name, last_name, character_full_name, role, movie_id, created_at, updated_at) VALUES ('054b54db-80b4-4900-ba43-eeb64a60a5cb', 'David', 'Smith', 'Character 2', 'supporting', '135ee7d0-36e1-4e4a-890c-38777f132189', '2026-01-15T04:50:09.821024', '2026-01-15T04:50:09.821024');
INSERT INTO movie_cast (id, first_name, last_name, character_full_name, role, movie_id, created_at, updated_at) VALUES ('5d5305ef-fd9c-46dc-939d-e2242366f568', 'John', 'Jones', 'Character 3', 'supporting', '135ee7d0-36e1-4e4a-890c-38777f132189', '2026-01-15T04:50:09.821052', '2026-01-15T04:50:09.821052');
INSERT INTO movie_cast (id, first_name, last_name, character_full_name, role, movie_id, created_at, updated_at) VALUES ('008dae6f-b55a-4ed9-a58f-deddc05a97dc', 'David', 'Williams', 'Character 4', 'lead', '135ee7d0-36e1-4e4a-890c-38777f132189', '2026-01-15T04:50:09.821081', '2026-01-15T04:50:09.821081');
INSERT INTO movie_cast (id, first_name, last_name, character_full_name, role, movie_id, created_at, updated_at) VALUES ('17a7af35-c997-404e-8106-8a4262e1dbfd', 'Jane', 'Brown', 'Character 5', 'lead', '135ee7d0-36e1-4e4a-890c-38777f132189', '2026-01-15T04:50:09.821110', '2026-01-15T04:50:09.821110');
INSERT INTO movie_cast (id, first_name, last_name, character_full_name, role, movie_id, created_at, updated_at) VALUES ('1328ef6c-383d-420e-878c-003dbbdce3ca', 'Jane', 'Johnson', 'Character 1', 'lead', 'cb65f754-6b3f-4513-b293-84bd14d71483', '2026-01-15T04:50:09.821139', '2026-01-15T04:50:09.821139');
INSERT INTO movie_cast (id, first_name, last_name, character_full_name, role, movie_id, created_at, updated_at) VALUES ('8d5e7a58-0abe-45b3-9290-8f529fdb6a68', 'Emma', 'Smith', 'Character 2', 'supporting', 'cb65f754-6b3f-4513-b293-84bd14d71483', '2026-01-15T04:50:09.821167', '2026-01-15T04:50:09.821167');
INSERT INTO movie_cast (id, first_name, last_name, character_full_name, role, movie_id, created_at, updated_at) VALUES ('ab9b63d6-431c-402f-b720-28cc1d87b2f5', 'John', 'Brown', 'Character 3', 'supporting', 'cb65f754-6b3f-4513-b293-84bd14d71483', '2026-01-15T04:50:09.821195', '2026-01-15T04:50:09.821195');
INSERT INTO movie_cast (id, first_name, last_name, character_full_name, role, movie_id, created_at, updated_at) VALUES ('8edebf76-7499-4233-bd0f-042cda81d9d4', 'John', 'Brown', 'Character 4', 'cameo', 'cb65f754-6b3f-4513-b293-84bd14d71483', '2026-01-15T04:50:09.821226', '2026-01-15T04:50:09.821226');
INSERT INTO movie_cast (id, first_name, last_name, character_full_name, role, movie_id, created_at, updated_at) VALUES ('dca18934-e1e4-4fd6-8808-f7de18bee977', 'Sarah', 'Jones', 'Character 5', 'cameo', 'cb65f754-6b3f-4513-b293-84bd14d71483', '2026-01-15T04:50:09.821254', '2026-01-15T04:50:09.821254');
INSERT INTO movie_cast (id, first_name, last_name, character_full_name, role, movie_id, created_at, updated_at) VALUES ('4815b07d-19c6-486d-8eae-adcb896da0cd', 'Sarah', 'Brown', 'Character 1', 'lead', '3eee00e4-902e-4371-8066-2edeccba650e', '2026-01-15T04:50:09.821283', '2026-01-15T04:50:09.821283');
INSERT INTO movie_cast (id, first_name, last_name, character_full_name, role, movie_id, created_at, updated_at) VALUES ('efecb4e7-1181-43d1-9489-48afdc05c589', 'Michael', 'Williams', 'Character 2', 'lead', '3eee00e4-902e-4371-8066-2edeccba650e', '2026-01-15T04:50:09.821311', '2026-01-15T04:50:09.821311');
INSERT INTO movie_cast (id, first_name, last_name, character_full_name, role, movie_id, created_at, updated_at) VALUES ('00fa5467-1f56-49f5-a17d-23ab32fbd879', 'Michael', 'Brown', 'Character 3', 'lead', '3eee00e4-902e-4371-8066-2edeccba650e', '2026-01-15T04:50:09.821340', '2026-01-15T04:50:09.821340');
INSERT INTO movie_cast (id, first_name, last_name, character_full_name, role, movie_id, created_at, updated_at) VALUES ('cfc4ae58-b981-4750-b65a-f43836c436a0', 'Emma', 'Jones', 'Character 4', 'supporting', '3eee00e4-902e-4371-8066-2edeccba650e', '2026-01-15T04:50:09.821369', '2026-01-15T04:50:09.821369');
INSERT INTO movie_cast (id, first_name, last_name, character_full_name, role, movie_id, created_at, updated_at) VALUES ('b0dc4b6b-c3b6-4c22-84c3-b1b19490d7b1', 'John', 'Brown', 'Character 5', 'lead', '3eee00e4-902e-4371-8066-2edeccba650e', '2026-01-15T04:50:09.821398', '2026-01-15T04:50:09.821398');
INSERT INTO movie_writers (id, first_name, last_name, movie_id, created_at, updated_at) VALUES ('067b29b6-f4e0-4685-8cd7-4d612914c362', 'Linda', 'Moore', 'be4c4fcd-19ea-4ed5-92ba-d8d99503ab91', '2026-01-15T04:50:09.822604', '2026-01-15T04:50:09.822604');
INSERT INTO movie_writers (id, first_name, last_name, movie_id, created_at, updated_at) VALUES ('e6766f18-125a-4314-935d-9cefd1c3f9f0', 'Mark', 'Lewis', 'be4c4fcd-19ea-4ed5-92ba-d8d99503ab91', '2026-01-15T04:50:09.822673', '2026-01-15T04:50:09.822673');
INSERT INTO movie_writers (id, first_name, last_name, movie_id, created_at, updated_at) VALUES ('6f8214a7-6c45-444d-a4af-2e9cef925768', 'Mark', 'Clark', '2a2fd2ea-8c8f-486c-a6c1-f0e819353082', '2026-01-15T04:50:09.822720', '2026-01-15T04:50:09.822720');
INSERT INTO movie_writers (id, first_name, last_name, movie_id, created_at, updated_at) VALUES ('90ea4262-4db0-45ac-963d-3bb1ea7b5200', 'Aaron', 'Clark', '2a2fd2ea-8c8f-486c-a6c1-f0e819353082', '2026-01-15T04:50:09.822761', '2026-01-15T04:50:09.822761');
INSERT INTO movie_writers (id, first_name, last_name, movie_id, created_at, updated_at) VALUES ('3061bad7-e714-43c2-9d10-900a4afbdb8b', 'Linda', 'Moore', '75ea471f-8294-46ef-be37-40ab06fc0dc7', '2026-01-15T04:50:09.822794', '2026-01-15T04:50:09.822794');
INSERT INTO movie_writers (id, first_name, last_name, movie_id, created_at, updated_at) VALUES ('78887695-c872-44ac-8c7c-7fd70a36e2fd', 'Linda', 'Clark', '75ea471f-8294-46ef-be37-40ab06fc0dc7', '2026-01-15T04:50:09.822821', '2026-01-15T04:50:09.822821');
INSERT INTO movie_writers (id, first_name, last_name, movie_id, created_at, updated_at) VALUES ('4b9574e9-b50f-4911-b994-c1068bd954c6', 'Mark', 'Anderson', 'e4232a9c-3eeb-48fa-ae62-9f4457857ae3', '2026-01-15T04:50:09.822851', '2026-01-15T04:50:09.822851');
INSERT INTO movie_writers (id, first_name, last_name, movie_id, created_at, updated_at) VALUES ('f659dbeb-283c-4c61-a6e8-624fe8e8a6df', 'Mark', 'Lewis', 'e4232a9c-3eeb-48fa-ae62-9f4457857ae3', '2026-01-15T04:50:09.822877', '2026-01-15T04:50:09.822877');
INSERT INTO movie_writers (id, first_name, last_name, movie_id, created_at, updated_at) VALUES ('08e89a4b-e1c5-42bf-a1c1-2fb158196441', 'Mark', 'Moore', '21c3402b-d663-47e7-b2c8-b04f11674791', '2026-01-15T04:50:09.822906', '2026-01-15T04:50:09.822906');
INSERT INTO movie_writers (id, first_name, last_name, movie_id, created_at, updated_at) VALUES ('f84f3f6e-7573-4aef-bf31-3bc20fbc2b98', 'Aaron', 'Taylor', '21c3402b-d663-47e7-b2c8-b04f11674791', '2026-01-15T04:50:09.822932', '2026-01-15T04:50:09.822932');
INSERT INTO movie_writers (id, first_name, last_name, movie_id, created_at, updated_at) VALUES ('80e6c6c7-eddb-4315-8074-54c6cf5cebe7', 'Chris', 'Taylor', 'e748d106-7618-4aa2-8a2f-5cafdb4145db', '2026-01-15T04:50:09.822959', '2026-01-15T04:50:09.822959');
INSERT INTO movie_writers (id, first_name, last_name, movie_id, created_at, updated_at) VALUES ('b2382ca8-4c44-4976-b412-ad1fd451e7e6', 'Linda', 'Taylor', 'e748d106-7618-4aa2-8a2f-5cafdb4145db', '2026-01-15T04:50:09.822990', '2026-01-15T04:50:09.822990');
INSERT INTO movie_writers (id, first_name, last_name, movie_id, created_at, updated_at) VALUES ('12e2fce5-5114-460e-9cb6-3b46a6722cc3', 'Aaron', 'Lewis', '3925b907-338a-434c-ac84-97ce8b901b57', '2026-01-15T04:50:09.823017', '2026-01-15T04:50:09.823017');
INSERT INTO movie_writers (id, first_name, last_name, movie_id, created_at, updated_at) VALUES ('dbfdfb83-4f42-4006-b222-39461f5057c8', 'Sophia', 'Lewis', '3925b907-338a-434c-ac84-97ce8b901b57', '2026-01-15T04:50:09.823043', '2026-01-15T04:50:09.823043');
INSERT INTO movie_writers (id, first_name, last_name, movie_id, created_at, updated_at) VALUES ('28688d51-2679-4ede-a52e-f299f4dc7b43', 'Sophia', 'Taylor', '29b5d409-e7e4-45c8-b53d-8a2228813900', '2026-01-15T04:50:09.823071', '2026-01-15T04:50:09.823071');
INSERT INTO movie_writers (id, first_name, last_name, movie_id, created_at, updated_at) VALUES ('be009bd2-7a7d-44d9-9202-0ee38401b4ed', 'Chris', 'Moore', '29b5d409-e7e4-45c8-b53d-8a2228813900', '2026-01-15T04:50:09.823096', '2026-01-15T04:50:09.823096');
INSERT INTO movie_writers (id, first_name, last_name, movie_id, created_at, updated_at) VALUES ('a12ba967-e91c-44f4-8356-32b6c7162724', 'Linda', 'Moore', 'b337a662-b22a-4a47-a22b-a45881dcc6b3', '2026-01-15T04:50:09.823124', '2026-01-15T04:50:09.823124');
INSERT INTO movie_writers (id, first_name, last_name, movie_id, created_at, updated_at) VALUES ('1263c9f0-9dd9-4092-b6ba-854570e2532b', 'Chris', 'Lewis', 'b337a662-b22a-4a47-a22b-a45881dcc6b3', '2026-01-15T04:50:09.823150', '2026-01-15T04:50:09.823150');
INSERT INTO movie_writers (id, first_name, last_name, movie_id, created_at, updated_at) VALUES ('6066e880-cef2-4b6c-a26f-ba04487ae4f8', 'Sophia', 'Clark', 'd368c5ac-fce7-4c93-833e-f6fcb80b4b12', '2026-01-15T04:50:09.823178', '2026-01-15T04:50:09.823178');
INSERT INTO movie_writers (id, first_name, last_name, movie_id, created_at, updated_at) VALUES ('6b3f4453-1c21-43bb-86ec-4eb884e54cfb', 'Linda', 'Anderson', 'd368c5ac-fce7-4c93-833e-f6fcb80b4b12', '2026-01-15T04:50:09.823208', '2026-01-15T04:50:09.823208');
INSERT INTO movie_writers (id, first_name, last_name, movie_id, created_at, updated_at) VALUES ('6818314c-97f3-470b-9a17-8d87e9508e90', 'Chris', 'Taylor', '1665b20f-3c2c-4e4c-93c2-16a3c7eaa67d', '2026-01-15T04:50:09.823239', '2026-01-15T04:50:09.823239');
INSERT INTO movie_writers (id, first_name, last_name, movie_id, created_at, updated_at) VALUES ('1332d1a1-e8d4-441c-92c4-31749ca1a504', 'Linda', 'Anderson', '1665b20f-3c2c-4e4c-93c2-16a3c7eaa67d', '2026-01-15T04:50:09.823266', '2026-01-15T04:50:09.823266');
INSERT INTO movie_writers (id, first_name, last_name, movie_id, created_at, updated_at) VALUES ('0adc5fe4-b885-4373-ac4c-916270b350d4', 'Aaron', 'Taylor', '5e0d6820-41b9-43df-866c-cd1c753af635', '2026-01-15T04:50:09.823294', '2026-01-15T04:50:09.823294');
INSERT INTO movie_writers (id, first_name, last_name, movie_id, created_at, updated_at) VALUES ('151db035-c778-4652-b38f-7ff56d3cd648', 'Linda', 'Lewis', '5e0d6820-41b9-43df-866c-cd1c753af635', '2026-01-15T04:50:09.823321', '2026-01-15T04:50:09.823321');
INSERT INTO movie_writers (id, first_name, last_name, movie_id, created_at, updated_at) VALUES ('d6744fde-9c94-42a1-9f25-2881f639b676', 'Sophia', 'Anderson', 'f712fe68-a154-4f95-8744-6dcdd5c0442b', '2026-01-15T04:50:09.823349', '2026-01-15T04:50:09.823349');
INSERT INTO movie_writers (id, first_name, last_name, movie_id, created_at, updated_at) VALUES ('0b26859f-8687-4e81-945a-5d275a12db57', 'Chris', 'Clark', 'f712fe68-a154-4f95-8744-6dcdd5c0442b', '2026-01-15T04:50:09.823375', '2026-01-15T04:50:09.823375');
INSERT INTO movie_writers (id, first_name, last_name, movie_id, created_at, updated_at) VALUES ('03c36a5a-8284-4937-bc45-0ab3c3a4d213', 'Aaron', 'Taylor', '4b0141c3-f2d6-482a-80e9-96d8951ce56e', '2026-01-15T04:50:09.823403', '2026-01-15T04:50:09.823403');
INSERT INTO movie_writers (id, first_name, last_name, movie_id, created_at, updated_at) VALUES ('a00df971-7127-44a7-a723-418c88f81ac8', 'Linda', 'Taylor', '4b0141c3-f2d6-482a-80e9-96d8951ce56e', '2026-01-15T04:50:09.823432', '2026-01-15T04:50:09.823432');
INSERT INTO movie_writers (id, first_name, last_name, movie_id, created_at, updated_at) VALUES ('1b0f058a-0eb4-4dd5-b5f2-1312f0c9ba3a', 'Linda', 'Anderson', '3619546c-7fc2-4189-b664-deffad7150de', '2026-01-15T04:50:09.823460', '2026-01-15T04:50:09.823460');
INSERT INTO movie_writers (id, first_name, last_name, movie_id, created_at, updated_at) VALUES ('a13af537-b22b-44ad-a121-92c8db745245', 'Sophia', 'Clark', '3619546c-7fc2-4189-b664-deffad7150de', '2026-01-15T04:50:09.823487', '2026-01-15T04:50:09.823487');
INSERT INTO movie_writers (id, first_name, last_name, movie_id, created_at, updated_at) VALUES ('6dd63644-641d-4be5-8b9c-e35db32609f4', 'Chris', 'Clark', 'e61032a9-e577-46e8-b1fa-d827f355ab81', '2026-01-15T04:50:09.823514', '2026-01-15T04:50:09.823514');
INSERT INTO movie_writers (id, first_name, last_name, movie_id, created_at, updated_at) VALUES ('f0f17368-8ddd-4277-b443-1a923546346c', 'Sophia', 'Taylor', 'e61032a9-e577-46e8-b1fa-d827f355ab81', '2026-01-15T04:50:09.823540', '2026-01-15T04:50:09.823540');
INSERT INTO movie_writers (id, first_name, last_name, movie_id, created_at, updated_at) VALUES ('511f20a3-5cc2-42a7-9120-fe27a4e40219', 'Chris', 'Lewis', 'ea91eaf2-4fd9-4c66-b764-75959663e7d7', '2026-01-15T04:50:09.823568', '2026-01-15T04:50:09.823568');
INSERT INTO movie_writers (id, first_name, last_name, movie_id, created_at, updated_at) VALUES ('b6be7456-493d-4ee5-aa62-7101686ebc45', 'Mark', 'Lewis', 'ea91eaf2-4fd9-4c66-b764-75959663e7d7', '2026-01-15T04:50:09.823594', '2026-01-15T04:50:09.823594');
INSERT INTO movie_writers (id, first_name, last_name, movie_id, created_at, updated_at) VALUES ('5c9c1f43-5639-4c43-995e-b5c4a8c6f36b', 'Linda', 'Clark', 'aac3ecd4-c080-4cab-a4c7-eb71725dc888', '2026-01-15T04:50:09.823622', '2026-01-15T04:50:09.823622');
INSERT INTO movie_writers (id, first_name, last_name, movie_id, created_at, updated_at) VALUES ('87623e42-5d83-4f72-ac31-845a025dbef1', 'Sophia', 'Clark', 'aac3ecd4-c080-4cab-a4c7-eb71725dc888', '2026-01-15T04:50:09.823651', '2026-01-15T04:50:09.823651');
INSERT INTO movie_writers (id, first_name, last_name, movie_id, created_at, updated_at) VALUES ('7bfb18a3-29fd-41a9-b7c6-e6b7867790c1', 'Aaron', 'Clark', '135ee7d0-36e1-4e4a-890c-38777f132189', '2026-01-15T04:50:09.823678', '2026-01-15T04:50:09.823678');
INSERT INTO movie_writers (id, first_name, last_name, movie_id, created_at, updated_at) VALUES ('cd696fcc-cead-4049-b1c2-1ad43c647da6', 'Linda', 'Lewis', '135ee7d0-36e1-4e4a-890c-38777f132189', '2026-01-15T04:50:09.823735', '2026-01-15T04:50:09.823735');
INSERT INTO movie_writers (id, first_name, last_name, movie_id, created_at, updated_at) VALUES ('8a65527d-d863-41fb-b383-56c6f7b89a95', 'Mark', 'Taylor', 'cb65f754-6b3f-4513-b293-84bd14d71483', '2026-01-15T04:50:09.823765', '2026-01-15T04:50:09.823765');
INSERT INTO movie_writers (id, first_name, last_name, movie_id, created_at, updated_at) VALUES ('c84eb394-c1db-46f3-bc8c-fa581dc10aff', 'Mark', 'Lewis', 'cb65f754-6b3f-4513-b293-84bd14d71483', '2026-01-15T04:50:09.823790', '2026-01-15T04:50:09.823790');
INSERT INTO movie_writers (id, first_name, last_name, movie_id, created_at, updated_at) VALUES ('b4623235-f758-4b25-a808-c18f84330e57', 'Mark', 'Lewis', '3eee00e4-902e-4371-8066-2edeccba650e', '2026-01-15T04:50:09.823818', '2026-01-15T04:50:09.823818');
INSERT INTO movie_writers (id, first_name, last_name, movie_id, created_at, updated_at) VALUES ('7f4f0118-6984-4674-9da5-596beeef935f', 'Chris', 'Clark', '3eee00e4-902e-4371-8066-2edeccba650e', '2026-01-15T04:50:09.823843', '2026-01-15T04:50:09.823843');
INSERT INTO movie_ratings (id, source, value, movie_id, created_at, updated_at) VALUES ('247b20f8-ff84-4484-ac13-a61eedf1485c', 'imdb', 8.9, 'be4c4fcd-19ea-4ed5-92ba-d8d99503ab91', '2026-01-15T04:50:09.824070', '2026-01-15T04:50:09.824070');
INSERT INTO movie_ratings (id, source, value, movie_id, created_at, updated_at) VALUES ('cdb7dd1e-424f-4b1c-ab6f-a9ec94f0c819', 'rotten_tomatoes', 7.2, 'be4c4fcd-19ea-4ed5-92ba-d8d99503ab91', '2026-01-15T04:50:09.824140', '2026-01-15T04:50:09.824140');
INSERT INTO movie_ratings (id, source, value, movie_id, created_at, updated_at) VALUES ('97d7e520-02e5-47bf-8043-e014801da252', 'imdb', 8.1, '2a2fd2ea-8c8f-486c-a6c1-f0e819353082', '2026-01-15T04:50:09.824195', '2026-01-15T04:50:09.824195');
INSERT INTO movie_ratings (id, source, value, movie_id, created_at, updated_at) VALUES ('999e09b5-6325-403a-a711-deb70a008ff0', 'rotten_tomatoes', 9.0, '2a2fd2ea-8c8f-486c-a6c1-f0e819353082', '2026-01-15T04:50:09.824250', '2026-01-15T04:50:09.824250');
INSERT INTO movie_ratings (id, source, value, movie_id, created_at, updated_at) VALUES ('cc2b876a-ed89-4527-a319-8a1484aff435', 'imdb', 7.7, '75ea471f-8294-46ef-be37-40ab06fc0dc7', '2026-01-15T04:50:09.824306', '2026-01-15T04:50:09.824306');
INSERT INTO movie_ratings (id, source, value, movie_id, created_at, updated_at) VALUES ('1e6c632b-7a9f-43da-b449-56456273ec8f', 'rotten_tomatoes', 6.6, '75ea471f-8294-46ef-be37-40ab06fc0dc7', '2026-01-15T04:50:09.824354', '2026-01-15T04:50:09.824354');
INSERT INTO movie_ratings (id, source, value, movie_id, created_at, updated_at) VALUES ('ee231810-ad46-418e-b832-b0586dfb6dd1', 'imdb', 7.6, 'e4232a9c-3eeb-48fa-ae62-9f4457857ae3', '2026-01-15T04:50:09.824406', '2026-01-15T04:50:09.824406');
INSERT INTO movie_ratings (id, source, value, movie_id, created_at, updated_at) VALUES ('a6cfe791-6206-4110-8e36-46e84bb75b34', 'rotten_tomatoes', 6.1, 'e4232a9c-3eeb-48fa-ae62-9f4457857ae3', '2026-01-15T04:50:09.824463', '2026-01-15T04:50:09.824463');
INSERT INTO movie_ratings (id, source, value, movie_id, created_at, updated_at) VALUES ('db775809-aa8b-4bfb-87e6-774760d11be8', 'imdb', 8.7, '21c3402b-d663-47e7-b2c8-b04f11674791', '2026-01-15T04:50:09.824518', '2026-01-15T04:50:09.824518');
INSERT INTO movie_ratings (id, source, value, movie_id, created_at, updated_at) VALUES ('457dad08-bb9f-4ae9-8535-a5c0f4385fe0', 'rotten_tomatoes', 6.5, '21c3402b-d663-47e7-b2c8-b04f11674791', '2026-01-15T04:50:09.824568', '2026-01-15T04:50:09.824568');
INSERT INTO movie_ratings (id, source, value, movie_id, created_at, updated_at) VALUES ('3646dcc7-f953-41d3-8033-f1040acbaf06', 'imdb', 8.2, 'e748d106-7618-4aa2-8a2f-5cafdb4145db', '2026-01-15T04:50:09.824625', '2026-01-15T04:50:09.824625');
INSERT INTO movie_ratings (id, source, value, movie_id, created_at, updated_at) VALUES ('749138f3-768c-4307-87cf-9d02c91fe64f', 'rotten_tomatoes', 6.7, 'e748d106-7618-4aa2-8a2f-5cafdb4145db', '2026-01-15T04:50:09.824663', '2026-01-15T04:50:09.824663');
INSERT INTO movie_ratings (id, source, value, movie_id, created_at, updated_at) VALUES ('8f818fbf-f70c-41c6-bc73-13fb1cbb95cf', 'imdb', 8.9, '3925b907-338a-434c-ac84-97ce8b901b57', '2026-01-15T04:50:09.824696', '2026-01-15T04:50:09.824696');
INSERT INTO movie_ratings (id, source, value, movie_id, created_at, updated_at) VALUES ('da7c6c1a-51d8-4553-9996-1c8a3b0265ab', 'rotten_tomatoes', 7.0, '3925b907-338a-434c-ac84-97ce8b901b57', '2026-01-15T04:50:09.824726', '2026-01-15T04:50:09.824726');
INSERT INTO movie_ratings (id, source, value, movie_id, created_at, updated_at) VALUES ('8d9a592e-4538-4dc8-a59f-3cd62d8c6a4f', 'imdb', 6.2, '29b5d409-e7e4-45c8-b53d-8a2228813900', '2026-01-15T04:50:09.824754', '2026-01-15T04:50:09.824754');
INSERT INTO movie_ratings (id, source, value, movie_id, created_at, updated_at) VALUES ('df640979-04a6-4ad5-9a22-de551138446b', 'rotten_tomatoes', 8.7, '29b5d409-e7e4-45c8-b53d-8a2228813900', '2026-01-15T04:50:09.824787', '2026-01-15T04:50:09.824787');
INSERT INTO movie_ratings (id, source, value, movie_id, created_at, updated_at) VALUES ('34e4d92c-8d27-484e-8375-727bf3806617', 'imdb', 6.6, 'b337a662-b22a-4a47-a22b-a45881dcc6b3', '2026-01-15T04:50:09.824816', '2026-01-15T04:50:09.824816');
INSERT INTO movie_ratings (id, source, value, movie_id, created_at, updated_at) VALUES ('f628f559-1ef1-42af-b2cd-0910b724a08f', 'rotten_tomatoes', 7.3, 'b337a662-b22a-4a47-a22b-a45881dcc6b3', '2026-01-15T04:50:09.824845', '2026-01-15T04:50:09.824845');
INSERT INTO movie_ratings (id, source, value, movie_id, created_at, updated_at) VALUES ('3627bb99-a30b-47be-882e-3d97cff91a01', 'imdb', 8.2, 'd368c5ac-fce7-4c93-833e-f6fcb80b4b12', '2026-01-15T04:50:09.824874', '2026-01-15T04:50:09.824874');
INSERT INTO movie_ratings (id, source, value, movie_id, created_at, updated_at) VALUES ('d8b11ee9-f149-4240-a2aa-c4ac43950389', 'rotten_tomatoes', 8.5, 'd368c5ac-fce7-4c93-833e-f6fcb80b4b12', '2026-01-15T04:50:09.824902', '2026-01-15T04:50:09.824902');
INSERT INTO movie_ratings (id, source, value, movie_id, created_at, updated_at) VALUES ('9d0f3a81-275a-4622-b7f0-409dd0d84241', 'imdb', 6.8, '1665b20f-3c2c-4e4c-93c2-16a3c7eaa67d', '2026-01-15T04:50:09.824931', '2026-01-15T04:50:09.824931');
INSERT INTO movie_ratings (id, source, value, movie_id, created_at, updated_at) VALUES ('423ecc22-8816-474c-b20c-e3920fdb3dee', 'rotten_tomatoes', 6.1, '1665b20f-3c2c-4e4c-93c2-16a3c7eaa67d', '2026-01-15T04:50:09.824970', '2026-01-15T04:50:09.824970');
INSERT INTO movie_ratings (id, source, value, movie_id, created_at, updated_at) VALUES ('27b2f748-0f96-4896-b07d-490697dfbe61', 'imdb', 7.8, '5e0d6820-41b9-43df-866c-cd1c753af635', '2026-01-15T04:50:09.825000', '2026-01-15T04:50:09.825000');
INSERT INTO movie_ratings (id, source, value, movie_id, created_at, updated_at) VALUES ('853d6365-a9a0-4644-9a64-01e8a5926b85', 'rotten_tomatoes', 7.4, '5e0d6820-41b9-43df-866c-cd1c753af635', '2026-01-15T04:50:09.825033', '2026-01-15T04:50:09.825033');
INSERT INTO movie_ratings (id, source, value, movie_id, created_at, updated_at) VALUES ('3c4d5adf-9b02-440b-a37d-6bf32a19cca3', 'imdb', 6.0, 'f712fe68-a154-4f95-8744-6dcdd5c0442b', '2026-01-15T04:50:09.825063', '2026-01-15T04:50:09.825063');
INSERT INTO movie_ratings (id, source, value, movie_id, created_at, updated_at) VALUES ('b576306d-811e-4e36-b4ee-5385f47ad395', 'rotten_tomatoes', 7.2, 'f712fe68-a154-4f95-8744-6dcdd5c0442b', '2026-01-15T04:50:09.825091', '2026-01-15T04:50:09.825091');
INSERT INTO movie_ratings (id, source, value, movie_id, created_at, updated_at) VALUES ('61117b3f-d97b-4fbd-8e9a-2c3034722dfa', 'imdb', 8.3, '4b0141c3-f2d6-482a-80e9-96d8951ce56e', '2026-01-15T04:50:09.825120', '2026-01-15T04:50:09.825120');
INSERT INTO movie_ratings (id, source, value, movie_id, created_at, updated_at) VALUES ('d892a8c3-1dff-4d36-84cf-02dece9dda9e', 'rotten_tomatoes', 6.2, '4b0141c3-f2d6-482a-80e9-96d8951ce56e', '2026-01-15T04:50:09.825149', '2026-01-15T04:50:09.825149');
INSERT INTO movie_ratings (id, source, value, movie_id, created_at, updated_at) VALUES ('eca7a31a-a194-453c-950e-55547ae8ff12', 'imdb', 8.4, '3619546c-7fc2-4189-b664-deffad7150de', '2026-01-15T04:50:09.825177', '2026-01-15T04:50:09.825177');
INSERT INTO movie_ratings (id, source, value, movie_id, created_at, updated_at) VALUES ('12494309-8d4b-4cf3-b858-fbfa70c30d9f', 'rotten_tomatoes', 9.2, '3619546c-7fc2-4189-b664-deffad7150de', '2026-01-15T04:50:09.825205', '2026-01-15T04:50:09.825205');
INSERT INTO movie_ratings (id, source, value, movie_id, created_at, updated_at) VALUES ('d7869ff8-f773-421e-bcd2-c6dd0fc93c40', 'imdb', 7.0, 'e61032a9-e577-46e8-b1fa-d827f355ab81', '2026-01-15T04:50:09.825234', '2026-01-15T04:50:09.825234');
INSERT INTO movie_ratings (id, source, value, movie_id, created_at, updated_at) VALUES ('a199897a-43e4-4dc0-b06c-e2efad83e774', 'rotten_tomatoes', 8.9, 'e61032a9-e577-46e8-b1fa-d827f355ab81', '2026-01-15T04:50:09.825266', '2026-01-15T04:50:09.825266');
INSERT INTO movie_ratings (id, source, value, movie_id, created_at, updated_at) VALUES ('b71291a0-0c2b-4ce8-9410-d9bd56460a23', 'imdb', 8.0, 'ea91eaf2-4fd9-4c66-b764-75959663e7d7', '2026-01-15T04:50:09.825295', '2026-01-15T04:50:09.825295');
INSERT INTO movie_ratings (id, source, value, movie_id, created_at, updated_at) VALUES ('8851931b-f023-4761-bb62-0a6ae8a54122', 'rotten_tomatoes', 9.3, 'ea91eaf2-4fd9-4c66-b764-75959663e7d7', '2026-01-15T04:50:09.825324', '2026-01-15T04:50:09.825324');
INSERT INTO movie_ratings (id, source, value, movie_id, created_at, updated_at) VALUES ('4666ec36-ec63-4e46-b6f0-5600fc003d80', 'imdb', 7.0, 'aac3ecd4-c080-4cab-a4c7-eb71725dc888', '2026-01-15T04:50:09.825353', '2026-01-15T04:50:09.825353');
INSERT INTO movie_ratings (id, source, value, movie_id, created_at, updated_at) VALUES ('809eb41f-2b26-48a7-ad0e-c0c0681c0b74', 'rotten_tomatoes', 7.7, 'aac3ecd4-c080-4cab-a4c7-eb71725dc888', '2026-01-15T04:50:09.825381', '2026-01-15T04:50:09.825381');
INSERT INTO movie_ratings (id, source, value, movie_id, created_at, updated_at) VALUES ('e6218a82-737e-4e4e-8123-db43c260a287', 'imdb', 8.7, '135ee7d0-36e1-4e4a-890c-38777f132189', '2026-01-15T04:50:09.825411', '2026-01-15T04:50:09.825411');
INSERT INTO movie_ratings (id, source, value, movie_id, created_at, updated_at) VALUES ('5abc5deb-e4c1-4925-8305-beb89629e79c', 'rotten_tomatoes', 6.6, '135ee7d0-36e1-4e4a-890c-38777f132189', '2026-01-15T04:50:09.825439', '2026-01-15T04:50:09.825439');
INSERT INTO movie_ratings (id, source, value, movie_id, created_at, updated_at) VALUES ('f174568a-12b6-4947-b163-3e2b504f0d64', 'imdb', 6.6, 'cb65f754-6b3f-4513-b293-84bd14d71483', '2026-01-15T04:50:09.825469', '2026-01-15T04:50:09.825469');
INSERT INTO movie_ratings (id, source, value, movie_id, created_at, updated_at) VALUES ('4b999e51-979b-4f68-b686-0efc687e5c33', 'rotten_tomatoes', 9.2, 'cb65f754-6b3f-4513-b293-84bd14d71483', '2026-01-15T04:50:09.825501', '2026-01-15T04:50:09.825501');
INSERT INTO movie_ratings (id, source, value, movie_id, created_at, updated_at) VALUES ('b31fb8da-c3c3-4715-b89c-c63f5055f49e', 'imdb', 6.8, '3eee00e4-902e-4371-8066-2edeccba650e', '2026-01-15T04:50:09.825530', '2026-01-15T04:50:09.825530');
INSERT INTO movie_ratings (id, source, value, movie_id, created_at, updated_at) VALUES ('e13c92ce-8fff-4922-9f76-ec24b91a655f', 'rotten_tomatoes', 8.7, '3eee00e4-902e-4371-8066-2edeccba650e', '2026-01-15T04:50:09.825558', '2026-01-15T04:50:09.825558');
INSERT INTO movie_genres (movie_id, genre_id) VALUES ('be4c4fcd-19ea-4ed5-92ba-d8d99503ab91', '0a5fa65a-58bb-4178-a841-4aab577bc373');
INSERT INTO movie_genres (movie_id, genre_id) VALUES ('be4c4fcd-19ea-4ed5-92ba-d8d99503ab91', '7b94af7a-0761-4db0-926d-9dc6dec8fa05');
INSERT INTO movie_genres (movie_id, genre_id) VALUES ('be4c4fcd-19ea-4ed5-92ba-d8d99503ab91', 'a1f86aaa-f445-4fe4-87a6-a78ee766436f');
INSERT INTO movie_genres (movie_id, genre_id) VALUES ('be4c4fcd-19ea-4ed5-92ba-d8d99503ab91', '5c9acccd-b906-4557-9429-a1b0ea5520bf');
INSERT INTO movie_genres (movie_id, genre_id) VALUES ('2a2fd2ea-8c8f-486c-a6c1-f0e819353082', '5c9acccd-b906-4557-9429-a1b0ea5520bf');
INSERT INTO movie_genres (movie_id, genre_id) VALUES ('2a2fd2ea-8c8f-486c-a6c1-f0e819353082', '7b94af7a-0761-4db0-926d-9dc6dec8fa05');
INSERT INTO movie_genres (movie_id, genre_id) VALUES ('2a2fd2ea-8c8f-486c-a6c1-f0e819353082', 'a1f86aaa-f445-4fe4-87a6-a78ee766436f');
INSERT INTO movie_genres (movie_id, genre_id) VALUES ('75ea471f-8294-46ef-be37-40ab06fc0dc7', '51dbc946-2554-46cc-b49f-4ea2eec08626');
INSERT INTO movie_genres (movie_id, genre_id) VALUES ('75ea471f-8294-46ef-be37-40ab06fc0dc7', '5c87796d-60fa-4c6f-9c1c-b2b19c7284b4');
INSERT INTO movie_genres (movie_id, genre_id) VALUES ('e4232a9c-3eeb-48fa-ae62-9f4457857ae3', '5c9acccd-b906-4557-9429-a1b0ea5520bf');
INSERT INTO movie_genres (movie_id, genre_id) VALUES ('e4232a9c-3eeb-48fa-ae62-9f4457857ae3', '0a5fa65a-58bb-4178-a841-4aab577bc373');
INSERT INTO movie_genres (movie_id, genre_id) VALUES ('e4232a9c-3eeb-48fa-ae62-9f4457857ae3', '6a6b931c-a16a-4521-bf17-614e1cbacead');
INSERT INTO movie_genres (movie_id, genre_id) VALUES ('21c3402b-d663-47e7-b2c8-b04f11674791', '5c9acccd-b906-4557-9429-a1b0ea5520bf');
INSERT INTO movie_genres (movie_id, genre_id) VALUES ('21c3402b-d663-47e7-b2c8-b04f11674791', '7b94af7a-0761-4db0-926d-9dc6dec8fa05');
INSERT INTO movie_genres (movie_id, genre_id) VALUES ('e748d106-7618-4aa2-8a2f-5cafdb4145db', '5c9acccd-b906-4557-9429-a1b0ea5520bf');
INSERT INTO movie_genres (movie_id, genre_id) VALUES ('e748d106-7618-4aa2-8a2f-5cafdb4145db', '5c87796d-60fa-4c6f-9c1c-b2b19c7284b4');
INSERT INTO movie_genres (movie_id, genre_id) VALUES ('3925b907-338a-434c-ac84-97ce8b901b57', '5c87796d-60fa-4c6f-9c1c-b2b19c7284b4');
INSERT INTO movie_genres (movie_id, genre_id) VALUES ('3925b907-338a-434c-ac84-97ce8b901b57', '0567445c-b425-43c8-b1a6-5c7af4946a4b');
INSERT INTO movie_genres (movie_id, genre_id) VALUES ('3925b907-338a-434c-ac84-97ce8b901b57', 'ac0b629e-74f4-4091-b59d-eebe88176e14');
INSERT INTO movie_genres (movie_id, genre_id) VALUES ('29b5d409-e7e4-45c8-b53d-8a2228813900', '7a78d58f-edd2-443f-9f60-7cf0679757dc');
INSERT INTO movie_genres (movie_id, genre_id) VALUES ('29b5d409-e7e4-45c8-b53d-8a2228813900', 'a1f86aaa-f445-4fe4-87a6-a78ee766436f');
INSERT INTO movie_genres (movie_id, genre_id) VALUES ('29b5d409-e7e4-45c8-b53d-8a2228813900', '51dbc946-2554-46cc-b49f-4ea2eec08626');
INSERT INTO movie_genres (movie_id, genre_id) VALUES ('b337a662-b22a-4a47-a22b-a45881dcc6b3', '5c9acccd-b906-4557-9429-a1b0ea5520bf');
INSERT INTO movie_genres (movie_id, genre_id) VALUES ('b337a662-b22a-4a47-a22b-a45881dcc6b3', '7b94af7a-0761-4db0-926d-9dc6dec8fa05');
INSERT INTO movie_genres (movie_id, genre_id) VALUES ('b337a662-b22a-4a47-a22b-a45881dcc6b3', '0a5fa65a-58bb-4178-a841-4aab577bc373');
INSERT INTO movie_genres (movie_id, genre_id) VALUES ('d368c5ac-fce7-4c93-833e-f6fcb80b4b12', '5c87796d-60fa-4c6f-9c1c-b2b19c7284b4');
INSERT INTO movie_genres (movie_id, genre_id) VALUES ('d368c5ac-fce7-4c93-833e-f6fcb80b4b12', '0567445c-b425-43c8-b1a6-5c7af4946a4b');
INSERT INTO movie_genres (movie_id, genre_id) VALUES ('d368c5ac-fce7-4c93-833e-f6fcb80b4b12', '0a5fa65a-58bb-4178-a841-4aab577bc373');
INSERT INTO movie_genres (movie_id, genre_id) VALUES ('1665b20f-3c2c-4e4c-93c2-16a3c7eaa67d', '7b94af7a-0761-4db0-926d-9dc6dec8fa05');
INSERT INTO movie_genres (movie_id, genre_id) VALUES ('1665b20f-3c2c-4e4c-93c2-16a3c7eaa67d', '7a78d58f-edd2-443f-9f60-7cf0679757dc');
INSERT INTO movie_genres (movie_id, genre_id) VALUES ('1665b20f-3c2c-4e4c-93c2-16a3c7eaa67d', '5c9acccd-b906-4557-9429-a1b0ea5520bf');
INSERT INTO movie_genres (movie_id, genre_id) VALUES ('5e0d6820-41b9-43df-866c-cd1c753af635', '7b94af7a-0761-4db0-926d-9dc6dec8fa05');
INSERT INTO movie_genres (movie_id, genre_id) VALUES ('5e0d6820-41b9-43df-866c-cd1c753af635', 'a1f86aaa-f445-4fe4-87a6-a78ee766436f');
INSERT INTO movie_genres (movie_id, genre_id) VALUES ('f712fe68-a154-4f95-8744-6dcdd5c0442b', '7a78d58f-edd2-443f-9f60-7cf0679757dc');
INSERT INTO movie_genres (movie_id, genre_id) VALUES ('f712fe68-a154-4f95-8744-6dcdd5c0442b', '0567445c-b425-43c8-b1a6-5c7af4946a4b');
INSERT INTO movie_genres (movie_id, genre_id) VALUES ('4b0141c3-f2d6-482a-80e9-96d8951ce56e', '0a5fa65a-58bb-4178-a841-4aab577bc373');
INSERT INTO movie_genres (movie_id, genre_id) VALUES ('4b0141c3-f2d6-482a-80e9-96d8951ce56e', '5c9acccd-b906-4557-9429-a1b0ea5520bf');
INSERT INTO movie_genres (movie_id, genre_id) VALUES ('4b0141c3-f2d6-482a-80e9-96d8951ce56e', '7b94af7a-0761-4db0-926d-9dc6dec8fa05');
INSERT INTO movie_genres (movie_id, genre_id) VALUES ('3619546c-7fc2-4189-b664-deffad7150de', 'ed0cfff8-982b-43d8-a66f-e7c31215b779');
INSERT INTO movie_genres (movie_id, genre_id) VALUES ('3619546c-7fc2-4189-b664-deffad7150de', '6a6b931c-a16a-4521-bf17-614e1cbacead');
INSERT INTO movie_genres (movie_id, genre_id) VALUES ('3619546c-7fc2-4189-b664-deffad7150de', '7b94af7a-0761-4db0-926d-9dc6dec8fa05');
INSERT INTO movie_genres (movie_id, genre_id) VALUES ('3619546c-7fc2-4189-b664-deffad7150de', '6df40ceb-ef2c-444d-a6f8-083e292df445');
INSERT INTO movie_genres (movie_id, genre_id) VALUES ('3619546c-7fc2-4189-b664-deffad7150de', 'ac0b629e-74f4-4091-b59d-eebe88176e14');
INSERT INTO movie_genres (movie_id, genre_id) VALUES ('e61032a9-e577-46e8-b1fa-d827f355ab81', 'ed0cfff8-982b-43d8-a66f-e7c31215b779');
INSERT INTO movie_genres (movie_id, genre_id) VALUES ('e61032a9-e577-46e8-b1fa-d827f355ab81', '7b94af7a-0761-4db0-926d-9dc6dec8fa05');
INSERT INTO movie_genres (movie_id, genre_id) VALUES ('e61032a9-e577-46e8-b1fa-d827f355ab81', '6a6b931c-a16a-4521-bf17-614e1cbacead');
INSERT INTO movie_genres (movie_id, genre_id) VALUES ('e61032a9-e577-46e8-b1fa-d827f355ab81', '6df40ceb-ef2c-444d-a6f8-083e292df445');
INSERT INTO movie_genres (movie_id, genre_id) VALUES ('ea91eaf2-4fd9-4c66-b764-75959663e7d7', '7a78d58f-edd2-443f-9f60-7cf0679757dc');
INSERT INTO movie_genres (movie_id, genre_id) VALUES ('ea91eaf2-4fd9-4c66-b764-75959663e7d7', '0a5fa65a-58bb-4178-a841-4aab577bc373');
INSERT INTO movie_genres (movie_id, genre_id) VALUES ('ea91eaf2-4fd9-4c66-b764-75959663e7d7', '0567445c-b425-43c8-b1a6-5c7af4946a4b');
INSERT INTO movie_genres (movie_id, genre_id) VALUES ('ea91eaf2-4fd9-4c66-b764-75959663e7d7', '5c87796d-60fa-4c6f-9c1c-b2b19c7284b4');
INSERT INTO movie_genres (movie_id, genre_id) VALUES ('aac3ecd4-c080-4cab-a4c7-eb71725dc888', '6a6b931c-a16a-4521-bf17-614e1cbacead');
INSERT INTO movie_genres (movie_id, genre_id) VALUES ('aac3ecd4-c080-4cab-a4c7-eb71725dc888', '6df40ceb-ef2c-444d-a6f8-083e292df445');
INSERT INTO movie_genres (movie_id, genre_id) VALUES ('aac3ecd4-c080-4cab-a4c7-eb71725dc888', '7b94af7a-0761-4db0-926d-9dc6dec8fa05');
INSERT INTO movie_genres (movie_id, genre_id) VALUES ('135ee7d0-36e1-4e4a-890c-38777f132189', '7b94af7a-0761-4db0-926d-9dc6dec8fa05');
INSERT INTO movie_genres (movie_id, genre_id) VALUES ('135ee7d0-36e1-4e4a-890c-38777f132189', 'a1f86aaa-f445-4fe4-87a6-a78ee766436f');
INSERT INTO movie_genres (movie_id, genre_id) VALUES ('cb65f754-6b3f-4513-b293-84bd14d71483', '7a78d58f-edd2-443f-9f60-7cf0679757dc');
INSERT INTO movie_genres (movie_id, genre_id) VALUES ('cb65f754-6b3f-4513-b293-84bd14d71483', '426dc218-bc7e-4697-9fa3-fdd86180a1a9');
INSERT INTO movie_genres (movie_id, genre_id) VALUES ('3eee00e4-902e-4371-8066-2edeccba650e', '7a78d58f-edd2-443f-9f60-7cf0679757dc');
INSERT INTO movie_genres (movie_id, genre_id) VALUES ('3eee00e4-902e-4371-8066-2edeccba650e', '0567445c-b425-43c8-b1a6-5c7af4946a4b');
INSERT INTO movie_projections (id, projection_date, projection_time, cinema_hall_id, movie_id, created_at, updated_at) VALUES ('4c7d68c8-0247-41e2-bdff-1b36c4d79b40', '2026-01-20', '16:00:00', '0572e6f5-a08d-48c0-9dc0-ce2eef6f3df9', 'be4c4fcd-19ea-4ed5-92ba-d8d99503ab91', '2026-01-15T04:50:09.827072', '2026-01-15T04:50:09.827072');
INSERT INTO movie_projections (id, projection_date, projection_time, cinema_hall_id, movie_id, created_at, updated_at) VALUES ('5ab3ab47-aad1-4fbf-9336-f3a30c0527f4', '2026-02-08', '19:00:00', 'f6779957-000c-48ec-8919-484a54941dac', 'be4c4fcd-19ea-4ed5-92ba-d8d99503ab91', '2026-01-15T04:50:09.827143', '2026-01-15T04:50:09.827143');
INSERT INTO movie_projections (id, projection_date, projection_time, cinema_hall_id, movie_id, created_at, updated_at) VALUES ('cd4372bd-e165-4c29-8453-6dfca5b25200', '2026-02-26', '13:00:00', 'ba547a79-3908-4660-a602-edd8403b7c5d', 'be4c4fcd-19ea-4ed5-92ba-d8d99503ab91', '2026-01-15T04:50:09.827200', '2026-01-15T04:50:09.827200');
INSERT INTO movie_projections (id, projection_date, projection_time, cinema_hall_id, movie_id, created_at, updated_at) VALUES ('6d5bfd81-2484-40e5-9de3-de98ac48ef00', '2026-01-19', '16:00:00', 'f6779957-000c-48ec-8919-484a54941dac', 'be4c4fcd-19ea-4ed5-92ba-d8d99503ab91', '2026-01-15T04:50:09.827248', '2026-01-15T04:50:09.827248');
INSERT INTO movie_projections (id, projection_date, projection_time, cinema_hall_id, movie_id, created_at, updated_at) VALUES ('abb857b8-3db3-4047-b9aa-dec0d5a8fe20', '2026-01-16', '13:00:00', '17b0293c-e4f6-4bec-ab09-f8e6da53166e', 'be4c4fcd-19ea-4ed5-92ba-d8d99503ab91', '2026-01-15T04:50:09.827294', '2026-01-15T04:50:09.827294');
INSERT INTO movie_projections (id, projection_date, projection_time, cinema_hall_id, movie_id, created_at, updated_at) VALUES ('ff5b08fa-8751-43d1-b2e2-b5043ebaf06d', '2026-02-27', '16:00:00', '17b0293c-e4f6-4bec-ab09-f8e6da53166e', 'be4c4fcd-19ea-4ed5-92ba-d8d99503ab91', '2026-01-15T04:50:09.827339', '2026-01-15T04:50:09.827339');
INSERT INTO movie_projections (id, projection_date, projection_time, cinema_hall_id, movie_id, created_at, updated_at) VALUES ('9bf62f27-c9ad-4ac0-adcc-65081b004c73', '2026-01-25', '13:00:00', 'cab834d9-f539-47b1-a0df-a6ba84c95746', 'be4c4fcd-19ea-4ed5-92ba-d8d99503ab91', '2026-01-15T04:50:09.827385', '2026-01-15T04:50:09.827385');
INSERT INTO movie_projections (id, projection_date, projection_time, cinema_hall_id, movie_id, created_at, updated_at) VALUES ('4a167dc5-6794-4972-a1d1-07f0fbc9a9b5', '2026-02-23', '10:00:00', 'ba547a79-3908-4660-a602-edd8403b7c5d', 'be4c4fcd-19ea-4ed5-92ba-d8d99503ab91', '2026-01-15T04:50:09.827430', '2026-01-15T04:50:09.827430');
INSERT INTO movie_projections (id, projection_date, projection_time, cinema_hall_id, movie_id, created_at, updated_at) VALUES ('b5b28a00-2e3a-4dac-994d-d8203b77f2ed', '2026-02-28', '16:00:00', '81059085-f2ca-4b4e-95f3-be4728c2aa0a', 'be4c4fcd-19ea-4ed5-92ba-d8d99503ab91', '2026-01-15T04:50:09.827476', '2026-01-15T04:50:09.827476');
INSERT INTO movie_projections (id, projection_date, projection_time, cinema_hall_id, movie_id, created_at, updated_at) VALUES ('f618da8e-b0d8-4437-bad4-8d724720545b', '2026-01-16', '13:00:00', 'cab834d9-f539-47b1-a0df-a6ba84c95746', 'be4c4fcd-19ea-4ed5-92ba-d8d99503ab91', '2026-01-15T04:50:09.827521', '2026-01-15T04:50:09.827521');
INSERT INTO movie_projections (id, projection_date, projection_time, cinema_hall_id, movie_id, created_at, updated_at) VALUES ('fbda998c-c826-4492-9dd9-9151a3742de0', '2026-03-02', '13:00:00', '24dacc2b-ba4f-4db2-98f5-597c052c7565', 'be4c4fcd-19ea-4ed5-92ba-d8d99503ab91', '2026-01-15T04:50:09.827566', '2026-01-15T04:50:09.827566');
INSERT INTO movie_projections (id, projection_date, projection_time, cinema_hall_id, movie_id, created_at, updated_at) VALUES ('ee41bdfc-3a62-44c7-8b11-0718a1fb9c0e', '2026-02-03', '19:00:00', '12e6090e-6add-4d2d-b65b-f586dca60bfa', 'be4c4fcd-19ea-4ed5-92ba-d8d99503ab91', '2026-01-15T04:50:09.827609', '2026-01-15T04:50:09.827609');
INSERT INTO movie_projections (id, projection_date, projection_time, cinema_hall_id, movie_id, created_at, updated_at) VALUES ('81f1242a-ef49-402d-b275-db4fe1166ad1', '2026-01-24', '13:00:00', 'cab834d9-f539-47b1-a0df-a6ba84c95746', 'be4c4fcd-19ea-4ed5-92ba-d8d99503ab91', '2026-01-15T04:50:09.827652', '2026-01-15T04:50:09.827652');
INSERT INTO movie_projections (id, projection_date, projection_time, cinema_hall_id, movie_id, created_at, updated_at) VALUES ('0343e45a-9cfc-4b4e-9e10-0a3e07660e5f', '2026-02-02', '10:00:00', '877f2e71-c328-40ba-9e66-740145c3b9ea', 'be4c4fcd-19ea-4ed5-92ba-d8d99503ab91', '2026-01-15T04:50:09.827699', '2026-01-15T04:50:09.827699');
INSERT INTO movie_projections (id, projection_date, projection_time, cinema_hall_id, movie_id, created_at, updated_at) VALUES ('2ae3b800-3cd7-4305-9c19-92a2b7116922', '2026-02-16', '10:00:00', '877f2e71-c328-40ba-9e66-740145c3b9ea', 'be4c4fcd-19ea-4ed5-92ba-d8d99503ab91', '2026-01-15T04:50:09.827743', '2026-01-15T04:50:09.827743');
INSERT INTO movie_projections (id, projection_date, projection_time, cinema_hall_id, movie_id, created_at, updated_at) VALUES ('4c148e21-5b4b-4db8-99f6-ba54d2841c42', '2026-02-15', '10:00:00', '12e6090e-6add-4d2d-b65b-f586dca60bfa', 'be4c4fcd-19ea-4ed5-92ba-d8d99503ab91', '2026-01-15T04:50:09.827786', '2026-01-15T04:50:09.827786');
INSERT INTO movie_projections (id, projection_date, projection_time, cinema_hall_id, movie_id, created_at, updated_at) VALUES ('b63985f5-972f-4428-a31c-6466be1418da', '2026-01-23', '10:00:00', '81059085-f2ca-4b4e-95f3-be4728c2aa0a', 'be4c4fcd-19ea-4ed5-92ba-d8d99503ab91', '2026-01-15T04:50:09.827812', '2026-01-15T04:50:09.827812');
INSERT INTO movie_projections (id, projection_date, projection_time, cinema_hall_id, movie_id, created_at, updated_at) VALUES ('23ee4ce7-cc75-49d3-a13a-a104f30d7e5e', '2026-02-17', '13:00:00', 'cab834d9-f539-47b1-a0df-a6ba84c95746', 'be4c4fcd-19ea-4ed5-92ba-d8d99503ab91', '2026-01-15T04:50:09.827837', '2026-01-15T04:50:09.827837');
INSERT INTO movie_projections (id, projection_date, projection_time, cinema_hall_id, movie_id, created_at, updated_at) VALUES ('4049a007-6204-4946-882b-dfbe6e9dfb30', '2026-01-18', '13:00:00', 'f6779957-000c-48ec-8919-484a54941dac', 'be4c4fcd-19ea-4ed5-92ba-d8d99503ab91', '2026-01-15T04:50:09.827865', '2026-01-15T04:50:09.827865');
INSERT INTO movie_projections (id, projection_date, projection_time, cinema_hall_id, movie_id, created_at, updated_at) VALUES ('5cbe3374-0be7-4493-90de-0003b6254276', '2026-01-15', '19:00:00', '12e6090e-6add-4d2d-b65b-f586dca60bfa', 'be4c4fcd-19ea-4ed5-92ba-d8d99503ab91', '2026-01-15T04:50:09.827890', '2026-01-15T04:50:09.827890');
INSERT INTO movie_projections (id, projection_date, projection_time, cinema_hall_id, movie_id, created_at, updated_at) VALUES ('774db616-d4e2-47bd-b907-65c9db60b03d', '2026-01-24', '10:00:00', '223652cd-d2ab-4968-8a1e-349553055ce6', 'be4c4fcd-19ea-4ed5-92ba-d8d99503ab91', '2026-01-15T04:50:09.827915', '2026-01-15T04:50:09.827915');
INSERT INTO movie_projections (id, projection_date, projection_time, cinema_hall_id, movie_id, created_at, updated_at) VALUES ('f5dcf119-25ad-4ae4-b5bc-74712d807865', '2026-01-22', '16:00:00', '0572e6f5-a08d-48c0-9dc0-ce2eef6f3df9', 'be4c4fcd-19ea-4ed5-92ba-d8d99503ab91', '2026-01-15T04:50:09.827939', '2026-01-15T04:50:09.827939');
INSERT INTO movie_projections (id, projection_date, projection_time, cinema_hall_id, movie_id, created_at, updated_at) VALUES ('e7bc3012-058c-4391-9d6d-7bf3c70fd1b5', '2026-01-15', '13:00:00', 'cab834d9-f539-47b1-a0df-a6ba84c95746', 'be4c4fcd-19ea-4ed5-92ba-d8d99503ab91', '2026-01-15T04:50:09.828003', '2026-01-15T04:50:09.828003');
INSERT INTO movie_projections (id, projection_date, projection_time, cinema_hall_id, movie_id, created_at, updated_at) VALUES ('ac07ab93-a898-46fb-8d06-bdcefae72e55', '2026-01-18', '16:00:00', '17b0293c-e4f6-4bec-ab09-f8e6da53166e', 'be4c4fcd-19ea-4ed5-92ba-d8d99503ab91', '2026-01-15T04:50:09.828033', '2026-01-15T04:50:09.828033');
INSERT INTO movie_projections (id, projection_date, projection_time, cinema_hall_id, movie_id, created_at, updated_at) VALUES ('31a095e5-ea09-4e96-9a64-af274c1eeb77', '2026-02-21', '13:00:00', '81059085-f2ca-4b4e-95f3-be4728c2aa0a', 'be4c4fcd-19ea-4ed5-92ba-d8d99503ab91', '2026-01-15T04:50:09.828061', '2026-01-15T04:50:09.828061');
INSERT INTO movie_projections (id, projection_date, projection_time, cinema_hall_id, movie_id, created_at, updated_at) VALUES ('d26a7a38-0ed1-47bb-beb3-c15fb34b4ca2', '2026-02-24', '10:00:00', '223652cd-d2ab-4968-8a1e-349553055ce6', 'be4c4fcd-19ea-4ed5-92ba-d8d99503ab91', '2026-01-15T04:50:09.828094', '2026-01-15T04:50:09.828094');
INSERT INTO movie_projections (id, projection_date, projection_time, cinema_hall_id, movie_id, created_at, updated_at) VALUES ('3ee4dc2e-16b2-455b-8935-c1db85429725', '2026-01-26', '19:00:00', '24dacc2b-ba4f-4db2-98f5-597c052c7565', 'be4c4fcd-19ea-4ed5-92ba-d8d99503ab91', '2026-01-15T04:50:09.828123', '2026-01-15T04:50:09.828123');
INSERT INTO movie_projections (id, projection_date, projection_time, cinema_hall_id, movie_id, created_at, updated_at) VALUES ('e1aa4bd8-6336-4b0c-a547-296bec4db609', '2026-02-25', '13:00:00', 'b413cf46-2d80-423c-8003-e171d72fa0c8', 'be4c4fcd-19ea-4ed5-92ba-d8d99503ab91', '2026-01-15T04:50:09.828148', '2026-01-15T04:50:09.828148');
INSERT INTO movie_projections (id, projection_date, projection_time, cinema_hall_id, movie_id, created_at, updated_at) VALUES ('69e2f6c6-e60d-4ed7-a82e-60a9744ffac2', '2026-02-03', '10:00:00', 'ba547a79-3908-4660-a602-edd8403b7c5d', 'be4c4fcd-19ea-4ed5-92ba-d8d99503ab91', '2026-01-15T04:50:09.828173', '2026-01-15T04:50:09.828173');
INSERT INTO movie_projections (id, projection_date, projection_time, cinema_hall_id, movie_id, created_at, updated_at) VALUES ('39f0a897-2aa8-4669-8c46-d99cc5068c50', '2026-02-28', '16:00:00', '0572e6f5-a08d-48c0-9dc0-ce2eef6f3df9', 'be4c4fcd-19ea-4ed5-92ba-d8d99503ab91', '2026-01-15T04:50:09.828207', '2026-01-15T04:50:09.828207');
INSERT INTO movie_projections (id, projection_date, projection_time, cinema_hall_id, movie_id, created_at, updated_at) VALUES ('03fa2b2a-14e0-4110-ae4c-d83f1491f501', '2026-01-24', '19:00:00', '12e6090e-6add-4d2d-b65b-f586dca60bfa', 'be4c4fcd-19ea-4ed5-92ba-d8d99503ab91', '2026-01-15T04:50:09.828234', '2026-01-15T04:50:09.828234');
INSERT INTO movie_projections (id, projection_date, projection_time, cinema_hall_id, movie_id, created_at, updated_at) VALUES ('9f540a08-995b-4824-abd3-f5bf5a1921d2', '2026-02-02', '19:00:00', '877f2e71-c328-40ba-9e66-740145c3b9ea', 'be4c4fcd-19ea-4ed5-92ba-d8d99503ab91', '2026-01-15T04:50:09.828259', '2026-01-15T04:50:09.828259');
INSERT INTO movie_projections (id, projection_date, projection_time, cinema_hall_id, movie_id, created_at, updated_at) VALUES ('6ed4eaaa-603e-4636-8d2c-49139db8104f', '2026-02-27', '19:00:00', '877f2e71-c328-40ba-9e66-740145c3b9ea', 'be4c4fcd-19ea-4ed5-92ba-d8d99503ab91', '2026-01-15T04:50:09.828284', '2026-01-15T04:50:09.828284');
INSERT INTO movie_projections (id, projection_date, projection_time, cinema_hall_id, movie_id, created_at, updated_at) VALUES ('cdebe42a-b742-4ff0-ac08-8bdac184a690', '2026-01-15', '10:00:00', 'cab834d9-f539-47b1-a0df-a6ba84c95746', 'be4c4fcd-19ea-4ed5-92ba-d8d99503ab91', '2026-01-15T04:50:09.828309', '2026-01-15T04:50:09.828309');
INSERT INTO movie_projections (id, projection_date, projection_time, cinema_hall_id, movie_id, created_at, updated_at) VALUES ('5477498c-8e51-4671-aebb-1a1ac6fa1411', '2026-01-22', '19:00:00', '877f2e71-c328-40ba-9e66-740145c3b9ea', 'be4c4fcd-19ea-4ed5-92ba-d8d99503ab91', '2026-01-15T04:50:09.828336', '2026-01-15T04:50:09.828336');
INSERT INTO movie_projections (id, projection_date, projection_time, cinema_hall_id, movie_id, created_at, updated_at) VALUES ('0f2e0ca1-beda-447f-99db-a3a3f06e5bee', '2026-02-18', '19:00:00', 'cab834d9-f539-47b1-a0df-a6ba84c95746', 'be4c4fcd-19ea-4ed5-92ba-d8d99503ab91', '2026-01-15T04:50:09.828760', '2026-01-15T04:50:09.828760');
INSERT INTO movie_projections (id, projection_date, projection_time, cinema_hall_id, movie_id, created_at, updated_at) VALUES ('1f63120e-296a-44d6-a6e1-15cd16410584', '2026-02-10', '16:00:00', 'ba547a79-3908-4660-a602-edd8403b7c5d', 'be4c4fcd-19ea-4ed5-92ba-d8d99503ab91', '2026-01-15T04:50:09.828814', '2026-01-15T04:50:09.828814');
INSERT INTO movie_projections (id, projection_date, projection_time, cinema_hall_id, movie_id, created_at, updated_at) VALUES ('9f0ad87b-c975-427e-adba-7e0fa9d1753a', '2026-03-02', '10:00:00', '223652cd-d2ab-4968-8a1e-349553055ce6', 'be4c4fcd-19ea-4ed5-92ba-d8d99503ab91', '2026-01-15T04:50:09.828855', '2026-01-15T04:50:09.828855');
INSERT INTO movie_projections (id, projection_date, projection_time, cinema_hall_id, movie_id, created_at, updated_at) VALUES ('1b5a7238-0d4c-4826-95a5-840f7e37a5a7', '2026-01-15', '19:00:00', '223652cd-d2ab-4968-8a1e-349553055ce6', 'be4c4fcd-19ea-4ed5-92ba-d8d99503ab91', '2026-01-15T04:50:09.828882', '2026-01-15T04:50:09.828882');
INSERT INTO movie_projections (id, projection_date, projection_time, cinema_hall_id, movie_id, created_at, updated_at) VALUES ('b2a92042-760e-4a97-a247-1706a04e85bd', '2026-02-06', '13:00:00', 'ba547a79-3908-4660-a602-edd8403b7c5d', 'be4c4fcd-19ea-4ed5-92ba-d8d99503ab91', '2026-01-15T04:50:09.828907', '2026-01-15T04:50:09.828907');
INSERT INTO movie_projections (id, projection_date, projection_time, cinema_hall_id, movie_id, created_at, updated_at) VALUES ('69d8d0bb-96f4-426a-8154-a4e2e2e9520b', '2026-02-18', '16:00:00', '81059085-f2ca-4b4e-95f3-be4728c2aa0a', '2a2fd2ea-8c8f-486c-a6c1-f0e819353082', '2026-01-15T04:50:09.828938', '2026-01-15T04:50:09.828938');
INSERT INTO movie_projections (id, projection_date, projection_time, cinema_hall_id, movie_id, created_at, updated_at) VALUES ('04160046-bee4-4e99-8cf3-f28044260d8c', '2026-02-25', '19:00:00', '12e6090e-6add-4d2d-b65b-f586dca60bfa', '2a2fd2ea-8c8f-486c-a6c1-f0e819353082', '2026-01-15T04:50:09.828965', '2026-01-15T04:50:09.828965');
INSERT INTO movie_projections (id, projection_date, projection_time, cinema_hall_id, movie_id, created_at, updated_at) VALUES ('abcd7bc1-b6ba-4c59-b80f-1e8f02b8c655', '2026-01-30', '19:00:00', '12e6090e-6add-4d2d-b65b-f586dca60bfa', '2a2fd2ea-8c8f-486c-a6c1-f0e819353082', '2026-01-15T04:50:09.828993', '2026-01-15T04:50:09.828993');
INSERT INTO movie_projections (id, projection_date, projection_time, cinema_hall_id, movie_id, created_at, updated_at) VALUES ('dc5b544d-0418-474c-9fb5-7bcddc787246', '2026-02-26', '19:00:00', 'b413cf46-2d80-423c-8003-e171d72fa0c8', '2a2fd2ea-8c8f-486c-a6c1-f0e819353082', '2026-01-15T04:50:09.829018', '2026-01-15T04:50:09.829018');
INSERT INTO movie_projections (id, projection_date, projection_time, cinema_hall_id, movie_id, created_at, updated_at) VALUES ('a9bc5a66-179a-44e8-9e95-2a9e610acfc8', '2026-01-15', '16:00:00', 'ba547a79-3908-4660-a602-edd8403b7c5d', '2a2fd2ea-8c8f-486c-a6c1-f0e819353082', '2026-01-15T04:50:09.829044', '2026-01-15T04:50:09.829044');
INSERT INTO movie_projections (id, projection_date, projection_time, cinema_hall_id, movie_id, created_at, updated_at) VALUES ('2135f229-ea99-41e8-9ca7-b1dea1c1c492', '2026-02-09', '19:00:00', '17b0293c-e4f6-4bec-ab09-f8e6da53166e', '2a2fd2ea-8c8f-486c-a6c1-f0e819353082', '2026-01-15T04:50:09.829082', '2026-01-15T04:50:09.829082');
INSERT INTO movie_projections (id, projection_date, projection_time, cinema_hall_id, movie_id, created_at, updated_at) VALUES ('000d7e96-7b2d-4ae4-9f7f-ce0ede9cc63c', '2026-01-20', '16:00:00', 'ba547a79-3908-4660-a602-edd8403b7c5d', '2a2fd2ea-8c8f-486c-a6c1-f0e819353082', '2026-01-15T04:50:09.829109', '2026-01-15T04:50:09.829109');
INSERT INTO movie_projections (id, projection_date, projection_time, cinema_hall_id, movie_id, created_at, updated_at) VALUES ('d8804e60-5bce-40b7-85f0-90e4efddddf9', '2026-01-28', '10:00:00', 'ba547a79-3908-4660-a602-edd8403b7c5d', '2a2fd2ea-8c8f-486c-a6c1-f0e819353082', '2026-01-15T04:50:09.829132', '2026-01-15T04:50:09.829132');
INSERT INTO movie_projections (id, projection_date, projection_time, cinema_hall_id, movie_id, created_at, updated_at) VALUES ('6961a83c-7064-480c-b8b6-64436c928445', '2026-02-08', '10:00:00', 'ba547a79-3908-4660-a602-edd8403b7c5d', '2a2fd2ea-8c8f-486c-a6c1-f0e819353082', '2026-01-15T04:50:09.829154', '2026-01-15T04:50:09.829154');
INSERT INTO movie_projections (id, projection_date, projection_time, cinema_hall_id, movie_id, created_at, updated_at) VALUES ('120ec122-29a9-43d6-bdba-df4487ee40e7', '2026-02-06', '13:00:00', 'b413cf46-2d80-423c-8003-e171d72fa0c8', '2a2fd2ea-8c8f-486c-a6c1-f0e819353082', '2026-01-15T04:50:09.829177', '2026-01-15T04:50:09.829177');
INSERT INTO movie_projections (id, projection_date, projection_time, cinema_hall_id, movie_id, created_at, updated_at) VALUES ('7396f145-9469-4228-8161-5a4934e5ef0a', '2026-02-14', '19:00:00', '17b0293c-e4f6-4bec-ab09-f8e6da53166e', '2a2fd2ea-8c8f-486c-a6c1-f0e819353082', '2026-01-15T04:50:09.829202', '2026-01-15T04:50:09.829202');
INSERT INTO movie_projections (id, projection_date, projection_time, cinema_hall_id, movie_id, created_at, updated_at) VALUES ('1ca5cf5e-81ca-4cba-b05d-9e846af62559', '2026-01-27', '13:00:00', '223652cd-d2ab-4968-8a1e-349553055ce6', '2a2fd2ea-8c8f-486c-a6c1-f0e819353082', '2026-01-15T04:50:09.829227', '2026-01-15T04:50:09.829227');
INSERT INTO movie_projections (id, projection_date, projection_time, cinema_hall_id, movie_id, created_at, updated_at) VALUES ('8e93d172-f774-455d-ab84-fd2f88229d6c', '2026-02-15', '10:00:00', 'f6779957-000c-48ec-8919-484a54941dac', '2a2fd2ea-8c8f-486c-a6c1-f0e819353082', '2026-01-15T04:50:09.829269', '2026-01-15T04:50:09.829269');
INSERT INTO movie_projections (id, projection_date, projection_time, cinema_hall_id, movie_id, created_at, updated_at) VALUES ('5d99cadb-6b5a-4148-8710-d40b793bce24', '2026-01-26', '16:00:00', '81059085-f2ca-4b4e-95f3-be4728c2aa0a', '2a2fd2ea-8c8f-486c-a6c1-f0e819353082', '2026-01-15T04:50:09.829308', '2026-01-15T04:50:09.829308');
INSERT INTO movie_projections (id, projection_date, projection_time, cinema_hall_id, movie_id, created_at, updated_at) VALUES ('e025c0ab-a970-4704-862e-02089c196e1c', '2026-01-17', '10:00:00', '81059085-f2ca-4b4e-95f3-be4728c2aa0a', '2a2fd2ea-8c8f-486c-a6c1-f0e819353082', '2026-01-15T04:50:09.829347', '2026-01-15T04:50:09.829347');
INSERT INTO movie_projections (id, projection_date, projection_time, cinema_hall_id, movie_id, created_at, updated_at) VALUES ('74698220-d038-4046-8155-a4d77fc6da06', '2026-02-09', '19:00:00', '81059085-f2ca-4b4e-95f3-be4728c2aa0a', '2a2fd2ea-8c8f-486c-a6c1-f0e819353082', '2026-01-15T04:50:09.829402', '2026-01-15T04:50:09.829402');
INSERT INTO movie_projections (id, projection_date, projection_time, cinema_hall_id, movie_id, created_at, updated_at) VALUES ('de222ffe-7b8c-423d-9186-3921eff7c1ed', '2026-02-25', '19:00:00', '223652cd-d2ab-4968-8a1e-349553055ce6', '2a2fd2ea-8c8f-486c-a6c1-f0e819353082', '2026-01-15T04:50:09.829442', '2026-01-15T04:50:09.829442');
INSERT INTO movie_projections (id, projection_date, projection_time, cinema_hall_id, movie_id, created_at, updated_at) VALUES ('d5949a02-623f-4209-ac5e-54c53f0de2bb', '2026-01-26', '19:00:00', '81059085-f2ca-4b4e-95f3-be4728c2aa0a', '2a2fd2ea-8c8f-486c-a6c1-f0e819353082', '2026-01-15T04:50:09.829481', '2026-01-15T04:50:09.829481');
INSERT INTO movie_projections (id, projection_date, projection_time, cinema_hall_id, movie_id, created_at, updated_at) VALUES ('ca27a413-c4c1-413e-bec7-14ba05ef4e02', '2026-02-26', '16:00:00', 'ba547a79-3908-4660-a602-edd8403b7c5d', '2a2fd2ea-8c8f-486c-a6c1-f0e819353082', '2026-01-15T04:50:09.829523', '2026-01-15T04:50:09.829523');
INSERT INTO movie_projections (id, projection_date, projection_time, cinema_hall_id, movie_id, created_at, updated_at) VALUES ('162c0930-2721-467b-98c4-7d61f610cfbd', '2026-02-17', '19:00:00', '17b0293c-e4f6-4bec-ab09-f8e6da53166e', '2a2fd2ea-8c8f-486c-a6c1-f0e819353082', '2026-01-15T04:50:09.829561', '2026-01-15T04:50:09.829561');
INSERT INTO movie_projections (id, projection_date, projection_time, cinema_hall_id, movie_id, created_at, updated_at) VALUES ('d34f91ec-1905-4aa6-b514-9e5ac96e6c07', '2026-02-05', '13:00:00', 'b413cf46-2d80-423c-8003-e171d72fa0c8', '2a2fd2ea-8c8f-486c-a6c1-f0e819353082', '2026-01-15T04:50:09.829599', '2026-01-15T04:50:09.829599');
INSERT INTO movie_projections (id, projection_date, projection_time, cinema_hall_id, movie_id, created_at, updated_at) VALUES ('b74560ed-ad85-4b66-b605-3854a0b14049', '2026-02-11', '16:00:00', '81059085-f2ca-4b4e-95f3-be4728c2aa0a', '2a2fd2ea-8c8f-486c-a6c1-f0e819353082', '2026-01-15T04:50:09.829637', '2026-01-15T04:50:09.829637');
INSERT INTO movie_projections (id, projection_date, projection_time, cinema_hall_id, movie_id, created_at, updated_at) VALUES ('f22a094b-c36a-4360-a331-6dc6a147f432', '2026-01-21', '19:00:00', '877f2e71-c328-40ba-9e66-740145c3b9ea', '2a2fd2ea-8c8f-486c-a6c1-f0e819353082', '2026-01-15T04:50:09.829675', '2026-01-15T04:50:09.829675');
INSERT INTO movie_projections (id, projection_date, projection_time, cinema_hall_id, movie_id, created_at, updated_at) VALUES ('d657c1ad-aa4c-4e6e-8743-f3d92d73a0b1', '2026-02-09', '19:00:00', 'ba547a79-3908-4660-a602-edd8403b7c5d', '2a2fd2ea-8c8f-486c-a6c1-f0e819353082', '2026-01-15T04:50:09.829712', '2026-01-15T04:50:09.829712');
INSERT INTO movie_projections (id, projection_date, projection_time, cinema_hall_id, movie_id, created_at, updated_at) VALUES ('63a0f490-4766-406c-a8c5-5a095a3f6b8f', '2026-01-26', '10:00:00', '0572e6f5-a08d-48c0-9dc0-ce2eef6f3df9', '2a2fd2ea-8c8f-486c-a6c1-f0e819353082', '2026-01-15T04:50:09.829750', '2026-01-15T04:50:09.829750');
INSERT INTO movie_projections (id, projection_date, projection_time, cinema_hall_id, movie_id, created_at, updated_at) VALUES ('05ff7f00-5e3d-4a21-9241-c220d4182ec5', '2026-01-28', '10:00:00', '223652cd-d2ab-4968-8a1e-349553055ce6', '2a2fd2ea-8c8f-486c-a6c1-f0e819353082', '2026-01-15T04:50:09.829790', '2026-01-15T04:50:09.829790');
INSERT INTO movie_projections (id, projection_date, projection_time, cinema_hall_id, movie_id, created_at, updated_at) VALUES ('166f4ccb-2c2e-4151-89dc-c19b1499b68e', '2026-02-15', '10:00:00', 'cab834d9-f539-47b1-a0df-a6ba84c95746', '2a2fd2ea-8c8f-486c-a6c1-f0e819353082', '2026-01-15T04:50:09.829831', '2026-01-15T04:50:09.829831');
INSERT INTO movie_projections (id, projection_date, projection_time, cinema_hall_id, movie_id, created_at, updated_at) VALUES ('2ce78583-d73e-46dd-8b5d-90e8662433f6', '2026-01-15', '10:00:00', '24dacc2b-ba4f-4db2-98f5-597c052c7565', '2a2fd2ea-8c8f-486c-a6c1-f0e819353082', '2026-01-15T04:50:09.829869', '2026-01-15T04:50:09.829869');
INSERT INTO movie_projections (id, projection_date, projection_time, cinema_hall_id, movie_id, created_at, updated_at) VALUES ('350ac8f5-a1a7-46f0-8be1-25e8b2619bd4', '2026-02-18', '10:00:00', 'f6779957-000c-48ec-8919-484a54941dac', '2a2fd2ea-8c8f-486c-a6c1-f0e819353082', '2026-01-15T04:50:09.829905', '2026-01-15T04:50:09.829905');
INSERT INTO movie_projections (id, projection_date, projection_time, cinema_hall_id, movie_id, created_at, updated_at) VALUES ('bd3721ed-81d1-4cb4-a3e3-6dc785969254', '2026-02-10', '10:00:00', 'cab834d9-f539-47b1-a0df-a6ba84c95746', '2a2fd2ea-8c8f-486c-a6c1-f0e819353082', '2026-01-15T04:50:09.829943', '2026-01-15T04:50:09.829943');
INSERT INTO movie_projections (id, projection_date, projection_time, cinema_hall_id, movie_id, created_at, updated_at) VALUES ('fae7d476-c2d5-48f1-9222-0023e5adc742', '2026-02-03', '16:00:00', 'ba547a79-3908-4660-a602-edd8403b7c5d', '2a2fd2ea-8c8f-486c-a6c1-f0e819353082', '2026-01-15T04:50:09.829980', '2026-01-15T04:50:09.829980');
INSERT INTO movie_projections (id, projection_date, projection_time, cinema_hall_id, movie_id, created_at, updated_at) VALUES ('51919f8f-e02f-45e0-b463-8591e3a4e9ae', '2026-02-10', '16:00:00', '877f2e71-c328-40ba-9e66-740145c3b9ea', '2a2fd2ea-8c8f-486c-a6c1-f0e819353082', '2026-01-15T04:50:09.830016', '2026-01-15T04:50:09.830016');
INSERT INTO movie_projections (id, projection_date, projection_time, cinema_hall_id, movie_id, created_at, updated_at) VALUES ('62ade14c-8c86-4988-9bdf-37fc35a2c4dc', '2026-01-30', '19:00:00', 'f6779957-000c-48ec-8919-484a54941dac', '2a2fd2ea-8c8f-486c-a6c1-f0e819353082', '2026-01-15T04:50:09.830054', '2026-01-15T04:50:09.830054');
INSERT INTO movie_projections (id, projection_date, projection_time, cinema_hall_id, movie_id, created_at, updated_at) VALUES ('d5e2c39c-56d3-4ed1-ac3e-82f02ca6417b', '2026-01-16', '19:00:00', '24dacc2b-ba4f-4db2-98f5-597c052c7565', '2a2fd2ea-8c8f-486c-a6c1-f0e819353082', '2026-01-15T04:50:09.830092', '2026-01-15T04:50:09.830092');
INSERT INTO movie_projections (id, projection_date, projection_time, cinema_hall_id, movie_id, created_at, updated_at) VALUES ('6b3fe644-2f35-49c1-9f45-9811b97df3b2', '2026-01-21', '16:00:00', '81059085-f2ca-4b4e-95f3-be4728c2aa0a', '2a2fd2ea-8c8f-486c-a6c1-f0e819353082', '2026-01-15T04:50:09.830132', '2026-01-15T04:50:09.830132');
INSERT INTO movie_projections (id, projection_date, projection_time, cinema_hall_id, movie_id, created_at, updated_at) VALUES ('827a794d-2367-414a-9fc0-ee3a8deefe17', '2026-01-17', '19:00:00', '81059085-f2ca-4b4e-95f3-be4728c2aa0a', '2a2fd2ea-8c8f-486c-a6c1-f0e819353082', '2026-01-15T04:50:09.830170', '2026-01-15T04:50:09.830170');
INSERT INTO movie_projections (id, projection_date, projection_time, cinema_hall_id, movie_id, created_at, updated_at) VALUES ('db961eb1-6fc9-4df4-b9fc-625cdc3498fd', '2026-01-21', '19:00:00', '223652cd-d2ab-4968-8a1e-349553055ce6', '2a2fd2ea-8c8f-486c-a6c1-f0e819353082', '2026-01-15T04:50:09.830208', '2026-01-15T04:50:09.830208');
INSERT INTO movie_projections (id, projection_date, projection_time, cinema_hall_id, movie_id, created_at, updated_at) VALUES ('47c5a777-d1f7-4f58-9939-6decbca443b1', '2026-02-17', '10:00:00', 'ba547a79-3908-4660-a602-edd8403b7c5d', '2a2fd2ea-8c8f-486c-a6c1-f0e819353082', '2026-01-15T04:50:09.830248', '2026-01-15T04:50:09.830248');
INSERT INTO movie_projections (id, projection_date, projection_time, cinema_hall_id, movie_id, created_at, updated_at) VALUES ('3191d070-a519-4520-bdeb-ec95649e9ea4', '2026-01-22', '19:00:00', '24dacc2b-ba4f-4db2-98f5-597c052c7565', '2a2fd2ea-8c8f-486c-a6c1-f0e819353082', '2026-01-15T04:50:09.830285', '2026-01-15T04:50:09.830285');
INSERT INTO movie_projections (id, projection_date, projection_time, cinema_hall_id, movie_id, created_at, updated_at) VALUES ('4014a257-87e6-4953-83c0-54273222fde2', '2026-01-26', '10:00:00', 'cab834d9-f539-47b1-a0df-a6ba84c95746', '2a2fd2ea-8c8f-486c-a6c1-f0e819353082', '2026-01-15T04:50:09.830322', '2026-01-15T04:50:09.830322');
INSERT INTO movie_projections (id, projection_date, projection_time, cinema_hall_id, movie_id, created_at, updated_at) VALUES ('1fed4ba8-ba50-4e79-87ba-3d40a88e1d8a', '2026-02-17', '10:00:00', 'cab834d9-f539-47b1-a0df-a6ba84c95746', '75ea471f-8294-46ef-be37-40ab06fc0dc7', '2026-01-15T04:50:09.830364', '2026-01-15T04:50:09.830364');
INSERT INTO movie_projections (id, projection_date, projection_time, cinema_hall_id, movie_id, created_at, updated_at) VALUES ('fe2b9acc-925f-4b47-88fb-c1187e6e59a5', '2026-02-01', '10:00:00', '877f2e71-c328-40ba-9e66-740145c3b9ea', '75ea471f-8294-46ef-be37-40ab06fc0dc7', '2026-01-15T04:50:09.830401', '2026-01-15T04:50:09.830401');
INSERT INTO movie_projections (id, projection_date, projection_time, cinema_hall_id, movie_id, created_at, updated_at) VALUES ('d5ec8a86-b96c-4199-81fa-805d0db89480', '2026-03-08', '10:00:00', '12e6090e-6add-4d2d-b65b-f586dca60bfa', '75ea471f-8294-46ef-be37-40ab06fc0dc7', '2026-01-15T04:50:09.830442', '2026-01-15T04:50:09.830442');
INSERT INTO movie_projections (id, projection_date, projection_time, cinema_hall_id, movie_id, created_at, updated_at) VALUES ('7e192453-0fa9-4af6-8b41-08ddba2494b2', '2026-02-22', '13:00:00', '877f2e71-c328-40ba-9e66-740145c3b9ea', '75ea471f-8294-46ef-be37-40ab06fc0dc7', '2026-01-15T04:50:09.830480', '2026-01-15T04:50:09.830480');
INSERT INTO movie_projections (id, projection_date, projection_time, cinema_hall_id, movie_id, created_at, updated_at) VALUES ('7805b695-1bb8-44b4-95e7-f22e3dab3f88', '2026-01-15', '10:00:00', 'ba547a79-3908-4660-a602-edd8403b7c5d', '75ea471f-8294-46ef-be37-40ab06fc0dc7', '2026-01-15T04:50:09.830516', '2026-01-15T04:50:09.830516');
INSERT INTO movie_projections (id, projection_date, projection_time, cinema_hall_id, movie_id, created_at, updated_at) VALUES ('dbed1e66-1ba0-4657-a64a-2671efd0bf9d', '2026-03-05', '13:00:00', '17b0293c-e4f6-4bec-ab09-f8e6da53166e', '75ea471f-8294-46ef-be37-40ab06fc0dc7', '2026-01-15T04:50:09.830554', '2026-01-15T04:50:09.830554');
INSERT INTO movie_projections (id, projection_date, projection_time, cinema_hall_id, movie_id, created_at, updated_at) VALUES ('b569e57b-d8eb-4d74-89ce-ad61af64fc7d', '2026-02-25', '19:00:00', '223652cd-d2ab-4968-8a1e-349553055ce6', '75ea471f-8294-46ef-be37-40ab06fc0dc7', '2026-01-15T04:50:09.830591', '2026-01-15T04:50:09.830591');
INSERT INTO movie_projections (id, projection_date, projection_time, cinema_hall_id, movie_id, created_at, updated_at) VALUES ('d7be7221-aa15-4576-9e53-251492aff99e', '2026-02-08', '16:00:00', '12e6090e-6add-4d2d-b65b-f586dca60bfa', '75ea471f-8294-46ef-be37-40ab06fc0dc7', '2026-01-15T04:50:09.830629', '2026-01-15T04:50:09.830629');
INSERT INTO movie_projections (id, projection_date, projection_time, cinema_hall_id, movie_id, created_at, updated_at) VALUES ('e232f9c2-6901-452e-a33b-3983205166e8', '2026-01-24', '16:00:00', '17b0293c-e4f6-4bec-ab09-f8e6da53166e', '75ea471f-8294-46ef-be37-40ab06fc0dc7', '2026-01-15T04:50:09.830668', '2026-01-15T04:50:09.830668');
INSERT INTO movie_projections (id, projection_date, projection_time, cinema_hall_id, movie_id, created_at, updated_at) VALUES ('83d826d9-1e82-40d3-a709-66a916882b1b', '2026-02-22', '19:00:00', '12e6090e-6add-4d2d-b65b-f586dca60bfa', '75ea471f-8294-46ef-be37-40ab06fc0dc7', '2026-01-15T04:50:09.830705', '2026-01-15T04:50:09.830705');
INSERT INTO movie_projections (id, projection_date, projection_time, cinema_hall_id, movie_id, created_at, updated_at) VALUES ('8a9ad02f-b6b6-4710-8101-46a2a158181a', '2026-03-03', '19:00:00', '223652cd-d2ab-4968-8a1e-349553055ce6', '75ea471f-8294-46ef-be37-40ab06fc0dc7', '2026-01-15T04:50:09.830747', '2026-01-15T04:50:09.830747');
INSERT INTO movie_projections (id, projection_date, projection_time, cinema_hall_id, movie_id, created_at, updated_at) VALUES ('3f62a656-3b94-4dbb-857a-419dd2437c60', '2026-02-15', '16:00:00', 'b413cf46-2d80-423c-8003-e171d72fa0c8', '75ea471f-8294-46ef-be37-40ab06fc0dc7', '2026-01-15T04:50:09.830784', '2026-01-15T04:50:09.830784');
INSERT INTO movie_projections (id, projection_date, projection_time, cinema_hall_id, movie_id, created_at, updated_at) VALUES ('5b1e0431-9a91-4b63-9d5e-03060ce90bd1', '2026-01-19', '16:00:00', 'ba547a79-3908-4660-a602-edd8403b7c5d', '75ea471f-8294-46ef-be37-40ab06fc0dc7', '2026-01-15T04:50:09.830821', '2026-01-15T04:50:09.830821');
INSERT INTO movie_projections (id, projection_date, projection_time, cinema_hall_id, movie_id, created_at, updated_at) VALUES ('73763db1-4cbb-4771-ba70-2aa2416efd23', '2026-02-28', '19:00:00', 'ba547a79-3908-4660-a602-edd8403b7c5d', '75ea471f-8294-46ef-be37-40ab06fc0dc7', '2026-01-15T04:50:09.830862', '2026-01-15T04:50:09.830862');
INSERT INTO movie_projections (id, projection_date, projection_time, cinema_hall_id, movie_id, created_at, updated_at) VALUES ('9f909e95-b11d-48c7-ad29-cee6bde5e2e2', '2026-02-15', '16:00:00', '877f2e71-c328-40ba-9e66-740145c3b9ea', '75ea471f-8294-46ef-be37-40ab06fc0dc7', '2026-01-15T04:50:09.830899', '2026-01-15T04:50:09.830899');
INSERT INTO movie_projections (id, projection_date, projection_time, cinema_hall_id, movie_id, created_at, updated_at) VALUES ('d4e9b75c-4f0d-4236-87b6-2f0ea17ca36d', '2026-02-21', '13:00:00', '0572e6f5-a08d-48c0-9dc0-ce2eef6f3df9', '75ea471f-8294-46ef-be37-40ab06fc0dc7', '2026-01-15T04:50:09.830936', '2026-01-15T04:50:09.830936');
INSERT INTO movie_projections (id, projection_date, projection_time, cinema_hall_id, movie_id, created_at, updated_at) VALUES ('d9454492-1f71-4c45-87d5-fdf44fab6f3f', '2026-02-10', '16:00:00', '0572e6f5-a08d-48c0-9dc0-ce2eef6f3df9', '75ea471f-8294-46ef-be37-40ab06fc0dc7', '2026-01-15T04:50:09.830973', '2026-01-15T04:50:09.830973');
INSERT INTO movie_projections (id, projection_date, projection_time, cinema_hall_id, movie_id, created_at, updated_at) VALUES ('baf65026-1b6d-472d-ae81-e3cb285ddd1c', '2026-03-11', '16:00:00', '12e6090e-6add-4d2d-b65b-f586dca60bfa', '75ea471f-8294-46ef-be37-40ab06fc0dc7', '2026-01-15T04:50:09.831011', '2026-01-15T04:50:09.831011');
INSERT INTO movie_projections (id, projection_date, projection_time, cinema_hall_id, movie_id, created_at, updated_at) VALUES ('9980dd6e-96f7-4a3b-9e69-babd4586af4d', '2026-02-19', '10:00:00', 'cab834d9-f539-47b1-a0df-a6ba84c95746', '75ea471f-8294-46ef-be37-40ab06fc0dc7', '2026-01-15T04:50:09.831054', '2026-01-15T04:50:09.831054');
INSERT INTO movie_projections (id, projection_date, projection_time, cinema_hall_id, movie_id, created_at, updated_at) VALUES ('8967738e-5757-4fe8-9384-134bd251cb0e', '2026-02-12', '19:00:00', 'b413cf46-2d80-423c-8003-e171d72fa0c8', '75ea471f-8294-46ef-be37-40ab06fc0dc7', '2026-01-15T04:50:09.831093', '2026-01-15T04:50:09.831093');
INSERT INTO movie_projections (id, projection_date, projection_time, cinema_hall_id, movie_id, created_at, updated_at) VALUES ('81625086-1cca-4efb-b7c6-c92fc0a1a22c', '2026-01-31', '13:00:00', 'b413cf46-2d80-423c-8003-e171d72fa0c8', '75ea471f-8294-46ef-be37-40ab06fc0dc7', '2026-01-15T04:50:09.831130', '2026-01-15T04:50:09.831130');
INSERT INTO movie_projections (id, projection_date, projection_time, cinema_hall_id, movie_id, created_at, updated_at) VALUES ('36a8ea94-c440-45e8-8e69-2a61761868ab', '2026-02-14', '13:00:00', '0572e6f5-a08d-48c0-9dc0-ce2eef6f3df9', '75ea471f-8294-46ef-be37-40ab06fc0dc7', '2026-01-15T04:50:09.831168', '2026-01-15T04:50:09.831168');
INSERT INTO movie_projections (id, projection_date, projection_time, cinema_hall_id, movie_id, created_at, updated_at) VALUES ('22593a0a-bfca-495e-8f80-5e92a7d49197', '2026-03-09', '19:00:00', '81059085-f2ca-4b4e-95f3-be4728c2aa0a', '75ea471f-8294-46ef-be37-40ab06fc0dc7', '2026-01-15T04:50:09.831205', '2026-01-15T04:50:09.831205');
INSERT INTO movie_projections (id, projection_date, projection_time, cinema_hall_id, movie_id, created_at, updated_at) VALUES ('16281939-ad99-40f1-8d64-1e574c6fc647', '2026-01-19', '10:00:00', '877f2e71-c328-40ba-9e66-740145c3b9ea', '75ea471f-8294-46ef-be37-40ab06fc0dc7', '2026-01-15T04:50:09.831243', '2026-01-15T04:50:09.831243');
INSERT INTO movie_projections (id, projection_date, projection_time, cinema_hall_id, movie_id, created_at, updated_at) VALUES ('1ff62994-77b6-4eec-8412-31b337d0c091', '2026-01-20', '13:00:00', '223652cd-d2ab-4968-8a1e-349553055ce6', '75ea471f-8294-46ef-be37-40ab06fc0dc7', '2026-01-15T04:50:09.831296', '2026-01-15T04:50:09.831296');
INSERT INTO movie_projections (id, projection_date, projection_time, cinema_hall_id, movie_id, created_at, updated_at) VALUES ('792121ea-d992-407b-a885-ded8e5554ada', '2026-02-15', '13:00:00', '12e6090e-6add-4d2d-b65b-f586dca60bfa', '75ea471f-8294-46ef-be37-40ab06fc0dc7', '2026-01-15T04:50:09.831334', '2026-01-15T04:50:09.831334');
INSERT INTO movie_projections (id, projection_date, projection_time, cinema_hall_id, movie_id, created_at, updated_at) VALUES ('6db5d911-ff97-492f-a798-c016632fe12e', '2026-01-23', '10:00:00', '24dacc2b-ba4f-4db2-98f5-597c052c7565', '75ea471f-8294-46ef-be37-40ab06fc0dc7', '2026-01-15T04:50:09.831375', '2026-01-15T04:50:09.831375');
INSERT INTO movie_projections (id, projection_date, projection_time, cinema_hall_id, movie_id, created_at, updated_at) VALUES ('dfe750c8-6df2-4911-88ef-d6751a9aea40', '2026-02-24', '19:00:00', '223652cd-d2ab-4968-8a1e-349553055ce6', '75ea471f-8294-46ef-be37-40ab06fc0dc7', '2026-01-15T04:50:09.831412', '2026-01-15T04:50:09.831412');
INSERT INTO movie_projections (id, projection_date, projection_time, cinema_hall_id, movie_id, created_at, updated_at) VALUES ('95ce2df5-e583-4b30-980e-330981ef1521', '2026-02-15', '16:00:00', 'cab834d9-f539-47b1-a0df-a6ba84c95746', '75ea471f-8294-46ef-be37-40ab06fc0dc7', '2026-01-15T04:50:09.831450', '2026-01-15T04:50:09.831450');
INSERT INTO movie_projections (id, projection_date, projection_time, cinema_hall_id, movie_id, created_at, updated_at) VALUES ('adfd5121-1fa3-4a50-a0e4-7436c1d8934b', '2026-02-22', '13:00:00', 'b413cf46-2d80-423c-8003-e171d72fa0c8', '75ea471f-8294-46ef-be37-40ab06fc0dc7', '2026-01-15T04:50:09.831491', '2026-01-15T04:50:09.831491');
INSERT INTO movie_projections (id, projection_date, projection_time, cinema_hall_id, movie_id, created_at, updated_at) VALUES ('260d1f0c-5e1e-4fb9-ac0e-d030a3fff92e', '2026-02-25', '19:00:00', 'cab834d9-f539-47b1-a0df-a6ba84c95746', '75ea471f-8294-46ef-be37-40ab06fc0dc7', '2026-01-15T04:50:09.831531', '2026-01-15T04:50:09.831531');
INSERT INTO movie_projections (id, projection_date, projection_time, cinema_hall_id, movie_id, created_at, updated_at) VALUES ('0117a0dd-666c-494a-878a-eb1dcabfab54', '2026-01-21', '19:00:00', '223652cd-d2ab-4968-8a1e-349553055ce6', '75ea471f-8294-46ef-be37-40ab06fc0dc7', '2026-01-15T04:50:09.831569', '2026-01-15T04:50:09.831569');
INSERT INTO movie_projections (id, projection_date, projection_time, cinema_hall_id, movie_id, created_at, updated_at) VALUES ('1bc76078-99d6-41dd-ac33-b3d52c96ede3', '2026-02-03', '19:00:00', 'ba547a79-3908-4660-a602-edd8403b7c5d', '75ea471f-8294-46ef-be37-40ab06fc0dc7', '2026-01-15T04:50:09.831607', '2026-01-15T04:50:09.831607');
INSERT INTO movie_projections (id, projection_date, projection_time, cinema_hall_id, movie_id, created_at, updated_at) VALUES ('18230f3c-c158-4e4a-9cf4-d4f26e392ae4', '2026-02-14', '19:00:00', '223652cd-d2ab-4968-8a1e-349553055ce6', '75ea471f-8294-46ef-be37-40ab06fc0dc7', '2026-01-15T04:50:09.831644', '2026-01-15T04:50:09.831644');
INSERT INTO movie_projections (id, projection_date, projection_time, cinema_hall_id, movie_id, created_at, updated_at) VALUES ('5b7aba95-5703-4832-a213-55f32f730f56', '2026-03-01', '10:00:00', '24dacc2b-ba4f-4db2-98f5-597c052c7565', '75ea471f-8294-46ef-be37-40ab06fc0dc7', '2026-01-15T04:50:09.831685', '2026-01-15T04:50:09.831685');
INSERT INTO movie_projections (id, projection_date, projection_time, cinema_hall_id, movie_id, created_at, updated_at) VALUES ('f9f667a3-b296-440d-ba37-f8c88e92adc1', '2026-02-02', '10:00:00', 'ba547a79-3908-4660-a602-edd8403b7c5d', '75ea471f-8294-46ef-be37-40ab06fc0dc7', '2026-01-15T04:50:09.831724', '2026-01-15T04:50:09.831724');
INSERT INTO movie_projections (id, projection_date, projection_time, cinema_hall_id, movie_id, created_at, updated_at) VALUES ('9b79ac0b-12be-4f82-b695-48ef238312ba', '2026-02-11', '10:00:00', 'ba547a79-3908-4660-a602-edd8403b7c5d', '75ea471f-8294-46ef-be37-40ab06fc0dc7', '2026-01-15T04:50:09.831761', '2026-01-15T04:50:09.831761');
INSERT INTO movie_projections (id, projection_date, projection_time, cinema_hall_id, movie_id, created_at, updated_at) VALUES ('fee4cb82-b11c-4455-8717-2f3cdd1b0808', '2026-01-20', '13:00:00', '24dacc2b-ba4f-4db2-98f5-597c052c7565', '75ea471f-8294-46ef-be37-40ab06fc0dc7', '2026-01-15T04:50:09.831809', '2026-01-15T04:50:09.831809');
INSERT INTO movie_projections (id, projection_date, projection_time, cinema_hall_id, movie_id, created_at, updated_at) VALUES ('1951edd1-53c7-48c0-a8a3-3880f18886be', '2026-01-27', '16:00:00', '223652cd-d2ab-4968-8a1e-349553055ce6', '75ea471f-8294-46ef-be37-40ab06fc0dc7', '2026-01-15T04:50:09.831847', '2026-01-15T04:50:09.831847');
INSERT INTO movie_projections (id, projection_date, projection_time, cinema_hall_id, movie_id, created_at, updated_at) VALUES ('ca0632fc-bb66-48e6-9fe8-fe77fcce8623', '2026-02-28', '13:00:00', '81059085-f2ca-4b4e-95f3-be4728c2aa0a', '75ea471f-8294-46ef-be37-40ab06fc0dc7', '2026-01-15T04:50:09.831886', '2026-01-15T04:50:09.831886');
INSERT INTO movie_projections (id, projection_date, projection_time, cinema_hall_id, movie_id, created_at, updated_at) VALUES ('513d33fe-d491-408f-bb6a-a3cc393dae23', '2026-01-26', '13:00:00', '24dacc2b-ba4f-4db2-98f5-597c052c7565', 'e4232a9c-3eeb-48fa-ae62-9f4457857ae3', '2026-01-15T04:50:09.831975', '2026-01-15T04:50:09.831975');
INSERT INTO movie_projections (id, projection_date, projection_time, cinema_hall_id, movie_id, created_at, updated_at) VALUES ('43b55ba8-0fbb-4fa3-bd5c-0186d7ab9fc0', '2026-01-16', '19:00:00', '81059085-f2ca-4b4e-95f3-be4728c2aa0a', 'e4232a9c-3eeb-48fa-ae62-9f4457857ae3', '2026-01-15T04:50:09.832019', '2026-01-15T04:50:09.832019');
INSERT INTO movie_projections (id, projection_date, projection_time, cinema_hall_id, movie_id, created_at, updated_at) VALUES ('6060bdbe-1f42-4845-be43-dea5dbbfa49b', '2026-02-05', '19:00:00', '877f2e71-c328-40ba-9e66-740145c3b9ea', 'e4232a9c-3eeb-48fa-ae62-9f4457857ae3', '2026-01-15T04:50:09.832061', '2026-01-15T04:50:09.832061');
INSERT INTO movie_projections (id, projection_date, projection_time, cinema_hall_id, movie_id, created_at, updated_at) VALUES ('98b5f207-fda1-4383-b25d-3bcc90926d04', '2026-03-10', '19:00:00', 'f6779957-000c-48ec-8919-484a54941dac', 'e4232a9c-3eeb-48fa-ae62-9f4457857ae3', '2026-01-15T04:50:09.832099', '2026-01-15T04:50:09.832099');
INSERT INTO movie_projections (id, projection_date, projection_time, cinema_hall_id, movie_id, created_at, updated_at) VALUES ('560f8cdf-35bb-4c4b-96cd-9cf98c9bb059', '2026-01-21', '19:00:00', '81059085-f2ca-4b4e-95f3-be4728c2aa0a', 'e4232a9c-3eeb-48fa-ae62-9f4457857ae3', '2026-01-15T04:50:09.832138', '2026-01-15T04:50:09.832138');
INSERT INTO movie_projections (id, projection_date, projection_time, cinema_hall_id, movie_id, created_at, updated_at) VALUES ('373c5420-99fb-456b-b91a-64e3657b310e', '2026-02-19', '13:00:00', '24dacc2b-ba4f-4db2-98f5-597c052c7565', 'e4232a9c-3eeb-48fa-ae62-9f4457857ae3', '2026-01-15T04:50:09.832175', '2026-01-15T04:50:09.832175');
INSERT INTO movie_projections (id, projection_date, projection_time, cinema_hall_id, movie_id, created_at, updated_at) VALUES ('8ed382c7-df96-4789-b90c-770a8742e67a', '2026-02-08', '10:00:00', '12e6090e-6add-4d2d-b65b-f586dca60bfa', 'e4232a9c-3eeb-48fa-ae62-9f4457857ae3', '2026-01-15T04:50:09.832213', '2026-01-15T04:50:09.832213');
INSERT INTO movie_projections (id, projection_date, projection_time, cinema_hall_id, movie_id, created_at, updated_at) VALUES ('41af344f-2607-4d00-acac-d77b067d1108', '2026-02-14', '13:00:00', '12e6090e-6add-4d2d-b65b-f586dca60bfa', 'e4232a9c-3eeb-48fa-ae62-9f4457857ae3', '2026-01-15T04:50:09.832250', '2026-01-15T04:50:09.832250');
INSERT INTO movie_projections (id, projection_date, projection_time, cinema_hall_id, movie_id, created_at, updated_at) VALUES ('2dfd3cce-08bf-4927-a5a1-dd7eded75065', '2026-03-11', '19:00:00', 'ba547a79-3908-4660-a602-edd8403b7c5d', 'e4232a9c-3eeb-48fa-ae62-9f4457857ae3', '2026-01-15T04:50:09.832299', '2026-01-15T04:50:09.832299');
INSERT INTO movie_projections (id, projection_date, projection_time, cinema_hall_id, movie_id, created_at, updated_at) VALUES ('7439b8e1-58b1-4d9d-bd81-5adf824b8836', '2026-01-20', '13:00:00', '24dacc2b-ba4f-4db2-98f5-597c052c7565', 'e4232a9c-3eeb-48fa-ae62-9f4457857ae3', '2026-01-15T04:50:09.832342', '2026-01-15T04:50:09.832342');
INSERT INTO movie_projections (id, projection_date, projection_time, cinema_hall_id, movie_id, created_at, updated_at) VALUES ('20428295-3ccf-4cda-8414-b1b7e3de3b8e', '2026-02-04', '19:00:00', 'ba547a79-3908-4660-a602-edd8403b7c5d', 'e4232a9c-3eeb-48fa-ae62-9f4457857ae3', '2026-01-15T04:50:09.832382', '2026-01-15T04:50:09.832382');
INSERT INTO movie_projections (id, projection_date, projection_time, cinema_hall_id, movie_id, created_at, updated_at) VALUES ('e1f01a96-25e5-47ec-aead-4756bd7b689e', '2026-01-29', '13:00:00', '17b0293c-e4f6-4bec-ab09-f8e6da53166e', 'e4232a9c-3eeb-48fa-ae62-9f4457857ae3', '2026-01-15T04:50:09.832420', '2026-01-15T04:50:09.832420');
INSERT INTO movie_projections (id, projection_date, projection_time, cinema_hall_id, movie_id, created_at, updated_at) VALUES ('10a6b4ba-77ad-4a01-a5cf-9e9913fda186', '2026-02-24', '16:00:00', '877f2e71-c328-40ba-9e66-740145c3b9ea', 'e4232a9c-3eeb-48fa-ae62-9f4457857ae3', '2026-01-15T04:50:09.832459', '2026-01-15T04:50:09.832459');
INSERT INTO movie_projections (id, projection_date, projection_time, cinema_hall_id, movie_id, created_at, updated_at) VALUES ('8076c105-5a58-458b-b041-6b5ff9abd41c', '2026-02-16', '13:00:00', '17b0293c-e4f6-4bec-ab09-f8e6da53166e', 'e4232a9c-3eeb-48fa-ae62-9f4457857ae3', '2026-01-15T04:50:09.832498', '2026-01-15T04:50:09.832498');
INSERT INTO movie_projections (id, projection_date, projection_time, cinema_hall_id, movie_id, created_at, updated_at) VALUES ('5296b07d-23dc-4386-ac11-66867acca467', '2026-02-26', '13:00:00', '17b0293c-e4f6-4bec-ab09-f8e6da53166e', 'e4232a9c-3eeb-48fa-ae62-9f4457857ae3', '2026-01-15T04:50:09.832536', '2026-01-15T04:50:09.832536');
INSERT INTO movie_projections (id, projection_date, projection_time, cinema_hall_id, movie_id, created_at, updated_at) VALUES ('ab542f41-d4d9-4840-96ee-927684e8f0a2', '2026-02-19', '10:00:00', '0572e6f5-a08d-48c0-9dc0-ce2eef6f3df9', 'e4232a9c-3eeb-48fa-ae62-9f4457857ae3', '2026-01-15T04:50:09.832573', '2026-01-15T04:50:09.832573');
INSERT INTO movie_projections (id, projection_date, projection_time, cinema_hall_id, movie_id, created_at, updated_at) VALUES ('34fcd6f3-1e60-4a4a-9f52-0f09bbce31ea', '2026-03-01', '16:00:00', '223652cd-d2ab-4968-8a1e-349553055ce6', 'e4232a9c-3eeb-48fa-ae62-9f4457857ae3', '2026-01-15T04:50:09.832610', '2026-01-15T04:50:09.832610');
INSERT INTO movie_projections (id, projection_date, projection_time, cinema_hall_id, movie_id, created_at, updated_at) VALUES ('e5c12922-7ff2-445e-aca3-359e98d0b85a', '2026-01-25', '16:00:00', '17b0293c-e4f6-4bec-ab09-f8e6da53166e', 'e4232a9c-3eeb-48fa-ae62-9f4457857ae3', '2026-01-15T04:50:09.832647', '2026-01-15T04:50:09.832647');
INSERT INTO movie_projections (id, projection_date, projection_time, cinema_hall_id, movie_id, created_at, updated_at) VALUES ('87437fd1-f8f1-4ca5-8aa4-c2a3259919fc', '2026-03-07', '10:00:00', 'cab834d9-f539-47b1-a0df-a6ba84c95746', 'e4232a9c-3eeb-48fa-ae62-9f4457857ae3', '2026-01-15T04:50:09.832687', '2026-01-15T04:50:09.832687');
INSERT INTO movie_projections (id, projection_date, projection_time, cinema_hall_id, movie_id, created_at, updated_at) VALUES ('13ef413a-b569-47c1-a20b-86c6230054c2', '2026-02-27', '16:00:00', 'f6779957-000c-48ec-8919-484a54941dac', 'e4232a9c-3eeb-48fa-ae62-9f4457857ae3', '2026-01-15T04:50:09.832725', '2026-01-15T04:50:09.832725');
INSERT INTO movie_projections (id, projection_date, projection_time, cinema_hall_id, movie_id, created_at, updated_at) VALUES ('995d1975-c1a9-4da6-8930-ad82584b8a21', '2026-01-28', '16:00:00', '81059085-f2ca-4b4e-95f3-be4728c2aa0a', 'e4232a9c-3eeb-48fa-ae62-9f4457857ae3', '2026-01-15T04:50:09.832762', '2026-01-15T04:50:09.832762');
INSERT INTO movie_projections (id, projection_date, projection_time, cinema_hall_id, movie_id, created_at, updated_at) VALUES ('788e9794-6519-448d-9c70-7f5aff27d10a', '2026-03-01', '19:00:00', 'cab834d9-f539-47b1-a0df-a6ba84c95746', 'e4232a9c-3eeb-48fa-ae62-9f4457857ae3', '2026-01-15T04:50:09.832799', '2026-01-15T04:50:09.832799');
INSERT INTO movie_projections (id, projection_date, projection_time, cinema_hall_id, movie_id, created_at, updated_at) VALUES ('49580e07-c138-45ce-9493-a5e69becbc97', '2026-02-11', '13:00:00', 'ba547a79-3908-4660-a602-edd8403b7c5d', 'e4232a9c-3eeb-48fa-ae62-9f4457857ae3', '2026-01-15T04:50:09.832836', '2026-01-15T04:50:09.832836');
INSERT INTO movie_projections (id, projection_date, projection_time, cinema_hall_id, movie_id, created_at, updated_at) VALUES ('bead05e8-eb1b-4131-8f26-595fa76a1faa', '2026-02-12', '10:00:00', 'f6779957-000c-48ec-8919-484a54941dac', 'e4232a9c-3eeb-48fa-ae62-9f4457857ae3', '2026-01-15T04:50:09.832874', '2026-01-15T04:50:09.832874');
INSERT INTO movie_projections (id, projection_date, projection_time, cinema_hall_id, movie_id, created_at, updated_at) VALUES ('67320975-2502-4e12-99c2-2f7e50a04067', '2026-02-25', '13:00:00', 'f6779957-000c-48ec-8919-484a54941dac', 'e4232a9c-3eeb-48fa-ae62-9f4457857ae3', '2026-01-15T04:50:09.832912', '2026-01-15T04:50:09.832912');
INSERT INTO movie_projections (id, projection_date, projection_time, cinema_hall_id, movie_id, created_at, updated_at) VALUES ('45517c9f-cbbd-4674-9ca6-8f79d59d7e17', '2026-02-03', '10:00:00', '12e6090e-6add-4d2d-b65b-f586dca60bfa', 'e4232a9c-3eeb-48fa-ae62-9f4457857ae3', '2026-01-15T04:50:09.832949', '2026-01-15T04:50:09.832949');
INSERT INTO movie_projections (id, projection_date, projection_time, cinema_hall_id, movie_id, created_at, updated_at) VALUES ('6d655156-5110-4e4a-bf62-d972038f01dc', '2026-03-07', '13:00:00', 'f6779957-000c-48ec-8919-484a54941dac', 'e4232a9c-3eeb-48fa-ae62-9f4457857ae3', '2026-01-15T04:50:09.832990', '2026-01-15T04:50:09.832990');
INSERT INTO movie_projections (id, projection_date, projection_time, cinema_hall_id, movie_id, created_at, updated_at) VALUES ('cf477595-4301-49f0-ba26-26c14bd29e0f', '2026-01-20', '10:00:00', '877f2e71-c328-40ba-9e66-740145c3b9ea', 'e4232a9c-3eeb-48fa-ae62-9f4457857ae3', '2026-01-15T04:50:09.833028', '2026-01-15T04:50:09.833028');
INSERT INTO movie_projections (id, projection_date, projection_time, cinema_hall_id, movie_id, created_at, updated_at) VALUES ('9ae90501-1e0a-4c12-bb64-b7222bbd730e', '2026-02-28', '13:00:00', '17b0293c-e4f6-4bec-ab09-f8e6da53166e', 'e4232a9c-3eeb-48fa-ae62-9f4457857ae3', '2026-01-15T04:50:09.833065', '2026-01-15T04:50:09.833065');
INSERT INTO movie_projections (id, projection_date, projection_time, cinema_hall_id, movie_id, created_at, updated_at) VALUES ('214ee133-ae97-4f8c-a841-2f227a44bb71', '2026-01-24', '13:00:00', '17b0293c-e4f6-4bec-ab09-f8e6da53166e', 'e4232a9c-3eeb-48fa-ae62-9f4457857ae3', '2026-01-15T04:50:09.833106', '2026-01-15T04:50:09.833106');
INSERT INTO movie_projections (id, projection_date, projection_time, cinema_hall_id, movie_id, created_at, updated_at) VALUES ('85bed27f-4f74-4904-84d1-663a8e2300fe', '2026-02-15', '19:00:00', 'ba547a79-3908-4660-a602-edd8403b7c5d', 'e4232a9c-3eeb-48fa-ae62-9f4457857ae3', '2026-01-15T04:50:09.833144', '2026-01-15T04:50:09.833144');
INSERT INTO movie_projections (id, projection_date, projection_time, cinema_hall_id, movie_id, created_at, updated_at) VALUES ('5928151d-a242-47c5-bfae-6c26d6031b02', '2026-03-07', '13:00:00', 'ba547a79-3908-4660-a602-edd8403b7c5d', 'e4232a9c-3eeb-48fa-ae62-9f4457857ae3', '2026-01-15T04:50:09.833183', '2026-01-15T04:50:09.833183');
INSERT INTO movie_projections (id, projection_date, projection_time, cinema_hall_id, movie_id, created_at, updated_at) VALUES ('b4b5c60a-8edc-4701-ad30-d365da4ad23b', '2026-03-06', '16:00:00', '24dacc2b-ba4f-4db2-98f5-597c052c7565', 'e4232a9c-3eeb-48fa-ae62-9f4457857ae3', '2026-01-15T04:50:09.833220', '2026-01-15T04:50:09.833220');
INSERT INTO movie_projections (id, projection_date, projection_time, cinema_hall_id, movie_id, created_at, updated_at) VALUES ('99a0e424-7477-42bb-ad9c-664c10cc7d1c', '2026-01-29', '10:00:00', '17b0293c-e4f6-4bec-ab09-f8e6da53166e', 'e4232a9c-3eeb-48fa-ae62-9f4457857ae3', '2026-01-15T04:50:09.833257', '2026-01-15T04:50:09.833257');
INSERT INTO movie_projections (id, projection_date, projection_time, cinema_hall_id, movie_id, created_at, updated_at) VALUES ('e8f9cbeb-1024-41e3-8782-aa2a4489df16', '2026-01-15', '10:00:00', '81059085-f2ca-4b4e-95f3-be4728c2aa0a', 'e4232a9c-3eeb-48fa-ae62-9f4457857ae3', '2026-01-15T04:50:09.833297', '2026-01-15T04:50:09.833297');
INSERT INTO movie_projections (id, projection_date, projection_time, cinema_hall_id, movie_id, created_at, updated_at) VALUES ('4e0b0e4d-5b79-4f77-aaa1-3917f2931368', '2026-02-20', '10:00:00', 'cab834d9-f539-47b1-a0df-a6ba84c95746', 'e4232a9c-3eeb-48fa-ae62-9f4457857ae3', '2026-01-15T04:50:09.833335', '2026-01-15T04:50:09.833335');
INSERT INTO movie_projections (id, projection_date, projection_time, cinema_hall_id, movie_id, created_at, updated_at) VALUES ('5ab9229f-2c0f-4168-a5da-bf9f00708bcd', '2026-03-04', '13:00:00', '81059085-f2ca-4b4e-95f3-be4728c2aa0a', 'e4232a9c-3eeb-48fa-ae62-9f4457857ae3', '2026-01-15T04:50:09.833371', '2026-01-15T04:50:09.833371');
INSERT INTO movie_projections (id, projection_date, projection_time, cinema_hall_id, movie_id, created_at, updated_at) VALUES ('b4bbff3b-4d72-453b-ae85-b365a25d54c8', '2026-02-15', '19:00:00', 'f6779957-000c-48ec-8919-484a54941dac', 'e4232a9c-3eeb-48fa-ae62-9f4457857ae3', '2026-01-15T04:50:09.833409', '2026-01-15T04:50:09.833409');
INSERT INTO movie_projections (id, projection_date, projection_time, cinema_hall_id, movie_id, created_at, updated_at) VALUES ('6bddbf15-c4b5-4779-bd32-b91efd9d1683', '2026-02-27', '19:00:00', '24dacc2b-ba4f-4db2-98f5-597c052c7565', 'e4232a9c-3eeb-48fa-ae62-9f4457857ae3', '2026-01-15T04:50:09.833446', '2026-01-15T04:50:09.833446');
INSERT INTO movie_projections (id, projection_date, projection_time, cinema_hall_id, movie_id, created_at, updated_at) VALUES ('5abf8ea6-f5a8-49f3-9e00-54bf63eef0fa', '2026-01-18', '16:00:00', '81059085-f2ca-4b4e-95f3-be4728c2aa0a', 'e4232a9c-3eeb-48fa-ae62-9f4457857ae3', '2026-01-15T04:50:09.833497', '2026-01-15T04:50:09.833497');
INSERT INTO movie_projections (id, projection_date, projection_time, cinema_hall_id, movie_id, created_at, updated_at) VALUES ('de2ad9e5-fab1-4b09-a6a2-a88bc01542b4', '2026-01-20', '16:00:00', 'cab834d9-f539-47b1-a0df-a6ba84c95746', '21c3402b-d663-47e7-b2c8-b04f11674791', '2026-01-15T04:50:09.833539', '2026-01-15T04:50:09.833539');
INSERT INTO movie_projections (id, projection_date, projection_time, cinema_hall_id, movie_id, created_at, updated_at) VALUES ('e05cc7c2-3679-4a3a-aec1-80be1f3d48c3', '2026-01-27', '10:00:00', 'f6779957-000c-48ec-8919-484a54941dac', '21c3402b-d663-47e7-b2c8-b04f11674791', '2026-01-15T04:50:09.833577', '2026-01-15T04:50:09.833577');
INSERT INTO movie_projections (id, projection_date, projection_time, cinema_hall_id, movie_id, created_at, updated_at) VALUES ('f8ecbe9e-5279-4546-9e33-2588e2da7da6', '2026-02-01', '19:00:00', 'b413cf46-2d80-423c-8003-e171d72fa0c8', '21c3402b-d663-47e7-b2c8-b04f11674791', '2026-01-15T04:50:09.833618', '2026-01-15T04:50:09.833618');
INSERT INTO movie_projections (id, projection_date, projection_time, cinema_hall_id, movie_id, created_at, updated_at) VALUES ('37325b26-5ef9-49ea-a06e-777cf3fe6655', '2026-01-28', '16:00:00', '24dacc2b-ba4f-4db2-98f5-597c052c7565', '21c3402b-d663-47e7-b2c8-b04f11674791', '2026-01-15T04:50:09.833655', '2026-01-15T04:50:09.833655');
INSERT INTO movie_projections (id, projection_date, projection_time, cinema_hall_id, movie_id, created_at, updated_at) VALUES ('8b517f7e-64ad-4158-a283-e629344e6fa4', '2026-01-21', '13:00:00', '24dacc2b-ba4f-4db2-98f5-597c052c7565', '21c3402b-d663-47e7-b2c8-b04f11674791', '2026-01-15T04:50:09.833692', '2026-01-15T04:50:09.833692');
INSERT INTO movie_projections (id, projection_date, projection_time, cinema_hall_id, movie_id, created_at, updated_at) VALUES ('2b1f02cc-8a7b-4263-aecb-994ac75723aa', '2026-01-24', '19:00:00', 'ba547a79-3908-4660-a602-edd8403b7c5d', '21c3402b-d663-47e7-b2c8-b04f11674791', '2026-01-15T04:50:09.833730', '2026-01-15T04:50:09.833730');
INSERT INTO movie_projections (id, projection_date, projection_time, cinema_hall_id, movie_id, created_at, updated_at) VALUES ('d5b89f90-eb2e-4dba-b0b2-b78cce6637f5', '2026-01-19', '13:00:00', 'ba547a79-3908-4660-a602-edd8403b7c5d', '21c3402b-d663-47e7-b2c8-b04f11674791', '2026-01-15T04:50:09.833767', '2026-01-15T04:50:09.833767');
INSERT INTO movie_projections (id, projection_date, projection_time, cinema_hall_id, movie_id, created_at, updated_at) VALUES ('84f551ec-badd-4623-85b4-0e05a870b565', '2026-01-29', '10:00:00', '17b0293c-e4f6-4bec-ab09-f8e6da53166e', '21c3402b-d663-47e7-b2c8-b04f11674791', '2026-01-15T04:50:09.833805', '2026-01-15T04:50:09.833805');
INSERT INTO movie_projections (id, projection_date, projection_time, cinema_hall_id, movie_id, created_at, updated_at) VALUES ('10bb2c12-f858-4151-8fac-cb5527905d51', '2026-01-28', '16:00:00', 'cab834d9-f539-47b1-a0df-a6ba84c95746', '21c3402b-d663-47e7-b2c8-b04f11674791', '2026-01-15T04:50:09.833842', '2026-01-15T04:50:09.833842');
INSERT INTO movie_projections (id, projection_date, projection_time, cinema_hall_id, movie_id, created_at, updated_at) VALUES ('6aeeb395-b0db-4340-bef9-f773b18bec08', '2026-01-15', '10:00:00', 'f6779957-000c-48ec-8919-484a54941dac', '21c3402b-d663-47e7-b2c8-b04f11674791', '2026-01-15T04:50:09.833879', '2026-01-15T04:50:09.833879');
INSERT INTO movie_projections (id, projection_date, projection_time, cinema_hall_id, movie_id, created_at, updated_at) VALUES ('83b84daf-cc11-47d0-ae7e-7efbe93425c3', '2026-02-17', '10:00:00', 'cab834d9-f539-47b1-a0df-a6ba84c95746', '21c3402b-d663-47e7-b2c8-b04f11674791', '2026-01-15T04:50:09.833919', '2026-01-15T04:50:09.833919');
INSERT INTO movie_projections (id, projection_date, projection_time, cinema_hall_id, movie_id, created_at, updated_at) VALUES ('52786d5c-f494-4d38-8b76-0b2acc7406b5', '2026-02-01', '19:00:00', '81059085-f2ca-4b4e-95f3-be4728c2aa0a', '21c3402b-d663-47e7-b2c8-b04f11674791', '2026-01-15T04:50:09.833956', '2026-01-15T04:50:09.833956');
INSERT INTO movie_projections (id, projection_date, projection_time, cinema_hall_id, movie_id, created_at, updated_at) VALUES ('6c1cc56d-36da-4527-b7f4-e72ecd973658', '2026-01-18', '10:00:00', '0572e6f5-a08d-48c0-9dc0-ce2eef6f3df9', '21c3402b-d663-47e7-b2c8-b04f11674791', '2026-01-15T04:50:09.833992', '2026-01-15T04:50:09.833992');
INSERT INTO movie_projections (id, projection_date, projection_time, cinema_hall_id, movie_id, created_at, updated_at) VALUES ('8dd1b115-7cc9-4f96-8f72-27d6b7869215', '2026-01-31', '16:00:00', '0572e6f5-a08d-48c0-9dc0-ce2eef6f3df9', '21c3402b-d663-47e7-b2c8-b04f11674791', '2026-01-15T04:50:09.834032', '2026-01-15T04:50:09.834032');
INSERT INTO movie_projections (id, projection_date, projection_time, cinema_hall_id, movie_id, created_at, updated_at) VALUES ('3b0c32f1-42f2-4387-86ff-c87f7752119a', '2026-02-12', '10:00:00', 'f6779957-000c-48ec-8919-484a54941dac', '21c3402b-d663-47e7-b2c8-b04f11674791', '2026-01-15T04:50:09.834069', '2026-01-15T04:50:09.834069');
INSERT INTO movie_projections (id, projection_date, projection_time, cinema_hall_id, movie_id, created_at, updated_at) VALUES ('b4815600-9d27-4614-8b91-0a004e655388', '2026-02-10', '16:00:00', 'b413cf46-2d80-423c-8003-e171d72fa0c8', '21c3402b-d663-47e7-b2c8-b04f11674791', '2026-01-15T04:50:09.834106', '2026-01-15T04:50:09.834106');
INSERT INTO movie_projections (id, projection_date, projection_time, cinema_hall_id, movie_id, created_at, updated_at) VALUES ('45f0d25a-923c-422f-a1eb-8ef6de6a7cc7', '2026-01-20', '13:00:00', '223652cd-d2ab-4968-8a1e-349553055ce6', '21c3402b-d663-47e7-b2c8-b04f11674791', '2026-01-15T04:50:09.834144', '2026-01-15T04:50:09.834144');
INSERT INTO movie_projections (id, projection_date, projection_time, cinema_hall_id, movie_id, created_at, updated_at) VALUES ('af315adc-8826-4dd8-bc3e-b1d7f10e0589', '2026-02-05', '16:00:00', '24dacc2b-ba4f-4db2-98f5-597c052c7565', '21c3402b-d663-47e7-b2c8-b04f11674791', '2026-01-15T04:50:09.834182', '2026-01-15T04:50:09.834182');
INSERT INTO movie_projections (id, projection_date, projection_time, cinema_hall_id, movie_id, created_at, updated_at) VALUES ('d73b4d02-bfa5-4156-ba37-7928431331d5', '2026-02-11', '13:00:00', '223652cd-d2ab-4968-8a1e-349553055ce6', '21c3402b-d663-47e7-b2c8-b04f11674791', '2026-01-15T04:50:09.834223', '2026-01-15T04:50:09.834223');
INSERT INTO movie_projections (id, projection_date, projection_time, cinema_hall_id, movie_id, created_at, updated_at) VALUES ('d68b2074-bcf2-4b80-92c5-6b659bca3cd0', '2026-02-05', '19:00:00', '12e6090e-6add-4d2d-b65b-f586dca60bfa', '21c3402b-d663-47e7-b2c8-b04f11674791', '2026-01-15T04:50:09.834261', '2026-01-15T04:50:09.834261');
INSERT INTO movie_projections (id, projection_date, projection_time, cinema_hall_id, movie_id, created_at, updated_at) VALUES ('bb39c7f3-6dd9-4107-b702-feaa2861149c', '2026-01-16', '19:00:00', '24dacc2b-ba4f-4db2-98f5-597c052c7565', '21c3402b-d663-47e7-b2c8-b04f11674791', '2026-01-15T04:50:09.834298', '2026-01-15T04:50:09.834298');
INSERT INTO movie_projections (id, projection_date, projection_time, cinema_hall_id, movie_id, created_at, updated_at) VALUES ('2bac7258-9584-4fe0-9826-339e2762f516', '2026-01-20', '13:00:00', '0572e6f5-a08d-48c0-9dc0-ce2eef6f3df9', '21c3402b-d663-47e7-b2c8-b04f11674791', '2026-01-15T04:50:09.834334', '2026-01-15T04:50:09.834334');
INSERT INTO movie_projections (id, projection_date, projection_time, cinema_hall_id, movie_id, created_at, updated_at) VALUES ('2e169d49-d825-4ee5-8340-ffd1ec2060f3', '2026-01-31', '16:00:00', 'b413cf46-2d80-423c-8003-e171d72fa0c8', '21c3402b-d663-47e7-b2c8-b04f11674791', '2026-01-15T04:50:09.834373', '2026-01-15T04:50:09.834373');
INSERT INTO movie_projections (id, projection_date, projection_time, cinema_hall_id, movie_id, created_at, updated_at) VALUES ('03f484df-d695-4cd7-a165-5aa2a9d923ca', '2026-01-23', '13:00:00', 'cab834d9-f539-47b1-a0df-a6ba84c95746', '21c3402b-d663-47e7-b2c8-b04f11674791', '2026-01-15T04:50:09.834411', '2026-01-15T04:50:09.834411');
INSERT INTO movie_projections (id, projection_date, projection_time, cinema_hall_id, movie_id, created_at, updated_at) VALUES ('0637820c-f7b3-4229-bbe7-8203608b6ba1', '2026-01-20', '19:00:00', 'ba547a79-3908-4660-a602-edd8403b7c5d', '21c3402b-d663-47e7-b2c8-b04f11674791', '2026-01-15T04:50:09.834448', '2026-01-15T04:50:09.834448');
INSERT INTO movie_projections (id, projection_date, projection_time, cinema_hall_id, movie_id, created_at, updated_at) VALUES ('328826f5-9bab-43dc-9577-bf909daced0b', '2026-02-11', '19:00:00', '17b0293c-e4f6-4bec-ab09-f8e6da53166e', '21c3402b-d663-47e7-b2c8-b04f11674791', '2026-01-15T04:50:09.834498', '2026-01-15T04:50:09.834498');
INSERT INTO movie_projections (id, projection_date, projection_time, cinema_hall_id, movie_id, created_at, updated_at) VALUES ('035f3ad0-dd69-45ea-9f7d-8596346fff00', '2026-01-21', '19:00:00', 'ba547a79-3908-4660-a602-edd8403b7c5d', '21c3402b-d663-47e7-b2c8-b04f11674791', '2026-01-15T04:50:09.834540', '2026-01-15T04:50:09.834540');
INSERT INTO movie_projections (id, projection_date, projection_time, cinema_hall_id, movie_id, created_at, updated_at) VALUES ('fc73a445-d0e1-4860-9727-87af9d763a14', '2026-02-12', '16:00:00', 'f6779957-000c-48ec-8919-484a54941dac', '21c3402b-d663-47e7-b2c8-b04f11674791', '2026-01-15T04:50:09.834578', '2026-01-15T04:50:09.834578');
INSERT INTO movie_projections (id, projection_date, projection_time, cinema_hall_id, movie_id, created_at, updated_at) VALUES ('e47359df-b9b6-4ce6-bbd1-502728c02d82', '2026-02-15', '10:00:00', '24dacc2b-ba4f-4db2-98f5-597c052c7565', '21c3402b-d663-47e7-b2c8-b04f11674791', '2026-01-15T04:50:09.834615', '2026-01-15T04:50:09.834615');
INSERT INTO movie_projections (id, projection_date, projection_time, cinema_hall_id, movie_id, created_at, updated_at) VALUES ('249a8152-9642-450b-9db1-674ab51c98e8', '2026-01-23', '10:00:00', '24dacc2b-ba4f-4db2-98f5-597c052c7565', '21c3402b-d663-47e7-b2c8-b04f11674791', '2026-01-15T04:50:09.834651', '2026-01-15T04:50:09.834651');
INSERT INTO movie_projections (id, projection_date, projection_time, cinema_hall_id, movie_id, created_at, updated_at) VALUES ('0299612d-9a14-4c3e-b793-debaaa52b795', '2026-01-26', '16:00:00', '0572e6f5-a08d-48c0-9dc0-ce2eef6f3df9', '21c3402b-d663-47e7-b2c8-b04f11674791', '2026-01-15T04:50:09.834689', '2026-01-15T04:50:09.834689');
INSERT INTO movie_projections (id, projection_date, projection_time, cinema_hall_id, movie_id, created_at, updated_at) VALUES ('8816f1e8-6a52-4c3c-b338-3cf48490ea47', '2026-01-26', '19:00:00', 'b413cf46-2d80-423c-8003-e171d72fa0c8', '21c3402b-d663-47e7-b2c8-b04f11674791', '2026-01-15T04:50:09.834727', '2026-01-15T04:50:09.834727');
INSERT INTO movie_projections (id, projection_date, projection_time, cinema_hall_id, movie_id, created_at, updated_at) VALUES ('c1a80f2c-0369-4d9f-84df-b5aa7ef6abd2', '2026-01-28', '13:00:00', 'cab834d9-f539-47b1-a0df-a6ba84c95746', '21c3402b-d663-47e7-b2c8-b04f11674791', '2026-01-15T04:50:09.834764', '2026-01-15T04:50:09.834764');
INSERT INTO movie_projections (id, projection_date, projection_time, cinema_hall_id, movie_id, created_at, updated_at) VALUES ('11b7c928-7569-47b7-9ef8-0ec1e0e2c871', '2026-01-22', '13:00:00', '24dacc2b-ba4f-4db2-98f5-597c052c7565', '21c3402b-d663-47e7-b2c8-b04f11674791', '2026-01-15T04:50:09.834801', '2026-01-15T04:50:09.834801');
INSERT INTO movie_projections (id, projection_date, projection_time, cinema_hall_id, movie_id, created_at, updated_at) VALUES ('ed9c7eba-dec4-423f-bdd8-bf98a4447e57', '2026-01-24', '16:00:00', '24dacc2b-ba4f-4db2-98f5-597c052c7565', '21c3402b-d663-47e7-b2c8-b04f11674791', '2026-01-15T04:50:09.834841', '2026-01-15T04:50:09.834841');
INSERT INTO movie_projections (id, projection_date, projection_time, cinema_hall_id, movie_id, created_at, updated_at) VALUES ('af1e57a2-96ab-4460-8ccc-35e6208fee49', '2026-01-22', '10:00:00', '877f2e71-c328-40ba-9e66-740145c3b9ea', '21c3402b-d663-47e7-b2c8-b04f11674791', '2026-01-15T04:50:09.834880', '2026-01-15T04:50:09.834880');
INSERT INTO movie_projections (id, projection_date, projection_time, cinema_hall_id, movie_id, created_at, updated_at) VALUES ('28c0f0db-d1f8-495d-9043-791b0f46092c', '2026-02-12', '10:00:00', '12e6090e-6add-4d2d-b65b-f586dca60bfa', '21c3402b-d663-47e7-b2c8-b04f11674791', '2026-01-15T04:50:09.834928', '2026-01-15T04:50:09.834928');
INSERT INTO movie_projections (id, projection_date, projection_time, cinema_hall_id, movie_id, created_at, updated_at) VALUES ('83b8ef70-8ec6-43ce-9d56-b1d7a3bfb373', '2026-01-18', '13:00:00', '81059085-f2ca-4b4e-95f3-be4728c2aa0a', '21c3402b-d663-47e7-b2c8-b04f11674791', '2026-01-15T04:50:09.834996', '2026-01-15T04:50:09.834996');
INSERT INTO movie_projections (id, projection_date, projection_time, cinema_hall_id, movie_id, created_at, updated_at) VALUES ('add49a1b-fc15-4d60-b9be-3e4b6f1461f9', '2026-01-17', '13:00:00', '17b0293c-e4f6-4bec-ab09-f8e6da53166e', '21c3402b-d663-47e7-b2c8-b04f11674791', '2026-01-15T04:50:09.835049', '2026-01-15T04:50:09.835049');
INSERT INTO movie_projections (id, projection_date, projection_time, cinema_hall_id, movie_id, created_at, updated_at) VALUES ('40994064-3852-44a4-a568-8fead7a0923d', '2026-02-12', '16:00:00', 'cab834d9-f539-47b1-a0df-a6ba84c95746', '21c3402b-d663-47e7-b2c8-b04f11674791', '2026-01-15T04:50:09.835089', '2026-01-15T04:50:09.835089');
INSERT INTO movie_projections (id, projection_date, projection_time, cinema_hall_id, movie_id, created_at, updated_at) VALUES ('608a9e76-4446-4b40-ba54-85284c164ba2', '2026-02-03', '19:00:00', '877f2e71-c328-40ba-9e66-740145c3b9ea', 'e748d106-7618-4aa2-8a2f-5cafdb4145db', '2026-01-15T04:50:09.835129', '2026-01-15T04:50:09.835129');
INSERT INTO movie_projections (id, projection_date, projection_time, cinema_hall_id, movie_id, created_at, updated_at) VALUES ('96b104b8-ac0b-4ba3-a5af-f8e67a26d834', '2026-01-23', '16:00:00', '24dacc2b-ba4f-4db2-98f5-597c052c7565', 'e748d106-7618-4aa2-8a2f-5cafdb4145db', '2026-01-15T04:50:09.835170', '2026-01-15T04:50:09.835170');
INSERT INTO movie_projections (id, projection_date, projection_time, cinema_hall_id, movie_id, created_at, updated_at) VALUES ('4e649c49-fd14-4daf-afb9-c07d01ae990a', '2026-01-16', '19:00:00', '81059085-f2ca-4b4e-95f3-be4728c2aa0a', 'e748d106-7618-4aa2-8a2f-5cafdb4145db', '2026-01-15T04:50:09.835209', '2026-01-15T04:50:09.835209');
INSERT INTO movie_projections (id, projection_date, projection_time, cinema_hall_id, movie_id, created_at, updated_at) VALUES ('dd3c9a35-136d-4bdb-a968-c14c785e2f6d', '2026-02-08', '13:00:00', '12e6090e-6add-4d2d-b65b-f586dca60bfa', 'e748d106-7618-4aa2-8a2f-5cafdb4145db', '2026-01-15T04:50:09.835247', '2026-01-15T04:50:09.835247');
INSERT INTO movie_projections (id, projection_date, projection_time, cinema_hall_id, movie_id, created_at, updated_at) VALUES ('f644d2d0-7be5-409a-9093-c8a558f837aa', '2026-01-28', '19:00:00', '17b0293c-e4f6-4bec-ab09-f8e6da53166e', 'e748d106-7618-4aa2-8a2f-5cafdb4145db', '2026-01-15T04:50:09.835284', '2026-01-15T04:50:09.835284');
INSERT INTO movie_projections (id, projection_date, projection_time, cinema_hall_id, movie_id, created_at, updated_at) VALUES ('656a8720-129c-4aa1-86c8-c982caf39c35', '2026-02-21', '16:00:00', 'ba547a79-3908-4660-a602-edd8403b7c5d', 'e748d106-7618-4aa2-8a2f-5cafdb4145db', '2026-01-15T04:50:09.835323', '2026-01-15T04:50:09.835323');
INSERT INTO movie_projections (id, projection_date, projection_time, cinema_hall_id, movie_id, created_at, updated_at) VALUES ('70ac8607-93ee-42a9-80bc-709245c2c383', '2026-02-05', '13:00:00', '12e6090e-6add-4d2d-b65b-f586dca60bfa', 'e748d106-7618-4aa2-8a2f-5cafdb4145db', '2026-01-15T04:50:09.835361', '2026-01-15T04:50:09.835361');
INSERT INTO movie_projections (id, projection_date, projection_time, cinema_hall_id, movie_id, created_at, updated_at) VALUES ('bb423058-7fbd-484f-8bdd-34554f45456a', '2026-02-25', '16:00:00', '81059085-f2ca-4b4e-95f3-be4728c2aa0a', 'e748d106-7618-4aa2-8a2f-5cafdb4145db', '2026-01-15T04:50:09.835398', '2026-01-15T04:50:09.835398');
INSERT INTO movie_projections (id, projection_date, projection_time, cinema_hall_id, movie_id, created_at, updated_at) VALUES ('4b262903-0275-4fa8-8f8c-d2f4478a319c', '2026-01-19', '19:00:00', 'f6779957-000c-48ec-8919-484a54941dac', 'e748d106-7618-4aa2-8a2f-5cafdb4145db', '2026-01-15T04:50:09.835436', '2026-01-15T04:50:09.835436');
INSERT INTO movie_projections (id, projection_date, projection_time, cinema_hall_id, movie_id, created_at, updated_at) VALUES ('d671c126-0b30-470f-acbd-a89766e0a8a7', '2026-01-23', '13:00:00', 'cab834d9-f539-47b1-a0df-a6ba84c95746', 'e748d106-7618-4aa2-8a2f-5cafdb4145db', '2026-01-15T04:50:09.835473', '2026-01-15T04:50:09.835473');
INSERT INTO movie_projections (id, projection_date, projection_time, cinema_hall_id, movie_id, created_at, updated_at) VALUES ('029f53ad-4eda-4f7b-9464-1e7c28c1457d', '2026-01-27', '10:00:00', 'cab834d9-f539-47b1-a0df-a6ba84c95746', 'e748d106-7618-4aa2-8a2f-5cafdb4145db', '2026-01-15T04:50:09.835514', '2026-01-15T04:50:09.835514');
INSERT INTO movie_projections (id, projection_date, projection_time, cinema_hall_id, movie_id, created_at, updated_at) VALUES ('d9be14a8-4e4f-4f02-897e-89dfea2fb3e1', '2026-02-28', '19:00:00', 'ba547a79-3908-4660-a602-edd8403b7c5d', 'e748d106-7618-4aa2-8a2f-5cafdb4145db', '2026-01-15T04:50:09.835551', '2026-01-15T04:50:09.835551');
INSERT INTO movie_projections (id, projection_date, projection_time, cinema_hall_id, movie_id, created_at, updated_at) VALUES ('27ba39d5-d7c1-485f-aa62-68fd44bb0ba1', '2026-01-26', '10:00:00', '12e6090e-6add-4d2d-b65b-f586dca60bfa', 'e748d106-7618-4aa2-8a2f-5cafdb4145db', '2026-01-15T04:50:09.835587', '2026-01-15T04:50:09.835587');
INSERT INTO movie_projections (id, projection_date, projection_time, cinema_hall_id, movie_id, created_at, updated_at) VALUES ('50055961-b6d8-49d9-a5f4-e86b2cb2106e', '2026-01-27', '13:00:00', '17b0293c-e4f6-4bec-ab09-f8e6da53166e', 'e748d106-7618-4aa2-8a2f-5cafdb4145db', '2026-01-15T04:50:09.835625', '2026-01-15T04:50:09.835625');
INSERT INTO movie_projections (id, projection_date, projection_time, cinema_hall_id, movie_id, created_at, updated_at) VALUES ('c67c59a4-41eb-4af5-937a-ed799f45728c', '2026-02-07', '13:00:00', '24dacc2b-ba4f-4db2-98f5-597c052c7565', 'e748d106-7618-4aa2-8a2f-5cafdb4145db', '2026-01-15T04:50:09.835663', '2026-01-15T04:50:09.835663');
INSERT INTO movie_projections (id, projection_date, projection_time, cinema_hall_id, movie_id, created_at, updated_at) VALUES ('5af6db64-514f-4d72-8882-800b1f246e66', '2026-02-22', '13:00:00', '12e6090e-6add-4d2d-b65b-f586dca60bfa', 'e748d106-7618-4aa2-8a2f-5cafdb4145db', '2026-01-15T04:50:09.835711', '2026-01-15T04:50:09.835711');
INSERT INTO movie_projections (id, projection_date, projection_time, cinema_hall_id, movie_id, created_at, updated_at) VALUES ('1d11097b-a7de-40f5-8156-e4c12647c1c4', '2026-02-15', '10:00:00', '223652cd-d2ab-4968-8a1e-349553055ce6', 'e748d106-7618-4aa2-8a2f-5cafdb4145db', '2026-01-15T04:50:09.835748', '2026-01-15T04:50:09.835748');
INSERT INTO movie_projections (id, projection_date, projection_time, cinema_hall_id, movie_id, created_at, updated_at) VALUES ('09f62502-56e9-4475-b3b3-6ee05681621e', '2026-02-19', '13:00:00', 'cab834d9-f539-47b1-a0df-a6ba84c95746', 'e748d106-7618-4aa2-8a2f-5cafdb4145db', '2026-01-15T04:50:09.835787', '2026-01-15T04:50:09.835787');
INSERT INTO movie_projections (id, projection_date, projection_time, cinema_hall_id, movie_id, created_at, updated_at) VALUES ('7752cffb-22f7-4115-9dfb-88e5e685da18', '2026-01-24', '19:00:00', '24dacc2b-ba4f-4db2-98f5-597c052c7565', 'e748d106-7618-4aa2-8a2f-5cafdb4145db', '2026-01-15T04:50:09.835827', '2026-01-15T04:50:09.835827');
INSERT INTO movie_projections (id, projection_date, projection_time, cinema_hall_id, movie_id, created_at, updated_at) VALUES ('ea85face-e216-43e8-8917-4ec1ea028f0f', '2026-01-23', '13:00:00', 'cab834d9-f539-47b1-a0df-a6ba84c95746', 'e748d106-7618-4aa2-8a2f-5cafdb4145db', '2026-01-15T04:50:09.835865', '2026-01-15T04:50:09.835865');
INSERT INTO movie_projections (id, projection_date, projection_time, cinema_hall_id, movie_id, created_at, updated_at) VALUES ('d56924cd-62e4-44ae-9bdc-c128fff83a82', '2026-01-25', '16:00:00', '17b0293c-e4f6-4bec-ab09-f8e6da53166e', 'e748d106-7618-4aa2-8a2f-5cafdb4145db', '2026-01-15T04:50:09.835903', '2026-01-15T04:50:09.835903');
INSERT INTO movie_projections (id, projection_date, projection_time, cinema_hall_id, movie_id, created_at, updated_at) VALUES ('33842042-d9a8-41b4-852b-ac1cde3c21e1', '2026-02-14', '10:00:00', '223652cd-d2ab-4968-8a1e-349553055ce6', 'e748d106-7618-4aa2-8a2f-5cafdb4145db', '2026-01-15T04:50:09.835940', '2026-01-15T04:50:09.835940');
INSERT INTO movie_projections (id, projection_date, projection_time, cinema_hall_id, movie_id, created_at, updated_at) VALUES ('1d165328-c1a0-48dd-9eb2-815f4b0aed9a', '2026-02-27', '13:00:00', '81059085-f2ca-4b4e-95f3-be4728c2aa0a', 'e748d106-7618-4aa2-8a2f-5cafdb4145db', '2026-01-15T04:50:09.835977', '2026-01-15T04:50:09.835977');
INSERT INTO movie_projections (id, projection_date, projection_time, cinema_hall_id, movie_id, created_at, updated_at) VALUES ('2f1693c7-addb-4cc3-9252-c1712f5fa57c', '2026-01-20', '10:00:00', '12e6090e-6add-4d2d-b65b-f586dca60bfa', 'e748d106-7618-4aa2-8a2f-5cafdb4145db', '2026-01-15T04:50:09.836014', '2026-01-15T04:50:09.836014');
INSERT INTO movie_projections (id, projection_date, projection_time, cinema_hall_id, movie_id, created_at, updated_at) VALUES ('411cffcc-f09c-42ab-8443-27bae9e79474', '2026-01-16', '10:00:00', 'ba547a79-3908-4660-a602-edd8403b7c5d', 'e748d106-7618-4aa2-8a2f-5cafdb4145db', '2026-01-15T04:50:09.836053', '2026-01-15T04:50:09.836053');
INSERT INTO movie_projections (id, projection_date, projection_time, cinema_hall_id, movie_id, created_at, updated_at) VALUES ('9825c8c4-49c4-4591-9609-5ffc9326e81a', '2026-01-23', '19:00:00', 'f6779957-000c-48ec-8919-484a54941dac', 'e748d106-7618-4aa2-8a2f-5cafdb4145db', '2026-01-15T04:50:09.836091', '2026-01-15T04:50:09.836091');
INSERT INTO movie_projections (id, projection_date, projection_time, cinema_hall_id, movie_id, created_at, updated_at) VALUES ('31808884-ba7a-4976-ba54-300fd75f4578', '2026-02-21', '19:00:00', '223652cd-d2ab-4968-8a1e-349553055ce6', 'e748d106-7618-4aa2-8a2f-5cafdb4145db', '2026-01-15T04:50:09.836131', '2026-01-15T04:50:09.836131');
INSERT INTO movie_projections (id, projection_date, projection_time, cinema_hall_id, movie_id, created_at, updated_at) VALUES ('9805d863-bbdf-4830-ba0f-19c35578c25a', '2026-02-06', '19:00:00', 'ba547a79-3908-4660-a602-edd8403b7c5d', 'e748d106-7618-4aa2-8a2f-5cafdb4145db', '2026-01-15T04:50:09.836169', '2026-01-15T04:50:09.836169');
INSERT INTO movie_projections (id, projection_date, projection_time, cinema_hall_id, movie_id, created_at, updated_at) VALUES ('926cdd4d-0fd0-485c-8929-6bab98f14f4b', '2026-02-18', '16:00:00', 'cab834d9-f539-47b1-a0df-a6ba84c95746', 'e748d106-7618-4aa2-8a2f-5cafdb4145db', '2026-01-15T04:50:09.836252', '2026-01-15T04:50:09.836252');
INSERT INTO movie_projections (id, projection_date, projection_time, cinema_hall_id, movie_id, created_at, updated_at) VALUES ('69bd6508-a09b-4e0a-a6ae-20199219d7f0', '2026-01-17', '13:00:00', 'ba547a79-3908-4660-a602-edd8403b7c5d', 'e748d106-7618-4aa2-8a2f-5cafdb4145db', '2026-01-15T04:50:09.836313', '2026-01-15T04:50:09.836313');
INSERT INTO movie_projections (id, projection_date, projection_time, cinema_hall_id, movie_id, created_at, updated_at) VALUES ('e3f55d82-4e61-437c-a27a-df9af974df37', '2026-02-25', '16:00:00', '223652cd-d2ab-4968-8a1e-349553055ce6', 'e748d106-7618-4aa2-8a2f-5cafdb4145db', '2026-01-15T04:50:09.836356', '2026-01-15T04:50:09.836356');
INSERT INTO movie_projections (id, projection_date, projection_time, cinema_hall_id, movie_id, created_at, updated_at) VALUES ('9f9f6cfe-d316-4d98-b55f-d6ca056cc3b3', '2026-02-12', '13:00:00', 'ba547a79-3908-4660-a602-edd8403b7c5d', 'e748d106-7618-4aa2-8a2f-5cafdb4145db', '2026-01-15T04:50:09.836395', '2026-01-15T04:50:09.836395');
INSERT INTO movie_projections (id, projection_date, projection_time, cinema_hall_id, movie_id, created_at, updated_at) VALUES ('c7d840d3-c05f-44ab-90a0-9a661ed154bd', '2026-02-20', '16:00:00', '12e6090e-6add-4d2d-b65b-f586dca60bfa', 'e748d106-7618-4aa2-8a2f-5cafdb4145db', '2026-01-15T04:50:09.836434', '2026-01-15T04:50:09.836434');
INSERT INTO movie_projections (id, projection_date, projection_time, cinema_hall_id, movie_id, created_at, updated_at) VALUES ('4731d7ac-dde5-49b2-91bf-9530c51b5700', '2026-01-20', '10:00:00', '24dacc2b-ba4f-4db2-98f5-597c052c7565', 'e748d106-7618-4aa2-8a2f-5cafdb4145db', '2026-01-15T04:50:09.836478', '2026-01-15T04:50:09.836478');
INSERT INTO movie_projections (id, projection_date, projection_time, cinema_hall_id, movie_id, created_at, updated_at) VALUES ('66b7a46d-be8d-4075-995d-c6e3d789b4c2', '2026-02-22', '13:00:00', '0572e6f5-a08d-48c0-9dc0-ce2eef6f3df9', 'e748d106-7618-4aa2-8a2f-5cafdb4145db', '2026-01-15T04:50:09.836524', '2026-01-15T04:50:09.836524');
INSERT INTO movie_projections (id, projection_date, projection_time, cinema_hall_id, movie_id, created_at, updated_at) VALUES ('9b6aaae1-b39e-409f-88af-c52262dcf89f', '2026-02-18', '13:00:00', 'ba547a79-3908-4660-a602-edd8403b7c5d', 'e748d106-7618-4aa2-8a2f-5cafdb4145db', '2026-01-15T04:50:09.836566', '2026-01-15T04:50:09.836566');
INSERT INTO movie_projections (id, projection_date, projection_time, cinema_hall_id, movie_id, created_at, updated_at) VALUES ('ecd65d51-dea0-498f-b1bd-0db2f1942909', '2026-01-24', '19:00:00', '12e6090e-6add-4d2d-b65b-f586dca60bfa', 'e748d106-7618-4aa2-8a2f-5cafdb4145db', '2026-01-15T04:50:09.836607', '2026-01-15T04:50:09.836607');
INSERT INTO movie_projections (id, projection_date, projection_time, cinema_hall_id, movie_id, created_at, updated_at) VALUES ('9ad8ff13-4b24-49d6-ad9b-ce168b4870e6', '2026-02-27', '10:00:00', '12e6090e-6add-4d2d-b65b-f586dca60bfa', 'e748d106-7618-4aa2-8a2f-5cafdb4145db', '2026-01-15T04:50:09.836648', '2026-01-15T04:50:09.836648');
INSERT INTO movie_projections (id, projection_date, projection_time, cinema_hall_id, movie_id, created_at, updated_at) VALUES ('2bc4f123-6c42-472f-b135-2d1896081d74', '2026-01-25', '19:00:00', '0572e6f5-a08d-48c0-9dc0-ce2eef6f3df9', 'e748d106-7618-4aa2-8a2f-5cafdb4145db', '2026-01-15T04:50:09.836689', '2026-01-15T04:50:09.836689');
INSERT INTO movie_projections (id, projection_date, projection_time, cinema_hall_id, movie_id, created_at, updated_at) VALUES ('95ee4045-b025-48bf-89a5-72f17f32e30e', '2026-01-26', '10:00:00', 'cab834d9-f539-47b1-a0df-a6ba84c95746', 'e748d106-7618-4aa2-8a2f-5cafdb4145db', '2026-01-15T04:50:09.836729', '2026-01-15T04:50:09.836729');
INSERT INTO movie_projections (id, projection_date, projection_time, cinema_hall_id, movie_id, created_at, updated_at) VALUES ('b0b74561-79b6-40b4-8cc9-3def62508102', '2026-01-31', '10:00:00', '12e6090e-6add-4d2d-b65b-f586dca60bfa', '3925b907-338a-434c-ac84-97ce8b901b57', '2026-01-15T04:50:09.836774', '2026-01-15T04:50:09.836774');
INSERT INTO movie_projections (id, projection_date, projection_time, cinema_hall_id, movie_id, created_at, updated_at) VALUES ('fb7a6ecc-6a45-4896-af22-497dfa84bd95', '2026-01-29', '16:00:00', '81059085-f2ca-4b4e-95f3-be4728c2aa0a', '3925b907-338a-434c-ac84-97ce8b901b57', '2026-01-15T04:50:09.836813', '2026-01-15T04:50:09.836813');
INSERT INTO movie_projections (id, projection_date, projection_time, cinema_hall_id, movie_id, created_at, updated_at) VALUES ('1c1dfebe-5ac3-4476-8711-3e26187f5b0c', '2026-02-07', '16:00:00', '877f2e71-c328-40ba-9e66-740145c3b9ea', '3925b907-338a-434c-ac84-97ce8b901b57', '2026-01-15T04:50:09.836873', '2026-01-15T04:50:09.836873');
INSERT INTO movie_projections (id, projection_date, projection_time, cinema_hall_id, movie_id, created_at, updated_at) VALUES ('cd717475-dba2-4370-8945-4861ecf1593c', '2026-02-04', '13:00:00', '81059085-f2ca-4b4e-95f3-be4728c2aa0a', '3925b907-338a-434c-ac84-97ce8b901b57', '2026-01-15T04:50:09.836942', '2026-01-15T04:50:09.836942');
INSERT INTO movie_projections (id, projection_date, projection_time, cinema_hall_id, movie_id, created_at, updated_at) VALUES ('c4c70124-d90b-4e5c-90c8-ac2b74b4e82f', '2026-02-23', '16:00:00', '0572e6f5-a08d-48c0-9dc0-ce2eef6f3df9', '3925b907-338a-434c-ac84-97ce8b901b57', '2026-01-15T04:50:09.836999', '2026-01-15T04:50:09.836999');
INSERT INTO movie_projections (id, projection_date, projection_time, cinema_hall_id, movie_id, created_at, updated_at) VALUES ('dcd429d1-1889-458b-bf40-e436da1a28c6', '2026-03-06', '10:00:00', 'b413cf46-2d80-423c-8003-e171d72fa0c8', '3925b907-338a-434c-ac84-97ce8b901b57', '2026-01-15T04:50:09.837038', '2026-01-15T04:50:09.837038');
INSERT INTO movie_projections (id, projection_date, projection_time, cinema_hall_id, movie_id, created_at, updated_at) VALUES ('92a76ceb-cab6-4414-8754-4ecc98d333f3', '2026-02-22', '16:00:00', '24dacc2b-ba4f-4db2-98f5-597c052c7565', '3925b907-338a-434c-ac84-97ce8b901b57', '2026-01-15T04:50:09.837075', '2026-01-15T04:50:09.837075');
INSERT INTO movie_projections (id, projection_date, projection_time, cinema_hall_id, movie_id, created_at, updated_at) VALUES ('ea8857b4-6e3d-4d20-8ae2-0adfd2299a42', '2026-02-22', '13:00:00', '81059085-f2ca-4b4e-95f3-be4728c2aa0a', '3925b907-338a-434c-ac84-97ce8b901b57', '2026-01-15T04:50:09.837114', '2026-01-15T04:50:09.837114');
INSERT INTO movie_projections (id, projection_date, projection_time, cinema_hall_id, movie_id, created_at, updated_at) VALUES ('8bce1440-fced-4395-ad51-23cbb62b37c2', '2026-01-24', '10:00:00', '17b0293c-e4f6-4bec-ab09-f8e6da53166e', '3925b907-338a-434c-ac84-97ce8b901b57', '2026-01-15T04:50:09.837152', '2026-01-15T04:50:09.837152');
INSERT INTO movie_projections (id, projection_date, projection_time, cinema_hall_id, movie_id, created_at, updated_at) VALUES ('ff5a0808-27d6-442b-a812-19f8abbdf30b', '2026-01-24', '10:00:00', '12e6090e-6add-4d2d-b65b-f586dca60bfa', '3925b907-338a-434c-ac84-97ce8b901b57', '2026-01-15T04:50:09.837190', '2026-01-15T04:50:09.837190');
INSERT INTO movie_projections (id, projection_date, projection_time, cinema_hall_id, movie_id, created_at, updated_at) VALUES ('5d67b452-48ba-4e83-8cb6-8734bfa21d36', '2026-02-13', '19:00:00', '12e6090e-6add-4d2d-b65b-f586dca60bfa', '3925b907-338a-434c-ac84-97ce8b901b57', '2026-01-15T04:50:09.837237', '2026-01-15T04:50:09.837237');
INSERT INTO movie_projections (id, projection_date, projection_time, cinema_hall_id, movie_id, created_at, updated_at) VALUES ('5f53375d-107d-48b1-9924-9abc85d7d6f5', '2026-02-14', '16:00:00', '17b0293c-e4f6-4bec-ab09-f8e6da53166e', '3925b907-338a-434c-ac84-97ce8b901b57', '2026-01-15T04:50:09.837287', '2026-01-15T04:50:09.837287');
INSERT INTO movie_projections (id, projection_date, projection_time, cinema_hall_id, movie_id, created_at, updated_at) VALUES ('8bd0335d-df37-4027-8a4e-d7a290a411be', '2026-02-26', '10:00:00', '17b0293c-e4f6-4bec-ab09-f8e6da53166e', '3925b907-338a-434c-ac84-97ce8b901b57', '2026-01-15T04:50:09.837357', '2026-01-15T04:50:09.837357');
INSERT INTO movie_projections (id, projection_date, projection_time, cinema_hall_id, movie_id, created_at, updated_at) VALUES ('4050261b-ac11-4e7c-997b-28183b1c1f2a', '2026-02-02', '16:00:00', '24dacc2b-ba4f-4db2-98f5-597c052c7565', '3925b907-338a-434c-ac84-97ce8b901b57', '2026-01-15T04:50:09.837403', '2026-01-15T04:50:09.837403');
INSERT INTO movie_projections (id, projection_date, projection_time, cinema_hall_id, movie_id, created_at, updated_at) VALUES ('ab58e514-c976-4001-acd1-70fd44f0aeff', '2026-02-26', '19:00:00', '0572e6f5-a08d-48c0-9dc0-ce2eef6f3df9', '3925b907-338a-434c-ac84-97ce8b901b57', '2026-01-15T04:50:09.837429', '2026-01-15T04:50:09.837429');
INSERT INTO movie_projections (id, projection_date, projection_time, cinema_hall_id, movie_id, created_at, updated_at) VALUES ('1d910b7c-d812-4fa0-a8a9-7959a1514528', '2026-02-24', '16:00:00', 'b413cf46-2d80-423c-8003-e171d72fa0c8', '3925b907-338a-434c-ac84-97ce8b901b57', '2026-01-15T04:50:09.837454', '2026-01-15T04:50:09.837454');
INSERT INTO movie_projections (id, projection_date, projection_time, cinema_hall_id, movie_id, created_at, updated_at) VALUES ('5c285853-7fdd-48ea-83f4-c7f9a997bfeb', '2026-01-26', '19:00:00', '24dacc2b-ba4f-4db2-98f5-597c052c7565', '3925b907-338a-434c-ac84-97ce8b901b57', '2026-01-15T04:50:09.837529', '2026-01-15T04:50:09.837529');
INSERT INTO movie_projections (id, projection_date, projection_time, cinema_hall_id, movie_id, created_at, updated_at) VALUES ('6b86f55c-58b3-4003-b13a-b7728d7a6554', '2026-02-16', '19:00:00', 'ba547a79-3908-4660-a602-edd8403b7c5d', '3925b907-338a-434c-ac84-97ce8b901b57', '2026-01-15T04:50:09.837571', '2026-01-15T04:50:09.837571');
INSERT INTO movie_projections (id, projection_date, projection_time, cinema_hall_id, movie_id, created_at, updated_at) VALUES ('97b2f540-9328-42de-9570-ff9e2cbf4a87', '2026-02-14', '19:00:00', 'ba547a79-3908-4660-a602-edd8403b7c5d', '3925b907-338a-434c-ac84-97ce8b901b57', '2026-01-15T04:50:09.837645', '2026-01-15T04:50:09.837645');
INSERT INTO movie_projections (id, projection_date, projection_time, cinema_hall_id, movie_id, created_at, updated_at) VALUES ('82333179-d762-4355-b34a-1238417cab71', '2026-01-20', '10:00:00', 'ba547a79-3908-4660-a602-edd8403b7c5d', '3925b907-338a-434c-ac84-97ce8b901b57', '2026-01-15T04:50:09.837688', '2026-01-15T04:50:09.837688');
INSERT INTO movie_projections (id, projection_date, projection_time, cinema_hall_id, movie_id, created_at, updated_at) VALUES ('e1aaa8a7-4161-418c-8e86-17048df3d4e0', '2026-01-26', '19:00:00', '223652cd-d2ab-4968-8a1e-349553055ce6', '3925b907-338a-434c-ac84-97ce8b901b57', '2026-01-15T04:50:09.837727', '2026-01-15T04:50:09.837727');
INSERT INTO movie_projections (id, projection_date, projection_time, cinema_hall_id, movie_id, created_at, updated_at) VALUES ('fdeb9951-21aa-41a9-a5ba-631ef8bb5d64', '2026-02-06', '10:00:00', '24dacc2b-ba4f-4db2-98f5-597c052c7565', '3925b907-338a-434c-ac84-97ce8b901b57', '2026-01-15T04:50:09.837764', '2026-01-15T04:50:09.837764');
INSERT INTO movie_projections (id, projection_date, projection_time, cinema_hall_id, movie_id, created_at, updated_at) VALUES ('4be50884-1776-4b5b-914b-cd9213b01716', '2026-02-22', '13:00:00', '877f2e71-c328-40ba-9e66-740145c3b9ea', '3925b907-338a-434c-ac84-97ce8b901b57', '2026-01-15T04:50:09.837803', '2026-01-15T04:50:09.837803');
INSERT INTO movie_projections (id, projection_date, projection_time, cinema_hall_id, movie_id, created_at, updated_at) VALUES ('59e16d69-a18e-4f39-8eaf-8bcb5bb4fc97', '2026-01-20', '13:00:00', '0572e6f5-a08d-48c0-9dc0-ce2eef6f3df9', '3925b907-338a-434c-ac84-97ce8b901b57', '2026-01-15T04:50:09.837840', '2026-01-15T04:50:09.837840');
INSERT INTO movie_projections (id, projection_date, projection_time, cinema_hall_id, movie_id, created_at, updated_at) VALUES ('eb09c0d7-0e4f-4392-b7a2-6e82b9223a34', '2026-01-18', '19:00:00', '12e6090e-6add-4d2d-b65b-f586dca60bfa', '3925b907-338a-434c-ac84-97ce8b901b57', '2026-01-15T04:50:09.837878', '2026-01-15T04:50:09.837878');
INSERT INTO movie_projections (id, projection_date, projection_time, cinema_hall_id, movie_id, created_at, updated_at) VALUES ('5b1ed0ce-31c8-4bd2-9dbb-656f6e68c616', '2026-01-25', '10:00:00', '223652cd-d2ab-4968-8a1e-349553055ce6', '3925b907-338a-434c-ac84-97ce8b901b57', '2026-01-15T04:50:09.837916', '2026-01-15T04:50:09.837916');
INSERT INTO movie_projections (id, projection_date, projection_time, cinema_hall_id, movie_id, created_at, updated_at) VALUES ('0c713ff8-27b6-4799-9af4-c9741dcfa941', '2026-02-04', '16:00:00', '877f2e71-c328-40ba-9e66-740145c3b9ea', '3925b907-338a-434c-ac84-97ce8b901b57', '2026-01-15T04:50:09.837957', '2026-01-15T04:50:09.837957');
INSERT INTO movie_projections (id, projection_date, projection_time, cinema_hall_id, movie_id, created_at, updated_at) VALUES ('0aa4595a-182a-45b4-83e5-5ac2e3d919c8', '2026-02-20', '13:00:00', 'cab834d9-f539-47b1-a0df-a6ba84c95746', '3925b907-338a-434c-ac84-97ce8b901b57', '2026-01-15T04:50:09.837995', '2026-01-15T04:50:09.837995');
INSERT INTO movie_projections (id, projection_date, projection_time, cinema_hall_id, movie_id, created_at, updated_at) VALUES ('07692cf5-9d03-4742-9191-61aeb356a12b', '2026-02-03', '13:00:00', 'ba547a79-3908-4660-a602-edd8403b7c5d', '3925b907-338a-434c-ac84-97ce8b901b57', '2026-01-15T04:50:09.838034', '2026-01-15T04:50:09.838034');
INSERT INTO movie_projections (id, projection_date, projection_time, cinema_hall_id, movie_id, created_at, updated_at) VALUES ('222faa35-156b-4aea-a7a3-c4bd6f772894', '2026-02-27', '10:00:00', '17b0293c-e4f6-4bec-ab09-f8e6da53166e', '3925b907-338a-434c-ac84-97ce8b901b57', '2026-01-15T04:50:09.838081', '2026-01-15T04:50:09.838081');
INSERT INTO movie_projections (id, projection_date, projection_time, cinema_hall_id, movie_id, created_at, updated_at) VALUES ('4e1e3aa6-2f52-483a-80b6-494d89d5ae47', '2026-01-17', '16:00:00', '223652cd-d2ab-4968-8a1e-349553055ce6', '3925b907-338a-434c-ac84-97ce8b901b57', '2026-01-15T04:50:09.838122', '2026-01-15T04:50:09.838122');
INSERT INTO movie_projections (id, projection_date, projection_time, cinema_hall_id, movie_id, created_at, updated_at) VALUES ('dbd5286d-55fb-406a-a31a-906f261dabcf', '2026-01-26', '19:00:00', 'cab834d9-f539-47b1-a0df-a6ba84c95746', '3925b907-338a-434c-ac84-97ce8b901b57', '2026-01-15T04:50:09.838163', '2026-01-15T04:50:09.838163');
INSERT INTO movie_projections (id, projection_date, projection_time, cinema_hall_id, movie_id, created_at, updated_at) VALUES ('c33633b2-c625-4fa8-8d4f-d59a1ec11068', '2026-02-05', '13:00:00', '24dacc2b-ba4f-4db2-98f5-597c052c7565', '3925b907-338a-434c-ac84-97ce8b901b57', '2026-01-15T04:50:09.838205', '2026-01-15T04:50:09.838205');
INSERT INTO movie_projections (id, projection_date, projection_time, cinema_hall_id, movie_id, created_at, updated_at) VALUES ('20b9c70d-d983-4e22-a3c0-88776624d8c9', '2026-01-17', '16:00:00', '24dacc2b-ba4f-4db2-98f5-597c052c7565', '3925b907-338a-434c-ac84-97ce8b901b57', '2026-01-15T04:50:09.838245', '2026-01-15T04:50:09.838245');
INSERT INTO movie_projections (id, projection_date, projection_time, cinema_hall_id, movie_id, created_at, updated_at) VALUES ('c5a7d817-f30d-474c-9273-bd9258c42996', '2026-01-19', '13:00:00', '223652cd-d2ab-4968-8a1e-349553055ce6', '3925b907-338a-434c-ac84-97ce8b901b57', '2026-01-15T04:50:09.838289', '2026-01-15T04:50:09.838289');
INSERT INTO movie_projections (id, projection_date, projection_time, cinema_hall_id, movie_id, created_at, updated_at) VALUES ('6077941a-f0f9-45c1-918e-8ecde367d871', '2026-02-09', '10:00:00', '877f2e71-c328-40ba-9e66-740145c3b9ea', '3925b907-338a-434c-ac84-97ce8b901b57', '2026-01-15T04:50:09.838330', '2026-01-15T04:50:09.838330');
INSERT INTO movie_projections (id, projection_date, projection_time, cinema_hall_id, movie_id, created_at, updated_at) VALUES ('014b261f-72fb-4636-ac5b-aa34056dce1a', '2026-03-05', '13:00:00', 'b413cf46-2d80-423c-8003-e171d72fa0c8', '3925b907-338a-434c-ac84-97ce8b901b57', '2026-01-15T04:50:09.838371', '2026-01-15T04:50:09.838371');
INSERT INTO movie_projections (id, projection_date, projection_time, cinema_hall_id, movie_id, created_at, updated_at) VALUES ('f799bc1c-c22d-4587-bae8-19cd0e016f9f', '2026-02-27', '13:00:00', 'b413cf46-2d80-423c-8003-e171d72fa0c8', '3925b907-338a-434c-ac84-97ce8b901b57', '2026-01-15T04:50:09.838412', '2026-01-15T04:50:09.838412');
INSERT INTO movie_projections (id, projection_date, projection_time, cinema_hall_id, movie_id, created_at, updated_at) VALUES ('f77f14c8-6a86-4373-bba6-3763f4bbeffb', '2026-02-27', '16:00:00', 'ba547a79-3908-4660-a602-edd8403b7c5d', '3925b907-338a-434c-ac84-97ce8b901b57', '2026-01-15T04:50:09.838453', '2026-01-15T04:50:09.838453');
INSERT INTO movie_projections (id, projection_date, projection_time, cinema_hall_id, movie_id, created_at, updated_at) VALUES ('bd3dce28-b6fe-4506-ba7c-b6e1f11a4ecc', '2026-02-10', '16:00:00', '81059085-f2ca-4b4e-95f3-be4728c2aa0a', '3925b907-338a-434c-ac84-97ce8b901b57', '2026-01-15T04:50:09.838492', '2026-01-15T04:50:09.838492');
INSERT INTO movie_projections (id, projection_date, projection_time, cinema_hall_id, movie_id, created_at, updated_at) VALUES ('610e844e-a908-4770-ac03-535ba649e605', '2026-03-17', '16:00:00', 'ba547a79-3908-4660-a602-edd8403b7c5d', '29b5d409-e7e4-45c8-b53d-8a2228813900', '2026-01-15T04:50:09.838540', '2026-01-15T04:50:09.838540');
INSERT INTO movie_projections (id, projection_date, projection_time, cinema_hall_id, movie_id, created_at, updated_at) VALUES ('6080de48-f2fd-4f2c-a213-69624b14b45f', '2026-03-03', '10:00:00', '223652cd-d2ab-4968-8a1e-349553055ce6', '29b5d409-e7e4-45c8-b53d-8a2228813900', '2026-01-15T04:50:09.838583', '2026-01-15T04:50:09.838583');
INSERT INTO movie_projections (id, projection_date, projection_time, cinema_hall_id, movie_id, created_at, updated_at) VALUES ('cc60559a-9c3e-444f-a2c2-e053d1dd1c98', '2026-01-29', '10:00:00', 'cab834d9-f539-47b1-a0df-a6ba84c95746', '29b5d409-e7e4-45c8-b53d-8a2228813900', '2026-01-15T04:50:09.838627', '2026-01-15T04:50:09.838627');
INSERT INTO movie_projections (id, projection_date, projection_time, cinema_hall_id, movie_id, created_at, updated_at) VALUES ('0cbc3a00-ae32-4ed7-9d9a-82897d64d284', '2026-02-10', '16:00:00', '12e6090e-6add-4d2d-b65b-f586dca60bfa', '29b5d409-e7e4-45c8-b53d-8a2228813900', '2026-01-15T04:50:09.838668', '2026-01-15T04:50:09.838668');
INSERT INTO movie_projections (id, projection_date, projection_time, cinema_hall_id, movie_id, created_at, updated_at) VALUES ('e88e308d-69cf-4bf2-9956-30342667b710', '2026-02-27', '10:00:00', 'f6779957-000c-48ec-8919-484a54941dac', '29b5d409-e7e4-45c8-b53d-8a2228813900', '2026-01-15T04:50:09.838709', '2026-01-15T04:50:09.838709');
INSERT INTO movie_projections (id, projection_date, projection_time, cinema_hall_id, movie_id, created_at, updated_at) VALUES ('9bf4734c-33ab-4280-8b4a-cce70e90e6bb', '2026-02-14', '10:00:00', 'cab834d9-f539-47b1-a0df-a6ba84c95746', '29b5d409-e7e4-45c8-b53d-8a2228813900', '2026-01-15T04:50:09.838748', '2026-01-15T04:50:09.838748');
INSERT INTO movie_projections (id, projection_date, projection_time, cinema_hall_id, movie_id, created_at, updated_at) VALUES ('766b6383-1a51-4395-a11b-2a6c1bc8dfc0', '2026-02-03', '16:00:00', '12e6090e-6add-4d2d-b65b-f586dca60bfa', '29b5d409-e7e4-45c8-b53d-8a2228813900', '2026-01-15T04:50:09.838788', '2026-01-15T04:50:09.838788');
INSERT INTO movie_projections (id, projection_date, projection_time, cinema_hall_id, movie_id, created_at, updated_at) VALUES ('fef681e5-4df5-44f0-836d-da11f320bae9', '2026-02-07', '13:00:00', 'b413cf46-2d80-423c-8003-e171d72fa0c8', '29b5d409-e7e4-45c8-b53d-8a2228813900', '2026-01-15T04:50:09.838826', '2026-01-15T04:50:09.838826');
INSERT INTO movie_projections (id, projection_date, projection_time, cinema_hall_id, movie_id, created_at, updated_at) VALUES ('90b24860-7df9-47a6-a8ca-ae12c5e03dc5', '2026-01-22', '10:00:00', 'cab834d9-f539-47b1-a0df-a6ba84c95746', '29b5d409-e7e4-45c8-b53d-8a2228813900', '2026-01-15T04:50:09.838865', '2026-01-15T04:50:09.838865');
INSERT INTO movie_projections (id, projection_date, projection_time, cinema_hall_id, movie_id, created_at, updated_at) VALUES ('6d07dd3f-1fb9-4361-bc06-8630aa1ef469', '2026-02-20', '13:00:00', '81059085-f2ca-4b4e-95f3-be4728c2aa0a', '29b5d409-e7e4-45c8-b53d-8a2228813900', '2026-01-15T04:50:09.838924', '2026-01-15T04:50:09.838924');
INSERT INTO movie_projections (id, projection_date, projection_time, cinema_hall_id, movie_id, created_at, updated_at) VALUES ('ae427a01-e331-4c20-a4d3-32a5e19baa78', '2026-03-16', '16:00:00', '17b0293c-e4f6-4bec-ab09-f8e6da53166e', '29b5d409-e7e4-45c8-b53d-8a2228813900', '2026-01-15T04:50:09.838968', '2026-01-15T04:50:09.838968');
INSERT INTO movie_projections (id, projection_date, projection_time, cinema_hall_id, movie_id, created_at, updated_at) VALUES ('64b7674f-1b8c-4697-8f83-5109e708cb5d', '2026-01-23', '13:00:00', '12e6090e-6add-4d2d-b65b-f586dca60bfa', '29b5d409-e7e4-45c8-b53d-8a2228813900', '2026-01-15T04:50:09.839007', '2026-01-15T04:50:09.839007');
INSERT INTO movie_projections (id, projection_date, projection_time, cinema_hall_id, movie_id, created_at, updated_at) VALUES ('01970b11-2185-4527-9010-4b1e198c537e', '2026-01-17', '10:00:00', 'cab834d9-f539-47b1-a0df-a6ba84c95746', '29b5d409-e7e4-45c8-b53d-8a2228813900', '2026-01-15T04:50:09.839047', '2026-01-15T04:50:09.839047');
INSERT INTO movie_projections (id, projection_date, projection_time, cinema_hall_id, movie_id, created_at, updated_at) VALUES ('ac9c0ce3-68cf-40f0-9a56-d4331c10ca03', '2026-03-07', '10:00:00', 'b413cf46-2d80-423c-8003-e171d72fa0c8', '29b5d409-e7e4-45c8-b53d-8a2228813900', '2026-01-15T04:50:09.839085', '2026-01-15T04:50:09.839085');
INSERT INTO movie_projections (id, projection_date, projection_time, cinema_hall_id, movie_id, created_at, updated_at) VALUES ('3e481e45-b95c-4dfd-b18b-c40e22d9501b', '2026-03-11', '13:00:00', 'f6779957-000c-48ec-8919-484a54941dac', '29b5d409-e7e4-45c8-b53d-8a2228813900', '2026-01-15T04:50:09.839123', '2026-01-15T04:50:09.839123');
INSERT INTO movie_projections (id, projection_date, projection_time, cinema_hall_id, movie_id, created_at, updated_at) VALUES ('3abf41d0-f259-4ecc-8362-678210e60568', '2026-01-26', '10:00:00', '81059085-f2ca-4b4e-95f3-be4728c2aa0a', '29b5d409-e7e4-45c8-b53d-8a2228813900', '2026-01-15T04:50:09.839270', '2026-01-15T04:50:09.839270');
INSERT INTO movie_projections (id, projection_date, projection_time, cinema_hall_id, movie_id, created_at, updated_at) VALUES ('4ed753ff-8bf7-4cfb-a00b-abdca7ae3aed', '2026-03-10', '13:00:00', 'ba547a79-3908-4660-a602-edd8403b7c5d', '29b5d409-e7e4-45c8-b53d-8a2228813900', '2026-01-15T04:50:09.839324', '2026-01-15T04:50:09.839324');
INSERT INTO movie_projections (id, projection_date, projection_time, cinema_hall_id, movie_id, created_at, updated_at) VALUES ('257cc956-06a6-4b02-ae3c-544ed2843845', '2026-03-10', '10:00:00', '12e6090e-6add-4d2d-b65b-f586dca60bfa', '29b5d409-e7e4-45c8-b53d-8a2228813900', '2026-01-15T04:50:09.839365', '2026-01-15T04:50:09.839365');
INSERT INTO movie_projections (id, projection_date, projection_time, cinema_hall_id, movie_id, created_at, updated_at) VALUES ('856670c3-f87d-486c-9cd5-cf92aadc3017', '2026-02-15', '16:00:00', 'cab834d9-f539-47b1-a0df-a6ba84c95746', '29b5d409-e7e4-45c8-b53d-8a2228813900', '2026-01-15T04:50:09.839408', '2026-01-15T04:50:09.839408');
INSERT INTO movie_projections (id, projection_date, projection_time, cinema_hall_id, movie_id, created_at, updated_at) VALUES ('e0e949d9-d1c9-4ca4-b186-7d825e5095f2', '2026-02-03', '16:00:00', 'cab834d9-f539-47b1-a0df-a6ba84c95746', '29b5d409-e7e4-45c8-b53d-8a2228813900', '2026-01-15T04:50:09.839445', '2026-01-15T04:50:09.839445');
INSERT INTO movie_projections (id, projection_date, projection_time, cinema_hall_id, movie_id, created_at, updated_at) VALUES ('15bd3c2e-6cf8-4a09-b35b-ed17d3fe9d32', '2026-03-08', '19:00:00', '81059085-f2ca-4b4e-95f3-be4728c2aa0a', '29b5d409-e7e4-45c8-b53d-8a2228813900', '2026-01-15T04:50:09.839483', '2026-01-15T04:50:09.839483');
INSERT INTO movie_projections (id, projection_date, projection_time, cinema_hall_id, movie_id, created_at, updated_at) VALUES ('5dba942a-3466-4f02-bf43-995208e5fb7e', '2026-03-17', '13:00:00', '12e6090e-6add-4d2d-b65b-f586dca60bfa', '29b5d409-e7e4-45c8-b53d-8a2228813900', '2026-01-15T04:50:09.839521', '2026-01-15T04:50:09.839521');
INSERT INTO movie_projections (id, projection_date, projection_time, cinema_hall_id, movie_id, created_at, updated_at) VALUES ('953668af-8e7c-40be-8906-3de9de2d1b0f', '2026-02-07', '10:00:00', '223652cd-d2ab-4968-8a1e-349553055ce6', '29b5d409-e7e4-45c8-b53d-8a2228813900', '2026-01-15T04:50:09.839558', '2026-01-15T04:50:09.839558');
INSERT INTO movie_projections (id, projection_date, projection_time, cinema_hall_id, movie_id, created_at, updated_at) VALUES ('295ec442-833f-438c-8a4a-13c72e76f548', '2026-01-19', '19:00:00', 'ba547a79-3908-4660-a602-edd8403b7c5d', '29b5d409-e7e4-45c8-b53d-8a2228813900', '2026-01-15T04:50:09.839595', '2026-01-15T04:50:09.839595');
INSERT INTO movie_projections (id, projection_date, projection_time, cinema_hall_id, movie_id, created_at, updated_at) VALUES ('6b49fbdb-181f-4624-ade5-9d1b91344504', '2026-03-16', '10:00:00', '0572e6f5-a08d-48c0-9dc0-ce2eef6f3df9', '29b5d409-e7e4-45c8-b53d-8a2228813900', '2026-01-15T04:50:09.839634', '2026-01-15T04:50:09.839634');
INSERT INTO movie_projections (id, projection_date, projection_time, cinema_hall_id, movie_id, created_at, updated_at) VALUES ('8158e812-4e2b-4c44-abb1-a066a1c0e749', '2026-02-16', '13:00:00', 'cab834d9-f539-47b1-a0df-a6ba84c95746', '29b5d409-e7e4-45c8-b53d-8a2228813900', '2026-01-15T04:50:09.839673', '2026-01-15T04:50:09.839673');
INSERT INTO movie_projections (id, projection_date, projection_time, cinema_hall_id, movie_id, created_at, updated_at) VALUES ('ff2b6cc4-171e-4441-a7a0-6f2c982ce6af', '2026-03-20', '10:00:00', '12e6090e-6add-4d2d-b65b-f586dca60bfa', '29b5d409-e7e4-45c8-b53d-8a2228813900', '2026-01-15T04:50:09.839715', '2026-01-15T04:50:09.839715');
INSERT INTO movie_projections (id, projection_date, projection_time, cinema_hall_id, movie_id, created_at, updated_at) VALUES ('72d84e1f-aa09-49c6-9bca-f5df2c2b63ba', '2026-01-28', '10:00:00', 'b413cf46-2d80-423c-8003-e171d72fa0c8', '29b5d409-e7e4-45c8-b53d-8a2228813900', '2026-01-15T04:50:09.839752', '2026-01-15T04:50:09.839752');
INSERT INTO movie_projections (id, projection_date, projection_time, cinema_hall_id, movie_id, created_at, updated_at) VALUES ('9ec5feb3-a937-469c-b886-be0300ef6674', '2026-02-14', '13:00:00', '877f2e71-c328-40ba-9e66-740145c3b9ea', '29b5d409-e7e4-45c8-b53d-8a2228813900', '2026-01-15T04:50:09.839790', '2026-01-15T04:50:09.839790');
INSERT INTO movie_projections (id, projection_date, projection_time, cinema_hall_id, movie_id, created_at, updated_at) VALUES ('70a8313f-51ea-436e-97f4-99f17f7a36fc', '2026-02-05', '16:00:00', 'b413cf46-2d80-423c-8003-e171d72fa0c8', '29b5d409-e7e4-45c8-b53d-8a2228813900', '2026-01-15T04:50:09.839891', '2026-01-15T04:50:09.839891');
INSERT INTO movie_projections (id, projection_date, projection_time, cinema_hall_id, movie_id, created_at, updated_at) VALUES ('1bfe4e1c-8c3e-4f51-a318-99d49be372c2', '2026-01-30', '19:00:00', 'b413cf46-2d80-423c-8003-e171d72fa0c8', '29b5d409-e7e4-45c8-b53d-8a2228813900', '2026-01-15T04:50:09.839930', '2026-01-15T04:50:09.839930');
INSERT INTO movie_projections (id, projection_date, projection_time, cinema_hall_id, movie_id, created_at, updated_at) VALUES ('f5cdbcd6-4a6f-4c8e-83db-1e6dfd2e6116', '2026-01-23', '16:00:00', '81059085-f2ca-4b4e-95f3-be4728c2aa0a', '29b5d409-e7e4-45c8-b53d-8a2228813900', '2026-01-15T04:50:09.839967', '2026-01-15T04:50:09.839967');
INSERT INTO movie_projections (id, projection_date, projection_time, cinema_hall_id, movie_id, created_at, updated_at) VALUES ('84b4bb44-86e3-4574-a97e-0ae979404b52', '2026-01-27', '16:00:00', '0572e6f5-a08d-48c0-9dc0-ce2eef6f3df9', '29b5d409-e7e4-45c8-b53d-8a2228813900', '2026-01-15T04:50:09.840004', '2026-01-15T04:50:09.840004');
INSERT INTO movie_projections (id, projection_date, projection_time, cinema_hall_id, movie_id, created_at, updated_at) VALUES ('db64da81-962f-4e65-9ba4-9862efe95a9e', '2026-02-19', '19:00:00', 'b413cf46-2d80-423c-8003-e171d72fa0c8', '29b5d409-e7e4-45c8-b53d-8a2228813900', '2026-01-15T04:50:09.840042', '2026-01-15T04:50:09.840042');
INSERT INTO movie_projections (id, projection_date, projection_time, cinema_hall_id, movie_id, created_at, updated_at) VALUES ('a2b7745a-df13-4c35-8b19-5a40a3893627', '2026-01-16', '16:00:00', '12e6090e-6add-4d2d-b65b-f586dca60bfa', '29b5d409-e7e4-45c8-b53d-8a2228813900', '2026-01-15T04:50:09.840084', '2026-01-15T04:50:09.840084');
INSERT INTO movie_projections (id, projection_date, projection_time, cinema_hall_id, movie_id, created_at, updated_at) VALUES ('55f7f4a4-0467-45eb-a6fa-aea411bb12ce', '2026-03-05', '16:00:00', '24dacc2b-ba4f-4db2-98f5-597c052c7565', '29b5d409-e7e4-45c8-b53d-8a2228813900', '2026-01-15T04:50:09.840121', '2026-01-15T04:50:09.840121');
INSERT INTO movie_projections (id, projection_date, projection_time, cinema_hall_id, movie_id, created_at, updated_at) VALUES ('d18736c5-2f3a-41a0-8cd2-efe71129f302', '2026-03-04', '16:00:00', '0572e6f5-a08d-48c0-9dc0-ce2eef6f3df9', '29b5d409-e7e4-45c8-b53d-8a2228813900', '2026-01-15T04:50:09.840158', '2026-01-15T04:50:09.840158');
INSERT INTO movie_projections (id, projection_date, projection_time, cinema_hall_id, movie_id, created_at, updated_at) VALUES ('265c8567-0eb6-4da1-9ea3-80a7f11080f8', '2026-03-10', '19:00:00', '81059085-f2ca-4b4e-95f3-be4728c2aa0a', '29b5d409-e7e4-45c8-b53d-8a2228813900', '2026-01-15T04:50:09.840196', '2026-01-15T04:50:09.840196');
INSERT INTO movie_projections (id, projection_date, projection_time, cinema_hall_id, movie_id, created_at, updated_at) VALUES ('a24d368f-0f21-4bf3-931a-a431f475ab85', '2026-02-23', '19:00:00', '17b0293c-e4f6-4bec-ab09-f8e6da53166e', '29b5d409-e7e4-45c8-b53d-8a2228813900', '2026-01-15T04:50:09.840233', '2026-01-15T04:50:09.840233');
INSERT INTO movie_projections (id, projection_date, projection_time, cinema_hall_id, movie_id, created_at, updated_at) VALUES ('f014f5ca-e005-4f6d-8e1c-299dfbfcedbc', '2026-02-14', '10:00:00', 'ba547a79-3908-4660-a602-edd8403b7c5d', '29b5d409-e7e4-45c8-b53d-8a2228813900', '2026-01-15T04:50:09.840270', '2026-01-15T04:50:09.840270');
INSERT INTO movie_projections (id, projection_date, projection_time, cinema_hall_id, movie_id, created_at, updated_at) VALUES ('576ba87d-d207-4a52-8620-f2b1c977ab37', '2026-02-23', '19:00:00', 'ba547a79-3908-4660-a602-edd8403b7c5d', 'b337a662-b22a-4a47-a22b-a45881dcc6b3', '2026-01-15T04:50:09.840312', '2026-01-15T04:50:09.840312');
INSERT INTO movie_projections (id, projection_date, projection_time, cinema_hall_id, movie_id, created_at, updated_at) VALUES ('d243281d-ca52-4d9f-bc7e-8b1de63f50f0', '2026-03-19', '16:00:00', '223652cd-d2ab-4968-8a1e-349553055ce6', 'b337a662-b22a-4a47-a22b-a45881dcc6b3', '2026-01-15T04:50:09.840349', '2026-01-15T04:50:09.840349');
INSERT INTO movie_projections (id, projection_date, projection_time, cinema_hall_id, movie_id, created_at, updated_at) VALUES ('2f9f0c1a-ceda-4a6e-b2bf-5d34b80dd18c', '2026-02-01', '19:00:00', 'cab834d9-f539-47b1-a0df-a6ba84c95746', 'b337a662-b22a-4a47-a22b-a45881dcc6b3', '2026-01-15T04:50:09.840390', '2026-01-15T04:50:09.840390');
INSERT INTO movie_projections (id, projection_date, projection_time, cinema_hall_id, movie_id, created_at, updated_at) VALUES ('50047057-8014-4cca-bd9a-2adf5de9030f', '2026-01-28', '19:00:00', '24dacc2b-ba4f-4db2-98f5-597c052c7565', 'b337a662-b22a-4a47-a22b-a45881dcc6b3', '2026-01-15T04:50:09.840426', '2026-01-15T04:50:09.840426');
INSERT INTO movie_projections (id, projection_date, projection_time, cinema_hall_id, movie_id, created_at, updated_at) VALUES ('755e4f72-d5aa-457d-98c6-ff74bc60b714', '2026-03-11', '16:00:00', '877f2e71-c328-40ba-9e66-740145c3b9ea', 'b337a662-b22a-4a47-a22b-a45881dcc6b3', '2026-01-15T04:50:09.840463', '2026-01-15T04:50:09.840463');
INSERT INTO movie_projections (id, projection_date, projection_time, cinema_hall_id, movie_id, created_at, updated_at) VALUES ('258fb3cb-80d0-4f9c-a55b-42ffa4d3bf96', '2026-01-21', '16:00:00', '223652cd-d2ab-4968-8a1e-349553055ce6', 'b337a662-b22a-4a47-a22b-a45881dcc6b3', '2026-01-15T04:50:09.840501', '2026-01-15T04:50:09.840501');
INSERT INTO movie_projections (id, projection_date, projection_time, cinema_hall_id, movie_id, created_at, updated_at) VALUES ('fa226780-8045-47e0-8a77-82f2e4db3f75', '2026-02-27', '10:00:00', '24dacc2b-ba4f-4db2-98f5-597c052c7565', 'b337a662-b22a-4a47-a22b-a45881dcc6b3', '2026-01-15T04:50:09.840538', '2026-01-15T04:50:09.840538');
INSERT INTO movie_projections (id, projection_date, projection_time, cinema_hall_id, movie_id, created_at, updated_at) VALUES ('0b87f92b-1542-4ff4-8aa9-eed9d01bb455', '2026-02-06', '19:00:00', 'cab834d9-f539-47b1-a0df-a6ba84c95746', 'b337a662-b22a-4a47-a22b-a45881dcc6b3', '2026-01-15T04:50:09.840577', '2026-01-15T04:50:09.840577');
INSERT INTO movie_projections (id, projection_date, projection_time, cinema_hall_id, movie_id, created_at, updated_at) VALUES ('80040f23-94f6-4330-9123-78944c87f4e3', '2026-03-29', '19:00:00', 'b413cf46-2d80-423c-8003-e171d72fa0c8', 'b337a662-b22a-4a47-a22b-a45881dcc6b3', '2026-01-15T04:50:09.840615', '2026-01-15T04:50:09.840615');
INSERT INTO movie_projections (id, projection_date, projection_time, cinema_hall_id, movie_id, created_at, updated_at) VALUES ('647869a0-9685-429a-bc67-032cc478f262', '2026-01-31', '16:00:00', '81059085-f2ca-4b4e-95f3-be4728c2aa0a', 'b337a662-b22a-4a47-a22b-a45881dcc6b3', '2026-01-15T04:50:09.840651', '2026-01-15T04:50:09.840651');
INSERT INTO movie_projections (id, projection_date, projection_time, cinema_hall_id, movie_id, created_at, updated_at) VALUES ('01e941bd-7eb1-471b-a89e-4f538205f511', '2026-03-10', '16:00:00', '17b0293c-e4f6-4bec-ab09-f8e6da53166e', 'b337a662-b22a-4a47-a22b-a45881dcc6b3', '2026-01-15T04:50:09.840692', '2026-01-15T04:50:09.840692');
INSERT INTO movie_projections (id, projection_date, projection_time, cinema_hall_id, movie_id, created_at, updated_at) VALUES ('6e87d460-c6d7-4c75-a3e7-287cf9c21b02', '2026-03-04', '19:00:00', '12e6090e-6add-4d2d-b65b-f586dca60bfa', 'b337a662-b22a-4a47-a22b-a45881dcc6b3', '2026-01-15T04:50:09.840729', '2026-01-15T04:50:09.840729');
INSERT INTO movie_projections (id, projection_date, projection_time, cinema_hall_id, movie_id, created_at, updated_at) VALUES ('4bf7eb87-6d37-4453-a803-a4ac9e07edf8', '2026-01-31', '10:00:00', '17b0293c-e4f6-4bec-ab09-f8e6da53166e', 'b337a662-b22a-4a47-a22b-a45881dcc6b3', '2026-01-15T04:50:09.840766', '2026-01-15T04:50:09.840766');
INSERT INTO movie_projections (id, projection_date, projection_time, cinema_hall_id, movie_id, created_at, updated_at) VALUES ('00f2550f-27f9-4ac9-ab60-5269b35c05e4', '2026-01-18', '10:00:00', '24dacc2b-ba4f-4db2-98f5-597c052c7565', 'b337a662-b22a-4a47-a22b-a45881dcc6b3', '2026-01-15T04:50:09.840804', '2026-01-15T04:50:09.840804');
INSERT INTO movie_projections (id, projection_date, projection_time, cinema_hall_id, movie_id, created_at, updated_at) VALUES ('01f67ca0-c636-4516-9b99-7a363f2d8f08', '2026-03-07', '16:00:00', '24dacc2b-ba4f-4db2-98f5-597c052c7565', 'b337a662-b22a-4a47-a22b-a45881dcc6b3', '2026-01-15T04:50:09.840843', '2026-01-15T04:50:09.840843');
INSERT INTO movie_projections (id, projection_date, projection_time, cinema_hall_id, movie_id, created_at, updated_at) VALUES ('ecaff304-7f76-42f7-8cfd-1f356b85ac0e', '2026-01-22', '19:00:00', 'b413cf46-2d80-423c-8003-e171d72fa0c8', 'b337a662-b22a-4a47-a22b-a45881dcc6b3', '2026-01-15T04:50:09.840881', '2026-01-15T04:50:09.840881');
INSERT INTO movie_projections (id, projection_date, projection_time, cinema_hall_id, movie_id, created_at, updated_at) VALUES ('62ed0633-f874-41f1-9225-1847aeb3015a', '2026-01-22', '19:00:00', 'f6779957-000c-48ec-8919-484a54941dac', 'b337a662-b22a-4a47-a22b-a45881dcc6b3', '2026-01-15T04:50:09.840917', '2026-01-15T04:50:09.840917');
INSERT INTO movie_projections (id, projection_date, projection_time, cinema_hall_id, movie_id, created_at, updated_at) VALUES ('c884c64d-dae3-4e01-9158-f9d374f2e794', '2026-03-17', '16:00:00', '81059085-f2ca-4b4e-95f3-be4728c2aa0a', 'b337a662-b22a-4a47-a22b-a45881dcc6b3', '2026-01-15T04:50:09.840954', '2026-01-15T04:50:09.840954');
INSERT INTO movie_projections (id, projection_date, projection_time, cinema_hall_id, movie_id, created_at, updated_at) VALUES ('b3d82735-c9a4-4db5-bd4d-6d40afd32125', '2026-02-22', '13:00:00', '877f2e71-c328-40ba-9e66-740145c3b9ea', 'b337a662-b22a-4a47-a22b-a45881dcc6b3', '2026-01-15T04:50:09.840994', '2026-01-15T04:50:09.840994');
INSERT INTO movie_projections (id, projection_date, projection_time, cinema_hall_id, movie_id, created_at, updated_at) VALUES ('9d2d3d76-2532-4662-8005-3284b4230d22', '2026-01-24', '16:00:00', '24dacc2b-ba4f-4db2-98f5-597c052c7565', 'b337a662-b22a-4a47-a22b-a45881dcc6b3', '2026-01-15T04:50:09.841032', '2026-01-15T04:50:09.841032');
INSERT INTO movie_projections (id, projection_date, projection_time, cinema_hall_id, movie_id, created_at, updated_at) VALUES ('f5d6b4ea-3d6c-43fa-a2ed-90be23707a5f', '2026-01-17', '19:00:00', 'f6779957-000c-48ec-8919-484a54941dac', 'b337a662-b22a-4a47-a22b-a45881dcc6b3', '2026-01-15T04:50:09.841068', '2026-01-15T04:50:09.841068');
INSERT INTO movie_projections (id, projection_date, projection_time, cinema_hall_id, movie_id, created_at, updated_at) VALUES ('c9a923cd-1db6-425f-92cd-6ac69e75bc52', '2026-01-22', '19:00:00', 'ba547a79-3908-4660-a602-edd8403b7c5d', 'b337a662-b22a-4a47-a22b-a45881dcc6b3', '2026-01-15T04:50:09.841105', '2026-01-15T04:50:09.841105');
INSERT INTO movie_projections (id, projection_date, projection_time, cinema_hall_id, movie_id, created_at, updated_at) VALUES ('dd0346aa-cc20-4521-8e24-9ab2b6669c68', '2026-02-28', '13:00:00', 'f6779957-000c-48ec-8919-484a54941dac', 'b337a662-b22a-4a47-a22b-a45881dcc6b3', '2026-01-15T04:50:09.841143', '2026-01-15T04:50:09.841143');
INSERT INTO movie_projections (id, projection_date, projection_time, cinema_hall_id, movie_id, created_at, updated_at) VALUES ('127e481c-2f42-4534-91f3-d875dd043778', '2026-01-27', '10:00:00', '223652cd-d2ab-4968-8a1e-349553055ce6', 'b337a662-b22a-4a47-a22b-a45881dcc6b3', '2026-01-15T04:50:09.841179', '2026-01-15T04:50:09.841179');
INSERT INTO movie_projections (id, projection_date, projection_time, cinema_hall_id, movie_id, created_at, updated_at) VALUES ('bcbffba7-f7b6-4272-a084-1bd5fec9aba5', '2026-01-15', '10:00:00', '24dacc2b-ba4f-4db2-98f5-597c052c7565', 'b337a662-b22a-4a47-a22b-a45881dcc6b3', '2026-01-15T04:50:09.841218', '2026-01-15T04:50:09.841218');
INSERT INTO movie_projections (id, projection_date, projection_time, cinema_hall_id, movie_id, created_at, updated_at) VALUES ('1f1a3dd8-fb63-463f-a518-03ab9d62eedb', '2026-01-25', '19:00:00', '81059085-f2ca-4b4e-95f3-be4728c2aa0a', 'b337a662-b22a-4a47-a22b-a45881dcc6b3', '2026-01-15T04:50:09.841255', '2026-01-15T04:50:09.841255');
INSERT INTO movie_projections (id, projection_date, projection_time, cinema_hall_id, movie_id, created_at, updated_at) VALUES ('f32f47c0-ef54-44fb-b978-e12e0f1e9083', '2026-03-03', '13:00:00', '81059085-f2ca-4b4e-95f3-be4728c2aa0a', 'b337a662-b22a-4a47-a22b-a45881dcc6b3', '2026-01-15T04:50:09.841298', '2026-01-15T04:50:09.841298');
INSERT INTO movie_projections (id, projection_date, projection_time, cinema_hall_id, movie_id, created_at, updated_at) VALUES ('0d94810b-d0d3-4b88-bf5e-e617af758889', '2026-03-22', '19:00:00', '0572e6f5-a08d-48c0-9dc0-ce2eef6f3df9', 'b337a662-b22a-4a47-a22b-a45881dcc6b3', '2026-01-15T04:50:09.841336', '2026-01-15T04:50:09.841336');
INSERT INTO movie_projections (id, projection_date, projection_time, cinema_hall_id, movie_id, created_at, updated_at) VALUES ('abb25c62-c84d-4b06-9f08-bd876906d0ed', '2026-03-10', '13:00:00', '12e6090e-6add-4d2d-b65b-f586dca60bfa', 'b337a662-b22a-4a47-a22b-a45881dcc6b3', '2026-01-15T04:50:09.841373', '2026-01-15T04:50:09.841373');
INSERT INTO movie_projections (id, projection_date, projection_time, cinema_hall_id, movie_id, created_at, updated_at) VALUES ('4a657a01-7325-40cd-bb38-be26242d1e68', '2026-01-16', '16:00:00', '0572e6f5-a08d-48c0-9dc0-ce2eef6f3df9', 'b337a662-b22a-4a47-a22b-a45881dcc6b3', '2026-01-15T04:50:09.841411', '2026-01-15T04:50:09.841411');
INSERT INTO movie_projections (id, projection_date, projection_time, cinema_hall_id, movie_id, created_at, updated_at) VALUES ('5b888149-1302-41da-9e46-84dbfafa4aed', '2026-01-30', '16:00:00', '223652cd-d2ab-4968-8a1e-349553055ce6', 'b337a662-b22a-4a47-a22b-a45881dcc6b3', '2026-01-15T04:50:09.841450', '2026-01-15T04:50:09.841450');
INSERT INTO movie_projections (id, projection_date, projection_time, cinema_hall_id, movie_id, created_at, updated_at) VALUES ('625316de-b2a2-4ee2-966a-885c68657971', '2026-03-26', '19:00:00', 'f6779957-000c-48ec-8919-484a54941dac', 'b337a662-b22a-4a47-a22b-a45881dcc6b3', '2026-01-15T04:50:09.841487', '2026-01-15T04:50:09.841487');
INSERT INTO movie_projections (id, projection_date, projection_time, cinema_hall_id, movie_id, created_at, updated_at) VALUES ('29ffad64-faa1-4d40-8b89-9e2d854acd76', '2026-01-19', '16:00:00', '81059085-f2ca-4b4e-95f3-be4728c2aa0a', 'b337a662-b22a-4a47-a22b-a45881dcc6b3', '2026-01-15T04:50:09.841525', '2026-01-15T04:50:09.841525');
INSERT INTO movie_projections (id, projection_date, projection_time, cinema_hall_id, movie_id, created_at, updated_at) VALUES ('a6a8c3a4-f208-49f1-9ee3-aee9e2065d3a', '2026-03-27', '13:00:00', 'cab834d9-f539-47b1-a0df-a6ba84c95746', 'b337a662-b22a-4a47-a22b-a45881dcc6b3', '2026-01-15T04:50:09.841567', '2026-01-15T04:50:09.841567');
INSERT INTO movie_projections (id, projection_date, projection_time, cinema_hall_id, movie_id, created_at, updated_at) VALUES ('f5586c4a-2fd3-4578-be13-6fe6833a6fc8', '2026-02-14', '13:00:00', '223652cd-d2ab-4968-8a1e-349553055ce6', 'b337a662-b22a-4a47-a22b-a45881dcc6b3', '2026-01-15T04:50:09.841608', '2026-01-15T04:50:09.841608');
INSERT INTO movie_projections (id, projection_date, projection_time, cinema_hall_id, movie_id, created_at, updated_at) VALUES ('3f88a161-5566-4553-8b74-dff64189dbfe', '2026-01-26', '16:00:00', '12e6090e-6add-4d2d-b65b-f586dca60bfa', 'b337a662-b22a-4a47-a22b-a45881dcc6b3', '2026-01-15T04:50:09.841646', '2026-01-15T04:50:09.841646');
INSERT INTO movie_projections (id, projection_date, projection_time, cinema_hall_id, movie_id, created_at, updated_at) VALUES ('f6001b29-b53e-44de-9948-6ee947e78c0f', '2026-02-12', '13:00:00', 'cab834d9-f539-47b1-a0df-a6ba84c95746', 'b337a662-b22a-4a47-a22b-a45881dcc6b3', '2026-01-15T04:50:09.841683', '2026-01-15T04:50:09.841683');
INSERT INTO movie_projections (id, projection_date, projection_time, cinema_hall_id, movie_id, created_at, updated_at) VALUES ('f119b242-fbd9-43e2-8cbd-2d134579a1e9', '2026-03-09', '19:00:00', '81059085-f2ca-4b4e-95f3-be4728c2aa0a', 'b337a662-b22a-4a47-a22b-a45881dcc6b3', '2026-01-15T04:50:09.841722', '2026-01-15T04:50:09.841722');
INSERT INTO movie_projections (id, projection_date, projection_time, cinema_hall_id, movie_id, created_at, updated_at) VALUES ('d5e27fbf-d97b-4076-a716-c4c151203184', '2026-03-13', '13:00:00', '81059085-f2ca-4b4e-95f3-be4728c2aa0a', 'b337a662-b22a-4a47-a22b-a45881dcc6b3', '2026-01-15T04:50:09.841759', '2026-01-15T04:50:09.841759');
INSERT INTO movie_projections (id, projection_date, projection_time, cinema_hall_id, movie_id, created_at, updated_at) VALUES ('eeedbe99-b29c-4169-9208-0093dcbff9f9', '2026-03-10', '10:00:00', '17b0293c-e4f6-4bec-ab09-f8e6da53166e', 'b337a662-b22a-4a47-a22b-a45881dcc6b3', '2026-01-15T04:50:09.841796', '2026-01-15T04:50:09.841796');
INSERT INTO movie_projections (id, projection_date, projection_time, cinema_hall_id, movie_id, created_at, updated_at) VALUES ('6a5baf43-cb24-4bab-a5da-3ac579259412', '2026-02-01', '16:00:00', '223652cd-d2ab-4968-8a1e-349553055ce6', 'd368c5ac-fce7-4c93-833e-f6fcb80b4b12', '2026-01-15T04:50:09.841838', '2026-01-15T04:50:09.841838');
INSERT INTO movie_projections (id, projection_date, projection_time, cinema_hall_id, movie_id, created_at, updated_at) VALUES ('13185ed9-6fd4-4ecb-ad68-b4ed82479b9c', '2026-02-10', '16:00:00', '223652cd-d2ab-4968-8a1e-349553055ce6', 'd368c5ac-fce7-4c93-833e-f6fcb80b4b12', '2026-01-15T04:50:09.841876', '2026-01-15T04:50:09.841876');
INSERT INTO movie_projections (id, projection_date, projection_time, cinema_hall_id, movie_id, created_at, updated_at) VALUES ('51bdc733-5775-46a2-b87a-1e6d99c122c0', '2026-01-26', '19:00:00', '81059085-f2ca-4b4e-95f3-be4728c2aa0a', 'd368c5ac-fce7-4c93-833e-f6fcb80b4b12', '2026-01-15T04:50:09.841917', '2026-01-15T04:50:09.841917');
INSERT INTO movie_projections (id, projection_date, projection_time, cinema_hall_id, movie_id, created_at, updated_at) VALUES ('8b38b0d1-610a-4b8d-bc68-cb1dc4b06084', '2026-01-20', '16:00:00', '81059085-f2ca-4b4e-95f3-be4728c2aa0a', 'd368c5ac-fce7-4c93-833e-f6fcb80b4b12', '2026-01-15T04:50:09.841955', '2026-01-15T04:50:09.841955');
INSERT INTO movie_projections (id, projection_date, projection_time, cinema_hall_id, movie_id, created_at, updated_at) VALUES ('7f7a0809-663a-4358-9026-134f60ee2fa5', '2026-02-12', '16:00:00', 'b413cf46-2d80-423c-8003-e171d72fa0c8', 'd368c5ac-fce7-4c93-833e-f6fcb80b4b12', '2026-01-15T04:50:09.841993', '2026-01-15T04:50:09.841993');
INSERT INTO movie_projections (id, projection_date, projection_time, cinema_hall_id, movie_id, created_at, updated_at) VALUES ('ee8d21e2-50a5-4610-8c2b-4c87913125b1', '2026-02-08', '13:00:00', '0572e6f5-a08d-48c0-9dc0-ce2eef6f3df9', 'd368c5ac-fce7-4c93-833e-f6fcb80b4b12', '2026-01-15T04:50:09.842030', '2026-01-15T04:50:09.842030');
INSERT INTO movie_projections (id, projection_date, projection_time, cinema_hall_id, movie_id, created_at, updated_at) VALUES ('b3751752-0935-4253-8a43-2eb1cc360c46', '2026-01-30', '19:00:00', '0572e6f5-a08d-48c0-9dc0-ce2eef6f3df9', 'd368c5ac-fce7-4c93-833e-f6fcb80b4b12', '2026-01-15T04:50:09.842067', '2026-01-15T04:50:09.842067');
INSERT INTO movie_projections (id, projection_date, projection_time, cinema_hall_id, movie_id, created_at, updated_at) VALUES ('1ba9e159-8e33-45be-b3ec-42d0b13a01c6', '2026-01-28', '19:00:00', '24dacc2b-ba4f-4db2-98f5-597c052c7565', 'd368c5ac-fce7-4c93-833e-f6fcb80b4b12', '2026-01-15T04:50:09.842120', '2026-01-15T04:50:09.842120');
INSERT INTO movie_projections (id, projection_date, projection_time, cinema_hall_id, movie_id, created_at, updated_at) VALUES ('864c88c3-24af-412c-ae15-1b88f8e598c2', '2026-02-11', '16:00:00', '223652cd-d2ab-4968-8a1e-349553055ce6', 'd368c5ac-fce7-4c93-833e-f6fcb80b4b12', '2026-01-15T04:50:09.842160', '2026-01-15T04:50:09.842160');
INSERT INTO movie_projections (id, projection_date, projection_time, cinema_hall_id, movie_id, created_at, updated_at) VALUES ('b056891e-5615-46e4-8962-47ce1165c7d1', '2026-02-06', '19:00:00', '17b0293c-e4f6-4bec-ab09-f8e6da53166e', 'd368c5ac-fce7-4c93-833e-f6fcb80b4b12', '2026-01-15T04:50:09.842197', '2026-01-15T04:50:09.842197');
INSERT INTO movie_projections (id, projection_date, projection_time, cinema_hall_id, movie_id, created_at, updated_at) VALUES ('d25a23d4-b072-4696-a3f3-894dd4366908', '2026-02-11', '10:00:00', 'b413cf46-2d80-423c-8003-e171d72fa0c8', 'd368c5ac-fce7-4c93-833e-f6fcb80b4b12', '2026-01-15T04:50:09.842252', '2026-01-15T04:50:09.842252');
INSERT INTO movie_projections (id, projection_date, projection_time, cinema_hall_id, movie_id, created_at, updated_at) VALUES ('c26f5adf-3514-44c9-9073-d8936490eecc', '2026-01-17', '13:00:00', '12e6090e-6add-4d2d-b65b-f586dca60bfa', 'd368c5ac-fce7-4c93-833e-f6fcb80b4b12', '2026-01-15T04:50:09.842291', '2026-01-15T04:50:09.842291');
INSERT INTO movie_projections (id, projection_date, projection_time, cinema_hall_id, movie_id, created_at, updated_at) VALUES ('4313c216-7432-47bd-bdc4-5ce8fddfda3d', '2026-02-15', '16:00:00', 'ba547a79-3908-4660-a602-edd8403b7c5d', 'd368c5ac-fce7-4c93-833e-f6fcb80b4b12', '2026-01-15T04:50:09.842328', '2026-01-15T04:50:09.842328');
INSERT INTO movie_projections (id, projection_date, projection_time, cinema_hall_id, movie_id, created_at, updated_at) VALUES ('ecc903ba-4a3d-46e0-8389-482a74089751', '2026-02-02', '19:00:00', 'b413cf46-2d80-423c-8003-e171d72fa0c8', 'd368c5ac-fce7-4c93-833e-f6fcb80b4b12', '2026-01-15T04:50:09.842366', '2026-01-15T04:50:09.842366');
INSERT INTO movie_projections (id, projection_date, projection_time, cinema_hall_id, movie_id, created_at, updated_at) VALUES ('844b75bf-f8ac-47d2-a888-2756a8551f8b', '2026-01-26', '10:00:00', 'f6779957-000c-48ec-8919-484a54941dac', 'd368c5ac-fce7-4c93-833e-f6fcb80b4b12', '2026-01-15T04:50:09.842403', '2026-01-15T04:50:09.842403');
INSERT INTO movie_projections (id, projection_date, projection_time, cinema_hall_id, movie_id, created_at, updated_at) VALUES ('abf52a96-1ce9-4a17-9a1b-b21f4c3b8971', '2026-01-25', '13:00:00', 'cab834d9-f539-47b1-a0df-a6ba84c95746', 'd368c5ac-fce7-4c93-833e-f6fcb80b4b12', '2026-01-15T04:50:09.842441', '2026-01-15T04:50:09.842441');
INSERT INTO movie_projections (id, projection_date, projection_time, cinema_hall_id, movie_id, created_at, updated_at) VALUES ('231102e3-a659-4e98-a32b-781151d60937', '2026-01-29', '19:00:00', '17b0293c-e4f6-4bec-ab09-f8e6da53166e', 'd368c5ac-fce7-4c93-833e-f6fcb80b4b12', '2026-01-15T04:50:09.842478', '2026-01-15T04:50:09.842478');
INSERT INTO movie_projections (id, projection_date, projection_time, cinema_hall_id, movie_id, created_at, updated_at) VALUES ('f6913f6f-f779-4883-b277-62068008c183', '2026-02-11', '16:00:00', 'ba547a79-3908-4660-a602-edd8403b7c5d', 'd368c5ac-fce7-4c93-833e-f6fcb80b4b12', '2026-01-15T04:50:09.842521', '2026-01-15T04:50:09.842521');
INSERT INTO movie_projections (id, projection_date, projection_time, cinema_hall_id, movie_id, created_at, updated_at) VALUES ('1774cb3f-6f59-43c6-85b7-8652a25ffc47', '2026-02-01', '19:00:00', '877f2e71-c328-40ba-9e66-740145c3b9ea', 'd368c5ac-fce7-4c93-833e-f6fcb80b4b12', '2026-01-15T04:50:09.842561', '2026-01-15T04:50:09.842561');
INSERT INTO movie_projections (id, projection_date, projection_time, cinema_hall_id, movie_id, created_at, updated_at) VALUES ('9f86122a-a9c0-4f85-9e03-eee0e9955fdc', '2026-01-22', '13:00:00', 'ba547a79-3908-4660-a602-edd8403b7c5d', 'd368c5ac-fce7-4c93-833e-f6fcb80b4b12', '2026-01-15T04:50:09.842599', '2026-01-15T04:50:09.842599');
INSERT INTO movie_projections (id, projection_date, projection_time, cinema_hall_id, movie_id, created_at, updated_at) VALUES ('375fe197-89ed-42dc-927a-6db8d4322929', '2026-01-21', '13:00:00', '223652cd-d2ab-4968-8a1e-349553055ce6', 'd368c5ac-fce7-4c93-833e-f6fcb80b4b12', '2026-01-15T04:50:09.842637', '2026-01-15T04:50:09.842637');
INSERT INTO movie_projections (id, projection_date, projection_time, cinema_hall_id, movie_id, created_at, updated_at) VALUES ('f8e20bf9-f0a5-4e79-a4e1-5762dc4afca7', '2026-01-16', '13:00:00', '12e6090e-6add-4d2d-b65b-f586dca60bfa', 'd368c5ac-fce7-4c93-833e-f6fcb80b4b12', '2026-01-15T04:50:09.842674', '2026-01-15T04:50:09.842674');
INSERT INTO movie_projections (id, projection_date, projection_time, cinema_hall_id, movie_id, created_at, updated_at) VALUES ('4295c6b2-fa41-41ff-b724-991fd528e1ec', '2026-02-06', '16:00:00', '223652cd-d2ab-4968-8a1e-349553055ce6', 'd368c5ac-fce7-4c93-833e-f6fcb80b4b12', '2026-01-15T04:50:09.842712', '2026-01-15T04:50:09.842712');
INSERT INTO movie_projections (id, projection_date, projection_time, cinema_hall_id, movie_id, created_at, updated_at) VALUES ('97aea1e7-3c43-4e15-aa16-846cbee6a6bb', '2026-02-05', '19:00:00', '12e6090e-6add-4d2d-b65b-f586dca60bfa', 'd368c5ac-fce7-4c93-833e-f6fcb80b4b12', '2026-01-15T04:50:09.842749', '2026-01-15T04:50:09.842749');
INSERT INTO movie_projections (id, projection_date, projection_time, cinema_hall_id, movie_id, created_at, updated_at) VALUES ('b0d5af5d-2893-4eb7-883e-e0c5a7754379', '2026-01-20', '10:00:00', 'ba547a79-3908-4660-a602-edd8403b7c5d', 'd368c5ac-fce7-4c93-833e-f6fcb80b4b12', '2026-01-15T04:50:09.842787', '2026-01-15T04:50:09.842787');
INSERT INTO movie_projections (id, projection_date, projection_time, cinema_hall_id, movie_id, created_at, updated_at) VALUES ('bffafba8-78d5-43d8-a6a7-0c1c6cfc310c', '2026-02-08', '16:00:00', 'ba547a79-3908-4660-a602-edd8403b7c5d', 'd368c5ac-fce7-4c93-833e-f6fcb80b4b12', '2026-01-15T04:50:09.842824', '2026-01-15T04:50:09.842824');
INSERT INTO movie_projections (id, projection_date, projection_time, cinema_hall_id, movie_id, created_at, updated_at) VALUES ('05a3f546-27c4-4538-ae1c-c50ef7fc278c', '2026-01-17', '19:00:00', '877f2e71-c328-40ba-9e66-740145c3b9ea', 'd368c5ac-fce7-4c93-833e-f6fcb80b4b12', '2026-01-15T04:50:09.842866', '2026-01-15T04:50:09.842866');
INSERT INTO movie_projections (id, projection_date, projection_time, cinema_hall_id, movie_id, created_at, updated_at) VALUES ('cd18909d-8474-4f33-bea8-b9d1c4f1d56b', '2026-01-27', '16:00:00', '223652cd-d2ab-4968-8a1e-349553055ce6', 'd368c5ac-fce7-4c93-833e-f6fcb80b4b12', '2026-01-15T04:50:09.842903', '2026-01-15T04:50:09.842903');
INSERT INTO movie_projections (id, projection_date, projection_time, cinema_hall_id, movie_id, created_at, updated_at) VALUES ('bbd1ad24-9e28-4795-8e15-8ed07d3d5762', '2026-01-25', '10:00:00', '0572e6f5-a08d-48c0-9dc0-ce2eef6f3df9', 'd368c5ac-fce7-4c93-833e-f6fcb80b4b12', '2026-01-15T04:50:09.842940', '2026-01-15T04:50:09.842940');
INSERT INTO movie_projections (id, projection_date, projection_time, cinema_hall_id, movie_id, created_at, updated_at) VALUES ('e2e10e5d-109a-4ac8-a6d2-debed11c2d57', '2026-01-24', '19:00:00', '24dacc2b-ba4f-4db2-98f5-597c052c7565', 'd368c5ac-fce7-4c93-833e-f6fcb80b4b12', '2026-01-15T04:50:09.842978', '2026-01-15T04:50:09.842978');
INSERT INTO movie_projections (id, projection_date, projection_time, cinema_hall_id, movie_id, created_at, updated_at) VALUES ('69674b35-0223-4636-ad7d-72d1e1473b41', '2026-01-23', '19:00:00', '223652cd-d2ab-4968-8a1e-349553055ce6', 'd368c5ac-fce7-4c93-833e-f6fcb80b4b12', '2026-01-15T04:50:09.843015', '2026-01-15T04:50:09.843015');
INSERT INTO movie_projections (id, projection_date, projection_time, cinema_hall_id, movie_id, created_at, updated_at) VALUES ('dc046104-59e0-4eb7-a153-3d3c3dc6fad4', '2026-02-04', '19:00:00', 'b413cf46-2d80-423c-8003-e171d72fa0c8', 'd368c5ac-fce7-4c93-833e-f6fcb80b4b12', '2026-01-15T04:50:09.843052', '2026-01-15T04:50:09.843052');
INSERT INTO movie_projections (id, projection_date, projection_time, cinema_hall_id, movie_id, created_at, updated_at) VALUES ('d05b28cf-b235-4984-917a-b2dba17bcae6', '2026-02-05', '19:00:00', 'b413cf46-2d80-423c-8003-e171d72fa0c8', 'd368c5ac-fce7-4c93-833e-f6fcb80b4b12', '2026-01-15T04:50:09.843089', '2026-01-15T04:50:09.843089');
INSERT INTO movie_projections (id, projection_date, projection_time, cinema_hall_id, movie_id, created_at, updated_at) VALUES ('2c79e75c-f94f-455c-b6b3-473d9598dfd8', '2026-01-26', '10:00:00', '12e6090e-6add-4d2d-b65b-f586dca60bfa', 'd368c5ac-fce7-4c93-833e-f6fcb80b4b12', '2026-01-15T04:50:09.843126', '2026-01-15T04:50:09.843126');
INSERT INTO movie_projections (id, projection_date, projection_time, cinema_hall_id, movie_id, created_at, updated_at) VALUES ('c30f309f-de35-4f8d-b57c-b96e0a1f0930', '2026-02-05', '10:00:00', '0572e6f5-a08d-48c0-9dc0-ce2eef6f3df9', 'd368c5ac-fce7-4c93-833e-f6fcb80b4b12', '2026-01-15T04:50:09.843168', '2026-01-15T04:50:09.843168');
INSERT INTO movie_projections (id, projection_date, projection_time, cinema_hall_id, movie_id, created_at, updated_at) VALUES ('e732ef65-0253-40df-bb3b-2ad3f3a3d2ce', '2026-02-11', '10:00:00', '877f2e71-c328-40ba-9e66-740145c3b9ea', 'd368c5ac-fce7-4c93-833e-f6fcb80b4b12', '2026-01-15T04:50:09.843205', '2026-01-15T04:50:09.843205');
INSERT INTO movie_projections (id, projection_date, projection_time, cinema_hall_id, movie_id, created_at, updated_at) VALUES ('53b916fc-7f7b-4bf9-bef3-65d64a82da62', '2026-02-03', '19:00:00', '81059085-f2ca-4b4e-95f3-be4728c2aa0a', 'd368c5ac-fce7-4c93-833e-f6fcb80b4b12', '2026-01-15T04:50:09.843241', '2026-01-15T04:50:09.843241');
INSERT INTO movie_projections (id, projection_date, projection_time, cinema_hall_id, movie_id, created_at, updated_at) VALUES ('1d88e515-7bca-4725-a939-b72a2db4335a', '2026-01-20', '10:00:00', '877f2e71-c328-40ba-9e66-740145c3b9ea', 'd368c5ac-fce7-4c93-833e-f6fcb80b4b12', '2026-01-15T04:50:09.843279', '2026-01-15T04:50:09.843279');
INSERT INTO movie_projections (id, projection_date, projection_time, cinema_hall_id, movie_id, created_at, updated_at) VALUES ('9db2260c-8ab0-4a2a-bac1-c09b93837bc3', '2026-01-21', '19:00:00', 'cab834d9-f539-47b1-a0df-a6ba84c95746', 'd368c5ac-fce7-4c93-833e-f6fcb80b4b12', '2026-01-15T04:50:09.843326', '2026-01-15T04:50:09.843326');
INSERT INTO movie_projections (id, projection_date, projection_time, cinema_hall_id, movie_id, created_at, updated_at) VALUES ('a90e27c6-98cf-48f0-83f3-06b7d56a5bd0', '2026-02-08', '19:00:00', '12e6090e-6add-4d2d-b65b-f586dca60bfa', 'd368c5ac-fce7-4c93-833e-f6fcb80b4b12', '2026-01-15T04:50:09.843363', '2026-01-15T04:50:09.843363');
INSERT INTO movie_projections (id, projection_date, projection_time, cinema_hall_id, movie_id, created_at, updated_at) VALUES ('68d75509-c43c-49cb-a3b2-43e814aad095', '2026-03-22', '13:00:00', '223652cd-d2ab-4968-8a1e-349553055ce6', '1665b20f-3c2c-4e4c-93c2-16a3c7eaa67d', '2026-01-15T04:50:09.843405', '2026-01-15T04:50:09.843405');
INSERT INTO movie_projections (id, projection_date, projection_time, cinema_hall_id, movie_id, created_at, updated_at) VALUES ('ae4d0b22-fcb4-4178-a6ec-a1bbeee12287', '2026-03-07', '10:00:00', '223652cd-d2ab-4968-8a1e-349553055ce6', '1665b20f-3c2c-4e4c-93c2-16a3c7eaa67d', '2026-01-15T04:50:09.843448', '2026-01-15T04:50:09.843448');
INSERT INTO movie_projections (id, projection_date, projection_time, cinema_hall_id, movie_id, created_at, updated_at) VALUES ('a41c3bcd-1205-43de-bd8b-cd82b5ef0a97', '2026-03-15', '10:00:00', '81059085-f2ca-4b4e-95f3-be4728c2aa0a', '1665b20f-3c2c-4e4c-93c2-16a3c7eaa67d', '2026-01-15T04:50:09.843488', '2026-01-15T04:50:09.843488');
INSERT INTO movie_projections (id, projection_date, projection_time, cinema_hall_id, movie_id, created_at, updated_at) VALUES ('1771aeda-4fbe-4fd6-ba55-76d5a04bbde3', '2026-01-16', '19:00:00', 'f6779957-000c-48ec-8919-484a54941dac', '1665b20f-3c2c-4e4c-93c2-16a3c7eaa67d', '2026-01-15T04:50:09.843525', '2026-01-15T04:50:09.843525');
INSERT INTO movie_projections (id, projection_date, projection_time, cinema_hall_id, movie_id, created_at, updated_at) VALUES ('b1deb088-5732-410e-8dac-3cfb19cc48c8', '2026-02-26', '10:00:00', 'ba547a79-3908-4660-a602-edd8403b7c5d', '1665b20f-3c2c-4e4c-93c2-16a3c7eaa67d', '2026-01-15T04:50:09.843563', '2026-01-15T04:50:09.843563');
INSERT INTO movie_projections (id, projection_date, projection_time, cinema_hall_id, movie_id, created_at, updated_at) VALUES ('08b47483-f61a-4257-b2e6-9c2856533796', '2026-02-08', '13:00:00', 'cab834d9-f539-47b1-a0df-a6ba84c95746', '1665b20f-3c2c-4e4c-93c2-16a3c7eaa67d', '2026-01-15T04:50:09.843601', '2026-01-15T04:50:09.843601');
INSERT INTO movie_projections (id, projection_date, projection_time, cinema_hall_id, movie_id, created_at, updated_at) VALUES ('27dabf48-7099-478e-ab1e-043de35fd3ea', '2026-03-06', '13:00:00', '81059085-f2ca-4b4e-95f3-be4728c2aa0a', '1665b20f-3c2c-4e4c-93c2-16a3c7eaa67d', '2026-01-15T04:50:09.843651', '2026-01-15T04:50:09.843651');
INSERT INTO movie_projections (id, projection_date, projection_time, cinema_hall_id, movie_id, created_at, updated_at) VALUES ('8189f2b3-a73e-41f9-ad1a-b474f2032f56', '2026-02-20', '19:00:00', '223652cd-d2ab-4968-8a1e-349553055ce6', '1665b20f-3c2c-4e4c-93c2-16a3c7eaa67d', '2026-01-15T04:50:09.843689', '2026-01-15T04:50:09.843689');
INSERT INTO movie_projections (id, projection_date, projection_time, cinema_hall_id, movie_id, created_at, updated_at) VALUES ('8e41d33a-ab10-47e2-8be4-647ea1bd80ca', '2026-02-28', '10:00:00', '223652cd-d2ab-4968-8a1e-349553055ce6', '1665b20f-3c2c-4e4c-93c2-16a3c7eaa67d', '2026-01-15T04:50:09.843727', '2026-01-15T04:50:09.843727');
INSERT INTO movie_projections (id, projection_date, projection_time, cinema_hall_id, movie_id, created_at, updated_at) VALUES ('6be4afce-4c92-460c-bd3f-6b74327b8ebd', '2026-02-27', '16:00:00', '0572e6f5-a08d-48c0-9dc0-ce2eef6f3df9', '1665b20f-3c2c-4e4c-93c2-16a3c7eaa67d', '2026-01-15T04:50:09.843765', '2026-01-15T04:50:09.843765');
INSERT INTO movie_projections (id, projection_date, projection_time, cinema_hall_id, movie_id, created_at, updated_at) VALUES ('050f2cb1-f7a5-4599-8ca9-4369786a6477', '2026-02-11', '19:00:00', '24dacc2b-ba4f-4db2-98f5-597c052c7565', '1665b20f-3c2c-4e4c-93c2-16a3c7eaa67d', '2026-01-15T04:50:09.843860', '2026-01-15T04:50:09.843860');
INSERT INTO movie_projections (id, projection_date, projection_time, cinema_hall_id, movie_id, created_at, updated_at) VALUES ('f061fc39-16ff-432d-b43f-9b53bf8eee58', '2026-02-27', '10:00:00', '12e6090e-6add-4d2d-b65b-f586dca60bfa', '1665b20f-3c2c-4e4c-93c2-16a3c7eaa67d', '2026-01-15T04:50:09.843907', '2026-01-15T04:50:09.843907');
INSERT INTO movie_projections (id, projection_date, projection_time, cinema_hall_id, movie_id, created_at, updated_at) VALUES ('dc0b53ff-b6dd-4945-bd15-f66014f7d04c', '2026-03-31', '16:00:00', '17b0293c-e4f6-4bec-ab09-f8e6da53166e', '1665b20f-3c2c-4e4c-93c2-16a3c7eaa67d', '2026-01-15T04:50:09.843954', '2026-01-15T04:50:09.843954');
INSERT INTO movie_projections (id, projection_date, projection_time, cinema_hall_id, movie_id, created_at, updated_at) VALUES ('85994212-f512-44ae-bd36-ed22772efbce', '2026-02-15', '16:00:00', 'b413cf46-2d80-423c-8003-e171d72fa0c8', '1665b20f-3c2c-4e4c-93c2-16a3c7eaa67d', '2026-01-15T04:50:09.843986', '2026-01-15T04:50:09.843986');
INSERT INTO movie_projections (id, projection_date, projection_time, cinema_hall_id, movie_id, created_at, updated_at) VALUES ('402dd301-3ba7-4986-af43-636d6e2906f5', '2026-03-29', '19:00:00', '81059085-f2ca-4b4e-95f3-be4728c2aa0a', '1665b20f-3c2c-4e4c-93c2-16a3c7eaa67d', '2026-01-15T04:50:09.844011', '2026-01-15T04:50:09.844011');
INSERT INTO movie_projections (id, projection_date, projection_time, cinema_hall_id, movie_id, created_at, updated_at) VALUES ('5139be80-9862-4fae-acbb-7269a0326212', '2026-01-15', '13:00:00', '81059085-f2ca-4b4e-95f3-be4728c2aa0a', '1665b20f-3c2c-4e4c-93c2-16a3c7eaa67d', '2026-01-15T04:50:09.844036', '2026-01-15T04:50:09.844036');
INSERT INTO movie_projections (id, projection_date, projection_time, cinema_hall_id, movie_id, created_at, updated_at) VALUES ('543aa6bd-5589-4ab9-9f7e-41189bfc64d9', '2026-03-13', '10:00:00', 'cab834d9-f539-47b1-a0df-a6ba84c95746', '1665b20f-3c2c-4e4c-93c2-16a3c7eaa67d', '2026-01-15T04:50:09.844061', '2026-01-15T04:50:09.844061');
INSERT INTO movie_projections (id, projection_date, projection_time, cinema_hall_id, movie_id, created_at, updated_at) VALUES ('0734bce3-eba9-4daf-a954-97187a58044f', '2026-02-28', '19:00:00', 'cab834d9-f539-47b1-a0df-a6ba84c95746', '1665b20f-3c2c-4e4c-93c2-16a3c7eaa67d', '2026-01-15T04:50:09.844086', '2026-01-15T04:50:09.844086');
INSERT INTO movie_projections (id, projection_date, projection_time, cinema_hall_id, movie_id, created_at, updated_at) VALUES ('cc72c8e2-f418-4302-bb45-b09face7863a', '2026-03-25', '19:00:00', '24dacc2b-ba4f-4db2-98f5-597c052c7565', '1665b20f-3c2c-4e4c-93c2-16a3c7eaa67d', '2026-01-15T04:50:09.844114', '2026-01-15T04:50:09.844114');
INSERT INTO movie_projections (id, projection_date, projection_time, cinema_hall_id, movie_id, created_at, updated_at) VALUES ('08863018-5db8-444f-8095-40b18a49e305', '2026-01-29', '13:00:00', 'ba547a79-3908-4660-a602-edd8403b7c5d', '1665b20f-3c2c-4e4c-93c2-16a3c7eaa67d', '2026-01-15T04:50:09.844144', '2026-01-15T04:50:09.844144');
INSERT INTO movie_projections (id, projection_date, projection_time, cinema_hall_id, movie_id, created_at, updated_at) VALUES ('1466e8b4-426f-4243-8fb2-2d7eb833fbb3', '2026-03-30', '10:00:00', '12e6090e-6add-4d2d-b65b-f586dca60bfa', '1665b20f-3c2c-4e4c-93c2-16a3c7eaa67d', '2026-01-15T04:50:09.844167', '2026-01-15T04:50:09.844167');
INSERT INTO movie_projections (id, projection_date, projection_time, cinema_hall_id, movie_id, created_at, updated_at) VALUES ('ee368dba-88ec-4700-9465-2273aba56491', '2026-03-21', '19:00:00', '81059085-f2ca-4b4e-95f3-be4728c2aa0a', '1665b20f-3c2c-4e4c-93c2-16a3c7eaa67d', '2026-01-15T04:50:09.844189', '2026-01-15T04:50:09.844189');
INSERT INTO movie_projections (id, projection_date, projection_time, cinema_hall_id, movie_id, created_at, updated_at) VALUES ('d615d6cf-c3ec-4e71-bd5a-9119ac3cd79a', '2026-02-14', '13:00:00', 'ba547a79-3908-4660-a602-edd8403b7c5d', '1665b20f-3c2c-4e4c-93c2-16a3c7eaa67d', '2026-01-15T04:50:09.844219', '2026-01-15T04:50:09.844219');
INSERT INTO movie_projections (id, projection_date, projection_time, cinema_hall_id, movie_id, created_at, updated_at) VALUES ('45db501f-9c14-4256-9e9a-68d7b00b64cd', '2026-01-29', '10:00:00', 'cab834d9-f539-47b1-a0df-a6ba84c95746', '1665b20f-3c2c-4e4c-93c2-16a3c7eaa67d', '2026-01-15T04:50:09.844252', '2026-01-15T04:50:09.844252');
INSERT INTO movie_projections (id, projection_date, projection_time, cinema_hall_id, movie_id, created_at, updated_at) VALUES ('ca8da2d0-fab2-4b03-a1f8-bcda0997f0cf', '2026-02-06', '10:00:00', '24dacc2b-ba4f-4db2-98f5-597c052c7565', '1665b20f-3c2c-4e4c-93c2-16a3c7eaa67d', '2026-01-15T04:50:09.844278', '2026-01-15T04:50:09.844278');
INSERT INTO movie_projections (id, projection_date, projection_time, cinema_hall_id, movie_id, created_at, updated_at) VALUES ('0655a351-ae2b-4cc8-a242-da1ea94fd305', '2026-04-01', '13:00:00', '223652cd-d2ab-4968-8a1e-349553055ce6', '1665b20f-3c2c-4e4c-93c2-16a3c7eaa67d', '2026-01-15T04:50:09.844303', '2026-01-15T04:50:09.844303');
INSERT INTO movie_projections (id, projection_date, projection_time, cinema_hall_id, movie_id, created_at, updated_at) VALUES ('9d217bb2-7747-4fff-9df7-1488f140f259', '2026-01-29', '16:00:00', '17b0293c-e4f6-4bec-ab09-f8e6da53166e', '1665b20f-3c2c-4e4c-93c2-16a3c7eaa67d', '2026-01-15T04:50:09.844330', '2026-01-15T04:50:09.844330');
INSERT INTO movie_projections (id, projection_date, projection_time, cinema_hall_id, movie_id, created_at, updated_at) VALUES ('8cfe1126-108d-47b8-98ee-d5d96e76b824', '2026-01-22', '16:00:00', '223652cd-d2ab-4968-8a1e-349553055ce6', '1665b20f-3c2c-4e4c-93c2-16a3c7eaa67d', '2026-01-15T04:50:09.844355', '2026-01-15T04:50:09.844355');
INSERT INTO movie_projections (id, projection_date, projection_time, cinema_hall_id, movie_id, created_at, updated_at) VALUES ('72c589b4-3775-4790-8909-8e0149d05ccc', '2026-04-01', '10:00:00', '223652cd-d2ab-4968-8a1e-349553055ce6', '1665b20f-3c2c-4e4c-93c2-16a3c7eaa67d', '2026-01-15T04:50:09.844380', '2026-01-15T04:50:09.844380');
INSERT INTO movie_projections (id, projection_date, projection_time, cinema_hall_id, movie_id, created_at, updated_at) VALUES ('0c8fdbe4-374c-4407-b3c8-556089690d6d', '2026-03-14', '10:00:00', 'ba547a79-3908-4660-a602-edd8403b7c5d', '1665b20f-3c2c-4e4c-93c2-16a3c7eaa67d', '2026-01-15T04:50:09.844405', '2026-01-15T04:50:09.844405');
INSERT INTO movie_projections (id, projection_date, projection_time, cinema_hall_id, movie_id, created_at, updated_at) VALUES ('f2853f7f-e93d-4aef-ba8a-75ac8db337ae', '2026-04-03', '10:00:00', '81059085-f2ca-4b4e-95f3-be4728c2aa0a', '1665b20f-3c2c-4e4c-93c2-16a3c7eaa67d', '2026-01-15T04:50:09.844435', '2026-01-15T04:50:09.844435');
INSERT INTO movie_projections (id, projection_date, projection_time, cinema_hall_id, movie_id, created_at, updated_at) VALUES ('e758e29b-7cba-4c10-aa4a-cf3572fcdc03', '2026-01-30', '10:00:00', '0572e6f5-a08d-48c0-9dc0-ce2eef6f3df9', '1665b20f-3c2c-4e4c-93c2-16a3c7eaa67d', '2026-01-15T04:50:09.844460', '2026-01-15T04:50:09.844460');
INSERT INTO movie_projections (id, projection_date, projection_time, cinema_hall_id, movie_id, created_at, updated_at) VALUES ('088d42a5-0d3b-4f1d-bc45-b0e87725c048', '2026-03-18', '16:00:00', '877f2e71-c328-40ba-9e66-740145c3b9ea', '1665b20f-3c2c-4e4c-93c2-16a3c7eaa67d', '2026-01-15T04:50:09.844486', '2026-01-15T04:50:09.844486');
INSERT INTO movie_projections (id, projection_date, projection_time, cinema_hall_id, movie_id, created_at, updated_at) VALUES ('0f6c28f1-8d68-4241-ab94-c47495602e6f', '2026-02-02', '10:00:00', 'b413cf46-2d80-423c-8003-e171d72fa0c8', '1665b20f-3c2c-4e4c-93c2-16a3c7eaa67d', '2026-01-15T04:50:09.844519', '2026-01-15T04:50:09.844519');
INSERT INTO movie_projections (id, projection_date, projection_time, cinema_hall_id, movie_id, created_at, updated_at) VALUES ('6564eb40-1fca-45a3-ab92-a07da642a3a6', '2026-03-10', '16:00:00', '24dacc2b-ba4f-4db2-98f5-597c052c7565', '1665b20f-3c2c-4e4c-93c2-16a3c7eaa67d', '2026-01-15T04:50:09.844564', '2026-01-15T04:50:09.844564');
INSERT INTO movie_projections (id, projection_date, projection_time, cinema_hall_id, movie_id, created_at, updated_at) VALUES ('8e4f16a2-561f-472c-84cd-e4350d518cd5', '2026-01-30', '10:00:00', '24dacc2b-ba4f-4db2-98f5-597c052c7565', '1665b20f-3c2c-4e4c-93c2-16a3c7eaa67d', '2026-01-15T04:50:09.844618', '2026-01-15T04:50:09.844618');
INSERT INTO movie_projections (id, projection_date, projection_time, cinema_hall_id, movie_id, created_at, updated_at) VALUES ('07f43c03-f21a-49cd-b97c-74607740030c', '2026-02-18', '13:00:00', '877f2e71-c328-40ba-9e66-740145c3b9ea', '1665b20f-3c2c-4e4c-93c2-16a3c7eaa67d', '2026-01-15T04:50:09.844690', '2026-01-15T04:50:09.844690');
INSERT INTO movie_projections (id, projection_date, projection_time, cinema_hall_id, movie_id, created_at, updated_at) VALUES ('fd8b0423-ba32-4343-b73e-ddbf259cca9d', '2026-03-19', '19:00:00', '0572e6f5-a08d-48c0-9dc0-ce2eef6f3df9', '1665b20f-3c2c-4e4c-93c2-16a3c7eaa67d', '2026-01-15T04:50:09.844742', '2026-01-15T04:50:09.844742');
INSERT INTO movie_projections (id, projection_date, projection_time, cinema_hall_id, movie_id, created_at, updated_at) VALUES ('1bd28fa4-7c3e-42e7-be64-f6a6f2f9f3d3', '2026-01-22', '13:00:00', '81059085-f2ca-4b4e-95f3-be4728c2aa0a', '1665b20f-3c2c-4e4c-93c2-16a3c7eaa67d', '2026-01-15T04:50:09.844805', '2026-01-15T04:50:09.844805');
INSERT INTO movie_projections (id, projection_date, projection_time, cinema_hall_id, movie_id, created_at, updated_at) VALUES ('3f601b4f-6dc7-4e6b-aff7-7235bc3a7937', '2026-01-29', '19:00:00', 'f6779957-000c-48ec-8919-484a54941dac', '1665b20f-3c2c-4e4c-93c2-16a3c7eaa67d', '2026-01-15T04:50:09.844872', '2026-01-15T04:50:09.844872');
INSERT INTO movie_projections (id, projection_date, projection_time, cinema_hall_id, movie_id, created_at, updated_at) VALUES ('ae086aaf-f0e7-49e6-85ce-bb54f8b35eb8', '2026-02-09', '13:00:00', '12e6090e-6add-4d2d-b65b-f586dca60bfa', '5e0d6820-41b9-43df-866c-cd1c753af635', '2026-01-15T04:50:09.844941', '2026-01-15T04:50:09.844941');
INSERT INTO movie_projections (id, projection_date, projection_time, cinema_hall_id, movie_id, created_at, updated_at) VALUES ('3bff22ef-c2f8-4926-ba6f-02045373e07a', '2026-01-26', '16:00:00', '81059085-f2ca-4b4e-95f3-be4728c2aa0a', '5e0d6820-41b9-43df-866c-cd1c753af635', '2026-01-15T04:50:09.844996', '2026-01-15T04:50:09.844996');
INSERT INTO movie_projections (id, projection_date, projection_time, cinema_hall_id, movie_id, created_at, updated_at) VALUES ('3f294a06-1806-49f4-89a2-7e7f447a74b5', '2026-03-28', '19:00:00', '223652cd-d2ab-4968-8a1e-349553055ce6', '5e0d6820-41b9-43df-866c-cd1c753af635', '2026-01-15T04:50:09.845055', '2026-01-15T04:50:09.845055');
INSERT INTO movie_projections (id, projection_date, projection_time, cinema_hall_id, movie_id, created_at, updated_at) VALUES ('e6cf84b2-6b3c-48b9-9156-f97f881cf404', '2026-01-19', '13:00:00', '24dacc2b-ba4f-4db2-98f5-597c052c7565', '5e0d6820-41b9-43df-866c-cd1c753af635', '2026-01-15T04:50:09.845119', '2026-01-15T04:50:09.845119');
INSERT INTO movie_projections (id, projection_date, projection_time, cinema_hall_id, movie_id, created_at, updated_at) VALUES ('3c0dd585-78bc-4306-b095-33ca3d519f70', '2026-04-08', '13:00:00', 'f6779957-000c-48ec-8919-484a54941dac', '5e0d6820-41b9-43df-866c-cd1c753af635', '2026-01-15T04:50:09.845181', '2026-01-15T04:50:09.845181');
INSERT INTO movie_projections (id, projection_date, projection_time, cinema_hall_id, movie_id, created_at, updated_at) VALUES ('cb67a9b3-760d-425c-acc4-78e08f1fdab7', '2026-02-07', '19:00:00', '81059085-f2ca-4b4e-95f3-be4728c2aa0a', '5e0d6820-41b9-43df-866c-cd1c753af635', '2026-01-15T04:50:09.845246', '2026-01-15T04:50:09.845246');
INSERT INTO movie_projections (id, projection_date, projection_time, cinema_hall_id, movie_id, created_at, updated_at) VALUES ('9678e468-615a-4a13-9610-d79c0b7d68ba', '2026-04-04', '13:00:00', 'f6779957-000c-48ec-8919-484a54941dac', '5e0d6820-41b9-43df-866c-cd1c753af635', '2026-01-15T04:50:09.845311', '2026-01-15T04:50:09.845311');
INSERT INTO movie_projections (id, projection_date, projection_time, cinema_hall_id, movie_id, created_at, updated_at) VALUES ('f9468a70-ab46-4d45-96d0-36f16fb82766', '2026-02-23', '13:00:00', 'ba547a79-3908-4660-a602-edd8403b7c5d', '5e0d6820-41b9-43df-866c-cd1c753af635', '2026-01-15T04:50:09.845390', '2026-01-15T04:50:09.845390');
INSERT INTO movie_projections (id, projection_date, projection_time, cinema_hall_id, movie_id, created_at, updated_at) VALUES ('b2604490-7c3d-426f-83a0-faf03f8f2c4f', '2026-04-02', '10:00:00', 'b413cf46-2d80-423c-8003-e171d72fa0c8', '5e0d6820-41b9-43df-866c-cd1c753af635', '2026-01-15T04:50:09.845458', '2026-01-15T04:50:09.845458');
INSERT INTO movie_projections (id, projection_date, projection_time, cinema_hall_id, movie_id, created_at, updated_at) VALUES ('cc444fcb-045f-4772-a9e1-bafb37a667aa', '2026-02-28', '10:00:00', '81059085-f2ca-4b4e-95f3-be4728c2aa0a', '5e0d6820-41b9-43df-866c-cd1c753af635', '2026-01-15T04:50:09.845510', '2026-01-15T04:50:09.845510');
INSERT INTO movie_projections (id, projection_date, projection_time, cinema_hall_id, movie_id, created_at, updated_at) VALUES ('6f42d52a-e57d-43df-a75c-0f64872be5a7', '2026-02-14', '13:00:00', '81059085-f2ca-4b4e-95f3-be4728c2aa0a', '5e0d6820-41b9-43df-866c-cd1c753af635', '2026-01-15T04:50:09.845569', '2026-01-15T04:50:09.845569');
INSERT INTO movie_projections (id, projection_date, projection_time, cinema_hall_id, movie_id, created_at, updated_at) VALUES ('80e80818-e126-4a1e-8d76-8bd736127a33', '2026-02-01', '19:00:00', 'ba547a79-3908-4660-a602-edd8403b7c5d', '5e0d6820-41b9-43df-866c-cd1c753af635', '2026-01-15T04:50:09.845634', '2026-01-15T04:50:09.845634');
INSERT INTO movie_projections (id, projection_date, projection_time, cinema_hall_id, movie_id, created_at, updated_at) VALUES ('6b0fd54d-ab58-434a-8ae9-ab4cab90e706', '2026-01-15', '16:00:00', '24dacc2b-ba4f-4db2-98f5-597c052c7565', '5e0d6820-41b9-43df-866c-cd1c753af635', '2026-01-15T04:50:09.845696', '2026-01-15T04:50:09.845696');
INSERT INTO movie_projections (id, projection_date, projection_time, cinema_hall_id, movie_id, created_at, updated_at) VALUES ('f588f355-20af-402c-a123-2853bd1ab890', '2026-03-11', '10:00:00', '17b0293c-e4f6-4bec-ab09-f8e6da53166e', '5e0d6820-41b9-43df-866c-cd1c753af635', '2026-01-15T04:50:09.845759', '2026-01-15T04:50:09.845759');
INSERT INTO movie_projections (id, projection_date, projection_time, cinema_hall_id, movie_id, created_at, updated_at) VALUES ('7c32ee4e-c2f3-4047-a330-2cb70d69dd4a', '2026-02-22', '10:00:00', 'f6779957-000c-48ec-8919-484a54941dac', '5e0d6820-41b9-43df-866c-cd1c753af635', '2026-01-15T04:50:09.845822', '2026-01-15T04:50:09.845822');
INSERT INTO movie_projections (id, projection_date, projection_time, cinema_hall_id, movie_id, created_at, updated_at) VALUES ('b473e145-902a-4a37-b413-efb2158cd9c5', '2026-02-02', '13:00:00', 'f6779957-000c-48ec-8919-484a54941dac', '5e0d6820-41b9-43df-866c-cd1c753af635', '2026-01-15T04:50:09.845882', '2026-01-15T04:50:09.845882');
INSERT INTO movie_projections (id, projection_date, projection_time, cinema_hall_id, movie_id, created_at, updated_at) VALUES ('a002eed8-6e13-4747-a0f0-3080add48827', '2026-02-17', '16:00:00', 'cab834d9-f539-47b1-a0df-a6ba84c95746', '5e0d6820-41b9-43df-866c-cd1c753af635', '2026-01-15T04:50:09.845931', '2026-01-15T04:50:09.845931');
INSERT INTO movie_projections (id, projection_date, projection_time, cinema_hall_id, movie_id, created_at, updated_at) VALUES ('92ac7daf-5bb4-4f88-8af4-b4a0e1d744f0', '2026-03-13', '13:00:00', '223652cd-d2ab-4968-8a1e-349553055ce6', '5e0d6820-41b9-43df-866c-cd1c753af635', '2026-01-15T04:50:09.845985', '2026-01-15T04:50:09.845985');
INSERT INTO movie_projections (id, projection_date, projection_time, cinema_hall_id, movie_id, created_at, updated_at) VALUES ('413b147c-7038-470c-a644-f55cfc9914bb', '2026-02-07', '13:00:00', '81059085-f2ca-4b4e-95f3-be4728c2aa0a', '5e0d6820-41b9-43df-866c-cd1c753af635', '2026-01-15T04:50:09.846032', '2026-01-15T04:50:09.846032');
INSERT INTO movie_projections (id, projection_date, projection_time, cinema_hall_id, movie_id, created_at, updated_at) VALUES ('0db941bb-ebb5-438f-9c94-33c687a7221f', '2026-03-24', '19:00:00', '12e6090e-6add-4d2d-b65b-f586dca60bfa', '5e0d6820-41b9-43df-866c-cd1c753af635', '2026-01-15T04:50:09.846076', '2026-01-15T04:50:09.846076');
INSERT INTO movie_projections (id, projection_date, projection_time, cinema_hall_id, movie_id, created_at, updated_at) VALUES ('e56cae34-5aa1-4938-ac0b-9613648cdaff', '2026-03-30', '16:00:00', '877f2e71-c328-40ba-9e66-740145c3b9ea', '5e0d6820-41b9-43df-866c-cd1c753af635', '2026-01-15T04:50:09.846119', '2026-01-15T04:50:09.846119');
INSERT INTO movie_projections (id, projection_date, projection_time, cinema_hall_id, movie_id, created_at, updated_at) VALUES ('c31f31b2-9370-44c8-91d0-2365dd4ac988', '2026-01-27', '16:00:00', '0572e6f5-a08d-48c0-9dc0-ce2eef6f3df9', '5e0d6820-41b9-43df-866c-cd1c753af635', '2026-01-15T04:50:09.846169', '2026-01-15T04:50:09.846169');
INSERT INTO movie_projections (id, projection_date, projection_time, cinema_hall_id, movie_id, created_at, updated_at) VALUES ('4ffb5bae-e805-4a3c-85a0-91edf1dffe32', '2026-02-26', '19:00:00', '877f2e71-c328-40ba-9e66-740145c3b9ea', '5e0d6820-41b9-43df-866c-cd1c753af635', '2026-01-15T04:50:09.846215', '2026-01-15T04:50:09.846215');
INSERT INTO movie_projections (id, projection_date, projection_time, cinema_hall_id, movie_id, created_at, updated_at) VALUES ('1c657e02-fbf8-4943-8ffd-9bf0c61e1da0', '2026-02-15', '13:00:00', '0572e6f5-a08d-48c0-9dc0-ce2eef6f3df9', '5e0d6820-41b9-43df-866c-cd1c753af635', '2026-01-15T04:50:09.846265', '2026-01-15T04:50:09.846265');
INSERT INTO movie_projections (id, projection_date, projection_time, cinema_hall_id, movie_id, created_at, updated_at) VALUES ('6eacac9c-bee7-411e-b5b2-43166fcc3773', '2026-01-15', '19:00:00', '12e6090e-6add-4d2d-b65b-f586dca60bfa', '5e0d6820-41b9-43df-866c-cd1c753af635', '2026-01-15T04:50:09.846309', '2026-01-15T04:50:09.846309');
INSERT INTO movie_projections (id, projection_date, projection_time, cinema_hall_id, movie_id, created_at, updated_at) VALUES ('c5d6a7c0-c757-4f97-9f01-e57b1dcbde6c', '2026-04-05', '16:00:00', 'f6779957-000c-48ec-8919-484a54941dac', '5e0d6820-41b9-43df-866c-cd1c753af635', '2026-01-15T04:50:09.846362', '2026-01-15T04:50:09.846362');
INSERT INTO movie_projections (id, projection_date, projection_time, cinema_hall_id, movie_id, created_at, updated_at) VALUES ('08c8f541-61e7-4632-90a1-cdf249ab7149', '2026-03-08', '10:00:00', 'cab834d9-f539-47b1-a0df-a6ba84c95746', '5e0d6820-41b9-43df-866c-cd1c753af635', '2026-01-15T04:50:09.846435', '2026-01-15T04:50:09.846435');
INSERT INTO movie_projections (id, projection_date, projection_time, cinema_hall_id, movie_id, created_at, updated_at) VALUES ('01c5f464-c084-4eba-9e04-91df10b36872', '2026-03-30', '19:00:00', '12e6090e-6add-4d2d-b65b-f586dca60bfa', '5e0d6820-41b9-43df-866c-cd1c753af635', '2026-01-15T04:50:09.846500', '2026-01-15T04:50:09.846500');
INSERT INTO movie_projections (id, projection_date, projection_time, cinema_hall_id, movie_id, created_at, updated_at) VALUES ('2e40a24a-e743-4b7b-be18-ff9b5aea7519', '2026-02-07', '10:00:00', '0572e6f5-a08d-48c0-9dc0-ce2eef6f3df9', '5e0d6820-41b9-43df-866c-cd1c753af635', '2026-01-15T04:50:09.846568', '2026-01-15T04:50:09.846568');
INSERT INTO movie_projections (id, projection_date, projection_time, cinema_hall_id, movie_id, created_at, updated_at) VALUES ('ab8a7a5d-2395-43c8-b89a-7765bd2cd6b6', '2026-02-09', '10:00:00', '17b0293c-e4f6-4bec-ab09-f8e6da53166e', '5e0d6820-41b9-43df-866c-cd1c753af635', '2026-01-15T04:50:09.846628', '2026-01-15T04:50:09.846628');
INSERT INTO movie_projections (id, projection_date, projection_time, cinema_hall_id, movie_id, created_at, updated_at) VALUES ('76a51534-2e48-4b2a-99a0-8ca544b91824', '2026-03-08', '10:00:00', '17b0293c-e4f6-4bec-ab09-f8e6da53166e', '5e0d6820-41b9-43df-866c-cd1c753af635', '2026-01-15T04:50:09.846678', '2026-01-15T04:50:09.846678');
INSERT INTO movie_projections (id, projection_date, projection_time, cinema_hall_id, movie_id, created_at, updated_at) VALUES ('9775aa23-9763-4b28-876b-bb527145d3b6', '2026-01-16', '13:00:00', 'f6779957-000c-48ec-8919-484a54941dac', '5e0d6820-41b9-43df-866c-cd1c753af635', '2026-01-15T04:50:09.846754', '2026-01-15T04:50:09.846754');
INSERT INTO movie_projections (id, projection_date, projection_time, cinema_hall_id, movie_id, created_at, updated_at) VALUES ('833b0260-30bb-447c-8a56-939d95624c53', '2026-03-20', '13:00:00', '81059085-f2ca-4b4e-95f3-be4728c2aa0a', '5e0d6820-41b9-43df-866c-cd1c753af635', '2026-01-15T04:50:09.846829', '2026-01-15T04:50:09.846829');
INSERT INTO movie_projections (id, projection_date, projection_time, cinema_hall_id, movie_id, created_at, updated_at) VALUES ('5cbda455-f07a-4f1a-901b-d77ccaf61435', '2026-02-14', '13:00:00', '0572e6f5-a08d-48c0-9dc0-ce2eef6f3df9', '5e0d6820-41b9-43df-866c-cd1c753af635', '2026-01-15T04:50:09.846893', '2026-01-15T04:50:09.846893');
INSERT INTO movie_projections (id, projection_date, projection_time, cinema_hall_id, movie_id, created_at, updated_at) VALUES ('2a691d52-256b-4c9b-99ab-e39415e6a35a', '2026-03-23', '10:00:00', '81059085-f2ca-4b4e-95f3-be4728c2aa0a', '5e0d6820-41b9-43df-866c-cd1c753af635', '2026-01-15T04:50:09.846955', '2026-01-15T04:50:09.846955');
INSERT INTO movie_projections (id, projection_date, projection_time, cinema_hall_id, movie_id, created_at, updated_at) VALUES ('d353f2f3-8129-4841-9160-ebea2dabb17d', '2026-02-09', '10:00:00', '81059085-f2ca-4b4e-95f3-be4728c2aa0a', '5e0d6820-41b9-43df-866c-cd1c753af635', '2026-01-15T04:50:09.847013', '2026-01-15T04:50:09.847013');
INSERT INTO movie_projections (id, projection_date, projection_time, cinema_hall_id, movie_id, created_at, updated_at) VALUES ('a072beed-0cdb-4714-aeaa-c0206920c5db', '2026-02-14', '13:00:00', '223652cd-d2ab-4968-8a1e-349553055ce6', '5e0d6820-41b9-43df-866c-cd1c753af635', '2026-01-15T04:50:09.847058', '2026-01-15T04:50:09.847058');
INSERT INTO movie_projections (id, projection_date, projection_time, cinema_hall_id, movie_id, created_at, updated_at) VALUES ('3f6f4cdf-55a4-4a0a-b0ca-b85b645ced37', '2026-01-27', '10:00:00', '24dacc2b-ba4f-4db2-98f5-597c052c7565', '5e0d6820-41b9-43df-866c-cd1c753af635', '2026-01-15T04:50:09.847109', '2026-01-15T04:50:09.847109');
INSERT INTO movie_projections (id, projection_date, projection_time, cinema_hall_id, movie_id, created_at, updated_at) VALUES ('50f7b565-2048-49f7-a462-d6c2ab2bd9fb', '2026-02-02', '10:00:00', 'ba547a79-3908-4660-a602-edd8403b7c5d', '5e0d6820-41b9-43df-866c-cd1c753af635', '2026-01-15T04:50:09.847151', '2026-01-15T04:50:09.847151');
INSERT INTO movie_projections (id, projection_date, projection_time, cinema_hall_id, movie_id, created_at, updated_at) VALUES ('6272e8c3-fae2-43b8-80cf-f20060c569f0', '2026-01-31', '19:00:00', '223652cd-d2ab-4968-8a1e-349553055ce6', '5e0d6820-41b9-43df-866c-cd1c753af635', '2026-01-15T04:50:09.847193', '2026-01-15T04:50:09.847193');
INSERT INTO movie_projections (id, projection_date, projection_time, cinema_hall_id, movie_id, created_at, updated_at) VALUES ('5ee9a848-3c3d-4edb-bf63-cce23de407bd', '2026-02-14', '13:00:00', '12e6090e-6add-4d2d-b65b-f586dca60bfa', 'f712fe68-a154-4f95-8744-6dcdd5c0442b', '2026-01-15T04:50:09.847252', '2026-01-15T04:50:09.847252');
INSERT INTO movie_projections (id, projection_date, projection_time, cinema_hall_id, movie_id, created_at, updated_at) VALUES ('588880f8-3e85-4c07-9b58-bed39d9a5aa7', '2026-02-25', '10:00:00', '81059085-f2ca-4b4e-95f3-be4728c2aa0a', 'f712fe68-a154-4f95-8744-6dcdd5c0442b', '2026-01-15T04:50:09.847308', '2026-01-15T04:50:09.847308');
INSERT INTO movie_projections (id, projection_date, projection_time, cinema_hall_id, movie_id, created_at, updated_at) VALUES ('1981ee39-a7c9-4d31-bed1-916c5f03bbdd', '2026-02-21', '19:00:00', '877f2e71-c328-40ba-9e66-740145c3b9ea', 'f712fe68-a154-4f95-8744-6dcdd5c0442b', '2026-01-15T04:50:09.847362', '2026-01-15T04:50:09.847362');
INSERT INTO movie_projections (id, projection_date, projection_time, cinema_hall_id, movie_id, created_at, updated_at) VALUES ('289dab4a-6d2e-4d70-acbe-838375fe9c95', '2026-01-26', '16:00:00', '12e6090e-6add-4d2d-b65b-f586dca60bfa', 'f712fe68-a154-4f95-8744-6dcdd5c0442b', '2026-01-15T04:50:09.847405', '2026-01-15T04:50:09.847405');
INSERT INTO movie_projections (id, projection_date, projection_time, cinema_hall_id, movie_id, created_at, updated_at) VALUES ('c221ad7f-a2fa-4a00-accc-9412f4802e73', '2026-02-11', '10:00:00', 'ba547a79-3908-4660-a602-edd8403b7c5d', 'f712fe68-a154-4f95-8744-6dcdd5c0442b', '2026-01-15T04:50:09.847447', '2026-01-15T04:50:09.847447');
INSERT INTO movie_projections (id, projection_date, projection_time, cinema_hall_id, movie_id, created_at, updated_at) VALUES ('521ef340-b7b3-4ddc-8fbd-f16e8e14d313', '2026-02-20', '10:00:00', 'ba547a79-3908-4660-a602-edd8403b7c5d', 'f712fe68-a154-4f95-8744-6dcdd5c0442b', '2026-01-15T04:50:09.847487', '2026-01-15T04:50:09.847487');
INSERT INTO movie_projections (id, projection_date, projection_time, cinema_hall_id, movie_id, created_at, updated_at) VALUES ('974a4fc3-46d3-4f1e-8f6f-a9ab4dda31db', '2026-01-28', '19:00:00', '12e6090e-6add-4d2d-b65b-f586dca60bfa', 'f712fe68-a154-4f95-8744-6dcdd5c0442b', '2026-01-15T04:50:09.847535', '2026-01-15T04:50:09.847535');
INSERT INTO movie_projections (id, projection_date, projection_time, cinema_hall_id, movie_id, created_at, updated_at) VALUES ('35043574-ad89-4c00-af93-d7e0c2b2f7db', '2026-02-16', '19:00:00', 'cab834d9-f539-47b1-a0df-a6ba84c95746', 'f712fe68-a154-4f95-8744-6dcdd5c0442b', '2026-01-15T04:50:09.847591', '2026-01-15T04:50:09.847591');
INSERT INTO movie_projections (id, projection_date, projection_time, cinema_hall_id, movie_id, created_at, updated_at) VALUES ('ed7b8992-5f85-496d-aca6-bb2e6b4adc59', '2026-02-03', '16:00:00', '877f2e71-c328-40ba-9e66-740145c3b9ea', 'f712fe68-a154-4f95-8744-6dcdd5c0442b', '2026-01-15T04:50:09.847646', '2026-01-15T04:50:09.847646');
INSERT INTO movie_projections (id, projection_date, projection_time, cinema_hall_id, movie_id, created_at, updated_at) VALUES ('0c184775-967e-4981-8e24-c1df71ceee76', '2026-01-15', '19:00:00', 'f6779957-000c-48ec-8919-484a54941dac', 'f712fe68-a154-4f95-8744-6dcdd5c0442b', '2026-01-15T04:50:09.847689', '2026-01-15T04:50:09.847689');
INSERT INTO movie_projections (id, projection_date, projection_time, cinema_hall_id, movie_id, created_at, updated_at) VALUES ('ed98ad41-5a2c-44e5-8646-ccd7f82fa066', '2026-02-13', '19:00:00', '81059085-f2ca-4b4e-95f3-be4728c2aa0a', 'f712fe68-a154-4f95-8744-6dcdd5c0442b', '2026-01-15T04:50:09.847736', '2026-01-15T04:50:09.847736');
INSERT INTO movie_projections (id, projection_date, projection_time, cinema_hall_id, movie_id, created_at, updated_at) VALUES ('d0a078f7-3208-43dc-a329-dba40d5ae56d', '2026-02-12', '16:00:00', '24dacc2b-ba4f-4db2-98f5-597c052c7565', 'f712fe68-a154-4f95-8744-6dcdd5c0442b', '2026-01-15T04:50:09.847780', '2026-01-15T04:50:09.847780');
INSERT INTO movie_projections (id, projection_date, projection_time, cinema_hall_id, movie_id, created_at, updated_at) VALUES ('f8ca1160-889c-4592-805a-2cbc3313a6ac', '2026-02-02', '19:00:00', '81059085-f2ca-4b4e-95f3-be4728c2aa0a', 'f712fe68-a154-4f95-8744-6dcdd5c0442b', '2026-01-15T04:50:09.847823', '2026-01-15T04:50:09.847823');
INSERT INTO movie_projections (id, projection_date, projection_time, cinema_hall_id, movie_id, created_at, updated_at) VALUES ('d1698dd0-dbc2-4872-a0c6-d88b363f15d5', '2026-01-26', '10:00:00', '877f2e71-c328-40ba-9e66-740145c3b9ea', 'f712fe68-a154-4f95-8744-6dcdd5c0442b', '2026-01-15T04:50:09.847873', '2026-01-15T04:50:09.847873');
INSERT INTO movie_projections (id, projection_date, projection_time, cinema_hall_id, movie_id, created_at, updated_at) VALUES ('ee3599a5-d50b-48a8-841e-6fbca77dd90e', '2026-01-30', '13:00:00', '877f2e71-c328-40ba-9e66-740145c3b9ea', 'f712fe68-a154-4f95-8744-6dcdd5c0442b', '2026-01-15T04:50:09.847935', '2026-01-15T04:50:09.847935');
INSERT INTO movie_projections (id, projection_date, projection_time, cinema_hall_id, movie_id, created_at, updated_at) VALUES ('83982b54-3b4b-457a-bf7e-f10f1f68df6d', '2026-01-28', '10:00:00', 'f6779957-000c-48ec-8919-484a54941dac', 'f712fe68-a154-4f95-8744-6dcdd5c0442b', '2026-01-15T04:50:09.847979', '2026-01-15T04:50:09.847979');
INSERT INTO movie_projections (id, projection_date, projection_time, cinema_hall_id, movie_id, created_at, updated_at) VALUES ('b4cf7dcb-d813-46a9-b8c6-131265db4e36', '2026-02-20', '19:00:00', '81059085-f2ca-4b4e-95f3-be4728c2aa0a', 'f712fe68-a154-4f95-8744-6dcdd5c0442b', '2026-01-15T04:50:09.848024', '2026-01-15T04:50:09.848024');
INSERT INTO movie_projections (id, projection_date, projection_time, cinema_hall_id, movie_id, created_at, updated_at) VALUES ('e940b1be-799d-4bfc-8dab-74d99f849aca', '2026-02-21', '16:00:00', 'f6779957-000c-48ec-8919-484a54941dac', 'f712fe68-a154-4f95-8744-6dcdd5c0442b', '2026-01-15T04:50:09.848069', '2026-01-15T04:50:09.848069');
INSERT INTO movie_projections (id, projection_date, projection_time, cinema_hall_id, movie_id, created_at, updated_at) VALUES ('f68bc62d-3066-4d5e-a7e3-75592d1e1431', '2026-02-24', '13:00:00', 'b413cf46-2d80-423c-8003-e171d72fa0c8', 'f712fe68-a154-4f95-8744-6dcdd5c0442b', '2026-01-15T04:50:09.848117', '2026-01-15T04:50:09.848117');
INSERT INTO movie_projections (id, projection_date, projection_time, cinema_hall_id, movie_id, created_at, updated_at) VALUES ('8629b92d-ae93-449b-b4c6-e03d5141476e', '2026-01-29', '16:00:00', 'b413cf46-2d80-423c-8003-e171d72fa0c8', 'f712fe68-a154-4f95-8744-6dcdd5c0442b', '2026-01-15T04:50:09.848162', '2026-01-15T04:50:09.848162');
INSERT INTO movie_projections (id, projection_date, projection_time, cinema_hall_id, movie_id, created_at, updated_at) VALUES ('8dfa463d-4d4d-4fc5-bca0-45e73464ce84', '2026-01-21', '16:00:00', 'ba547a79-3908-4660-a602-edd8403b7c5d', 'f712fe68-a154-4f95-8744-6dcdd5c0442b', '2026-01-15T04:50:09.848206', '2026-01-15T04:50:09.848206');
INSERT INTO movie_projections (id, projection_date, projection_time, cinema_hall_id, movie_id, created_at, updated_at) VALUES ('29ecac12-1869-4c3b-b74f-705d1871e5dc', '2026-02-11', '13:00:00', '81059085-f2ca-4b4e-95f3-be4728c2aa0a', 'f712fe68-a154-4f95-8744-6dcdd5c0442b', '2026-01-15T04:50:09.848248', '2026-01-15T04:50:09.848248');
INSERT INTO movie_projections (id, projection_date, projection_time, cinema_hall_id, movie_id, created_at, updated_at) VALUES ('e7794251-d743-4d6b-be18-c9c98364c006', '2026-01-16', '19:00:00', 'cab834d9-f539-47b1-a0df-a6ba84c95746', 'f712fe68-a154-4f95-8744-6dcdd5c0442b', '2026-01-15T04:50:09.848293', '2026-01-15T04:50:09.848293');
INSERT INTO movie_projections (id, projection_date, projection_time, cinema_hall_id, movie_id, created_at, updated_at) VALUES ('fdc094db-b1b5-4f04-b658-56ee6aa955d9', '2026-02-14', '16:00:00', '24dacc2b-ba4f-4db2-98f5-597c052c7565', 'f712fe68-a154-4f95-8744-6dcdd5c0442b', '2026-01-15T04:50:09.848345', '2026-01-15T04:50:09.848345');
INSERT INTO movie_projections (id, projection_date, projection_time, cinema_hall_id, movie_id, created_at, updated_at) VALUES ('0e94c834-3029-449e-90db-df533d4bfd0f', '2026-02-11', '16:00:00', 'f6779957-000c-48ec-8919-484a54941dac', 'f712fe68-a154-4f95-8744-6dcdd5c0442b', '2026-01-15T04:50:09.848392', '2026-01-15T04:50:09.848392');
INSERT INTO movie_projections (id, projection_date, projection_time, cinema_hall_id, movie_id, created_at, updated_at) VALUES ('9774abed-588d-4a76-b904-369730c3a7aa', '2026-02-05', '13:00:00', '877f2e71-c328-40ba-9e66-740145c3b9ea', 'f712fe68-a154-4f95-8744-6dcdd5c0442b', '2026-01-15T04:50:09.848437', '2026-01-15T04:50:09.848437');
INSERT INTO movie_projections (id, projection_date, projection_time, cinema_hall_id, movie_id, created_at, updated_at) VALUES ('8e210b67-d2fd-415a-8b25-f1ae43ef5019', '2026-02-18', '10:00:00', 'b413cf46-2d80-423c-8003-e171d72fa0c8', 'f712fe68-a154-4f95-8744-6dcdd5c0442b', '2026-01-15T04:50:09.848483', '2026-01-15T04:50:09.848483');
INSERT INTO movie_projections (id, projection_date, projection_time, cinema_hall_id, movie_id, created_at, updated_at) VALUES ('a0bbc9a4-97da-4969-9ae7-7500423dee17', '2026-02-11', '16:00:00', '17b0293c-e4f6-4bec-ab09-f8e6da53166e', 'f712fe68-a154-4f95-8744-6dcdd5c0442b', '2026-01-15T04:50:09.848527', '2026-01-15T04:50:09.848527');
INSERT INTO movie_projections (id, projection_date, projection_time, cinema_hall_id, movie_id, created_at, updated_at) VALUES ('25d09e49-9321-4026-a905-c9b02cc16044', '2026-02-24', '19:00:00', '877f2e71-c328-40ba-9e66-740145c3b9ea', 'f712fe68-a154-4f95-8744-6dcdd5c0442b', '2026-01-15T04:50:09.848574', '2026-01-15T04:50:09.848574');
INSERT INTO movie_projections (id, projection_date, projection_time, cinema_hall_id, movie_id, created_at, updated_at) VALUES ('c190b66f-430f-4bf4-87b0-3f742fc56e52', '2026-01-18', '16:00:00', 'b413cf46-2d80-423c-8003-e171d72fa0c8', 'f712fe68-a154-4f95-8744-6dcdd5c0442b', '2026-01-15T04:50:09.848612', '2026-01-15T04:50:09.848612');
INSERT INTO movie_projections (id, projection_date, projection_time, cinema_hall_id, movie_id, created_at, updated_at) VALUES ('ccf9fae7-e43e-4cb0-8009-659115e01c61', '2026-02-13', '13:00:00', '17b0293c-e4f6-4bec-ab09-f8e6da53166e', 'f712fe68-a154-4f95-8744-6dcdd5c0442b', '2026-01-15T04:50:09.848639', '2026-01-15T04:50:09.848639');
INSERT INTO movie_projections (id, projection_date, projection_time, cinema_hall_id, movie_id, created_at, updated_at) VALUES ('cefc7c3c-2541-4443-a100-9844c018e4ab', '2026-02-17', '10:00:00', 'f6779957-000c-48ec-8919-484a54941dac', 'f712fe68-a154-4f95-8744-6dcdd5c0442b', '2026-01-15T04:50:09.848663', '2026-01-15T04:50:09.848663');
INSERT INTO movie_projections (id, projection_date, projection_time, cinema_hall_id, movie_id, created_at, updated_at) VALUES ('798e8f0a-fcb3-40ef-995f-a9781a9070d5', '2026-02-20', '16:00:00', '0572e6f5-a08d-48c0-9dc0-ce2eef6f3df9', 'f712fe68-a154-4f95-8744-6dcdd5c0442b', '2026-01-15T04:50:09.848688', '2026-01-15T04:50:09.848688');
INSERT INTO movie_projections (id, projection_date, projection_time, cinema_hall_id, movie_id, created_at, updated_at) VALUES ('0507e0ee-1a31-4360-a577-0c539411f4f0', '2026-02-22', '13:00:00', '12e6090e-6add-4d2d-b65b-f586dca60bfa', 'f712fe68-a154-4f95-8744-6dcdd5c0442b', '2026-01-15T04:50:09.848713', '2026-01-15T04:50:09.848713');
INSERT INTO movie_projections (id, projection_date, projection_time, cinema_hall_id, movie_id, created_at, updated_at) VALUES ('b39133ac-27ce-4891-8d83-e6b27be9b3ec', '2026-01-17', '16:00:00', 'ba547a79-3908-4660-a602-edd8403b7c5d', 'f712fe68-a154-4f95-8744-6dcdd5c0442b', '2026-01-15T04:50:09.848745', '2026-01-15T04:50:09.848745');
INSERT INTO movie_projections (id, projection_date, projection_time, cinema_hall_id, movie_id, created_at, updated_at) VALUES ('fd503c85-3df3-4085-9883-cda7dd05adc7', '2026-02-02', '19:00:00', 'cab834d9-f539-47b1-a0df-a6ba84c95746', 'f712fe68-a154-4f95-8744-6dcdd5c0442b', '2026-01-15T04:50:09.848768', '2026-01-15T04:50:09.848768');
INSERT INTO movie_projections (id, projection_date, projection_time, cinema_hall_id, movie_id, created_at, updated_at) VALUES ('970999ee-f20b-499a-bf35-54f7f91abadd', '2026-02-23', '13:00:00', '223652cd-d2ab-4968-8a1e-349553055ce6', 'f712fe68-a154-4f95-8744-6dcdd5c0442b', '2026-01-15T04:50:09.848790', '2026-01-15T04:50:09.848790');
INSERT INTO movie_projections (id, projection_date, projection_time, cinema_hall_id, movie_id, created_at, updated_at) VALUES ('8f787b29-89ed-44ed-ac5d-a6d685d50745', '2026-01-17', '13:00:00', '12e6090e-6add-4d2d-b65b-f586dca60bfa', 'f712fe68-a154-4f95-8744-6dcdd5c0442b', '2026-01-15T04:50:09.848812', '2026-01-15T04:50:09.848812');
INSERT INTO movie_projections (id, projection_date, projection_time, cinema_hall_id, movie_id, created_at, updated_at) VALUES ('224634f5-6c15-4bdf-98f6-e76f40819ad1', '2026-02-13', '16:00:00', '0572e6f5-a08d-48c0-9dc0-ce2eef6f3df9', 'f712fe68-a154-4f95-8744-6dcdd5c0442b', '2026-01-15T04:50:09.848835', '2026-01-15T04:50:09.848835');
INSERT INTO movie_projections (id, projection_date, projection_time, cinema_hall_id, movie_id, created_at, updated_at) VALUES ('e29f11cd-eb10-4f8d-8be4-bb6db5aee87b', '2026-02-08', '16:00:00', '0572e6f5-a08d-48c0-9dc0-ce2eef6f3df9', 'f712fe68-a154-4f95-8744-6dcdd5c0442b', '2026-01-15T04:50:09.848857', '2026-01-15T04:50:09.848857');
INSERT INTO movie_projections (id, projection_date, projection_time, cinema_hall_id, movie_id, created_at, updated_at) VALUES ('1a36f2da-7e2f-4d57-9fb3-7280a23e95bc', '2026-03-26', '10:00:00', '24dacc2b-ba4f-4db2-98f5-597c052c7565', '4b0141c3-f2d6-482a-80e9-96d8951ce56e', '2026-01-15T04:50:09.848884', '2026-01-15T04:50:09.848884');
INSERT INTO movie_projections (id, projection_date, projection_time, cinema_hall_id, movie_id, created_at, updated_at) VALUES ('6da6620d-e6f2-4d38-a1c6-6b240eec66ec', '2026-03-27', '10:00:00', '12e6090e-6add-4d2d-b65b-f586dca60bfa', '4b0141c3-f2d6-482a-80e9-96d8951ce56e', '2026-01-15T04:50:09.848927', '2026-01-15T04:50:09.848927');
INSERT INTO movie_projections (id, projection_date, projection_time, cinema_hall_id, movie_id, created_at, updated_at) VALUES ('d4d19b45-1808-4b40-bc80-1ac289bc9b06', '2026-03-20', '16:00:00', 'cab834d9-f539-47b1-a0df-a6ba84c95746', '4b0141c3-f2d6-482a-80e9-96d8951ce56e', '2026-01-15T04:50:09.848954', '2026-01-15T04:50:09.848954');
INSERT INTO movie_projections (id, projection_date, projection_time, cinema_hall_id, movie_id, created_at, updated_at) VALUES ('a511ea0a-81d4-4c79-b42c-f44115bc8765', '2026-03-20', '10:00:00', '81059085-f2ca-4b4e-95f3-be4728c2aa0a', '4b0141c3-f2d6-482a-80e9-96d8951ce56e', '2026-01-15T04:50:09.848994', '2026-01-15T04:50:09.848994');
INSERT INTO movie_projections (id, projection_date, projection_time, cinema_hall_id, movie_id, created_at, updated_at) VALUES ('b191009c-9703-463f-ba6d-9348f002468f', '2026-02-27', '16:00:00', 'b413cf46-2d80-423c-8003-e171d72fa0c8', '4b0141c3-f2d6-482a-80e9-96d8951ce56e', '2026-01-15T04:50:09.849039', '2026-01-15T04:50:09.849039');
INSERT INTO movie_projections (id, projection_date, projection_time, cinema_hall_id, movie_id, created_at, updated_at) VALUES ('2389673a-8b41-492e-838b-31a7898a2209', '2026-04-14', '19:00:00', '12e6090e-6add-4d2d-b65b-f586dca60bfa', '4b0141c3-f2d6-482a-80e9-96d8951ce56e', '2026-01-15T04:50:09.849077', '2026-01-15T04:50:09.849077');
INSERT INTO movie_projections (id, projection_date, projection_time, cinema_hall_id, movie_id, created_at, updated_at) VALUES ('4cb43fab-b95d-46cf-917f-e0d7a8bacc35', '2026-03-17', '16:00:00', '877f2e71-c328-40ba-9e66-740145c3b9ea', '4b0141c3-f2d6-482a-80e9-96d8951ce56e', '2026-01-15T04:50:09.849114', '2026-01-15T04:50:09.849114');
INSERT INTO movie_projections (id, projection_date, projection_time, cinema_hall_id, movie_id, created_at, updated_at) VALUES ('b4d1f6a8-f2e4-4202-8d03-8ab47a5114ac', '2026-03-02', '19:00:00', 'cab834d9-f539-47b1-a0df-a6ba84c95746', '4b0141c3-f2d6-482a-80e9-96d8951ce56e', '2026-01-15T04:50:09.849152', '2026-01-15T04:50:09.849152');
INSERT INTO movie_projections (id, projection_date, projection_time, cinema_hall_id, movie_id, created_at, updated_at) VALUES ('29cd5316-a2b7-4ed2-a2ff-b377366f290c', '2026-03-14', '13:00:00', 'ba547a79-3908-4660-a602-edd8403b7c5d', '4b0141c3-f2d6-482a-80e9-96d8951ce56e', '2026-01-15T04:50:09.849188', '2026-01-15T04:50:09.849188');
INSERT INTO movie_projections (id, projection_date, projection_time, cinema_hall_id, movie_id, created_at, updated_at) VALUES ('5f12b5b6-7522-4222-8f1f-f4c8275dee65', '2026-03-14', '16:00:00', 'ba547a79-3908-4660-a602-edd8403b7c5d', '4b0141c3-f2d6-482a-80e9-96d8951ce56e', '2026-01-15T04:50:09.849226', '2026-01-15T04:50:09.849226');
INSERT INTO movie_projections (id, projection_date, projection_time, cinema_hall_id, movie_id, created_at, updated_at) VALUES ('a0aae2d5-310b-4467-b238-fb6bfe26b515', '2026-04-23', '10:00:00', '0572e6f5-a08d-48c0-9dc0-ce2eef6f3df9', '4b0141c3-f2d6-482a-80e9-96d8951ce56e', '2026-01-15T04:50:09.849278', '2026-01-15T04:50:09.849278');
INSERT INTO movie_projections (id, projection_date, projection_time, cinema_hall_id, movie_id, created_at, updated_at) VALUES ('db0f8fe2-fa63-4a0e-82fc-e86103144e4d', '2026-04-18', '19:00:00', '877f2e71-c328-40ba-9e66-740145c3b9ea', '4b0141c3-f2d6-482a-80e9-96d8951ce56e', '2026-01-15T04:50:09.849320', '2026-01-15T04:50:09.849320');
INSERT INTO movie_projections (id, projection_date, projection_time, cinema_hall_id, movie_id, created_at, updated_at) VALUES ('b15b8af2-1f2a-43ec-95d9-3a03491d65a8', '2026-03-13', '19:00:00', '12e6090e-6add-4d2d-b65b-f586dca60bfa', '4b0141c3-f2d6-482a-80e9-96d8951ce56e', '2026-01-15T04:50:09.849356', '2026-01-15T04:50:09.849356');
INSERT INTO movie_projections (id, projection_date, projection_time, cinema_hall_id, movie_id, created_at, updated_at) VALUES ('c04d7cfc-4e89-42b4-aca5-d78fd8e6fa2f', '2026-03-07', '13:00:00', 'f6779957-000c-48ec-8919-484a54941dac', '4b0141c3-f2d6-482a-80e9-96d8951ce56e', '2026-01-15T04:50:09.849393', '2026-01-15T04:50:09.849393');
INSERT INTO movie_projections (id, projection_date, projection_time, cinema_hall_id, movie_id, created_at, updated_at) VALUES ('e1d0a738-0ce9-4da2-8680-4c06f868e385', '2026-02-24', '16:00:00', 'f6779957-000c-48ec-8919-484a54941dac', '4b0141c3-f2d6-482a-80e9-96d8951ce56e', '2026-01-15T04:50:09.849433', '2026-01-15T04:50:09.849433');
INSERT INTO movie_projections (id, projection_date, projection_time, cinema_hall_id, movie_id, created_at, updated_at) VALUES ('e7af8af7-a683-4754-bca7-8d2a14d40e58', '2026-04-23', '10:00:00', '223652cd-d2ab-4968-8a1e-349553055ce6', '4b0141c3-f2d6-482a-80e9-96d8951ce56e', '2026-01-15T04:50:09.849491', '2026-01-15T04:50:09.849491');
INSERT INTO movie_projections (id, projection_date, projection_time, cinema_hall_id, movie_id, created_at, updated_at) VALUES ('17c29dcc-1839-4c2f-93af-350495aa2469', '2026-03-21', '19:00:00', 'f6779957-000c-48ec-8919-484a54941dac', '4b0141c3-f2d6-482a-80e9-96d8951ce56e', '2026-01-15T04:50:09.849530', '2026-01-15T04:50:09.849530');
INSERT INTO movie_projections (id, projection_date, projection_time, cinema_hall_id, movie_id, created_at, updated_at) VALUES ('f0247a15-90e4-4218-b8bb-7c19cc7c3040', '2026-03-27', '19:00:00', 'f6779957-000c-48ec-8919-484a54941dac', '4b0141c3-f2d6-482a-80e9-96d8951ce56e', '2026-01-15T04:50:09.849565', '2026-01-15T04:50:09.849565');
INSERT INTO movie_projections (id, projection_date, projection_time, cinema_hall_id, movie_id, created_at, updated_at) VALUES ('4aa4514c-9487-434f-8593-ef9b2cd41862', '2026-03-05', '10:00:00', '17b0293c-e4f6-4bec-ab09-f8e6da53166e', '4b0141c3-f2d6-482a-80e9-96d8951ce56e', '2026-01-15T04:50:09.849608', '2026-01-15T04:50:09.849608');
INSERT INTO movie_projections (id, projection_date, projection_time, cinema_hall_id, movie_id, created_at, updated_at) VALUES ('5da668e9-b3fe-4488-8747-98c1a0869c6a', '2026-03-10', '10:00:00', '877f2e71-c328-40ba-9e66-740145c3b9ea', '4b0141c3-f2d6-482a-80e9-96d8951ce56e', '2026-01-15T04:50:09.849653', '2026-01-15T04:50:09.849653');
INSERT INTO movie_projections (id, projection_date, projection_time, cinema_hall_id, movie_id, created_at, updated_at) VALUES ('c252f004-6cb6-402b-992a-3e28ea8cf5bc', '2026-03-26', '19:00:00', '877f2e71-c328-40ba-9e66-740145c3b9ea', '4b0141c3-f2d6-482a-80e9-96d8951ce56e', '2026-01-15T04:50:09.849696', '2026-01-15T04:50:09.849696');
INSERT INTO movie_projections (id, projection_date, projection_time, cinema_hall_id, movie_id, created_at, updated_at) VALUES ('944c09ea-45f6-4b48-861d-29027d04087d', '2026-04-07', '19:00:00', '24dacc2b-ba4f-4db2-98f5-597c052c7565', '4b0141c3-f2d6-482a-80e9-96d8951ce56e', '2026-01-15T04:50:09.849734', '2026-01-15T04:50:09.849734');
INSERT INTO movie_projections (id, projection_date, projection_time, cinema_hall_id, movie_id, created_at, updated_at) VALUES ('e740a910-e13a-41c8-b7f0-45c6c1d891ee', '2026-02-25', '19:00:00', 'ba547a79-3908-4660-a602-edd8403b7c5d', '4b0141c3-f2d6-482a-80e9-96d8951ce56e', '2026-01-15T04:50:09.849771', '2026-01-15T04:50:09.849771');
INSERT INTO movie_projections (id, projection_date, projection_time, cinema_hall_id, movie_id, created_at, updated_at) VALUES ('4e0147a6-680a-4560-b086-399be115fdcf', '2026-04-18', '19:00:00', '0572e6f5-a08d-48c0-9dc0-ce2eef6f3df9', '4b0141c3-f2d6-482a-80e9-96d8951ce56e', '2026-01-15T04:50:09.849809', '2026-01-15T04:50:09.849809');
INSERT INTO movie_projections (id, projection_date, projection_time, cinema_hall_id, movie_id, created_at, updated_at) VALUES ('fcfdbc1d-5ace-40ab-a3a9-68dba3e32ac4', '2026-04-16', '10:00:00', 'f6779957-000c-48ec-8919-484a54941dac', '4b0141c3-f2d6-482a-80e9-96d8951ce56e', '2026-01-15T04:50:09.849845', '2026-01-15T04:50:09.849845');
INSERT INTO movie_projections (id, projection_date, projection_time, cinema_hall_id, movie_id, created_at, updated_at) VALUES ('c95820c0-ed85-446c-8ccc-285e067bceaa', '2026-02-21', '10:00:00', 'b413cf46-2d80-423c-8003-e171d72fa0c8', '4b0141c3-f2d6-482a-80e9-96d8951ce56e', '2026-01-15T04:50:09.849886', '2026-01-15T04:50:09.849886');
INSERT INTO movie_projections (id, projection_date, projection_time, cinema_hall_id, movie_id, created_at, updated_at) VALUES ('d9faf7ac-4fc9-478f-bbbd-7eb8a366faaa', '2026-02-18', '10:00:00', '12e6090e-6add-4d2d-b65b-f586dca60bfa', '4b0141c3-f2d6-482a-80e9-96d8951ce56e', '2026-01-15T04:50:09.849927', '2026-01-15T04:50:09.849927');
INSERT INTO movie_projections (id, projection_date, projection_time, cinema_hall_id, movie_id, created_at, updated_at) VALUES ('d629cd8d-f593-490a-b2a6-bb94a13c8f55', '2026-02-18', '10:00:00', '81059085-f2ca-4b4e-95f3-be4728c2aa0a', '4b0141c3-f2d6-482a-80e9-96d8951ce56e', '2026-01-15T04:50:09.849967', '2026-01-15T04:50:09.849967');
INSERT INTO movie_projections (id, projection_date, projection_time, cinema_hall_id, movie_id, created_at, updated_at) VALUES ('43ee6c06-5da0-4684-abc5-896bdc1b422d', '2026-04-02', '13:00:00', '81059085-f2ca-4b4e-95f3-be4728c2aa0a', '4b0141c3-f2d6-482a-80e9-96d8951ce56e', '2026-01-15T04:50:09.850016', '2026-01-15T04:50:09.850016');
INSERT INTO movie_projections (id, projection_date, projection_time, cinema_hall_id, movie_id, created_at, updated_at) VALUES ('e113a010-9694-40d2-b280-fe469cb0bf6e', '2026-04-08', '19:00:00', '17b0293c-e4f6-4bec-ab09-f8e6da53166e', '4b0141c3-f2d6-482a-80e9-96d8951ce56e', '2026-01-15T04:50:09.850057', '2026-01-15T04:50:09.850057');
INSERT INTO movie_projections (id, projection_date, projection_time, cinema_hall_id, movie_id, created_at, updated_at) VALUES ('2f91bf37-e7d0-404a-b688-3ad27833420b', '2026-03-18', '13:00:00', '24dacc2b-ba4f-4db2-98f5-597c052c7565', '4b0141c3-f2d6-482a-80e9-96d8951ce56e', '2026-01-15T04:50:09.850095', '2026-01-15T04:50:09.850095');
INSERT INTO movie_projections (id, projection_date, projection_time, cinema_hall_id, movie_id, created_at, updated_at) VALUES ('f611ec83-c4f9-4a1d-9071-bf883de147ca', '2026-03-10', '19:00:00', 'ba547a79-3908-4660-a602-edd8403b7c5d', '4b0141c3-f2d6-482a-80e9-96d8951ce56e', '2026-01-15T04:50:09.850137', '2026-01-15T04:50:09.850137');
INSERT INTO movie_projections (id, projection_date, projection_time, cinema_hall_id, movie_id, created_at, updated_at) VALUES ('aa6ed89d-df39-4f67-b080-ae389a8f1482', '2026-02-26', '10:00:00', 'f6779957-000c-48ec-8919-484a54941dac', '4b0141c3-f2d6-482a-80e9-96d8951ce56e', '2026-01-15T04:50:09.850173', '2026-01-15T04:50:09.850173');
INSERT INTO movie_projections (id, projection_date, projection_time, cinema_hall_id, movie_id, created_at, updated_at) VALUES ('6eb57bae-2514-43c6-8c4b-3000f95aede7', '2026-04-24', '19:00:00', 'f6779957-000c-48ec-8919-484a54941dac', '4b0141c3-f2d6-482a-80e9-96d8951ce56e', '2026-01-15T04:50:09.850199', '2026-01-15T04:50:09.850199');
INSERT INTO movie_projections (id, projection_date, projection_time, cinema_hall_id, movie_id, created_at, updated_at) VALUES ('28b3c6a5-fd0c-4992-af61-b43e82d5ed49', '2026-04-24', '19:00:00', 'cab834d9-f539-47b1-a0df-a6ba84c95746', '4b0141c3-f2d6-482a-80e9-96d8951ce56e', '2026-01-15T04:50:09.850226', '2026-01-15T04:50:09.850226');
INSERT INTO movie_projections (id, projection_date, projection_time, cinema_hall_id, movie_id, created_at, updated_at) VALUES ('9eda9390-0f06-4a6e-86af-8b844f770304', '2026-02-24', '19:00:00', 'ba547a79-3908-4660-a602-edd8403b7c5d', '4b0141c3-f2d6-482a-80e9-96d8951ce56e', '2026-01-15T04:50:09.850251', '2026-01-15T04:50:09.850251');
INSERT INTO movie_projections (id, projection_date, projection_time, cinema_hall_id, movie_id, created_at, updated_at) VALUES ('a9b8a629-1142-4f95-95e8-ea14cc0a42b1', '2026-03-14', '10:00:00', '223652cd-d2ab-4968-8a1e-349553055ce6', '4b0141c3-f2d6-482a-80e9-96d8951ce56e', '2026-01-15T04:50:09.850280', '2026-01-15T04:50:09.850280');
INSERT INTO movie_projections (id, projection_date, projection_time, cinema_hall_id, movie_id, created_at, updated_at) VALUES ('38a51d08-de30-4350-a95b-474504089193', '2026-03-21', '16:00:00', '17b0293c-e4f6-4bec-ab09-f8e6da53166e', '4b0141c3-f2d6-482a-80e9-96d8951ce56e', '2026-01-15T04:50:09.850304', '2026-01-15T04:50:09.850304');
INSERT INTO movie_projections (id, projection_date, projection_time, cinema_hall_id, movie_id, created_at, updated_at) VALUES ('141046ed-3750-49cc-b95a-6d6442a35843', '2026-03-25', '16:00:00', '24dacc2b-ba4f-4db2-98f5-597c052c7565', '4b0141c3-f2d6-482a-80e9-96d8951ce56e', '2026-01-15T04:50:09.850346', '2026-01-15T04:50:09.850346');
INSERT INTO movie_projections (id, projection_date, projection_time, cinema_hall_id, movie_id, created_at, updated_at) VALUES ('e7f18e2f-85f6-4ba2-91e6-cb84128b5456', '2026-03-02', '16:00:00', '17b0293c-e4f6-4bec-ab09-f8e6da53166e', '4b0141c3-f2d6-482a-80e9-96d8951ce56e', '2026-01-15T04:50:09.850384', '2026-01-15T04:50:09.850384');
INSERT INTO movie_projections (id, projection_date, projection_time, cinema_hall_id, movie_id, created_at, updated_at) VALUES ('1155ee48-e801-434b-9b5a-7082fd55140c', '2026-05-12', '16:00:00', '0572e6f5-a08d-48c0-9dc0-ce2eef6f3df9', '3619546c-7fc2-4189-b664-deffad7150de', '2026-01-15T04:50:09.850425', '2026-01-15T04:50:09.850425');
INSERT INTO movie_projections (id, projection_date, projection_time, cinema_hall_id, movie_id, created_at, updated_at) VALUES ('0bc50432-bcc3-4adf-8666-b2d1a9a59a6c', '2026-03-14', '16:00:00', '81059085-f2ca-4b4e-95f3-be4728c2aa0a', '3619546c-7fc2-4189-b664-deffad7150de', '2026-01-15T04:50:09.850473', '2026-01-15T04:50:09.850473');
INSERT INTO movie_projections (id, projection_date, projection_time, cinema_hall_id, movie_id, created_at, updated_at) VALUES ('d0739b67-d56a-4b0c-84ee-8c1e8ba73e25', '2026-03-31', '10:00:00', 'ba547a79-3908-4660-a602-edd8403b7c5d', '3619546c-7fc2-4189-b664-deffad7150de', '2026-01-15T04:50:09.850515', '2026-01-15T04:50:09.850515');
INSERT INTO movie_projections (id, projection_date, projection_time, cinema_hall_id, movie_id, created_at, updated_at) VALUES ('c60ec37c-5201-42e6-beb3-56157ed07619', '2026-04-14', '13:00:00', 'f6779957-000c-48ec-8919-484a54941dac', '3619546c-7fc2-4189-b664-deffad7150de', '2026-01-15T04:50:09.850553', '2026-01-15T04:50:09.850553');
INSERT INTO movie_projections (id, projection_date, projection_time, cinema_hall_id, movie_id, created_at, updated_at) VALUES ('11148fbb-6d46-411e-b2cc-0024691b46bb', '2026-03-28', '16:00:00', '0572e6f5-a08d-48c0-9dc0-ce2eef6f3df9', '3619546c-7fc2-4189-b664-deffad7150de', '2026-01-15T04:50:09.850588', '2026-01-15T04:50:09.850588');
INSERT INTO movie_projections (id, projection_date, projection_time, cinema_hall_id, movie_id, created_at, updated_at) VALUES ('09425cb0-9ccb-41b6-8ac2-8b89be294582', '2026-03-17', '19:00:00', 'b413cf46-2d80-423c-8003-e171d72fa0c8', '3619546c-7fc2-4189-b664-deffad7150de', '2026-01-15T04:50:09.850625', '2026-01-15T04:50:09.850625');
INSERT INTO movie_projections (id, projection_date, projection_time, cinema_hall_id, movie_id, created_at, updated_at) VALUES ('be7a76d6-6cd9-47b7-8f29-9478158c017c', '2026-04-12', '13:00:00', '877f2e71-c328-40ba-9e66-740145c3b9ea', '3619546c-7fc2-4189-b664-deffad7150de', '2026-01-15T04:50:09.850671', '2026-01-15T04:50:09.850671');
INSERT INTO movie_projections (id, projection_date, projection_time, cinema_hall_id, movie_id, created_at, updated_at) VALUES ('bd06908f-0e01-4d81-8d91-c3fb926ef983', '2026-05-28', '13:00:00', '81059085-f2ca-4b4e-95f3-be4728c2aa0a', '3619546c-7fc2-4189-b664-deffad7150de', '2026-01-15T04:50:09.850711', '2026-01-15T04:50:09.850711');
INSERT INTO movie_projections (id, projection_date, projection_time, cinema_hall_id, movie_id, created_at, updated_at) VALUES ('fd80e5f6-868e-47c6-a7cc-0a2490c4f33a', '2026-04-18', '19:00:00', 'f6779957-000c-48ec-8919-484a54941dac', '3619546c-7fc2-4189-b664-deffad7150de', '2026-01-15T04:50:09.850749', '2026-01-15T04:50:09.850749');
INSERT INTO movie_projections (id, projection_date, projection_time, cinema_hall_id, movie_id, created_at, updated_at) VALUES ('f212bd74-7486-411b-a68f-bf8d48023eaf', '2026-04-20', '10:00:00', '0572e6f5-a08d-48c0-9dc0-ce2eef6f3df9', '3619546c-7fc2-4189-b664-deffad7150de', '2026-01-15T04:50:09.850787', '2026-01-15T04:50:09.850787');
INSERT INTO movie_projections (id, projection_date, projection_time, cinema_hall_id, movie_id, created_at, updated_at) VALUES ('fea97393-6977-4857-9407-d15c39423c06', '2026-03-27', '19:00:00', '12e6090e-6add-4d2d-b65b-f586dca60bfa', '3619546c-7fc2-4189-b664-deffad7150de', '2026-01-15T04:50:09.850830', '2026-01-15T04:50:09.850830');
INSERT INTO movie_projections (id, projection_date, projection_time, cinema_hall_id, movie_id, created_at, updated_at) VALUES ('e1b6986f-3bf1-4721-abae-3895b8daaea0', '2026-05-29', '13:00:00', 'cab834d9-f539-47b1-a0df-a6ba84c95746', '3619546c-7fc2-4189-b664-deffad7150de', '2026-01-15T04:50:09.850868', '2026-01-15T04:50:09.850868');
INSERT INTO movie_projections (id, projection_date, projection_time, cinema_hall_id, movie_id, created_at, updated_at) VALUES ('5edf5340-f561-42aa-be41-b2abb80dbbdc', '2026-03-12', '13:00:00', '223652cd-d2ab-4968-8a1e-349553055ce6', '3619546c-7fc2-4189-b664-deffad7150de', '2026-01-15T04:50:09.850910', '2026-01-15T04:50:09.850910');
INSERT INTO movie_projections (id, projection_date, projection_time, cinema_hall_id, movie_id, created_at, updated_at) VALUES ('783c2d45-b1ff-4340-916f-45f1886c8eae', '2026-04-12', '10:00:00', 'f6779957-000c-48ec-8919-484a54941dac', '3619546c-7fc2-4189-b664-deffad7150de', '2026-01-15T04:50:09.850947', '2026-01-15T04:50:09.850947');
INSERT INTO movie_projections (id, projection_date, projection_time, cinema_hall_id, movie_id, created_at, updated_at) VALUES ('76abed8a-d4ec-4433-94c9-77b6fba2ee8e', '2026-04-30', '13:00:00', '223652cd-d2ab-4968-8a1e-349553055ce6', '3619546c-7fc2-4189-b664-deffad7150de', '2026-01-15T04:50:09.850985', '2026-01-15T04:50:09.850985');
INSERT INTO movie_projections (id, projection_date, projection_time, cinema_hall_id, movie_id, created_at, updated_at) VALUES ('bf7bb343-8479-4ffc-9bfc-852d6ef80c67', '2026-04-28', '16:00:00', 'f6779957-000c-48ec-8919-484a54941dac', '3619546c-7fc2-4189-b664-deffad7150de', '2026-01-15T04:50:09.851079', '2026-01-15T04:50:09.851079');
INSERT INTO movie_projections (id, projection_date, projection_time, cinema_hall_id, movie_id, created_at, updated_at) VALUES ('03775b66-762f-44cb-b5cc-c130cd0e3ec3', '2026-04-07', '19:00:00', 'ba547a79-3908-4660-a602-edd8403b7c5d', '3619546c-7fc2-4189-b664-deffad7150de', '2026-01-15T04:50:09.851122', '2026-01-15T04:50:09.851122');
INSERT INTO movie_projections (id, projection_date, projection_time, cinema_hall_id, movie_id, created_at, updated_at) VALUES ('e0b21e6f-eedb-4b27-a828-0f9540e7ac17', '2026-04-07', '10:00:00', 'ba547a79-3908-4660-a602-edd8403b7c5d', '3619546c-7fc2-4189-b664-deffad7150de', '2026-01-15T04:50:09.851168', '2026-01-15T04:50:09.851168');
INSERT INTO movie_projections (id, projection_date, projection_time, cinema_hall_id, movie_id, created_at, updated_at) VALUES ('5e537d58-9643-43f7-817b-391c9ebe4a9f', '2026-03-01', '16:00:00', '0572e6f5-a08d-48c0-9dc0-ce2eef6f3df9', '3619546c-7fc2-4189-b664-deffad7150de', '2026-01-15T04:50:09.851209', '2026-01-15T04:50:09.851209');
INSERT INTO movie_projections (id, projection_date, projection_time, cinema_hall_id, movie_id, created_at, updated_at) VALUES ('0e33260e-2010-4923-8196-dea3e7084fe9', '2026-03-25', '10:00:00', '24dacc2b-ba4f-4db2-98f5-597c052c7565', '3619546c-7fc2-4189-b664-deffad7150de', '2026-01-15T04:50:09.851247', '2026-01-15T04:50:09.851247');
INSERT INTO movie_projections (id, projection_date, projection_time, cinema_hall_id, movie_id, created_at, updated_at) VALUES ('837a5916-1cfa-4ece-a4fd-487f0a6ab4ce', '2026-04-07', '10:00:00', 'ba547a79-3908-4660-a602-edd8403b7c5d', '3619546c-7fc2-4189-b664-deffad7150de', '2026-01-15T04:50:09.851285', '2026-01-15T04:50:09.851285');
INSERT INTO movie_projections (id, projection_date, projection_time, cinema_hall_id, movie_id, created_at, updated_at) VALUES ('fd6bcfcc-5673-4a29-876d-0df5cee79b38', '2026-05-24', '19:00:00', '223652cd-d2ab-4968-8a1e-349553055ce6', '3619546c-7fc2-4189-b664-deffad7150de', '2026-01-15T04:50:09.851327', '2026-01-15T04:50:09.851327');
INSERT INTO movie_projections (id, projection_date, projection_time, cinema_hall_id, movie_id, created_at, updated_at) VALUES ('de862c6b-c561-4207-84fc-6b9c30dd9945', '2026-03-02', '13:00:00', 'cab834d9-f539-47b1-a0df-a6ba84c95746', '3619546c-7fc2-4189-b664-deffad7150de', '2026-01-15T04:50:09.851363', '2026-01-15T04:50:09.851363');
INSERT INTO movie_projections (id, projection_date, projection_time, cinema_hall_id, movie_id, created_at, updated_at) VALUES ('f1786775-bd5e-4095-aaab-0f68f67f857c', '2026-03-26', '16:00:00', '0572e6f5-a08d-48c0-9dc0-ce2eef6f3df9', '3619546c-7fc2-4189-b664-deffad7150de', '2026-01-15T04:50:09.851400', '2026-01-15T04:50:09.851400');
INSERT INTO movie_projections (id, projection_date, projection_time, cinema_hall_id, movie_id, created_at, updated_at) VALUES ('b3011d91-3826-499f-805f-b7a98438cc5a', '2026-04-27', '13:00:00', '17b0293c-e4f6-4bec-ab09-f8e6da53166e', '3619546c-7fc2-4189-b664-deffad7150de', '2026-01-15T04:50:09.851437', '2026-01-15T04:50:09.851437');
INSERT INTO movie_projections (id, projection_date, projection_time, cinema_hall_id, movie_id, created_at, updated_at) VALUES ('2afb8096-b8aa-416e-aa73-fbc7eb88f599', '2026-03-23', '16:00:00', '81059085-f2ca-4b4e-95f3-be4728c2aa0a', '3619546c-7fc2-4189-b664-deffad7150de', '2026-01-15T04:50:09.851474', '2026-01-15T04:50:09.851474');
INSERT INTO movie_projections (id, projection_date, projection_time, cinema_hall_id, movie_id, created_at, updated_at) VALUES ('e0036fe3-f726-4d39-8fa4-4ca030774627', '2026-03-02', '16:00:00', '877f2e71-c328-40ba-9e66-740145c3b9ea', '3619546c-7fc2-4189-b664-deffad7150de', '2026-01-15T04:50:09.851514', '2026-01-15T04:50:09.851514');
INSERT INTO movie_projections (id, projection_date, projection_time, cinema_hall_id, movie_id, created_at, updated_at) VALUES ('7cc84101-6478-4ced-bc93-6403b81e9046', '2026-03-28', '16:00:00', '0572e6f5-a08d-48c0-9dc0-ce2eef6f3df9', '3619546c-7fc2-4189-b664-deffad7150de', '2026-01-15T04:50:09.851556', '2026-01-15T04:50:09.851556');
INSERT INTO movie_projections (id, projection_date, projection_time, cinema_hall_id, movie_id, created_at, updated_at) VALUES ('83a74109-bbc7-4e20-88e0-5e82a70eb3ac', '2026-04-16', '19:00:00', 'b413cf46-2d80-423c-8003-e171d72fa0c8', '3619546c-7fc2-4189-b664-deffad7150de', '2026-01-15T04:50:09.851593', '2026-01-15T04:50:09.851593');
INSERT INTO movie_projections (id, projection_date, projection_time, cinema_hall_id, movie_id, created_at, updated_at) VALUES ('9fd3bbfa-c811-4f59-8fc0-52da5f2e27ae', '2026-04-19', '13:00:00', 'b413cf46-2d80-423c-8003-e171d72fa0c8', '3619546c-7fc2-4189-b664-deffad7150de', '2026-01-15T04:50:09.851635', '2026-01-15T04:50:09.851635');
INSERT INTO movie_projections (id, projection_date, projection_time, cinema_hall_id, movie_id, created_at, updated_at) VALUES ('e136001c-5fde-4a4d-86fc-fe2f4f16f852', '2026-04-20', '16:00:00', '0572e6f5-a08d-48c0-9dc0-ce2eef6f3df9', '3619546c-7fc2-4189-b664-deffad7150de', '2026-01-15T04:50:09.851673', '2026-01-15T04:50:09.851673');
INSERT INTO movie_projections (id, projection_date, projection_time, cinema_hall_id, movie_id, created_at, updated_at) VALUES ('7a3227c2-f477-4fc4-8476-9de22be8415a', '2026-03-24', '10:00:00', 'cab834d9-f539-47b1-a0df-a6ba84c95746', '3619546c-7fc2-4189-b664-deffad7150de', '2026-01-15T04:50:09.851715', '2026-01-15T04:50:09.851715');
INSERT INTO movie_projections (id, projection_date, projection_time, cinema_hall_id, movie_id, created_at, updated_at) VALUES ('7d914897-4f29-4490-a45c-387ff7864da7', '2026-03-12', '10:00:00', '223652cd-d2ab-4968-8a1e-349553055ce6', '3619546c-7fc2-4189-b664-deffad7150de', '2026-01-15T04:50:09.851753', '2026-01-15T04:50:09.851753');
INSERT INTO movie_projections (id, projection_date, projection_time, cinema_hall_id, movie_id, created_at, updated_at) VALUES ('8d4cbe4e-19ae-4268-9f63-4d5f39476c2a', '2026-05-10', '13:00:00', '0572e6f5-a08d-48c0-9dc0-ce2eef6f3df9', '3619546c-7fc2-4189-b664-deffad7150de', '2026-01-15T04:50:09.851966', '2026-01-15T04:50:09.851966');
INSERT INTO movie_projections (id, projection_date, projection_time, cinema_hall_id, movie_id, created_at, updated_at) VALUES ('76b2b3c3-3463-4ed0-af58-3274d0dbae12', '2026-05-04', '19:00:00', '223652cd-d2ab-4968-8a1e-349553055ce6', '3619546c-7fc2-4189-b664-deffad7150de', '2026-01-15T04:50:09.852035', '2026-01-15T04:50:09.852035');
INSERT INTO movie_projections (id, projection_date, projection_time, cinema_hall_id, movie_id, created_at, updated_at) VALUES ('8165d990-e7ca-45aa-97b3-d5788f66a31a', '2026-05-08', '16:00:00', '0572e6f5-a08d-48c0-9dc0-ce2eef6f3df9', '3619546c-7fc2-4189-b664-deffad7150de', '2026-01-15T04:50:09.852090', '2026-01-15T04:50:09.852090');
INSERT INTO movie_projections (id, projection_date, projection_time, cinema_hall_id, movie_id, created_at, updated_at) VALUES ('8e892099-bb54-4f11-a6b5-bbb9592ffa94', '2026-03-28', '19:00:00', '24dacc2b-ba4f-4db2-98f5-597c052c7565', '3619546c-7fc2-4189-b664-deffad7150de', '2026-01-15T04:50:09.852146', '2026-01-15T04:50:09.852146');
INSERT INTO movie_projections (id, projection_date, projection_time, cinema_hall_id, movie_id, created_at, updated_at) VALUES ('9d2dfb61-b0d4-4e9e-9a97-a1a7136e289d', '2026-05-07', '10:00:00', '0572e6f5-a08d-48c0-9dc0-ce2eef6f3df9', '3619546c-7fc2-4189-b664-deffad7150de', '2026-01-15T04:50:09.852195', '2026-01-15T04:50:09.852195');
INSERT INTO movie_projections (id, projection_date, projection_time, cinema_hall_id, movie_id, created_at, updated_at) VALUES ('2d92ba46-d69c-4b01-a504-041ee5315b49', '2026-05-14', '13:00:00', 'cab834d9-f539-47b1-a0df-a6ba84c95746', '3619546c-7fc2-4189-b664-deffad7150de', '2026-01-15T04:50:09.852253', '2026-01-15T04:50:09.852253');
INSERT INTO movie_projections (id, projection_date, projection_time, cinema_hall_id, movie_id, created_at, updated_at) VALUES ('6e6ec38d-b620-45c7-b2eb-5e30f05f3347', '2026-04-07', '13:00:00', '17b0293c-e4f6-4bec-ab09-f8e6da53166e', '3619546c-7fc2-4189-b664-deffad7150de', '2026-01-15T04:50:09.852305', '2026-01-15T04:50:09.852305');
INSERT INTO movie_projections (id, projection_date, projection_time, cinema_hall_id, movie_id, created_at, updated_at) VALUES ('eb312fa9-3f8b-4f14-bd7c-49e5d8c5c09e', '2026-04-06', '13:00:00', 'cab834d9-f539-47b1-a0df-a6ba84c95746', 'e61032a9-e577-46e8-b1fa-d827f355ab81', '2026-01-15T04:50:09.852353', '2026-01-15T04:50:09.852353');
INSERT INTO movie_projections (id, projection_date, projection_time, cinema_hall_id, movie_id, created_at, updated_at) VALUES ('ad86c3bd-7ef6-415c-b2b9-f6242d1bcd9d', '2026-03-26', '10:00:00', 'ba547a79-3908-4660-a602-edd8403b7c5d', 'e61032a9-e577-46e8-b1fa-d827f355ab81', '2026-01-15T04:50:09.852397', '2026-01-15T04:50:09.852397');
INSERT INTO movie_projections (id, projection_date, projection_time, cinema_hall_id, movie_id, created_at, updated_at) VALUES ('24916413-24a4-4f39-bb8b-81b376c3b7a4', '2026-07-03', '13:00:00', '17b0293c-e4f6-4bec-ab09-f8e6da53166e', 'e61032a9-e577-46e8-b1fa-d827f355ab81', '2026-01-15T04:50:09.852443', '2026-01-15T04:50:09.852443');
INSERT INTO movie_projections (id, projection_date, projection_time, cinema_hall_id, movie_id, created_at, updated_at) VALUES ('2f0a624f-2993-4154-97d9-769773b4e78e', '2026-06-11', '10:00:00', '24dacc2b-ba4f-4db2-98f5-597c052c7565', 'e61032a9-e577-46e8-b1fa-d827f355ab81', '2026-01-15T04:50:09.852496', '2026-01-15T04:50:09.852496');
INSERT INTO movie_projections (id, projection_date, projection_time, cinema_hall_id, movie_id, created_at, updated_at) VALUES ('2abb65cf-0158-4d28-b615-30b74fad4a86', '2026-03-29', '19:00:00', 'b413cf46-2d80-423c-8003-e171d72fa0c8', 'e61032a9-e577-46e8-b1fa-d827f355ab81', '2026-01-15T04:50:09.852552', '2026-01-15T04:50:09.852552');
INSERT INTO movie_projections (id, projection_date, projection_time, cinema_hall_id, movie_id, created_at, updated_at) VALUES ('a274ef3c-9ac0-4da8-abad-5fa05956f637', '2026-04-21', '19:00:00', 'cab834d9-f539-47b1-a0df-a6ba84c95746', 'e61032a9-e577-46e8-b1fa-d827f355ab81', '2026-01-15T04:50:09.852592', '2026-01-15T04:50:09.852592');
INSERT INTO movie_projections (id, projection_date, projection_time, cinema_hall_id, movie_id, created_at, updated_at) VALUES ('1c8388c6-a809-4310-ba47-2b00ced5fb62', '2026-06-25', '13:00:00', '17b0293c-e4f6-4bec-ab09-f8e6da53166e', 'e61032a9-e577-46e8-b1fa-d827f355ab81', '2026-01-15T04:50:09.852634', '2026-01-15T04:50:09.852634');
INSERT INTO movie_projections (id, projection_date, projection_time, cinema_hall_id, movie_id, created_at, updated_at) VALUES ('89606b51-7c5d-41ba-9f98-e90644ffa67a', '2026-05-13', '10:00:00', '17b0293c-e4f6-4bec-ab09-f8e6da53166e', 'e61032a9-e577-46e8-b1fa-d827f355ab81', '2026-01-15T04:50:09.852674', '2026-01-15T04:50:09.852674');
INSERT INTO movie_projections (id, projection_date, projection_time, cinema_hall_id, movie_id, created_at, updated_at) VALUES ('502de626-92c3-4f50-8e9b-cfab558e509c', '2026-05-23', '10:00:00', '17b0293c-e4f6-4bec-ab09-f8e6da53166e', 'e61032a9-e577-46e8-b1fa-d827f355ab81', '2026-01-15T04:50:09.852724', '2026-01-15T04:50:09.852724');
INSERT INTO movie_projections (id, projection_date, projection_time, cinema_hall_id, movie_id, created_at, updated_at) VALUES ('92b744a8-6c12-4087-a11b-9b9009fa9a1f', '2026-06-26', '10:00:00', '223652cd-d2ab-4968-8a1e-349553055ce6', 'e61032a9-e577-46e8-b1fa-d827f355ab81', '2026-01-15T04:50:09.852766', '2026-01-15T04:50:09.852766');
INSERT INTO movie_projections (id, projection_date, projection_time, cinema_hall_id, movie_id, created_at, updated_at) VALUES ('fdaec412-4090-4a29-a769-2c691f3ee2ad', '2026-06-12', '10:00:00', '0572e6f5-a08d-48c0-9dc0-ce2eef6f3df9', 'e61032a9-e577-46e8-b1fa-d827f355ab81', '2026-01-15T04:50:09.852806', '2026-01-15T04:50:09.852806');
INSERT INTO movie_projections (id, projection_date, projection_time, cinema_hall_id, movie_id, created_at, updated_at) VALUES ('b249a209-16d5-43ff-882e-b4bb33bfbab6', '2026-03-28', '10:00:00', '877f2e71-c328-40ba-9e66-740145c3b9ea', 'e61032a9-e577-46e8-b1fa-d827f355ab81', '2026-01-15T04:50:09.852853', '2026-01-15T04:50:09.852853');
INSERT INTO movie_projections (id, projection_date, projection_time, cinema_hall_id, movie_id, created_at, updated_at) VALUES ('c47e4224-311f-41a8-a646-027874cb80c1', '2026-05-08', '16:00:00', '223652cd-d2ab-4968-8a1e-349553055ce6', 'e61032a9-e577-46e8-b1fa-d827f355ab81', '2026-01-15T04:50:09.852917', '2026-01-15T04:50:09.852917');
INSERT INTO movie_projections (id, projection_date, projection_time, cinema_hall_id, movie_id, created_at, updated_at) VALUES ('46b8d165-6a1d-4eba-b5bb-72325ada4e07', '2026-06-02', '16:00:00', 'b413cf46-2d80-423c-8003-e171d72fa0c8', 'e61032a9-e577-46e8-b1fa-d827f355ab81', '2026-01-15T04:50:09.852986', '2026-01-15T04:50:09.852986');
INSERT INTO movie_projections (id, projection_date, projection_time, cinema_hall_id, movie_id, created_at, updated_at) VALUES ('b10a1be8-749f-4410-9f5b-54df918ef5d6', '2026-04-01', '16:00:00', 'cab834d9-f539-47b1-a0df-a6ba84c95746', 'e61032a9-e577-46e8-b1fa-d827f355ab81', '2026-01-15T04:50:09.853051', '2026-01-15T04:50:09.853051');
INSERT INTO movie_projections (id, projection_date, projection_time, cinema_hall_id, movie_id, created_at, updated_at) VALUES ('c6e2c6f4-056b-4f46-b38f-fb7a4e882fcf', '2026-04-18', '19:00:00', 'f6779957-000c-48ec-8919-484a54941dac', 'e61032a9-e577-46e8-b1fa-d827f355ab81', '2026-01-15T04:50:09.853116', '2026-01-15T04:50:09.853116');
INSERT INTO movie_projections (id, projection_date, projection_time, cinema_hall_id, movie_id, created_at, updated_at) VALUES ('90d6f776-2761-4814-8054-fcd56e74ea39', '2026-05-04', '13:00:00', 'f6779957-000c-48ec-8919-484a54941dac', 'e61032a9-e577-46e8-b1fa-d827f355ab81', '2026-01-15T04:50:09.853179', '2026-01-15T04:50:09.853179');
INSERT INTO movie_projections (id, projection_date, projection_time, cinema_hall_id, movie_id, created_at, updated_at) VALUES ('16d79eed-e2fc-4f86-897f-df59b74b9d6e', '2026-06-18', '10:00:00', '0572e6f5-a08d-48c0-9dc0-ce2eef6f3df9', 'e61032a9-e577-46e8-b1fa-d827f355ab81', '2026-01-15T04:50:09.853239', '2026-01-15T04:50:09.853239');
INSERT INTO movie_projections (id, projection_date, projection_time, cinema_hall_id, movie_id, created_at, updated_at) VALUES ('47f6bd70-3012-4ab5-93dc-b16385cdeeaa', '2026-05-19', '16:00:00', '81059085-f2ca-4b4e-95f3-be4728c2aa0a', 'e61032a9-e577-46e8-b1fa-d827f355ab81', '2026-01-15T04:50:09.853284', '2026-01-15T04:50:09.853284');
INSERT INTO movie_projections (id, projection_date, projection_time, cinema_hall_id, movie_id, created_at, updated_at) VALUES ('75140b9c-68c0-4617-87e2-4fdd41e6509f', '2026-06-10', '16:00:00', '12e6090e-6add-4d2d-b65b-f586dca60bfa', 'e61032a9-e577-46e8-b1fa-d827f355ab81', '2026-01-15T04:50:09.853341', '2026-01-15T04:50:09.853341');
INSERT INTO movie_projections (id, projection_date, projection_time, cinema_hall_id, movie_id, created_at, updated_at) VALUES ('6808e4ce-9abf-48f2-9f3c-a62d93c709d3', '2026-04-01', '19:00:00', '24dacc2b-ba4f-4db2-98f5-597c052c7565', 'e61032a9-e577-46e8-b1fa-d827f355ab81', '2026-01-15T04:50:09.853386', '2026-01-15T04:50:09.853386');
INSERT INTO movie_projections (id, projection_date, projection_time, cinema_hall_id, movie_id, created_at, updated_at) VALUES ('ad14dff1-5a8c-43de-9ecd-632fb0f8f9d5', '2026-04-12', '19:00:00', '12e6090e-6add-4d2d-b65b-f586dca60bfa', 'e61032a9-e577-46e8-b1fa-d827f355ab81', '2026-01-15T04:50:09.853430', '2026-01-15T04:50:09.853430');
INSERT INTO movie_projections (id, projection_date, projection_time, cinema_hall_id, movie_id, created_at, updated_at) VALUES ('440ac883-899b-4eb0-bca0-b0bc648f98fa', '2026-06-15', '16:00:00', 'ba547a79-3908-4660-a602-edd8403b7c5d', 'e61032a9-e577-46e8-b1fa-d827f355ab81', '2026-01-15T04:50:09.853473', '2026-01-15T04:50:09.853473');
INSERT INTO movie_projections (id, projection_date, projection_time, cinema_hall_id, movie_id, created_at, updated_at) VALUES ('182fcc80-a0bf-4841-b27e-d383a1ad22e3', '2026-07-01', '10:00:00', '223652cd-d2ab-4968-8a1e-349553055ce6', 'e61032a9-e577-46e8-b1fa-d827f355ab81', '2026-01-15T04:50:09.853517', '2026-01-15T04:50:09.853517');
INSERT INTO movie_projections (id, projection_date, projection_time, cinema_hall_id, movie_id, created_at, updated_at) VALUES ('28ddf111-7432-458f-b998-22c5e6b1597b', '2026-06-26', '16:00:00', '17b0293c-e4f6-4bec-ab09-f8e6da53166e', 'e61032a9-e577-46e8-b1fa-d827f355ab81', '2026-01-15T04:50:09.853565', '2026-01-15T04:50:09.853565');
INSERT INTO movie_projections (id, projection_date, projection_time, cinema_hall_id, movie_id, created_at, updated_at) VALUES ('d28d1e11-9fb2-426b-9e4e-f3b362749f96', '2026-06-11', '16:00:00', '17b0293c-e4f6-4bec-ab09-f8e6da53166e', 'e61032a9-e577-46e8-b1fa-d827f355ab81', '2026-01-15T04:50:09.853611', '2026-01-15T04:50:09.853611');
INSERT INTO movie_projections (id, projection_date, projection_time, cinema_hall_id, movie_id, created_at, updated_at) VALUES ('3bfcdaa1-a3b7-410f-b026-7bba5c51b706', '2026-05-28', '13:00:00', 'ba547a79-3908-4660-a602-edd8403b7c5d', 'e61032a9-e577-46e8-b1fa-d827f355ab81', '2026-01-15T04:50:09.853662', '2026-01-15T04:50:09.853662');
INSERT INTO movie_projections (id, projection_date, projection_time, cinema_hall_id, movie_id, created_at, updated_at) VALUES ('cc77acc5-e049-4c8a-9c07-6418fd1ab390', '2026-06-12', '19:00:00', '17b0293c-e4f6-4bec-ab09-f8e6da53166e', 'e61032a9-e577-46e8-b1fa-d827f355ab81', '2026-01-15T04:50:09.853713', '2026-01-15T04:50:09.853713');
INSERT INTO movie_projections (id, projection_date, projection_time, cinema_hall_id, movie_id, created_at, updated_at) VALUES ('19323285-a15b-48d0-a5bb-1e350acf16cc', '2026-06-17', '16:00:00', '877f2e71-c328-40ba-9e66-740145c3b9ea', 'e61032a9-e577-46e8-b1fa-d827f355ab81', '2026-01-15T04:50:09.853769', '2026-01-15T04:50:09.853769');
INSERT INTO movie_projections (id, projection_date, projection_time, cinema_hall_id, movie_id, created_at, updated_at) VALUES ('6d13155b-c003-4584-bff0-a338cd0be776', '2026-05-24', '16:00:00', '81059085-f2ca-4b4e-95f3-be4728c2aa0a', 'e61032a9-e577-46e8-b1fa-d827f355ab81', '2026-01-15T04:50:09.853838', '2026-01-15T04:50:09.853838');
INSERT INTO movie_projections (id, projection_date, projection_time, cinema_hall_id, movie_id, created_at, updated_at) VALUES ('75b98af9-4ea1-4f6f-8efc-d1b45f38713c', '2026-05-25', '10:00:00', '0572e6f5-a08d-48c0-9dc0-ce2eef6f3df9', 'e61032a9-e577-46e8-b1fa-d827f355ab81', '2026-01-15T04:50:09.853905', '2026-01-15T04:50:09.853905');
INSERT INTO movie_projections (id, projection_date, projection_time, cinema_hall_id, movie_id, created_at, updated_at) VALUES ('96f34d6e-7ff5-49f4-9d8f-85cc3365a35a', '2026-06-05', '10:00:00', '81059085-f2ca-4b4e-95f3-be4728c2aa0a', 'e61032a9-e577-46e8-b1fa-d827f355ab81', '2026-01-15T04:50:09.853972', '2026-01-15T04:50:09.853972');
INSERT INTO movie_projections (id, projection_date, projection_time, cinema_hall_id, movie_id, created_at, updated_at) VALUES ('b8116f03-320e-448b-a8b9-bc086f194b1e', '2026-05-29', '10:00:00', '81059085-f2ca-4b4e-95f3-be4728c2aa0a', 'e61032a9-e577-46e8-b1fa-d827f355ab81', '2026-01-15T04:50:09.854036', '2026-01-15T04:50:09.854036');
INSERT INTO movie_projections (id, projection_date, projection_time, cinema_hall_id, movie_id, created_at, updated_at) VALUES ('5cb5352f-68d6-46c1-9926-de10f234df1c', '2026-06-13', '13:00:00', '17b0293c-e4f6-4bec-ab09-f8e6da53166e', 'e61032a9-e577-46e8-b1fa-d827f355ab81', '2026-01-15T04:50:09.854089', '2026-01-15T04:50:09.854089');
INSERT INTO movie_projections (id, projection_date, projection_time, cinema_hall_id, movie_id, created_at, updated_at) VALUES ('82ea5973-0558-4a51-b061-4acdcdec88e8', '2026-05-10', '10:00:00', '0572e6f5-a08d-48c0-9dc0-ce2eef6f3df9', 'e61032a9-e577-46e8-b1fa-d827f355ab81', '2026-01-15T04:50:09.854157', '2026-01-15T04:50:09.854157');
INSERT INTO movie_projections (id, projection_date, projection_time, cinema_hall_id, movie_id, created_at, updated_at) VALUES ('479a976c-7dfc-46ec-859d-b5ebe80b6c4a', '2026-05-29', '13:00:00', 'b413cf46-2d80-423c-8003-e171d72fa0c8', 'e61032a9-e577-46e8-b1fa-d827f355ab81', '2026-01-15T04:50:09.854228', '2026-01-15T04:50:09.854228');
INSERT INTO movie_projections (id, projection_date, projection_time, cinema_hall_id, movie_id, created_at, updated_at) VALUES ('37e37b09-4e82-48b6-9171-50c6591dfb3b', '2026-05-20', '10:00:00', '17b0293c-e4f6-4bec-ab09-f8e6da53166e', 'e61032a9-e577-46e8-b1fa-d827f355ab81', '2026-01-15T04:50:09.854289', '2026-01-15T04:50:09.854289');
INSERT INTO movie_projections (id, projection_date, projection_time, cinema_hall_id, movie_id, created_at, updated_at) VALUES ('2f3dc090-ee59-4bc6-8772-4ef0452db9aa', '2026-07-12', '10:00:00', 'ba547a79-3908-4660-a602-edd8403b7c5d', 'e61032a9-e577-46e8-b1fa-d827f355ab81', '2026-01-15T04:50:09.854344', '2026-01-15T04:50:09.854344');
INSERT INTO movie_projections (id, projection_date, projection_time, cinema_hall_id, movie_id, created_at, updated_at) VALUES ('e6bd8bb6-79c2-4861-96d0-96bf4db7764d', '2026-04-25', '16:00:00', '12e6090e-6add-4d2d-b65b-f586dca60bfa', 'e61032a9-e577-46e8-b1fa-d827f355ab81', '2026-01-15T04:50:09.854376', '2026-01-15T04:50:09.854376');
INSERT INTO movie_projections (id, projection_date, projection_time, cinema_hall_id, movie_id, created_at, updated_at) VALUES ('0a6afe28-f8b3-4fd0-b889-bc8e58c23c9f', '2026-05-27', '19:00:00', '17b0293c-e4f6-4bec-ab09-f8e6da53166e', 'e61032a9-e577-46e8-b1fa-d827f355ab81', '2026-01-15T04:50:09.854401', '2026-01-15T04:50:09.854401');
INSERT INTO movie_projections (id, projection_date, projection_time, cinema_hall_id, movie_id, created_at, updated_at) VALUES ('c454d079-124f-4ac8-9d98-f158d1059a38', '2026-04-06', '16:00:00', 'b413cf46-2d80-423c-8003-e171d72fa0c8', 'ea91eaf2-4fd9-4c66-b764-75959663e7d7', '2026-01-15T04:50:09.854437', '2026-01-15T04:50:09.854437');
INSERT INTO movie_projections (id, projection_date, projection_time, cinema_hall_id, movie_id, created_at, updated_at) VALUES ('d8647d29-838a-4358-a137-e8774bda55e9', '2026-03-12', '16:00:00', 'ba547a79-3908-4660-a602-edd8403b7c5d', 'ea91eaf2-4fd9-4c66-b764-75959663e7d7', '2026-01-15T04:50:09.854461', '2026-01-15T04:50:09.854461');
INSERT INTO movie_projections (id, projection_date, projection_time, cinema_hall_id, movie_id, created_at, updated_at) VALUES ('95dc0727-2d6d-43ff-acec-9a25e39dd190', '2026-04-29', '19:00:00', '12e6090e-6add-4d2d-b65b-f586dca60bfa', 'ea91eaf2-4fd9-4c66-b764-75959663e7d7', '2026-01-15T04:50:09.854484', '2026-01-15T04:50:09.854484');
INSERT INTO movie_projections (id, projection_date, projection_time, cinema_hall_id, movie_id, created_at, updated_at) VALUES ('076d643b-530e-455f-8650-c5b1df181bd5', '2026-04-08', '19:00:00', '17b0293c-e4f6-4bec-ab09-f8e6da53166e', 'ea91eaf2-4fd9-4c66-b764-75959663e7d7', '2026-01-15T04:50:09.854510', '2026-01-15T04:50:09.854510');
INSERT INTO movie_projections (id, projection_date, projection_time, cinema_hall_id, movie_id, created_at, updated_at) VALUES ('9c53044c-1d58-4bde-8ba2-ea363e171e79', '2026-04-06', '19:00:00', '17b0293c-e4f6-4bec-ab09-f8e6da53166e', 'ea91eaf2-4fd9-4c66-b764-75959663e7d7', '2026-01-15T04:50:09.854532', '2026-01-15T04:50:09.854532');
INSERT INTO movie_projections (id, projection_date, projection_time, cinema_hall_id, movie_id, created_at, updated_at) VALUES ('deb4e0b5-8d3f-4be4-84fa-a3bd5116a1dd', '2026-04-13', '19:00:00', 'cab834d9-f539-47b1-a0df-a6ba84c95746', 'ea91eaf2-4fd9-4c66-b764-75959663e7d7', '2026-01-15T04:50:09.854556', '2026-01-15T04:50:09.854556');
INSERT INTO movie_projections (id, projection_date, projection_time, cinema_hall_id, movie_id, created_at, updated_at) VALUES ('e8d228bf-aa8c-4ff8-8fca-459cd4c2aa84', '2026-04-02', '19:00:00', 'f6779957-000c-48ec-8919-484a54941dac', 'ea91eaf2-4fd9-4c66-b764-75959663e7d7', '2026-01-15T04:50:09.854579', '2026-01-15T04:50:09.854579');
INSERT INTO movie_projections (id, projection_date, projection_time, cinema_hall_id, movie_id, created_at, updated_at) VALUES ('1c0c7828-414c-467e-b509-4bdfb1a118c9', '2026-03-28', '13:00:00', '0572e6f5-a08d-48c0-9dc0-ce2eef6f3df9', 'ea91eaf2-4fd9-4c66-b764-75959663e7d7', '2026-01-15T04:50:09.854602', '2026-01-15T04:50:09.854602');
INSERT INTO movie_projections (id, projection_date, projection_time, cinema_hall_id, movie_id, created_at, updated_at) VALUES ('8714e572-d1f7-4cd7-9974-67bb97f35578', '2026-03-01', '16:00:00', 'f6779957-000c-48ec-8919-484a54941dac', 'ea91eaf2-4fd9-4c66-b764-75959663e7d7', '2026-01-15T04:50:09.854624', '2026-01-15T04:50:09.854624');
INSERT INTO movie_projections (id, projection_date, projection_time, cinema_hall_id, movie_id, created_at, updated_at) VALUES ('2dab78e5-0976-46b5-a591-69169578c5cd', '2026-04-30', '10:00:00', '877f2e71-c328-40ba-9e66-740145c3b9ea', 'ea91eaf2-4fd9-4c66-b764-75959663e7d7', '2026-01-15T04:50:09.854647', '2026-01-15T04:50:09.854647');
INSERT INTO movie_projections (id, projection_date, projection_time, cinema_hall_id, movie_id, created_at, updated_at) VALUES ('723136bd-1a25-4ed1-b091-e1d72aea1174', '2026-03-20', '16:00:00', 'cab834d9-f539-47b1-a0df-a6ba84c95746', 'ea91eaf2-4fd9-4c66-b764-75959663e7d7', '2026-01-15T04:50:09.854674', '2026-01-15T04:50:09.854674');
INSERT INTO movie_projections (id, projection_date, projection_time, cinema_hall_id, movie_id, created_at, updated_at) VALUES ('8a58c32c-86fd-45c4-a8d1-5983b116a2a6', '2026-03-26', '13:00:00', '877f2e71-c328-40ba-9e66-740145c3b9ea', 'ea91eaf2-4fd9-4c66-b764-75959663e7d7', '2026-01-15T04:50:09.854701', '2026-01-15T04:50:09.854701');
INSERT INTO movie_projections (id, projection_date, projection_time, cinema_hall_id, movie_id, created_at, updated_at) VALUES ('fe011bdc-1dc5-4a18-9bc4-8896d3553ea0', '2026-03-20', '16:00:00', '24dacc2b-ba4f-4db2-98f5-597c052c7565', 'ea91eaf2-4fd9-4c66-b764-75959663e7d7', '2026-01-15T04:50:09.854734', '2026-01-15T04:50:09.854734');
INSERT INTO movie_projections (id, projection_date, projection_time, cinema_hall_id, movie_id, created_at, updated_at) VALUES ('8644902b-871b-4a5f-a01e-e999e15b5044', '2026-04-18', '10:00:00', '24dacc2b-ba4f-4db2-98f5-597c052c7565', 'ea91eaf2-4fd9-4c66-b764-75959663e7d7', '2026-01-15T04:50:09.854767', '2026-01-15T04:50:09.854767');
INSERT INTO movie_projections (id, projection_date, projection_time, cinema_hall_id, movie_id, created_at, updated_at) VALUES ('333e8aaf-2dfd-48b7-a406-858eea73da59', '2026-04-14', '13:00:00', 'f6779957-000c-48ec-8919-484a54941dac', 'ea91eaf2-4fd9-4c66-b764-75959663e7d7', '2026-01-15T04:50:09.854798', '2026-01-15T04:50:09.854798');
INSERT INTO movie_projections (id, projection_date, projection_time, cinema_hall_id, movie_id, created_at, updated_at) VALUES ('bcc48b55-c260-47ad-a087-969b6886f804', '2026-04-21', '13:00:00', 'cab834d9-f539-47b1-a0df-a6ba84c95746', 'ea91eaf2-4fd9-4c66-b764-75959663e7d7', '2026-01-15T04:50:09.854831', '2026-01-15T04:50:09.854831');
INSERT INTO movie_projections (id, projection_date, projection_time, cinema_hall_id, movie_id, created_at, updated_at) VALUES ('58833be4-570a-4122-a56c-3c59446815b7', '2026-03-09', '10:00:00', '877f2e71-c328-40ba-9e66-740145c3b9ea', 'ea91eaf2-4fd9-4c66-b764-75959663e7d7', '2026-01-15T04:50:09.854856', '2026-01-15T04:50:09.854856');
INSERT INTO movie_projections (id, projection_date, projection_time, cinema_hall_id, movie_id, created_at, updated_at) VALUES ('21da2d83-de96-428d-b9fe-795c5632f18b', '2026-04-30', '19:00:00', '0572e6f5-a08d-48c0-9dc0-ce2eef6f3df9', 'ea91eaf2-4fd9-4c66-b764-75959663e7d7', '2026-01-15T04:50:09.854881', '2026-01-15T04:50:09.854881');
INSERT INTO movie_projections (id, projection_date, projection_time, cinema_hall_id, movie_id, created_at, updated_at) VALUES ('b28cbdc9-f19a-42f8-9da0-c9c3c202445d', '2026-04-18', '19:00:00', 'b413cf46-2d80-423c-8003-e171d72fa0c8', 'ea91eaf2-4fd9-4c66-b764-75959663e7d7', '2026-01-15T04:50:09.854906', '2026-01-15T04:50:09.854906');
INSERT INTO movie_projections (id, projection_date, projection_time, cinema_hall_id, movie_id, created_at, updated_at) VALUES ('eca23c6a-7123-4465-bc63-e04a143724e7', '2026-04-26', '16:00:00', '81059085-f2ca-4b4e-95f3-be4728c2aa0a', 'ea91eaf2-4fd9-4c66-b764-75959663e7d7', '2026-01-15T04:50:09.854939', '2026-01-15T04:50:09.854939');
INSERT INTO movie_projections (id, projection_date, projection_time, cinema_hall_id, movie_id, created_at, updated_at) VALUES ('a4ffdce8-ff7b-4eb2-9d8c-0efa2ff1d3b1', '2026-04-22', '10:00:00', 'b413cf46-2d80-423c-8003-e171d72fa0c8', 'ea91eaf2-4fd9-4c66-b764-75959663e7d7', '2026-01-15T04:50:09.854982', '2026-01-15T04:50:09.854982');
INSERT INTO movie_projections (id, projection_date, projection_time, cinema_hall_id, movie_id, created_at, updated_at) VALUES ('deff653a-937f-4d4d-8856-078828d4c0fe', '2026-03-20', '10:00:00', 'b413cf46-2d80-423c-8003-e171d72fa0c8', 'ea91eaf2-4fd9-4c66-b764-75959663e7d7', '2026-01-15T04:50:09.855029', '2026-01-15T04:50:09.855029');
INSERT INTO movie_projections (id, projection_date, projection_time, cinema_hall_id, movie_id, created_at, updated_at) VALUES ('5cb9f489-9166-46c8-ab0e-702b2bb750d4', '2026-04-13', '16:00:00', '17b0293c-e4f6-4bec-ab09-f8e6da53166e', 'ea91eaf2-4fd9-4c66-b764-75959663e7d7', '2026-01-15T04:50:09.855082', '2026-01-15T04:50:09.855082');
INSERT INTO movie_projections (id, projection_date, projection_time, cinema_hall_id, movie_id, created_at, updated_at) VALUES ('534fce68-390d-48bd-95f4-c2b51b31ef19', '2026-04-15', '13:00:00', 'ba547a79-3908-4660-a602-edd8403b7c5d', 'ea91eaf2-4fd9-4c66-b764-75959663e7d7', '2026-01-15T04:50:09.855126', '2026-01-15T04:50:09.855126');
INSERT INTO movie_projections (id, projection_date, projection_time, cinema_hall_id, movie_id, created_at, updated_at) VALUES ('dd8e61aa-0373-485d-8346-0d3d3d418030', '2026-05-07', '10:00:00', '223652cd-d2ab-4968-8a1e-349553055ce6', 'ea91eaf2-4fd9-4c66-b764-75959663e7d7', '2026-01-15T04:50:09.855170', '2026-01-15T04:50:09.855170');
INSERT INTO movie_projections (id, projection_date, projection_time, cinema_hall_id, movie_id, created_at, updated_at) VALUES ('c1fe99ad-b658-4836-b67f-04520c85885c', '2026-04-11', '16:00:00', '877f2e71-c328-40ba-9e66-740145c3b9ea', 'ea91eaf2-4fd9-4c66-b764-75959663e7d7', '2026-01-15T04:50:09.855214', '2026-01-15T04:50:09.855214');
INSERT INTO movie_projections (id, projection_date, projection_time, cinema_hall_id, movie_id, created_at, updated_at) VALUES ('80a14edd-9b0c-467e-8a82-33559e250f03', '2026-03-06', '19:00:00', '81059085-f2ca-4b4e-95f3-be4728c2aa0a', 'ea91eaf2-4fd9-4c66-b764-75959663e7d7', '2026-01-15T04:50:09.855258', '2026-01-15T04:50:09.855258');
INSERT INTO movie_projections (id, projection_date, projection_time, cinema_hall_id, movie_id, created_at, updated_at) VALUES ('86620657-f036-41bb-ab1e-3c0e7083cd62', '2026-03-06', '19:00:00', '877f2e71-c328-40ba-9e66-740145c3b9ea', 'ea91eaf2-4fd9-4c66-b764-75959663e7d7', '2026-01-15T04:50:09.855313', '2026-01-15T04:50:09.855313');
INSERT INTO movie_projections (id, projection_date, projection_time, cinema_hall_id, movie_id, created_at, updated_at) VALUES ('1305d55c-53b9-436e-a85e-7d24d508a8cd', '2026-03-23', '16:00:00', '877f2e71-c328-40ba-9e66-740145c3b9ea', 'ea91eaf2-4fd9-4c66-b764-75959663e7d7', '2026-01-15T04:50:09.855364', '2026-01-15T04:50:09.855364');
INSERT INTO movie_projections (id, projection_date, projection_time, cinema_hall_id, movie_id, created_at, updated_at) VALUES ('5a8641d7-9c08-446d-9e92-9971abc5a8ad', '2026-04-15', '16:00:00', '0572e6f5-a08d-48c0-9dc0-ce2eef6f3df9', 'ea91eaf2-4fd9-4c66-b764-75959663e7d7', '2026-01-15T04:50:09.855414', '2026-01-15T04:50:09.855414');
INSERT INTO movie_projections (id, projection_date, projection_time, cinema_hall_id, movie_id, created_at, updated_at) VALUES ('5375f3d9-cc24-42c2-b83d-ca1139a4f655', '2026-02-26', '16:00:00', '12e6090e-6add-4d2d-b65b-f586dca60bfa', 'ea91eaf2-4fd9-4c66-b764-75959663e7d7', '2026-01-15T04:50:09.855473', '2026-01-15T04:50:09.855473');
INSERT INTO movie_projections (id, projection_date, projection_time, cinema_hall_id, movie_id, created_at, updated_at) VALUES ('f3b8dbfd-96bb-4276-a898-84e2a7bcef40', '2026-04-09', '10:00:00', 'b413cf46-2d80-423c-8003-e171d72fa0c8', 'ea91eaf2-4fd9-4c66-b764-75959663e7d7', '2026-01-15T04:50:09.855546', '2026-01-15T04:50:09.855546');
INSERT INTO movie_projections (id, projection_date, projection_time, cinema_hall_id, movie_id, created_at, updated_at) VALUES ('0e216fcb-2630-4195-9096-ef1901f49913', '2026-03-15', '10:00:00', '81059085-f2ca-4b4e-95f3-be4728c2aa0a', 'ea91eaf2-4fd9-4c66-b764-75959663e7d7', '2026-01-15T04:50:09.855597', '2026-01-15T04:50:09.855597');
INSERT INTO movie_projections (id, projection_date, projection_time, cinema_hall_id, movie_id, created_at, updated_at) VALUES ('085ea850-0bd4-4ce8-9f57-9439786123d9', '2026-03-13', '10:00:00', '24dacc2b-ba4f-4db2-98f5-597c052c7565', 'ea91eaf2-4fd9-4c66-b764-75959663e7d7', '2026-01-15T04:50:09.855672', '2026-01-15T04:50:09.855672');
INSERT INTO movie_projections (id, projection_date, projection_time, cinema_hall_id, movie_id, created_at, updated_at) VALUES ('6d702d9f-13e6-49b6-8383-5ce1aefe85d3', '2026-04-10', '10:00:00', 'ba547a79-3908-4660-a602-edd8403b7c5d', 'ea91eaf2-4fd9-4c66-b764-75959663e7d7', '2026-01-15T04:50:09.855736', '2026-01-15T04:50:09.855736');
INSERT INTO movie_projections (id, projection_date, projection_time, cinema_hall_id, movie_id, created_at, updated_at) VALUES ('1a2ec61e-2671-45d1-a263-8e8aba59ab38', '2026-04-23', '13:00:00', '223652cd-d2ab-4968-8a1e-349553055ce6', 'ea91eaf2-4fd9-4c66-b764-75959663e7d7', '2026-01-15T04:50:09.855802', '2026-01-15T04:50:09.855802');
INSERT INTO movie_projections (id, projection_date, projection_time, cinema_hall_id, movie_id, created_at, updated_at) VALUES ('e15f083a-9d06-4270-816a-f9704c16f43c', '2026-04-09', '13:00:00', '877f2e71-c328-40ba-9e66-740145c3b9ea', 'ea91eaf2-4fd9-4c66-b764-75959663e7d7', '2026-01-15T04:50:09.855859', '2026-01-15T04:50:09.855859');
INSERT INTO movie_projections (id, projection_date, projection_time, cinema_hall_id, movie_id, created_at, updated_at) VALUES ('18e60f56-a956-4bb9-9920-e272a2c1d684', '2026-02-26', '10:00:00', '17b0293c-e4f6-4bec-ab09-f8e6da53166e', 'ea91eaf2-4fd9-4c66-b764-75959663e7d7', '2026-01-15T04:50:09.855921', '2026-01-15T04:50:09.855921');
INSERT INTO movie_projections (id, projection_date, projection_time, cinema_hall_id, movie_id, created_at, updated_at) VALUES ('a12a46bb-dbc5-4685-a7fc-67df8797a1b0', '2026-04-19', '16:00:00', '0572e6f5-a08d-48c0-9dc0-ce2eef6f3df9', 'ea91eaf2-4fd9-4c66-b764-75959663e7d7', '2026-01-15T04:50:09.855989', '2026-01-15T04:50:09.855989');
INSERT INTO movie_projections (id, projection_date, projection_time, cinema_hall_id, movie_id, created_at, updated_at) VALUES ('23123909-b427-4115-83f7-e3eacf902fcd', '2026-04-21', '10:00:00', '17b0293c-e4f6-4bec-ab09-f8e6da53166e', 'ea91eaf2-4fd9-4c66-b764-75959663e7d7', '2026-01-15T04:50:09.856058', '2026-01-15T04:50:09.856058');
INSERT INTO movie_projections (id, projection_date, projection_time, cinema_hall_id, movie_id, created_at, updated_at) VALUES ('a4a4d7be-bad7-448a-aa1f-a3d73205f14f', '2026-05-29', '16:00:00', 'ba547a79-3908-4660-a602-edd8403b7c5d', 'aac3ecd4-c080-4cab-a4c7-eb71725dc888', '2026-01-15T04:50:09.856123', '2026-01-15T04:50:09.856123');
INSERT INTO movie_projections (id, projection_date, projection_time, cinema_hall_id, movie_id, created_at, updated_at) VALUES ('80b9111c-746f-4c2a-8928-69a478d13ebb', '2026-08-07', '13:00:00', '223652cd-d2ab-4968-8a1e-349553055ce6', 'aac3ecd4-c080-4cab-a4c7-eb71725dc888', '2026-01-15T04:50:09.856190', '2026-01-15T04:50:09.856190');
INSERT INTO movie_projections (id, projection_date, projection_time, cinema_hall_id, movie_id, created_at, updated_at) VALUES ('5ebfb6b8-219a-4330-8aa2-8647fed763f0', '2026-05-02', '16:00:00', '0572e6f5-a08d-48c0-9dc0-ce2eef6f3df9', 'aac3ecd4-c080-4cab-a4c7-eb71725dc888', '2026-01-15T04:50:09.856256', '2026-01-15T04:50:09.856256');
INSERT INTO movie_projections (id, projection_date, projection_time, cinema_hall_id, movie_id, created_at, updated_at) VALUES ('2464671c-42aa-4b89-87e2-e2f060903061', '2026-06-05', '10:00:00', '223652cd-d2ab-4968-8a1e-349553055ce6', 'aac3ecd4-c080-4cab-a4c7-eb71725dc888', '2026-01-15T04:50:09.856321', '2026-01-15T04:50:09.856321');
INSERT INTO movie_projections (id, projection_date, projection_time, cinema_hall_id, movie_id, created_at, updated_at) VALUES ('21af2a7c-a33e-46a6-8f11-59a6234177bb', '2026-05-09', '13:00:00', '0572e6f5-a08d-48c0-9dc0-ce2eef6f3df9', 'aac3ecd4-c080-4cab-a4c7-eb71725dc888', '2026-01-15T04:50:09.856367', '2026-01-15T04:50:09.856367');
INSERT INTO movie_projections (id, projection_date, projection_time, cinema_hall_id, movie_id, created_at, updated_at) VALUES ('fda4f5fa-affd-42fe-8e03-89d0e92ad431', '2026-05-14', '10:00:00', '877f2e71-c328-40ba-9e66-740145c3b9ea', 'aac3ecd4-c080-4cab-a4c7-eb71725dc888', '2026-01-15T04:50:09.856436', '2026-01-15T04:50:09.856436');
INSERT INTO movie_projections (id, projection_date, projection_time, cinema_hall_id, movie_id, created_at, updated_at) VALUES ('5b5968c9-6c63-43fa-bce0-dd075bc096f7', '2026-06-25', '10:00:00', 'f6779957-000c-48ec-8919-484a54941dac', 'aac3ecd4-c080-4cab-a4c7-eb71725dc888', '2026-01-15T04:50:09.856496', '2026-01-15T04:50:09.856496');
INSERT INTO movie_projections (id, projection_date, projection_time, cinema_hall_id, movie_id, created_at, updated_at) VALUES ('2e6333d5-d6dd-4c1f-b70d-871ed5c94741', '2026-07-27', '16:00:00', 'ba547a79-3908-4660-a602-edd8403b7c5d', 'aac3ecd4-c080-4cab-a4c7-eb71725dc888', '2026-01-15T04:50:09.856560', '2026-01-15T04:50:09.856560');
INSERT INTO movie_projections (id, projection_date, projection_time, cinema_hall_id, movie_id, created_at, updated_at) VALUES ('2bf0a5f2-dca6-4d1e-8924-417dd3f878d8', '2026-05-05', '13:00:00', 'ba547a79-3908-4660-a602-edd8403b7c5d', 'aac3ecd4-c080-4cab-a4c7-eb71725dc888', '2026-01-15T04:50:09.856621', '2026-01-15T04:50:09.856621');
INSERT INTO movie_projections (id, projection_date, projection_time, cinema_hall_id, movie_id, created_at, updated_at) VALUES ('12b90a07-b007-4b5c-a2bb-b7581f47a025', '2026-05-20', '16:00:00', '12e6090e-6add-4d2d-b65b-f586dca60bfa', 'aac3ecd4-c080-4cab-a4c7-eb71725dc888', '2026-01-15T04:50:09.856681', '2026-01-15T04:50:09.856681');
INSERT INTO movie_projections (id, projection_date, projection_time, cinema_hall_id, movie_id, created_at, updated_at) VALUES ('ca9ee317-270d-4c3b-a94b-9e57b2fa0b56', '2026-07-24', '16:00:00', '223652cd-d2ab-4968-8a1e-349553055ce6', 'aac3ecd4-c080-4cab-a4c7-eb71725dc888', '2026-01-15T04:50:09.856736', '2026-01-15T04:50:09.856736');
INSERT INTO movie_projections (id, projection_date, projection_time, cinema_hall_id, movie_id, created_at, updated_at) VALUES ('91f49dcc-2e06-469a-bf25-7e67b4d0704d', '2026-06-28', '13:00:00', '0572e6f5-a08d-48c0-9dc0-ce2eef6f3df9', 'aac3ecd4-c080-4cab-a4c7-eb71725dc888', '2026-01-15T04:50:09.856790', '2026-01-15T04:50:09.856790');
INSERT INTO movie_projections (id, projection_date, projection_time, cinema_hall_id, movie_id, created_at, updated_at) VALUES ('b0c5f860-de5f-4dc8-84bf-09757ca7a3a9', '2026-07-30', '10:00:00', '877f2e71-c328-40ba-9e66-740145c3b9ea', 'aac3ecd4-c080-4cab-a4c7-eb71725dc888', '2026-01-15T04:50:09.856840', '2026-01-15T04:50:09.856840');
INSERT INTO movie_projections (id, projection_date, projection_time, cinema_hall_id, movie_id, created_at, updated_at) VALUES ('c9bf8472-c5df-4ff3-973a-6ce327521b69', '2026-06-28', '10:00:00', '17b0293c-e4f6-4bec-ab09-f8e6da53166e', 'aac3ecd4-c080-4cab-a4c7-eb71725dc888', '2026-01-15T04:50:09.856884', '2026-01-15T04:50:09.856884');
INSERT INTO movie_projections (id, projection_date, projection_time, cinema_hall_id, movie_id, created_at, updated_at) VALUES ('cd0a3960-498f-4a1a-b7ef-b4d6c714ff03', '2026-06-11', '19:00:00', '877f2e71-c328-40ba-9e66-740145c3b9ea', 'aac3ecd4-c080-4cab-a4c7-eb71725dc888', '2026-01-15T04:50:09.856927', '2026-01-15T04:50:09.856927');
INSERT INTO movie_projections (id, projection_date, projection_time, cinema_hall_id, movie_id, created_at, updated_at) VALUES ('70e295ee-c8f9-4254-97df-68def90c0f3a', '2026-04-30', '13:00:00', 'b413cf46-2d80-423c-8003-e171d72fa0c8', 'aac3ecd4-c080-4cab-a4c7-eb71725dc888', '2026-01-15T04:50:09.856970', '2026-01-15T04:50:09.856970');
INSERT INTO movie_projections (id, projection_date, projection_time, cinema_hall_id, movie_id, created_at, updated_at) VALUES ('30e9bfbc-2363-40bb-8117-afb424477658', '2026-05-13', '10:00:00', '81059085-f2ca-4b4e-95f3-be4728c2aa0a', 'aac3ecd4-c080-4cab-a4c7-eb71725dc888', '2026-01-15T04:50:09.857016', '2026-01-15T04:50:09.857016');
INSERT INTO movie_projections (id, projection_date, projection_time, cinema_hall_id, movie_id, created_at, updated_at) VALUES ('cc44f02a-5ede-44ef-8198-c1779c8d0c6d', '2026-05-10', '13:00:00', 'b413cf46-2d80-423c-8003-e171d72fa0c8', 'aac3ecd4-c080-4cab-a4c7-eb71725dc888', '2026-01-15T04:50:09.857063', '2026-01-15T04:50:09.857063');
INSERT INTO movie_projections (id, projection_date, projection_time, cinema_hall_id, movie_id, created_at, updated_at) VALUES ('118a434d-a509-47f2-8a73-a9bbadfe9887', '2026-05-27', '13:00:00', '17b0293c-e4f6-4bec-ab09-f8e6da53166e', 'aac3ecd4-c080-4cab-a4c7-eb71725dc888', '2026-01-15T04:50:09.857112', '2026-01-15T04:50:09.857112');
INSERT INTO movie_projections (id, projection_date, projection_time, cinema_hall_id, movie_id, created_at, updated_at) VALUES ('3a6aafca-2301-4a30-8b05-c069723d7b84', '2026-06-21', '16:00:00', 'cab834d9-f539-47b1-a0df-a6ba84c95746', 'aac3ecd4-c080-4cab-a4c7-eb71725dc888', '2026-01-15T04:50:09.857171', '2026-01-15T04:50:09.857171');
INSERT INTO movie_projections (id, projection_date, projection_time, cinema_hall_id, movie_id, created_at, updated_at) VALUES ('5f380fa9-7c10-4e14-a5eb-0565c0e44836', '2026-06-11', '19:00:00', '12e6090e-6add-4d2d-b65b-f586dca60bfa', 'aac3ecd4-c080-4cab-a4c7-eb71725dc888', '2026-01-15T04:50:09.857236', '2026-01-15T04:50:09.857236');
INSERT INTO movie_projections (id, projection_date, projection_time, cinema_hall_id, movie_id, created_at, updated_at) VALUES ('73ea0c03-34a1-4398-b8ca-05b3ae3c331d', '2026-05-05', '10:00:00', 'ba547a79-3908-4660-a602-edd8403b7c5d', 'aac3ecd4-c080-4cab-a4c7-eb71725dc888', '2026-01-15T04:50:09.857300', '2026-01-15T04:50:09.857300');
INSERT INTO movie_projections (id, projection_date, projection_time, cinema_hall_id, movie_id, created_at, updated_at) VALUES ('0fd6e9d8-0edb-4347-b3f2-5d9c7174bc20', '2026-07-02', '10:00:00', '17b0293c-e4f6-4bec-ab09-f8e6da53166e', 'aac3ecd4-c080-4cab-a4c7-eb71725dc888', '2026-01-15T04:50:09.857368', '2026-01-15T04:50:09.857368');
INSERT INTO movie_projections (id, projection_date, projection_time, cinema_hall_id, movie_id, created_at, updated_at) VALUES ('fab0c00a-4676-4459-bbe7-bb10a404c0e2', '2026-07-30', '16:00:00', '81059085-f2ca-4b4e-95f3-be4728c2aa0a', 'aac3ecd4-c080-4cab-a4c7-eb71725dc888', '2026-01-15T04:50:09.857439', '2026-01-15T04:50:09.857439');
INSERT INTO movie_projections (id, projection_date, projection_time, cinema_hall_id, movie_id, created_at, updated_at) VALUES ('03f3f8ee-1c04-41d0-92ae-a4e1800abafb', '2026-06-30', '16:00:00', 'ba547a79-3908-4660-a602-edd8403b7c5d', 'aac3ecd4-c080-4cab-a4c7-eb71725dc888', '2026-01-15T04:50:09.857499', '2026-01-15T04:50:09.857499');
INSERT INTO movie_projections (id, projection_date, projection_time, cinema_hall_id, movie_id, created_at, updated_at) VALUES ('3851de86-91dd-4ee9-af10-105f810096ec', '2026-05-21', '19:00:00', 'ba547a79-3908-4660-a602-edd8403b7c5d', 'aac3ecd4-c080-4cab-a4c7-eb71725dc888', '2026-01-15T04:50:09.857564', '2026-01-15T04:50:09.857564');
INSERT INTO movie_projections (id, projection_date, projection_time, cinema_hall_id, movie_id, created_at, updated_at) VALUES ('5589ca88-560f-443e-abd1-e0aba1644b9e', '2026-06-11', '19:00:00', '17b0293c-e4f6-4bec-ab09-f8e6da53166e', 'aac3ecd4-c080-4cab-a4c7-eb71725dc888', '2026-01-15T04:50:09.857630', '2026-01-15T04:50:09.857630');
INSERT INTO movie_projections (id, projection_date, projection_time, cinema_hall_id, movie_id, created_at, updated_at) VALUES ('947a5ae8-9856-4598-940a-fb4dc45f97f2', '2026-05-01', '19:00:00', '81059085-f2ca-4b4e-95f3-be4728c2aa0a', 'aac3ecd4-c080-4cab-a4c7-eb71725dc888', '2026-01-15T04:50:09.857696', '2026-01-15T04:50:09.857696');
INSERT INTO movie_projections (id, projection_date, projection_time, cinema_hall_id, movie_id, created_at, updated_at) VALUES ('68eabd9f-b3ab-47e9-b5f4-64bcab641752', '2026-05-26', '10:00:00', 'cab834d9-f539-47b1-a0df-a6ba84c95746', 'aac3ecd4-c080-4cab-a4c7-eb71725dc888', '2026-01-15T04:50:09.857760', '2026-01-15T04:50:09.857760');
INSERT INTO movie_projections (id, projection_date, projection_time, cinema_hall_id, movie_id, created_at, updated_at) VALUES ('e2d8f4a5-64e5-421c-8c81-a6e1839de7e5', '2026-07-03', '16:00:00', '223652cd-d2ab-4968-8a1e-349553055ce6', 'aac3ecd4-c080-4cab-a4c7-eb71725dc888', '2026-01-15T04:50:09.857808', '2026-01-15T04:50:09.857808');
INSERT INTO movie_projections (id, projection_date, projection_time, cinema_hall_id, movie_id, created_at, updated_at) VALUES ('5c6a206f-2e7c-4080-8329-da7a96d985fe', '2026-07-29', '16:00:00', 'b413cf46-2d80-423c-8003-e171d72fa0c8', 'aac3ecd4-c080-4cab-a4c7-eb71725dc888', '2026-01-15T04:50:09.857852', '2026-01-15T04:50:09.857852');
INSERT INTO movie_projections (id, projection_date, projection_time, cinema_hall_id, movie_id, created_at, updated_at) VALUES ('9aced47f-7f8d-40b0-92d0-9a1e4e836990', '2026-08-07', '13:00:00', '877f2e71-c328-40ba-9e66-740145c3b9ea', 'aac3ecd4-c080-4cab-a4c7-eb71725dc888', '2026-01-15T04:50:09.857896', '2026-01-15T04:50:09.857896');
INSERT INTO movie_projections (id, projection_date, projection_time, cinema_hall_id, movie_id, created_at, updated_at) VALUES ('4ec9acbd-5f3c-421c-9fa7-54367b766932', '2026-07-02', '10:00:00', 'ba547a79-3908-4660-a602-edd8403b7c5d', 'aac3ecd4-c080-4cab-a4c7-eb71725dc888', '2026-01-15T04:50:09.857939', '2026-01-15T04:50:09.857939');
INSERT INTO movie_projections (id, projection_date, projection_time, cinema_hall_id, movie_id, created_at, updated_at) VALUES ('996f8b6b-5bb0-4be6-bbc7-8f9539a6188d', '2026-07-13', '13:00:00', '877f2e71-c328-40ba-9e66-740145c3b9ea', 'aac3ecd4-c080-4cab-a4c7-eb71725dc888', '2026-01-15T04:50:09.857990', '2026-01-15T04:50:09.857990');
INSERT INTO movie_projections (id, projection_date, projection_time, cinema_hall_id, movie_id, created_at, updated_at) VALUES ('80270735-a7fc-439d-bd06-a3ce6b8ed131', '2026-05-01', '16:00:00', 'b413cf46-2d80-423c-8003-e171d72fa0c8', 'aac3ecd4-c080-4cab-a4c7-eb71725dc888', '2026-01-15T04:50:09.858049', '2026-01-15T04:50:09.858049');
INSERT INTO movie_projections (id, projection_date, projection_time, cinema_hall_id, movie_id, created_at, updated_at) VALUES ('7ed0160b-f927-43af-86d8-38b0d74389c0', '2026-05-22', '19:00:00', '877f2e71-c328-40ba-9e66-740145c3b9ea', 'aac3ecd4-c080-4cab-a4c7-eb71725dc888', '2026-01-15T04:50:09.858111', '2026-01-15T04:50:09.858111');
INSERT INTO movie_projections (id, projection_date, projection_time, cinema_hall_id, movie_id, created_at, updated_at) VALUES ('e447a4dc-85ea-4d69-84a9-e4b157d47fa6', '2026-07-25', '10:00:00', 'cab834d9-f539-47b1-a0df-a6ba84c95746', 'aac3ecd4-c080-4cab-a4c7-eb71725dc888', '2026-01-15T04:50:09.858157', '2026-01-15T04:50:09.858157');
INSERT INTO movie_projections (id, projection_date, projection_time, cinema_hall_id, movie_id, created_at, updated_at) VALUES ('99f18518-c134-401f-99ea-6d32380e0721', '2026-08-07', '19:00:00', '24dacc2b-ba4f-4db2-98f5-597c052c7565', 'aac3ecd4-c080-4cab-a4c7-eb71725dc888', '2026-01-15T04:50:09.858205', '2026-01-15T04:50:09.858205');
INSERT INTO movie_projections (id, projection_date, projection_time, cinema_hall_id, movie_id, created_at, updated_at) VALUES ('81edfbf3-10a3-41b8-a010-f02ea4db38c6', '2026-06-10', '19:00:00', '223652cd-d2ab-4968-8a1e-349553055ce6', 'aac3ecd4-c080-4cab-a4c7-eb71725dc888', '2026-01-15T04:50:09.858248', '2026-01-15T04:50:09.858248');
INSERT INTO movie_projections (id, projection_date, projection_time, cinema_hall_id, movie_id, created_at, updated_at) VALUES ('f67a3e69-59a5-4608-a832-435d31494a19', '2026-06-19', '16:00:00', 'ba547a79-3908-4660-a602-edd8403b7c5d', 'aac3ecd4-c080-4cab-a4c7-eb71725dc888', '2026-01-15T04:50:09.858280', '2026-01-15T04:50:09.858280');
INSERT INTO movie_projections (id, projection_date, projection_time, cinema_hall_id, movie_id, created_at, updated_at) VALUES ('9b08081c-b9d6-46d3-851d-304ab619177b', '2026-02-27', '19:00:00', 'ba547a79-3908-4660-a602-edd8403b7c5d', '135ee7d0-36e1-4e4a-890c-38777f132189', '2026-01-15T04:50:09.858310', '2026-01-15T04:50:09.858310');
INSERT INTO movie_projections (id, projection_date, projection_time, cinema_hall_id, movie_id, created_at, updated_at) VALUES ('0e91ae4e-7a5e-4631-a63c-a8754562a174', '2026-03-01', '13:00:00', 'b413cf46-2d80-423c-8003-e171d72fa0c8', '135ee7d0-36e1-4e4a-890c-38777f132189', '2026-01-15T04:50:09.858335', '2026-01-15T04:50:09.858335');
INSERT INTO movie_projections (id, projection_date, projection_time, cinema_hall_id, movie_id, created_at, updated_at) VALUES ('ea9cdc13-67fb-46c6-aee6-939e4e31a5bc', '2026-04-27', '19:00:00', '24dacc2b-ba4f-4db2-98f5-597c052c7565', '135ee7d0-36e1-4e4a-890c-38777f132189', '2026-01-15T04:50:09.858360', '2026-01-15T04:50:09.858360');
INSERT INTO movie_projections (id, projection_date, projection_time, cinema_hall_id, movie_id, created_at, updated_at) VALUES ('ca52c540-b7a9-44d3-975e-9d41d0905e8c', '2026-03-31', '19:00:00', 'ba547a79-3908-4660-a602-edd8403b7c5d', '135ee7d0-36e1-4e4a-890c-38777f132189', '2026-01-15T04:50:09.858389', '2026-01-15T04:50:09.858389');
INSERT INTO movie_projections (id, projection_date, projection_time, cinema_hall_id, movie_id, created_at, updated_at) VALUES ('ad1df119-d020-4ce9-b126-2ae879c573d1', '2026-04-14', '13:00:00', 'cab834d9-f539-47b1-a0df-a6ba84c95746', '135ee7d0-36e1-4e4a-890c-38777f132189', '2026-01-15T04:50:09.858419', '2026-01-15T04:50:09.858419');
INSERT INTO movie_projections (id, projection_date, projection_time, cinema_hall_id, movie_id, created_at, updated_at) VALUES ('2f32a3ad-a125-4bef-9a5a-7138f0742f12', '2026-04-06', '19:00:00', 'ba547a79-3908-4660-a602-edd8403b7c5d', '135ee7d0-36e1-4e4a-890c-38777f132189', '2026-01-15T04:50:09.858441', '2026-01-15T04:50:09.858441');
INSERT INTO movie_projections (id, projection_date, projection_time, cinema_hall_id, movie_id, created_at, updated_at) VALUES ('843c5edf-7a0c-4ce1-a0e2-0131a36bceb3', '2026-04-17', '19:00:00', 'cab834d9-f539-47b1-a0df-a6ba84c95746', '135ee7d0-36e1-4e4a-890c-38777f132189', '2026-01-15T04:50:09.858464', '2026-01-15T04:50:09.858464');
INSERT INTO movie_projections (id, projection_date, projection_time, cinema_hall_id, movie_id, created_at, updated_at) VALUES ('edb56156-aeab-4814-8ed7-a44e105aec73', '2026-03-11', '19:00:00', '877f2e71-c328-40ba-9e66-740145c3b9ea', '135ee7d0-36e1-4e4a-890c-38777f132189', '2026-01-15T04:50:09.858487', '2026-01-15T04:50:09.858487');
INSERT INTO movie_projections (id, projection_date, projection_time, cinema_hall_id, movie_id, created_at, updated_at) VALUES ('a4a6e597-3dc5-4d81-af42-18eadb871908', '2026-04-16', '10:00:00', '17b0293c-e4f6-4bec-ab09-f8e6da53166e', '135ee7d0-36e1-4e4a-890c-38777f132189', '2026-01-15T04:50:09.858510', '2026-01-15T04:50:09.858510');
INSERT INTO movie_projections (id, projection_date, projection_time, cinema_hall_id, movie_id, created_at, updated_at) VALUES ('6b437234-f6ea-4296-9dd4-3650fc55e331', '2026-04-18', '13:00:00', 'cab834d9-f539-47b1-a0df-a6ba84c95746', '135ee7d0-36e1-4e4a-890c-38777f132189', '2026-01-15T04:50:09.858532', '2026-01-15T04:50:09.858532');
INSERT INTO movie_projections (id, projection_date, projection_time, cinema_hall_id, movie_id, created_at, updated_at) VALUES ('ab3a990a-1256-4dc9-a15a-a996f1549fb1', '2026-03-02', '19:00:00', 'f6779957-000c-48ec-8919-484a54941dac', '135ee7d0-36e1-4e4a-890c-38777f132189', '2026-01-15T04:50:09.858554', '2026-01-15T04:50:09.858554');
INSERT INTO movie_projections (id, projection_date, projection_time, cinema_hall_id, movie_id, created_at, updated_at) VALUES ('3d09ec2a-eaca-49f4-b90a-68ce2e59638c', '2026-04-16', '16:00:00', 'ba547a79-3908-4660-a602-edd8403b7c5d', '135ee7d0-36e1-4e4a-890c-38777f132189', '2026-01-15T04:50:09.858586', '2026-01-15T04:50:09.858586');
INSERT INTO movie_projections (id, projection_date, projection_time, cinema_hall_id, movie_id, created_at, updated_at) VALUES ('19ef792d-a295-439e-9dc5-bd56dfc6b7c3', '2026-04-27', '16:00:00', '877f2e71-c328-40ba-9e66-740145c3b9ea', '135ee7d0-36e1-4e4a-890c-38777f132189', '2026-01-15T04:50:09.858609', '2026-01-15T04:50:09.858609');
INSERT INTO movie_projections (id, projection_date, projection_time, cinema_hall_id, movie_id, created_at, updated_at) VALUES ('94bbb281-d0d1-4d3d-ada8-948662be7647', '2026-03-09', '16:00:00', 'cab834d9-f539-47b1-a0df-a6ba84c95746', '135ee7d0-36e1-4e4a-890c-38777f132189', '2026-01-15T04:50:09.858632', '2026-01-15T04:50:09.858632');
INSERT INTO movie_projections (id, projection_date, projection_time, cinema_hall_id, movie_id, created_at, updated_at) VALUES ('f5b05001-a4bf-4fa2-9516-d987aab904fe', '2026-02-28', '10:00:00', '12e6090e-6add-4d2d-b65b-f586dca60bfa', '135ee7d0-36e1-4e4a-890c-38777f132189', '2026-01-15T04:50:09.858657', '2026-01-15T04:50:09.858657');
INSERT INTO movie_projections (id, projection_date, projection_time, cinema_hall_id, movie_id, created_at, updated_at) VALUES ('e828c34d-ad98-49d3-8804-3419602d0233', '2026-03-30', '10:00:00', '877f2e71-c328-40ba-9e66-740145c3b9ea', '135ee7d0-36e1-4e4a-890c-38777f132189', '2026-01-15T04:50:09.858680', '2026-01-15T04:50:09.858680');
INSERT INTO movie_projections (id, projection_date, projection_time, cinema_hall_id, movie_id, created_at, updated_at) VALUES ('9e3d5d0f-3924-4420-a23d-3505821a0de8', '2026-04-10', '19:00:00', 'ba547a79-3908-4660-a602-edd8403b7c5d', '135ee7d0-36e1-4e4a-890c-38777f132189', '2026-01-15T04:50:09.858704', '2026-01-15T04:50:09.858704');
INSERT INTO movie_projections (id, projection_date, projection_time, cinema_hall_id, movie_id, created_at, updated_at) VALUES ('c3dca5c6-fd31-4a02-87f0-3875e2b8ccb5', '2026-03-31', '10:00:00', '223652cd-d2ab-4968-8a1e-349553055ce6', '135ee7d0-36e1-4e4a-890c-38777f132189', '2026-01-15T04:50:09.858726', '2026-01-15T04:50:09.858726');
INSERT INTO movie_projections (id, projection_date, projection_time, cinema_hall_id, movie_id, created_at, updated_at) VALUES ('3c9928b8-981b-4042-9a40-2cf7293c4272', '2026-04-21', '13:00:00', '12e6090e-6add-4d2d-b65b-f586dca60bfa', '135ee7d0-36e1-4e4a-890c-38777f132189', '2026-01-15T04:50:09.858749', '2026-01-15T04:50:09.858749');
INSERT INTO movie_projections (id, projection_date, projection_time, cinema_hall_id, movie_id, created_at, updated_at) VALUES ('de3c5c5d-3bee-4e39-af8d-aaa254440e0f', '2026-04-11', '19:00:00', '81059085-f2ca-4b4e-95f3-be4728c2aa0a', '135ee7d0-36e1-4e4a-890c-38777f132189', '2026-01-15T04:50:09.858773', '2026-01-15T04:50:09.858773');
INSERT INTO movie_projections (id, projection_date, projection_time, cinema_hall_id, movie_id, created_at, updated_at) VALUES ('e05c7379-36e3-441d-9404-676e1d5f2bb2', '2026-04-30', '13:00:00', '12e6090e-6add-4d2d-b65b-f586dca60bfa', '135ee7d0-36e1-4e4a-890c-38777f132189', '2026-01-15T04:50:09.858796', '2026-01-15T04:50:09.858796');
INSERT INTO movie_projections (id, projection_date, projection_time, cinema_hall_id, movie_id, created_at, updated_at) VALUES ('54ea01e9-477e-47fe-94fd-7e3681c4cbfe', '2026-03-26', '19:00:00', '81059085-f2ca-4b4e-95f3-be4728c2aa0a', '135ee7d0-36e1-4e4a-890c-38777f132189', '2026-01-15T04:50:09.858819', '2026-01-15T04:50:09.858819');
INSERT INTO movie_projections (id, projection_date, projection_time, cinema_hall_id, movie_id, created_at, updated_at) VALUES ('12d7a01f-5db1-453f-a294-efee93bcdc7a', '2026-03-23', '19:00:00', '17b0293c-e4f6-4bec-ab09-f8e6da53166e', '135ee7d0-36e1-4e4a-890c-38777f132189', '2026-01-15T04:50:09.858842', '2026-01-15T04:50:09.858842');
INSERT INTO movie_projections (id, projection_date, projection_time, cinema_hall_id, movie_id, created_at, updated_at) VALUES ('906868f0-77d7-4b1e-9a18-008dd87abbbd', '2026-03-26', '10:00:00', 'cab834d9-f539-47b1-a0df-a6ba84c95746', '135ee7d0-36e1-4e4a-890c-38777f132189', '2026-01-15T04:50:09.858869', '2026-01-15T04:50:09.858869');
INSERT INTO movie_projections (id, projection_date, projection_time, cinema_hall_id, movie_id, created_at, updated_at) VALUES ('613eb454-8a49-44ed-a66d-34cad6897cd9', '2026-05-01', '13:00:00', '877f2e71-c328-40ba-9e66-740145c3b9ea', '135ee7d0-36e1-4e4a-890c-38777f132189', '2026-01-15T04:50:09.858893', '2026-01-15T04:50:09.858893');
INSERT INTO movie_projections (id, projection_date, projection_time, cinema_hall_id, movie_id, created_at, updated_at) VALUES ('1ad57d91-2a27-470e-a5af-e5e9ec75930f', '2026-04-18', '13:00:00', '17b0293c-e4f6-4bec-ab09-f8e6da53166e', '135ee7d0-36e1-4e4a-890c-38777f132189', '2026-01-15T04:50:09.858920', '2026-01-15T04:50:09.858920');
INSERT INTO movie_projections (id, projection_date, projection_time, cinema_hall_id, movie_id, created_at, updated_at) VALUES ('702bd018-fd0f-4964-95fb-f68a72aff4a6', '2026-04-26', '10:00:00', '223652cd-d2ab-4968-8a1e-349553055ce6', '135ee7d0-36e1-4e4a-890c-38777f132189', '2026-01-15T04:50:09.858943', '2026-01-15T04:50:09.858943');
INSERT INTO movie_projections (id, projection_date, projection_time, cinema_hall_id, movie_id, created_at, updated_at) VALUES ('4162947e-3df5-4866-ba87-5c5d842ea9e7', '2026-03-08', '16:00:00', '12e6090e-6add-4d2d-b65b-f586dca60bfa', '135ee7d0-36e1-4e4a-890c-38777f132189', '2026-01-15T04:50:09.858968', '2026-01-15T04:50:09.858968');
INSERT INTO movie_projections (id, projection_date, projection_time, cinema_hall_id, movie_id, created_at, updated_at) VALUES ('a4ebd428-d257-4ece-a40e-144588c7102e', '2026-02-28', '13:00:00', '0572e6f5-a08d-48c0-9dc0-ce2eef6f3df9', '135ee7d0-36e1-4e4a-890c-38777f132189', '2026-01-15T04:50:09.858990', '2026-01-15T04:50:09.858990');
INSERT INTO movie_projections (id, projection_date, projection_time, cinema_hall_id, movie_id, created_at, updated_at) VALUES ('45abb25d-b24c-434a-8308-93f6063c2161', '2026-03-12', '16:00:00', '0572e6f5-a08d-48c0-9dc0-ce2eef6f3df9', '135ee7d0-36e1-4e4a-890c-38777f132189', '2026-01-15T04:50:09.859013', '2026-01-15T04:50:09.859013');
INSERT INTO movie_projections (id, projection_date, projection_time, cinema_hall_id, movie_id, created_at, updated_at) VALUES ('cde7b958-8f45-44b7-9eef-84111b3e99fe', '2026-03-31', '19:00:00', 'b413cf46-2d80-423c-8003-e171d72fa0c8', '135ee7d0-36e1-4e4a-890c-38777f132189', '2026-01-15T04:50:09.859036', '2026-01-15T04:50:09.859036');
INSERT INTO movie_projections (id, projection_date, projection_time, cinema_hall_id, movie_id, created_at, updated_at) VALUES ('afdd3037-99f4-42c1-bf37-9fd6f753f107', '2026-03-20', '10:00:00', '877f2e71-c328-40ba-9e66-740145c3b9ea', '135ee7d0-36e1-4e4a-890c-38777f132189', '2026-01-15T04:50:09.859059', '2026-01-15T04:50:09.859059');
INSERT INTO movie_projections (id, projection_date, projection_time, cinema_hall_id, movie_id, created_at, updated_at) VALUES ('40056d82-808b-47e6-9663-207dd4bea22b', '2026-03-07', '16:00:00', '81059085-f2ca-4b4e-95f3-be4728c2aa0a', '135ee7d0-36e1-4e4a-890c-38777f132189', '2026-01-15T04:50:09.859081', '2026-01-15T04:50:09.859081');
INSERT INTO movie_projections (id, projection_date, projection_time, cinema_hall_id, movie_id, created_at, updated_at) VALUES ('de33054c-1e92-4a23-916b-a8d5798151eb', '2026-04-04', '16:00:00', 'b413cf46-2d80-423c-8003-e171d72fa0c8', '135ee7d0-36e1-4e4a-890c-38777f132189', '2026-01-15T04:50:09.859105', '2026-01-15T04:50:09.859105');
INSERT INTO movie_projections (id, projection_date, projection_time, cinema_hall_id, movie_id, created_at, updated_at) VALUES ('b84da36e-4643-4302-a6f0-dbf14c0723e2', '2026-04-03', '10:00:00', '17b0293c-e4f6-4bec-ab09-f8e6da53166e', '135ee7d0-36e1-4e4a-890c-38777f132189', '2026-01-15T04:50:09.859128', '2026-01-15T04:50:09.859128');
INSERT INTO movie_projections (id, projection_date, projection_time, cinema_hall_id, movie_id, created_at, updated_at) VALUES ('f76775b1-9a78-4296-8192-186859b8e3a7', '2026-04-12', '16:00:00', 'f6779957-000c-48ec-8919-484a54941dac', '135ee7d0-36e1-4e4a-890c-38777f132189', '2026-01-15T04:50:09.859157', '2026-01-15T04:50:09.859157');
INSERT INTO movie_projections (id, projection_date, projection_time, cinema_hall_id, movie_id, created_at, updated_at) VALUES ('af3fb3b4-65ce-4799-9d74-1931669ab309', '2026-04-19', '10:00:00', 'ba547a79-3908-4660-a602-edd8403b7c5d', '135ee7d0-36e1-4e4a-890c-38777f132189', '2026-01-15T04:50:09.859180', '2026-01-15T04:50:09.859180');
INSERT INTO movie_projections (id, projection_date, projection_time, cinema_hall_id, movie_id, created_at, updated_at) VALUES ('c46eb34c-9ad5-48b1-a63e-1d7473cf76b1', '2026-03-02', '13:00:00', '877f2e71-c328-40ba-9e66-740145c3b9ea', '135ee7d0-36e1-4e4a-890c-38777f132189', '2026-01-15T04:50:09.859205', '2026-01-15T04:50:09.859205');
INSERT INTO movie_projections (id, projection_date, projection_time, cinema_hall_id, movie_id, created_at, updated_at) VALUES ('882a648c-b079-413d-bebc-e8700bb81335', '2026-04-17', '10:00:00', '24dacc2b-ba4f-4db2-98f5-597c052c7565', '135ee7d0-36e1-4e4a-890c-38777f132189', '2026-01-15T04:50:09.859232', '2026-01-15T04:50:09.859232');
INSERT INTO movie_projections (id, projection_date, projection_time, cinema_hall_id, movie_id, created_at, updated_at) VALUES ('997f4074-9a0e-478d-9e94-a965900ad083', '2026-04-30', '10:00:00', 'b413cf46-2d80-423c-8003-e171d72fa0c8', '135ee7d0-36e1-4e4a-890c-38777f132189', '2026-01-15T04:50:09.859254', '2026-01-15T04:50:09.859254');
INSERT INTO movie_projections (id, projection_date, projection_time, cinema_hall_id, movie_id, created_at, updated_at) VALUES ('a481d7ba-8b47-4b35-b49f-6d0d249e08a6', '2026-06-08', '10:00:00', '877f2e71-c328-40ba-9e66-740145c3b9ea', 'cb65f754-6b3f-4513-b293-84bd14d71483', '2026-01-15T04:50:09.859279', '2026-01-15T04:50:09.859279');
INSERT INTO movie_projections (id, projection_date, projection_time, cinema_hall_id, movie_id, created_at, updated_at) VALUES ('1f973430-a417-43f2-ac1b-036164107370', '2026-05-03', '10:00:00', '12e6090e-6add-4d2d-b65b-f586dca60bfa', 'cb65f754-6b3f-4513-b293-84bd14d71483', '2026-01-15T04:50:09.859308', '2026-01-15T04:50:09.859308');
INSERT INTO movie_projections (id, projection_date, projection_time, cinema_hall_id, movie_id, created_at, updated_at) VALUES ('41e57a4a-082d-440c-9caa-7e2faf362d5a', '2026-06-03', '13:00:00', 'f6779957-000c-48ec-8919-484a54941dac', 'cb65f754-6b3f-4513-b293-84bd14d71483', '2026-01-15T04:50:09.859335', '2026-01-15T04:50:09.859335');
INSERT INTO movie_projections (id, projection_date, projection_time, cinema_hall_id, movie_id, created_at, updated_at) VALUES ('647a43b8-be10-4425-a521-d2eaee19dc04', '2026-05-29', '13:00:00', 'b413cf46-2d80-423c-8003-e171d72fa0c8', 'cb65f754-6b3f-4513-b293-84bd14d71483', '2026-01-15T04:50:09.859360', '2026-01-15T04:50:09.859360');
INSERT INTO movie_projections (id, projection_date, projection_time, cinema_hall_id, movie_id, created_at, updated_at) VALUES ('6e393fe4-c8f7-401b-82df-c65a240e5397', '2026-06-11', '19:00:00', '877f2e71-c328-40ba-9e66-740145c3b9ea', 'cb65f754-6b3f-4513-b293-84bd14d71483', '2026-01-15T04:50:09.859383', '2026-01-15T04:50:09.859383');
INSERT INTO movie_projections (id, projection_date, projection_time, cinema_hall_id, movie_id, created_at, updated_at) VALUES ('d304f8bb-3bd0-4869-a4fb-18b44f9c6256', '2026-05-04', '10:00:00', '0572e6f5-a08d-48c0-9dc0-ce2eef6f3df9', 'cb65f754-6b3f-4513-b293-84bd14d71483', '2026-01-15T04:50:09.859405', '2026-01-15T04:50:09.859405');
INSERT INTO movie_projections (id, projection_date, projection_time, cinema_hall_id, movie_id, created_at, updated_at) VALUES ('13733d85-e599-410b-a97e-07b9baae36ec', '2026-05-09', '16:00:00', '12e6090e-6add-4d2d-b65b-f586dca60bfa', 'cb65f754-6b3f-4513-b293-84bd14d71483', '2026-01-15T04:50:09.859431', '2026-01-15T04:50:09.859431');
INSERT INTO movie_projections (id, projection_date, projection_time, cinema_hall_id, movie_id, created_at, updated_at) VALUES ('ac33ffc2-0f65-4f44-a345-96a97374a3f3', '2026-06-21', '13:00:00', 'ba547a79-3908-4660-a602-edd8403b7c5d', 'cb65f754-6b3f-4513-b293-84bd14d71483', '2026-01-15T04:50:09.859453', '2026-01-15T04:50:09.859453');
INSERT INTO movie_projections (id, projection_date, projection_time, cinema_hall_id, movie_id, created_at, updated_at) VALUES ('b60ec66a-e387-4997-a3d0-a209665250d5', '2026-05-23', '10:00:00', 'cab834d9-f539-47b1-a0df-a6ba84c95746', 'cb65f754-6b3f-4513-b293-84bd14d71483', '2026-01-15T04:50:09.859476', '2026-01-15T04:50:09.859476');
INSERT INTO movie_projections (id, projection_date, projection_time, cinema_hall_id, movie_id, created_at, updated_at) VALUES ('458cdc66-d8a5-4e74-9834-add759e2746a', '2026-06-08', '13:00:00', '12e6090e-6add-4d2d-b65b-f586dca60bfa', 'cb65f754-6b3f-4513-b293-84bd14d71483', '2026-01-15T04:50:09.859498', '2026-01-15T04:50:09.859498');
INSERT INTO movie_projections (id, projection_date, projection_time, cinema_hall_id, movie_id, created_at, updated_at) VALUES ('8701a3fa-3f4a-4c93-93da-a7e6f156c4d2', '2026-05-14', '10:00:00', '877f2e71-c328-40ba-9e66-740145c3b9ea', 'cb65f754-6b3f-4513-b293-84bd14d71483', '2026-01-15T04:50:09.859520', '2026-01-15T04:50:09.859520');
INSERT INTO movie_projections (id, projection_date, projection_time, cinema_hall_id, movie_id, created_at, updated_at) VALUES ('fbf0325a-2dde-453c-9846-f6110a9d9064', '2026-05-18', '10:00:00', 'ba547a79-3908-4660-a602-edd8403b7c5d', 'cb65f754-6b3f-4513-b293-84bd14d71483', '2026-01-15T04:50:09.859545', '2026-01-15T04:50:09.859545');
INSERT INTO movie_projections (id, projection_date, projection_time, cinema_hall_id, movie_id, created_at, updated_at) VALUES ('4a2ea3e4-bd1e-43fc-a6b2-28dbe2949403', '2026-05-17', '16:00:00', 'f6779957-000c-48ec-8919-484a54941dac', 'cb65f754-6b3f-4513-b293-84bd14d71483', '2026-01-15T04:50:09.859567', '2026-01-15T04:50:09.859567');
INSERT INTO movie_projections (id, projection_date, projection_time, cinema_hall_id, movie_id, created_at, updated_at) VALUES ('9d2eae06-2636-4dc3-9e08-71afbf77548b', '2026-05-29', '10:00:00', '12e6090e-6add-4d2d-b65b-f586dca60bfa', 'cb65f754-6b3f-4513-b293-84bd14d71483', '2026-01-15T04:50:09.859589', '2026-01-15T04:50:09.859589');
INSERT INTO movie_projections (id, projection_date, projection_time, cinema_hall_id, movie_id, created_at, updated_at) VALUES ('ba34dffd-950e-4271-bde5-e71f9cfbb839', '2026-05-23', '13:00:00', '223652cd-d2ab-4968-8a1e-349553055ce6', 'cb65f754-6b3f-4513-b293-84bd14d71483', '2026-01-15T04:50:09.859612', '2026-01-15T04:50:09.859612');
INSERT INTO movie_projections (id, projection_date, projection_time, cinema_hall_id, movie_id, created_at, updated_at) VALUES ('f026c835-83ee-4e9a-837b-52d49b1821ad', '2026-06-15', '10:00:00', '17b0293c-e4f6-4bec-ab09-f8e6da53166e', 'cb65f754-6b3f-4513-b293-84bd14d71483', '2026-01-15T04:50:09.859634', '2026-01-15T04:50:09.859634');
INSERT INTO movie_projections (id, projection_date, projection_time, cinema_hall_id, movie_id, created_at, updated_at) VALUES ('fb37a5a4-c9f4-4e27-be7e-f89b6a15bf3d', '2026-04-25', '10:00:00', '24dacc2b-ba4f-4db2-98f5-597c052c7565', 'cb65f754-6b3f-4513-b293-84bd14d71483', '2026-01-15T04:50:09.859664', '2026-01-15T04:50:09.859664');
INSERT INTO movie_projections (id, projection_date, projection_time, cinema_hall_id, movie_id, created_at, updated_at) VALUES ('0e3d7aeb-9599-426a-881d-417b71b2760a', '2026-05-12', '19:00:00', '0572e6f5-a08d-48c0-9dc0-ce2eef6f3df9', 'cb65f754-6b3f-4513-b293-84bd14d71483', '2026-01-15T04:50:09.859688', '2026-01-15T04:50:09.859688');
INSERT INTO movie_projections (id, projection_date, projection_time, cinema_hall_id, movie_id, created_at, updated_at) VALUES ('df1129e2-a6ba-49c2-a004-b081682c1c26', '2026-04-28', '10:00:00', '81059085-f2ca-4b4e-95f3-be4728c2aa0a', 'cb65f754-6b3f-4513-b293-84bd14d71483', '2026-01-15T04:50:09.859710', '2026-01-15T04:50:09.859710');
INSERT INTO movie_projections (id, projection_date, projection_time, cinema_hall_id, movie_id, created_at, updated_at) VALUES ('f4e80e9b-47d3-4320-9513-93aef8a07ae1', '2026-06-22', '10:00:00', 'f6779957-000c-48ec-8919-484a54941dac', 'cb65f754-6b3f-4513-b293-84bd14d71483', '2026-01-15T04:50:09.859735', '2026-01-15T04:50:09.859735');
INSERT INTO movie_projections (id, projection_date, projection_time, cinema_hall_id, movie_id, created_at, updated_at) VALUES ('e0a1c096-57b4-4029-accb-e289e8ef513e', '2026-06-23', '16:00:00', 'ba547a79-3908-4660-a602-edd8403b7c5d', 'cb65f754-6b3f-4513-b293-84bd14d71483', '2026-01-15T04:50:09.859758', '2026-01-15T04:50:09.859758');
INSERT INTO movie_projections (id, projection_date, projection_time, cinema_hall_id, movie_id, created_at, updated_at) VALUES ('8347b2d6-81af-445b-a83f-449f65ebb74a', '2026-05-16', '10:00:00', 'ba547a79-3908-4660-a602-edd8403b7c5d', 'cb65f754-6b3f-4513-b293-84bd14d71483', '2026-01-15T04:50:09.859780', '2026-01-15T04:50:09.859780');
INSERT INTO movie_projections (id, projection_date, projection_time, cinema_hall_id, movie_id, created_at, updated_at) VALUES ('b0482f20-4ced-4067-864f-624bc33f22c7', '2026-05-31', '16:00:00', '12e6090e-6add-4d2d-b65b-f586dca60bfa', 'cb65f754-6b3f-4513-b293-84bd14d71483', '2026-01-15T04:50:09.859802', '2026-01-15T04:50:09.859802');
INSERT INTO movie_projections (id, projection_date, projection_time, cinema_hall_id, movie_id, created_at, updated_at) VALUES ('d1dfd529-9197-4592-9c01-962a9a75db28', '2026-05-01', '10:00:00', 'ba547a79-3908-4660-a602-edd8403b7c5d', 'cb65f754-6b3f-4513-b293-84bd14d71483', '2026-01-15T04:50:09.859825', '2026-01-15T04:50:09.859825');
INSERT INTO movie_projections (id, projection_date, projection_time, cinema_hall_id, movie_id, created_at, updated_at) VALUES ('6dcf98fe-31a2-4e3e-8bf7-532763e362f6', '2026-05-01', '10:00:00', '877f2e71-c328-40ba-9e66-740145c3b9ea', 'cb65f754-6b3f-4513-b293-84bd14d71483', '2026-01-15T04:50:09.859847', '2026-01-15T04:50:09.859847');
INSERT INTO movie_projections (id, projection_date, projection_time, cinema_hall_id, movie_id, created_at, updated_at) VALUES ('551c6f13-02bc-4e53-ab18-467078862573', '2026-04-27', '16:00:00', '12e6090e-6add-4d2d-b65b-f586dca60bfa', 'cb65f754-6b3f-4513-b293-84bd14d71483', '2026-01-15T04:50:09.859869', '2026-01-15T04:50:09.859869');
INSERT INTO movie_projections (id, projection_date, projection_time, cinema_hall_id, movie_id, created_at, updated_at) VALUES ('db87535b-75e1-49c1-b805-7a79de019b45', '2026-05-12', '19:00:00', 'f6779957-000c-48ec-8919-484a54941dac', 'cb65f754-6b3f-4513-b293-84bd14d71483', '2026-01-15T04:50:09.859891', '2026-01-15T04:50:09.859891');
INSERT INTO movie_projections (id, projection_date, projection_time, cinema_hall_id, movie_id, created_at, updated_at) VALUES ('eb23e498-373e-428a-a227-3726896b679c', '2026-05-29', '16:00:00', '0572e6f5-a08d-48c0-9dc0-ce2eef6f3df9', 'cb65f754-6b3f-4513-b293-84bd14d71483', '2026-01-15T04:50:09.859921', '2026-01-15T04:50:09.859921');
INSERT INTO movie_projections (id, projection_date, projection_time, cinema_hall_id, movie_id, created_at, updated_at) VALUES ('636bc1d9-d0d8-4b14-90db-5ded0fbc9845', '2026-04-28', '10:00:00', '12e6090e-6add-4d2d-b65b-f586dca60bfa', 'cb65f754-6b3f-4513-b293-84bd14d71483', '2026-01-15T04:50:09.859953', '2026-01-15T04:50:09.859953');
INSERT INTO movie_projections (id, projection_date, projection_time, cinema_hall_id, movie_id, created_at, updated_at) VALUES ('747a0a73-6bd6-4aba-9afd-6400222765b6', '2026-05-02', '19:00:00', '877f2e71-c328-40ba-9e66-740145c3b9ea', 'cb65f754-6b3f-4513-b293-84bd14d71483', '2026-01-15T04:50:09.859978', '2026-01-15T04:50:09.859978');
INSERT INTO movie_projections (id, projection_date, projection_time, cinema_hall_id, movie_id, created_at, updated_at) VALUES ('21d1902c-10bf-4501-b21d-932e718bb3da', '2026-05-11', '16:00:00', '17b0293c-e4f6-4bec-ab09-f8e6da53166e', 'cb65f754-6b3f-4513-b293-84bd14d71483', '2026-01-15T04:50:09.860003', '2026-01-15T04:50:09.860003');
INSERT INTO movie_projections (id, projection_date, projection_time, cinema_hall_id, movie_id, created_at, updated_at) VALUES ('541bc753-53f0-4ae9-b5b2-f772de7fb017', '2026-06-06', '13:00:00', '0572e6f5-a08d-48c0-9dc0-ce2eef6f3df9', 'cb65f754-6b3f-4513-b293-84bd14d71483', '2026-01-15T04:50:09.860028', '2026-01-15T04:50:09.860028');
INSERT INTO movie_projections (id, projection_date, projection_time, cinema_hall_id, movie_id, created_at, updated_at) VALUES ('c8ddc673-9967-44e9-bf34-28100a3425b3', '2026-06-18', '19:00:00', '17b0293c-e4f6-4bec-ab09-f8e6da53166e', 'cb65f754-6b3f-4513-b293-84bd14d71483', '2026-01-15T04:50:09.860053', '2026-01-15T04:50:09.860053');
INSERT INTO movie_projections (id, projection_date, projection_time, cinema_hall_id, movie_id, created_at, updated_at) VALUES ('e3e83988-4b41-4992-ab6d-998dd839dae7', '2026-05-10', '19:00:00', '0572e6f5-a08d-48c0-9dc0-ce2eef6f3df9', 'cb65f754-6b3f-4513-b293-84bd14d71483', '2026-01-15T04:50:09.860082', '2026-01-15T04:50:09.860082');
INSERT INTO movie_projections (id, projection_date, projection_time, cinema_hall_id, movie_id, created_at, updated_at) VALUES ('7b92f05e-1336-46a1-aea9-06bf56a576e6', '2026-05-13', '10:00:00', '24dacc2b-ba4f-4db2-98f5-597c052c7565', 'cb65f754-6b3f-4513-b293-84bd14d71483', '2026-01-15T04:50:09.860110', '2026-01-15T04:50:09.860110');
INSERT INTO movie_projections (id, projection_date, projection_time, cinema_hall_id, movie_id, created_at, updated_at) VALUES ('626693e4-a8f6-4ebc-b219-2b05f419729f', '2026-06-11', '16:00:00', '0572e6f5-a08d-48c0-9dc0-ce2eef6f3df9', 'cb65f754-6b3f-4513-b293-84bd14d71483', '2026-01-15T04:50:09.860141', '2026-01-15T04:50:09.860141');
INSERT INTO movie_projections (id, projection_date, projection_time, cinema_hall_id, movie_id, created_at, updated_at) VALUES ('959ff596-705f-4e20-ae09-fd94c827480a', '2026-05-28', '10:00:00', '223652cd-d2ab-4968-8a1e-349553055ce6', 'cb65f754-6b3f-4513-b293-84bd14d71483', '2026-01-15T04:50:09.860166', '2026-01-15T04:50:09.860166');
INSERT INTO movie_projections (id, projection_date, projection_time, cinema_hall_id, movie_id, created_at, updated_at) VALUES ('1077aa45-ee7c-4309-ae36-ac749cfd5940', '2026-05-22', '13:00:00', 'f6779957-000c-48ec-8919-484a54941dac', 'cb65f754-6b3f-4513-b293-84bd14d71483', '2026-01-15T04:50:09.860195', '2026-01-15T04:50:09.860195');
INSERT INTO movie_projections (id, projection_date, projection_time, cinema_hall_id, movie_id, created_at, updated_at) VALUES ('8103d282-27c2-4930-bea9-691ad591eb29', '2026-06-14', '10:00:00', '81059085-f2ca-4b4e-95f3-be4728c2aa0a', 'cb65f754-6b3f-4513-b293-84bd14d71483', '2026-01-15T04:50:09.860219', '2026-01-15T04:50:09.860219');
INSERT INTO movie_projections (id, projection_date, projection_time, cinema_hall_id, movie_id, created_at, updated_at) VALUES ('eaac3612-7aaf-4404-8063-021f0abccac7', '2026-06-03', '19:00:00', 'ba547a79-3908-4660-a602-edd8403b7c5d', 'cb65f754-6b3f-4513-b293-84bd14d71483', '2026-01-15T04:50:09.860244', '2026-01-15T04:50:09.860244');
INSERT INTO movie_projections (id, projection_date, projection_time, cinema_hall_id, movie_id, created_at, updated_at) VALUES ('d06f728e-cbb7-458f-879b-eaded2d5af60', '2026-04-28', '16:00:00', '24dacc2b-ba4f-4db2-98f5-597c052c7565', '3eee00e4-902e-4371-8066-2edeccba650e', '2026-01-15T04:50:09.860271', '2026-01-15T04:50:09.860271');
INSERT INTO movie_projections (id, projection_date, projection_time, cinema_hall_id, movie_id, created_at, updated_at) VALUES ('0fc5d5d0-e268-4937-a314-6f70b8e37196', '2026-04-25', '16:00:00', '877f2e71-c328-40ba-9e66-740145c3b9ea', '3eee00e4-902e-4371-8066-2edeccba650e', '2026-01-15T04:50:09.860296', '2026-01-15T04:50:09.860296');
INSERT INTO movie_projections (id, projection_date, projection_time, cinema_hall_id, movie_id, created_at, updated_at) VALUES ('25cba63d-5919-4621-9426-287a105e6357', '2026-06-02', '19:00:00', '12e6090e-6add-4d2d-b65b-f586dca60bfa', '3eee00e4-902e-4371-8066-2edeccba650e', '2026-01-15T04:50:09.860321', '2026-01-15T04:50:09.860321');
INSERT INTO movie_projections (id, projection_date, projection_time, cinema_hall_id, movie_id, created_at, updated_at) VALUES ('67165708-c394-43ed-a645-fb724f76d56a', '2026-06-04', '10:00:00', 'f6779957-000c-48ec-8919-484a54941dac', '3eee00e4-902e-4371-8066-2edeccba650e', '2026-01-15T04:50:09.860348', '2026-01-15T04:50:09.860348');
INSERT INTO movie_projections (id, projection_date, projection_time, cinema_hall_id, movie_id, created_at, updated_at) VALUES ('5a4653ff-d1f0-4866-ad2d-a0144e0ac78e', '2026-06-13', '13:00:00', '81059085-f2ca-4b4e-95f3-be4728c2aa0a', '3eee00e4-902e-4371-8066-2edeccba650e', '2026-01-15T04:50:09.860373', '2026-01-15T04:50:09.860373');
INSERT INTO movie_projections (id, projection_date, projection_time, cinema_hall_id, movie_id, created_at, updated_at) VALUES ('21ccc720-3a82-408a-89ef-73558b9024fc', '2026-05-30', '19:00:00', '17b0293c-e4f6-4bec-ab09-f8e6da53166e', '3eee00e4-902e-4371-8066-2edeccba650e', '2026-01-15T04:50:09.860398', '2026-01-15T04:50:09.860398');
INSERT INTO movie_projections (id, projection_date, projection_time, cinema_hall_id, movie_id, created_at, updated_at) VALUES ('274476a5-cf6e-4b2e-9c27-6b6a4c2e7c36', '2026-07-19', '13:00:00', '877f2e71-c328-40ba-9e66-740145c3b9ea', '3eee00e4-902e-4371-8066-2edeccba650e', '2026-01-15T04:50:09.860423', '2026-01-15T04:50:09.860423');
INSERT INTO movie_projections (id, projection_date, projection_time, cinema_hall_id, movie_id, created_at, updated_at) VALUES ('9b62b167-6250-41a9-a4e5-7e0111d37fea', '2026-05-21', '10:00:00', '81059085-f2ca-4b4e-95f3-be4728c2aa0a', '3eee00e4-902e-4371-8066-2edeccba650e', '2026-01-15T04:50:09.860448', '2026-01-15T04:50:09.860448');
INSERT INTO movie_projections (id, projection_date, projection_time, cinema_hall_id, movie_id, created_at, updated_at) VALUES ('02bb57f7-ee05-4eed-acda-fbd79df8aea7', '2026-06-27', '19:00:00', '877f2e71-c328-40ba-9e66-740145c3b9ea', '3eee00e4-902e-4371-8066-2edeccba650e', '2026-01-15T04:50:09.860477', '2026-01-15T04:50:09.860477');
INSERT INTO movie_projections (id, projection_date, projection_time, cinema_hall_id, movie_id, created_at, updated_at) VALUES ('08bc2be2-fa4a-4f76-beef-09947b1bcdee', '2026-07-18', '13:00:00', '877f2e71-c328-40ba-9e66-740145c3b9ea', '3eee00e4-902e-4371-8066-2edeccba650e', '2026-01-15T04:50:09.860527', '2026-01-15T04:50:09.860527');
INSERT INTO movie_projections (id, projection_date, projection_time, cinema_hall_id, movie_id, created_at, updated_at) VALUES ('d7d1b753-c459-4463-b751-402a6d60085e', '2026-06-18', '16:00:00', 'f6779957-000c-48ec-8919-484a54941dac', '3eee00e4-902e-4371-8066-2edeccba650e', '2026-01-15T04:50:09.860553', '2026-01-15T04:50:09.860553');
INSERT INTO movie_projections (id, projection_date, projection_time, cinema_hall_id, movie_id, created_at, updated_at) VALUES ('42e43569-c4c4-4e3b-967c-8ed2c8e632b7', '2026-05-29', '19:00:00', 'ba547a79-3908-4660-a602-edd8403b7c5d', '3eee00e4-902e-4371-8066-2edeccba650e', '2026-01-15T04:50:09.860580', '2026-01-15T04:50:09.860580');
INSERT INTO movie_projections (id, projection_date, projection_time, cinema_hall_id, movie_id, created_at, updated_at) VALUES ('6e2d48d1-4045-483d-bd97-84f51f9af869', '2026-04-29', '16:00:00', '81059085-f2ca-4b4e-95f3-be4728c2aa0a', '3eee00e4-902e-4371-8066-2edeccba650e', '2026-01-15T04:50:09.860605', '2026-01-15T04:50:09.860605');
INSERT INTO movie_projections (id, projection_date, projection_time, cinema_hall_id, movie_id, created_at, updated_at) VALUES ('e6f4b066-c4a0-4caa-b6ab-893e4d8c4fc8', '2026-06-11', '16:00:00', 'ba547a79-3908-4660-a602-edd8403b7c5d', '3eee00e4-902e-4371-8066-2edeccba650e', '2026-01-15T04:50:09.860630', '2026-01-15T04:50:09.860630');
INSERT INTO movie_projections (id, projection_date, projection_time, cinema_hall_id, movie_id, created_at, updated_at) VALUES ('222e39d7-89ed-4d78-837f-d1545fb3c7da', '2026-04-26', '13:00:00', '0572e6f5-a08d-48c0-9dc0-ce2eef6f3df9', '3eee00e4-902e-4371-8066-2edeccba650e', '2026-01-15T04:50:09.860654', '2026-01-15T04:50:09.860654');
INSERT INTO movie_projections (id, projection_date, projection_time, cinema_hall_id, movie_id, created_at, updated_at) VALUES ('676356c8-d33a-419b-813d-0b74d89b2438', '2026-06-13', '19:00:00', '24dacc2b-ba4f-4db2-98f5-597c052c7565', '3eee00e4-902e-4371-8066-2edeccba650e', '2026-01-15T04:50:09.860680', '2026-01-15T04:50:09.860680');
INSERT INTO movie_projections (id, projection_date, projection_time, cinema_hall_id, movie_id, created_at, updated_at) VALUES ('b34bdc87-ea70-4c6c-8a41-05e6f345cb31', '2026-06-15', '19:00:00', '81059085-f2ca-4b4e-95f3-be4728c2aa0a', '3eee00e4-902e-4371-8066-2edeccba650e', '2026-01-15T04:50:09.860704', '2026-01-15T04:50:09.860704');
INSERT INTO movie_projections (id, projection_date, projection_time, cinema_hall_id, movie_id, created_at, updated_at) VALUES ('940bce66-2b68-4825-9614-e32f409ccc6f', '2026-07-12', '10:00:00', 'cab834d9-f539-47b1-a0df-a6ba84c95746', '3eee00e4-902e-4371-8066-2edeccba650e', '2026-01-15T04:50:09.860730', '2026-01-15T04:50:09.860730');
INSERT INTO movie_projections (id, projection_date, projection_time, cinema_hall_id, movie_id, created_at, updated_at) VALUES ('48bf323f-2b9a-4d36-857a-caacc011c947', '2026-06-04', '13:00:00', '877f2e71-c328-40ba-9e66-740145c3b9ea', '3eee00e4-902e-4371-8066-2edeccba650e', '2026-01-15T04:50:09.860760', '2026-01-15T04:50:09.860760');
INSERT INTO movie_projections (id, projection_date, projection_time, cinema_hall_id, movie_id, created_at, updated_at) VALUES ('405cde39-994e-44e1-8bf2-3323a93dcd8a', '2026-05-27', '16:00:00', '877f2e71-c328-40ba-9e66-740145c3b9ea', '3eee00e4-902e-4371-8066-2edeccba650e', '2026-01-15T04:50:09.860789', '2026-01-15T04:50:09.860789');
INSERT INTO movie_projections (id, projection_date, projection_time, cinema_hall_id, movie_id, created_at, updated_at) VALUES ('5526876b-0c8c-49bc-bed1-11b8f4c263ca', '2026-05-08', '13:00:00', '17b0293c-e4f6-4bec-ab09-f8e6da53166e', '3eee00e4-902e-4371-8066-2edeccba650e', '2026-01-15T04:50:09.860834', '2026-01-15T04:50:09.860834');
INSERT INTO movie_projections (id, projection_date, projection_time, cinema_hall_id, movie_id, created_at, updated_at) VALUES ('3a62cdc9-2450-4b4b-868e-efa1ba0bb199', '2026-04-25', '19:00:00', '81059085-f2ca-4b4e-95f3-be4728c2aa0a', '3eee00e4-902e-4371-8066-2edeccba650e', '2026-01-15T04:50:09.860882', '2026-01-15T04:50:09.860882');
INSERT INTO movie_projections (id, projection_date, projection_time, cinema_hall_id, movie_id, created_at, updated_at) VALUES ('6016c329-7275-48c4-8f38-7c0bd94284c5', '2026-04-29', '10:00:00', '17b0293c-e4f6-4bec-ab09-f8e6da53166e', '3eee00e4-902e-4371-8066-2edeccba650e', '2026-01-15T04:50:09.860926', '2026-01-15T04:50:09.860926');
INSERT INTO movie_projections (id, projection_date, projection_time, cinema_hall_id, movie_id, created_at, updated_at) VALUES ('0b333565-a07c-4120-8b12-8bd541eb659d', '2026-04-27', '13:00:00', '877f2e71-c328-40ba-9e66-740145c3b9ea', '3eee00e4-902e-4371-8066-2edeccba650e', '2026-01-15T04:50:09.860954', '2026-01-15T04:50:09.860954');
INSERT INTO movie_projections (id, projection_date, projection_time, cinema_hall_id, movie_id, created_at, updated_at) VALUES ('509f6ddd-8fa6-4a45-bc23-2d6874e5cf63', '2026-07-12', '19:00:00', '24dacc2b-ba4f-4db2-98f5-597c052c7565', '3eee00e4-902e-4371-8066-2edeccba650e', '2026-01-15T04:50:09.860979', '2026-01-15T04:50:09.860979');
INSERT INTO movie_projections (id, projection_date, projection_time, cinema_hall_id, movie_id, created_at, updated_at) VALUES ('8232e09c-aa01-41fd-9c61-0f40a1ea98bb', '2026-07-16', '10:00:00', '12e6090e-6add-4d2d-b65b-f586dca60bfa', '3eee00e4-902e-4371-8066-2edeccba650e', '2026-01-15T04:50:09.861004', '2026-01-15T04:50:09.861004');
INSERT INTO movie_projections (id, projection_date, projection_time, cinema_hall_id, movie_id, created_at, updated_at) VALUES ('52b4f632-a759-40ee-9413-6414a93f6641', '2026-05-21', '19:00:00', '223652cd-d2ab-4968-8a1e-349553055ce6', '3eee00e4-902e-4371-8066-2edeccba650e', '2026-01-15T04:50:09.861034', '2026-01-15T04:50:09.861034');
INSERT INTO movie_projections (id, projection_date, projection_time, cinema_hall_id, movie_id, created_at, updated_at) VALUES ('b397bba4-5539-4573-a872-77a511abd4a7', '2026-06-13', '19:00:00', '81059085-f2ca-4b4e-95f3-be4728c2aa0a', '3eee00e4-902e-4371-8066-2edeccba650e', '2026-01-15T04:50:09.861062', '2026-01-15T04:50:09.861062');
INSERT INTO movie_projections (id, projection_date, projection_time, cinema_hall_id, movie_id, created_at, updated_at) VALUES ('58947e64-fcac-4aa9-8c30-f6d30ffc4cb4', '2026-07-19', '13:00:00', '81059085-f2ca-4b4e-95f3-be4728c2aa0a', '3eee00e4-902e-4371-8066-2edeccba650e', '2026-01-15T04:50:09.861087', '2026-01-15T04:50:09.861087');
INSERT INTO movie_projections (id, projection_date, projection_time, cinema_hall_id, movie_id, created_at, updated_at) VALUES ('237ccbd5-35a4-4aa8-a8ab-96351f9670a6', '2026-06-15', '16:00:00', 'cab834d9-f539-47b1-a0df-a6ba84c95746', '3eee00e4-902e-4371-8066-2edeccba650e', '2026-01-15T04:50:09.861118', '2026-01-15T04:50:09.861118');
INSERT INTO movie_projections (id, projection_date, projection_time, cinema_hall_id, movie_id, created_at, updated_at) VALUES ('025840fe-1a26-4c54-b033-02cfc141d2a0', '2026-05-15', '13:00:00', 'ba547a79-3908-4660-a602-edd8403b7c5d', '3eee00e4-902e-4371-8066-2edeccba650e', '2026-01-15T04:50:09.861144', '2026-01-15T04:50:09.861144');
INSERT INTO movie_projections (id, projection_date, projection_time, cinema_hall_id, movie_id, created_at, updated_at) VALUES ('cd0f2e6f-cac4-44e0-ace6-203871154435', '2026-07-10', '16:00:00', 'ba547a79-3908-4660-a602-edd8403b7c5d', '3eee00e4-902e-4371-8066-2edeccba650e', '2026-01-15T04:50:09.861169', '2026-01-15T04:50:09.861169');
INSERT INTO movie_projections (id, projection_date, projection_time, cinema_hall_id, movie_id, created_at, updated_at) VALUES ('77ad269b-fdeb-4329-baf0-9b2996ff3ce3', '2026-06-02', '19:00:00', '81059085-f2ca-4b4e-95f3-be4728c2aa0a', '3eee00e4-902e-4371-8066-2edeccba650e', '2026-01-15T04:50:09.861193', '2026-01-15T04:50:09.861193');
INSERT INTO movie_projections (id, projection_date, projection_time, cinema_hall_id, movie_id, created_at, updated_at) VALUES ('3377b236-10e4-45ed-9ee5-67cb7e50ce16', '2026-05-23', '16:00:00', '223652cd-d2ab-4968-8a1e-349553055ce6', '3eee00e4-902e-4371-8066-2edeccba650e', '2026-01-15T04:50:09.861219', '2026-01-15T04:50:09.861219');
INSERT INTO movie_projections (id, projection_date, projection_time, cinema_hall_id, movie_id, created_at, updated_at) VALUES ('2887db07-ba60-43b5-852b-3115d6a8bf06', '2026-05-09', '13:00:00', 'ba547a79-3908-4660-a602-edd8403b7c5d', '3eee00e4-902e-4371-8066-2edeccba650e', '2026-01-15T04:50:09.861244', '2026-01-15T04:50:09.861244');
INSERT INTO movie_projections (id, projection_date, projection_time, cinema_hall_id, movie_id, created_at, updated_at) VALUES ('6e6be3a1-2353-4d48-a6bd-f522de3bdd6e', '2026-05-16', '10:00:00', '223652cd-d2ab-4968-8a1e-349553055ce6', '3eee00e4-902e-4371-8066-2edeccba650e', '2026-01-15T04:50:09.861271', '2026-01-15T04:50:09.861271');
INSERT INTO movie_projections (id, projection_date, projection_time, cinema_hall_id, movie_id, created_at, updated_at) VALUES ('3dc758b8-1c56-4110-8637-5cceb4baa462', '2026-06-11', '16:00:00', 'cab834d9-f539-47b1-a0df-a6ba84c95746', '3eee00e4-902e-4371-8066-2edeccba650e', '2026-01-15T04:50:09.861296', '2026-01-15T04:50:09.861296');
INSERT INTO movie_projections (id, projection_date, projection_time, cinema_hall_id, movie_id, created_at, updated_at) VALUES ('ae6ce71c-73ee-42b1-ab73-5373570f3a7b', '2026-06-04', '13:00:00', 'cab834d9-f539-47b1-a0df-a6ba84c95746', '3eee00e4-902e-4371-8066-2edeccba650e', '2026-01-15T04:50:09.861321', '2026-01-15T04:50:09.861321');
INSERT INTO movie_projections (id, projection_date, projection_time, cinema_hall_id, movie_id, created_at, updated_at) VALUES ('a6065251-ba77-4b87-8a4a-91b5feb03e13', '2026-05-16', '10:00:00', 'ba547a79-3908-4660-a602-edd8403b7c5d', '3eee00e4-902e-4371-8066-2edeccba650e', '2026-01-15T04:50:09.861346', '2026-01-15T04:50:09.861346');
INSERT INTO movie_projections (id, projection_date, projection_time, cinema_hall_id, movie_id, created_at, updated_at) VALUES ('d76d5ff2-603a-40c2-b865-6e7940da0308', '2026-06-11', '19:00:00', 'f6779957-000c-48ec-8919-484a54941dac', '3eee00e4-902e-4371-8066-2edeccba650e', '2026-01-15T04:50:09.861375', '2026-01-15T04:50:09.861375');
INSERT INTO bookings (id, user_id, ticket_count, status, created_at, expires_at, updated_at) VALUES ('c824a74a-84e4-4fcc-8e18-ef6c026815cf', 'b4d7b55b-117e-4f2c-9c3e-f8b9ef24bed5', 1, 'lock', '2025-12-22T07:53:09.861683','2025-12-22T07:58:09.861683' , '2025-12-22T07:53:09.861683');
INSERT INTO bookings (id, user_id, ticket_count, status, created_at, expires_at, updated_at) VALUES ('fdf86503-8595-4e79-a1a6-f71743a47c10', '91e4fbe1-f547-4afd-9956-54dcb45260fe', 1, 'lock', '2025-12-16T10:51:09.861820','2025-12-16T10:56:09.861820' , '2025-12-16T10:51:09.861820');
INSERT INTO bookings (id, user_id, ticket_count, status, created_at, expires_at, updated_at) VALUES ('1f14e312-6880-4996-a284-5ba9ba9b5829', 'f4e6d03a-535a-4d43-b399-fdd5ee56d94a', 1, 'reserved', '2025-12-31T03:18:09.861910','2026-02-17T12:00:00' , '2025-12-31T03:18:09.861910');
INSERT INTO bookings (id, user_id, ticket_count, status, created_at, expires_at, updated_at) VALUES ('4a5ee559-d0b9-4735-876f-65c67534d873', 'f4e6d03a-535a-4d43-b399-fdd5ee56d94a', 1, 'paid', '2026-01-07T07:31:09.861989','2026-02-25T16:00:00' , '2026-01-07T07:31:09.861989');
INSERT INTO bookings (id, user_id, ticket_count, status, created_at, expires_at, updated_at) VALUES ('5ef6c1df-d91a-4acd-93e2-eeec871c83cb', 'b4d7b55b-117e-4f2c-9c3e-f8b9ef24bed5', 4, 'reserved', '2026-01-10T17:00:09.862091','2026-02-02T09:00:00' , '2026-01-10T17:00:09.862091');
INSERT INTO bookings (id, user_id, ticket_count, status, created_at, expires_at, updated_at) VALUES ('0e9e9728-d5bb-48fc-a208-5b38cfe6ac31', '91e4fbe1-f547-4afd-9956-54dcb45260fe', 3, 'lock', '2025-12-27T08:15:09.862188','2025-12-27T08:20:09.862188' , '2025-12-27T08:15:09.862188');
INSERT INTO bookings (id, user_id, ticket_count, status, created_at, expires_at, updated_at) VALUES ('923381fa-45d7-4ebe-b784-7f255d521437', 'b4d7b55b-117e-4f2c-9c3e-f8b9ef24bed5', 1, 'reserved', '2025-12-15T10:43:09.862259','2026-03-17T15:00:00' , '2025-12-15T10:43:09.862259');
INSERT INTO bookings (id, user_id, ticket_count, status, created_at, expires_at, updated_at) VALUES ('f3868f4b-7ffd-4081-847e-5cadb20e9793', 'f4e6d03a-535a-4d43-b399-fdd5ee56d94a', 1, 'reserved', '2025-12-26T14:26:09.862338','2026-02-27T09:00:00' , '2025-12-26T14:26:09.862338');
INSERT INTO bookings (id, user_id, ticket_count, status, created_at, expires_at, updated_at) VALUES ('8d41b697-46e8-4602-907e-860c925de16d', 'b4d7b55b-117e-4f2c-9c3e-f8b9ef24bed5', 3, 'paid', '2025-12-22T02:42:09.862413','2026-04-01T13:00:00' , '2025-12-22T02:42:09.862413');
INSERT INTO bookings (id, user_id, ticket_count, status, created_at, expires_at, updated_at) VALUES ('40d149e8-247b-4e0c-8fcc-b55aab7b177c', 'f4e6d03a-535a-4d43-b399-fdd5ee56d94a', 3, 'paid', '2025-12-19T17:34:09.862485','2026-04-12T13:00:00' , '2025-12-19T17:34:09.862485');
INSERT INTO bookings (id, user_id, ticket_count, status, created_at, expires_at, updated_at) VALUES ('5395d095-458e-4834-8583-d1b6b2897af6', '91e4fbe1-f547-4afd-9956-54dcb45260fe', 2, 'paid', '2025-12-25T11:31:09.862554','2026-02-14T19:00:00' , '2025-12-25T11:31:09.862554');
INSERT INTO bookings (id, user_id, ticket_count, status, created_at, expires_at, updated_at) VALUES ('4171e178-7bc2-4a91-a4ae-0cf0dd1a7f76', '91e4fbe1-f547-4afd-9956-54dcb45260fe', 2, 'reserved', '2026-01-11T13:08:09.862631','2026-01-20T09:00:00' , '2026-01-11T13:08:09.862631');
INSERT INTO bookings (id, user_id, ticket_count, status, created_at, expires_at, updated_at) VALUES ('5a4d3644-2578-4b5c-8713-027b015b90ed', 'f4e6d03a-535a-4d43-b399-fdd5ee56d94a', 2, 'paid', '2025-12-29T04:41:09.862744','2026-04-27T16:00:00' , '2025-12-29T04:41:09.862744');
INSERT INTO bookings (id, user_id, ticket_count, status, created_at, expires_at, updated_at) VALUES ('187bcaab-6eea-4c29-8452-3c44fa605018', 'b4d7b55b-117e-4f2c-9c3e-f8b9ef24bed5', 1, 'reserved', '2026-01-06T04:57:09.862831','2026-05-01T09:00:00' , '2026-01-06T04:57:09.862831');
INSERT INTO bookings (id, user_id, ticket_count, status, created_at, expires_at, updated_at) VALUES ('0cd5f4b4-9a8c-4a3c-a01a-f3b653519a51', 'f4e6d03a-535a-4d43-b399-fdd5ee56d94a', 3, 'reserved', '2025-12-26T09:28:09.862937','2026-04-30T18:00:00' , '2025-12-26T09:28:09.862937');
INSERT INTO bookings (id, user_id, ticket_count, status, created_at, expires_at, updated_at) VALUES ('54d9646f-42ee-4858-86de-1273c5d7400f', '91e4fbe1-f547-4afd-9956-54dcb45260fe', 3, 'reserved', '2025-12-15T15:54:09.863000','2026-02-25T18:00:00' , '2025-12-15T15:54:09.863000');
INSERT INTO bookings (id, user_id, ticket_count, status, created_at, expires_at, updated_at) VALUES ('bfc7cceb-24d7-4a06-bd5f-7013fdd19afd', 'f4e6d03a-535a-4d43-b399-fdd5ee56d94a', 3, 'reserved', '2026-01-10T06:40:09.863045','2026-01-26T18:00:00' , '2026-01-10T06:40:09.863045');
INSERT INTO bookings (id, user_id, ticket_count, status, created_at, expires_at, updated_at) VALUES ('61da6e61-2c9c-4acf-af2a-a4792c085a18', 'f4e6d03a-535a-4d43-b399-fdd5ee56d94a', 1, 'paid', '2026-01-08T06:00:09.863093','2026-04-27T13:00:00' , '2026-01-08T06:00:09.863093');
INSERT INTO bookings (id, user_id, ticket_count, status, created_at, expires_at, updated_at) VALUES ('a5cc1d00-9932-4c6b-b5b8-b54883623e7c', 'b4d7b55b-117e-4f2c-9c3e-f8b9ef24bed5', 1, 'paid', '2026-01-01T21:11:09.863146','2026-02-25T16:00:00' , '2026-01-01T21:11:09.863146');
INSERT INTO bookings (id, user_id, ticket_count, status, created_at, expires_at, updated_at) VALUES ('7c7f4eeb-bfa8-43a9-aead-bb8dde5cb80e', '91e4fbe1-f547-4afd-9956-54dcb45260fe', 3, 'reserved', '2025-12-22T02:11:09.863182','2026-03-23T09:00:00' , '2025-12-22T02:11:09.863182');
INSERT INTO bookings (id, user_id, ticket_count, status, created_at, expires_at, updated_at) VALUES ('19404885-5788-484b-b3c6-4a3f33567dd2', '91e4fbe1-f547-4afd-9956-54dcb45260fe', 4, 'reserved', '2025-12-16T10:12:09.863218','2026-03-20T15:00:00' , '2025-12-16T10:12:09.863218');
INSERT INTO bookings (id, user_id, ticket_count, status, created_at, expires_at, updated_at) VALUES ('de115802-1600-41d7-aea0-09052725f4e3', '91e4fbe1-f547-4afd-9956-54dcb45260fe', 1, 'lock', '2025-12-24T12:20:09.863265','2025-12-24T12:25:09.863265' , '2025-12-24T12:20:09.863265');
INSERT INTO bookings (id, user_id, ticket_count, status, created_at, expires_at, updated_at) VALUES ('9f86babd-49d3-4ca8-85b1-43e79eb7ecce', 'f4e6d03a-535a-4d43-b399-fdd5ee56d94a', 3, 'paid', '2025-12-28T16:46:09.863306','2026-06-13T10:00:00' , '2025-12-28T16:46:09.863306');
INSERT INTO bookings (id, user_id, ticket_count, status, created_at, expires_at, updated_at) VALUES ('afc294f4-f5a7-45c9-80d9-e528fea34cff', '91e4fbe1-f547-4afd-9956-54dcb45260fe', 1, 'paid', '2026-01-09T19:49:09.863371','2026-02-27T19:00:00' , '2026-01-09T19:49:09.863371');
INSERT INTO bookings (id, user_id, ticket_count, status, created_at, expires_at, updated_at) VALUES ('eeee4529-0581-437d-a573-47c215ab05fa', 'b4d7b55b-117e-4f2c-9c3e-f8b9ef24bed5', 1, 'reserved', '2025-12-30T00:25:09.863415','2026-06-11T09:00:00' , '2025-12-30T00:25:09.863415');
INSERT INTO bookings (id, user_id, ticket_count, status, created_at, expires_at, updated_at) VALUES ('cc4f008a-96d0-43d4-993e-4b6b6ad5f569', '91e4fbe1-f547-4afd-9956-54dcb45260fe', 3, 'lock', '2025-12-21T15:36:09.863458','2025-12-21T15:41:09.863458' , '2025-12-21T15:36:09.863458');
INSERT INTO bookings (id, user_id, ticket_count, status, created_at, expires_at, updated_at) VALUES ('d44a020b-3f77-4649-9558-bfe115afa8b0', '91e4fbe1-f547-4afd-9956-54dcb45260fe', 1, 'paid', '2025-12-20T20:46:09.863502','2026-03-03T19:00:00' , '2025-12-20T20:46:09.863502');
INSERT INTO bookings (id, user_id, ticket_count, status, created_at, expires_at, updated_at) VALUES ('112e213a-d05a-427b-84ed-0c88ce354031', 'b4d7b55b-117e-4f2c-9c3e-f8b9ef24bed5', 4, 'lock', '2026-01-13T19:39:09.863544','2026-01-13T19:44:09.863544' , '2026-01-13T19:39:09.863544');
INSERT INTO bookings (id, user_id, ticket_count, status, created_at, expires_at, updated_at) VALUES ('f9688778-0b5f-436e-a8d7-a38915fb807d', '91e4fbe1-f547-4afd-9956-54dcb45260fe', 1, 'paid', '2025-12-20T15:23:09.863587','2026-06-22T10:00:00' , '2025-12-20T15:23:09.863587');
INSERT INTO bookings (id, user_id, ticket_count, status, created_at, expires_at, updated_at) VALUES ('28a975ed-b3b0-4b91-87c7-8af69ccd0c52', 'b4d7b55b-117e-4f2c-9c3e-f8b9ef24bed5', 1, 'reserved', '2025-12-15T15:23:09.863627','2026-02-14T15:00:00' , '2025-12-15T15:23:09.863627');
INSERT INTO bookings (id, user_id, ticket_count, status, created_at, expires_at, updated_at) VALUES ('6ec21797-573e-4275-9d9d-bdd087a5af80', '91e4fbe1-f547-4afd-9956-54dcb45260fe', 4, 'lock', '2026-01-09T19:59:09.863667','2026-01-09T20:04:09.863667' , '2026-01-09T19:59:09.863667');
INSERT INTO bookings (id, user_id, ticket_count, status, created_at, expires_at, updated_at) VALUES ('683995d6-ffd7-4bb3-940a-63553f5ff89d', '91e4fbe1-f547-4afd-9956-54dcb45260fe', 1, 'paid', '2025-12-18T12:47:09.863708','2026-03-04T19:00:00' , '2025-12-18T12:47:09.863708');
INSERT INTO bookings (id, user_id, ticket_count, status, created_at, expires_at, updated_at) VALUES ('aac41949-12ce-431e-936e-49744f0028d4', '91e4fbe1-f547-4afd-9956-54dcb45260fe', 3, 'paid', '2025-12-27T11:31:09.863752','2026-04-09T10:00:00' , '2025-12-27T11:31:09.863752');
INSERT INTO bookings (id, user_id, ticket_count, status, created_at, expires_at, updated_at) VALUES ('55666f15-d7c3-46d6-894e-dd9af255a50d', 'b4d7b55b-117e-4f2c-9c3e-f8b9ef24bed5', 3, 'reserved', '2026-01-01T16:46:09.863793','2026-04-30T12:00:00' , '2026-01-01T16:46:09.863793');
INSERT INTO bookings (id, user_id, ticket_count, status, created_at, expires_at, updated_at) VALUES ('a5b74989-c749-406b-a46d-794f7d97404a', 'f4e6d03a-535a-4d43-b399-fdd5ee56d94a', 2, 'paid', '2025-12-27T01:58:09.863836','2026-03-13T10:00:00' , '2025-12-27T01:58:09.863836');
INSERT INTO bookings (id, user_id, ticket_count, status, created_at, expires_at, updated_at) VALUES ('e324497c-72e7-4a53-b32f-6d699e1ed452', '91e4fbe1-f547-4afd-9956-54dcb45260fe', 4, 'paid', '2026-01-10T07:20:09.863879','2026-05-14T13:00:00' , '2026-01-10T07:20:09.863879');
INSERT INTO bookings (id, user_id, ticket_count, status, created_at, expires_at, updated_at) VALUES ('fa887d63-e547-4bf8-873e-fbe757e64a06', 'f4e6d03a-535a-4d43-b399-fdd5ee56d94a', 4, 'paid', '2025-12-25T07:27:09.863919','2026-06-28T16:00:00' , '2025-12-25T07:27:09.863919');
INSERT INTO bookings (id, user_id, ticket_count, status, created_at, expires_at, updated_at) VALUES ('8b4d1750-a8b1-4f3f-9d56-f8923d463d85', 'f4e6d03a-535a-4d43-b399-fdd5ee56d94a', 1, 'paid', '2025-12-17T09:04:09.863961','2026-03-04T10:00:00' , '2025-12-17T09:04:09.863961');
INSERT INTO bookings (id, user_id, ticket_count, status, created_at, expires_at, updated_at) VALUES ('200c72d1-88dc-4b5f-a2bb-9add7660d092', '91e4fbe1-f547-4afd-9956-54dcb45260fe', 4, 'paid', '2026-01-08T05:06:09.864003','2026-03-21T10:00:00' , '2026-01-08T05:06:09.864003');
INSERT INTO bookings (id, user_id, ticket_count, status, created_at, expires_at, updated_at) VALUES ('ebcc98eb-c242-4b3e-aaca-3dd4bb1ead06', 'f4e6d03a-535a-4d43-b399-fdd5ee56d94a', 2, 'paid', '2025-12-30T02:54:09.864049','2026-02-23T13:00:00' , '2025-12-30T02:54:09.864049');
INSERT INTO bookings (id, user_id, ticket_count, status, created_at, expires_at, updated_at) VALUES ('0ed3ca4a-cf40-4e80-8eea-8f9dd1d07e4d', '91e4fbe1-f547-4afd-9956-54dcb45260fe', 3, 'reserved', '2026-01-15T03:39:09.864093','2026-02-14T12:00:00' , '2026-01-15T03:39:09.864093');
INSERT INTO bookings (id, user_id, ticket_count, status, created_at, expires_at, updated_at) VALUES ('d82c74da-9820-460b-bad8-4346c5b89eb5', '91e4fbe1-f547-4afd-9956-54dcb45260fe', 1, 'paid', '2025-12-31T03:19:09.864139','2026-03-11T10:00:00' , '2025-12-31T03:19:09.864139');
INSERT INTO bookings (id, user_id, ticket_count, status, created_at, expires_at, updated_at) VALUES ('826bd8f7-0bfb-4825-89fc-6a9e6846d6ba', '91e4fbe1-f547-4afd-9956-54dcb45260fe', 2, 'paid', '2026-01-08T22:34:09.864178','2026-03-01T19:00:00' , '2026-01-08T22:34:09.864178');
INSERT INTO bookings (id, user_id, ticket_count, status, created_at, expires_at, updated_at) VALUES ('373c00fb-1512-488d-98af-7dbe27ae094a', 'f4e6d03a-535a-4d43-b399-fdd5ee56d94a', 1, 'paid', '2025-12-26T21:49:09.864217','2026-03-20T10:00:00' , '2025-12-26T21:49:09.864217');
INSERT INTO bookings (id, user_id, ticket_count, status, created_at, expires_at, updated_at) VALUES ('9d712e3a-1f0c-4b90-bf90-efe6b1d2bb56', '91e4fbe1-f547-4afd-9956-54dcb45260fe', 2, 'reserved', '2026-01-02T13:50:09.864258','2026-01-17T18:00:00' , '2026-01-02T13:50:09.864258');
INSERT INTO bookings (id, user_id, ticket_count, status, created_at, expires_at, updated_at) VALUES ('f4c646aa-efec-47b9-b03c-d0ca9e5a4629', 'f4e6d03a-535a-4d43-b399-fdd5ee56d94a', 2, 'paid', '2026-01-01T06:07:09.864298','2026-05-21T13:00:00' , '2026-01-01T06:07:09.864298');
INSERT INTO bookings (id, user_id, ticket_count, status, created_at, expires_at, updated_at) VALUES ('66d6857a-056f-42cb-a3cd-f2b273f31948', '91e4fbe1-f547-4afd-9956-54dcb45260fe', 4, 'paid', '2025-12-26T18:45:09.864337','2026-03-28T10:00:00' , '2025-12-26T18:45:09.864337');
INSERT INTO bookings (id, user_id, ticket_count, status, created_at, expires_at, updated_at) VALUES ('c399fa0a-2ffd-4f6e-b314-2cacfecc0f07', 'b4d7b55b-117e-4f2c-9c3e-f8b9ef24bed5', 4, 'lock', '2025-12-27T14:57:09.864376','2025-12-27T15:02:09.864376' , '2025-12-27T14:57:09.864376');
INSERT INTO bookings (id, user_id, ticket_count, status, created_at, expires_at, updated_at) VALUES ('4b27d016-352d-4cab-a6bd-18d0c511b3c9', '91e4fbe1-f547-4afd-9956-54dcb45260fe', 3, 'paid', '2025-12-18T19:05:09.864421','2026-03-16T13:00:00' , '2025-12-18T19:05:09.864421');
INSERT INTO bookings (id, user_id, ticket_count, status, created_at, expires_at, updated_at) VALUES ('0bf78b16-d4c6-4dc2-bce4-e45d7a928d4c', 'b4d7b55b-117e-4f2c-9c3e-f8b9ef24bed5', 1, 'reserved', '2026-01-08T03:48:09.864474','2026-01-24T18:00:00' , '2026-01-08T03:48:09.864474');
INSERT INTO tickets (id, projection_id, hall_seat_id, booking_id, created_at, updated_at) VALUES ('453ce851-4d04-4128-b43a-24c08b109471', '440ac883-899b-4eb0-bca0-b0bc648f98fa', '4447b55f-452a-4f47-a3d3-2e3fdb08c7cd', 'c824a74a-84e4-4fcc-8e18-ef6c026815cf', '2026-01-15T04:50:09.865220', '2026-01-15T04:50:09.865220');
INSERT INTO tickets (id, projection_id, hall_seat_id, booking_id, created_at, updated_at) VALUES ('5baafcec-288d-4fd8-b31d-6979fb146f32', 'b2a92042-760e-4a97-a247-1706a04e85bd', '1cf5779e-78b7-4348-bbbe-4a9f679662cb', 'fdf86503-8595-4e79-a1a6-f71743a47c10', '2026-01-15T04:50:09.865455', '2026-01-15T04:50:09.865455');
INSERT INTO tickets (id, projection_id, hall_seat_id, booking_id, created_at, updated_at) VALUES ('edb72d9d-00de-4f3d-af0b-f6b00aa34e93', '23ee4ce7-cc75-49d3-a13a-a104f30d7e5e', '12902a4f-254b-4b50-b1a1-8f3562701c76', '1f14e312-6880-4996-a284-5ba9ba9b5829', '2026-01-15T04:50:09.865694', '2026-01-15T04:50:09.865694');
INSERT INTO tickets (id, projection_id, hall_seat_id, booking_id, created_at, updated_at) VALUES ('3d8cc96f-38e7-4ba6-a86e-a3aa35677ef6', '3bff22ef-c2f8-4926-ba6f-02045373e07a', '23e7c85c-5e91-448c-b50e-7aa1696de2c1', '4a5ee559-d0b9-4735-876f-65c67534d873', '2026-01-15T04:50:09.866052', '2026-01-15T04:50:09.866052');
INSERT INTO tickets (id, projection_id, hall_seat_id, booking_id, created_at, updated_at) VALUES ('d92f403d-e3a8-4b96-b2ae-6683a1b27307', '50f7b565-2048-49f7-a462-d6c2ab2bd9fb', '69256ee0-190e-4cd4-8669-4ecc86204341', '5ef6c1df-d91a-4acd-93e2-eeec871c83cb', '2026-01-15T04:50:09.866397', '2026-01-15T04:50:09.866397');
INSERT INTO tickets (id, projection_id, hall_seat_id, booking_id, created_at, updated_at) VALUES ('c7bad152-4f36-4fe6-af5e-bacf5398bd22', '50f7b565-2048-49f7-a462-d6c2ab2bd9fb', 'e153def2-83c0-4de5-b99e-cfbb822576db', '5ef6c1df-d91a-4acd-93e2-eeec871c83cb', '2026-01-15T04:50:09.866439', '2026-01-15T04:50:09.866439');
INSERT INTO tickets (id, projection_id, hall_seat_id, booking_id, created_at, updated_at) VALUES ('e5ff25d8-c339-47b9-bfd5-5fb2ac57ff24', '50f7b565-2048-49f7-a462-d6c2ab2bd9fb', '5fbee534-6140-4619-be72-c410b717761f', '5ef6c1df-d91a-4acd-93e2-eeec871c83cb', '2026-01-15T04:50:09.866467', '2026-01-15T04:50:09.866467');
INSERT INTO tickets (id, projection_id, hall_seat_id, booking_id, created_at, updated_at) VALUES ('5146cd6a-bec5-4273-913a-8a5436e487f3', '50f7b565-2048-49f7-a462-d6c2ab2bd9fb', '5cfb6cef-98e4-4053-92d5-7ae4a672a972', '5ef6c1df-d91a-4acd-93e2-eeec871c83cb', '2026-01-15T04:50:09.866493', '2026-01-15T04:50:09.866493');
INSERT INTO tickets (id, projection_id, hall_seat_id, booking_id, created_at, updated_at) VALUES ('c0169a7e-4032-496b-b8f0-0858f9994bc2', 'e56cae34-5aa1-4938-ac0b-9613648cdaff', '7ca741be-9415-445f-a9a9-194726289f5b', '0e9e9728-d5bb-48fc-a208-5b38cfe6ac31', '2026-01-15T04:50:09.866752', '2026-01-15T04:50:09.866752');
INSERT INTO tickets (id, projection_id, hall_seat_id, booking_id, created_at, updated_at) VALUES ('d62f7078-3eef-4914-87c6-fc9b1dc99cfa', 'e56cae34-5aa1-4938-ac0b-9613648cdaff', '46e3b3d1-8078-4493-bc69-66a5863f3a04', '0e9e9728-d5bb-48fc-a208-5b38cfe6ac31', '2026-01-15T04:50:09.866770', '2026-01-15T04:50:09.866770');
INSERT INTO tickets (id, projection_id, hall_seat_id, booking_id, created_at, updated_at) VALUES ('4014a411-08c6-4a3d-899d-8ccecfc7eabb', 'e56cae34-5aa1-4938-ac0b-9613648cdaff', 'd8320fdb-69e5-456c-b23a-e8a501599e5a', '0e9e9728-d5bb-48fc-a208-5b38cfe6ac31', '2026-01-15T04:50:09.866786', '2026-01-15T04:50:09.866786');
INSERT INTO tickets (id, projection_id, hall_seat_id, booking_id, created_at, updated_at) VALUES ('19bd08ee-9114-4170-8d11-37c8ce3981e4', '610e844e-a908-4770-ac03-535ba649e605', '6175992c-1567-4aab-9b88-000560c1a8c7', '923381fa-45d7-4ebe-b784-7f255d521437', '2026-01-15T04:50:09.866982', '2026-01-15T04:50:09.866982');
INSERT INTO tickets (id, projection_id, hall_seat_id, booking_id, created_at, updated_at) VALUES ('84d6009b-1b1c-42d3-9a85-8fc2d8c4ad6d', '9ad8ff13-4b24-49d6-ad9b-ce168b4870e6', '0c01572a-06e4-4903-b26b-39b553408bd3', 'f3868f4b-7ffd-4081-847e-5cadb20e9793', '2026-01-15T04:50:09.867182', '2026-01-15T04:50:09.867182');
INSERT INTO tickets (id, projection_id, hall_seat_id, booking_id, created_at, updated_at) VALUES ('91cf87e8-927f-4e95-9151-335cd31925e4', 'fbda998c-c826-4492-9dd9-9151a3742de0', '7139237c-812b-423e-88f0-583708701f2c', '8d41b697-46e8-4602-907e-860c925de16d', '2026-01-15T04:50:09.867339', '2026-01-15T04:50:09.867339');
INSERT INTO tickets (id, projection_id, hall_seat_id, booking_id, created_at, updated_at) VALUES ('c8e040f5-d03e-436f-86e2-de918bce814b', 'fbda998c-c826-4492-9dd9-9151a3742de0', '2bfbc3f8-ffeb-4ee9-8ab4-74e0b927902e', '8d41b697-46e8-4602-907e-860c925de16d', '2026-01-15T04:50:09.867356', '2026-01-15T04:50:09.867356');
INSERT INTO tickets (id, projection_id, hall_seat_id, booking_id, created_at, updated_at) VALUES ('04ba04ce-a55f-4bbb-ba2c-110c49376bd0', 'fbda998c-c826-4492-9dd9-9151a3742de0', '2b39f5e7-582a-4318-a737-7bd518b91617', '8d41b697-46e8-4602-907e-860c925de16d', '2026-01-15T04:50:09.867378', '2026-01-15T04:50:09.867378');
INSERT INTO tickets (id, projection_id, hall_seat_id, booking_id, created_at, updated_at) VALUES ('e4567f75-be18-415a-83bc-596b31e6ce2c', 'd5e27fbf-d97b-4076-a716-c4c151203184', 'ed3ac798-6c27-4a72-8908-0dff93357f6a', '40d149e8-247b-4e0c-8fcc-b55aab7b177c', '2026-01-15T04:50:09.867629', '2026-01-15T04:50:09.867629');
INSERT INTO tickets (id, projection_id, hall_seat_id, booking_id, created_at, updated_at) VALUES ('4684e796-4e3b-4969-8636-c36947704e30', 'd5e27fbf-d97b-4076-a716-c4c151203184', '90caf0ad-a191-4526-8db6-a80bb09cb13e', '40d149e8-247b-4e0c-8fcc-b55aab7b177c', '2026-01-15T04:50:09.867669', '2026-01-15T04:50:09.867669');
INSERT INTO tickets (id, projection_id, hall_seat_id, booking_id, created_at, updated_at) VALUES ('c453b7f1-73f9-4089-a759-e23218c1d484', 'd5e27fbf-d97b-4076-a716-c4c151203184', 'b530d976-8864-4498-ae02-6b36b928b094', '40d149e8-247b-4e0c-8fcc-b55aab7b177c', '2026-01-15T04:50:09.867701', '2026-01-15T04:50:09.867701');
INSERT INTO tickets (id, projection_id, hall_seat_id, booking_id, created_at, updated_at) VALUES ('c377f1a7-eee7-4ba1-9282-457247528641', '0c184775-967e-4981-8e24-c1df71ceee76', 'e90cc929-e537-44d4-940d-b8a9dda62ef2', '5395d095-458e-4834-8583-d1b6b2897af6', '2026-01-15T04:50:09.867960', '2026-01-15T04:50:09.867960');
INSERT INTO tickets (id, projection_id, hall_seat_id, booking_id, created_at, updated_at) VALUES ('079d72e7-bc8b-4c1d-b5bf-003c37044327', '0c184775-967e-4981-8e24-c1df71ceee76', '10fcd31a-f6f5-4304-adc6-fe15fe1cf04c', '5395d095-458e-4834-8583-d1b6b2897af6', '2026-01-15T04:50:09.867980', '2026-01-15T04:50:09.867980');
INSERT INTO tickets (id, projection_id, hall_seat_id, booking_id, created_at, updated_at) VALUES ('2d37d93f-4721-46a1-8faa-85dceadedbb6', 'cf477595-4301-49f0-ba26-26c14bd29e0f', 'b96cbafd-3dd4-4607-b763-ccee4cb1c0da', '4171e178-7bc2-4a91-a4ae-0cf0dd1a7f76', '2026-01-15T04:50:09.868172', '2026-01-15T04:50:09.868172');
INSERT INTO tickets (id, projection_id, hall_seat_id, booking_id, created_at, updated_at) VALUES ('78febede-0c89-4832-933f-83117ff6265b', 'cf477595-4301-49f0-ba26-26c14bd29e0f', '314bb489-6c02-44be-8f9a-9323a6998f58', '4171e178-7bc2-4a91-a4ae-0cf0dd1a7f76', '2026-01-15T04:50:09.868189', '2026-01-15T04:50:09.868189');
INSERT INTO tickets (id, projection_id, hall_seat_id, booking_id, created_at, updated_at) VALUES ('a891c568-ffda-4753-b203-7b39dca9f927', '11148fbb-6d46-411e-b2cc-0024691b46bb', 'c45b092f-b489-4553-837e-717af092c3a6', '5a4d3644-2578-4b5c-8713-027b015b90ed', '2026-01-15T04:50:09.868432', '2026-01-15T04:50:09.868432');
INSERT INTO tickets (id, projection_id, hall_seat_id, booking_id, created_at, updated_at) VALUES ('c69c8882-99e4-4a54-93d2-8a54742d16fc', '11148fbb-6d46-411e-b2cc-0024691b46bb', '35c641d8-7d3a-4af9-abfb-46d2347703bb', '5a4d3644-2578-4b5c-8713-027b015b90ed', '2026-01-15T04:50:09.868449', '2026-01-15T04:50:09.868449');
INSERT INTO tickets (id, projection_id, hall_seat_id, booking_id, created_at, updated_at) VALUES ('0c77e2d9-9152-4701-90e9-95c7a4b28319', 'd1dfd529-9197-4592-9c01-962a9a75db28', '69256ee0-190e-4cd4-8669-4ecc86204341', '187bcaab-6eea-4c29-8452-3c44fa605018', '2026-01-15T04:50:09.868726', '2026-01-15T04:50:09.868726');
INSERT INTO tickets (id, projection_id, hall_seat_id, booking_id, created_at, updated_at) VALUES ('c730fcf3-cfd2-4929-98c2-cc8dcb355a18', '21da2d83-de96-428d-b9fe-795c5632f18b', 'fe43f3ea-7363-4ddb-a5f1-2e556739b995', '0cd5f4b4-9a8c-4a3c-a01a-f3b653519a51', '2026-01-15T04:50:09.868983', '2026-01-15T04:50:09.868983');
INSERT INTO tickets (id, projection_id, hall_seat_id, booking_id, created_at, updated_at) VALUES ('d99753ac-9be4-4fb4-8292-4993371a9c91', '21da2d83-de96-428d-b9fe-795c5632f18b', '67c1c4a2-92cd-48f7-af8a-bc32008a3f08', '0cd5f4b4-9a8c-4a3c-a01a-f3b653519a51', '2026-01-15T04:50:09.869007', '2026-01-15T04:50:09.869007');
INSERT INTO tickets (id, projection_id, hall_seat_id, booking_id, created_at, updated_at) VALUES ('9b509d4f-40e1-4ef1-bd3f-e940110a885c', '21da2d83-de96-428d-b9fe-795c5632f18b', '577a428c-5f81-46b4-bfa4-7a88d4ce600d', '0cd5f4b4-9a8c-4a3c-a01a-f3b653519a51', '2026-01-15T04:50:09.869031', '2026-01-15T04:50:09.869031');
INSERT INTO tickets (id, projection_id, hall_seat_id, booking_id, created_at, updated_at) VALUES ('b1a4e511-44f1-453d-bd15-2cab65eb3ad9', '260d1f0c-5e1e-4fb9-ac0e-d030a3fff92e', '78f854f1-e0f5-4043-b2bf-1e3aac861621', '54d9646f-42ee-4858-86de-1273c5d7400f', '2026-01-15T04:50:09.869250', '2026-01-15T04:50:09.869250');
INSERT INTO tickets (id, projection_id, hall_seat_id, booking_id, created_at, updated_at) VALUES ('59a6ead4-8110-43e7-9919-2e4174dab445', '260d1f0c-5e1e-4fb9-ac0e-d030a3fff92e', '3731abd3-b6fe-490d-aec3-1e1c6cb6c598', '54d9646f-42ee-4858-86de-1273c5d7400f', '2026-01-15T04:50:09.869268', '2026-01-15T04:50:09.869268');
INSERT INTO tickets (id, projection_id, hall_seat_id, booking_id, created_at, updated_at) VALUES ('8ef30346-3c81-4b93-91b0-5609586f4e91', '260d1f0c-5e1e-4fb9-ac0e-d030a3fff92e', '300921f8-2865-4dba-b6cf-7dcff483d596', '54d9646f-42ee-4858-86de-1273c5d7400f', '2026-01-15T04:50:09.869283', '2026-01-15T04:50:09.869283');
INSERT INTO tickets (id, projection_id, hall_seat_id, booking_id, created_at, updated_at) VALUES ('0568abaf-14ac-45c9-9ac4-20512864170a', '8816f1e8-6a52-4c3c-b338-3cf48490ea47', '90d76c49-17f5-4aaf-b0a2-facd8d4a0871', 'bfc7cceb-24d7-4a06-bd5f-7013fdd19afd', '2026-01-15T04:50:09.869481', '2026-01-15T04:50:09.869481');
INSERT INTO tickets (id, projection_id, hall_seat_id, booking_id, created_at, updated_at) VALUES ('ee30c84b-d525-4328-b01c-88cad95e796b', '8816f1e8-6a52-4c3c-b338-3cf48490ea47', '61958611-4d54-47bb-98d6-2627c60c2af2', 'bfc7cceb-24d7-4a06-bd5f-7013fdd19afd', '2026-01-15T04:50:09.869519', '2026-01-15T04:50:09.869519');
INSERT INTO tickets (id, projection_id, hall_seat_id, booking_id, created_at, updated_at) VALUES ('b70767a1-9807-4e11-b7b0-0a1cb54f34b4', '8816f1e8-6a52-4c3c-b338-3cf48490ea47', '9a73c012-8331-4c93-a9ce-4d250e7af0d9', 'bfc7cceb-24d7-4a06-bd5f-7013fdd19afd', '2026-01-15T04:50:09.869549', '2026-01-15T04:50:09.869549');
INSERT INTO tickets (id, projection_id, hall_seat_id, booking_id, created_at, updated_at) VALUES ('f9264012-2da5-4a6c-aa28-c424ddccf27a', '1c0c7828-414c-467e-b509-4bdfb1a118c9', '3cc0b25c-e771-4800-ad33-527efb2cf65b', '61da6e61-2c9c-4acf-af2a-a4792c085a18', '2026-01-15T04:50:09.869963', '2026-01-15T04:50:09.869963');
INSERT INTO tickets (id, projection_id, hall_seat_id, booking_id, created_at, updated_at) VALUES ('3f70b92d-1ce8-41bc-945a-dc86d13647f5', '0299612d-9a14-4c3e-b793-debaaa52b795', '9ed83cbc-759a-48da-8b0e-9b0feca4bfb5', 'a5cc1d00-9932-4c6b-b5b8-b54883623e7c', '2026-01-15T04:50:09.870254', '2026-01-15T04:50:09.870254');
INSERT INTO tickets (id, projection_id, hall_seat_id, booking_id, created_at, updated_at) VALUES ('7d700b9d-3202-4a2c-9d09-256e492d3928', '2a691d52-256b-4c9b-99ab-e39415e6a35a', 'b56e03f3-9b40-4500-9a8a-5bd0f2b61279', '7c7f4eeb-bfa8-43a9-aead-bb8dde5cb80e', '2026-01-15T04:50:09.870597', '2026-01-15T04:50:09.870597');
INSERT INTO tickets (id, projection_id, hall_seat_id, booking_id, created_at, updated_at) VALUES ('38ddf405-af95-46e0-834b-f2a030a92604', '2a691d52-256b-4c9b-99ab-e39415e6a35a', '4014da6b-f786-4394-a326-79dee3f2a432', '7c7f4eeb-bfa8-43a9-aead-bb8dde5cb80e', '2026-01-15T04:50:09.870629', '2026-01-15T04:50:09.870629');
INSERT INTO tickets (id, projection_id, hall_seat_id, booking_id, created_at, updated_at) VALUES ('641eb554-cc8f-4724-ba16-5cfab6ede921', '2a691d52-256b-4c9b-99ab-e39415e6a35a', '5deb2231-c7b1-4308-a4c2-58a67b5b4b9b', '7c7f4eeb-bfa8-43a9-aead-bb8dde5cb80e', '2026-01-15T04:50:09.870656', '2026-01-15T04:50:09.870656');
INSERT INTO tickets (id, projection_id, hall_seat_id, booking_id, created_at, updated_at) VALUES ('45995ced-f90a-447f-945d-d2bd15c58070', '723136bd-1a25-4ed1-b091-e1d72aea1174', 'd2ceef1a-c482-4d69-aacd-8a482871e5b5', '19404885-5788-484b-b3c6-4a3f33567dd2', '2026-01-15T04:50:09.871163', '2026-01-15T04:50:09.871163');
INSERT INTO tickets (id, projection_id, hall_seat_id, booking_id, created_at, updated_at) VALUES ('65436e88-6c60-495d-9664-61833e778371', '723136bd-1a25-4ed1-b091-e1d72aea1174', '347631a7-0a00-4549-a946-8889ff7159a2', '19404885-5788-484b-b3c6-4a3f33567dd2', '2026-01-15T04:50:09.871201', '2026-01-15T04:50:09.871201');
INSERT INTO tickets (id, projection_id, hall_seat_id, booking_id, created_at, updated_at) VALUES ('095422ee-2661-4845-945a-f623979f2372', '723136bd-1a25-4ed1-b091-e1d72aea1174', 'a870d042-0e43-4a33-9aa6-3ac5c6a09b51', '19404885-5788-484b-b3c6-4a3f33567dd2', '2026-01-15T04:50:09.871255', '2026-01-15T04:50:09.871255');
INSERT INTO tickets (id, projection_id, hall_seat_id, booking_id, created_at, updated_at) VALUES ('54bf5482-c36e-4801-ba8f-141fb42eb339', '723136bd-1a25-4ed1-b091-e1d72aea1174', '81502d3d-361a-4f29-8a5b-71a8fe075d4d', '19404885-5788-484b-b3c6-4a3f33567dd2', '2026-01-15T04:50:09.871287', '2026-01-15T04:50:09.871287');
INSERT INTO tickets (id, projection_id, hall_seat_id, booking_id, created_at, updated_at) VALUES ('cfdac0ea-bfe8-4a62-b6d8-cfe203d4e815', 'cd0f2e6f-cac4-44e0-ace6-203871154435', 'e82c1547-4ba1-4fae-8e3c-79a4c8df2668', 'de115802-1600-41d7-aea0-09052725f4e3', '2026-01-15T04:50:09.871730', '2026-01-15T04:50:09.871730');
INSERT INTO tickets (id, projection_id, hall_seat_id, booking_id, created_at, updated_at) VALUES ('4890960f-0181-41b3-bf63-9db4a2c409a5', 'fda4f5fa-affd-42fe-8e03-89d0e92ad431', '5830d002-67f1-4b17-90de-18d25dda0499', '9f86babd-49d3-4ca8-85b1-43e79eb7ecce', '2026-01-15T04:50:09.872251', '2026-01-15T04:50:09.872251');
INSERT INTO tickets (id, projection_id, hall_seat_id, booking_id, created_at, updated_at) VALUES ('84722429-9ecf-4464-a11d-fe7098be5896', 'fda4f5fa-affd-42fe-8e03-89d0e92ad431', '6a668c91-f36d-416a-9e00-a497cfd2666b', '9f86babd-49d3-4ca8-85b1-43e79eb7ecce', '2026-01-15T04:50:09.872292', '2026-01-15T04:50:09.872292');
INSERT INTO tickets (id, projection_id, hall_seat_id, booking_id, created_at, updated_at) VALUES ('46194e13-3d7b-4194-bbae-65a6842d7738', 'fda4f5fa-affd-42fe-8e03-89d0e92ad431', '46ff3e82-19f7-4079-a826-8d2fadc35d37', '9f86babd-49d3-4ca8-85b1-43e79eb7ecce', '2026-01-15T04:50:09.872319', '2026-01-15T04:50:09.872319');
INSERT INTO tickets (id, projection_id, hall_seat_id, booking_id, created_at, updated_at) VALUES ('adc90245-448c-4b0e-b528-9327d2a13065', '50047057-8014-4cca-bd9a-2adf5de9030f', '89ea0420-c4c5-487d-aa55-0b1da345a785', 'afc294f4-f5a7-45c9-80d9-e528fea34cff', '2026-01-15T04:50:09.872579', '2026-01-15T04:50:09.872579');
INSERT INTO tickets (id, projection_id, hall_seat_id, booking_id, created_at, updated_at) VALUES ('cee40668-8c9b-48a8-948f-181464d66731', '2f0a624f-2993-4154-97d9-769773b4e78e', 'a87014d6-f661-433c-bdc4-c08248fe3500', 'eeee4529-0581-437d-a573-47c215ab05fa', '2026-01-15T04:50:09.872867', '2026-01-15T04:50:09.872867');
INSERT INTO tickets (id, projection_id, hall_seat_id, booking_id, created_at, updated_at) VALUES ('d89a6a22-5028-47fb-b41b-c2f4757f8adf', 'ac07ab93-a898-46fb-8d06-bdcefae72e55', '085fd952-d4ee-43ed-a13c-dad79e7b6219', 'cc4f008a-96d0-43d4-993e-4b6b6ad5f569', '2026-01-15T04:50:09.873057', '2026-01-15T04:50:09.873057');
INSERT INTO tickets (id, projection_id, hall_seat_id, booking_id, created_at, updated_at) VALUES ('656c555e-9869-42b4-a6aa-fc7fd4fb1082', 'ac07ab93-a898-46fb-8d06-bdcefae72e55', 'eac87439-827b-484e-9b35-567ee5a9d6bc', 'cc4f008a-96d0-43d4-993e-4b6b6ad5f569', '2026-01-15T04:50:09.873076', '2026-01-15T04:50:09.873076');
INSERT INTO tickets (id, projection_id, hall_seat_id, booking_id, created_at, updated_at) VALUES ('7a428b81-80fb-4b76-9860-9e5d01f21096', 'ac07ab93-a898-46fb-8d06-bdcefae72e55', '2fdd1d10-afae-49c8-8a4d-a1bb5a45cff1', 'cc4f008a-96d0-43d4-993e-4b6b6ad5f569', '2026-01-15T04:50:09.873091', '2026-01-15T04:50:09.873091');
INSERT INTO tickets (id, projection_id, hall_seat_id, booking_id, created_at, updated_at) VALUES ('4951a776-8691-4258-93bd-816839d7dba2', '52786d5c-f494-4d38-8b76-0b2acc7406b5', 'c888c941-86c9-4f48-8af4-9a5d7c434104', 'd44a020b-3f77-4649-9558-bfe115afa8b0', '2026-01-15T04:50:09.873423', '2026-01-15T04:50:09.873423');
INSERT INTO tickets (id, projection_id, hall_seat_id, booking_id, created_at, updated_at) VALUES ('31fbf9ba-3f31-4a1b-9e0c-949ca25b2149', 'fd8b0423-ba32-4343-b73e-ddbf259cca9d', 'daae4377-fc05-4b1c-ab44-3d76611566e9', '112e213a-d05a-427b-84ed-0c88ce354031', '2026-01-15T04:50:09.873650', '2026-01-15T04:50:09.873650');
INSERT INTO tickets (id, projection_id, hall_seat_id, booking_id, created_at, updated_at) VALUES ('d98f6c2c-f5ef-44a2-a51e-c1cbada5bad9', 'fd8b0423-ba32-4343-b73e-ddbf259cca9d', '2af3aeb3-cd79-4043-9585-fc560668e3c5', '112e213a-d05a-427b-84ed-0c88ce354031', '2026-01-15T04:50:09.873681', '2026-01-15T04:50:09.873681');
INSERT INTO tickets (id, projection_id, hall_seat_id, booking_id, created_at, updated_at) VALUES ('eb09eb9f-b0c1-400c-adfa-52c53ca1bc65', 'fd8b0423-ba32-4343-b73e-ddbf259cca9d', 'a7343d3f-be34-4b74-9fbe-01702e5fc548', '112e213a-d05a-427b-84ed-0c88ce354031', '2026-01-15T04:50:09.873708', '2026-01-15T04:50:09.873708');
INSERT INTO tickets (id, projection_id, hall_seat_id, booking_id, created_at, updated_at) VALUES ('4e44b42b-8616-46d0-820b-d0f273515259', 'fd8b0423-ba32-4343-b73e-ddbf259cca9d', '4f36fc4b-4dcf-4144-9d48-9635fd6c04fc', '112e213a-d05a-427b-84ed-0c88ce354031', '2026-01-15T04:50:09.873732', '2026-01-15T04:50:09.873732');
INSERT INTO tickets (id, projection_id, hall_seat_id, booking_id, created_at, updated_at) VALUES ('05618e8c-4db8-4b57-b1ac-7ac176ea6153', 'b60ec66a-e387-4997-a3d0-a209665250d5', '7f7c20f7-65e6-42d2-97f6-20e55a446089', 'f9688778-0b5f-436e-a8d7-a38915fb807d', '2026-01-15T04:50:09.874002', '2026-01-15T04:50:09.874002');
INSERT INTO tickets (id, projection_id, hall_seat_id, booking_id, created_at, updated_at) VALUES ('75c04c1c-0828-4b04-91c1-308efc63bc96', 'fdc094db-b1b5-4f04-b658-56ee6aa955d9', 'c35f2c7e-3808-4bdd-b63f-49eae959d237', '28a975ed-b3b0-4b91-87c7-8af69ccd0c52', '2026-01-15T04:50:09.874329', '2026-01-15T04:50:09.874329');
INSERT INTO tickets (id, projection_id, hall_seat_id, booking_id, created_at, updated_at) VALUES ('b8701e0c-9a32-4095-848b-492071688797', '21ccc720-3a82-408a-89ef-73558b9024fc', '11b5b5f0-fb92-48ea-a713-89fdbdf4099e', '6ec21797-573e-4275-9d9d-bdd087a5af80', '2026-01-15T04:50:09.874926', '2026-01-15T04:50:09.874926');
INSERT INTO tickets (id, projection_id, hall_seat_id, booking_id, created_at, updated_at) VALUES ('31ea3a1b-84ab-439f-9637-2845d320c950', '21ccc720-3a82-408a-89ef-73558b9024fc', 'eac87439-827b-484e-9b35-567ee5a9d6bc', '6ec21797-573e-4275-9d9d-bdd087a5af80', '2026-01-15T04:50:09.874974', '2026-01-15T04:50:09.874974');
INSERT INTO tickets (id, projection_id, hall_seat_id, booking_id, created_at, updated_at) VALUES ('2aec6329-6450-4b4b-997d-2158a61e2c04', '21ccc720-3a82-408a-89ef-73558b9024fc', '1bee7bdc-4270-48b9-adf2-e87a0170b2f7', '6ec21797-573e-4275-9d9d-bdd087a5af80', '2026-01-15T04:50:09.875011', '2026-01-15T04:50:09.875011');
INSERT INTO tickets (id, projection_id, hall_seat_id, booking_id, created_at, updated_at) VALUES ('9ea9811d-2ecf-48d6-9c7a-4c8f02791d57', '21ccc720-3a82-408a-89ef-73558b9024fc', '905c7556-aff0-4000-b676-18cb0962d2dc', '6ec21797-573e-4275-9d9d-bdd087a5af80', '2026-01-15T04:50:09.875055', '2026-01-15T04:50:09.875055');
INSERT INTO tickets (id, projection_id, hall_seat_id, booking_id, created_at, updated_at) VALUES ('d9a5508f-50cf-493c-a405-5ffca03207d0', 'f8ca1160-889c-4592-805a-2cbc3313a6ac', '7c4b0433-e291-4c91-8fc7-46cd952d8ce5', '683995d6-ffd7-4bb3-940a-63553f5ff89d', '2026-01-15T04:50:09.875369', '2026-01-15T04:50:09.875369');
INSERT INTO tickets (id, projection_id, hall_seat_id, booking_id, created_at, updated_at) VALUES ('17d5518a-851a-4f24-b629-8c5dc970b11a', '5da668e9-b3fe-4488-8747-98c1a0869c6a', '71008361-0bd5-4eeb-ae07-ed70df4d2b11', 'aac41949-12ce-431e-936e-49744f0028d4', '2026-01-15T04:50:09.875612', '2026-01-15T04:50:09.875612');
INSERT INTO tickets (id, projection_id, hall_seat_id, booking_id, created_at, updated_at) VALUES ('2c76abe1-2229-4bb6-b210-f2b9f1a964b2', '5da668e9-b3fe-4488-8747-98c1a0869c6a', 'c85fad4b-d699-4904-95cb-9a82de40a407', 'aac41949-12ce-431e-936e-49744f0028d4', '2026-01-15T04:50:09.875641', '2026-01-15T04:50:09.875641');
INSERT INTO tickets (id, projection_id, hall_seat_id, booking_id, created_at, updated_at) VALUES ('9e86b11b-3b29-48f3-b31d-a82693469ad9', '5da668e9-b3fe-4488-8747-98c1a0869c6a', 'b6767749-91ca-48cb-a596-066ecb2f7528', 'aac41949-12ce-431e-936e-49744f0028d4', '2026-01-15T04:50:09.875668', '2026-01-15T04:50:09.875668');
INSERT INTO tickets (id, projection_id, hall_seat_id, booking_id, created_at, updated_at) VALUES ('cde35011-2881-4a07-8c98-33ed7739ff6f', 'e05c7379-36e3-441d-9404-676e1d5f2bb2', '3e582578-576a-4c15-b98d-a51adca5aaa2', '55666f15-d7c3-46d6-894e-dd9af255a50d', '2026-01-15T04:50:09.875921', '2026-01-15T04:50:09.875921');
INSERT INTO tickets (id, projection_id, hall_seat_id, booking_id, created_at, updated_at) VALUES ('adde8a7d-c9c8-4505-9a21-89cba5dd1a07', 'e05c7379-36e3-441d-9404-676e1d5f2bb2', '3a4be314-a7c5-4bd6-8482-47fe7714ebe1', '55666f15-d7c3-46d6-894e-dd9af255a50d', '2026-01-15T04:50:09.875950', '2026-01-15T04:50:09.875950');
INSERT INTO tickets (id, projection_id, hall_seat_id, booking_id, created_at, updated_at) VALUES ('072b6584-0eca-4578-944b-cc1c4aef1b40', 'e05c7379-36e3-441d-9404-676e1d5f2bb2', '2a1dc87a-4215-4088-b1ed-6694510517db', '55666f15-d7c3-46d6-894e-dd9af255a50d', '2026-01-15T04:50:09.875978', '2026-01-15T04:50:09.875978');
INSERT INTO tickets (id, projection_id, hall_seat_id, booking_id, created_at, updated_at) VALUES ('dabd5b6a-00b7-4811-b613-c71290a8bccd', 'c221ad7f-a2fa-4a00-accc-9412f4802e73', 'e4c33420-e6ff-402e-b716-ec67ece17e5c', 'a5b74989-c749-406b-a46d-794f7d97404a', '2026-01-15T04:50:09.876200', '2026-01-15T04:50:09.876200');
INSERT INTO tickets (id, projection_id, hall_seat_id, booking_id, created_at, updated_at) VALUES ('eb113833-890b-47c5-95a9-f61a1bc943ab', 'c221ad7f-a2fa-4a00-accc-9412f4802e73', 'e3857be4-2461-4fad-9524-42183605525a', 'a5b74989-c749-406b-a46d-794f7d97404a', '2026-01-15T04:50:09.876234', '2026-01-15T04:50:09.876234');
INSERT INTO tickets (id, projection_id, hall_seat_id, booking_id, created_at, updated_at) VALUES ('fa8c9ff1-c6ca-4408-b778-0679c4329a9c', '333e8aaf-2dfd-48b7-a406-858eea73da59', '6b99e87a-c8ac-49e8-b161-ad02cdc2d9dd', 'e324497c-72e7-4a53-b32f-6d699e1ed452', '2026-01-15T04:50:09.876538', '2026-01-15T04:50:09.876538');
INSERT INTO tickets (id, projection_id, hall_seat_id, booking_id, created_at, updated_at) VALUES ('703a2159-d32a-4489-b478-33d25da84163', '333e8aaf-2dfd-48b7-a406-858eea73da59', '90e949ba-d03d-44dd-8f43-e455e298146a', 'e324497c-72e7-4a53-b32f-6d699e1ed452', '2026-01-15T04:50:09.876569', '2026-01-15T04:50:09.876569');
INSERT INTO tickets (id, projection_id, hall_seat_id, booking_id, created_at, updated_at) VALUES ('33a4cb13-aa69-4f0c-b2f0-c8e30dc69a4e', '333e8aaf-2dfd-48b7-a406-858eea73da59', '1a49097b-441e-45f7-bbd2-be877fb74ada', 'e324497c-72e7-4a53-b32f-6d699e1ed452', '2026-01-15T04:50:09.876594', '2026-01-15T04:50:09.876594');
INSERT INTO tickets (id, projection_id, hall_seat_id, booking_id, created_at, updated_at) VALUES ('f61036b6-4afa-49d9-bb41-ce0eb59e065a', '333e8aaf-2dfd-48b7-a406-858eea73da59', '7d8ed47e-3736-4627-936d-72c79e69cc04', 'e324497c-72e7-4a53-b32f-6d699e1ed452', '2026-01-15T04:50:09.876630', '2026-01-15T04:50:09.876630');
INSERT INTO tickets (id, projection_id, hall_seat_id, booking_id, created_at, updated_at) VALUES ('b630fbbc-2c22-40ec-a458-4f68dfb65c0f', 'eb23e498-373e-428a-a227-3726896b679c', '0fc908f4-50fb-413f-b6d0-de6d01666e5e', 'fa887d63-e547-4bf8-873e-fbe757e64a06', '2026-01-15T04:50:09.876956', '2026-01-15T04:50:09.876956');
INSERT INTO tickets (id, projection_id, hall_seat_id, booking_id, created_at, updated_at) VALUES ('26710d87-6974-499a-80b3-b620a5d2ee62', 'eb23e498-373e-428a-a227-3726896b679c', 'ba44abd5-feb1-4145-bae5-f3c94243697f', 'fa887d63-e547-4bf8-873e-fbe757e64a06', '2026-01-15T04:50:09.876993', '2026-01-15T04:50:09.876993');
INSERT INTO tickets (id, projection_id, hall_seat_id, booking_id, created_at, updated_at) VALUES ('75d5125c-8782-459c-9e73-57d53bc27cd2', 'eb23e498-373e-428a-a227-3726896b679c', '820811c8-cf5a-40a9-b750-81a01fdd1ab0', 'fa887d63-e547-4bf8-873e-fbe757e64a06', '2026-01-15T04:50:09.877027', '2026-01-15T04:50:09.877027');
INSERT INTO tickets (id, projection_id, hall_seat_id, booking_id, created_at, updated_at) VALUES ('651057fb-61fa-4c9c-b825-8ec975b1b57f', 'eb23e498-373e-428a-a227-3726896b679c', 'ef6fddb1-90ab-4a44-9624-4cacaf4db0a6', 'fa887d63-e547-4bf8-873e-fbe757e64a06', '2026-01-15T04:50:09.877084', '2026-01-15T04:50:09.877084');
INSERT INTO tickets (id, projection_id, hall_seat_id, booking_id, created_at, updated_at) VALUES ('34fdba64-1290-49a8-95a2-b9f88c110d69', '0f6c28f1-8d68-4241-ab94-c47495602e6f', '85d6dfa6-ba07-413f-b1c5-b15b960283a1', '8b4d1750-a8b1-4f3f-9d56-f8923d463d85', '2026-01-15T04:50:09.877473', '2026-01-15T04:50:09.877473');
INSERT INTO tickets (id, projection_id, hall_seat_id, booking_id, created_at, updated_at) VALUES ('e152e59c-12b0-4c35-8274-29d3d2b4ff3b', 'ab542f41-d4d9-4840-96ee-927684e8f0a2', '4f36fc4b-4dcf-4144-9d48-9635fd6c04fc', '200c72d1-88dc-4b5f-a2bb-9add7660d092', '2026-01-15T04:50:09.877737', '2026-01-15T04:50:09.877737');
INSERT INTO tickets (id, projection_id, hall_seat_id, booking_id, created_at, updated_at) VALUES ('b261d99b-9101-4200-afb3-0cf6071d2abd', 'ab542f41-d4d9-4840-96ee-927684e8f0a2', '28da0858-f4bd-4635-892e-9c6ed3e1c250', '200c72d1-88dc-4b5f-a2bb-9add7660d092', '2026-01-15T04:50:09.877769', '2026-01-15T04:50:09.877769');
INSERT INTO tickets (id, projection_id, hall_seat_id, booking_id, created_at, updated_at) VALUES ('97f09c22-c47a-4ff7-bcb7-3869b5f73ac9', 'ab542f41-d4d9-4840-96ee-927684e8f0a2', '81af52f6-1e8c-4119-8b90-9d6572fc1d59', '200c72d1-88dc-4b5f-a2bb-9add7660d092', '2026-01-15T04:50:09.877792', '2026-01-15T04:50:09.877792');
INSERT INTO tickets (id, projection_id, hall_seat_id, booking_id, created_at, updated_at) VALUES ('2ea4faed-50f4-4b63-a819-d142b5f142ee', 'ab542f41-d4d9-4840-96ee-927684e8f0a2', 'cbc30109-e901-4035-8ab2-99c49a25567d', '200c72d1-88dc-4b5f-a2bb-9add7660d092', '2026-01-15T04:50:09.877817', '2026-01-15T04:50:09.877817');
INSERT INTO tickets (id, projection_id, hall_seat_id, booking_id, created_at, updated_at) VALUES ('68318a97-3da9-4fc1-ac3a-519dd97c0ddb', '81f1242a-ef49-402d-b275-db4fe1166ad1', '4fa45baf-0ae0-4a21-b918-a76f51060b4f', 'ebcc98eb-c242-4b3e-aaca-3dd4bb1ead06', '2026-01-15T04:50:09.878060', '2026-01-15T04:50:09.878060');
INSERT INTO tickets (id, projection_id, hall_seat_id, booking_id, created_at, updated_at) VALUES ('610ed75c-0247-41ba-a459-cea70e43a696', '81f1242a-ef49-402d-b275-db4fe1166ad1', 'ed96890e-d7d9-49a4-bcee-4074d33b4db7', 'ebcc98eb-c242-4b3e-aaca-3dd4bb1ead06', '2026-01-15T04:50:09.878090', '2026-01-15T04:50:09.878090');
INSERT INTO tickets (id, projection_id, hall_seat_id, booking_id, created_at, updated_at) VALUES ('81f8d872-0d4d-4d97-a0f9-9d0c1586caea', '36a8ea94-c440-45e8-8e69-2a61761868ab', 'a2547cff-3259-4a3c-812b-a924dd232283', '0ed3ca4a-cf40-4e80-8eea-8f9dd1d07e4d', '2026-01-15T04:50:09.878350', '2026-01-15T04:50:09.878350');
INSERT INTO tickets (id, projection_id, hall_seat_id, booking_id, created_at, updated_at) VALUES ('ef8a2d98-12d1-4fc6-9793-8d7c81a3cf53', '36a8ea94-c440-45e8-8e69-2a61761868ab', 'daae4377-fc05-4b1c-ab44-3d76611566e9', '0ed3ca4a-cf40-4e80-8eea-8f9dd1d07e4d', '2026-01-15T04:50:09.878378', '2026-01-15T04:50:09.878378');
INSERT INTO tickets (id, projection_id, hall_seat_id, booking_id, created_at, updated_at) VALUES ('08bbe6e5-5403-4987-88d0-af8a66ae89a4', '36a8ea94-c440-45e8-8e69-2a61761868ab', 'fe43f3ea-7363-4ddb-a5f1-2e556739b995', '0ed3ca4a-cf40-4e80-8eea-8f9dd1d07e4d', '2026-01-15T04:50:09.878404', '2026-01-15T04:50:09.878404');
INSERT INTO tickets (id, projection_id, hall_seat_id, booking_id, created_at, updated_at) VALUES ('26b37ffc-036c-46ea-8021-33343f563693', '6077941a-f0f9-45c1-918e-8ecde367d871', 'e7c7dba9-a73f-42af-9b02-7ce799e0dd12', 'd82c74da-9820-460b-bad8-4346c5b89eb5', '2026-01-15T04:50:09.878696', '2026-01-15T04:50:09.878696');
INSERT INTO tickets (id, projection_id, hall_seat_id, booking_id, created_at, updated_at) VALUES ('e85f3485-5d0e-4620-b0b3-8201355b9a0e', '1bfe4e1c-8c3e-4f51-a318-99d49be372c2', '2121a6b4-c872-496a-8227-bec886ddd614', '826bd8f7-0bfb-4825-89fc-6a9e6846d6ba', '2026-01-15T04:50:09.879001', '2026-01-15T04:50:09.879001');
INSERT INTO tickets (id, projection_id, hall_seat_id, booking_id, created_at, updated_at) VALUES ('263a00a7-6335-4113-9985-cbf0c6b24f78', '1bfe4e1c-8c3e-4f51-a318-99d49be372c2', '053fd10a-7765-4e2a-a686-f585e8a07085', '826bd8f7-0bfb-4825-89fc-6a9e6846d6ba', '2026-01-15T04:50:09.879030', '2026-01-15T04:50:09.879030');
INSERT INTO tickets (id, projection_id, hall_seat_id, booking_id, created_at, updated_at) VALUES ('9848271d-15b6-4da7-af0b-c20900c850b0', '350ac8f5-a1a7-46f0-8be1-25e8b2619bd4', '223ae5ca-5d1e-4996-bff2-58d9ae6eb172', '373c00fb-1512-488d-98af-7dbe27ae094a', '2026-01-15T04:50:09.879265', '2026-01-15T04:50:09.879265');
INSERT INTO tickets (id, projection_id, hall_seat_id, booking_id, created_at, updated_at) VALUES ('6aaec61f-20bf-4145-a256-aa3843fbf68d', '827a794d-2367-414a-9fc0-ee3a8deefe17', '0a8fad8e-4b30-46cc-95ba-2e6546946d8f', '9d712e3a-1f0c-4b90-bf90-efe6b1d2bb56', '2026-01-15T04:50:09.879520', '2026-01-15T04:50:09.879520');
INSERT INTO tickets (id, projection_id, hall_seat_id, booking_id, created_at, updated_at) VALUES ('d06a8543-ff6d-43df-9608-509d70634f55', '827a794d-2367-414a-9fc0-ee3a8deefe17', 'bbdc2ed4-b972-44f2-9c9c-3e83a57b97e2', '9d712e3a-1f0c-4b90-bf90-efe6b1d2bb56', '2026-01-15T04:50:09.879558', '2026-01-15T04:50:09.879558');
INSERT INTO tickets (id, projection_id, hall_seat_id, booking_id, created_at, updated_at) VALUES ('6ef3751c-aef0-44d3-96d6-5540a2be97c9', '3c9928b8-981b-4042-9a40-2cf7293c4272', 'cef72d84-b061-4fc8-8880-4936d0e833ee', 'f4c646aa-efec-47b9-b03c-d0ca9e5a4629', '2026-01-15T04:50:09.879971', '2026-01-15T04:50:09.879971');
INSERT INTO tickets (id, projection_id, hall_seat_id, booking_id, created_at, updated_at) VALUES ('abf5e0f5-4850-487f-b15c-f000f08c1737', '3c9928b8-981b-4042-9a40-2cf7293c4272', 'adf34f30-00eb-4f8c-ae13-442097452392', 'f4c646aa-efec-47b9-b03c-d0ca9e5a4629', '2026-01-15T04:50:09.880006', '2026-01-15T04:50:09.880006');
INSERT INTO tickets (id, projection_id, hall_seat_id, booking_id, created_at, updated_at) VALUES ('72b8e6a9-0c7a-455f-b1f5-9b4bb04cde0c', 'b1deb088-5732-410e-8dac-3cfb19cc48c8', '3cdba143-f340-4584-8e32-df16b8a2fbcd', '66d6857a-056f-42cb-a3cd-f2b273f31948', '2026-01-15T04:50:09.880259', '2026-01-15T04:50:09.880259');
INSERT INTO tickets (id, projection_id, hall_seat_id, booking_id, created_at, updated_at) VALUES ('5c044c54-3635-4ea9-9edf-c7076d98f176', 'b1deb088-5732-410e-8dac-3cfb19cc48c8', '5fbee534-6140-4619-be72-c410b717761f', '66d6857a-056f-42cb-a3cd-f2b273f31948', '2026-01-15T04:50:09.880277', '2026-01-15T04:50:09.880277');
INSERT INTO tickets (id, projection_id, hall_seat_id, booking_id, created_at, updated_at) VALUES ('508bddff-9af5-4dd4-af41-fa51cf732e71', 'b1deb088-5732-410e-8dac-3cfb19cc48c8', '9522d517-663a-4176-a3ab-1b8803bd06f2', '66d6857a-056f-42cb-a3cd-f2b273f31948', '2026-01-15T04:50:09.880292', '2026-01-15T04:50:09.880292');
INSERT INTO tickets (id, projection_id, hall_seat_id, booking_id, created_at, updated_at) VALUES ('c4ebdea1-3b83-4672-b7f6-afa44ab8a8e3', 'b1deb088-5732-410e-8dac-3cfb19cc48c8', '7dfec644-4f99-4b21-8b0d-f02e7c22cae7', '66d6857a-056f-42cb-a3cd-f2b273f31948', '2026-01-15T04:50:09.880307', '2026-01-15T04:50:09.880307');
INSERT INTO tickets (id, projection_id, hall_seat_id, booking_id, created_at, updated_at) VALUES ('faaac513-2ea4-443a-9f31-954f69a1fa61', '46b8d165-6a1d-4eba-b5bb-72325ada4e07', '488cbc31-fbcd-4259-b902-97302ead7f3f', 'c399fa0a-2ffd-4f6e-b314-2cacfecc0f07', '2026-01-15T04:50:09.880570', '2026-01-15T04:50:09.880570');
INSERT INTO tickets (id, projection_id, hall_seat_id, booking_id, created_at, updated_at) VALUES ('4fcd18bb-17c0-45da-9c4b-3b960b8ab4e6', '46b8d165-6a1d-4eba-b5bb-72325ada4e07', '130194b6-5bd3-4c89-8406-034a52e151e3', 'c399fa0a-2ffd-4f6e-b314-2cacfecc0f07', '2026-01-15T04:50:09.880591', '2026-01-15T04:50:09.880591');
INSERT INTO tickets (id, projection_id, hall_seat_id, booking_id, created_at, updated_at) VALUES ('1de4bcfc-51ae-4fdc-b37b-9c61099de24f', '46b8d165-6a1d-4eba-b5bb-72325ada4e07', '2cacbe5c-09ad-482b-9525-c1ab52529d8a', 'c399fa0a-2ffd-4f6e-b314-2cacfecc0f07', '2026-01-15T04:50:09.880606', '2026-01-15T04:50:09.880606');
INSERT INTO tickets (id, projection_id, hall_seat_id, booking_id, created_at, updated_at) VALUES ('6456c28c-8df9-45c2-a289-bb6c7e4d9010', '46b8d165-6a1d-4eba-b5bb-72325ada4e07', '33133624-ef47-4b2f-b960-6066ecd510d9', 'c399fa0a-2ffd-4f6e-b314-2cacfecc0f07', '2026-01-15T04:50:09.880620', '2026-01-15T04:50:09.880620');
INSERT INTO tickets (id, projection_id, hall_seat_id, booking_id, created_at, updated_at) VALUES ('42b6aa47-add4-4296-b3d7-d6387564abf8', '5ee9a848-3c3d-4edb-bf63-cce23de407bd', 'acb56c11-8627-4f50-924f-e433a4e1dc63', '4b27d016-352d-4cab-a6bd-18d0c511b3c9', '2026-01-15T04:50:09.880918', '2026-01-15T04:50:09.880918');
INSERT INTO tickets (id, projection_id, hall_seat_id, booking_id, created_at, updated_at) VALUES ('bb4225a4-c91a-4fc9-a158-68953d15e822', '5ee9a848-3c3d-4edb-bf63-cce23de407bd', '6cb272fe-5ae7-4864-acad-62fc8cfc0716', '4b27d016-352d-4cab-a6bd-18d0c511b3c9', '2026-01-15T04:50:09.880949', '2026-01-15T04:50:09.880949');
INSERT INTO tickets (id, projection_id, hall_seat_id, booking_id, created_at, updated_at) VALUES ('2797faee-0441-4b92-8048-39bcfdd739c1', '5ee9a848-3c3d-4edb-bf63-cce23de407bd', '7d7273b3-c37f-438c-9072-64df30ebcf84', '4b27d016-352d-4cab-a6bd-18d0c511b3c9', '2026-01-15T04:50:09.880984', '2026-01-15T04:50:09.880984');
INSERT INTO tickets (id, projection_id, hall_seat_id, booking_id, created_at, updated_at) VALUES ('fec44077-4db4-4c52-a68a-3315f4dfcca1', 'ecd65d51-dea0-498f-b1bd-0db2f1942909', 'dd3439ed-30de-4c80-a8b3-50b2700b3a4d', '0bf78b16-d4c6-4dc2-bce4-e45d7a928d4c', '2026-01-15T04:50:09.881258', '2026-01-15T04:50:09.881258');