INSERT INTO countries (id, iso_2_code, name, created_at, updated_at) VALUES ('3539a427-79a3-4e60-9c22-0c8c15b4650f', 'BA', 'Bosnia and Herzegovina', '2026-01-16T12:36:02.407912', '2026-01-16T12:36:02.407912');
INSERT INTO cities (id, name, timezone, country_id, created_at, updated_at) VALUES ('5942c516-5e0d-478c-9de7-e91012951caf', 'Sarajevo', 'Europe/Sarajevo', '3539a427-79a3-4e60-9c22-0c8c15b4650f', '2026-01-16T12:36:02.408155', '2026-01-16T12:36:02.408155');
INSERT INTO cities (id, name, timezone, country_id, created_at, updated_at) VALUES ('94d91f0a-4846-4e2b-97e8-229906de650b', 'Banja Luka', 'Europe/Sarajevo', '3539a427-79a3-4e60-9c22-0c8c15b4650f', '2026-01-16T12:36:02.408189', '2026-01-16T12:36:02.408189');
INSERT INTO cities (id, name, timezone, country_id, created_at, updated_at) VALUES ('2443903a-7ee2-4202-b55a-910301fbc573', 'Mostar', 'Europe/Sarajevo', '3539a427-79a3-4e60-9c22-0c8c15b4650f', '2026-01-16T12:36:02.408209', '2026-01-16T12:36:02.408209');
INSERT INTO cities (id, name, timezone, country_id, created_at, updated_at) VALUES ('a7110175-e0fd-4806-a470-e40939bcc19b', 'Tuzla', 'Europe/Sarajevo', '3539a427-79a3-4e60-9c22-0c8c15b4650f', '2026-01-16T12:36:02.408227', '2026-01-16T12:36:02.408227');
INSERT INTO cities (id, name, timezone, country_id, created_at, updated_at) VALUES ('be1f3681-a951-4193-8cca-41f4e7bb4cd3', 'Zenica', 'Europe/Sarajevo', '3539a427-79a3-4e60-9c22-0c8c15b4650f', '2026-01-16T12:36:02.408245', '2026-01-16T12:36:02.408245');
INSERT INTO seat_types (id, category, price, description, created_at, updated_at) VALUES ('17d8738c-78c6-439d-811b-7b49eb5a57b0', 'regular', 7.0, 'Comfortable seating. Affordable pricing. Wide selection. Accessible locations. Suitable for everyone', '2026-01-16T12:36:02.408438', '2026-01-16T12:36:02.408438');
INSERT INTO seat_types (id, category, price, description, created_at, updated_at) VALUES ('d76d7cb0-33eb-4ac3-8eea-f2ae6150cabd', 'love', 24.0, 'Side-by-side design. Comfortable padding. Adjustable armrests. Cup holders. Reserved for couples.', '2026-01-16T12:36:02.408478', '2026-01-16T12:36:02.408478');
INSERT INTO seat_types (id, category, price, description, created_at, updated_at) VALUES ('afd47537-1eac-411d-be48-07c7598935b4', 'vip', 10.0, 'Enhanced comfort. Priority seating. Prime viewing. Personal space. Luxury extras.', '2026-01-16T12:36:02.408504', '2026-01-16T12:36:02.408504');
INSERT INTO users (id, first_name, last_name, email, password, phone, profile_image_url, city_id, is_verified, created_at, updated_at) VALUES ('7be1d336-2816-4f36-ae54-610b76c151a3', 'Admin', 'User', 'admin@cinema.ba', '$2b$12$kQBjasYXUlmd6VnY5T/jWOo4iKuzZd4AqKpK0Qd80OIVRKPsga8mu', '+38733123456', '', '5942c516-5e0d-478c-9de7-e91012951caf' , True, '2026-01-16T12:36:02.827901', '2026-01-16T12:36:02.827901');
INSERT INTO users (id, first_name, last_name, email, password, phone, profile_image_url, city_id, is_verified, created_at, updated_at) VALUES ('f15a19bc-ca4f-48b9-b342-2b64abd62b50', 'John', 'Doe', 'john@cinema.ba', '$2b$12$9xCmSeRfX/lpI2CANhEWvOYNTZjptcxYiyq2TgMTD3jNs4Um4CCBm', '+38751234567', '', '94d91f0a-4846-4e2b-97e8-229906de650b' , True, '2026-01-16T12:36:03.299639', '2026-01-16T12:36:03.299639');
INSERT INTO users (id, first_name, last_name, email, password, phone, profile_image_url, city_id, is_verified, created_at, updated_at) VALUES ('441a13db-1f69-48b9-ba97-f3e960d3f09e', 'Dev', 'User', 'dev@cinema.ba', '$2b$12$S1Cs8ijEZkrRLY4AWp/nOuOYlClm8vKYtmpSLBM7DAdCVHkLCjgam', '+38761234567', '', '5942c516-5e0d-478c-9de7-e91012951caf' , True, '2026-01-16T12:36:03.712147', '2026-01-16T12:36:03.712147');
INSERT INTO roles (id, name, created_at, updated_at) VALUES ('6bf45674-5c97-4c7f-aad2-060fd8fd5d96', 'ADMIN', '2026-01-16T12:36:03.712763', '2026-01-16T12:36:03.712763');
INSERT INTO roles (id, name, created_at, updated_at) VALUES ('9691b17e-b0a9-4442-9397-0857d6829205', 'USER', '2026-01-16T12:36:03.712807', '2026-01-16T12:36:03.712807');
INSERT INTO roles (id, name, created_at, updated_at) VALUES ('af3a93a2-dd19-4be4-8098-b88057859f6d', 'DEV', '2026-01-16T12:36:03.712835', '2026-01-16T12:36:03.712835');
INSERT INTO user_roles (user_id, role_id) VALUES ('7be1d336-2816-4f36-ae54-610b76c151a3', '6bf45674-5c97-4c7f-aad2-060fd8fd5d96');
INSERT INTO user_roles (user_id, role_id) VALUES ('f15a19bc-ca4f-48b9-b342-2b64abd62b50', '9691b17e-b0a9-4442-9397-0857d6829205');
INSERT INTO user_roles (user_id, role_id) VALUES ('441a13db-1f69-48b9-ba97-f3e960d3f09e', 'af3a93a2-dd19-4be4-8098-b88057859f6d');
INSERT INTO user_roles (user_id, role_id) VALUES ('441a13db-1f69-48b9-ba97-f3e960d3f09e', '6bf45674-5c97-4c7f-aad2-060fd8fd5d96');
INSERT INTO user_roles (user_id, role_id) VALUES ('441a13db-1f69-48b9-ba97-f3e960d3f09e', '9691b17e-b0a9-4442-9397-0857d6829205');
INSERT INTO venues (id, name, street, street_number, phone, image_url, city_id, created_at, updated_at) VALUES ('1fafd7ed-190e-4d11-a718-5a3ebb22088f', 'Cineplexx Sarajevo', '203 Cinema Boulevard', '109', '+38733183927', 'https://raport.ba/uploads//gen/2021/06/_800xAUTO_crop_center-center_none/cineplexx-scaled.jpg', '5942c516-5e0d-478c-9de7-e91012951caf', '2026-01-16T12:36:03.713298', '2026-01-16T12:36:03.713298');
INSERT INTO venues (id, name, street, street_number, phone, image_url, city_id, created_at, updated_at) VALUES ('9974898a-13b1-49a0-a318-85fc6e9972b8', 'Meeting Point Cinema', '188 Cinema Boulevard', '71', '+38733193918', 'https://media.sarajevski.ba/2013/11/meeting_point_kino_1.jpg', '5942c516-5e0d-478c-9de7-e91012951caf', '2026-01-16T12:36:03.713355', '2026-01-16T12:36:03.713355');
INSERT INTO venues (id, name, street, street_number, phone, image_url, city_id, created_at, updated_at) VALUES ('f632e224-24d8-4df1-8911-e63229688802', 'Bosmal City Center', '128 Cinema Boulevard', '119', '+38733544961', 'https://upload.wikimedia.org/wikipedia/en/e/ea/Bosmal_City_Center_Sarajevo.jpg', '5942c516-5e0d-478c-9de7-e91012951caf', '2026-01-16T12:36:03.713397', '2026-01-16T12:36:03.713397');
INSERT INTO venues (id, name, street, street_number, phone, image_url, city_id, created_at, updated_at) VALUES ('3e2f361c-86ca-469d-93fc-f2154e64baa2', 'Cinestar Sarajevo', '606 Cinema Boulevard', '114', '+38733490559', 'https://media.jutarnji.hr/images/slike/2020/11/03/f_9240693_1280.jpg', '5942c516-5e0d-478c-9de7-e91012951caf', '2026-01-16T12:36:03.713436', '2026-01-16T12:36:03.713436');
INSERT INTO venues (id, name, street, street_number, phone, image_url, city_id, created_at, updated_at) VALUES ('ccd2cc9e-f4b8-4f97-a7eb-73d7de624270', 'Kinoteka', '854 Cinema Boulevard', '191', '+38733209175', 'https://sarajevo.travel/assets/photos/places/big/154-kinoteka-03-1397237673.jpg', '5942c516-5e0d-478c-9de7-e91012951caf', '2026-01-16T12:36:03.713483', '2026-01-16T12:36:03.713483');
INSERT INTO venues (id, name, street, street_number, phone, image_url, city_id, created_at, updated_at) VALUES ('7ed2dc82-4615-4640-8c80-9d37c905515b', 'Cineplexx Banja Luka', '716 Cinema Boulevard', '183', '+38733710461', 'https://banjaluka.net/wp-content/uploads/2018/09/palas.jpg', '94d91f0a-4846-4e2b-97e8-229906de650b', '2026-01-16T12:36:03.713524', '2026-01-16T12:36:03.713524');
INSERT INTO venues (id, name, street, street_number, phone, image_url, city_id, created_at, updated_at) VALUES ('1e3653d3-b74a-4acd-8201-39c54cfd366c', 'Cinestar Banja Luka', '545 Cinema Boulevard', '59', '+38733149096', 'https://banjalukacity.info/storage/entity-photos/0SAnzUAyHV7L2WCVhWsm6l2pE2F4494SiS2X8CaO.webp', '94d91f0a-4846-4e2b-97e8-229906de650b', '2026-01-16T12:36:03.713563', '2026-01-16T12:36:03.713563');
INSERT INTO venues (id, name, street, street_number, phone, image_url, city_id, created_at, updated_at) VALUES ('4145cb05-2c56-4c43-8ef8-9bde4623d2b7', 'Cineplexx Mostar', '149 Cinema Boulevard', '181', '+38733355556', 'https://static.klix.ba/media/images/vijesti/b_200902027.jpg?v=2', '2443903a-7ee2-4202-b55a-910301fbc573', '2026-01-16T12:36:03.713606', '2026-01-16T12:36:03.713606');
INSERT INTO venues (id, name, street, street_number, phone, image_url, city_id, created_at, updated_at) VALUES ('14e19420-c851-492b-9f1c-9c88058eb866', 'Cinestar Mostar', '581 Cinema Boulevard', '81', '+38733914567', 'https://cinestarcinemas.hr/remote/185.155.226.145/Ostalo%2Fmostargalerija/resize2%20(3).jfif?width=750', '2443903a-7ee2-4202-b55a-910301fbc573', '2026-01-16T12:36:03.713647', '2026-01-16T12:36:03.713647');
INSERT INTO venues (id, name, street, street_number, phone, image_url, city_id, created_at, updated_at) VALUES ('e7d2747c-fe9f-496b-8551-56bfd56c9143', 'Cinestar Tuzla', '308 Cinema Boulevard', '125', '+38733486026', 'https://www.vox-communications.com/wp-content/uploads/2022/07/resize2-1-2.jpg', 'a7110175-e0fd-4806-a470-e40939bcc19b', '2026-01-16T12:36:03.713688', '2026-01-16T12:36:03.713688');
INSERT INTO venues (id, name, street, street_number, phone, image_url, city_id, created_at, updated_at) VALUES ('a8c0a108-9b4b-4991-8988-38ce5f40a612', 'Cinestar Zenica', '786 Cinema Boulevard', '89', '+38733803591', 'https://www.hercegovina.info/img/repository/2018/01/image_640x396/1_61840717.jpg', 'be1f3681-a951-4193-8cca-41f4e7bb4cd3', '2026-01-16T12:36:03.713732', '2026-01-16T12:36:03.713732');
INSERT INTO cinema_halls (id, name, venue_id, created_at, updated_at) VALUES ('2bb67be0-c4c9-450e-a08f-34a74859ab13', 'Hall 1', '1fafd7ed-190e-4d11-a718-5a3ebb22088f', '2026-01-16T12:36:03.713911', '2026-01-16T12:36:03.713911');
INSERT INTO cinema_halls (id, name, venue_id, created_at, updated_at) VALUES ('52cd97ab-39f3-4636-8ef4-2def4b33a8b7', 'Hall 1', '9974898a-13b1-49a0-a318-85fc6e9972b8', '2026-01-16T12:36:03.713952', '2026-01-16T12:36:03.713952');
INSERT INTO cinema_halls (id, name, venue_id, created_at, updated_at) VALUES ('95a40469-08c8-43b8-aca1-d228dc44f459', 'Hall 1', 'f632e224-24d8-4df1-8911-e63229688802', '2026-01-16T12:36:03.713985', '2026-01-16T12:36:03.713985');
INSERT INTO cinema_halls (id, name, venue_id, created_at, updated_at) VALUES ('eca43c94-9e26-4693-a739-6e0b4a98ccdb', 'Hall 1', '3e2f361c-86ca-469d-93fc-f2154e64baa2', '2026-01-16T12:36:03.715546', '2026-01-16T12:36:03.715546');
INSERT INTO cinema_halls (id, name, venue_id, created_at, updated_at) VALUES ('1e714225-1496-43fd-9e98-87119156b996', 'Hall 1', 'ccd2cc9e-f4b8-4f97-a7eb-73d7de624270', '2026-01-16T12:36:03.715610', '2026-01-16T12:36:03.715610');
INSERT INTO cinema_halls (id, name, venue_id, created_at, updated_at) VALUES ('00c3d58b-3da5-4624-9282-ea69e7fc1d99', 'Hall 1', '7ed2dc82-4615-4640-8c80-9d37c905515b', '2026-01-16T12:36:03.715641', '2026-01-16T12:36:03.715641');
INSERT INTO cinema_halls (id, name, venue_id, created_at, updated_at) VALUES ('a08d2ff1-cecc-401b-b457-97e4be978d28', 'Hall 1', '1e3653d3-b74a-4acd-8201-39c54cfd366c', '2026-01-16T12:36:03.715673', '2026-01-16T12:36:03.715673');
INSERT INTO cinema_halls (id, name, venue_id, created_at, updated_at) VALUES ('37bef505-4764-486b-863c-2e07e5735ad6', 'Hall 1', '4145cb05-2c56-4c43-8ef8-9bde4623d2b7', '2026-01-16T12:36:03.715697', '2026-01-16T12:36:03.715697');
INSERT INTO cinema_halls (id, name, venue_id, created_at, updated_at) VALUES ('e23c9391-1da5-4d00-b51b-59da746d6438', 'Hall 1', '14e19420-c851-492b-9f1c-9c88058eb866', '2026-01-16T12:36:03.715721', '2026-01-16T12:36:03.715721');
INSERT INTO cinema_halls (id, name, venue_id, created_at, updated_at) VALUES ('4d85d72c-3252-4ef1-a349-a2e94f785dca', 'Hall 1', 'e7d2747c-fe9f-496b-8551-56bfd56c9143', '2026-01-16T12:36:03.715744', '2026-01-16T12:36:03.715744');
INSERT INTO cinema_halls (id, name, venue_id, created_at, updated_at) VALUES ('c51828ef-d759-417f-8262-434db181d319', 'Hall 1', 'a8c0a108-9b4b-4991-8988-38ce5f40a612', '2026-01-16T12:36:03.715767', '2026-01-16T12:36:03.715767');
INSERT INTO hall_seats (id, cinema_hall_id, seat_type_id, seat_code, created_at, updated_at) VALUES ('5e0f94dc-0e99-4710-9d52-6219c2e4881f', '2bb67be0-c4c9-450e-a08f-34a74859ab13', '17d8738c-78c6-439d-811b-7b49eb5a57b0', 'A1', '2026-01-16T12:36:03.715965', '2026-01-16T12:36:03.715965');
INSERT INTO hall_seats (id, cinema_hall_id, seat_type_id, seat_code, created_at, updated_at) VALUES ('efc3ecc2-8f50-4399-88c1-0010951c9d6c', '2bb67be0-c4c9-450e-a08f-34a74859ab13', '17d8738c-78c6-439d-811b-7b49eb5a57b0', 'A2', '2026-01-16T12:36:03.715965', '2026-01-16T12:36:03.715965');
INSERT INTO hall_seats (id, cinema_hall_id, seat_type_id, seat_code, created_at, updated_at) VALUES ('49269655-58ac-437f-8a64-3520eeade656', '2bb67be0-c4c9-450e-a08f-34a74859ab13', '17d8738c-78c6-439d-811b-7b49eb5a57b0', 'A3', '2026-01-16T12:36:03.715965', '2026-01-16T12:36:03.715965');
INSERT INTO hall_seats (id, cinema_hall_id, seat_type_id, seat_code, created_at, updated_at) VALUES ('0b484d58-0f7e-4fbc-b20d-afdc8f84d443', '2bb67be0-c4c9-450e-a08f-34a74859ab13', '17d8738c-78c6-439d-811b-7b49eb5a57b0', 'A4', '2026-01-16T12:36:03.715965', '2026-01-16T12:36:03.715965');
INSERT INTO hall_seats (id, cinema_hall_id, seat_type_id, seat_code, created_at, updated_at) VALUES ('5d0d9e70-6851-4a5f-a3e8-77a90cf37d0a', '2bb67be0-c4c9-450e-a08f-34a74859ab13', '17d8738c-78c6-439d-811b-7b49eb5a57b0', 'A5', '2026-01-16T12:36:03.715965', '2026-01-16T12:36:03.715965');
INSERT INTO hall_seats (id, cinema_hall_id, seat_type_id, seat_code, created_at, updated_at) VALUES ('15b27efb-8fe6-4774-80d3-103b848f3ff0', '2bb67be0-c4c9-450e-a08f-34a74859ab13', '17d8738c-78c6-439d-811b-7b49eb5a57b0', 'A6', '2026-01-16T12:36:03.715965', '2026-01-16T12:36:03.715965');
INSERT INTO hall_seats (id, cinema_hall_id, seat_type_id, seat_code, created_at, updated_at) VALUES ('95e36206-7458-4e79-a7e3-52468c416b35', '2bb67be0-c4c9-450e-a08f-34a74859ab13', '17d8738c-78c6-439d-811b-7b49eb5a57b0', 'A7', '2026-01-16T12:36:03.715965', '2026-01-16T12:36:03.715965');
INSERT INTO hall_seats (id, cinema_hall_id, seat_type_id, seat_code, created_at, updated_at) VALUES ('64dab83e-5ce7-4f82-a64f-22b7b8ebf214', '2bb67be0-c4c9-450e-a08f-34a74859ab13', '17d8738c-78c6-439d-811b-7b49eb5a57b0', 'A8', '2026-01-16T12:36:03.715965', '2026-01-16T12:36:03.715965');
INSERT INTO hall_seats (id, cinema_hall_id, seat_type_id, seat_code, created_at, updated_at) VALUES ('61ecaae8-e4f2-4386-813b-32fcc9e2f56a', '2bb67be0-c4c9-450e-a08f-34a74859ab13', '17d8738c-78c6-439d-811b-7b49eb5a57b0', 'B1', '2026-01-16T12:36:03.716130', '2026-01-16T12:36:03.716130');
INSERT INTO hall_seats (id, cinema_hall_id, seat_type_id, seat_code, created_at, updated_at) VALUES ('b5cbc5cf-0307-4b46-8df4-dccae36447a7', '2bb67be0-c4c9-450e-a08f-34a74859ab13', '17d8738c-78c6-439d-811b-7b49eb5a57b0', 'B2', '2026-01-16T12:36:03.716130', '2026-01-16T12:36:03.716130');
INSERT INTO hall_seats (id, cinema_hall_id, seat_type_id, seat_code, created_at, updated_at) VALUES ('ef32562e-914a-46ae-bfe6-ef6799e76c79', '2bb67be0-c4c9-450e-a08f-34a74859ab13', '17d8738c-78c6-439d-811b-7b49eb5a57b0', 'B3', '2026-01-16T12:36:03.716130', '2026-01-16T12:36:03.716130');
INSERT INTO hall_seats (id, cinema_hall_id, seat_type_id, seat_code, created_at, updated_at) VALUES ('8068609d-f09e-4333-8df1-2ea41e0ea4ca', '2bb67be0-c4c9-450e-a08f-34a74859ab13', '17d8738c-78c6-439d-811b-7b49eb5a57b0', 'B4', '2026-01-16T12:36:03.716130', '2026-01-16T12:36:03.716130');
INSERT INTO hall_seats (id, cinema_hall_id, seat_type_id, seat_code, created_at, updated_at) VALUES ('f2f7db59-828d-428a-a684-85ac68f62be6', '2bb67be0-c4c9-450e-a08f-34a74859ab13', '17d8738c-78c6-439d-811b-7b49eb5a57b0', 'B5', '2026-01-16T12:36:03.716130', '2026-01-16T12:36:03.716130');
INSERT INTO hall_seats (id, cinema_hall_id, seat_type_id, seat_code, created_at, updated_at) VALUES ('91d4f13f-be51-489d-b467-76ace7e0c158', '2bb67be0-c4c9-450e-a08f-34a74859ab13', '17d8738c-78c6-439d-811b-7b49eb5a57b0', 'B6', '2026-01-16T12:36:03.716130', '2026-01-16T12:36:03.716130');
INSERT INTO hall_seats (id, cinema_hall_id, seat_type_id, seat_code, created_at, updated_at) VALUES ('f8a13080-7c92-49da-be29-c15777a5f8b2', '2bb67be0-c4c9-450e-a08f-34a74859ab13', '17d8738c-78c6-439d-811b-7b49eb5a57b0', 'B7', '2026-01-16T12:36:03.716130', '2026-01-16T12:36:03.716130');
INSERT INTO hall_seats (id, cinema_hall_id, seat_type_id, seat_code, created_at, updated_at) VALUES ('7d42e6a9-23e8-4dbb-a374-ec8fdf12c1d2', '2bb67be0-c4c9-450e-a08f-34a74859ab13', '17d8738c-78c6-439d-811b-7b49eb5a57b0', 'B8', '2026-01-16T12:36:03.716130', '2026-01-16T12:36:03.716130');
INSERT INTO hall_seats (id, cinema_hall_id, seat_type_id, seat_code, created_at, updated_at) VALUES ('37734863-ba7a-499b-b5fc-a3a461949adf', '2bb67be0-c4c9-450e-a08f-34a74859ab13', '17d8738c-78c6-439d-811b-7b49eb5a57b0', 'C1', '2026-01-16T12:36:03.716256', '2026-01-16T12:36:03.716256');
INSERT INTO hall_seats (id, cinema_hall_id, seat_type_id, seat_code, created_at, updated_at) VALUES ('5005dd39-50a9-48de-859e-96bb0929a441', '2bb67be0-c4c9-450e-a08f-34a74859ab13', '17d8738c-78c6-439d-811b-7b49eb5a57b0', 'C2', '2026-01-16T12:36:03.716256', '2026-01-16T12:36:03.716256');
INSERT INTO hall_seats (id, cinema_hall_id, seat_type_id, seat_code, created_at, updated_at) VALUES ('925da45e-01c9-4fb9-80d5-cf4a364882a6', '2bb67be0-c4c9-450e-a08f-34a74859ab13', '17d8738c-78c6-439d-811b-7b49eb5a57b0', 'C3', '2026-01-16T12:36:03.716256', '2026-01-16T12:36:03.716256');
INSERT INTO hall_seats (id, cinema_hall_id, seat_type_id, seat_code, created_at, updated_at) VALUES ('299be724-1288-4aa8-ac10-0a4e835d0d45', '2bb67be0-c4c9-450e-a08f-34a74859ab13', '17d8738c-78c6-439d-811b-7b49eb5a57b0', 'C4', '2026-01-16T12:36:03.716256', '2026-01-16T12:36:03.716256');
INSERT INTO hall_seats (id, cinema_hall_id, seat_type_id, seat_code, created_at, updated_at) VALUES ('8ba84ad0-78a1-420d-a435-5f6541b1ee9f', '2bb67be0-c4c9-450e-a08f-34a74859ab13', '17d8738c-78c6-439d-811b-7b49eb5a57b0', 'C5', '2026-01-16T12:36:03.716256', '2026-01-16T12:36:03.716256');
INSERT INTO hall_seats (id, cinema_hall_id, seat_type_id, seat_code, created_at, updated_at) VALUES ('7e89a339-16a5-41e9-9cf9-69a3454abaa6', '2bb67be0-c4c9-450e-a08f-34a74859ab13', '17d8738c-78c6-439d-811b-7b49eb5a57b0', 'C6', '2026-01-16T12:36:03.716256', '2026-01-16T12:36:03.716256');
INSERT INTO hall_seats (id, cinema_hall_id, seat_type_id, seat_code, created_at, updated_at) VALUES ('a34b4365-af48-44b7-9858-786d98ab08b0', '2bb67be0-c4c9-450e-a08f-34a74859ab13', '17d8738c-78c6-439d-811b-7b49eb5a57b0', 'C7', '2026-01-16T12:36:03.716256', '2026-01-16T12:36:03.716256');
INSERT INTO hall_seats (id, cinema_hall_id, seat_type_id, seat_code, created_at, updated_at) VALUES ('2702ec09-1af0-4b78-aab2-4039272d9df1', '2bb67be0-c4c9-450e-a08f-34a74859ab13', '17d8738c-78c6-439d-811b-7b49eb5a57b0', 'C8', '2026-01-16T12:36:03.716256', '2026-01-16T12:36:03.716256');
INSERT INTO hall_seats (id, cinema_hall_id, seat_type_id, seat_code, created_at, updated_at) VALUES ('209df3cc-5401-44b7-bffa-32dd35cbe7bb', '2bb67be0-c4c9-450e-a08f-34a74859ab13', '17d8738c-78c6-439d-811b-7b49eb5a57b0', 'D1', '2026-01-16T12:36:03.716383', '2026-01-16T12:36:03.716383');
INSERT INTO hall_seats (id, cinema_hall_id, seat_type_id, seat_code, created_at, updated_at) VALUES ('dbfd50b2-02db-4162-b11e-bcd175a903c6', '2bb67be0-c4c9-450e-a08f-34a74859ab13', '17d8738c-78c6-439d-811b-7b49eb5a57b0', 'D2', '2026-01-16T12:36:03.716383', '2026-01-16T12:36:03.716383');
INSERT INTO hall_seats (id, cinema_hall_id, seat_type_id, seat_code, created_at, updated_at) VALUES ('f9fa70fa-180c-4d16-ad5c-de2f2eec44d8', '2bb67be0-c4c9-450e-a08f-34a74859ab13', '17d8738c-78c6-439d-811b-7b49eb5a57b0', 'D3', '2026-01-16T12:36:03.716383', '2026-01-16T12:36:03.716383');
INSERT INTO hall_seats (id, cinema_hall_id, seat_type_id, seat_code, created_at, updated_at) VALUES ('53b4e791-c68b-4ad9-9202-a6863e28fa88', '2bb67be0-c4c9-450e-a08f-34a74859ab13', '17d8738c-78c6-439d-811b-7b49eb5a57b0', 'D4', '2026-01-16T12:36:03.716383', '2026-01-16T12:36:03.716383');
INSERT INTO hall_seats (id, cinema_hall_id, seat_type_id, seat_code, created_at, updated_at) VALUES ('3c1195ee-de4c-463a-9c5b-642bf73163f8', '2bb67be0-c4c9-450e-a08f-34a74859ab13', '17d8738c-78c6-439d-811b-7b49eb5a57b0', 'D5', '2026-01-16T12:36:03.716383', '2026-01-16T12:36:03.716383');
INSERT INTO hall_seats (id, cinema_hall_id, seat_type_id, seat_code, created_at, updated_at) VALUES ('4e699198-075d-4da3-883e-102f67fba267', '2bb67be0-c4c9-450e-a08f-34a74859ab13', '17d8738c-78c6-439d-811b-7b49eb5a57b0', 'D6', '2026-01-16T12:36:03.716383', '2026-01-16T12:36:03.716383');
INSERT INTO hall_seats (id, cinema_hall_id, seat_type_id, seat_code, created_at, updated_at) VALUES ('a009ed77-43cf-4947-a749-8f4048414874', '2bb67be0-c4c9-450e-a08f-34a74859ab13', '17d8738c-78c6-439d-811b-7b49eb5a57b0', 'D7', '2026-01-16T12:36:03.716383', '2026-01-16T12:36:03.716383');
INSERT INTO hall_seats (id, cinema_hall_id, seat_type_id, seat_code, created_at, updated_at) VALUES ('49901b19-6992-401f-a557-cdf6a650d13c', '2bb67be0-c4c9-450e-a08f-34a74859ab13', '17d8738c-78c6-439d-811b-7b49eb5a57b0', 'D8', '2026-01-16T12:36:03.716383', '2026-01-16T12:36:03.716383');
INSERT INTO hall_seats (id, cinema_hall_id, seat_type_id, seat_code, created_at, updated_at) VALUES ('1927b3d7-7d9e-4246-9d92-573742c2e20b', '2bb67be0-c4c9-450e-a08f-34a74859ab13', '17d8738c-78c6-439d-811b-7b49eb5a57b0', 'E1', '2026-01-16T12:36:03.716524', '2026-01-16T12:36:03.716524');
INSERT INTO hall_seats (id, cinema_hall_id, seat_type_id, seat_code, created_at, updated_at) VALUES ('ba2d9073-297b-47cd-b5cf-f3ea7ea83ec3', '2bb67be0-c4c9-450e-a08f-34a74859ab13', '17d8738c-78c6-439d-811b-7b49eb5a57b0', 'E2', '2026-01-16T12:36:03.716524', '2026-01-16T12:36:03.716524');
INSERT INTO hall_seats (id, cinema_hall_id, seat_type_id, seat_code, created_at, updated_at) VALUES ('b33af8af-2616-4130-b1b8-e3f020c07bc5', '2bb67be0-c4c9-450e-a08f-34a74859ab13', '17d8738c-78c6-439d-811b-7b49eb5a57b0', 'E3', '2026-01-16T12:36:03.716524', '2026-01-16T12:36:03.716524');
INSERT INTO hall_seats (id, cinema_hall_id, seat_type_id, seat_code, created_at, updated_at) VALUES ('00cbc10e-7b8f-49ad-b963-8b8c0d15ff35', '2bb67be0-c4c9-450e-a08f-34a74859ab13', '17d8738c-78c6-439d-811b-7b49eb5a57b0', 'E4', '2026-01-16T12:36:03.716524', '2026-01-16T12:36:03.716524');
INSERT INTO hall_seats (id, cinema_hall_id, seat_type_id, seat_code, created_at, updated_at) VALUES ('3e6d0767-afe2-4b44-ad3e-81a66b055878', '2bb67be0-c4c9-450e-a08f-34a74859ab13', '17d8738c-78c6-439d-811b-7b49eb5a57b0', 'E5', '2026-01-16T12:36:03.716524', '2026-01-16T12:36:03.716524');
INSERT INTO hall_seats (id, cinema_hall_id, seat_type_id, seat_code, created_at, updated_at) VALUES ('d3311231-cb9d-4ae5-8b80-e9d68fa0ae60', '2bb67be0-c4c9-450e-a08f-34a74859ab13', '17d8738c-78c6-439d-811b-7b49eb5a57b0', 'E6', '2026-01-16T12:36:03.716524', '2026-01-16T12:36:03.716524');
INSERT INTO hall_seats (id, cinema_hall_id, seat_type_id, seat_code, created_at, updated_at) VALUES ('502c8e9d-7ecc-4039-8785-209286f5ba85', '2bb67be0-c4c9-450e-a08f-34a74859ab13', '17d8738c-78c6-439d-811b-7b49eb5a57b0', 'E7', '2026-01-16T12:36:03.716524', '2026-01-16T12:36:03.716524');
INSERT INTO hall_seats (id, cinema_hall_id, seat_type_id, seat_code, created_at, updated_at) VALUES ('c72297d1-4ab9-4eac-8b10-614059367a77', '2bb67be0-c4c9-450e-a08f-34a74859ab13', '17d8738c-78c6-439d-811b-7b49eb5a57b0', 'E8', '2026-01-16T12:36:03.716524', '2026-01-16T12:36:03.716524');
INSERT INTO hall_seats (id, cinema_hall_id, seat_type_id, seat_code, created_at, updated_at) VALUES ('b1553573-0cb6-4815-bee4-7472a4802afd', '2bb67be0-c4c9-450e-a08f-34a74859ab13', '17d8738c-78c6-439d-811b-7b49eb5a57b0', 'F1', '2026-01-16T12:36:03.716655', '2026-01-16T12:36:03.716655');
INSERT INTO hall_seats (id, cinema_hall_id, seat_type_id, seat_code, created_at, updated_at) VALUES ('72a52ec0-556c-4e4f-a91d-704f0ce492a9', '2bb67be0-c4c9-450e-a08f-34a74859ab13', '17d8738c-78c6-439d-811b-7b49eb5a57b0', 'F2', '2026-01-16T12:36:03.716655', '2026-01-16T12:36:03.716655');
INSERT INTO hall_seats (id, cinema_hall_id, seat_type_id, seat_code, created_at, updated_at) VALUES ('97e2a42d-9c3b-4363-856f-093f63a69dc6', '2bb67be0-c4c9-450e-a08f-34a74859ab13', '17d8738c-78c6-439d-811b-7b49eb5a57b0', 'F3', '2026-01-16T12:36:03.716655', '2026-01-16T12:36:03.716655');
INSERT INTO hall_seats (id, cinema_hall_id, seat_type_id, seat_code, created_at, updated_at) VALUES ('e1cd03fa-b338-48f0-bb54-cfaaa82f21ce', '2bb67be0-c4c9-450e-a08f-34a74859ab13', '17d8738c-78c6-439d-811b-7b49eb5a57b0', 'F4', '2026-01-16T12:36:03.716655', '2026-01-16T12:36:03.716655');
INSERT INTO hall_seats (id, cinema_hall_id, seat_type_id, seat_code, created_at, updated_at) VALUES ('badfc2e7-c2d4-4b9a-a19b-ceddb83e0e5e', '2bb67be0-c4c9-450e-a08f-34a74859ab13', '17d8738c-78c6-439d-811b-7b49eb5a57b0', 'F5', '2026-01-16T12:36:03.716655', '2026-01-16T12:36:03.716655');
INSERT INTO hall_seats (id, cinema_hall_id, seat_type_id, seat_code, created_at, updated_at) VALUES ('968afc40-c548-4e15-a193-c5effa08a844', '2bb67be0-c4c9-450e-a08f-34a74859ab13', '17d8738c-78c6-439d-811b-7b49eb5a57b0', 'F6', '2026-01-16T12:36:03.716655', '2026-01-16T12:36:03.716655');
INSERT INTO hall_seats (id, cinema_hall_id, seat_type_id, seat_code, created_at, updated_at) VALUES ('f2c766a5-8c69-495e-b96b-485ccb57b6dd', '2bb67be0-c4c9-450e-a08f-34a74859ab13', '17d8738c-78c6-439d-811b-7b49eb5a57b0', 'F7', '2026-01-16T12:36:03.716655', '2026-01-16T12:36:03.716655');
INSERT INTO hall_seats (id, cinema_hall_id, seat_type_id, seat_code, created_at, updated_at) VALUES ('dddd7a8f-abc9-466a-9cb8-2d63bbe15a78', '2bb67be0-c4c9-450e-a08f-34a74859ab13', '17d8738c-78c6-439d-811b-7b49eb5a57b0', 'F8', '2026-01-16T12:36:03.716655', '2026-01-16T12:36:03.716655');
INSERT INTO hall_seats (id, cinema_hall_id, seat_type_id, seat_code, created_at, updated_at) VALUES ('151184d4-693d-4c1d-b463-1db4df513bbf', '2bb67be0-c4c9-450e-a08f-34a74859ab13', 'afd47537-1eac-411d-be48-07c7598935b4', 'G1', '2026-01-16T12:36:03.716775', '2026-01-16T12:36:03.716775');
INSERT INTO hall_seats (id, cinema_hall_id, seat_type_id, seat_code, created_at, updated_at) VALUES ('441bdec6-08c5-4a05-8048-4783bbe5c210', '2bb67be0-c4c9-450e-a08f-34a74859ab13', 'afd47537-1eac-411d-be48-07c7598935b4', 'G2', '2026-01-16T12:36:03.716775', '2026-01-16T12:36:03.716775');
INSERT INTO hall_seats (id, cinema_hall_id, seat_type_id, seat_code, created_at, updated_at) VALUES ('6f3bcab0-54c1-4009-86e8-3904b3d0b808', '2bb67be0-c4c9-450e-a08f-34a74859ab13', 'afd47537-1eac-411d-be48-07c7598935b4', 'G3', '2026-01-16T12:36:03.716775', '2026-01-16T12:36:03.716775');
INSERT INTO hall_seats (id, cinema_hall_id, seat_type_id, seat_code, created_at, updated_at) VALUES ('1fa0579e-ec3b-4a7d-be1c-dafe81e61fe6', '2bb67be0-c4c9-450e-a08f-34a74859ab13', 'afd47537-1eac-411d-be48-07c7598935b4', 'G4', '2026-01-16T12:36:03.716775', '2026-01-16T12:36:03.716775');
INSERT INTO hall_seats (id, cinema_hall_id, seat_type_id, seat_code, created_at, updated_at) VALUES ('a652cc49-5ac2-4342-8cc2-230bb9a80f9c', '2bb67be0-c4c9-450e-a08f-34a74859ab13', 'afd47537-1eac-411d-be48-07c7598935b4', 'G5', '2026-01-16T12:36:03.716775', '2026-01-16T12:36:03.716775');
INSERT INTO hall_seats (id, cinema_hall_id, seat_type_id, seat_code, created_at, updated_at) VALUES ('ac524edd-e42b-49f3-bf66-0e5e5aa278f1', '2bb67be0-c4c9-450e-a08f-34a74859ab13', 'afd47537-1eac-411d-be48-07c7598935b4', 'G6', '2026-01-16T12:36:03.716775', '2026-01-16T12:36:03.716775');
INSERT INTO hall_seats (id, cinema_hall_id, seat_type_id, seat_code, created_at, updated_at) VALUES ('3db939c7-cf91-442c-9412-05dc2b63f436', '2bb67be0-c4c9-450e-a08f-34a74859ab13', 'afd47537-1eac-411d-be48-07c7598935b4', 'G7', '2026-01-16T12:36:03.716775', '2026-01-16T12:36:03.716775');
INSERT INTO hall_seats (id, cinema_hall_id, seat_type_id, seat_code, created_at, updated_at) VALUES ('d42cdd38-ab3b-48f7-bf81-5e52c1658b5f', '2bb67be0-c4c9-450e-a08f-34a74859ab13', 'afd47537-1eac-411d-be48-07c7598935b4', 'G8', '2026-01-16T12:36:03.716775', '2026-01-16T12:36:03.716775');
INSERT INTO hall_seats (id, cinema_hall_id, seat_type_id, seat_code, created_at, updated_at) VALUES ('299eb606-4713-4f72-a1ea-b40b28b41ace', '2bb67be0-c4c9-450e-a08f-34a74859ab13', 'afd47537-1eac-411d-be48-07c7598935b4', 'H1', '2026-01-16T12:36:03.716900', '2026-01-16T12:36:03.716900');
INSERT INTO hall_seats (id, cinema_hall_id, seat_type_id, seat_code, created_at, updated_at) VALUES ('8715a49a-6819-4a1c-8ff8-2ad978d5bef9', '2bb67be0-c4c9-450e-a08f-34a74859ab13', 'afd47537-1eac-411d-be48-07c7598935b4', 'H2', '2026-01-16T12:36:03.716900', '2026-01-16T12:36:03.716900');
INSERT INTO hall_seats (id, cinema_hall_id, seat_type_id, seat_code, created_at, updated_at) VALUES ('ac9d41c4-562b-4512-94cf-28bb00304952', '2bb67be0-c4c9-450e-a08f-34a74859ab13', 'afd47537-1eac-411d-be48-07c7598935b4', 'H3', '2026-01-16T12:36:03.716900', '2026-01-16T12:36:03.716900');
INSERT INTO hall_seats (id, cinema_hall_id, seat_type_id, seat_code, created_at, updated_at) VALUES ('71798153-9d18-4c61-ad58-64d7b7a85567', '2bb67be0-c4c9-450e-a08f-34a74859ab13', 'afd47537-1eac-411d-be48-07c7598935b4', 'H4', '2026-01-16T12:36:03.716900', '2026-01-16T12:36:03.716900');
INSERT INTO hall_seats (id, cinema_hall_id, seat_type_id, seat_code, created_at, updated_at) VALUES ('71aa687d-f3d9-4d5d-8ec2-d29fb2624224', '2bb67be0-c4c9-450e-a08f-34a74859ab13', 'afd47537-1eac-411d-be48-07c7598935b4', 'H5', '2026-01-16T12:36:03.716900', '2026-01-16T12:36:03.716900');
INSERT INTO hall_seats (id, cinema_hall_id, seat_type_id, seat_code, created_at, updated_at) VALUES ('d59e8257-70fb-43ea-80ab-bccd23757004', '2bb67be0-c4c9-450e-a08f-34a74859ab13', 'afd47537-1eac-411d-be48-07c7598935b4', 'H6', '2026-01-16T12:36:03.716900', '2026-01-16T12:36:03.716900');
INSERT INTO hall_seats (id, cinema_hall_id, seat_type_id, seat_code, created_at, updated_at) VALUES ('a2742d37-0deb-4d34-a2e3-f584d7b32c00', '2bb67be0-c4c9-450e-a08f-34a74859ab13', 'afd47537-1eac-411d-be48-07c7598935b4', 'H7', '2026-01-16T12:36:03.716900', '2026-01-16T12:36:03.716900');
INSERT INTO hall_seats (id, cinema_hall_id, seat_type_id, seat_code, created_at, updated_at) VALUES ('5d7de5c0-b517-4c6a-88fc-459092849e73', '2bb67be0-c4c9-450e-a08f-34a74859ab13', 'afd47537-1eac-411d-be48-07c7598935b4', 'H8', '2026-01-16T12:36:03.716900', '2026-01-16T12:36:03.716900');
INSERT INTO hall_seats (id, cinema_hall_id, seat_type_id, seat_code, created_at, updated_at) VALUES ('0c885517-a83b-45ef-8a00-7d6ba5a1c4a2', '2bb67be0-c4c9-450e-a08f-34a74859ab13', 'd76d7cb0-33eb-4ac3-8eea-f2ae6150cabd', 'I1', '2026-01-16T12:36:03.717903', '2026-01-16T12:36:03.717903');
INSERT INTO hall_seats (id, cinema_hall_id, seat_type_id, seat_code, created_at, updated_at) VALUES ('062ebe52-c5ff-4f22-9cc7-1f4dc3bab481', '2bb67be0-c4c9-450e-a08f-34a74859ab13', 'd76d7cb0-33eb-4ac3-8eea-f2ae6150cabd', 'I2', '2026-01-16T12:36:03.717903', '2026-01-16T12:36:03.717903');
INSERT INTO hall_seats (id, cinema_hall_id, seat_type_id, seat_code, created_at, updated_at) VALUES ('74a437c0-6470-498c-8e99-565e84438f36', '2bb67be0-c4c9-450e-a08f-34a74859ab13', 'd76d7cb0-33eb-4ac3-8eea-f2ae6150cabd', 'I3', '2026-01-16T12:36:03.717903', '2026-01-16T12:36:03.717903');
INSERT INTO hall_seats (id, cinema_hall_id, seat_type_id, seat_code, created_at, updated_at) VALUES ('67c1e916-3dfd-4c69-9eb4-85bc01ee7e0c', '2bb67be0-c4c9-450e-a08f-34a74859ab13', 'd76d7cb0-33eb-4ac3-8eea-f2ae6150cabd', 'I4', '2026-01-16T12:36:03.717903', '2026-01-16T12:36:03.717903');
INSERT INTO hall_seats (id, cinema_hall_id, seat_type_id, seat_code, created_at, updated_at) VALUES ('c9eb3a23-9f3c-453d-a307-52dad778f8bf', '52cd97ab-39f3-4636-8ef4-2def4b33a8b7', '17d8738c-78c6-439d-811b-7b49eb5a57b0', 'A1', '2026-01-16T12:36:03.718019', '2026-01-16T12:36:03.718019');
INSERT INTO hall_seats (id, cinema_hall_id, seat_type_id, seat_code, created_at, updated_at) VALUES ('5e4cd9ec-2aa4-4261-a401-013cacd53f61', '52cd97ab-39f3-4636-8ef4-2def4b33a8b7', '17d8738c-78c6-439d-811b-7b49eb5a57b0', 'A2', '2026-01-16T12:36:03.718019', '2026-01-16T12:36:03.718019');
INSERT INTO hall_seats (id, cinema_hall_id, seat_type_id, seat_code, created_at, updated_at) VALUES ('bc0429a7-962b-45eb-acd7-7c3fd5e57906', '52cd97ab-39f3-4636-8ef4-2def4b33a8b7', '17d8738c-78c6-439d-811b-7b49eb5a57b0', 'A3', '2026-01-16T12:36:03.718019', '2026-01-16T12:36:03.718019');
INSERT INTO hall_seats (id, cinema_hall_id, seat_type_id, seat_code, created_at, updated_at) VALUES ('6e2f43db-71a1-43c5-a50c-b8e9adeb66ea', '52cd97ab-39f3-4636-8ef4-2def4b33a8b7', '17d8738c-78c6-439d-811b-7b49eb5a57b0', 'A4', '2026-01-16T12:36:03.718019', '2026-01-16T12:36:03.718019');
INSERT INTO hall_seats (id, cinema_hall_id, seat_type_id, seat_code, created_at, updated_at) VALUES ('9f3afdf3-390b-46de-b335-d52c98e1047e', '52cd97ab-39f3-4636-8ef4-2def4b33a8b7', '17d8738c-78c6-439d-811b-7b49eb5a57b0', 'A5', '2026-01-16T12:36:03.718019', '2026-01-16T12:36:03.718019');
INSERT INTO hall_seats (id, cinema_hall_id, seat_type_id, seat_code, created_at, updated_at) VALUES ('5b5b7f70-cc31-42f8-9ab2-2f89e8eff068', '52cd97ab-39f3-4636-8ef4-2def4b33a8b7', '17d8738c-78c6-439d-811b-7b49eb5a57b0', 'A6', '2026-01-16T12:36:03.718019', '2026-01-16T12:36:03.718019');
INSERT INTO hall_seats (id, cinema_hall_id, seat_type_id, seat_code, created_at, updated_at) VALUES ('e162f450-9c45-4688-9a0c-be2befb47076', '52cd97ab-39f3-4636-8ef4-2def4b33a8b7', '17d8738c-78c6-439d-811b-7b49eb5a57b0', 'A7', '2026-01-16T12:36:03.718019', '2026-01-16T12:36:03.718019');
INSERT INTO hall_seats (id, cinema_hall_id, seat_type_id, seat_code, created_at, updated_at) VALUES ('f9745fa5-0037-4006-a744-e5b9520e9a25', '52cd97ab-39f3-4636-8ef4-2def4b33a8b7', '17d8738c-78c6-439d-811b-7b49eb5a57b0', 'A8', '2026-01-16T12:36:03.718019', '2026-01-16T12:36:03.718019');
INSERT INTO hall_seats (id, cinema_hall_id, seat_type_id, seat_code, created_at, updated_at) VALUES ('4b406b5a-26d8-456e-80e7-50a01f06a8da', '52cd97ab-39f3-4636-8ef4-2def4b33a8b7', '17d8738c-78c6-439d-811b-7b49eb5a57b0', 'B1', '2026-01-16T12:36:03.718172', '2026-01-16T12:36:03.718172');
INSERT INTO hall_seats (id, cinema_hall_id, seat_type_id, seat_code, created_at, updated_at) VALUES ('defc0440-79f5-4770-ab16-3f606d8ac1e2', '52cd97ab-39f3-4636-8ef4-2def4b33a8b7', '17d8738c-78c6-439d-811b-7b49eb5a57b0', 'B2', '2026-01-16T12:36:03.718172', '2026-01-16T12:36:03.718172');
INSERT INTO hall_seats (id, cinema_hall_id, seat_type_id, seat_code, created_at, updated_at) VALUES ('3d1337cb-2d6d-4c16-af60-31e03e81cb01', '52cd97ab-39f3-4636-8ef4-2def4b33a8b7', '17d8738c-78c6-439d-811b-7b49eb5a57b0', 'B3', '2026-01-16T12:36:03.718172', '2026-01-16T12:36:03.718172');
INSERT INTO hall_seats (id, cinema_hall_id, seat_type_id, seat_code, created_at, updated_at) VALUES ('d4281a6f-e0f0-4168-897d-ef2a1919e921', '52cd97ab-39f3-4636-8ef4-2def4b33a8b7', '17d8738c-78c6-439d-811b-7b49eb5a57b0', 'B4', '2026-01-16T12:36:03.718172', '2026-01-16T12:36:03.718172');
INSERT INTO hall_seats (id, cinema_hall_id, seat_type_id, seat_code, created_at, updated_at) VALUES ('8ad30457-0583-486a-83ce-65aefae3a634', '52cd97ab-39f3-4636-8ef4-2def4b33a8b7', '17d8738c-78c6-439d-811b-7b49eb5a57b0', 'B5', '2026-01-16T12:36:03.718172', '2026-01-16T12:36:03.718172');
INSERT INTO hall_seats (id, cinema_hall_id, seat_type_id, seat_code, created_at, updated_at) VALUES ('e8d5979a-7d71-4e07-88ca-4ba0eacff588', '52cd97ab-39f3-4636-8ef4-2def4b33a8b7', '17d8738c-78c6-439d-811b-7b49eb5a57b0', 'B6', '2026-01-16T12:36:03.718172', '2026-01-16T12:36:03.718172');
INSERT INTO hall_seats (id, cinema_hall_id, seat_type_id, seat_code, created_at, updated_at) VALUES ('3489ea92-8753-4d1a-8e6c-8e14d1865a4c', '52cd97ab-39f3-4636-8ef4-2def4b33a8b7', '17d8738c-78c6-439d-811b-7b49eb5a57b0', 'B7', '2026-01-16T12:36:03.718172', '2026-01-16T12:36:03.718172');
INSERT INTO hall_seats (id, cinema_hall_id, seat_type_id, seat_code, created_at, updated_at) VALUES ('ac4791a4-16f1-4e03-924c-e0180bb6d70c', '52cd97ab-39f3-4636-8ef4-2def4b33a8b7', '17d8738c-78c6-439d-811b-7b49eb5a57b0', 'B8', '2026-01-16T12:36:03.718172', '2026-01-16T12:36:03.718172');
INSERT INTO hall_seats (id, cinema_hall_id, seat_type_id, seat_code, created_at, updated_at) VALUES ('7e5d4dd5-289f-420e-bb73-a3200ea3a8e7', '52cd97ab-39f3-4636-8ef4-2def4b33a8b7', '17d8738c-78c6-439d-811b-7b49eb5a57b0', 'C1', '2026-01-16T12:36:03.718330', '2026-01-16T12:36:03.718330');
INSERT INTO hall_seats (id, cinema_hall_id, seat_type_id, seat_code, created_at, updated_at) VALUES ('2f3106f7-c0eb-4bfd-9799-291694bbedd3', '52cd97ab-39f3-4636-8ef4-2def4b33a8b7', '17d8738c-78c6-439d-811b-7b49eb5a57b0', 'C2', '2026-01-16T12:36:03.718330', '2026-01-16T12:36:03.718330');
INSERT INTO hall_seats (id, cinema_hall_id, seat_type_id, seat_code, created_at, updated_at) VALUES ('6ada3ca9-a2dc-47a2-9779-74babd3aa065', '52cd97ab-39f3-4636-8ef4-2def4b33a8b7', '17d8738c-78c6-439d-811b-7b49eb5a57b0', 'C3', '2026-01-16T12:36:03.718330', '2026-01-16T12:36:03.718330');
INSERT INTO hall_seats (id, cinema_hall_id, seat_type_id, seat_code, created_at, updated_at) VALUES ('8aa3891a-935d-4bfe-aacd-11b0a35e3877', '52cd97ab-39f3-4636-8ef4-2def4b33a8b7', '17d8738c-78c6-439d-811b-7b49eb5a57b0', 'C4', '2026-01-16T12:36:03.718330', '2026-01-16T12:36:03.718330');
INSERT INTO hall_seats (id, cinema_hall_id, seat_type_id, seat_code, created_at, updated_at) VALUES ('e16e6a3e-1125-4e0b-8cf3-0931d244cfa9', '52cd97ab-39f3-4636-8ef4-2def4b33a8b7', '17d8738c-78c6-439d-811b-7b49eb5a57b0', 'C5', '2026-01-16T12:36:03.718330', '2026-01-16T12:36:03.718330');
INSERT INTO hall_seats (id, cinema_hall_id, seat_type_id, seat_code, created_at, updated_at) VALUES ('7f4bb3c1-2db0-4a1e-804a-d239ef2afb7c', '52cd97ab-39f3-4636-8ef4-2def4b33a8b7', '17d8738c-78c6-439d-811b-7b49eb5a57b0', 'C6', '2026-01-16T12:36:03.718330', '2026-01-16T12:36:03.718330');
INSERT INTO hall_seats (id, cinema_hall_id, seat_type_id, seat_code, created_at, updated_at) VALUES ('59b24a09-ba92-4754-92f7-b6b6c25a3722', '52cd97ab-39f3-4636-8ef4-2def4b33a8b7', '17d8738c-78c6-439d-811b-7b49eb5a57b0', 'C7', '2026-01-16T12:36:03.718330', '2026-01-16T12:36:03.718330');
INSERT INTO hall_seats (id, cinema_hall_id, seat_type_id, seat_code, created_at, updated_at) VALUES ('53b917c3-a7bb-4258-8247-ac9e82dd5abd', '52cd97ab-39f3-4636-8ef4-2def4b33a8b7', '17d8738c-78c6-439d-811b-7b49eb5a57b0', 'C8', '2026-01-16T12:36:03.718330', '2026-01-16T12:36:03.718330');
INSERT INTO hall_seats (id, cinema_hall_id, seat_type_id, seat_code, created_at, updated_at) VALUES ('f1842a3b-050d-4e13-80ce-1a59887272ef', '52cd97ab-39f3-4636-8ef4-2def4b33a8b7', '17d8738c-78c6-439d-811b-7b49eb5a57b0', 'D1', '2026-01-16T12:36:03.718494', '2026-01-16T12:36:03.718494');
INSERT INTO hall_seats (id, cinema_hall_id, seat_type_id, seat_code, created_at, updated_at) VALUES ('0b39e434-b135-4073-b0b6-98821ff0d0eb', '52cd97ab-39f3-4636-8ef4-2def4b33a8b7', '17d8738c-78c6-439d-811b-7b49eb5a57b0', 'D2', '2026-01-16T12:36:03.718494', '2026-01-16T12:36:03.718494');
INSERT INTO hall_seats (id, cinema_hall_id, seat_type_id, seat_code, created_at, updated_at) VALUES ('a00bfdd9-b8b0-4eb5-a923-db44069325bb', '52cd97ab-39f3-4636-8ef4-2def4b33a8b7', '17d8738c-78c6-439d-811b-7b49eb5a57b0', 'D3', '2026-01-16T12:36:03.718494', '2026-01-16T12:36:03.718494');
INSERT INTO hall_seats (id, cinema_hall_id, seat_type_id, seat_code, created_at, updated_at) VALUES ('02dae8ed-8c91-4e1f-93a8-226ff7d7fd2e', '52cd97ab-39f3-4636-8ef4-2def4b33a8b7', '17d8738c-78c6-439d-811b-7b49eb5a57b0', 'D4', '2026-01-16T12:36:03.718494', '2026-01-16T12:36:03.718494');
INSERT INTO hall_seats (id, cinema_hall_id, seat_type_id, seat_code, created_at, updated_at) VALUES ('fef48852-fef4-4fab-9903-94f953aa9ee2', '52cd97ab-39f3-4636-8ef4-2def4b33a8b7', '17d8738c-78c6-439d-811b-7b49eb5a57b0', 'D5', '2026-01-16T12:36:03.718494', '2026-01-16T12:36:03.718494');
INSERT INTO hall_seats (id, cinema_hall_id, seat_type_id, seat_code, created_at, updated_at) VALUES ('119cd012-1b30-4d1d-b8f5-f57bef8e1e27', '52cd97ab-39f3-4636-8ef4-2def4b33a8b7', '17d8738c-78c6-439d-811b-7b49eb5a57b0', 'D6', '2026-01-16T12:36:03.718494', '2026-01-16T12:36:03.718494');
INSERT INTO hall_seats (id, cinema_hall_id, seat_type_id, seat_code, created_at, updated_at) VALUES ('c0b24f44-cba7-498c-8f4c-76957b583c78', '52cd97ab-39f3-4636-8ef4-2def4b33a8b7', '17d8738c-78c6-439d-811b-7b49eb5a57b0', 'D7', '2026-01-16T12:36:03.718494', '2026-01-16T12:36:03.718494');
INSERT INTO hall_seats (id, cinema_hall_id, seat_type_id, seat_code, created_at, updated_at) VALUES ('97585749-5b4c-4353-8519-d5c525f21bee', '52cd97ab-39f3-4636-8ef4-2def4b33a8b7', '17d8738c-78c6-439d-811b-7b49eb5a57b0', 'D8', '2026-01-16T12:36:03.718494', '2026-01-16T12:36:03.718494');
INSERT INTO hall_seats (id, cinema_hall_id, seat_type_id, seat_code, created_at, updated_at) VALUES ('2c780f97-e39a-4d18-9e44-1963872b1c86', '52cd97ab-39f3-4636-8ef4-2def4b33a8b7', '17d8738c-78c6-439d-811b-7b49eb5a57b0', 'E1', '2026-01-16T12:36:03.718653', '2026-01-16T12:36:03.718653');
INSERT INTO hall_seats (id, cinema_hall_id, seat_type_id, seat_code, created_at, updated_at) VALUES ('b9c15b06-0719-4372-b266-7f8962fc6735', '52cd97ab-39f3-4636-8ef4-2def4b33a8b7', '17d8738c-78c6-439d-811b-7b49eb5a57b0', 'E2', '2026-01-16T12:36:03.718653', '2026-01-16T12:36:03.718653');
INSERT INTO hall_seats (id, cinema_hall_id, seat_type_id, seat_code, created_at, updated_at) VALUES ('5bb99be8-7046-4d00-ac90-4b68769deb7a', '52cd97ab-39f3-4636-8ef4-2def4b33a8b7', '17d8738c-78c6-439d-811b-7b49eb5a57b0', 'E3', '2026-01-16T12:36:03.718653', '2026-01-16T12:36:03.718653');
INSERT INTO hall_seats (id, cinema_hall_id, seat_type_id, seat_code, created_at, updated_at) VALUES ('74ba799a-fb38-4248-be6f-a61b65f4cdf2', '52cd97ab-39f3-4636-8ef4-2def4b33a8b7', '17d8738c-78c6-439d-811b-7b49eb5a57b0', 'E4', '2026-01-16T12:36:03.718653', '2026-01-16T12:36:03.718653');
INSERT INTO hall_seats (id, cinema_hall_id, seat_type_id, seat_code, created_at, updated_at) VALUES ('80e7ddb3-0f02-4727-880f-1737340ccb21', '52cd97ab-39f3-4636-8ef4-2def4b33a8b7', '17d8738c-78c6-439d-811b-7b49eb5a57b0', 'E5', '2026-01-16T12:36:03.718653', '2026-01-16T12:36:03.718653');
INSERT INTO hall_seats (id, cinema_hall_id, seat_type_id, seat_code, created_at, updated_at) VALUES ('0a20e75a-ad06-4d87-8195-d3ace87ef76b', '52cd97ab-39f3-4636-8ef4-2def4b33a8b7', '17d8738c-78c6-439d-811b-7b49eb5a57b0', 'E6', '2026-01-16T12:36:03.718653', '2026-01-16T12:36:03.718653');
INSERT INTO hall_seats (id, cinema_hall_id, seat_type_id, seat_code, created_at, updated_at) VALUES ('5fa1d6da-f414-4e2a-8408-854ed5288d50', '52cd97ab-39f3-4636-8ef4-2def4b33a8b7', '17d8738c-78c6-439d-811b-7b49eb5a57b0', 'E7', '2026-01-16T12:36:03.718653', '2026-01-16T12:36:03.718653');
INSERT INTO hall_seats (id, cinema_hall_id, seat_type_id, seat_code, created_at, updated_at) VALUES ('22779444-3406-4032-9fe5-17d69e915566', '52cd97ab-39f3-4636-8ef4-2def4b33a8b7', '17d8738c-78c6-439d-811b-7b49eb5a57b0', 'E8', '2026-01-16T12:36:03.718653', '2026-01-16T12:36:03.718653');
INSERT INTO hall_seats (id, cinema_hall_id, seat_type_id, seat_code, created_at, updated_at) VALUES ('66cbab99-85ab-44d5-b0cb-91ae7db3b76b', '52cd97ab-39f3-4636-8ef4-2def4b33a8b7', '17d8738c-78c6-439d-811b-7b49eb5a57b0', 'F1', '2026-01-16T12:36:03.718892', '2026-01-16T12:36:03.718892');
INSERT INTO hall_seats (id, cinema_hall_id, seat_type_id, seat_code, created_at, updated_at) VALUES ('6b52915a-6faa-4f09-8a0c-ea49b1f88134', '52cd97ab-39f3-4636-8ef4-2def4b33a8b7', '17d8738c-78c6-439d-811b-7b49eb5a57b0', 'F2', '2026-01-16T12:36:03.718892', '2026-01-16T12:36:03.718892');
INSERT INTO hall_seats (id, cinema_hall_id, seat_type_id, seat_code, created_at, updated_at) VALUES ('49f7705c-11a5-4a60-9ab4-954e352727d9', '52cd97ab-39f3-4636-8ef4-2def4b33a8b7', '17d8738c-78c6-439d-811b-7b49eb5a57b0', 'F3', '2026-01-16T12:36:03.718892', '2026-01-16T12:36:03.718892');
INSERT INTO hall_seats (id, cinema_hall_id, seat_type_id, seat_code, created_at, updated_at) VALUES ('47a36289-4715-40f3-85c9-81b971231ff4', '52cd97ab-39f3-4636-8ef4-2def4b33a8b7', '17d8738c-78c6-439d-811b-7b49eb5a57b0', 'F4', '2026-01-16T12:36:03.718892', '2026-01-16T12:36:03.718892');
INSERT INTO hall_seats (id, cinema_hall_id, seat_type_id, seat_code, created_at, updated_at) VALUES ('252fb9c6-0230-4036-8c2c-761c10db123a', '52cd97ab-39f3-4636-8ef4-2def4b33a8b7', '17d8738c-78c6-439d-811b-7b49eb5a57b0', 'F5', '2026-01-16T12:36:03.718892', '2026-01-16T12:36:03.718892');
INSERT INTO hall_seats (id, cinema_hall_id, seat_type_id, seat_code, created_at, updated_at) VALUES ('d8495f23-3c47-4f8e-81db-0f4e43112f61', '52cd97ab-39f3-4636-8ef4-2def4b33a8b7', '17d8738c-78c6-439d-811b-7b49eb5a57b0', 'F6', '2026-01-16T12:36:03.718892', '2026-01-16T12:36:03.718892');
INSERT INTO hall_seats (id, cinema_hall_id, seat_type_id, seat_code, created_at, updated_at) VALUES ('38dc9cbb-9004-4e1d-8f19-ac84ff9103ff', '52cd97ab-39f3-4636-8ef4-2def4b33a8b7', '17d8738c-78c6-439d-811b-7b49eb5a57b0', 'F7', '2026-01-16T12:36:03.718892', '2026-01-16T12:36:03.718892');
INSERT INTO hall_seats (id, cinema_hall_id, seat_type_id, seat_code, created_at, updated_at) VALUES ('a54fbdb3-1ee5-4ddf-991f-331c37909ee7', '52cd97ab-39f3-4636-8ef4-2def4b33a8b7', '17d8738c-78c6-439d-811b-7b49eb5a57b0', 'F8', '2026-01-16T12:36:03.718892', '2026-01-16T12:36:03.718892');
INSERT INTO hall_seats (id, cinema_hall_id, seat_type_id, seat_code, created_at, updated_at) VALUES ('9d7eca9e-8041-4eb2-9f6e-f99a64edb113', '52cd97ab-39f3-4636-8ef4-2def4b33a8b7', 'afd47537-1eac-411d-be48-07c7598935b4', 'G1', '2026-01-16T12:36:03.719272', '2026-01-16T12:36:03.719272');
INSERT INTO hall_seats (id, cinema_hall_id, seat_type_id, seat_code, created_at, updated_at) VALUES ('b287f5a4-a012-4177-94fb-179d9481a587', '52cd97ab-39f3-4636-8ef4-2def4b33a8b7', 'afd47537-1eac-411d-be48-07c7598935b4', 'G2', '2026-01-16T12:36:03.719272', '2026-01-16T12:36:03.719272');
INSERT INTO hall_seats (id, cinema_hall_id, seat_type_id, seat_code, created_at, updated_at) VALUES ('857d5bf3-9c73-4a84-a208-51ef0e06ba10', '52cd97ab-39f3-4636-8ef4-2def4b33a8b7', 'afd47537-1eac-411d-be48-07c7598935b4', 'G3', '2026-01-16T12:36:03.719272', '2026-01-16T12:36:03.719272');
INSERT INTO hall_seats (id, cinema_hall_id, seat_type_id, seat_code, created_at, updated_at) VALUES ('7a53b017-0765-4139-967c-a7d0da5574b1', '52cd97ab-39f3-4636-8ef4-2def4b33a8b7', 'afd47537-1eac-411d-be48-07c7598935b4', 'G4', '2026-01-16T12:36:03.719272', '2026-01-16T12:36:03.719272');
INSERT INTO hall_seats (id, cinema_hall_id, seat_type_id, seat_code, created_at, updated_at) VALUES ('ec8d5045-9391-4f38-baf4-a4c386c9473a', '52cd97ab-39f3-4636-8ef4-2def4b33a8b7', 'afd47537-1eac-411d-be48-07c7598935b4', 'G5', '2026-01-16T12:36:03.719272', '2026-01-16T12:36:03.719272');
INSERT INTO hall_seats (id, cinema_hall_id, seat_type_id, seat_code, created_at, updated_at) VALUES ('2504fb9e-ca70-47cb-ac7a-37605b89956c', '52cd97ab-39f3-4636-8ef4-2def4b33a8b7', 'afd47537-1eac-411d-be48-07c7598935b4', 'G6', '2026-01-16T12:36:03.719272', '2026-01-16T12:36:03.719272');
INSERT INTO hall_seats (id, cinema_hall_id, seat_type_id, seat_code, created_at, updated_at) VALUES ('c17a7f20-0a3f-4beb-8bc9-53e78aededdb', '52cd97ab-39f3-4636-8ef4-2def4b33a8b7', 'afd47537-1eac-411d-be48-07c7598935b4', 'G7', '2026-01-16T12:36:03.719272', '2026-01-16T12:36:03.719272');
INSERT INTO hall_seats (id, cinema_hall_id, seat_type_id, seat_code, created_at, updated_at) VALUES ('7459eaa2-8d38-436a-8140-6aa7e87cc439', '52cd97ab-39f3-4636-8ef4-2def4b33a8b7', 'afd47537-1eac-411d-be48-07c7598935b4', 'G8', '2026-01-16T12:36:03.719272', '2026-01-16T12:36:03.719272');
INSERT INTO hall_seats (id, cinema_hall_id, seat_type_id, seat_code, created_at, updated_at) VALUES ('abdcfde6-4054-4cb0-ab2d-54ae5bb22b91', '52cd97ab-39f3-4636-8ef4-2def4b33a8b7', 'afd47537-1eac-411d-be48-07c7598935b4', 'H1', '2026-01-16T12:36:03.719405', '2026-01-16T12:36:03.719405');
INSERT INTO hall_seats (id, cinema_hall_id, seat_type_id, seat_code, created_at, updated_at) VALUES ('45e1e1fc-c652-4e61-ab0d-f3dc043c5a98', '52cd97ab-39f3-4636-8ef4-2def4b33a8b7', 'afd47537-1eac-411d-be48-07c7598935b4', 'H2', '2026-01-16T12:36:03.719405', '2026-01-16T12:36:03.719405');
INSERT INTO hall_seats (id, cinema_hall_id, seat_type_id, seat_code, created_at, updated_at) VALUES ('83c5a393-ae77-40fe-acc1-aac0ea901cb7', '52cd97ab-39f3-4636-8ef4-2def4b33a8b7', 'afd47537-1eac-411d-be48-07c7598935b4', 'H3', '2026-01-16T12:36:03.719405', '2026-01-16T12:36:03.719405');
INSERT INTO hall_seats (id, cinema_hall_id, seat_type_id, seat_code, created_at, updated_at) VALUES ('50f107a7-2bac-4b80-8edb-7489f8342a7e', '52cd97ab-39f3-4636-8ef4-2def4b33a8b7', 'afd47537-1eac-411d-be48-07c7598935b4', 'H4', '2026-01-16T12:36:03.719405', '2026-01-16T12:36:03.719405');
INSERT INTO hall_seats (id, cinema_hall_id, seat_type_id, seat_code, created_at, updated_at) VALUES ('102049c9-67df-4ae9-86da-fb67086444ac', '52cd97ab-39f3-4636-8ef4-2def4b33a8b7', 'afd47537-1eac-411d-be48-07c7598935b4', 'H5', '2026-01-16T12:36:03.719405', '2026-01-16T12:36:03.719405');
INSERT INTO hall_seats (id, cinema_hall_id, seat_type_id, seat_code, created_at, updated_at) VALUES ('b443c110-e63c-46ec-a7ef-c0db778b4ac0', '52cd97ab-39f3-4636-8ef4-2def4b33a8b7', 'afd47537-1eac-411d-be48-07c7598935b4', 'H6', '2026-01-16T12:36:03.719405', '2026-01-16T12:36:03.719405');
INSERT INTO hall_seats (id, cinema_hall_id, seat_type_id, seat_code, created_at, updated_at) VALUES ('6d0dffcc-6f59-4500-8c5b-11f8bdc9722a', '52cd97ab-39f3-4636-8ef4-2def4b33a8b7', 'afd47537-1eac-411d-be48-07c7598935b4', 'H7', '2026-01-16T12:36:03.719405', '2026-01-16T12:36:03.719405');
INSERT INTO hall_seats (id, cinema_hall_id, seat_type_id, seat_code, created_at, updated_at) VALUES ('cde88f73-30ff-4002-be18-6a9ec4b64f6f', '52cd97ab-39f3-4636-8ef4-2def4b33a8b7', 'afd47537-1eac-411d-be48-07c7598935b4', 'H8', '2026-01-16T12:36:03.719405', '2026-01-16T12:36:03.719405');
INSERT INTO hall_seats (id, cinema_hall_id, seat_type_id, seat_code, created_at, updated_at) VALUES ('47d30e1b-a6b7-484f-9d33-a15c8a1e1eb9', '52cd97ab-39f3-4636-8ef4-2def4b33a8b7', 'd76d7cb0-33eb-4ac3-8eea-f2ae6150cabd', 'I1', '2026-01-16T12:36:03.719533', '2026-01-16T12:36:03.719533');
INSERT INTO hall_seats (id, cinema_hall_id, seat_type_id, seat_code, created_at, updated_at) VALUES ('4fcc4cb6-47d4-4df0-8354-1266550c1c0d', '52cd97ab-39f3-4636-8ef4-2def4b33a8b7', 'd76d7cb0-33eb-4ac3-8eea-f2ae6150cabd', 'I2', '2026-01-16T12:36:03.719533', '2026-01-16T12:36:03.719533');
INSERT INTO hall_seats (id, cinema_hall_id, seat_type_id, seat_code, created_at, updated_at) VALUES ('bc85fc66-4944-4854-97b5-48f613202755', '52cd97ab-39f3-4636-8ef4-2def4b33a8b7', 'd76d7cb0-33eb-4ac3-8eea-f2ae6150cabd', 'I3', '2026-01-16T12:36:03.719533', '2026-01-16T12:36:03.719533');
INSERT INTO hall_seats (id, cinema_hall_id, seat_type_id, seat_code, created_at, updated_at) VALUES ('6477c2fb-0540-4bda-8cef-fc97061e462c', '52cd97ab-39f3-4636-8ef4-2def4b33a8b7', 'd76d7cb0-33eb-4ac3-8eea-f2ae6150cabd', 'I4', '2026-01-16T12:36:03.719533', '2026-01-16T12:36:03.719533');
INSERT INTO hall_seats (id, cinema_hall_id, seat_type_id, seat_code, created_at, updated_at) VALUES ('df88304f-a113-4fba-b8a2-1183a93f8990', '95a40469-08c8-43b8-aca1-d228dc44f459', '17d8738c-78c6-439d-811b-7b49eb5a57b0', 'A1', '2026-01-16T12:36:03.719617', '2026-01-16T12:36:03.719617');
INSERT INTO hall_seats (id, cinema_hall_id, seat_type_id, seat_code, created_at, updated_at) VALUES ('d2128c09-d7dc-4167-b01a-89d70b440f70', '95a40469-08c8-43b8-aca1-d228dc44f459', '17d8738c-78c6-439d-811b-7b49eb5a57b0', 'A2', '2026-01-16T12:36:03.719617', '2026-01-16T12:36:03.719617');
INSERT INTO hall_seats (id, cinema_hall_id, seat_type_id, seat_code, created_at, updated_at) VALUES ('ae09240f-14c3-4667-9e24-50b4b6ab1768', '95a40469-08c8-43b8-aca1-d228dc44f459', '17d8738c-78c6-439d-811b-7b49eb5a57b0', 'A3', '2026-01-16T12:36:03.719617', '2026-01-16T12:36:03.719617');
INSERT INTO hall_seats (id, cinema_hall_id, seat_type_id, seat_code, created_at, updated_at) VALUES ('6c2e8f41-b3fa-4003-92b5-85d71dd16c3c', '95a40469-08c8-43b8-aca1-d228dc44f459', '17d8738c-78c6-439d-811b-7b49eb5a57b0', 'A4', '2026-01-16T12:36:03.719617', '2026-01-16T12:36:03.719617');
INSERT INTO hall_seats (id, cinema_hall_id, seat_type_id, seat_code, created_at, updated_at) VALUES ('0bca323e-7ffd-496c-a62f-2e937c7d3dad', '95a40469-08c8-43b8-aca1-d228dc44f459', '17d8738c-78c6-439d-811b-7b49eb5a57b0', 'A5', '2026-01-16T12:36:03.719617', '2026-01-16T12:36:03.719617');
INSERT INTO hall_seats (id, cinema_hall_id, seat_type_id, seat_code, created_at, updated_at) VALUES ('f1a564ef-e9ed-4c21-a486-4473e4b9c629', '95a40469-08c8-43b8-aca1-d228dc44f459', '17d8738c-78c6-439d-811b-7b49eb5a57b0', 'A6', '2026-01-16T12:36:03.719617', '2026-01-16T12:36:03.719617');
INSERT INTO hall_seats (id, cinema_hall_id, seat_type_id, seat_code, created_at, updated_at) VALUES ('c3df6384-c43a-4260-9457-aede33b1a385', '95a40469-08c8-43b8-aca1-d228dc44f459', '17d8738c-78c6-439d-811b-7b49eb5a57b0', 'A7', '2026-01-16T12:36:03.719617', '2026-01-16T12:36:03.719617');
INSERT INTO hall_seats (id, cinema_hall_id, seat_type_id, seat_code, created_at, updated_at) VALUES ('8d146f6c-247e-4756-9c93-35ede4607863', '95a40469-08c8-43b8-aca1-d228dc44f459', '17d8738c-78c6-439d-811b-7b49eb5a57b0', 'A8', '2026-01-16T12:36:03.719617', '2026-01-16T12:36:03.719617');
INSERT INTO hall_seats (id, cinema_hall_id, seat_type_id, seat_code, created_at, updated_at) VALUES ('4a9a1e46-7e68-416b-a09a-ea1feafeafc2', '95a40469-08c8-43b8-aca1-d228dc44f459', '17d8738c-78c6-439d-811b-7b49eb5a57b0', 'B1', '2026-01-16T12:36:03.719756', '2026-01-16T12:36:03.719756');
INSERT INTO hall_seats (id, cinema_hall_id, seat_type_id, seat_code, created_at, updated_at) VALUES ('dd119b30-f077-498f-b39e-d3cd327177f3', '95a40469-08c8-43b8-aca1-d228dc44f459', '17d8738c-78c6-439d-811b-7b49eb5a57b0', 'B2', '2026-01-16T12:36:03.719756', '2026-01-16T12:36:03.719756');
INSERT INTO hall_seats (id, cinema_hall_id, seat_type_id, seat_code, created_at, updated_at) VALUES ('add5940e-89d2-4c1c-bfd4-f78f5b7d3474', '95a40469-08c8-43b8-aca1-d228dc44f459', '17d8738c-78c6-439d-811b-7b49eb5a57b0', 'B3', '2026-01-16T12:36:03.719756', '2026-01-16T12:36:03.719756');
INSERT INTO hall_seats (id, cinema_hall_id, seat_type_id, seat_code, created_at, updated_at) VALUES ('13ae88d8-f4f8-4dc5-a52f-5423d08f5355', '95a40469-08c8-43b8-aca1-d228dc44f459', '17d8738c-78c6-439d-811b-7b49eb5a57b0', 'B4', '2026-01-16T12:36:03.719756', '2026-01-16T12:36:03.719756');
INSERT INTO hall_seats (id, cinema_hall_id, seat_type_id, seat_code, created_at, updated_at) VALUES ('65dfaadf-ba8f-4e0f-a165-58ce8636f85c', '95a40469-08c8-43b8-aca1-d228dc44f459', '17d8738c-78c6-439d-811b-7b49eb5a57b0', 'B5', '2026-01-16T12:36:03.719756', '2026-01-16T12:36:03.719756');
INSERT INTO hall_seats (id, cinema_hall_id, seat_type_id, seat_code, created_at, updated_at) VALUES ('40375254-c156-4a8f-8429-ba1a8fb1c20d', '95a40469-08c8-43b8-aca1-d228dc44f459', '17d8738c-78c6-439d-811b-7b49eb5a57b0', 'B6', '2026-01-16T12:36:03.719756', '2026-01-16T12:36:03.719756');
INSERT INTO hall_seats (id, cinema_hall_id, seat_type_id, seat_code, created_at, updated_at) VALUES ('851b24b9-c031-438d-8e10-2cc816ee773a', '95a40469-08c8-43b8-aca1-d228dc44f459', '17d8738c-78c6-439d-811b-7b49eb5a57b0', 'B7', '2026-01-16T12:36:03.719756', '2026-01-16T12:36:03.719756');
INSERT INTO hall_seats (id, cinema_hall_id, seat_type_id, seat_code, created_at, updated_at) VALUES ('cdbe1fe4-2591-4741-a4f7-a056bf1ee2fc', '95a40469-08c8-43b8-aca1-d228dc44f459', '17d8738c-78c6-439d-811b-7b49eb5a57b0', 'B8', '2026-01-16T12:36:03.719756', '2026-01-16T12:36:03.719756');
INSERT INTO hall_seats (id, cinema_hall_id, seat_type_id, seat_code, created_at, updated_at) VALUES ('3d9f3df0-9b41-4e2b-9531-8e48425a298c', '95a40469-08c8-43b8-aca1-d228dc44f459', '17d8738c-78c6-439d-811b-7b49eb5a57b0', 'C1', '2026-01-16T12:36:03.719920', '2026-01-16T12:36:03.719920');
INSERT INTO hall_seats (id, cinema_hall_id, seat_type_id, seat_code, created_at, updated_at) VALUES ('32d62567-6352-4212-bb03-18adedb527c1', '95a40469-08c8-43b8-aca1-d228dc44f459', '17d8738c-78c6-439d-811b-7b49eb5a57b0', 'C2', '2026-01-16T12:36:03.719920', '2026-01-16T12:36:03.719920');
INSERT INTO hall_seats (id, cinema_hall_id, seat_type_id, seat_code, created_at, updated_at) VALUES ('cee6f870-f5c1-4be5-a585-aba4e96b6024', '95a40469-08c8-43b8-aca1-d228dc44f459', '17d8738c-78c6-439d-811b-7b49eb5a57b0', 'C3', '2026-01-16T12:36:03.719920', '2026-01-16T12:36:03.719920');
INSERT INTO hall_seats (id, cinema_hall_id, seat_type_id, seat_code, created_at, updated_at) VALUES ('9197a24c-a611-4b87-a7ec-c4c860ea025d', '95a40469-08c8-43b8-aca1-d228dc44f459', '17d8738c-78c6-439d-811b-7b49eb5a57b0', 'C4', '2026-01-16T12:36:03.719920', '2026-01-16T12:36:03.719920');
INSERT INTO hall_seats (id, cinema_hall_id, seat_type_id, seat_code, created_at, updated_at) VALUES ('9b97e7cf-9d17-49ac-a14c-232d3bf513fc', '95a40469-08c8-43b8-aca1-d228dc44f459', '17d8738c-78c6-439d-811b-7b49eb5a57b0', 'C5', '2026-01-16T12:36:03.719920', '2026-01-16T12:36:03.719920');
INSERT INTO hall_seats (id, cinema_hall_id, seat_type_id, seat_code, created_at, updated_at) VALUES ('218b3c2b-4551-4a55-8e57-892ea1c501d8', '95a40469-08c8-43b8-aca1-d228dc44f459', '17d8738c-78c6-439d-811b-7b49eb5a57b0', 'C6', '2026-01-16T12:36:03.719920', '2026-01-16T12:36:03.719920');
INSERT INTO hall_seats (id, cinema_hall_id, seat_type_id, seat_code, created_at, updated_at) VALUES ('b70b0d05-39f0-4c11-9b73-de0106f0bc83', '95a40469-08c8-43b8-aca1-d228dc44f459', '17d8738c-78c6-439d-811b-7b49eb5a57b0', 'C7', '2026-01-16T12:36:03.719920', '2026-01-16T12:36:03.719920');
INSERT INTO hall_seats (id, cinema_hall_id, seat_type_id, seat_code, created_at, updated_at) VALUES ('49501660-ca3b-4231-929f-fa4de0c47bfd', '95a40469-08c8-43b8-aca1-d228dc44f459', '17d8738c-78c6-439d-811b-7b49eb5a57b0', 'C8', '2026-01-16T12:36:03.719920', '2026-01-16T12:36:03.719920');
INSERT INTO hall_seats (id, cinema_hall_id, seat_type_id, seat_code, created_at, updated_at) VALUES ('c25b66dd-f685-413c-ac8c-c06a5893be77', '95a40469-08c8-43b8-aca1-d228dc44f459', '17d8738c-78c6-439d-811b-7b49eb5a57b0', 'D1', '2026-01-16T12:36:03.720068', '2026-01-16T12:36:03.720068');
INSERT INTO hall_seats (id, cinema_hall_id, seat_type_id, seat_code, created_at, updated_at) VALUES ('9a862a0c-ab3f-4899-bf70-9db435ae6b39', '95a40469-08c8-43b8-aca1-d228dc44f459', '17d8738c-78c6-439d-811b-7b49eb5a57b0', 'D2', '2026-01-16T12:36:03.720068', '2026-01-16T12:36:03.720068');
INSERT INTO hall_seats (id, cinema_hall_id, seat_type_id, seat_code, created_at, updated_at) VALUES ('e418d69e-c14a-45a5-b03a-0617c596b41d', '95a40469-08c8-43b8-aca1-d228dc44f459', '17d8738c-78c6-439d-811b-7b49eb5a57b0', 'D3', '2026-01-16T12:36:03.720068', '2026-01-16T12:36:03.720068');
INSERT INTO hall_seats (id, cinema_hall_id, seat_type_id, seat_code, created_at, updated_at) VALUES ('d34d5bcf-f815-446b-abd3-f4c8097829c2', '95a40469-08c8-43b8-aca1-d228dc44f459', '17d8738c-78c6-439d-811b-7b49eb5a57b0', 'D4', '2026-01-16T12:36:03.720068', '2026-01-16T12:36:03.720068');
INSERT INTO hall_seats (id, cinema_hall_id, seat_type_id, seat_code, created_at, updated_at) VALUES ('a54d77bb-b024-4fb8-a802-7fe1a27b0e23', '95a40469-08c8-43b8-aca1-d228dc44f459', '17d8738c-78c6-439d-811b-7b49eb5a57b0', 'D5', '2026-01-16T12:36:03.720068', '2026-01-16T12:36:03.720068');
INSERT INTO hall_seats (id, cinema_hall_id, seat_type_id, seat_code, created_at, updated_at) VALUES ('45b6fdf8-028c-47fb-94e3-562b14902219', '95a40469-08c8-43b8-aca1-d228dc44f459', '17d8738c-78c6-439d-811b-7b49eb5a57b0', 'D6', '2026-01-16T12:36:03.720068', '2026-01-16T12:36:03.720068');
INSERT INTO hall_seats (id, cinema_hall_id, seat_type_id, seat_code, created_at, updated_at) VALUES ('0f5e3592-bc92-47ab-b0ee-d65a7d22dca2', '95a40469-08c8-43b8-aca1-d228dc44f459', '17d8738c-78c6-439d-811b-7b49eb5a57b0', 'D7', '2026-01-16T12:36:03.720068', '2026-01-16T12:36:03.720068');
INSERT INTO hall_seats (id, cinema_hall_id, seat_type_id, seat_code, created_at, updated_at) VALUES ('abfdff76-6eee-4848-8132-2523a059f4b5', '95a40469-08c8-43b8-aca1-d228dc44f459', '17d8738c-78c6-439d-811b-7b49eb5a57b0', 'D8', '2026-01-16T12:36:03.720068', '2026-01-16T12:36:03.720068');
INSERT INTO hall_seats (id, cinema_hall_id, seat_type_id, seat_code, created_at, updated_at) VALUES ('59a63642-d609-409b-87b8-52c5e686b23b', '95a40469-08c8-43b8-aca1-d228dc44f459', '17d8738c-78c6-439d-811b-7b49eb5a57b0', 'E1', '2026-01-16T12:36:03.720197', '2026-01-16T12:36:03.720197');
INSERT INTO hall_seats (id, cinema_hall_id, seat_type_id, seat_code, created_at, updated_at) VALUES ('80b10b24-1dfa-47c0-a3cf-a1e029581e92', '95a40469-08c8-43b8-aca1-d228dc44f459', '17d8738c-78c6-439d-811b-7b49eb5a57b0', 'E2', '2026-01-16T12:36:03.720197', '2026-01-16T12:36:03.720197');
INSERT INTO hall_seats (id, cinema_hall_id, seat_type_id, seat_code, created_at, updated_at) VALUES ('d2b03893-7a7c-440c-8662-6fb2455dcc02', '95a40469-08c8-43b8-aca1-d228dc44f459', '17d8738c-78c6-439d-811b-7b49eb5a57b0', 'E3', '2026-01-16T12:36:03.720197', '2026-01-16T12:36:03.720197');
INSERT INTO hall_seats (id, cinema_hall_id, seat_type_id, seat_code, created_at, updated_at) VALUES ('a5e9b4bb-f777-4d8b-ad11-9de39e516573', '95a40469-08c8-43b8-aca1-d228dc44f459', '17d8738c-78c6-439d-811b-7b49eb5a57b0', 'E4', '2026-01-16T12:36:03.720197', '2026-01-16T12:36:03.720197');
INSERT INTO hall_seats (id, cinema_hall_id, seat_type_id, seat_code, created_at, updated_at) VALUES ('92a9a5b8-73fd-4946-ba1f-cb6f8cd31606', '95a40469-08c8-43b8-aca1-d228dc44f459', '17d8738c-78c6-439d-811b-7b49eb5a57b0', 'E5', '2026-01-16T12:36:03.720197', '2026-01-16T12:36:03.720197');
INSERT INTO hall_seats (id, cinema_hall_id, seat_type_id, seat_code, created_at, updated_at) VALUES ('ef86afbe-090a-4213-a38f-3c2fc8f7bee8', '95a40469-08c8-43b8-aca1-d228dc44f459', '17d8738c-78c6-439d-811b-7b49eb5a57b0', 'E6', '2026-01-16T12:36:03.720197', '2026-01-16T12:36:03.720197');
INSERT INTO hall_seats (id, cinema_hall_id, seat_type_id, seat_code, created_at, updated_at) VALUES ('e3d84859-af76-47fc-bd0a-3a62cc66ba86', '95a40469-08c8-43b8-aca1-d228dc44f459', '17d8738c-78c6-439d-811b-7b49eb5a57b0', 'E7', '2026-01-16T12:36:03.720197', '2026-01-16T12:36:03.720197');
INSERT INTO hall_seats (id, cinema_hall_id, seat_type_id, seat_code, created_at, updated_at) VALUES ('ab16d4a7-159a-4c77-a1a5-e9499a038379', '95a40469-08c8-43b8-aca1-d228dc44f459', '17d8738c-78c6-439d-811b-7b49eb5a57b0', 'E8', '2026-01-16T12:36:03.720197', '2026-01-16T12:36:03.720197');
INSERT INTO hall_seats (id, cinema_hall_id, seat_type_id, seat_code, created_at, updated_at) VALUES ('cab5c757-2989-4302-b501-0cdaa3b1d687', '95a40469-08c8-43b8-aca1-d228dc44f459', '17d8738c-78c6-439d-811b-7b49eb5a57b0', 'F1', '2026-01-16T12:36:03.720331', '2026-01-16T12:36:03.720331');
INSERT INTO hall_seats (id, cinema_hall_id, seat_type_id, seat_code, created_at, updated_at) VALUES ('2466c7c6-9701-42ff-97fc-57cdf5428023', '95a40469-08c8-43b8-aca1-d228dc44f459', '17d8738c-78c6-439d-811b-7b49eb5a57b0', 'F2', '2026-01-16T12:36:03.720331', '2026-01-16T12:36:03.720331');
INSERT INTO hall_seats (id, cinema_hall_id, seat_type_id, seat_code, created_at, updated_at) VALUES ('ed28c1b9-bb53-4380-9c90-afd3e90be8af', '95a40469-08c8-43b8-aca1-d228dc44f459', '17d8738c-78c6-439d-811b-7b49eb5a57b0', 'F3', '2026-01-16T12:36:03.720331', '2026-01-16T12:36:03.720331');
INSERT INTO hall_seats (id, cinema_hall_id, seat_type_id, seat_code, created_at, updated_at) VALUES ('9a899bba-9b05-4e8a-9170-2395b6d9d59f', '95a40469-08c8-43b8-aca1-d228dc44f459', '17d8738c-78c6-439d-811b-7b49eb5a57b0', 'F4', '2026-01-16T12:36:03.720331', '2026-01-16T12:36:03.720331');
INSERT INTO hall_seats (id, cinema_hall_id, seat_type_id, seat_code, created_at, updated_at) VALUES ('d5971660-dc9f-44be-8642-a78a388d00cd', '95a40469-08c8-43b8-aca1-d228dc44f459', '17d8738c-78c6-439d-811b-7b49eb5a57b0', 'F5', '2026-01-16T12:36:03.720331', '2026-01-16T12:36:03.720331');
INSERT INTO hall_seats (id, cinema_hall_id, seat_type_id, seat_code, created_at, updated_at) VALUES ('e1b54922-79a9-430d-88ec-d4eb117af5ee', '95a40469-08c8-43b8-aca1-d228dc44f459', '17d8738c-78c6-439d-811b-7b49eb5a57b0', 'F6', '2026-01-16T12:36:03.720331', '2026-01-16T12:36:03.720331');
INSERT INTO hall_seats (id, cinema_hall_id, seat_type_id, seat_code, created_at, updated_at) VALUES ('5273bbc3-8449-4e26-86c6-47d5c8fcbe93', '95a40469-08c8-43b8-aca1-d228dc44f459', '17d8738c-78c6-439d-811b-7b49eb5a57b0', 'F7', '2026-01-16T12:36:03.720331', '2026-01-16T12:36:03.720331');
INSERT INTO hall_seats (id, cinema_hall_id, seat_type_id, seat_code, created_at, updated_at) VALUES ('a096a043-1bd3-42e5-832b-8ef6ada7a5b7', '95a40469-08c8-43b8-aca1-d228dc44f459', '17d8738c-78c6-439d-811b-7b49eb5a57b0', 'F8', '2026-01-16T12:36:03.720331', '2026-01-16T12:36:03.720331');
INSERT INTO hall_seats (id, cinema_hall_id, seat_type_id, seat_code, created_at, updated_at) VALUES ('ac6d6735-fd3a-45b3-8403-b8073d741d28', '95a40469-08c8-43b8-aca1-d228dc44f459', 'afd47537-1eac-411d-be48-07c7598935b4', 'G1', '2026-01-16T12:36:03.720474', '2026-01-16T12:36:03.720474');
INSERT INTO hall_seats (id, cinema_hall_id, seat_type_id, seat_code, created_at, updated_at) VALUES ('f8f616a7-08df-4b5b-b354-5b63c0929409', '95a40469-08c8-43b8-aca1-d228dc44f459', 'afd47537-1eac-411d-be48-07c7598935b4', 'G2', '2026-01-16T12:36:03.720474', '2026-01-16T12:36:03.720474');
INSERT INTO hall_seats (id, cinema_hall_id, seat_type_id, seat_code, created_at, updated_at) VALUES ('6a91353b-7e81-4f49-bb62-1f5214cde5f9', '95a40469-08c8-43b8-aca1-d228dc44f459', 'afd47537-1eac-411d-be48-07c7598935b4', 'G3', '2026-01-16T12:36:03.720474', '2026-01-16T12:36:03.720474');
INSERT INTO hall_seats (id, cinema_hall_id, seat_type_id, seat_code, created_at, updated_at) VALUES ('dfa479b2-be4f-4017-8d23-f2c782c88e4d', '95a40469-08c8-43b8-aca1-d228dc44f459', 'afd47537-1eac-411d-be48-07c7598935b4', 'G4', '2026-01-16T12:36:03.720474', '2026-01-16T12:36:03.720474');
INSERT INTO hall_seats (id, cinema_hall_id, seat_type_id, seat_code, created_at, updated_at) VALUES ('061a01dc-87c5-41b5-8dbd-9619dd277927', '95a40469-08c8-43b8-aca1-d228dc44f459', 'afd47537-1eac-411d-be48-07c7598935b4', 'G5', '2026-01-16T12:36:03.720474', '2026-01-16T12:36:03.720474');
INSERT INTO hall_seats (id, cinema_hall_id, seat_type_id, seat_code, created_at, updated_at) VALUES ('08094486-62a4-4ee0-978f-10275d3cc13e', '95a40469-08c8-43b8-aca1-d228dc44f459', 'afd47537-1eac-411d-be48-07c7598935b4', 'G6', '2026-01-16T12:36:03.720474', '2026-01-16T12:36:03.720474');
INSERT INTO hall_seats (id, cinema_hall_id, seat_type_id, seat_code, created_at, updated_at) VALUES ('d41230fc-87b1-4fd2-b901-041af4106591', '95a40469-08c8-43b8-aca1-d228dc44f459', 'afd47537-1eac-411d-be48-07c7598935b4', 'G7', '2026-01-16T12:36:03.720474', '2026-01-16T12:36:03.720474');
INSERT INTO hall_seats (id, cinema_hall_id, seat_type_id, seat_code, created_at, updated_at) VALUES ('02293bba-2d33-43a4-8e51-0a75de0d91af', '95a40469-08c8-43b8-aca1-d228dc44f459', 'afd47537-1eac-411d-be48-07c7598935b4', 'G8', '2026-01-16T12:36:03.720474', '2026-01-16T12:36:03.720474');
INSERT INTO hall_seats (id, cinema_hall_id, seat_type_id, seat_code, created_at, updated_at) VALUES ('40fda44f-3eba-488e-abd9-ad2f289cd6ea', '95a40469-08c8-43b8-aca1-d228dc44f459', 'afd47537-1eac-411d-be48-07c7598935b4', 'H1', '2026-01-16T12:36:03.720627', '2026-01-16T12:36:03.720627');
INSERT INTO hall_seats (id, cinema_hall_id, seat_type_id, seat_code, created_at, updated_at) VALUES ('af27c67a-ccdd-43a1-8ebc-9466d364c8c7', '95a40469-08c8-43b8-aca1-d228dc44f459', 'afd47537-1eac-411d-be48-07c7598935b4', 'H2', '2026-01-16T12:36:03.720627', '2026-01-16T12:36:03.720627');
INSERT INTO hall_seats (id, cinema_hall_id, seat_type_id, seat_code, created_at, updated_at) VALUES ('037928ba-f154-457c-9355-593a4169bb1b', '95a40469-08c8-43b8-aca1-d228dc44f459', 'afd47537-1eac-411d-be48-07c7598935b4', 'H3', '2026-01-16T12:36:03.720627', '2026-01-16T12:36:03.720627');
INSERT INTO hall_seats (id, cinema_hall_id, seat_type_id, seat_code, created_at, updated_at) VALUES ('321c8416-76bf-4863-a3c6-ba67a143a9c8', '95a40469-08c8-43b8-aca1-d228dc44f459', 'afd47537-1eac-411d-be48-07c7598935b4', 'H4', '2026-01-16T12:36:03.720627', '2026-01-16T12:36:03.720627');
INSERT INTO hall_seats (id, cinema_hall_id, seat_type_id, seat_code, created_at, updated_at) VALUES ('7b1de8cb-2372-44af-bb92-56870fbabf7c', '95a40469-08c8-43b8-aca1-d228dc44f459', 'afd47537-1eac-411d-be48-07c7598935b4', 'H5', '2026-01-16T12:36:03.720627', '2026-01-16T12:36:03.720627');
INSERT INTO hall_seats (id, cinema_hall_id, seat_type_id, seat_code, created_at, updated_at) VALUES ('3da04948-4671-4a8c-8db9-e58b2d8b0abf', '95a40469-08c8-43b8-aca1-d228dc44f459', 'afd47537-1eac-411d-be48-07c7598935b4', 'H6', '2026-01-16T12:36:03.720627', '2026-01-16T12:36:03.720627');
INSERT INTO hall_seats (id, cinema_hall_id, seat_type_id, seat_code, created_at, updated_at) VALUES ('e8922411-c5f7-4dff-8793-6a242d4975cd', '95a40469-08c8-43b8-aca1-d228dc44f459', 'afd47537-1eac-411d-be48-07c7598935b4', 'H7', '2026-01-16T12:36:03.720627', '2026-01-16T12:36:03.720627');
INSERT INTO hall_seats (id, cinema_hall_id, seat_type_id, seat_code, created_at, updated_at) VALUES ('1fa5aef9-5fa8-4776-b053-1852b1e659bb', '95a40469-08c8-43b8-aca1-d228dc44f459', 'afd47537-1eac-411d-be48-07c7598935b4', 'H8', '2026-01-16T12:36:03.720627', '2026-01-16T12:36:03.720627');
INSERT INTO hall_seats (id, cinema_hall_id, seat_type_id, seat_code, created_at, updated_at) VALUES ('7b49fe86-b7cf-41e0-a715-d771621f8d5d', '95a40469-08c8-43b8-aca1-d228dc44f459', 'd76d7cb0-33eb-4ac3-8eea-f2ae6150cabd', 'I1', '2026-01-16T12:36:03.720761', '2026-01-16T12:36:03.720761');
INSERT INTO hall_seats (id, cinema_hall_id, seat_type_id, seat_code, created_at, updated_at) VALUES ('ab550d18-2b82-4e54-a8d9-2a7a8b2787de', '95a40469-08c8-43b8-aca1-d228dc44f459', 'd76d7cb0-33eb-4ac3-8eea-f2ae6150cabd', 'I2', '2026-01-16T12:36:03.720761', '2026-01-16T12:36:03.720761');
INSERT INTO hall_seats (id, cinema_hall_id, seat_type_id, seat_code, created_at, updated_at) VALUES ('afee39f2-0a3e-4c0e-8f51-53b3c1222ab8', '95a40469-08c8-43b8-aca1-d228dc44f459', 'd76d7cb0-33eb-4ac3-8eea-f2ae6150cabd', 'I3', '2026-01-16T12:36:03.720761', '2026-01-16T12:36:03.720761');
INSERT INTO hall_seats (id, cinema_hall_id, seat_type_id, seat_code, created_at, updated_at) VALUES ('f7bddae2-dd74-470a-929e-337f2e20cbbc', '95a40469-08c8-43b8-aca1-d228dc44f459', 'd76d7cb0-33eb-4ac3-8eea-f2ae6150cabd', 'I4', '2026-01-16T12:36:03.720761', '2026-01-16T12:36:03.720761');
INSERT INTO hall_seats (id, cinema_hall_id, seat_type_id, seat_code, created_at, updated_at) VALUES ('f0ea4795-d9ee-4871-9159-006154145e2c', 'eca43c94-9e26-4693-a739-6e0b4a98ccdb', '17d8738c-78c6-439d-811b-7b49eb5a57b0', 'A1', '2026-01-16T12:36:03.720844', '2026-01-16T12:36:03.720844');
INSERT INTO hall_seats (id, cinema_hall_id, seat_type_id, seat_code, created_at, updated_at) VALUES ('80aa176a-bcba-4f40-9cd2-eca9e5175ba5', 'eca43c94-9e26-4693-a739-6e0b4a98ccdb', '17d8738c-78c6-439d-811b-7b49eb5a57b0', 'A2', '2026-01-16T12:36:03.720844', '2026-01-16T12:36:03.720844');
INSERT INTO hall_seats (id, cinema_hall_id, seat_type_id, seat_code, created_at, updated_at) VALUES ('dfe6c368-4f5f-4371-838d-ab9c1a5ef0aa', 'eca43c94-9e26-4693-a739-6e0b4a98ccdb', '17d8738c-78c6-439d-811b-7b49eb5a57b0', 'A3', '2026-01-16T12:36:03.720844', '2026-01-16T12:36:03.720844');
INSERT INTO hall_seats (id, cinema_hall_id, seat_type_id, seat_code, created_at, updated_at) VALUES ('1a212917-95fc-4a79-afa6-5b150edad032', 'eca43c94-9e26-4693-a739-6e0b4a98ccdb', '17d8738c-78c6-439d-811b-7b49eb5a57b0', 'A4', '2026-01-16T12:36:03.720844', '2026-01-16T12:36:03.720844');
INSERT INTO hall_seats (id, cinema_hall_id, seat_type_id, seat_code, created_at, updated_at) VALUES ('f27bb999-c09f-49eb-bc56-3c4532a5fab4', 'eca43c94-9e26-4693-a739-6e0b4a98ccdb', '17d8738c-78c6-439d-811b-7b49eb5a57b0', 'A5', '2026-01-16T12:36:03.720844', '2026-01-16T12:36:03.720844');
INSERT INTO hall_seats (id, cinema_hall_id, seat_type_id, seat_code, created_at, updated_at) VALUES ('f52f7000-f678-486d-8673-c4926df31acc', 'eca43c94-9e26-4693-a739-6e0b4a98ccdb', '17d8738c-78c6-439d-811b-7b49eb5a57b0', 'A6', '2026-01-16T12:36:03.720844', '2026-01-16T12:36:03.720844');
INSERT INTO hall_seats (id, cinema_hall_id, seat_type_id, seat_code, created_at, updated_at) VALUES ('2c61a651-1312-4e4d-b41f-3d0eb92e4477', 'eca43c94-9e26-4693-a739-6e0b4a98ccdb', '17d8738c-78c6-439d-811b-7b49eb5a57b0', 'A7', '2026-01-16T12:36:03.720844', '2026-01-16T12:36:03.720844');
INSERT INTO hall_seats (id, cinema_hall_id, seat_type_id, seat_code, created_at, updated_at) VALUES ('10160e1c-517a-4faa-a7eb-61624f988668', 'eca43c94-9e26-4693-a739-6e0b4a98ccdb', '17d8738c-78c6-439d-811b-7b49eb5a57b0', 'A8', '2026-01-16T12:36:03.720844', '2026-01-16T12:36:03.720844');
INSERT INTO hall_seats (id, cinema_hall_id, seat_type_id, seat_code, created_at, updated_at) VALUES ('15852d44-5caf-4cc8-b906-e03a9586f92c', 'eca43c94-9e26-4693-a739-6e0b4a98ccdb', '17d8738c-78c6-439d-811b-7b49eb5a57b0', 'B1', '2026-01-16T12:36:03.720995', '2026-01-16T12:36:03.720995');
INSERT INTO hall_seats (id, cinema_hall_id, seat_type_id, seat_code, created_at, updated_at) VALUES ('6021fc91-8a5a-486d-a097-e9bba55b23f6', 'eca43c94-9e26-4693-a739-6e0b4a98ccdb', '17d8738c-78c6-439d-811b-7b49eb5a57b0', 'B2', '2026-01-16T12:36:03.720995', '2026-01-16T12:36:03.720995');
INSERT INTO hall_seats (id, cinema_hall_id, seat_type_id, seat_code, created_at, updated_at) VALUES ('782a1402-c626-4b0b-b59f-808204dd832e', 'eca43c94-9e26-4693-a739-6e0b4a98ccdb', '17d8738c-78c6-439d-811b-7b49eb5a57b0', 'B3', '2026-01-16T12:36:03.720995', '2026-01-16T12:36:03.720995');
INSERT INTO hall_seats (id, cinema_hall_id, seat_type_id, seat_code, created_at, updated_at) VALUES ('b6e365b2-43e5-412c-a150-2a7a995508f0', 'eca43c94-9e26-4693-a739-6e0b4a98ccdb', '17d8738c-78c6-439d-811b-7b49eb5a57b0', 'B4', '2026-01-16T12:36:03.720995', '2026-01-16T12:36:03.720995');
INSERT INTO hall_seats (id, cinema_hall_id, seat_type_id, seat_code, created_at, updated_at) VALUES ('0375c1d4-c8dd-4fea-8a28-824efd6f7dba', 'eca43c94-9e26-4693-a739-6e0b4a98ccdb', '17d8738c-78c6-439d-811b-7b49eb5a57b0', 'B5', '2026-01-16T12:36:03.720995', '2026-01-16T12:36:03.720995');
INSERT INTO hall_seats (id, cinema_hall_id, seat_type_id, seat_code, created_at, updated_at) VALUES ('d3779a00-b9ff-4143-a1de-9933e09e8504', 'eca43c94-9e26-4693-a739-6e0b4a98ccdb', '17d8738c-78c6-439d-811b-7b49eb5a57b0', 'B6', '2026-01-16T12:36:03.720995', '2026-01-16T12:36:03.720995');
INSERT INTO hall_seats (id, cinema_hall_id, seat_type_id, seat_code, created_at, updated_at) VALUES ('c3e6f450-eb86-410f-b8ba-b06718d7a299', 'eca43c94-9e26-4693-a739-6e0b4a98ccdb', '17d8738c-78c6-439d-811b-7b49eb5a57b0', 'B7', '2026-01-16T12:36:03.720995', '2026-01-16T12:36:03.720995');
INSERT INTO hall_seats (id, cinema_hall_id, seat_type_id, seat_code, created_at, updated_at) VALUES ('7e32e7a3-5ce3-4bc8-97d8-a3e9c06bf67c', 'eca43c94-9e26-4693-a739-6e0b4a98ccdb', '17d8738c-78c6-439d-811b-7b49eb5a57b0', 'B8', '2026-01-16T12:36:03.720995', '2026-01-16T12:36:03.720995');
INSERT INTO hall_seats (id, cinema_hall_id, seat_type_id, seat_code, created_at, updated_at) VALUES ('643faf66-6ea6-42e4-8f2a-c804be787614', 'eca43c94-9e26-4693-a739-6e0b4a98ccdb', '17d8738c-78c6-439d-811b-7b49eb5a57b0', 'C1', '2026-01-16T12:36:03.721099', '2026-01-16T12:36:03.721099');
INSERT INTO hall_seats (id, cinema_hall_id, seat_type_id, seat_code, created_at, updated_at) VALUES ('5b708520-e089-49df-83dd-6822dec521bb', 'eca43c94-9e26-4693-a739-6e0b4a98ccdb', '17d8738c-78c6-439d-811b-7b49eb5a57b0', 'C2', '2026-01-16T12:36:03.721099', '2026-01-16T12:36:03.721099');
INSERT INTO hall_seats (id, cinema_hall_id, seat_type_id, seat_code, created_at, updated_at) VALUES ('bbac6c32-bc31-43ea-a2a4-9e1a18836104', 'eca43c94-9e26-4693-a739-6e0b4a98ccdb', '17d8738c-78c6-439d-811b-7b49eb5a57b0', 'C3', '2026-01-16T12:36:03.721099', '2026-01-16T12:36:03.721099');
INSERT INTO hall_seats (id, cinema_hall_id, seat_type_id, seat_code, created_at, updated_at) VALUES ('04a2e707-ef55-49ae-8c39-cb2047ec6dac', 'eca43c94-9e26-4693-a739-6e0b4a98ccdb', '17d8738c-78c6-439d-811b-7b49eb5a57b0', 'C4', '2026-01-16T12:36:03.721099', '2026-01-16T12:36:03.721099');
INSERT INTO hall_seats (id, cinema_hall_id, seat_type_id, seat_code, created_at, updated_at) VALUES ('879283a9-8c8e-49ff-ace2-a442eec76679', 'eca43c94-9e26-4693-a739-6e0b4a98ccdb', '17d8738c-78c6-439d-811b-7b49eb5a57b0', 'C5', '2026-01-16T12:36:03.721099', '2026-01-16T12:36:03.721099');
INSERT INTO hall_seats (id, cinema_hall_id, seat_type_id, seat_code, created_at, updated_at) VALUES ('ad3e908d-447f-49d7-9ffd-0442c4c734be', 'eca43c94-9e26-4693-a739-6e0b4a98ccdb', '17d8738c-78c6-439d-811b-7b49eb5a57b0', 'C6', '2026-01-16T12:36:03.721099', '2026-01-16T12:36:03.721099');
INSERT INTO hall_seats (id, cinema_hall_id, seat_type_id, seat_code, created_at, updated_at) VALUES ('066dd291-00be-4a4b-9f88-b34cb7fbf101', 'eca43c94-9e26-4693-a739-6e0b4a98ccdb', '17d8738c-78c6-439d-811b-7b49eb5a57b0', 'C7', '2026-01-16T12:36:03.721099', '2026-01-16T12:36:03.721099');
INSERT INTO hall_seats (id, cinema_hall_id, seat_type_id, seat_code, created_at, updated_at) VALUES ('69d721dc-9a05-40b8-b746-b3dbd99d9cf7', 'eca43c94-9e26-4693-a739-6e0b4a98ccdb', '17d8738c-78c6-439d-811b-7b49eb5a57b0', 'C8', '2026-01-16T12:36:03.721099', '2026-01-16T12:36:03.721099');
INSERT INTO hall_seats (id, cinema_hall_id, seat_type_id, seat_code, created_at, updated_at) VALUES ('47bf9b2e-428a-465a-9e0e-78ad9d4e1bbc', 'eca43c94-9e26-4693-a739-6e0b4a98ccdb', '17d8738c-78c6-439d-811b-7b49eb5a57b0', 'D1', '2026-01-16T12:36:03.721191', '2026-01-16T12:36:03.721191');
INSERT INTO hall_seats (id, cinema_hall_id, seat_type_id, seat_code, created_at, updated_at) VALUES ('0579082d-9659-43a0-bfbb-afbdab740e52', 'eca43c94-9e26-4693-a739-6e0b4a98ccdb', '17d8738c-78c6-439d-811b-7b49eb5a57b0', 'D2', '2026-01-16T12:36:03.721191', '2026-01-16T12:36:03.721191');
INSERT INTO hall_seats (id, cinema_hall_id, seat_type_id, seat_code, created_at, updated_at) VALUES ('1a2497c6-446f-4852-9abf-6f6298ac143e', 'eca43c94-9e26-4693-a739-6e0b4a98ccdb', '17d8738c-78c6-439d-811b-7b49eb5a57b0', 'D3', '2026-01-16T12:36:03.721191', '2026-01-16T12:36:03.721191');
INSERT INTO hall_seats (id, cinema_hall_id, seat_type_id, seat_code, created_at, updated_at) VALUES ('027a0a7e-806a-40d2-a679-49fb373b61b4', 'eca43c94-9e26-4693-a739-6e0b4a98ccdb', '17d8738c-78c6-439d-811b-7b49eb5a57b0', 'D4', '2026-01-16T12:36:03.721191', '2026-01-16T12:36:03.721191');
INSERT INTO hall_seats (id, cinema_hall_id, seat_type_id, seat_code, created_at, updated_at) VALUES ('47a42c18-a30d-4cce-84f3-5a59108ec674', 'eca43c94-9e26-4693-a739-6e0b4a98ccdb', '17d8738c-78c6-439d-811b-7b49eb5a57b0', 'D5', '2026-01-16T12:36:03.721191', '2026-01-16T12:36:03.721191');
INSERT INTO hall_seats (id, cinema_hall_id, seat_type_id, seat_code, created_at, updated_at) VALUES ('833f9d06-7d33-4018-85d1-9bdc2b33bd8e', 'eca43c94-9e26-4693-a739-6e0b4a98ccdb', '17d8738c-78c6-439d-811b-7b49eb5a57b0', 'D6', '2026-01-16T12:36:03.721191', '2026-01-16T12:36:03.721191');
INSERT INTO hall_seats (id, cinema_hall_id, seat_type_id, seat_code, created_at, updated_at) VALUES ('2c7ff225-4c89-43cd-9793-6f11b547c906', 'eca43c94-9e26-4693-a739-6e0b4a98ccdb', '17d8738c-78c6-439d-811b-7b49eb5a57b0', 'D7', '2026-01-16T12:36:03.721191', '2026-01-16T12:36:03.721191');
INSERT INTO hall_seats (id, cinema_hall_id, seat_type_id, seat_code, created_at, updated_at) VALUES ('721f3dc2-0c98-456a-a722-360d9b57cfd6', 'eca43c94-9e26-4693-a739-6e0b4a98ccdb', '17d8738c-78c6-439d-811b-7b49eb5a57b0', 'D8', '2026-01-16T12:36:03.721191', '2026-01-16T12:36:03.721191');
INSERT INTO hall_seats (id, cinema_hall_id, seat_type_id, seat_code, created_at, updated_at) VALUES ('458d75eb-da48-46c0-8726-807a66e83993', 'eca43c94-9e26-4693-a739-6e0b4a98ccdb', '17d8738c-78c6-439d-811b-7b49eb5a57b0', 'E1', '2026-01-16T12:36:03.721290', '2026-01-16T12:36:03.721290');
INSERT INTO hall_seats (id, cinema_hall_id, seat_type_id, seat_code, created_at, updated_at) VALUES ('f8e0d459-8fa7-4e91-88b0-fee68b5b9845', 'eca43c94-9e26-4693-a739-6e0b4a98ccdb', '17d8738c-78c6-439d-811b-7b49eb5a57b0', 'E2', '2026-01-16T12:36:03.721290', '2026-01-16T12:36:03.721290');
INSERT INTO hall_seats (id, cinema_hall_id, seat_type_id, seat_code, created_at, updated_at) VALUES ('7c0901c4-7039-4dcb-8f98-a9bb56ebad3e', 'eca43c94-9e26-4693-a739-6e0b4a98ccdb', '17d8738c-78c6-439d-811b-7b49eb5a57b0', 'E3', '2026-01-16T12:36:03.721290', '2026-01-16T12:36:03.721290');
INSERT INTO hall_seats (id, cinema_hall_id, seat_type_id, seat_code, created_at, updated_at) VALUES ('98c95855-87bc-4282-8501-ecb6a168ab6d', 'eca43c94-9e26-4693-a739-6e0b4a98ccdb', '17d8738c-78c6-439d-811b-7b49eb5a57b0', 'E4', '2026-01-16T12:36:03.721290', '2026-01-16T12:36:03.721290');
INSERT INTO hall_seats (id, cinema_hall_id, seat_type_id, seat_code, created_at, updated_at) VALUES ('4db8f774-c106-4a8e-bc38-a134fb8ccd57', 'eca43c94-9e26-4693-a739-6e0b4a98ccdb', '17d8738c-78c6-439d-811b-7b49eb5a57b0', 'E5', '2026-01-16T12:36:03.721290', '2026-01-16T12:36:03.721290');
INSERT INTO hall_seats (id, cinema_hall_id, seat_type_id, seat_code, created_at, updated_at) VALUES ('c9fc33ea-8376-4a37-aa14-7efc7a0f2289', 'eca43c94-9e26-4693-a739-6e0b4a98ccdb', '17d8738c-78c6-439d-811b-7b49eb5a57b0', 'E6', '2026-01-16T12:36:03.721290', '2026-01-16T12:36:03.721290');
INSERT INTO hall_seats (id, cinema_hall_id, seat_type_id, seat_code, created_at, updated_at) VALUES ('a59fce33-c138-40da-8781-81b338222e24', 'eca43c94-9e26-4693-a739-6e0b4a98ccdb', '17d8738c-78c6-439d-811b-7b49eb5a57b0', 'E7', '2026-01-16T12:36:03.721290', '2026-01-16T12:36:03.721290');
INSERT INTO hall_seats (id, cinema_hall_id, seat_type_id, seat_code, created_at, updated_at) VALUES ('bbf16e23-afaa-4bea-9687-30bda835e24d', 'eca43c94-9e26-4693-a739-6e0b4a98ccdb', '17d8738c-78c6-439d-811b-7b49eb5a57b0', 'E8', '2026-01-16T12:36:03.721290', '2026-01-16T12:36:03.721290');
INSERT INTO hall_seats (id, cinema_hall_id, seat_type_id, seat_code, created_at, updated_at) VALUES ('fa4fb26f-116e-4a9a-a524-6f5dcdd927c7', 'eca43c94-9e26-4693-a739-6e0b4a98ccdb', '17d8738c-78c6-439d-811b-7b49eb5a57b0', 'F1', '2026-01-16T12:36:03.721383', '2026-01-16T12:36:03.721383');
INSERT INTO hall_seats (id, cinema_hall_id, seat_type_id, seat_code, created_at, updated_at) VALUES ('e42be578-993d-4b84-bdb6-e6e8280727d9', 'eca43c94-9e26-4693-a739-6e0b4a98ccdb', '17d8738c-78c6-439d-811b-7b49eb5a57b0', 'F2', '2026-01-16T12:36:03.721383', '2026-01-16T12:36:03.721383');
INSERT INTO hall_seats (id, cinema_hall_id, seat_type_id, seat_code, created_at, updated_at) VALUES ('f15c29e5-59b2-43a7-beba-8649f0d24dd7', 'eca43c94-9e26-4693-a739-6e0b4a98ccdb', '17d8738c-78c6-439d-811b-7b49eb5a57b0', 'F3', '2026-01-16T12:36:03.721383', '2026-01-16T12:36:03.721383');
INSERT INTO hall_seats (id, cinema_hall_id, seat_type_id, seat_code, created_at, updated_at) VALUES ('fb59bd28-7402-4658-b13d-5105d344abe1', 'eca43c94-9e26-4693-a739-6e0b4a98ccdb', '17d8738c-78c6-439d-811b-7b49eb5a57b0', 'F4', '2026-01-16T12:36:03.721383', '2026-01-16T12:36:03.721383');
INSERT INTO hall_seats (id, cinema_hall_id, seat_type_id, seat_code, created_at, updated_at) VALUES ('b98e760a-57ab-4fde-a252-55cd7c51407b', 'eca43c94-9e26-4693-a739-6e0b4a98ccdb', '17d8738c-78c6-439d-811b-7b49eb5a57b0', 'F5', '2026-01-16T12:36:03.721383', '2026-01-16T12:36:03.721383');
INSERT INTO hall_seats (id, cinema_hall_id, seat_type_id, seat_code, created_at, updated_at) VALUES ('168e83a7-8d92-44d3-9872-19d62e97855d', 'eca43c94-9e26-4693-a739-6e0b4a98ccdb', '17d8738c-78c6-439d-811b-7b49eb5a57b0', 'F6', '2026-01-16T12:36:03.721383', '2026-01-16T12:36:03.721383');
INSERT INTO hall_seats (id, cinema_hall_id, seat_type_id, seat_code, created_at, updated_at) VALUES ('c65690f9-17a5-4e9e-865b-0f318111f15b', 'eca43c94-9e26-4693-a739-6e0b4a98ccdb', '17d8738c-78c6-439d-811b-7b49eb5a57b0', 'F7', '2026-01-16T12:36:03.721383', '2026-01-16T12:36:03.721383');
INSERT INTO hall_seats (id, cinema_hall_id, seat_type_id, seat_code, created_at, updated_at) VALUES ('760ba1c4-fdd2-4c40-930b-b1bfe5a182fe', 'eca43c94-9e26-4693-a739-6e0b4a98ccdb', '17d8738c-78c6-439d-811b-7b49eb5a57b0', 'F8', '2026-01-16T12:36:03.721383', '2026-01-16T12:36:03.721383');
INSERT INTO hall_seats (id, cinema_hall_id, seat_type_id, seat_code, created_at, updated_at) VALUES ('fe8e22ff-f0ba-4249-8d17-a97a1bed8234', 'eca43c94-9e26-4693-a739-6e0b4a98ccdb', 'afd47537-1eac-411d-be48-07c7598935b4', 'G1', '2026-01-16T12:36:03.721472', '2026-01-16T12:36:03.721472');
INSERT INTO hall_seats (id, cinema_hall_id, seat_type_id, seat_code, created_at, updated_at) VALUES ('c20a1001-7dff-40bf-a2fe-48646ef0357e', 'eca43c94-9e26-4693-a739-6e0b4a98ccdb', 'afd47537-1eac-411d-be48-07c7598935b4', 'G2', '2026-01-16T12:36:03.721472', '2026-01-16T12:36:03.721472');
INSERT INTO hall_seats (id, cinema_hall_id, seat_type_id, seat_code, created_at, updated_at) VALUES ('94004e13-e76f-4701-9f90-cb76ef32ebda', 'eca43c94-9e26-4693-a739-6e0b4a98ccdb', 'afd47537-1eac-411d-be48-07c7598935b4', 'G3', '2026-01-16T12:36:03.721472', '2026-01-16T12:36:03.721472');
INSERT INTO hall_seats (id, cinema_hall_id, seat_type_id, seat_code, created_at, updated_at) VALUES ('aca1052a-756f-46dd-be6c-3e7f071985b9', 'eca43c94-9e26-4693-a739-6e0b4a98ccdb', 'afd47537-1eac-411d-be48-07c7598935b4', 'G4', '2026-01-16T12:36:03.721472', '2026-01-16T12:36:03.721472');
INSERT INTO hall_seats (id, cinema_hall_id, seat_type_id, seat_code, created_at, updated_at) VALUES ('9b0a8f11-2772-418a-ab0a-1db14d930d89', 'eca43c94-9e26-4693-a739-6e0b4a98ccdb', 'afd47537-1eac-411d-be48-07c7598935b4', 'G5', '2026-01-16T12:36:03.721472', '2026-01-16T12:36:03.721472');
INSERT INTO hall_seats (id, cinema_hall_id, seat_type_id, seat_code, created_at, updated_at) VALUES ('76b6e3ab-dd27-41e8-ab6d-4c02ffdc0d6c', 'eca43c94-9e26-4693-a739-6e0b4a98ccdb', 'afd47537-1eac-411d-be48-07c7598935b4', 'G6', '2026-01-16T12:36:03.721472', '2026-01-16T12:36:03.721472');
INSERT INTO hall_seats (id, cinema_hall_id, seat_type_id, seat_code, created_at, updated_at) VALUES ('65c250d1-9532-4eb6-bf63-7cf3e0b7059d', 'eca43c94-9e26-4693-a739-6e0b4a98ccdb', 'afd47537-1eac-411d-be48-07c7598935b4', 'G7', '2026-01-16T12:36:03.721472', '2026-01-16T12:36:03.721472');
INSERT INTO hall_seats (id, cinema_hall_id, seat_type_id, seat_code, created_at, updated_at) VALUES ('7deda5f2-4399-4a65-9bd0-e4e1b245ac2a', 'eca43c94-9e26-4693-a739-6e0b4a98ccdb', 'afd47537-1eac-411d-be48-07c7598935b4', 'G8', '2026-01-16T12:36:03.721472', '2026-01-16T12:36:03.721472');
INSERT INTO hall_seats (id, cinema_hall_id, seat_type_id, seat_code, created_at, updated_at) VALUES ('d2cf8e26-17ee-4e48-a3fc-e3b2cddd6681', 'eca43c94-9e26-4693-a739-6e0b4a98ccdb', 'afd47537-1eac-411d-be48-07c7598935b4', 'H1', '2026-01-16T12:36:03.721569', '2026-01-16T12:36:03.721569');
INSERT INTO hall_seats (id, cinema_hall_id, seat_type_id, seat_code, created_at, updated_at) VALUES ('2fd85ac5-f6c2-4db7-a301-7ad6f3d8785f', 'eca43c94-9e26-4693-a739-6e0b4a98ccdb', 'afd47537-1eac-411d-be48-07c7598935b4', 'H2', '2026-01-16T12:36:03.721569', '2026-01-16T12:36:03.721569');
INSERT INTO hall_seats (id, cinema_hall_id, seat_type_id, seat_code, created_at, updated_at) VALUES ('c79d9660-57b7-418b-bf6a-86a39e17a2fd', 'eca43c94-9e26-4693-a739-6e0b4a98ccdb', 'afd47537-1eac-411d-be48-07c7598935b4', 'H3', '2026-01-16T12:36:03.721569', '2026-01-16T12:36:03.721569');
INSERT INTO hall_seats (id, cinema_hall_id, seat_type_id, seat_code, created_at, updated_at) VALUES ('05550ff2-b983-4e57-8eb9-435b3fbeb993', 'eca43c94-9e26-4693-a739-6e0b4a98ccdb', 'afd47537-1eac-411d-be48-07c7598935b4', 'H4', '2026-01-16T12:36:03.721569', '2026-01-16T12:36:03.721569');
INSERT INTO hall_seats (id, cinema_hall_id, seat_type_id, seat_code, created_at, updated_at) VALUES ('0e3f66a6-fa20-46fe-ad27-98ad81820347', 'eca43c94-9e26-4693-a739-6e0b4a98ccdb', 'afd47537-1eac-411d-be48-07c7598935b4', 'H5', '2026-01-16T12:36:03.721569', '2026-01-16T12:36:03.721569');
INSERT INTO hall_seats (id, cinema_hall_id, seat_type_id, seat_code, created_at, updated_at) VALUES ('2f875c78-515b-4b0e-96f1-1ec6ada23365', 'eca43c94-9e26-4693-a739-6e0b4a98ccdb', 'afd47537-1eac-411d-be48-07c7598935b4', 'H6', '2026-01-16T12:36:03.721569', '2026-01-16T12:36:03.721569');
INSERT INTO hall_seats (id, cinema_hall_id, seat_type_id, seat_code, created_at, updated_at) VALUES ('6ead9ac7-f1a5-49cc-b413-b51b7d27a758', 'eca43c94-9e26-4693-a739-6e0b4a98ccdb', 'afd47537-1eac-411d-be48-07c7598935b4', 'H7', '2026-01-16T12:36:03.721569', '2026-01-16T12:36:03.721569');
INSERT INTO hall_seats (id, cinema_hall_id, seat_type_id, seat_code, created_at, updated_at) VALUES ('eb3a1439-6d16-464d-adbf-1f67bb78dd80', 'eca43c94-9e26-4693-a739-6e0b4a98ccdb', 'afd47537-1eac-411d-be48-07c7598935b4', 'H8', '2026-01-16T12:36:03.721569', '2026-01-16T12:36:03.721569');
INSERT INTO hall_seats (id, cinema_hall_id, seat_type_id, seat_code, created_at, updated_at) VALUES ('6f065c89-498c-4f70-a000-752a48cbbaf8', 'eca43c94-9e26-4693-a739-6e0b4a98ccdb', 'd76d7cb0-33eb-4ac3-8eea-f2ae6150cabd', 'I1', '2026-01-16T12:36:03.721664', '2026-01-16T12:36:03.721664');
INSERT INTO hall_seats (id, cinema_hall_id, seat_type_id, seat_code, created_at, updated_at) VALUES ('4fd6ceb4-588d-44fa-b8dc-405d5c065f41', 'eca43c94-9e26-4693-a739-6e0b4a98ccdb', 'd76d7cb0-33eb-4ac3-8eea-f2ae6150cabd', 'I2', '2026-01-16T12:36:03.721664', '2026-01-16T12:36:03.721664');
INSERT INTO hall_seats (id, cinema_hall_id, seat_type_id, seat_code, created_at, updated_at) VALUES ('cb60e8c3-c0fb-4216-9e61-31739690293c', 'eca43c94-9e26-4693-a739-6e0b4a98ccdb', 'd76d7cb0-33eb-4ac3-8eea-f2ae6150cabd', 'I3', '2026-01-16T12:36:03.721664', '2026-01-16T12:36:03.721664');
INSERT INTO hall_seats (id, cinema_hall_id, seat_type_id, seat_code, created_at, updated_at) VALUES ('82ce85bc-0901-4b56-9aff-6a713d58f2f3', 'eca43c94-9e26-4693-a739-6e0b4a98ccdb', 'd76d7cb0-33eb-4ac3-8eea-f2ae6150cabd', 'I4', '2026-01-16T12:36:03.721664', '2026-01-16T12:36:03.721664');
INSERT INTO hall_seats (id, cinema_hall_id, seat_type_id, seat_code, created_at, updated_at) VALUES ('7089c416-f359-4e36-bdbd-9516984514cc', '1e714225-1496-43fd-9e98-87119156b996', '17d8738c-78c6-439d-811b-7b49eb5a57b0', 'A1', '2026-01-16T12:36:03.721714', '2026-01-16T12:36:03.721714');
INSERT INTO hall_seats (id, cinema_hall_id, seat_type_id, seat_code, created_at, updated_at) VALUES ('36b6caab-9c25-49cd-8c5e-2de854858a9e', '1e714225-1496-43fd-9e98-87119156b996', '17d8738c-78c6-439d-811b-7b49eb5a57b0', 'A2', '2026-01-16T12:36:03.721714', '2026-01-16T12:36:03.721714');
INSERT INTO hall_seats (id, cinema_hall_id, seat_type_id, seat_code, created_at, updated_at) VALUES ('5c49eef5-d785-41b3-930e-c76aa49f912f', '1e714225-1496-43fd-9e98-87119156b996', '17d8738c-78c6-439d-811b-7b49eb5a57b0', 'A3', '2026-01-16T12:36:03.721714', '2026-01-16T12:36:03.721714');
INSERT INTO hall_seats (id, cinema_hall_id, seat_type_id, seat_code, created_at, updated_at) VALUES ('39bfaa55-957b-4fbe-8342-c2185abf2788', '1e714225-1496-43fd-9e98-87119156b996', '17d8738c-78c6-439d-811b-7b49eb5a57b0', 'A4', '2026-01-16T12:36:03.721714', '2026-01-16T12:36:03.721714');
INSERT INTO hall_seats (id, cinema_hall_id, seat_type_id, seat_code, created_at, updated_at) VALUES ('f6fed36e-1266-4b9a-a2bc-3bebc0d17496', '1e714225-1496-43fd-9e98-87119156b996', '17d8738c-78c6-439d-811b-7b49eb5a57b0', 'A5', '2026-01-16T12:36:03.721714', '2026-01-16T12:36:03.721714');
INSERT INTO hall_seats (id, cinema_hall_id, seat_type_id, seat_code, created_at, updated_at) VALUES ('edefb599-8976-4b98-b25c-65ff4568ed65', '1e714225-1496-43fd-9e98-87119156b996', '17d8738c-78c6-439d-811b-7b49eb5a57b0', 'A6', '2026-01-16T12:36:03.721714', '2026-01-16T12:36:03.721714');
INSERT INTO hall_seats (id, cinema_hall_id, seat_type_id, seat_code, created_at, updated_at) VALUES ('a8d37d55-e6ee-4894-8513-61e925265230', '1e714225-1496-43fd-9e98-87119156b996', '17d8738c-78c6-439d-811b-7b49eb5a57b0', 'A7', '2026-01-16T12:36:03.721714', '2026-01-16T12:36:03.721714');
INSERT INTO hall_seats (id, cinema_hall_id, seat_type_id, seat_code, created_at, updated_at) VALUES ('01347afb-4e8d-45a1-a430-54e0a49c2206', '1e714225-1496-43fd-9e98-87119156b996', '17d8738c-78c6-439d-811b-7b49eb5a57b0', 'A8', '2026-01-16T12:36:03.721714', '2026-01-16T12:36:03.721714');
INSERT INTO hall_seats (id, cinema_hall_id, seat_type_id, seat_code, created_at, updated_at) VALUES ('755b3b52-cb2a-4420-b327-d28dcc998e12', '1e714225-1496-43fd-9e98-87119156b996', '17d8738c-78c6-439d-811b-7b49eb5a57b0', 'B1', '2026-01-16T12:36:03.721809', '2026-01-16T12:36:03.721809');
INSERT INTO hall_seats (id, cinema_hall_id, seat_type_id, seat_code, created_at, updated_at) VALUES ('594757e7-df0a-4c9a-944a-6e509b5fe17e', '1e714225-1496-43fd-9e98-87119156b996', '17d8738c-78c6-439d-811b-7b49eb5a57b0', 'B2', '2026-01-16T12:36:03.721809', '2026-01-16T12:36:03.721809');
INSERT INTO hall_seats (id, cinema_hall_id, seat_type_id, seat_code, created_at, updated_at) VALUES ('50cde472-3e2c-4ac6-b959-e047d555fb2d', '1e714225-1496-43fd-9e98-87119156b996', '17d8738c-78c6-439d-811b-7b49eb5a57b0', 'B3', '2026-01-16T12:36:03.721809', '2026-01-16T12:36:03.721809');
INSERT INTO hall_seats (id, cinema_hall_id, seat_type_id, seat_code, created_at, updated_at) VALUES ('830171f0-f36d-456c-a3e1-9dfe04b61cd6', '1e714225-1496-43fd-9e98-87119156b996', '17d8738c-78c6-439d-811b-7b49eb5a57b0', 'B4', '2026-01-16T12:36:03.721809', '2026-01-16T12:36:03.721809');
INSERT INTO hall_seats (id, cinema_hall_id, seat_type_id, seat_code, created_at, updated_at) VALUES ('701749d8-d17f-47f3-a695-94c69ac66d10', '1e714225-1496-43fd-9e98-87119156b996', '17d8738c-78c6-439d-811b-7b49eb5a57b0', 'B5', '2026-01-16T12:36:03.721809', '2026-01-16T12:36:03.721809');
INSERT INTO hall_seats (id, cinema_hall_id, seat_type_id, seat_code, created_at, updated_at) VALUES ('39b71cdb-1aa0-438c-bf46-f24241600bf4', '1e714225-1496-43fd-9e98-87119156b996', '17d8738c-78c6-439d-811b-7b49eb5a57b0', 'B6', '2026-01-16T12:36:03.721809', '2026-01-16T12:36:03.721809');
INSERT INTO hall_seats (id, cinema_hall_id, seat_type_id, seat_code, created_at, updated_at) VALUES ('8d1ea868-79e6-4220-a5a1-8465007f60b9', '1e714225-1496-43fd-9e98-87119156b996', '17d8738c-78c6-439d-811b-7b49eb5a57b0', 'B7', '2026-01-16T12:36:03.721809', '2026-01-16T12:36:03.721809');
INSERT INTO hall_seats (id, cinema_hall_id, seat_type_id, seat_code, created_at, updated_at) VALUES ('d4867e5f-70b6-43f4-80a3-852ef383fa06', '1e714225-1496-43fd-9e98-87119156b996', '17d8738c-78c6-439d-811b-7b49eb5a57b0', 'B8', '2026-01-16T12:36:03.721809', '2026-01-16T12:36:03.721809');
INSERT INTO hall_seats (id, cinema_hall_id, seat_type_id, seat_code, created_at, updated_at) VALUES ('5ec32247-9e95-4ffb-8bf1-1428e31f4622', '1e714225-1496-43fd-9e98-87119156b996', '17d8738c-78c6-439d-811b-7b49eb5a57b0', 'C1', '2026-01-16T12:36:03.721897', '2026-01-16T12:36:03.721897');
INSERT INTO hall_seats (id, cinema_hall_id, seat_type_id, seat_code, created_at, updated_at) VALUES ('08509b32-1b94-425d-b80b-e3305d784a52', '1e714225-1496-43fd-9e98-87119156b996', '17d8738c-78c6-439d-811b-7b49eb5a57b0', 'C2', '2026-01-16T12:36:03.721897', '2026-01-16T12:36:03.721897');
INSERT INTO hall_seats (id, cinema_hall_id, seat_type_id, seat_code, created_at, updated_at) VALUES ('c4dc6d70-420a-4832-8119-46c2139aeb77', '1e714225-1496-43fd-9e98-87119156b996', '17d8738c-78c6-439d-811b-7b49eb5a57b0', 'C3', '2026-01-16T12:36:03.721897', '2026-01-16T12:36:03.721897');
INSERT INTO hall_seats (id, cinema_hall_id, seat_type_id, seat_code, created_at, updated_at) VALUES ('efca55ca-367b-4a30-8b36-b0269a1cf0f6', '1e714225-1496-43fd-9e98-87119156b996', '17d8738c-78c6-439d-811b-7b49eb5a57b0', 'C4', '2026-01-16T12:36:03.721897', '2026-01-16T12:36:03.721897');
INSERT INTO hall_seats (id, cinema_hall_id, seat_type_id, seat_code, created_at, updated_at) VALUES ('0cd1d13a-7c23-4db4-944b-52f1b1341df9', '1e714225-1496-43fd-9e98-87119156b996', '17d8738c-78c6-439d-811b-7b49eb5a57b0', 'C5', '2026-01-16T12:36:03.721897', '2026-01-16T12:36:03.721897');
INSERT INTO hall_seats (id, cinema_hall_id, seat_type_id, seat_code, created_at, updated_at) VALUES ('87bcfb62-6754-4b33-895a-52089d77505c', '1e714225-1496-43fd-9e98-87119156b996', '17d8738c-78c6-439d-811b-7b49eb5a57b0', 'C6', '2026-01-16T12:36:03.721897', '2026-01-16T12:36:03.721897');
INSERT INTO hall_seats (id, cinema_hall_id, seat_type_id, seat_code, created_at, updated_at) VALUES ('e1045868-c58f-415f-aa8f-9fc804951d64', '1e714225-1496-43fd-9e98-87119156b996', '17d8738c-78c6-439d-811b-7b49eb5a57b0', 'C7', '2026-01-16T12:36:03.721897', '2026-01-16T12:36:03.721897');
INSERT INTO hall_seats (id, cinema_hall_id, seat_type_id, seat_code, created_at, updated_at) VALUES ('f671a0c6-a800-4a9b-a06d-f1db0203c3d7', '1e714225-1496-43fd-9e98-87119156b996', '17d8738c-78c6-439d-811b-7b49eb5a57b0', 'C8', '2026-01-16T12:36:03.721897', '2026-01-16T12:36:03.721897');
INSERT INTO hall_seats (id, cinema_hall_id, seat_type_id, seat_code, created_at, updated_at) VALUES ('f4498002-7bac-4ec5-96d2-9b5d2ab769e1', '1e714225-1496-43fd-9e98-87119156b996', '17d8738c-78c6-439d-811b-7b49eb5a57b0', 'D1', '2026-01-16T12:36:03.721998', '2026-01-16T12:36:03.721998');
INSERT INTO hall_seats (id, cinema_hall_id, seat_type_id, seat_code, created_at, updated_at) VALUES ('7bf731fc-7fa0-4a3c-8692-61957f5e54ae', '1e714225-1496-43fd-9e98-87119156b996', '17d8738c-78c6-439d-811b-7b49eb5a57b0', 'D2', '2026-01-16T12:36:03.721998', '2026-01-16T12:36:03.721998');
INSERT INTO hall_seats (id, cinema_hall_id, seat_type_id, seat_code, created_at, updated_at) VALUES ('eaa300f3-e31a-4636-b258-6c2a566e359e', '1e714225-1496-43fd-9e98-87119156b996', '17d8738c-78c6-439d-811b-7b49eb5a57b0', 'D3', '2026-01-16T12:36:03.721998', '2026-01-16T12:36:03.721998');
INSERT INTO hall_seats (id, cinema_hall_id, seat_type_id, seat_code, created_at, updated_at) VALUES ('c5bfb0be-51d2-46b3-9f92-52e0dd65c8f0', '1e714225-1496-43fd-9e98-87119156b996', '17d8738c-78c6-439d-811b-7b49eb5a57b0', 'D4', '2026-01-16T12:36:03.721998', '2026-01-16T12:36:03.721998');
INSERT INTO hall_seats (id, cinema_hall_id, seat_type_id, seat_code, created_at, updated_at) VALUES ('d5aa3da3-9e37-4497-8687-5b30092586f3', '1e714225-1496-43fd-9e98-87119156b996', '17d8738c-78c6-439d-811b-7b49eb5a57b0', 'D5', '2026-01-16T12:36:03.721998', '2026-01-16T12:36:03.721998');
INSERT INTO hall_seats (id, cinema_hall_id, seat_type_id, seat_code, created_at, updated_at) VALUES ('f484a96e-0526-4609-94eb-ddef6f084b74', '1e714225-1496-43fd-9e98-87119156b996', '17d8738c-78c6-439d-811b-7b49eb5a57b0', 'D6', '2026-01-16T12:36:03.721998', '2026-01-16T12:36:03.721998');
INSERT INTO hall_seats (id, cinema_hall_id, seat_type_id, seat_code, created_at, updated_at) VALUES ('084e799b-c775-4a92-a122-7ee2a37ef870', '1e714225-1496-43fd-9e98-87119156b996', '17d8738c-78c6-439d-811b-7b49eb5a57b0', 'D7', '2026-01-16T12:36:03.721998', '2026-01-16T12:36:03.721998');
INSERT INTO hall_seats (id, cinema_hall_id, seat_type_id, seat_code, created_at, updated_at) VALUES ('16005371-acc3-4585-8e8d-3a3237a36136', '1e714225-1496-43fd-9e98-87119156b996', '17d8738c-78c6-439d-811b-7b49eb5a57b0', 'D8', '2026-01-16T12:36:03.721998', '2026-01-16T12:36:03.721998');
INSERT INTO hall_seats (id, cinema_hall_id, seat_type_id, seat_code, created_at, updated_at) VALUES ('0ee91224-d457-4fc8-ae35-70f61d70307b', '1e714225-1496-43fd-9e98-87119156b996', '17d8738c-78c6-439d-811b-7b49eb5a57b0', 'E1', '2026-01-16T12:36:03.722143', '2026-01-16T12:36:03.722143');
INSERT INTO hall_seats (id, cinema_hall_id, seat_type_id, seat_code, created_at, updated_at) VALUES ('4d598bab-cc77-4f73-8828-b53937791770', '1e714225-1496-43fd-9e98-87119156b996', '17d8738c-78c6-439d-811b-7b49eb5a57b0', 'E2', '2026-01-16T12:36:03.722143', '2026-01-16T12:36:03.722143');
INSERT INTO hall_seats (id, cinema_hall_id, seat_type_id, seat_code, created_at, updated_at) VALUES ('b5cb8e7e-1a08-4f48-b07b-3e40a4ef6fc7', '1e714225-1496-43fd-9e98-87119156b996', '17d8738c-78c6-439d-811b-7b49eb5a57b0', 'E3', '2026-01-16T12:36:03.722143', '2026-01-16T12:36:03.722143');
INSERT INTO hall_seats (id, cinema_hall_id, seat_type_id, seat_code, created_at, updated_at) VALUES ('e8d570ad-1435-449e-a34e-62a88816557f', '1e714225-1496-43fd-9e98-87119156b996', '17d8738c-78c6-439d-811b-7b49eb5a57b0', 'E4', '2026-01-16T12:36:03.722143', '2026-01-16T12:36:03.722143');
INSERT INTO hall_seats (id, cinema_hall_id, seat_type_id, seat_code, created_at, updated_at) VALUES ('5a56f483-690a-47d1-9cf8-cb6c9fd701f2', '1e714225-1496-43fd-9e98-87119156b996', '17d8738c-78c6-439d-811b-7b49eb5a57b0', 'E5', '2026-01-16T12:36:03.722143', '2026-01-16T12:36:03.722143');
INSERT INTO hall_seats (id, cinema_hall_id, seat_type_id, seat_code, created_at, updated_at) VALUES ('c723e9b4-93e5-4ee7-80df-c86fa64e0f96', '1e714225-1496-43fd-9e98-87119156b996', '17d8738c-78c6-439d-811b-7b49eb5a57b0', 'E6', '2026-01-16T12:36:03.722143', '2026-01-16T12:36:03.722143');
INSERT INTO hall_seats (id, cinema_hall_id, seat_type_id, seat_code, created_at, updated_at) VALUES ('3aefc1a5-5ce6-47fc-b625-69c99ec3dbc6', '1e714225-1496-43fd-9e98-87119156b996', '17d8738c-78c6-439d-811b-7b49eb5a57b0', 'E7', '2026-01-16T12:36:03.722143', '2026-01-16T12:36:03.722143');
INSERT INTO hall_seats (id, cinema_hall_id, seat_type_id, seat_code, created_at, updated_at) VALUES ('0865801d-b35c-4deb-a61a-9774ca741696', '1e714225-1496-43fd-9e98-87119156b996', '17d8738c-78c6-439d-811b-7b49eb5a57b0', 'E8', '2026-01-16T12:36:03.722143', '2026-01-16T12:36:03.722143');
INSERT INTO hall_seats (id, cinema_hall_id, seat_type_id, seat_code, created_at, updated_at) VALUES ('204d6601-fd53-4ecf-aa86-dc3b477216d3', '1e714225-1496-43fd-9e98-87119156b996', '17d8738c-78c6-439d-811b-7b49eb5a57b0', 'F1', '2026-01-16T12:36:03.722354', '2026-01-16T12:36:03.722354');
INSERT INTO hall_seats (id, cinema_hall_id, seat_type_id, seat_code, created_at, updated_at) VALUES ('c00896a1-3586-44ae-a310-9d69fa9cfe91', '1e714225-1496-43fd-9e98-87119156b996', '17d8738c-78c6-439d-811b-7b49eb5a57b0', 'F2', '2026-01-16T12:36:03.722354', '2026-01-16T12:36:03.722354');
INSERT INTO hall_seats (id, cinema_hall_id, seat_type_id, seat_code, created_at, updated_at) VALUES ('ec218230-43f7-4b65-aa38-1e8db345e090', '1e714225-1496-43fd-9e98-87119156b996', '17d8738c-78c6-439d-811b-7b49eb5a57b0', 'F3', '2026-01-16T12:36:03.722354', '2026-01-16T12:36:03.722354');
INSERT INTO hall_seats (id, cinema_hall_id, seat_type_id, seat_code, created_at, updated_at) VALUES ('6ab4c47a-e82f-41b8-aecf-544771490477', '1e714225-1496-43fd-9e98-87119156b996', '17d8738c-78c6-439d-811b-7b49eb5a57b0', 'F4', '2026-01-16T12:36:03.722354', '2026-01-16T12:36:03.722354');
INSERT INTO hall_seats (id, cinema_hall_id, seat_type_id, seat_code, created_at, updated_at) VALUES ('b7aa9597-8d9a-4b30-98d6-c70fd9244719', '1e714225-1496-43fd-9e98-87119156b996', '17d8738c-78c6-439d-811b-7b49eb5a57b0', 'F5', '2026-01-16T12:36:03.722354', '2026-01-16T12:36:03.722354');
INSERT INTO hall_seats (id, cinema_hall_id, seat_type_id, seat_code, created_at, updated_at) VALUES ('69006016-9496-4c42-89ab-79404b511556', '1e714225-1496-43fd-9e98-87119156b996', '17d8738c-78c6-439d-811b-7b49eb5a57b0', 'F6', '2026-01-16T12:36:03.722354', '2026-01-16T12:36:03.722354');
INSERT INTO hall_seats (id, cinema_hall_id, seat_type_id, seat_code, created_at, updated_at) VALUES ('d58950d1-a9f5-46b1-91e6-acd09a1c5157', '1e714225-1496-43fd-9e98-87119156b996', '17d8738c-78c6-439d-811b-7b49eb5a57b0', 'F7', '2026-01-16T12:36:03.722354', '2026-01-16T12:36:03.722354');
INSERT INTO hall_seats (id, cinema_hall_id, seat_type_id, seat_code, created_at, updated_at) VALUES ('c875cf1b-889c-44c2-9a75-760670f9d69b', '1e714225-1496-43fd-9e98-87119156b996', '17d8738c-78c6-439d-811b-7b49eb5a57b0', 'F8', '2026-01-16T12:36:03.722354', '2026-01-16T12:36:03.722354');
INSERT INTO hall_seats (id, cinema_hall_id, seat_type_id, seat_code, created_at, updated_at) VALUES ('3e8aa9b9-9f31-46b7-9025-6a74fc08823d', '1e714225-1496-43fd-9e98-87119156b996', 'afd47537-1eac-411d-be48-07c7598935b4', 'G1', '2026-01-16T12:36:03.722516', '2026-01-16T12:36:03.722516');
INSERT INTO hall_seats (id, cinema_hall_id, seat_type_id, seat_code, created_at, updated_at) VALUES ('144bcd39-9a2d-4d34-9749-806702a060c9', '1e714225-1496-43fd-9e98-87119156b996', 'afd47537-1eac-411d-be48-07c7598935b4', 'G2', '2026-01-16T12:36:03.722516', '2026-01-16T12:36:03.722516');
INSERT INTO hall_seats (id, cinema_hall_id, seat_type_id, seat_code, created_at, updated_at) VALUES ('d18e6752-dfb8-4296-97e3-3f548abbb399', '1e714225-1496-43fd-9e98-87119156b996', 'afd47537-1eac-411d-be48-07c7598935b4', 'G3', '2026-01-16T12:36:03.722516', '2026-01-16T12:36:03.722516');
INSERT INTO hall_seats (id, cinema_hall_id, seat_type_id, seat_code, created_at, updated_at) VALUES ('28db1246-c226-4f79-8cf2-6edefd039e96', '1e714225-1496-43fd-9e98-87119156b996', 'afd47537-1eac-411d-be48-07c7598935b4', 'G4', '2026-01-16T12:36:03.722516', '2026-01-16T12:36:03.722516');
INSERT INTO hall_seats (id, cinema_hall_id, seat_type_id, seat_code, created_at, updated_at) VALUES ('fb75dffb-3224-4ff1-a1cb-010663c4f93d', '1e714225-1496-43fd-9e98-87119156b996', 'afd47537-1eac-411d-be48-07c7598935b4', 'G5', '2026-01-16T12:36:03.722516', '2026-01-16T12:36:03.722516');
INSERT INTO hall_seats (id, cinema_hall_id, seat_type_id, seat_code, created_at, updated_at) VALUES ('db2c4a63-c1c7-4bce-91bd-6e3b64aa5898', '1e714225-1496-43fd-9e98-87119156b996', 'afd47537-1eac-411d-be48-07c7598935b4', 'G6', '2026-01-16T12:36:03.722516', '2026-01-16T12:36:03.722516');
INSERT INTO hall_seats (id, cinema_hall_id, seat_type_id, seat_code, created_at, updated_at) VALUES ('6594d484-66ac-4387-83e6-5485eb6cc925', '1e714225-1496-43fd-9e98-87119156b996', 'afd47537-1eac-411d-be48-07c7598935b4', 'G7', '2026-01-16T12:36:03.722516', '2026-01-16T12:36:03.722516');
INSERT INTO hall_seats (id, cinema_hall_id, seat_type_id, seat_code, created_at, updated_at) VALUES ('8d479a71-7861-4b7a-bd0e-848fe0350c95', '1e714225-1496-43fd-9e98-87119156b996', 'afd47537-1eac-411d-be48-07c7598935b4', 'G8', '2026-01-16T12:36:03.722516', '2026-01-16T12:36:03.722516');
INSERT INTO hall_seats (id, cinema_hall_id, seat_type_id, seat_code, created_at, updated_at) VALUES ('321a1d23-9fd4-4d4a-b765-93c9c7b6d0d6', '1e714225-1496-43fd-9e98-87119156b996', 'afd47537-1eac-411d-be48-07c7598935b4', 'H1', '2026-01-16T12:36:03.722669', '2026-01-16T12:36:03.722669');
INSERT INTO hall_seats (id, cinema_hall_id, seat_type_id, seat_code, created_at, updated_at) VALUES ('47b7e77d-92e0-4eb2-9967-6843e6eb7921', '1e714225-1496-43fd-9e98-87119156b996', 'afd47537-1eac-411d-be48-07c7598935b4', 'H2', '2026-01-16T12:36:03.722669', '2026-01-16T12:36:03.722669');
INSERT INTO hall_seats (id, cinema_hall_id, seat_type_id, seat_code, created_at, updated_at) VALUES ('9833499f-0062-43a4-ae44-842af20399bd', '1e714225-1496-43fd-9e98-87119156b996', 'afd47537-1eac-411d-be48-07c7598935b4', 'H3', '2026-01-16T12:36:03.722669', '2026-01-16T12:36:03.722669');
INSERT INTO hall_seats (id, cinema_hall_id, seat_type_id, seat_code, created_at, updated_at) VALUES ('e34bfd86-534e-40ae-8740-700acc107b6b', '1e714225-1496-43fd-9e98-87119156b996', 'afd47537-1eac-411d-be48-07c7598935b4', 'H4', '2026-01-16T12:36:03.722669', '2026-01-16T12:36:03.722669');
INSERT INTO hall_seats (id, cinema_hall_id, seat_type_id, seat_code, created_at, updated_at) VALUES ('c42d7792-9620-4778-b15e-40d650c92b2e', '1e714225-1496-43fd-9e98-87119156b996', 'afd47537-1eac-411d-be48-07c7598935b4', 'H5', '2026-01-16T12:36:03.722669', '2026-01-16T12:36:03.722669');
INSERT INTO hall_seats (id, cinema_hall_id, seat_type_id, seat_code, created_at, updated_at) VALUES ('1cb36c85-7871-40db-b01d-b9634c950d3c', '1e714225-1496-43fd-9e98-87119156b996', 'afd47537-1eac-411d-be48-07c7598935b4', 'H6', '2026-01-16T12:36:03.722669', '2026-01-16T12:36:03.722669');
INSERT INTO hall_seats (id, cinema_hall_id, seat_type_id, seat_code, created_at, updated_at) VALUES ('181a91e0-a90a-488a-b83b-44369d1867a7', '1e714225-1496-43fd-9e98-87119156b996', 'afd47537-1eac-411d-be48-07c7598935b4', 'H7', '2026-01-16T12:36:03.722669', '2026-01-16T12:36:03.722669');
INSERT INTO hall_seats (id, cinema_hall_id, seat_type_id, seat_code, created_at, updated_at) VALUES ('6c0e00d4-9068-49b0-84e2-af8529c0a1a2', '1e714225-1496-43fd-9e98-87119156b996', 'afd47537-1eac-411d-be48-07c7598935b4', 'H8', '2026-01-16T12:36:03.722669', '2026-01-16T12:36:03.722669');
INSERT INTO hall_seats (id, cinema_hall_id, seat_type_id, seat_code, created_at, updated_at) VALUES ('6e1738f8-6125-4d4c-bb55-80f99024f788', '1e714225-1496-43fd-9e98-87119156b996', 'd76d7cb0-33eb-4ac3-8eea-f2ae6150cabd', 'I1', '2026-01-16T12:36:03.722780', '2026-01-16T12:36:03.722780');
INSERT INTO hall_seats (id, cinema_hall_id, seat_type_id, seat_code, created_at, updated_at) VALUES ('60063038-c619-47c5-acff-ba8a244e871a', '1e714225-1496-43fd-9e98-87119156b996', 'd76d7cb0-33eb-4ac3-8eea-f2ae6150cabd', 'I2', '2026-01-16T12:36:03.722780', '2026-01-16T12:36:03.722780');
INSERT INTO hall_seats (id, cinema_hall_id, seat_type_id, seat_code, created_at, updated_at) VALUES ('48d7d7ff-1bf9-4a57-bc3a-81b7bedf6a92', '1e714225-1496-43fd-9e98-87119156b996', 'd76d7cb0-33eb-4ac3-8eea-f2ae6150cabd', 'I3', '2026-01-16T12:36:03.722780', '2026-01-16T12:36:03.722780');
INSERT INTO hall_seats (id, cinema_hall_id, seat_type_id, seat_code, created_at, updated_at) VALUES ('479fd497-707f-4b15-9a40-ad277476d092', '1e714225-1496-43fd-9e98-87119156b996', 'd76d7cb0-33eb-4ac3-8eea-f2ae6150cabd', 'I4', '2026-01-16T12:36:03.722780', '2026-01-16T12:36:03.722780');
INSERT INTO hall_seats (id, cinema_hall_id, seat_type_id, seat_code, created_at, updated_at) VALUES ('308ab469-7528-4d2e-85b3-2d82b7576c96', '00c3d58b-3da5-4624-9282-ea69e7fc1d99', '17d8738c-78c6-439d-811b-7b49eb5a57b0', 'A1', '2026-01-16T12:36:03.722838', '2026-01-16T12:36:03.722838');
INSERT INTO hall_seats (id, cinema_hall_id, seat_type_id, seat_code, created_at, updated_at) VALUES ('f0976bbc-72af-4e48-af3a-d246c414a4f8', '00c3d58b-3da5-4624-9282-ea69e7fc1d99', '17d8738c-78c6-439d-811b-7b49eb5a57b0', 'A2', '2026-01-16T12:36:03.722838', '2026-01-16T12:36:03.722838');
INSERT INTO hall_seats (id, cinema_hall_id, seat_type_id, seat_code, created_at, updated_at) VALUES ('bfe06bd3-41a9-4238-bed9-a30eb30da1f1', '00c3d58b-3da5-4624-9282-ea69e7fc1d99', '17d8738c-78c6-439d-811b-7b49eb5a57b0', 'A3', '2026-01-16T12:36:03.722838', '2026-01-16T12:36:03.722838');
INSERT INTO hall_seats (id, cinema_hall_id, seat_type_id, seat_code, created_at, updated_at) VALUES ('30e138d4-ca18-42c1-86d6-97fd199508c1', '00c3d58b-3da5-4624-9282-ea69e7fc1d99', '17d8738c-78c6-439d-811b-7b49eb5a57b0', 'A4', '2026-01-16T12:36:03.722838', '2026-01-16T12:36:03.722838');
INSERT INTO hall_seats (id, cinema_hall_id, seat_type_id, seat_code, created_at, updated_at) VALUES ('610b9d8d-ccbb-4179-b8c4-9c15a6fdbd72', '00c3d58b-3da5-4624-9282-ea69e7fc1d99', '17d8738c-78c6-439d-811b-7b49eb5a57b0', 'A5', '2026-01-16T12:36:03.722838', '2026-01-16T12:36:03.722838');
INSERT INTO hall_seats (id, cinema_hall_id, seat_type_id, seat_code, created_at, updated_at) VALUES ('5160f77f-8b07-4252-a265-35b4ae697cdf', '00c3d58b-3da5-4624-9282-ea69e7fc1d99', '17d8738c-78c6-439d-811b-7b49eb5a57b0', 'A6', '2026-01-16T12:36:03.722838', '2026-01-16T12:36:03.722838');
INSERT INTO hall_seats (id, cinema_hall_id, seat_type_id, seat_code, created_at, updated_at) VALUES ('c0f856a0-c5ad-408a-aa26-ae7fb79968bb', '00c3d58b-3da5-4624-9282-ea69e7fc1d99', '17d8738c-78c6-439d-811b-7b49eb5a57b0', 'A7', '2026-01-16T12:36:03.722838', '2026-01-16T12:36:03.722838');
INSERT INTO hall_seats (id, cinema_hall_id, seat_type_id, seat_code, created_at, updated_at) VALUES ('513828d4-9828-494d-a7d3-ee0536d32f0b', '00c3d58b-3da5-4624-9282-ea69e7fc1d99', '17d8738c-78c6-439d-811b-7b49eb5a57b0', 'A8', '2026-01-16T12:36:03.722838', '2026-01-16T12:36:03.722838');
INSERT INTO hall_seats (id, cinema_hall_id, seat_type_id, seat_code, created_at, updated_at) VALUES ('1b35ed9d-02f4-471c-86c1-6fcd48e0906c', '00c3d58b-3da5-4624-9282-ea69e7fc1d99', '17d8738c-78c6-439d-811b-7b49eb5a57b0', 'B1', '2026-01-16T12:36:03.722931', '2026-01-16T12:36:03.722931');
INSERT INTO hall_seats (id, cinema_hall_id, seat_type_id, seat_code, created_at, updated_at) VALUES ('90c48756-7472-4bc7-a2a4-1eda72c0e6e6', '00c3d58b-3da5-4624-9282-ea69e7fc1d99', '17d8738c-78c6-439d-811b-7b49eb5a57b0', 'B2', '2026-01-16T12:36:03.722931', '2026-01-16T12:36:03.722931');
INSERT INTO hall_seats (id, cinema_hall_id, seat_type_id, seat_code, created_at, updated_at) VALUES ('f8432247-f8a0-4bfc-ac5b-0133856b6dec', '00c3d58b-3da5-4624-9282-ea69e7fc1d99', '17d8738c-78c6-439d-811b-7b49eb5a57b0', 'B3', '2026-01-16T12:36:03.722931', '2026-01-16T12:36:03.722931');
INSERT INTO hall_seats (id, cinema_hall_id, seat_type_id, seat_code, created_at, updated_at) VALUES ('a2cd2823-3976-4f37-8c64-7b5a9a8afffc', '00c3d58b-3da5-4624-9282-ea69e7fc1d99', '17d8738c-78c6-439d-811b-7b49eb5a57b0', 'B4', '2026-01-16T12:36:03.722931', '2026-01-16T12:36:03.722931');
INSERT INTO hall_seats (id, cinema_hall_id, seat_type_id, seat_code, created_at, updated_at) VALUES ('c5d4a415-2338-469d-b889-dee58f4976c5', '00c3d58b-3da5-4624-9282-ea69e7fc1d99', '17d8738c-78c6-439d-811b-7b49eb5a57b0', 'B5', '2026-01-16T12:36:03.722931', '2026-01-16T12:36:03.722931');
INSERT INTO hall_seats (id, cinema_hall_id, seat_type_id, seat_code, created_at, updated_at) VALUES ('16685b0b-8cd4-4029-abdd-76815ce145fc', '00c3d58b-3da5-4624-9282-ea69e7fc1d99', '17d8738c-78c6-439d-811b-7b49eb5a57b0', 'B6', '2026-01-16T12:36:03.722931', '2026-01-16T12:36:03.722931');
INSERT INTO hall_seats (id, cinema_hall_id, seat_type_id, seat_code, created_at, updated_at) VALUES ('033a2256-da9d-4d49-ae98-c8f67e85c811', '00c3d58b-3da5-4624-9282-ea69e7fc1d99', '17d8738c-78c6-439d-811b-7b49eb5a57b0', 'B7', '2026-01-16T12:36:03.722931', '2026-01-16T12:36:03.722931');
INSERT INTO hall_seats (id, cinema_hall_id, seat_type_id, seat_code, created_at, updated_at) VALUES ('d50eb227-d9c7-4570-899e-4fa9ebdcc261', '00c3d58b-3da5-4624-9282-ea69e7fc1d99', '17d8738c-78c6-439d-811b-7b49eb5a57b0', 'B8', '2026-01-16T12:36:03.722931', '2026-01-16T12:36:03.722931');
INSERT INTO hall_seats (id, cinema_hall_id, seat_type_id, seat_code, created_at, updated_at) VALUES ('b9967d9d-f2cc-48b4-aee7-cd153b91d623', '00c3d58b-3da5-4624-9282-ea69e7fc1d99', '17d8738c-78c6-439d-811b-7b49eb5a57b0', 'C1', '2026-01-16T12:36:03.723031', '2026-01-16T12:36:03.723031');
INSERT INTO hall_seats (id, cinema_hall_id, seat_type_id, seat_code, created_at, updated_at) VALUES ('0820143b-6af1-4162-95f3-1b6d5f7d960a', '00c3d58b-3da5-4624-9282-ea69e7fc1d99', '17d8738c-78c6-439d-811b-7b49eb5a57b0', 'C2', '2026-01-16T12:36:03.723031', '2026-01-16T12:36:03.723031');
INSERT INTO hall_seats (id, cinema_hall_id, seat_type_id, seat_code, created_at, updated_at) VALUES ('e84b6fc1-51d6-400c-af37-3d57569c138e', '00c3d58b-3da5-4624-9282-ea69e7fc1d99', '17d8738c-78c6-439d-811b-7b49eb5a57b0', 'C3', '2026-01-16T12:36:03.723031', '2026-01-16T12:36:03.723031');
INSERT INTO hall_seats (id, cinema_hall_id, seat_type_id, seat_code, created_at, updated_at) VALUES ('94f6c516-2851-4eab-bce1-660c1c3d5220', '00c3d58b-3da5-4624-9282-ea69e7fc1d99', '17d8738c-78c6-439d-811b-7b49eb5a57b0', 'C4', '2026-01-16T12:36:03.723031', '2026-01-16T12:36:03.723031');
INSERT INTO hall_seats (id, cinema_hall_id, seat_type_id, seat_code, created_at, updated_at) VALUES ('9ee35bc3-0423-4750-9ad1-9a1910a1523d', '00c3d58b-3da5-4624-9282-ea69e7fc1d99', '17d8738c-78c6-439d-811b-7b49eb5a57b0', 'C5', '2026-01-16T12:36:03.723031', '2026-01-16T12:36:03.723031');
INSERT INTO hall_seats (id, cinema_hall_id, seat_type_id, seat_code, created_at, updated_at) VALUES ('4f741082-d172-449a-b480-571cdabfdc69', '00c3d58b-3da5-4624-9282-ea69e7fc1d99', '17d8738c-78c6-439d-811b-7b49eb5a57b0', 'C6', '2026-01-16T12:36:03.723031', '2026-01-16T12:36:03.723031');
INSERT INTO hall_seats (id, cinema_hall_id, seat_type_id, seat_code, created_at, updated_at) VALUES ('8d0ad3aa-d42d-48a2-a268-4acde8ca50eb', '00c3d58b-3da5-4624-9282-ea69e7fc1d99', '17d8738c-78c6-439d-811b-7b49eb5a57b0', 'C7', '2026-01-16T12:36:03.723031', '2026-01-16T12:36:03.723031');
INSERT INTO hall_seats (id, cinema_hall_id, seat_type_id, seat_code, created_at, updated_at) VALUES ('9eac1bc1-5f19-48b6-bc24-30f38e4574d7', '00c3d58b-3da5-4624-9282-ea69e7fc1d99', '17d8738c-78c6-439d-811b-7b49eb5a57b0', 'C8', '2026-01-16T12:36:03.723031', '2026-01-16T12:36:03.723031');
INSERT INTO hall_seats (id, cinema_hall_id, seat_type_id, seat_code, created_at, updated_at) VALUES ('9d7fe567-a7d2-4ed6-8ffa-e18c0c0f117f', '00c3d58b-3da5-4624-9282-ea69e7fc1d99', '17d8738c-78c6-439d-811b-7b49eb5a57b0', 'D1', '2026-01-16T12:36:03.723132', '2026-01-16T12:36:03.723132');
INSERT INTO hall_seats (id, cinema_hall_id, seat_type_id, seat_code, created_at, updated_at) VALUES ('80f17ddc-e02a-445f-8668-c2a84103c735', '00c3d58b-3da5-4624-9282-ea69e7fc1d99', '17d8738c-78c6-439d-811b-7b49eb5a57b0', 'D2', '2026-01-16T12:36:03.723132', '2026-01-16T12:36:03.723132');
INSERT INTO hall_seats (id, cinema_hall_id, seat_type_id, seat_code, created_at, updated_at) VALUES ('b42a6e15-4cc1-45d5-aece-aed46cc155db', '00c3d58b-3da5-4624-9282-ea69e7fc1d99', '17d8738c-78c6-439d-811b-7b49eb5a57b0', 'D3', '2026-01-16T12:36:03.723132', '2026-01-16T12:36:03.723132');
INSERT INTO hall_seats (id, cinema_hall_id, seat_type_id, seat_code, created_at, updated_at) VALUES ('73200412-36cf-400d-9989-1db5469bcbef', '00c3d58b-3da5-4624-9282-ea69e7fc1d99', '17d8738c-78c6-439d-811b-7b49eb5a57b0', 'D4', '2026-01-16T12:36:03.723132', '2026-01-16T12:36:03.723132');
INSERT INTO hall_seats (id, cinema_hall_id, seat_type_id, seat_code, created_at, updated_at) VALUES ('aa8dc10d-9c57-4e76-adda-9f3ebbb56a80', '00c3d58b-3da5-4624-9282-ea69e7fc1d99', '17d8738c-78c6-439d-811b-7b49eb5a57b0', 'D5', '2026-01-16T12:36:03.723132', '2026-01-16T12:36:03.723132');
INSERT INTO hall_seats (id, cinema_hall_id, seat_type_id, seat_code, created_at, updated_at) VALUES ('92109fb8-71db-4563-a377-34905437f4d5', '00c3d58b-3da5-4624-9282-ea69e7fc1d99', '17d8738c-78c6-439d-811b-7b49eb5a57b0', 'D6', '2026-01-16T12:36:03.723132', '2026-01-16T12:36:03.723132');
INSERT INTO hall_seats (id, cinema_hall_id, seat_type_id, seat_code, created_at, updated_at) VALUES ('47ad4d41-d50a-4f50-a278-c246e51246a0', '00c3d58b-3da5-4624-9282-ea69e7fc1d99', '17d8738c-78c6-439d-811b-7b49eb5a57b0', 'D7', '2026-01-16T12:36:03.723132', '2026-01-16T12:36:03.723132');
INSERT INTO hall_seats (id, cinema_hall_id, seat_type_id, seat_code, created_at, updated_at) VALUES ('591eec47-b9cf-437e-a1a4-2859b3ee4b23', '00c3d58b-3da5-4624-9282-ea69e7fc1d99', '17d8738c-78c6-439d-811b-7b49eb5a57b0', 'D8', '2026-01-16T12:36:03.723132', '2026-01-16T12:36:03.723132');
INSERT INTO hall_seats (id, cinema_hall_id, seat_type_id, seat_code, created_at, updated_at) VALUES ('8717f4ad-ed1c-4c2e-a194-4e5c32b212a0', '00c3d58b-3da5-4624-9282-ea69e7fc1d99', '17d8738c-78c6-439d-811b-7b49eb5a57b0', 'E1', '2026-01-16T12:36:03.723219', '2026-01-16T12:36:03.723219');
INSERT INTO hall_seats (id, cinema_hall_id, seat_type_id, seat_code, created_at, updated_at) VALUES ('86f50b39-126a-48ba-9d66-0841c53e5b2b', '00c3d58b-3da5-4624-9282-ea69e7fc1d99', '17d8738c-78c6-439d-811b-7b49eb5a57b0', 'E2', '2026-01-16T12:36:03.723219', '2026-01-16T12:36:03.723219');
INSERT INTO hall_seats (id, cinema_hall_id, seat_type_id, seat_code, created_at, updated_at) VALUES ('e6038bf1-933d-44a6-8118-6d5d3fdcfc99', '00c3d58b-3da5-4624-9282-ea69e7fc1d99', '17d8738c-78c6-439d-811b-7b49eb5a57b0', 'E3', '2026-01-16T12:36:03.723219', '2026-01-16T12:36:03.723219');
INSERT INTO hall_seats (id, cinema_hall_id, seat_type_id, seat_code, created_at, updated_at) VALUES ('b905a860-2577-4465-9917-56220d7524b8', '00c3d58b-3da5-4624-9282-ea69e7fc1d99', '17d8738c-78c6-439d-811b-7b49eb5a57b0', 'E4', '2026-01-16T12:36:03.723219', '2026-01-16T12:36:03.723219');
INSERT INTO hall_seats (id, cinema_hall_id, seat_type_id, seat_code, created_at, updated_at) VALUES ('340937cc-260d-4756-9f99-0a6b8378d496', '00c3d58b-3da5-4624-9282-ea69e7fc1d99', '17d8738c-78c6-439d-811b-7b49eb5a57b0', 'E5', '2026-01-16T12:36:03.723219', '2026-01-16T12:36:03.723219');
INSERT INTO hall_seats (id, cinema_hall_id, seat_type_id, seat_code, created_at, updated_at) VALUES ('9aa487f4-e399-430b-bfdf-e0ebcb06cbb3', '00c3d58b-3da5-4624-9282-ea69e7fc1d99', '17d8738c-78c6-439d-811b-7b49eb5a57b0', 'E6', '2026-01-16T12:36:03.723219', '2026-01-16T12:36:03.723219');
INSERT INTO hall_seats (id, cinema_hall_id, seat_type_id, seat_code, created_at, updated_at) VALUES ('e571afc3-a08c-4114-b3b9-85c9e92be330', '00c3d58b-3da5-4624-9282-ea69e7fc1d99', '17d8738c-78c6-439d-811b-7b49eb5a57b0', 'E7', '2026-01-16T12:36:03.723219', '2026-01-16T12:36:03.723219');
INSERT INTO hall_seats (id, cinema_hall_id, seat_type_id, seat_code, created_at, updated_at) VALUES ('a75bad05-7e0d-4bca-abee-480949d68c6b', '00c3d58b-3da5-4624-9282-ea69e7fc1d99', '17d8738c-78c6-439d-811b-7b49eb5a57b0', 'E8', '2026-01-16T12:36:03.723219', '2026-01-16T12:36:03.723219');
INSERT INTO hall_seats (id, cinema_hall_id, seat_type_id, seat_code, created_at, updated_at) VALUES ('b7ee0d37-ec2d-4b54-896d-755b1c39ee0e', '00c3d58b-3da5-4624-9282-ea69e7fc1d99', '17d8738c-78c6-439d-811b-7b49eb5a57b0', 'F1', '2026-01-16T12:36:03.723314', '2026-01-16T12:36:03.723314');
INSERT INTO hall_seats (id, cinema_hall_id, seat_type_id, seat_code, created_at, updated_at) VALUES ('1fdaa00b-4360-43f4-a6dc-925d189513c5', '00c3d58b-3da5-4624-9282-ea69e7fc1d99', '17d8738c-78c6-439d-811b-7b49eb5a57b0', 'F2', '2026-01-16T12:36:03.723314', '2026-01-16T12:36:03.723314');
INSERT INTO hall_seats (id, cinema_hall_id, seat_type_id, seat_code, created_at, updated_at) VALUES ('8772eb5f-f0a6-4af2-9b67-f8d8d069d5b7', '00c3d58b-3da5-4624-9282-ea69e7fc1d99', '17d8738c-78c6-439d-811b-7b49eb5a57b0', 'F3', '2026-01-16T12:36:03.723314', '2026-01-16T12:36:03.723314');
INSERT INTO hall_seats (id, cinema_hall_id, seat_type_id, seat_code, created_at, updated_at) VALUES ('a1024981-4277-4d1d-b5cc-869eec74a3c0', '00c3d58b-3da5-4624-9282-ea69e7fc1d99', '17d8738c-78c6-439d-811b-7b49eb5a57b0', 'F4', '2026-01-16T12:36:03.723314', '2026-01-16T12:36:03.723314');
INSERT INTO hall_seats (id, cinema_hall_id, seat_type_id, seat_code, created_at, updated_at) VALUES ('a2aa2d62-2f63-4b5a-8cfe-db38375b1a9a', '00c3d58b-3da5-4624-9282-ea69e7fc1d99', '17d8738c-78c6-439d-811b-7b49eb5a57b0', 'F5', '2026-01-16T12:36:03.723314', '2026-01-16T12:36:03.723314');
INSERT INTO hall_seats (id, cinema_hall_id, seat_type_id, seat_code, created_at, updated_at) VALUES ('2d7798e1-d29d-4837-b034-b2e35b84328d', '00c3d58b-3da5-4624-9282-ea69e7fc1d99', '17d8738c-78c6-439d-811b-7b49eb5a57b0', 'F6', '2026-01-16T12:36:03.723314', '2026-01-16T12:36:03.723314');
INSERT INTO hall_seats (id, cinema_hall_id, seat_type_id, seat_code, created_at, updated_at) VALUES ('ed528a83-d1be-420b-aabb-b7ae5e8e88bc', '00c3d58b-3da5-4624-9282-ea69e7fc1d99', '17d8738c-78c6-439d-811b-7b49eb5a57b0', 'F7', '2026-01-16T12:36:03.723314', '2026-01-16T12:36:03.723314');
INSERT INTO hall_seats (id, cinema_hall_id, seat_type_id, seat_code, created_at, updated_at) VALUES ('e374dcf9-7eb3-4e95-8d2e-c602f55b5746', '00c3d58b-3da5-4624-9282-ea69e7fc1d99', '17d8738c-78c6-439d-811b-7b49eb5a57b0', 'F8', '2026-01-16T12:36:03.723314', '2026-01-16T12:36:03.723314');
INSERT INTO hall_seats (id, cinema_hall_id, seat_type_id, seat_code, created_at, updated_at) VALUES ('2c2c292e-18b8-49a3-a10b-3ff887246d55', '00c3d58b-3da5-4624-9282-ea69e7fc1d99', 'afd47537-1eac-411d-be48-07c7598935b4', 'G1', '2026-01-16T12:36:03.723405', '2026-01-16T12:36:03.723405');
INSERT INTO hall_seats (id, cinema_hall_id, seat_type_id, seat_code, created_at, updated_at) VALUES ('96adfa1e-5242-4f2a-9197-9d65ab9bee58', '00c3d58b-3da5-4624-9282-ea69e7fc1d99', 'afd47537-1eac-411d-be48-07c7598935b4', 'G2', '2026-01-16T12:36:03.723405', '2026-01-16T12:36:03.723405');
INSERT INTO hall_seats (id, cinema_hall_id, seat_type_id, seat_code, created_at, updated_at) VALUES ('a1c49a83-c6bb-4342-8cd4-c46500e8f6e4', '00c3d58b-3da5-4624-9282-ea69e7fc1d99', 'afd47537-1eac-411d-be48-07c7598935b4', 'G3', '2026-01-16T12:36:03.723405', '2026-01-16T12:36:03.723405');
INSERT INTO hall_seats (id, cinema_hall_id, seat_type_id, seat_code, created_at, updated_at) VALUES ('26d62a46-8c00-4a45-95f1-bcde501d13c4', '00c3d58b-3da5-4624-9282-ea69e7fc1d99', 'afd47537-1eac-411d-be48-07c7598935b4', 'G4', '2026-01-16T12:36:03.723405', '2026-01-16T12:36:03.723405');
INSERT INTO hall_seats (id, cinema_hall_id, seat_type_id, seat_code, created_at, updated_at) VALUES ('b87dea38-0a49-46c2-b5aa-11fca1b5949c', '00c3d58b-3da5-4624-9282-ea69e7fc1d99', 'afd47537-1eac-411d-be48-07c7598935b4', 'G5', '2026-01-16T12:36:03.723405', '2026-01-16T12:36:03.723405');
INSERT INTO hall_seats (id, cinema_hall_id, seat_type_id, seat_code, created_at, updated_at) VALUES ('9dc30b7e-f387-4661-bca7-240f2758e961', '00c3d58b-3da5-4624-9282-ea69e7fc1d99', 'afd47537-1eac-411d-be48-07c7598935b4', 'G6', '2026-01-16T12:36:03.723405', '2026-01-16T12:36:03.723405');
INSERT INTO hall_seats (id, cinema_hall_id, seat_type_id, seat_code, created_at, updated_at) VALUES ('baa9b4c7-a08e-4665-a261-0b1cc9726e26', '00c3d58b-3da5-4624-9282-ea69e7fc1d99', 'afd47537-1eac-411d-be48-07c7598935b4', 'G7', '2026-01-16T12:36:03.723405', '2026-01-16T12:36:03.723405');
INSERT INTO hall_seats (id, cinema_hall_id, seat_type_id, seat_code, created_at, updated_at) VALUES ('81adfec6-9ee5-49a7-a2ad-58719ad786b1', '00c3d58b-3da5-4624-9282-ea69e7fc1d99', 'afd47537-1eac-411d-be48-07c7598935b4', 'G8', '2026-01-16T12:36:03.723405', '2026-01-16T12:36:03.723405');
INSERT INTO hall_seats (id, cinema_hall_id, seat_type_id, seat_code, created_at, updated_at) VALUES ('2e13a134-5736-4ad5-bfb6-fdd32e45b406', '00c3d58b-3da5-4624-9282-ea69e7fc1d99', 'afd47537-1eac-411d-be48-07c7598935b4', 'H1', '2026-01-16T12:36:03.723492', '2026-01-16T12:36:03.723492');
INSERT INTO hall_seats (id, cinema_hall_id, seat_type_id, seat_code, created_at, updated_at) VALUES ('c7eb6ea0-4f68-42f7-9c11-0850883f0c5d', '00c3d58b-3da5-4624-9282-ea69e7fc1d99', 'afd47537-1eac-411d-be48-07c7598935b4', 'H2', '2026-01-16T12:36:03.723492', '2026-01-16T12:36:03.723492');
INSERT INTO hall_seats (id, cinema_hall_id, seat_type_id, seat_code, created_at, updated_at) VALUES ('a7ea16b3-7f2f-4c3c-8acb-9b7fd69a9e08', '00c3d58b-3da5-4624-9282-ea69e7fc1d99', 'afd47537-1eac-411d-be48-07c7598935b4', 'H3', '2026-01-16T12:36:03.723492', '2026-01-16T12:36:03.723492');
INSERT INTO hall_seats (id, cinema_hall_id, seat_type_id, seat_code, created_at, updated_at) VALUES ('b53f7de1-e272-44a8-9c01-84fcc4c04fea', '00c3d58b-3da5-4624-9282-ea69e7fc1d99', 'afd47537-1eac-411d-be48-07c7598935b4', 'H4', '2026-01-16T12:36:03.723492', '2026-01-16T12:36:03.723492');
INSERT INTO hall_seats (id, cinema_hall_id, seat_type_id, seat_code, created_at, updated_at) VALUES ('df590a0d-68fe-4b94-bc56-94eee140a574', '00c3d58b-3da5-4624-9282-ea69e7fc1d99', 'afd47537-1eac-411d-be48-07c7598935b4', 'H5', '2026-01-16T12:36:03.723492', '2026-01-16T12:36:03.723492');
INSERT INTO hall_seats (id, cinema_hall_id, seat_type_id, seat_code, created_at, updated_at) VALUES ('04cf3d17-544e-4866-8220-0ad4087f5947', '00c3d58b-3da5-4624-9282-ea69e7fc1d99', 'afd47537-1eac-411d-be48-07c7598935b4', 'H6', '2026-01-16T12:36:03.723492', '2026-01-16T12:36:03.723492');
INSERT INTO hall_seats (id, cinema_hall_id, seat_type_id, seat_code, created_at, updated_at) VALUES ('57c989ab-1d97-443b-92aa-d575bf65d542', '00c3d58b-3da5-4624-9282-ea69e7fc1d99', 'afd47537-1eac-411d-be48-07c7598935b4', 'H7', '2026-01-16T12:36:03.723492', '2026-01-16T12:36:03.723492');
INSERT INTO hall_seats (id, cinema_hall_id, seat_type_id, seat_code, created_at, updated_at) VALUES ('820482ab-0d15-4736-94aa-0e404711ca24', '00c3d58b-3da5-4624-9282-ea69e7fc1d99', 'afd47537-1eac-411d-be48-07c7598935b4', 'H8', '2026-01-16T12:36:03.723492', '2026-01-16T12:36:03.723492');
INSERT INTO hall_seats (id, cinema_hall_id, seat_type_id, seat_code, created_at, updated_at) VALUES ('4436d0e7-6f56-4031-9bae-603033b7fb22', '00c3d58b-3da5-4624-9282-ea69e7fc1d99', 'd76d7cb0-33eb-4ac3-8eea-f2ae6150cabd', 'I1', '2026-01-16T12:36:03.723590', '2026-01-16T12:36:03.723590');
INSERT INTO hall_seats (id, cinema_hall_id, seat_type_id, seat_code, created_at, updated_at) VALUES ('15a9922b-2405-4746-af01-9bd21c5a68f2', '00c3d58b-3da5-4624-9282-ea69e7fc1d99', 'd76d7cb0-33eb-4ac3-8eea-f2ae6150cabd', 'I2', '2026-01-16T12:36:03.723590', '2026-01-16T12:36:03.723590');
INSERT INTO hall_seats (id, cinema_hall_id, seat_type_id, seat_code, created_at, updated_at) VALUES ('9a9aa797-5698-463a-a824-e136d14bf08e', '00c3d58b-3da5-4624-9282-ea69e7fc1d99', 'd76d7cb0-33eb-4ac3-8eea-f2ae6150cabd', 'I3', '2026-01-16T12:36:03.723590', '2026-01-16T12:36:03.723590');
INSERT INTO hall_seats (id, cinema_hall_id, seat_type_id, seat_code, created_at, updated_at) VALUES ('82f17760-9186-45e3-8b50-fface3d68c6c', '00c3d58b-3da5-4624-9282-ea69e7fc1d99', 'd76d7cb0-33eb-4ac3-8eea-f2ae6150cabd', 'I4', '2026-01-16T12:36:03.723590', '2026-01-16T12:36:03.723590');
INSERT INTO hall_seats (id, cinema_hall_id, seat_type_id, seat_code, created_at, updated_at) VALUES ('48129023-332e-4834-a5a8-8f6a69dcaf7e', 'a08d2ff1-cecc-401b-b457-97e4be978d28', '17d8738c-78c6-439d-811b-7b49eb5a57b0', 'A1', '2026-01-16T12:36:03.723648', '2026-01-16T12:36:03.723648');
INSERT INTO hall_seats (id, cinema_hall_id, seat_type_id, seat_code, created_at, updated_at) VALUES ('ab2bcef3-dc5b-4430-8b5d-97f51dcef880', 'a08d2ff1-cecc-401b-b457-97e4be978d28', '17d8738c-78c6-439d-811b-7b49eb5a57b0', 'A2', '2026-01-16T12:36:03.723648', '2026-01-16T12:36:03.723648');
INSERT INTO hall_seats (id, cinema_hall_id, seat_type_id, seat_code, created_at, updated_at) VALUES ('8371fa6a-a685-4ca2-9a34-b5be0daef104', 'a08d2ff1-cecc-401b-b457-97e4be978d28', '17d8738c-78c6-439d-811b-7b49eb5a57b0', 'A3', '2026-01-16T12:36:03.723648', '2026-01-16T12:36:03.723648');
INSERT INTO hall_seats (id, cinema_hall_id, seat_type_id, seat_code, created_at, updated_at) VALUES ('5041bc42-337f-42b8-9d6d-69c2823b1eaa', 'a08d2ff1-cecc-401b-b457-97e4be978d28', '17d8738c-78c6-439d-811b-7b49eb5a57b0', 'A4', '2026-01-16T12:36:03.723648', '2026-01-16T12:36:03.723648');
INSERT INTO hall_seats (id, cinema_hall_id, seat_type_id, seat_code, created_at, updated_at) VALUES ('87e3c524-5ffa-44c1-a554-d677500ad143', 'a08d2ff1-cecc-401b-b457-97e4be978d28', '17d8738c-78c6-439d-811b-7b49eb5a57b0', 'A5', '2026-01-16T12:36:03.723648', '2026-01-16T12:36:03.723648');
INSERT INTO hall_seats (id, cinema_hall_id, seat_type_id, seat_code, created_at, updated_at) VALUES ('5b89725a-18a6-4f4a-bde9-af8f83dc1e0f', 'a08d2ff1-cecc-401b-b457-97e4be978d28', '17d8738c-78c6-439d-811b-7b49eb5a57b0', 'A6', '2026-01-16T12:36:03.723648', '2026-01-16T12:36:03.723648');
INSERT INTO hall_seats (id, cinema_hall_id, seat_type_id, seat_code, created_at, updated_at) VALUES ('625815e4-957c-431c-82b6-6aa00515c006', 'a08d2ff1-cecc-401b-b457-97e4be978d28', '17d8738c-78c6-439d-811b-7b49eb5a57b0', 'A7', '2026-01-16T12:36:03.723648', '2026-01-16T12:36:03.723648');
INSERT INTO hall_seats (id, cinema_hall_id, seat_type_id, seat_code, created_at, updated_at) VALUES ('30b94271-083c-4bd1-9020-1950f7dc2098', 'a08d2ff1-cecc-401b-b457-97e4be978d28', '17d8738c-78c6-439d-811b-7b49eb5a57b0', 'A8', '2026-01-16T12:36:03.723648', '2026-01-16T12:36:03.723648');
INSERT INTO hall_seats (id, cinema_hall_id, seat_type_id, seat_code, created_at, updated_at) VALUES ('6b0a69c0-e0dc-4ba9-970f-45e29600e06d', 'a08d2ff1-cecc-401b-b457-97e4be978d28', '17d8738c-78c6-439d-811b-7b49eb5a57b0', 'B1', '2026-01-16T12:36:03.723749', '2026-01-16T12:36:03.723749');
INSERT INTO hall_seats (id, cinema_hall_id, seat_type_id, seat_code, created_at, updated_at) VALUES ('b98c70af-2fa9-4656-b585-8312bc1cb8af', 'a08d2ff1-cecc-401b-b457-97e4be978d28', '17d8738c-78c6-439d-811b-7b49eb5a57b0', 'B2', '2026-01-16T12:36:03.723749', '2026-01-16T12:36:03.723749');
INSERT INTO hall_seats (id, cinema_hall_id, seat_type_id, seat_code, created_at, updated_at) VALUES ('2fe1d5cc-a381-405f-98ca-2eee6b68019b', 'a08d2ff1-cecc-401b-b457-97e4be978d28', '17d8738c-78c6-439d-811b-7b49eb5a57b0', 'B3', '2026-01-16T12:36:03.723749', '2026-01-16T12:36:03.723749');
INSERT INTO hall_seats (id, cinema_hall_id, seat_type_id, seat_code, created_at, updated_at) VALUES ('ffa7bba9-b5ef-499a-bd9b-6b2f954fdf2c', 'a08d2ff1-cecc-401b-b457-97e4be978d28', '17d8738c-78c6-439d-811b-7b49eb5a57b0', 'B4', '2026-01-16T12:36:03.723749', '2026-01-16T12:36:03.723749');
INSERT INTO hall_seats (id, cinema_hall_id, seat_type_id, seat_code, created_at, updated_at) VALUES ('8269049f-58fe-4b6c-bcee-44f8f672f811', 'a08d2ff1-cecc-401b-b457-97e4be978d28', '17d8738c-78c6-439d-811b-7b49eb5a57b0', 'B5', '2026-01-16T12:36:03.723749', '2026-01-16T12:36:03.723749');
INSERT INTO hall_seats (id, cinema_hall_id, seat_type_id, seat_code, created_at, updated_at) VALUES ('f17655e5-c1c4-488e-82e7-25fcf0a6e88a', 'a08d2ff1-cecc-401b-b457-97e4be978d28', '17d8738c-78c6-439d-811b-7b49eb5a57b0', 'B6', '2026-01-16T12:36:03.723749', '2026-01-16T12:36:03.723749');
INSERT INTO hall_seats (id, cinema_hall_id, seat_type_id, seat_code, created_at, updated_at) VALUES ('3a9ef0e4-dd0c-446c-b70b-de0b9579ccff', 'a08d2ff1-cecc-401b-b457-97e4be978d28', '17d8738c-78c6-439d-811b-7b49eb5a57b0', 'B7', '2026-01-16T12:36:03.723749', '2026-01-16T12:36:03.723749');
INSERT INTO hall_seats (id, cinema_hall_id, seat_type_id, seat_code, created_at, updated_at) VALUES ('2e01d4f6-e6c3-41dd-a951-89a62e2c99d5', 'a08d2ff1-cecc-401b-b457-97e4be978d28', '17d8738c-78c6-439d-811b-7b49eb5a57b0', 'B8', '2026-01-16T12:36:03.723749', '2026-01-16T12:36:03.723749');
INSERT INTO hall_seats (id, cinema_hall_id, seat_type_id, seat_code, created_at, updated_at) VALUES ('a70ec1e4-eb2d-4dc3-b80e-ec7c7432e32d', 'a08d2ff1-cecc-401b-b457-97e4be978d28', '17d8738c-78c6-439d-811b-7b49eb5a57b0', 'C1', '2026-01-16T12:36:03.723840', '2026-01-16T12:36:03.723840');
INSERT INTO hall_seats (id, cinema_hall_id, seat_type_id, seat_code, created_at, updated_at) VALUES ('63ad75d4-1e5b-45a0-a8e7-3c1f9bdc03d1', 'a08d2ff1-cecc-401b-b457-97e4be978d28', '17d8738c-78c6-439d-811b-7b49eb5a57b0', 'C2', '2026-01-16T12:36:03.723840', '2026-01-16T12:36:03.723840');
INSERT INTO hall_seats (id, cinema_hall_id, seat_type_id, seat_code, created_at, updated_at) VALUES ('fbd54d1b-a665-4102-bb71-69d49b93bfa5', 'a08d2ff1-cecc-401b-b457-97e4be978d28', '17d8738c-78c6-439d-811b-7b49eb5a57b0', 'C3', '2026-01-16T12:36:03.723840', '2026-01-16T12:36:03.723840');
INSERT INTO hall_seats (id, cinema_hall_id, seat_type_id, seat_code, created_at, updated_at) VALUES ('1c23778f-53a7-4af3-ba79-127e182c3db2', 'a08d2ff1-cecc-401b-b457-97e4be978d28', '17d8738c-78c6-439d-811b-7b49eb5a57b0', 'C4', '2026-01-16T12:36:03.723840', '2026-01-16T12:36:03.723840');
INSERT INTO hall_seats (id, cinema_hall_id, seat_type_id, seat_code, created_at, updated_at) VALUES ('bf3d6986-3eb5-4653-9bac-eadf062bb822', 'a08d2ff1-cecc-401b-b457-97e4be978d28', '17d8738c-78c6-439d-811b-7b49eb5a57b0', 'C5', '2026-01-16T12:36:03.723840', '2026-01-16T12:36:03.723840');
INSERT INTO hall_seats (id, cinema_hall_id, seat_type_id, seat_code, created_at, updated_at) VALUES ('03eac826-a0c9-48dc-b0f8-facf3906bf32', 'a08d2ff1-cecc-401b-b457-97e4be978d28', '17d8738c-78c6-439d-811b-7b49eb5a57b0', 'C6', '2026-01-16T12:36:03.723840', '2026-01-16T12:36:03.723840');
INSERT INTO hall_seats (id, cinema_hall_id, seat_type_id, seat_code, created_at, updated_at) VALUES ('3cbd5743-1247-4c54-a4bf-e197b2e4ed37', 'a08d2ff1-cecc-401b-b457-97e4be978d28', '17d8738c-78c6-439d-811b-7b49eb5a57b0', 'C7', '2026-01-16T12:36:03.723840', '2026-01-16T12:36:03.723840');
INSERT INTO hall_seats (id, cinema_hall_id, seat_type_id, seat_code, created_at, updated_at) VALUES ('2ad04683-6f86-47dd-8293-b0a56a26dc36', 'a08d2ff1-cecc-401b-b457-97e4be978d28', '17d8738c-78c6-439d-811b-7b49eb5a57b0', 'C8', '2026-01-16T12:36:03.723840', '2026-01-16T12:36:03.723840');
INSERT INTO hall_seats (id, cinema_hall_id, seat_type_id, seat_code, created_at, updated_at) VALUES ('907f807c-e8ef-4836-afb0-3f13b66de0ee', 'a08d2ff1-cecc-401b-b457-97e4be978d28', '17d8738c-78c6-439d-811b-7b49eb5a57b0', 'D1', '2026-01-16T12:36:03.723929', '2026-01-16T12:36:03.723929');
INSERT INTO hall_seats (id, cinema_hall_id, seat_type_id, seat_code, created_at, updated_at) VALUES ('8a30ff77-d96e-4be8-a810-6e3ac2f9504e', 'a08d2ff1-cecc-401b-b457-97e4be978d28', '17d8738c-78c6-439d-811b-7b49eb5a57b0', 'D2', '2026-01-16T12:36:03.723929', '2026-01-16T12:36:03.723929');
INSERT INTO hall_seats (id, cinema_hall_id, seat_type_id, seat_code, created_at, updated_at) VALUES ('33ffba4a-74c8-4882-84b4-3db44fe8b3e6', 'a08d2ff1-cecc-401b-b457-97e4be978d28', '17d8738c-78c6-439d-811b-7b49eb5a57b0', 'D3', '2026-01-16T12:36:03.723929', '2026-01-16T12:36:03.723929');
INSERT INTO hall_seats (id, cinema_hall_id, seat_type_id, seat_code, created_at, updated_at) VALUES ('eab0de6b-e87e-48e0-8987-9c0cc223d80f', 'a08d2ff1-cecc-401b-b457-97e4be978d28', '17d8738c-78c6-439d-811b-7b49eb5a57b0', 'D4', '2026-01-16T12:36:03.723929', '2026-01-16T12:36:03.723929');
INSERT INTO hall_seats (id, cinema_hall_id, seat_type_id, seat_code, created_at, updated_at) VALUES ('8703002a-e441-4e54-9c6a-0b0a4036dc2a', 'a08d2ff1-cecc-401b-b457-97e4be978d28', '17d8738c-78c6-439d-811b-7b49eb5a57b0', 'D5', '2026-01-16T12:36:03.723929', '2026-01-16T12:36:03.723929');
INSERT INTO hall_seats (id, cinema_hall_id, seat_type_id, seat_code, created_at, updated_at) VALUES ('e4663c8a-bebc-4bb9-a93d-20e5dc8f25c3', 'a08d2ff1-cecc-401b-b457-97e4be978d28', '17d8738c-78c6-439d-811b-7b49eb5a57b0', 'D6', '2026-01-16T12:36:03.723929', '2026-01-16T12:36:03.723929');
INSERT INTO hall_seats (id, cinema_hall_id, seat_type_id, seat_code, created_at, updated_at) VALUES ('bd56ba97-e3b1-45d8-9e45-141f5aa8f47a', 'a08d2ff1-cecc-401b-b457-97e4be978d28', '17d8738c-78c6-439d-811b-7b49eb5a57b0', 'D7', '2026-01-16T12:36:03.723929', '2026-01-16T12:36:03.723929');
INSERT INTO hall_seats (id, cinema_hall_id, seat_type_id, seat_code, created_at, updated_at) VALUES ('bb70d689-b7f5-4ac3-9efd-263c34bf59cd', 'a08d2ff1-cecc-401b-b457-97e4be978d28', '17d8738c-78c6-439d-811b-7b49eb5a57b0', 'D8', '2026-01-16T12:36:03.723929', '2026-01-16T12:36:03.723929');
INSERT INTO hall_seats (id, cinema_hall_id, seat_type_id, seat_code, created_at, updated_at) VALUES ('f4598468-106a-4413-9ea2-f4152b2bc1e6', 'a08d2ff1-cecc-401b-b457-97e4be978d28', '17d8738c-78c6-439d-811b-7b49eb5a57b0', 'E1', '2026-01-16T12:36:03.724024', '2026-01-16T12:36:03.724024');
INSERT INTO hall_seats (id, cinema_hall_id, seat_type_id, seat_code, created_at, updated_at) VALUES ('a73ed914-a095-491b-b4a8-9d6f7aac7160', 'a08d2ff1-cecc-401b-b457-97e4be978d28', '17d8738c-78c6-439d-811b-7b49eb5a57b0', 'E2', '2026-01-16T12:36:03.724024', '2026-01-16T12:36:03.724024');
INSERT INTO hall_seats (id, cinema_hall_id, seat_type_id, seat_code, created_at, updated_at) VALUES ('06c4e67e-4e62-4258-8b1b-05ea83e9f267', 'a08d2ff1-cecc-401b-b457-97e4be978d28', '17d8738c-78c6-439d-811b-7b49eb5a57b0', 'E3', '2026-01-16T12:36:03.724024', '2026-01-16T12:36:03.724024');
INSERT INTO hall_seats (id, cinema_hall_id, seat_type_id, seat_code, created_at, updated_at) VALUES ('b1968f51-612d-48c6-afb8-9f0971b6fd13', 'a08d2ff1-cecc-401b-b457-97e4be978d28', '17d8738c-78c6-439d-811b-7b49eb5a57b0', 'E4', '2026-01-16T12:36:03.724024', '2026-01-16T12:36:03.724024');
INSERT INTO hall_seats (id, cinema_hall_id, seat_type_id, seat_code, created_at, updated_at) VALUES ('2058ff6a-cd70-4ec8-932a-886a9349c10c', 'a08d2ff1-cecc-401b-b457-97e4be978d28', '17d8738c-78c6-439d-811b-7b49eb5a57b0', 'E5', '2026-01-16T12:36:03.724024', '2026-01-16T12:36:03.724024');
INSERT INTO hall_seats (id, cinema_hall_id, seat_type_id, seat_code, created_at, updated_at) VALUES ('7430a4ce-b12c-4a18-bfb1-3cb60fb0fdf3', 'a08d2ff1-cecc-401b-b457-97e4be978d28', '17d8738c-78c6-439d-811b-7b49eb5a57b0', 'E6', '2026-01-16T12:36:03.724024', '2026-01-16T12:36:03.724024');
INSERT INTO hall_seats (id, cinema_hall_id, seat_type_id, seat_code, created_at, updated_at) VALUES ('8a9c725a-98c7-4a9d-828a-1e2a6c74d745', 'a08d2ff1-cecc-401b-b457-97e4be978d28', '17d8738c-78c6-439d-811b-7b49eb5a57b0', 'E7', '2026-01-16T12:36:03.724024', '2026-01-16T12:36:03.724024');
INSERT INTO hall_seats (id, cinema_hall_id, seat_type_id, seat_code, created_at, updated_at) VALUES ('a43a67aa-c5a4-4989-8f7f-f5dd2a74f2f9', 'a08d2ff1-cecc-401b-b457-97e4be978d28', '17d8738c-78c6-439d-811b-7b49eb5a57b0', 'E8', '2026-01-16T12:36:03.724024', '2026-01-16T12:36:03.724024');
INSERT INTO hall_seats (id, cinema_hall_id, seat_type_id, seat_code, created_at, updated_at) VALUES ('4f16ae7e-9e5f-448a-981a-815d0fa2eb9c', 'a08d2ff1-cecc-401b-b457-97e4be978d28', '17d8738c-78c6-439d-811b-7b49eb5a57b0', 'F1', '2026-01-16T12:36:03.724120', '2026-01-16T12:36:03.724120');
INSERT INTO hall_seats (id, cinema_hall_id, seat_type_id, seat_code, created_at, updated_at) VALUES ('77205155-7569-41d2-8621-3938f475bf21', 'a08d2ff1-cecc-401b-b457-97e4be978d28', '17d8738c-78c6-439d-811b-7b49eb5a57b0', 'F2', '2026-01-16T12:36:03.724120', '2026-01-16T12:36:03.724120');
INSERT INTO hall_seats (id, cinema_hall_id, seat_type_id, seat_code, created_at, updated_at) VALUES ('0ce3e7e1-78ce-4636-a736-f52c09c71f03', 'a08d2ff1-cecc-401b-b457-97e4be978d28', '17d8738c-78c6-439d-811b-7b49eb5a57b0', 'F3', '2026-01-16T12:36:03.724120', '2026-01-16T12:36:03.724120');
INSERT INTO hall_seats (id, cinema_hall_id, seat_type_id, seat_code, created_at, updated_at) VALUES ('24ef2fe9-21bc-4ded-9576-292e12be4de2', 'a08d2ff1-cecc-401b-b457-97e4be978d28', '17d8738c-78c6-439d-811b-7b49eb5a57b0', 'F4', '2026-01-16T12:36:03.724120', '2026-01-16T12:36:03.724120');
INSERT INTO hall_seats (id, cinema_hall_id, seat_type_id, seat_code, created_at, updated_at) VALUES ('5a56f353-128d-4f5b-badf-07d842a233a6', 'a08d2ff1-cecc-401b-b457-97e4be978d28', '17d8738c-78c6-439d-811b-7b49eb5a57b0', 'F5', '2026-01-16T12:36:03.724120', '2026-01-16T12:36:03.724120');
INSERT INTO hall_seats (id, cinema_hall_id, seat_type_id, seat_code, created_at, updated_at) VALUES ('f0f36447-7b90-4683-8993-17031f961cf7', 'a08d2ff1-cecc-401b-b457-97e4be978d28', '17d8738c-78c6-439d-811b-7b49eb5a57b0', 'F6', '2026-01-16T12:36:03.724120', '2026-01-16T12:36:03.724120');
INSERT INTO hall_seats (id, cinema_hall_id, seat_type_id, seat_code, created_at, updated_at) VALUES ('a7e1f94a-d10d-4667-af25-23fc918c61d4', 'a08d2ff1-cecc-401b-b457-97e4be978d28', '17d8738c-78c6-439d-811b-7b49eb5a57b0', 'F7', '2026-01-16T12:36:03.724120', '2026-01-16T12:36:03.724120');
INSERT INTO hall_seats (id, cinema_hall_id, seat_type_id, seat_code, created_at, updated_at) VALUES ('04873c5e-b35a-4b10-82a8-ef44e5012366', 'a08d2ff1-cecc-401b-b457-97e4be978d28', '17d8738c-78c6-439d-811b-7b49eb5a57b0', 'F8', '2026-01-16T12:36:03.724120', '2026-01-16T12:36:03.724120');
INSERT INTO hall_seats (id, cinema_hall_id, seat_type_id, seat_code, created_at, updated_at) VALUES ('99b97203-4748-4bb2-a35c-55ac24cd914c', 'a08d2ff1-cecc-401b-b457-97e4be978d28', 'afd47537-1eac-411d-be48-07c7598935b4', 'G1', '2026-01-16T12:36:03.724207', '2026-01-16T12:36:03.724207');
INSERT INTO hall_seats (id, cinema_hall_id, seat_type_id, seat_code, created_at, updated_at) VALUES ('68e06eff-bc0e-4ca2-820c-b7232f5c9623', 'a08d2ff1-cecc-401b-b457-97e4be978d28', 'afd47537-1eac-411d-be48-07c7598935b4', 'G2', '2026-01-16T12:36:03.724207', '2026-01-16T12:36:03.724207');
INSERT INTO hall_seats (id, cinema_hall_id, seat_type_id, seat_code, created_at, updated_at) VALUES ('06a241f7-1907-4e72-9c90-263b5ce6d2bd', 'a08d2ff1-cecc-401b-b457-97e4be978d28', 'afd47537-1eac-411d-be48-07c7598935b4', 'G3', '2026-01-16T12:36:03.724207', '2026-01-16T12:36:03.724207');
INSERT INTO hall_seats (id, cinema_hall_id, seat_type_id, seat_code, created_at, updated_at) VALUES ('552aabf1-2695-4838-8cfb-13205069af03', 'a08d2ff1-cecc-401b-b457-97e4be978d28', 'afd47537-1eac-411d-be48-07c7598935b4', 'G4', '2026-01-16T12:36:03.724207', '2026-01-16T12:36:03.724207');
INSERT INTO hall_seats (id, cinema_hall_id, seat_type_id, seat_code, created_at, updated_at) VALUES ('8665b8d1-1658-48b1-ba00-8dd00d89f870', 'a08d2ff1-cecc-401b-b457-97e4be978d28', 'afd47537-1eac-411d-be48-07c7598935b4', 'G5', '2026-01-16T12:36:03.724207', '2026-01-16T12:36:03.724207');
INSERT INTO hall_seats (id, cinema_hall_id, seat_type_id, seat_code, created_at, updated_at) VALUES ('221a6cd8-049b-48b7-b5b1-bfccacd4a6d3', 'a08d2ff1-cecc-401b-b457-97e4be978d28', 'afd47537-1eac-411d-be48-07c7598935b4', 'G6', '2026-01-16T12:36:03.724207', '2026-01-16T12:36:03.724207');
INSERT INTO hall_seats (id, cinema_hall_id, seat_type_id, seat_code, created_at, updated_at) VALUES ('4175c944-3211-4ec6-b5f5-2f253768a1dd', 'a08d2ff1-cecc-401b-b457-97e4be978d28', 'afd47537-1eac-411d-be48-07c7598935b4', 'G7', '2026-01-16T12:36:03.724207', '2026-01-16T12:36:03.724207');
INSERT INTO hall_seats (id, cinema_hall_id, seat_type_id, seat_code, created_at, updated_at) VALUES ('e52b991b-e6ee-4758-92ea-22f8777b36b4', 'a08d2ff1-cecc-401b-b457-97e4be978d28', 'afd47537-1eac-411d-be48-07c7598935b4', 'G8', '2026-01-16T12:36:03.724207', '2026-01-16T12:36:03.724207');
INSERT INTO hall_seats (id, cinema_hall_id, seat_type_id, seat_code, created_at, updated_at) VALUES ('4013066f-f0cf-4632-9bc6-8f83f5236b5a', 'a08d2ff1-cecc-401b-b457-97e4be978d28', 'afd47537-1eac-411d-be48-07c7598935b4', 'H1', '2026-01-16T12:36:03.724306', '2026-01-16T12:36:03.724306');
INSERT INTO hall_seats (id, cinema_hall_id, seat_type_id, seat_code, created_at, updated_at) VALUES ('871592cb-e115-4ece-bab1-31ec736b16ce', 'a08d2ff1-cecc-401b-b457-97e4be978d28', 'afd47537-1eac-411d-be48-07c7598935b4', 'H2', '2026-01-16T12:36:03.724306', '2026-01-16T12:36:03.724306');
INSERT INTO hall_seats (id, cinema_hall_id, seat_type_id, seat_code, created_at, updated_at) VALUES ('123f3678-e75f-4707-9228-de2114c901bc', 'a08d2ff1-cecc-401b-b457-97e4be978d28', 'afd47537-1eac-411d-be48-07c7598935b4', 'H3', '2026-01-16T12:36:03.724306', '2026-01-16T12:36:03.724306');
INSERT INTO hall_seats (id, cinema_hall_id, seat_type_id, seat_code, created_at, updated_at) VALUES ('3c1d441d-ddee-4fdf-86f2-fde3efb211c0', 'a08d2ff1-cecc-401b-b457-97e4be978d28', 'afd47537-1eac-411d-be48-07c7598935b4', 'H4', '2026-01-16T12:36:03.724306', '2026-01-16T12:36:03.724306');
INSERT INTO hall_seats (id, cinema_hall_id, seat_type_id, seat_code, created_at, updated_at) VALUES ('876a23cc-1bb2-478a-9336-60f0dc2d9026', 'a08d2ff1-cecc-401b-b457-97e4be978d28', 'afd47537-1eac-411d-be48-07c7598935b4', 'H5', '2026-01-16T12:36:03.724306', '2026-01-16T12:36:03.724306');
INSERT INTO hall_seats (id, cinema_hall_id, seat_type_id, seat_code, created_at, updated_at) VALUES ('8a15ae07-34c0-4fbf-a0ce-285505925686', 'a08d2ff1-cecc-401b-b457-97e4be978d28', 'afd47537-1eac-411d-be48-07c7598935b4', 'H6', '2026-01-16T12:36:03.724306', '2026-01-16T12:36:03.724306');
INSERT INTO hall_seats (id, cinema_hall_id, seat_type_id, seat_code, created_at, updated_at) VALUES ('8437ccf2-b83a-4977-902b-e051d753d1ac', 'a08d2ff1-cecc-401b-b457-97e4be978d28', 'afd47537-1eac-411d-be48-07c7598935b4', 'H7', '2026-01-16T12:36:03.724306', '2026-01-16T12:36:03.724306');
INSERT INTO hall_seats (id, cinema_hall_id, seat_type_id, seat_code, created_at, updated_at) VALUES ('84848c7f-6287-44b6-9526-19a2098b3e2d', 'a08d2ff1-cecc-401b-b457-97e4be978d28', 'afd47537-1eac-411d-be48-07c7598935b4', 'H8', '2026-01-16T12:36:03.724306', '2026-01-16T12:36:03.724306');
INSERT INTO hall_seats (id, cinema_hall_id, seat_type_id, seat_code, created_at, updated_at) VALUES ('629a9caf-aecd-4ed2-87c5-c34898d8e95e', 'a08d2ff1-cecc-401b-b457-97e4be978d28', 'd76d7cb0-33eb-4ac3-8eea-f2ae6150cabd', 'I1', '2026-01-16T12:36:03.724402', '2026-01-16T12:36:03.724402');
INSERT INTO hall_seats (id, cinema_hall_id, seat_type_id, seat_code, created_at, updated_at) VALUES ('ea207740-ed3d-4b3a-88d6-43795a2a1e3f', 'a08d2ff1-cecc-401b-b457-97e4be978d28', 'd76d7cb0-33eb-4ac3-8eea-f2ae6150cabd', 'I2', '2026-01-16T12:36:03.724402', '2026-01-16T12:36:03.724402');
INSERT INTO hall_seats (id, cinema_hall_id, seat_type_id, seat_code, created_at, updated_at) VALUES ('e01b8db8-f865-4bbb-b21f-8100f9f58d1b', 'a08d2ff1-cecc-401b-b457-97e4be978d28', 'd76d7cb0-33eb-4ac3-8eea-f2ae6150cabd', 'I3', '2026-01-16T12:36:03.724402', '2026-01-16T12:36:03.724402');
INSERT INTO hall_seats (id, cinema_hall_id, seat_type_id, seat_code, created_at, updated_at) VALUES ('5c5cf59b-a54e-4c8a-af9f-1c4f3f639440', 'a08d2ff1-cecc-401b-b457-97e4be978d28', 'd76d7cb0-33eb-4ac3-8eea-f2ae6150cabd', 'I4', '2026-01-16T12:36:03.724402', '2026-01-16T12:36:03.724402');
INSERT INTO hall_seats (id, cinema_hall_id, seat_type_id, seat_code, created_at, updated_at) VALUES ('d5f193b1-557c-44ef-a476-ef9837b94ea3', '37bef505-4764-486b-863c-2e07e5735ad6', '17d8738c-78c6-439d-811b-7b49eb5a57b0', 'A1', '2026-01-16T12:36:03.724455', '2026-01-16T12:36:03.724455');
INSERT INTO hall_seats (id, cinema_hall_id, seat_type_id, seat_code, created_at, updated_at) VALUES ('b21f991b-9bcb-4df7-9334-977136585670', '37bef505-4764-486b-863c-2e07e5735ad6', '17d8738c-78c6-439d-811b-7b49eb5a57b0', 'A2', '2026-01-16T12:36:03.724455', '2026-01-16T12:36:03.724455');
INSERT INTO hall_seats (id, cinema_hall_id, seat_type_id, seat_code, created_at, updated_at) VALUES ('22c5d7a6-bf9a-4d3d-82e1-618fad8a9ce7', '37bef505-4764-486b-863c-2e07e5735ad6', '17d8738c-78c6-439d-811b-7b49eb5a57b0', 'A3', '2026-01-16T12:36:03.724455', '2026-01-16T12:36:03.724455');
INSERT INTO hall_seats (id, cinema_hall_id, seat_type_id, seat_code, created_at, updated_at) VALUES ('180ffcac-de50-443d-af4e-a4ae63351205', '37bef505-4764-486b-863c-2e07e5735ad6', '17d8738c-78c6-439d-811b-7b49eb5a57b0', 'A4', '2026-01-16T12:36:03.724455', '2026-01-16T12:36:03.724455');
INSERT INTO hall_seats (id, cinema_hall_id, seat_type_id, seat_code, created_at, updated_at) VALUES ('ab87caa9-212a-4ac6-84b3-2872f7c7739c', '37bef505-4764-486b-863c-2e07e5735ad6', '17d8738c-78c6-439d-811b-7b49eb5a57b0', 'A5', '2026-01-16T12:36:03.724455', '2026-01-16T12:36:03.724455');
INSERT INTO hall_seats (id, cinema_hall_id, seat_type_id, seat_code, created_at, updated_at) VALUES ('c28cbf74-ae70-4391-a5b6-0f3516e1f240', '37bef505-4764-486b-863c-2e07e5735ad6', '17d8738c-78c6-439d-811b-7b49eb5a57b0', 'A6', '2026-01-16T12:36:03.724455', '2026-01-16T12:36:03.724455');
INSERT INTO hall_seats (id, cinema_hall_id, seat_type_id, seat_code, created_at, updated_at) VALUES ('19c8922f-1b3f-4975-aca4-9c6a88f58a11', '37bef505-4764-486b-863c-2e07e5735ad6', '17d8738c-78c6-439d-811b-7b49eb5a57b0', 'A7', '2026-01-16T12:36:03.724455', '2026-01-16T12:36:03.724455');
INSERT INTO hall_seats (id, cinema_hall_id, seat_type_id, seat_code, created_at, updated_at) VALUES ('ba474a2a-cbf5-497e-a644-e2f3d16282dd', '37bef505-4764-486b-863c-2e07e5735ad6', '17d8738c-78c6-439d-811b-7b49eb5a57b0', 'A8', '2026-01-16T12:36:03.724455', '2026-01-16T12:36:03.724455');
INSERT INTO hall_seats (id, cinema_hall_id, seat_type_id, seat_code, created_at, updated_at) VALUES ('9c662160-77a7-40ca-a6e7-49a28a155a52', '37bef505-4764-486b-863c-2e07e5735ad6', '17d8738c-78c6-439d-811b-7b49eb5a57b0', 'B1', '2026-01-16T12:36:03.724555', '2026-01-16T12:36:03.724555');
INSERT INTO hall_seats (id, cinema_hall_id, seat_type_id, seat_code, created_at, updated_at) VALUES ('6f0e7456-8ad8-4f6c-99fd-bc5510c5b58f', '37bef505-4764-486b-863c-2e07e5735ad6', '17d8738c-78c6-439d-811b-7b49eb5a57b0', 'B2', '2026-01-16T12:36:03.724555', '2026-01-16T12:36:03.724555');
INSERT INTO hall_seats (id, cinema_hall_id, seat_type_id, seat_code, created_at, updated_at) VALUES ('c54e7f82-8233-4e85-8857-54f5896ae647', '37bef505-4764-486b-863c-2e07e5735ad6', '17d8738c-78c6-439d-811b-7b49eb5a57b0', 'B3', '2026-01-16T12:36:03.724555', '2026-01-16T12:36:03.724555');
INSERT INTO hall_seats (id, cinema_hall_id, seat_type_id, seat_code, created_at, updated_at) VALUES ('e4aaefee-6ec4-4f6f-99a4-10b607512475', '37bef505-4764-486b-863c-2e07e5735ad6', '17d8738c-78c6-439d-811b-7b49eb5a57b0', 'B4', '2026-01-16T12:36:03.724555', '2026-01-16T12:36:03.724555');
INSERT INTO hall_seats (id, cinema_hall_id, seat_type_id, seat_code, created_at, updated_at) VALUES ('09b05df1-b091-496d-ab81-9229900b132d', '37bef505-4764-486b-863c-2e07e5735ad6', '17d8738c-78c6-439d-811b-7b49eb5a57b0', 'B5', '2026-01-16T12:36:03.724555', '2026-01-16T12:36:03.724555');
INSERT INTO hall_seats (id, cinema_hall_id, seat_type_id, seat_code, created_at, updated_at) VALUES ('8f11d31e-0eb8-4639-bbb1-7da36bca4ed9', '37bef505-4764-486b-863c-2e07e5735ad6', '17d8738c-78c6-439d-811b-7b49eb5a57b0', 'B6', '2026-01-16T12:36:03.724555', '2026-01-16T12:36:03.724555');
INSERT INTO hall_seats (id, cinema_hall_id, seat_type_id, seat_code, created_at, updated_at) VALUES ('e7c2bb11-c562-46d9-9937-4503145e9221', '37bef505-4764-486b-863c-2e07e5735ad6', '17d8738c-78c6-439d-811b-7b49eb5a57b0', 'B7', '2026-01-16T12:36:03.724555', '2026-01-16T12:36:03.724555');
INSERT INTO hall_seats (id, cinema_hall_id, seat_type_id, seat_code, created_at, updated_at) VALUES ('a7b2bc92-8926-45dc-9380-b7439c4a00c3', '37bef505-4764-486b-863c-2e07e5735ad6', '17d8738c-78c6-439d-811b-7b49eb5a57b0', 'B8', '2026-01-16T12:36:03.724555', '2026-01-16T12:36:03.724555');
INSERT INTO hall_seats (id, cinema_hall_id, seat_type_id, seat_code, created_at, updated_at) VALUES ('962369e2-6d41-4367-9e20-215750e9d4f0', '37bef505-4764-486b-863c-2e07e5735ad6', '17d8738c-78c6-439d-811b-7b49eb5a57b0', 'C1', '2026-01-16T12:36:03.724647', '2026-01-16T12:36:03.724647');
INSERT INTO hall_seats (id, cinema_hall_id, seat_type_id, seat_code, created_at, updated_at) VALUES ('7f6463a9-8aa7-4df1-956e-dc068312cce2', '37bef505-4764-486b-863c-2e07e5735ad6', '17d8738c-78c6-439d-811b-7b49eb5a57b0', 'C2', '2026-01-16T12:36:03.724647', '2026-01-16T12:36:03.724647');
INSERT INTO hall_seats (id, cinema_hall_id, seat_type_id, seat_code, created_at, updated_at) VALUES ('bac4bd9e-0751-49d4-af06-251a65650cc2', '37bef505-4764-486b-863c-2e07e5735ad6', '17d8738c-78c6-439d-811b-7b49eb5a57b0', 'C3', '2026-01-16T12:36:03.724647', '2026-01-16T12:36:03.724647');
INSERT INTO hall_seats (id, cinema_hall_id, seat_type_id, seat_code, created_at, updated_at) VALUES ('a64dfc7e-ef71-4027-998b-0cf869dd9742', '37bef505-4764-486b-863c-2e07e5735ad6', '17d8738c-78c6-439d-811b-7b49eb5a57b0', 'C4', '2026-01-16T12:36:03.724647', '2026-01-16T12:36:03.724647');
INSERT INTO hall_seats (id, cinema_hall_id, seat_type_id, seat_code, created_at, updated_at) VALUES ('3c91ba92-f70e-4108-ba79-6dc3018bb1d0', '37bef505-4764-486b-863c-2e07e5735ad6', '17d8738c-78c6-439d-811b-7b49eb5a57b0', 'C5', '2026-01-16T12:36:03.724647', '2026-01-16T12:36:03.724647');
INSERT INTO hall_seats (id, cinema_hall_id, seat_type_id, seat_code, created_at, updated_at) VALUES ('259782fc-284c-4bb0-ac1b-bf51cdeaf2e1', '37bef505-4764-486b-863c-2e07e5735ad6', '17d8738c-78c6-439d-811b-7b49eb5a57b0', 'C6', '2026-01-16T12:36:03.724647', '2026-01-16T12:36:03.724647');
INSERT INTO hall_seats (id, cinema_hall_id, seat_type_id, seat_code, created_at, updated_at) VALUES ('e8eac603-318a-463d-8f72-32553c3c0656', '37bef505-4764-486b-863c-2e07e5735ad6', '17d8738c-78c6-439d-811b-7b49eb5a57b0', 'C7', '2026-01-16T12:36:03.724647', '2026-01-16T12:36:03.724647');
INSERT INTO hall_seats (id, cinema_hall_id, seat_type_id, seat_code, created_at, updated_at) VALUES ('d8ccb00c-d2ba-41b3-aeab-2f381cc7d889', '37bef505-4764-486b-863c-2e07e5735ad6', '17d8738c-78c6-439d-811b-7b49eb5a57b0', 'C8', '2026-01-16T12:36:03.724647', '2026-01-16T12:36:03.724647');
INSERT INTO hall_seats (id, cinema_hall_id, seat_type_id, seat_code, created_at, updated_at) VALUES ('f26bcf7c-5271-482e-86cb-109b28c25d64', '37bef505-4764-486b-863c-2e07e5735ad6', '17d8738c-78c6-439d-811b-7b49eb5a57b0', 'D1', '2026-01-16T12:36:03.724738', '2026-01-16T12:36:03.724738');
INSERT INTO hall_seats (id, cinema_hall_id, seat_type_id, seat_code, created_at, updated_at) VALUES ('89d9c4d6-0ae7-4f85-a5db-02a584e75db3', '37bef505-4764-486b-863c-2e07e5735ad6', '17d8738c-78c6-439d-811b-7b49eb5a57b0', 'D2', '2026-01-16T12:36:03.724738', '2026-01-16T12:36:03.724738');
INSERT INTO hall_seats (id, cinema_hall_id, seat_type_id, seat_code, created_at, updated_at) VALUES ('3f38e2a0-78c6-4818-87a2-b34c180633f5', '37bef505-4764-486b-863c-2e07e5735ad6', '17d8738c-78c6-439d-811b-7b49eb5a57b0', 'D3', '2026-01-16T12:36:03.724738', '2026-01-16T12:36:03.724738');
INSERT INTO hall_seats (id, cinema_hall_id, seat_type_id, seat_code, created_at, updated_at) VALUES ('fd93f64e-f249-4368-a038-7dce76e68061', '37bef505-4764-486b-863c-2e07e5735ad6', '17d8738c-78c6-439d-811b-7b49eb5a57b0', 'D4', '2026-01-16T12:36:03.724738', '2026-01-16T12:36:03.724738');
INSERT INTO hall_seats (id, cinema_hall_id, seat_type_id, seat_code, created_at, updated_at) VALUES ('72b62d91-481b-4bef-9542-f917d2a9e98f', '37bef505-4764-486b-863c-2e07e5735ad6', '17d8738c-78c6-439d-811b-7b49eb5a57b0', 'D5', '2026-01-16T12:36:03.724738', '2026-01-16T12:36:03.724738');
INSERT INTO hall_seats (id, cinema_hall_id, seat_type_id, seat_code, created_at, updated_at) VALUES ('bff5aadb-00be-4e94-8a4b-4e6ff2477be0', '37bef505-4764-486b-863c-2e07e5735ad6', '17d8738c-78c6-439d-811b-7b49eb5a57b0', 'D6', '2026-01-16T12:36:03.724738', '2026-01-16T12:36:03.724738');
INSERT INTO hall_seats (id, cinema_hall_id, seat_type_id, seat_code, created_at, updated_at) VALUES ('02ac5356-f3cc-4731-bbe6-539ed7162e38', '37bef505-4764-486b-863c-2e07e5735ad6', '17d8738c-78c6-439d-811b-7b49eb5a57b0', 'D7', '2026-01-16T12:36:03.724738', '2026-01-16T12:36:03.724738');
INSERT INTO hall_seats (id, cinema_hall_id, seat_type_id, seat_code, created_at, updated_at) VALUES ('e9ba2aad-3e1b-4816-9789-4dd53c97702a', '37bef505-4764-486b-863c-2e07e5735ad6', '17d8738c-78c6-439d-811b-7b49eb5a57b0', 'D8', '2026-01-16T12:36:03.724738', '2026-01-16T12:36:03.724738');
INSERT INTO hall_seats (id, cinema_hall_id, seat_type_id, seat_code, created_at, updated_at) VALUES ('beb19f5d-7ba8-4f5c-b1ef-e2e6406de61f', '37bef505-4764-486b-863c-2e07e5735ad6', '17d8738c-78c6-439d-811b-7b49eb5a57b0', 'E1', '2026-01-16T12:36:03.724833', '2026-01-16T12:36:03.724833');
INSERT INTO hall_seats (id, cinema_hall_id, seat_type_id, seat_code, created_at, updated_at) VALUES ('2b7235a0-c0a5-4c7e-b2fb-60288039e647', '37bef505-4764-486b-863c-2e07e5735ad6', '17d8738c-78c6-439d-811b-7b49eb5a57b0', 'E2', '2026-01-16T12:36:03.724833', '2026-01-16T12:36:03.724833');
INSERT INTO hall_seats (id, cinema_hall_id, seat_type_id, seat_code, created_at, updated_at) VALUES ('5b7ddd83-5ab7-4972-bfba-1f9de6bcc3c4', '37bef505-4764-486b-863c-2e07e5735ad6', '17d8738c-78c6-439d-811b-7b49eb5a57b0', 'E3', '2026-01-16T12:36:03.724833', '2026-01-16T12:36:03.724833');
INSERT INTO hall_seats (id, cinema_hall_id, seat_type_id, seat_code, created_at, updated_at) VALUES ('14030ea0-997e-4bc5-8f76-0513bb209d15', '37bef505-4764-486b-863c-2e07e5735ad6', '17d8738c-78c6-439d-811b-7b49eb5a57b0', 'E4', '2026-01-16T12:36:03.724833', '2026-01-16T12:36:03.724833');
INSERT INTO hall_seats (id, cinema_hall_id, seat_type_id, seat_code, created_at, updated_at) VALUES ('46c853ff-445e-4ef4-8f24-381b92af096f', '37bef505-4764-486b-863c-2e07e5735ad6', '17d8738c-78c6-439d-811b-7b49eb5a57b0', 'E5', '2026-01-16T12:36:03.724833', '2026-01-16T12:36:03.724833');
INSERT INTO hall_seats (id, cinema_hall_id, seat_type_id, seat_code, created_at, updated_at) VALUES ('88d5d336-a919-4bc7-8cee-082ca5378ec2', '37bef505-4764-486b-863c-2e07e5735ad6', '17d8738c-78c6-439d-811b-7b49eb5a57b0', 'E6', '2026-01-16T12:36:03.724833', '2026-01-16T12:36:03.724833');
INSERT INTO hall_seats (id, cinema_hall_id, seat_type_id, seat_code, created_at, updated_at) VALUES ('791fe2e2-5eaf-462a-b7d4-c8a3715cafab', '37bef505-4764-486b-863c-2e07e5735ad6', '17d8738c-78c6-439d-811b-7b49eb5a57b0', 'E7', '2026-01-16T12:36:03.724833', '2026-01-16T12:36:03.724833');
INSERT INTO hall_seats (id, cinema_hall_id, seat_type_id, seat_code, created_at, updated_at) VALUES ('1b53abaa-8856-45ae-8c38-a0b7b7e77ca3', '37bef505-4764-486b-863c-2e07e5735ad6', '17d8738c-78c6-439d-811b-7b49eb5a57b0', 'E8', '2026-01-16T12:36:03.724833', '2026-01-16T12:36:03.724833');
INSERT INTO hall_seats (id, cinema_hall_id, seat_type_id, seat_code, created_at, updated_at) VALUES ('5b9e9822-4be5-4d2d-8107-fffcfd5cb0d1', '37bef505-4764-486b-863c-2e07e5735ad6', '17d8738c-78c6-439d-811b-7b49eb5a57b0', 'F1', '2026-01-16T12:36:03.724924', '2026-01-16T12:36:03.724924');
INSERT INTO hall_seats (id, cinema_hall_id, seat_type_id, seat_code, created_at, updated_at) VALUES ('05013c7d-6e17-45c6-8134-b40a122937fa', '37bef505-4764-486b-863c-2e07e5735ad6', '17d8738c-78c6-439d-811b-7b49eb5a57b0', 'F2', '2026-01-16T12:36:03.724924', '2026-01-16T12:36:03.724924');
INSERT INTO hall_seats (id, cinema_hall_id, seat_type_id, seat_code, created_at, updated_at) VALUES ('f74dfee9-7bfe-4f19-8d92-45617b36999c', '37bef505-4764-486b-863c-2e07e5735ad6', '17d8738c-78c6-439d-811b-7b49eb5a57b0', 'F3', '2026-01-16T12:36:03.724924', '2026-01-16T12:36:03.724924');
INSERT INTO hall_seats (id, cinema_hall_id, seat_type_id, seat_code, created_at, updated_at) VALUES ('a3c9ac0b-1888-48b2-a021-eb0a54390b06', '37bef505-4764-486b-863c-2e07e5735ad6', '17d8738c-78c6-439d-811b-7b49eb5a57b0', 'F4', '2026-01-16T12:36:03.724924', '2026-01-16T12:36:03.724924');
INSERT INTO hall_seats (id, cinema_hall_id, seat_type_id, seat_code, created_at, updated_at) VALUES ('f430438b-e6a7-487b-92a9-843f0034ac45', '37bef505-4764-486b-863c-2e07e5735ad6', '17d8738c-78c6-439d-811b-7b49eb5a57b0', 'F5', '2026-01-16T12:36:03.724924', '2026-01-16T12:36:03.724924');
INSERT INTO hall_seats (id, cinema_hall_id, seat_type_id, seat_code, created_at, updated_at) VALUES ('366f5c7a-d41c-45e8-b7be-990c0525d9af', '37bef505-4764-486b-863c-2e07e5735ad6', '17d8738c-78c6-439d-811b-7b49eb5a57b0', 'F6', '2026-01-16T12:36:03.724924', '2026-01-16T12:36:03.724924');
INSERT INTO hall_seats (id, cinema_hall_id, seat_type_id, seat_code, created_at, updated_at) VALUES ('4a669b86-47fb-4c0c-a346-27e04bf2b0af', '37bef505-4764-486b-863c-2e07e5735ad6', '17d8738c-78c6-439d-811b-7b49eb5a57b0', 'F7', '2026-01-16T12:36:03.724924', '2026-01-16T12:36:03.724924');
INSERT INTO hall_seats (id, cinema_hall_id, seat_type_id, seat_code, created_at, updated_at) VALUES ('76041ba5-b78a-43bf-9d6e-d64e567f8f9d', '37bef505-4764-486b-863c-2e07e5735ad6', '17d8738c-78c6-439d-811b-7b49eb5a57b0', 'F8', '2026-01-16T12:36:03.724924', '2026-01-16T12:36:03.724924');
INSERT INTO hall_seats (id, cinema_hall_id, seat_type_id, seat_code, created_at, updated_at) VALUES ('a11f1070-30de-4e61-b2fe-d244440e54b0', '37bef505-4764-486b-863c-2e07e5735ad6', 'afd47537-1eac-411d-be48-07c7598935b4', 'G1', '2026-01-16T12:36:03.725021', '2026-01-16T12:36:03.725021');
INSERT INTO hall_seats (id, cinema_hall_id, seat_type_id, seat_code, created_at, updated_at) VALUES ('0a82c622-2ba3-468f-8704-4c2f1c93da32', '37bef505-4764-486b-863c-2e07e5735ad6', 'afd47537-1eac-411d-be48-07c7598935b4', 'G2', '2026-01-16T12:36:03.725021', '2026-01-16T12:36:03.725021');
INSERT INTO hall_seats (id, cinema_hall_id, seat_type_id, seat_code, created_at, updated_at) VALUES ('2e15b567-58d7-4962-ae42-e1126f5a51f8', '37bef505-4764-486b-863c-2e07e5735ad6', 'afd47537-1eac-411d-be48-07c7598935b4', 'G3', '2026-01-16T12:36:03.725021', '2026-01-16T12:36:03.725021');
INSERT INTO hall_seats (id, cinema_hall_id, seat_type_id, seat_code, created_at, updated_at) VALUES ('4f902cf4-cba3-44b9-ad07-a375d4665313', '37bef505-4764-486b-863c-2e07e5735ad6', 'afd47537-1eac-411d-be48-07c7598935b4', 'G4', '2026-01-16T12:36:03.725021', '2026-01-16T12:36:03.725021');
INSERT INTO hall_seats (id, cinema_hall_id, seat_type_id, seat_code, created_at, updated_at) VALUES ('0fcead9d-311d-40b8-bd5b-cafc97a60437', '37bef505-4764-486b-863c-2e07e5735ad6', 'afd47537-1eac-411d-be48-07c7598935b4', 'G5', '2026-01-16T12:36:03.725021', '2026-01-16T12:36:03.725021');
INSERT INTO hall_seats (id, cinema_hall_id, seat_type_id, seat_code, created_at, updated_at) VALUES ('9900c626-b8b3-48d8-a2b1-c360eabacc50', '37bef505-4764-486b-863c-2e07e5735ad6', 'afd47537-1eac-411d-be48-07c7598935b4', 'G6', '2026-01-16T12:36:03.725021', '2026-01-16T12:36:03.725021');
INSERT INTO hall_seats (id, cinema_hall_id, seat_type_id, seat_code, created_at, updated_at) VALUES ('711c9587-b747-4d33-8a42-8b18534dc00f', '37bef505-4764-486b-863c-2e07e5735ad6', 'afd47537-1eac-411d-be48-07c7598935b4', 'G7', '2026-01-16T12:36:03.725021', '2026-01-16T12:36:03.725021');
INSERT INTO hall_seats (id, cinema_hall_id, seat_type_id, seat_code, created_at, updated_at) VALUES ('4efdf469-af33-4d6d-843f-15ff43054150', '37bef505-4764-486b-863c-2e07e5735ad6', 'afd47537-1eac-411d-be48-07c7598935b4', 'G8', '2026-01-16T12:36:03.725021', '2026-01-16T12:36:03.725021');
INSERT INTO hall_seats (id, cinema_hall_id, seat_type_id, seat_code, created_at, updated_at) VALUES ('b3628aeb-f6f4-4e06-b7ff-7a26a4a6f735', '37bef505-4764-486b-863c-2e07e5735ad6', 'afd47537-1eac-411d-be48-07c7598935b4', 'H1', '2026-01-16T12:36:03.725113', '2026-01-16T12:36:03.725113');
INSERT INTO hall_seats (id, cinema_hall_id, seat_type_id, seat_code, created_at, updated_at) VALUES ('3cb35929-a116-40e5-b75e-71a5a688ad6a', '37bef505-4764-486b-863c-2e07e5735ad6', 'afd47537-1eac-411d-be48-07c7598935b4', 'H2', '2026-01-16T12:36:03.725113', '2026-01-16T12:36:03.725113');
INSERT INTO hall_seats (id, cinema_hall_id, seat_type_id, seat_code, created_at, updated_at) VALUES ('b5cbae20-b9d6-4692-8d73-fcf5165fa527', '37bef505-4764-486b-863c-2e07e5735ad6', 'afd47537-1eac-411d-be48-07c7598935b4', 'H3', '2026-01-16T12:36:03.725113', '2026-01-16T12:36:03.725113');
INSERT INTO hall_seats (id, cinema_hall_id, seat_type_id, seat_code, created_at, updated_at) VALUES ('302c7444-197b-4def-849b-0f96978280a3', '37bef505-4764-486b-863c-2e07e5735ad6', 'afd47537-1eac-411d-be48-07c7598935b4', 'H4', '2026-01-16T12:36:03.725113', '2026-01-16T12:36:03.725113');
INSERT INTO hall_seats (id, cinema_hall_id, seat_type_id, seat_code, created_at, updated_at) VALUES ('754464a6-b9ce-48b2-bda8-ad3b337ad476', '37bef505-4764-486b-863c-2e07e5735ad6', 'afd47537-1eac-411d-be48-07c7598935b4', 'H5', '2026-01-16T12:36:03.725113', '2026-01-16T12:36:03.725113');
INSERT INTO hall_seats (id, cinema_hall_id, seat_type_id, seat_code, created_at, updated_at) VALUES ('cf61f828-1745-474d-aa69-fc3d22850ba0', '37bef505-4764-486b-863c-2e07e5735ad6', 'afd47537-1eac-411d-be48-07c7598935b4', 'H6', '2026-01-16T12:36:03.725113', '2026-01-16T12:36:03.725113');
INSERT INTO hall_seats (id, cinema_hall_id, seat_type_id, seat_code, created_at, updated_at) VALUES ('cefb3c80-4956-47c2-b4fa-ac178626860d', '37bef505-4764-486b-863c-2e07e5735ad6', 'afd47537-1eac-411d-be48-07c7598935b4', 'H7', '2026-01-16T12:36:03.725113', '2026-01-16T12:36:03.725113');
INSERT INTO hall_seats (id, cinema_hall_id, seat_type_id, seat_code, created_at, updated_at) VALUES ('1075da07-1a8e-4eaf-a0a3-ed01ce60459a', '37bef505-4764-486b-863c-2e07e5735ad6', 'afd47537-1eac-411d-be48-07c7598935b4', 'H8', '2026-01-16T12:36:03.725113', '2026-01-16T12:36:03.725113');
INSERT INTO hall_seats (id, cinema_hall_id, seat_type_id, seat_code, created_at, updated_at) VALUES ('31323cac-da3e-467d-9843-ddb63e651be5', '37bef505-4764-486b-863c-2e07e5735ad6', 'd76d7cb0-33eb-4ac3-8eea-f2ae6150cabd', 'I1', '2026-01-16T12:36:03.725207', '2026-01-16T12:36:03.725207');
INSERT INTO hall_seats (id, cinema_hall_id, seat_type_id, seat_code, created_at, updated_at) VALUES ('93e74970-16a1-4a40-b5ed-7aaf9df0322f', '37bef505-4764-486b-863c-2e07e5735ad6', 'd76d7cb0-33eb-4ac3-8eea-f2ae6150cabd', 'I2', '2026-01-16T12:36:03.725207', '2026-01-16T12:36:03.725207');
INSERT INTO hall_seats (id, cinema_hall_id, seat_type_id, seat_code, created_at, updated_at) VALUES ('20e85ba2-a6ca-43db-9f4f-23b2c4b24c37', '37bef505-4764-486b-863c-2e07e5735ad6', 'd76d7cb0-33eb-4ac3-8eea-f2ae6150cabd', 'I3', '2026-01-16T12:36:03.725207', '2026-01-16T12:36:03.725207');
INSERT INTO hall_seats (id, cinema_hall_id, seat_type_id, seat_code, created_at, updated_at) VALUES ('8579565e-5531-4ba7-9f4b-17131d7bc671', '37bef505-4764-486b-863c-2e07e5735ad6', 'd76d7cb0-33eb-4ac3-8eea-f2ae6150cabd', 'I4', '2026-01-16T12:36:03.725207', '2026-01-16T12:36:03.725207');
INSERT INTO hall_seats (id, cinema_hall_id, seat_type_id, seat_code, created_at, updated_at) VALUES ('c3842ed3-61f0-4de6-ade2-e4c7ef115f1c', 'e23c9391-1da5-4d00-b51b-59da746d6438', '17d8738c-78c6-439d-811b-7b49eb5a57b0', 'A1', '2026-01-16T12:36:03.725257', '2026-01-16T12:36:03.725257');
INSERT INTO hall_seats (id, cinema_hall_id, seat_type_id, seat_code, created_at, updated_at) VALUES ('929f2973-0c66-4712-8b3a-936307a49b7b', 'e23c9391-1da5-4d00-b51b-59da746d6438', '17d8738c-78c6-439d-811b-7b49eb5a57b0', 'A2', '2026-01-16T12:36:03.725257', '2026-01-16T12:36:03.725257');
INSERT INTO hall_seats (id, cinema_hall_id, seat_type_id, seat_code, created_at, updated_at) VALUES ('d9946047-b05f-411d-b965-7f4a6e0708de', 'e23c9391-1da5-4d00-b51b-59da746d6438', '17d8738c-78c6-439d-811b-7b49eb5a57b0', 'A3', '2026-01-16T12:36:03.725257', '2026-01-16T12:36:03.725257');
INSERT INTO hall_seats (id, cinema_hall_id, seat_type_id, seat_code, created_at, updated_at) VALUES ('83eb925d-1d34-4e04-accd-c036f764fbab', 'e23c9391-1da5-4d00-b51b-59da746d6438', '17d8738c-78c6-439d-811b-7b49eb5a57b0', 'A4', '2026-01-16T12:36:03.725257', '2026-01-16T12:36:03.725257');
INSERT INTO hall_seats (id, cinema_hall_id, seat_type_id, seat_code, created_at, updated_at) VALUES ('aee1846b-bb2e-401a-9f4a-bf8f4adba5c6', 'e23c9391-1da5-4d00-b51b-59da746d6438', '17d8738c-78c6-439d-811b-7b49eb5a57b0', 'A5', '2026-01-16T12:36:03.725257', '2026-01-16T12:36:03.725257');
INSERT INTO hall_seats (id, cinema_hall_id, seat_type_id, seat_code, created_at, updated_at) VALUES ('8b738d5b-b8a0-4c24-b9de-bbe42a80dcbd', 'e23c9391-1da5-4d00-b51b-59da746d6438', '17d8738c-78c6-439d-811b-7b49eb5a57b0', 'A6', '2026-01-16T12:36:03.725257', '2026-01-16T12:36:03.725257');
INSERT INTO hall_seats (id, cinema_hall_id, seat_type_id, seat_code, created_at, updated_at) VALUES ('fdffee03-1db6-4c86-b0d8-02e7c41c5dfe', 'e23c9391-1da5-4d00-b51b-59da746d6438', '17d8738c-78c6-439d-811b-7b49eb5a57b0', 'A7', '2026-01-16T12:36:03.725257', '2026-01-16T12:36:03.725257');
INSERT INTO hall_seats (id, cinema_hall_id, seat_type_id, seat_code, created_at, updated_at) VALUES ('ad7b75e2-0954-45e2-99c8-edc5e1d786b6', 'e23c9391-1da5-4d00-b51b-59da746d6438', '17d8738c-78c6-439d-811b-7b49eb5a57b0', 'A8', '2026-01-16T12:36:03.725257', '2026-01-16T12:36:03.725257');
INSERT INTO hall_seats (id, cinema_hall_id, seat_type_id, seat_code, created_at, updated_at) VALUES ('a32c100d-49ae-47a0-b220-3a1ba1672525', 'e23c9391-1da5-4d00-b51b-59da746d6438', '17d8738c-78c6-439d-811b-7b49eb5a57b0', 'B1', '2026-01-16T12:36:03.725346', '2026-01-16T12:36:03.725346');
INSERT INTO hall_seats (id, cinema_hall_id, seat_type_id, seat_code, created_at, updated_at) VALUES ('a7a642a6-0c7a-432a-bd5d-e3f51e161a67', 'e23c9391-1da5-4d00-b51b-59da746d6438', '17d8738c-78c6-439d-811b-7b49eb5a57b0', 'B2', '2026-01-16T12:36:03.725346', '2026-01-16T12:36:03.725346');
INSERT INTO hall_seats (id, cinema_hall_id, seat_type_id, seat_code, created_at, updated_at) VALUES ('77a9db73-e6fd-4496-ae07-cc2a14612c29', 'e23c9391-1da5-4d00-b51b-59da746d6438', '17d8738c-78c6-439d-811b-7b49eb5a57b0', 'B3', '2026-01-16T12:36:03.725346', '2026-01-16T12:36:03.725346');
INSERT INTO hall_seats (id, cinema_hall_id, seat_type_id, seat_code, created_at, updated_at) VALUES ('17781455-6c09-4d58-ab2d-acc60a8ae629', 'e23c9391-1da5-4d00-b51b-59da746d6438', '17d8738c-78c6-439d-811b-7b49eb5a57b0', 'B4', '2026-01-16T12:36:03.725346', '2026-01-16T12:36:03.725346');
INSERT INTO hall_seats (id, cinema_hall_id, seat_type_id, seat_code, created_at, updated_at) VALUES ('ccf92202-92a6-4c6a-a1cb-52edd6c811ca', 'e23c9391-1da5-4d00-b51b-59da746d6438', '17d8738c-78c6-439d-811b-7b49eb5a57b0', 'B5', '2026-01-16T12:36:03.725346', '2026-01-16T12:36:03.725346');
INSERT INTO hall_seats (id, cinema_hall_id, seat_type_id, seat_code, created_at, updated_at) VALUES ('4066cd34-0226-4fa2-b63e-30d4c6609545', 'e23c9391-1da5-4d00-b51b-59da746d6438', '17d8738c-78c6-439d-811b-7b49eb5a57b0', 'B6', '2026-01-16T12:36:03.725346', '2026-01-16T12:36:03.725346');
INSERT INTO hall_seats (id, cinema_hall_id, seat_type_id, seat_code, created_at, updated_at) VALUES ('e69e3c4d-83ec-49d1-82a1-4580431cb7d2', 'e23c9391-1da5-4d00-b51b-59da746d6438', '17d8738c-78c6-439d-811b-7b49eb5a57b0', 'B7', '2026-01-16T12:36:03.725346', '2026-01-16T12:36:03.725346');
INSERT INTO hall_seats (id, cinema_hall_id, seat_type_id, seat_code, created_at, updated_at) VALUES ('02eb0979-3399-4abb-a851-22d061df97af', 'e23c9391-1da5-4d00-b51b-59da746d6438', '17d8738c-78c6-439d-811b-7b49eb5a57b0', 'B8', '2026-01-16T12:36:03.725346', '2026-01-16T12:36:03.725346');
INSERT INTO hall_seats (id, cinema_hall_id, seat_type_id, seat_code, created_at, updated_at) VALUES ('d109d937-43c7-40c6-92ad-9c4f90ba8e46', 'e23c9391-1da5-4d00-b51b-59da746d6438', '17d8738c-78c6-439d-811b-7b49eb5a57b0', 'C1', '2026-01-16T12:36:03.725437', '2026-01-16T12:36:03.725437');
INSERT INTO hall_seats (id, cinema_hall_id, seat_type_id, seat_code, created_at, updated_at) VALUES ('ce12ddb6-c45f-458f-bc67-0bb67f06af35', 'e23c9391-1da5-4d00-b51b-59da746d6438', '17d8738c-78c6-439d-811b-7b49eb5a57b0', 'C2', '2026-01-16T12:36:03.725437', '2026-01-16T12:36:03.725437');
INSERT INTO hall_seats (id, cinema_hall_id, seat_type_id, seat_code, created_at, updated_at) VALUES ('8f59cc78-a194-4e41-954e-97517e1af731', 'e23c9391-1da5-4d00-b51b-59da746d6438', '17d8738c-78c6-439d-811b-7b49eb5a57b0', 'C3', '2026-01-16T12:36:03.725437', '2026-01-16T12:36:03.725437');
INSERT INTO hall_seats (id, cinema_hall_id, seat_type_id, seat_code, created_at, updated_at) VALUES ('e5a52f12-13f9-4f14-b5b4-5b2472143735', 'e23c9391-1da5-4d00-b51b-59da746d6438', '17d8738c-78c6-439d-811b-7b49eb5a57b0', 'C4', '2026-01-16T12:36:03.725437', '2026-01-16T12:36:03.725437');
INSERT INTO hall_seats (id, cinema_hall_id, seat_type_id, seat_code, created_at, updated_at) VALUES ('3f751076-4053-47ba-9c0d-26f49dea2fad', 'e23c9391-1da5-4d00-b51b-59da746d6438', '17d8738c-78c6-439d-811b-7b49eb5a57b0', 'C5', '2026-01-16T12:36:03.725437', '2026-01-16T12:36:03.725437');
INSERT INTO hall_seats (id, cinema_hall_id, seat_type_id, seat_code, created_at, updated_at) VALUES ('b9e51c83-3d2d-4442-b033-b5e35def8aab', 'e23c9391-1da5-4d00-b51b-59da746d6438', '17d8738c-78c6-439d-811b-7b49eb5a57b0', 'C6', '2026-01-16T12:36:03.725437', '2026-01-16T12:36:03.725437');
INSERT INTO hall_seats (id, cinema_hall_id, seat_type_id, seat_code, created_at, updated_at) VALUES ('e1f8f9d9-daf9-4d11-ba24-2183e4181609', 'e23c9391-1da5-4d00-b51b-59da746d6438', '17d8738c-78c6-439d-811b-7b49eb5a57b0', 'C7', '2026-01-16T12:36:03.725437', '2026-01-16T12:36:03.725437');
INSERT INTO hall_seats (id, cinema_hall_id, seat_type_id, seat_code, created_at, updated_at) VALUES ('c71266ac-23cb-4777-8c39-85e7e316f41c', 'e23c9391-1da5-4d00-b51b-59da746d6438', '17d8738c-78c6-439d-811b-7b49eb5a57b0', 'C8', '2026-01-16T12:36:03.725437', '2026-01-16T12:36:03.725437');
INSERT INTO hall_seats (id, cinema_hall_id, seat_type_id, seat_code, created_at, updated_at) VALUES ('0993d518-ff7f-463c-981f-d94c3a8cf953', 'e23c9391-1da5-4d00-b51b-59da746d6438', '17d8738c-78c6-439d-811b-7b49eb5a57b0', 'D1', '2026-01-16T12:36:03.725532', '2026-01-16T12:36:03.725532');
INSERT INTO hall_seats (id, cinema_hall_id, seat_type_id, seat_code, created_at, updated_at) VALUES ('679ee823-9ba4-45be-bb40-3946287644f4', 'e23c9391-1da5-4d00-b51b-59da746d6438', '17d8738c-78c6-439d-811b-7b49eb5a57b0', 'D2', '2026-01-16T12:36:03.725532', '2026-01-16T12:36:03.725532');
INSERT INTO hall_seats (id, cinema_hall_id, seat_type_id, seat_code, created_at, updated_at) VALUES ('2e8318c3-64dc-4243-9c76-989b07202579', 'e23c9391-1da5-4d00-b51b-59da746d6438', '17d8738c-78c6-439d-811b-7b49eb5a57b0', 'D3', '2026-01-16T12:36:03.725532', '2026-01-16T12:36:03.725532');
INSERT INTO hall_seats (id, cinema_hall_id, seat_type_id, seat_code, created_at, updated_at) VALUES ('3d5b6b7d-c7db-4432-a5a0-76a0a6cd7925', 'e23c9391-1da5-4d00-b51b-59da746d6438', '17d8738c-78c6-439d-811b-7b49eb5a57b0', 'D4', '2026-01-16T12:36:03.725532', '2026-01-16T12:36:03.725532');
INSERT INTO hall_seats (id, cinema_hall_id, seat_type_id, seat_code, created_at, updated_at) VALUES ('5bfd5455-8b0c-4eea-8dc3-68bf46bc2ae2', 'e23c9391-1da5-4d00-b51b-59da746d6438', '17d8738c-78c6-439d-811b-7b49eb5a57b0', 'D5', '2026-01-16T12:36:03.725532', '2026-01-16T12:36:03.725532');
INSERT INTO hall_seats (id, cinema_hall_id, seat_type_id, seat_code, created_at, updated_at) VALUES ('4072bf19-b882-46dc-b188-90ef5d5f431e', 'e23c9391-1da5-4d00-b51b-59da746d6438', '17d8738c-78c6-439d-811b-7b49eb5a57b0', 'D6', '2026-01-16T12:36:03.725532', '2026-01-16T12:36:03.725532');
INSERT INTO hall_seats (id, cinema_hall_id, seat_type_id, seat_code, created_at, updated_at) VALUES ('353384e5-cb4a-4124-b6e9-8b4bdf4c9019', 'e23c9391-1da5-4d00-b51b-59da746d6438', '17d8738c-78c6-439d-811b-7b49eb5a57b0', 'D7', '2026-01-16T12:36:03.725532', '2026-01-16T12:36:03.725532');
INSERT INTO hall_seats (id, cinema_hall_id, seat_type_id, seat_code, created_at, updated_at) VALUES ('c9444ff9-bf5a-42f8-9dc0-eec3c15feda4', 'e23c9391-1da5-4d00-b51b-59da746d6438', '17d8738c-78c6-439d-811b-7b49eb5a57b0', 'D8', '2026-01-16T12:36:03.725532', '2026-01-16T12:36:03.725532');
INSERT INTO hall_seats (id, cinema_hall_id, seat_type_id, seat_code, created_at, updated_at) VALUES ('3fa5e56f-874e-437a-94c7-afc48ebce800', 'e23c9391-1da5-4d00-b51b-59da746d6438', '17d8738c-78c6-439d-811b-7b49eb5a57b0', 'E1', '2026-01-16T12:36:03.725630', '2026-01-16T12:36:03.725630');
INSERT INTO hall_seats (id, cinema_hall_id, seat_type_id, seat_code, created_at, updated_at) VALUES ('42417300-01ca-4fb9-b1f5-41aa72064f3a', 'e23c9391-1da5-4d00-b51b-59da746d6438', '17d8738c-78c6-439d-811b-7b49eb5a57b0', 'E2', '2026-01-16T12:36:03.725630', '2026-01-16T12:36:03.725630');
INSERT INTO hall_seats (id, cinema_hall_id, seat_type_id, seat_code, created_at, updated_at) VALUES ('17fd420e-e21c-4ac8-ac7e-bfa5a83b7e30', 'e23c9391-1da5-4d00-b51b-59da746d6438', '17d8738c-78c6-439d-811b-7b49eb5a57b0', 'E3', '2026-01-16T12:36:03.725630', '2026-01-16T12:36:03.725630');
INSERT INTO hall_seats (id, cinema_hall_id, seat_type_id, seat_code, created_at, updated_at) VALUES ('c97e8225-b42f-473b-81ec-43435cb5eaea', 'e23c9391-1da5-4d00-b51b-59da746d6438', '17d8738c-78c6-439d-811b-7b49eb5a57b0', 'E4', '2026-01-16T12:36:03.725630', '2026-01-16T12:36:03.725630');
INSERT INTO hall_seats (id, cinema_hall_id, seat_type_id, seat_code, created_at, updated_at) VALUES ('ccfb0455-838e-49b1-b75b-1fe11612eac0', 'e23c9391-1da5-4d00-b51b-59da746d6438', '17d8738c-78c6-439d-811b-7b49eb5a57b0', 'E5', '2026-01-16T12:36:03.725630', '2026-01-16T12:36:03.725630');
INSERT INTO hall_seats (id, cinema_hall_id, seat_type_id, seat_code, created_at, updated_at) VALUES ('4fa70f06-ea18-4f48-860e-234fd05a851a', 'e23c9391-1da5-4d00-b51b-59da746d6438', '17d8738c-78c6-439d-811b-7b49eb5a57b0', 'E6', '2026-01-16T12:36:03.725630', '2026-01-16T12:36:03.725630');
INSERT INTO hall_seats (id, cinema_hall_id, seat_type_id, seat_code, created_at, updated_at) VALUES ('a9d22ea4-7c7d-44cf-b091-3960445bba22', 'e23c9391-1da5-4d00-b51b-59da746d6438', '17d8738c-78c6-439d-811b-7b49eb5a57b0', 'E7', '2026-01-16T12:36:03.725630', '2026-01-16T12:36:03.725630');
INSERT INTO hall_seats (id, cinema_hall_id, seat_type_id, seat_code, created_at, updated_at) VALUES ('4a4b08c5-5b10-46da-9270-65a3bba178c1', 'e23c9391-1da5-4d00-b51b-59da746d6438', '17d8738c-78c6-439d-811b-7b49eb5a57b0', 'E8', '2026-01-16T12:36:03.725630', '2026-01-16T12:36:03.725630');
INSERT INTO hall_seats (id, cinema_hall_id, seat_type_id, seat_code, created_at, updated_at) VALUES ('861eb950-5f44-4f1a-b50f-896d59bf548c', 'e23c9391-1da5-4d00-b51b-59da746d6438', '17d8738c-78c6-439d-811b-7b49eb5a57b0', 'F1', '2026-01-16T12:36:03.725721', '2026-01-16T12:36:03.725721');
INSERT INTO hall_seats (id, cinema_hall_id, seat_type_id, seat_code, created_at, updated_at) VALUES ('ad41780a-3bb5-48f2-966f-9e0810205b8b', 'e23c9391-1da5-4d00-b51b-59da746d6438', '17d8738c-78c6-439d-811b-7b49eb5a57b0', 'F2', '2026-01-16T12:36:03.725721', '2026-01-16T12:36:03.725721');
INSERT INTO hall_seats (id, cinema_hall_id, seat_type_id, seat_code, created_at, updated_at) VALUES ('c5207dd3-350c-426c-b16e-2f05ff9b6fa6', 'e23c9391-1da5-4d00-b51b-59da746d6438', '17d8738c-78c6-439d-811b-7b49eb5a57b0', 'F3', '2026-01-16T12:36:03.725721', '2026-01-16T12:36:03.725721');
INSERT INTO hall_seats (id, cinema_hall_id, seat_type_id, seat_code, created_at, updated_at) VALUES ('00831335-d6cc-41b2-9215-7093a962156a', 'e23c9391-1da5-4d00-b51b-59da746d6438', '17d8738c-78c6-439d-811b-7b49eb5a57b0', 'F4', '2026-01-16T12:36:03.725721', '2026-01-16T12:36:03.725721');
INSERT INTO hall_seats (id, cinema_hall_id, seat_type_id, seat_code, created_at, updated_at) VALUES ('d333e6fa-9ea9-4279-aa41-780a9e7df0ea', 'e23c9391-1da5-4d00-b51b-59da746d6438', '17d8738c-78c6-439d-811b-7b49eb5a57b0', 'F5', '2026-01-16T12:36:03.725721', '2026-01-16T12:36:03.725721');
INSERT INTO hall_seats (id, cinema_hall_id, seat_type_id, seat_code, created_at, updated_at) VALUES ('afc0d359-2d26-43df-9bf6-5d6cf7bb8dec', 'e23c9391-1da5-4d00-b51b-59da746d6438', '17d8738c-78c6-439d-811b-7b49eb5a57b0', 'F6', '2026-01-16T12:36:03.725721', '2026-01-16T12:36:03.725721');
INSERT INTO hall_seats (id, cinema_hall_id, seat_type_id, seat_code, created_at, updated_at) VALUES ('a6fa3e9a-4597-4928-8440-03dba2c6fc0e', 'e23c9391-1da5-4d00-b51b-59da746d6438', '17d8738c-78c6-439d-811b-7b49eb5a57b0', 'F7', '2026-01-16T12:36:03.725721', '2026-01-16T12:36:03.725721');
INSERT INTO hall_seats (id, cinema_hall_id, seat_type_id, seat_code, created_at, updated_at) VALUES ('c9b1606b-32c2-4980-b5c9-1bd22e2d0470', 'e23c9391-1da5-4d00-b51b-59da746d6438', '17d8738c-78c6-439d-811b-7b49eb5a57b0', 'F8', '2026-01-16T12:36:03.725721', '2026-01-16T12:36:03.725721');
INSERT INTO hall_seats (id, cinema_hall_id, seat_type_id, seat_code, created_at, updated_at) VALUES ('2e1f6a23-f2df-4519-9bf8-bf772f4284fe', 'e23c9391-1da5-4d00-b51b-59da746d6438', 'afd47537-1eac-411d-be48-07c7598935b4', 'G1', '2026-01-16T12:36:03.725813', '2026-01-16T12:36:03.725813');
INSERT INTO hall_seats (id, cinema_hall_id, seat_type_id, seat_code, created_at, updated_at) VALUES ('6c3276c5-3fdc-48ed-bd0d-052d2d573b32', 'e23c9391-1da5-4d00-b51b-59da746d6438', 'afd47537-1eac-411d-be48-07c7598935b4', 'G2', '2026-01-16T12:36:03.725813', '2026-01-16T12:36:03.725813');
INSERT INTO hall_seats (id, cinema_hall_id, seat_type_id, seat_code, created_at, updated_at) VALUES ('6a4b5398-7baf-47c7-ac5d-5512fdbf8373', 'e23c9391-1da5-4d00-b51b-59da746d6438', 'afd47537-1eac-411d-be48-07c7598935b4', 'G3', '2026-01-16T12:36:03.725813', '2026-01-16T12:36:03.725813');
INSERT INTO hall_seats (id, cinema_hall_id, seat_type_id, seat_code, created_at, updated_at) VALUES ('c3383855-6f05-4c91-8fc6-063807049cdd', 'e23c9391-1da5-4d00-b51b-59da746d6438', 'afd47537-1eac-411d-be48-07c7598935b4', 'G4', '2026-01-16T12:36:03.725813', '2026-01-16T12:36:03.725813');
INSERT INTO hall_seats (id, cinema_hall_id, seat_type_id, seat_code, created_at, updated_at) VALUES ('aee695fe-8f08-417d-be56-7bc67f02c5dc', 'e23c9391-1da5-4d00-b51b-59da746d6438', 'afd47537-1eac-411d-be48-07c7598935b4', 'G5', '2026-01-16T12:36:03.725813', '2026-01-16T12:36:03.725813');
INSERT INTO hall_seats (id, cinema_hall_id, seat_type_id, seat_code, created_at, updated_at) VALUES ('1d7b61e5-f74c-450a-80f6-59874325cbac', 'e23c9391-1da5-4d00-b51b-59da746d6438', 'afd47537-1eac-411d-be48-07c7598935b4', 'G6', '2026-01-16T12:36:03.725813', '2026-01-16T12:36:03.725813');
INSERT INTO hall_seats (id, cinema_hall_id, seat_type_id, seat_code, created_at, updated_at) VALUES ('92194975-6b9a-4c52-b78a-6e5bd67fa44a', 'e23c9391-1da5-4d00-b51b-59da746d6438', 'afd47537-1eac-411d-be48-07c7598935b4', 'G7', '2026-01-16T12:36:03.725813', '2026-01-16T12:36:03.725813');
INSERT INTO hall_seats (id, cinema_hall_id, seat_type_id, seat_code, created_at, updated_at) VALUES ('a3033469-1d62-4a6e-8f62-5e67bd31fbc6', 'e23c9391-1da5-4d00-b51b-59da746d6438', 'afd47537-1eac-411d-be48-07c7598935b4', 'G8', '2026-01-16T12:36:03.725813', '2026-01-16T12:36:03.725813');
INSERT INTO hall_seats (id, cinema_hall_id, seat_type_id, seat_code, created_at, updated_at) VALUES ('6f719191-bd9a-4567-b656-91f090eb61d1', 'e23c9391-1da5-4d00-b51b-59da746d6438', 'afd47537-1eac-411d-be48-07c7598935b4', 'H1', '2026-01-16T12:36:03.725907', '2026-01-16T12:36:03.725907');
INSERT INTO hall_seats (id, cinema_hall_id, seat_type_id, seat_code, created_at, updated_at) VALUES ('64f4a8d3-a92c-4a16-9718-a04c65989c04', 'e23c9391-1da5-4d00-b51b-59da746d6438', 'afd47537-1eac-411d-be48-07c7598935b4', 'H2', '2026-01-16T12:36:03.725907', '2026-01-16T12:36:03.725907');
INSERT INTO hall_seats (id, cinema_hall_id, seat_type_id, seat_code, created_at, updated_at) VALUES ('c8c5bcb7-98fc-4929-8c9a-838a61a72b78', 'e23c9391-1da5-4d00-b51b-59da746d6438', 'afd47537-1eac-411d-be48-07c7598935b4', 'H3', '2026-01-16T12:36:03.725907', '2026-01-16T12:36:03.725907');
INSERT INTO hall_seats (id, cinema_hall_id, seat_type_id, seat_code, created_at, updated_at) VALUES ('2096b1fb-60e7-4a5e-ad90-45537459b269', 'e23c9391-1da5-4d00-b51b-59da746d6438', 'afd47537-1eac-411d-be48-07c7598935b4', 'H4', '2026-01-16T12:36:03.725907', '2026-01-16T12:36:03.725907');
INSERT INTO hall_seats (id, cinema_hall_id, seat_type_id, seat_code, created_at, updated_at) VALUES ('f54a7c51-65f3-4591-93af-e7316212245d', 'e23c9391-1da5-4d00-b51b-59da746d6438', 'afd47537-1eac-411d-be48-07c7598935b4', 'H5', '2026-01-16T12:36:03.725907', '2026-01-16T12:36:03.725907');
INSERT INTO hall_seats (id, cinema_hall_id, seat_type_id, seat_code, created_at, updated_at) VALUES ('b9c50353-28dc-40b9-abe9-6bc239871338', 'e23c9391-1da5-4d00-b51b-59da746d6438', 'afd47537-1eac-411d-be48-07c7598935b4', 'H6', '2026-01-16T12:36:03.725907', '2026-01-16T12:36:03.725907');
INSERT INTO hall_seats (id, cinema_hall_id, seat_type_id, seat_code, created_at, updated_at) VALUES ('b239068a-a703-49be-8e81-9a71c6b706c3', 'e23c9391-1da5-4d00-b51b-59da746d6438', 'afd47537-1eac-411d-be48-07c7598935b4', 'H7', '2026-01-16T12:36:03.725907', '2026-01-16T12:36:03.725907');
INSERT INTO hall_seats (id, cinema_hall_id, seat_type_id, seat_code, created_at, updated_at) VALUES ('ee2b2dad-ffef-4450-a7e5-2f3504920c48', 'e23c9391-1da5-4d00-b51b-59da746d6438', 'afd47537-1eac-411d-be48-07c7598935b4', 'H8', '2026-01-16T12:36:03.725907', '2026-01-16T12:36:03.725907');
INSERT INTO hall_seats (id, cinema_hall_id, seat_type_id, seat_code, created_at, updated_at) VALUES ('11641d91-1460-46e1-afd5-a96f203e4b31', 'e23c9391-1da5-4d00-b51b-59da746d6438', 'd76d7cb0-33eb-4ac3-8eea-f2ae6150cabd', 'I1', '2026-01-16T12:36:03.726005', '2026-01-16T12:36:03.726005');
INSERT INTO hall_seats (id, cinema_hall_id, seat_type_id, seat_code, created_at, updated_at) VALUES ('ba275ffc-020c-47f9-b501-9b4382d7223e', 'e23c9391-1da5-4d00-b51b-59da746d6438', 'd76d7cb0-33eb-4ac3-8eea-f2ae6150cabd', 'I2', '2026-01-16T12:36:03.726005', '2026-01-16T12:36:03.726005');
INSERT INTO hall_seats (id, cinema_hall_id, seat_type_id, seat_code, created_at, updated_at) VALUES ('491c7bcd-d78d-4ced-94a5-6a069c8692da', 'e23c9391-1da5-4d00-b51b-59da746d6438', 'd76d7cb0-33eb-4ac3-8eea-f2ae6150cabd', 'I3', '2026-01-16T12:36:03.726005', '2026-01-16T12:36:03.726005');
INSERT INTO hall_seats (id, cinema_hall_id, seat_type_id, seat_code, created_at, updated_at) VALUES ('3c3acfc2-9996-469c-af67-20e2bf341d77', 'e23c9391-1da5-4d00-b51b-59da746d6438', 'd76d7cb0-33eb-4ac3-8eea-f2ae6150cabd', 'I4', '2026-01-16T12:36:03.726005', '2026-01-16T12:36:03.726005');
INSERT INTO hall_seats (id, cinema_hall_id, seat_type_id, seat_code, created_at, updated_at) VALUES ('1388a699-73b2-4172-a528-249cfa7121ec', '4d85d72c-3252-4ef1-a349-a2e94f785dca', '17d8738c-78c6-439d-811b-7b49eb5a57b0', 'A1', '2026-01-16T12:36:03.726054', '2026-01-16T12:36:03.726054');
INSERT INTO hall_seats (id, cinema_hall_id, seat_type_id, seat_code, created_at, updated_at) VALUES ('77ebdd47-c912-4dcd-8571-d5aa4b7627a0', '4d85d72c-3252-4ef1-a349-a2e94f785dca', '17d8738c-78c6-439d-811b-7b49eb5a57b0', 'A2', '2026-01-16T12:36:03.726054', '2026-01-16T12:36:03.726054');
INSERT INTO hall_seats (id, cinema_hall_id, seat_type_id, seat_code, created_at, updated_at) VALUES ('b57753a7-3408-456f-9fca-242a6c5d26a9', '4d85d72c-3252-4ef1-a349-a2e94f785dca', '17d8738c-78c6-439d-811b-7b49eb5a57b0', 'A3', '2026-01-16T12:36:03.726054', '2026-01-16T12:36:03.726054');
INSERT INTO hall_seats (id, cinema_hall_id, seat_type_id, seat_code, created_at, updated_at) VALUES ('1ea4b590-0b61-4cc2-b068-d8adb3e89c3e', '4d85d72c-3252-4ef1-a349-a2e94f785dca', '17d8738c-78c6-439d-811b-7b49eb5a57b0', 'A4', '2026-01-16T12:36:03.726054', '2026-01-16T12:36:03.726054');
INSERT INTO hall_seats (id, cinema_hall_id, seat_type_id, seat_code, created_at, updated_at) VALUES ('4d2cdd67-5c1d-4d2d-a07d-b94f54553a7a', '4d85d72c-3252-4ef1-a349-a2e94f785dca', '17d8738c-78c6-439d-811b-7b49eb5a57b0', 'A5', '2026-01-16T12:36:03.726054', '2026-01-16T12:36:03.726054');
INSERT INTO hall_seats (id, cinema_hall_id, seat_type_id, seat_code, created_at, updated_at) VALUES ('d24faf96-73ce-4329-9a29-ab31b60f8764', '4d85d72c-3252-4ef1-a349-a2e94f785dca', '17d8738c-78c6-439d-811b-7b49eb5a57b0', 'A6', '2026-01-16T12:36:03.726054', '2026-01-16T12:36:03.726054');
INSERT INTO hall_seats (id, cinema_hall_id, seat_type_id, seat_code, created_at, updated_at) VALUES ('93ccd760-2407-4a15-804f-969f0a6caf4c', '4d85d72c-3252-4ef1-a349-a2e94f785dca', '17d8738c-78c6-439d-811b-7b49eb5a57b0', 'A7', '2026-01-16T12:36:03.726054', '2026-01-16T12:36:03.726054');
INSERT INTO hall_seats (id, cinema_hall_id, seat_type_id, seat_code, created_at, updated_at) VALUES ('9827ca1f-2e91-4280-8902-007dc2abb347', '4d85d72c-3252-4ef1-a349-a2e94f785dca', '17d8738c-78c6-439d-811b-7b49eb5a57b0', 'A8', '2026-01-16T12:36:03.726054', '2026-01-16T12:36:03.726054');
INSERT INTO hall_seats (id, cinema_hall_id, seat_type_id, seat_code, created_at, updated_at) VALUES ('ad2cbe03-377e-4b53-92b4-2c55f677ca14', '4d85d72c-3252-4ef1-a349-a2e94f785dca', '17d8738c-78c6-439d-811b-7b49eb5a57b0', 'B1', '2026-01-16T12:36:03.726148', '2026-01-16T12:36:03.726148');
INSERT INTO hall_seats (id, cinema_hall_id, seat_type_id, seat_code, created_at, updated_at) VALUES ('26680b8f-f0ff-46a9-b102-9e0ae5d7c995', '4d85d72c-3252-4ef1-a349-a2e94f785dca', '17d8738c-78c6-439d-811b-7b49eb5a57b0', 'B2', '2026-01-16T12:36:03.726148', '2026-01-16T12:36:03.726148');
INSERT INTO hall_seats (id, cinema_hall_id, seat_type_id, seat_code, created_at, updated_at) VALUES ('49ca52a8-b9f9-49d3-9f7d-2e586756921c', '4d85d72c-3252-4ef1-a349-a2e94f785dca', '17d8738c-78c6-439d-811b-7b49eb5a57b0', 'B3', '2026-01-16T12:36:03.726148', '2026-01-16T12:36:03.726148');
INSERT INTO hall_seats (id, cinema_hall_id, seat_type_id, seat_code, created_at, updated_at) VALUES ('b25c9a8c-0c97-4f2f-bf12-f0a3750c80a1', '4d85d72c-3252-4ef1-a349-a2e94f785dca', '17d8738c-78c6-439d-811b-7b49eb5a57b0', 'B4', '2026-01-16T12:36:03.726148', '2026-01-16T12:36:03.726148');
INSERT INTO hall_seats (id, cinema_hall_id, seat_type_id, seat_code, created_at, updated_at) VALUES ('d5af62ac-a9fa-45b7-b9b8-b31a6b1d0095', '4d85d72c-3252-4ef1-a349-a2e94f785dca', '17d8738c-78c6-439d-811b-7b49eb5a57b0', 'B5', '2026-01-16T12:36:03.726148', '2026-01-16T12:36:03.726148');
INSERT INTO hall_seats (id, cinema_hall_id, seat_type_id, seat_code, created_at, updated_at) VALUES ('a7ef3009-76bf-4e1f-a7c3-5c5daed6c2bb', '4d85d72c-3252-4ef1-a349-a2e94f785dca', '17d8738c-78c6-439d-811b-7b49eb5a57b0', 'B6', '2026-01-16T12:36:03.726148', '2026-01-16T12:36:03.726148');
INSERT INTO hall_seats (id, cinema_hall_id, seat_type_id, seat_code, created_at, updated_at) VALUES ('a752fbe9-ef54-4638-8a28-3d302cd55c34', '4d85d72c-3252-4ef1-a349-a2e94f785dca', '17d8738c-78c6-439d-811b-7b49eb5a57b0', 'B7', '2026-01-16T12:36:03.726148', '2026-01-16T12:36:03.726148');
INSERT INTO hall_seats (id, cinema_hall_id, seat_type_id, seat_code, created_at, updated_at) VALUES ('1fcf65a1-a66f-47d8-9428-f7b96bc5705e', '4d85d72c-3252-4ef1-a349-a2e94f785dca', '17d8738c-78c6-439d-811b-7b49eb5a57b0', 'B8', '2026-01-16T12:36:03.726148', '2026-01-16T12:36:03.726148');
INSERT INTO hall_seats (id, cinema_hall_id, seat_type_id, seat_code, created_at, updated_at) VALUES ('5a302b95-1dc4-4591-8d8e-0098d31845cb', '4d85d72c-3252-4ef1-a349-a2e94f785dca', '17d8738c-78c6-439d-811b-7b49eb5a57b0', 'C1', '2026-01-16T12:36:03.726247', '2026-01-16T12:36:03.726247');
INSERT INTO hall_seats (id, cinema_hall_id, seat_type_id, seat_code, created_at, updated_at) VALUES ('7b639fb7-b34d-47a5-a199-389a3c943497', '4d85d72c-3252-4ef1-a349-a2e94f785dca', '17d8738c-78c6-439d-811b-7b49eb5a57b0', 'C2', '2026-01-16T12:36:03.726247', '2026-01-16T12:36:03.726247');
INSERT INTO hall_seats (id, cinema_hall_id, seat_type_id, seat_code, created_at, updated_at) VALUES ('0520230f-7962-415e-921b-101a3a695fef', '4d85d72c-3252-4ef1-a349-a2e94f785dca', '17d8738c-78c6-439d-811b-7b49eb5a57b0', 'C3', '2026-01-16T12:36:03.726247', '2026-01-16T12:36:03.726247');
INSERT INTO hall_seats (id, cinema_hall_id, seat_type_id, seat_code, created_at, updated_at) VALUES ('91b2d3fa-a964-495e-bed5-df9e14c1653f', '4d85d72c-3252-4ef1-a349-a2e94f785dca', '17d8738c-78c6-439d-811b-7b49eb5a57b0', 'C4', '2026-01-16T12:36:03.726247', '2026-01-16T12:36:03.726247');
INSERT INTO hall_seats (id, cinema_hall_id, seat_type_id, seat_code, created_at, updated_at) VALUES ('6bac07c6-7d0b-4c95-aadf-716bb64c3f01', '4d85d72c-3252-4ef1-a349-a2e94f785dca', '17d8738c-78c6-439d-811b-7b49eb5a57b0', 'C5', '2026-01-16T12:36:03.726247', '2026-01-16T12:36:03.726247');
INSERT INTO hall_seats (id, cinema_hall_id, seat_type_id, seat_code, created_at, updated_at) VALUES ('03a03826-ff49-4942-b52f-756bf319e2a4', '4d85d72c-3252-4ef1-a349-a2e94f785dca', '17d8738c-78c6-439d-811b-7b49eb5a57b0', 'C6', '2026-01-16T12:36:03.726247', '2026-01-16T12:36:03.726247');
INSERT INTO hall_seats (id, cinema_hall_id, seat_type_id, seat_code, created_at, updated_at) VALUES ('3bf604a2-84b6-4c62-acc3-cc8f0bdc918e', '4d85d72c-3252-4ef1-a349-a2e94f785dca', '17d8738c-78c6-439d-811b-7b49eb5a57b0', 'C7', '2026-01-16T12:36:03.726247', '2026-01-16T12:36:03.726247');
INSERT INTO hall_seats (id, cinema_hall_id, seat_type_id, seat_code, created_at, updated_at) VALUES ('0466b528-b984-4482-a3bb-0a28ed1b56ad', '4d85d72c-3252-4ef1-a349-a2e94f785dca', '17d8738c-78c6-439d-811b-7b49eb5a57b0', 'C8', '2026-01-16T12:36:03.726247', '2026-01-16T12:36:03.726247');
INSERT INTO hall_seats (id, cinema_hall_id, seat_type_id, seat_code, created_at, updated_at) VALUES ('4a9aad39-1144-4efe-a9cc-59f9e48679b1', '4d85d72c-3252-4ef1-a349-a2e94f785dca', '17d8738c-78c6-439d-811b-7b49eb5a57b0', 'D1', '2026-01-16T12:36:03.726342', '2026-01-16T12:36:03.726342');
INSERT INTO hall_seats (id, cinema_hall_id, seat_type_id, seat_code, created_at, updated_at) VALUES ('d19ae643-c155-45aa-8fa0-d938543a9eaf', '4d85d72c-3252-4ef1-a349-a2e94f785dca', '17d8738c-78c6-439d-811b-7b49eb5a57b0', 'D2', '2026-01-16T12:36:03.726342', '2026-01-16T12:36:03.726342');
INSERT INTO hall_seats (id, cinema_hall_id, seat_type_id, seat_code, created_at, updated_at) VALUES ('de927c34-15e3-4cb4-bfd5-46bd0ee2995b', '4d85d72c-3252-4ef1-a349-a2e94f785dca', '17d8738c-78c6-439d-811b-7b49eb5a57b0', 'D3', '2026-01-16T12:36:03.726342', '2026-01-16T12:36:03.726342');
INSERT INTO hall_seats (id, cinema_hall_id, seat_type_id, seat_code, created_at, updated_at) VALUES ('03b7a6dc-c044-48dc-8b67-483db042915d', '4d85d72c-3252-4ef1-a349-a2e94f785dca', '17d8738c-78c6-439d-811b-7b49eb5a57b0', 'D4', '2026-01-16T12:36:03.726342', '2026-01-16T12:36:03.726342');
INSERT INTO hall_seats (id, cinema_hall_id, seat_type_id, seat_code, created_at, updated_at) VALUES ('78382613-e4d1-40aa-87b4-712fb15cef79', '4d85d72c-3252-4ef1-a349-a2e94f785dca', '17d8738c-78c6-439d-811b-7b49eb5a57b0', 'D5', '2026-01-16T12:36:03.726342', '2026-01-16T12:36:03.726342');
INSERT INTO hall_seats (id, cinema_hall_id, seat_type_id, seat_code, created_at, updated_at) VALUES ('0b3ffad5-6d90-4425-aae3-d925eefcb848', '4d85d72c-3252-4ef1-a349-a2e94f785dca', '17d8738c-78c6-439d-811b-7b49eb5a57b0', 'D6', '2026-01-16T12:36:03.726342', '2026-01-16T12:36:03.726342');
INSERT INTO hall_seats (id, cinema_hall_id, seat_type_id, seat_code, created_at, updated_at) VALUES ('e848bf8d-a9e0-4565-928e-87b0961a3c12', '4d85d72c-3252-4ef1-a349-a2e94f785dca', '17d8738c-78c6-439d-811b-7b49eb5a57b0', 'D7', '2026-01-16T12:36:03.726342', '2026-01-16T12:36:03.726342');
INSERT INTO hall_seats (id, cinema_hall_id, seat_type_id, seat_code, created_at, updated_at) VALUES ('1c381ced-5a8e-4cbc-8474-0f49d5f744ff', '4d85d72c-3252-4ef1-a349-a2e94f785dca', '17d8738c-78c6-439d-811b-7b49eb5a57b0', 'D8', '2026-01-16T12:36:03.726342', '2026-01-16T12:36:03.726342');
INSERT INTO hall_seats (id, cinema_hall_id, seat_type_id, seat_code, created_at, updated_at) VALUES ('53ae0c1f-002d-4ba6-ae3e-ec5174533da1', '4d85d72c-3252-4ef1-a349-a2e94f785dca', '17d8738c-78c6-439d-811b-7b49eb5a57b0', 'E1', '2026-01-16T12:36:03.726435', '2026-01-16T12:36:03.726435');
INSERT INTO hall_seats (id, cinema_hall_id, seat_type_id, seat_code, created_at, updated_at) VALUES ('55f49913-da83-42ec-b9dd-86958923310b', '4d85d72c-3252-4ef1-a349-a2e94f785dca', '17d8738c-78c6-439d-811b-7b49eb5a57b0', 'E2', '2026-01-16T12:36:03.726435', '2026-01-16T12:36:03.726435');
INSERT INTO hall_seats (id, cinema_hall_id, seat_type_id, seat_code, created_at, updated_at) VALUES ('8fee26a9-684c-41a5-ac9a-1fbf0242ac49', '4d85d72c-3252-4ef1-a349-a2e94f785dca', '17d8738c-78c6-439d-811b-7b49eb5a57b0', 'E3', '2026-01-16T12:36:03.726435', '2026-01-16T12:36:03.726435');
INSERT INTO hall_seats (id, cinema_hall_id, seat_type_id, seat_code, created_at, updated_at) VALUES ('99660bef-6e77-495c-8182-13316c799b82', '4d85d72c-3252-4ef1-a349-a2e94f785dca', '17d8738c-78c6-439d-811b-7b49eb5a57b0', 'E4', '2026-01-16T12:36:03.726435', '2026-01-16T12:36:03.726435');
INSERT INTO hall_seats (id, cinema_hall_id, seat_type_id, seat_code, created_at, updated_at) VALUES ('bfb44fe9-188d-4126-b5ad-8e553aa9a5ad', '4d85d72c-3252-4ef1-a349-a2e94f785dca', '17d8738c-78c6-439d-811b-7b49eb5a57b0', 'E5', '2026-01-16T12:36:03.726435', '2026-01-16T12:36:03.726435');
INSERT INTO hall_seats (id, cinema_hall_id, seat_type_id, seat_code, created_at, updated_at) VALUES ('edfa6ccd-32d5-40fe-85cc-9fc15a4a4eb0', '4d85d72c-3252-4ef1-a349-a2e94f785dca', '17d8738c-78c6-439d-811b-7b49eb5a57b0', 'E6', '2026-01-16T12:36:03.726435', '2026-01-16T12:36:03.726435');
INSERT INTO hall_seats (id, cinema_hall_id, seat_type_id, seat_code, created_at, updated_at) VALUES ('34c55db7-4bef-4fc9-87cb-7f7b5a000f86', '4d85d72c-3252-4ef1-a349-a2e94f785dca', '17d8738c-78c6-439d-811b-7b49eb5a57b0', 'E7', '2026-01-16T12:36:03.726435', '2026-01-16T12:36:03.726435');
INSERT INTO hall_seats (id, cinema_hall_id, seat_type_id, seat_code, created_at, updated_at) VALUES ('6b60fd94-4324-424f-ac51-6790a5d521bf', '4d85d72c-3252-4ef1-a349-a2e94f785dca', '17d8738c-78c6-439d-811b-7b49eb5a57b0', 'E8', '2026-01-16T12:36:03.726435', '2026-01-16T12:36:03.726435');
INSERT INTO hall_seats (id, cinema_hall_id, seat_type_id, seat_code, created_at, updated_at) VALUES ('b85525d7-a6bc-401c-9698-625fdefbe1b7', '4d85d72c-3252-4ef1-a349-a2e94f785dca', '17d8738c-78c6-439d-811b-7b49eb5a57b0', 'F1', '2026-01-16T12:36:03.726526', '2026-01-16T12:36:03.726526');
INSERT INTO hall_seats (id, cinema_hall_id, seat_type_id, seat_code, created_at, updated_at) VALUES ('f2084fa1-8d2c-40b8-a46d-1e6fff872f22', '4d85d72c-3252-4ef1-a349-a2e94f785dca', '17d8738c-78c6-439d-811b-7b49eb5a57b0', 'F2', '2026-01-16T12:36:03.726526', '2026-01-16T12:36:03.726526');
INSERT INTO hall_seats (id, cinema_hall_id, seat_type_id, seat_code, created_at, updated_at) VALUES ('e03a41c7-8350-455c-acb0-a65f951caa7e', '4d85d72c-3252-4ef1-a349-a2e94f785dca', '17d8738c-78c6-439d-811b-7b49eb5a57b0', 'F3', '2026-01-16T12:36:03.726526', '2026-01-16T12:36:03.726526');
INSERT INTO hall_seats (id, cinema_hall_id, seat_type_id, seat_code, created_at, updated_at) VALUES ('43a8df3b-92b2-4a81-ab61-3cabb114aba7', '4d85d72c-3252-4ef1-a349-a2e94f785dca', '17d8738c-78c6-439d-811b-7b49eb5a57b0', 'F4', '2026-01-16T12:36:03.726526', '2026-01-16T12:36:03.726526');
INSERT INTO hall_seats (id, cinema_hall_id, seat_type_id, seat_code, created_at, updated_at) VALUES ('c80f8973-90c4-4809-8d19-52e740acb2aa', '4d85d72c-3252-4ef1-a349-a2e94f785dca', '17d8738c-78c6-439d-811b-7b49eb5a57b0', 'F5', '2026-01-16T12:36:03.726526', '2026-01-16T12:36:03.726526');
INSERT INTO hall_seats (id, cinema_hall_id, seat_type_id, seat_code, created_at, updated_at) VALUES ('848189d0-a504-406c-8688-259b986750b1', '4d85d72c-3252-4ef1-a349-a2e94f785dca', '17d8738c-78c6-439d-811b-7b49eb5a57b0', 'F6', '2026-01-16T12:36:03.726526', '2026-01-16T12:36:03.726526');
INSERT INTO hall_seats (id, cinema_hall_id, seat_type_id, seat_code, created_at, updated_at) VALUES ('94ab988f-5d8c-4bfb-a9fb-fd79a61244d1', '4d85d72c-3252-4ef1-a349-a2e94f785dca', '17d8738c-78c6-439d-811b-7b49eb5a57b0', 'F7', '2026-01-16T12:36:03.726526', '2026-01-16T12:36:03.726526');
INSERT INTO hall_seats (id, cinema_hall_id, seat_type_id, seat_code, created_at, updated_at) VALUES ('1ace495d-fedf-4246-a976-add356d064b3', '4d85d72c-3252-4ef1-a349-a2e94f785dca', '17d8738c-78c6-439d-811b-7b49eb5a57b0', 'F8', '2026-01-16T12:36:03.726526', '2026-01-16T12:36:03.726526');
INSERT INTO hall_seats (id, cinema_hall_id, seat_type_id, seat_code, created_at, updated_at) VALUES ('1e98f36b-1e67-4251-97b2-1a037cbfc178', '4d85d72c-3252-4ef1-a349-a2e94f785dca', 'afd47537-1eac-411d-be48-07c7598935b4', 'G1', '2026-01-16T12:36:03.726617', '2026-01-16T12:36:03.726617');
INSERT INTO hall_seats (id, cinema_hall_id, seat_type_id, seat_code, created_at, updated_at) VALUES ('14ac8655-c9a1-4e91-942c-70ef87c30610', '4d85d72c-3252-4ef1-a349-a2e94f785dca', 'afd47537-1eac-411d-be48-07c7598935b4', 'G2', '2026-01-16T12:36:03.726617', '2026-01-16T12:36:03.726617');
INSERT INTO hall_seats (id, cinema_hall_id, seat_type_id, seat_code, created_at, updated_at) VALUES ('284992c3-0dc6-4e5a-944b-68f61d21c1fb', '4d85d72c-3252-4ef1-a349-a2e94f785dca', 'afd47537-1eac-411d-be48-07c7598935b4', 'G3', '2026-01-16T12:36:03.726617', '2026-01-16T12:36:03.726617');
INSERT INTO hall_seats (id, cinema_hall_id, seat_type_id, seat_code, created_at, updated_at) VALUES ('3b3d0b8e-b440-4dad-8938-2cd8bae41ee3', '4d85d72c-3252-4ef1-a349-a2e94f785dca', 'afd47537-1eac-411d-be48-07c7598935b4', 'G4', '2026-01-16T12:36:03.726617', '2026-01-16T12:36:03.726617');
INSERT INTO hall_seats (id, cinema_hall_id, seat_type_id, seat_code, created_at, updated_at) VALUES ('b56a82ef-21e0-4581-8910-c9d3d5d4609a', '4d85d72c-3252-4ef1-a349-a2e94f785dca', 'afd47537-1eac-411d-be48-07c7598935b4', 'G5', '2026-01-16T12:36:03.726617', '2026-01-16T12:36:03.726617');
INSERT INTO hall_seats (id, cinema_hall_id, seat_type_id, seat_code, created_at, updated_at) VALUES ('adc63adc-940f-46f7-b9fd-3769fd7c73f2', '4d85d72c-3252-4ef1-a349-a2e94f785dca', 'afd47537-1eac-411d-be48-07c7598935b4', 'G6', '2026-01-16T12:36:03.726617', '2026-01-16T12:36:03.726617');
INSERT INTO hall_seats (id, cinema_hall_id, seat_type_id, seat_code, created_at, updated_at) VALUES ('fc376e54-1832-462c-9668-787948dfe259', '4d85d72c-3252-4ef1-a349-a2e94f785dca', 'afd47537-1eac-411d-be48-07c7598935b4', 'G7', '2026-01-16T12:36:03.726617', '2026-01-16T12:36:03.726617');
INSERT INTO hall_seats (id, cinema_hall_id, seat_type_id, seat_code, created_at, updated_at) VALUES ('c53a1ddb-87ec-4723-9060-d5c9308f6e8a', '4d85d72c-3252-4ef1-a349-a2e94f785dca', 'afd47537-1eac-411d-be48-07c7598935b4', 'G8', '2026-01-16T12:36:03.726617', '2026-01-16T12:36:03.726617');
INSERT INTO hall_seats (id, cinema_hall_id, seat_type_id, seat_code, created_at, updated_at) VALUES ('275dbd25-e5f1-4bf5-8d9a-ff6dfd8ad3c6', '4d85d72c-3252-4ef1-a349-a2e94f785dca', 'afd47537-1eac-411d-be48-07c7598935b4', 'H1', '2026-01-16T12:36:03.726719', '2026-01-16T12:36:03.726719');
INSERT INTO hall_seats (id, cinema_hall_id, seat_type_id, seat_code, created_at, updated_at) VALUES ('ded30382-d9f1-409a-9efb-db5c43c65753', '4d85d72c-3252-4ef1-a349-a2e94f785dca', 'afd47537-1eac-411d-be48-07c7598935b4', 'H2', '2026-01-16T12:36:03.726719', '2026-01-16T12:36:03.726719');
INSERT INTO hall_seats (id, cinema_hall_id, seat_type_id, seat_code, created_at, updated_at) VALUES ('f5b18bce-dd2d-4992-b194-41e2f31cf733', '4d85d72c-3252-4ef1-a349-a2e94f785dca', 'afd47537-1eac-411d-be48-07c7598935b4', 'H3', '2026-01-16T12:36:03.726719', '2026-01-16T12:36:03.726719');
INSERT INTO hall_seats (id, cinema_hall_id, seat_type_id, seat_code, created_at, updated_at) VALUES ('44317023-e720-4dd1-b800-c34003f54855', '4d85d72c-3252-4ef1-a349-a2e94f785dca', 'afd47537-1eac-411d-be48-07c7598935b4', 'H4', '2026-01-16T12:36:03.726719', '2026-01-16T12:36:03.726719');
INSERT INTO hall_seats (id, cinema_hall_id, seat_type_id, seat_code, created_at, updated_at) VALUES ('8c8aa865-50e8-4a5d-a449-a38df9666e1c', '4d85d72c-3252-4ef1-a349-a2e94f785dca', 'afd47537-1eac-411d-be48-07c7598935b4', 'H5', '2026-01-16T12:36:03.726719', '2026-01-16T12:36:03.726719');
INSERT INTO hall_seats (id, cinema_hall_id, seat_type_id, seat_code, created_at, updated_at) VALUES ('01754ec5-a37e-43b6-8881-6c03d5429e6e', '4d85d72c-3252-4ef1-a349-a2e94f785dca', 'afd47537-1eac-411d-be48-07c7598935b4', 'H6', '2026-01-16T12:36:03.726719', '2026-01-16T12:36:03.726719');
INSERT INTO hall_seats (id, cinema_hall_id, seat_type_id, seat_code, created_at, updated_at) VALUES ('978ac7cc-ed04-4280-8810-9bfa6c88cb39', '4d85d72c-3252-4ef1-a349-a2e94f785dca', 'afd47537-1eac-411d-be48-07c7598935b4', 'H7', '2026-01-16T12:36:03.726719', '2026-01-16T12:36:03.726719');
INSERT INTO hall_seats (id, cinema_hall_id, seat_type_id, seat_code, created_at, updated_at) VALUES ('74e12cf3-074b-48cf-b840-2c6b6875fdbd', '4d85d72c-3252-4ef1-a349-a2e94f785dca', 'afd47537-1eac-411d-be48-07c7598935b4', 'H8', '2026-01-16T12:36:03.726719', '2026-01-16T12:36:03.726719');
INSERT INTO hall_seats (id, cinema_hall_id, seat_type_id, seat_code, created_at, updated_at) VALUES ('4e05f8cd-281a-4e81-810d-d95b8b572253', '4d85d72c-3252-4ef1-a349-a2e94f785dca', 'd76d7cb0-33eb-4ac3-8eea-f2ae6150cabd', 'I1', '2026-01-16T12:36:03.726821', '2026-01-16T12:36:03.726821');
INSERT INTO hall_seats (id, cinema_hall_id, seat_type_id, seat_code, created_at, updated_at) VALUES ('ea2bd5c3-9ed5-45c3-872e-763e649950ff', '4d85d72c-3252-4ef1-a349-a2e94f785dca', 'd76d7cb0-33eb-4ac3-8eea-f2ae6150cabd', 'I2', '2026-01-16T12:36:03.726821', '2026-01-16T12:36:03.726821');
INSERT INTO hall_seats (id, cinema_hall_id, seat_type_id, seat_code, created_at, updated_at) VALUES ('14fd030f-e917-432a-9a91-30d66fd74cf6', '4d85d72c-3252-4ef1-a349-a2e94f785dca', 'd76d7cb0-33eb-4ac3-8eea-f2ae6150cabd', 'I3', '2026-01-16T12:36:03.726821', '2026-01-16T12:36:03.726821');
INSERT INTO hall_seats (id, cinema_hall_id, seat_type_id, seat_code, created_at, updated_at) VALUES ('c0b70e00-0a2a-488d-b76c-1bc5d72d9f7e', '4d85d72c-3252-4ef1-a349-a2e94f785dca', 'd76d7cb0-33eb-4ac3-8eea-f2ae6150cabd', 'I4', '2026-01-16T12:36:03.726821', '2026-01-16T12:36:03.726821');
INSERT INTO hall_seats (id, cinema_hall_id, seat_type_id, seat_code, created_at, updated_at) VALUES ('0ddad1a4-cdf3-43e9-bf96-16b0020682bc', 'c51828ef-d759-417f-8262-434db181d319', '17d8738c-78c6-439d-811b-7b49eb5a57b0', 'A1', '2026-01-16T12:36:03.726869', '2026-01-16T12:36:03.726869');
INSERT INTO hall_seats (id, cinema_hall_id, seat_type_id, seat_code, created_at, updated_at) VALUES ('3017dc57-dc12-441d-9d9e-e28a8334f67f', 'c51828ef-d759-417f-8262-434db181d319', '17d8738c-78c6-439d-811b-7b49eb5a57b0', 'A2', '2026-01-16T12:36:03.726869', '2026-01-16T12:36:03.726869');
INSERT INTO hall_seats (id, cinema_hall_id, seat_type_id, seat_code, created_at, updated_at) VALUES ('d7a0ac89-b028-4912-8bd5-c17c726e4c42', 'c51828ef-d759-417f-8262-434db181d319', '17d8738c-78c6-439d-811b-7b49eb5a57b0', 'A3', '2026-01-16T12:36:03.726869', '2026-01-16T12:36:03.726869');
INSERT INTO hall_seats (id, cinema_hall_id, seat_type_id, seat_code, created_at, updated_at) VALUES ('b3dbc4b3-90c8-4507-afc9-a4fa689b06bd', 'c51828ef-d759-417f-8262-434db181d319', '17d8738c-78c6-439d-811b-7b49eb5a57b0', 'A4', '2026-01-16T12:36:03.726869', '2026-01-16T12:36:03.726869');
INSERT INTO hall_seats (id, cinema_hall_id, seat_type_id, seat_code, created_at, updated_at) VALUES ('cf9c28b8-1797-424c-931b-c4b3acfe2d89', 'c51828ef-d759-417f-8262-434db181d319', '17d8738c-78c6-439d-811b-7b49eb5a57b0', 'A5', '2026-01-16T12:36:03.726869', '2026-01-16T12:36:03.726869');
INSERT INTO hall_seats (id, cinema_hall_id, seat_type_id, seat_code, created_at, updated_at) VALUES ('7d7f03f0-fca3-4896-9502-2c6752e4076b', 'c51828ef-d759-417f-8262-434db181d319', '17d8738c-78c6-439d-811b-7b49eb5a57b0', 'A6', '2026-01-16T12:36:03.726869', '2026-01-16T12:36:03.726869');
INSERT INTO hall_seats (id, cinema_hall_id, seat_type_id, seat_code, created_at, updated_at) VALUES ('80dbde85-91d8-4d63-a95e-f9b91c2dd136', 'c51828ef-d759-417f-8262-434db181d319', '17d8738c-78c6-439d-811b-7b49eb5a57b0', 'A7', '2026-01-16T12:36:03.726869', '2026-01-16T12:36:03.726869');
INSERT INTO hall_seats (id, cinema_hall_id, seat_type_id, seat_code, created_at, updated_at) VALUES ('1bd09c7f-4bdd-4613-b319-83c6afddced0', 'c51828ef-d759-417f-8262-434db181d319', '17d8738c-78c6-439d-811b-7b49eb5a57b0', 'A8', '2026-01-16T12:36:03.726869', '2026-01-16T12:36:03.726869');
INSERT INTO hall_seats (id, cinema_hall_id, seat_type_id, seat_code, created_at, updated_at) VALUES ('6fac88cf-d52e-405a-a319-7262271648dc', 'c51828ef-d759-417f-8262-434db181d319', '17d8738c-78c6-439d-811b-7b49eb5a57b0', 'B1', '2026-01-16T12:36:03.726960', '2026-01-16T12:36:03.726960');
INSERT INTO hall_seats (id, cinema_hall_id, seat_type_id, seat_code, created_at, updated_at) VALUES ('65b73599-5a23-4715-83b9-088a97902543', 'c51828ef-d759-417f-8262-434db181d319', '17d8738c-78c6-439d-811b-7b49eb5a57b0', 'B2', '2026-01-16T12:36:03.726960', '2026-01-16T12:36:03.726960');
INSERT INTO hall_seats (id, cinema_hall_id, seat_type_id, seat_code, created_at, updated_at) VALUES ('ee7acbf7-f388-4f5a-acc6-0a4333ddac34', 'c51828ef-d759-417f-8262-434db181d319', '17d8738c-78c6-439d-811b-7b49eb5a57b0', 'B3', '2026-01-16T12:36:03.726960', '2026-01-16T12:36:03.726960');
INSERT INTO hall_seats (id, cinema_hall_id, seat_type_id, seat_code, created_at, updated_at) VALUES ('613247d7-9d69-40c7-a0f9-d959428375e9', 'c51828ef-d759-417f-8262-434db181d319', '17d8738c-78c6-439d-811b-7b49eb5a57b0', 'B4', '2026-01-16T12:36:03.726960', '2026-01-16T12:36:03.726960');
INSERT INTO hall_seats (id, cinema_hall_id, seat_type_id, seat_code, created_at, updated_at) VALUES ('cbf17285-c5d2-4ec1-a822-ebb16937124e', 'c51828ef-d759-417f-8262-434db181d319', '17d8738c-78c6-439d-811b-7b49eb5a57b0', 'B5', '2026-01-16T12:36:03.726960', '2026-01-16T12:36:03.726960');
INSERT INTO hall_seats (id, cinema_hall_id, seat_type_id, seat_code, created_at, updated_at) VALUES ('8530ef43-48e9-4dbb-8940-2cca8fffdc1e', 'c51828ef-d759-417f-8262-434db181d319', '17d8738c-78c6-439d-811b-7b49eb5a57b0', 'B6', '2026-01-16T12:36:03.726960', '2026-01-16T12:36:03.726960');
INSERT INTO hall_seats (id, cinema_hall_id, seat_type_id, seat_code, created_at, updated_at) VALUES ('1e777c06-a427-4a2b-800a-58ff77a62ba9', 'c51828ef-d759-417f-8262-434db181d319', '17d8738c-78c6-439d-811b-7b49eb5a57b0', 'B7', '2026-01-16T12:36:03.726960', '2026-01-16T12:36:03.726960');
INSERT INTO hall_seats (id, cinema_hall_id, seat_type_id, seat_code, created_at, updated_at) VALUES ('e420e549-7bec-4ef0-9aaf-d62177bdfdbd', 'c51828ef-d759-417f-8262-434db181d319', '17d8738c-78c6-439d-811b-7b49eb5a57b0', 'B8', '2026-01-16T12:36:03.726960', '2026-01-16T12:36:03.726960');
INSERT INTO hall_seats (id, cinema_hall_id, seat_type_id, seat_code, created_at, updated_at) VALUES ('2596e068-a7d9-42f9-80c5-9b307061b76e', 'c51828ef-d759-417f-8262-434db181d319', '17d8738c-78c6-439d-811b-7b49eb5a57b0', 'C1', '2026-01-16T12:36:03.727054', '2026-01-16T12:36:03.727054');
INSERT INTO hall_seats (id, cinema_hall_id, seat_type_id, seat_code, created_at, updated_at) VALUES ('2e239ca9-dc46-497b-89f4-a1a4afcb9ee6', 'c51828ef-d759-417f-8262-434db181d319', '17d8738c-78c6-439d-811b-7b49eb5a57b0', 'C2', '2026-01-16T12:36:03.727054', '2026-01-16T12:36:03.727054');
INSERT INTO hall_seats (id, cinema_hall_id, seat_type_id, seat_code, created_at, updated_at) VALUES ('b17847d1-1aa2-4bab-91ca-f301250c3b43', 'c51828ef-d759-417f-8262-434db181d319', '17d8738c-78c6-439d-811b-7b49eb5a57b0', 'C3', '2026-01-16T12:36:03.727054', '2026-01-16T12:36:03.727054');
INSERT INTO hall_seats (id, cinema_hall_id, seat_type_id, seat_code, created_at, updated_at) VALUES ('1d20003d-b542-4ea4-8fe9-20c696718c7e', 'c51828ef-d759-417f-8262-434db181d319', '17d8738c-78c6-439d-811b-7b49eb5a57b0', 'C4', '2026-01-16T12:36:03.727054', '2026-01-16T12:36:03.727054');
INSERT INTO hall_seats (id, cinema_hall_id, seat_type_id, seat_code, created_at, updated_at) VALUES ('4e4e3ca8-247d-4f23-a9ba-52c4c28e6dd9', 'c51828ef-d759-417f-8262-434db181d319', '17d8738c-78c6-439d-811b-7b49eb5a57b0', 'C5', '2026-01-16T12:36:03.727054', '2026-01-16T12:36:03.727054');
INSERT INTO hall_seats (id, cinema_hall_id, seat_type_id, seat_code, created_at, updated_at) VALUES ('c1042e37-50e3-4a7f-8296-18af62c21b9f', 'c51828ef-d759-417f-8262-434db181d319', '17d8738c-78c6-439d-811b-7b49eb5a57b0', 'C6', '2026-01-16T12:36:03.727054', '2026-01-16T12:36:03.727054');
INSERT INTO hall_seats (id, cinema_hall_id, seat_type_id, seat_code, created_at, updated_at) VALUES ('d9578dfa-03dd-4131-b50a-a3ccc5f564a7', 'c51828ef-d759-417f-8262-434db181d319', '17d8738c-78c6-439d-811b-7b49eb5a57b0', 'C7', '2026-01-16T12:36:03.727054', '2026-01-16T12:36:03.727054');
INSERT INTO hall_seats (id, cinema_hall_id, seat_type_id, seat_code, created_at, updated_at) VALUES ('e7f6041b-df6e-4948-8158-d963b5d9a5c1', 'c51828ef-d759-417f-8262-434db181d319', '17d8738c-78c6-439d-811b-7b49eb5a57b0', 'C8', '2026-01-16T12:36:03.727054', '2026-01-16T12:36:03.727054');
INSERT INTO hall_seats (id, cinema_hall_id, seat_type_id, seat_code, created_at, updated_at) VALUES ('88072ca5-9814-40b5-ad27-2eb362f58a6d', 'c51828ef-d759-417f-8262-434db181d319', '17d8738c-78c6-439d-811b-7b49eb5a57b0', 'D1', '2026-01-16T12:36:03.727146', '2026-01-16T12:36:03.727146');
INSERT INTO hall_seats (id, cinema_hall_id, seat_type_id, seat_code, created_at, updated_at) VALUES ('2f5cd1a6-79d2-4d67-bac9-7ad19aeec0fb', 'c51828ef-d759-417f-8262-434db181d319', '17d8738c-78c6-439d-811b-7b49eb5a57b0', 'D2', '2026-01-16T12:36:03.727146', '2026-01-16T12:36:03.727146');
INSERT INTO hall_seats (id, cinema_hall_id, seat_type_id, seat_code, created_at, updated_at) VALUES ('c1106ec9-1d47-4947-bb49-cd968c99f368', 'c51828ef-d759-417f-8262-434db181d319', '17d8738c-78c6-439d-811b-7b49eb5a57b0', 'D3', '2026-01-16T12:36:03.727146', '2026-01-16T12:36:03.727146');
INSERT INTO hall_seats (id, cinema_hall_id, seat_type_id, seat_code, created_at, updated_at) VALUES ('b9de132c-da95-4d5b-ad3c-8a98647779f1', 'c51828ef-d759-417f-8262-434db181d319', '17d8738c-78c6-439d-811b-7b49eb5a57b0', 'D4', '2026-01-16T12:36:03.727146', '2026-01-16T12:36:03.727146');
INSERT INTO hall_seats (id, cinema_hall_id, seat_type_id, seat_code, created_at, updated_at) VALUES ('24fa33cd-0196-42ce-b006-204384341d35', 'c51828ef-d759-417f-8262-434db181d319', '17d8738c-78c6-439d-811b-7b49eb5a57b0', 'D5', '2026-01-16T12:36:03.727146', '2026-01-16T12:36:03.727146');
INSERT INTO hall_seats (id, cinema_hall_id, seat_type_id, seat_code, created_at, updated_at) VALUES ('f2bea6fa-039c-4bcc-a58e-f45c50080cc5', 'c51828ef-d759-417f-8262-434db181d319', '17d8738c-78c6-439d-811b-7b49eb5a57b0', 'D6', '2026-01-16T12:36:03.727146', '2026-01-16T12:36:03.727146');
INSERT INTO hall_seats (id, cinema_hall_id, seat_type_id, seat_code, created_at, updated_at) VALUES ('cdf18d96-f1e5-403e-adae-abc0c7f0d9a2', 'c51828ef-d759-417f-8262-434db181d319', '17d8738c-78c6-439d-811b-7b49eb5a57b0', 'D7', '2026-01-16T12:36:03.727146', '2026-01-16T12:36:03.727146');
INSERT INTO hall_seats (id, cinema_hall_id, seat_type_id, seat_code, created_at, updated_at) VALUES ('78b8ee49-a48b-40ce-bb48-683e37fb50f5', 'c51828ef-d759-417f-8262-434db181d319', '17d8738c-78c6-439d-811b-7b49eb5a57b0', 'D8', '2026-01-16T12:36:03.727146', '2026-01-16T12:36:03.727146');
INSERT INTO hall_seats (id, cinema_hall_id, seat_type_id, seat_code, created_at, updated_at) VALUES ('6ba7de24-326c-43a5-b4eb-a9961d9d1a41', 'c51828ef-d759-417f-8262-434db181d319', '17d8738c-78c6-439d-811b-7b49eb5a57b0', 'E1', '2026-01-16T12:36:03.727236', '2026-01-16T12:36:03.727236');
INSERT INTO hall_seats (id, cinema_hall_id, seat_type_id, seat_code, created_at, updated_at) VALUES ('9aa9e717-d50e-4a9a-95d0-7f640104e46b', 'c51828ef-d759-417f-8262-434db181d319', '17d8738c-78c6-439d-811b-7b49eb5a57b0', 'E2', '2026-01-16T12:36:03.727236', '2026-01-16T12:36:03.727236');
INSERT INTO hall_seats (id, cinema_hall_id, seat_type_id, seat_code, created_at, updated_at) VALUES ('0b35b179-6c42-4606-9f5c-c94824184cdb', 'c51828ef-d759-417f-8262-434db181d319', '17d8738c-78c6-439d-811b-7b49eb5a57b0', 'E3', '2026-01-16T12:36:03.727236', '2026-01-16T12:36:03.727236');
INSERT INTO hall_seats (id, cinema_hall_id, seat_type_id, seat_code, created_at, updated_at) VALUES ('757914e1-562b-448c-a461-46cb03a36041', 'c51828ef-d759-417f-8262-434db181d319', '17d8738c-78c6-439d-811b-7b49eb5a57b0', 'E4', '2026-01-16T12:36:03.727236', '2026-01-16T12:36:03.727236');
INSERT INTO hall_seats (id, cinema_hall_id, seat_type_id, seat_code, created_at, updated_at) VALUES ('f00f60fc-0bdc-4432-b3cf-02c239968bf5', 'c51828ef-d759-417f-8262-434db181d319', '17d8738c-78c6-439d-811b-7b49eb5a57b0', 'E5', '2026-01-16T12:36:03.727236', '2026-01-16T12:36:03.727236');
INSERT INTO hall_seats (id, cinema_hall_id, seat_type_id, seat_code, created_at, updated_at) VALUES ('97110a43-b18f-44a7-a41b-8a188171703d', 'c51828ef-d759-417f-8262-434db181d319', '17d8738c-78c6-439d-811b-7b49eb5a57b0', 'E6', '2026-01-16T12:36:03.727236', '2026-01-16T12:36:03.727236');
INSERT INTO hall_seats (id, cinema_hall_id, seat_type_id, seat_code, created_at, updated_at) VALUES ('bde2a631-49ac-457c-805a-e1a26e40279a', 'c51828ef-d759-417f-8262-434db181d319', '17d8738c-78c6-439d-811b-7b49eb5a57b0', 'E7', '2026-01-16T12:36:03.727236', '2026-01-16T12:36:03.727236');
INSERT INTO hall_seats (id, cinema_hall_id, seat_type_id, seat_code, created_at, updated_at) VALUES ('a3166ae2-ce00-4cd3-9741-8ea8edf7ffad', 'c51828ef-d759-417f-8262-434db181d319', '17d8738c-78c6-439d-811b-7b49eb5a57b0', 'E8', '2026-01-16T12:36:03.727236', '2026-01-16T12:36:03.727236');
INSERT INTO hall_seats (id, cinema_hall_id, seat_type_id, seat_code, created_at, updated_at) VALUES ('130f82c5-a0bc-4813-b2f2-c90fdeba0499', 'c51828ef-d759-417f-8262-434db181d319', '17d8738c-78c6-439d-811b-7b49eb5a57b0', 'F1', '2026-01-16T12:36:03.727330', '2026-01-16T12:36:03.727330');
INSERT INTO hall_seats (id, cinema_hall_id, seat_type_id, seat_code, created_at, updated_at) VALUES ('3efe68d1-14e3-4454-ba08-61f20e84b895', 'c51828ef-d759-417f-8262-434db181d319', '17d8738c-78c6-439d-811b-7b49eb5a57b0', 'F2', '2026-01-16T12:36:03.727330', '2026-01-16T12:36:03.727330');
INSERT INTO hall_seats (id, cinema_hall_id, seat_type_id, seat_code, created_at, updated_at) VALUES ('6cb801af-8162-48c0-bd76-9079281b58fd', 'c51828ef-d759-417f-8262-434db181d319', '17d8738c-78c6-439d-811b-7b49eb5a57b0', 'F3', '2026-01-16T12:36:03.727330', '2026-01-16T12:36:03.727330');
INSERT INTO hall_seats (id, cinema_hall_id, seat_type_id, seat_code, created_at, updated_at) VALUES ('ecacc21b-38a0-44a5-b978-a8f48e86e377', 'c51828ef-d759-417f-8262-434db181d319', '17d8738c-78c6-439d-811b-7b49eb5a57b0', 'F4', '2026-01-16T12:36:03.727330', '2026-01-16T12:36:03.727330');
INSERT INTO hall_seats (id, cinema_hall_id, seat_type_id, seat_code, created_at, updated_at) VALUES ('81592c1f-c719-4b05-98fe-921b702a6cd6', 'c51828ef-d759-417f-8262-434db181d319', '17d8738c-78c6-439d-811b-7b49eb5a57b0', 'F5', '2026-01-16T12:36:03.727330', '2026-01-16T12:36:03.727330');
INSERT INTO hall_seats (id, cinema_hall_id, seat_type_id, seat_code, created_at, updated_at) VALUES ('7b1a8298-1bd5-4cc7-a5d6-f8c3ff690b8b', 'c51828ef-d759-417f-8262-434db181d319', '17d8738c-78c6-439d-811b-7b49eb5a57b0', 'F6', '2026-01-16T12:36:03.727330', '2026-01-16T12:36:03.727330');
INSERT INTO hall_seats (id, cinema_hall_id, seat_type_id, seat_code, created_at, updated_at) VALUES ('d46c60cd-6a39-4ca7-a1d6-493a377c7145', 'c51828ef-d759-417f-8262-434db181d319', '17d8738c-78c6-439d-811b-7b49eb5a57b0', 'F7', '2026-01-16T12:36:03.727330', '2026-01-16T12:36:03.727330');
INSERT INTO hall_seats (id, cinema_hall_id, seat_type_id, seat_code, created_at, updated_at) VALUES ('ee5eb951-afbe-4724-b08f-80d195bc2b5f', 'c51828ef-d759-417f-8262-434db181d319', '17d8738c-78c6-439d-811b-7b49eb5a57b0', 'F8', '2026-01-16T12:36:03.727330', '2026-01-16T12:36:03.727330');
INSERT INTO hall_seats (id, cinema_hall_id, seat_type_id, seat_code, created_at, updated_at) VALUES ('503583a4-b797-487d-ab3f-2adb8ffa394e', 'c51828ef-d759-417f-8262-434db181d319', 'afd47537-1eac-411d-be48-07c7598935b4', 'G1', '2026-01-16T12:36:03.727428', '2026-01-16T12:36:03.727428');
INSERT INTO hall_seats (id, cinema_hall_id, seat_type_id, seat_code, created_at, updated_at) VALUES ('b3673eef-d3eb-437f-8ca7-102dedd5a7e9', 'c51828ef-d759-417f-8262-434db181d319', 'afd47537-1eac-411d-be48-07c7598935b4', 'G2', '2026-01-16T12:36:03.727428', '2026-01-16T12:36:03.727428');
INSERT INTO hall_seats (id, cinema_hall_id, seat_type_id, seat_code, created_at, updated_at) VALUES ('6904cc5a-b83e-4eb6-89c0-be8ac85b7b9c', 'c51828ef-d759-417f-8262-434db181d319', 'afd47537-1eac-411d-be48-07c7598935b4', 'G3', '2026-01-16T12:36:03.727428', '2026-01-16T12:36:03.727428');
INSERT INTO hall_seats (id, cinema_hall_id, seat_type_id, seat_code, created_at, updated_at) VALUES ('eb84e3e1-efb4-418d-a35e-cd0c31c92ef7', 'c51828ef-d759-417f-8262-434db181d319', 'afd47537-1eac-411d-be48-07c7598935b4', 'G4', '2026-01-16T12:36:03.727428', '2026-01-16T12:36:03.727428');
INSERT INTO hall_seats (id, cinema_hall_id, seat_type_id, seat_code, created_at, updated_at) VALUES ('4897b8b6-9143-4799-8414-0eeb8761a42d', 'c51828ef-d759-417f-8262-434db181d319', 'afd47537-1eac-411d-be48-07c7598935b4', 'G5', '2026-01-16T12:36:03.727428', '2026-01-16T12:36:03.727428');
INSERT INTO hall_seats (id, cinema_hall_id, seat_type_id, seat_code, created_at, updated_at) VALUES ('53f2eb84-b9ee-46c1-a3a8-17739559e41f', 'c51828ef-d759-417f-8262-434db181d319', 'afd47537-1eac-411d-be48-07c7598935b4', 'G6', '2026-01-16T12:36:03.727428', '2026-01-16T12:36:03.727428');
INSERT INTO hall_seats (id, cinema_hall_id, seat_type_id, seat_code, created_at, updated_at) VALUES ('244b9c0b-3929-483e-af58-b79cf47de3c1', 'c51828ef-d759-417f-8262-434db181d319', 'afd47537-1eac-411d-be48-07c7598935b4', 'G7', '2026-01-16T12:36:03.727428', '2026-01-16T12:36:03.727428');
INSERT INTO hall_seats (id, cinema_hall_id, seat_type_id, seat_code, created_at, updated_at) VALUES ('23663425-bcca-4a28-ae3b-a3a1a6e869b8', 'c51828ef-d759-417f-8262-434db181d319', 'afd47537-1eac-411d-be48-07c7598935b4', 'G8', '2026-01-16T12:36:03.727428', '2026-01-16T12:36:03.727428');
INSERT INTO hall_seats (id, cinema_hall_id, seat_type_id, seat_code, created_at, updated_at) VALUES ('86a10383-bba2-4a68-84c8-2c717afc6fc7', 'c51828ef-d759-417f-8262-434db181d319', 'afd47537-1eac-411d-be48-07c7598935b4', 'H1', '2026-01-16T12:36:03.727521', '2026-01-16T12:36:03.727521');
INSERT INTO hall_seats (id, cinema_hall_id, seat_type_id, seat_code, created_at, updated_at) VALUES ('b7e9b585-c05e-4dc9-9476-fea07c73e565', 'c51828ef-d759-417f-8262-434db181d319', 'afd47537-1eac-411d-be48-07c7598935b4', 'H2', '2026-01-16T12:36:03.727521', '2026-01-16T12:36:03.727521');
INSERT INTO hall_seats (id, cinema_hall_id, seat_type_id, seat_code, created_at, updated_at) VALUES ('b13b6172-27e2-4c55-b775-f539c09209ab', 'c51828ef-d759-417f-8262-434db181d319', 'afd47537-1eac-411d-be48-07c7598935b4', 'H3', '2026-01-16T12:36:03.727521', '2026-01-16T12:36:03.727521');
INSERT INTO hall_seats (id, cinema_hall_id, seat_type_id, seat_code, created_at, updated_at) VALUES ('2b138cc7-9e91-4c1b-9405-244464face44', 'c51828ef-d759-417f-8262-434db181d319', 'afd47537-1eac-411d-be48-07c7598935b4', 'H4', '2026-01-16T12:36:03.727521', '2026-01-16T12:36:03.727521');
INSERT INTO hall_seats (id, cinema_hall_id, seat_type_id, seat_code, created_at, updated_at) VALUES ('aca04084-d28f-4c00-9c01-48054ac5507d', 'c51828ef-d759-417f-8262-434db181d319', 'afd47537-1eac-411d-be48-07c7598935b4', 'H5', '2026-01-16T12:36:03.727521', '2026-01-16T12:36:03.727521');
INSERT INTO hall_seats (id, cinema_hall_id, seat_type_id, seat_code, created_at, updated_at) VALUES ('ed344d1c-9ba4-448e-b76b-410540cdc287', 'c51828ef-d759-417f-8262-434db181d319', 'afd47537-1eac-411d-be48-07c7598935b4', 'H6', '2026-01-16T12:36:03.727521', '2026-01-16T12:36:03.727521');
INSERT INTO hall_seats (id, cinema_hall_id, seat_type_id, seat_code, created_at, updated_at) VALUES ('4f62e44d-f6ad-4f7f-a78f-93c2a88a1d84', 'c51828ef-d759-417f-8262-434db181d319', 'afd47537-1eac-411d-be48-07c7598935b4', 'H7', '2026-01-16T12:36:03.727521', '2026-01-16T12:36:03.727521');
INSERT INTO hall_seats (id, cinema_hall_id, seat_type_id, seat_code, created_at, updated_at) VALUES ('aeefbe0b-7c30-4ea2-a441-f0aad5aca40b', 'c51828ef-d759-417f-8262-434db181d319', 'afd47537-1eac-411d-be48-07c7598935b4', 'H8', '2026-01-16T12:36:03.727521', '2026-01-16T12:36:03.727521');
INSERT INTO hall_seats (id, cinema_hall_id, seat_type_id, seat_code, created_at, updated_at) VALUES ('4ded1822-538e-47f7-87da-288456834459', 'c51828ef-d759-417f-8262-434db181d319', 'd76d7cb0-33eb-4ac3-8eea-f2ae6150cabd', 'I1', '2026-01-16T12:36:03.727612', '2026-01-16T12:36:03.727612');
INSERT INTO hall_seats (id, cinema_hall_id, seat_type_id, seat_code, created_at, updated_at) VALUES ('ed338958-eed0-4ee6-a17a-ee787f9c4ac8', 'c51828ef-d759-417f-8262-434db181d319', 'd76d7cb0-33eb-4ac3-8eea-f2ae6150cabd', 'I2', '2026-01-16T12:36:03.727612', '2026-01-16T12:36:03.727612');
INSERT INTO hall_seats (id, cinema_hall_id, seat_type_id, seat_code, created_at, updated_at) VALUES ('a9d496de-9e31-42f7-a4ec-28261f0df49d', 'c51828ef-d759-417f-8262-434db181d319', 'd76d7cb0-33eb-4ac3-8eea-f2ae6150cabd', 'I3', '2026-01-16T12:36:03.727612', '2026-01-16T12:36:03.727612');
INSERT INTO hall_seats (id, cinema_hall_id, seat_type_id, seat_code, created_at, updated_at) VALUES ('c5346324-f603-4865-a826-2df5e5c26b57', 'c51828ef-d759-417f-8262-434db181d319', 'd76d7cb0-33eb-4ac3-8eea-f2ae6150cabd', 'I4', '2026-01-16T12:36:03.727612', '2026-01-16T12:36:03.727612');
INSERT INTO genres (id, name, created_at, updated_at) VALUES ('4c3cefb5-3aeb-41ba-bff7-8a2ee6de10a1', 'Action', '2026-01-16T12:36:03.727926', '2026-01-16T12:36:03.727926');
INSERT INTO genres (id, name, created_at, updated_at) VALUES ('02bc4836-db26-4341-80d4-5820c6cf1c76', 'Adventure', '2026-01-16T12:36:03.727956', '2026-01-16T12:36:03.727956');
INSERT INTO genres (id, name, created_at, updated_at) VALUES ('ea961bff-f870-408b-9317-d6b1f8ea7512', 'Animation', '2026-01-16T12:36:03.727983', '2026-01-16T12:36:03.727983');
INSERT INTO genres (id, name, created_at, updated_at) VALUES ('1b64d722-d545-421d-8f10-545e27f98c15', 'Biography', '2026-01-16T12:36:03.727997', '2026-01-16T12:36:03.727997');
INSERT INTO genres (id, name, created_at, updated_at) VALUES ('047bb5f2-1599-427b-92ed-713253e78b08', 'Comedy', '2026-01-16T12:36:03.728026', '2026-01-16T12:36:03.728026');
INSERT INTO genres (id, name, created_at, updated_at) VALUES ('1445c642-8fe4-47e2-90d0-2fcd5ddfdfe7', 'Crime', '2026-01-16T12:36:03.728053', '2026-01-16T12:36:03.728053');
INSERT INTO genres (id, name, created_at, updated_at) VALUES ('622d4fdc-1611-4fe6-9044-98fab13d1433', 'Documentary', '2026-01-16T12:36:03.728076', '2026-01-16T12:36:03.728076');
INSERT INTO genres (id, name, created_at, updated_at) VALUES ('8d37837b-f624-48c6-b033-a0388ec5f8e2', 'Drama', '2026-01-16T12:36:03.728101', '2026-01-16T12:36:03.728101');
INSERT INTO genres (id, name, created_at, updated_at) VALUES ('26090222-e82a-440c-ba5d-8d01928005e7', 'Family', '2026-01-16T12:36:03.728124', '2026-01-16T12:36:03.728124');
INSERT INTO genres (id, name, created_at, updated_at) VALUES ('7aeb150e-38fa-488e-9351-9479aae2b414', 'Fantasy', '2026-01-16T12:36:03.728147', '2026-01-16T12:36:03.728147');
INSERT INTO genres (id, name, created_at, updated_at) VALUES ('535d0f30-50c9-4fa5-9d54-76e8232954e9', 'Film Noir', '2026-01-16T12:36:03.728177', '2026-01-16T12:36:03.728177');
INSERT INTO genres (id, name, created_at, updated_at) VALUES ('f13344dc-3257-44bc-b95d-f430b0a45125', 'History', '2026-01-16T12:36:03.728207', '2026-01-16T12:36:03.728207');
INSERT INTO genres (id, name, created_at, updated_at) VALUES ('a70e4c65-ff3f-4913-a794-9510501a1b65', 'Horror', '2026-01-16T12:36:03.728230', '2026-01-16T12:36:03.728230');
INSERT INTO genres (id, name, created_at, updated_at) VALUES ('5b9fbd9b-9869-434f-8bb2-50e72bde870f', 'Music', '2026-01-16T12:36:03.728251', '2026-01-16T12:36:03.728251');
INSERT INTO genres (id, name, created_at, updated_at) VALUES ('7b3735e1-2ec7-469c-849b-73695ba4a2dc', 'Musical', '2026-01-16T12:36:03.728272', '2026-01-16T12:36:03.728272');
INSERT INTO genres (id, name, created_at, updated_at) VALUES ('36683b10-eec7-4cc8-b2e0-a79c3eb20b03', 'Mystery', '2026-01-16T12:36:03.728295', '2026-01-16T12:36:03.728295');
INSERT INTO genres (id, name, created_at, updated_at) VALUES ('462e7c8a-ee2a-4cbd-9f97-873779300a98', 'Romance', '2026-01-16T12:36:03.728318', '2026-01-16T12:36:03.728318');
INSERT INTO genres (id, name, created_at, updated_at) VALUES ('bfc14906-98c9-4de5-9fa6-46b5b29a2d01', 'Science Fiction', '2026-01-16T12:36:03.728341', '2026-01-16T12:36:03.728341');
INSERT INTO genres (id, name, created_at, updated_at) VALUES ('000962cc-9f42-47e5-b101-3c247a795aae', 'Sport', '2026-01-16T12:36:03.728369', '2026-01-16T12:36:03.728369');
INSERT INTO genres (id, name, created_at, updated_at) VALUES ('ad59cd13-ba6e-48eb-8f25-68cb61ee02b1', 'Thriller', '2026-01-16T12:36:03.728400', '2026-01-16T12:36:03.728400');
INSERT INTO genres (id, name, created_at, updated_at) VALUES ('e6ede532-2a92-46b5-a219-cb955c95215d', 'War', '2026-01-16T12:36:03.728425', '2026-01-16T12:36:03.728425');
INSERT INTO genres (id, name, created_at, updated_at) VALUES ('d2953273-369d-451d-ab1b-6d4a849c2804', 'Western', '2026-01-16T12:36:03.728448', '2026-01-16T12:36:03.728448');
INSERT INTO movies (id, title, language, projection_start_date, projection_end_date, director_full_name, synopsis, pg_rating, duration_in_minutes, trailer_url, created_at, updated_at) VALUES ('6ffd37e9-6126-4b82-8050-4baeb5ac3af8', 'Avatar', 'EN', '2026-01-16', '2026-04-10', 'John Doe', 'In the 22nd century, a paraplegic Marine is dispatched to the moon Pandora on a unique mission, but becomes torn between following orders and protecting an alien civilization.', 'PG-13', '162', 'https://www.youtube.com/watch?v=jm2sNLIPPvA', '2026-01-16T12:36:07.250075', '2026-01-16T12:36:07.250075');
INSERT INTO movie_images (id, movie_id, url, type, created_at, updated_at) VALUES ('d33ae9d9-3a44-4de9-a5da-130cceef8b08', '6ffd37e9-6126-4b82-8050-4baeb5ac3af8', 'https://image.tmdb.org/t/p/w342/gKY6q7SjCkAU6FqvqWybDYgUKIF.jpg', 'poster', '2026-01-16T12:36:07.250075', '2026-01-16T12:36:07.250075');
INSERT INTO movie_images (id, movie_id, url, type, created_at, updated_at) VALUES ('49681253-7ddf-4192-a9a6-14fecee3728b', '6ffd37e9-6126-4b82-8050-4baeb5ac3af8', 'https://image.tmdb.org/t/p/w1280/vL5LR6WdxWPjLPFRLe133jXWsh5.jpg', 'backdrop', '2026-01-16T12:36:07.250075', '2026-01-16T12:36:07.250075');
INSERT INTO movie_images (id, movie_id, url, type, created_at, updated_at) VALUES ('14f84dd7-4455-4bb4-8286-717848e01fef', '6ffd37e9-6126-4b82-8050-4baeb5ac3af8', 'https://image.tmdb.org/t/p/w300/7JNzw1tSZZEgsBw6lu0VfO2X2Ef.jpg', 'extra', '2026-01-16T12:36:07.250075', '2026-01-16T12:36:07.250075');
INSERT INTO movie_images (id, movie_id, url, type, created_at, updated_at) VALUES ('7517e128-3861-4241-b5e3-758ac11009a8', '6ffd37e9-6126-4b82-8050-4baeb5ac3af8', 'https://image.tmdb.org/t/p/w300/Yc9q6QuWrMp9nuDm5R8ExNqbEq.jpg', 'extra', '2026-01-16T12:36:07.250075', '2026-01-16T12:36:07.250075');
INSERT INTO movie_images (id, movie_id, url, type, created_at, updated_at) VALUES ('eec94e6b-ce09-4847-8ef1-3e0f66decc43', '6ffd37e9-6126-4b82-8050-4baeb5ac3af8', 'https://image.tmdb.org/t/p/w300/n3a93StkVsLVPiX7sX2HIVXe9Fc.jpg', 'extra', '2026-01-16T12:36:07.250075', '2026-01-16T12:36:07.250075');
INSERT INTO movie_images (id, movie_id, url, type, created_at, updated_at) VALUES ('132e2684-d5a1-4a03-8a12-aef84b5fd218', '6ffd37e9-6126-4b82-8050-4baeb5ac3af8', 'https://image.tmdb.org/t/p/w300/8I37NtDffNV7AZlDa7uDvvqhovU.jpg', 'extra', '2026-01-16T12:36:07.250075', '2026-01-16T12:36:07.250075');
INSERT INTO movies (id, title, language, projection_start_date, projection_end_date, director_full_name, synopsis, pg_rating, duration_in_minutes, trailer_url, created_at, updated_at) VALUES ('ca9ca463-6fc1-4322-9b5a-a7ffa677d63e', 'Avatar: Fire and Ash', 'EN', '2026-01-16', '2026-02-26', 'Jane Smith', 'In the wake of the devastating war against the RDA and the loss of their eldest son, Jake Sully and Neytiri face a new threat on Pandora: the Ash People, a violent and power-hungry Na''vi tribe led by the ruthless Varang. Jake''s family must fight for their survival and the future of Pandora in a conflict that pushes them to their emotional and physical limits.', 'PG-13', '198', 'https://www.youtube.com/watch?v=Ma1x7ikpid8', '2026-01-16T12:36:12.907250', '2026-01-16T12:36:12.907250');
INSERT INTO movie_images (id, movie_id, url, type, created_at, updated_at) VALUES ('6bb0317d-07b3-4709-b4d7-5e3e2d8029e3', 'ca9ca463-6fc1-4322-9b5a-a7ffa677d63e', 'https://image.tmdb.org/t/p/w342/8kknNk7PbOcDUXynUZYZ7EHnKAA.jpg', 'poster', '2026-01-16T12:36:12.907250', '2026-01-16T12:36:12.907250');
INSERT INTO movie_images (id, movie_id, url, type, created_at, updated_at) VALUES ('9d8a2209-60d5-43fe-a8ab-9744b52fc7b2', 'ca9ca463-6fc1-4322-9b5a-a7ffa677d63e', 'https://image.tmdb.org/t/p/w1280/u8DU5fkLoM5tTRukzPC31oGPxaQ.jpg', 'backdrop', '2026-01-16T12:36:12.907250', '2026-01-16T12:36:12.907250');
INSERT INTO movie_images (id, movie_id, url, type, created_at, updated_at) VALUES ('0a3ce780-64aa-4f5b-b3f8-79b05adb3499', 'ca9ca463-6fc1-4322-9b5a-a7ffa677d63e', 'https://image.tmdb.org/t/p/w300/sdZSjtGUTSN8B3al5o0f2WoQfQQ.jpg', 'extra', '2026-01-16T12:36:12.907250', '2026-01-16T12:36:12.907250');
INSERT INTO movie_images (id, movie_id, url, type, created_at, updated_at) VALUES ('dc211cbd-6c2e-4a4e-b57b-445cd420dae9', 'ca9ca463-6fc1-4322-9b5a-a7ffa677d63e', 'https://image.tmdb.org/t/p/w300/3Dqievkc7krcTtDE2hjRkIsEzB1.jpg', 'extra', '2026-01-16T12:36:12.907250', '2026-01-16T12:36:12.907250');
INSERT INTO movie_images (id, movie_id, url, type, created_at, updated_at) VALUES ('2fed2671-fcb7-494e-b83b-14bbe83388c4', 'ca9ca463-6fc1-4322-9b5a-a7ffa677d63e', 'https://image.tmdb.org/t/p/w300/iN41Ccw4DctL8npfmYg1j5Tr1eb.jpg', 'extra', '2026-01-16T12:36:12.907250', '2026-01-16T12:36:12.907250');
INSERT INTO movie_images (id, movie_id, url, type, created_at, updated_at) VALUES ('c903b6f9-646c-466f-988a-44253eb6691c', 'ca9ca463-6fc1-4322-9b5a-a7ffa677d63e', 'https://image.tmdb.org/t/p/w300/vm4H1DivjQoNIm0Vs6i3CTzFxQ0.jpg', 'extra', '2026-01-16T12:36:12.907250', '2026-01-16T12:36:12.907250');
INSERT INTO movies (id, title, language, projection_start_date, projection_end_date, director_full_name, synopsis, pg_rating, duration_in_minutes, trailer_url, created_at, updated_at) VALUES ('b7b10401-65a6-4cb0-853f-31aa8e6e9013', 'Black Phone 2', 'EN', '2026-01-16', '2026-03-03', 'Jane Smith', 'Four years after escaping The Grabber, Finney Blake is struggling with his life after captivity. When his sister Gwen begins receiving calls in her dreams from the black phone and seeing disturbing visions of three boys being stalked at a winter camp, the siblings become determined to solve the mystery and confront a killer who has grown more powerful in death and more significant to them than either could imagine.', 'PG-13', '114', 'https://www.youtube.com/watch?v=pWNucAcRoBY', '2026-01-16T12:36:18.571420', '2026-01-16T12:36:18.571420');
INSERT INTO movie_images (id, movie_id, url, type, created_at, updated_at) VALUES ('65f3b6ec-d366-4b0a-9eb1-f6134e0b8df9', 'b7b10401-65a6-4cb0-853f-31aa8e6e9013', 'https://image.tmdb.org/t/p/w342/gFddBLQ8wj9M9O82iPzgX5KVNHz.jpg', 'poster', '2026-01-16T12:36:18.571420', '2026-01-16T12:36:18.571420');
INSERT INTO movie_images (id, movie_id, url, type, created_at, updated_at) VALUES ('1d2a243c-8a50-4e14-84b3-f1774b1c1e09', 'b7b10401-65a6-4cb0-853f-31aa8e6e9013', 'https://image.tmdb.org/t/p/w1280/6zKjoOOb3OZnZuiHtQZn4Kd69Gq.jpg', 'backdrop', '2026-01-16T12:36:18.571420', '2026-01-16T12:36:18.571420');
INSERT INTO movie_images (id, movie_id, url, type, created_at, updated_at) VALUES ('6b83b36f-c585-42b8-8b36-69b64993479a', 'b7b10401-65a6-4cb0-853f-31aa8e6e9013', 'https://image.tmdb.org/t/p/w300/oe2TOWykcLSGq67XPH4Bb0N1oU3.jpg', 'extra', '2026-01-16T12:36:18.571420', '2026-01-16T12:36:18.571420');
INSERT INTO movie_images (id, movie_id, url, type, created_at, updated_at) VALUES ('13f4b9a3-2c84-43bd-86c8-0835f7f40c54', 'b7b10401-65a6-4cb0-853f-31aa8e6e9013', 'https://image.tmdb.org/t/p/w300/7QMsQ465YlyCFstLJUeUdpEwNUd.jpg', 'extra', '2026-01-16T12:36:18.571420', '2026-01-16T12:36:18.571420');
INSERT INTO movie_images (id, movie_id, url, type, created_at, updated_at) VALUES ('ba48e041-56fa-4efb-927b-f0fde3ca358c', 'b7b10401-65a6-4cb0-853f-31aa8e6e9013', 'https://image.tmdb.org/t/p/w300/GNeuKnbZRZj5JhKfnJOPyKJuVA.jpg', 'extra', '2026-01-16T12:36:18.571420', '2026-01-16T12:36:18.571420');
INSERT INTO movie_images (id, movie_id, url, type, created_at, updated_at) VALUES ('0df8027e-e843-4e20-aed8-d11a63db3a4e', 'b7b10401-65a6-4cb0-853f-31aa8e6e9013', 'https://image.tmdb.org/t/p/w300/uALtD42siECHdv5pP7mj7I0Tbqs.jpg', 'extra', '2026-01-16T12:36:18.571420', '2026-01-16T12:36:18.571420');
INSERT INTO movies (id, title, language, projection_start_date, projection_end_date, director_full_name, synopsis, pg_rating, duration_in_minutes, trailer_url, created_at, updated_at) VALUES ('50cde606-959e-41b7-bc1b-199eb6b82a11', 'Afterburn', 'EN', '2026-01-16', '2026-02-16', 'Alex Johnson', 'Set against the backdrop of a postapocalyptic Earth whose Eastern Hemisphere was destroyed by a massive solar flare, leaving what life remains mutated from radiation and fallout. The story revolves around a group of treasure hunters who extract such objects as the Mona Lisa, the Rosetta Stone and the Crown Jewels while facing rival hunters, mutants and pirates.', 'PG-13', '105', 'https://www.youtube.com/watch?v=ZkEjle729tI', '2026-01-16T12:36:26.116505', '2026-01-16T12:36:26.116505');
INSERT INTO movie_images (id, movie_id, url, type, created_at, updated_at) VALUES ('adbc3549-07cd-408b-999b-93fd2321d20f', '50cde606-959e-41b7-bc1b-199eb6b82a11', 'https://image.tmdb.org/t/p/w342/hrze9JXp2QJpc2WjLfSUtRxyYSb.jpg', 'poster', '2026-01-16T12:36:26.116505', '2026-01-16T12:36:26.116505');
INSERT INTO movie_images (id, movie_id, url, type, created_at, updated_at) VALUES ('3ef7f6c9-d02e-49d7-b2b6-7391d117ad98', '50cde606-959e-41b7-bc1b-199eb6b82a11', 'https://image.tmdb.org/t/p/w1280/kHOfxq7cMTXyLbj0UmdoGhT540O.jpg', 'backdrop', '2026-01-16T12:36:26.116505', '2026-01-16T12:36:26.116505');
INSERT INTO movie_images (id, movie_id, url, type, created_at, updated_at) VALUES ('df7c8b60-e14f-4117-8e45-c8071ef723ce', '50cde606-959e-41b7-bc1b-199eb6b82a11', 'https://image.tmdb.org/t/p/w300/ksIvbukEg9ivqr94K8ocyPHA81I.jpg', 'extra', '2026-01-16T12:36:26.116505', '2026-01-16T12:36:26.116505');
INSERT INTO movie_images (id, movie_id, url, type, created_at, updated_at) VALUES ('afed1cb6-b9ad-421a-98b0-107fdb2f95a1', '50cde606-959e-41b7-bc1b-199eb6b82a11', 'https://image.tmdb.org/t/p/w300/3iA0SNHSj8bU6FK6E8lKd1nrpCj.jpg', 'extra', '2026-01-16T12:36:26.116505', '2026-01-16T12:36:26.116505');
INSERT INTO movie_images (id, movie_id, url, type, created_at, updated_at) VALUES ('709a74b3-26d3-4da9-9a68-ad5e03e09fb2', '50cde606-959e-41b7-bc1b-199eb6b82a11', 'https://image.tmdb.org/t/p/w300/xqE7zgzeXL4MXI9dgI2giw2q4st.jpg', 'extra', '2026-01-16T12:36:26.116505', '2026-01-16T12:36:26.116505');
INSERT INTO movie_images (id, movie_id, url, type, created_at, updated_at) VALUES ('a927e999-a380-4c4c-b20e-6a1042bce840', '50cde606-959e-41b7-bc1b-199eb6b82a11', 'https://image.tmdb.org/t/p/w300/3pDWEFQHBSQhLGVwRMWs7vdQtE.jpg', 'extra', '2026-01-16T12:36:26.116505', '2026-01-16T12:36:26.116505');
INSERT INTO movies (id, title, language, projection_start_date, projection_end_date, director_full_name, synopsis, pg_rating, duration_in_minutes, trailer_url, created_at, updated_at) VALUES ('c8b80504-9ac3-4f5a-8141-ebdb4e498356', 'Dune', 'EN', '2026-01-16', '2026-04-16', 'Alex Johnson', 'Paul Atreides, a brilliant and gifted young man born into a great destiny beyond his understanding, must travel to the most dangerous planet in the universe to ensure the future of his family and his people. As malevolent forces explode into conflict over the planet''s exclusive supply of the most precious resource in existence-a commodity capable of unlocking humanity''s greatest potential-only those who can conquer their fear will survive.', 'PG-13', '155', 'https://www.youtube.com/watch?v=w0HgHet0sxg', '2026-01-16T12:36:32.907514', '2026-01-16T12:36:32.907514');
INSERT INTO movie_images (id, movie_id, url, type, created_at, updated_at) VALUES ('19c2e4cc-842e-43bb-b142-aa3ebce36990', 'c8b80504-9ac3-4f5a-8141-ebdb4e498356', 'https://image.tmdb.org/t/p/w342/d5NXSklXo0qyIYkgV94XAgMIckC.jpg', 'poster', '2026-01-16T12:36:32.907514', '2026-01-16T12:36:32.907514');
INSERT INTO movie_images (id, movie_id, url, type, created_at, updated_at) VALUES ('79a7c14c-854e-46ba-ad31-9ed160fc0c1d', 'c8b80504-9ac3-4f5a-8141-ebdb4e498356', 'https://image.tmdb.org/t/p/w1280/h61Kc0NC7d90jNwXfBx5js7DnSQ.jpg', 'backdrop', '2026-01-16T12:36:32.907514', '2026-01-16T12:36:32.907514');
INSERT INTO movie_images (id, movie_id, url, type, created_at, updated_at) VALUES ('c3fa0ef0-9645-4e2f-94dd-c2f3154d8cd8', 'c8b80504-9ac3-4f5a-8141-ebdb4e498356', 'https://image.tmdb.org/t/p/w300/jYEW5xZkZk2WTrdbMGAPFuBqbDc.jpg', 'extra', '2026-01-16T12:36:32.907514', '2026-01-16T12:36:32.907514');
INSERT INTO movie_images (id, movie_id, url, type, created_at, updated_at) VALUES ('ed8eee17-b5a5-4b7a-8a9f-c2b3431061ed', 'c8b80504-9ac3-4f5a-8141-ebdb4e498356', 'https://image.tmdb.org/t/p/w300/wYMbnrdRCREjNLwFlG5SLWzBjui.jpg', 'extra', '2026-01-16T12:36:32.907514', '2026-01-16T12:36:32.907514');
INSERT INTO movie_images (id, movie_id, url, type, created_at, updated_at) VALUES ('3c1bab98-c72e-47f9-9f96-7c45676650a4', 'c8b80504-9ac3-4f5a-8141-ebdb4e498356', 'https://image.tmdb.org/t/p/w300/zRKQW58MBEY078AxkHxEJzUskCl.jpg', 'extra', '2026-01-16T12:36:32.907514', '2026-01-16T12:36:32.907514');
INSERT INTO movie_images (id, movie_id, url, type, created_at, updated_at) VALUES ('2e945e3f-f61c-43fa-8239-d93a27fb753f', 'c8b80504-9ac3-4f5a-8141-ebdb4e498356', 'https://image.tmdb.org/t/p/w300/lzWHmYdfeFiMIY4JaMmtR7GEli3.jpg', 'extra', '2026-01-16T12:36:32.907514', '2026-01-16T12:36:32.907514');
INSERT INTO movies (id, title, language, projection_start_date, projection_end_date, director_full_name, synopsis, pg_rating, duration_in_minutes, trailer_url, created_at, updated_at) VALUES ('96595de7-b3a8-469d-9204-941929d3a654', 'War of the Worlds', 'EN', '2026-01-16', '2026-02-27', 'Pat Morgan', 'Will Radford is a top analyst for Homeland Security who tracks potential threats through a mass surveillance program, until one day an attack by an unknown entity leads him to question whether the government is hiding something from him... and from the rest of the world.', 'PG-13', '91', 'https://www.youtube.com/watch?v=d9erkpdh5o0', '2026-01-16T12:36:41.373760', '2026-01-16T12:36:41.373760');
INSERT INTO movie_images (id, movie_id, url, type, created_at, updated_at) VALUES ('82e9f38a-763c-408b-9ac3-cf4111a1ca53', '96595de7-b3a8-469d-9204-941929d3a654', 'https://image.tmdb.org/t/p/w342/yvirUYrva23IudARHn3mMGVxWqM.jpg', 'poster', '2026-01-16T12:36:41.373760', '2026-01-16T12:36:41.373760');
INSERT INTO movie_images (id, movie_id, url, type, created_at, updated_at) VALUES ('09e397af-546a-4b75-82bd-c8f4b60ced48', '96595de7-b3a8-469d-9204-941929d3a654', 'https://image.tmdb.org/t/p/w1280/iZLqwEwUViJdSkGVjePGhxYzbDb.jpg', 'backdrop', '2026-01-16T12:36:41.373760', '2026-01-16T12:36:41.373760');
INSERT INTO movie_images (id, movie_id, url, type, created_at, updated_at) VALUES ('31b97f68-f903-40e9-a7c1-acfe05249f2e', '96595de7-b3a8-469d-9204-941929d3a654', 'https://image.tmdb.org/t/p/w300/f2T5LlY8EPvmgtBVvOra8H2GvlQ.jpg', 'extra', '2026-01-16T12:36:41.373760', '2026-01-16T12:36:41.373760');
INSERT INTO movie_images (id, movie_id, url, type, created_at, updated_at) VALUES ('f3625a95-c148-4e42-b770-0d2f984441ae', '96595de7-b3a8-469d-9204-941929d3a654', 'https://image.tmdb.org/t/p/w300/kqHypb4MdEBUFiphf49bK99T4cn.jpg', 'extra', '2026-01-16T12:36:41.373760', '2026-01-16T12:36:41.373760');
INSERT INTO movie_images (id, movie_id, url, type, created_at, updated_at) VALUES ('5ba84b51-0170-4b31-937b-7357943e1c67', '96595de7-b3a8-469d-9204-941929d3a654', 'https://image.tmdb.org/t/p/w300/l2D8XPcANYIM7DJ4e9XYymzZovT.jpg', 'extra', '2026-01-16T12:36:41.373760', '2026-01-16T12:36:41.373760');
INSERT INTO movie_images (id, movie_id, url, type, created_at, updated_at) VALUES ('b5bb8b15-958d-4026-af11-578ae02b0336', '96595de7-b3a8-469d-9204-941929d3a654', 'https://image.tmdb.org/t/p/w300/ceaS9zOX4GJPzZeUgsnjRy9JKck.jpg', 'extra', '2026-01-16T12:36:41.373760', '2026-01-16T12:36:41.373760');
INSERT INTO movies (id, title, language, projection_start_date, projection_end_date, director_full_name, synopsis, pg_rating, duration_in_minutes, trailer_url, created_at, updated_at) VALUES ('9cd47689-f72c-4bfa-a686-500874d88207', 'Now You See Me: Now You Don''t', 'EN', '2026-01-16', '2026-03-19', 'Sam Lee', 'The original Four Horsemen reunite with a new generation of illusionists to take on powerful diamond heiress Veronika Vanderberg, who leads a criminal empire built on money laundering and trafficking. The new and old magicians must overcome their differences to work together on their most ambitious heist yet.', 'PG-13', '113', 'https://www.youtube.com/watch?v=lLWESUfW-0A', '2026-01-16T12:36:47.060067', '2026-01-16T12:36:47.060067');
INSERT INTO movie_images (id, movie_id, url, type, created_at, updated_at) VALUES ('5af18ab7-406e-4166-a7fc-0734761f29b9', '9cd47689-f72c-4bfa-a686-500874d88207', 'https://image.tmdb.org/t/p/w342/xUddC5HTjMWmClD007QBWR0BLHY.jpg', 'poster', '2026-01-16T12:36:47.060067', '2026-01-16T12:36:47.060067');
INSERT INTO movie_images (id, movie_id, url, type, created_at, updated_at) VALUES ('b4ac2e0f-5136-4c96-9b53-2ec05dafdd35', '9cd47689-f72c-4bfa-a686-500874d88207', 'https://image.tmdb.org/t/p/w1280/ufqytAlziHq5pljKByGJ8IKhtEZ.jpg', 'backdrop', '2026-01-16T12:36:47.060067', '2026-01-16T12:36:47.060067');
INSERT INTO movie_images (id, movie_id, url, type, created_at, updated_at) VALUES ('a14fd142-a17e-4843-b3eb-b4214ceb7ada', '9cd47689-f72c-4bfa-a686-500874d88207', 'https://image.tmdb.org/t/p/w300/dHSz0tSFuO2CsXJ1CApSauP9Ncl.jpg', 'extra', '2026-01-16T12:36:47.060067', '2026-01-16T12:36:47.060067');
INSERT INTO movie_images (id, movie_id, url, type, created_at, updated_at) VALUES ('3dbe181f-7865-4725-9366-794887bdad5d', '9cd47689-f72c-4bfa-a686-500874d88207', 'https://image.tmdb.org/t/p/w300/dL0rr15VD5JbI3XTWlItwJGuLWS.jpg', 'extra', '2026-01-16T12:36:47.060067', '2026-01-16T12:36:47.060067');
INSERT INTO movie_images (id, movie_id, url, type, created_at, updated_at) VALUES ('ce011be6-0d7d-4cc2-be22-dbe023181fa1', '9cd47689-f72c-4bfa-a686-500874d88207', 'https://image.tmdb.org/t/p/w300/oCl3vWqU10qH9dbL5H0fjBGGUJj.jpg', 'extra', '2026-01-16T12:36:47.060067', '2026-01-16T12:36:47.060067');
INSERT INTO movie_images (id, movie_id, url, type, created_at, updated_at) VALUES ('a8ac22d7-bb4d-4933-b868-050c61dce776', '9cd47689-f72c-4bfa-a686-500874d88207', 'https://image.tmdb.org/t/p/w300/hfwzCPUjsCeEKmo9ch5uFmrjRbx.jpg', 'extra', '2026-01-16T12:36:47.060067', '2026-01-16T12:36:47.060067');
INSERT INTO movies (id, title, language, projection_start_date, projection_end_date, director_full_name, synopsis, pg_rating, duration_in_minutes, trailer_url, created_at, updated_at) VALUES ('b45e8231-31a6-49c0-8338-ffc92ff32ebf', 'Frankenstein', 'EN', '2026-01-16', '2026-03-02', 'Jane Smith', 'Dr. Victor Frankenstein, a brilliant but egotistical scientist, brings a creature to life in a monstrous experiment that ultimately leads to the undoing of both the creator and his tragic creation.', 'PG-13', '150', 'https://www.youtube.com/watch?v=9WZllcEgWrM', '2026-01-16T12:36:51.734590', '2026-01-16T12:36:51.734590');
INSERT INTO movie_images (id, movie_id, url, type, created_at, updated_at) VALUES ('4085c59c-578f-4091-8065-0a51e27cb4d2', 'b45e8231-31a6-49c0-8338-ffc92ff32ebf', 'https://image.tmdb.org/t/p/w342/g4JtvGlQO7DByTI6frUobqvSL3R.jpg', 'poster', '2026-01-16T12:36:51.734590', '2026-01-16T12:36:51.734590');
INSERT INTO movie_images (id, movie_id, url, type, created_at, updated_at) VALUES ('378216ca-88d9-44c3-952b-0a1a041683bf', 'b45e8231-31a6-49c0-8338-ffc92ff32ebf', 'https://image.tmdb.org/t/p/w1280/ceyakefyCRAgyeFhefa2bz6d9QO.jpg', 'backdrop', '2026-01-16T12:36:51.734590', '2026-01-16T12:36:51.734590');
INSERT INTO movie_images (id, movie_id, url, type, created_at, updated_at) VALUES ('ec7604f4-5f9b-4990-b5a2-0e603b0e67c9', 'b45e8231-31a6-49c0-8338-ffc92ff32ebf', 'https://image.tmdb.org/t/p/w300/hpXBJxLD2SEf8l2CspmSeiHrBKX.jpg', 'extra', '2026-01-16T12:36:51.734590', '2026-01-16T12:36:51.734590');
INSERT INTO movie_images (id, movie_id, url, type, created_at, updated_at) VALUES ('97a65986-d24c-4787-b39d-b1f9938791ba', 'b45e8231-31a6-49c0-8338-ffc92ff32ebf', 'https://image.tmdb.org/t/p/w300/vrjRcY43fHBNQqx0El0ZZzo7HZb.jpg', 'extra', '2026-01-16T12:36:51.734590', '2026-01-16T12:36:51.734590');
INSERT INTO movie_images (id, movie_id, url, type, created_at, updated_at) VALUES ('9d2f0b6c-11d4-4ef3-a84f-334d1dfa7f37', 'b45e8231-31a6-49c0-8338-ffc92ff32ebf', 'https://image.tmdb.org/t/p/w300/sy7Y4jCDsGPCzoQIEmxqAgPjAgr.jpg', 'extra', '2026-01-16T12:36:51.734590', '2026-01-16T12:36:51.734590');
INSERT INTO movie_images (id, movie_id, url, type, created_at, updated_at) VALUES ('1e79af66-68bc-4ab6-979f-cbec286af7bc', 'b45e8231-31a6-49c0-8338-ffc92ff32ebf', 'https://image.tmdb.org/t/p/w300/i9JWf8ivhykQzQZNwp2qdwExdhd.jpg', 'extra', '2026-01-16T12:36:51.734590', '2026-01-16T12:36:51.734590');
INSERT INTO movies (id, title, language, projection_start_date, projection_end_date, director_full_name, synopsis, pg_rating, duration_in_minutes, trailer_url, created_at, updated_at) VALUES ('dcf6f77b-76da-4fa5-a32e-2625a57b2f67', 'Jurassic World Rebirth', 'EN', '2026-01-16', '2026-04-07', 'David Clark', 'Five years after the events of Jurassic World Dominion, covert operations expert Zora Bennett is contracted to lead a skilled team on a top-secret mission to secure genetic material from the world''s three most massive dinosaurs. When Zora''s operation intersects with a civilian family whose boating expedition was capsized, they all find themselves stranded on an island where they come face-to-face with a sinister, shocking discovery that''s been hidden from the world for decades.', 'PG-13', '134', 'https://www.youtube.com/watch?v=2ZhB-YO5Tnk', '2026-01-16T12:36:57.190439', '2026-01-16T12:36:57.190439');
INSERT INTO movie_images (id, movie_id, url, type, created_at, updated_at) VALUES ('2521c972-ba49-460e-8bc5-690dd82001dc', 'dcf6f77b-76da-4fa5-a32e-2625a57b2f67', 'https://image.tmdb.org/t/p/w342/zuEC2i3I2P7QIcLoUJNBwqRYO4S.jpg', 'poster', '2026-01-16T12:36:57.190439', '2026-01-16T12:36:57.190439');
INSERT INTO movie_images (id, movie_id, url, type, created_at, updated_at) VALUES ('0c2cb48f-44da-437b-a20b-cadc3311b7d8', 'dcf6f77b-76da-4fa5-a32e-2625a57b2f67', 'https://image.tmdb.org/t/p/w1280/zVQE3N96tzPZqcB0Gmiq3Z0NOQL.jpg', 'backdrop', '2026-01-16T12:36:57.190439', '2026-01-16T12:36:57.190439');
INSERT INTO movie_images (id, movie_id, url, type, created_at, updated_at) VALUES ('8577bb1a-de85-4733-8c17-927fca6c2f64', 'dcf6f77b-76da-4fa5-a32e-2625a57b2f67', 'https://image.tmdb.org/t/p/w300/fQOV47FHTJdaSuSUNlzP3zXUZWE.jpg', 'extra', '2026-01-16T12:36:57.190439', '2026-01-16T12:36:57.190439');
INSERT INTO movie_images (id, movie_id, url, type, created_at, updated_at) VALUES ('359eafe8-11a6-4199-ac7a-9912f773a965', 'dcf6f77b-76da-4fa5-a32e-2625a57b2f67', 'https://image.tmdb.org/t/p/w300/fncHijpWjitFBmj7SX5z148XEhP.jpg', 'extra', '2026-01-16T12:36:57.190439', '2026-01-16T12:36:57.190439');
INSERT INTO movie_images (id, movie_id, url, type, created_at, updated_at) VALUES ('55880d38-678a-4f54-88ca-d0064166be19', 'dcf6f77b-76da-4fa5-a32e-2625a57b2f67', 'https://image.tmdb.org/t/p/w300/zNriRTr0kWwyaXPzdg1EIxf0BWk.jpg', 'extra', '2026-01-16T12:36:57.190439', '2026-01-16T12:36:57.190439');
INSERT INTO movie_images (id, movie_id, url, type, created_at, updated_at) VALUES ('a8ec6699-6c95-477e-9708-15ecc7168003', 'dcf6f77b-76da-4fa5-a32e-2625a57b2f67', 'https://image.tmdb.org/t/p/w300/8fA0Gr4vJNPOd0jyqWKU7ef8DoH.jpg', 'extra', '2026-01-16T12:36:57.190439', '2026-01-16T12:36:57.190439');
INSERT INTO movies (id, title, language, projection_start_date, projection_end_date, director_full_name, synopsis, pg_rating, duration_in_minutes, trailer_url, created_at, updated_at) VALUES ('4a4db06b-179b-4131-84b1-87c628a83442', 'One Battle After Another', 'EN', '2026-01-16', '2026-02-22', 'Alex Johnson', 'Washed-up revolutionary Bob exists in a state of stoned paranoia, surviving off-grid with his spirited, self-reliant daughter, Willa. When his evil nemesis resurfaces after 16 years and she goes missing, the former radical scrambles to find her, father and daughter both battling the consequences of his past.', 'PG-13', '162', 'https://www.youtube.com/watch?v=u6GVb4p7oD4', '2026-01-16T12:37:02.608115', '2026-01-16T12:37:02.608115');
INSERT INTO movie_images (id, movie_id, url, type, created_at, updated_at) VALUES ('77cb51ff-d467-48ee-80f7-202b297aa2c1', '4a4db06b-179b-4131-84b1-87c628a83442', 'https://image.tmdb.org/t/p/w342/mPKI17bw3qbv9h5wbrpUAlbanjw.jpg', 'poster', '2026-01-16T12:37:02.608115', '2026-01-16T12:37:02.608115');
INSERT INTO movie_images (id, movie_id, url, type, created_at, updated_at) VALUES ('e8075c1c-9196-4f72-8a41-a4cf5e4d2b0a', '4a4db06b-179b-4131-84b1-87c628a83442', 'https://image.tmdb.org/t/p/w1280/zpEWFNqoN8Qg1SzMMHmaGyOBTdW.jpg', 'backdrop', '2026-01-16T12:37:02.608115', '2026-01-16T12:37:02.608115');
INSERT INTO movie_images (id, movie_id, url, type, created_at, updated_at) VALUES ('c4bcbc25-46f5-47f9-913a-feaf0f5707c9', '4a4db06b-179b-4131-84b1-87c628a83442', 'https://image.tmdb.org/t/p/w300/nyvyWsZJkqtHJ0SLVOoWc141cEg.jpg', 'extra', '2026-01-16T12:37:02.608115', '2026-01-16T12:37:02.608115');
INSERT INTO movie_images (id, movie_id, url, type, created_at, updated_at) VALUES ('3e4ac538-a095-49a4-9140-d8a345d1df08', '4a4db06b-179b-4131-84b1-87c628a83442', 'https://image.tmdb.org/t/p/w300/si68lkhkMfIospVeLEBtl7HWKDh.jpg', 'extra', '2026-01-16T12:37:02.608115', '2026-01-16T12:37:02.608115');
INSERT INTO movie_images (id, movie_id, url, type, created_at, updated_at) VALUES ('00dbc9e9-8d1f-4303-ad9c-47a3133e8ca3', '4a4db06b-179b-4131-84b1-87c628a83442', 'https://image.tmdb.org/t/p/w300/nIX9kqNNe4ERx3wg3TuzRa2deAM.jpg', 'extra', '2026-01-16T12:37:02.608115', '2026-01-16T12:37:02.608115');
INSERT INTO movie_images (id, movie_id, url, type, created_at, updated_at) VALUES ('ef022bba-ea01-4c55-bfce-ac4f9b196567', '4a4db06b-179b-4131-84b1-87c628a83442', 'https://image.tmdb.org/t/p/w300/jUPCUYoVdTGa5DBSxOTAriLWqmW.jpg', 'extra', '2026-01-16T12:37:02.608115', '2026-01-16T12:37:02.608115');
INSERT INTO movies (id, title, language, projection_start_date, projection_end_date, director_full_name, synopsis, pg_rating, duration_in_minutes, trailer_url, created_at, updated_at) VALUES ('d4402bd9-ff8a-4ce5-919b-6f15b6d3649b', 'Interstellar', 'EN', '2026-01-16', '2026-03-22', 'Alex Johnson', 'The adventures of a group of explorers who make use of a newly discovered wormhole to surpass the limitations on human space travel and conquer the vast distances involved in an interstellar voyage.', 'PG-13', '169', 'https://www.youtube.com/watch?v=LY19rHKAaAg', '2026-01-16T12:37:07.553356', '2026-01-16T12:37:07.553356');
INSERT INTO movie_images (id, movie_id, url, type, created_at, updated_at) VALUES ('7ccc42e5-fee0-4874-a5af-596689304091', 'd4402bd9-ff8a-4ce5-919b-6f15b6d3649b', 'https://image.tmdb.org/t/p/w342/gEU2QniE6E77NI6lCU6MxlNBvIx.jpg', 'poster', '2026-01-16T12:37:07.553356', '2026-01-16T12:37:07.553356');
INSERT INTO movie_images (id, movie_id, url, type, created_at, updated_at) VALUES ('f5f3163e-11c6-4be7-bc47-fd6ac0489599', 'd4402bd9-ff8a-4ce5-919b-6f15b6d3649b', 'https://image.tmdb.org/t/p/w1280/5XNQBqnBwPA9yT0jZ0p3s8bbLh0.jpg', 'backdrop', '2026-01-16T12:37:07.553356', '2026-01-16T12:37:07.553356');
INSERT INTO movie_images (id, movie_id, url, type, created_at, updated_at) VALUES ('06c8927d-5bca-4549-95db-0f45ee8102c8', 'd4402bd9-ff8a-4ce5-919b-6f15b6d3649b', 'https://image.tmdb.org/t/p/w300/vgnoBSVzWAV9sNQUORaDGvDp7wx.jpg', 'extra', '2026-01-16T12:37:07.553356', '2026-01-16T12:37:07.553356');
INSERT INTO movie_images (id, movie_id, url, type, created_at, updated_at) VALUES ('8c62daea-ab6e-473d-8309-b6ad5b8f547e', 'd4402bd9-ff8a-4ce5-919b-6f15b6d3649b', 'https://image.tmdb.org/t/p/w300/8sNiAPPYU14PUepFNeSNGUTiHW.jpg', 'extra', '2026-01-16T12:37:07.553356', '2026-01-16T12:37:07.553356');
INSERT INTO movie_images (id, movie_id, url, type, created_at, updated_at) VALUES ('2e6cab99-22fd-4657-b8e2-0424dd6f9c4f', 'd4402bd9-ff8a-4ce5-919b-6f15b6d3649b', 'https://image.tmdb.org/t/p/w300/9REO1DLpmwhrBJY3mYW5eVxkXFM.jpg', 'extra', '2026-01-16T12:37:07.553356', '2026-01-16T12:37:07.553356');
INSERT INTO movie_images (id, movie_id, url, type, created_at, updated_at) VALUES ('79248001-1468-4fb1-ad97-9154f1d7d881', 'd4402bd9-ff8a-4ce5-919b-6f15b6d3649b', 'https://image.tmdb.org/t/p/w300/xJHokMbljvjADYdit5fK5VQsXEG.jpg', 'extra', '2026-01-16T12:37:07.553356', '2026-01-16T12:37:07.553356');
INSERT INTO movies (id, title, language, projection_start_date, projection_end_date, director_full_name, synopsis, pg_rating, duration_in_minutes, trailer_url, created_at, updated_at) VALUES ('6eac4deb-7773-479f-a4b6-df1e7a32e813', 'Harry Potter and the Prisoner of Azkaban', 'EN', '2026-01-16', '2026-02-25', 'Chris Taylor', 'Year three at Hogwarts means new fun and challenges as Harry learns the delicate art of approaching a Hippogriff, transforming shape-shifting Boggarts into hilarity and even turning back time. But the term also brings danger: soul-sucking Dementors hover over the school, an ally of the accursed He-Who-Cannot-Be-Named lurks within the castle walls, and fearsome wizard Sirius Black escapes Azkaban. And Harry will confront them all.', 'PG-13', '141', 'https://www.youtube.com/watch?v=VwErvYgoH70', '2026-01-16T12:37:12.964135', '2026-01-16T12:37:12.964135');
INSERT INTO movie_images (id, movie_id, url, type, created_at, updated_at) VALUES ('b0a915da-d5ef-4721-9410-37c9423cec99', '6eac4deb-7773-479f-a4b6-df1e7a32e813', 'https://image.tmdb.org/t/p/w342/gVt7hhFNZF2r5EuBT3c9FnudWW8.jpg', 'poster', '2026-01-16T12:37:12.964135', '2026-01-16T12:37:12.964135');
INSERT INTO movie_images (id, movie_id, url, type, created_at, updated_at) VALUES ('ac8c38bb-d4e5-446e-b4dd-3b1a32bc5574', '6eac4deb-7773-479f-a4b6-df1e7a32e813', 'https://image.tmdb.org/t/p/w1280/ktj07Eajol5Y2aTQpvTADiQZXJV.jpg', 'backdrop', '2026-01-16T12:37:12.964135', '2026-01-16T12:37:12.964135');
INSERT INTO movie_images (id, movie_id, url, type, created_at, updated_at) VALUES ('87b39623-895e-46ee-9321-f07d9a9bb185', '6eac4deb-7773-479f-a4b6-df1e7a32e813', 'https://image.tmdb.org/t/p/w300/vbk5CfaAHOjQPSAcYm6AoRRz2Af.jpg', 'extra', '2026-01-16T12:37:12.964135', '2026-01-16T12:37:12.964135');
INSERT INTO movie_images (id, movie_id, url, type, created_at, updated_at) VALUES ('087a7ba7-6f2d-45db-951b-19e1681ba69f', '6eac4deb-7773-479f-a4b6-df1e7a32e813', 'https://image.tmdb.org/t/p/w300/htmYEfH7TQgzsXHCnNXxmoYKQtL.jpg', 'extra', '2026-01-16T12:37:12.964135', '2026-01-16T12:37:12.964135');
INSERT INTO movie_images (id, movie_id, url, type, created_at, updated_at) VALUES ('947fc741-3cab-4f55-940b-11776dea453e', '6eac4deb-7773-479f-a4b6-df1e7a32e813', 'https://image.tmdb.org/t/p/w300/v2K8QaAQD0pmEaUTUeV8MXMq1qx.jpg', 'extra', '2026-01-16T12:37:12.964135', '2026-01-16T12:37:12.964135');
INSERT INTO movie_images (id, movie_id, url, type, created_at, updated_at) VALUES ('cd69a28e-a546-45c4-9b40-f41e34bed93b', '6eac4deb-7773-479f-a4b6-df1e7a32e813', 'https://image.tmdb.org/t/p/w300/fVgBU3KJAWHS55FPdbsZQ3YQG2Z.jpg', 'extra', '2026-01-16T12:37:12.964135', '2026-01-16T12:37:12.964135');
INSERT INTO movies (id, title, language, projection_start_date, projection_end_date, director_full_name, synopsis, pg_rating, duration_in_minutes, trailer_url, created_at, updated_at) VALUES ('7baf51c9-448d-4a54-bf46-73b27893e54a', 'The Godfather', 'EN', '2026-01-16', '2026-02-24', 'Alex Johnson', 'Spanning the years 1945 to 1955, a chronicle of the fictional Italian-American Corleone crime family. When organized crime family patriarch, Vito Corleone barely survives an attempt on his life, his youngest son, Michael steps in to take care of the would-be killers, launching a campaign of bloody revenge.', 'PG-13', '175', 'https://www.youtube.com/watch?v=Ew9ngL1GZvs', '2026-01-16T12:37:24.048966', '2026-01-16T12:37:24.048966');
INSERT INTO movie_images (id, movie_id, url, type, created_at, updated_at) VALUES ('66689c7b-88ca-4a24-8681-981cac9bd82d', '7baf51c9-448d-4a54-bf46-73b27893e54a', 'https://image.tmdb.org/t/p/w342/3bhkrj58Vtu7enYsRolD1fZdja1.jpg', 'poster', '2026-01-16T12:37:24.048966', '2026-01-16T12:37:24.048966');
INSERT INTO movie_images (id, movie_id, url, type, created_at, updated_at) VALUES ('2e065590-2a77-4acd-a219-bc3e0e52f51a', '7baf51c9-448d-4a54-bf46-73b27893e54a', 'https://image.tmdb.org/t/p/w1280/tSPT36ZKlP2WVHJLM4cQPLSzv3b.jpg', 'backdrop', '2026-01-16T12:37:24.048966', '2026-01-16T12:37:24.048966');
INSERT INTO movie_images (id, movie_id, url, type, created_at, updated_at) VALUES ('a57a36e8-80ce-4ff4-8631-51be3579e358', '7baf51c9-448d-4a54-bf46-73b27893e54a', 'https://image.tmdb.org/t/p/w300/AbgEQO2mneCSOc8CSnOMa8pBS8I.jpg', 'extra', '2026-01-16T12:37:24.048966', '2026-01-16T12:37:24.048966');
INSERT INTO movie_images (id, movie_id, url, type, created_at, updated_at) VALUES ('1352ef99-0798-4357-a550-8126d781720a', '7baf51c9-448d-4a54-bf46-73b27893e54a', 'https://image.tmdb.org/t/p/w300/ejdD20cdHNFAYAN2DlqPToXKyzx.jpg', 'extra', '2026-01-16T12:37:24.048966', '2026-01-16T12:37:24.048966');
INSERT INTO movie_images (id, movie_id, url, type, created_at, updated_at) VALUES ('300284f2-4575-40ca-a173-e6748fe46a99', '7baf51c9-448d-4a54-bf46-73b27893e54a', 'https://image.tmdb.org/t/p/w300/tmU7GeKVybMWFButWEGl2M4GeiP.jpg', 'extra', '2026-01-16T12:37:24.048966', '2026-01-16T12:37:24.048966');
INSERT INTO movie_images (id, movie_id, url, type, created_at, updated_at) VALUES ('8297bfd5-d546-4ac6-b244-0711dd453fbf', '7baf51c9-448d-4a54-bf46-73b27893e54a', 'https://image.tmdb.org/t/p/w300/39rtAdg3yx6IDxRg0ZLXefv0aPY.jpg', 'extra', '2026-01-16T12:37:24.048966', '2026-01-16T12:37:24.048966');
INSERT INTO movies (id, title, language, projection_start_date, projection_end_date, director_full_name, synopsis, pg_rating, duration_in_minutes, trailer_url, created_at, updated_at) VALUES ('4e8fed90-abba-49cb-b11e-9dcf1f2f4d24', 'Inception', 'EN', '2026-02-25', '2026-04-29', 'David Clark', 'Cobb, a skilled thief who commits corporate espionage by infiltrating the subconscious of his targets is offered a chance to regain his old life as payment for a task considered to be impossible: "inception", the implantation of another person''s idea into a target''s subconscious.', 'PG-13', '148', 'https://www.youtube.com/watch?v=cdx31ak4KbQ', '2026-01-16T12:37:30.344261', '2026-01-16T12:37:30.344261');
INSERT INTO movie_images (id, movie_id, url, type, created_at, updated_at) VALUES ('387564c2-3f0a-4675-a7f7-c0d0b0b1c0d3', '4e8fed90-abba-49cb-b11e-9dcf1f2f4d24', 'https://image.tmdb.org/t/p/w342/tXQvtRWfkUUnWJAn2tN3jERIUG.jpg', 'poster', '2026-01-16T12:37:30.344261', '2026-01-16T12:37:30.344261');
INSERT INTO movie_images (id, movie_id, url, type, created_at, updated_at) VALUES ('27c63f67-178a-433a-976d-d580540319d5', '4e8fed90-abba-49cb-b11e-9dcf1f2f4d24', 'https://image.tmdb.org/t/p/w1280/ii8QGacT3MXESqBckQlyrATY0lT.jpg', 'backdrop', '2026-01-16T12:37:30.344261', '2026-01-16T12:37:30.344261');
INSERT INTO movie_images (id, movie_id, url, type, created_at, updated_at) VALUES ('4adaee6d-264f-4518-ae4e-581d6efc6f4f', '4e8fed90-abba-49cb-b11e-9dcf1f2f4d24', 'https://image.tmdb.org/t/p/w300/8ZTVqvKDQ8emSGUEMjsS4yHAwrp.jpg', 'extra', '2026-01-16T12:37:30.344261', '2026-01-16T12:37:30.344261');
INSERT INTO movie_images (id, movie_id, url, type, created_at, updated_at) VALUES ('3cd0ad57-5bd9-4dcd-810b-c3da9879c26c', '4e8fed90-abba-49cb-b11e-9dcf1f2f4d24', 'https://image.tmdb.org/t/p/w300/s3TBrRGB1iav7gFOCNx3H31MoES.jpg', 'extra', '2026-01-16T12:37:30.344261', '2026-01-16T12:37:30.344261');
INSERT INTO movie_images (id, movie_id, url, type, created_at, updated_at) VALUES ('1f6915bf-cccd-4a96-829e-73638cde5bf4', '4e8fed90-abba-49cb-b11e-9dcf1f2f4d24', 'https://image.tmdb.org/t/p/w300/gqby0RhyehP3uRrzmdyUZ0CgPPe.jpg', 'extra', '2026-01-16T12:37:30.344261', '2026-01-16T12:37:30.344261');
INSERT INTO movie_images (id, movie_id, url, type, created_at, updated_at) VALUES ('e43d4375-f52d-425d-9f1d-9cb0d1fd2a7c', '4e8fed90-abba-49cb-b11e-9dcf1f2f4d24', 'https://image.tmdb.org/t/p/w300/zlIBglEnHkxmPGVwEfywC7hXncb.jpg', 'extra', '2026-01-16T12:37:30.344261', '2026-01-16T12:37:30.344261');
INSERT INTO movies (id, title, language, projection_start_date, projection_end_date, director_full_name, synopsis, pg_rating, duration_in_minutes, trailer_url, created_at, updated_at) VALUES ('4cf2879e-6829-42e7-a341-b66c8d754332', 'Zootopia 2', 'EN', '2026-03-15', '2026-05-19', 'Sam Lee', 'After cracking the biggest case in Zootopia''s history, rookie cops Judy Hopps and Nick Wilde find themselves on the twisting trail of a great mystery when Gary De''Snake arrives and turns the animal metropolis upside down. To crack the case, Judy and Nick must go undercover to unexpected new parts of town, where their growing partnership is tested like never before.', 'PG-13', '107', 'https://www.youtube.com/watch?v=sEgPQ7HKoBA', '2026-01-16T12:37:37.196667', '2026-01-16T12:37:37.196667');
INSERT INTO movie_images (id, movie_id, url, type, created_at, updated_at) VALUES ('b807bcc4-c211-4eea-b5da-5576bf495921', '4cf2879e-6829-42e7-a341-b66c8d754332', 'https://image.tmdb.org/t/p/w342/ib6v6qUXzez1x2qIOLN7C0yJNPQ.jpg', 'poster', '2026-01-16T12:37:37.196667', '2026-01-16T12:37:37.196667');
INSERT INTO movie_images (id, movie_id, url, type, created_at, updated_at) VALUES ('0cd7b88b-2204-4345-929e-945c008c89a7', '4cf2879e-6829-42e7-a341-b66c8d754332', 'https://image.tmdb.org/t/p/w1280/5h2EsPKNDdB3MAtOk9MB9Ycg9Rz.jpg', 'backdrop', '2026-01-16T12:37:37.196667', '2026-01-16T12:37:37.196667');
INSERT INTO movie_images (id, movie_id, url, type, created_at, updated_at) VALUES ('acedd6f1-3bea-4341-a88c-edab456a4691', '4cf2879e-6829-42e7-a341-b66c8d754332', 'https://image.tmdb.org/t/p/w300/7nfpkR9XsQ1lBNCXSSHxGV7Dkxe.jpg', 'extra', '2026-01-16T12:37:37.196667', '2026-01-16T12:37:37.196667');
INSERT INTO movie_images (id, movie_id, url, type, created_at, updated_at) VALUES ('ed5bfd26-2027-4c75-9dc8-7d3f24a646fd', '4cf2879e-6829-42e7-a341-b66c8d754332', 'https://image.tmdb.org/t/p/w300/zdva2LmrzZ0OdTI27ayzKPw0wkF.jpg', 'extra', '2026-01-16T12:37:37.196667', '2026-01-16T12:37:37.196667');
INSERT INTO movie_images (id, movie_id, url, type, created_at, updated_at) VALUES ('2e4e7fe8-fcbd-45ad-b37c-ca36b6e8a9a3', '4cf2879e-6829-42e7-a341-b66c8d754332', 'https://image.tmdb.org/t/p/w300/iAMxwAtriQkAOTt1jeGER0oLMNN.jpg', 'extra', '2026-01-16T12:37:37.196667', '2026-01-16T12:37:37.196667');
INSERT INTO movie_images (id, movie_id, url, type, created_at, updated_at) VALUES ('7bfe92e2-7104-4f8f-9c57-b326c81772ed', '4cf2879e-6829-42e7-a341-b66c8d754332', 'https://image.tmdb.org/t/p/w300/hi6h3ACrwAswclPEt4VTCeqGfTK.jpg', 'extra', '2026-01-16T12:37:37.196667', '2026-01-16T12:37:37.196667');
INSERT INTO movies (id, title, language, projection_start_date, projection_end_date, director_full_name, synopsis, pg_rating, duration_in_minutes, trailer_url, created_at, updated_at) VALUES ('52d73497-aefe-4f27-9a73-f5ef41a370c8', 'Inside Out 2', 'EN', '2026-03-29', '2026-07-14', 'Chris Taylor', 'Teenager Riley''s mind headquarters is undergoing a sudden demolition to make room for something entirely unexpected: new Emotions! Joy, Sadness, Anger, Fear and Disgust, whove long been running a successful operation by all accounts, arent sure how to feel when Anxiety shows up. And it looks like shes not alone.', 'PG-13', '97', 'https://www.youtube.com/watch?v=u69y5Ie519M', '2026-01-16T12:37:47.548288', '2026-01-16T12:37:47.548288');
INSERT INTO movie_images (id, movie_id, url, type, created_at, updated_at) VALUES ('12f2afda-0cc8-4c93-97b8-cbb3ac9f8219', '52d73497-aefe-4f27-9a73-f5ef41a370c8', 'https://image.tmdb.org/t/p/w342/xYqeUheNCep7ll9AotOcclGhP0X.jpg', 'poster', '2026-01-16T12:37:47.548288', '2026-01-16T12:37:47.548288');
INSERT INTO movie_images (id, movie_id, url, type, created_at, updated_at) VALUES ('7202e766-6205-4f81-acd4-7038ddc038bc', '52d73497-aefe-4f27-9a73-f5ef41a370c8', 'https://image.tmdb.org/t/p/w1280/p5ozvmdgsmbWe0H8Xk7Rc8SCwAB.jpg', 'backdrop', '2026-01-16T12:37:47.548288', '2026-01-16T12:37:47.548288');
INSERT INTO movie_images (id, movie_id, url, type, created_at, updated_at) VALUES ('34af7c19-62d9-4bd0-af4e-3e7bc831daa4', '52d73497-aefe-4f27-9a73-f5ef41a370c8', 'https://image.tmdb.org/t/p/w300/xg27NrXi7VXCGUr7MG75UqLl6Vg.jpg', 'extra', '2026-01-16T12:37:47.548288', '2026-01-16T12:37:47.548288');
INSERT INTO movie_images (id, movie_id, url, type, created_at, updated_at) VALUES ('e03e9a82-4731-45df-8c96-66a1e6e6624d', '52d73497-aefe-4f27-9a73-f5ef41a370c8', 'https://image.tmdb.org/t/p/w300/coATv42PoiLqAFKStJiMZs2r6Zb.jpg', 'extra', '2026-01-16T12:37:47.548288', '2026-01-16T12:37:47.548288');
INSERT INTO movie_images (id, movie_id, url, type, created_at, updated_at) VALUES ('2f398919-fd36-485e-9d84-265931a24e25', '52d73497-aefe-4f27-9a73-f5ef41a370c8', 'https://image.tmdb.org/t/p/w300/uVu2fBc114un7F1GD76RBouWyBP.jpg', 'extra', '2026-01-16T12:37:47.548288', '2026-01-16T12:37:47.548288');
INSERT INTO movie_images (id, movie_id, url, type, created_at, updated_at) VALUES ('017f9149-206a-43da-ac65-0c896f2224d7', '52d73497-aefe-4f27-9a73-f5ef41a370c8', 'https://image.tmdb.org/t/p/w300/stKGOm8UyhuLPR9sZLjs5AkmncA.jpg', 'extra', '2026-01-16T12:37:47.548288', '2026-01-16T12:37:47.548288');
INSERT INTO movies (id, title, language, projection_start_date, projection_end_date, director_full_name, synopsis, pg_rating, duration_in_minutes, trailer_url, created_at, updated_at) VALUES ('7779df6b-04dc-4f1a-a750-794cdf019ac7', 'The Dark Knight', 'EN', '2026-05-04', '2026-08-02', 'Jane Smith', 'Batman raises the stakes in his war on crime. With the help of Lt. Jim Gordon and District Attorney Harvey Dent, Batman sets out to dismantle the remaining criminal organizations that plague the streets. The partnership proves to be effective, but they soon find themselves prey to a reign of chaos unleashed by a rising criminal mastermind known to the terrified citizens of Gotham as the Joker.', 'PG-13', '152', 'https://www.youtube.com/watch?v=vbjYVETxZqM', '2026-01-16T12:37:53.195312', '2026-01-16T12:37:53.195312');
INSERT INTO movie_images (id, movie_id, url, type, created_at, updated_at) VALUES ('7c3a11d7-4820-47d6-89a8-6600cc76a6ae', '7779df6b-04dc-4f1a-a750-794cdf019ac7', 'https://image.tmdb.org/t/p/w342/qJ2tW6WMUDux911r6m7haRef0WH.jpg', 'poster', '2026-01-16T12:37:53.195312', '2026-01-16T12:37:53.195312');
INSERT INTO movie_images (id, movie_id, url, type, created_at, updated_at) VALUES ('ca57a479-f834-4d7e-a8c8-27f941c3f02f', '7779df6b-04dc-4f1a-a750-794cdf019ac7', 'https://image.tmdb.org/t/p/w1280/dGOZdWOB8OpZFVziEOUFhox5wz9.jpg', 'backdrop', '2026-01-16T12:37:53.195312', '2026-01-16T12:37:53.195312');
INSERT INTO movie_images (id, movie_id, url, type, created_at, updated_at) VALUES ('18616059-8864-4355-aef8-542e07012670', '7779df6b-04dc-4f1a-a750-794cdf019ac7', 'https://image.tmdb.org/t/p/w300/cfT29Im5VDvjE0RpyKOSdCKZal7.jpg', 'extra', '2026-01-16T12:37:53.195312', '2026-01-16T12:37:53.195312');
INSERT INTO movie_images (id, movie_id, url, type, created_at, updated_at) VALUES ('fc056e93-6efb-44b5-a38d-b02ca0928e5a', '7779df6b-04dc-4f1a-a750-794cdf019ac7', 'https://image.tmdb.org/t/p/w300/dqK9Hag1054tghRQSqLSfrkvQnA.jpg', 'extra', '2026-01-16T12:37:53.195312', '2026-01-16T12:37:53.195312');
INSERT INTO movie_images (id, movie_id, url, type, created_at, updated_at) VALUES ('178e27c7-0575-46fa-8a84-114866bcf065', '7779df6b-04dc-4f1a-a750-794cdf019ac7', 'https://image.tmdb.org/t/p/w300/x5f2uTfw0Pqc5QI4ch5AHICee2o.jpg', 'extra', '2026-01-16T12:37:53.195312', '2026-01-16T12:37:53.195312');
INSERT INTO movie_images (id, movie_id, url, type, created_at, updated_at) VALUES ('99346cd4-9370-4f00-854d-d9c1e257d0c5', '7779df6b-04dc-4f1a-a750-794cdf019ac7', 'https://image.tmdb.org/t/p/w300/pbEkjhdfP7yuDcMB78YEZwgD4IN.jpg', 'extra', '2026-01-16T12:37:53.195312', '2026-01-16T12:37:53.195312');
INSERT INTO movies (id, title, language, projection_start_date, projection_end_date, director_full_name, synopsis, pg_rating, duration_in_minutes, trailer_url, created_at, updated_at) VALUES ('e5f35f4d-45fa-4dea-8300-fbb24871b843', 'Home Alone 2: Lost in New York', 'EN', '2026-03-05', '2026-06-21', 'Alex Johnson', 'Instead of flying to Florida with his folks, Kevin ends up alone in New York, where he gets a hotel room with his dad''s credit carddespite problems from a clerk and meddling bellboy. But when Kevin runs into his old nemeses, the Wet Bandits, he''s determined to foil their plans to rob a toy store on Christmas Eve.', 'PG-13', '120', 'https://www.youtube.com/watch?v=k0kJieJ1k6k', '2026-01-16T12:37:58.023250', '2026-01-16T12:37:58.023250');
INSERT INTO movie_images (id, movie_id, url, type, created_at, updated_at) VALUES ('22bd10a4-bb03-411a-9241-bf3adff2c5f1', 'e5f35f4d-45fa-4dea-8300-fbb24871b843', 'https://image.tmdb.org/t/p/w342/7sdiRUyc0ANHJptPhsgb1KL6hoq.jpg', 'poster', '2026-01-16T12:37:58.023250', '2026-01-16T12:37:58.023250');
INSERT INTO movie_images (id, movie_id, url, type, created_at, updated_at) VALUES ('36f43840-e034-45ea-ab4c-14433c9571c0', 'e5f35f4d-45fa-4dea-8300-fbb24871b843', 'https://image.tmdb.org/t/p/w1280/8fnYJPoXxwAN4valDLgz2whMGTH.jpg', 'backdrop', '2026-01-16T12:37:58.023250', '2026-01-16T12:37:58.023250');
INSERT INTO movie_images (id, movie_id, url, type, created_at, updated_at) VALUES ('86a83826-8cd7-4cc2-afce-0796782c5624', 'e5f35f4d-45fa-4dea-8300-fbb24871b843', 'https://image.tmdb.org/t/p/w300/dGiPJO75b9GmXqxvusbKlcYrDcg.jpg', 'extra', '2026-01-16T12:37:58.023250', '2026-01-16T12:37:58.023250');
INSERT INTO movie_images (id, movie_id, url, type, created_at, updated_at) VALUES ('6f047072-6fa2-4b1b-bcec-ec12e0c029be', 'e5f35f4d-45fa-4dea-8300-fbb24871b843', 'https://image.tmdb.org/t/p/w300/kjby7cr8JnIPkfqMGKutOFrM2at.jpg', 'extra', '2026-01-16T12:37:58.023250', '2026-01-16T12:37:58.023250');
INSERT INTO movie_images (id, movie_id, url, type, created_at, updated_at) VALUES ('75879475-df76-430e-b853-626724c7b6fd', 'e5f35f4d-45fa-4dea-8300-fbb24871b843', 'https://image.tmdb.org/t/p/w300/gxwYr2jtBzMvp85lbCr9ooJMFPc.jpg', 'extra', '2026-01-16T12:37:58.023250', '2026-01-16T12:37:58.023250');
INSERT INTO movie_images (id, movie_id, url, type, created_at, updated_at) VALUES ('8cb32809-4eea-416e-b3cf-1c2fba5bdfbe', 'e5f35f4d-45fa-4dea-8300-fbb24871b843', 'https://image.tmdb.org/t/p/w300/mKJiUjCkjiyxBlMPcNORQ4CIAZX.jpg', 'extra', '2026-01-16T12:37:58.023250', '2026-01-16T12:37:58.023250');
INSERT INTO movies (id, title, language, projection_start_date, projection_end_date, director_full_name, synopsis, pg_rating, duration_in_minutes, trailer_url, created_at, updated_at) VALUES ('0b96093a-f931-4fdf-afeb-db813f97ad0e', 'Harry Potter and the Deathly Hallows: Part 1', 'EN', '2026-02-17', '2026-05-06', 'Michael Brown', 'Harry, Ron and Hermione walk away from their last year at Hogwarts to find and destroy the remaining Horcruxes, putting an end to Voldemort''s bid for immortality. But with Harry''s beloved Dumbledore dead and Voldemort''s unscrupulous Death Eaters on the loose, the world is more dangerous than ever.', 'PG-13', '146', 'https://www.youtube.com/watch?v=MxqsmsA8y5k', '2026-01-16T12:38:06.146151', '2026-01-16T12:38:06.146151');
INSERT INTO movie_images (id, movie_id, url, type, created_at, updated_at) VALUES ('dfe4fae0-d7b7-4a8b-88f5-e8a6ffc45e8d', '0b96093a-f931-4fdf-afeb-db813f97ad0e', 'https://image.tmdb.org/t/p/w342/iGoXIpQb7Pot00EEdwpwPajheZ5.jpg', 'poster', '2026-01-16T12:38:06.146151', '2026-01-16T12:38:06.146151');
INSERT INTO movie_images (id, movie_id, url, type, created_at, updated_at) VALUES ('40f1e47a-1a7b-41bc-a747-d31b2f1d4161', '0b96093a-f931-4fdf-afeb-db813f97ad0e', 'https://image.tmdb.org/t/p/w1280/slW0M2G9txC0aUbftCTm1nYX1K8.jpg', 'backdrop', '2026-01-16T12:38:06.146151', '2026-01-16T12:38:06.146151');
INSERT INTO movie_images (id, movie_id, url, type, created_at, updated_at) VALUES ('297a3c3f-807c-440f-bdcc-1a2b40c8842e', '0b96093a-f931-4fdf-afeb-db813f97ad0e', 'https://image.tmdb.org/t/p/w300/AqLcLsGGTzAjm3pCCq0CZCQrp6m.jpg', 'extra', '2026-01-16T12:38:06.146151', '2026-01-16T12:38:06.146151');
INSERT INTO movie_images (id, movie_id, url, type, created_at, updated_at) VALUES ('e7383659-f123-40a0-bc86-062f7582ffd5', '0b96093a-f931-4fdf-afeb-db813f97ad0e', 'https://image.tmdb.org/t/p/w300/39kg1yGt9qxPwMuG1a5ysfe3gfG.jpg', 'extra', '2026-01-16T12:38:06.146151', '2026-01-16T12:38:06.146151');
INSERT INTO movie_images (id, movie_id, url, type, created_at, updated_at) VALUES ('e6eb91de-d930-4394-b280-84cbbb5212c8', '0b96093a-f931-4fdf-afeb-db813f97ad0e', 'https://image.tmdb.org/t/p/w300/fXRXpzxUApE3OuXhIqsdavQjCVa.jpg', 'extra', '2026-01-16T12:38:06.146151', '2026-01-16T12:38:06.146151');
INSERT INTO movie_images (id, movie_id, url, type, created_at, updated_at) VALUES ('37b08d6c-0713-4ed4-8ed6-59174ec845cb', '0b96093a-f931-4fdf-afeb-db813f97ad0e', 'https://image.tmdb.org/t/p/w300/1K5p4wPrxWttjoUGjfrrOJT5SYo.jpg', 'extra', '2026-01-16T12:38:06.146151', '2026-01-16T12:38:06.146151');
INSERT INTO movies (id, title, language, projection_start_date, projection_end_date, director_full_name, synopsis, pg_rating, duration_in_minutes, trailer_url, created_at, updated_at) VALUES ('2b856798-7d97-472e-90d2-ea4a91579cab', 'Oppenheimer', 'EN', '2026-05-10', '2026-08-06', 'Emma Wilson', 'The story of J. Robert Oppenheimer''s role in the development of the atomic bomb during World War II.', 'PG-13', '181', 'https://www.youtube.com/watch?v=qiuSBWVdgLI', '2026-01-16T12:38:10.962863', '2026-01-16T12:38:10.962863');
INSERT INTO movie_images (id, movie_id, url, type, created_at, updated_at) VALUES ('030a30b8-84ad-486b-8256-995a5216e4c5', '2b856798-7d97-472e-90d2-ea4a91579cab', 'https://image.tmdb.org/t/p/w342/8Gxv8gSFCU0XGDykEGv7zR1n2ua.jpg', 'poster', '2026-01-16T12:38:10.962863', '2026-01-16T12:38:10.962863');
INSERT INTO movie_images (id, movie_id, url, type, created_at, updated_at) VALUES ('7b59cac0-8ae0-4228-8048-6de50f23ec3d', '2b856798-7d97-472e-90d2-ea4a91579cab', 'https://image.tmdb.org/t/p/w1280/cUIqZd6jJCbO94Txt1CkTs7MSeP.jpg', 'backdrop', '2026-01-16T12:38:10.962863', '2026-01-16T12:38:10.962863');
INSERT INTO movie_images (id, movie_id, url, type, created_at, updated_at) VALUES ('7133ddd8-8f37-405b-98a1-7032c596c5c5', '2b856798-7d97-472e-90d2-ea4a91579cab', 'https://image.tmdb.org/t/p/w300/7CENyUim29IEsaJhUxIGymCRvPu.jpg', 'extra', '2026-01-16T12:38:10.962863', '2026-01-16T12:38:10.962863');
INSERT INTO movie_images (id, movie_id, url, type, created_at, updated_at) VALUES ('d990480f-a0dd-4734-8624-958198c93648', '2b856798-7d97-472e-90d2-ea4a91579cab', 'https://image.tmdb.org/t/p/w300/ycnO0cjsAROSGJKuMODgRtWsHQw.jpg', 'extra', '2026-01-16T12:38:10.962863', '2026-01-16T12:38:10.962863');
INSERT INTO movie_images (id, movie_id, url, type, created_at, updated_at) VALUES ('0a7b5e0a-916e-4154-b8bd-569f01175ae5', '2b856798-7d97-472e-90d2-ea4a91579cab', 'https://image.tmdb.org/t/p/w300/fm6KqXpk3M2HVveHwCrBSSBaO0V.jpg', 'extra', '2026-01-16T12:38:10.962863', '2026-01-16T12:38:10.962863');
INSERT INTO movie_images (id, movie_id, url, type, created_at, updated_at) VALUES ('ef36d9c2-cf2b-49f1-a0ae-86627d6d3487', '2b856798-7d97-472e-90d2-ea4a91579cab', 'https://image.tmdb.org/t/p/w300/neeNHeXjMF5fXoCJRsOmkNGC7q.jpg', 'extra', '2026-01-16T12:38:10.962863', '2026-01-16T12:38:10.962863');
INSERT INTO movies (id, title, language, projection_start_date, projection_end_date, director_full_name, synopsis, pg_rating, duration_in_minutes, trailer_url, created_at, updated_at) VALUES ('36606393-613c-4ff0-ab8d-0b4dc5676775', 'The Shawshank Redemption', 'EN', '2026-04-23', '2026-07-13', 'Emma Wilson', 'Imprisoned in the 1940s for the double murder of his wife and her lover, upstanding banker Andy Dufresne begins a new life at the Shawshank prison, where he puts his accounting skills to work for an amoral warden. During his long stretch in prison, Dufresne comes to be admired by the other inmates -- including an older prisoner named Red -- for his integrity and unquenchable sense of hope.', 'PG-13', '142', 'https://www.youtube.com/watch?v=PLl99DlL6b4', '2026-01-16T12:38:15.756620', '2026-01-16T12:38:15.756620');
INSERT INTO movie_images (id, movie_id, url, type, created_at, updated_at) VALUES ('292a1168-424d-4d1b-986f-395ab6cbb86b', '36606393-613c-4ff0-ab8d-0b4dc5676775', 'https://image.tmdb.org/t/p/w342/9cqNxx0GxF0bflZmeSMuL5tnGzr.jpg', 'poster', '2026-01-16T12:38:15.756620', '2026-01-16T12:38:15.756620');
INSERT INTO movie_images (id, movie_id, url, type, created_at, updated_at) VALUES ('45d81f95-658b-4a80-b63d-a11701103b48', '36606393-613c-4ff0-ab8d-0b4dc5676775', 'https://image.tmdb.org/t/p/w1280/jFkuJbWsciMwgcpOEkJIlxTElEp.jpg', 'backdrop', '2026-01-16T12:38:15.756620', '2026-01-16T12:38:15.756620');
INSERT INTO movie_images (id, movie_id, url, type, created_at, updated_at) VALUES ('03e9974e-893e-43e0-9027-84db9c00a5a0', '36606393-613c-4ff0-ab8d-0b4dc5676775', 'https://image.tmdb.org/t/p/w300/zfbjgQE1uSd9wiPTX4VzsLi0rGG.jpg', 'extra', '2026-01-16T12:38:15.756620', '2026-01-16T12:38:15.756620');
INSERT INTO movie_images (id, movie_id, url, type, created_at, updated_at) VALUES ('613d70a5-6150-42d5-aa7d-3f6d3d91d168', '36606393-613c-4ff0-ab8d-0b4dc5676775', 'https://image.tmdb.org/t/p/w300/kXfqcdQKsToO0OUXHcrrNCHDBzO.jpg', 'extra', '2026-01-16T12:38:15.756620', '2026-01-16T12:38:15.756620');
INSERT INTO movie_images (id, movie_id, url, type, created_at, updated_at) VALUES ('483b2047-0a84-4129-9f3d-dd31a98d3225', '36606393-613c-4ff0-ab8d-0b4dc5676775', 'https://image.tmdb.org/t/p/w300/pNjh59JSxChQktamG3LMp9ZoQzp.jpg', 'extra', '2026-01-16T12:38:15.756620', '2026-01-16T12:38:15.756620');
INSERT INTO movie_images (id, movie_id, url, type, created_at, updated_at) VALUES ('6947c073-1c61-4d26-a4d3-c7ed7a0f420e', '36606393-613c-4ff0-ab8d-0b4dc5676775', 'https://image.tmdb.org/t/p/w300/v8xVDqt8uCul3c3mgx4VpGCwxJC.jpg', 'extra', '2026-01-16T12:38:15.756620', '2026-01-16T12:38:15.756620');
INSERT INTO movie_cast (id, first_name, last_name, character_full_name, role, movie_id, created_at, updated_at) VALUES ('3513dfeb-6f99-437b-9f85-cc162451e53e', 'John', 'Smith', 'Character 1', 'supporting', '6ffd37e9-6126-4b82-8050-4baeb5ac3af8', '2026-01-16T12:38:17.553122', '2026-01-16T12:38:17.553122');
INSERT INTO movie_cast (id, first_name, last_name, character_full_name, role, movie_id, created_at, updated_at) VALUES ('66419062-47b3-4752-b7cf-0c514e16cd05', 'Sarah', 'Johnson', 'Character 2', 'lead', '6ffd37e9-6126-4b82-8050-4baeb5ac3af8', '2026-01-16T12:38:17.553174', '2026-01-16T12:38:17.553174');
INSERT INTO movie_cast (id, first_name, last_name, character_full_name, role, movie_id, created_at, updated_at) VALUES ('5cc438ce-1014-4cb0-8a22-acdb735a26d6', 'Michael', 'Williams', 'Character 3', 'lead', '6ffd37e9-6126-4b82-8050-4baeb5ac3af8', '2026-01-16T12:38:17.553205', '2026-01-16T12:38:17.553205');
INSERT INTO movie_cast (id, first_name, last_name, character_full_name, role, movie_id, created_at, updated_at) VALUES ('9f60491f-c077-479d-b039-9e74b7d63b2d', 'Michael', 'Johnson', 'Character 4', 'lead', '6ffd37e9-6126-4b82-8050-4baeb5ac3af8', '2026-01-16T12:38:17.553233', '2026-01-16T12:38:17.553233');
INSERT INTO movie_cast (id, first_name, last_name, character_full_name, role, movie_id, created_at, updated_at) VALUES ('fc6169a0-0760-47c8-9165-ae63a9220afa', 'Sarah', 'Smith', 'Character 5', 'supporting', '6ffd37e9-6126-4b82-8050-4baeb5ac3af8', '2026-01-16T12:38:17.553260', '2026-01-16T12:38:17.553260');
INSERT INTO movie_cast (id, first_name, last_name, character_full_name, role, movie_id, created_at, updated_at) VALUES ('7ed29a06-b1d4-4769-aaf6-d92e43e405c2', 'Emma', 'Smith', 'Character 1', 'lead', 'ca9ca463-6fc1-4322-9b5a-a7ffa677d63e', '2026-01-16T12:38:17.553294', '2026-01-16T12:38:17.553294');
INSERT INTO movie_cast (id, first_name, last_name, character_full_name, role, movie_id, created_at, updated_at) VALUES ('b4f5a22a-46e5-4542-a092-5c1ddf1a2352', 'Emma', 'Johnson', 'Character 2', 'supporting', 'ca9ca463-6fc1-4322-9b5a-a7ffa677d63e', '2026-01-16T12:38:17.553321', '2026-01-16T12:38:17.553321');
INSERT INTO movie_cast (id, first_name, last_name, character_full_name, role, movie_id, created_at, updated_at) VALUES ('fb8e78e1-6007-4270-988d-421ba58ca1ae', 'Emma', 'Jones', 'Character 3', 'lead', 'ca9ca463-6fc1-4322-9b5a-a7ffa677d63e', '2026-01-16T12:38:17.553355', '2026-01-16T12:38:17.553355');
INSERT INTO movie_cast (id, first_name, last_name, character_full_name, role, movie_id, created_at, updated_at) VALUES ('d02412e1-155f-4fc2-86ca-b8a01c72c7b9', 'Jane', 'Smith', 'Character 4', 'lead', 'ca9ca463-6fc1-4322-9b5a-a7ffa677d63e', '2026-01-16T12:38:17.553383', '2026-01-16T12:38:17.553383');
INSERT INTO movie_cast (id, first_name, last_name, character_full_name, role, movie_id, created_at, updated_at) VALUES ('ef548f6a-3ad4-47d3-b24b-6a69338c7c3d', 'Michael', 'Smith', 'Character 5', 'supporting', 'ca9ca463-6fc1-4322-9b5a-a7ffa677d63e', '2026-01-16T12:38:17.553410', '2026-01-16T12:38:17.553410');
INSERT INTO movie_cast (id, first_name, last_name, character_full_name, role, movie_id, created_at, updated_at) VALUES ('abe16595-59d1-4309-85ac-d985bdf4f5de', 'Emma', 'Jones', 'Character 1', 'cameo', 'b7b10401-65a6-4cb0-853f-31aa8e6e9013', '2026-01-16T12:38:17.553439', '2026-01-16T12:38:17.553439');
INSERT INTO movie_cast (id, first_name, last_name, character_full_name, role, movie_id, created_at, updated_at) VALUES ('02248c87-92e5-4edd-aa39-534807ceee2c', 'Michael', 'Williams', 'Character 2', 'lead', 'b7b10401-65a6-4cb0-853f-31aa8e6e9013', '2026-01-16T12:38:17.553468', '2026-01-16T12:38:17.553468');
INSERT INTO movie_cast (id, first_name, last_name, character_full_name, role, movie_id, created_at, updated_at) VALUES ('7d8743a9-d851-4b2f-b404-32b3e55ce3a2', 'John', 'Smith', 'Character 3', 'lead', 'b7b10401-65a6-4cb0-853f-31aa8e6e9013', '2026-01-16T12:38:17.553500', '2026-01-16T12:38:17.553500');
INSERT INTO movie_cast (id, first_name, last_name, character_full_name, role, movie_id, created_at, updated_at) VALUES ('9a6a12ba-9888-46fa-acc6-a149ff49b587', 'Jane', 'Williams', 'Character 4', 'cameo', 'b7b10401-65a6-4cb0-853f-31aa8e6e9013', '2026-01-16T12:38:17.553528', '2026-01-16T12:38:17.553528');
INSERT INTO movie_cast (id, first_name, last_name, character_full_name, role, movie_id, created_at, updated_at) VALUES ('1f8c6315-c45f-4257-8a49-974fc75e8659', 'Emma', 'Smith', 'Character 5', 'supporting', 'b7b10401-65a6-4cb0-853f-31aa8e6e9013', '2026-01-16T12:38:17.553579', '2026-01-16T12:38:17.553579');
INSERT INTO movie_cast (id, first_name, last_name, character_full_name, role, movie_id, created_at, updated_at) VALUES ('33b5bfe1-29ea-442b-b9be-73a7d5f1ec1d', 'David', 'Smith', 'Character 1', 'lead', '50cde606-959e-41b7-bc1b-199eb6b82a11', '2026-01-16T12:38:17.553612', '2026-01-16T12:38:17.553612');
INSERT INTO movie_cast (id, first_name, last_name, character_full_name, role, movie_id, created_at, updated_at) VALUES ('ff6f7658-d60b-4341-8f73-c778bef1d93e', 'Emma', 'Williams', 'Character 2', 'cameo', '50cde606-959e-41b7-bc1b-199eb6b82a11', '2026-01-16T12:38:17.553639', '2026-01-16T12:38:17.553639');
INSERT INTO movie_cast (id, first_name, last_name, character_full_name, role, movie_id, created_at, updated_at) VALUES ('9b564f63-3997-4157-864c-d485c6b17976', 'Jane', 'Jones', 'Character 3', 'lead', '50cde606-959e-41b7-bc1b-199eb6b82a11', '2026-01-16T12:38:17.553667', '2026-01-16T12:38:17.553667');
INSERT INTO movie_cast (id, first_name, last_name, character_full_name, role, movie_id, created_at, updated_at) VALUES ('f3da8b36-cb14-4c34-9021-7e36d2bbd8ad', 'David', 'Brown', 'Character 4', 'cameo', '50cde606-959e-41b7-bc1b-199eb6b82a11', '2026-01-16T12:38:17.553694', '2026-01-16T12:38:17.553694');
INSERT INTO movie_cast (id, first_name, last_name, character_full_name, role, movie_id, created_at, updated_at) VALUES ('f6463d5a-bbdb-4e43-8efd-4cecd63eb193', 'John', 'Brown', 'Character 5', 'cameo', '50cde606-959e-41b7-bc1b-199eb6b82a11', '2026-01-16T12:38:17.553720', '2026-01-16T12:38:17.553720');
INSERT INTO movie_cast (id, first_name, last_name, character_full_name, role, movie_id, created_at, updated_at) VALUES ('1a69d284-e95e-4d60-9512-ad1cbf896556', 'John', 'Jones', 'Character 1', 'lead', 'c8b80504-9ac3-4f5a-8141-ebdb4e498356', '2026-01-16T12:38:17.553748', '2026-01-16T12:38:17.553748');
INSERT INTO movie_cast (id, first_name, last_name, character_full_name, role, movie_id, created_at, updated_at) VALUES ('af1c48bc-6292-4e4e-ae12-7bdea5df5ea4', 'Michael', 'Johnson', 'Character 2', 'lead', 'c8b80504-9ac3-4f5a-8141-ebdb4e498356', '2026-01-16T12:38:17.553775', '2026-01-16T12:38:17.553775');
INSERT INTO movie_cast (id, first_name, last_name, character_full_name, role, movie_id, created_at, updated_at) VALUES ('6115638e-f062-474a-af8b-131297e48555', 'Michael', 'Brown', 'Character 3', 'supporting', 'c8b80504-9ac3-4f5a-8141-ebdb4e498356', '2026-01-16T12:38:17.553801', '2026-01-16T12:38:17.553801');
INSERT INTO movie_cast (id, first_name, last_name, character_full_name, role, movie_id, created_at, updated_at) VALUES ('7834586f-f924-46c7-810b-7f2df2fee526', 'Sarah', 'Jones', 'Character 4', 'lead', 'c8b80504-9ac3-4f5a-8141-ebdb4e498356', '2026-01-16T12:38:17.553831', '2026-01-16T12:38:17.553831');
INSERT INTO movie_cast (id, first_name, last_name, character_full_name, role, movie_id, created_at, updated_at) VALUES ('af235590-3b65-4080-9e6b-2641048defbe', 'Michael', 'Williams', 'Character 5', 'cameo', 'c8b80504-9ac3-4f5a-8141-ebdb4e498356', '2026-01-16T12:38:17.553858', '2026-01-16T12:38:17.553858');
INSERT INTO movie_cast (id, first_name, last_name, character_full_name, role, movie_id, created_at, updated_at) VALUES ('1c98d67a-d425-4b02-8b24-40df3bd714b8', 'John', 'Jones', 'Character 1', 'cameo', '96595de7-b3a8-469d-9204-941929d3a654', '2026-01-16T12:38:17.553886', '2026-01-16T12:38:17.553886');
INSERT INTO movie_cast (id, first_name, last_name, character_full_name, role, movie_id, created_at, updated_at) VALUES ('d99b5527-1023-48f3-96d4-5280dd0b6b1e', 'John', 'Brown', 'Character 2', 'cameo', '96595de7-b3a8-469d-9204-941929d3a654', '2026-01-16T12:38:17.553914', '2026-01-16T12:38:17.553914');
INSERT INTO movie_cast (id, first_name, last_name, character_full_name, role, movie_id, created_at, updated_at) VALUES ('6718c84e-fe68-41b7-b8f6-bb5634cf4909', 'Michael', 'Smith', 'Character 3', 'cameo', '96595de7-b3a8-469d-9204-941929d3a654', '2026-01-16T12:38:17.553940', '2026-01-16T12:38:17.553940');
INSERT INTO movie_cast (id, first_name, last_name, character_full_name, role, movie_id, created_at, updated_at) VALUES ('50ff31ae-7d9e-4e76-a3c3-17010f6c39bf', 'Michael', 'Johnson', 'Character 4', 'lead', '96595de7-b3a8-469d-9204-941929d3a654', '2026-01-16T12:38:17.553967', '2026-01-16T12:38:17.553967');
INSERT INTO movie_cast (id, first_name, last_name, character_full_name, role, movie_id, created_at, updated_at) VALUES ('0b73503b-c791-4424-824d-80f219874e0b', 'Michael', 'Smith', 'Character 5', 'cameo', '96595de7-b3a8-469d-9204-941929d3a654', '2026-01-16T12:38:17.553994', '2026-01-16T12:38:17.553994');
INSERT INTO movie_cast (id, first_name, last_name, character_full_name, role, movie_id, created_at, updated_at) VALUES ('1ae941ff-9a33-4257-96ac-cd4bf94dc7c4', 'Michael', 'Johnson', 'Character 1', 'supporting', '9cd47689-f72c-4bfa-a686-500874d88207', '2026-01-16T12:38:17.554023', '2026-01-16T12:38:17.554023');
INSERT INTO movie_cast (id, first_name, last_name, character_full_name, role, movie_id, created_at, updated_at) VALUES ('178fec03-e823-4b04-b845-b4e876322c21', 'Michael', 'Williams', 'Character 2', 'supporting', '9cd47689-f72c-4bfa-a686-500874d88207', '2026-01-16T12:38:17.554053', '2026-01-16T12:38:17.554053');
INSERT INTO movie_cast (id, first_name, last_name, character_full_name, role, movie_id, created_at, updated_at) VALUES ('add51357-c989-462d-92b0-f98fa34478b8', 'David', 'Jones', 'Character 3', 'lead', '9cd47689-f72c-4bfa-a686-500874d88207', '2026-01-16T12:38:17.554079', '2026-01-16T12:38:17.554079');
INSERT INTO movie_cast (id, first_name, last_name, character_full_name, role, movie_id, created_at, updated_at) VALUES ('1869e1be-ff75-46ab-96be-581855fdc5a3', 'Emma', 'Johnson', 'Character 4', 'lead', '9cd47689-f72c-4bfa-a686-500874d88207', '2026-01-16T12:38:17.554106', '2026-01-16T12:38:17.554106');
INSERT INTO movie_cast (id, first_name, last_name, character_full_name, role, movie_id, created_at, updated_at) VALUES ('0798fa6d-e6a4-4808-b4f0-6a4cfcc8f39d', 'Michael', 'Smith', 'Character 5', 'supporting', '9cd47689-f72c-4bfa-a686-500874d88207', '2026-01-16T12:38:17.554134', '2026-01-16T12:38:17.554134');
INSERT INTO movie_cast (id, first_name, last_name, character_full_name, role, movie_id, created_at, updated_at) VALUES ('a9ef0290-15cc-4cb6-aeee-38ad4f3690b6', 'John', 'Smith', 'Character 1', 'supporting', 'b45e8231-31a6-49c0-8338-ffc92ff32ebf', '2026-01-16T12:38:17.554162', '2026-01-16T12:38:17.554162');
INSERT INTO movie_cast (id, first_name, last_name, character_full_name, role, movie_id, created_at, updated_at) VALUES ('8c4607a8-f7ef-4374-a7ad-0c7eb46c6b63', 'Jane', 'Johnson', 'Character 2', 'supporting', 'b45e8231-31a6-49c0-8338-ffc92ff32ebf', '2026-01-16T12:38:17.554189', '2026-01-16T12:38:17.554189');
INSERT INTO movie_cast (id, first_name, last_name, character_full_name, role, movie_id, created_at, updated_at) VALUES ('c0c1fc3e-6441-4176-ad08-216c895d7b98', 'David', 'Brown', 'Character 3', 'cameo', 'b45e8231-31a6-49c0-8338-ffc92ff32ebf', '2026-01-16T12:38:17.554216', '2026-01-16T12:38:17.554216');
INSERT INTO movie_cast (id, first_name, last_name, character_full_name, role, movie_id, created_at, updated_at) VALUES ('25a1fef6-46de-469e-a9ac-ee72cce32f19', 'John', 'Jones', 'Character 4', 'supporting', 'b45e8231-31a6-49c0-8338-ffc92ff32ebf', '2026-01-16T12:38:17.554242', '2026-01-16T12:38:17.554242');
INSERT INTO movie_cast (id, first_name, last_name, character_full_name, role, movie_id, created_at, updated_at) VALUES ('cd1d0af3-63f6-4114-8264-584d044685dc', 'David', 'Williams', 'Character 5', 'cameo', 'b45e8231-31a6-49c0-8338-ffc92ff32ebf', '2026-01-16T12:38:17.554272', '2026-01-16T12:38:17.554272');
INSERT INTO movie_cast (id, first_name, last_name, character_full_name, role, movie_id, created_at, updated_at) VALUES ('ae1349e0-02b4-431d-ac4e-59c8a19920a8', 'Michael', 'Brown', 'Character 1', 'lead', 'dcf6f77b-76da-4fa5-a32e-2625a57b2f67', '2026-01-16T12:38:17.554301', '2026-01-16T12:38:17.554301');
INSERT INTO movie_cast (id, first_name, last_name, character_full_name, role, movie_id, created_at, updated_at) VALUES ('a259eaca-ede2-4510-aae2-9578b15efc04', 'John', 'Johnson', 'Character 2', 'lead', 'dcf6f77b-76da-4fa5-a32e-2625a57b2f67', '2026-01-16T12:38:17.554328', '2026-01-16T12:38:17.554328');
INSERT INTO movie_cast (id, first_name, last_name, character_full_name, role, movie_id, created_at, updated_at) VALUES ('30433dce-46d4-44fe-95c5-b2f0b1f75770', 'Sarah', 'Smith', 'Character 3', 'lead', 'dcf6f77b-76da-4fa5-a32e-2625a57b2f67', '2026-01-16T12:38:17.554357', '2026-01-16T12:38:17.554357');
INSERT INTO movie_cast (id, first_name, last_name, character_full_name, role, movie_id, created_at, updated_at) VALUES ('8d405c3f-b270-493f-8d19-62ac10879a55', 'Emma', 'Johnson', 'Character 4', 'supporting', 'dcf6f77b-76da-4fa5-a32e-2625a57b2f67', '2026-01-16T12:38:17.554383', '2026-01-16T12:38:17.554383');
INSERT INTO movie_cast (id, first_name, last_name, character_full_name, role, movie_id, created_at, updated_at) VALUES ('80f1f8a2-5974-4e61-8377-d3f7b8d5a8e9', 'Emma', 'Jones', 'Character 5', 'supporting', 'dcf6f77b-76da-4fa5-a32e-2625a57b2f67', '2026-01-16T12:38:17.554410', '2026-01-16T12:38:17.554410');
INSERT INTO movie_cast (id, first_name, last_name, character_full_name, role, movie_id, created_at, updated_at) VALUES ('297bc6cb-b906-42ac-9f7a-11f9e1a0d761', 'Sarah', 'Jones', 'Character 1', 'lead', '4a4db06b-179b-4131-84b1-87c628a83442', '2026-01-16T12:38:17.554439', '2026-01-16T12:38:17.554439');
INSERT INTO movie_cast (id, first_name, last_name, character_full_name, role, movie_id, created_at, updated_at) VALUES ('2c152950-c70a-49ac-8690-4a9f0ad21ed9', 'David', 'Smith', 'Character 2', 'cameo', '4a4db06b-179b-4131-84b1-87c628a83442', '2026-01-16T12:38:17.554466', '2026-01-16T12:38:17.554466');
INSERT INTO movie_cast (id, first_name, last_name, character_full_name, role, movie_id, created_at, updated_at) VALUES ('3c6a7820-836c-4dca-ae5a-49277f98e08d', 'Emma', 'Brown', 'Character 3', 'cameo', '4a4db06b-179b-4131-84b1-87c628a83442', '2026-01-16T12:38:17.554501', '2026-01-16T12:38:17.554501');
INSERT INTO movie_cast (id, first_name, last_name, character_full_name, role, movie_id, created_at, updated_at) VALUES ('f0880e7c-b046-488f-a3c8-da5c9bd56027', 'John', 'Smith', 'Character 4', 'cameo', '4a4db06b-179b-4131-84b1-87c628a83442', '2026-01-16T12:38:17.554529', '2026-01-16T12:38:17.554529');
INSERT INTO movie_cast (id, first_name, last_name, character_full_name, role, movie_id, created_at, updated_at) VALUES ('93f20c83-77e9-482c-abc2-c8f605b28ef8', 'Michael', 'Williams', 'Character 5', 'lead', '4a4db06b-179b-4131-84b1-87c628a83442', '2026-01-16T12:38:17.554556', '2026-01-16T12:38:17.554556');
INSERT INTO movie_cast (id, first_name, last_name, character_full_name, role, movie_id, created_at, updated_at) VALUES ('f4c955ef-3b13-4b59-be26-a5a493b459b2', 'David', 'Smith', 'Character 1', 'supporting', 'd4402bd9-ff8a-4ce5-919b-6f15b6d3649b', '2026-01-16T12:38:17.554584', '2026-01-16T12:38:17.554584');
INSERT INTO movie_cast (id, first_name, last_name, character_full_name, role, movie_id, created_at, updated_at) VALUES ('68ca9adb-8c50-4ec6-8cdb-995268d79584', 'Jane', 'Brown', 'Character 2', 'lead', 'd4402bd9-ff8a-4ce5-919b-6f15b6d3649b', '2026-01-16T12:38:17.554611', '2026-01-16T12:38:17.554611');
INSERT INTO movie_cast (id, first_name, last_name, character_full_name, role, movie_id, created_at, updated_at) VALUES ('153e80c7-31fd-4d68-b035-69cb9d1eeadd', 'Emma', 'Smith', 'Character 3', 'lead', 'd4402bd9-ff8a-4ce5-919b-6f15b6d3649b', '2026-01-16T12:38:17.554638', '2026-01-16T12:38:17.554638');
INSERT INTO movie_cast (id, first_name, last_name, character_full_name, role, movie_id, created_at, updated_at) VALUES ('c0140449-b19d-493c-93a8-78f532983417', 'John', 'Johnson', 'Character 4', 'supporting', 'd4402bd9-ff8a-4ce5-919b-6f15b6d3649b', '2026-01-16T12:38:17.554664', '2026-01-16T12:38:17.554664');
INSERT INTO movie_cast (id, first_name, last_name, character_full_name, role, movie_id, created_at, updated_at) VALUES ('8e696d0e-05a4-4cc1-a57f-dacedac79263', 'John', 'Johnson', 'Character 5', 'cameo', 'd4402bd9-ff8a-4ce5-919b-6f15b6d3649b', '2026-01-16T12:38:17.554691', '2026-01-16T12:38:17.554691');
INSERT INTO movie_cast (id, first_name, last_name, character_full_name, role, movie_id, created_at, updated_at) VALUES ('709b32c2-c5a3-443b-ac4f-828ce886e5bd', 'Sarah', 'Williams', 'Character 1', 'supporting', '6eac4deb-7773-479f-a4b6-df1e7a32e813', '2026-01-16T12:38:17.554724', '2026-01-16T12:38:17.554724');
INSERT INTO movie_cast (id, first_name, last_name, character_full_name, role, movie_id, created_at, updated_at) VALUES ('7d913242-56e9-4607-84e5-133ede2effd1', 'John', 'Brown', 'Character 2', 'lead', '6eac4deb-7773-479f-a4b6-df1e7a32e813', '2026-01-16T12:38:17.554752', '2026-01-16T12:38:17.554752');
INSERT INTO movie_cast (id, first_name, last_name, character_full_name, role, movie_id, created_at, updated_at) VALUES ('c0606cd7-4253-4d68-8a52-6a5c48f25b74', 'Sarah', 'Johnson', 'Character 3', 'lead', '6eac4deb-7773-479f-a4b6-df1e7a32e813', '2026-01-16T12:38:17.554779', '2026-01-16T12:38:17.554779');
INSERT INTO movie_cast (id, first_name, last_name, character_full_name, role, movie_id, created_at, updated_at) VALUES ('857964a8-22fb-401f-842c-61c5fc00b8f8', 'John', 'Brown', 'Character 4', 'cameo', '6eac4deb-7773-479f-a4b6-df1e7a32e813', '2026-01-16T12:38:17.554806', '2026-01-16T12:38:17.554806');
INSERT INTO movie_cast (id, first_name, last_name, character_full_name, role, movie_id, created_at, updated_at) VALUES ('4463b6fd-acbb-4cfc-b9f7-cce9bd94bd60', 'Emma', 'Brown', 'Character 5', 'lead', '6eac4deb-7773-479f-a4b6-df1e7a32e813', '2026-01-16T12:38:17.554834', '2026-01-16T12:38:17.554834');
INSERT INTO movie_cast (id, first_name, last_name, character_full_name, role, movie_id, created_at, updated_at) VALUES ('e7135fa2-7c4e-4b66-bb3b-4741e8ed32d0', 'John', 'Smith', 'Character 1', 'lead', '7baf51c9-448d-4a54-bf46-73b27893e54a', '2026-01-16T12:38:17.554863', '2026-01-16T12:38:17.554863');
INSERT INTO movie_cast (id, first_name, last_name, character_full_name, role, movie_id, created_at, updated_at) VALUES ('7bf298fd-68bc-463d-8a92-0a22cd6ac83c', 'Sarah', 'Williams', 'Character 2', 'supporting', '7baf51c9-448d-4a54-bf46-73b27893e54a', '2026-01-16T12:38:17.554891', '2026-01-16T12:38:17.554891');
INSERT INTO movie_cast (id, first_name, last_name, character_full_name, role, movie_id, created_at, updated_at) VALUES ('b0d694c5-ea23-4bdc-aad0-7f35dff30610', 'Michael', 'Williams', 'Character 3', 'lead', '7baf51c9-448d-4a54-bf46-73b27893e54a', '2026-01-16T12:38:17.554917', '2026-01-16T12:38:17.554917');
INSERT INTO movie_cast (id, first_name, last_name, character_full_name, role, movie_id, created_at, updated_at) VALUES ('c7779d91-dabd-49d8-b391-f9438013f1dc', 'Jane', 'Smith', 'Character 4', 'cameo', '7baf51c9-448d-4a54-bf46-73b27893e54a', '2026-01-16T12:38:17.554947', '2026-01-16T12:38:17.554947');
INSERT INTO movie_cast (id, first_name, last_name, character_full_name, role, movie_id, created_at, updated_at) VALUES ('dd6868a1-28a7-4e3c-92b9-b41c8b6c7bad', 'Sarah', 'Williams', 'Character 5', 'cameo', '7baf51c9-448d-4a54-bf46-73b27893e54a', '2026-01-16T12:38:17.554974', '2026-01-16T12:38:17.554974');
INSERT INTO movie_cast (id, first_name, last_name, character_full_name, role, movie_id, created_at, updated_at) VALUES ('a25261bd-6236-4d0d-b17b-ecc129ef8bb3', 'Michael', 'Johnson', 'Character 1', 'cameo', '4e8fed90-abba-49cb-b11e-9dcf1f2f4d24', '2026-01-16T12:38:17.555003', '2026-01-16T12:38:17.555003');
INSERT INTO movie_cast (id, first_name, last_name, character_full_name, role, movie_id, created_at, updated_at) VALUES ('8e96c2c4-cc80-4909-81e2-774da3d1f104', 'David', 'Johnson', 'Character 2', 'cameo', '4e8fed90-abba-49cb-b11e-9dcf1f2f4d24', '2026-01-16T12:38:17.555030', '2026-01-16T12:38:17.555030');
INSERT INTO movie_cast (id, first_name, last_name, character_full_name, role, movie_id, created_at, updated_at) VALUES ('012bb393-ecce-4043-96dd-50cdaccd3963', 'David', 'Johnson', 'Character 3', 'supporting', '4e8fed90-abba-49cb-b11e-9dcf1f2f4d24', '2026-01-16T12:38:17.555059', '2026-01-16T12:38:17.555059');
INSERT INTO movie_cast (id, first_name, last_name, character_full_name, role, movie_id, created_at, updated_at) VALUES ('69ebd1e9-387c-4edd-9e8a-f8d33ae40ddc', 'John', 'Brown', 'Character 4', 'lead', '4e8fed90-abba-49cb-b11e-9dcf1f2f4d24', '2026-01-16T12:38:17.555087', '2026-01-16T12:38:17.555087');
INSERT INTO movie_cast (id, first_name, last_name, character_full_name, role, movie_id, created_at, updated_at) VALUES ('764e10fd-0c0e-4f89-beef-2006d291afbf', 'Michael', 'Williams', 'Character 5', 'lead', '4e8fed90-abba-49cb-b11e-9dcf1f2f4d24', '2026-01-16T12:38:17.555113', '2026-01-16T12:38:17.555113');
INSERT INTO movie_cast (id, first_name, last_name, character_full_name, role, movie_id, created_at, updated_at) VALUES ('bbbeff79-2277-4f4d-bfda-912052279ed4', 'Michael', 'Jones', 'Character 1', 'lead', '4cf2879e-6829-42e7-a341-b66c8d754332', '2026-01-16T12:38:17.555142', '2026-01-16T12:38:17.555142');
INSERT INTO movie_cast (id, first_name, last_name, character_full_name, role, movie_id, created_at, updated_at) VALUES ('0e1147d7-e9a6-4de5-a5b1-9d2817eb78dc', 'Sarah', 'Smith', 'Character 2', 'supporting', '4cf2879e-6829-42e7-a341-b66c8d754332', '2026-01-16T12:38:17.555172', '2026-01-16T12:38:17.555172');
INSERT INTO movie_cast (id, first_name, last_name, character_full_name, role, movie_id, created_at, updated_at) VALUES ('be12cfd3-35d1-409d-a651-3f8885f50370', 'Michael', 'Brown', 'Character 3', 'lead', '4cf2879e-6829-42e7-a341-b66c8d754332', '2026-01-16T12:38:17.555199', '2026-01-16T12:38:17.555199');
INSERT INTO movie_cast (id, first_name, last_name, character_full_name, role, movie_id, created_at, updated_at) VALUES ('2848e577-440d-498b-95ae-40d7f1a23499', 'John', 'Brown', 'Character 4', 'cameo', '4cf2879e-6829-42e7-a341-b66c8d754332', '2026-01-16T12:38:17.555226', '2026-01-16T12:38:17.555226');
INSERT INTO movie_cast (id, first_name, last_name, character_full_name, role, movie_id, created_at, updated_at) VALUES ('48faec38-404b-469c-ad84-6d5543280874', 'David', 'Brown', 'Character 5', 'supporting', '4cf2879e-6829-42e7-a341-b66c8d754332', '2026-01-16T12:38:17.555252', '2026-01-16T12:38:17.555252');
INSERT INTO movie_cast (id, first_name, last_name, character_full_name, role, movie_id, created_at, updated_at) VALUES ('4db29286-2ba9-4ad4-82b1-c5f3393f4c5e', 'Emma', 'Johnson', 'Character 1', 'supporting', '52d73497-aefe-4f27-9a73-f5ef41a370c8', '2026-01-16T12:38:17.555281', '2026-01-16T12:38:17.555281');
INSERT INTO movie_cast (id, first_name, last_name, character_full_name, role, movie_id, created_at, updated_at) VALUES ('9eb70626-67bb-413c-9c97-6815040b0c8e', 'Sarah', 'Brown', 'Character 2', 'supporting', '52d73497-aefe-4f27-9a73-f5ef41a370c8', '2026-01-16T12:38:17.555308', '2026-01-16T12:38:17.555308');
INSERT INTO movie_cast (id, first_name, last_name, character_full_name, role, movie_id, created_at, updated_at) VALUES ('a7cd64f0-772b-41e0-a2bd-5ae448783792', 'Michael', 'Brown', 'Character 3', 'cameo', '52d73497-aefe-4f27-9a73-f5ef41a370c8', '2026-01-16T12:38:17.555335', '2026-01-16T12:38:17.555335');
INSERT INTO movie_cast (id, first_name, last_name, character_full_name, role, movie_id, created_at, updated_at) VALUES ('34d407c9-306c-43f1-9c70-7a6980e3f7ea', 'John', 'Jones', 'Character 4', 'supporting', '52d73497-aefe-4f27-9a73-f5ef41a370c8', '2026-01-16T12:38:17.555361', '2026-01-16T12:38:17.555361');
INSERT INTO movie_cast (id, first_name, last_name, character_full_name, role, movie_id, created_at, updated_at) VALUES ('7b7986ce-fc9b-44b3-a75f-058c2f68c85c', 'David', 'Jones', 'Character 5', 'supporting', '52d73497-aefe-4f27-9a73-f5ef41a370c8', '2026-01-16T12:38:17.555392', '2026-01-16T12:38:17.555392');
INSERT INTO movie_cast (id, first_name, last_name, character_full_name, role, movie_id, created_at, updated_at) VALUES ('e81910ae-d081-4607-8083-48e9ce777962', 'John', 'Brown', 'Character 1', 'cameo', '7779df6b-04dc-4f1a-a750-794cdf019ac7', '2026-01-16T12:38:17.555420', '2026-01-16T12:38:17.555420');
INSERT INTO movie_cast (id, first_name, last_name, character_full_name, role, movie_id, created_at, updated_at) VALUES ('982ada73-9435-4f78-ad84-fdf0fffe73f6', 'David', 'Williams', 'Character 2', 'lead', '7779df6b-04dc-4f1a-a750-794cdf019ac7', '2026-01-16T12:38:17.555448', '2026-01-16T12:38:17.555448');
INSERT INTO movie_cast (id, first_name, last_name, character_full_name, role, movie_id, created_at, updated_at) VALUES ('d4540e94-c292-44f6-a7e8-7f6e334d60b9', 'John', 'Brown', 'Character 3', 'lead', '7779df6b-04dc-4f1a-a750-794cdf019ac7', '2026-01-16T12:38:17.555475', '2026-01-16T12:38:17.555475');
INSERT INTO movie_cast (id, first_name, last_name, character_full_name, role, movie_id, created_at, updated_at) VALUES ('08a7d493-9970-4536-b2c7-a83bcaf3c271', 'Michael', 'Johnson', 'Character 4', 'lead', '7779df6b-04dc-4f1a-a750-794cdf019ac7', '2026-01-16T12:38:17.555506', '2026-01-16T12:38:17.555506');
INSERT INTO movie_cast (id, first_name, last_name, character_full_name, role, movie_id, created_at, updated_at) VALUES ('7b63b195-ae2a-4095-aae5-ce6aebd1063a', 'John', 'Johnson', 'Character 5', 'cameo', '7779df6b-04dc-4f1a-a750-794cdf019ac7', '2026-01-16T12:38:17.555533', '2026-01-16T12:38:17.555533');
INSERT INTO movie_cast (id, first_name, last_name, character_full_name, role, movie_id, created_at, updated_at) VALUES ('1d197235-f556-4c03-950a-e846b30e32eb', 'Sarah', 'Smith', 'Character 1', 'lead', 'e5f35f4d-45fa-4dea-8300-fbb24871b843', '2026-01-16T12:38:17.555562', '2026-01-16T12:38:17.555562');
INSERT INTO movie_cast (id, first_name, last_name, character_full_name, role, movie_id, created_at, updated_at) VALUES ('ddb759d5-894a-49bd-ba3d-17d87bbf1fbb', 'Michael', 'Brown', 'Character 2', 'cameo', 'e5f35f4d-45fa-4dea-8300-fbb24871b843', '2026-01-16T12:38:17.555591', '2026-01-16T12:38:17.555591');
INSERT INTO movie_cast (id, first_name, last_name, character_full_name, role, movie_id, created_at, updated_at) VALUES ('41c2ed49-ecdc-48b8-b608-dd81fdea0e40', 'Jane', 'Williams', 'Character 3', 'supporting', 'e5f35f4d-45fa-4dea-8300-fbb24871b843', '2026-01-16T12:38:17.555634', '2026-01-16T12:38:17.555634');
INSERT INTO movie_cast (id, first_name, last_name, character_full_name, role, movie_id, created_at, updated_at) VALUES ('79ce6caa-ad56-4fae-8b53-2f7dd64ae415', 'David', 'Brown', 'Character 4', 'lead', 'e5f35f4d-45fa-4dea-8300-fbb24871b843', '2026-01-16T12:38:17.555668', '2026-01-16T12:38:17.555668');
INSERT INTO movie_cast (id, first_name, last_name, character_full_name, role, movie_id, created_at, updated_at) VALUES ('89d138a1-1af8-4972-93b5-bbdb04cd26ef', 'Jane', 'Williams', 'Character 5', 'lead', 'e5f35f4d-45fa-4dea-8300-fbb24871b843', '2026-01-16T12:38:17.555698', '2026-01-16T12:38:17.555698');
INSERT INTO movie_cast (id, first_name, last_name, character_full_name, role, movie_id, created_at, updated_at) VALUES ('9ce4206b-ae4e-4985-9523-079a2f2f2556', 'Sarah', 'Jones', 'Character 1', 'supporting', '0b96093a-f931-4fdf-afeb-db813f97ad0e', '2026-01-16T12:38:17.555728', '2026-01-16T12:38:17.555728');
INSERT INTO movie_cast (id, first_name, last_name, character_full_name, role, movie_id, created_at, updated_at) VALUES ('c08e458d-8a8a-4fa2-843a-0e155e4b7227', 'Sarah', 'Brown', 'Character 2', 'cameo', '0b96093a-f931-4fdf-afeb-db813f97ad0e', '2026-01-16T12:38:17.555755', '2026-01-16T12:38:17.555755');
INSERT INTO movie_cast (id, first_name, last_name, character_full_name, role, movie_id, created_at, updated_at) VALUES ('b7cd961c-5fb5-4879-be12-633419ae69af', 'Jane', 'Brown', 'Character 3', 'lead', '0b96093a-f931-4fdf-afeb-db813f97ad0e', '2026-01-16T12:38:17.555782', '2026-01-16T12:38:17.555782');
INSERT INTO movie_cast (id, first_name, last_name, character_full_name, role, movie_id, created_at, updated_at) VALUES ('94be927e-dd83-4981-9b68-e78ad174f8d6', 'Emma', 'Jones', 'Character 4', 'cameo', '0b96093a-f931-4fdf-afeb-db813f97ad0e', '2026-01-16T12:38:17.555812', '2026-01-16T12:38:17.555812');
INSERT INTO movie_cast (id, first_name, last_name, character_full_name, role, movie_id, created_at, updated_at) VALUES ('276edea5-b6ef-4434-9219-c01d87b6560e', 'John', 'Smith', 'Character 5', 'supporting', '0b96093a-f931-4fdf-afeb-db813f97ad0e', '2026-01-16T12:38:17.555841', '2026-01-16T12:38:17.555841');
INSERT INTO movie_cast (id, first_name, last_name, character_full_name, role, movie_id, created_at, updated_at) VALUES ('f8ae1b09-8d37-400a-92e1-bc117eed673e', 'Michael', 'Jones', 'Character 1', 'cameo', '2b856798-7d97-472e-90d2-ea4a91579cab', '2026-01-16T12:38:17.555879', '2026-01-16T12:38:17.555879');
INSERT INTO movie_cast (id, first_name, last_name, character_full_name, role, movie_id, created_at, updated_at) VALUES ('b1a0a0c3-acd6-4e06-a7d3-9c60d6b8a530', 'David', 'Smith', 'Character 2', 'supporting', '2b856798-7d97-472e-90d2-ea4a91579cab', '2026-01-16T12:38:17.555908', '2026-01-16T12:38:17.555908');
INSERT INTO movie_cast (id, first_name, last_name, character_full_name, role, movie_id, created_at, updated_at) VALUES ('4f77c6d8-45bd-428b-9bb0-4a490942329f', 'Emma', 'Williams', 'Character 3', 'lead', '2b856798-7d97-472e-90d2-ea4a91579cab', '2026-01-16T12:38:17.555941', '2026-01-16T12:38:17.555941');
INSERT INTO movie_cast (id, first_name, last_name, character_full_name, role, movie_id, created_at, updated_at) VALUES ('5b91f490-6dfc-401d-8296-851bc92c4f1d', 'John', 'Smith', 'Character 4', 'lead', '2b856798-7d97-472e-90d2-ea4a91579cab', '2026-01-16T12:38:17.555978', '2026-01-16T12:38:17.555978');
INSERT INTO movie_cast (id, first_name, last_name, character_full_name, role, movie_id, created_at, updated_at) VALUES ('73653448-f98e-47df-ad5d-81f255a6e410', 'Sarah', 'Jones', 'Character 5', 'cameo', '2b856798-7d97-472e-90d2-ea4a91579cab', '2026-01-16T12:38:17.556013', '2026-01-16T12:38:17.556013');
INSERT INTO movie_cast (id, first_name, last_name, character_full_name, role, movie_id, created_at, updated_at) VALUES ('1f27a29d-0e19-4456-9c3e-a70da6baf8a1', 'David', 'Brown', 'Character 1', 'lead', '36606393-613c-4ff0-ab8d-0b4dc5676775', '2026-01-16T12:38:17.556057', '2026-01-16T12:38:17.556057');
INSERT INTO movie_cast (id, first_name, last_name, character_full_name, role, movie_id, created_at, updated_at) VALUES ('530ffbfd-9977-4d01-82c8-f045ed0de124', 'David', 'Williams', 'Character 2', 'lead', '36606393-613c-4ff0-ab8d-0b4dc5676775', '2026-01-16T12:38:17.556110', '2026-01-16T12:38:17.556110');
INSERT INTO movie_cast (id, first_name, last_name, character_full_name, role, movie_id, created_at, updated_at) VALUES ('74a45d35-40e8-4542-a0ce-04eb3e0e6f3d', 'Michael', 'Williams', 'Character 3', 'lead', '36606393-613c-4ff0-ab8d-0b4dc5676775', '2026-01-16T12:38:17.556146', '2026-01-16T12:38:17.556146');
INSERT INTO movie_cast (id, first_name, last_name, character_full_name, role, movie_id, created_at, updated_at) VALUES ('daddff1b-686b-4c29-b498-cf78e5015d2d', 'Emma', 'Williams', 'Character 4', 'lead', '36606393-613c-4ff0-ab8d-0b4dc5676775', '2026-01-16T12:38:17.556179', '2026-01-16T12:38:17.556179');
INSERT INTO movie_cast (id, first_name, last_name, character_full_name, role, movie_id, created_at, updated_at) VALUES ('4c5e4a62-8a21-44f3-a544-000b5abf301b', 'John', 'Johnson', 'Character 5', 'cameo', '36606393-613c-4ff0-ab8d-0b4dc5676775', '2026-01-16T12:38:17.556207', '2026-01-16T12:38:17.556207');
INSERT INTO movie_writers (id, first_name, last_name, movie_id, created_at, updated_at) VALUES ('0803db24-a0a4-4caf-b68f-249ff8fbd07c', 'Mark', 'Anderson', '6ffd37e9-6126-4b82-8050-4baeb5ac3af8', '2026-01-16T12:38:17.556411', '2026-01-16T12:38:17.556411');
INSERT INTO movie_writers (id, first_name, last_name, movie_id, created_at, updated_at) VALUES ('7f5d5e99-ca44-46dd-ac39-903ae678a2b5', 'Linda', 'Clark', '6ffd37e9-6126-4b82-8050-4baeb5ac3af8', '2026-01-16T12:38:17.556447', '2026-01-16T12:38:17.556447');
INSERT INTO movie_writers (id, first_name, last_name, movie_id, created_at, updated_at) VALUES ('3d9f9e53-7aa4-4e3c-869c-e285fa15373b', 'Linda', 'Taylor', 'ca9ca463-6fc1-4322-9b5a-a7ffa677d63e', '2026-01-16T12:38:17.556482', '2026-01-16T12:38:17.556482');
INSERT INTO movie_writers (id, first_name, last_name, movie_id, created_at, updated_at) VALUES ('a58b17a3-9400-4d3e-a55a-ee90c0faeed1', 'Chris', 'Taylor', 'ca9ca463-6fc1-4322-9b5a-a7ffa677d63e', '2026-01-16T12:38:17.556513', '2026-01-16T12:38:17.556513');
INSERT INTO movie_writers (id, first_name, last_name, movie_id, created_at, updated_at) VALUES ('cd08db91-b2c4-4836-842a-2c0c22746c1f', 'Mark', 'Moore', 'b7b10401-65a6-4cb0-853f-31aa8e6e9013', '2026-01-16T12:38:17.556541', '2026-01-16T12:38:17.556541');
INSERT INTO movie_writers (id, first_name, last_name, movie_id, created_at, updated_at) VALUES ('82c078de-7a46-41cb-a9f1-a05c09c1309e', 'Mark', 'Taylor', 'b7b10401-65a6-4cb0-853f-31aa8e6e9013', '2026-01-16T12:38:17.556569', '2026-01-16T12:38:17.556569');
INSERT INTO movie_writers (id, first_name, last_name, movie_id, created_at, updated_at) VALUES ('b263f7d9-3a72-4ced-a39b-c701aa19e485', 'Aaron', 'Clark', '50cde606-959e-41b7-bc1b-199eb6b82a11', '2026-01-16T12:38:17.556602', '2026-01-16T12:38:17.556602');
INSERT INTO movie_writers (id, first_name, last_name, movie_id, created_at, updated_at) VALUES ('2b86dac7-2855-4de9-99bb-60de5774eda7', 'Mark', 'Taylor', '50cde606-959e-41b7-bc1b-199eb6b82a11', '2026-01-16T12:38:17.556627', '2026-01-16T12:38:17.556627');
INSERT INTO movie_writers (id, first_name, last_name, movie_id, created_at, updated_at) VALUES ('4899bfad-bf52-47b7-9408-42c7b72e6039', 'Aaron', 'Clark', 'c8b80504-9ac3-4f5a-8141-ebdb4e498356', '2026-01-16T12:38:17.556656', '2026-01-16T12:38:17.556656');
INSERT INTO movie_writers (id, first_name, last_name, movie_id, created_at, updated_at) VALUES ('a2459e58-7980-4192-9a3e-570b8337e70a', 'Mark', 'Lewis', 'c8b80504-9ac3-4f5a-8141-ebdb4e498356', '2026-01-16T12:38:17.556682', '2026-01-16T12:38:17.556682');
INSERT INTO movie_writers (id, first_name, last_name, movie_id, created_at, updated_at) VALUES ('fcc09d7e-9a50-4125-8563-cef2ef9c80ad', 'Aaron', 'Moore', '96595de7-b3a8-469d-9204-941929d3a654', '2026-01-16T12:38:17.556710', '2026-01-16T12:38:17.556710');
INSERT INTO movie_writers (id, first_name, last_name, movie_id, created_at, updated_at) VALUES ('03e156c4-f08c-4ce1-9a37-871d235ae1c3', 'Linda', 'Taylor', '96595de7-b3a8-469d-9204-941929d3a654', '2026-01-16T12:38:17.556737', '2026-01-16T12:38:17.556737');
INSERT INTO movie_writers (id, first_name, last_name, movie_id, created_at, updated_at) VALUES ('881c82a4-f2c0-479f-98dc-b3ec9c7986d2', 'Sophia', 'Clark', '9cd47689-f72c-4bfa-a686-500874d88207', '2026-01-16T12:38:17.556772', '2026-01-16T12:38:17.556772');
INSERT INTO movie_writers (id, first_name, last_name, movie_id, created_at, updated_at) VALUES ('6d5afae5-f047-405d-b29d-954bc1d3187d', 'Aaron', 'Moore', '9cd47689-f72c-4bfa-a686-500874d88207', '2026-01-16T12:38:17.556798', '2026-01-16T12:38:17.556798');
INSERT INTO movie_writers (id, first_name, last_name, movie_id, created_at, updated_at) VALUES ('8f0aa63a-d75d-4c76-adf5-ad63f99fe7d3', 'Mark', 'Clark', 'b45e8231-31a6-49c0-8338-ffc92ff32ebf', '2026-01-16T12:38:17.556829', '2026-01-16T12:38:17.556829');
INSERT INTO movie_writers (id, first_name, last_name, movie_id, created_at, updated_at) VALUES ('98bc9d01-0552-473e-862e-061a069af5b7', 'Linda', 'Clark', 'b45e8231-31a6-49c0-8338-ffc92ff32ebf', '2026-01-16T12:38:17.556854', '2026-01-16T12:38:17.556854');
INSERT INTO movie_writers (id, first_name, last_name, movie_id, created_at, updated_at) VALUES ('4df995d9-11dc-4418-9047-df3f8f7b63ab', 'Mark', 'Taylor', 'dcf6f77b-76da-4fa5-a32e-2625a57b2f67', '2026-01-16T12:38:17.556880', '2026-01-16T12:38:17.556880');
INSERT INTO movie_writers (id, first_name, last_name, movie_id, created_at, updated_at) VALUES ('5f9de8dd-a9d1-449b-bbb5-ef116d7e9f32', 'Aaron', 'Moore', 'dcf6f77b-76da-4fa5-a32e-2625a57b2f67', '2026-01-16T12:38:17.556905', '2026-01-16T12:38:17.556905');
INSERT INTO movie_writers (id, first_name, last_name, movie_id, created_at, updated_at) VALUES ('a40caeff-8c74-46f3-b5a5-841b5a47d4c3', 'Mark', 'Taylor', '4a4db06b-179b-4131-84b1-87c628a83442', '2026-01-16T12:38:17.556931', '2026-01-16T12:38:17.556931');
INSERT INTO movie_writers (id, first_name, last_name, movie_id, created_at, updated_at) VALUES ('fcd64b2b-e6bc-4744-8890-9d683d22c188', 'Linda', 'Clark', '4a4db06b-179b-4131-84b1-87c628a83442', '2026-01-16T12:38:17.556958', '2026-01-16T12:38:17.556958');
INSERT INTO movie_writers (id, first_name, last_name, movie_id, created_at, updated_at) VALUES ('b39052aa-d196-4ccf-b443-474338949792', 'Linda', 'Anderson', 'd4402bd9-ff8a-4ce5-919b-6f15b6d3649b', '2026-01-16T12:38:17.556984', '2026-01-16T12:38:17.556984');
INSERT INTO movie_writers (id, first_name, last_name, movie_id, created_at, updated_at) VALUES ('94a57c8d-d3ab-4372-91b4-4317a2eb6dcc', 'Aaron', 'Moore', 'd4402bd9-ff8a-4ce5-919b-6f15b6d3649b', '2026-01-16T12:38:17.557009', '2026-01-16T12:38:17.557009');
INSERT INTO movie_writers (id, first_name, last_name, movie_id, created_at, updated_at) VALUES ('c2ac2c7a-3e31-46fd-a08a-2de4a8416dbb', 'Sophia', 'Lewis', '6eac4deb-7773-479f-a4b6-df1e7a32e813', '2026-01-16T12:38:17.557039', '2026-01-16T12:38:17.557039');
INSERT INTO movie_writers (id, first_name, last_name, movie_id, created_at, updated_at) VALUES ('8fa544d3-4d2a-427f-9aef-be488a959889', 'Mark', 'Anderson', '6eac4deb-7773-479f-a4b6-df1e7a32e813', '2026-01-16T12:38:17.557064', '2026-01-16T12:38:17.557064');
INSERT INTO movie_writers (id, first_name, last_name, movie_id, created_at, updated_at) VALUES ('d1a4caf7-fa1a-4794-b9d1-a1f7b5f0cb8b', 'Aaron', 'Lewis', '7baf51c9-448d-4a54-bf46-73b27893e54a', '2026-01-16T12:38:17.557091', '2026-01-16T12:38:17.557091');
INSERT INTO movie_writers (id, first_name, last_name, movie_id, created_at, updated_at) VALUES ('f510b2e9-0b6c-4868-b311-cb10324ff093', 'Chris', 'Clark', '7baf51c9-448d-4a54-bf46-73b27893e54a', '2026-01-16T12:38:17.557115', '2026-01-16T12:38:17.557115');
INSERT INTO movie_writers (id, first_name, last_name, movie_id, created_at, updated_at) VALUES ('88307ceb-ba9a-4115-858c-15d9d2f9554e', 'Linda', 'Anderson', '4e8fed90-abba-49cb-b11e-9dcf1f2f4d24', '2026-01-16T12:38:17.557143', '2026-01-16T12:38:17.557143');
INSERT INTO movie_writers (id, first_name, last_name, movie_id, created_at, updated_at) VALUES ('f08d2802-a2a5-4933-b816-96861575f38e', 'Mark', 'Moore', '4e8fed90-abba-49cb-b11e-9dcf1f2f4d24', '2026-01-16T12:38:17.557168', '2026-01-16T12:38:17.557168');
INSERT INTO movie_writers (id, first_name, last_name, movie_id, created_at, updated_at) VALUES ('17617a29-7b7b-47e4-acdf-94998660bca1', 'Chris', 'Anderson', '4cf2879e-6829-42e7-a341-b66c8d754332', '2026-01-16T12:38:17.557193', '2026-01-16T12:38:17.557193');
INSERT INTO movie_writers (id, first_name, last_name, movie_id, created_at, updated_at) VALUES ('b2b21e15-3ee5-4fe2-bb36-9a2944d15d18', 'Linda', 'Moore', '4cf2879e-6829-42e7-a341-b66c8d754332', '2026-01-16T12:38:17.557219', '2026-01-16T12:38:17.557219');
INSERT INTO movie_writers (id, first_name, last_name, movie_id, created_at, updated_at) VALUES ('72d2e529-5bb3-4878-b3f9-8ec6daa0f9c2', 'Chris', 'Moore', '52d73497-aefe-4f27-9a73-f5ef41a370c8', '2026-01-16T12:38:17.557248', '2026-01-16T12:38:17.557248');
INSERT INTO movie_writers (id, first_name, last_name, movie_id, created_at, updated_at) VALUES ('c0cd0ef7-d36c-4696-bd91-646f25778a62', 'Mark', 'Clark', '52d73497-aefe-4f27-9a73-f5ef41a370c8', '2026-01-16T12:38:17.557276', '2026-01-16T12:38:17.557276');
INSERT INTO movie_writers (id, first_name, last_name, movie_id, created_at, updated_at) VALUES ('9db23c8e-b389-497b-8c73-a93ed2cce5e5', 'Linda', 'Clark', '7779df6b-04dc-4f1a-a750-794cdf019ac7', '2026-01-16T12:38:17.557304', '2026-01-16T12:38:17.557304');
INSERT INTO movie_writers (id, first_name, last_name, movie_id, created_at, updated_at) VALUES ('eafc079a-cdde-40cc-b079-a0b6d9afb875', 'Chris', 'Clark', '7779df6b-04dc-4f1a-a750-794cdf019ac7', '2026-01-16T12:38:17.557333', '2026-01-16T12:38:17.557333');
INSERT INTO movie_writers (id, first_name, last_name, movie_id, created_at, updated_at) VALUES ('49904122-9cc2-4bff-baf9-ba659ebebe7f', 'Sophia', 'Clark', 'e5f35f4d-45fa-4dea-8300-fbb24871b843', '2026-01-16T12:38:17.557365', '2026-01-16T12:38:17.557365');
INSERT INTO movie_writers (id, first_name, last_name, movie_id, created_at, updated_at) VALUES ('fa5dbd83-b7b5-4355-b0cf-4c12add01e46', 'Aaron', 'Taylor', 'e5f35f4d-45fa-4dea-8300-fbb24871b843', '2026-01-16T12:38:17.557395', '2026-01-16T12:38:17.557395');
INSERT INTO movie_writers (id, first_name, last_name, movie_id, created_at, updated_at) VALUES ('0a9d616c-8076-4c6c-8519-8f544928363b', 'Linda', 'Taylor', '0b96093a-f931-4fdf-afeb-db813f97ad0e', '2026-01-16T12:38:17.557425', '2026-01-16T12:38:17.557425');
INSERT INTO movie_writers (id, first_name, last_name, movie_id, created_at, updated_at) VALUES ('219d6afd-3684-48d1-af7b-ada90df29e64', 'Sophia', 'Clark', '0b96093a-f931-4fdf-afeb-db813f97ad0e', '2026-01-16T12:38:17.557500', '2026-01-16T12:38:17.557500');
INSERT INTO movie_writers (id, first_name, last_name, movie_id, created_at, updated_at) VALUES ('9174d331-0101-459f-a82b-6fb9495fb607', 'Aaron', 'Moore', '2b856798-7d97-472e-90d2-ea4a91579cab', '2026-01-16T12:38:17.557536', '2026-01-16T12:38:17.557536');
INSERT INTO movie_writers (id, first_name, last_name, movie_id, created_at, updated_at) VALUES ('3115ffe3-0814-4b13-a2be-a407cf6e8880', 'Sophia', 'Moore', '2b856798-7d97-472e-90d2-ea4a91579cab', '2026-01-16T12:38:17.557562', '2026-01-16T12:38:17.557562');
INSERT INTO movie_writers (id, first_name, last_name, movie_id, created_at, updated_at) VALUES ('e118a567-d142-4e78-8ab5-27529a6bbe32', 'Chris', 'Anderson', '36606393-613c-4ff0-ab8d-0b4dc5676775', '2026-01-16T12:38:17.557589', '2026-01-16T12:38:17.557589');
INSERT INTO movie_writers (id, first_name, last_name, movie_id, created_at, updated_at) VALUES ('97cb51f7-c5e1-4178-9f9d-05c7943aac40', 'Chris', 'Clark', '36606393-613c-4ff0-ab8d-0b4dc5676775', '2026-01-16T12:38:17.557615', '2026-01-16T12:38:17.557615');
INSERT INTO movie_ratings (id, source, value, movie_id, created_at, updated_at) VALUES ('dc18be77-f8cd-4c04-bd83-1da76ac33f32', 'imdb', 6.2, '6ffd37e9-6126-4b82-8050-4baeb5ac3af8', '2026-01-16T12:38:17.557835', '2026-01-16T12:38:17.557835');
INSERT INTO movie_ratings (id, source, value, movie_id, created_at, updated_at) VALUES ('b79d7853-d336-4a55-9a16-d963996c47f7', 'rotten_tomatoes', 6.3, '6ffd37e9-6126-4b82-8050-4baeb5ac3af8', '2026-01-16T12:38:17.557880', '2026-01-16T12:38:17.557880');
INSERT INTO movie_ratings (id, source, value, movie_id, created_at, updated_at) VALUES ('bdf9dd68-ba61-4317-b1b8-ec8c1a801091', 'imdb', 6.1, 'ca9ca463-6fc1-4322-9b5a-a7ffa677d63e', '2026-01-16T12:38:17.557916', '2026-01-16T12:38:17.557916');
INSERT INTO movie_ratings (id, source, value, movie_id, created_at, updated_at) VALUES ('44c02de6-a03d-455a-907a-d9747c1402a5', 'rotten_tomatoes', 7.1, 'ca9ca463-6fc1-4322-9b5a-a7ffa677d63e', '2026-01-16T12:38:17.557946', '2026-01-16T12:38:17.557946');
INSERT INTO movie_ratings (id, source, value, movie_id, created_at, updated_at) VALUES ('ba0a681c-0ae4-4e4c-8159-ff59829ff63a', 'imdb', 8.2, 'b7b10401-65a6-4cb0-853f-31aa8e6e9013', '2026-01-16T12:38:17.557983', '2026-01-16T12:38:17.557983');
INSERT INTO movie_ratings (id, source, value, movie_id, created_at, updated_at) VALUES ('5a9602a8-3fb2-43cd-8774-9c7e4f51f9d7', 'rotten_tomatoes', 7.6, 'b7b10401-65a6-4cb0-853f-31aa8e6e9013', '2026-01-16T12:38:17.558015', '2026-01-16T12:38:17.558015');
INSERT INTO movie_ratings (id, source, value, movie_id, created_at, updated_at) VALUES ('205665d4-9b30-48f1-a737-9e7cc6500c22', 'imdb', 7.2, '50cde606-959e-41b7-bc1b-199eb6b82a11', '2026-01-16T12:38:17.558046', '2026-01-16T12:38:17.558046');
INSERT INTO movie_ratings (id, source, value, movie_id, created_at, updated_at) VALUES ('60b371a5-7b57-4f92-8c50-b30a7fbd0629', 'rotten_tomatoes', 7.8, '50cde606-959e-41b7-bc1b-199eb6b82a11', '2026-01-16T12:38:17.558076', '2026-01-16T12:38:17.558076');
INSERT INTO movie_ratings (id, source, value, movie_id, created_at, updated_at) VALUES ('b2ed94c2-b8c9-4b0e-8810-c4e5b4315877', 'imdb', 9.1, 'c8b80504-9ac3-4f5a-8141-ebdb4e498356', '2026-01-16T12:38:17.558107', '2026-01-16T12:38:17.558107');
INSERT INTO movie_ratings (id, source, value, movie_id, created_at, updated_at) VALUES ('5ba8a603-cfeb-4a40-95e8-61d8800c2eca', 'rotten_tomatoes', 8.2, 'c8b80504-9ac3-4f5a-8141-ebdb4e498356', '2026-01-16T12:38:17.558135', '2026-01-16T12:38:17.558135');
INSERT INTO movie_ratings (id, source, value, movie_id, created_at, updated_at) VALUES ('5bb2bdc6-3a5c-4854-8af6-2a05a8507a10', 'imdb', 7.7, '96595de7-b3a8-469d-9204-941929d3a654', '2026-01-16T12:38:17.558166', '2026-01-16T12:38:17.558166');
INSERT INTO movie_ratings (id, source, value, movie_id, created_at, updated_at) VALUES ('ace4c973-85e7-4f2a-9c91-bde36f0497a3', 'rotten_tomatoes', 7.2, '96595de7-b3a8-469d-9204-941929d3a654', '2026-01-16T12:38:17.558195', '2026-01-16T12:38:17.558195');
INSERT INTO movie_ratings (id, source, value, movie_id, created_at, updated_at) VALUES ('214cdbbb-c78c-49d2-a896-329a1fa5c273', 'imdb', 7.7, '9cd47689-f72c-4bfa-a686-500874d88207', '2026-01-16T12:38:17.558228', '2026-01-16T12:38:17.558228');
INSERT INTO movie_ratings (id, source, value, movie_id, created_at, updated_at) VALUES ('ec66c07e-8cce-4480-afc2-03473e001410', 'rotten_tomatoes', 9.4, '9cd47689-f72c-4bfa-a686-500874d88207', '2026-01-16T12:38:17.558260', '2026-01-16T12:38:17.558260');
INSERT INTO movie_ratings (id, source, value, movie_id, created_at, updated_at) VALUES ('9bc25972-cf14-493b-ba08-bc178b49ed4c', 'imdb', 6.2, 'b45e8231-31a6-49c0-8338-ffc92ff32ebf', '2026-01-16T12:38:17.558290', '2026-01-16T12:38:17.558290');
INSERT INTO movie_ratings (id, source, value, movie_id, created_at, updated_at) VALUES ('4d3e52fd-39e4-4c02-80ec-8e7ea5ed459d', 'rotten_tomatoes', 8.6, 'b45e8231-31a6-49c0-8338-ffc92ff32ebf', '2026-01-16T12:38:17.558318', '2026-01-16T12:38:17.558318');
INSERT INTO movie_ratings (id, source, value, movie_id, created_at, updated_at) VALUES ('730ef1c4-e3cc-4dc1-b967-2a538740361b', 'imdb', 6.4, 'dcf6f77b-76da-4fa5-a32e-2625a57b2f67', '2026-01-16T12:38:17.558347', '2026-01-16T12:38:17.558347');
INSERT INTO movie_ratings (id, source, value, movie_id, created_at, updated_at) VALUES ('c6382623-7c3e-40c1-ac14-fca40dcb6df8', 'rotten_tomatoes', 6.9, 'dcf6f77b-76da-4fa5-a32e-2625a57b2f67', '2026-01-16T12:38:17.558377', '2026-01-16T12:38:17.558377');
INSERT INTO movie_ratings (id, source, value, movie_id, created_at, updated_at) VALUES ('7fd2d805-574d-495f-9568-13446e9d82ad', 'imdb', 6.3, '4a4db06b-179b-4131-84b1-87c628a83442', '2026-01-16T12:38:17.558409', '2026-01-16T12:38:17.558409');
INSERT INTO movie_ratings (id, source, value, movie_id, created_at, updated_at) VALUES ('50e6a1f6-468b-4da5-bb0b-c0ad9f87b150', 'rotten_tomatoes', 9.0, '4a4db06b-179b-4131-84b1-87c628a83442', '2026-01-16T12:38:17.558437', '2026-01-16T12:38:17.558437');
INSERT INTO movie_ratings (id, source, value, movie_id, created_at, updated_at) VALUES ('f2bad4a2-19ff-4ebc-99d2-dd4ec359f2bb', 'imdb', 8.7, 'd4402bd9-ff8a-4ce5-919b-6f15b6d3649b', '2026-01-16T12:38:17.558468', '2026-01-16T12:38:17.558468');
INSERT INTO movie_ratings (id, source, value, movie_id, created_at, updated_at) VALUES ('5d335dd7-fc3f-4641-b050-d24ffeb4aa2f', 'rotten_tomatoes', 7.4, 'd4402bd9-ff8a-4ce5-919b-6f15b6d3649b', '2026-01-16T12:38:17.558512', '2026-01-16T12:38:17.558512');
INSERT INTO movie_ratings (id, source, value, movie_id, created_at, updated_at) VALUES ('81dcd01b-7c41-4609-a581-6818dea923d9', 'imdb', 7.8, '6eac4deb-7773-479f-a4b6-df1e7a32e813', '2026-01-16T12:38:17.558542', '2026-01-16T12:38:17.558542');
INSERT INTO movie_ratings (id, source, value, movie_id, created_at, updated_at) VALUES ('872c4ca5-7053-489e-8380-d34159ac3b6e', 'rotten_tomatoes', 8.4, '6eac4deb-7773-479f-a4b6-df1e7a32e813', '2026-01-16T12:38:17.558570', '2026-01-16T12:38:17.558570');
INSERT INTO movie_ratings (id, source, value, movie_id, created_at, updated_at) VALUES ('455249dd-a6fc-40dd-afd9-ce3d39fbb8bd', 'imdb', 7.9, '7baf51c9-448d-4a54-bf46-73b27893e54a', '2026-01-16T12:38:17.558602', '2026-01-16T12:38:17.558602');
INSERT INTO movie_ratings (id, source, value, movie_id, created_at, updated_at) VALUES ('ffa6b2cb-56e2-46fa-8c9d-fb8920e544fe', 'rotten_tomatoes', 8.7, '7baf51c9-448d-4a54-bf46-73b27893e54a', '2026-01-16T12:38:17.558630', '2026-01-16T12:38:17.558630');
INSERT INTO movie_ratings (id, source, value, movie_id, created_at, updated_at) VALUES ('d736922c-160f-4e99-81c4-08bf4621aace', 'imdb', 6.6, '4e8fed90-abba-49cb-b11e-9dcf1f2f4d24', '2026-01-16T12:38:17.558659', '2026-01-16T12:38:17.558659');
INSERT INTO movie_ratings (id, source, value, movie_id, created_at, updated_at) VALUES ('dc14184a-08a7-49f8-bbb1-da120b53f7ba', 'rotten_tomatoes', 9.1, '4e8fed90-abba-49cb-b11e-9dcf1f2f4d24', '2026-01-16T12:38:17.558687', '2026-01-16T12:38:17.558687');
INSERT INTO movie_ratings (id, source, value, movie_id, created_at, updated_at) VALUES ('8b7dd28a-f4e8-4bf9-838b-e797db625d78', 'imdb', 6.1, '4cf2879e-6829-42e7-a341-b66c8d754332', '2026-01-16T12:38:17.558718', '2026-01-16T12:38:17.558718');
INSERT INTO movie_ratings (id, source, value, movie_id, created_at, updated_at) VALUES ('295d1e51-3e54-4a8c-a712-72557e002a6e', 'rotten_tomatoes', 6.4, '4cf2879e-6829-42e7-a341-b66c8d754332', '2026-01-16T12:38:17.558746', '2026-01-16T12:38:17.558746');
INSERT INTO movie_ratings (id, source, value, movie_id, created_at, updated_at) VALUES ('75c607fe-3248-49d8-aa43-a97a01d250dd', 'imdb', 8.9, '52d73497-aefe-4f27-9a73-f5ef41a370c8', '2026-01-16T12:38:17.558775', '2026-01-16T12:38:17.558775');
INSERT INTO movie_ratings (id, source, value, movie_id, created_at, updated_at) VALUES ('2695665c-86ed-438f-93a1-517ff7753fb3', 'rotten_tomatoes', 7.0, '52d73497-aefe-4f27-9a73-f5ef41a370c8', '2026-01-16T12:38:17.558803', '2026-01-16T12:38:17.558803');
INSERT INTO movie_ratings (id, source, value, movie_id, created_at, updated_at) VALUES ('bd9cbb03-6453-4eca-b931-7ef02f73c049', 'imdb', 6.6, '7779df6b-04dc-4f1a-a750-794cdf019ac7', '2026-01-16T12:38:17.558833', '2026-01-16T12:38:17.558833');
INSERT INTO movie_ratings (id, source, value, movie_id, created_at, updated_at) VALUES ('69595519-4d1f-4cda-b657-d90025015336', 'rotten_tomatoes', 8.0, '7779df6b-04dc-4f1a-a750-794cdf019ac7', '2026-01-16T12:38:17.558861', '2026-01-16T12:38:17.558861');
INSERT INTO movie_ratings (id, source, value, movie_id, created_at, updated_at) VALUES ('faea8388-3299-4406-a604-9308f837220c', 'imdb', 8.3, 'e5f35f4d-45fa-4dea-8300-fbb24871b843', '2026-01-16T12:38:17.558890', '2026-01-16T12:38:17.558890');
INSERT INTO movie_ratings (id, source, value, movie_id, created_at, updated_at) VALUES ('52801eab-f62d-484c-ac63-4038367947d6', 'rotten_tomatoes', 8.4, 'e5f35f4d-45fa-4dea-8300-fbb24871b843', '2026-01-16T12:38:17.558918', '2026-01-16T12:38:17.558918');
INSERT INTO movie_ratings (id, source, value, movie_id, created_at, updated_at) VALUES ('7f717de2-e50b-4905-9af4-4697e48b277f', 'imdb', 9.1, '0b96093a-f931-4fdf-afeb-db813f97ad0e', '2026-01-16T12:38:17.558951', '2026-01-16T12:38:17.558951');
INSERT INTO movie_ratings (id, source, value, movie_id, created_at, updated_at) VALUES ('13a5d0b1-2ad6-4892-b01d-14775fa116c7', 'rotten_tomatoes', 9.1, '0b96093a-f931-4fdf-afeb-db813f97ad0e', '2026-01-16T12:38:17.558979', '2026-01-16T12:38:17.558979');
INSERT INTO movie_ratings (id, source, value, movie_id, created_at, updated_at) VALUES ('c9f8cca7-8376-4dd4-ac94-16efb1aeabc0', 'imdb', 7.7, '2b856798-7d97-472e-90d2-ea4a91579cab', '2026-01-16T12:38:17.559008', '2026-01-16T12:38:17.559008');
INSERT INTO movie_ratings (id, source, value, movie_id, created_at, updated_at) VALUES ('740210fa-67ee-4b69-9c48-9ba21f9f1608', 'rotten_tomatoes', 7.7, '2b856798-7d97-472e-90d2-ea4a91579cab', '2026-01-16T12:38:17.559039', '2026-01-16T12:38:17.559039');
INSERT INTO movie_ratings (id, source, value, movie_id, created_at, updated_at) VALUES ('94927c06-0d26-469a-b9c9-911ba6640131', 'imdb', 8.7, '36606393-613c-4ff0-ab8d-0b4dc5676775', '2026-01-16T12:38:17.559069', '2026-01-16T12:38:17.559069');
INSERT INTO movie_ratings (id, source, value, movie_id, created_at, updated_at) VALUES ('2e9ea607-204b-4606-84d2-5f600bcba672', 'rotten_tomatoes', 8.1, '36606393-613c-4ff0-ab8d-0b4dc5676775', '2026-01-16T12:38:17.559097', '2026-01-16T12:38:17.559097');
INSERT INTO movie_genres (movie_id, genre_id) VALUES ('6ffd37e9-6126-4b82-8050-4baeb5ac3af8', '4c3cefb5-3aeb-41ba-bff7-8a2ee6de10a1');
INSERT INTO movie_genres (movie_id, genre_id) VALUES ('6ffd37e9-6126-4b82-8050-4baeb5ac3af8', '02bc4836-db26-4341-80d4-5820c6cf1c76');
INSERT INTO movie_genres (movie_id, genre_id) VALUES ('6ffd37e9-6126-4b82-8050-4baeb5ac3af8', '7aeb150e-38fa-488e-9351-9479aae2b414');
INSERT INTO movie_genres (movie_id, genre_id) VALUES ('6ffd37e9-6126-4b82-8050-4baeb5ac3af8', 'bfc14906-98c9-4de5-9fa6-46b5b29a2d01');
INSERT INTO movie_genres (movie_id, genre_id) VALUES ('ca9ca463-6fc1-4322-9b5a-a7ffa677d63e', 'bfc14906-98c9-4de5-9fa6-46b5b29a2d01');
INSERT INTO movie_genres (movie_id, genre_id) VALUES ('ca9ca463-6fc1-4322-9b5a-a7ffa677d63e', '02bc4836-db26-4341-80d4-5820c6cf1c76');
INSERT INTO movie_genres (movie_id, genre_id) VALUES ('ca9ca463-6fc1-4322-9b5a-a7ffa677d63e', '7aeb150e-38fa-488e-9351-9479aae2b414');
INSERT INTO movie_genres (movie_id, genre_id) VALUES ('b7b10401-65a6-4cb0-853f-31aa8e6e9013', 'a70e4c65-ff3f-4913-a794-9510501a1b65');
INSERT INTO movie_genres (movie_id, genre_id) VALUES ('b7b10401-65a6-4cb0-853f-31aa8e6e9013', 'ad59cd13-ba6e-48eb-8f25-68cb61ee02b1');
INSERT INTO movie_genres (movie_id, genre_id) VALUES ('50cde606-959e-41b7-bc1b-199eb6b82a11', 'bfc14906-98c9-4de5-9fa6-46b5b29a2d01');
INSERT INTO movie_genres (movie_id, genre_id) VALUES ('50cde606-959e-41b7-bc1b-199eb6b82a11', '4c3cefb5-3aeb-41ba-bff7-8a2ee6de10a1');
INSERT INTO movie_genres (movie_id, genre_id) VALUES ('50cde606-959e-41b7-bc1b-199eb6b82a11', '047bb5f2-1599-427b-92ed-713253e78b08');
INSERT INTO movie_genres (movie_id, genre_id) VALUES ('c8b80504-9ac3-4f5a-8141-ebdb4e498356', 'bfc14906-98c9-4de5-9fa6-46b5b29a2d01');
INSERT INTO movie_genres (movie_id, genre_id) VALUES ('c8b80504-9ac3-4f5a-8141-ebdb4e498356', '02bc4836-db26-4341-80d4-5820c6cf1c76');
INSERT INTO movie_genres (movie_id, genre_id) VALUES ('96595de7-b3a8-469d-9204-941929d3a654', 'bfc14906-98c9-4de5-9fa6-46b5b29a2d01');
INSERT INTO movie_genres (movie_id, genre_id) VALUES ('96595de7-b3a8-469d-9204-941929d3a654', 'ad59cd13-ba6e-48eb-8f25-68cb61ee02b1');
INSERT INTO movie_genres (movie_id, genre_id) VALUES ('9cd47689-f72c-4bfa-a686-500874d88207', 'ad59cd13-ba6e-48eb-8f25-68cb61ee02b1');
INSERT INTO movie_genres (movie_id, genre_id) VALUES ('9cd47689-f72c-4bfa-a686-500874d88207', '1445c642-8fe4-47e2-90d0-2fcd5ddfdfe7');
INSERT INTO movie_genres (movie_id, genre_id) VALUES ('9cd47689-f72c-4bfa-a686-500874d88207', '36683b10-eec7-4cc8-b2e0-a79c3eb20b03');
INSERT INTO movie_genres (movie_id, genre_id) VALUES ('b45e8231-31a6-49c0-8338-ffc92ff32ebf', '8d37837b-f624-48c6-b033-a0388ec5f8e2');
INSERT INTO movie_genres (movie_id, genre_id) VALUES ('b45e8231-31a6-49c0-8338-ffc92ff32ebf', '7aeb150e-38fa-488e-9351-9479aae2b414');
INSERT INTO movie_genres (movie_id, genre_id) VALUES ('b45e8231-31a6-49c0-8338-ffc92ff32ebf', 'a70e4c65-ff3f-4913-a794-9510501a1b65');
INSERT INTO movie_genres (movie_id, genre_id) VALUES ('dcf6f77b-76da-4fa5-a32e-2625a57b2f67', 'bfc14906-98c9-4de5-9fa6-46b5b29a2d01');
INSERT INTO movie_genres (movie_id, genre_id) VALUES ('dcf6f77b-76da-4fa5-a32e-2625a57b2f67', '02bc4836-db26-4341-80d4-5820c6cf1c76');
INSERT INTO movie_genres (movie_id, genre_id) VALUES ('dcf6f77b-76da-4fa5-a32e-2625a57b2f67', '4c3cefb5-3aeb-41ba-bff7-8a2ee6de10a1');
INSERT INTO movie_genres (movie_id, genre_id) VALUES ('4a4db06b-179b-4131-84b1-87c628a83442', 'ad59cd13-ba6e-48eb-8f25-68cb61ee02b1');
INSERT INTO movie_genres (movie_id, genre_id) VALUES ('4a4db06b-179b-4131-84b1-87c628a83442', '1445c642-8fe4-47e2-90d0-2fcd5ddfdfe7');
INSERT INTO movie_genres (movie_id, genre_id) VALUES ('4a4db06b-179b-4131-84b1-87c628a83442', '4c3cefb5-3aeb-41ba-bff7-8a2ee6de10a1');
INSERT INTO movie_genres (movie_id, genre_id) VALUES ('d4402bd9-ff8a-4ce5-919b-6f15b6d3649b', '02bc4836-db26-4341-80d4-5820c6cf1c76');
INSERT INTO movie_genres (movie_id, genre_id) VALUES ('d4402bd9-ff8a-4ce5-919b-6f15b6d3649b', '8d37837b-f624-48c6-b033-a0388ec5f8e2');
INSERT INTO movie_genres (movie_id, genre_id) VALUES ('d4402bd9-ff8a-4ce5-919b-6f15b6d3649b', 'bfc14906-98c9-4de5-9fa6-46b5b29a2d01');
INSERT INTO movie_genres (movie_id, genre_id) VALUES ('6eac4deb-7773-479f-a4b6-df1e7a32e813', '02bc4836-db26-4341-80d4-5820c6cf1c76');
INSERT INTO movie_genres (movie_id, genre_id) VALUES ('6eac4deb-7773-479f-a4b6-df1e7a32e813', '7aeb150e-38fa-488e-9351-9479aae2b414');
INSERT INTO movie_genres (movie_id, genre_id) VALUES ('7baf51c9-448d-4a54-bf46-73b27893e54a', '8d37837b-f624-48c6-b033-a0388ec5f8e2');
INSERT INTO movie_genres (movie_id, genre_id) VALUES ('7baf51c9-448d-4a54-bf46-73b27893e54a', '1445c642-8fe4-47e2-90d0-2fcd5ddfdfe7');
INSERT INTO movie_genres (movie_id, genre_id) VALUES ('4e8fed90-abba-49cb-b11e-9dcf1f2f4d24', '4c3cefb5-3aeb-41ba-bff7-8a2ee6de10a1');
INSERT INTO movie_genres (movie_id, genre_id) VALUES ('4e8fed90-abba-49cb-b11e-9dcf1f2f4d24', 'bfc14906-98c9-4de5-9fa6-46b5b29a2d01');
INSERT INTO movie_genres (movie_id, genre_id) VALUES ('4e8fed90-abba-49cb-b11e-9dcf1f2f4d24', '02bc4836-db26-4341-80d4-5820c6cf1c76');
INSERT INTO movie_genres (movie_id, genre_id) VALUES ('4cf2879e-6829-42e7-a341-b66c8d754332', 'ea961bff-f870-408b-9317-d6b1f8ea7512');
INSERT INTO movie_genres (movie_id, genre_id) VALUES ('4cf2879e-6829-42e7-a341-b66c8d754332', '047bb5f2-1599-427b-92ed-713253e78b08');
INSERT INTO movie_genres (movie_id, genre_id) VALUES ('4cf2879e-6829-42e7-a341-b66c8d754332', '02bc4836-db26-4341-80d4-5820c6cf1c76');
INSERT INTO movie_genres (movie_id, genre_id) VALUES ('4cf2879e-6829-42e7-a341-b66c8d754332', '26090222-e82a-440c-ba5d-8d01928005e7');
INSERT INTO movie_genres (movie_id, genre_id) VALUES ('4cf2879e-6829-42e7-a341-b66c8d754332', '36683b10-eec7-4cc8-b2e0-a79c3eb20b03');
INSERT INTO movie_genres (movie_id, genre_id) VALUES ('52d73497-aefe-4f27-9a73-f5ef41a370c8', 'ea961bff-f870-408b-9317-d6b1f8ea7512');
INSERT INTO movie_genres (movie_id, genre_id) VALUES ('52d73497-aefe-4f27-9a73-f5ef41a370c8', '02bc4836-db26-4341-80d4-5820c6cf1c76');
INSERT INTO movie_genres (movie_id, genre_id) VALUES ('52d73497-aefe-4f27-9a73-f5ef41a370c8', '047bb5f2-1599-427b-92ed-713253e78b08');
INSERT INTO movie_genres (movie_id, genre_id) VALUES ('52d73497-aefe-4f27-9a73-f5ef41a370c8', '26090222-e82a-440c-ba5d-8d01928005e7');
INSERT INTO movie_genres (movie_id, genre_id) VALUES ('7779df6b-04dc-4f1a-a750-794cdf019ac7', '8d37837b-f624-48c6-b033-a0388ec5f8e2');
INSERT INTO movie_genres (movie_id, genre_id) VALUES ('7779df6b-04dc-4f1a-a750-794cdf019ac7', '4c3cefb5-3aeb-41ba-bff7-8a2ee6de10a1');
INSERT INTO movie_genres (movie_id, genre_id) VALUES ('7779df6b-04dc-4f1a-a750-794cdf019ac7', '1445c642-8fe4-47e2-90d0-2fcd5ddfdfe7');
INSERT INTO movie_genres (movie_id, genre_id) VALUES ('7779df6b-04dc-4f1a-a750-794cdf019ac7', 'ad59cd13-ba6e-48eb-8f25-68cb61ee02b1');
INSERT INTO movie_genres (movie_id, genre_id) VALUES ('e5f35f4d-45fa-4dea-8300-fbb24871b843', '047bb5f2-1599-427b-92ed-713253e78b08');
INSERT INTO movie_genres (movie_id, genre_id) VALUES ('e5f35f4d-45fa-4dea-8300-fbb24871b843', '26090222-e82a-440c-ba5d-8d01928005e7');
INSERT INTO movie_genres (movie_id, genre_id) VALUES ('e5f35f4d-45fa-4dea-8300-fbb24871b843', '02bc4836-db26-4341-80d4-5820c6cf1c76');
INSERT INTO movie_genres (movie_id, genre_id) VALUES ('0b96093a-f931-4fdf-afeb-db813f97ad0e', '02bc4836-db26-4341-80d4-5820c6cf1c76');
INSERT INTO movie_genres (movie_id, genre_id) VALUES ('0b96093a-f931-4fdf-afeb-db813f97ad0e', '7aeb150e-38fa-488e-9351-9479aae2b414');
INSERT INTO movie_genres (movie_id, genre_id) VALUES ('2b856798-7d97-472e-90d2-ea4a91579cab', '8d37837b-f624-48c6-b033-a0388ec5f8e2');
INSERT INTO movie_genres (movie_id, genre_id) VALUES ('2b856798-7d97-472e-90d2-ea4a91579cab', 'f13344dc-3257-44bc-b95d-f430b0a45125');
INSERT INTO movie_genres (movie_id, genre_id) VALUES ('36606393-613c-4ff0-ab8d-0b4dc5676775', '8d37837b-f624-48c6-b033-a0388ec5f8e2');
INSERT INTO movie_genres (movie_id, genre_id) VALUES ('36606393-613c-4ff0-ab8d-0b4dc5676775', '1445c642-8fe4-47e2-90d0-2fcd5ddfdfe7');
INSERT INTO movie_projections (id, projection_date, projection_time, cinema_hall_id, movie_id, created_at, updated_at) VALUES ('c7874570-b654-4ee2-904e-35ec09e06118', '2026-02-18', '13:00:00', '1e714225-1496-43fd-9e98-87119156b996', '6ffd37e9-6126-4b82-8050-4baeb5ac3af8', '2026-01-16T12:38:17.560536', '2026-01-16T12:38:17.560536');
INSERT INTO movie_projections (id, projection_date, projection_time, cinema_hall_id, movie_id, created_at, updated_at) VALUES ('04a5e190-a6cc-47c1-b472-918e5d2f8336', '2026-02-16', '13:00:00', '52cd97ab-39f3-4636-8ef4-2def4b33a8b7', '6ffd37e9-6126-4b82-8050-4baeb5ac3af8', '2026-01-16T12:38:17.560599', '2026-01-16T12:38:17.560599');
INSERT INTO movie_projections (id, projection_date, projection_time, cinema_hall_id, movie_id, created_at, updated_at) VALUES ('6f0fbcb5-f6a8-4b00-a949-826a58158c33', '2026-02-18', '19:00:00', 'e23c9391-1da5-4d00-b51b-59da746d6438', '6ffd37e9-6126-4b82-8050-4baeb5ac3af8', '2026-01-16T12:38:17.560645', '2026-01-16T12:38:17.560645');
INSERT INTO movie_projections (id, projection_date, projection_time, cinema_hall_id, movie_id, created_at, updated_at) VALUES ('1d98d5ce-85ff-4179-8be8-79379cb7d93b', '2026-03-11', '19:00:00', '2bb67be0-c4c9-450e-a08f-34a74859ab13', '6ffd37e9-6126-4b82-8050-4baeb5ac3af8', '2026-01-16T12:38:17.560685', '2026-01-16T12:38:17.560685');
INSERT INTO movie_projections (id, projection_date, projection_time, cinema_hall_id, movie_id, created_at, updated_at) VALUES ('d41bb869-152a-4151-988e-4c829305a698', '2026-03-16', '13:00:00', '2bb67be0-c4c9-450e-a08f-34a74859ab13', '6ffd37e9-6126-4b82-8050-4baeb5ac3af8', '2026-01-16T12:38:17.560726', '2026-01-16T12:38:17.560726');
INSERT INTO movie_projections (id, projection_date, projection_time, cinema_hall_id, movie_id, created_at, updated_at) VALUES ('fb773ade-293f-408c-acaa-0e40225e358e', '2026-02-21', '13:00:00', 'eca43c94-9e26-4693-a739-6e0b4a98ccdb', '6ffd37e9-6126-4b82-8050-4baeb5ac3af8', '2026-01-16T12:38:17.560767', '2026-01-16T12:38:17.560767');
INSERT INTO movie_projections (id, projection_date, projection_time, cinema_hall_id, movie_id, created_at, updated_at) VALUES ('6ba6aec1-f27f-4644-a736-e0375cafe911', '2026-02-18', '19:00:00', '00c3d58b-3da5-4624-9282-ea69e7fc1d99', '6ffd37e9-6126-4b82-8050-4baeb5ac3af8', '2026-01-16T12:38:17.560812', '2026-01-16T12:38:17.560812');
INSERT INTO movie_projections (id, projection_date, projection_time, cinema_hall_id, movie_id, created_at, updated_at) VALUES ('fffdd16b-ce1f-4b2f-a556-dcf9f610db90', '2026-02-09', '16:00:00', '1e714225-1496-43fd-9e98-87119156b996', '6ffd37e9-6126-4b82-8050-4baeb5ac3af8', '2026-01-16T12:38:17.560855', '2026-01-16T12:38:17.560855');
INSERT INTO movie_projections (id, projection_date, projection_time, cinema_hall_id, movie_id, created_at, updated_at) VALUES ('86c62029-67fb-4694-a38b-2746956126f5', '2026-01-23', '19:00:00', '00c3d58b-3da5-4624-9282-ea69e7fc1d99', '6ffd37e9-6126-4b82-8050-4baeb5ac3af8', '2026-01-16T12:38:17.560898', '2026-01-16T12:38:17.560898');
INSERT INTO movie_projections (id, projection_date, projection_time, cinema_hall_id, movie_id, created_at, updated_at) VALUES ('0bcb8090-d158-40cb-9c96-45036d74809e', '2026-03-14', '10:00:00', 'eca43c94-9e26-4693-a739-6e0b4a98ccdb', '6ffd37e9-6126-4b82-8050-4baeb5ac3af8', '2026-01-16T12:38:17.560940', '2026-01-16T12:38:17.560940');
INSERT INTO movie_projections (id, projection_date, projection_time, cinema_hall_id, movie_id, created_at, updated_at) VALUES ('a88de236-1a6a-44b4-a587-3b0d0665972c', '2026-01-23', '19:00:00', 'a08d2ff1-cecc-401b-b457-97e4be978d28', '6ffd37e9-6126-4b82-8050-4baeb5ac3af8', '2026-01-16T12:38:17.560982', '2026-01-16T12:38:17.560982');
INSERT INTO movie_projections (id, projection_date, projection_time, cinema_hall_id, movie_id, created_at, updated_at) VALUES ('c682ab59-5b62-4795-8174-33ecc7cd5832', '2026-01-28', '13:00:00', 'e23c9391-1da5-4d00-b51b-59da746d6438', '6ffd37e9-6126-4b82-8050-4baeb5ac3af8', '2026-01-16T12:38:17.561026', '2026-01-16T12:38:17.561026');
INSERT INTO movie_projections (id, projection_date, projection_time, cinema_hall_id, movie_id, created_at, updated_at) VALUES ('630dd26d-1b8d-49ff-bdac-de24d16d47dc', '2026-02-04', '13:00:00', '2bb67be0-c4c9-450e-a08f-34a74859ab13', '6ffd37e9-6126-4b82-8050-4baeb5ac3af8', '2026-01-16T12:38:17.561067', '2026-01-16T12:38:17.561067');
INSERT INTO movie_projections (id, projection_date, projection_time, cinema_hall_id, movie_id, created_at, updated_at) VALUES ('dac34ebe-adbc-497c-a1cd-9bfbb476e0f4', '2026-02-12', '16:00:00', '52cd97ab-39f3-4636-8ef4-2def4b33a8b7', '6ffd37e9-6126-4b82-8050-4baeb5ac3af8', '2026-01-16T12:38:17.561108', '2026-01-16T12:38:17.561108');
INSERT INTO movie_projections (id, projection_date, projection_time, cinema_hall_id, movie_id, created_at, updated_at) VALUES ('2873e7f0-42e7-45e7-aedd-826e65f172ab', '2026-01-28', '19:00:00', '00c3d58b-3da5-4624-9282-ea69e7fc1d99', '6ffd37e9-6126-4b82-8050-4baeb5ac3af8', '2026-01-16T12:38:17.561152', '2026-01-16T12:38:17.561152');
INSERT INTO movie_projections (id, projection_date, projection_time, cinema_hall_id, movie_id, created_at, updated_at) VALUES ('9cc5d013-e42b-45e6-ac3b-52e8814ce360', '2026-04-03', '19:00:00', '2bb67be0-c4c9-450e-a08f-34a74859ab13', '6ffd37e9-6126-4b82-8050-4baeb5ac3af8', '2026-01-16T12:38:17.561194', '2026-01-16T12:38:17.561194');
INSERT INTO movie_projections (id, projection_date, projection_time, cinema_hall_id, movie_id, created_at, updated_at) VALUES ('2644420d-eedb-4016-9381-0f3334fea1f1', '2026-02-14', '10:00:00', '00c3d58b-3da5-4624-9282-ea69e7fc1d99', '6ffd37e9-6126-4b82-8050-4baeb5ac3af8', '2026-01-16T12:38:17.561238', '2026-01-16T12:38:17.561238');
INSERT INTO movie_projections (id, projection_date, projection_time, cinema_hall_id, movie_id, created_at, updated_at) VALUES ('a1b4981a-0e63-45f1-bfed-6fc329e608c8', '2026-02-15', '16:00:00', '37bef505-4764-486b-863c-2e07e5735ad6', '6ffd37e9-6126-4b82-8050-4baeb5ac3af8', '2026-01-16T12:38:17.561279', '2026-01-16T12:38:17.561279');
INSERT INTO movie_projections (id, projection_date, projection_time, cinema_hall_id, movie_id, created_at, updated_at) VALUES ('0f049741-b032-4755-81c5-1a1abff4c6c3', '2026-02-14', '16:00:00', '37bef505-4764-486b-863c-2e07e5735ad6', '6ffd37e9-6126-4b82-8050-4baeb5ac3af8', '2026-01-16T12:38:17.561319', '2026-01-16T12:38:17.561319');
INSERT INTO movie_projections (id, projection_date, projection_time, cinema_hall_id, movie_id, created_at, updated_at) VALUES ('34b9199e-d451-4a4c-a1c8-1962a7663803', '2026-01-18', '19:00:00', '95a40469-08c8-43b8-aca1-d228dc44f459', '6ffd37e9-6126-4b82-8050-4baeb5ac3af8', '2026-01-16T12:38:17.561356', '2026-01-16T12:38:17.561356');
INSERT INTO movie_projections (id, projection_date, projection_time, cinema_hall_id, movie_id, created_at, updated_at) VALUES ('a5643fc1-0823-4ace-8e15-438040db408b', '2026-03-10', '10:00:00', '2bb67be0-c4c9-450e-a08f-34a74859ab13', '6ffd37e9-6126-4b82-8050-4baeb5ac3af8', '2026-01-16T12:38:17.561398', '2026-01-16T12:38:17.561398');
INSERT INTO movie_projections (id, projection_date, projection_time, cinema_hall_id, movie_id, created_at, updated_at) VALUES ('9abce282-7dd0-464e-9989-34830b3fe1bc', '2026-03-18', '19:00:00', 'c51828ef-d759-417f-8262-434db181d319', '6ffd37e9-6126-4b82-8050-4baeb5ac3af8', '2026-01-16T12:38:17.561436', '2026-01-16T12:38:17.561436');
INSERT INTO movie_projections (id, projection_date, projection_time, cinema_hall_id, movie_id, created_at, updated_at) VALUES ('ac677f85-3fa6-48ce-b830-f2846716779e', '2026-02-26', '19:00:00', '2bb67be0-c4c9-450e-a08f-34a74859ab13', '6ffd37e9-6126-4b82-8050-4baeb5ac3af8', '2026-01-16T12:38:17.561476', '2026-01-16T12:38:17.561476');
INSERT INTO movie_projections (id, projection_date, projection_time, cinema_hall_id, movie_id, created_at, updated_at) VALUES ('f5fc9795-aabb-4892-bcce-e738147f0317', '2026-01-24', '19:00:00', '52cd97ab-39f3-4636-8ef4-2def4b33a8b7', '6ffd37e9-6126-4b82-8050-4baeb5ac3af8', '2026-01-16T12:38:17.561517', '2026-01-16T12:38:17.561517');
INSERT INTO movie_projections (id, projection_date, projection_time, cinema_hall_id, movie_id, created_at, updated_at) VALUES ('cd2e16d6-a97d-4806-b553-dd8dd2e724d8', '2026-04-02', '10:00:00', '00c3d58b-3da5-4624-9282-ea69e7fc1d99', '6ffd37e9-6126-4b82-8050-4baeb5ac3af8', '2026-01-16T12:38:17.561554', '2026-01-16T12:38:17.561554');
INSERT INTO movie_projections (id, projection_date, projection_time, cinema_hall_id, movie_id, created_at, updated_at) VALUES ('acf400a4-495b-488c-9fc0-0e2200b987a0', '2026-01-24', '13:00:00', '1e714225-1496-43fd-9e98-87119156b996', '6ffd37e9-6126-4b82-8050-4baeb5ac3af8', '2026-01-16T12:38:17.561590', '2026-01-16T12:38:17.561590');
INSERT INTO movie_projections (id, projection_date, projection_time, cinema_hall_id, movie_id, created_at, updated_at) VALUES ('e85f1488-eb69-4209-aaaf-12de38eafb23', '2026-01-30', '13:00:00', '52cd97ab-39f3-4636-8ef4-2def4b33a8b7', '6ffd37e9-6126-4b82-8050-4baeb5ac3af8', '2026-01-16T12:38:17.561627', '2026-01-16T12:38:17.561627');
INSERT INTO movie_projections (id, projection_date, projection_time, cinema_hall_id, movie_id, created_at, updated_at) VALUES ('1b789963-b3f6-4960-88e2-26b73ab0d2fb', '2026-02-24', '10:00:00', '95a40469-08c8-43b8-aca1-d228dc44f459', '6ffd37e9-6126-4b82-8050-4baeb5ac3af8', '2026-01-16T12:38:17.561664', '2026-01-16T12:38:17.561664');
INSERT INTO movie_projections (id, projection_date, projection_time, cinema_hall_id, movie_id, created_at, updated_at) VALUES ('9eee33a7-31a3-4b70-99eb-6f6c8f303628', '2026-03-10', '13:00:00', 'e23c9391-1da5-4d00-b51b-59da746d6438', '6ffd37e9-6126-4b82-8050-4baeb5ac3af8', '2026-01-16T12:38:17.561701', '2026-01-16T12:38:17.561701');
INSERT INTO movie_projections (id, projection_date, projection_time, cinema_hall_id, movie_id, created_at, updated_at) VALUES ('aeea120d-2fe9-4bfb-ba89-29ca5b0659de', '2026-02-25', '16:00:00', 'e23c9391-1da5-4d00-b51b-59da746d6438', '6ffd37e9-6126-4b82-8050-4baeb5ac3af8', '2026-01-16T12:38:17.561738', '2026-01-16T12:38:17.561738');
INSERT INTO movie_projections (id, projection_date, projection_time, cinema_hall_id, movie_id, created_at, updated_at) VALUES ('4ef52548-0c48-47fa-8928-1fb633751d14', '2026-01-31', '10:00:00', 'eca43c94-9e26-4693-a739-6e0b4a98ccdb', '6ffd37e9-6126-4b82-8050-4baeb5ac3af8', '2026-01-16T12:38:17.561778', '2026-01-16T12:38:17.561778');
INSERT INTO movie_projections (id, projection_date, projection_time, cinema_hall_id, movie_id, created_at, updated_at) VALUES ('1b2beadf-a72a-40eb-aa21-cda9481b216c', '2026-01-21', '19:00:00', '2bb67be0-c4c9-450e-a08f-34a74859ab13', '6ffd37e9-6126-4b82-8050-4baeb5ac3af8', '2026-01-16T12:38:17.561816', '2026-01-16T12:38:17.561816');
INSERT INTO movie_projections (id, projection_date, projection_time, cinema_hall_id, movie_id, created_at, updated_at) VALUES ('d7525504-5b1b-4f88-a8f4-8c0c454aedf6', '2026-03-30', '19:00:00', '37bef505-4764-486b-863c-2e07e5735ad6', '6ffd37e9-6126-4b82-8050-4baeb5ac3af8', '2026-01-16T12:38:17.561853', '2026-01-16T12:38:17.561853');
INSERT INTO movie_projections (id, projection_date, projection_time, cinema_hall_id, movie_id, created_at, updated_at) VALUES ('f7b82914-6e4a-43ef-9cc5-fae851ee31d1', '2026-02-08', '10:00:00', '52cd97ab-39f3-4636-8ef4-2def4b33a8b7', '6ffd37e9-6126-4b82-8050-4baeb5ac3af8', '2026-01-16T12:38:17.561891', '2026-01-16T12:38:17.561891');
INSERT INTO movie_projections (id, projection_date, projection_time, cinema_hall_id, movie_id, created_at, updated_at) VALUES ('390ae00a-faab-46ae-b3dd-664a7cae4ff5', '2026-02-08', '19:00:00', 'c51828ef-d759-417f-8262-434db181d319', '6ffd37e9-6126-4b82-8050-4baeb5ac3af8', '2026-01-16T12:38:17.561929', '2026-01-16T12:38:17.561929');
INSERT INTO movie_projections (id, projection_date, projection_time, cinema_hall_id, movie_id, created_at, updated_at) VALUES ('fecd35f4-3b83-4f9d-9cc0-cc7f44c2b774', '2026-03-13', '19:00:00', 'a08d2ff1-cecc-401b-b457-97e4be978d28', '6ffd37e9-6126-4b82-8050-4baeb5ac3af8', '2026-01-16T12:38:17.561970', '2026-01-16T12:38:17.561970');
INSERT INTO movie_projections (id, projection_date, projection_time, cinema_hall_id, movie_id, created_at, updated_at) VALUES ('e962ea19-21e1-44d1-a36c-620c5c106154', '2026-02-28', '13:00:00', 'eca43c94-9e26-4693-a739-6e0b4a98ccdb', '6ffd37e9-6126-4b82-8050-4baeb5ac3af8', '2026-01-16T12:38:17.562012', '2026-01-16T12:38:17.562012');
INSERT INTO movie_projections (id, projection_date, projection_time, cinema_hall_id, movie_id, created_at, updated_at) VALUES ('ddc683a1-3820-491d-a520-5b8a77187390', '2026-03-23', '13:00:00', 'eca43c94-9e26-4693-a739-6e0b4a98ccdb', '6ffd37e9-6126-4b82-8050-4baeb5ac3af8', '2026-01-16T12:38:17.562061', '2026-01-16T12:38:17.562061');
INSERT INTO movie_projections (id, projection_date, projection_time, cinema_hall_id, movie_id, created_at, updated_at) VALUES ('4b773066-ae62-48b9-b05d-a3ecc4ae4076', '2026-02-01', '10:00:00', '52cd97ab-39f3-4636-8ef4-2def4b33a8b7', '6ffd37e9-6126-4b82-8050-4baeb5ac3af8', '2026-01-16T12:38:17.562104', '2026-01-16T12:38:17.562104');
INSERT INTO movie_projections (id, projection_date, projection_time, cinema_hall_id, movie_id, created_at, updated_at) VALUES ('4046a222-57bb-48d9-b2b4-8a27ed405fa7', '2026-03-08', '19:00:00', 'c51828ef-d759-417f-8262-434db181d319', '6ffd37e9-6126-4b82-8050-4baeb5ac3af8', '2026-01-16T12:38:17.562144', '2026-01-16T12:38:17.562144');
INSERT INTO movie_projections (id, projection_date, projection_time, cinema_hall_id, movie_id, created_at, updated_at) VALUES ('ca8e7c2e-b233-4ced-81f4-53b0972684be', '2026-02-22', '19:00:00', '52cd97ab-39f3-4636-8ef4-2def4b33a8b7', 'ca9ca463-6fc1-4322-9b5a-a7ffa677d63e', '2026-01-16T12:38:17.562192', '2026-01-16T12:38:17.562192');
INSERT INTO movie_projections (id, projection_date, projection_time, cinema_hall_id, movie_id, created_at, updated_at) VALUES ('4f6ac7e0-a9e8-4b06-88f8-c7dc43b5ee7a', '2026-02-20', '16:00:00', 'a08d2ff1-cecc-401b-b457-97e4be978d28', 'ca9ca463-6fc1-4322-9b5a-a7ffa677d63e', '2026-01-16T12:38:17.562234', '2026-01-16T12:38:17.562234');
INSERT INTO movie_projections (id, projection_date, projection_time, cinema_hall_id, movie_id, created_at, updated_at) VALUES ('5f40cfaa-87da-4946-b789-dbe1142ac88a', '2026-02-11', '19:00:00', 'eca43c94-9e26-4693-a739-6e0b4a98ccdb', 'ca9ca463-6fc1-4322-9b5a-a7ffa677d63e', '2026-01-16T12:38:17.562273', '2026-01-16T12:38:17.562273');
INSERT INTO movie_projections (id, projection_date, projection_time, cinema_hall_id, movie_id, created_at, updated_at) VALUES ('75e69dc5-87f5-4504-a400-3ab45ff62572', '2026-01-25', '16:00:00', 'eca43c94-9e26-4693-a739-6e0b4a98ccdb', 'ca9ca463-6fc1-4322-9b5a-a7ffa677d63e', '2026-01-16T12:38:17.562316', '2026-01-16T12:38:17.562316');
INSERT INTO movie_projections (id, projection_date, projection_time, cinema_hall_id, movie_id, created_at, updated_at) VALUES ('c0abb613-9b09-41ee-bda1-554fea414820', '2026-02-08', '10:00:00', 'a08d2ff1-cecc-401b-b457-97e4be978d28', 'ca9ca463-6fc1-4322-9b5a-a7ffa677d63e', '2026-01-16T12:38:17.562358', '2026-01-16T12:38:17.562358');
INSERT INTO movie_projections (id, projection_date, projection_time, cinema_hall_id, movie_id, created_at, updated_at) VALUES ('23269754-022c-4d97-9572-8841f73e18a7', '2026-01-25', '13:00:00', '1e714225-1496-43fd-9e98-87119156b996', 'ca9ca463-6fc1-4322-9b5a-a7ffa677d63e', '2026-01-16T12:38:17.562401', '2026-01-16T12:38:17.562401');
INSERT INTO movie_projections (id, projection_date, projection_time, cinema_hall_id, movie_id, created_at, updated_at) VALUES ('db4f036b-304f-4969-8420-598bf91a69af', '2026-02-11', '19:00:00', '4d85d72c-3252-4ef1-a349-a2e94f785dca', 'ca9ca463-6fc1-4322-9b5a-a7ffa677d63e', '2026-01-16T12:38:17.562447', '2026-01-16T12:38:17.562447');
INSERT INTO movie_projections (id, projection_date, projection_time, cinema_hall_id, movie_id, created_at, updated_at) VALUES ('e1c5a197-55da-4935-8620-5f0a3db8f0e9', '2026-02-10', '19:00:00', '95a40469-08c8-43b8-aca1-d228dc44f459', 'ca9ca463-6fc1-4322-9b5a-a7ffa677d63e', '2026-01-16T12:38:17.562516', '2026-01-16T12:38:17.562516');
INSERT INTO movie_projections (id, projection_date, projection_time, cinema_hall_id, movie_id, created_at, updated_at) VALUES ('13d6b942-7906-4a43-a66d-195cd61cdb7b', '2026-02-16', '13:00:00', 'c51828ef-d759-417f-8262-434db181d319', 'ca9ca463-6fc1-4322-9b5a-a7ffa677d63e', '2026-01-16T12:38:17.562560', '2026-01-16T12:38:17.562560');
INSERT INTO movie_projections (id, projection_date, projection_time, cinema_hall_id, movie_id, created_at, updated_at) VALUES ('a80cf932-b11c-45a7-9915-42d47b67452b', '2026-02-15', '13:00:00', '00c3d58b-3da5-4624-9282-ea69e7fc1d99', 'ca9ca463-6fc1-4322-9b5a-a7ffa677d63e', '2026-01-16T12:38:17.562601', '2026-01-16T12:38:17.562601');
INSERT INTO movie_projections (id, projection_date, projection_time, cinema_hall_id, movie_id, created_at, updated_at) VALUES ('41a4b684-a016-4dc1-8ae5-468ea198f4f9', '2026-02-25', '13:00:00', 'c51828ef-d759-417f-8262-434db181d319', 'ca9ca463-6fc1-4322-9b5a-a7ffa677d63e', '2026-01-16T12:38:17.562641', '2026-01-16T12:38:17.562641');
INSERT INTO movie_projections (id, projection_date, projection_time, cinema_hall_id, movie_id, created_at, updated_at) VALUES ('e800074b-5932-46c6-abe6-e90be907c222', '2026-01-29', '10:00:00', 'eca43c94-9e26-4693-a739-6e0b4a98ccdb', 'ca9ca463-6fc1-4322-9b5a-a7ffa677d63e', '2026-01-16T12:38:17.562680', '2026-01-16T12:38:17.562680');
INSERT INTO movie_projections (id, projection_date, projection_time, cinema_hall_id, movie_id, created_at, updated_at) VALUES ('71936ed2-4f21-42d1-bf2e-8b2f544cc065', '2026-02-17', '19:00:00', '2bb67be0-c4c9-450e-a08f-34a74859ab13', 'ca9ca463-6fc1-4322-9b5a-a7ffa677d63e', '2026-01-16T12:38:17.562720', '2026-01-16T12:38:17.562720');
INSERT INTO movie_projections (id, projection_date, projection_time, cinema_hall_id, movie_id, created_at, updated_at) VALUES ('18573ce8-d43b-4219-9866-72bc492674e1', '2026-01-18', '13:00:00', '95a40469-08c8-43b8-aca1-d228dc44f459', 'ca9ca463-6fc1-4322-9b5a-a7ffa677d63e', '2026-01-16T12:38:17.562763', '2026-01-16T12:38:17.562763');
INSERT INTO movie_projections (id, projection_date, projection_time, cinema_hall_id, movie_id, created_at, updated_at) VALUES ('7a19f75a-9d2f-4234-ba3d-fdb31b3e4135', '2026-02-11', '10:00:00', 'c51828ef-d759-417f-8262-434db181d319', 'ca9ca463-6fc1-4322-9b5a-a7ffa677d63e', '2026-01-16T12:38:17.562806', '2026-01-16T12:38:17.562806');
INSERT INTO movie_projections (id, projection_date, projection_time, cinema_hall_id, movie_id, created_at, updated_at) VALUES ('db76ca14-d8b4-4ecf-9ec9-995c4cb92ce5', '2026-02-02', '13:00:00', '52cd97ab-39f3-4636-8ef4-2def4b33a8b7', 'ca9ca463-6fc1-4322-9b5a-a7ffa677d63e', '2026-01-16T12:38:17.562848', '2026-01-16T12:38:17.562848');
INSERT INTO movie_projections (id, projection_date, projection_time, cinema_hall_id, movie_id, created_at, updated_at) VALUES ('fda5f500-c65b-41e1-ac7d-dd48aa46da2d', '2026-02-25', '16:00:00', 'a08d2ff1-cecc-401b-b457-97e4be978d28', 'ca9ca463-6fc1-4322-9b5a-a7ffa677d63e', '2026-01-16T12:38:17.562891', '2026-01-16T12:38:17.562891');
INSERT INTO movie_projections (id, projection_date, projection_time, cinema_hall_id, movie_id, created_at, updated_at) VALUES ('77809801-5e39-40a0-bed5-f41446ce00d2', '2026-02-13', '13:00:00', 'eca43c94-9e26-4693-a739-6e0b4a98ccdb', 'ca9ca463-6fc1-4322-9b5a-a7ffa677d63e', '2026-01-16T12:38:17.562935', '2026-01-16T12:38:17.562935');
INSERT INTO movie_projections (id, projection_date, projection_time, cinema_hall_id, movie_id, created_at, updated_at) VALUES ('d9105ad0-c4e3-4f59-8622-4769df50999e', '2026-02-11', '13:00:00', 'a08d2ff1-cecc-401b-b457-97e4be978d28', 'ca9ca463-6fc1-4322-9b5a-a7ffa677d63e', '2026-01-16T12:38:17.562978', '2026-01-16T12:38:17.562978');
INSERT INTO movie_projections (id, projection_date, projection_time, cinema_hall_id, movie_id, created_at, updated_at) VALUES ('9b851e83-6b3f-4f12-acc4-f26a5018d424', '2026-01-26', '10:00:00', '1e714225-1496-43fd-9e98-87119156b996', 'ca9ca463-6fc1-4322-9b5a-a7ffa677d63e', '2026-01-16T12:38:17.563019', '2026-01-16T12:38:17.563019');
INSERT INTO movie_projections (id, projection_date, projection_time, cinema_hall_id, movie_id, created_at, updated_at) VALUES ('d5487146-f09c-4d05-bcb1-6ae60011ecab', '2026-01-30', '16:00:00', '52cd97ab-39f3-4636-8ef4-2def4b33a8b7', 'ca9ca463-6fc1-4322-9b5a-a7ffa677d63e', '2026-01-16T12:38:17.563059', '2026-01-16T12:38:17.563059');
INSERT INTO movie_projections (id, projection_date, projection_time, cinema_hall_id, movie_id, created_at, updated_at) VALUES ('5358f0f7-8319-4006-b250-3912a2362f23', '2026-02-10', '16:00:00', 'e23c9391-1da5-4d00-b51b-59da746d6438', 'ca9ca463-6fc1-4322-9b5a-a7ffa677d63e', '2026-01-16T12:38:17.563099', '2026-01-16T12:38:17.563099');
INSERT INTO movie_projections (id, projection_date, projection_time, cinema_hall_id, movie_id, created_at, updated_at) VALUES ('eae6cde2-b906-4e56-8d11-4e14969aee93', '2026-02-14', '13:00:00', '37bef505-4764-486b-863c-2e07e5735ad6', 'ca9ca463-6fc1-4322-9b5a-a7ffa677d63e', '2026-01-16T12:38:17.563141', '2026-01-16T12:38:17.563141');
INSERT INTO movie_projections (id, projection_date, projection_time, cinema_hall_id, movie_id, created_at, updated_at) VALUES ('0a645384-5e6e-4102-b7fc-02bdabf764f4', '2026-02-24', '13:00:00', '1e714225-1496-43fd-9e98-87119156b996', 'ca9ca463-6fc1-4322-9b5a-a7ffa677d63e', '2026-01-16T12:38:17.563182', '2026-01-16T12:38:17.563182');
INSERT INTO movie_projections (id, projection_date, projection_time, cinema_hall_id, movie_id, created_at, updated_at) VALUES ('cd0b1130-ff58-4d72-958c-c3c658c1bc0d', '2026-01-19', '19:00:00', 'c51828ef-d759-417f-8262-434db181d319', 'ca9ca463-6fc1-4322-9b5a-a7ffa677d63e', '2026-01-16T12:38:17.563222', '2026-01-16T12:38:17.563222');
INSERT INTO movie_projections (id, projection_date, projection_time, cinema_hall_id, movie_id, created_at, updated_at) VALUES ('34fb3a70-d91f-49cd-957f-a75163f1974b', '2026-02-01', '19:00:00', '1e714225-1496-43fd-9e98-87119156b996', 'ca9ca463-6fc1-4322-9b5a-a7ffa677d63e', '2026-01-16T12:38:17.563264', '2026-01-16T12:38:17.563264');
INSERT INTO movie_projections (id, projection_date, projection_time, cinema_hall_id, movie_id, created_at, updated_at) VALUES ('9ef97561-1b7c-4a2c-b375-c20f0301d1ba', '2026-01-17', '16:00:00', 'eca43c94-9e26-4693-a739-6e0b4a98ccdb', 'ca9ca463-6fc1-4322-9b5a-a7ffa677d63e', '2026-01-16T12:38:17.563304', '2026-01-16T12:38:17.563304');
INSERT INTO movie_projections (id, projection_date, projection_time, cinema_hall_id, movie_id, created_at, updated_at) VALUES ('73da490c-12e5-4660-bdd1-45a6d4ec7e29', '2026-02-12', '19:00:00', '2bb67be0-c4c9-450e-a08f-34a74859ab13', 'ca9ca463-6fc1-4322-9b5a-a7ffa677d63e', '2026-01-16T12:38:17.563342', '2026-01-16T12:38:17.563342');
INSERT INTO movie_projections (id, projection_date, projection_time, cinema_hall_id, movie_id, created_at, updated_at) VALUES ('5d4dfb9c-fa7e-428e-9338-59f740a9438e', '2026-01-27', '19:00:00', '95a40469-08c8-43b8-aca1-d228dc44f459', 'ca9ca463-6fc1-4322-9b5a-a7ffa677d63e', '2026-01-16T12:38:17.563381', '2026-01-16T12:38:17.563381');
INSERT INTO movie_projections (id, projection_date, projection_time, cinema_hall_id, movie_id, created_at, updated_at) VALUES ('03744757-5582-4eb0-8c34-535046758426', '2026-01-29', '13:00:00', '52cd97ab-39f3-4636-8ef4-2def4b33a8b7', 'ca9ca463-6fc1-4322-9b5a-a7ffa677d63e', '2026-01-16T12:38:17.563420', '2026-01-16T12:38:17.563420');
INSERT INTO movie_projections (id, projection_date, projection_time, cinema_hall_id, movie_id, created_at, updated_at) VALUES ('3a836514-cd9e-4ac4-b688-17de7a487f6d', '2026-01-27', '16:00:00', '1e714225-1496-43fd-9e98-87119156b996', 'ca9ca463-6fc1-4322-9b5a-a7ffa677d63e', '2026-01-16T12:38:17.563460', '2026-01-16T12:38:17.563460');
INSERT INTO movie_projections (id, projection_date, projection_time, cinema_hall_id, movie_id, created_at, updated_at) VALUES ('a56a7241-293c-408d-a157-d262fa109f19', '2026-01-21', '10:00:00', '2bb67be0-c4c9-450e-a08f-34a74859ab13', 'ca9ca463-6fc1-4322-9b5a-a7ffa677d63e', '2026-01-16T12:38:17.563503', '2026-01-16T12:38:17.563503');
INSERT INTO movie_projections (id, projection_date, projection_time, cinema_hall_id, movie_id, created_at, updated_at) VALUES ('0a7caffa-6c3c-4db9-a3c2-14ab086fc73a', '2026-01-17', '19:00:00', '2bb67be0-c4c9-450e-a08f-34a74859ab13', 'ca9ca463-6fc1-4322-9b5a-a7ffa677d63e', '2026-01-16T12:38:17.563542', '2026-01-16T12:38:17.563542');
INSERT INTO movie_projections (id, projection_date, projection_time, cinema_hall_id, movie_id, created_at, updated_at) VALUES ('aa5ea46a-6a2c-42f0-b314-c4639809845d', '2026-02-17', '10:00:00', '95a40469-08c8-43b8-aca1-d228dc44f459', 'ca9ca463-6fc1-4322-9b5a-a7ffa677d63e', '2026-01-16T12:38:17.563580', '2026-01-16T12:38:17.563580');
INSERT INTO movie_projections (id, projection_date, projection_time, cinema_hall_id, movie_id, created_at, updated_at) VALUES ('32ba275f-337b-45d7-bc3b-2f868b486290', '2026-02-06', '19:00:00', '00c3d58b-3da5-4624-9282-ea69e7fc1d99', 'ca9ca463-6fc1-4322-9b5a-a7ffa677d63e', '2026-01-16T12:38:17.563618', '2026-01-16T12:38:17.563618');
INSERT INTO movie_projections (id, projection_date, projection_time, cinema_hall_id, movie_id, created_at, updated_at) VALUES ('5a0e595e-7211-4867-9897-3aa9de3f1ffd', '2026-01-16', '13:00:00', 'e23c9391-1da5-4d00-b51b-59da746d6438', 'ca9ca463-6fc1-4322-9b5a-a7ffa677d63e', '2026-01-16T12:38:17.563657', '2026-01-16T12:38:17.563657');
INSERT INTO movie_projections (id, projection_date, projection_time, cinema_hall_id, movie_id, created_at, updated_at) VALUES ('c0a241f1-2d67-49f9-9641-cffa518204c8', '2026-02-12', '16:00:00', 'e23c9391-1da5-4d00-b51b-59da746d6438', 'ca9ca463-6fc1-4322-9b5a-a7ffa677d63e', '2026-01-16T12:38:17.563696', '2026-01-16T12:38:17.563696');
INSERT INTO movie_projections (id, projection_date, projection_time, cinema_hall_id, movie_id, created_at, updated_at) VALUES ('ebea2902-c687-4e39-82fe-cf397bb9bc1c', '2026-02-20', '19:00:00', '95a40469-08c8-43b8-aca1-d228dc44f459', 'ca9ca463-6fc1-4322-9b5a-a7ffa677d63e', '2026-01-16T12:38:17.563739', '2026-01-16T12:38:17.563739');
INSERT INTO movie_projections (id, projection_date, projection_time, cinema_hall_id, movie_id, created_at, updated_at) VALUES ('99e0b4e1-0094-48f1-8565-8f8df11f027b', '2026-01-21', '16:00:00', '1e714225-1496-43fd-9e98-87119156b996', 'ca9ca463-6fc1-4322-9b5a-a7ffa677d63e', '2026-01-16T12:38:17.563785', '2026-01-16T12:38:17.563785');
INSERT INTO movie_projections (id, projection_date, projection_time, cinema_hall_id, movie_id, created_at, updated_at) VALUES ('e3974935-70c9-497c-830b-c964cca47d15', '2026-01-26', '16:00:00', '37bef505-4764-486b-863c-2e07e5735ad6', 'ca9ca463-6fc1-4322-9b5a-a7ffa677d63e', '2026-01-16T12:38:17.563827', '2026-01-16T12:38:17.563827');
INSERT INTO movie_projections (id, projection_date, projection_time, cinema_hall_id, movie_id, created_at, updated_at) VALUES ('b36971f9-7324-451f-b6d3-ae5229f5f84f', '2026-02-14', '10:00:00', 'a08d2ff1-cecc-401b-b457-97e4be978d28', 'b7b10401-65a6-4cb0-853f-31aa8e6e9013', '2026-01-16T12:38:17.563872', '2026-01-16T12:38:17.563872');
INSERT INTO movie_projections (id, projection_date, projection_time, cinema_hall_id, movie_id, created_at, updated_at) VALUES ('7fea0bcf-8cd3-484d-bef2-b47477584e8b', '2026-02-07', '16:00:00', 'e23c9391-1da5-4d00-b51b-59da746d6438', 'b7b10401-65a6-4cb0-853f-31aa8e6e9013', '2026-01-16T12:38:17.563910', '2026-01-16T12:38:17.563910');
INSERT INTO movie_projections (id, projection_date, projection_time, cinema_hall_id, movie_id, created_at, updated_at) VALUES ('4204195b-6f17-4775-89da-e11b9837d031', '2026-01-18', '19:00:00', 'c51828ef-d759-417f-8262-434db181d319', 'b7b10401-65a6-4cb0-853f-31aa8e6e9013', '2026-01-16T12:38:17.563950', '2026-01-16T12:38:17.563950');
INSERT INTO movie_projections (id, projection_date, projection_time, cinema_hall_id, movie_id, created_at, updated_at) VALUES ('4e6d3f8c-0628-4135-af8f-5d4b108d7f77', '2026-02-23', '13:00:00', '4d85d72c-3252-4ef1-a349-a2e94f785dca', 'b7b10401-65a6-4cb0-853f-31aa8e6e9013', '2026-01-16T12:38:17.563991', '2026-01-16T12:38:17.563991');
INSERT INTO movie_projections (id, projection_date, projection_time, cinema_hall_id, movie_id, created_at, updated_at) VALUES ('154b79ae-b932-4be6-a721-2c6ffed8c278', '2026-02-13', '16:00:00', 'e23c9391-1da5-4d00-b51b-59da746d6438', 'b7b10401-65a6-4cb0-853f-31aa8e6e9013', '2026-01-16T12:38:17.564034', '2026-01-16T12:38:17.564034');
INSERT INTO movie_projections (id, projection_date, projection_time, cinema_hall_id, movie_id, created_at, updated_at) VALUES ('a7dc0886-5c6e-4dc2-a487-729a522524ee', '2026-02-19', '16:00:00', '1e714225-1496-43fd-9e98-87119156b996', 'b7b10401-65a6-4cb0-853f-31aa8e6e9013', '2026-01-16T12:38:17.564073', '2026-01-16T12:38:17.564073');
INSERT INTO movie_projections (id, projection_date, projection_time, cinema_hall_id, movie_id, created_at, updated_at) VALUES ('14fc0fde-4c4a-4e86-9755-275b9435fb7c', '2026-02-28', '10:00:00', '4d85d72c-3252-4ef1-a349-a2e94f785dca', 'b7b10401-65a6-4cb0-853f-31aa8e6e9013', '2026-01-16T12:38:17.564118', '2026-01-16T12:38:17.564118');
INSERT INTO movie_projections (id, projection_date, projection_time, cinema_hall_id, movie_id, created_at, updated_at) VALUES ('c86390d6-ffed-4295-b98d-dfcd6a347e81', '2026-01-22', '16:00:00', 'c51828ef-d759-417f-8262-434db181d319', 'b7b10401-65a6-4cb0-853f-31aa8e6e9013', '2026-01-16T12:38:17.564163', '2026-01-16T12:38:17.564163');
INSERT INTO movie_projections (id, projection_date, projection_time, cinema_hall_id, movie_id, created_at, updated_at) VALUES ('9de326cb-d21a-4b53-83c3-689e2b705cc9', '2026-02-22', '13:00:00', 'c51828ef-d759-417f-8262-434db181d319', 'b7b10401-65a6-4cb0-853f-31aa8e6e9013', '2026-01-16T12:38:17.564209', '2026-01-16T12:38:17.564209');
INSERT INTO movie_projections (id, projection_date, projection_time, cinema_hall_id, movie_id, created_at, updated_at) VALUES ('f0503718-d817-4be4-aa5c-a2565290d7b8', '2026-02-01', '19:00:00', '1e714225-1496-43fd-9e98-87119156b996', 'b7b10401-65a6-4cb0-853f-31aa8e6e9013', '2026-01-16T12:38:17.564256', '2026-01-16T12:38:17.564256');
INSERT INTO movie_projections (id, projection_date, projection_time, cinema_hall_id, movie_id, created_at, updated_at) VALUES ('7e6b78c6-4b87-4866-9b86-34c9f65ebb4e', '2026-02-10', '10:00:00', '37bef505-4764-486b-863c-2e07e5735ad6', 'b7b10401-65a6-4cb0-853f-31aa8e6e9013', '2026-01-16T12:38:17.564297', '2026-01-16T12:38:17.564297');
INSERT INTO movie_projections (id, projection_date, projection_time, cinema_hall_id, movie_id, created_at, updated_at) VALUES ('e1ebd667-1d1b-4e82-873b-9aced0c2f986', '2026-01-30', '19:00:00', '4d85d72c-3252-4ef1-a349-a2e94f785dca', 'b7b10401-65a6-4cb0-853f-31aa8e6e9013', '2026-01-16T12:38:17.564338', '2026-01-16T12:38:17.564338');
INSERT INTO movie_projections (id, projection_date, projection_time, cinema_hall_id, movie_id, created_at, updated_at) VALUES ('57cbfe84-0c20-4eb0-9c91-dedf998918b1', '2026-01-30', '19:00:00', '00c3d58b-3da5-4624-9282-ea69e7fc1d99', 'b7b10401-65a6-4cb0-853f-31aa8e6e9013', '2026-01-16T12:38:17.564379', '2026-01-16T12:38:17.564379');
INSERT INTO movie_projections (id, projection_date, projection_time, cinema_hall_id, movie_id, created_at, updated_at) VALUES ('a3751408-b9cb-4216-ac6f-f3dfb774f5a1', '2026-01-30', '16:00:00', 'eca43c94-9e26-4693-a739-6e0b4a98ccdb', 'b7b10401-65a6-4cb0-853f-31aa8e6e9013', '2026-01-16T12:38:17.564424', '2026-01-16T12:38:17.564424');
INSERT INTO movie_projections (id, projection_date, projection_time, cinema_hall_id, movie_id, created_at, updated_at) VALUES ('fc94b4f3-294b-4131-a324-2d874c514f47', '2026-02-11', '10:00:00', 'c51828ef-d759-417f-8262-434db181d319', 'b7b10401-65a6-4cb0-853f-31aa8e6e9013', '2026-01-16T12:38:17.564471', '2026-01-16T12:38:17.564471');
INSERT INTO movie_projections (id, projection_date, projection_time, cinema_hall_id, movie_id, created_at, updated_at) VALUES ('953213a2-4e4b-4df8-902a-656564459852', '2026-02-15', '16:00:00', 'c51828ef-d759-417f-8262-434db181d319', 'b7b10401-65a6-4cb0-853f-31aa8e6e9013', '2026-01-16T12:38:17.564519', '2026-01-16T12:38:17.564519');
INSERT INTO movie_projections (id, projection_date, projection_time, cinema_hall_id, movie_id, created_at, updated_at) VALUES ('1f73cc05-d310-4583-b882-4c48a3b8b805', '2026-02-23', '10:00:00', '00c3d58b-3da5-4624-9282-ea69e7fc1d99', 'b7b10401-65a6-4cb0-853f-31aa8e6e9013', '2026-01-16T12:38:17.564560', '2026-01-16T12:38:17.564560');
INSERT INTO movie_projections (id, projection_date, projection_time, cinema_hall_id, movie_id, created_at, updated_at) VALUES ('262fc92e-c79d-47e0-bcff-0827ee5b05d3', '2026-01-20', '16:00:00', '95a40469-08c8-43b8-aca1-d228dc44f459', 'b7b10401-65a6-4cb0-853f-31aa8e6e9013', '2026-01-16T12:38:17.564600', '2026-01-16T12:38:17.564600');
INSERT INTO movie_projections (id, projection_date, projection_time, cinema_hall_id, movie_id, created_at, updated_at) VALUES ('8c999bd8-2e2a-49bb-8a57-cf9df7502060', '2026-02-02', '13:00:00', '37bef505-4764-486b-863c-2e07e5735ad6', 'b7b10401-65a6-4cb0-853f-31aa8e6e9013', '2026-01-16T12:38:17.564640', '2026-01-16T12:38:17.564640');
INSERT INTO movie_projections (id, projection_date, projection_time, cinema_hall_id, movie_id, created_at, updated_at) VALUES ('de6df896-ec61-4fd7-aeaf-d9e10219f2b1', '2026-02-10', '19:00:00', '2bb67be0-c4c9-450e-a08f-34a74859ab13', 'b7b10401-65a6-4cb0-853f-31aa8e6e9013', '2026-01-16T12:38:17.564680', '2026-01-16T12:38:17.564680');
INSERT INTO movie_projections (id, projection_date, projection_time, cinema_hall_id, movie_id, created_at, updated_at) VALUES ('28729a7d-3842-472b-b8b3-d1504fa989c7', '2026-02-15', '10:00:00', '37bef505-4764-486b-863c-2e07e5735ad6', 'b7b10401-65a6-4cb0-853f-31aa8e6e9013', '2026-01-16T12:38:17.564719', '2026-01-16T12:38:17.564719');
INSERT INTO movie_projections (id, projection_date, projection_time, cinema_hall_id, movie_id, created_at, updated_at) VALUES ('f972a86e-e506-4ba2-ba83-43c4c99a74c5', '2026-01-23', '13:00:00', 'c51828ef-d759-417f-8262-434db181d319', 'b7b10401-65a6-4cb0-853f-31aa8e6e9013', '2026-01-16T12:38:17.564759', '2026-01-16T12:38:17.564759');
INSERT INTO movie_projections (id, projection_date, projection_time, cinema_hall_id, movie_id, created_at, updated_at) VALUES ('7061e4b0-761d-4568-8b9e-e00ffd2d9e35', '2026-02-15', '19:00:00', '37bef505-4764-486b-863c-2e07e5735ad6', 'b7b10401-65a6-4cb0-853f-31aa8e6e9013', '2026-01-16T12:38:17.564802', '2026-01-16T12:38:17.564802');
INSERT INTO movie_projections (id, projection_date, projection_time, cinema_hall_id, movie_id, created_at, updated_at) VALUES ('a28475c0-67c5-4d1c-9d5a-42f9665cb618', '2026-01-30', '16:00:00', 'eca43c94-9e26-4693-a739-6e0b4a98ccdb', 'b7b10401-65a6-4cb0-853f-31aa8e6e9013', '2026-01-16T12:38:17.564842', '2026-01-16T12:38:17.564842');
INSERT INTO movie_projections (id, projection_date, projection_time, cinema_hall_id, movie_id, created_at, updated_at) VALUES ('82953830-2a2d-4616-a25b-abdcd8246358', '2026-02-23', '10:00:00', '4d85d72c-3252-4ef1-a349-a2e94f785dca', 'b7b10401-65a6-4cb0-853f-31aa8e6e9013', '2026-01-16T12:38:17.564883', '2026-01-16T12:38:17.564883');
INSERT INTO movie_projections (id, projection_date, projection_time, cinema_hall_id, movie_id, created_at, updated_at) VALUES ('14a37098-92dc-4b4b-adc0-6a75060f9661', '2026-02-07', '19:00:00', 'a08d2ff1-cecc-401b-b457-97e4be978d28', 'b7b10401-65a6-4cb0-853f-31aa8e6e9013', '2026-01-16T12:38:17.564922', '2026-01-16T12:38:17.564922');
INSERT INTO movie_projections (id, projection_date, projection_time, cinema_hall_id, movie_id, created_at, updated_at) VALUES ('db5caca6-dde3-472d-b732-c1332378ffdf', '2026-03-01', '10:00:00', '52cd97ab-39f3-4636-8ef4-2def4b33a8b7', 'b7b10401-65a6-4cb0-853f-31aa8e6e9013', '2026-01-16T12:38:17.564962', '2026-01-16T12:38:17.564962');
INSERT INTO movie_projections (id, projection_date, projection_time, cinema_hall_id, movie_id, created_at, updated_at) VALUES ('71b4beaf-7b1c-4a51-b836-2d7115c0cbae', '2026-01-29', '10:00:00', '1e714225-1496-43fd-9e98-87119156b996', 'b7b10401-65a6-4cb0-853f-31aa8e6e9013', '2026-01-16T12:38:17.565002', '2026-01-16T12:38:17.565002');
INSERT INTO movie_projections (id, projection_date, projection_time, cinema_hall_id, movie_id, created_at, updated_at) VALUES ('ee587c4c-de20-4fc1-9307-d6e2b5a359bf', '2026-02-17', '19:00:00', 'a08d2ff1-cecc-401b-b457-97e4be978d28', 'b7b10401-65a6-4cb0-853f-31aa8e6e9013', '2026-01-16T12:38:17.565041', '2026-01-16T12:38:17.565041');
INSERT INTO movie_projections (id, projection_date, projection_time, cinema_hall_id, movie_id, created_at, updated_at) VALUES ('51e1e13b-22f7-4e73-b973-10084b3e3224', '2026-02-06', '13:00:00', '1e714225-1496-43fd-9e98-87119156b996', 'b7b10401-65a6-4cb0-853f-31aa8e6e9013', '2026-01-16T12:38:17.565086', '2026-01-16T12:38:17.565086');
INSERT INTO movie_projections (id, projection_date, projection_time, cinema_hall_id, movie_id, created_at, updated_at) VALUES ('b4d51b97-ff09-4f8e-aeb8-5db965637df7', '2026-02-16', '19:00:00', 'eca43c94-9e26-4693-a739-6e0b4a98ccdb', 'b7b10401-65a6-4cb0-853f-31aa8e6e9013', '2026-01-16T12:38:17.565130', '2026-01-16T12:38:17.565130');
INSERT INTO movie_projections (id, projection_date, projection_time, cinema_hall_id, movie_id, created_at, updated_at) VALUES ('90ff21fc-124f-4515-a78a-e7b8e20c2b2f', '2026-02-12', '16:00:00', '37bef505-4764-486b-863c-2e07e5735ad6', 'b7b10401-65a6-4cb0-853f-31aa8e6e9013', '2026-01-16T12:38:17.565171', '2026-01-16T12:38:17.565171');
INSERT INTO movie_projections (id, projection_date, projection_time, cinema_hall_id, movie_id, created_at, updated_at) VALUES ('776c425a-c0cb-46f5-a31f-263e0b1a67c9', '2026-01-24', '13:00:00', 'e23c9391-1da5-4d00-b51b-59da746d6438', 'b7b10401-65a6-4cb0-853f-31aa8e6e9013', '2026-01-16T12:38:17.565210', '2026-01-16T12:38:17.565210');
INSERT INTO movie_projections (id, projection_date, projection_time, cinema_hall_id, movie_id, created_at, updated_at) VALUES ('88d80af3-0c6a-4ad2-bfc7-c5a1fd2bfbd6', '2026-02-28', '13:00:00', '52cd97ab-39f3-4636-8ef4-2def4b33a8b7', 'b7b10401-65a6-4cb0-853f-31aa8e6e9013', '2026-01-16T12:38:17.565251', '2026-01-16T12:38:17.565251');
INSERT INTO movie_projections (id, projection_date, projection_time, cinema_hall_id, movie_id, created_at, updated_at) VALUES ('c8bad5ee-7b3c-4b5d-99ad-187bb89298b4', '2026-02-10', '13:00:00', '1e714225-1496-43fd-9e98-87119156b996', 'b7b10401-65a6-4cb0-853f-31aa8e6e9013', '2026-01-16T12:38:17.565292', '2026-01-16T12:38:17.565292');
INSERT INTO movie_projections (id, projection_date, projection_time, cinema_hall_id, movie_id, created_at, updated_at) VALUES ('d3401a81-5308-471b-9724-8ac812ce2fe9', '2026-01-21', '10:00:00', '52cd97ab-39f3-4636-8ef4-2def4b33a8b7', 'b7b10401-65a6-4cb0-853f-31aa8e6e9013', '2026-01-16T12:38:17.565334', '2026-01-16T12:38:17.565334');
INSERT INTO movie_projections (id, projection_date, projection_time, cinema_hall_id, movie_id, created_at, updated_at) VALUES ('516fd035-67b3-4fdf-8359-6a70671d0c3b', '2026-02-17', '10:00:00', '52cd97ab-39f3-4636-8ef4-2def4b33a8b7', 'b7b10401-65a6-4cb0-853f-31aa8e6e9013', '2026-01-16T12:38:17.565374', '2026-01-16T12:38:17.565374');
INSERT INTO movie_projections (id, projection_date, projection_time, cinema_hall_id, movie_id, created_at, updated_at) VALUES ('562918d4-49a3-4239-a463-c97606396f73', '2026-01-24', '16:00:00', 'c51828ef-d759-417f-8262-434db181d319', 'b7b10401-65a6-4cb0-853f-31aa8e6e9013', '2026-01-16T12:38:17.565416', '2026-01-16T12:38:17.565416');
INSERT INTO movie_projections (id, projection_date, projection_time, cinema_hall_id, movie_id, created_at, updated_at) VALUES ('11fe5b61-abdc-4469-aa0f-8f3693829c1f', '2026-02-09', '19:00:00', '37bef505-4764-486b-863c-2e07e5735ad6', 'b7b10401-65a6-4cb0-853f-31aa8e6e9013', '2026-01-16T12:38:17.565460', '2026-01-16T12:38:17.565460');
INSERT INTO movie_projections (id, projection_date, projection_time, cinema_hall_id, movie_id, created_at, updated_at) VALUES ('a2da65c5-fff9-4f85-8493-cbc61eab58cb', '2026-02-16', '13:00:00', '00c3d58b-3da5-4624-9282-ea69e7fc1d99', 'b7b10401-65a6-4cb0-853f-31aa8e6e9013', '2026-01-16T12:38:17.565506', '2026-01-16T12:38:17.565506');
INSERT INTO movie_projections (id, projection_date, projection_time, cinema_hall_id, movie_id, created_at, updated_at) VALUES ('2896f088-6325-4742-8957-8ef974c1d283', '2026-02-06', '10:00:00', 'a08d2ff1-cecc-401b-b457-97e4be978d28', '50cde606-959e-41b7-bc1b-199eb6b82a11', '2026-01-16T12:38:17.565553', '2026-01-16T12:38:17.565553');
INSERT INTO movie_projections (id, projection_date, projection_time, cinema_hall_id, movie_id, created_at, updated_at) VALUES ('800c96d8-8ec8-4592-beff-4c0e5bc4e579', '2026-02-09', '19:00:00', 'c51828ef-d759-417f-8262-434db181d319', '50cde606-959e-41b7-bc1b-199eb6b82a11', '2026-01-16T12:38:17.565595', '2026-01-16T12:38:17.565595');
INSERT INTO movie_projections (id, projection_date, projection_time, cinema_hall_id, movie_id, created_at, updated_at) VALUES ('76ca7f19-39b2-4bf4-8b57-38efabca9112', '2026-02-13', '16:00:00', '95a40469-08c8-43b8-aca1-d228dc44f459', '50cde606-959e-41b7-bc1b-199eb6b82a11', '2026-01-16T12:38:17.565638', '2026-01-16T12:38:17.565638');
INSERT INTO movie_projections (id, projection_date, projection_time, cinema_hall_id, movie_id, created_at, updated_at) VALUES ('bbe7479b-0d70-4b6b-a4dd-6fb8d41abcea', '2026-02-06', '13:00:00', '52cd97ab-39f3-4636-8ef4-2def4b33a8b7', '50cde606-959e-41b7-bc1b-199eb6b82a11', '2026-01-16T12:38:17.565680', '2026-01-16T12:38:17.565680');
INSERT INTO movie_projections (id, projection_date, projection_time, cinema_hall_id, movie_id, created_at, updated_at) VALUES ('1d75f5ce-36dc-4d62-8506-a5ddf7fdb1e5', '2026-02-02', '10:00:00', '52cd97ab-39f3-4636-8ef4-2def4b33a8b7', '50cde606-959e-41b7-bc1b-199eb6b82a11', '2026-01-16T12:38:17.565720', '2026-01-16T12:38:17.565720');
INSERT INTO movie_projections (id, projection_date, projection_time, cinema_hall_id, movie_id, created_at, updated_at) VALUES ('73ccca14-3eb8-424a-b9c7-9c25233095ed', '2026-02-09', '13:00:00', '00c3d58b-3da5-4624-9282-ea69e7fc1d99', '50cde606-959e-41b7-bc1b-199eb6b82a11', '2026-01-16T12:38:17.565761', '2026-01-16T12:38:17.565761');
INSERT INTO movie_projections (id, projection_date, projection_time, cinema_hall_id, movie_id, created_at, updated_at) VALUES ('8c736ff3-17bd-436f-be8c-477a44ea261d', '2026-02-10', '13:00:00', '1e714225-1496-43fd-9e98-87119156b996', '50cde606-959e-41b7-bc1b-199eb6b82a11', '2026-01-16T12:38:17.565805', '2026-01-16T12:38:17.565805');
INSERT INTO movie_projections (id, projection_date, projection_time, cinema_hall_id, movie_id, created_at, updated_at) VALUES ('6442e888-8525-4481-893c-bb769a9b802d', '2026-01-17', '10:00:00', '95a40469-08c8-43b8-aca1-d228dc44f459', '50cde606-959e-41b7-bc1b-199eb6b82a11', '2026-01-16T12:38:17.565847', '2026-01-16T12:38:17.565847');
INSERT INTO movie_projections (id, projection_date, projection_time, cinema_hall_id, movie_id, created_at, updated_at) VALUES ('6a3c7bc4-abc7-4592-a469-bedb2e6a074b', '2026-02-09', '13:00:00', 'c51828ef-d759-417f-8262-434db181d319', '50cde606-959e-41b7-bc1b-199eb6b82a11', '2026-01-16T12:38:17.565889', '2026-01-16T12:38:17.565889');
INSERT INTO movie_projections (id, projection_date, projection_time, cinema_hall_id, movie_id, created_at, updated_at) VALUES ('ed57b0a8-bee9-4bb7-944c-3c85439070b0', '2026-01-16', '13:00:00', '4d85d72c-3252-4ef1-a349-a2e94f785dca', '50cde606-959e-41b7-bc1b-199eb6b82a11', '2026-01-16T12:38:17.565933', '2026-01-16T12:38:17.565933');
INSERT INTO movie_projections (id, projection_date, projection_time, cinema_hall_id, movie_id, created_at, updated_at) VALUES ('4562aa85-8b97-419c-a5e6-98dde0dbb998', '2026-02-15', '10:00:00', '4d85d72c-3252-4ef1-a349-a2e94f785dca', '50cde606-959e-41b7-bc1b-199eb6b82a11', '2026-01-16T12:38:17.565977', '2026-01-16T12:38:17.565977');
INSERT INTO movie_projections (id, projection_date, projection_time, cinema_hall_id, movie_id, created_at, updated_at) VALUES ('e829a5a6-29a5-4f80-8bdd-0eeec2bfc88f', '2026-02-02', '13:00:00', '52cd97ab-39f3-4636-8ef4-2def4b33a8b7', '50cde606-959e-41b7-bc1b-199eb6b82a11', '2026-01-16T12:38:17.566023', '2026-01-16T12:38:17.566023');
INSERT INTO movie_projections (id, projection_date, projection_time, cinema_hall_id, movie_id, created_at, updated_at) VALUES ('9b19efaa-1789-4010-80ab-23a961775a19', '2026-01-27', '16:00:00', '2bb67be0-c4c9-450e-a08f-34a74859ab13', '50cde606-959e-41b7-bc1b-199eb6b82a11', '2026-01-16T12:38:17.566066', '2026-01-16T12:38:17.566066');
INSERT INTO movie_projections (id, projection_date, projection_time, cinema_hall_id, movie_id, created_at, updated_at) VALUES ('6ac87c96-8c74-4018-90d9-9eea64c4ecf2', '2026-02-05', '16:00:00', 'eca43c94-9e26-4693-a739-6e0b4a98ccdb', '50cde606-959e-41b7-bc1b-199eb6b82a11', '2026-01-16T12:38:17.566110', '2026-01-16T12:38:17.566110');
INSERT INTO movie_projections (id, projection_date, projection_time, cinema_hall_id, movie_id, created_at, updated_at) VALUES ('95c957fc-eacd-46f5-bf36-3e152dbc0f85', '2026-01-16', '16:00:00', '95a40469-08c8-43b8-aca1-d228dc44f459', '50cde606-959e-41b7-bc1b-199eb6b82a11', '2026-01-16T12:38:17.566157', '2026-01-16T12:38:17.566157');
INSERT INTO movie_projections (id, projection_date, projection_time, cinema_hall_id, movie_id, created_at, updated_at) VALUES ('42826cca-9410-48d1-bf9a-9044c2abea38', '2026-02-02', '16:00:00', '4d85d72c-3252-4ef1-a349-a2e94f785dca', '50cde606-959e-41b7-bc1b-199eb6b82a11', '2026-01-16T12:38:17.566198', '2026-01-16T12:38:17.566198');
INSERT INTO movie_projections (id, projection_date, projection_time, cinema_hall_id, movie_id, created_at, updated_at) VALUES ('bc6c99ee-5bcc-43ab-96d9-deb9729c141a', '2026-01-18', '16:00:00', '95a40469-08c8-43b8-aca1-d228dc44f459', '50cde606-959e-41b7-bc1b-199eb6b82a11', '2026-01-16T12:38:17.566239', '2026-01-16T12:38:17.566239');
INSERT INTO movie_projections (id, projection_date, projection_time, cinema_hall_id, movie_id, created_at, updated_at) VALUES ('f02d9789-eee8-498f-9bc1-3bf152aa1b31', '2026-02-05', '13:00:00', 'a08d2ff1-cecc-401b-b457-97e4be978d28', '50cde606-959e-41b7-bc1b-199eb6b82a11', '2026-01-16T12:38:17.566282', '2026-01-16T12:38:17.566282');
INSERT INTO movie_projections (id, projection_date, projection_time, cinema_hall_id, movie_id, created_at, updated_at) VALUES ('51d27048-7f0a-449c-a0ee-a7ff973ee030', '2026-02-04', '13:00:00', 'eca43c94-9e26-4693-a739-6e0b4a98ccdb', '50cde606-959e-41b7-bc1b-199eb6b82a11', '2026-01-16T12:38:17.566320', '2026-01-16T12:38:17.566320');
INSERT INTO movie_projections (id, projection_date, projection_time, cinema_hall_id, movie_id, created_at, updated_at) VALUES ('6ede145d-8ffa-417c-99cd-fefe24335228', '2026-02-15', '16:00:00', 'a08d2ff1-cecc-401b-b457-97e4be978d28', '50cde606-959e-41b7-bc1b-199eb6b82a11', '2026-01-16T12:38:17.566360', '2026-01-16T12:38:17.566360');
INSERT INTO movie_projections (id, projection_date, projection_time, cinema_hall_id, movie_id, created_at, updated_at) VALUES ('5b588e9f-3334-4100-8f0e-a50b794e950c', '2026-01-18', '16:00:00', '2bb67be0-c4c9-450e-a08f-34a74859ab13', '50cde606-959e-41b7-bc1b-199eb6b82a11', '2026-01-16T12:38:17.566401', '2026-01-16T12:38:17.566401');
INSERT INTO movie_projections (id, projection_date, projection_time, cinema_hall_id, movie_id, created_at, updated_at) VALUES ('793a7ccf-32b9-41d2-806c-cf72e8f453ff', '2026-02-06', '10:00:00', 'e23c9391-1da5-4d00-b51b-59da746d6438', '50cde606-959e-41b7-bc1b-199eb6b82a11', '2026-01-16T12:38:17.566445', '2026-01-16T12:38:17.566445');
INSERT INTO movie_projections (id, projection_date, projection_time, cinema_hall_id, movie_id, created_at, updated_at) VALUES ('fd8095ab-8723-4ff4-95a2-22a7bf6f9585', '2026-01-17', '19:00:00', '2bb67be0-c4c9-450e-a08f-34a74859ab13', '50cde606-959e-41b7-bc1b-199eb6b82a11', '2026-01-16T12:38:17.566496', '2026-01-16T12:38:17.566496');
INSERT INTO movie_projections (id, projection_date, projection_time, cinema_hall_id, movie_id, created_at, updated_at) VALUES ('bf0f56d9-e08f-4340-b7ad-e7710dd0fa9c', '2026-01-17', '16:00:00', '95a40469-08c8-43b8-aca1-d228dc44f459', '50cde606-959e-41b7-bc1b-199eb6b82a11', '2026-01-16T12:38:17.566539', '2026-01-16T12:38:17.566539');
INSERT INTO movie_projections (id, projection_date, projection_time, cinema_hall_id, movie_id, created_at, updated_at) VALUES ('3ccc9dee-623a-4d02-9c88-5eba3854cfd5', '2026-01-31', '10:00:00', '52cd97ab-39f3-4636-8ef4-2def4b33a8b7', '50cde606-959e-41b7-bc1b-199eb6b82a11', '2026-01-16T12:38:17.566582', '2026-01-16T12:38:17.566582');
INSERT INTO movie_projections (id, projection_date, projection_time, cinema_hall_id, movie_id, created_at, updated_at) VALUES ('c3ea0102-28a7-448e-8891-c285cd3c11c4', '2026-02-02', '10:00:00', '1e714225-1496-43fd-9e98-87119156b996', '50cde606-959e-41b7-bc1b-199eb6b82a11', '2026-01-16T12:38:17.566628', '2026-01-16T12:38:17.566628');
INSERT INTO movie_projections (id, projection_date, projection_time, cinema_hall_id, movie_id, created_at, updated_at) VALUES ('74f07519-dc6d-496d-9ef8-01de343004a9', '2026-01-25', '19:00:00', '95a40469-08c8-43b8-aca1-d228dc44f459', '50cde606-959e-41b7-bc1b-199eb6b82a11', '2026-01-16T12:38:17.566668', '2026-01-16T12:38:17.566668');
INSERT INTO movie_projections (id, projection_date, projection_time, cinema_hall_id, movie_id, created_at, updated_at) VALUES ('91f85918-bd80-400d-b1eb-25b0adc07aa4', '2026-02-05', '19:00:00', 'e23c9391-1da5-4d00-b51b-59da746d6438', '50cde606-959e-41b7-bc1b-199eb6b82a11', '2026-01-16T12:38:17.566710', '2026-01-16T12:38:17.566710');
INSERT INTO movie_projections (id, projection_date, projection_time, cinema_hall_id, movie_id, created_at, updated_at) VALUES ('9cbadb70-4c21-4663-87eb-5fe0e7e52ac7', '2026-01-20', '10:00:00', '52cd97ab-39f3-4636-8ef4-2def4b33a8b7', '50cde606-959e-41b7-bc1b-199eb6b82a11', '2026-01-16T12:38:17.566755', '2026-01-16T12:38:17.566755');
INSERT INTO movie_projections (id, projection_date, projection_time, cinema_hall_id, movie_id, created_at, updated_at) VALUES ('50833382-951c-4cb1-9d9b-591a0337e8ce', '2026-01-26', '19:00:00', '4d85d72c-3252-4ef1-a349-a2e94f785dca', '50cde606-959e-41b7-bc1b-199eb6b82a11', '2026-01-16T12:38:17.566801', '2026-01-16T12:38:17.566801');
INSERT INTO movie_projections (id, projection_date, projection_time, cinema_hall_id, movie_id, created_at, updated_at) VALUES ('1d4e397e-010e-433b-99ec-769ae54e7f21', '2026-02-10', '19:00:00', 'eca43c94-9e26-4693-a739-6e0b4a98ccdb', '50cde606-959e-41b7-bc1b-199eb6b82a11', '2026-01-16T12:38:17.566852', '2026-01-16T12:38:17.566852');
INSERT INTO movie_projections (id, projection_date, projection_time, cinema_hall_id, movie_id, created_at, updated_at) VALUES ('c86f5813-7801-4af7-8444-0feb6a2df118', '2026-02-16', '16:00:00', '00c3d58b-3da5-4624-9282-ea69e7fc1d99', '50cde606-959e-41b7-bc1b-199eb6b82a11', '2026-01-16T12:38:17.566898', '2026-01-16T12:38:17.566898');
INSERT INTO movie_projections (id, projection_date, projection_time, cinema_hall_id, movie_id, created_at, updated_at) VALUES ('05649493-6ebd-4d05-95be-94158d08d889', '2026-02-08', '16:00:00', 'c51828ef-d759-417f-8262-434db181d319', '50cde606-959e-41b7-bc1b-199eb6b82a11', '2026-01-16T12:38:17.566941', '2026-01-16T12:38:17.566941');
INSERT INTO movie_projections (id, projection_date, projection_time, cinema_hall_id, movie_id, created_at, updated_at) VALUES ('26d1e1cd-7aa6-47d5-ad10-d8df46e04465', '2026-02-15', '19:00:00', '4d85d72c-3252-4ef1-a349-a2e94f785dca', '50cde606-959e-41b7-bc1b-199eb6b82a11', '2026-01-16T12:38:17.566983', '2026-01-16T12:38:17.566983');
INSERT INTO movie_projections (id, projection_date, projection_time, cinema_hall_id, movie_id, created_at, updated_at) VALUES ('bb854b2e-90ca-4991-b373-22756831891e', '2026-02-03', '16:00:00', '00c3d58b-3da5-4624-9282-ea69e7fc1d99', '50cde606-959e-41b7-bc1b-199eb6b82a11', '2026-01-16T12:38:17.567024', '2026-01-16T12:38:17.567024');
INSERT INTO movie_projections (id, projection_date, projection_time, cinema_hall_id, movie_id, created_at, updated_at) VALUES ('d668c899-3216-40f7-b6a0-e79e959b0ac1', '2026-02-04', '13:00:00', 'c51828ef-d759-417f-8262-434db181d319', '50cde606-959e-41b7-bc1b-199eb6b82a11', '2026-01-16T12:38:17.567066', '2026-01-16T12:38:17.567066');
INSERT INTO movie_projections (id, projection_date, projection_time, cinema_hall_id, movie_id, created_at, updated_at) VALUES ('f696cf8e-9a08-4f0c-978b-72fb8bee218e', '2026-02-07', '19:00:00', 'e23c9391-1da5-4d00-b51b-59da746d6438', '50cde606-959e-41b7-bc1b-199eb6b82a11', '2026-01-16T12:38:17.567106', '2026-01-16T12:38:17.567106');
INSERT INTO movie_projections (id, projection_date, projection_time, cinema_hall_id, movie_id, created_at, updated_at) VALUES ('461a0677-33df-4dbc-8e8f-1a5b9c2f7ff1', '2026-01-27', '19:00:00', '52cd97ab-39f3-4636-8ef4-2def4b33a8b7', '50cde606-959e-41b7-bc1b-199eb6b82a11', '2026-01-16T12:38:17.567146', '2026-01-16T12:38:17.567146');
INSERT INTO movie_projections (id, projection_date, projection_time, cinema_hall_id, movie_id, created_at, updated_at) VALUES ('2bb93307-2567-4053-b956-470f6dbb9bdd', '2026-01-30', '10:00:00', 'a08d2ff1-cecc-401b-b457-97e4be978d28', '50cde606-959e-41b7-bc1b-199eb6b82a11', '2026-01-16T12:38:17.567190', '2026-01-16T12:38:17.567190');
INSERT INTO movie_projections (id, projection_date, projection_time, cinema_hall_id, movie_id, created_at, updated_at) VALUES ('8dda27d2-b914-45d7-893f-6f64c4654478', '2026-02-04', '16:00:00', 'eca43c94-9e26-4693-a739-6e0b4a98ccdb', '50cde606-959e-41b7-bc1b-199eb6b82a11', '2026-01-16T12:38:17.567232', '2026-01-16T12:38:17.567232');
INSERT INTO movie_projections (id, projection_date, projection_time, cinema_hall_id, movie_id, created_at, updated_at) VALUES ('05c00482-f1f1-47fd-8f27-9094a0e584a0', '2026-03-29', '13:00:00', '37bef505-4764-486b-863c-2e07e5735ad6', 'c8b80504-9ac3-4f5a-8141-ebdb4e498356', '2026-01-16T12:38:17.567280', '2026-01-16T12:38:17.567280');
INSERT INTO movie_projections (id, projection_date, projection_time, cinema_hall_id, movie_id, created_at, updated_at) VALUES ('af7a7545-d97a-4fe0-9fa5-c684be0558a4', '2026-02-08', '10:00:00', '00c3d58b-3da5-4624-9282-ea69e7fc1d99', 'c8b80504-9ac3-4f5a-8141-ebdb4e498356', '2026-01-16T12:38:17.567322', '2026-01-16T12:38:17.567322');
INSERT INTO movie_projections (id, projection_date, projection_time, cinema_hall_id, movie_id, created_at, updated_at) VALUES ('3e0de380-e55a-4915-a112-eb4b197e3e4a', '2026-03-07', '16:00:00', '1e714225-1496-43fd-9e98-87119156b996', 'c8b80504-9ac3-4f5a-8141-ebdb4e498356', '2026-01-16T12:38:17.567364', '2026-01-16T12:38:17.567364');
INSERT INTO movie_projections (id, projection_date, projection_time, cinema_hall_id, movie_id, created_at, updated_at) VALUES ('2494320b-05f0-481d-896a-d82540a8b849', '2026-02-13', '19:00:00', '4d85d72c-3252-4ef1-a349-a2e94f785dca', 'c8b80504-9ac3-4f5a-8141-ebdb4e498356', '2026-01-16T12:38:17.567409', '2026-01-16T12:38:17.567409');
INSERT INTO movie_projections (id, projection_date, projection_time, cinema_hall_id, movie_id, created_at, updated_at) VALUES ('40141ba8-e6e5-45aa-9b07-ee525a485d4a', '2026-02-12', '13:00:00', '37bef505-4764-486b-863c-2e07e5735ad6', 'c8b80504-9ac3-4f5a-8141-ebdb4e498356', '2026-01-16T12:38:17.567452', '2026-01-16T12:38:17.567452');
INSERT INTO movie_projections (id, projection_date, projection_time, cinema_hall_id, movie_id, created_at, updated_at) VALUES ('e0c0cc0a-2f9c-423f-9dd5-c838eb5fd49c', '2026-03-26', '13:00:00', '2bb67be0-c4c9-450e-a08f-34a74859ab13', 'c8b80504-9ac3-4f5a-8141-ebdb4e498356', '2026-01-16T12:38:17.567498', '2026-01-16T12:38:17.567498');
INSERT INTO movie_projections (id, projection_date, projection_time, cinema_hall_id, movie_id, created_at, updated_at) VALUES ('73cc065e-33df-47ae-9cc7-b64715657eeb', '2026-02-20', '10:00:00', 'eca43c94-9e26-4693-a739-6e0b4a98ccdb', 'c8b80504-9ac3-4f5a-8141-ebdb4e498356', '2026-01-16T12:38:17.567546', '2026-01-16T12:38:17.567546');
INSERT INTO movie_projections (id, projection_date, projection_time, cinema_hall_id, movie_id, created_at, updated_at) VALUES ('2be7b5c4-0609-48f1-91dc-d6297f593847', '2026-04-03', '10:00:00', '1e714225-1496-43fd-9e98-87119156b996', 'c8b80504-9ac3-4f5a-8141-ebdb4e498356', '2026-01-16T12:38:17.567589', '2026-01-16T12:38:17.567589');
INSERT INTO movie_projections (id, projection_date, projection_time, cinema_hall_id, movie_id, created_at, updated_at) VALUES ('407d0ff2-9b53-4be8-a5c5-c624c44cc71f', '2026-01-19', '16:00:00', '52cd97ab-39f3-4636-8ef4-2def4b33a8b7', 'c8b80504-9ac3-4f5a-8141-ebdb4e498356', '2026-01-16T12:38:17.567630', '2026-01-16T12:38:17.567630');
INSERT INTO movie_projections (id, projection_date, projection_time, cinema_hall_id, movie_id, created_at, updated_at) VALUES ('e0991060-2187-4ba4-a7a1-122befc09072', '2026-03-08', '16:00:00', '4d85d72c-3252-4ef1-a349-a2e94f785dca', 'c8b80504-9ac3-4f5a-8141-ebdb4e498356', '2026-01-16T12:38:17.567669', '2026-01-16T12:38:17.567669');
INSERT INTO movie_projections (id, projection_date, projection_time, cinema_hall_id, movie_id, created_at, updated_at) VALUES ('e6c3e9b3-4616-4e5c-bc6d-bd17fba18d7a', '2026-02-06', '16:00:00', 'eca43c94-9e26-4693-a739-6e0b4a98ccdb', 'c8b80504-9ac3-4f5a-8141-ebdb4e498356', '2026-01-16T12:38:17.567708', '2026-01-16T12:38:17.567708');
INSERT INTO movie_projections (id, projection_date, projection_time, cinema_hall_id, movie_id, created_at, updated_at) VALUES ('089e6f01-b6e4-4af4-8746-c008a97d8f09', '2026-03-12', '10:00:00', 'c51828ef-d759-417f-8262-434db181d319', 'c8b80504-9ac3-4f5a-8141-ebdb4e498356', '2026-01-16T12:38:17.567749', '2026-01-16T12:38:17.567749');
INSERT INTO movie_projections (id, projection_date, projection_time, cinema_hall_id, movie_id, created_at, updated_at) VALUES ('6fa82316-8d2d-45c5-b56e-75b3c9113fd8', '2026-02-22', '19:00:00', '95a40469-08c8-43b8-aca1-d228dc44f459', 'c8b80504-9ac3-4f5a-8141-ebdb4e498356', '2026-01-16T12:38:17.567790', '2026-01-16T12:38:17.567790');
INSERT INTO movie_projections (id, projection_date, projection_time, cinema_hall_id, movie_id, created_at, updated_at) VALUES ('2e528fa0-7692-4b53-8601-df78b9fb0ec9', '2026-02-03', '10:00:00', '4d85d72c-3252-4ef1-a349-a2e94f785dca', 'c8b80504-9ac3-4f5a-8141-ebdb4e498356', '2026-01-16T12:38:17.567836', '2026-01-16T12:38:17.567836');
INSERT INTO movie_projections (id, projection_date, projection_time, cinema_hall_id, movie_id, created_at, updated_at) VALUES ('d237e1c3-5f2c-45d1-b237-2317abd22ee2', '2026-03-12', '10:00:00', 'eca43c94-9e26-4693-a739-6e0b4a98ccdb', 'c8b80504-9ac3-4f5a-8141-ebdb4e498356', '2026-01-16T12:38:17.567882', '2026-01-16T12:38:17.567882');
INSERT INTO movie_projections (id, projection_date, projection_time, cinema_hall_id, movie_id, created_at, updated_at) VALUES ('a22e9805-f3e6-4e8b-af18-f6d0a76cdf35', '2026-01-21', '16:00:00', 'eca43c94-9e26-4693-a739-6e0b4a98ccdb', 'c8b80504-9ac3-4f5a-8141-ebdb4e498356', '2026-01-16T12:38:17.567924', '2026-01-16T12:38:17.567924');
INSERT INTO movie_projections (id, projection_date, projection_time, cinema_hall_id, movie_id, created_at, updated_at) VALUES ('c53eca91-50c3-4515-9d46-4576daea3083', '2026-02-06', '10:00:00', '4d85d72c-3252-4ef1-a349-a2e94f785dca', 'c8b80504-9ac3-4f5a-8141-ebdb4e498356', '2026-01-16T12:38:17.567966', '2026-01-16T12:38:17.567966');
INSERT INTO movie_projections (id, projection_date, projection_time, cinema_hall_id, movie_id, created_at, updated_at) VALUES ('38b9c35d-ba26-4ec0-858b-3e0dc4e8258b', '2026-04-07', '13:00:00', 'e23c9391-1da5-4d00-b51b-59da746d6438', 'c8b80504-9ac3-4f5a-8141-ebdb4e498356', '2026-01-16T12:38:17.568012', '2026-01-16T12:38:17.568012');
INSERT INTO movie_projections (id, projection_date, projection_time, cinema_hall_id, movie_id, created_at, updated_at) VALUES ('019bcd4f-e150-4ecc-bdf4-67822ddd8fc4', '2026-02-07', '10:00:00', '52cd97ab-39f3-4636-8ef4-2def4b33a8b7', 'c8b80504-9ac3-4f5a-8141-ebdb4e498356', '2026-01-16T12:38:17.568057', '2026-01-16T12:38:17.568057');
INSERT INTO movie_projections (id, projection_date, projection_time, cinema_hall_id, movie_id, created_at, updated_at) VALUES ('4bc9d94b-07a5-48e2-bb91-cc9f5e138499', '2026-04-05', '16:00:00', '37bef505-4764-486b-863c-2e07e5735ad6', 'c8b80504-9ac3-4f5a-8141-ebdb4e498356', '2026-01-16T12:38:17.568100', '2026-01-16T12:38:17.568100');
INSERT INTO movie_projections (id, projection_date, projection_time, cinema_hall_id, movie_id, created_at, updated_at) VALUES ('ebc74bcb-0ec0-4e42-9241-60197732cae6', '2026-01-18', '16:00:00', 'e23c9391-1da5-4d00-b51b-59da746d6438', 'c8b80504-9ac3-4f5a-8141-ebdb4e498356', '2026-01-16T12:38:17.568142', '2026-01-16T12:38:17.568142');
INSERT INTO movie_projections (id, projection_date, projection_time, cinema_hall_id, movie_id, created_at, updated_at) VALUES ('7883af40-ac17-4590-a599-143fd7a96327', '2026-02-07', '10:00:00', '37bef505-4764-486b-863c-2e07e5735ad6', 'c8b80504-9ac3-4f5a-8141-ebdb4e498356', '2026-01-16T12:38:17.568186', '2026-01-16T12:38:17.568186');
INSERT INTO movie_projections (id, projection_date, projection_time, cinema_hall_id, movie_id, created_at, updated_at) VALUES ('7cf1a53f-d83e-4892-9ed4-1892dc58d773', '2026-02-13', '13:00:00', '1e714225-1496-43fd-9e98-87119156b996', 'c8b80504-9ac3-4f5a-8141-ebdb4e498356', '2026-01-16T12:38:17.568233', '2026-01-16T12:38:17.568233');
INSERT INTO movie_projections (id, projection_date, projection_time, cinema_hall_id, movie_id, created_at, updated_at) VALUES ('7a936a61-0d96-4e69-8acb-dbca09e485fc', '2026-01-22', '13:00:00', '37bef505-4764-486b-863c-2e07e5735ad6', 'c8b80504-9ac3-4f5a-8141-ebdb4e498356', '2026-01-16T12:38:17.568276', '2026-01-16T12:38:17.568276');
INSERT INTO movie_projections (id, projection_date, projection_time, cinema_hall_id, movie_id, created_at, updated_at) VALUES ('47e104e7-9628-4cb2-bded-3dec67a9673e', '2026-02-24', '13:00:00', '00c3d58b-3da5-4624-9282-ea69e7fc1d99', 'c8b80504-9ac3-4f5a-8141-ebdb4e498356', '2026-01-16T12:38:17.568320', '2026-01-16T12:38:17.568320');
INSERT INTO movie_projections (id, projection_date, projection_time, cinema_hall_id, movie_id, created_at, updated_at) VALUES ('0539ecd2-7bc5-4016-ae94-811d452637a7', '2026-04-16', '16:00:00', '37bef505-4764-486b-863c-2e07e5735ad6', 'c8b80504-9ac3-4f5a-8141-ebdb4e498356', '2026-01-16T12:38:17.568365', '2026-01-16T12:38:17.568365');
INSERT INTO movie_projections (id, projection_date, projection_time, cinema_hall_id, movie_id, created_at, updated_at) VALUES ('03ee2311-cda0-4872-84bc-ffbde7b287ed', '2026-04-09', '19:00:00', 'e23c9391-1da5-4d00-b51b-59da746d6438', 'c8b80504-9ac3-4f5a-8141-ebdb4e498356', '2026-01-16T12:38:17.568407', '2026-01-16T12:38:17.568407');
INSERT INTO movie_projections (id, projection_date, projection_time, cinema_hall_id, movie_id, created_at, updated_at) VALUES ('29d6845b-c32c-4233-8733-3b7c31ee31b5', '2026-04-14', '13:00:00', 'a08d2ff1-cecc-401b-b457-97e4be978d28', 'c8b80504-9ac3-4f5a-8141-ebdb4e498356', '2026-01-16T12:38:17.568448', '2026-01-16T12:38:17.568448');
INSERT INTO movie_projections (id, projection_date, projection_time, cinema_hall_id, movie_id, created_at, updated_at) VALUES ('6160e38f-9c17-44ca-a6e6-fb82f0cab853', '2026-02-07', '13:00:00', '37bef505-4764-486b-863c-2e07e5735ad6', 'c8b80504-9ac3-4f5a-8141-ebdb4e498356', '2026-01-16T12:38:17.568494', '2026-01-16T12:38:17.568494');
INSERT INTO movie_projections (id, projection_date, projection_time, cinema_hall_id, movie_id, created_at, updated_at) VALUES ('0fd971ad-84cc-4126-85ae-489638705dde', '2026-01-29', '13:00:00', '2bb67be0-c4c9-450e-a08f-34a74859ab13', 'c8b80504-9ac3-4f5a-8141-ebdb4e498356', '2026-01-16T12:38:17.568534', '2026-01-16T12:38:17.568534');
INSERT INTO movie_projections (id, projection_date, projection_time, cinema_hall_id, movie_id, created_at, updated_at) VALUES ('2965ee20-e371-4fba-9f80-4bd5d3f44681', '2026-02-03', '19:00:00', '37bef505-4764-486b-863c-2e07e5735ad6', 'c8b80504-9ac3-4f5a-8141-ebdb4e498356', '2026-01-16T12:38:17.568578', '2026-01-16T12:38:17.568578');
INSERT INTO movie_projections (id, projection_date, projection_time, cinema_hall_id, movie_id, created_at, updated_at) VALUES ('6bbdf12a-132f-46f4-937c-a2e86107ecc7', '2026-03-13', '13:00:00', '95a40469-08c8-43b8-aca1-d228dc44f459', 'c8b80504-9ac3-4f5a-8141-ebdb4e498356', '2026-01-16T12:38:17.568619', '2026-01-16T12:38:17.568619');
INSERT INTO movie_projections (id, projection_date, projection_time, cinema_hall_id, movie_id, created_at, updated_at) VALUES ('2672fef1-7fdd-4a73-87fc-54e37452fef7', '2026-03-15', '16:00:00', '52cd97ab-39f3-4636-8ef4-2def4b33a8b7', 'c8b80504-9ac3-4f5a-8141-ebdb4e498356', '2026-01-16T12:38:17.568658', '2026-01-16T12:38:17.568658');
INSERT INTO movie_projections (id, projection_date, projection_time, cinema_hall_id, movie_id, created_at, updated_at) VALUES ('49d161ed-c629-401f-82d9-ae18c76e7d3f', '2026-02-21', '16:00:00', '00c3d58b-3da5-4624-9282-ea69e7fc1d99', 'c8b80504-9ac3-4f5a-8141-ebdb4e498356', '2026-01-16T12:38:17.568697', '2026-01-16T12:38:17.568697');
INSERT INTO movie_projections (id, projection_date, projection_time, cinema_hall_id, movie_id, created_at, updated_at) VALUES ('a563bc99-1565-4dfd-9890-4aaa50770a8f', '2026-03-14', '16:00:00', 'a08d2ff1-cecc-401b-b457-97e4be978d28', 'c8b80504-9ac3-4f5a-8141-ebdb4e498356', '2026-01-16T12:38:17.568738', '2026-01-16T12:38:17.568738');
INSERT INTO movie_projections (id, projection_date, projection_time, cinema_hall_id, movie_id, created_at, updated_at) VALUES ('25179e4f-e120-4f12-ae34-efabc7c056eb', '2026-02-18', '13:00:00', '2bb67be0-c4c9-450e-a08f-34a74859ab13', 'c8b80504-9ac3-4f5a-8141-ebdb4e498356', '2026-01-16T12:38:17.568782', '2026-01-16T12:38:17.568782');
INSERT INTO movie_projections (id, projection_date, projection_time, cinema_hall_id, movie_id, created_at, updated_at) VALUES ('1f45a37b-e873-485a-b5e2-a4c1910fc0df', '2026-01-29', '16:00:00', 'a08d2ff1-cecc-401b-b457-97e4be978d28', 'c8b80504-9ac3-4f5a-8141-ebdb4e498356', '2026-01-16T12:38:17.568825', '2026-01-16T12:38:17.568825');
INSERT INTO movie_projections (id, projection_date, projection_time, cinema_hall_id, movie_id, created_at, updated_at) VALUES ('2bb5765b-b6a2-446e-b6f0-f07968d18452', '2026-02-23', '13:00:00', '37bef505-4764-486b-863c-2e07e5735ad6', 'c8b80504-9ac3-4f5a-8141-ebdb4e498356', '2026-01-16T12:38:17.568870', '2026-01-16T12:38:17.568870');
INSERT INTO movie_projections (id, projection_date, projection_time, cinema_hall_id, movie_id, created_at, updated_at) VALUES ('4d60eec8-dc65-45f4-ba61-6e526c885411', '2026-01-26', '19:00:00', 'a08d2ff1-cecc-401b-b457-97e4be978d28', 'c8b80504-9ac3-4f5a-8141-ebdb4e498356', '2026-01-16T12:38:17.568911', '2026-01-16T12:38:17.568911');
INSERT INTO movie_projections (id, projection_date, projection_time, cinema_hall_id, movie_id, created_at, updated_at) VALUES ('738a24f5-419c-4b52-a50d-3ac72c7b8c9a', '2026-01-26', '13:00:00', '95a40469-08c8-43b8-aca1-d228dc44f459', 'c8b80504-9ac3-4f5a-8141-ebdb4e498356', '2026-01-16T12:38:17.568949', '2026-01-16T12:38:17.568949');
INSERT INTO movie_projections (id, projection_date, projection_time, cinema_hall_id, movie_id, created_at, updated_at) VALUES ('4aafbf46-ceb3-44d5-a154-c4367e886216', '2026-01-16', '13:00:00', 'a08d2ff1-cecc-401b-b457-97e4be978d28', '96595de7-b3a8-469d-9204-941929d3a654', '2026-01-16T12:38:17.568990', '2026-01-16T12:38:17.568990');
INSERT INTO movie_projections (id, projection_date, projection_time, cinema_hall_id, movie_id, created_at, updated_at) VALUES ('0ac7e1f4-59cc-4f2b-bd53-83ec2f517ca1', '2026-02-09', '16:00:00', '2bb67be0-c4c9-450e-a08f-34a74859ab13', '96595de7-b3a8-469d-9204-941929d3a654', '2026-01-16T12:38:17.569032', '2026-01-16T12:38:17.569032');
INSERT INTO movie_projections (id, projection_date, projection_time, cinema_hall_id, movie_id, created_at, updated_at) VALUES ('bb768338-9328-439a-8db8-6fb6388c18a0', '2026-02-09', '19:00:00', '4d85d72c-3252-4ef1-a349-a2e94f785dca', '96595de7-b3a8-469d-9204-941929d3a654', '2026-01-16T12:38:17.569069', '2026-01-16T12:38:17.569069');
INSERT INTO movie_projections (id, projection_date, projection_time, cinema_hall_id, movie_id, created_at, updated_at) VALUES ('45440be5-eff7-4473-9b96-4f5ed9567902', '2026-02-01', '13:00:00', 'a08d2ff1-cecc-401b-b457-97e4be978d28', '96595de7-b3a8-469d-9204-941929d3a654', '2026-01-16T12:38:17.569106', '2026-01-16T12:38:17.569106');
INSERT INTO movie_projections (id, projection_date, projection_time, cinema_hall_id, movie_id, created_at, updated_at) VALUES ('76648087-5474-49d2-94b4-326610e69ba2', '2026-01-21', '10:00:00', 'eca43c94-9e26-4693-a739-6e0b4a98ccdb', '96595de7-b3a8-469d-9204-941929d3a654', '2026-01-16T12:38:17.569146', '2026-01-16T12:38:17.569146');
INSERT INTO movie_projections (id, projection_date, projection_time, cinema_hall_id, movie_id, created_at, updated_at) VALUES ('7428406c-ae4d-442e-b0de-e92023757c56', '2026-02-14', '16:00:00', 'a08d2ff1-cecc-401b-b457-97e4be978d28', '96595de7-b3a8-469d-9204-941929d3a654', '2026-01-16T12:38:17.569188', '2026-01-16T12:38:17.569188');
INSERT INTO movie_projections (id, projection_date, projection_time, cinema_hall_id, movie_id, created_at, updated_at) VALUES ('5cbb4459-74f5-4f1c-a143-44accd65a81b', '2026-02-13', '19:00:00', 'a08d2ff1-cecc-401b-b457-97e4be978d28', '96595de7-b3a8-469d-9204-941929d3a654', '2026-01-16T12:38:17.569231', '2026-01-16T12:38:17.569231');
INSERT INTO movie_projections (id, projection_date, projection_time, cinema_hall_id, movie_id, created_at, updated_at) VALUES ('0c9ef7bc-3026-4cab-8170-e3226194c223', '2026-01-28', '19:00:00', '2bb67be0-c4c9-450e-a08f-34a74859ab13', '96595de7-b3a8-469d-9204-941929d3a654', '2026-01-16T12:38:17.569274', '2026-01-16T12:38:17.569274');
INSERT INTO movie_projections (id, projection_date, projection_time, cinema_hall_id, movie_id, created_at, updated_at) VALUES ('5ef26c75-f6a9-4d69-90de-7eb1df450481', '2026-01-20', '13:00:00', '00c3d58b-3da5-4624-9282-ea69e7fc1d99', '96595de7-b3a8-469d-9204-941929d3a654', '2026-01-16T12:38:17.569313', '2026-01-16T12:38:17.569313');
INSERT INTO movie_projections (id, projection_date, projection_time, cinema_hall_id, movie_id, created_at, updated_at) VALUES ('e4ff211b-f94e-4105-909f-a661dfba7982', '2026-01-26', '19:00:00', 'c51828ef-d759-417f-8262-434db181d319', '96595de7-b3a8-469d-9204-941929d3a654', '2026-01-16T12:38:17.569353', '2026-01-16T12:38:17.569353');
INSERT INTO movie_projections (id, projection_date, projection_time, cinema_hall_id, movie_id, created_at, updated_at) VALUES ('7118335e-134b-4677-b932-873c53bd5c92', '2026-02-06', '10:00:00', '1e714225-1496-43fd-9e98-87119156b996', '96595de7-b3a8-469d-9204-941929d3a654', '2026-01-16T12:38:17.569396', '2026-01-16T12:38:17.569396');
INSERT INTO movie_projections (id, projection_date, projection_time, cinema_hall_id, movie_id, created_at, updated_at) VALUES ('96b9e5e3-d966-4fd2-8a4f-255dbc43cf9c', '2026-01-29', '10:00:00', 'e23c9391-1da5-4d00-b51b-59da746d6438', '96595de7-b3a8-469d-9204-941929d3a654', '2026-01-16T12:38:17.569439', '2026-01-16T12:38:17.569439');
INSERT INTO movie_projections (id, projection_date, projection_time, cinema_hall_id, movie_id, created_at, updated_at) VALUES ('64dd3b4f-414c-4ab8-96fe-d584c7fc706b', '2026-01-19', '10:00:00', 'a08d2ff1-cecc-401b-b457-97e4be978d28', '96595de7-b3a8-469d-9204-941929d3a654', '2026-01-16T12:38:17.569489', '2026-01-16T12:38:17.569489');
INSERT INTO movie_projections (id, projection_date, projection_time, cinema_hall_id, movie_id, created_at, updated_at) VALUES ('12c6a0d7-c979-4980-bb6d-c6e654886563', '2026-01-20', '13:00:00', '37bef505-4764-486b-863c-2e07e5735ad6', '96595de7-b3a8-469d-9204-941929d3a654', '2026-01-16T12:38:17.569535', '2026-01-16T12:38:17.569535');
INSERT INTO movie_projections (id, projection_date, projection_time, cinema_hall_id, movie_id, created_at, updated_at) VALUES ('aac3b189-928d-47de-8e04-c8bb87792660', '2026-02-14', '19:00:00', '00c3d58b-3da5-4624-9282-ea69e7fc1d99', '96595de7-b3a8-469d-9204-941929d3a654', '2026-01-16T12:38:17.569582', '2026-01-16T12:38:17.569582');
INSERT INTO movie_projections (id, projection_date, projection_time, cinema_hall_id, movie_id, created_at, updated_at) VALUES ('bf792786-e91a-43a7-a341-63614fe123df', '2026-02-02', '16:00:00', 'eca43c94-9e26-4693-a739-6e0b4a98ccdb', '96595de7-b3a8-469d-9204-941929d3a654', '2026-01-16T12:38:17.569623', '2026-01-16T12:38:17.569623');
INSERT INTO movie_projections (id, projection_date, projection_time, cinema_hall_id, movie_id, created_at, updated_at) VALUES ('3f9956ca-c7bf-4b90-a596-a86cfce5ec0c', '2026-01-22', '13:00:00', '4d85d72c-3252-4ef1-a349-a2e94f785dca', '96595de7-b3a8-469d-9204-941929d3a654', '2026-01-16T12:38:17.569662', '2026-01-16T12:38:17.569662');
INSERT INTO movie_projections (id, projection_date, projection_time, cinema_hall_id, movie_id, created_at, updated_at) VALUES ('3c19cac1-130a-424b-939f-02fbc60e4f74', '2026-02-05', '10:00:00', 'e23c9391-1da5-4d00-b51b-59da746d6438', '96595de7-b3a8-469d-9204-941929d3a654', '2026-01-16T12:38:17.569706', '2026-01-16T12:38:17.569706');
INSERT INTO movie_projections (id, projection_date, projection_time, cinema_hall_id, movie_id, created_at, updated_at) VALUES ('c53db25b-3b3a-420a-a314-cda32ca8da39', '2026-01-29', '19:00:00', '1e714225-1496-43fd-9e98-87119156b996', '96595de7-b3a8-469d-9204-941929d3a654', '2026-01-16T12:38:17.569748', '2026-01-16T12:38:17.569748');
INSERT INTO movie_projections (id, projection_date, projection_time, cinema_hall_id, movie_id, created_at, updated_at) VALUES ('c431ee33-b343-481a-91df-35184ad09009', '2026-01-21', '13:00:00', '95a40469-08c8-43b8-aca1-d228dc44f459', '96595de7-b3a8-469d-9204-941929d3a654', '2026-01-16T12:38:17.569791', '2026-01-16T12:38:17.569791');
INSERT INTO movie_projections (id, projection_date, projection_time, cinema_hall_id, movie_id, created_at, updated_at) VALUES ('72485c8d-eefe-47de-aff5-e03a83004679', '2026-02-15', '16:00:00', 'e23c9391-1da5-4d00-b51b-59da746d6438', '96595de7-b3a8-469d-9204-941929d3a654', '2026-01-16T12:38:17.569832', '2026-01-16T12:38:17.569832');
INSERT INTO movie_projections (id, projection_date, projection_time, cinema_hall_id, movie_id, created_at, updated_at) VALUES ('78a20749-a004-4fc7-a6ca-0f47aad92dac', '2026-02-07', '16:00:00', 'c51828ef-d759-417f-8262-434db181d319', '96595de7-b3a8-469d-9204-941929d3a654', '2026-01-16T12:38:17.569872', '2026-01-16T12:38:17.569872');
INSERT INTO movie_projections (id, projection_date, projection_time, cinema_hall_id, movie_id, created_at, updated_at) VALUES ('ee953e80-13c3-4b1f-b7cc-5e2bb36d0786', '2026-01-17', '13:00:00', 'a08d2ff1-cecc-401b-b457-97e4be978d28', '96595de7-b3a8-469d-9204-941929d3a654', '2026-01-16T12:38:17.569918', '2026-01-16T12:38:17.569918');
INSERT INTO movie_projections (id, projection_date, projection_time, cinema_hall_id, movie_id, created_at, updated_at) VALUES ('a04007bd-e21a-4b77-b246-b38898802fb7', '2026-01-30', '16:00:00', '52cd97ab-39f3-4636-8ef4-2def4b33a8b7', '96595de7-b3a8-469d-9204-941929d3a654', '2026-01-16T12:38:17.569960', '2026-01-16T12:38:17.569960');
INSERT INTO movie_projections (id, projection_date, projection_time, cinema_hall_id, movie_id, created_at, updated_at) VALUES ('e7b2190d-8bde-4bc1-9a5f-19b353eb0b29', '2026-02-10', '19:00:00', 'eca43c94-9e26-4693-a739-6e0b4a98ccdb', '96595de7-b3a8-469d-9204-941929d3a654', '2026-01-16T12:38:17.570000', '2026-01-16T12:38:17.570000');
INSERT INTO movie_projections (id, projection_date, projection_time, cinema_hall_id, movie_id, created_at, updated_at) VALUES ('351861bd-d4f1-4aeb-8416-6831c73f9788', '2026-02-10', '10:00:00', 'a08d2ff1-cecc-401b-b457-97e4be978d28', '96595de7-b3a8-469d-9204-941929d3a654', '2026-01-16T12:38:17.570042', '2026-01-16T12:38:17.570042');
INSERT INTO movie_projections (id, projection_date, projection_time, cinema_hall_id, movie_id, created_at, updated_at) VALUES ('ccc2fd35-bd68-42c8-a515-cad89035e6b1', '2026-02-26', '16:00:00', 'a08d2ff1-cecc-401b-b457-97e4be978d28', '96595de7-b3a8-469d-9204-941929d3a654', '2026-01-16T12:38:17.570083', '2026-01-16T12:38:17.570083');
INSERT INTO movie_projections (id, projection_date, projection_time, cinema_hall_id, movie_id, created_at, updated_at) VALUES ('3d8c2395-3d93-4d69-9673-d5e17e0847da', '2026-02-06', '16:00:00', '95a40469-08c8-43b8-aca1-d228dc44f459', '96595de7-b3a8-469d-9204-941929d3a654', '2026-01-16T12:38:17.570124', '2026-01-16T12:38:17.570124');
INSERT INTO movie_projections (id, projection_date, projection_time, cinema_hall_id, movie_id, created_at, updated_at) VALUES ('77000758-8eab-4599-8ca3-3f0d22e4e089', '2026-02-09', '13:00:00', '37bef505-4764-486b-863c-2e07e5735ad6', '96595de7-b3a8-469d-9204-941929d3a654', '2026-01-16T12:38:17.570169', '2026-01-16T12:38:17.570169');
INSERT INTO movie_projections (id, projection_date, projection_time, cinema_hall_id, movie_id, created_at, updated_at) VALUES ('27ebd497-8695-4048-8262-1c0a83ff3fee', '2026-02-10', '13:00:00', '52cd97ab-39f3-4636-8ef4-2def4b33a8b7', '96595de7-b3a8-469d-9204-941929d3a654', '2026-01-16T12:38:17.570208', '2026-01-16T12:38:17.570208');
INSERT INTO movie_projections (id, projection_date, projection_time, cinema_hall_id, movie_id, created_at, updated_at) VALUES ('44b6afeb-0f99-477b-b8d1-495d3d757645', '2026-01-31', '16:00:00', '1e714225-1496-43fd-9e98-87119156b996', '96595de7-b3a8-469d-9204-941929d3a654', '2026-01-16T12:38:17.570254', '2026-01-16T12:38:17.570254');
INSERT INTO movie_projections (id, projection_date, projection_time, cinema_hall_id, movie_id, created_at, updated_at) VALUES ('8b213b8b-dedc-4600-87d6-44599edd8d4b', '2026-02-07', '16:00:00', '95a40469-08c8-43b8-aca1-d228dc44f459', '96595de7-b3a8-469d-9204-941929d3a654', '2026-01-16T12:38:17.570294', '2026-01-16T12:38:17.570294');
INSERT INTO movie_projections (id, projection_date, projection_time, cinema_hall_id, movie_id, created_at, updated_at) VALUES ('322ec571-872d-4a2e-9d3a-ef3832bfa7b4', '2026-02-26', '19:00:00', '52cd97ab-39f3-4636-8ef4-2def4b33a8b7', '96595de7-b3a8-469d-9204-941929d3a654', '2026-01-16T12:38:17.570333', '2026-01-16T12:38:17.570333');
INSERT INTO movie_projections (id, projection_date, projection_time, cinema_hall_id, movie_id, created_at, updated_at) VALUES ('50d2f9c5-1664-4512-9397-36d3be0fc5a3', '2026-02-10', '19:00:00', '95a40469-08c8-43b8-aca1-d228dc44f459', '96595de7-b3a8-469d-9204-941929d3a654', '2026-01-16T12:38:17.570378', '2026-01-16T12:38:17.570378');
INSERT INTO movie_projections (id, projection_date, projection_time, cinema_hall_id, movie_id, created_at, updated_at) VALUES ('6b248375-a91f-4aae-b875-7a33e353807d', '2026-01-28', '19:00:00', '37bef505-4764-486b-863c-2e07e5735ad6', '96595de7-b3a8-469d-9204-941929d3a654', '2026-01-16T12:38:17.570417', '2026-01-16T12:38:17.570417');
INSERT INTO movie_projections (id, projection_date, projection_time, cinema_hall_id, movie_id, created_at, updated_at) VALUES ('d8d2a937-eb99-457e-8e87-dbafafa0dc91', '2026-02-23', '16:00:00', '2bb67be0-c4c9-450e-a08f-34a74859ab13', '96595de7-b3a8-469d-9204-941929d3a654', '2026-01-16T12:38:17.570455', '2026-01-16T12:38:17.570455');
INSERT INTO movie_projections (id, projection_date, projection_time, cinema_hall_id, movie_id, created_at, updated_at) VALUES ('57ee672e-d655-4277-b440-8077a3cb7ca7', '2026-02-12', '16:00:00', '52cd97ab-39f3-4636-8ef4-2def4b33a8b7', '96595de7-b3a8-469d-9204-941929d3a654', '2026-01-16T12:38:17.570499', '2026-01-16T12:38:17.570499');
INSERT INTO movie_projections (id, projection_date, projection_time, cinema_hall_id, movie_id, created_at, updated_at) VALUES ('62360003-803e-47de-aa10-29529d568784', '2026-01-23', '19:00:00', '1e714225-1496-43fd-9e98-87119156b996', '96595de7-b3a8-469d-9204-941929d3a654', '2026-01-16T12:38:17.570538', '2026-01-16T12:38:17.570538');
INSERT INTO movie_projections (id, projection_date, projection_time, cinema_hall_id, movie_id, created_at, updated_at) VALUES ('aadb7765-333c-48ef-8dba-f60b77c35ab4', '2026-01-21', '10:00:00', 'a08d2ff1-cecc-401b-b457-97e4be978d28', '96595de7-b3a8-469d-9204-941929d3a654', '2026-01-16T12:38:17.570582', '2026-01-16T12:38:17.570582');
INSERT INTO movie_projections (id, projection_date, projection_time, cinema_hall_id, movie_id, created_at, updated_at) VALUES ('0d85c76c-3c1d-40ad-81f0-4403315c4db6', '2026-02-27', '13:00:00', '1e714225-1496-43fd-9e98-87119156b996', '96595de7-b3a8-469d-9204-941929d3a654', '2026-01-16T12:38:17.570623', '2026-01-16T12:38:17.570623');
INSERT INTO movie_projections (id, projection_date, projection_time, cinema_hall_id, movie_id, created_at, updated_at) VALUES ('9a5c079a-0262-4dc1-856b-39c3d9d82422', '2026-01-24', '13:00:00', '2bb67be0-c4c9-450e-a08f-34a74859ab13', '9cd47689-f72c-4bfa-a686-500874d88207', '2026-01-16T12:38:17.570670', '2026-01-16T12:38:17.570670');
INSERT INTO movie_projections (id, projection_date, projection_time, cinema_hall_id, movie_id, created_at, updated_at) VALUES ('0410ec72-01ef-4fc4-ace9-cd90f123af61', '2026-01-17', '10:00:00', '37bef505-4764-486b-863c-2e07e5735ad6', '9cd47689-f72c-4bfa-a686-500874d88207', '2026-01-16T12:38:17.570710', '2026-01-16T12:38:17.570710');
INSERT INTO movie_projections (id, projection_date, projection_time, cinema_hall_id, movie_id, created_at, updated_at) VALUES ('06add9d9-da7e-44e3-95ec-d42cd96fa47c', '2026-02-18', '13:00:00', '52cd97ab-39f3-4636-8ef4-2def4b33a8b7', '9cd47689-f72c-4bfa-a686-500874d88207', '2026-01-16T12:38:17.570750', '2026-01-16T12:38:17.570750');
INSERT INTO movie_projections (id, projection_date, projection_time, cinema_hall_id, movie_id, created_at, updated_at) VALUES ('51d66332-bbca-4ff8-a842-4262dff73da3', '2026-01-27', '19:00:00', '1e714225-1496-43fd-9e98-87119156b996', '9cd47689-f72c-4bfa-a686-500874d88207', '2026-01-16T12:38:17.570793', '2026-01-16T12:38:17.570793');
INSERT INTO movie_projections (id, projection_date, projection_time, cinema_hall_id, movie_id, created_at, updated_at) VALUES ('9278ff7e-6784-4207-9204-805612b85007', '2026-02-24', '16:00:00', '00c3d58b-3da5-4624-9282-ea69e7fc1d99', '9cd47689-f72c-4bfa-a686-500874d88207', '2026-01-16T12:38:17.570835', '2026-01-16T12:38:17.570835');
INSERT INTO movie_projections (id, projection_date, projection_time, cinema_hall_id, movie_id, created_at, updated_at) VALUES ('05eecb6d-3d52-4e8c-8631-e513ec0f8caf', '2026-03-01', '19:00:00', 'eca43c94-9e26-4693-a739-6e0b4a98ccdb', '9cd47689-f72c-4bfa-a686-500874d88207', '2026-01-16T12:38:17.570875', '2026-01-16T12:38:17.570875');
INSERT INTO movie_projections (id, projection_date, projection_time, cinema_hall_id, movie_id, created_at, updated_at) VALUES ('024a86c1-b834-4e8d-844e-27e624aa7b90', '2026-03-11', '10:00:00', '52cd97ab-39f3-4636-8ef4-2def4b33a8b7', '9cd47689-f72c-4bfa-a686-500874d88207', '2026-01-16T12:38:17.570923', '2026-01-16T12:38:17.570923');
INSERT INTO movie_projections (id, projection_date, projection_time, cinema_hall_id, movie_id, created_at, updated_at) VALUES ('1dc054c6-0430-4028-8639-47ba9cabd299', '2026-03-14', '10:00:00', '1e714225-1496-43fd-9e98-87119156b996', '9cd47689-f72c-4bfa-a686-500874d88207', '2026-01-16T12:38:17.570968', '2026-01-16T12:38:17.570968');
INSERT INTO movie_projections (id, projection_date, projection_time, cinema_hall_id, movie_id, created_at, updated_at) VALUES ('23913fa7-2888-442d-950f-59804b5bf05e', '2026-03-06', '19:00:00', '37bef505-4764-486b-863c-2e07e5735ad6', '9cd47689-f72c-4bfa-a686-500874d88207', '2026-01-16T12:38:17.571011', '2026-01-16T12:38:17.571011');
INSERT INTO movie_projections (id, projection_date, projection_time, cinema_hall_id, movie_id, created_at, updated_at) VALUES ('c7d895c5-43cd-491e-9ec8-50ecc79bd35b', '2026-02-26', '10:00:00', '1e714225-1496-43fd-9e98-87119156b996', '9cd47689-f72c-4bfa-a686-500874d88207', '2026-01-16T12:38:17.571054', '2026-01-16T12:38:17.571054');
INSERT INTO movie_projections (id, projection_date, projection_time, cinema_hall_id, movie_id, created_at, updated_at) VALUES ('1bc36f6d-b863-4eb3-8014-ef426cb70761', '2026-02-16', '10:00:00', '1e714225-1496-43fd-9e98-87119156b996', '9cd47689-f72c-4bfa-a686-500874d88207', '2026-01-16T12:38:17.571106', '2026-01-16T12:38:17.571106');
INSERT INTO movie_projections (id, projection_date, projection_time, cinema_hall_id, movie_id, created_at, updated_at) VALUES ('a3cd8ef4-8e4f-4fb8-ab15-827da6e1f06e', '2026-02-14', '10:00:00', '00c3d58b-3da5-4624-9282-ea69e7fc1d99', '9cd47689-f72c-4bfa-a686-500874d88207', '2026-01-16T12:38:17.571160', '2026-01-16T12:38:17.571160');
INSERT INTO movie_projections (id, projection_date, projection_time, cinema_hall_id, movie_id, created_at, updated_at) VALUES ('d16d09f5-2426-467e-9784-ee574fc8f19d', '2026-03-07', '13:00:00', '95a40469-08c8-43b8-aca1-d228dc44f459', '9cd47689-f72c-4bfa-a686-500874d88207', '2026-01-16T12:38:17.571202', '2026-01-16T12:38:17.571202');
INSERT INTO movie_projections (id, projection_date, projection_time, cinema_hall_id, movie_id, created_at, updated_at) VALUES ('5da72f1b-37d0-4027-811f-294468b5618c', '2026-02-05', '16:00:00', '00c3d58b-3da5-4624-9282-ea69e7fc1d99', '9cd47689-f72c-4bfa-a686-500874d88207', '2026-01-16T12:38:17.571260', '2026-01-16T12:38:17.571260');
INSERT INTO movie_projections (id, projection_date, projection_time, cinema_hall_id, movie_id, created_at, updated_at) VALUES ('f892a1fa-8cb0-4bc3-a8cf-6d1dbd79d21c', '2026-02-23', '16:00:00', '1e714225-1496-43fd-9e98-87119156b996', '9cd47689-f72c-4bfa-a686-500874d88207', '2026-01-16T12:38:17.571308', '2026-01-16T12:38:17.571308');
INSERT INTO movie_projections (id, projection_date, projection_time, cinema_hall_id, movie_id, created_at, updated_at) VALUES ('dd977ee8-0398-49c8-8498-22b1439f8eac', '2026-03-15', '13:00:00', '52cd97ab-39f3-4636-8ef4-2def4b33a8b7', '9cd47689-f72c-4bfa-a686-500874d88207', '2026-01-16T12:38:17.571375', '2026-01-16T12:38:17.571375');
INSERT INTO movie_projections (id, projection_date, projection_time, cinema_hall_id, movie_id, created_at, updated_at) VALUES ('be6175fc-f236-4df4-ac91-d28023885865', '2026-02-07', '10:00:00', '37bef505-4764-486b-863c-2e07e5735ad6', '9cd47689-f72c-4bfa-a686-500874d88207', '2026-01-16T12:38:17.571429', '2026-01-16T12:38:17.571429');
INSERT INTO movie_projections (id, projection_date, projection_time, cinema_hall_id, movie_id, created_at, updated_at) VALUES ('5a2f3383-f938-4bcb-aad7-538cf7efffbb', '2026-01-27', '13:00:00', 'a08d2ff1-cecc-401b-b457-97e4be978d28', '9cd47689-f72c-4bfa-a686-500874d88207', '2026-01-16T12:38:17.571472', '2026-01-16T12:38:17.571472');
INSERT INTO movie_projections (id, projection_date, projection_time, cinema_hall_id, movie_id, created_at, updated_at) VALUES ('f35ba0e8-bae9-4c42-9a28-8d7b47765606', '2026-02-05', '13:00:00', '95a40469-08c8-43b8-aca1-d228dc44f459', '9cd47689-f72c-4bfa-a686-500874d88207', '2026-01-16T12:38:17.571527', '2026-01-16T12:38:17.571527');
INSERT INTO movie_projections (id, projection_date, projection_time, cinema_hall_id, movie_id, created_at, updated_at) VALUES ('63557d8d-2b99-4123-8bec-07b4a38be5f7', '2026-01-26', '10:00:00', '52cd97ab-39f3-4636-8ef4-2def4b33a8b7', '9cd47689-f72c-4bfa-a686-500874d88207', '2026-01-16T12:38:17.571572', '2026-01-16T12:38:17.571572');
INSERT INTO movie_projections (id, projection_date, projection_time, cinema_hall_id, movie_id, created_at, updated_at) VALUES ('212c5824-2288-4c40-9e5d-519abbadc2cf', '2026-02-16', '19:00:00', '4d85d72c-3252-4ef1-a349-a2e94f785dca', '9cd47689-f72c-4bfa-a686-500874d88207', '2026-01-16T12:38:17.571631', '2026-01-16T12:38:17.571631');
INSERT INTO movie_projections (id, projection_date, projection_time, cinema_hall_id, movie_id, created_at, updated_at) VALUES ('c7b4f3c8-02a9-4a6d-bede-6daea28c3f61', '2026-02-05', '19:00:00', '00c3d58b-3da5-4624-9282-ea69e7fc1d99', '9cd47689-f72c-4bfa-a686-500874d88207', '2026-01-16T12:38:17.571700', '2026-01-16T12:38:17.571700');
INSERT INTO movie_projections (id, projection_date, projection_time, cinema_hall_id, movie_id, created_at, updated_at) VALUES ('aaae586e-89ba-4a4b-bac7-2a35c83b0dd0', '2026-03-06', '16:00:00', '52cd97ab-39f3-4636-8ef4-2def4b33a8b7', '9cd47689-f72c-4bfa-a686-500874d88207', '2026-01-16T12:38:17.571747', '2026-01-16T12:38:17.571747');
INSERT INTO movie_projections (id, projection_date, projection_time, cinema_hall_id, movie_id, created_at, updated_at) VALUES ('1df7343b-84c3-46c2-b6c0-02b0a1138163', '2026-01-28', '19:00:00', '4d85d72c-3252-4ef1-a349-a2e94f785dca', '9cd47689-f72c-4bfa-a686-500874d88207', '2026-01-16T12:38:17.571789', '2026-01-16T12:38:17.571789');
INSERT INTO movie_projections (id, projection_date, projection_time, cinema_hall_id, movie_id, created_at, updated_at) VALUES ('0b15af15-a018-46b9-80dd-7c9d935693c6', '2026-02-12', '16:00:00', 'e23c9391-1da5-4d00-b51b-59da746d6438', '9cd47689-f72c-4bfa-a686-500874d88207', '2026-01-16T12:38:17.571835', '2026-01-16T12:38:17.571835');
INSERT INTO movie_projections (id, projection_date, projection_time, cinema_hall_id, movie_id, created_at, updated_at) VALUES ('b2f68b13-448a-4900-93d4-5e57f71958b9', '2026-02-07', '16:00:00', 'e23c9391-1da5-4d00-b51b-59da746d6438', '9cd47689-f72c-4bfa-a686-500874d88207', '2026-01-16T12:38:17.571900', '2026-01-16T12:38:17.571900');
INSERT INTO movie_projections (id, projection_date, projection_time, cinema_hall_id, movie_id, created_at, updated_at) VALUES ('7e60ce78-0211-4086-bb61-ef13d52b20c2', '2026-03-08', '19:00:00', '95a40469-08c8-43b8-aca1-d228dc44f459', '9cd47689-f72c-4bfa-a686-500874d88207', '2026-01-16T12:38:17.571947', '2026-01-16T12:38:17.571947');
INSERT INTO movie_projections (id, projection_date, projection_time, cinema_hall_id, movie_id, created_at, updated_at) VALUES ('363de7ef-67f0-4979-ba57-15c2fbf7c5eb', '2026-03-01', '16:00:00', '37bef505-4764-486b-863c-2e07e5735ad6', '9cd47689-f72c-4bfa-a686-500874d88207', '2026-01-16T12:38:17.571997', '2026-01-16T12:38:17.571997');
INSERT INTO movie_projections (id, projection_date, projection_time, cinema_hall_id, movie_id, created_at, updated_at) VALUES ('07f69b58-e6e6-4a16-9166-a9c4d8b4bf95', '2026-03-13', '10:00:00', '1e714225-1496-43fd-9e98-87119156b996', '9cd47689-f72c-4bfa-a686-500874d88207', '2026-01-16T12:38:17.572044', '2026-01-16T12:38:17.572044');
INSERT INTO movie_projections (id, projection_date, projection_time, cinema_hall_id, movie_id, created_at, updated_at) VALUES ('330f52c1-b65f-4b92-bcd5-02c0679ee7b3', '2026-03-07', '19:00:00', 'c51828ef-d759-417f-8262-434db181d319', '9cd47689-f72c-4bfa-a686-500874d88207', '2026-01-16T12:38:17.572095', '2026-01-16T12:38:17.572095');
INSERT INTO movie_projections (id, projection_date, projection_time, cinema_hall_id, movie_id, created_at, updated_at) VALUES ('7da388be-0052-4e05-ba80-4e5703ea1988', '2026-02-07', '13:00:00', '00c3d58b-3da5-4624-9282-ea69e7fc1d99', '9cd47689-f72c-4bfa-a686-500874d88207', '2026-01-16T12:38:17.572156', '2026-01-16T12:38:17.572156');
INSERT INTO movie_projections (id, projection_date, projection_time, cinema_hall_id, movie_id, created_at, updated_at) VALUES ('756144a3-4843-45e8-859f-30263cb6a232', '2026-01-31', '10:00:00', '37bef505-4764-486b-863c-2e07e5735ad6', '9cd47689-f72c-4bfa-a686-500874d88207', '2026-01-16T12:38:17.572219', '2026-01-16T12:38:17.572219');
INSERT INTO movie_projections (id, projection_date, projection_time, cinema_hall_id, movie_id, created_at, updated_at) VALUES ('5341c0b4-46be-40fd-932b-7888694846ec', '2026-02-17', '13:00:00', 'eca43c94-9e26-4693-a739-6e0b4a98ccdb', '9cd47689-f72c-4bfa-a686-500874d88207', '2026-01-16T12:38:17.572274', '2026-01-16T12:38:17.572274');
INSERT INTO movie_projections (id, projection_date, projection_time, cinema_hall_id, movie_id, created_at, updated_at) VALUES ('4c9f6979-7a0f-4823-b7d1-b632e6bce8e2', '2026-01-18', '10:00:00', 'e23c9391-1da5-4d00-b51b-59da746d6438', '9cd47689-f72c-4bfa-a686-500874d88207', '2026-01-16T12:38:17.572326', '2026-01-16T12:38:17.572326');
INSERT INTO movie_projections (id, projection_date, projection_time, cinema_hall_id, movie_id, created_at, updated_at) VALUES ('67ebc88a-8112-4401-ba08-3302c9ec98a8', '2026-01-22', '19:00:00', 'e23c9391-1da5-4d00-b51b-59da746d6438', '9cd47689-f72c-4bfa-a686-500874d88207', '2026-01-16T12:38:17.572376', '2026-01-16T12:38:17.572376');
INSERT INTO movie_projections (id, projection_date, projection_time, cinema_hall_id, movie_id, created_at, updated_at) VALUES ('9a1d433b-645b-4fe7-a313-5229ab6463ad', '2026-02-25', '19:00:00', 'eca43c94-9e26-4693-a739-6e0b4a98ccdb', '9cd47689-f72c-4bfa-a686-500874d88207', '2026-01-16T12:38:17.572429', '2026-01-16T12:38:17.572429');
INSERT INTO movie_projections (id, projection_date, projection_time, cinema_hall_id, movie_id, created_at, updated_at) VALUES ('878e80c3-2f74-4b0a-8686-f9e2410e9372', '2026-03-09', '13:00:00', '2bb67be0-c4c9-450e-a08f-34a74859ab13', '9cd47689-f72c-4bfa-a686-500874d88207', '2026-01-16T12:38:17.572473', '2026-01-16T12:38:17.572473');
INSERT INTO movie_projections (id, projection_date, projection_time, cinema_hall_id, movie_id, created_at, updated_at) VALUES ('2e803a18-8f01-4d0d-9875-4d796347d2e0', '2026-01-23', '19:00:00', '00c3d58b-3da5-4624-9282-ea69e7fc1d99', '9cd47689-f72c-4bfa-a686-500874d88207', '2026-01-16T12:38:17.572523', '2026-01-16T12:38:17.572523');
INSERT INTO movie_projections (id, projection_date, projection_time, cinema_hall_id, movie_id, created_at, updated_at) VALUES ('75a05ae5-e788-44b4-bd59-23c0dd5000f1', '2026-03-13', '13:00:00', 'e23c9391-1da5-4d00-b51b-59da746d6438', '9cd47689-f72c-4bfa-a686-500874d88207', '2026-01-16T12:38:17.572588', '2026-01-16T12:38:17.572588');
INSERT INTO movie_projections (id, projection_date, projection_time, cinema_hall_id, movie_id, created_at, updated_at) VALUES ('370e70d0-d6ca-476a-b827-fa3567b473b2', '2026-01-16', '16:00:00', '52cd97ab-39f3-4636-8ef4-2def4b33a8b7', '9cd47689-f72c-4bfa-a686-500874d88207', '2026-01-16T12:38:17.572658', '2026-01-16T12:38:17.572658');
INSERT INTO movie_projections (id, projection_date, projection_time, cinema_hall_id, movie_id, created_at, updated_at) VALUES ('0634649b-776c-4b84-aafa-37f99a193406', '2026-01-23', '16:00:00', 'c51828ef-d759-417f-8262-434db181d319', 'b45e8231-31a6-49c0-8338-ffc92ff32ebf', '2026-01-16T12:38:17.572712', '2026-01-16T12:38:17.572712');
INSERT INTO movie_projections (id, projection_date, projection_time, cinema_hall_id, movie_id, created_at, updated_at) VALUES ('28eec72b-187c-481c-8d2d-81333eb00eb4', '2026-02-08', '10:00:00', '00c3d58b-3da5-4624-9282-ea69e7fc1d99', 'b45e8231-31a6-49c0-8338-ffc92ff32ebf', '2026-01-16T12:38:17.572754', '2026-01-16T12:38:17.572754');
INSERT INTO movie_projections (id, projection_date, projection_time, cinema_hall_id, movie_id, created_at, updated_at) VALUES ('ea7a79c7-46c2-4b54-8130-bda1b5f6610f', '2026-01-18', '13:00:00', 'e23c9391-1da5-4d00-b51b-59da746d6438', 'b45e8231-31a6-49c0-8338-ffc92ff32ebf', '2026-01-16T12:38:17.572792', '2026-01-16T12:38:17.572792');
INSERT INTO movie_projections (id, projection_date, projection_time, cinema_hall_id, movie_id, created_at, updated_at) VALUES ('67334e44-9719-457b-ad9a-33996938dcde', '2026-01-18', '13:00:00', '00c3d58b-3da5-4624-9282-ea69e7fc1d99', 'b45e8231-31a6-49c0-8338-ffc92ff32ebf', '2026-01-16T12:38:17.572829', '2026-01-16T12:38:17.572829');
INSERT INTO movie_projections (id, projection_date, projection_time, cinema_hall_id, movie_id, created_at, updated_at) VALUES ('8e2d8707-0a9a-4f3c-8381-e6199349da5d', '2026-01-20', '10:00:00', '95a40469-08c8-43b8-aca1-d228dc44f459', 'b45e8231-31a6-49c0-8338-ffc92ff32ebf', '2026-01-16T12:38:17.572866', '2026-01-16T12:38:17.572866');
INSERT INTO movie_projections (id, projection_date, projection_time, cinema_hall_id, movie_id, created_at, updated_at) VALUES ('e18d69fd-68dd-4341-9b80-25367219ad3a', '2026-02-23', '19:00:00', '00c3d58b-3da5-4624-9282-ea69e7fc1d99', 'b45e8231-31a6-49c0-8338-ffc92ff32ebf', '2026-01-16T12:38:17.572906', '2026-01-16T12:38:17.572906');
INSERT INTO movie_projections (id, projection_date, projection_time, cinema_hall_id, movie_id, created_at, updated_at) VALUES ('ebfb3ac1-ff64-453a-a0da-592b91ad7d57', '2026-01-30', '13:00:00', '2bb67be0-c4c9-450e-a08f-34a74859ab13', 'b45e8231-31a6-49c0-8338-ffc92ff32ebf', '2026-01-16T12:38:17.572949', '2026-01-16T12:38:17.572949');
INSERT INTO movie_projections (id, projection_date, projection_time, cinema_hall_id, movie_id, created_at, updated_at) VALUES ('2ecae5c8-e57c-4120-a8c0-2f1744685d5c', '2026-03-02', '16:00:00', '00c3d58b-3da5-4624-9282-ea69e7fc1d99', 'b45e8231-31a6-49c0-8338-ffc92ff32ebf', '2026-01-16T12:38:17.572988', '2026-01-16T12:38:17.572988');
INSERT INTO movie_projections (id, projection_date, projection_time, cinema_hall_id, movie_id, created_at, updated_at) VALUES ('10e7130e-c825-4cc3-9a54-4bd7fa876f8c', '2026-02-10', '10:00:00', 'c51828ef-d759-417f-8262-434db181d319', 'b45e8231-31a6-49c0-8338-ffc92ff32ebf', '2026-01-16T12:38:17.573026', '2026-01-16T12:38:17.573026');
INSERT INTO movie_projections (id, projection_date, projection_time, cinema_hall_id, movie_id, created_at, updated_at) VALUES ('8100578e-7ea5-4844-a15a-e7b2699c4c8e', '2026-02-08', '16:00:00', '2bb67be0-c4c9-450e-a08f-34a74859ab13', 'b45e8231-31a6-49c0-8338-ffc92ff32ebf', '2026-01-16T12:38:17.573067', '2026-01-16T12:38:17.573067');
INSERT INTO movie_projections (id, projection_date, projection_time, cinema_hall_id, movie_id, created_at, updated_at) VALUES ('ba621a56-f134-41c6-953f-6c625a027d6d', '2026-01-29', '19:00:00', 'eca43c94-9e26-4693-a739-6e0b4a98ccdb', 'b45e8231-31a6-49c0-8338-ffc92ff32ebf', '2026-01-16T12:38:17.573103', '2026-01-16T12:38:17.573103');
INSERT INTO movie_projections (id, projection_date, projection_time, cinema_hall_id, movie_id, created_at, updated_at) VALUES ('77355c6d-aebd-4d39-9118-fe1896f69d26', '2026-02-05', '13:00:00', 'e23c9391-1da5-4d00-b51b-59da746d6438', 'b45e8231-31a6-49c0-8338-ffc92ff32ebf', '2026-01-16T12:38:17.573137', '2026-01-16T12:38:17.573137');
INSERT INTO movie_projections (id, projection_date, projection_time, cinema_hall_id, movie_id, created_at, updated_at) VALUES ('370ec51a-757e-4da5-967b-5d59e92376b8', '2026-01-31', '13:00:00', 'c51828ef-d759-417f-8262-434db181d319', 'b45e8231-31a6-49c0-8338-ffc92ff32ebf', '2026-01-16T12:38:17.573172', '2026-01-16T12:38:17.573172');
INSERT INTO movie_projections (id, projection_date, projection_time, cinema_hall_id, movie_id, created_at, updated_at) VALUES ('7b6bdec8-c8b6-4fba-a8e6-2c0d97cf8c34', '2026-02-25', '19:00:00', '37bef505-4764-486b-863c-2e07e5735ad6', 'b45e8231-31a6-49c0-8338-ffc92ff32ebf', '2026-01-16T12:38:17.573207', '2026-01-16T12:38:17.573207');
INSERT INTO movie_projections (id, projection_date, projection_time, cinema_hall_id, movie_id, created_at, updated_at) VALUES ('299e23a9-44c7-4296-b46a-b367305f80e0', '2026-02-01', '19:00:00', 'e23c9391-1da5-4d00-b51b-59da746d6438', 'b45e8231-31a6-49c0-8338-ffc92ff32ebf', '2026-01-16T12:38:17.573251', '2026-01-16T12:38:17.573251');
INSERT INTO movie_projections (id, projection_date, projection_time, cinema_hall_id, movie_id, created_at, updated_at) VALUES ('180f7aab-8739-444a-a507-1111f15ea5e6', '2026-01-24', '10:00:00', 'e23c9391-1da5-4d00-b51b-59da746d6438', 'b45e8231-31a6-49c0-8338-ffc92ff32ebf', '2026-01-16T12:38:17.573291', '2026-01-16T12:38:17.573291');
INSERT INTO movie_projections (id, projection_date, projection_time, cinema_hall_id, movie_id, created_at, updated_at) VALUES ('6d7a3f6e-4c04-4431-81be-02e79274dac8', '2026-03-01', '13:00:00', 'a08d2ff1-cecc-401b-b457-97e4be978d28', 'b45e8231-31a6-49c0-8338-ffc92ff32ebf', '2026-01-16T12:38:17.573331', '2026-01-16T12:38:17.573331');
INSERT INTO movie_projections (id, projection_date, projection_time, cinema_hall_id, movie_id, created_at, updated_at) VALUES ('ca7cc529-d10b-42af-8802-f7b3de8f33fd', '2026-02-20', '19:00:00', '1e714225-1496-43fd-9e98-87119156b996', 'b45e8231-31a6-49c0-8338-ffc92ff32ebf', '2026-01-16T12:38:17.573373', '2026-01-16T12:38:17.573373');
INSERT INTO movie_projections (id, projection_date, projection_time, cinema_hall_id, movie_id, created_at, updated_at) VALUES ('c71324e6-a113-452b-a9ca-a7cc2f92b459', '2026-01-16', '10:00:00', '52cd97ab-39f3-4636-8ef4-2def4b33a8b7', 'b45e8231-31a6-49c0-8338-ffc92ff32ebf', '2026-01-16T12:38:17.573412', '2026-01-16T12:38:17.573412');
INSERT INTO movie_projections (id, projection_date, projection_time, cinema_hall_id, movie_id, created_at, updated_at) VALUES ('a54cc42a-ac50-4ca4-a53f-cf26e5e366f0', '2026-01-22', '13:00:00', '2bb67be0-c4c9-450e-a08f-34a74859ab13', 'b45e8231-31a6-49c0-8338-ffc92ff32ebf', '2026-01-16T12:38:17.573445', '2026-01-16T12:38:17.573445');
INSERT INTO movie_projections (id, projection_date, projection_time, cinema_hall_id, movie_id, created_at, updated_at) VALUES ('78358b8a-0bdc-445b-bb8a-de357741a7ca', '2026-02-13', '19:00:00', '52cd97ab-39f3-4636-8ef4-2def4b33a8b7', 'b45e8231-31a6-49c0-8338-ffc92ff32ebf', '2026-01-16T12:38:17.573470', '2026-01-16T12:38:17.573470');
INSERT INTO movie_projections (id, projection_date, projection_time, cinema_hall_id, movie_id, created_at, updated_at) VALUES ('9a84ff90-7aa8-47d3-a478-cef4a738785b', '2026-02-06', '10:00:00', 'a08d2ff1-cecc-401b-b457-97e4be978d28', 'b45e8231-31a6-49c0-8338-ffc92ff32ebf', '2026-01-16T12:38:17.573513', '2026-01-16T12:38:17.573513');
INSERT INTO movie_projections (id, projection_date, projection_time, cinema_hall_id, movie_id, created_at, updated_at) VALUES ('28c47573-0214-4d37-9630-850f7d758150', '2026-02-17', '13:00:00', 'e23c9391-1da5-4d00-b51b-59da746d6438', 'b45e8231-31a6-49c0-8338-ffc92ff32ebf', '2026-01-16T12:38:17.573555', '2026-01-16T12:38:17.573555');
INSERT INTO movie_projections (id, projection_date, projection_time, cinema_hall_id, movie_id, created_at, updated_at) VALUES ('9e3ab851-5a08-4700-81c5-3f66fae34561', '2026-02-05', '13:00:00', 'eca43c94-9e26-4693-a739-6e0b4a98ccdb', 'b45e8231-31a6-49c0-8338-ffc92ff32ebf', '2026-01-16T12:38:17.573581', '2026-01-16T12:38:17.573581');
INSERT INTO movie_projections (id, projection_date, projection_time, cinema_hall_id, movie_id, created_at, updated_at) VALUES ('fdd21e13-13f5-4bdf-ba57-7d3b864513b7', '2026-01-18', '13:00:00', 'c51828ef-d759-417f-8262-434db181d319', 'b45e8231-31a6-49c0-8338-ffc92ff32ebf', '2026-01-16T12:38:17.573606', '2026-01-16T12:38:17.573606');
INSERT INTO movie_projections (id, projection_date, projection_time, cinema_hall_id, movie_id, created_at, updated_at) VALUES ('77902372-be70-4e7e-91bd-2fbd4c34c719', '2026-02-22', '16:00:00', '1e714225-1496-43fd-9e98-87119156b996', 'b45e8231-31a6-49c0-8338-ffc92ff32ebf', '2026-01-16T12:38:17.573631', '2026-01-16T12:38:17.573631');
INSERT INTO movie_projections (id, projection_date, projection_time, cinema_hall_id, movie_id, created_at, updated_at) VALUES ('8a8f8ab3-7cb8-45d1-99c2-afb7a69be151', '2026-01-25', '13:00:00', 'e23c9391-1da5-4d00-b51b-59da746d6438', 'b45e8231-31a6-49c0-8338-ffc92ff32ebf', '2026-01-16T12:38:17.573656', '2026-01-16T12:38:17.573656');
INSERT INTO movie_projections (id, projection_date, projection_time, cinema_hall_id, movie_id, created_at, updated_at) VALUES ('3de86992-5617-4b01-8fca-304e96a520a4', '2026-02-18', '13:00:00', 'e23c9391-1da5-4d00-b51b-59da746d6438', 'b45e8231-31a6-49c0-8338-ffc92ff32ebf', '2026-01-16T12:38:17.573681', '2026-01-16T12:38:17.573681');
INSERT INTO movie_projections (id, projection_date, projection_time, cinema_hall_id, movie_id, created_at, updated_at) VALUES ('1e1b2e33-f8a1-45da-93fb-e573c61b239d', '2026-02-27', '10:00:00', 'a08d2ff1-cecc-401b-b457-97e4be978d28', 'b45e8231-31a6-49c0-8338-ffc92ff32ebf', '2026-01-16T12:38:17.573710', '2026-01-16T12:38:17.573710');
INSERT INTO movie_projections (id, projection_date, projection_time, cinema_hall_id, movie_id, created_at, updated_at) VALUES ('7b94bcd1-1a46-4324-aa33-885f07468752', '2026-02-26', '16:00:00', 'c51828ef-d759-417f-8262-434db181d319', 'b45e8231-31a6-49c0-8338-ffc92ff32ebf', '2026-01-16T12:38:17.573758', '2026-01-16T12:38:17.573758');
INSERT INTO movie_projections (id, projection_date, projection_time, cinema_hall_id, movie_id, created_at, updated_at) VALUES ('72283d12-d4c2-4571-b568-a195187c031a', '2026-02-27', '16:00:00', '1e714225-1496-43fd-9e98-87119156b996', 'b45e8231-31a6-49c0-8338-ffc92ff32ebf', '2026-01-16T12:38:17.573806', '2026-01-16T12:38:17.573806');
INSERT INTO movie_projections (id, projection_date, projection_time, cinema_hall_id, movie_id, created_at, updated_at) VALUES ('393288c2-6e8d-4b05-9c04-5053d7416af9', '2026-02-19', '13:00:00', '1e714225-1496-43fd-9e98-87119156b996', 'b45e8231-31a6-49c0-8338-ffc92ff32ebf', '2026-01-16T12:38:17.573846', '2026-01-16T12:38:17.573846');
INSERT INTO movie_projections (id, projection_date, projection_time, cinema_hall_id, movie_id, created_at, updated_at) VALUES ('30e6431e-65d3-4d01-9a11-4f540dff415f', '2026-01-24', '10:00:00', 'a08d2ff1-cecc-401b-b457-97e4be978d28', 'b45e8231-31a6-49c0-8338-ffc92ff32ebf', '2026-01-16T12:38:17.573882', '2026-01-16T12:38:17.573882');
INSERT INTO movie_projections (id, projection_date, projection_time, cinema_hall_id, movie_id, created_at, updated_at) VALUES ('fbace937-0721-44e2-8b8e-48386517ec5d', '2026-01-31', '16:00:00', '95a40469-08c8-43b8-aca1-d228dc44f459', 'b45e8231-31a6-49c0-8338-ffc92ff32ebf', '2026-01-16T12:38:17.573907', '2026-01-16T12:38:17.573907');
INSERT INTO movie_projections (id, projection_date, projection_time, cinema_hall_id, movie_id, created_at, updated_at) VALUES ('04f164cb-bcc3-478d-9f39-74233ac1a565', '2026-02-16', '16:00:00', '2bb67be0-c4c9-450e-a08f-34a74859ab13', 'b45e8231-31a6-49c0-8338-ffc92ff32ebf', '2026-01-16T12:38:17.573933', '2026-01-16T12:38:17.573933');
INSERT INTO movie_projections (id, projection_date, projection_time, cinema_hall_id, movie_id, created_at, updated_at) VALUES ('13900e4d-a133-4e08-9309-f03a134d0dec', '2026-02-08', '16:00:00', '52cd97ab-39f3-4636-8ef4-2def4b33a8b7', 'b45e8231-31a6-49c0-8338-ffc92ff32ebf', '2026-01-16T12:38:17.573957', '2026-01-16T12:38:17.573957');
INSERT INTO movie_projections (id, projection_date, projection_time, cinema_hall_id, movie_id, created_at, updated_at) VALUES ('f4e85579-8cfa-45b6-9ec0-f8eb696278f6', '2026-01-30', '13:00:00', '00c3d58b-3da5-4624-9282-ea69e7fc1d99', 'b45e8231-31a6-49c0-8338-ffc92ff32ebf', '2026-01-16T12:38:17.573982', '2026-01-16T12:38:17.573982');
INSERT INTO movie_projections (id, projection_date, projection_time, cinema_hall_id, movie_id, created_at, updated_at) VALUES ('59bfdcb0-67c9-47e0-bf7e-f624b68af889', '2026-01-30', '19:00:00', 'c51828ef-d759-417f-8262-434db181d319', 'b45e8231-31a6-49c0-8338-ffc92ff32ebf', '2026-01-16T12:38:17.574006', '2026-01-16T12:38:17.574006');
INSERT INTO movie_projections (id, projection_date, projection_time, cinema_hall_id, movie_id, created_at, updated_at) VALUES ('a651e547-8144-420a-8bd6-b3044f4c692e', '2026-02-06', '16:00:00', 'a08d2ff1-cecc-401b-b457-97e4be978d28', 'b45e8231-31a6-49c0-8338-ffc92ff32ebf', '2026-01-16T12:38:17.574034', '2026-01-16T12:38:17.574034');
INSERT INTO movie_projections (id, projection_date, projection_time, cinema_hall_id, movie_id, created_at, updated_at) VALUES ('9f83afc0-3c09-462a-9dc0-c5c48763f746', '2026-02-03', '13:00:00', 'e23c9391-1da5-4d00-b51b-59da746d6438', 'b45e8231-31a6-49c0-8338-ffc92ff32ebf', '2026-01-16T12:38:17.574058', '2026-01-16T12:38:17.574058');
INSERT INTO movie_projections (id, projection_date, projection_time, cinema_hall_id, movie_id, created_at, updated_at) VALUES ('8900a2a2-5e3b-463a-9b0b-36ddd18c0798', '2026-02-06', '16:00:00', '4d85d72c-3252-4ef1-a349-a2e94f785dca', 'dcf6f77b-76da-4fa5-a32e-2625a57b2f67', '2026-01-16T12:38:17.574094', '2026-01-16T12:38:17.574094');
INSERT INTO movie_projections (id, projection_date, projection_time, cinema_hall_id, movie_id, created_at, updated_at) VALUES ('582523a7-f9af-4ea2-bf67-2b29109c357f', '2026-04-01', '19:00:00', '2bb67be0-c4c9-450e-a08f-34a74859ab13', 'dcf6f77b-76da-4fa5-a32e-2625a57b2f67', '2026-01-16T12:38:17.574135', '2026-01-16T12:38:17.574135');
INSERT INTO movie_projections (id, projection_date, projection_time, cinema_hall_id, movie_id, created_at, updated_at) VALUES ('6f72e629-7a8c-4071-a545-39e702d67f31', '2026-03-23', '16:00:00', '37bef505-4764-486b-863c-2e07e5735ad6', 'dcf6f77b-76da-4fa5-a32e-2625a57b2f67', '2026-01-16T12:38:17.574172', '2026-01-16T12:38:17.574172');
INSERT INTO movie_projections (id, projection_date, projection_time, cinema_hall_id, movie_id, created_at, updated_at) VALUES ('8bf08928-4b07-46b7-a900-dd0cd8cd918b', '2026-01-27', '19:00:00', '37bef505-4764-486b-863c-2e07e5735ad6', 'dcf6f77b-76da-4fa5-a32e-2625a57b2f67', '2026-01-16T12:38:17.574209', '2026-01-16T12:38:17.574209');
INSERT INTO movie_projections (id, projection_date, projection_time, cinema_hall_id, movie_id, created_at, updated_at) VALUES ('c1bf7ab1-422f-492a-9250-a4b85370ea90', '2026-02-20', '19:00:00', '95a40469-08c8-43b8-aca1-d228dc44f459', 'dcf6f77b-76da-4fa5-a32e-2625a57b2f67', '2026-01-16T12:38:17.574247', '2026-01-16T12:38:17.574247');
INSERT INTO movie_projections (id, projection_date, projection_time, cinema_hall_id, movie_id, created_at, updated_at) VALUES ('aa172992-2224-4503-b5b5-1d78d7329300', '2026-02-26', '10:00:00', '4d85d72c-3252-4ef1-a349-a2e94f785dca', 'dcf6f77b-76da-4fa5-a32e-2625a57b2f67', '2026-01-16T12:38:17.574283', '2026-01-16T12:38:17.574283');
INSERT INTO movie_projections (id, projection_date, projection_time, cinema_hall_id, movie_id, created_at, updated_at) VALUES ('35c654f2-4949-4e3a-8f8c-6c63b254ad5a', '2026-03-14', '13:00:00', 'c51828ef-d759-417f-8262-434db181d319', 'dcf6f77b-76da-4fa5-a32e-2625a57b2f67', '2026-01-16T12:38:17.574323', '2026-01-16T12:38:17.574323');
INSERT INTO movie_projections (id, projection_date, projection_time, cinema_hall_id, movie_id, created_at, updated_at) VALUES ('796415c8-12d5-4573-ad17-8e1dc3cf2e64', '2026-03-02', '10:00:00', 'c51828ef-d759-417f-8262-434db181d319', 'dcf6f77b-76da-4fa5-a32e-2625a57b2f67', '2026-01-16T12:38:17.574361', '2026-01-16T12:38:17.574361');
INSERT INTO movie_projections (id, projection_date, projection_time, cinema_hall_id, movie_id, created_at, updated_at) VALUES ('477c7890-d916-4a13-b036-53cc9282acf4', '2026-03-02', '16:00:00', 'eca43c94-9e26-4693-a739-6e0b4a98ccdb', 'dcf6f77b-76da-4fa5-a32e-2625a57b2f67', '2026-01-16T12:38:17.574397', '2026-01-16T12:38:17.574397');
INSERT INTO movie_projections (id, projection_date, projection_time, cinema_hall_id, movie_id, created_at, updated_at) VALUES ('ab5208c6-f96f-4aca-b98e-316b8b1a0662', '2026-03-09', '16:00:00', '4d85d72c-3252-4ef1-a349-a2e94f785dca', 'dcf6f77b-76da-4fa5-a32e-2625a57b2f67', '2026-01-16T12:38:17.574431', '2026-01-16T12:38:17.574431');
INSERT INTO movie_projections (id, projection_date, projection_time, cinema_hall_id, movie_id, created_at, updated_at) VALUES ('5d0d69ce-0a74-4160-ac08-27ca3a832345', '2026-04-02', '16:00:00', 'e23c9391-1da5-4d00-b51b-59da746d6438', 'dcf6f77b-76da-4fa5-a32e-2625a57b2f67', '2026-01-16T12:38:17.574466', '2026-01-16T12:38:17.574466');
INSERT INTO movie_projections (id, projection_date, projection_time, cinema_hall_id, movie_id, created_at, updated_at) VALUES ('5782906c-ea89-49e2-bb97-6e7e07559802', '2026-02-14', '16:00:00', 'a08d2ff1-cecc-401b-b457-97e4be978d28', 'dcf6f77b-76da-4fa5-a32e-2625a57b2f67', '2026-01-16T12:38:17.574510', '2026-01-16T12:38:17.574510');
INSERT INTO movie_projections (id, projection_date, projection_time, cinema_hall_id, movie_id, created_at, updated_at) VALUES ('bb22cc4c-d3f3-4047-bb5e-82dd501efefb', '2026-02-05', '13:00:00', '00c3d58b-3da5-4624-9282-ea69e7fc1d99', 'dcf6f77b-76da-4fa5-a32e-2625a57b2f67', '2026-01-16T12:38:17.574549', '2026-01-16T12:38:17.574549');
INSERT INTO movie_projections (id, projection_date, projection_time, cinema_hall_id, movie_id, created_at, updated_at) VALUES ('5151e5e4-78c0-43a6-a633-eaf6fe98d51a', '2026-02-20', '10:00:00', 'eca43c94-9e26-4693-a739-6e0b4a98ccdb', 'dcf6f77b-76da-4fa5-a32e-2625a57b2f67', '2026-01-16T12:38:17.574588', '2026-01-16T12:38:17.574588');
INSERT INTO movie_projections (id, projection_date, projection_time, cinema_hall_id, movie_id, created_at, updated_at) VALUES ('d2a930cb-320b-412d-b282-ebe6c7c7c27a', '2026-02-06', '19:00:00', 'a08d2ff1-cecc-401b-b457-97e4be978d28', 'dcf6f77b-76da-4fa5-a32e-2625a57b2f67', '2026-01-16T12:38:17.574631', '2026-01-16T12:38:17.574631');
INSERT INTO movie_projections (id, projection_date, projection_time, cinema_hall_id, movie_id, created_at, updated_at) VALUES ('3e9f94e5-2bce-462d-949d-66ac0699ef91', '2026-01-30', '13:00:00', 'c51828ef-d759-417f-8262-434db181d319', 'dcf6f77b-76da-4fa5-a32e-2625a57b2f67', '2026-01-16T12:38:17.574667', '2026-01-16T12:38:17.574667');
INSERT INTO movie_projections (id, projection_date, projection_time, cinema_hall_id, movie_id, created_at, updated_at) VALUES ('79a3b213-ca25-46d8-b5e7-e791497686a3', '2026-03-09', '19:00:00', 'eca43c94-9e26-4693-a739-6e0b4a98ccdb', 'dcf6f77b-76da-4fa5-a32e-2625a57b2f67', '2026-01-16T12:38:17.574708', '2026-01-16T12:38:17.574708');
INSERT INTO movie_projections (id, projection_date, projection_time, cinema_hall_id, movie_id, created_at, updated_at) VALUES ('a8e61693-5387-4bf2-9f78-9b4a1e591bb6', '2026-01-22', '10:00:00', '1e714225-1496-43fd-9e98-87119156b996', 'dcf6f77b-76da-4fa5-a32e-2625a57b2f67', '2026-01-16T12:38:17.574748', '2026-01-16T12:38:17.574748');
INSERT INTO movie_projections (id, projection_date, projection_time, cinema_hall_id, movie_id, created_at, updated_at) VALUES ('2da05827-2cbb-4218-be7f-66dee90226f8', '2026-02-19', '13:00:00', '2bb67be0-c4c9-450e-a08f-34a74859ab13', 'dcf6f77b-76da-4fa5-a32e-2625a57b2f67', '2026-01-16T12:38:17.574785', '2026-01-16T12:38:17.574785');
INSERT INTO movie_projections (id, projection_date, projection_time, cinema_hall_id, movie_id, created_at, updated_at) VALUES ('1fc0ebdc-0d27-4a32-b104-463a91cf28ab', '2026-03-28', '13:00:00', '95a40469-08c8-43b8-aca1-d228dc44f459', 'dcf6f77b-76da-4fa5-a32e-2625a57b2f67', '2026-01-16T12:38:17.574823', '2026-01-16T12:38:17.574823');
INSERT INTO movie_projections (id, projection_date, projection_time, cinema_hall_id, movie_id, created_at, updated_at) VALUES ('2ca09ce9-d7ec-46f5-ba5e-0f163a19fcdd', '2026-02-24', '10:00:00', '2bb67be0-c4c9-450e-a08f-34a74859ab13', 'dcf6f77b-76da-4fa5-a32e-2625a57b2f67', '2026-01-16T12:38:17.574860', '2026-01-16T12:38:17.574860');
INSERT INTO movie_projections (id, projection_date, projection_time, cinema_hall_id, movie_id, created_at, updated_at) VALUES ('b5412a28-fb47-4dce-8c80-310f4c94026d', '2026-01-20', '19:00:00', '4d85d72c-3252-4ef1-a349-a2e94f785dca', 'dcf6f77b-76da-4fa5-a32e-2625a57b2f67', '2026-01-16T12:38:17.574899', '2026-01-16T12:38:17.574899');
INSERT INTO movie_projections (id, projection_date, projection_time, cinema_hall_id, movie_id, created_at, updated_at) VALUES ('f9ffaadb-6c4e-45c6-a29b-368ba4877931', '2026-02-18', '10:00:00', '4d85d72c-3252-4ef1-a349-a2e94f785dca', 'dcf6f77b-76da-4fa5-a32e-2625a57b2f67', '2026-01-16T12:38:17.574939', '2026-01-16T12:38:17.574939');
INSERT INTO movie_projections (id, projection_date, projection_time, cinema_hall_id, movie_id, created_at, updated_at) VALUES ('f45b2735-796b-4455-9619-64b6702ecb03', '2026-03-25', '16:00:00', '37bef505-4764-486b-863c-2e07e5735ad6', 'dcf6f77b-76da-4fa5-a32e-2625a57b2f67', '2026-01-16T12:38:17.574974', '2026-01-16T12:38:17.574974');
INSERT INTO movie_projections (id, projection_date, projection_time, cinema_hall_id, movie_id, created_at, updated_at) VALUES ('5e51a380-2681-4a5a-9996-d0bad3f6e436', '2026-01-24', '13:00:00', 'eca43c94-9e26-4693-a739-6e0b4a98ccdb', 'dcf6f77b-76da-4fa5-a32e-2625a57b2f67', '2026-01-16T12:38:17.575011', '2026-01-16T12:38:17.575011');
INSERT INTO movie_projections (id, projection_date, projection_time, cinema_hall_id, movie_id, created_at, updated_at) VALUES ('b9cbe8c8-f737-4fda-9243-74469deb375a', '2026-04-07', '16:00:00', 'e23c9391-1da5-4d00-b51b-59da746d6438', 'dcf6f77b-76da-4fa5-a32e-2625a57b2f67', '2026-01-16T12:38:17.575049', '2026-01-16T12:38:17.575049');
INSERT INTO movie_projections (id, projection_date, projection_time, cinema_hall_id, movie_id, created_at, updated_at) VALUES ('10288ec5-80d8-4186-b784-ba382e2d83cc', '2026-03-23', '10:00:00', 'eca43c94-9e26-4693-a739-6e0b4a98ccdb', 'dcf6f77b-76da-4fa5-a32e-2625a57b2f67', '2026-01-16T12:38:17.575088', '2026-01-16T12:38:17.575088');
INSERT INTO movie_projections (id, projection_date, projection_time, cinema_hall_id, movie_id, created_at, updated_at) VALUES ('3f9780f4-3abf-4ca1-a4af-28b6a1dcd5e5', '2026-02-12', '13:00:00', '00c3d58b-3da5-4624-9282-ea69e7fc1d99', 'dcf6f77b-76da-4fa5-a32e-2625a57b2f67', '2026-01-16T12:38:17.575127', '2026-01-16T12:38:17.575127');
INSERT INTO movie_projections (id, projection_date, projection_time, cinema_hall_id, movie_id, created_at, updated_at) VALUES ('4d4242f9-966f-476d-9825-e497f08874fa', '2026-03-04', '16:00:00', '37bef505-4764-486b-863c-2e07e5735ad6', 'dcf6f77b-76da-4fa5-a32e-2625a57b2f67', '2026-01-16T12:38:17.575165', '2026-01-16T12:38:17.575165');
INSERT INTO movie_projections (id, projection_date, projection_time, cinema_hall_id, movie_id, created_at, updated_at) VALUES ('e3ab0af6-1b9e-419b-a086-5f6bf29da60d', '2026-02-09', '19:00:00', 'eca43c94-9e26-4693-a739-6e0b4a98ccdb', 'dcf6f77b-76da-4fa5-a32e-2625a57b2f67', '2026-01-16T12:38:17.575203', '2026-01-16T12:38:17.575203');
INSERT INTO movie_projections (id, projection_date, projection_time, cinema_hall_id, movie_id, created_at, updated_at) VALUES ('45db7ea2-5f42-4ab1-a67f-8d8b909297cf', '2026-02-17', '13:00:00', 'eca43c94-9e26-4693-a739-6e0b4a98ccdb', 'dcf6f77b-76da-4fa5-a32e-2625a57b2f67', '2026-01-16T12:38:17.575246', '2026-01-16T12:38:17.575246');
INSERT INTO movie_projections (id, projection_date, projection_time, cinema_hall_id, movie_id, created_at, updated_at) VALUES ('79fd3246-f60f-44f9-be3d-5f7fafe01de9', '2026-03-01', '19:00:00', '52cd97ab-39f3-4636-8ef4-2def4b33a8b7', 'dcf6f77b-76da-4fa5-a32e-2625a57b2f67', '2026-01-16T12:38:17.575284', '2026-01-16T12:38:17.575284');
INSERT INTO movie_projections (id, projection_date, projection_time, cinema_hall_id, movie_id, created_at, updated_at) VALUES ('531c278c-6c6a-4476-892f-c1a87619a4d2', '2026-03-26', '16:00:00', 'e23c9391-1da5-4d00-b51b-59da746d6438', 'dcf6f77b-76da-4fa5-a32e-2625a57b2f67', '2026-01-16T12:38:17.575310', '2026-01-16T12:38:17.575310');
INSERT INTO movie_projections (id, projection_date, projection_time, cinema_hall_id, movie_id, created_at, updated_at) VALUES ('93a03811-e848-455c-8273-07f28ec78c64', '2026-03-03', '13:00:00', '52cd97ab-39f3-4636-8ef4-2def4b33a8b7', 'dcf6f77b-76da-4fa5-a32e-2625a57b2f67', '2026-01-16T12:38:17.575339', '2026-01-16T12:38:17.575339');
INSERT INTO movie_projections (id, projection_date, projection_time, cinema_hall_id, movie_id, created_at, updated_at) VALUES ('4c1260ed-13fa-4011-aa6d-e40c5b8c81de', '2026-03-22', '10:00:00', 'eca43c94-9e26-4693-a739-6e0b4a98ccdb', 'dcf6f77b-76da-4fa5-a32e-2625a57b2f67', '2026-01-16T12:38:17.575364', '2026-01-16T12:38:17.575364');
INSERT INTO movie_projections (id, projection_date, projection_time, cinema_hall_id, movie_id, created_at, updated_at) VALUES ('f44682ab-1ada-4fe0-85e0-20398c12039c', '2026-02-14', '10:00:00', 'c51828ef-d759-417f-8262-434db181d319', 'dcf6f77b-76da-4fa5-a32e-2625a57b2f67', '2026-01-16T12:38:17.575388', '2026-01-16T12:38:17.575388');
INSERT INTO movie_projections (id, projection_date, projection_time, cinema_hall_id, movie_id, created_at, updated_at) VALUES ('6454c892-fbb0-4f78-9ce7-3a6b27427922', '2026-04-05', '13:00:00', '00c3d58b-3da5-4624-9282-ea69e7fc1d99', 'dcf6f77b-76da-4fa5-a32e-2625a57b2f67', '2026-01-16T12:38:17.575413', '2026-01-16T12:38:17.575413');
INSERT INTO movie_projections (id, projection_date, projection_time, cinema_hall_id, movie_id, created_at, updated_at) VALUES ('6492e89e-59de-4899-8db8-7fa34c065881', '2026-01-19', '16:00:00', '95a40469-08c8-43b8-aca1-d228dc44f459', 'dcf6f77b-76da-4fa5-a32e-2625a57b2f67', '2026-01-16T12:38:17.575437', '2026-01-16T12:38:17.575437');
INSERT INTO movie_projections (id, projection_date, projection_time, cinema_hall_id, movie_id, created_at, updated_at) VALUES ('3c86959d-0735-4035-bba0-e2693d80bf2d', '2026-01-28', '16:00:00', '37bef505-4764-486b-863c-2e07e5735ad6', 'dcf6f77b-76da-4fa5-a32e-2625a57b2f67', '2026-01-16T12:38:17.575465', '2026-01-16T12:38:17.575465');
INSERT INTO movie_projections (id, projection_date, projection_time, cinema_hall_id, movie_id, created_at, updated_at) VALUES ('94ee7d23-7989-415b-a149-5f6ba3600a75', '2026-03-08', '10:00:00', 'e23c9391-1da5-4d00-b51b-59da746d6438', 'dcf6f77b-76da-4fa5-a32e-2625a57b2f67', '2026-01-16T12:38:17.575504', '2026-01-16T12:38:17.575504');
INSERT INTO movie_projections (id, projection_date, projection_time, cinema_hall_id, movie_id, created_at, updated_at) VALUES ('6dfa4e16-5160-43b8-8ff6-ce0f12bb7900', '2026-02-14', '10:00:00', '1e714225-1496-43fd-9e98-87119156b996', '4a4db06b-179b-4131-84b1-87c628a83442', '2026-01-16T12:38:17.575553', '2026-01-16T12:38:17.575553');
INSERT INTO movie_projections (id, projection_date, projection_time, cinema_hall_id, movie_id, created_at, updated_at) VALUES ('fdbc256f-5177-4422-9978-6d3e99120195', '2026-01-20', '16:00:00', 'c51828ef-d759-417f-8262-434db181d319', '4a4db06b-179b-4131-84b1-87c628a83442', '2026-01-16T12:38:17.575592', '2026-01-16T12:38:17.575592');
INSERT INTO movie_projections (id, projection_date, projection_time, cinema_hall_id, movie_id, created_at, updated_at) VALUES ('dce860c6-6750-467c-8ed1-acbde180cf35', '2026-01-18', '10:00:00', '52cd97ab-39f3-4636-8ef4-2def4b33a8b7', '4a4db06b-179b-4131-84b1-87c628a83442', '2026-01-16T12:38:17.575634', '2026-01-16T12:38:17.575634');
INSERT INTO movie_projections (id, projection_date, projection_time, cinema_hall_id, movie_id, created_at, updated_at) VALUES ('0c83ff4b-f8e4-4214-a477-fea9e09dad1a', '2026-01-21', '19:00:00', '00c3d58b-3da5-4624-9282-ea69e7fc1d99', '4a4db06b-179b-4131-84b1-87c628a83442', '2026-01-16T12:38:17.575671', '2026-01-16T12:38:17.575671');
INSERT INTO movie_projections (id, projection_date, projection_time, cinema_hall_id, movie_id, created_at, updated_at) VALUES ('8e49c457-5823-4212-b4fd-41758e9402b8', '2026-02-06', '16:00:00', 'a08d2ff1-cecc-401b-b457-97e4be978d28', '4a4db06b-179b-4131-84b1-87c628a83442', '2026-01-16T12:38:17.575702', '2026-01-16T12:38:17.575702');
INSERT INTO movie_projections (id, projection_date, projection_time, cinema_hall_id, movie_id, created_at, updated_at) VALUES ('d9957869-7ea9-45e7-9693-8fda7be51154', '2026-01-23', '19:00:00', '52cd97ab-39f3-4636-8ef4-2def4b33a8b7', '4a4db06b-179b-4131-84b1-87c628a83442', '2026-01-16T12:38:17.575728', '2026-01-16T12:38:17.575728');
INSERT INTO movie_projections (id, projection_date, projection_time, cinema_hall_id, movie_id, created_at, updated_at) VALUES ('725a0183-dbe1-4c56-be5f-3bfb3886e50a', '2026-02-11', '10:00:00', '2bb67be0-c4c9-450e-a08f-34a74859ab13', '4a4db06b-179b-4131-84b1-87c628a83442', '2026-01-16T12:38:17.575756', '2026-01-16T12:38:17.575756');
INSERT INTO movie_projections (id, projection_date, projection_time, cinema_hall_id, movie_id, created_at, updated_at) VALUES ('5410e50b-ec5a-4977-8b77-9c77c30e557b', '2026-01-19', '16:00:00', 'a08d2ff1-cecc-401b-b457-97e4be978d28', '4a4db06b-179b-4131-84b1-87c628a83442', '2026-01-16T12:38:17.575781', '2026-01-16T12:38:17.575781');
INSERT INTO movie_projections (id, projection_date, projection_time, cinema_hall_id, movie_id, created_at, updated_at) VALUES ('03dd7040-1d8b-4986-844c-bf98fea6ea57', '2026-02-13', '19:00:00', '37bef505-4764-486b-863c-2e07e5735ad6', '4a4db06b-179b-4131-84b1-87c628a83442', '2026-01-16T12:38:17.575806', '2026-01-16T12:38:17.575806');
INSERT INTO movie_projections (id, projection_date, projection_time, cinema_hall_id, movie_id, created_at, updated_at) VALUES ('d30c55ca-9e9f-4e2e-8fca-6ea00818faa6', '2026-02-08', '13:00:00', '1e714225-1496-43fd-9e98-87119156b996', '4a4db06b-179b-4131-84b1-87c628a83442', '2026-01-16T12:38:17.575831', '2026-01-16T12:38:17.575831');
INSERT INTO movie_projections (id, projection_date, projection_time, cinema_hall_id, movie_id, created_at, updated_at) VALUES ('04b0ccde-590a-48e0-b0e6-245a17827db8', '2026-01-20', '16:00:00', '4d85d72c-3252-4ef1-a349-a2e94f785dca', '4a4db06b-179b-4131-84b1-87c628a83442', '2026-01-16T12:38:17.575855', '2026-01-16T12:38:17.575855');
INSERT INTO movie_projections (id, projection_date, projection_time, cinema_hall_id, movie_id, created_at, updated_at) VALUES ('ccc52158-3dc2-4040-8a31-49de267cdcc9', '2026-02-07', '13:00:00', '1e714225-1496-43fd-9e98-87119156b996', '4a4db06b-179b-4131-84b1-87c628a83442', '2026-01-16T12:38:17.575880', '2026-01-16T12:38:17.575880');
INSERT INTO movie_projections (id, projection_date, projection_time, cinema_hall_id, movie_id, created_at, updated_at) VALUES ('783457bd-8e91-402a-9367-4e72e369b43b', '2026-01-26', '16:00:00', 'c51828ef-d759-417f-8262-434db181d319', '4a4db06b-179b-4131-84b1-87c628a83442', '2026-01-16T12:38:17.575904', '2026-01-16T12:38:17.575904');
INSERT INTO movie_projections (id, projection_date, projection_time, cinema_hall_id, movie_id, created_at, updated_at) VALUES ('1079e6e6-e281-4617-8e56-dc1d22d8976f', '2026-01-27', '13:00:00', 'a08d2ff1-cecc-401b-b457-97e4be978d28', '4a4db06b-179b-4131-84b1-87c628a83442', '2026-01-16T12:38:17.575929', '2026-01-16T12:38:17.575929');
INSERT INTO movie_projections (id, projection_date, projection_time, cinema_hall_id, movie_id, created_at, updated_at) VALUES ('9fbe0bb5-5e25-41d4-ab8c-f5f7acd37b19', '2026-01-29', '13:00:00', '00c3d58b-3da5-4624-9282-ea69e7fc1d99', '4a4db06b-179b-4131-84b1-87c628a83442', '2026-01-16T12:38:17.575956', '2026-01-16T12:38:17.575956');
INSERT INTO movie_projections (id, projection_date, projection_time, cinema_hall_id, movie_id, created_at, updated_at) VALUES ('6d87e18b-aa1b-46a6-9fd5-67eb978d1ad8', '2026-02-05', '13:00:00', '00c3d58b-3da5-4624-9282-ea69e7fc1d99', '4a4db06b-179b-4131-84b1-87c628a83442', '2026-01-16T12:38:17.575981', '2026-01-16T12:38:17.575981');
INSERT INTO movie_projections (id, projection_date, projection_time, cinema_hall_id, movie_id, created_at, updated_at) VALUES ('21472c6b-57a5-4c93-99fe-261ebf160892', '2026-02-18', '13:00:00', '1e714225-1496-43fd-9e98-87119156b996', '4a4db06b-179b-4131-84b1-87c628a83442', '2026-01-16T12:38:17.576005', '2026-01-16T12:38:17.576005');
INSERT INTO movie_projections (id, projection_date, projection_time, cinema_hall_id, movie_id, created_at, updated_at) VALUES ('26b6bbc2-bdab-457a-9a36-503c8b70a8b9', '2026-02-06', '13:00:00', 'eca43c94-9e26-4693-a739-6e0b4a98ccdb', '4a4db06b-179b-4131-84b1-87c628a83442', '2026-01-16T12:38:17.576065', '2026-01-16T12:38:17.576065');
INSERT INTO movie_projections (id, projection_date, projection_time, cinema_hall_id, movie_id, created_at, updated_at) VALUES ('f4250aec-4b91-4fa7-bc67-a75aa4af8771', '2026-01-18', '19:00:00', 'c51828ef-d759-417f-8262-434db181d319', '4a4db06b-179b-4131-84b1-87c628a83442', '2026-01-16T12:38:17.576091', '2026-01-16T12:38:17.576091');
INSERT INTO movie_projections (id, projection_date, projection_time, cinema_hall_id, movie_id, created_at, updated_at) VALUES ('8a49e4a9-ea5b-4745-9ebc-d10a971ca4c0', '2026-01-24', '10:00:00', 'a08d2ff1-cecc-401b-b457-97e4be978d28', '4a4db06b-179b-4131-84b1-87c628a83442', '2026-01-16T12:38:17.576116', '2026-01-16T12:38:17.576116');
INSERT INTO movie_projections (id, projection_date, projection_time, cinema_hall_id, movie_id, created_at, updated_at) VALUES ('8b7cc6ab-e5b4-4299-8981-3b1491c25197', '2026-02-09', '13:00:00', 'eca43c94-9e26-4693-a739-6e0b4a98ccdb', '4a4db06b-179b-4131-84b1-87c628a83442', '2026-01-16T12:38:17.576140', '2026-01-16T12:38:17.576140');
INSERT INTO movie_projections (id, projection_date, projection_time, cinema_hall_id, movie_id, created_at, updated_at) VALUES ('0ea34493-e5a2-43c0-89d0-986c6d37d42b', '2026-02-06', '10:00:00', 'e23c9391-1da5-4d00-b51b-59da746d6438', '4a4db06b-179b-4131-84b1-87c628a83442', '2026-01-16T12:38:17.576165', '2026-01-16T12:38:17.576165');
INSERT INTO movie_projections (id, projection_date, projection_time, cinema_hall_id, movie_id, created_at, updated_at) VALUES ('75afd132-781a-4ee4-85b3-c079e15a9139', '2026-01-16', '13:00:00', 'a08d2ff1-cecc-401b-b457-97e4be978d28', '4a4db06b-179b-4131-84b1-87c628a83442', '2026-01-16T12:38:17.576192', '2026-01-16T12:38:17.576192');
INSERT INTO movie_projections (id, projection_date, projection_time, cinema_hall_id, movie_id, created_at, updated_at) VALUES ('9efbdacc-3a46-41b7-9db0-173ab2171974', '2026-01-26', '19:00:00', '00c3d58b-3da5-4624-9282-ea69e7fc1d99', '4a4db06b-179b-4131-84b1-87c628a83442', '2026-01-16T12:38:17.576216', '2026-01-16T12:38:17.576216');
INSERT INTO movie_projections (id, projection_date, projection_time, cinema_hall_id, movie_id, created_at, updated_at) VALUES ('dd59862d-ced2-4a1e-ad61-a6cf3805abd1', '2026-02-22', '16:00:00', '2bb67be0-c4c9-450e-a08f-34a74859ab13', '4a4db06b-179b-4131-84b1-87c628a83442', '2026-01-16T12:38:17.576241', '2026-01-16T12:38:17.576241');
INSERT INTO movie_projections (id, projection_date, projection_time, cinema_hall_id, movie_id, created_at, updated_at) VALUES ('7635f62a-b1c7-4689-ac88-2a91bd1f7280', '2026-02-02', '19:00:00', '52cd97ab-39f3-4636-8ef4-2def4b33a8b7', '4a4db06b-179b-4131-84b1-87c628a83442', '2026-01-16T12:38:17.576266', '2026-01-16T12:38:17.576266');
INSERT INTO movie_projections (id, projection_date, projection_time, cinema_hall_id, movie_id, created_at, updated_at) VALUES ('92335909-3247-4d3e-96bc-d6e7743f05cc', '2026-02-06', '13:00:00', 'eca43c94-9e26-4693-a739-6e0b4a98ccdb', '4a4db06b-179b-4131-84b1-87c628a83442', '2026-01-16T12:38:17.576290', '2026-01-16T12:38:17.576290');
INSERT INTO movie_projections (id, projection_date, projection_time, cinema_hall_id, movie_id, created_at, updated_at) VALUES ('251618a8-0cc3-42ff-a1e1-37b3e09384d1', '2026-02-10', '13:00:00', '37bef505-4764-486b-863c-2e07e5735ad6', '4a4db06b-179b-4131-84b1-87c628a83442', '2026-01-16T12:38:17.576315', '2026-01-16T12:38:17.576315');
INSERT INTO movie_projections (id, projection_date, projection_time, cinema_hall_id, movie_id, created_at, updated_at) VALUES ('f85a0ded-d484-4f2a-b8f6-2e16a2fd2e73', '2026-02-09', '19:00:00', 'c51828ef-d759-417f-8262-434db181d319', '4a4db06b-179b-4131-84b1-87c628a83442', '2026-01-16T12:38:17.576339', '2026-01-16T12:38:17.576339');
INSERT INTO movie_projections (id, projection_date, projection_time, cinema_hall_id, movie_id, created_at, updated_at) VALUES ('9bd63e01-cdd5-4f14-b5ee-427105afb6a1', '2026-02-08', '10:00:00', '00c3d58b-3da5-4624-9282-ea69e7fc1d99', '4a4db06b-179b-4131-84b1-87c628a83442', '2026-01-16T12:38:17.576363', '2026-01-16T12:38:17.576363');
INSERT INTO movie_projections (id, projection_date, projection_time, cinema_hall_id, movie_id, created_at, updated_at) VALUES ('f169269d-b018-4424-9fa2-7bdda579a733', '2026-02-09', '19:00:00', '1e714225-1496-43fd-9e98-87119156b996', '4a4db06b-179b-4131-84b1-87c628a83442', '2026-01-16T12:38:17.576390', '2026-01-16T12:38:17.576390');
INSERT INTO movie_projections (id, projection_date, projection_time, cinema_hall_id, movie_id, created_at, updated_at) VALUES ('bd5172e9-683e-4f3a-b35a-32916934a573', '2026-01-27', '16:00:00', '4d85d72c-3252-4ef1-a349-a2e94f785dca', '4a4db06b-179b-4131-84b1-87c628a83442', '2026-01-16T12:38:17.576415', '2026-01-16T12:38:17.576415');
INSERT INTO movie_projections (id, projection_date, projection_time, cinema_hall_id, movie_id, created_at, updated_at) VALUES ('eaafe514-6ee6-480d-b23a-7892cfe1b0e4', '2026-02-20', '13:00:00', '1e714225-1496-43fd-9e98-87119156b996', '4a4db06b-179b-4131-84b1-87c628a83442', '2026-01-16T12:38:17.576439', '2026-01-16T12:38:17.576439');
INSERT INTO movie_projections (id, projection_date, projection_time, cinema_hall_id, movie_id, created_at, updated_at) VALUES ('c512e3c3-1a57-4b71-bce0-bb9707a699fc', '2026-01-16', '16:00:00', '52cd97ab-39f3-4636-8ef4-2def4b33a8b7', '4a4db06b-179b-4131-84b1-87c628a83442', '2026-01-16T12:38:17.576464', '2026-01-16T12:38:17.576464');
INSERT INTO movie_projections (id, projection_date, projection_time, cinema_hall_id, movie_id, created_at, updated_at) VALUES ('25ca8caa-269a-46bd-91e1-76f9de989095', '2026-02-12', '13:00:00', '00c3d58b-3da5-4624-9282-ea69e7fc1d99', '4a4db06b-179b-4131-84b1-87c628a83442', '2026-01-16T12:38:17.576491', '2026-01-16T12:38:17.576491');
INSERT INTO movie_projections (id, projection_date, projection_time, cinema_hall_id, movie_id, created_at, updated_at) VALUES ('76848574-62b6-4ead-a553-ccca9f56927f', '2026-02-15', '19:00:00', '52cd97ab-39f3-4636-8ef4-2def4b33a8b7', '4a4db06b-179b-4131-84b1-87c628a83442', '2026-01-16T12:38:17.576517', '2026-01-16T12:38:17.576517');
INSERT INTO movie_projections (id, projection_date, projection_time, cinema_hall_id, movie_id, created_at, updated_at) VALUES ('1d213879-1d1c-49c2-959f-f650ade40d92', '2026-02-08', '10:00:00', '2bb67be0-c4c9-450e-a08f-34a74859ab13', '4a4db06b-179b-4131-84b1-87c628a83442', '2026-01-16T12:38:17.576541', '2026-01-16T12:38:17.576541');
INSERT INTO movie_projections (id, projection_date, projection_time, cinema_hall_id, movie_id, created_at, updated_at) VALUES ('116c31ae-78f7-47c4-8ffc-e78e65a1c5a4', '2026-01-25', '13:00:00', '1e714225-1496-43fd-9e98-87119156b996', '4a4db06b-179b-4131-84b1-87c628a83442', '2026-01-16T12:38:17.576567', '2026-01-16T12:38:17.576567');
INSERT INTO movie_projections (id, projection_date, projection_time, cinema_hall_id, movie_id, created_at, updated_at) VALUES ('df187ede-f97e-461b-aca9-76ee8eee401b', '2026-01-22', '16:00:00', '2bb67be0-c4c9-450e-a08f-34a74859ab13', '4a4db06b-179b-4131-84b1-87c628a83442', '2026-01-16T12:38:17.576621', '2026-01-16T12:38:17.576621');
INSERT INTO movie_projections (id, projection_date, projection_time, cinema_hall_id, movie_id, created_at, updated_at) VALUES ('a70e046e-71a5-4450-8b10-ed6fb67e3260', '2026-02-01', '13:00:00', '1e714225-1496-43fd-9e98-87119156b996', '4a4db06b-179b-4131-84b1-87c628a83442', '2026-01-16T12:38:17.576667', '2026-01-16T12:38:17.576667');
INSERT INTO movie_projections (id, projection_date, projection_time, cinema_hall_id, movie_id, created_at, updated_at) VALUES ('6083caa9-4621-4696-a4dd-52503dac6967', '2026-03-04', '16:00:00', 'eca43c94-9e26-4693-a739-6e0b4a98ccdb', 'd4402bd9-ff8a-4ce5-919b-6f15b6d3649b', '2026-01-16T12:38:17.576726', '2026-01-16T12:38:17.576726');
INSERT INTO movie_projections (id, projection_date, projection_time, cinema_hall_id, movie_id, created_at, updated_at) VALUES ('4fabe934-c37a-480a-a399-21ca569b2d3a', '2026-01-20', '19:00:00', '00c3d58b-3da5-4624-9282-ea69e7fc1d99', 'd4402bd9-ff8a-4ce5-919b-6f15b6d3649b', '2026-01-16T12:38:17.576786', '2026-01-16T12:38:17.576786');
INSERT INTO movie_projections (id, projection_date, projection_time, cinema_hall_id, movie_id, created_at, updated_at) VALUES ('c4805776-71d5-4d52-babc-da39941cc012', '2026-03-16', '19:00:00', 'e23c9391-1da5-4d00-b51b-59da746d6438', 'd4402bd9-ff8a-4ce5-919b-6f15b6d3649b', '2026-01-16T12:38:17.576828', '2026-01-16T12:38:17.576828');
INSERT INTO movie_projections (id, projection_date, projection_time, cinema_hall_id, movie_id, created_at, updated_at) VALUES ('c63111f0-332e-42aa-bfdc-9e992f548162', '2026-01-29', '19:00:00', '37bef505-4764-486b-863c-2e07e5735ad6', 'd4402bd9-ff8a-4ce5-919b-6f15b6d3649b', '2026-01-16T12:38:17.576871', '2026-01-16T12:38:17.576871');
INSERT INTO movie_projections (id, projection_date, projection_time, cinema_hall_id, movie_id, created_at, updated_at) VALUES ('6b8d9d1e-8f84-4e0e-b0c2-9fdfad6c2671', '2026-03-12', '13:00:00', '4d85d72c-3252-4ef1-a349-a2e94f785dca', 'd4402bd9-ff8a-4ce5-919b-6f15b6d3649b', '2026-01-16T12:38:17.576916', '2026-01-16T12:38:17.576916');
INSERT INTO movie_projections (id, projection_date, projection_time, cinema_hall_id, movie_id, created_at, updated_at) VALUES ('c29e7b46-1f45-43a1-95eb-786cd6e54755', '2026-02-15', '13:00:00', '00c3d58b-3da5-4624-9282-ea69e7fc1d99', 'd4402bd9-ff8a-4ce5-919b-6f15b6d3649b', '2026-01-16T12:38:17.576973', '2026-01-16T12:38:17.576973');
INSERT INTO movie_projections (id, projection_date, projection_time, cinema_hall_id, movie_id, created_at, updated_at) VALUES ('5a5843cd-b835-4826-b06a-aa44352560fb', '2026-02-26', '16:00:00', '37bef505-4764-486b-863c-2e07e5735ad6', 'd4402bd9-ff8a-4ce5-919b-6f15b6d3649b', '2026-01-16T12:38:17.577031', '2026-01-16T12:38:17.577031');
INSERT INTO movie_projections (id, projection_date, projection_time, cinema_hall_id, movie_id, created_at, updated_at) VALUES ('75d46e9a-e66c-4e07-90ab-bfd6427b50d2', '2026-02-28', '19:00:00', '37bef505-4764-486b-863c-2e07e5735ad6', 'd4402bd9-ff8a-4ce5-919b-6f15b6d3649b', '2026-01-16T12:38:17.577086', '2026-01-16T12:38:17.577086');
INSERT INTO movie_projections (id, projection_date, projection_time, cinema_hall_id, movie_id, created_at, updated_at) VALUES ('18ae6216-b09c-45cc-af66-7884a046c561', '2026-01-27', '10:00:00', 'c51828ef-d759-417f-8262-434db181d319', 'd4402bd9-ff8a-4ce5-919b-6f15b6d3649b', '2026-01-16T12:38:17.577140', '2026-01-16T12:38:17.577140');
INSERT INTO movie_projections (id, projection_date, projection_time, cinema_hall_id, movie_id, created_at, updated_at) VALUES ('dc905cdc-50f9-4ae2-bb01-f731f72fd591', '2026-02-01', '13:00:00', '4d85d72c-3252-4ef1-a349-a2e94f785dca', 'd4402bd9-ff8a-4ce5-919b-6f15b6d3649b', '2026-01-16T12:38:17.577199', '2026-01-16T12:38:17.577199');
INSERT INTO movie_projections (id, projection_date, projection_time, cinema_hall_id, movie_id, created_at, updated_at) VALUES ('8f705a40-af40-45fd-8bcc-274b9a0682ab', '2026-01-27', '19:00:00', '00c3d58b-3da5-4624-9282-ea69e7fc1d99', 'd4402bd9-ff8a-4ce5-919b-6f15b6d3649b', '2026-01-16T12:38:17.577252', '2026-01-16T12:38:17.577252');
INSERT INTO movie_projections (id, projection_date, projection_time, cinema_hall_id, movie_id, created_at, updated_at) VALUES ('14e36411-f66f-4235-9dd8-7403754dc55c', '2026-02-20', '10:00:00', '95a40469-08c8-43b8-aca1-d228dc44f459', 'd4402bd9-ff8a-4ce5-919b-6f15b6d3649b', '2026-01-16T12:38:17.577323', '2026-01-16T12:38:17.577323');
INSERT INTO movie_projections (id, projection_date, projection_time, cinema_hall_id, movie_id, created_at, updated_at) VALUES ('27d3bc3c-8043-4b11-8d77-e437b545da92', '2026-01-28', '19:00:00', 'e23c9391-1da5-4d00-b51b-59da746d6438', 'd4402bd9-ff8a-4ce5-919b-6f15b6d3649b', '2026-01-16T12:38:17.577388', '2026-01-16T12:38:17.577388');
INSERT INTO movie_projections (id, projection_date, projection_time, cinema_hall_id, movie_id, created_at, updated_at) VALUES ('8c77307c-28ea-47e8-bcf5-a9316849f55c', '2026-02-22', '13:00:00', 'a08d2ff1-cecc-401b-b457-97e4be978d28', 'd4402bd9-ff8a-4ce5-919b-6f15b6d3649b', '2026-01-16T12:38:17.577430', '2026-01-16T12:38:17.577430');
INSERT INTO movie_projections (id, projection_date, projection_time, cinema_hall_id, movie_id, created_at, updated_at) VALUES ('54952d1e-64b3-4018-bf43-00b121c00c5b', '2026-03-18', '19:00:00', 'a08d2ff1-cecc-401b-b457-97e4be978d28', 'd4402bd9-ff8a-4ce5-919b-6f15b6d3649b', '2026-01-16T12:38:17.577471', '2026-01-16T12:38:17.577471');
INSERT INTO movie_projections (id, projection_date, projection_time, cinema_hall_id, movie_id, created_at, updated_at) VALUES ('68c52103-ebd3-4ea8-afe0-674dbf4f9016', '2026-02-11', '13:00:00', '1e714225-1496-43fd-9e98-87119156b996', 'd4402bd9-ff8a-4ce5-919b-6f15b6d3649b', '2026-01-16T12:38:17.577512', '2026-01-16T12:38:17.577512');
INSERT INTO movie_projections (id, projection_date, projection_time, cinema_hall_id, movie_id, created_at, updated_at) VALUES ('ed6bf2d3-d998-4d67-b855-f054d2d045c8', '2026-01-25', '10:00:00', '95a40469-08c8-43b8-aca1-d228dc44f459', 'd4402bd9-ff8a-4ce5-919b-6f15b6d3649b', '2026-01-16T12:38:17.577548', '2026-01-16T12:38:17.577548');
INSERT INTO movie_projections (id, projection_date, projection_time, cinema_hall_id, movie_id, created_at, updated_at) VALUES ('cef74578-7a62-4838-a9f2-dda4fe255d73', '2026-03-21', '10:00:00', 'eca43c94-9e26-4693-a739-6e0b4a98ccdb', 'd4402bd9-ff8a-4ce5-919b-6f15b6d3649b', '2026-01-16T12:38:17.577586', '2026-01-16T12:38:17.577586');
INSERT INTO movie_projections (id, projection_date, projection_time, cinema_hall_id, movie_id, created_at, updated_at) VALUES ('7fbac584-29de-4c03-a306-930541e1bca3', '2026-01-31', '13:00:00', '4d85d72c-3252-4ef1-a349-a2e94f785dca', 'd4402bd9-ff8a-4ce5-919b-6f15b6d3649b', '2026-01-16T12:38:17.577622', '2026-01-16T12:38:17.577622');
INSERT INTO movie_projections (id, projection_date, projection_time, cinema_hall_id, movie_id, created_at, updated_at) VALUES ('73680bcb-02a0-4478-b4e1-8f72533f5f4d', '2026-03-03', '10:00:00', 'a08d2ff1-cecc-401b-b457-97e4be978d28', 'd4402bd9-ff8a-4ce5-919b-6f15b6d3649b', '2026-01-16T12:38:17.577666', '2026-01-16T12:38:17.577666');
INSERT INTO movie_projections (id, projection_date, projection_time, cinema_hall_id, movie_id, created_at, updated_at) VALUES ('602acf74-71e6-405a-8a54-be3cb6cb7757', '2026-02-22', '16:00:00', '95a40469-08c8-43b8-aca1-d228dc44f459', 'd4402bd9-ff8a-4ce5-919b-6f15b6d3649b', '2026-01-16T12:38:17.577703', '2026-01-16T12:38:17.577703');
INSERT INTO movie_projections (id, projection_date, projection_time, cinema_hall_id, movie_id, created_at, updated_at) VALUES ('c0cb4289-2450-4d9e-b659-834acb9a272e', '2026-03-20', '13:00:00', 'e23c9391-1da5-4d00-b51b-59da746d6438', 'd4402bd9-ff8a-4ce5-919b-6f15b6d3649b', '2026-01-16T12:38:17.577740', '2026-01-16T12:38:17.577740');
INSERT INTO movie_projections (id, projection_date, projection_time, cinema_hall_id, movie_id, created_at, updated_at) VALUES ('adc8cc25-1f21-474d-9c57-124e7ad1f70f', '2026-03-07', '19:00:00', 'c51828ef-d759-417f-8262-434db181d319', 'd4402bd9-ff8a-4ce5-919b-6f15b6d3649b', '2026-01-16T12:38:17.577780', '2026-01-16T12:38:17.577780');
INSERT INTO movie_projections (id, projection_date, projection_time, cinema_hall_id, movie_id, created_at, updated_at) VALUES ('58ec2a21-467e-4282-8639-99779a3a1858', '2026-03-13', '13:00:00', '52cd97ab-39f3-4636-8ef4-2def4b33a8b7', 'd4402bd9-ff8a-4ce5-919b-6f15b6d3649b', '2026-01-16T12:38:17.577816', '2026-01-16T12:38:17.577816');
INSERT INTO movie_projections (id, projection_date, projection_time, cinema_hall_id, movie_id, created_at, updated_at) VALUES ('756d99d1-aaa0-4a4f-9f43-7f83563f9640', '2026-02-15', '13:00:00', 'a08d2ff1-cecc-401b-b457-97e4be978d28', 'd4402bd9-ff8a-4ce5-919b-6f15b6d3649b', '2026-01-16T12:38:17.577852', '2026-01-16T12:38:17.577852');
INSERT INTO movie_projections (id, projection_date, projection_time, cinema_hall_id, movie_id, created_at, updated_at) VALUES ('c9bd39d0-3344-443e-bb68-51f8c4c5e7a7', '2026-01-23', '19:00:00', '1e714225-1496-43fd-9e98-87119156b996', 'd4402bd9-ff8a-4ce5-919b-6f15b6d3649b', '2026-01-16T12:38:17.577888', '2026-01-16T12:38:17.577888');
INSERT INTO movie_projections (id, projection_date, projection_time, cinema_hall_id, movie_id, created_at, updated_at) VALUES ('8bf2c65b-b159-4f22-ad25-b4fb9a9a8b08', '2026-02-04', '19:00:00', '2bb67be0-c4c9-450e-a08f-34a74859ab13', 'd4402bd9-ff8a-4ce5-919b-6f15b6d3649b', '2026-01-16T12:38:17.577925', '2026-01-16T12:38:17.577925');
INSERT INTO movie_projections (id, projection_date, projection_time, cinema_hall_id, movie_id, created_at, updated_at) VALUES ('609ea482-b9ad-43df-aa55-7dbd9975ff8e', '2026-02-03', '10:00:00', '37bef505-4764-486b-863c-2e07e5735ad6', 'd4402bd9-ff8a-4ce5-919b-6f15b6d3649b', '2026-01-16T12:38:17.577962', '2026-01-16T12:38:17.577962');
INSERT INTO movie_projections (id, projection_date, projection_time, cinema_hall_id, movie_id, created_at, updated_at) VALUES ('6129cca3-522f-44f7-848a-7405241c90b8', '2026-02-20', '19:00:00', 'c51828ef-d759-417f-8262-434db181d319', 'd4402bd9-ff8a-4ce5-919b-6f15b6d3649b', '2026-01-16T12:38:17.578000', '2026-01-16T12:38:17.578000');
INSERT INTO movie_projections (id, projection_date, projection_time, cinema_hall_id, movie_id, created_at, updated_at) VALUES ('ba18d103-b28e-49ae-ae4b-1edd34c2afe8', '2026-02-09', '19:00:00', '4d85d72c-3252-4ef1-a349-a2e94f785dca', 'd4402bd9-ff8a-4ce5-919b-6f15b6d3649b', '2026-01-16T12:38:17.578036', '2026-01-16T12:38:17.578036');
INSERT INTO movie_projections (id, projection_date, projection_time, cinema_hall_id, movie_id, created_at, updated_at) VALUES ('322d29d6-a531-43fc-b513-6aaeed905a92', '2026-03-11', '10:00:00', 'eca43c94-9e26-4693-a739-6e0b4a98ccdb', 'd4402bd9-ff8a-4ce5-919b-6f15b6d3649b', '2026-01-16T12:38:17.578081', '2026-01-16T12:38:17.578081');
INSERT INTO movie_projections (id, projection_date, projection_time, cinema_hall_id, movie_id, created_at, updated_at) VALUES ('c4ef05f6-303c-431b-940b-07c6cd06abb5', '2026-03-01', '13:00:00', '4d85d72c-3252-4ef1-a349-a2e94f785dca', 'd4402bd9-ff8a-4ce5-919b-6f15b6d3649b', '2026-01-16T12:38:17.578118', '2026-01-16T12:38:17.578118');
INSERT INTO movie_projections (id, projection_date, projection_time, cinema_hall_id, movie_id, created_at, updated_at) VALUES ('5ff9ea75-9941-4e54-9aba-ad2471fc37be', '2026-02-20', '19:00:00', 'c51828ef-d759-417f-8262-434db181d319', 'd4402bd9-ff8a-4ce5-919b-6f15b6d3649b', '2026-01-16T12:38:17.578154', '2026-01-16T12:38:17.578154');
INSERT INTO movie_projections (id, projection_date, projection_time, cinema_hall_id, movie_id, created_at, updated_at) VALUES ('ba5cff4d-ff8b-41b0-875c-1e3f31e25c0e', '2026-01-30', '13:00:00', '4d85d72c-3252-4ef1-a349-a2e94f785dca', 'd4402bd9-ff8a-4ce5-919b-6f15b6d3649b', '2026-01-16T12:38:17.578191', '2026-01-16T12:38:17.578191');
INSERT INTO movie_projections (id, projection_date, projection_time, cinema_hall_id, movie_id, created_at, updated_at) VALUES ('587280af-0ed4-41de-a39a-3c055cfc9512', '2026-01-18', '10:00:00', 'eca43c94-9e26-4693-a739-6e0b4a98ccdb', 'd4402bd9-ff8a-4ce5-919b-6f15b6d3649b', '2026-01-16T12:38:17.578226', '2026-01-16T12:38:17.578226');
INSERT INTO movie_projections (id, projection_date, projection_time, cinema_hall_id, movie_id, created_at, updated_at) VALUES ('99e30f3f-704d-4ab9-8a92-50d536de2192', '2026-02-25', '19:00:00', 'eca43c94-9e26-4693-a739-6e0b4a98ccdb', 'd4402bd9-ff8a-4ce5-919b-6f15b6d3649b', '2026-01-16T12:38:17.578262', '2026-01-16T12:38:17.578262');
INSERT INTO movie_projections (id, projection_date, projection_time, cinema_hall_id, movie_id, created_at, updated_at) VALUES ('87663574-fac1-488a-b6ec-54cc00c8e712', '2026-02-06', '19:00:00', '4d85d72c-3252-4ef1-a349-a2e94f785dca', 'd4402bd9-ff8a-4ce5-919b-6f15b6d3649b', '2026-01-16T12:38:17.578302', '2026-01-16T12:38:17.578302');
INSERT INTO movie_projections (id, projection_date, projection_time, cinema_hall_id, movie_id, created_at, updated_at) VALUES ('b9f577d6-cf1f-42a1-95e8-99d5c7d68f78', '2026-03-18', '10:00:00', '4d85d72c-3252-4ef1-a349-a2e94f785dca', 'd4402bd9-ff8a-4ce5-919b-6f15b6d3649b', '2026-01-16T12:38:17.578341', '2026-01-16T12:38:17.578341');
INSERT INTO movie_projections (id, projection_date, projection_time, cinema_hall_id, movie_id, created_at, updated_at) VALUES ('32c5946d-f65d-4225-a93b-a99a93e920cc', '2026-03-22', '10:00:00', 'e23c9391-1da5-4d00-b51b-59da746d6438', 'd4402bd9-ff8a-4ce5-919b-6f15b6d3649b', '2026-01-16T12:38:17.578383', '2026-01-16T12:38:17.578383');
INSERT INTO movie_projections (id, projection_date, projection_time, cinema_hall_id, movie_id, created_at, updated_at) VALUES ('01a647a2-be49-4464-b95d-661503241967', '2026-03-02', '19:00:00', '4d85d72c-3252-4ef1-a349-a2e94f785dca', 'd4402bd9-ff8a-4ce5-919b-6f15b6d3649b', '2026-01-16T12:38:17.578421', '2026-01-16T12:38:17.578421');
INSERT INTO movie_projections (id, projection_date, projection_time, cinema_hall_id, movie_id, created_at, updated_at) VALUES ('bdf6ff3e-5f0c-4162-a064-e131063b3f55', '2026-02-12', '10:00:00', '37bef505-4764-486b-863c-2e07e5735ad6', '6eac4deb-7773-479f-a4b6-df1e7a32e813', '2026-01-16T12:38:17.578471', '2026-01-16T12:38:17.578471');
INSERT INTO movie_projections (id, projection_date, projection_time, cinema_hall_id, movie_id, created_at, updated_at) VALUES ('044b1171-4db3-42be-acd0-6b439d767fb0', '2026-02-07', '10:00:00', 'e23c9391-1da5-4d00-b51b-59da746d6438', '6eac4deb-7773-479f-a4b6-df1e7a32e813', '2026-01-16T12:38:17.578514', '2026-01-16T12:38:17.578514');
INSERT INTO movie_projections (id, projection_date, projection_time, cinema_hall_id, movie_id, created_at, updated_at) VALUES ('5544cc1f-54d4-48b6-b145-f73408c4a17a', '2026-02-07', '19:00:00', 'a08d2ff1-cecc-401b-b457-97e4be978d28', '6eac4deb-7773-479f-a4b6-df1e7a32e813', '2026-01-16T12:38:17.578551', '2026-01-16T12:38:17.578551');
INSERT INTO movie_projections (id, projection_date, projection_time, cinema_hall_id, movie_id, created_at, updated_at) VALUES ('0764830c-1b76-446a-ba2b-ef48d3b67403', '2026-01-22', '13:00:00', 'c51828ef-d759-417f-8262-434db181d319', '6eac4deb-7773-479f-a4b6-df1e7a32e813', '2026-01-16T12:38:17.578588', '2026-01-16T12:38:17.578588');
INSERT INTO movie_projections (id, projection_date, projection_time, cinema_hall_id, movie_id, created_at, updated_at) VALUES ('82799177-5d67-4a48-b7da-012de8f512a4', '2026-01-30', '13:00:00', '2bb67be0-c4c9-450e-a08f-34a74859ab13', '6eac4deb-7773-479f-a4b6-df1e7a32e813', '2026-01-16T12:38:17.578624', '2026-01-16T12:38:17.578624');
INSERT INTO movie_projections (id, projection_date, projection_time, cinema_hall_id, movie_id, created_at, updated_at) VALUES ('461d9821-ebff-4d22-b2c0-3ab7e83a5e97', '2026-02-11', '13:00:00', '95a40469-08c8-43b8-aca1-d228dc44f459', '6eac4deb-7773-479f-a4b6-df1e7a32e813', '2026-01-16T12:38:17.578660', '2026-01-16T12:38:17.578660');
INSERT INTO movie_projections (id, projection_date, projection_time, cinema_hall_id, movie_id, created_at, updated_at) VALUES ('e0635892-e3f9-44d1-9c2e-d0c7c781e85c', '2026-02-06', '16:00:00', 'c51828ef-d759-417f-8262-434db181d319', '6eac4deb-7773-479f-a4b6-df1e7a32e813', '2026-01-16T12:38:17.578702', '2026-01-16T12:38:17.578702');
INSERT INTO movie_projections (id, projection_date, projection_time, cinema_hall_id, movie_id, created_at, updated_at) VALUES ('ad6a1733-92b4-45be-b919-4d1fb07629f2', '2026-02-23', '10:00:00', 'e23c9391-1da5-4d00-b51b-59da746d6438', '6eac4deb-7773-479f-a4b6-df1e7a32e813', '2026-01-16T12:38:17.578746', '2026-01-16T12:38:17.578746');
INSERT INTO movie_projections (id, projection_date, projection_time, cinema_hall_id, movie_id, created_at, updated_at) VALUES ('a6bd14a7-e515-48a5-b0c1-26cd239f4618', '2026-02-05', '13:00:00', 'c51828ef-d759-417f-8262-434db181d319', '6eac4deb-7773-479f-a4b6-df1e7a32e813', '2026-01-16T12:38:17.578782', '2026-01-16T12:38:17.578782');
INSERT INTO movie_projections (id, projection_date, projection_time, cinema_hall_id, movie_id, created_at, updated_at) VALUES ('d6908848-4f6e-42a4-bda6-20b8061148a6', '2026-02-05', '13:00:00', '2bb67be0-c4c9-450e-a08f-34a74859ab13', '6eac4deb-7773-479f-a4b6-df1e7a32e813', '2026-01-16T12:38:17.578819', '2026-01-16T12:38:17.578819');
INSERT INTO movie_projections (id, projection_date, projection_time, cinema_hall_id, movie_id, created_at, updated_at) VALUES ('5d4fdbd3-de32-4315-8959-35427ed99735', '2026-02-18', '13:00:00', 'eca43c94-9e26-4693-a739-6e0b4a98ccdb', '6eac4deb-7773-479f-a4b6-df1e7a32e813', '2026-01-16T12:38:17.578857', '2026-01-16T12:38:17.578857');
INSERT INTO movie_projections (id, projection_date, projection_time, cinema_hall_id, movie_id, created_at, updated_at) VALUES ('e7d95df5-b7bc-46d9-8f4b-84af9ea69bc0', '2026-02-17', '10:00:00', 'e23c9391-1da5-4d00-b51b-59da746d6438', '6eac4deb-7773-479f-a4b6-df1e7a32e813', '2026-01-16T12:38:17.578897', '2026-01-16T12:38:17.578897');
INSERT INTO movie_projections (id, projection_date, projection_time, cinema_hall_id, movie_id, created_at, updated_at) VALUES ('a457dc6d-e27a-484d-a3aa-a463544de2cf', '2026-02-18', '10:00:00', 'eca43c94-9e26-4693-a739-6e0b4a98ccdb', '6eac4deb-7773-479f-a4b6-df1e7a32e813', '2026-01-16T12:38:17.578937', '2026-01-16T12:38:17.578937');
INSERT INTO movie_projections (id, projection_date, projection_time, cinema_hall_id, movie_id, created_at, updated_at) VALUES ('0d7bc5d9-b9ae-44f8-a49f-cc9786a1b190', '2026-02-18', '13:00:00', '1e714225-1496-43fd-9e98-87119156b996', '6eac4deb-7773-479f-a4b6-df1e7a32e813', '2026-01-16T12:38:17.578979', '2026-01-16T12:38:17.578979');
INSERT INTO movie_projections (id, projection_date, projection_time, cinema_hall_id, movie_id, created_at, updated_at) VALUES ('c821f83a-3733-441d-9252-53c673c7fc7a', '2026-01-27', '16:00:00', '00c3d58b-3da5-4624-9282-ea69e7fc1d99', '6eac4deb-7773-479f-a4b6-df1e7a32e813', '2026-01-16T12:38:17.579023', '2026-01-16T12:38:17.579023');
INSERT INTO movie_projections (id, projection_date, projection_time, cinema_hall_id, movie_id, created_at, updated_at) VALUES ('fc50da5b-a8d0-4d7e-a77c-ce4526c2d6e9', '2026-02-09', '16:00:00', '95a40469-08c8-43b8-aca1-d228dc44f459', '6eac4deb-7773-479f-a4b6-df1e7a32e813', '2026-01-16T12:38:17.579063', '2026-01-16T12:38:17.579063');
INSERT INTO movie_projections (id, projection_date, projection_time, cinema_hall_id, movie_id, created_at, updated_at) VALUES ('028806b1-cbec-47c0-af6e-b069972aa9d1', '2026-01-29', '10:00:00', '95a40469-08c8-43b8-aca1-d228dc44f459', '6eac4deb-7773-479f-a4b6-df1e7a32e813', '2026-01-16T12:38:17.579101', '2026-01-16T12:38:17.579101');
INSERT INTO movie_projections (id, projection_date, projection_time, cinema_hall_id, movie_id, created_at, updated_at) VALUES ('441c7b93-f0f8-4b81-ac6f-4dd50903e6c7', '2026-02-07', '13:00:00', '4d85d72c-3252-4ef1-a349-a2e94f785dca', '6eac4deb-7773-479f-a4b6-df1e7a32e813', '2026-01-16T12:38:17.579144', '2026-01-16T12:38:17.579144');
INSERT INTO movie_projections (id, projection_date, projection_time, cinema_hall_id, movie_id, created_at, updated_at) VALUES ('57cbac95-b7d3-40bc-a56c-b3ecdf3b3414', '2026-02-15', '16:00:00', 'a08d2ff1-cecc-401b-b457-97e4be978d28', '6eac4deb-7773-479f-a4b6-df1e7a32e813', '2026-01-16T12:38:17.579184', '2026-01-16T12:38:17.579184');
INSERT INTO movie_projections (id, projection_date, projection_time, cinema_hall_id, movie_id, created_at, updated_at) VALUES ('8a08e8f7-fbef-4a19-bba1-28e5742d8e48', '2026-02-10', '16:00:00', '37bef505-4764-486b-863c-2e07e5735ad6', '6eac4deb-7773-479f-a4b6-df1e7a32e813', '2026-01-16T12:38:17.579223', '2026-01-16T12:38:17.579223');
INSERT INTO movie_projections (id, projection_date, projection_time, cinema_hall_id, movie_id, created_at, updated_at) VALUES ('e1d65fc9-4d32-4ddf-90a4-09ce22a49979', '2026-02-16', '19:00:00', '2bb67be0-c4c9-450e-a08f-34a74859ab13', '6eac4deb-7773-479f-a4b6-df1e7a32e813', '2026-01-16T12:38:17.579264', '2026-01-16T12:38:17.579264');
INSERT INTO movie_projections (id, projection_date, projection_time, cinema_hall_id, movie_id, created_at, updated_at) VALUES ('56781e8c-9299-45b8-b0ad-caaa30d6df10', '2026-01-26', '10:00:00', '95a40469-08c8-43b8-aca1-d228dc44f459', '6eac4deb-7773-479f-a4b6-df1e7a32e813', '2026-01-16T12:38:17.579313', '2026-01-16T12:38:17.579313');
INSERT INTO movie_projections (id, projection_date, projection_time, cinema_hall_id, movie_id, created_at, updated_at) VALUES ('e0edafcc-8c1e-4fd3-9bdf-3764ad6df646', '2026-02-08', '10:00:00', '00c3d58b-3da5-4624-9282-ea69e7fc1d99', '6eac4deb-7773-479f-a4b6-df1e7a32e813', '2026-01-16T12:38:17.579360', '2026-01-16T12:38:17.579360');
INSERT INTO movie_projections (id, projection_date, projection_time, cinema_hall_id, movie_id, created_at, updated_at) VALUES ('72e047aa-b93b-4527-8c20-b794cf3414ab', '2026-01-19', '19:00:00', '00c3d58b-3da5-4624-9282-ea69e7fc1d99', '6eac4deb-7773-479f-a4b6-df1e7a32e813', '2026-01-16T12:38:17.579410', '2026-01-16T12:38:17.579410');
INSERT INTO movie_projections (id, projection_date, projection_time, cinema_hall_id, movie_id, created_at, updated_at) VALUES ('9f6f4893-cb9c-4158-9f75-f8c398a0bade', '2026-02-01', '19:00:00', '95a40469-08c8-43b8-aca1-d228dc44f459', '6eac4deb-7773-479f-a4b6-df1e7a32e813', '2026-01-16T12:38:17.579453', '2026-01-16T12:38:17.579453');
INSERT INTO movie_projections (id, projection_date, projection_time, cinema_hall_id, movie_id, created_at, updated_at) VALUES ('71665202-da36-4f34-a41f-b6e49f3a37ee', '2026-02-20', '19:00:00', '00c3d58b-3da5-4624-9282-ea69e7fc1d99', '6eac4deb-7773-479f-a4b6-df1e7a32e813', '2026-01-16T12:38:17.579535', '2026-01-16T12:38:17.579535');
INSERT INTO movie_projections (id, projection_date, projection_time, cinema_hall_id, movie_id, created_at, updated_at) VALUES ('53cc7175-fdc4-4a41-b9cf-bfd24427f6ad', '2026-02-08', '13:00:00', '2bb67be0-c4c9-450e-a08f-34a74859ab13', '6eac4deb-7773-479f-a4b6-df1e7a32e813', '2026-01-16T12:38:17.579583', '2026-01-16T12:38:17.579583');
INSERT INTO movie_projections (id, projection_date, projection_time, cinema_hall_id, movie_id, created_at, updated_at) VALUES ('8a22ce35-3212-4327-acea-4928c81cf1b6', '2026-02-04', '10:00:00', 'a08d2ff1-cecc-401b-b457-97e4be978d28', '6eac4deb-7773-479f-a4b6-df1e7a32e813', '2026-01-16T12:38:17.579627', '2026-01-16T12:38:17.579627');
INSERT INTO movie_projections (id, projection_date, projection_time, cinema_hall_id, movie_id, created_at, updated_at) VALUES ('834ca2ee-793b-4c4a-a038-4857bc655bf6', '2026-02-12', '10:00:00', '37bef505-4764-486b-863c-2e07e5735ad6', '6eac4deb-7773-479f-a4b6-df1e7a32e813', '2026-01-16T12:38:17.579669', '2026-01-16T12:38:17.579669');
INSERT INTO movie_projections (id, projection_date, projection_time, cinema_hall_id, movie_id, created_at, updated_at) VALUES ('ff64813a-2ea4-4f55-9b17-1c77fd1b1e6b', '2026-02-24', '13:00:00', 'a08d2ff1-cecc-401b-b457-97e4be978d28', '6eac4deb-7773-479f-a4b6-df1e7a32e813', '2026-01-16T12:38:17.579713', '2026-01-16T12:38:17.579713');
INSERT INTO movie_projections (id, projection_date, projection_time, cinema_hall_id, movie_id, created_at, updated_at) VALUES ('1aa60c44-c976-4cd0-820a-fdcd7784ac46', '2026-01-22', '13:00:00', '1e714225-1496-43fd-9e98-87119156b996', '6eac4deb-7773-479f-a4b6-df1e7a32e813', '2026-01-16T12:38:17.579756', '2026-01-16T12:38:17.579756');
INSERT INTO movie_projections (id, projection_date, projection_time, cinema_hall_id, movie_id, created_at, updated_at) VALUES ('f6327111-1f86-41ca-832e-f6eff39cf666', '2026-02-12', '16:00:00', 'c51828ef-d759-417f-8262-434db181d319', '6eac4deb-7773-479f-a4b6-df1e7a32e813', '2026-01-16T12:38:17.579799', '2026-01-16T12:38:17.579799');
INSERT INTO movie_projections (id, projection_date, projection_time, cinema_hall_id, movie_id, created_at, updated_at) VALUES ('a8d1234b-7d97-4aaf-bc63-9f6acd5e30a2', '2026-01-31', '13:00:00', 'e23c9391-1da5-4d00-b51b-59da746d6438', '6eac4deb-7773-479f-a4b6-df1e7a32e813', '2026-01-16T12:38:17.579850', '2026-01-16T12:38:17.579850');
INSERT INTO movie_projections (id, projection_date, projection_time, cinema_hall_id, movie_id, created_at, updated_at) VALUES ('34974a10-8522-4d23-b751-271d345f67ef', '2026-01-29', '13:00:00', '1e714225-1496-43fd-9e98-87119156b996', '6eac4deb-7773-479f-a4b6-df1e7a32e813', '2026-01-16T12:38:17.579896', '2026-01-16T12:38:17.579896');
INSERT INTO movie_projections (id, projection_date, projection_time, cinema_hall_id, movie_id, created_at, updated_at) VALUES ('ba730abe-15b3-4d99-b94a-36f3c6319d4f', '2026-01-25', '16:00:00', '95a40469-08c8-43b8-aca1-d228dc44f459', '6eac4deb-7773-479f-a4b6-df1e7a32e813', '2026-01-16T12:38:17.579938', '2026-01-16T12:38:17.579938');
INSERT INTO movie_projections (id, projection_date, projection_time, cinema_hall_id, movie_id, created_at, updated_at) VALUES ('689403b9-5a84-4ac1-8784-cc252647450e', '2026-01-27', '13:00:00', '1e714225-1496-43fd-9e98-87119156b996', '6eac4deb-7773-479f-a4b6-df1e7a32e813', '2026-01-16T12:38:17.579979', '2026-01-16T12:38:17.579979');
INSERT INTO movie_projections (id, projection_date, projection_time, cinema_hall_id, movie_id, created_at, updated_at) VALUES ('6a6567cb-69a3-43b3-9bd1-f4503771413b', '2026-02-15', '19:00:00', '2bb67be0-c4c9-450e-a08f-34a74859ab13', '6eac4deb-7773-479f-a4b6-df1e7a32e813', '2026-01-16T12:38:17.580015', '2026-01-16T12:38:17.580015');
INSERT INTO movie_projections (id, projection_date, projection_time, cinema_hall_id, movie_id, created_at, updated_at) VALUES ('35deffda-2e87-4ba4-8a56-78b39e37871c', '2026-01-24', '19:00:00', '00c3d58b-3da5-4624-9282-ea69e7fc1d99', '6eac4deb-7773-479f-a4b6-df1e7a32e813', '2026-01-16T12:38:17.580060', '2026-01-16T12:38:17.580060');
INSERT INTO movie_projections (id, projection_date, projection_time, cinema_hall_id, movie_id, created_at, updated_at) VALUES ('c1c698b6-701b-4af6-91b3-7092fe9d2855', '2026-01-20', '19:00:00', 'c51828ef-d759-417f-8262-434db181d319', '6eac4deb-7773-479f-a4b6-df1e7a32e813', '2026-01-16T12:38:17.580097', '2026-01-16T12:38:17.580097');
INSERT INTO movie_projections (id, projection_date, projection_time, cinema_hall_id, movie_id, created_at, updated_at) VALUES ('0eccce41-df6b-4ff0-8e2c-71d8480ccd0a', '2026-02-16', '16:00:00', '52cd97ab-39f3-4636-8ef4-2def4b33a8b7', '6eac4deb-7773-479f-a4b6-df1e7a32e813', '2026-01-16T12:38:17.580134', '2026-01-16T12:38:17.580134');
INSERT INTO movie_projections (id, projection_date, projection_time, cinema_hall_id, movie_id, created_at, updated_at) VALUES ('a835a7bd-1cdf-452d-b41f-14c3b30a9552', '2026-01-31', '13:00:00', '37bef505-4764-486b-863c-2e07e5735ad6', '7baf51c9-448d-4a54-bf46-73b27893e54a', '2026-01-16T12:38:17.580177', '2026-01-16T12:38:17.580177');
INSERT INTO movie_projections (id, projection_date, projection_time, cinema_hall_id, movie_id, created_at, updated_at) VALUES ('bec37f25-5b8c-498c-9942-3f544e44eb7f', '2026-02-09', '13:00:00', '95a40469-08c8-43b8-aca1-d228dc44f459', '7baf51c9-448d-4a54-bf46-73b27893e54a', '2026-01-16T12:38:17.580213', '2026-01-16T12:38:17.580213');
INSERT INTO movie_projections (id, projection_date, projection_time, cinema_hall_id, movie_id, created_at, updated_at) VALUES ('0652d11e-cca1-4e91-ba5e-5ab3a93f0cc9', '2026-01-28', '19:00:00', 'eca43c94-9e26-4693-a739-6e0b4a98ccdb', '7baf51c9-448d-4a54-bf46-73b27893e54a', '2026-01-16T12:38:17.580252', '2026-01-16T12:38:17.580252');
INSERT INTO movie_projections (id, projection_date, projection_time, cinema_hall_id, movie_id, created_at, updated_at) VALUES ('41dd6c92-cc5e-4da9-b3cb-95fc83b39ffb', '2026-01-17', '13:00:00', '52cd97ab-39f3-4636-8ef4-2def4b33a8b7', '7baf51c9-448d-4a54-bf46-73b27893e54a', '2026-01-16T12:38:17.580290', '2026-01-16T12:38:17.580290');
INSERT INTO movie_projections (id, projection_date, projection_time, cinema_hall_id, movie_id, created_at, updated_at) VALUES ('e18d736b-60f0-4c88-a39d-6dbf770e6189', '2026-02-09', '16:00:00', 'e23c9391-1da5-4d00-b51b-59da746d6438', '7baf51c9-448d-4a54-bf46-73b27893e54a', '2026-01-16T12:38:17.580324', '2026-01-16T12:38:17.580324');
INSERT INTO movie_projections (id, projection_date, projection_time, cinema_hall_id, movie_id, created_at, updated_at) VALUES ('6e1e10c1-5aad-4e2d-b991-51e74c51feb7', '2026-02-21', '16:00:00', 'a08d2ff1-cecc-401b-b457-97e4be978d28', '7baf51c9-448d-4a54-bf46-73b27893e54a', '2026-01-16T12:38:17.580364', '2026-01-16T12:38:17.580364');
INSERT INTO movie_projections (id, projection_date, projection_time, cinema_hall_id, movie_id, created_at, updated_at) VALUES ('8ca2b3c2-3de6-4af3-9551-52217cc2533d', '2026-02-04', '10:00:00', '2bb67be0-c4c9-450e-a08f-34a74859ab13', '7baf51c9-448d-4a54-bf46-73b27893e54a', '2026-01-16T12:38:17.580407', '2026-01-16T12:38:17.580407');
INSERT INTO movie_projections (id, projection_date, projection_time, cinema_hall_id, movie_id, created_at, updated_at) VALUES ('ff81016f-be63-4dbc-81ef-1b2011647313', '2026-02-19', '10:00:00', '00c3d58b-3da5-4624-9282-ea69e7fc1d99', '7baf51c9-448d-4a54-bf46-73b27893e54a', '2026-01-16T12:38:17.580441', '2026-01-16T12:38:17.580441');
INSERT INTO movie_projections (id, projection_date, projection_time, cinema_hall_id, movie_id, created_at, updated_at) VALUES ('80f4b1f5-f91c-41a5-8018-735652f45faf', '2026-02-19', '16:00:00', '4d85d72c-3252-4ef1-a349-a2e94f785dca', '7baf51c9-448d-4a54-bf46-73b27893e54a', '2026-01-16T12:38:17.580464', '2026-01-16T12:38:17.580464');
INSERT INTO movie_projections (id, projection_date, projection_time, cinema_hall_id, movie_id, created_at, updated_at) VALUES ('819927a8-26e1-4d71-bba6-ea4b116bee87', '2026-01-26', '16:00:00', 'a08d2ff1-cecc-401b-b457-97e4be978d28', '7baf51c9-448d-4a54-bf46-73b27893e54a', '2026-01-16T12:38:17.580491', '2026-01-16T12:38:17.580491');
INSERT INTO movie_projections (id, projection_date, projection_time, cinema_hall_id, movie_id, created_at, updated_at) VALUES ('999216ab-71fb-4d53-861d-6262ce6ba0ca', '2026-01-21', '19:00:00', 'e23c9391-1da5-4d00-b51b-59da746d6438', '7baf51c9-448d-4a54-bf46-73b27893e54a', '2026-01-16T12:38:17.580513', '2026-01-16T12:38:17.580513');
INSERT INTO movie_projections (id, projection_date, projection_time, cinema_hall_id, movie_id, created_at, updated_at) VALUES ('7efcb5fc-6940-42b2-9849-14831715f378', '2026-01-25', '19:00:00', 'e23c9391-1da5-4d00-b51b-59da746d6438', '7baf51c9-448d-4a54-bf46-73b27893e54a', '2026-01-16T12:38:17.580537', '2026-01-16T12:38:17.580537');
INSERT INTO movie_projections (id, projection_date, projection_time, cinema_hall_id, movie_id, created_at, updated_at) VALUES ('5f2d9aca-afd4-4bdc-bbfd-9f9e8c933e04', '2026-02-18', '10:00:00', 'a08d2ff1-cecc-401b-b457-97e4be978d28', '7baf51c9-448d-4a54-bf46-73b27893e54a', '2026-01-16T12:38:17.580560', '2026-01-16T12:38:17.580560');
INSERT INTO movie_projections (id, projection_date, projection_time, cinema_hall_id, movie_id, created_at, updated_at) VALUES ('4f038c67-9f2d-4fcf-a414-fb4ca9bb0ccb', '2026-02-10', '10:00:00', 'c51828ef-d759-417f-8262-434db181d319', '7baf51c9-448d-4a54-bf46-73b27893e54a', '2026-01-16T12:38:17.580587', '2026-01-16T12:38:17.580587');
INSERT INTO movie_projections (id, projection_date, projection_time, cinema_hall_id, movie_id, created_at, updated_at) VALUES ('69db18e2-b7a2-4f86-8507-3e7ba3cdc569', '2026-01-27', '16:00:00', '95a40469-08c8-43b8-aca1-d228dc44f459', '7baf51c9-448d-4a54-bf46-73b27893e54a', '2026-01-16T12:38:17.580610', '2026-01-16T12:38:17.580610');
INSERT INTO movie_projections (id, projection_date, projection_time, cinema_hall_id, movie_id, created_at, updated_at) VALUES ('495e2d1b-1077-4222-b9d2-1547983d9f29', '2026-01-29', '13:00:00', 'e23c9391-1da5-4d00-b51b-59da746d6438', '7baf51c9-448d-4a54-bf46-73b27893e54a', '2026-01-16T12:38:17.580632', '2026-01-16T12:38:17.580632');
INSERT INTO movie_projections (id, projection_date, projection_time, cinema_hall_id, movie_id, created_at, updated_at) VALUES ('ceccb5db-2017-40b0-8326-ac469c40f15c', '2026-02-13', '13:00:00', 'e23c9391-1da5-4d00-b51b-59da746d6438', '7baf51c9-448d-4a54-bf46-73b27893e54a', '2026-01-16T12:38:17.580654', '2026-01-16T12:38:17.580654');
INSERT INTO movie_projections (id, projection_date, projection_time, cinema_hall_id, movie_id, created_at, updated_at) VALUES ('3dba13ee-dbe9-4828-8118-65c2126e5655', '2026-01-25', '16:00:00', '4d85d72c-3252-4ef1-a349-a2e94f785dca', '7baf51c9-448d-4a54-bf46-73b27893e54a', '2026-01-16T12:38:17.580676', '2026-01-16T12:38:17.580676');
INSERT INTO movie_projections (id, projection_date, projection_time, cinema_hall_id, movie_id, created_at, updated_at) VALUES ('29ee4142-ffe4-46bf-87f2-371a60d3be15', '2026-01-16', '13:00:00', 'e23c9391-1da5-4d00-b51b-59da746d6438', '7baf51c9-448d-4a54-bf46-73b27893e54a', '2026-01-16T12:38:17.580698', '2026-01-16T12:38:17.580698');
INSERT INTO movie_projections (id, projection_date, projection_time, cinema_hall_id, movie_id, created_at, updated_at) VALUES ('78cb18dc-b074-4dae-852e-b85d65e50ff4', '2026-01-18', '19:00:00', '2bb67be0-c4c9-450e-a08f-34a74859ab13', '7baf51c9-448d-4a54-bf46-73b27893e54a', '2026-01-16T12:38:17.580722', '2026-01-16T12:38:17.580722');
INSERT INTO movie_projections (id, projection_date, projection_time, cinema_hall_id, movie_id, created_at, updated_at) VALUES ('f3c4e970-0dbc-4675-b231-5f9a26bd019e', '2026-01-21', '19:00:00', '00c3d58b-3da5-4624-9282-ea69e7fc1d99', '7baf51c9-448d-4a54-bf46-73b27893e54a', '2026-01-16T12:38:17.580744', '2026-01-16T12:38:17.580744');
INSERT INTO movie_projections (id, projection_date, projection_time, cinema_hall_id, movie_id, created_at, updated_at) VALUES ('202f1812-2786-489e-b87c-38a5d4dcd621', '2026-02-05', '16:00:00', '1e714225-1496-43fd-9e98-87119156b996', '7baf51c9-448d-4a54-bf46-73b27893e54a', '2026-01-16T12:38:17.580766', '2026-01-16T12:38:17.580766');
INSERT INTO movie_projections (id, projection_date, projection_time, cinema_hall_id, movie_id, created_at, updated_at) VALUES ('cdacf80e-3514-42bd-aea5-16dd4b0e0a1e', '2026-01-30', '19:00:00', '2bb67be0-c4c9-450e-a08f-34a74859ab13', '7baf51c9-448d-4a54-bf46-73b27893e54a', '2026-01-16T12:38:17.580790', '2026-01-16T12:38:17.580790');
INSERT INTO movie_projections (id, projection_date, projection_time, cinema_hall_id, movie_id, created_at, updated_at) VALUES ('dcc48dde-1d3b-45f5-ae17-741b11c83665', '2026-02-15', '13:00:00', '00c3d58b-3da5-4624-9282-ea69e7fc1d99', '7baf51c9-448d-4a54-bf46-73b27893e54a', '2026-01-16T12:38:17.580817', '2026-01-16T12:38:17.580817');
INSERT INTO movie_projections (id, projection_date, projection_time, cinema_hall_id, movie_id, created_at, updated_at) VALUES ('22ebfa18-6c66-4813-9eb3-98e9adc840ef', '2026-02-19', '13:00:00', '2bb67be0-c4c9-450e-a08f-34a74859ab13', '7baf51c9-448d-4a54-bf46-73b27893e54a', '2026-01-16T12:38:17.580839', '2026-01-16T12:38:17.580839');
INSERT INTO movie_projections (id, projection_date, projection_time, cinema_hall_id, movie_id, created_at, updated_at) VALUES ('49dc957d-88b5-43b5-9328-f08d4652f035', '2026-01-23', '19:00:00', '37bef505-4764-486b-863c-2e07e5735ad6', '7baf51c9-448d-4a54-bf46-73b27893e54a', '2026-01-16T12:38:17.580861', '2026-01-16T12:38:17.580861');
INSERT INTO movie_projections (id, projection_date, projection_time, cinema_hall_id, movie_id, created_at, updated_at) VALUES ('6aadf24a-dcd0-4ac0-8c1d-d2bbf9396ffc', '2026-02-21', '10:00:00', '2bb67be0-c4c9-450e-a08f-34a74859ab13', '7baf51c9-448d-4a54-bf46-73b27893e54a', '2026-01-16T12:38:17.580883', '2026-01-16T12:38:17.580883');
INSERT INTO movie_projections (id, projection_date, projection_time, cinema_hall_id, movie_id, created_at, updated_at) VALUES ('8aebbc49-a4db-44ec-acda-cfa62f14f345', '2026-02-08', '16:00:00', '4d85d72c-3252-4ef1-a349-a2e94f785dca', '7baf51c9-448d-4a54-bf46-73b27893e54a', '2026-01-16T12:38:17.580907', '2026-01-16T12:38:17.580907');
INSERT INTO movie_projections (id, projection_date, projection_time, cinema_hall_id, movie_id, created_at, updated_at) VALUES ('8d2298fe-4f7e-41ba-bab7-c46946b80ea9', '2026-02-01', '13:00:00', '4d85d72c-3252-4ef1-a349-a2e94f785dca', '7baf51c9-448d-4a54-bf46-73b27893e54a', '2026-01-16T12:38:17.580933', '2026-01-16T12:38:17.580933');
INSERT INTO movie_projections (id, projection_date, projection_time, cinema_hall_id, movie_id, created_at, updated_at) VALUES ('1223a1a2-40e9-43fa-9ca1-a95b2daaaa65', '2026-01-30', '16:00:00', '2bb67be0-c4c9-450e-a08f-34a74859ab13', '7baf51c9-448d-4a54-bf46-73b27893e54a', '2026-01-16T12:38:17.580956', '2026-01-16T12:38:17.580956');
INSERT INTO movie_projections (id, projection_date, projection_time, cinema_hall_id, movie_id, created_at, updated_at) VALUES ('3b37e298-1afd-453e-9ff2-aac8d2fd42b3', '2026-02-01', '16:00:00', '4d85d72c-3252-4ef1-a349-a2e94f785dca', '7baf51c9-448d-4a54-bf46-73b27893e54a', '2026-01-16T12:38:17.580978', '2026-01-16T12:38:17.580978');
INSERT INTO movie_projections (id, projection_date, projection_time, cinema_hall_id, movie_id, created_at, updated_at) VALUES ('83328924-aa09-4273-a0f0-16aff3ca41f7', '2026-02-17', '16:00:00', 'eca43c94-9e26-4693-a739-6e0b4a98ccdb', '7baf51c9-448d-4a54-bf46-73b27893e54a', '2026-01-16T12:38:17.581000', '2026-01-16T12:38:17.581000');
INSERT INTO movie_projections (id, projection_date, projection_time, cinema_hall_id, movie_id, created_at, updated_at) VALUES ('bb98b920-f0b6-4e53-9d03-a011477baa24', '2026-02-09', '19:00:00', '2bb67be0-c4c9-450e-a08f-34a74859ab13', '7baf51c9-448d-4a54-bf46-73b27893e54a', '2026-01-16T12:38:17.581022', '2026-01-16T12:38:17.581022');
INSERT INTO movie_projections (id, projection_date, projection_time, cinema_hall_id, movie_id, created_at, updated_at) VALUES ('c42f0a57-9076-45a3-9db3-6bbee07e11b6', '2026-01-24', '16:00:00', '95a40469-08c8-43b8-aca1-d228dc44f459', '7baf51c9-448d-4a54-bf46-73b27893e54a', '2026-01-16T12:38:17.581044', '2026-01-16T12:38:17.581044');
INSERT INTO movie_projections (id, projection_date, projection_time, cinema_hall_id, movie_id, created_at, updated_at) VALUES ('83e3f332-8c4f-4dd9-a8c5-ae4c15fae3cc', '2026-01-29', '16:00:00', 'eca43c94-9e26-4693-a739-6e0b4a98ccdb', '7baf51c9-448d-4a54-bf46-73b27893e54a', '2026-01-16T12:38:17.581069', '2026-01-16T12:38:17.581069');
INSERT INTO movie_projections (id, projection_date, projection_time, cinema_hall_id, movie_id, created_at, updated_at) VALUES ('45ad3d78-77dd-4c9b-9f5e-3e4ffd962278', '2026-02-24', '10:00:00', '52cd97ab-39f3-4636-8ef4-2def4b33a8b7', '7baf51c9-448d-4a54-bf46-73b27893e54a', '2026-01-16T12:38:17.581094', '2026-01-16T12:38:17.581094');
INSERT INTO movie_projections (id, projection_date, projection_time, cinema_hall_id, movie_id, created_at, updated_at) VALUES ('e278486a-14a0-423b-97f5-ef995a9ad797', '2026-02-06', '10:00:00', '1e714225-1496-43fd-9e98-87119156b996', '7baf51c9-448d-4a54-bf46-73b27893e54a', '2026-01-16T12:38:17.581116', '2026-01-16T12:38:17.581116');
INSERT INTO movie_projections (id, projection_date, projection_time, cinema_hall_id, movie_id, created_at, updated_at) VALUES ('98b17589-44cd-45c0-9b5f-3c653c5f4fe6', '2026-01-30', '13:00:00', 'e23c9391-1da5-4d00-b51b-59da746d6438', '7baf51c9-448d-4a54-bf46-73b27893e54a', '2026-01-16T12:38:17.581138', '2026-01-16T12:38:17.581138');
INSERT INTO movie_projections (id, projection_date, projection_time, cinema_hall_id, movie_id, created_at, updated_at) VALUES ('aedeec91-8479-40e5-9dbb-6f403edb1d83', '2026-02-06', '19:00:00', '52cd97ab-39f3-4636-8ef4-2def4b33a8b7', '7baf51c9-448d-4a54-bf46-73b27893e54a', '2026-01-16T12:38:17.581160', '2026-01-16T12:38:17.581160');
INSERT INTO movie_projections (id, projection_date, projection_time, cinema_hall_id, movie_id, created_at, updated_at) VALUES ('b16e8586-0fcc-423f-85e8-286f26310477', '2026-01-23', '13:00:00', 'a08d2ff1-cecc-401b-b457-97e4be978d28', '7baf51c9-448d-4a54-bf46-73b27893e54a', '2026-01-16T12:38:17.581182', '2026-01-16T12:38:17.581182');
INSERT INTO movie_projections (id, projection_date, projection_time, cinema_hall_id, movie_id, created_at, updated_at) VALUES ('e6b0c655-baad-4d6f-8a25-466ce6be75c3', '2026-03-31', '10:00:00', '2bb67be0-c4c9-450e-a08f-34a74859ab13', '4e8fed90-abba-49cb-b11e-9dcf1f2f4d24', '2026-01-16T12:38:17.581207', '2026-01-16T12:38:17.581207');
INSERT INTO movie_projections (id, projection_date, projection_time, cinema_hall_id, movie_id, created_at, updated_at) VALUES ('b2b11f2f-c38d-46e7-bd76-634aa40c9d4e', '2026-03-19', '16:00:00', 'e23c9391-1da5-4d00-b51b-59da746d6438', '4e8fed90-abba-49cb-b11e-9dcf1f2f4d24', '2026-01-16T12:38:17.581259', '2026-01-16T12:38:17.581259');
INSERT INTO movie_projections (id, projection_date, projection_time, cinema_hall_id, movie_id, created_at, updated_at) VALUES ('6d2605a6-fb40-4c3d-9a38-236024e18dc1', '2026-04-11', '10:00:00', '52cd97ab-39f3-4636-8ef4-2def4b33a8b7', '4e8fed90-abba-49cb-b11e-9dcf1f2f4d24', '2026-01-16T12:38:17.581282', '2026-01-16T12:38:17.581282');
INSERT INTO movie_projections (id, projection_date, projection_time, cinema_hall_id, movie_id, created_at, updated_at) VALUES ('71260d5f-696f-4d9a-9801-acd0f2599d54', '2026-03-16', '16:00:00', '95a40469-08c8-43b8-aca1-d228dc44f459', '4e8fed90-abba-49cb-b11e-9dcf1f2f4d24', '2026-01-16T12:38:17.581307', '2026-01-16T12:38:17.581307');
INSERT INTO movie_projections (id, projection_date, projection_time, cinema_hall_id, movie_id, created_at, updated_at) VALUES ('7ff91485-3226-4662-b6ad-6b9dbe4b6dab', '2026-03-24', '13:00:00', 'a08d2ff1-cecc-401b-b457-97e4be978d28', '4e8fed90-abba-49cb-b11e-9dcf1f2f4d24', '2026-01-16T12:38:17.581334', '2026-01-16T12:38:17.581334');
INSERT INTO movie_projections (id, projection_date, projection_time, cinema_hall_id, movie_id, created_at, updated_at) VALUES ('21746737-7a4d-49a5-a6e4-ba4c6e99b221', '2026-02-25', '19:00:00', '37bef505-4764-486b-863c-2e07e5735ad6', '4e8fed90-abba-49cb-b11e-9dcf1f2f4d24', '2026-01-16T12:38:17.581357', '2026-01-16T12:38:17.581357');
INSERT INTO movie_projections (id, projection_date, projection_time, cinema_hall_id, movie_id, created_at, updated_at) VALUES ('af25ef25-4a1b-4222-9cd1-2dc846004d90', '2026-02-25', '10:00:00', '4d85d72c-3252-4ef1-a349-a2e94f785dca', '4e8fed90-abba-49cb-b11e-9dcf1f2f4d24', '2026-01-16T12:38:17.581378', '2026-01-16T12:38:17.581378');
INSERT INTO movie_projections (id, projection_date, projection_time, cinema_hall_id, movie_id, created_at, updated_at) VALUES ('eab81f49-5b0e-4fb3-87c6-b0ab8bd8733d', '2026-04-27', '13:00:00', '00c3d58b-3da5-4624-9282-ea69e7fc1d99', '4e8fed90-abba-49cb-b11e-9dcf1f2f4d24', '2026-01-16T12:38:17.581401', '2026-01-16T12:38:17.581401');
INSERT INTO movie_projections (id, projection_date, projection_time, cinema_hall_id, movie_id, created_at, updated_at) VALUES ('64d0e395-7fea-4d07-9db5-473a500a9876', '2026-03-18', '10:00:00', '1e714225-1496-43fd-9e98-87119156b996', '4e8fed90-abba-49cb-b11e-9dcf1f2f4d24', '2026-01-16T12:38:17.581423', '2026-01-16T12:38:17.581423');
INSERT INTO movie_projections (id, projection_date, projection_time, cinema_hall_id, movie_id, created_at, updated_at) VALUES ('dcddfb36-82d5-429c-90a8-97b0cb346e0d', '2026-03-14', '13:00:00', '1e714225-1496-43fd-9e98-87119156b996', '4e8fed90-abba-49cb-b11e-9dcf1f2f4d24', '2026-01-16T12:38:17.581446', '2026-01-16T12:38:17.581446');
INSERT INTO movie_projections (id, projection_date, projection_time, cinema_hall_id, movie_id, created_at, updated_at) VALUES ('a36a8e95-ab4c-4a23-ae1e-1e1d0d0c7222', '2026-03-16', '16:00:00', '37bef505-4764-486b-863c-2e07e5735ad6', '4e8fed90-abba-49cb-b11e-9dcf1f2f4d24', '2026-01-16T12:38:17.581468', '2026-01-16T12:38:17.581468');
INSERT INTO movie_projections (id, projection_date, projection_time, cinema_hall_id, movie_id, created_at, updated_at) VALUES ('1411018a-f02d-4de8-b8f4-da0ef86f1704', '2026-04-19', '19:00:00', '00c3d58b-3da5-4624-9282-ea69e7fc1d99', '4e8fed90-abba-49cb-b11e-9dcf1f2f4d24', '2026-01-16T12:38:17.581496', '2026-01-16T12:38:17.581496');
INSERT INTO movie_projections (id, projection_date, projection_time, cinema_hall_id, movie_id, created_at, updated_at) VALUES ('d2f07eb0-bb59-4877-b821-52c99491a674', '2026-04-16', '19:00:00', '2bb67be0-c4c9-450e-a08f-34a74859ab13', '4e8fed90-abba-49cb-b11e-9dcf1f2f4d24', '2026-01-16T12:38:17.581519', '2026-01-16T12:38:17.581519');
INSERT INTO movie_projections (id, projection_date, projection_time, cinema_hall_id, movie_id, created_at, updated_at) VALUES ('4067e36c-dee0-4c2e-bd55-b833ba72adb7', '2026-03-05', '16:00:00', '95a40469-08c8-43b8-aca1-d228dc44f459', '4e8fed90-abba-49cb-b11e-9dcf1f2f4d24', '2026-01-16T12:38:17.581541', '2026-01-16T12:38:17.581541');
INSERT INTO movie_projections (id, projection_date, projection_time, cinema_hall_id, movie_id, created_at, updated_at) VALUES ('6f58bd2a-e474-48a2-8f01-8b582aad706b', '2026-03-27', '16:00:00', 'eca43c94-9e26-4693-a739-6e0b4a98ccdb', '4e8fed90-abba-49cb-b11e-9dcf1f2f4d24', '2026-01-16T12:38:17.581564', '2026-01-16T12:38:17.581564');
INSERT INTO movie_projections (id, projection_date, projection_time, cinema_hall_id, movie_id, created_at, updated_at) VALUES ('c6d7fa74-4fe3-4f40-8899-294e049b8c53', '2026-03-29', '16:00:00', '00c3d58b-3da5-4624-9282-ea69e7fc1d99', '4e8fed90-abba-49cb-b11e-9dcf1f2f4d24', '2026-01-16T12:38:17.581590', '2026-01-16T12:38:17.581590');
INSERT INTO movie_projections (id, projection_date, projection_time, cinema_hall_id, movie_id, created_at, updated_at) VALUES ('68d1009c-1e85-4790-b606-299432f6b808', '2026-04-16', '19:00:00', '4d85d72c-3252-4ef1-a349-a2e94f785dca', '4e8fed90-abba-49cb-b11e-9dcf1f2f4d24', '2026-01-16T12:38:17.581613', '2026-01-16T12:38:17.581613');
INSERT INTO movie_projections (id, projection_date, projection_time, cinema_hall_id, movie_id, created_at, updated_at) VALUES ('ac0b1710-248c-4e1f-8774-711c0876d511', '2026-03-10', '19:00:00', '52cd97ab-39f3-4636-8ef4-2def4b33a8b7', '4e8fed90-abba-49cb-b11e-9dcf1f2f4d24', '2026-01-16T12:38:17.581636', '2026-01-16T12:38:17.581636');
INSERT INTO movie_projections (id, projection_date, projection_time, cinema_hall_id, movie_id, created_at, updated_at) VALUES ('ed5017e7-2aaa-4f5d-9d54-8851c3770564', '2026-03-05', '10:00:00', 'c51828ef-d759-417f-8262-434db181d319', '4e8fed90-abba-49cb-b11e-9dcf1f2f4d24', '2026-01-16T12:38:17.581658', '2026-01-16T12:38:17.581658');
INSERT INTO movie_projections (id, projection_date, projection_time, cinema_hall_id, movie_id, created_at, updated_at) VALUES ('890f7283-c73c-4c40-b803-2e156c6abb5e', '2026-04-03', '19:00:00', '00c3d58b-3da5-4624-9282-ea69e7fc1d99', '4e8fed90-abba-49cb-b11e-9dcf1f2f4d24', '2026-01-16T12:38:17.581688', '2026-01-16T12:38:17.581688');
INSERT INTO movie_projections (id, projection_date, projection_time, cinema_hall_id, movie_id, created_at, updated_at) VALUES ('cc1e4d10-88f7-4458-bfa1-b631fb8a770c', '2026-03-18', '13:00:00', '52cd97ab-39f3-4636-8ef4-2def4b33a8b7', '4e8fed90-abba-49cb-b11e-9dcf1f2f4d24', '2026-01-16T12:38:17.581715', '2026-01-16T12:38:17.581715');
INSERT INTO movie_projections (id, projection_date, projection_time, cinema_hall_id, movie_id, created_at, updated_at) VALUES ('d535eb9e-6cf8-4928-949b-5a91059ed640', '2026-04-03', '13:00:00', '4d85d72c-3252-4ef1-a349-a2e94f785dca', '4e8fed90-abba-49cb-b11e-9dcf1f2f4d24', '2026-01-16T12:38:17.581738', '2026-01-16T12:38:17.581738');
INSERT INTO movie_projections (id, projection_date, projection_time, cinema_hall_id, movie_id, created_at, updated_at) VALUES ('383b75dd-ba65-41af-b26d-3e9de5cc1251', '2026-03-06', '13:00:00', '52cd97ab-39f3-4636-8ef4-2def4b33a8b7', '4e8fed90-abba-49cb-b11e-9dcf1f2f4d24', '2026-01-16T12:38:17.581760', '2026-01-16T12:38:17.581760');
INSERT INTO movie_projections (id, projection_date, projection_time, cinema_hall_id, movie_id, created_at, updated_at) VALUES ('652b77a7-b7ac-4b35-bf51-e8e2f57273c1', '2026-04-26', '19:00:00', '37bef505-4764-486b-863c-2e07e5735ad6', '4e8fed90-abba-49cb-b11e-9dcf1f2f4d24', '2026-01-16T12:38:17.581782', '2026-01-16T12:38:17.581782');
INSERT INTO movie_projections (id, projection_date, projection_time, cinema_hall_id, movie_id, created_at, updated_at) VALUES ('baa6bf16-648a-44d1-bd9b-0a91c62407e1', '2026-04-24', '13:00:00', '1e714225-1496-43fd-9e98-87119156b996', '4e8fed90-abba-49cb-b11e-9dcf1f2f4d24', '2026-01-16T12:38:17.581804', '2026-01-16T12:38:17.581804');
INSERT INTO movie_projections (id, projection_date, projection_time, cinema_hall_id, movie_id, created_at, updated_at) VALUES ('85435196-c7eb-4a2f-a537-04b21a9d737f', '2026-03-18', '13:00:00', 'eca43c94-9e26-4693-a739-6e0b4a98ccdb', '4e8fed90-abba-49cb-b11e-9dcf1f2f4d24', '2026-01-16T12:38:17.581830', '2026-01-16T12:38:17.581830');
INSERT INTO movie_projections (id, projection_date, projection_time, cinema_hall_id, movie_id, created_at, updated_at) VALUES ('d979a2db-153d-4dd0-a269-d34952524fcf', '2026-03-03', '16:00:00', '2bb67be0-c4c9-450e-a08f-34a74859ab13', '4e8fed90-abba-49cb-b11e-9dcf1f2f4d24', '2026-01-16T12:38:17.581853', '2026-01-16T12:38:17.581853');
INSERT INTO movie_projections (id, projection_date, projection_time, cinema_hall_id, movie_id, created_at, updated_at) VALUES ('67a1fd7b-3da0-4ddb-b398-47d47b6ee1a4', '2026-03-22', '16:00:00', '52cd97ab-39f3-4636-8ef4-2def4b33a8b7', '4e8fed90-abba-49cb-b11e-9dcf1f2f4d24', '2026-01-16T12:38:17.581877', '2026-01-16T12:38:17.581877');
INSERT INTO movie_projections (id, projection_date, projection_time, cinema_hall_id, movie_id, created_at, updated_at) VALUES ('602249b0-4c48-491e-b834-983c7ef8b7e5', '2026-04-27', '19:00:00', 'eca43c94-9e26-4693-a739-6e0b4a98ccdb', '4e8fed90-abba-49cb-b11e-9dcf1f2f4d24', '2026-01-16T12:38:17.581899', '2026-01-16T12:38:17.581899');
INSERT INTO movie_projections (id, projection_date, projection_time, cinema_hall_id, movie_id, created_at, updated_at) VALUES ('02fd1532-0218-481b-8296-67487c09873b', '2026-04-13', '13:00:00', '00c3d58b-3da5-4624-9282-ea69e7fc1d99', '4e8fed90-abba-49cb-b11e-9dcf1f2f4d24', '2026-01-16T12:38:17.581922', '2026-01-16T12:38:17.581922');
INSERT INTO movie_projections (id, projection_date, projection_time, cinema_hall_id, movie_id, created_at, updated_at) VALUES ('18cd6ccc-40ae-4b26-b5a9-dae964530bf8', '2026-03-24', '19:00:00', '37bef505-4764-486b-863c-2e07e5735ad6', '4e8fed90-abba-49cb-b11e-9dcf1f2f4d24', '2026-01-16T12:38:17.581944', '2026-01-16T12:38:17.581944');
INSERT INTO movie_projections (id, projection_date, projection_time, cinema_hall_id, movie_id, created_at, updated_at) VALUES ('a89f83b5-68c9-4db4-9ea0-1cb0fff4d83f', '2026-04-26', '13:00:00', '1e714225-1496-43fd-9e98-87119156b996', '4e8fed90-abba-49cb-b11e-9dcf1f2f4d24', '2026-01-16T12:38:17.581966', '2026-01-16T12:38:17.581966');
INSERT INTO movie_projections (id, projection_date, projection_time, cinema_hall_id, movie_id, created_at, updated_at) VALUES ('cb9581da-710b-48e1-a092-310cbe50e05d', '2026-03-19', '13:00:00', 'c51828ef-d759-417f-8262-434db181d319', '4e8fed90-abba-49cb-b11e-9dcf1f2f4d24', '2026-01-16T12:38:17.581988', '2026-01-16T12:38:17.581988');
INSERT INTO movie_projections (id, projection_date, projection_time, cinema_hall_id, movie_id, created_at, updated_at) VALUES ('52e72540-af0f-4874-a852-4762c2f1b8ed', '2026-04-21', '13:00:00', 'eca43c94-9e26-4693-a739-6e0b4a98ccdb', '4e8fed90-abba-49cb-b11e-9dcf1f2f4d24', '2026-01-16T12:38:17.582011', '2026-01-16T12:38:17.582011');
INSERT INTO movie_projections (id, projection_date, projection_time, cinema_hall_id, movie_id, created_at, updated_at) VALUES ('c368e086-5888-4b40-be1e-da6fdc02eea3', '2026-03-21', '10:00:00', '00c3d58b-3da5-4624-9282-ea69e7fc1d99', '4e8fed90-abba-49cb-b11e-9dcf1f2f4d24', '2026-01-16T12:38:17.582033', '2026-01-16T12:38:17.582033');
INSERT INTO movie_projections (id, projection_date, projection_time, cinema_hall_id, movie_id, created_at, updated_at) VALUES ('8122ce56-9696-4768-a0e8-ade13b634230', '2026-03-26', '19:00:00', '2bb67be0-c4c9-450e-a08f-34a74859ab13', '4e8fed90-abba-49cb-b11e-9dcf1f2f4d24', '2026-01-16T12:38:17.582057', '2026-01-16T12:38:17.582057');
INSERT INTO movie_projections (id, projection_date, projection_time, cinema_hall_id, movie_id, created_at, updated_at) VALUES ('18319262-c394-45fe-9cea-8903ccd386ea', '2026-03-20', '16:00:00', 'eca43c94-9e26-4693-a739-6e0b4a98ccdb', '4e8fed90-abba-49cb-b11e-9dcf1f2f4d24', '2026-01-16T12:38:17.582084', '2026-01-16T12:38:17.582084');
INSERT INTO movie_projections (id, projection_date, projection_time, cinema_hall_id, movie_id, created_at, updated_at) VALUES ('43d75a35-b894-4428-804d-b3827e5f7887', '2026-04-29', '10:00:00', '37bef505-4764-486b-863c-2e07e5735ad6', '4e8fed90-abba-49cb-b11e-9dcf1f2f4d24', '2026-01-16T12:38:17.582107', '2026-01-16T12:38:17.582107');
INSERT INTO movie_projections (id, projection_date, projection_time, cinema_hall_id, movie_id, created_at, updated_at) VALUES ('1d0a9d64-ce0a-4bbe-b4ac-95699f6561b7', '2026-03-26', '10:00:00', '00c3d58b-3da5-4624-9282-ea69e7fc1d99', '4e8fed90-abba-49cb-b11e-9dcf1f2f4d24', '2026-01-16T12:38:17.582129', '2026-01-16T12:38:17.582129');
INSERT INTO movie_projections (id, projection_date, projection_time, cinema_hall_id, movie_id, created_at, updated_at) VALUES ('b95327ae-b56b-4ae7-bcd9-b1606c9742e8', '2026-04-16', '19:00:00', '95a40469-08c8-43b8-aca1-d228dc44f459', '4e8fed90-abba-49cb-b11e-9dcf1f2f4d24', '2026-01-16T12:38:17.582151', '2026-01-16T12:38:17.582151');
INSERT INTO movie_projections (id, projection_date, projection_time, cinema_hall_id, movie_id, created_at, updated_at) VALUES ('cc6e7302-7a57-4dab-8e80-8752128bcf4e', '2026-03-16', '10:00:00', 'eca43c94-9e26-4693-a739-6e0b4a98ccdb', '4cf2879e-6829-42e7-a341-b66c8d754332', '2026-01-16T12:38:17.582175', '2026-01-16T12:38:17.582175');
INSERT INTO movie_projections (id, projection_date, projection_time, cinema_hall_id, movie_id, created_at, updated_at) VALUES ('64713bf6-c000-49c4-91e5-99b62f7cf56e', '2026-04-08', '10:00:00', 'a08d2ff1-cecc-401b-b457-97e4be978d28', '4cf2879e-6829-42e7-a341-b66c8d754332', '2026-01-16T12:38:17.582197', '2026-01-16T12:38:17.582197');
INSERT INTO movie_projections (id, projection_date, projection_time, cinema_hall_id, movie_id, created_at, updated_at) VALUES ('fdb1025b-411a-4c01-b696-dbab4ef4fd81', '2026-04-06', '19:00:00', 'eca43c94-9e26-4693-a739-6e0b4a98ccdb', '4cf2879e-6829-42e7-a341-b66c8d754332', '2026-01-16T12:38:17.582219', '2026-01-16T12:38:17.582219');
INSERT INTO movie_projections (id, projection_date, projection_time, cinema_hall_id, movie_id, created_at, updated_at) VALUES ('338dff82-ae00-410d-a068-11c79502d821', '2026-04-23', '19:00:00', '37bef505-4764-486b-863c-2e07e5735ad6', '4cf2879e-6829-42e7-a341-b66c8d754332', '2026-01-16T12:38:17.582243', '2026-01-16T12:38:17.582243');
INSERT INTO movie_projections (id, projection_date, projection_time, cinema_hall_id, movie_id, created_at, updated_at) VALUES ('033b570d-181c-4b15-a34f-05984a9c247b', '2026-04-02', '19:00:00', 'a08d2ff1-cecc-401b-b457-97e4be978d28', '4cf2879e-6829-42e7-a341-b66c8d754332', '2026-01-16T12:38:17.582265', '2026-01-16T12:38:17.582265');
INSERT INTO movie_projections (id, projection_date, projection_time, cinema_hall_id, movie_id, created_at, updated_at) VALUES ('3fbe9a27-a492-45a8-b722-a5a3a3e2780c', '2026-05-08', '19:00:00', '2bb67be0-c4c9-450e-a08f-34a74859ab13', '4cf2879e-6829-42e7-a341-b66c8d754332', '2026-01-16T12:38:17.582287', '2026-01-16T12:38:17.582287');
INSERT INTO movie_projections (id, projection_date, projection_time, cinema_hall_id, movie_id, created_at, updated_at) VALUES ('f654f1f4-93be-4f2c-8730-f545985f5e2b', '2026-03-30', '10:00:00', 'eca43c94-9e26-4693-a739-6e0b4a98ccdb', '4cf2879e-6829-42e7-a341-b66c8d754332', '2026-01-16T12:38:17.582313', '2026-01-16T12:38:17.582313');
INSERT INTO movie_projections (id, projection_date, projection_time, cinema_hall_id, movie_id, created_at, updated_at) VALUES ('c7cc7db7-b025-4b22-8285-b8ba894cd087', '2026-03-30', '16:00:00', 'eca43c94-9e26-4693-a739-6e0b4a98ccdb', '4cf2879e-6829-42e7-a341-b66c8d754332', '2026-01-16T12:38:17.582336', '2026-01-16T12:38:17.582336');
INSERT INTO movie_projections (id, projection_date, projection_time, cinema_hall_id, movie_id, created_at, updated_at) VALUES ('b9891770-2616-4e23-b608-6e5f62046a76', '2026-04-16', '19:00:00', '52cd97ab-39f3-4636-8ef4-2def4b33a8b7', '4cf2879e-6829-42e7-a341-b66c8d754332', '2026-01-16T12:38:17.582358', '2026-01-16T12:38:17.582358');
INSERT INTO movie_projections (id, projection_date, projection_time, cinema_hall_id, movie_id, created_at, updated_at) VALUES ('692b3b99-e019-4253-b886-f2610ce094f4', '2026-04-10', '10:00:00', 'a08d2ff1-cecc-401b-b457-97e4be978d28', '4cf2879e-6829-42e7-a341-b66c8d754332', '2026-01-16T12:38:17.582381', '2026-01-16T12:38:17.582381');
INSERT INTO movie_projections (id, projection_date, projection_time, cinema_hall_id, movie_id, created_at, updated_at) VALUES ('0a400f36-94ed-477d-a6f8-a235d3313e8d', '2026-03-23', '19:00:00', 'e23c9391-1da5-4d00-b51b-59da746d6438', '4cf2879e-6829-42e7-a341-b66c8d754332', '2026-01-16T12:38:17.582403', '2026-01-16T12:38:17.582403');
INSERT INTO movie_projections (id, projection_date, projection_time, cinema_hall_id, movie_id, created_at, updated_at) VALUES ('d4f92710-d6b9-4cdb-b232-da2e70086d2e', '2026-04-19', '10:00:00', '95a40469-08c8-43b8-aca1-d228dc44f459', '4cf2879e-6829-42e7-a341-b66c8d754332', '2026-01-16T12:38:17.582428', '2026-01-16T12:38:17.582428');
INSERT INTO movie_projections (id, projection_date, projection_time, cinema_hall_id, movie_id, created_at, updated_at) VALUES ('f68117db-5f8a-472a-8cfb-362c922146d2', '2026-05-07', '19:00:00', 'e23c9391-1da5-4d00-b51b-59da746d6438', '4cf2879e-6829-42e7-a341-b66c8d754332', '2026-01-16T12:38:17.582454', '2026-01-16T12:38:17.582454');
INSERT INTO movie_projections (id, projection_date, projection_time, cinema_hall_id, movie_id, created_at, updated_at) VALUES ('c00527b3-aee9-4acb-ac93-ce7ca38054be', '2026-05-16', '16:00:00', '37bef505-4764-486b-863c-2e07e5735ad6', '4cf2879e-6829-42e7-a341-b66c8d754332', '2026-01-16T12:38:17.582480', '2026-01-16T12:38:17.582480');
INSERT INTO movie_projections (id, projection_date, projection_time, cinema_hall_id, movie_id, created_at, updated_at) VALUES ('b5d537e0-c2f6-4792-ba9c-a9abbe916951', '2026-05-09', '16:00:00', 'c51828ef-d759-417f-8262-434db181d319', '4cf2879e-6829-42e7-a341-b66c8d754332', '2026-01-16T12:38:17.582503', '2026-01-16T12:38:17.582503');
INSERT INTO movie_projections (id, projection_date, projection_time, cinema_hall_id, movie_id, created_at, updated_at) VALUES ('5c1d9767-1a8a-481f-9642-547a0110d3bc', '2026-03-23', '19:00:00', '37bef505-4764-486b-863c-2e07e5735ad6', '4cf2879e-6829-42e7-a341-b66c8d754332', '2026-01-16T12:38:17.582525', '2026-01-16T12:38:17.582525');
INSERT INTO movie_projections (id, projection_date, projection_time, cinema_hall_id, movie_id, created_at, updated_at) VALUES ('4edb79d1-b748-4ab1-8133-fb7b10b0ce24', '2026-03-19', '16:00:00', '1e714225-1496-43fd-9e98-87119156b996', '4cf2879e-6829-42e7-a341-b66c8d754332', '2026-01-16T12:38:17.582547', '2026-01-16T12:38:17.582547');
INSERT INTO movie_projections (id, projection_date, projection_time, cinema_hall_id, movie_id, created_at, updated_at) VALUES ('67628350-c890-46f2-996f-ab11656e38d6', '2026-04-01', '19:00:00', '52cd97ab-39f3-4636-8ef4-2def4b33a8b7', '4cf2879e-6829-42e7-a341-b66c8d754332', '2026-01-16T12:38:17.582573', '2026-01-16T12:38:17.582573');
INSERT INTO movie_projections (id, projection_date, projection_time, cinema_hall_id, movie_id, created_at, updated_at) VALUES ('e01fb812-d5f0-49f8-8f5d-bdb51c513844', '2026-04-29', '13:00:00', 'c51828ef-d759-417f-8262-434db181d319', '4cf2879e-6829-42e7-a341-b66c8d754332', '2026-01-16T12:38:17.582596', '2026-01-16T12:38:17.582596');
INSERT INTO movie_projections (id, projection_date, projection_time, cinema_hall_id, movie_id, created_at, updated_at) VALUES ('f16604e9-3232-4c73-a35e-cea3d19495f4', '2026-04-17', '16:00:00', '52cd97ab-39f3-4636-8ef4-2def4b33a8b7', '4cf2879e-6829-42e7-a341-b66c8d754332', '2026-01-16T12:38:17.582620', '2026-01-16T12:38:17.582620');
INSERT INTO movie_projections (id, projection_date, projection_time, cinema_hall_id, movie_id, created_at, updated_at) VALUES ('eb0a8639-e92d-483d-870f-7ee43aff459f', '2026-03-16', '10:00:00', '00c3d58b-3da5-4624-9282-ea69e7fc1d99', '4cf2879e-6829-42e7-a341-b66c8d754332', '2026-01-16T12:38:17.582642', '2026-01-16T12:38:17.582642');
INSERT INTO movie_projections (id, projection_date, projection_time, cinema_hall_id, movie_id, created_at, updated_at) VALUES ('bd76c65e-f3a4-44cd-8bef-01bd818e9ee6', '2026-03-22', '19:00:00', '95a40469-08c8-43b8-aca1-d228dc44f459', '4cf2879e-6829-42e7-a341-b66c8d754332', '2026-01-16T12:38:17.582668', '2026-01-16T12:38:17.582668');
INSERT INTO movie_projections (id, projection_date, projection_time, cinema_hall_id, movie_id, created_at, updated_at) VALUES ('478419b9-7a27-47ca-b9b2-257bed41d7c2', '2026-03-15', '19:00:00', 'c51828ef-d759-417f-8262-434db181d319', '4cf2879e-6829-42e7-a341-b66c8d754332', '2026-01-16T12:38:17.582690', '2026-01-16T12:38:17.582690');
INSERT INTO movie_projections (id, projection_date, projection_time, cinema_hall_id, movie_id, created_at, updated_at) VALUES ('29268d90-6583-465e-9f26-7fd859afb6b9', '2026-03-20', '13:00:00', 'a08d2ff1-cecc-401b-b457-97e4be978d28', '4cf2879e-6829-42e7-a341-b66c8d754332', '2026-01-16T12:38:17.582712', '2026-01-16T12:38:17.582712');
INSERT INTO movie_projections (id, projection_date, projection_time, cinema_hall_id, movie_id, created_at, updated_at) VALUES ('f89eaf2e-f847-48e9-bb57-1866b4cd4760', '2026-04-24', '19:00:00', 'c51828ef-d759-417f-8262-434db181d319', '4cf2879e-6829-42e7-a341-b66c8d754332', '2026-01-16T12:38:17.582734', '2026-01-16T12:38:17.582734');
INSERT INTO movie_projections (id, projection_date, projection_time, cinema_hall_id, movie_id, created_at, updated_at) VALUES ('077bd96d-64b9-4f5b-81c6-bab1ef1e7f51', '2026-05-09', '10:00:00', '95a40469-08c8-43b8-aca1-d228dc44f459', '4cf2879e-6829-42e7-a341-b66c8d754332', '2026-01-16T12:38:17.582757', '2026-01-16T12:38:17.582757');
INSERT INTO movie_projections (id, projection_date, projection_time, cinema_hall_id, movie_id, created_at, updated_at) VALUES ('14177c64-6d97-4a43-b1b5-33556f901045', '2026-03-16', '10:00:00', 'eca43c94-9e26-4693-a739-6e0b4a98ccdb', '4cf2879e-6829-42e7-a341-b66c8d754332', '2026-01-16T12:38:17.582778', '2026-01-16T12:38:17.582778');
INSERT INTO movie_projections (id, projection_date, projection_time, cinema_hall_id, movie_id, created_at, updated_at) VALUES ('8d121ae6-d348-40c9-a8a6-d8d44736dcb0', '2026-04-13', '16:00:00', '52cd97ab-39f3-4636-8ef4-2def4b33a8b7', '4cf2879e-6829-42e7-a341-b66c8d754332', '2026-01-16T12:38:17.582807', '2026-01-16T12:38:17.582807');
INSERT INTO movie_projections (id, projection_date, projection_time, cinema_hall_id, movie_id, created_at, updated_at) VALUES ('a7c86621-8cf6-40ba-8bfe-b24004924fc6', '2026-05-17', '10:00:00', '1e714225-1496-43fd-9e98-87119156b996', '4cf2879e-6829-42e7-a341-b66c8d754332', '2026-01-16T12:38:17.582830', '2026-01-16T12:38:17.582830');
INSERT INTO movie_projections (id, projection_date, projection_time, cinema_hall_id, movie_id, created_at, updated_at) VALUES ('9a82a588-4819-499b-9065-9b4cbcb59a8c', '2026-03-28', '16:00:00', '4d85d72c-3252-4ef1-a349-a2e94f785dca', '4cf2879e-6829-42e7-a341-b66c8d754332', '2026-01-16T12:38:17.582855', '2026-01-16T12:38:17.582855');
INSERT INTO movie_projections (id, projection_date, projection_time, cinema_hall_id, movie_id, created_at, updated_at) VALUES ('0c426f45-139e-400e-8255-cf68b37b4c6b', '2026-04-26', '10:00:00', 'eca43c94-9e26-4693-a739-6e0b4a98ccdb', '4cf2879e-6829-42e7-a341-b66c8d754332', '2026-01-16T12:38:17.582878', '2026-01-16T12:38:17.582878');
INSERT INTO movie_projections (id, projection_date, projection_time, cinema_hall_id, movie_id, created_at, updated_at) VALUES ('5ea15134-3a9c-45cc-a111-5203c40d343e', '2026-03-21', '10:00:00', 'a08d2ff1-cecc-401b-b457-97e4be978d28', '4cf2879e-6829-42e7-a341-b66c8d754332', '2026-01-16T12:38:17.582901', '2026-01-16T12:38:17.582901');
INSERT INTO movie_projections (id, projection_date, projection_time, cinema_hall_id, movie_id, created_at, updated_at) VALUES ('404b6b0f-38cd-4780-865e-b4dc2b1d4af4', '2026-05-06', '10:00:00', '4d85d72c-3252-4ef1-a349-a2e94f785dca', '4cf2879e-6829-42e7-a341-b66c8d754332', '2026-01-16T12:38:17.582923', '2026-01-16T12:38:17.582923');
INSERT INTO movie_projections (id, projection_date, projection_time, cinema_hall_id, movie_id, created_at, updated_at) VALUES ('caf00a3b-cd01-4d1f-af61-54112ff72933', '2026-05-11', '10:00:00', 'c51828ef-d759-417f-8262-434db181d319', '4cf2879e-6829-42e7-a341-b66c8d754332', '2026-01-16T12:38:17.582949', '2026-01-16T12:38:17.582949');
INSERT INTO movie_projections (id, projection_date, projection_time, cinema_hall_id, movie_id, created_at, updated_at) VALUES ('a2388800-f0cf-4a5d-a1ba-59a31149fc62', '2026-04-03', '16:00:00', 'a08d2ff1-cecc-401b-b457-97e4be978d28', '4cf2879e-6829-42e7-a341-b66c8d754332', '2026-01-16T12:38:17.582971', '2026-01-16T12:38:17.582971');
INSERT INTO movie_projections (id, projection_date, projection_time, cinema_hall_id, movie_id, created_at, updated_at) VALUES ('57a7db86-a755-4efd-9ad4-28d514b80e2b', '2026-03-26', '19:00:00', '00c3d58b-3da5-4624-9282-ea69e7fc1d99', '4cf2879e-6829-42e7-a341-b66c8d754332', '2026-01-16T12:38:17.582996', '2026-01-16T12:38:17.582996');
INSERT INTO movie_projections (id, projection_date, projection_time, cinema_hall_id, movie_id, created_at, updated_at) VALUES ('398fa7ac-4fd6-4dbc-ada0-9b7eb8ee2c5a', '2026-04-20', '16:00:00', 'e23c9391-1da5-4d00-b51b-59da746d6438', '4cf2879e-6829-42e7-a341-b66c8d754332', '2026-01-16T12:38:17.583018', '2026-01-16T12:38:17.583018');
INSERT INTO movie_projections (id, projection_date, projection_time, cinema_hall_id, movie_id, created_at, updated_at) VALUES ('2d6dbdf1-aae3-4dc2-9d1e-a9381adc0ef4', '2026-03-27', '16:00:00', '52cd97ab-39f3-4636-8ef4-2def4b33a8b7', '4cf2879e-6829-42e7-a341-b66c8d754332', '2026-01-16T12:38:17.583040', '2026-01-16T12:38:17.583040');
INSERT INTO movie_projections (id, projection_date, projection_time, cinema_hall_id, movie_id, created_at, updated_at) VALUES ('916cba3b-668d-4023-af44-e244c7553edf', '2026-04-20', '19:00:00', '00c3d58b-3da5-4624-9282-ea69e7fc1d99', '4cf2879e-6829-42e7-a341-b66c8d754332', '2026-01-16T12:38:17.583067', '2026-01-16T12:38:17.583067');
INSERT INTO movie_projections (id, projection_date, projection_time, cinema_hall_id, movie_id, created_at, updated_at) VALUES ('71bed707-08a1-45c9-bef4-d9248f84c087', '2026-05-06', '16:00:00', '52cd97ab-39f3-4636-8ef4-2def4b33a8b7', '4cf2879e-6829-42e7-a341-b66c8d754332', '2026-01-16T12:38:17.583089', '2026-01-16T12:38:17.583089');
INSERT INTO movie_projections (id, projection_date, projection_time, cinema_hall_id, movie_id, created_at, updated_at) VALUES ('13112341-748b-4ef3-bc65-4f42b1229798', '2026-03-30', '13:00:00', '95a40469-08c8-43b8-aca1-d228dc44f459', '52d73497-aefe-4f27-9a73-f5ef41a370c8', '2026-01-16T12:38:17.583113', '2026-01-16T12:38:17.583113');
INSERT INTO movie_projections (id, projection_date, projection_time, cinema_hall_id, movie_id, created_at, updated_at) VALUES ('e12d3b4f-39a2-452d-a8b7-3fea43e70412', '2026-04-18', '19:00:00', '52cd97ab-39f3-4636-8ef4-2def4b33a8b7', '52d73497-aefe-4f27-9a73-f5ef41a370c8', '2026-01-16T12:38:17.583135', '2026-01-16T12:38:17.583135');
INSERT INTO movie_projections (id, projection_date, projection_time, cinema_hall_id, movie_id, created_at, updated_at) VALUES ('74f99128-807e-4c58-bcbb-9d6fc49898d5', '2026-06-14', '19:00:00', '1e714225-1496-43fd-9e98-87119156b996', '52d73497-aefe-4f27-9a73-f5ef41a370c8', '2026-01-16T12:38:17.583157', '2026-01-16T12:38:17.583157');
INSERT INTO movie_projections (id, projection_date, projection_time, cinema_hall_id, movie_id, created_at, updated_at) VALUES ('91b0ded8-a85e-4850-86e6-154dbf59f169', '2026-05-26', '13:00:00', '00c3d58b-3da5-4624-9282-ea69e7fc1d99', '52d73497-aefe-4f27-9a73-f5ef41a370c8', '2026-01-16T12:38:17.583181', '2026-01-16T12:38:17.583181');
INSERT INTO movie_projections (id, projection_date, projection_time, cinema_hall_id, movie_id, created_at, updated_at) VALUES ('3ad8206b-44bf-45bc-baf7-cd282f3a6f02', '2026-07-11', '13:00:00', '00c3d58b-3da5-4624-9282-ea69e7fc1d99', '52d73497-aefe-4f27-9a73-f5ef41a370c8', '2026-01-16T12:38:17.583207', '2026-01-16T12:38:17.583207');
INSERT INTO movie_projections (id, projection_date, projection_time, cinema_hall_id, movie_id, created_at, updated_at) VALUES ('d116454f-8fda-4801-87e3-7d745194bbee', '2026-03-30', '13:00:00', '52cd97ab-39f3-4636-8ef4-2def4b33a8b7', '52d73497-aefe-4f27-9a73-f5ef41a370c8', '2026-01-16T12:38:17.583230', '2026-01-16T12:38:17.583230');
INSERT INTO movie_projections (id, projection_date, projection_time, cinema_hall_id, movie_id, created_at, updated_at) VALUES ('a94e3ca2-b5b7-44f3-9b91-4d5fa4dda238', '2026-05-23', '10:00:00', 'e23c9391-1da5-4d00-b51b-59da746d6438', '52d73497-aefe-4f27-9a73-f5ef41a370c8', '2026-01-16T12:38:17.583252', '2026-01-16T12:38:17.583252');
INSERT INTO movie_projections (id, projection_date, projection_time, cinema_hall_id, movie_id, created_at, updated_at) VALUES ('02fd27d8-3d52-414a-a22b-e8be64ea1804', '2026-07-08', '10:00:00', 'c51828ef-d759-417f-8262-434db181d319', '52d73497-aefe-4f27-9a73-f5ef41a370c8', '2026-01-16T12:38:17.583274', '2026-01-16T12:38:17.583274');
INSERT INTO movie_projections (id, projection_date, projection_time, cinema_hall_id, movie_id, created_at, updated_at) VALUES ('764d3819-832a-4d6c-99fc-cc5fadbe3a20', '2026-07-05', '13:00:00', '4d85d72c-3252-4ef1-a349-a2e94f785dca', '52d73497-aefe-4f27-9a73-f5ef41a370c8', '2026-01-16T12:38:17.583300', '2026-01-16T12:38:17.583300');
INSERT INTO movie_projections (id, projection_date, projection_time, cinema_hall_id, movie_id, created_at, updated_at) VALUES ('31a93b5c-2b7d-4d8f-aa1f-067e2e5303ca', '2026-07-03', '13:00:00', '52cd97ab-39f3-4636-8ef4-2def4b33a8b7', '52d73497-aefe-4f27-9a73-f5ef41a370c8', '2026-01-16T12:38:17.583322', '2026-01-16T12:38:17.583322');
INSERT INTO movie_projections (id, projection_date, projection_time, cinema_hall_id, movie_id, created_at, updated_at) VALUES ('99b05e54-2d4f-4a8f-8395-e579815dd384', '2026-07-11', '13:00:00', '95a40469-08c8-43b8-aca1-d228dc44f459', '52d73497-aefe-4f27-9a73-f5ef41a370c8', '2026-01-16T12:38:17.583344', '2026-01-16T12:38:17.583344');
INSERT INTO movie_projections (id, projection_date, projection_time, cinema_hall_id, movie_id, created_at, updated_at) VALUES ('bda1f1c0-0fea-4357-859e-87b09e92fda0', '2026-05-10', '16:00:00', 'e23c9391-1da5-4d00-b51b-59da746d6438', '52d73497-aefe-4f27-9a73-f5ef41a370c8', '2026-01-16T12:38:17.583368', '2026-01-16T12:38:17.583368');
INSERT INTO movie_projections (id, projection_date, projection_time, cinema_hall_id, movie_id, created_at, updated_at) VALUES ('5a783487-64f4-422a-9c4f-6f4caa90fc25', '2026-04-08', '13:00:00', 'e23c9391-1da5-4d00-b51b-59da746d6438', '52d73497-aefe-4f27-9a73-f5ef41a370c8', '2026-01-16T12:38:17.583390', '2026-01-16T12:38:17.583390');
INSERT INTO movie_projections (id, projection_date, projection_time, cinema_hall_id, movie_id, created_at, updated_at) VALUES ('8614c208-e392-4d98-a31e-6b693332964b', '2026-04-10', '13:00:00', '52cd97ab-39f3-4636-8ef4-2def4b33a8b7', '52d73497-aefe-4f27-9a73-f5ef41a370c8', '2026-01-16T12:38:17.583413', '2026-01-16T12:38:17.583413');
INSERT INTO movie_projections (id, projection_date, projection_time, cinema_hall_id, movie_id, created_at, updated_at) VALUES ('cf323da7-ee5a-47be-b9c5-554a17a9bfe1', '2026-06-04', '10:00:00', 'e23c9391-1da5-4d00-b51b-59da746d6438', '52d73497-aefe-4f27-9a73-f5ef41a370c8', '2026-01-16T12:38:17.583435', '2026-01-16T12:38:17.583435');
INSERT INTO movie_projections (id, projection_date, projection_time, cinema_hall_id, movie_id, created_at, updated_at) VALUES ('99cb186f-001b-4f22-b6af-a51ef456201d', '2026-07-04', '10:00:00', 'c51828ef-d759-417f-8262-434db181d319', '52d73497-aefe-4f27-9a73-f5ef41a370c8', '2026-01-16T12:38:17.583458', '2026-01-16T12:38:17.583458');
INSERT INTO movie_projections (id, projection_date, projection_time, cinema_hall_id, movie_id, created_at, updated_at) VALUES ('3ba44533-940d-4a1d-ba15-05e3566284e6', '2026-04-14', '16:00:00', 'e23c9391-1da5-4d00-b51b-59da746d6438', '52d73497-aefe-4f27-9a73-f5ef41a370c8', '2026-01-16T12:38:17.583482', '2026-01-16T12:38:17.583482');
INSERT INTO movie_projections (id, projection_date, projection_time, cinema_hall_id, movie_id, created_at, updated_at) VALUES ('b78acb63-8233-4540-b09b-526c31f621d5', '2026-04-24', '19:00:00', 'c51828ef-d759-417f-8262-434db181d319', '52d73497-aefe-4f27-9a73-f5ef41a370c8', '2026-01-16T12:38:17.583505', '2026-01-16T12:38:17.583505');
INSERT INTO movie_projections (id, projection_date, projection_time, cinema_hall_id, movie_id, created_at, updated_at) VALUES ('7aabd7ac-ef7f-4509-9216-04815a57266a', '2026-06-02', '10:00:00', '2bb67be0-c4c9-450e-a08f-34a74859ab13', '52d73497-aefe-4f27-9a73-f5ef41a370c8', '2026-01-16T12:38:17.583528', '2026-01-16T12:38:17.583528');
INSERT INTO movie_projections (id, projection_date, projection_time, cinema_hall_id, movie_id, created_at, updated_at) VALUES ('a92d9189-aa95-4eec-b4ef-31816759bf23', '2026-05-15', '16:00:00', '00c3d58b-3da5-4624-9282-ea69e7fc1d99', '52d73497-aefe-4f27-9a73-f5ef41a370c8', '2026-01-16T12:38:17.583557', '2026-01-16T12:38:17.583557');
INSERT INTO movie_projections (id, projection_date, projection_time, cinema_hall_id, movie_id, created_at, updated_at) VALUES ('c7c5ba3c-a1e4-49e0-99b7-5955ab9e900b', '2026-04-22', '10:00:00', '95a40469-08c8-43b8-aca1-d228dc44f459', '52d73497-aefe-4f27-9a73-f5ef41a370c8', '2026-01-16T12:38:17.583579', '2026-01-16T12:38:17.583579');
INSERT INTO movie_projections (id, projection_date, projection_time, cinema_hall_id, movie_id, created_at, updated_at) VALUES ('cb37e713-6c0b-438e-bc93-a508cb449870', '2026-04-05', '16:00:00', 'c51828ef-d759-417f-8262-434db181d319', '52d73497-aefe-4f27-9a73-f5ef41a370c8', '2026-01-16T12:38:17.583601', '2026-01-16T12:38:17.583601');
INSERT INTO movie_projections (id, projection_date, projection_time, cinema_hall_id, movie_id, created_at, updated_at) VALUES ('fe08a410-08ea-4a03-9050-44b2790ce2cf', '2026-05-12', '19:00:00', '4d85d72c-3252-4ef1-a349-a2e94f785dca', '52d73497-aefe-4f27-9a73-f5ef41a370c8', '2026-01-16T12:38:17.583623', '2026-01-16T12:38:17.583623');
INSERT INTO movie_projections (id, projection_date, projection_time, cinema_hall_id, movie_id, created_at, updated_at) VALUES ('15fb904a-e9d4-4ad6-a74c-6562c3739d35', '2026-05-19', '13:00:00', '1e714225-1496-43fd-9e98-87119156b996', '52d73497-aefe-4f27-9a73-f5ef41a370c8', '2026-01-16T12:38:17.583646', '2026-01-16T12:38:17.583646');
INSERT INTO movie_projections (id, projection_date, projection_time, cinema_hall_id, movie_id, created_at, updated_at) VALUES ('b1006e43-beca-47d9-9bd8-47fc4e6627ff', '2026-06-04', '13:00:00', '2bb67be0-c4c9-450e-a08f-34a74859ab13', '52d73497-aefe-4f27-9a73-f5ef41a370c8', '2026-01-16T12:38:17.583668', '2026-01-16T12:38:17.583668');
INSERT INTO movie_projections (id, projection_date, projection_time, cinema_hall_id, movie_id, created_at, updated_at) VALUES ('a1a3cdcb-3d85-4772-b245-4994e3a24ec9', '2026-07-10', '10:00:00', '95a40469-08c8-43b8-aca1-d228dc44f459', '52d73497-aefe-4f27-9a73-f5ef41a370c8', '2026-01-16T12:38:17.583690', '2026-01-16T12:38:17.583690');
INSERT INTO movie_projections (id, projection_date, projection_time, cinema_hall_id, movie_id, created_at, updated_at) VALUES ('31eda5c0-54cd-4fa3-bf05-aebc55876a7a', '2026-04-14', '10:00:00', '00c3d58b-3da5-4624-9282-ea69e7fc1d99', '52d73497-aefe-4f27-9a73-f5ef41a370c8', '2026-01-16T12:38:17.583711', '2026-01-16T12:38:17.583711');
INSERT INTO movie_projections (id, projection_date, projection_time, cinema_hall_id, movie_id, created_at, updated_at) VALUES ('21284f68-00c8-4950-9311-d3fec93fa5f5', '2026-06-17', '10:00:00', '52cd97ab-39f3-4636-8ef4-2def4b33a8b7', '52d73497-aefe-4f27-9a73-f5ef41a370c8', '2026-01-16T12:38:17.583735', '2026-01-16T12:38:17.583735');
INSERT INTO movie_projections (id, projection_date, projection_time, cinema_hall_id, movie_id, created_at, updated_at) VALUES ('ccd2fc79-a1c6-494c-9809-ab448deb2fcd', '2026-06-21', '16:00:00', 'e23c9391-1da5-4d00-b51b-59da746d6438', '52d73497-aefe-4f27-9a73-f5ef41a370c8', '2026-01-16T12:38:17.583758', '2026-01-16T12:38:17.583758');
INSERT INTO movie_projections (id, projection_date, projection_time, cinema_hall_id, movie_id, created_at, updated_at) VALUES ('ca3c9d76-b3e4-4793-8e7a-93e9482e69c9', '2026-04-18', '16:00:00', '4d85d72c-3252-4ef1-a349-a2e94f785dca', '52d73497-aefe-4f27-9a73-f5ef41a370c8', '2026-01-16T12:38:17.583784', '2026-01-16T12:38:17.583784');
INSERT INTO movie_projections (id, projection_date, projection_time, cinema_hall_id, movie_id, created_at, updated_at) VALUES ('dd1bdaef-e03d-4844-9c06-230af1ecdec0', '2026-06-02', '13:00:00', 'eca43c94-9e26-4693-a739-6e0b4a98ccdb', '52d73497-aefe-4f27-9a73-f5ef41a370c8', '2026-01-16T12:38:17.583806', '2026-01-16T12:38:17.583806');
INSERT INTO movie_projections (id, projection_date, projection_time, cinema_hall_id, movie_id, created_at, updated_at) VALUES ('250612d3-a5ee-4015-84be-1369f87858d5', '2026-06-21', '16:00:00', 'c51828ef-d759-417f-8262-434db181d319', '52d73497-aefe-4f27-9a73-f5ef41a370c8', '2026-01-16T12:38:17.583828', '2026-01-16T12:38:17.583828');
INSERT INTO movie_projections (id, projection_date, projection_time, cinema_hall_id, movie_id, created_at, updated_at) VALUES ('8be17c56-e471-4fb8-9def-9578dcbb8a1c', '2026-06-06', '10:00:00', 'a08d2ff1-cecc-401b-b457-97e4be978d28', '52d73497-aefe-4f27-9a73-f5ef41a370c8', '2026-01-16T12:38:17.583850', '2026-01-16T12:38:17.583850');
INSERT INTO movie_projections (id, projection_date, projection_time, cinema_hall_id, movie_id, created_at, updated_at) VALUES ('96f9668f-2323-47ed-939e-fec5b88ba7e6', '2026-05-25', '13:00:00', '2bb67be0-c4c9-450e-a08f-34a74859ab13', '52d73497-aefe-4f27-9a73-f5ef41a370c8', '2026-01-16T12:38:17.583872', '2026-01-16T12:38:17.583872');
INSERT INTO movie_projections (id, projection_date, projection_time, cinema_hall_id, movie_id, created_at, updated_at) VALUES ('0ab3a7f1-0c6a-41dc-913a-219bdfbeb046', '2026-05-10', '13:00:00', '4d85d72c-3252-4ef1-a349-a2e94f785dca', '52d73497-aefe-4f27-9a73-f5ef41a370c8', '2026-01-16T12:38:17.583895', '2026-01-16T12:38:17.583895');
INSERT INTO movie_projections (id, projection_date, projection_time, cinema_hall_id, movie_id, created_at, updated_at) VALUES ('284360f5-6f01-413a-9cb9-de3b6d902583', '2026-06-02', '10:00:00', 'eca43c94-9e26-4693-a739-6e0b4a98ccdb', '52d73497-aefe-4f27-9a73-f5ef41a370c8', '2026-01-16T12:38:17.583923', '2026-01-16T12:38:17.583923');
INSERT INTO movie_projections (id, projection_date, projection_time, cinema_hall_id, movie_id, created_at, updated_at) VALUES ('5961b30d-3780-4ace-88cc-8bf8d6d86944', '2026-05-30', '10:00:00', '95a40469-08c8-43b8-aca1-d228dc44f459', '52d73497-aefe-4f27-9a73-f5ef41a370c8', '2026-01-16T12:38:17.583947', '2026-01-16T12:38:17.583947');
INSERT INTO movie_projections (id, projection_date, projection_time, cinema_hall_id, movie_id, created_at, updated_at) VALUES ('7ffc41d1-38e5-44b8-b2bd-fba3cf0a91f7', '2026-07-09', '13:00:00', '37bef505-4764-486b-863c-2e07e5735ad6', '52d73497-aefe-4f27-9a73-f5ef41a370c8', '2026-01-16T12:38:17.583986', '2026-01-16T12:38:17.583986');
INSERT INTO movie_projections (id, projection_date, projection_time, cinema_hall_id, movie_id, created_at, updated_at) VALUES ('090e2684-eca5-4d00-aad5-bc9694f61fcd', '2026-04-28', '16:00:00', 'eca43c94-9e26-4693-a739-6e0b4a98ccdb', '52d73497-aefe-4f27-9a73-f5ef41a370c8', '2026-01-16T12:38:17.584030', '2026-01-16T12:38:17.584030');
INSERT INTO movie_projections (id, projection_date, projection_time, cinema_hall_id, movie_id, created_at, updated_at) VALUES ('52b56805-bd74-4dd7-b97f-344b27be9924', '2026-05-06', '10:00:00', 'eca43c94-9e26-4693-a739-6e0b4a98ccdb', '52d73497-aefe-4f27-9a73-f5ef41a370c8', '2026-01-16T12:38:17.584057', '2026-01-16T12:38:17.584057');
INSERT INTO movie_projections (id, projection_date, projection_time, cinema_hall_id, movie_id, created_at, updated_at) VALUES ('636238b5-4cd6-46db-8922-79aa672a7537', '2026-06-28', '13:00:00', '00c3d58b-3da5-4624-9282-ea69e7fc1d99', '7779df6b-04dc-4f1a-a750-794cdf019ac7', '2026-01-16T12:38:17.584093', '2026-01-16T12:38:17.584093');
INSERT INTO movie_projections (id, projection_date, projection_time, cinema_hall_id, movie_id, created_at, updated_at) VALUES ('7bb73e81-437c-4366-969b-6a6f4b239b1a', '2026-05-05', '16:00:00', 'c51828ef-d759-417f-8262-434db181d319', '7779df6b-04dc-4f1a-a750-794cdf019ac7', '2026-01-16T12:38:17.584119', '2026-01-16T12:38:17.584119');
INSERT INTO movie_projections (id, projection_date, projection_time, cinema_hall_id, movie_id, created_at, updated_at) VALUES ('586fb405-80b3-4ab3-8fef-e3ab9a62fbfa', '2026-05-20', '13:00:00', '00c3d58b-3da5-4624-9282-ea69e7fc1d99', '7779df6b-04dc-4f1a-a750-794cdf019ac7', '2026-01-16T12:38:17.584144', '2026-01-16T12:38:17.584144');
INSERT INTO movie_projections (id, projection_date, projection_time, cinema_hall_id, movie_id, created_at, updated_at) VALUES ('b85ad93f-3181-49c4-9c37-fe2cc3e5ebd7', '2026-06-04', '10:00:00', '37bef505-4764-486b-863c-2e07e5735ad6', '7779df6b-04dc-4f1a-a750-794cdf019ac7', '2026-01-16T12:38:17.584171', '2026-01-16T12:38:17.584171');
INSERT INTO movie_projections (id, projection_date, projection_time, cinema_hall_id, movie_id, created_at, updated_at) VALUES ('8804db29-cb13-4e3b-a684-6a571991bf99', '2026-06-20', '19:00:00', 'a08d2ff1-cecc-401b-b457-97e4be978d28', '7779df6b-04dc-4f1a-a750-794cdf019ac7', '2026-01-16T12:38:17.584197', '2026-01-16T12:38:17.584197');
INSERT INTO movie_projections (id, projection_date, projection_time, cinema_hall_id, movie_id, created_at, updated_at) VALUES ('4c83788a-5893-4cb4-bcc6-20e9ee8d4cbd', '2026-07-28', '16:00:00', 'eca43c94-9e26-4693-a739-6e0b4a98ccdb', '7779df6b-04dc-4f1a-a750-794cdf019ac7', '2026-01-16T12:38:17.584222', '2026-01-16T12:38:17.584222');
INSERT INTO movie_projections (id, projection_date, projection_time, cinema_hall_id, movie_id, created_at, updated_at) VALUES ('bf9bbb9e-5e49-4b01-aa17-d7e2a8874c37', '2026-05-18', '16:00:00', '4d85d72c-3252-4ef1-a349-a2e94f785dca', '7779df6b-04dc-4f1a-a750-794cdf019ac7', '2026-01-16T12:38:17.584246', '2026-01-16T12:38:17.584246');
INSERT INTO movie_projections (id, projection_date, projection_time, cinema_hall_id, movie_id, created_at, updated_at) VALUES ('1734a1b1-e8b1-4f7c-bf10-b970cb21e979', '2026-07-15', '13:00:00', '95a40469-08c8-43b8-aca1-d228dc44f459', '7779df6b-04dc-4f1a-a750-794cdf019ac7', '2026-01-16T12:38:17.584271', '2026-01-16T12:38:17.584271');
INSERT INTO movie_projections (id, projection_date, projection_time, cinema_hall_id, movie_id, created_at, updated_at) VALUES ('4f69feb4-00fe-4872-a70e-fd1010763499', '2026-05-27', '16:00:00', '2bb67be0-c4c9-450e-a08f-34a74859ab13', '7779df6b-04dc-4f1a-a750-794cdf019ac7', '2026-01-16T12:38:17.584295', '2026-01-16T12:38:17.584295');
INSERT INTO movie_projections (id, projection_date, projection_time, cinema_hall_id, movie_id, created_at, updated_at) VALUES ('8e9c6e87-d010-42d3-8369-53de0390dc9a', '2026-05-13', '13:00:00', 'e23c9391-1da5-4d00-b51b-59da746d6438', '7779df6b-04dc-4f1a-a750-794cdf019ac7', '2026-01-16T12:38:17.584319', '2026-01-16T12:38:17.584319');
INSERT INTO movie_projections (id, projection_date, projection_time, cinema_hall_id, movie_id, created_at, updated_at) VALUES ('6a481f4c-28a5-4cc8-a8ad-49d51448811f', '2026-05-30', '10:00:00', '00c3d58b-3da5-4624-9282-ea69e7fc1d99', '7779df6b-04dc-4f1a-a750-794cdf019ac7', '2026-01-16T12:38:17.584348', '2026-01-16T12:38:17.584348');
INSERT INTO movie_projections (id, projection_date, projection_time, cinema_hall_id, movie_id, created_at, updated_at) VALUES ('e76c8c26-b259-4134-a20a-04f7a1d085c3', '2026-07-10', '16:00:00', '37bef505-4764-486b-863c-2e07e5735ad6', '7779df6b-04dc-4f1a-a750-794cdf019ac7', '2026-01-16T12:38:17.584375', '2026-01-16T12:38:17.584375');
INSERT INTO movie_projections (id, projection_date, projection_time, cinema_hall_id, movie_id, created_at, updated_at) VALUES ('f22a75ca-eab4-4252-9600-ff768b37c396', '2026-07-20', '10:00:00', '00c3d58b-3da5-4624-9282-ea69e7fc1d99', '7779df6b-04dc-4f1a-a750-794cdf019ac7', '2026-01-16T12:38:17.584399', '2026-01-16T12:38:17.584399');
INSERT INTO movie_projections (id, projection_date, projection_time, cinema_hall_id, movie_id, created_at, updated_at) VALUES ('168305c5-a2a0-4577-bfa1-77b42d514be0', '2026-06-12', '16:00:00', 'eca43c94-9e26-4693-a739-6e0b4a98ccdb', '7779df6b-04dc-4f1a-a750-794cdf019ac7', '2026-01-16T12:38:17.584424', '2026-01-16T12:38:17.584424');
INSERT INTO movie_projections (id, projection_date, projection_time, cinema_hall_id, movie_id, created_at, updated_at) VALUES ('e07f86a1-51ce-43d0-8cb6-b01442ef2516', '2026-06-19', '10:00:00', '95a40469-08c8-43b8-aca1-d228dc44f459', '7779df6b-04dc-4f1a-a750-794cdf019ac7', '2026-01-16T12:38:17.584449', '2026-01-16T12:38:17.584449');
INSERT INTO movie_projections (id, projection_date, projection_time, cinema_hall_id, movie_id, created_at, updated_at) VALUES ('2a36a2fc-7717-4326-a508-c0f7102ee584', '2026-05-14', '13:00:00', 'c51828ef-d759-417f-8262-434db181d319', '7779df6b-04dc-4f1a-a750-794cdf019ac7', '2026-01-16T12:38:17.584476', '2026-01-16T12:38:17.584476');
INSERT INTO movie_projections (id, projection_date, projection_time, cinema_hall_id, movie_id, created_at, updated_at) VALUES ('14e3832d-cc18-4b5b-b71d-41228ef2412b', '2026-07-27', '10:00:00', 'e23c9391-1da5-4d00-b51b-59da746d6438', '7779df6b-04dc-4f1a-a750-794cdf019ac7', '2026-01-16T12:38:17.584501', '2026-01-16T12:38:17.584501');
INSERT INTO movie_projections (id, projection_date, projection_time, cinema_hall_id, movie_id, created_at, updated_at) VALUES ('7611da38-0445-4532-8ccd-371e3072e252', '2026-07-10', '19:00:00', 'c51828ef-d759-417f-8262-434db181d319', '7779df6b-04dc-4f1a-a750-794cdf019ac7', '2026-01-16T12:38:17.584525', '2026-01-16T12:38:17.584525');
INSERT INTO movie_projections (id, projection_date, projection_time, cinema_hall_id, movie_id, created_at, updated_at) VALUES ('b0808478-6ec4-465e-a982-7290cfa47d35', '2026-07-08', '13:00:00', 'eca43c94-9e26-4693-a739-6e0b4a98ccdb', '7779df6b-04dc-4f1a-a750-794cdf019ac7', '2026-01-16T12:38:17.584550', '2026-01-16T12:38:17.584550');
INSERT INTO movie_projections (id, projection_date, projection_time, cinema_hall_id, movie_id, created_at, updated_at) VALUES ('8dcd1233-b725-4494-b8f2-3a382f6eb4b8', '2026-05-24', '16:00:00', '2bb67be0-c4c9-450e-a08f-34a74859ab13', '7779df6b-04dc-4f1a-a750-794cdf019ac7', '2026-01-16T12:38:17.584577', '2026-01-16T12:38:17.584577');
INSERT INTO movie_projections (id, projection_date, projection_time, cinema_hall_id, movie_id, created_at, updated_at) VALUES ('2bd7c9b3-a9c6-463b-a438-87257cdc84cb', '2026-06-20', '13:00:00', 'e23c9391-1da5-4d00-b51b-59da746d6438', '7779df6b-04dc-4f1a-a750-794cdf019ac7', '2026-01-16T12:38:17.584601', '2026-01-16T12:38:17.584601');
INSERT INTO movie_projections (id, projection_date, projection_time, cinema_hall_id, movie_id, created_at, updated_at) VALUES ('dff61709-6d0c-48c0-86da-1594f9cf6404', '2026-07-12', '10:00:00', '95a40469-08c8-43b8-aca1-d228dc44f459', '7779df6b-04dc-4f1a-a750-794cdf019ac7', '2026-01-16T12:38:17.584630', '2026-01-16T12:38:17.584630');
INSERT INTO movie_projections (id, projection_date, projection_time, cinema_hall_id, movie_id, created_at, updated_at) VALUES ('8a9cd01c-8031-4d12-ba7f-6123b41dda9e', '2026-07-26', '10:00:00', '4d85d72c-3252-4ef1-a349-a2e94f785dca', '7779df6b-04dc-4f1a-a750-794cdf019ac7', '2026-01-16T12:38:17.584655', '2026-01-16T12:38:17.584655');
INSERT INTO movie_projections (id, projection_date, projection_time, cinema_hall_id, movie_id, created_at, updated_at) VALUES ('0d26190a-d46d-4c8a-8441-8362c4b24ba0', '2026-05-24', '16:00:00', 'c51828ef-d759-417f-8262-434db181d319', '7779df6b-04dc-4f1a-a750-794cdf019ac7', '2026-01-16T12:38:17.584680', '2026-01-16T12:38:17.584680');
INSERT INTO movie_projections (id, projection_date, projection_time, cinema_hall_id, movie_id, created_at, updated_at) VALUES ('4510d386-93ef-4fd3-87ec-7e9bb12ecd96', '2026-06-10', '16:00:00', 'c51828ef-d759-417f-8262-434db181d319', '7779df6b-04dc-4f1a-a750-794cdf019ac7', '2026-01-16T12:38:17.584704', '2026-01-16T12:38:17.584704');
INSERT INTO movie_projections (id, projection_date, projection_time, cinema_hall_id, movie_id, created_at, updated_at) VALUES ('54182d90-6fb9-4de8-b318-1087b19c1ce6', '2026-06-20', '16:00:00', 'e23c9391-1da5-4d00-b51b-59da746d6438', '7779df6b-04dc-4f1a-a750-794cdf019ac7', '2026-01-16T12:38:17.584729', '2026-01-16T12:38:17.584729');
INSERT INTO movie_projections (id, projection_date, projection_time, cinema_hall_id, movie_id, created_at, updated_at) VALUES ('467f453b-e124-4adb-8074-48a748272c28', '2026-06-23', '13:00:00', 'a08d2ff1-cecc-401b-b457-97e4be978d28', '7779df6b-04dc-4f1a-a750-794cdf019ac7', '2026-01-16T12:38:17.584753', '2026-01-16T12:38:17.584753');
INSERT INTO movie_projections (id, projection_date, projection_time, cinema_hall_id, movie_id, created_at, updated_at) VALUES ('0e2bc100-92fe-42d6-9194-5fa3208e5d38', '2026-06-09', '13:00:00', 'eca43c94-9e26-4693-a739-6e0b4a98ccdb', '7779df6b-04dc-4f1a-a750-794cdf019ac7', '2026-01-16T12:38:17.584784', '2026-01-16T12:38:17.584784');
INSERT INTO movie_projections (id, projection_date, projection_time, cinema_hall_id, movie_id, created_at, updated_at) VALUES ('695c17a1-1f09-4bf7-80e4-276c789c363e', '2026-06-27', '13:00:00', '37bef505-4764-486b-863c-2e07e5735ad6', '7779df6b-04dc-4f1a-a750-794cdf019ac7', '2026-01-16T12:38:17.584812', '2026-01-16T12:38:17.584812');
INSERT INTO movie_projections (id, projection_date, projection_time, cinema_hall_id, movie_id, created_at, updated_at) VALUES ('80c79c62-d462-4e8c-b777-c108717d99af', '2026-06-23', '16:00:00', '52cd97ab-39f3-4636-8ef4-2def4b33a8b7', '7779df6b-04dc-4f1a-a750-794cdf019ac7', '2026-01-16T12:38:17.584838', '2026-01-16T12:38:17.584838');
INSERT INTO movie_projections (id, projection_date, projection_time, cinema_hall_id, movie_id, created_at, updated_at) VALUES ('73871f2e-710e-4e5d-ac74-464a5487a8e5', '2026-07-06', '19:00:00', 'c51828ef-d759-417f-8262-434db181d319', '7779df6b-04dc-4f1a-a750-794cdf019ac7', '2026-01-16T12:38:17.584863', '2026-01-16T12:38:17.584863');
INSERT INTO movie_projections (id, projection_date, projection_time, cinema_hall_id, movie_id, created_at, updated_at) VALUES ('267ca446-6e9c-4c31-86b3-728273aa23d2', '2026-06-21', '13:00:00', '2bb67be0-c4c9-450e-a08f-34a74859ab13', '7779df6b-04dc-4f1a-a750-794cdf019ac7', '2026-01-16T12:38:17.584891', '2026-01-16T12:38:17.584891');
INSERT INTO movie_projections (id, projection_date, projection_time, cinema_hall_id, movie_id, created_at, updated_at) VALUES ('de999b4c-3a5a-41c4-be51-504bc291e3bf', '2026-07-11', '13:00:00', 'eca43c94-9e26-4693-a739-6e0b4a98ccdb', '7779df6b-04dc-4f1a-a750-794cdf019ac7', '2026-01-16T12:38:17.584916', '2026-01-16T12:38:17.584916');
INSERT INTO movie_projections (id, projection_date, projection_time, cinema_hall_id, movie_id, created_at, updated_at) VALUES ('be56931e-d2e7-4e69-8bf3-e881fdb8165c', '2026-06-05', '10:00:00', 'c51828ef-d759-417f-8262-434db181d319', '7779df6b-04dc-4f1a-a750-794cdf019ac7', '2026-01-16T12:38:17.584965', '2026-01-16T12:38:17.584965');
INSERT INTO movie_projections (id, projection_date, projection_time, cinema_hall_id, movie_id, created_at, updated_at) VALUES ('c1b163de-a085-43f2-aaa8-cf3fbb02a37c', '2026-07-25', '10:00:00', 'a08d2ff1-cecc-401b-b457-97e4be978d28', '7779df6b-04dc-4f1a-a750-794cdf019ac7', '2026-01-16T12:38:17.584990', '2026-01-16T12:38:17.584990');
INSERT INTO movie_projections (id, projection_date, projection_time, cinema_hall_id, movie_id, created_at, updated_at) VALUES ('38f53a8f-425f-4a27-9abb-b30eeb2322ce', '2026-06-15', '10:00:00', '4d85d72c-3252-4ef1-a349-a2e94f785dca', '7779df6b-04dc-4f1a-a750-794cdf019ac7', '2026-01-16T12:38:17.585017', '2026-01-16T12:38:17.585017');
INSERT INTO movie_projections (id, projection_date, projection_time, cinema_hall_id, movie_id, created_at, updated_at) VALUES ('1ca61aec-c208-4055-a791-42aa52a745ec', '2026-06-10', '19:00:00', '52cd97ab-39f3-4636-8ef4-2def4b33a8b7', '7779df6b-04dc-4f1a-a750-794cdf019ac7', '2026-01-16T12:38:17.585042', '2026-01-16T12:38:17.585042');
INSERT INTO movie_projections (id, projection_date, projection_time, cinema_hall_id, movie_id, created_at, updated_at) VALUES ('828f47ca-d774-47fb-854f-db0b07f5d1fc', '2026-07-28', '16:00:00', 'e23c9391-1da5-4d00-b51b-59da746d6438', '7779df6b-04dc-4f1a-a750-794cdf019ac7', '2026-01-16T12:38:17.585066', '2026-01-16T12:38:17.585066');
INSERT INTO movie_projections (id, projection_date, projection_time, cinema_hall_id, movie_id, created_at, updated_at) VALUES ('a84ce6b5-ac88-4525-a2f6-603d823af8df', '2026-06-09', '13:00:00', '4d85d72c-3252-4ef1-a349-a2e94f785dca', '7779df6b-04dc-4f1a-a750-794cdf019ac7', '2026-01-16T12:38:17.585091', '2026-01-16T12:38:17.585091');
INSERT INTO movie_projections (id, projection_date, projection_time, cinema_hall_id, movie_id, created_at, updated_at) VALUES ('193cefa5-32b8-4602-9b56-f69ea3ff7623', '2026-05-08', '19:00:00', 'a08d2ff1-cecc-401b-b457-97e4be978d28', '7779df6b-04dc-4f1a-a750-794cdf019ac7', '2026-01-16T12:38:17.585115', '2026-01-16T12:38:17.585115');
INSERT INTO movie_projections (id, projection_date, projection_time, cinema_hall_id, movie_id, created_at, updated_at) VALUES ('18af1bbe-349c-416d-aaae-e820d8aba5ba', '2026-04-04', '10:00:00', '4d85d72c-3252-4ef1-a349-a2e94f785dca', 'e5f35f4d-45fa-4dea-8300-fbb24871b843', '2026-01-16T12:38:17.585141', '2026-01-16T12:38:17.585141');
INSERT INTO movie_projections (id, projection_date, projection_time, cinema_hall_id, movie_id, created_at, updated_at) VALUES ('7fdd192a-7997-4eaa-8b18-348b378f6a3e', '2026-06-07', '16:00:00', '52cd97ab-39f3-4636-8ef4-2def4b33a8b7', 'e5f35f4d-45fa-4dea-8300-fbb24871b843', '2026-01-16T12:38:17.585165', '2026-01-16T12:38:17.585165');
INSERT INTO movie_projections (id, projection_date, projection_time, cinema_hall_id, movie_id, created_at, updated_at) VALUES ('81e44c88-4f14-4b43-907a-49acd57c8222', '2026-04-01', '19:00:00', '95a40469-08c8-43b8-aca1-d228dc44f459', 'e5f35f4d-45fa-4dea-8300-fbb24871b843', '2026-01-16T12:38:17.585194', '2026-01-16T12:38:17.585194');
INSERT INTO movie_projections (id, projection_date, projection_time, cinema_hall_id, movie_id, created_at, updated_at) VALUES ('77176a43-54f9-4990-be48-4fb990ffd52f', '2026-05-21', '13:00:00', 'eca43c94-9e26-4693-a739-6e0b4a98ccdb', 'e5f35f4d-45fa-4dea-8300-fbb24871b843', '2026-01-16T12:38:17.585221', '2026-01-16T12:38:17.585221');
INSERT INTO movie_projections (id, projection_date, projection_time, cinema_hall_id, movie_id, created_at, updated_at) VALUES ('ba5fa9e0-7ece-411e-a153-db4a3fd2aeaa', '2026-06-08', '19:00:00', 'c51828ef-d759-417f-8262-434db181d319', 'e5f35f4d-45fa-4dea-8300-fbb24871b843', '2026-01-16T12:38:17.585246', '2026-01-16T12:38:17.585246');
INSERT INTO movie_projections (id, projection_date, projection_time, cinema_hall_id, movie_id, created_at, updated_at) VALUES ('3dd1c6c5-2272-4396-a383-8955a423992e', '2026-06-04', '10:00:00', '00c3d58b-3da5-4624-9282-ea69e7fc1d99', 'e5f35f4d-45fa-4dea-8300-fbb24871b843', '2026-01-16T12:38:17.585270', '2026-01-16T12:38:17.585270');
INSERT INTO movie_projections (id, projection_date, projection_time, cinema_hall_id, movie_id, created_at, updated_at) VALUES ('8baadc6b-861d-41b2-a53a-8ae8cd3d6da9', '2026-04-01', '16:00:00', '2bb67be0-c4c9-450e-a08f-34a74859ab13', 'e5f35f4d-45fa-4dea-8300-fbb24871b843', '2026-01-16T12:38:17.585294', '2026-01-16T12:38:17.585294');
INSERT INTO movie_projections (id, projection_date, projection_time, cinema_hall_id, movie_id, created_at, updated_at) VALUES ('561891e1-3a0a-4b82-8ba4-00d29be87b20', '2026-06-19', '16:00:00', '37bef505-4764-486b-863c-2e07e5735ad6', 'e5f35f4d-45fa-4dea-8300-fbb24871b843', '2026-01-16T12:38:17.585318', '2026-01-16T12:38:17.585318');
INSERT INTO movie_projections (id, projection_date, projection_time, cinema_hall_id, movie_id, created_at, updated_at) VALUES ('7324f513-47e8-4663-bc2c-5a837013629a', '2026-05-05', '16:00:00', '00c3d58b-3da5-4624-9282-ea69e7fc1d99', 'e5f35f4d-45fa-4dea-8300-fbb24871b843', '2026-01-16T12:38:17.585343', '2026-01-16T12:38:17.585343');
INSERT INTO movie_projections (id, projection_date, projection_time, cinema_hall_id, movie_id, created_at, updated_at) VALUES ('30a91d3a-e3aa-4ede-b1ad-50f6b32ac78e', '2026-03-08', '19:00:00', '95a40469-08c8-43b8-aca1-d228dc44f459', 'e5f35f4d-45fa-4dea-8300-fbb24871b843', '2026-01-16T12:38:17.585367', '2026-01-16T12:38:17.585367');
INSERT INTO movie_projections (id, projection_date, projection_time, cinema_hall_id, movie_id, created_at, updated_at) VALUES ('07b69645-4898-449c-97ed-40e5f75c1744', '2026-06-11', '19:00:00', '95a40469-08c8-43b8-aca1-d228dc44f459', 'e5f35f4d-45fa-4dea-8300-fbb24871b843', '2026-01-16T12:38:17.585391', '2026-01-16T12:38:17.585391');
INSERT INTO movie_projections (id, projection_date, projection_time, cinema_hall_id, movie_id, created_at, updated_at) VALUES ('f9b40494-14da-4370-acd2-90103dbf022c', '2026-04-21', '13:00:00', '52cd97ab-39f3-4636-8ef4-2def4b33a8b7', 'e5f35f4d-45fa-4dea-8300-fbb24871b843', '2026-01-16T12:38:17.585422', '2026-01-16T12:38:17.585422');
INSERT INTO movie_projections (id, projection_date, projection_time, cinema_hall_id, movie_id, created_at, updated_at) VALUES ('99c436f6-0917-41e5-b77d-1fbe961c36ca', '2026-06-03', '16:00:00', '37bef505-4764-486b-863c-2e07e5735ad6', 'e5f35f4d-45fa-4dea-8300-fbb24871b843', '2026-01-16T12:38:17.585450', '2026-01-16T12:38:17.585450');
INSERT INTO movie_projections (id, projection_date, projection_time, cinema_hall_id, movie_id, created_at, updated_at) VALUES ('0d6bb1c3-0d0a-4a13-b44b-41d325882442', '2026-04-05', '16:00:00', '1e714225-1496-43fd-9e98-87119156b996', 'e5f35f4d-45fa-4dea-8300-fbb24871b843', '2026-01-16T12:38:17.585479', '2026-01-16T12:38:17.585479');
INSERT INTO movie_projections (id, projection_date, projection_time, cinema_hall_id, movie_id, created_at, updated_at) VALUES ('ec1d41b5-a95c-465b-9bf9-602fc653a92c', '2026-05-17', '13:00:00', 'c51828ef-d759-417f-8262-434db181d319', 'e5f35f4d-45fa-4dea-8300-fbb24871b843', '2026-01-16T12:38:17.585529', '2026-01-16T12:38:17.585529');
INSERT INTO movie_projections (id, projection_date, projection_time, cinema_hall_id, movie_id, created_at, updated_at) VALUES ('1b7e5187-db0e-48b6-bf50-47f02bf55f84', '2026-03-27', '10:00:00', '4d85d72c-3252-4ef1-a349-a2e94f785dca', 'e5f35f4d-45fa-4dea-8300-fbb24871b843', '2026-01-16T12:38:17.585558', '2026-01-16T12:38:17.585558');
INSERT INTO movie_projections (id, projection_date, projection_time, cinema_hall_id, movie_id, created_at, updated_at) VALUES ('31290b78-7d74-4927-8652-9e7f8f6cbf94', '2026-04-08', '16:00:00', '52cd97ab-39f3-4636-8ef4-2def4b33a8b7', 'e5f35f4d-45fa-4dea-8300-fbb24871b843', '2026-01-16T12:38:17.585583', '2026-01-16T12:38:17.585583');
INSERT INTO movie_projections (id, projection_date, projection_time, cinema_hall_id, movie_id, created_at, updated_at) VALUES ('0602647d-1819-4288-8b7a-c4a1ad82fd0f', '2026-05-22', '16:00:00', 'e23c9391-1da5-4d00-b51b-59da746d6438', 'e5f35f4d-45fa-4dea-8300-fbb24871b843', '2026-01-16T12:38:17.585608', '2026-01-16T12:38:17.585608');
INSERT INTO movie_projections (id, projection_date, projection_time, cinema_hall_id, movie_id, created_at, updated_at) VALUES ('92eb103b-380a-4084-8606-cbe367b9690e', '2026-04-15', '19:00:00', 'eca43c94-9e26-4693-a739-6e0b4a98ccdb', 'e5f35f4d-45fa-4dea-8300-fbb24871b843', '2026-01-16T12:38:17.585634', '2026-01-16T12:38:17.585634');
INSERT INTO movie_projections (id, projection_date, projection_time, cinema_hall_id, movie_id, created_at, updated_at) VALUES ('eb9519ff-c0f0-4962-bc59-916d3e9a027e', '2026-04-21', '19:00:00', 'eca43c94-9e26-4693-a739-6e0b4a98ccdb', 'e5f35f4d-45fa-4dea-8300-fbb24871b843', '2026-01-16T12:38:17.585667', '2026-01-16T12:38:17.585667');
INSERT INTO movie_projections (id, projection_date, projection_time, cinema_hall_id, movie_id, created_at, updated_at) VALUES ('59ad98e6-4fa9-4e60-8a43-d858e1d48d0e', '2026-05-16', '19:00:00', '52cd97ab-39f3-4636-8ef4-2def4b33a8b7', 'e5f35f4d-45fa-4dea-8300-fbb24871b843', '2026-01-16T12:38:17.585692', '2026-01-16T12:38:17.585692');
INSERT INTO movie_projections (id, projection_date, projection_time, cinema_hall_id, movie_id, created_at, updated_at) VALUES ('0176df85-9351-4924-ba1a-06dee92fd2a1', '2026-04-11', '10:00:00', '37bef505-4764-486b-863c-2e07e5735ad6', 'e5f35f4d-45fa-4dea-8300-fbb24871b843', '2026-01-16T12:38:17.585718', '2026-01-16T12:38:17.585718');
INSERT INTO movie_projections (id, projection_date, projection_time, cinema_hall_id, movie_id, created_at, updated_at) VALUES ('4f60bb80-3cb7-4571-b1fb-76bcb9f3a581', '2026-04-14', '16:00:00', 'eca43c94-9e26-4693-a739-6e0b4a98ccdb', 'e5f35f4d-45fa-4dea-8300-fbb24871b843', '2026-01-16T12:38:17.585742', '2026-01-16T12:38:17.585742');
INSERT INTO movie_projections (id, projection_date, projection_time, cinema_hall_id, movie_id, created_at, updated_at) VALUES ('f6406037-0454-457c-b3d6-cf5ff6decbe6', '2026-04-10', '19:00:00', 'e23c9391-1da5-4d00-b51b-59da746d6438', 'e5f35f4d-45fa-4dea-8300-fbb24871b843', '2026-01-16T12:38:17.585771', '2026-01-16T12:38:17.585771');
INSERT INTO movie_projections (id, projection_date, projection_time, cinema_hall_id, movie_id, created_at, updated_at) VALUES ('2376ffe2-ef8d-4431-9ecb-6ec3fff90141', '2026-06-07', '19:00:00', '4d85d72c-3252-4ef1-a349-a2e94f785dca', 'e5f35f4d-45fa-4dea-8300-fbb24871b843', '2026-01-16T12:38:17.585796', '2026-01-16T12:38:17.585796');
INSERT INTO movie_projections (id, projection_date, projection_time, cinema_hall_id, movie_id, created_at, updated_at) VALUES ('465087f7-fe19-438f-85a4-6b314cf6bbb4', '2026-04-07', '10:00:00', '00c3d58b-3da5-4624-9282-ea69e7fc1d99', 'e5f35f4d-45fa-4dea-8300-fbb24871b843', '2026-01-16T12:38:17.585820', '2026-01-16T12:38:17.585820');
INSERT INTO movie_projections (id, projection_date, projection_time, cinema_hall_id, movie_id, created_at, updated_at) VALUES ('0608b0e6-c724-452e-92a4-3806824933e8', '2026-03-23', '19:00:00', '1e714225-1496-43fd-9e98-87119156b996', 'e5f35f4d-45fa-4dea-8300-fbb24871b843', '2026-01-16T12:38:17.585845', '2026-01-16T12:38:17.585845');
INSERT INTO movie_projections (id, projection_date, projection_time, cinema_hall_id, movie_id, created_at, updated_at) VALUES ('49efbf77-efaf-4e0f-abfc-0cecd1890acc', '2026-03-08', '19:00:00', '00c3d58b-3da5-4624-9282-ea69e7fc1d99', 'e5f35f4d-45fa-4dea-8300-fbb24871b843', '2026-01-16T12:38:17.585872', '2026-01-16T12:38:17.585872');
INSERT INTO movie_projections (id, projection_date, projection_time, cinema_hall_id, movie_id, created_at, updated_at) VALUES ('1775b30f-5e11-4dd2-a3e8-8f198df9221e', '2026-05-13', '13:00:00', '2bb67be0-c4c9-450e-a08f-34a74859ab13', 'e5f35f4d-45fa-4dea-8300-fbb24871b843', '2026-01-16T12:38:17.585897', '2026-01-16T12:38:17.585897');
INSERT INTO movie_projections (id, projection_date, projection_time, cinema_hall_id, movie_id, created_at, updated_at) VALUES ('874fc450-7a60-4a0f-8bdc-55ffa91ec11e', '2026-03-22', '16:00:00', '52cd97ab-39f3-4636-8ef4-2def4b33a8b7', 'e5f35f4d-45fa-4dea-8300-fbb24871b843', '2026-01-16T12:38:17.585921', '2026-01-16T12:38:17.585921');
INSERT INTO movie_projections (id, projection_date, projection_time, cinema_hall_id, movie_id, created_at, updated_at) VALUES ('9000e306-5d0e-4880-9805-3a72e21044fe', '2026-05-12', '10:00:00', 'eca43c94-9e26-4693-a739-6e0b4a98ccdb', 'e5f35f4d-45fa-4dea-8300-fbb24871b843', '2026-01-16T12:38:17.585946', '2026-01-16T12:38:17.585946');
INSERT INTO movie_projections (id, projection_date, projection_time, cinema_hall_id, movie_id, created_at, updated_at) VALUES ('314dbfd0-45e8-42bf-8632-e67017c7d4bd', '2026-06-19', '13:00:00', '52cd97ab-39f3-4636-8ef4-2def4b33a8b7', 'e5f35f4d-45fa-4dea-8300-fbb24871b843', '2026-01-16T12:38:17.585970', '2026-01-16T12:38:17.585970');
INSERT INTO movie_projections (id, projection_date, projection_time, cinema_hall_id, movie_id, created_at, updated_at) VALUES ('fc38685c-b80e-4ab3-a74e-49b20c3a2379', '2026-06-13', '19:00:00', 'eca43c94-9e26-4693-a739-6e0b4a98ccdb', 'e5f35f4d-45fa-4dea-8300-fbb24871b843', '2026-01-16T12:38:17.585995', '2026-01-16T12:38:17.585995');
INSERT INTO movie_projections (id, projection_date, projection_time, cinema_hall_id, movie_id, created_at, updated_at) VALUES ('347ae8d0-1737-4356-8581-34a448d94ec3', '2026-05-11', '13:00:00', '4d85d72c-3252-4ef1-a349-a2e94f785dca', 'e5f35f4d-45fa-4dea-8300-fbb24871b843', '2026-01-16T12:38:17.586024', '2026-01-16T12:38:17.586024');
INSERT INTO movie_projections (id, projection_date, projection_time, cinema_hall_id, movie_id, created_at, updated_at) VALUES ('e1884792-be04-4d82-85f6-037b45f92709', '2026-06-18', '16:00:00', '4d85d72c-3252-4ef1-a349-a2e94f785dca', 'e5f35f4d-45fa-4dea-8300-fbb24871b843', '2026-01-16T12:38:17.586049', '2026-01-16T12:38:17.586049');
INSERT INTO movie_projections (id, projection_date, projection_time, cinema_hall_id, movie_id, created_at, updated_at) VALUES ('3a17171a-a3f7-496f-993b-4996e7ae00b1', '2026-06-07', '16:00:00', 'e23c9391-1da5-4d00-b51b-59da746d6438', 'e5f35f4d-45fa-4dea-8300-fbb24871b843', '2026-01-16T12:38:17.586076', '2026-01-16T12:38:17.586076');
INSERT INTO movie_projections (id, projection_date, projection_time, cinema_hall_id, movie_id, created_at, updated_at) VALUES ('0e113035-4604-42ff-b025-824dcbf99861', '2026-03-21', '10:00:00', '52cd97ab-39f3-4636-8ef4-2def4b33a8b7', 'e5f35f4d-45fa-4dea-8300-fbb24871b843', '2026-01-16T12:38:17.586101', '2026-01-16T12:38:17.586101');
INSERT INTO movie_projections (id, projection_date, projection_time, cinema_hall_id, movie_id, created_at, updated_at) VALUES ('ba4719e6-7fd7-45e6-b60e-410f6191f098', '2026-04-05', '19:00:00', 'a08d2ff1-cecc-401b-b457-97e4be978d28', 'e5f35f4d-45fa-4dea-8300-fbb24871b843', '2026-01-16T12:38:17.586125', '2026-01-16T12:38:17.586125');
INSERT INTO movie_projections (id, projection_date, projection_time, cinema_hall_id, movie_id, created_at, updated_at) VALUES ('fada2174-ea92-4d8e-bdbb-1a6324a89e93', '2026-04-29', '19:00:00', '95a40469-08c8-43b8-aca1-d228dc44f459', 'e5f35f4d-45fa-4dea-8300-fbb24871b843', '2026-01-16T12:38:17.586150', '2026-01-16T12:38:17.586150');
INSERT INTO movie_projections (id, projection_date, projection_time, cinema_hall_id, movie_id, created_at, updated_at) VALUES ('31024042-eb77-4af8-bc9c-077436fd6655', '2026-06-09', '13:00:00', 'c51828ef-d759-417f-8262-434db181d319', 'e5f35f4d-45fa-4dea-8300-fbb24871b843', '2026-01-16T12:38:17.586174', '2026-01-16T12:38:17.586174');
INSERT INTO movie_projections (id, projection_date, projection_time, cinema_hall_id, movie_id, created_at, updated_at) VALUES ('8a77f327-ddbc-4829-8f32-a11f4e9b46b9', '2026-05-01', '16:00:00', 'a08d2ff1-cecc-401b-b457-97e4be978d28', '0b96093a-f931-4fdf-afeb-db813f97ad0e', '2026-01-16T12:38:17.586200', '2026-01-16T12:38:17.586200');
INSERT INTO movie_projections (id, projection_date, projection_time, cinema_hall_id, movie_id, created_at, updated_at) VALUES ('12a50c46-45ab-46d8-ab01-715598c47e72', '2026-04-16', '19:00:00', '1e714225-1496-43fd-9e98-87119156b996', '0b96093a-f931-4fdf-afeb-db813f97ad0e', '2026-01-16T12:38:17.586225', '2026-01-16T12:38:17.586225');
INSERT INTO movie_projections (id, projection_date, projection_time, cinema_hall_id, movie_id, created_at, updated_at) VALUES ('e542d1be-cd0f-4cdc-ad3f-2892e1231c59', '2026-04-26', '10:00:00', '4d85d72c-3252-4ef1-a349-a2e94f785dca', '0b96093a-f931-4fdf-afeb-db813f97ad0e', '2026-01-16T12:38:17.586249', '2026-01-16T12:38:17.586249');
INSERT INTO movie_projections (id, projection_date, projection_time, cinema_hall_id, movie_id, created_at, updated_at) VALUES ('eb8c98f7-dda8-451a-8bf5-817f7be2c7ca', '2026-03-27', '16:00:00', '1e714225-1496-43fd-9e98-87119156b996', '0b96093a-f931-4fdf-afeb-db813f97ad0e', '2026-01-16T12:38:17.586276', '2026-01-16T12:38:17.586276');
INSERT INTO movie_projections (id, projection_date, projection_time, cinema_hall_id, movie_id, created_at, updated_at) VALUES ('bceda8a8-be8e-4c5c-b069-2853ae937d51', '2026-03-02', '19:00:00', 'e23c9391-1da5-4d00-b51b-59da746d6438', '0b96093a-f931-4fdf-afeb-db813f97ad0e', '2026-01-16T12:38:17.586305', '2026-01-16T12:38:17.586305');
INSERT INTO movie_projections (id, projection_date, projection_time, cinema_hall_id, movie_id, created_at, updated_at) VALUES ('9df50159-6808-41f4-b1fb-c96edf2e70ac', '2026-04-12', '19:00:00', '2bb67be0-c4c9-450e-a08f-34a74859ab13', '0b96093a-f931-4fdf-afeb-db813f97ad0e', '2026-01-16T12:38:17.586329', '2026-01-16T12:38:17.586329');
INSERT INTO movie_projections (id, projection_date, projection_time, cinema_hall_id, movie_id, created_at, updated_at) VALUES ('079f8b84-c54d-4e0d-9378-4959086f85af', '2026-04-08', '16:00:00', '4d85d72c-3252-4ef1-a349-a2e94f785dca', '0b96093a-f931-4fdf-afeb-db813f97ad0e', '2026-01-16T12:38:17.586354', '2026-01-16T12:38:17.586354');
INSERT INTO movie_projections (id, projection_date, projection_time, cinema_hall_id, movie_id, created_at, updated_at) VALUES ('588b644e-0a23-4206-b19b-110a8ec5d920', '2026-04-19', '10:00:00', '4d85d72c-3252-4ef1-a349-a2e94f785dca', '0b96093a-f931-4fdf-afeb-db813f97ad0e', '2026-01-16T12:38:17.586379', '2026-01-16T12:38:17.586379');
INSERT INTO movie_projections (id, projection_date, projection_time, cinema_hall_id, movie_id, created_at, updated_at) VALUES ('8a70940b-776a-4f86-9424-5dc97933c2ef', '2026-03-01', '19:00:00', '2bb67be0-c4c9-450e-a08f-34a74859ab13', '0b96093a-f931-4fdf-afeb-db813f97ad0e', '2026-01-16T12:38:17.586403', '2026-01-16T12:38:17.586403');
INSERT INTO movie_projections (id, projection_date, projection_time, cinema_hall_id, movie_id, created_at, updated_at) VALUES ('c8041b5b-e19c-4c05-8249-46cf65fb5c5a', '2026-04-13', '10:00:00', 'a08d2ff1-cecc-401b-b457-97e4be978d28', '0b96093a-f931-4fdf-afeb-db813f97ad0e', '2026-01-16T12:38:17.586427', '2026-01-16T12:38:17.586427');
INSERT INTO movie_projections (id, projection_date, projection_time, cinema_hall_id, movie_id, created_at, updated_at) VALUES ('82f91e68-9093-4ac5-b7e7-14cc4ccb55ee', '2026-03-11', '13:00:00', '4d85d72c-3252-4ef1-a349-a2e94f785dca', '0b96093a-f931-4fdf-afeb-db813f97ad0e', '2026-01-16T12:38:17.586452', '2026-01-16T12:38:17.586452');
INSERT INTO movie_projections (id, projection_date, projection_time, cinema_hall_id, movie_id, created_at, updated_at) VALUES ('d32648fc-877f-4a56-9599-aa62729c521d', '2026-03-06', '10:00:00', '2bb67be0-c4c9-450e-a08f-34a74859ab13', '0b96093a-f931-4fdf-afeb-db813f97ad0e', '2026-01-16T12:38:17.586493', '2026-01-16T12:38:17.586493');
INSERT INTO movie_projections (id, projection_date, projection_time, cinema_hall_id, movie_id, created_at, updated_at) VALUES ('f756058a-2762-42dc-b38d-b7445112adce', '2026-03-10', '19:00:00', '37bef505-4764-486b-863c-2e07e5735ad6', '0b96093a-f931-4fdf-afeb-db813f97ad0e', '2026-01-16T12:38:17.586519', '2026-01-16T12:38:17.586519');
INSERT INTO movie_projections (id, projection_date, projection_time, cinema_hall_id, movie_id, created_at, updated_at) VALUES ('de03e3ba-805f-4013-8ffb-7d7c5491016a', '2026-03-22', '10:00:00', 'c51828ef-d759-417f-8262-434db181d319', '0b96093a-f931-4fdf-afeb-db813f97ad0e', '2026-01-16T12:38:17.586544', '2026-01-16T12:38:17.586544');
INSERT INTO movie_projections (id, projection_date, projection_time, cinema_hall_id, movie_id, created_at, updated_at) VALUES ('9a9b5239-f556-4c7c-82c7-0d7eda48ce66', '2026-04-15', '13:00:00', '52cd97ab-39f3-4636-8ef4-2def4b33a8b7', '0b96093a-f931-4fdf-afeb-db813f97ad0e', '2026-01-16T12:38:17.586572', '2026-01-16T12:38:17.586572');
INSERT INTO movie_projections (id, projection_date, projection_time, cinema_hall_id, movie_id, created_at, updated_at) VALUES ('ddf056c7-9a14-4169-aee6-95f39263c1a7', '2026-03-11', '10:00:00', '52cd97ab-39f3-4636-8ef4-2def4b33a8b7', '0b96093a-f931-4fdf-afeb-db813f97ad0e', '2026-01-16T12:38:17.586597', '2026-01-16T12:38:17.586597');
INSERT INTO movie_projections (id, projection_date, projection_time, cinema_hall_id, movie_id, created_at, updated_at) VALUES ('2bfd3acc-1be0-4b05-bb25-19fe19701f92', '2026-03-21', '13:00:00', 'a08d2ff1-cecc-401b-b457-97e4be978d28', '0b96093a-f931-4fdf-afeb-db813f97ad0e', '2026-01-16T12:38:17.586622', '2026-01-16T12:38:17.586622');
INSERT INTO movie_projections (id, projection_date, projection_time, cinema_hall_id, movie_id, created_at, updated_at) VALUES ('f693b157-0379-4bb8-963c-a2be3b72d1b6', '2026-02-26', '13:00:00', 'c51828ef-d759-417f-8262-434db181d319', '0b96093a-f931-4fdf-afeb-db813f97ad0e', '2026-01-16T12:38:17.586647', '2026-01-16T12:38:17.586647');
INSERT INTO movie_projections (id, projection_date, projection_time, cinema_hall_id, movie_id, created_at, updated_at) VALUES ('383de6a8-f0bb-4d03-af2e-3b7c3069a240', '2026-04-26', '10:00:00', 'e23c9391-1da5-4d00-b51b-59da746d6438', '0b96093a-f931-4fdf-afeb-db813f97ad0e', '2026-01-16T12:38:17.586672', '2026-01-16T12:38:17.586672');
INSERT INTO movie_projections (id, projection_date, projection_time, cinema_hall_id, movie_id, created_at, updated_at) VALUES ('28173413-5dd2-4092-bcc9-00e9782cdffa', '2026-04-08', '19:00:00', '52cd97ab-39f3-4636-8ef4-2def4b33a8b7', '0b96093a-f931-4fdf-afeb-db813f97ad0e', '2026-01-16T12:38:17.586699', '2026-01-16T12:38:17.586699');
INSERT INTO movie_projections (id, projection_date, projection_time, cinema_hall_id, movie_id, created_at, updated_at) VALUES ('06977352-b2f6-482d-b30d-cdadfa616808', '2026-04-22', '10:00:00', 'e23c9391-1da5-4d00-b51b-59da746d6438', '0b96093a-f931-4fdf-afeb-db813f97ad0e', '2026-01-16T12:38:17.586723', '2026-01-16T12:38:17.586723');
INSERT INTO movie_projections (id, projection_date, projection_time, cinema_hall_id, movie_id, created_at, updated_at) VALUES ('de3f3716-649b-4800-bb86-2f3c7c4100cf', '2026-04-14', '10:00:00', '00c3d58b-3da5-4624-9282-ea69e7fc1d99', '0b96093a-f931-4fdf-afeb-db813f97ad0e', '2026-01-16T12:38:17.586748', '2026-01-16T12:38:17.586748');
INSERT INTO movie_projections (id, projection_date, projection_time, cinema_hall_id, movie_id, created_at, updated_at) VALUES ('e87f0ac5-485e-493c-b74c-4afe0cd1d0a1', '2026-02-28', '10:00:00', 'e23c9391-1da5-4d00-b51b-59da746d6438', '0b96093a-f931-4fdf-afeb-db813f97ad0e', '2026-01-16T12:38:17.586773', '2026-01-16T12:38:17.586773');
INSERT INTO movie_projections (id, projection_date, projection_time, cinema_hall_id, movie_id, created_at, updated_at) VALUES ('a5f18c0c-2b0a-4fec-b10c-9f48def46b2f', '2026-05-05', '13:00:00', 'c51828ef-d759-417f-8262-434db181d319', '0b96093a-f931-4fdf-afeb-db813f97ad0e', '2026-01-16T12:38:17.586801', '2026-01-16T12:38:17.586801');
INSERT INTO movie_projections (id, projection_date, projection_time, cinema_hall_id, movie_id, created_at, updated_at) VALUES ('e6b72b44-5696-4dc1-be69-6aae59aa489e', '2026-04-23', '13:00:00', '4d85d72c-3252-4ef1-a349-a2e94f785dca', '0b96093a-f931-4fdf-afeb-db813f97ad0e', '2026-01-16T12:38:17.586827', '2026-01-16T12:38:17.586827');
INSERT INTO movie_projections (id, projection_date, projection_time, cinema_hall_id, movie_id, created_at, updated_at) VALUES ('11bd9b83-4032-49e5-8a03-6a774eb58ea6', '2026-02-24', '19:00:00', '4d85d72c-3252-4ef1-a349-a2e94f785dca', '0b96093a-f931-4fdf-afeb-db813f97ad0e', '2026-01-16T12:38:17.586855', '2026-01-16T12:38:17.586855');
INSERT INTO movie_projections (id, projection_date, projection_time, cinema_hall_id, movie_id, created_at, updated_at) VALUES ('24825b14-8ac7-40fc-a50a-7c6d5c6b8d23', '2026-04-15', '10:00:00', '4d85d72c-3252-4ef1-a349-a2e94f785dca', '0b96093a-f931-4fdf-afeb-db813f97ad0e', '2026-01-16T12:38:17.586880', '2026-01-16T12:38:17.586880');
INSERT INTO movie_projections (id, projection_date, projection_time, cinema_hall_id, movie_id, created_at, updated_at) VALUES ('ead5f12d-271e-476c-8c83-cc735c57ce18', '2026-03-23', '10:00:00', 'c51828ef-d759-417f-8262-434db181d319', '0b96093a-f931-4fdf-afeb-db813f97ad0e', '2026-01-16T12:38:17.586907', '2026-01-16T12:38:17.586907');
INSERT INTO movie_projections (id, projection_date, projection_time, cinema_hall_id, movie_id, created_at, updated_at) VALUES ('f5a7ab2b-98a4-465d-bbb4-2e0059b48939', '2026-03-12', '10:00:00', '4d85d72c-3252-4ef1-a349-a2e94f785dca', '0b96093a-f931-4fdf-afeb-db813f97ad0e', '2026-01-16T12:38:17.586931', '2026-01-16T12:38:17.586931');
INSERT INTO movie_projections (id, projection_date, projection_time, cinema_hall_id, movie_id, created_at, updated_at) VALUES ('8c5b69db-10a0-4950-992c-43349cf7a1c0', '2026-02-18', '10:00:00', '4d85d72c-3252-4ef1-a349-a2e94f785dca', '0b96093a-f931-4fdf-afeb-db813f97ad0e', '2026-01-16T12:38:17.586956', '2026-01-16T12:38:17.586956');
INSERT INTO movie_projections (id, projection_date, projection_time, cinema_hall_id, movie_id, created_at, updated_at) VALUES ('2356664c-2fb5-4550-b8e2-e7cb51a68996', '2026-04-15', '10:00:00', '52cd97ab-39f3-4636-8ef4-2def4b33a8b7', '0b96093a-f931-4fdf-afeb-db813f97ad0e', '2026-01-16T12:38:17.586981', '2026-01-16T12:38:17.586981');
INSERT INTO movie_projections (id, projection_date, projection_time, cinema_hall_id, movie_id, created_at, updated_at) VALUES ('fe776e0b-4a25-4aa5-affb-2caaf6ecadb7', '2026-04-23', '13:00:00', '4d85d72c-3252-4ef1-a349-a2e94f785dca', '0b96093a-f931-4fdf-afeb-db813f97ad0e', '2026-01-16T12:38:17.587005', '2026-01-16T12:38:17.587005');
INSERT INTO movie_projections (id, projection_date, projection_time, cinema_hall_id, movie_id, created_at, updated_at) VALUES ('7006db11-6fcb-4c20-9874-5f3e146e63ac', '2026-03-04', '19:00:00', 'c51828ef-d759-417f-8262-434db181d319', '0b96093a-f931-4fdf-afeb-db813f97ad0e', '2026-01-16T12:38:17.587030', '2026-01-16T12:38:17.587030');
INSERT INTO movie_projections (id, projection_date, projection_time, cinema_hall_id, movie_id, created_at, updated_at) VALUES ('1e45036a-c0b5-4303-9103-bdf1b42de23d', '2026-04-22', '10:00:00', 'c51828ef-d759-417f-8262-434db181d319', '0b96093a-f931-4fdf-afeb-db813f97ad0e', '2026-01-16T12:38:17.587055', '2026-01-16T12:38:17.587055');
INSERT INTO movie_projections (id, projection_date, projection_time, cinema_hall_id, movie_id, created_at, updated_at) VALUES ('420b9d56-9163-4f86-91dd-d3f1459bcbb9', '2026-02-17', '19:00:00', '00c3d58b-3da5-4624-9282-ea69e7fc1d99', '0b96093a-f931-4fdf-afeb-db813f97ad0e', '2026-01-16T12:38:17.587080', '2026-01-16T12:38:17.587080');
INSERT INTO movie_projections (id, projection_date, projection_time, cinema_hall_id, movie_id, created_at, updated_at) VALUES ('2ead4a50-188b-4cdd-a5ff-cb0449dc1168', '2026-04-12', '13:00:00', '95a40469-08c8-43b8-aca1-d228dc44f459', '0b96093a-f931-4fdf-afeb-db813f97ad0e', '2026-01-16T12:38:17.587110', '2026-01-16T12:38:17.587110');
INSERT INTO movie_projections (id, projection_date, projection_time, cinema_hall_id, movie_id, created_at, updated_at) VALUES ('b9978374-9d8e-45bc-b4e4-5a38efe701a3', '2026-03-07', '16:00:00', 'a08d2ff1-cecc-401b-b457-97e4be978d28', '0b96093a-f931-4fdf-afeb-db813f97ad0e', '2026-01-16T12:38:17.587136', '2026-01-16T12:38:17.587136');
INSERT INTO movie_projections (id, projection_date, projection_time, cinema_hall_id, movie_id, created_at, updated_at) VALUES ('c443542e-8d80-4799-b479-1c4692c52301', '2026-02-17', '13:00:00', '00c3d58b-3da5-4624-9282-ea69e7fc1d99', '0b96093a-f931-4fdf-afeb-db813f97ad0e', '2026-01-16T12:38:17.587160', '2026-01-16T12:38:17.587160');
INSERT INTO movie_projections (id, projection_date, projection_time, cinema_hall_id, movie_id, created_at, updated_at) VALUES ('8f471ff2-8740-420f-8195-d8f4af6a4136', '2026-04-06', '19:00:00', 'a08d2ff1-cecc-401b-b457-97e4be978d28', '0b96093a-f931-4fdf-afeb-db813f97ad0e', '2026-01-16T12:38:17.587184', '2026-01-16T12:38:17.587184');
INSERT INTO movie_projections (id, projection_date, projection_time, cinema_hall_id, movie_id, created_at, updated_at) VALUES ('a94eb074-8db8-4d35-858f-d2bf5c4e7cea', '2026-03-27', '16:00:00', 'c51828ef-d759-417f-8262-434db181d319', '0b96093a-f931-4fdf-afeb-db813f97ad0e', '2026-01-16T12:38:17.587209', '2026-01-16T12:38:17.587209');
INSERT INTO movie_projections (id, projection_date, projection_time, cinema_hall_id, movie_id, created_at, updated_at) VALUES ('ae81d1c7-a6b3-4c1e-951c-ecdf8371c064', '2026-06-26', '13:00:00', '95a40469-08c8-43b8-aca1-d228dc44f459', '2b856798-7d97-472e-90d2-ea4a91579cab', '2026-01-16T12:38:17.587235', '2026-01-16T12:38:17.587235');
INSERT INTO movie_projections (id, projection_date, projection_time, cinema_hall_id, movie_id, created_at, updated_at) VALUES ('fcd87222-03d3-48f5-9857-934f0ff9ffac', '2026-06-09', '10:00:00', 'eca43c94-9e26-4693-a739-6e0b4a98ccdb', '2b856798-7d97-472e-90d2-ea4a91579cab', '2026-01-16T12:38:17.587269', '2026-01-16T12:38:17.587269');
INSERT INTO movie_projections (id, projection_date, projection_time, cinema_hall_id, movie_id, created_at, updated_at) VALUES ('7a158aec-938f-4bdd-b84f-3873d34f6e11', '2026-07-08', '10:00:00', 'a08d2ff1-cecc-401b-b457-97e4be978d28', '2b856798-7d97-472e-90d2-ea4a91579cab', '2026-01-16T12:38:17.587298', '2026-01-16T12:38:17.587298');
INSERT INTO movie_projections (id, projection_date, projection_time, cinema_hall_id, movie_id, created_at, updated_at) VALUES ('ad889e8f-211f-4a4d-b12f-75a58e74582b', '2026-07-31', '16:00:00', '95a40469-08c8-43b8-aca1-d228dc44f459', '2b856798-7d97-472e-90d2-ea4a91579cab', '2026-01-16T12:38:17.587326', '2026-01-16T12:38:17.587326');
INSERT INTO movie_projections (id, projection_date, projection_time, cinema_hall_id, movie_id, created_at, updated_at) VALUES ('db95a140-ead7-4ccd-9d8b-5dcfcdfc52e5', '2026-07-02', '19:00:00', '1e714225-1496-43fd-9e98-87119156b996', '2b856798-7d97-472e-90d2-ea4a91579cab', '2026-01-16T12:38:17.587351', '2026-01-16T12:38:17.587351');
INSERT INTO movie_projections (id, projection_date, projection_time, cinema_hall_id, movie_id, created_at, updated_at) VALUES ('adc90562-dffa-4267-9622-a600f9a050da', '2026-06-29', '10:00:00', '2bb67be0-c4c9-450e-a08f-34a74859ab13', '2b856798-7d97-472e-90d2-ea4a91579cab', '2026-01-16T12:38:17.587376', '2026-01-16T12:38:17.587376');
INSERT INTO movie_projections (id, projection_date, projection_time, cinema_hall_id, movie_id, created_at, updated_at) VALUES ('38741110-22cf-46e0-bef5-35a42beffd9c', '2026-08-05', '10:00:00', '00c3d58b-3da5-4624-9282-ea69e7fc1d99', '2b856798-7d97-472e-90d2-ea4a91579cab', '2026-01-16T12:38:17.587404', '2026-01-16T12:38:17.587404');
INSERT INTO movie_projections (id, projection_date, projection_time, cinema_hall_id, movie_id, created_at, updated_at) VALUES ('b8d8231e-6091-4e4f-877b-f423ec5daf74', '2026-06-14', '13:00:00', 'e23c9391-1da5-4d00-b51b-59da746d6438', '2b856798-7d97-472e-90d2-ea4a91579cab', '2026-01-16T12:38:17.587429', '2026-01-16T12:38:17.587429');
INSERT INTO movie_projections (id, projection_date, projection_time, cinema_hall_id, movie_id, created_at, updated_at) VALUES ('49880626-561d-46ed-a9e0-a09627ddcc70', '2026-05-23', '13:00:00', '52cd97ab-39f3-4636-8ef4-2def4b33a8b7', '2b856798-7d97-472e-90d2-ea4a91579cab', '2026-01-16T12:38:17.587453', '2026-01-16T12:38:17.587453');
INSERT INTO movie_projections (id, projection_date, projection_time, cinema_hall_id, movie_id, created_at, updated_at) VALUES ('30deb74f-cb32-42fb-ab1e-a9a5a67e9f5d', '2026-07-08', '13:00:00', '52cd97ab-39f3-4636-8ef4-2def4b33a8b7', '2b856798-7d97-472e-90d2-ea4a91579cab', '2026-01-16T12:38:17.587490', '2026-01-16T12:38:17.587490');
INSERT INTO movie_projections (id, projection_date, projection_time, cinema_hall_id, movie_id, created_at, updated_at) VALUES ('71692bcf-8e4a-49d3-bc23-87f156ede5c7', '2026-07-18', '19:00:00', '4d85d72c-3252-4ef1-a349-a2e94f785dca', '2b856798-7d97-472e-90d2-ea4a91579cab', '2026-01-16T12:38:17.587544', '2026-01-16T12:38:17.587544');
INSERT INTO movie_projections (id, projection_date, projection_time, cinema_hall_id, movie_id, created_at, updated_at) VALUES ('0cbba0c1-20aa-4b41-8ea2-d2b363e9d91c', '2026-07-13', '19:00:00', 'a08d2ff1-cecc-401b-b457-97e4be978d28', '2b856798-7d97-472e-90d2-ea4a91579cab', '2026-01-16T12:38:17.587602', '2026-01-16T12:38:17.587602');
INSERT INTO movie_projections (id, projection_date, projection_time, cinema_hall_id, movie_id, created_at, updated_at) VALUES ('d07f0b18-1f28-47ac-b284-0c92c38e083e', '2026-06-12', '10:00:00', '37bef505-4764-486b-863c-2e07e5735ad6', '2b856798-7d97-472e-90d2-ea4a91579cab', '2026-01-16T12:38:17.587632', '2026-01-16T12:38:17.587632');
INSERT INTO movie_projections (id, projection_date, projection_time, cinema_hall_id, movie_id, created_at, updated_at) VALUES ('68e78b8c-2e0f-41c4-b97f-44757298daa5', '2026-05-25', '10:00:00', '95a40469-08c8-43b8-aca1-d228dc44f459', '2b856798-7d97-472e-90d2-ea4a91579cab', '2026-01-16T12:38:17.587657', '2026-01-16T12:38:17.587657');
INSERT INTO movie_projections (id, projection_date, projection_time, cinema_hall_id, movie_id, created_at, updated_at) VALUES ('1793dfec-6bac-4b9a-a432-079c134c0c78', '2026-06-01', '13:00:00', '95a40469-08c8-43b8-aca1-d228dc44f459', '2b856798-7d97-472e-90d2-ea4a91579cab', '2026-01-16T12:38:17.587682', '2026-01-16T12:38:17.587682');
INSERT INTO movie_projections (id, projection_date, projection_time, cinema_hall_id, movie_id, created_at, updated_at) VALUES ('0977929f-16af-4d25-ac64-3d98fc096167', '2026-05-20', '19:00:00', 'e23c9391-1da5-4d00-b51b-59da746d6438', '2b856798-7d97-472e-90d2-ea4a91579cab', '2026-01-16T12:38:17.587706', '2026-01-16T12:38:17.587706');
INSERT INTO movie_projections (id, projection_date, projection_time, cinema_hall_id, movie_id, created_at, updated_at) VALUES ('2512de32-e1f4-420c-8a65-2df842a5f178', '2026-07-07', '16:00:00', '37bef505-4764-486b-863c-2e07e5735ad6', '2b856798-7d97-472e-90d2-ea4a91579cab', '2026-01-16T12:38:17.587737', '2026-01-16T12:38:17.587737');
INSERT INTO movie_projections (id, projection_date, projection_time, cinema_hall_id, movie_id, created_at, updated_at) VALUES ('8de09f20-9540-4efe-a4cf-f123153c878b', '2026-05-20', '19:00:00', '4d85d72c-3252-4ef1-a349-a2e94f785dca', '2b856798-7d97-472e-90d2-ea4a91579cab', '2026-01-16T12:38:17.587761', '2026-01-16T12:38:17.587761');
INSERT INTO movie_projections (id, projection_date, projection_time, cinema_hall_id, movie_id, created_at, updated_at) VALUES ('3378cd8b-e108-44c3-b189-ad28c00b1669', '2026-06-11', '19:00:00', 'a08d2ff1-cecc-401b-b457-97e4be978d28', '2b856798-7d97-472e-90d2-ea4a91579cab', '2026-01-16T12:38:17.587786', '2026-01-16T12:38:17.587786');
INSERT INTO movie_projections (id, projection_date, projection_time, cinema_hall_id, movie_id, created_at, updated_at) VALUES ('5f352960-02bd-40af-874f-b105845c6fa3', '2026-06-28', '10:00:00', '2bb67be0-c4c9-450e-a08f-34a74859ab13', '2b856798-7d97-472e-90d2-ea4a91579cab', '2026-01-16T12:38:17.587813', '2026-01-16T12:38:17.587813');
INSERT INTO movie_projections (id, projection_date, projection_time, cinema_hall_id, movie_id, created_at, updated_at) VALUES ('a4822316-dc4b-4440-88a9-cd84c1d00eb7', '2026-06-18', '16:00:00', '1e714225-1496-43fd-9e98-87119156b996', '2b856798-7d97-472e-90d2-ea4a91579cab', '2026-01-16T12:38:17.587838', '2026-01-16T12:38:17.587838');
INSERT INTO movie_projections (id, projection_date, projection_time, cinema_hall_id, movie_id, created_at, updated_at) VALUES ('b9f2daf0-4208-419c-965e-3111f858d945', '2026-07-13', '10:00:00', '95a40469-08c8-43b8-aca1-d228dc44f459', '2b856798-7d97-472e-90d2-ea4a91579cab', '2026-01-16T12:38:17.587862', '2026-01-16T12:38:17.587862');
INSERT INTO movie_projections (id, projection_date, projection_time, cinema_hall_id, movie_id, created_at, updated_at) VALUES ('7d7bc27b-0847-413c-9d5c-b1ee4c600e11', '2026-06-15', '10:00:00', '4d85d72c-3252-4ef1-a349-a2e94f785dca', '2b856798-7d97-472e-90d2-ea4a91579cab', '2026-01-16T12:38:17.587886', '2026-01-16T12:38:17.587886');
INSERT INTO movie_projections (id, projection_date, projection_time, cinema_hall_id, movie_id, created_at, updated_at) VALUES ('0f7af1b0-2a53-48c1-b255-4f789668ba02', '2026-07-14', '13:00:00', 'c51828ef-d759-417f-8262-434db181d319', '2b856798-7d97-472e-90d2-ea4a91579cab', '2026-01-16T12:38:17.587911', '2026-01-16T12:38:17.587911');
INSERT INTO movie_projections (id, projection_date, projection_time, cinema_hall_id, movie_id, created_at, updated_at) VALUES ('0c010b7d-8921-4969-9166-33c240bfa12a', '2026-07-23', '19:00:00', '00c3d58b-3da5-4624-9282-ea69e7fc1d99', '2b856798-7d97-472e-90d2-ea4a91579cab', '2026-01-16T12:38:17.587936', '2026-01-16T12:38:17.587936');
INSERT INTO movie_projections (id, projection_date, projection_time, cinema_hall_id, movie_id, created_at, updated_at) VALUES ('2e53e1e1-c90e-4501-94f0-ec17b9b08e60', '2026-06-15', '16:00:00', 'e23c9391-1da5-4d00-b51b-59da746d6438', '2b856798-7d97-472e-90d2-ea4a91579cab', '2026-01-16T12:38:17.587961', '2026-01-16T12:38:17.587961');
INSERT INTO movie_projections (id, projection_date, projection_time, cinema_hall_id, movie_id, created_at, updated_at) VALUES ('06d0bf87-955c-4768-a1db-76878f6f2ddd', '2026-06-24', '16:00:00', 'eca43c94-9e26-4693-a739-6e0b4a98ccdb', '2b856798-7d97-472e-90d2-ea4a91579cab', '2026-01-16T12:38:17.587986', '2026-01-16T12:38:17.587986');
INSERT INTO movie_projections (id, projection_date, projection_time, cinema_hall_id, movie_id, created_at, updated_at) VALUES ('5abe9fc3-5674-48a9-a1c8-8cb8ae1bd0a3', '2026-07-23', '10:00:00', 'a08d2ff1-cecc-401b-b457-97e4be978d28', '2b856798-7d97-472e-90d2-ea4a91579cab', '2026-01-16T12:38:17.588016', '2026-01-16T12:38:17.588016');
INSERT INTO movie_projections (id, projection_date, projection_time, cinema_hall_id, movie_id, created_at, updated_at) VALUES ('85ff448c-2b06-4cd1-bd7a-972b2a202668', '2026-07-10', '19:00:00', '37bef505-4764-486b-863c-2e07e5735ad6', '2b856798-7d97-472e-90d2-ea4a91579cab', '2026-01-16T12:38:17.588041', '2026-01-16T12:38:17.588041');
INSERT INTO movie_projections (id, projection_date, projection_time, cinema_hall_id, movie_id, created_at, updated_at) VALUES ('7cdff4fc-fc4e-428c-a84c-4962588778bb', '2026-07-21', '13:00:00', '95a40469-08c8-43b8-aca1-d228dc44f459', '2b856798-7d97-472e-90d2-ea4a91579cab', '2026-01-16T12:38:17.588066', '2026-01-16T12:38:17.588066');
INSERT INTO movie_projections (id, projection_date, projection_time, cinema_hall_id, movie_id, created_at, updated_at) VALUES ('950a1f78-6fee-42cd-93e9-747e48a1c66a', '2026-08-03', '13:00:00', '2bb67be0-c4c9-450e-a08f-34a74859ab13', '2b856798-7d97-472e-90d2-ea4a91579cab', '2026-01-16T12:38:17.588090', '2026-01-16T12:38:17.588090');
INSERT INTO movie_projections (id, projection_date, projection_time, cinema_hall_id, movie_id, created_at, updated_at) VALUES ('479fb7a3-6e29-43f8-b2c0-8e6bf8dd0008', '2026-06-10', '19:00:00', '52cd97ab-39f3-4636-8ef4-2def4b33a8b7', '2b856798-7d97-472e-90d2-ea4a91579cab', '2026-01-16T12:38:17.588114', '2026-01-16T12:38:17.588114');
INSERT INTO movie_projections (id, projection_date, projection_time, cinema_hall_id, movie_id, created_at, updated_at) VALUES ('2b7200ea-d895-4c88-b8a9-015aaedf1d97', '2026-06-13', '16:00:00', '1e714225-1496-43fd-9e98-87119156b996', '2b856798-7d97-472e-90d2-ea4a91579cab', '2026-01-16T12:38:17.588139', '2026-01-16T12:38:17.588139');
INSERT INTO movie_projections (id, projection_date, projection_time, cinema_hall_id, movie_id, created_at, updated_at) VALUES ('e421390f-1ce3-466a-a9af-eda587098cc1', '2026-07-17', '16:00:00', '1e714225-1496-43fd-9e98-87119156b996', '2b856798-7d97-472e-90d2-ea4a91579cab', '2026-01-16T12:38:17.588167', '2026-01-16T12:38:17.588167');
INSERT INTO movie_projections (id, projection_date, projection_time, cinema_hall_id, movie_id, created_at, updated_at) VALUES ('08f9316c-a70b-4e76-8465-480160bb888f', '2026-07-05', '10:00:00', '95a40469-08c8-43b8-aca1-d228dc44f459', '2b856798-7d97-472e-90d2-ea4a91579cab', '2026-01-16T12:38:17.588196', '2026-01-16T12:38:17.588196');
INSERT INTO movie_projections (id, projection_date, projection_time, cinema_hall_id, movie_id, created_at, updated_at) VALUES ('5f3042a3-b259-44b9-a641-495f405d7c1f', '2026-05-11', '13:00:00', '95a40469-08c8-43b8-aca1-d228dc44f459', '2b856798-7d97-472e-90d2-ea4a91579cab', '2026-01-16T12:38:17.588226', '2026-01-16T12:38:17.588226');
INSERT INTO movie_projections (id, projection_date, projection_time, cinema_hall_id, movie_id, created_at, updated_at) VALUES ('c951f97c-de05-4bb3-a490-b3cb38058166', '2026-07-29', '13:00:00', 'c51828ef-d759-417f-8262-434db181d319', '2b856798-7d97-472e-90d2-ea4a91579cab', '2026-01-16T12:38:17.588252', '2026-01-16T12:38:17.588252');
INSERT INTO movie_projections (id, projection_date, projection_time, cinema_hall_id, movie_id, created_at, updated_at) VALUES ('9d84193f-aad8-4342-b293-8ef776312dc4', '2026-05-29', '16:00:00', 'a08d2ff1-cecc-401b-b457-97e4be978d28', '2b856798-7d97-472e-90d2-ea4a91579cab', '2026-01-16T12:38:17.588279', '2026-01-16T12:38:17.588279');
INSERT INTO movie_projections (id, projection_date, projection_time, cinema_hall_id, movie_id, created_at, updated_at) VALUES ('76bf4e8d-08f2-486d-8351-bcc2d2e0497d', '2026-05-19', '19:00:00', 'a08d2ff1-cecc-401b-b457-97e4be978d28', '2b856798-7d97-472e-90d2-ea4a91579cab', '2026-01-16T12:38:17.588304', '2026-01-16T12:38:17.588304');
INSERT INTO movie_projections (id, projection_date, projection_time, cinema_hall_id, movie_id, created_at, updated_at) VALUES ('14019be7-b8f4-4f0b-a1f6-fc62ff2efad3', '2026-08-01', '10:00:00', 'a08d2ff1-cecc-401b-b457-97e4be978d28', '2b856798-7d97-472e-90d2-ea4a91579cab', '2026-01-16T12:38:17.588329', '2026-01-16T12:38:17.588329');
INSERT INTO movie_projections (id, projection_date, projection_time, cinema_hall_id, movie_id, created_at, updated_at) VALUES ('472a9e42-d935-4873-9028-1eff98b0d8fa', '2026-05-20', '13:00:00', 'eca43c94-9e26-4693-a739-6e0b4a98ccdb', '36606393-613c-4ff0-ab8d-0b4dc5676775', '2026-01-16T12:38:17.588356', '2026-01-16T12:38:17.588356');
INSERT INTO movie_projections (id, projection_date, projection_time, cinema_hall_id, movie_id, created_at, updated_at) VALUES ('f923f1b7-f840-47cd-bb29-d204d062fb22', '2026-06-30', '16:00:00', '4d85d72c-3252-4ef1-a349-a2e94f785dca', '36606393-613c-4ff0-ab8d-0b4dc5676775', '2026-01-16T12:38:17.588380', '2026-01-16T12:38:17.588380');
INSERT INTO movie_projections (id, projection_date, projection_time, cinema_hall_id, movie_id, created_at, updated_at) VALUES ('7a8e5501-cec4-4e28-9971-27177cdb37c3', '2026-06-17', '13:00:00', '2bb67be0-c4c9-450e-a08f-34a74859ab13', '36606393-613c-4ff0-ab8d-0b4dc5676775', '2026-01-16T12:38:17.588405', '2026-01-16T12:38:17.588405');
INSERT INTO movie_projections (id, projection_date, projection_time, cinema_hall_id, movie_id, created_at, updated_at) VALUES ('89ce3cc8-30de-4464-95ac-697d2ff98e75', '2026-07-06', '19:00:00', '52cd97ab-39f3-4636-8ef4-2def4b33a8b7', '36606393-613c-4ff0-ab8d-0b4dc5676775', '2026-01-16T12:38:17.588432', '2026-01-16T12:38:17.588432');
INSERT INTO movie_projections (id, projection_date, projection_time, cinema_hall_id, movie_id, created_at, updated_at) VALUES ('324ecc11-777f-4649-ad48-1832adcdc5a7', '2026-05-28', '19:00:00', '2bb67be0-c4c9-450e-a08f-34a74859ab13', '36606393-613c-4ff0-ab8d-0b4dc5676775', '2026-01-16T12:38:17.588457', '2026-01-16T12:38:17.588457');
INSERT INTO movie_projections (id, projection_date, projection_time, cinema_hall_id, movie_id, created_at, updated_at) VALUES ('3fec5127-ad11-476d-be0c-643e3702aa9d', '2026-06-04', '13:00:00', 'a08d2ff1-cecc-401b-b457-97e4be978d28', '36606393-613c-4ff0-ab8d-0b4dc5676775', '2026-01-16T12:38:17.588485', '2026-01-16T12:38:17.588485');
INSERT INTO movie_projections (id, projection_date, projection_time, cinema_hall_id, movie_id, created_at, updated_at) VALUES ('43d3194e-1278-44d3-9be6-82d9286bdb59', '2026-05-25', '13:00:00', '52cd97ab-39f3-4636-8ef4-2def4b33a8b7', '36606393-613c-4ff0-ab8d-0b4dc5676775', '2026-01-16T12:38:17.588511', '2026-01-16T12:38:17.588511');
INSERT INTO movie_projections (id, projection_date, projection_time, cinema_hall_id, movie_id, created_at, updated_at) VALUES ('86e1838e-ca0e-44db-aaa1-ff8dc3b6d3dd', '2026-06-04', '10:00:00', '00c3d58b-3da5-4624-9282-ea69e7fc1d99', '36606393-613c-4ff0-ab8d-0b4dc5676775', '2026-01-16T12:38:17.588536', '2026-01-16T12:38:17.588536');
INSERT INTO movie_projections (id, projection_date, projection_time, cinema_hall_id, movie_id, created_at, updated_at) VALUES ('eb5b1272-0426-4eba-b0e7-9ea60af56f05', '2026-05-16', '19:00:00', '95a40469-08c8-43b8-aca1-d228dc44f459', '36606393-613c-4ff0-ab8d-0b4dc5676775', '2026-01-16T12:38:17.588565', '2026-01-16T12:38:17.588565');
INSERT INTO movie_projections (id, projection_date, projection_time, cinema_hall_id, movie_id, created_at, updated_at) VALUES ('68f377f4-c74e-46aa-8e88-5fdd6aef9717', '2026-05-22', '19:00:00', 'a08d2ff1-cecc-401b-b457-97e4be978d28', '36606393-613c-4ff0-ab8d-0b4dc5676775', '2026-01-16T12:38:17.588615', '2026-01-16T12:38:17.588615');
INSERT INTO movie_projections (id, projection_date, projection_time, cinema_hall_id, movie_id, created_at, updated_at) VALUES ('66608e57-c872-4529-a8a5-c125b8bf271b', '2026-07-04', '16:00:00', '1e714225-1496-43fd-9e98-87119156b996', '36606393-613c-4ff0-ab8d-0b4dc5676775', '2026-01-16T12:38:17.588641', '2026-01-16T12:38:17.588641');
INSERT INTO movie_projections (id, projection_date, projection_time, cinema_hall_id, movie_id, created_at, updated_at) VALUES ('cef3b0f8-5dce-4d35-bb65-fe36d70b59c2', '2026-06-03', '16:00:00', 'a08d2ff1-cecc-401b-b457-97e4be978d28', '36606393-613c-4ff0-ab8d-0b4dc5676775', '2026-01-16T12:38:17.588669', '2026-01-16T12:38:17.588669');
INSERT INTO movie_projections (id, projection_date, projection_time, cinema_hall_id, movie_id, created_at, updated_at) VALUES ('df673fcf-2ecc-424f-92c0-2f8d5a5a62cf', '2026-07-06', '16:00:00', '1e714225-1496-43fd-9e98-87119156b996', '36606393-613c-4ff0-ab8d-0b4dc5676775', '2026-01-16T12:38:17.588693', '2026-01-16T12:38:17.588693');
INSERT INTO movie_projections (id, projection_date, projection_time, cinema_hall_id, movie_id, created_at, updated_at) VALUES ('4b0f5f31-3c06-4378-876c-140407dc10db', '2026-05-20', '19:00:00', 'c51828ef-d759-417f-8262-434db181d319', '36606393-613c-4ff0-ab8d-0b4dc5676775', '2026-01-16T12:38:17.588718', '2026-01-16T12:38:17.588718');
INSERT INTO movie_projections (id, projection_date, projection_time, cinema_hall_id, movie_id, created_at, updated_at) VALUES ('6879317c-4959-434b-8309-cf5b8256a452', '2026-04-29', '19:00:00', '00c3d58b-3da5-4624-9282-ea69e7fc1d99', '36606393-613c-4ff0-ab8d-0b4dc5676775', '2026-01-16T12:38:17.588742', '2026-01-16T12:38:17.588742');
INSERT INTO movie_projections (id, projection_date, projection_time, cinema_hall_id, movie_id, created_at, updated_at) VALUES ('ea0266db-6f26-47bd-85c9-2dfdab1b7a28', '2026-05-31', '13:00:00', '37bef505-4764-486b-863c-2e07e5735ad6', '36606393-613c-4ff0-ab8d-0b4dc5676775', '2026-01-16T12:38:17.588767', '2026-01-16T12:38:17.588767');
INSERT INTO movie_projections (id, projection_date, projection_time, cinema_hall_id, movie_id, created_at, updated_at) VALUES ('0358de91-ab64-4d7e-aa20-a3f9536b82c3', '2026-05-12', '13:00:00', '52cd97ab-39f3-4636-8ef4-2def4b33a8b7', '36606393-613c-4ff0-ab8d-0b4dc5676775', '2026-01-16T12:38:17.588792', '2026-01-16T12:38:17.588792');
INSERT INTO movie_projections (id, projection_date, projection_time, cinema_hall_id, movie_id, created_at, updated_at) VALUES ('395dbea6-3bdc-4505-88e2-83959c09d3f3', '2026-06-07', '19:00:00', '52cd97ab-39f3-4636-8ef4-2def4b33a8b7', '36606393-613c-4ff0-ab8d-0b4dc5676775', '2026-01-16T12:38:17.588816', '2026-01-16T12:38:17.588816');
INSERT INTO movie_projections (id, projection_date, projection_time, cinema_hall_id, movie_id, created_at, updated_at) VALUES ('e436c925-f908-4eed-82b6-e3ffaacfcada', '2026-06-02', '19:00:00', '2bb67be0-c4c9-450e-a08f-34a74859ab13', '36606393-613c-4ff0-ab8d-0b4dc5676775', '2026-01-16T12:38:17.588845', '2026-01-16T12:38:17.588845');
INSERT INTO movie_projections (id, projection_date, projection_time, cinema_hall_id, movie_id, created_at, updated_at) VALUES ('717fa21a-2e50-4b8f-937d-a00072cefc00', '2026-07-02', '19:00:00', '00c3d58b-3da5-4624-9282-ea69e7fc1d99', '36606393-613c-4ff0-ab8d-0b4dc5676775', '2026-01-16T12:38:17.588872', '2026-01-16T12:38:17.588872');
INSERT INTO movie_projections (id, projection_date, projection_time, cinema_hall_id, movie_id, created_at, updated_at) VALUES ('e16db612-adbd-40cf-a503-4408fd0bd7ca', '2026-04-24', '19:00:00', 'e23c9391-1da5-4d00-b51b-59da746d6438', '36606393-613c-4ff0-ab8d-0b4dc5676775', '2026-01-16T12:38:17.588897', '2026-01-16T12:38:17.588897');
INSERT INTO movie_projections (id, projection_date, projection_time, cinema_hall_id, movie_id, created_at, updated_at) VALUES ('83f49b3d-9428-450c-8696-7cc6cb102ae9', '2026-07-09', '19:00:00', '52cd97ab-39f3-4636-8ef4-2def4b33a8b7', '36606393-613c-4ff0-ab8d-0b4dc5676775', '2026-01-16T12:38:17.588921', '2026-01-16T12:38:17.588921');
INSERT INTO movie_projections (id, projection_date, projection_time, cinema_hall_id, movie_id, created_at, updated_at) VALUES ('90007347-e0ee-48e9-8564-6fb4aa8d875d', '2026-06-17', '16:00:00', 'c51828ef-d759-417f-8262-434db181d319', '36606393-613c-4ff0-ab8d-0b4dc5676775', '2026-01-16T12:38:17.588946', '2026-01-16T12:38:17.588946');
INSERT INTO movie_projections (id, projection_date, projection_time, cinema_hall_id, movie_id, created_at, updated_at) VALUES ('70e874ac-22e9-4f05-a970-757b4849982c', '2026-05-13', '13:00:00', '4d85d72c-3252-4ef1-a349-a2e94f785dca', '36606393-613c-4ff0-ab8d-0b4dc5676775', '2026-01-16T12:38:17.588994', '2026-01-16T12:38:17.588994');
INSERT INTO movie_projections (id, projection_date, projection_time, cinema_hall_id, movie_id, created_at, updated_at) VALUES ('9ef6b0e6-bcbb-41af-8883-22c8e8894a3d', '2026-06-14', '19:00:00', '4d85d72c-3252-4ef1-a349-a2e94f785dca', '36606393-613c-4ff0-ab8d-0b4dc5676775', '2026-01-16T12:38:17.589040', '2026-01-16T12:38:17.589040');
INSERT INTO movie_projections (id, projection_date, projection_time, cinema_hall_id, movie_id, created_at, updated_at) VALUES ('ec9c69aa-50d1-4fa6-b195-f22f6f1348ad', '2026-07-07', '16:00:00', '4d85d72c-3252-4ef1-a349-a2e94f785dca', '36606393-613c-4ff0-ab8d-0b4dc5676775', '2026-01-16T12:38:17.589083', '2026-01-16T12:38:17.589083');
INSERT INTO movie_projections (id, projection_date, projection_time, cinema_hall_id, movie_id, created_at, updated_at) VALUES ('adb4c052-c46b-4b5b-95d5-70d1a9e6691e', '2026-06-14', '16:00:00', '2bb67be0-c4c9-450e-a08f-34a74859ab13', '36606393-613c-4ff0-ab8d-0b4dc5676775', '2026-01-16T12:38:17.589128', '2026-01-16T12:38:17.589128');
INSERT INTO movie_projections (id, projection_date, projection_time, cinema_hall_id, movie_id, created_at, updated_at) VALUES ('c3677c32-0c16-44d5-ba3a-f487ee2e3526', '2026-06-14', '16:00:00', '4d85d72c-3252-4ef1-a349-a2e94f785dca', '36606393-613c-4ff0-ab8d-0b4dc5676775', '2026-01-16T12:38:17.589169', '2026-01-16T12:38:17.589169');
INSERT INTO movie_projections (id, projection_date, projection_time, cinema_hall_id, movie_id, created_at, updated_at) VALUES ('7608977c-3610-4f1b-89d7-03190d447be4', '2026-06-15', '13:00:00', 'c51828ef-d759-417f-8262-434db181d319', '36606393-613c-4ff0-ab8d-0b4dc5676775', '2026-01-16T12:38:17.589211', '2026-01-16T12:38:17.589211');
INSERT INTO movie_projections (id, projection_date, projection_time, cinema_hall_id, movie_id, created_at, updated_at) VALUES ('7cd69fe6-a449-4c66-a90b-7cfa016a417b', '2026-05-11', '19:00:00', '4d85d72c-3252-4ef1-a349-a2e94f785dca', '36606393-613c-4ff0-ab8d-0b4dc5676775', '2026-01-16T12:38:17.589260', '2026-01-16T12:38:17.589260');
INSERT INTO movie_projections (id, projection_date, projection_time, cinema_hall_id, movie_id, created_at, updated_at) VALUES ('97e8feb6-4a33-43b4-9f4e-1530e0c331fc', '2026-06-10', '13:00:00', '2bb67be0-c4c9-450e-a08f-34a74859ab13', '36606393-613c-4ff0-ab8d-0b4dc5676775', '2026-01-16T12:38:17.589306', '2026-01-16T12:38:17.589306');
INSERT INTO movie_projections (id, projection_date, projection_time, cinema_hall_id, movie_id, created_at, updated_at) VALUES ('9f6ab68b-bc6c-4245-b9f6-142a4838cb1d', '2026-05-03', '13:00:00', '95a40469-08c8-43b8-aca1-d228dc44f459', '36606393-613c-4ff0-ab8d-0b4dc5676775', '2026-01-16T12:38:17.589356', '2026-01-16T12:38:17.589356');
INSERT INTO movie_projections (id, projection_date, projection_time, cinema_hall_id, movie_id, created_at, updated_at) VALUES ('d36c6bdb-dfff-4b7d-89f1-2555df8788eb', '2026-06-12', '16:00:00', '37bef505-4764-486b-863c-2e07e5735ad6', '36606393-613c-4ff0-ab8d-0b4dc5676775', '2026-01-16T12:38:17.589388', '2026-01-16T12:38:17.589388');
INSERT INTO movie_projections (id, projection_date, projection_time, cinema_hall_id, movie_id, created_at, updated_at) VALUES ('5ef8cf7e-641c-445d-9a54-92ab45cc3c47', '2026-06-10', '19:00:00', '00c3d58b-3da5-4624-9282-ea69e7fc1d99', '36606393-613c-4ff0-ab8d-0b4dc5676775', '2026-01-16T12:38:17.589415', '2026-01-16T12:38:17.589415');
INSERT INTO movie_projections (id, projection_date, projection_time, cinema_hall_id, movie_id, created_at, updated_at) VALUES ('e9bdf219-08e2-4462-8ccd-4e274bf7f6fb', '2026-06-28', '10:00:00', '52cd97ab-39f3-4636-8ef4-2def4b33a8b7', '36606393-613c-4ff0-ab8d-0b4dc5676775', '2026-01-16T12:38:17.589440', '2026-01-16T12:38:17.589440');
INSERT INTO movie_projections (id, projection_date, projection_time, cinema_hall_id, movie_id, created_at, updated_at) VALUES ('26dd1296-730e-4f47-8b94-e7632e3cb3d6', '2026-05-29', '16:00:00', '2bb67be0-c4c9-450e-a08f-34a74859ab13', '36606393-613c-4ff0-ab8d-0b4dc5676775', '2026-01-16T12:38:17.589471', '2026-01-16T12:38:17.589471');
INSERT INTO movie_projections (id, projection_date, projection_time, cinema_hall_id, movie_id, created_at, updated_at) VALUES ('49fbd957-12e1-4fd4-a12f-58ba156718a0', '2026-06-29', '13:00:00', 'e23c9391-1da5-4d00-b51b-59da746d6438', '36606393-613c-4ff0-ab8d-0b4dc5676775', '2026-01-16T12:38:17.589520', '2026-01-16T12:38:17.589520');
INSERT INTO movie_projections (id, projection_date, projection_time, cinema_hall_id, movie_id, created_at, updated_at) VALUES ('bccb0721-72c9-47ae-8d41-cd34a5da2782', '2026-05-31', '10:00:00', '37bef505-4764-486b-863c-2e07e5735ad6', '36606393-613c-4ff0-ab8d-0b4dc5676775', '2026-01-16T12:38:17.589550', '2026-01-16T12:38:17.589550');
INSERT INTO movie_projections (id, projection_date, projection_time, cinema_hall_id, movie_id, created_at, updated_at) VALUES ('f30456de-68dc-4a41-b5f0-98232dfd13a4', '2026-07-10', '13:00:00', '37bef505-4764-486b-863c-2e07e5735ad6', '36606393-613c-4ff0-ab8d-0b4dc5676775', '2026-01-16T12:38:17.589576', '2026-01-16T12:38:17.589576');
INSERT INTO movie_projections (id, projection_date, projection_time, cinema_hall_id, movie_id, created_at, updated_at) VALUES ('e47d0883-438d-429e-a17c-c58092b5f05d', '2026-06-12', '13:00:00', 'e23c9391-1da5-4d00-b51b-59da746d6438', '36606393-613c-4ff0-ab8d-0b4dc5676775', '2026-01-16T12:38:17.589606', '2026-01-16T12:38:17.589606');
INSERT INTO bookings (id, user_id, ticket_count, status, created_at, expires_at, updated_at) VALUES ('acd5379d-ceb6-4838-b9e2-aa2b4b68b0ac', '441a13db-1f69-48b9-ba97-f3e960d3f09e', 2, 'paid', '2025-12-30T08:54:17.589849','2026-03-19T19:00:00' , '2025-12-30T08:54:17.589849');
INSERT INTO bookings (id, user_id, ticket_count, status, created_at, expires_at, updated_at) VALUES ('68c56c3e-57fc-4401-afed-23b7501c8624', '7be1d336-2816-4f36-ae54-610b76c151a3', 4, 'reserved', '2025-12-28T21:06:17.589933','2026-02-18T09:00:00' , '2025-12-28T21:06:17.589933');
INSERT INTO bookings (id, user_id, ticket_count, status, created_at, expires_at, updated_at) VALUES ('b7bb7029-8582-4fc7-b06f-575f9cc79b61', 'f15a19bc-ca4f-48b9-b342-2b64abd62b50', 2, 'locked', '2025-12-25T14:41:17.589983','2025-12-25T14:46:17.589983' , '2025-12-25T14:41:17.589983');
INSERT INTO bookings (id, user_id, ticket_count, status, created_at, expires_at, updated_at) VALUES ('8e1f0287-3def-43a0-bad3-88662798a722', 'f15a19bc-ca4f-48b9-b342-2b64abd62b50', 4, 'reserved', '2026-01-16T10:16:17.590030','2026-06-06T09:00:00' , '2026-01-16T10:16:17.590030');
INSERT INTO bookings (id, user_id, ticket_count, status, created_at, expires_at, updated_at) VALUES ('2b5501f2-c002-464a-8081-24345c344c72', '7be1d336-2816-4f36-ae54-610b76c151a3', 1, 'paid', '2026-01-11T11:26:17.590072','2026-02-28T10:00:00' , '2026-01-11T11:26:17.590072');
INSERT INTO bookings (id, user_id, ticket_count, status, created_at, expires_at, updated_at) VALUES ('ee044428-a66f-410b-b26b-d09f4f477d66', 'f15a19bc-ca4f-48b9-b342-2b64abd62b50', 2, 'reserved', '2025-12-17T09:35:17.590122','2026-02-06T15:00:00' , '2025-12-17T09:35:17.590122');
INSERT INTO bookings (id, user_id, ticket_count, status, created_at, expires_at, updated_at) VALUES ('349d3598-230d-4029-aab8-0084eeed4350', '441a13db-1f69-48b9-ba97-f3e960d3f09e', 1, 'reserved', '2026-01-10T12:09:17.590164','2026-03-20T12:00:00' , '2026-01-10T12:09:17.590164');
INSERT INTO bookings (id, user_id, ticket_count, status, created_at, expires_at, updated_at) VALUES ('5cfe18ce-3441-4a71-b4f9-f28ba120b270', 'f15a19bc-ca4f-48b9-b342-2b64abd62b50', 1, 'paid', '2026-01-09T13:19:17.590204','2026-02-15T10:00:00' , '2026-01-09T13:19:17.590204');
INSERT INTO bookings (id, user_id, ticket_count, status, created_at, expires_at, updated_at) VALUES ('dc3e371e-b569-49b5-ba15-08191389cd88', '441a13db-1f69-48b9-ba97-f3e960d3f09e', 3, 'locked', '2026-01-07T05:21:17.590244','2026-01-07T05:26:17.590244' , '2026-01-07T05:21:17.590244');
INSERT INTO bookings (id, user_id, ticket_count, status, created_at, expires_at, updated_at) VALUES ('eaa2d2ae-2702-43b3-be9e-3e8245e643f8', '441a13db-1f69-48b9-ba97-f3e960d3f09e', 1, 'paid', '2025-12-21T03:20:17.590286','2026-03-08T16:00:00' , '2025-12-21T03:20:17.590286');
INSERT INTO bookings (id, user_id, ticket_count, status, created_at, expires_at, updated_at) VALUES ('a0e017bc-211f-4e15-a8bd-99fb28f6c518', '441a13db-1f69-48b9-ba97-f3e960d3f09e', 2, 'reserved', '2026-01-05T18:25:17.590326','2026-01-20T18:00:00' , '2026-01-05T18:25:17.590326');
INSERT INTO bookings (id, user_id, ticket_count, status, created_at, expires_at, updated_at) VALUES ('cca4414d-49d5-4b1e-bda7-9581a793f34b', '441a13db-1f69-48b9-ba97-f3e960d3f09e', 4, 'paid', '2026-01-04T14:51:17.590368','2026-03-18T10:00:00' , '2026-01-04T14:51:17.590368');
INSERT INTO bookings (id, user_id, ticket_count, status, created_at, expires_at, updated_at) VALUES ('53b29267-1da1-4454-9a91-e7ae1baec2d3', '441a13db-1f69-48b9-ba97-f3e960d3f09e', 4, 'reserved', '2026-01-15T05:43:17.590408','2026-02-22T15:00:00' , '2026-01-15T05:43:17.590408');
INSERT INTO bookings (id, user_id, ticket_count, status, created_at, expires_at, updated_at) VALUES ('91b873ee-4022-4420-80ac-3a8a1c20c252', 'f15a19bc-ca4f-48b9-b342-2b64abd62b50', 2, 'reserved', '2026-01-15T13:12:17.590448','2026-02-23T09:00:00' , '2026-01-15T13:12:17.590448');
INSERT INTO bookings (id, user_id, ticket_count, status, created_at, expires_at, updated_at) VALUES ('d6d29ae7-ca05-4d45-83de-b97d610fe5b4', '441a13db-1f69-48b9-ba97-f3e960d3f09e', 3, 'paid', '2026-01-16T11:58:17.590516','2026-02-23T19:00:00' , '2026-01-16T11:58:17.590516');
INSERT INTO bookings (id, user_id, ticket_count, status, created_at, expires_at, updated_at) VALUES ('729806fd-bf99-4d1c-9777-fe913482b026', '441a13db-1f69-48b9-ba97-f3e960d3f09e', 2, 'paid', '2025-12-17T05:24:17.590561','2026-03-19T19:00:00' , '2025-12-17T05:24:17.590561');
INSERT INTO bookings (id, user_id, ticket_count, status, created_at, expires_at, updated_at) VALUES ('c8801b68-1397-4bf9-acce-3fd71bde2071', '7be1d336-2816-4f36-ae54-610b76c151a3', 4, 'reserved', '2026-01-08T23:27:17.590600','2026-02-13T18:00:00' , '2026-01-08T23:27:17.590600');
INSERT INTO bookings (id, user_id, ticket_count, status, created_at, expires_at, updated_at) VALUES ('ba083d8e-5447-47cf-9c65-79d57794f095', '441a13db-1f69-48b9-ba97-f3e960d3f09e', 1, 'reserved', '2025-12-20T06:47:17.590640','2026-01-21T18:00:00' , '2025-12-20T06:47:17.590640');
INSERT INTO bookings (id, user_id, ticket_count, status, created_at, expires_at, updated_at) VALUES ('01924e7e-9cb3-4a01-8935-9e73442377c0', '441a13db-1f69-48b9-ba97-f3e960d3f09e', 3, 'paid', '2025-12-26T17:31:17.590690','2026-04-08T16:00:00' , '2025-12-26T17:31:17.590690');
INSERT INTO bookings (id, user_id, ticket_count, status, created_at, expires_at, updated_at) VALUES ('2c30572c-e89d-4e78-b624-b462161d80b6', '441a13db-1f69-48b9-ba97-f3e960d3f09e', 4, 'paid', '2026-01-15T03:14:17.590729','2026-06-23T16:00:00' , '2026-01-15T03:14:17.590729');
INSERT INTO bookings (id, user_id, ticket_count, status, created_at, expires_at, updated_at) VALUES ('4855fce5-2d56-4b5c-9a56-87d7c63ea44b', '441a13db-1f69-48b9-ba97-f3e960d3f09e', 3, 'paid', '2026-01-03T09:21:17.590765','2026-02-26T19:00:00' , '2026-01-03T09:21:17.590765');
INSERT INTO bookings (id, user_id, ticket_count, status, created_at, expires_at, updated_at) VALUES ('734fc515-0185-4657-92c6-5bf3c1176aac', '7be1d336-2816-4f36-ae54-610b76c151a3', 1, 'paid', '2025-12-31T12:56:17.590799','2026-03-02T13:00:00' , '2025-12-31T12:56:17.590799');
INSERT INTO bookings (id, user_id, ticket_count, status, created_at, expires_at, updated_at) VALUES ('fceee0ef-951e-4acb-81eb-408c3f0b0ae5', '441a13db-1f69-48b9-ba97-f3e960d3f09e', 2, 'reserved', '2025-12-22T00:41:17.590833','2026-04-01T15:00:00' , '2025-12-22T00:41:17.590833');
INSERT INTO bookings (id, user_id, ticket_count, status, created_at, expires_at, updated_at) VALUES ('adca03ef-5534-432b-9c25-9dc46beae29f', 'f15a19bc-ca4f-48b9-b342-2b64abd62b50', 3, 'paid', '2026-01-04T18:50:17.590869','2026-03-28T19:00:00' , '2026-01-04T18:50:17.590869');
INSERT INTO bookings (id, user_id, ticket_count, status, created_at, expires_at, updated_at) VALUES ('d3723802-0fa2-472f-b8d1-7cd38e6c9688', '441a13db-1f69-48b9-ba97-f3e960d3f09e', 3, 'locked', '2026-01-15T10:28:17.590905','2026-01-15T10:33:17.590905' , '2026-01-15T10:28:17.590905');
INSERT INTO bookings (id, user_id, ticket_count, status, created_at, expires_at, updated_at) VALUES ('00ef51f5-b95e-467d-9ca4-c11d2b71a9c5', 'f15a19bc-ca4f-48b9-b342-2b64abd62b50', 4, 'locked', '2025-12-23T23:14:17.590941','2025-12-23T23:19:17.590941' , '2025-12-23T23:14:17.590941');
INSERT INTO bookings (id, user_id, ticket_count, status, created_at, expires_at, updated_at) VALUES ('fb32d683-6f84-4365-b1ae-0efc87571ac6', '7be1d336-2816-4f36-ae54-610b76c151a3', 2, 'reserved', '2026-01-03T21:24:17.590976','2026-04-19T09:00:00' , '2026-01-03T21:24:17.590976');
INSERT INTO bookings (id, user_id, ticket_count, status, created_at, expires_at, updated_at) VALUES ('73a6a7d5-bb64-4db9-a72e-a24657d2c92d', '441a13db-1f69-48b9-ba97-f3e960d3f09e', 2, 'paid', '2025-12-26T20:23:17.591015','2026-03-07T13:00:00' , '2025-12-26T20:23:17.591015');
INSERT INTO bookings (id, user_id, ticket_count, status, created_at, expires_at, updated_at) VALUES ('b1c8cff3-2a8b-461b-9c7b-0a57f6a86af9', '7be1d336-2816-4f36-ae54-610b76c151a3', 1, 'reserved', '2026-01-07T23:24:17.591049','2026-02-25T09:00:00' , '2026-01-07T23:24:17.591049');
INSERT INTO bookings (id, user_id, ticket_count, status, created_at, expires_at, updated_at) VALUES ('d5840635-0819-4f66-b07d-623b577aa59e', 'f15a19bc-ca4f-48b9-b342-2b64abd62b50', 3, 'paid', '2025-12-22T02:06:17.591086','2026-04-29T10:00:00' , '2025-12-22T02:06:17.591086');
INSERT INTO bookings (id, user_id, ticket_count, status, created_at, expires_at, updated_at) VALUES ('2b97d46a-6465-45bf-a5af-e43f3c574176', '7be1d336-2816-4f36-ae54-610b76c151a3', 1, 'paid', '2025-12-31T01:25:17.591121','2026-03-26T16:00:00' , '2025-12-31T01:25:17.591121');
INSERT INTO bookings (id, user_id, ticket_count, status, created_at, expires_at, updated_at) VALUES ('14da540f-e586-41f6-aa5b-d2d81f8162ba', 'f15a19bc-ca4f-48b9-b342-2b64abd62b50', 1, 'paid', '2026-01-12T02:54:17.591159','2026-03-21T16:00:00' , '2026-01-12T02:54:17.591159');
INSERT INTO bookings (id, user_id, ticket_count, status, created_at, expires_at, updated_at) VALUES ('528573bf-00d0-4801-aa38-b2ae2c26105a', '441a13db-1f69-48b9-ba97-f3e960d3f09e', 3, 'reserved', '2026-01-03T04:47:17.591221','2026-02-28T09:00:00' , '2026-01-03T04:47:17.591221');
INSERT INTO bookings (id, user_id, ticket_count, status, created_at, expires_at, updated_at) VALUES ('67bf89da-796a-4dcf-aabf-b98017f13d1d', '441a13db-1f69-48b9-ba97-f3e960d3f09e', 2, 'paid', '2025-12-28T03:30:17.591271','2026-06-18T19:00:00' , '2025-12-28T03:30:17.591271');
INSERT INTO bookings (id, user_id, ticket_count, status, created_at, expires_at, updated_at) VALUES ('71f796e2-2404-42f7-b79a-b1f22c2bf5c7', '441a13db-1f69-48b9-ba97-f3e960d3f09e', 1, 'paid', '2026-01-10T01:41:17.591311','2026-03-11T19:00:00' , '2026-01-10T01:41:17.591311');
INSERT INTO bookings (id, user_id, ticket_count, status, created_at, expires_at, updated_at) VALUES ('a14f6cad-3c15-47b9-b55a-453fcaeac25b', '441a13db-1f69-48b9-ba97-f3e960d3f09e', 4, 'locked', '2025-12-25T17:52:17.591353','2025-12-25T17:57:17.591353' , '2025-12-25T17:52:17.591353');
INSERT INTO bookings (id, user_id, ticket_count, status, created_at, expires_at, updated_at) VALUES ('6a557b90-4efa-40fd-befd-b9c474f0b512', '7be1d336-2816-4f36-ae54-610b76c151a3', 3, 'reserved', '2025-12-29T10:36:17.591393','2026-02-20T18:00:00' , '2025-12-29T10:36:17.591393');
INSERT INTO bookings (id, user_id, ticket_count, status, created_at, expires_at, updated_at) VALUES ('0f343d39-13ce-4fc0-bddc-cec61602002d', '7be1d336-2816-4f36-ae54-610b76c151a3', 2, 'reserved', '2025-12-17T03:01:17.591432','2026-05-12T18:00:00' , '2025-12-17T03:01:17.591432');
INSERT INTO bookings (id, user_id, ticket_count, status, created_at, expires_at, updated_at) VALUES ('d1e3e72a-9de8-4bcb-952c-3bfe90129fc1', '7be1d336-2816-4f36-ae54-610b76c151a3', 4, 'locked', '2026-01-07T03:36:17.591474','2026-01-07T03:41:17.591474' , '2026-01-07T03:36:17.591474');
INSERT INTO bookings (id, user_id, ticket_count, status, created_at, expires_at, updated_at) VALUES ('9c531e3d-1787-430c-87fb-21c2b71713ee', '441a13db-1f69-48b9-ba97-f3e960d3f09e', 3, 'paid', '2025-12-21T21:50:17.591514','2026-03-02T10:00:00' , '2025-12-21T21:50:17.591514');
INSERT INTO bookings (id, user_id, ticket_count, status, created_at, expires_at, updated_at) VALUES ('3dcc4462-2fec-4533-93ff-5cab4ffe33cf', 'f15a19bc-ca4f-48b9-b342-2b64abd62b50', 4, 'paid', '2025-12-28T03:19:17.591553','2026-03-07T16:00:00' , '2025-12-28T03:19:17.591553');
INSERT INTO bookings (id, user_id, ticket_count, status, created_at, expires_at, updated_at) VALUES ('95a98a5b-0e06-4a55-bb8d-a1665e21cc9f', '7be1d336-2816-4f36-ae54-610b76c151a3', 3, 'paid', '2026-01-10T18:15:17.591592','2026-03-27T19:00:00' , '2026-01-10T18:15:17.591592');
INSERT INTO bookings (id, user_id, ticket_count, status, created_at, expires_at, updated_at) VALUES ('3b15d614-ce7b-4f90-9bb4-a8edb1a15eaa', '441a13db-1f69-48b9-ba97-f3e960d3f09e', 2, 'paid', '2025-12-20T21:13:17.591630','2026-02-19T19:00:00' , '2025-12-20T21:13:17.591630');
INSERT INTO bookings (id, user_id, ticket_count, status, created_at, expires_at, updated_at) VALUES ('983c88fb-aa71-41c5-9390-ec0e31741d0e', '7be1d336-2816-4f36-ae54-610b76c151a3', 4, 'paid', '2026-01-15T06:38:17.591670','2026-04-07T16:00:00' , '2026-01-15T06:38:17.591670');
INSERT INTO bookings (id, user_id, ticket_count, status, created_at, expires_at, updated_at) VALUES ('f2fd5b2e-94b4-4881-b743-05c9f66d44fd', 'f15a19bc-ca4f-48b9-b342-2b64abd62b50', 3, 'paid', '2025-12-22T05:20:17.591709','2026-03-01T19:00:00' , '2025-12-22T05:20:17.591709');
INSERT INTO bookings (id, user_id, ticket_count, status, created_at, expires_at, updated_at) VALUES ('d6dfb827-6e2d-4034-97df-9cb04f72a7a3', '441a13db-1f69-48b9-ba97-f3e960d3f09e', 1, 'locked', '2025-12-21T21:51:17.591747','2025-12-21T21:56:17.591747' , '2025-12-21T21:51:17.591747');
INSERT INTO bookings (id, user_id, ticket_count, status, created_at, expires_at, updated_at) VALUES ('538dda05-82d7-46a5-a1d2-79c881cdf1d8', '7be1d336-2816-4f36-ae54-610b76c151a3', 2, 'paid', '2025-12-19T02:34:17.591786','2026-06-07T19:00:00' , '2025-12-19T02:34:17.591786');
INSERT INTO bookings (id, user_id, ticket_count, status, created_at, expires_at, updated_at) VALUES ('7a6817b6-fb07-4661-b23b-00e428ac61b0', '441a13db-1f69-48b9-ba97-f3e960d3f09e', 1, 'paid', '2026-01-12T18:48:17.591825','2026-07-17T16:00:00' , '2026-01-12T18:48:17.591825');
INSERT INTO bookings (id, user_id, ticket_count, status, created_at, expires_at, updated_at) VALUES ('e44f25ac-d024-4ebc-b500-a4d758c69a17', 'f15a19bc-ca4f-48b9-b342-2b64abd62b50', 3, 'paid', '2025-12-24T12:47:17.591869','2026-02-27T13:00:00' , '2025-12-24T12:47:17.591869');
INSERT INTO bookings (id, user_id, ticket_count, status, created_at, expires_at, updated_at) VALUES ('3ece2c2d-dacd-4905-93ce-e2dfd861b6a8', '7be1d336-2816-4f36-ae54-610b76c151a3', 4, 'reserved', '2026-01-01T05:44:17.591912','2026-05-24T15:00:00' , '2026-01-01T05:44:17.591912');
INSERT INTO tickets (id, projection_id, hall_seat_id, booking_id, created_at, updated_at) VALUES ('eaa180b1-1fd1-481b-8dae-04b1fe97314a', '420b9d56-9163-4f86-91dd-d3f1459bcbb9', 'b7ee0d37-ec2d-4b54-896d-755b1c39ee0e', 'acd5379d-ceb6-4838-b9e2-aa2b4b68b0ac', '2026-01-16T12:38:17.592319', '2026-01-16T12:38:17.592319');
INSERT INTO tickets (id, projection_id, hall_seat_id, booking_id, created_at, updated_at) VALUES ('a0b98b51-b4f0-4b58-a733-bfd8e9c31346', '420b9d56-9163-4f86-91dd-d3f1459bcbb9', 'a75bad05-7e0d-4bca-abee-480949d68c6b', 'acd5379d-ceb6-4838-b9e2-aa2b4b68b0ac', '2026-01-16T12:38:17.592344', '2026-01-16T12:38:17.592344');
INSERT INTO tickets (id, projection_id, hall_seat_id, booking_id, created_at, updated_at) VALUES ('1fdf421b-7da9-4e05-b74e-de8c3ba20bc7', '5f2d9aca-afd4-4bdc-bbfd-9f9e8c933e04', '03eac826-a0c9-48dc-b0f8-facf3906bf32', '68c56c3e-57fc-4401-afed-23b7501c8624', '2026-01-16T12:38:17.592489', '2026-01-16T12:38:17.592489');
INSERT INTO tickets (id, projection_id, hall_seat_id, booking_id, created_at, updated_at) VALUES ('a0efaf41-8132-4ae8-a79b-ce0b17fe6e00', '5f2d9aca-afd4-4bdc-bbfd-9f9e8c933e04', '552aabf1-2695-4838-8cfb-13205069af03', '68c56c3e-57fc-4401-afed-23b7501c8624', '2026-01-16T12:38:17.592505', '2026-01-16T12:38:17.592505');
INSERT INTO tickets (id, projection_id, hall_seat_id, booking_id, created_at, updated_at) VALUES ('3a290a6d-e7be-48eb-a2fb-c2908b5af882', '5f2d9aca-afd4-4bdc-bbfd-9f9e8c933e04', '5c5cf59b-a54e-4c8a-af9f-1c4f3f639440', '68c56c3e-57fc-4401-afed-23b7501c8624', '2026-01-16T12:38:17.592523', '2026-01-16T12:38:17.592523');
INSERT INTO tickets (id, projection_id, hall_seat_id, booking_id, created_at, updated_at) VALUES ('854c0e0c-777f-4d52-b6c1-19d231347b62', '5f2d9aca-afd4-4bdc-bbfd-9f9e8c933e04', '04873c5e-b35a-4b10-82a8-ef44e5012366', '68c56c3e-57fc-4401-afed-23b7501c8624', '2026-01-16T12:38:17.592536', '2026-01-16T12:38:17.592536');
INSERT INTO tickets (id, projection_id, hall_seat_id, booking_id, created_at, updated_at) VALUES ('ef3f474d-febe-48cb-9b37-b0dfd5fe0592', '6b248375-a91f-4aae-b875-7a33e353807d', 'a64dfc7e-ef71-4027-998b-0cf869dd9742', 'b7bb7029-8582-4fc7-b06f-575f9cc79b61', '2026-01-16T12:38:17.592637', '2026-01-16T12:38:17.592637');
INSERT INTO tickets (id, projection_id, hall_seat_id, booking_id, created_at, updated_at) VALUES ('b62b4591-d072-4600-b56e-7e5cd63dc8b5', '6b248375-a91f-4aae-b875-7a33e353807d', '4efdf469-af33-4d6d-843f-15ff43054150', 'b7bb7029-8582-4fc7-b06f-575f9cc79b61', '2026-01-16T12:38:17.592651', '2026-01-16T12:38:17.592651');
INSERT INTO tickets (id, projection_id, hall_seat_id, booking_id, created_at, updated_at) VALUES ('49b80828-ddfc-4699-86c2-ffa5d793ecb0', '8be17c56-e471-4fb8-9def-9578dcbb8a1c', 'e52b991b-e6ee-4758-92ea-22f8777b36b4', '8e1f0287-3def-43a0-bad3-88662798a722', '2026-01-16T12:38:17.592781', '2026-01-16T12:38:17.592781');
INSERT INTO tickets (id, projection_id, hall_seat_id, booking_id, created_at, updated_at) VALUES ('60962edc-f227-4035-8811-e2b877dfaec8', '8be17c56-e471-4fb8-9def-9578dcbb8a1c', '871592cb-e115-4ece-bab1-31ec736b16ce', '8e1f0287-3def-43a0-bad3-88662798a722', '2026-01-16T12:38:17.592795', '2026-01-16T12:38:17.592795');
INSERT INTO tickets (id, projection_id, hall_seat_id, booking_id, created_at, updated_at) VALUES ('a5287005-ab15-41cb-9679-acbdb3ac2c38', '8be17c56-e471-4fb8-9def-9578dcbb8a1c', 'f4598468-106a-4413-9ea2-f4152b2bc1e6', '8e1f0287-3def-43a0-bad3-88662798a722', '2026-01-16T12:38:17.592809', '2026-01-16T12:38:17.592809');
INSERT INTO tickets (id, projection_id, hall_seat_id, booking_id, created_at, updated_at) VALUES ('958f152d-13b1-48fe-80b4-8cb36fe24189', '8be17c56-e471-4fb8-9def-9578dcbb8a1c', '5b89725a-18a6-4f4a-bde9-af8f83dc1e0f', '8e1f0287-3def-43a0-bad3-88662798a722', '2026-01-16T12:38:17.592822', '2026-01-16T12:38:17.592822');
INSERT INTO tickets (id, projection_id, hall_seat_id, booking_id, created_at, updated_at) VALUES ('01b8cecf-b0a6-4c01-b34d-4eb6594bcc30', '96b9e5e3-d966-4fd2-8a4f-255dbc43cf9c', '491c7bcd-d78d-4ced-94a5-6a069c8692da', '2b5501f2-c002-464a-8081-24345c344c72', '2026-01-16T12:38:17.592922', '2026-01-16T12:38:17.592922');
INSERT INTO tickets (id, projection_id, hall_seat_id, booking_id, created_at, updated_at) VALUES ('df649c3a-51b8-41be-a9ba-218b46ddc4e4', '3d8c2395-3d93-4d69-9673-d5e17e0847da', 'ef86afbe-090a-4213-a38f-3c2fc8f7bee8', 'ee044428-a66f-410b-b26b-d09f4f477d66', '2026-01-16T12:38:17.593022', '2026-01-16T12:38:17.593022');
INSERT INTO tickets (id, projection_id, hall_seat_id, booking_id, created_at, updated_at) VALUES ('73227796-08f2-4784-86d0-811714ed6003', '3d8c2395-3d93-4d69-9673-d5e17e0847da', 'e3d84859-af76-47fc-bd0a-3a62cc66ba86', 'ee044428-a66f-410b-b26b-d09f4f477d66', '2026-01-16T12:38:17.593037', '2026-01-16T12:38:17.593037');
INSERT INTO tickets (id, projection_id, hall_seat_id, booking_id, created_at, updated_at) VALUES ('14d8bcc9-02b8-48b9-8fbf-cd97653a7b5c', '29268d90-6583-465e-9f26-7fd859afb6b9', '33ffba4a-74c8-4882-84b4-3db44fe8b3e6', '349d3598-230d-4029-aab8-0084eeed4350', '2026-01-16T12:38:17.593161', '2026-01-16T12:38:17.593161');
INSERT INTO tickets (id, projection_id, hall_seat_id, booking_id, created_at, updated_at) VALUES ('beecb517-f109-4b8f-981e-36c89d3f696f', 'c71324e6-a113-452b-a9ca-a7cc2f92b459', '102049c9-67df-4ae9-86da-fb67086444ac', '5cfe18ce-3441-4a71-b4f9-f28ba120b270', '2026-01-16T12:38:17.593265', '2026-01-16T12:38:17.593265');
INSERT INTO tickets (id, projection_id, hall_seat_id, booking_id, created_at, updated_at) VALUES ('08bb53e7-eb83-4ebb-8b76-5ee26b2c22fd', '13d6b942-7906-4a43-a66d-195cd61cdb7b', '7d7f03f0-fca3-4896-9502-2c6752e4076b', 'dc3e371e-b569-49b5-ba15-08191389cd88', '2026-01-16T12:38:17.593351', '2026-01-16T12:38:17.593351');
INSERT INTO tickets (id, projection_id, hall_seat_id, booking_id, created_at, updated_at) VALUES ('2c3d86ae-4533-4fe3-bf65-035ff46be568', '13d6b942-7906-4a43-a66d-195cd61cdb7b', 'e420e549-7bec-4ef0-9aaf-d62177bdfdbd', 'dc3e371e-b569-49b5-ba15-08191389cd88', '2026-01-16T12:38:17.593366', '2026-01-16T12:38:17.593366');
INSERT INTO tickets (id, projection_id, hall_seat_id, booking_id, created_at, updated_at) VALUES ('6cbee2b7-144e-451f-801d-48cabb43261d', '13d6b942-7906-4a43-a66d-195cd61cdb7b', 'bde2a631-49ac-457c-805a-e1a26e40279a', 'dc3e371e-b569-49b5-ba15-08191389cd88', '2026-01-16T12:38:17.593379', '2026-01-16T12:38:17.593379');
INSERT INTO tickets (id, projection_id, hall_seat_id, booking_id, created_at, updated_at) VALUES ('aa754fe9-b661-472c-89c0-5bf0e2534255', 'e6c3e9b3-4616-4e5c-bc6d-bd17fba18d7a', '80aa176a-bcba-4f40-9cd2-eca9e5175ba5', 'eaa2d2ae-2702-43b3-be9e-3e8245e643f8', '2026-01-16T12:38:17.593479', '2026-01-16T12:38:17.593479');
INSERT INTO tickets (id, projection_id, hall_seat_id, booking_id, created_at, updated_at) VALUES ('2d22a08f-dff6-4ebc-bde2-2da88ca3a5a8', 'b5412a28-fb47-4dce-8c80-310f4c94026d', 'ded30382-d9f1-409a-9efb-db5c43c65753', 'a0e017bc-211f-4e15-a8bd-99fb28f6c518', '2026-01-16T12:38:17.593587', '2026-01-16T12:38:17.593587');
INSERT INTO tickets (id, projection_id, hall_seat_id, booking_id, created_at, updated_at) VALUES ('3ce0c9ec-61f1-4a2a-b4e8-c744415099b0', 'b5412a28-fb47-4dce-8c80-310f4c94026d', '78382613-e4d1-40aa-87b4-712fb15cef79', 'a0e017bc-211f-4e15-a8bd-99fb28f6c518', '2026-01-16T12:38:17.593601', '2026-01-16T12:38:17.593601');
INSERT INTO tickets (id, projection_id, hall_seat_id, booking_id, created_at, updated_at) VALUES ('049626ea-29ca-4095-a800-2b2727eb8e6e', '1bc36f6d-b863-4eb3-8014-ef426cb70761', 'f4498002-7bac-4ec5-96d2-9b5d2ab769e1', 'cca4414d-49d5-4b1e-bda7-9581a793f34b', '2026-01-16T12:38:17.593702', '2026-01-16T12:38:17.593702');
INSERT INTO tickets (id, projection_id, hall_seat_id, booking_id, created_at, updated_at) VALUES ('a1c211e4-fc14-4e09-adc3-6d0340d6cc51', '1bc36f6d-b863-4eb3-8014-ef426cb70761', '6c0e00d4-9068-49b0-84e2-af8529c0a1a2', 'cca4414d-49d5-4b1e-bda7-9581a793f34b', '2026-01-16T12:38:17.593718', '2026-01-16T12:38:17.593718');
INSERT INTO tickets (id, projection_id, hall_seat_id, booking_id, created_at, updated_at) VALUES ('7bf3cfea-7b88-49ff-a015-441646825f4c', '1bc36f6d-b863-4eb3-8014-ef426cb70761', '181a91e0-a90a-488a-b83b-44369d1867a7', 'cca4414d-49d5-4b1e-bda7-9581a793f34b', '2026-01-16T12:38:17.593731', '2026-01-16T12:38:17.593731');
INSERT INTO tickets (id, projection_id, hall_seat_id, booking_id, created_at, updated_at) VALUES ('b3ff31ec-3db4-4a2f-96ca-b291131e108f', '1bc36f6d-b863-4eb3-8014-ef426cb70761', 'c5bfb0be-51d2-46b3-9f92-52e0dd65c8f0', 'cca4414d-49d5-4b1e-bda7-9581a793f34b', '2026-01-16T12:38:17.593744', '2026-01-16T12:38:17.593744');
INSERT INTO tickets (id, projection_id, hall_seat_id, booking_id, created_at, updated_at) VALUES ('70825b46-cd14-436a-866e-981c718fdc85', 'dd59862d-ced2-4a1e-ad61-a6cf3805abd1', 'ba2d9073-297b-47cd-b5cf-f3ea7ea83ec3', '53b29267-1da1-4454-9a91-e7ae1baec2d3', '2026-01-16T12:38:17.593858', '2026-01-16T12:38:17.593858');
INSERT INTO tickets (id, projection_id, hall_seat_id, booking_id, created_at, updated_at) VALUES ('0c7aaf3d-4d8b-4008-8f4d-62aafc046bfc', 'dd59862d-ced2-4a1e-ad61-a6cf3805abd1', 'ac524edd-e42b-49f3-bf66-0e5e5aa278f1', '53b29267-1da1-4454-9a91-e7ae1baec2d3', '2026-01-16T12:38:17.593876', '2026-01-16T12:38:17.593876');
INSERT INTO tickets (id, projection_id, hall_seat_id, booking_id, created_at, updated_at) VALUES ('b5bb8887-0826-41b7-93e6-3ef1dee27c19', 'dd59862d-ced2-4a1e-ad61-a6cf3805abd1', '71aa687d-f3d9-4d5d-8ec2-d29fb2624224', '53b29267-1da1-4454-9a91-e7ae1baec2d3', '2026-01-16T12:38:17.593889', '2026-01-16T12:38:17.593889');
INSERT INTO tickets (id, projection_id, hall_seat_id, booking_id, created_at, updated_at) VALUES ('4778f175-d553-4d35-8f5f-d6877d25ca15', 'dd59862d-ced2-4a1e-ad61-a6cf3805abd1', '062ebe52-c5ff-4f22-9cc7-1f4dc3bab481', '53b29267-1da1-4454-9a91-e7ae1baec2d3', '2026-01-16T12:38:17.593902', '2026-01-16T12:38:17.593902');
INSERT INTO tickets (id, projection_id, hall_seat_id, booking_id, created_at, updated_at) VALUES ('cfb9e0fb-ee00-4b53-955b-d38b4d6dbb29', '1f73cc05-d310-4583-b882-4c48a3b8b805', '2c2c292e-18b8-49a3-a10b-3ff887246d55', '91b873ee-4022-4420-80ac-3a8a1c20c252', '2026-01-16T12:38:17.593990', '2026-01-16T12:38:17.593990');
INSERT INTO tickets (id, projection_id, hall_seat_id, booking_id, created_at, updated_at) VALUES ('adead190-c50e-4b00-813b-250b6332a533', '1f73cc05-d310-4583-b882-4c48a3b8b805', '2e13a134-5736-4ad5-bfb6-fdd32e45b406', '91b873ee-4022-4420-80ac-3a8a1c20c252', '2026-01-16T12:38:17.594016', '2026-01-16T12:38:17.594016');
INSERT INTO tickets (id, projection_id, hall_seat_id, booking_id, created_at, updated_at) VALUES ('44340788-fec9-4831-a606-ff78e76f39b4', 'f5fc9795-aabb-4892-bcce-e738147f0317', '0a20e75a-ad06-4d87-8195-d3ace87ef76b', 'd6d29ae7-ca05-4d45-83de-b97d610fe5b4', '2026-01-16T12:38:17.594099', '2026-01-16T12:38:17.594099');
INSERT INTO tickets (id, projection_id, hall_seat_id, booking_id, created_at, updated_at) VALUES ('c9d530df-f88f-496c-a696-6067400ad409', 'f5fc9795-aabb-4892-bcce-e738147f0317', '4fcc4cb6-47d4-4df0-8354-1266550c1c0d', 'd6d29ae7-ca05-4d45-83de-b97d610fe5b4', '2026-01-16T12:38:17.594114', '2026-01-16T12:38:17.594114');
INSERT INTO tickets (id, projection_id, hall_seat_id, booking_id, created_at, updated_at) VALUES ('9b7232c8-6e81-45b0-af44-2f51c0d47e76', 'f5fc9795-aabb-4892-bcce-e738147f0317', '47d30e1b-a6b7-484f-9d33-a15c8a1e1eb9', 'd6d29ae7-ca05-4d45-83de-b97d610fe5b4', '2026-01-16T12:38:17.594127', '2026-01-16T12:38:17.594127');
INSERT INTO tickets (id, projection_id, hall_seat_id, booking_id, created_at, updated_at) VALUES ('6e3ce8cd-2b11-4438-bb44-2539ffc24616', 'ee587c4c-de20-4fc1-9307-d6e2b5a359bf', '8665b8d1-1658-48b1-ba00-8dd00d89f870', '729806fd-bf99-4d1c-9777-fe913482b026', '2026-01-16T12:38:17.594308', '2026-01-16T12:38:17.594308');
INSERT INTO tickets (id, projection_id, hall_seat_id, booking_id, created_at, updated_at) VALUES ('44a5f8cc-11c9-4592-bc79-f64efdf9b735', 'ee587c4c-de20-4fc1-9307-d6e2b5a359bf', 'bb70d689-b7f5-4ac3-9efd-263c34bf59cd', '729806fd-bf99-4d1c-9777-fe913482b026', '2026-01-16T12:38:17.594335', '2026-01-16T12:38:17.594335');
INSERT INTO tickets (id, projection_id, hall_seat_id, booking_id, created_at, updated_at) VALUES ('5b02f518-5d55-4a5f-926c-c2b7a6bcd1c9', '03dd7040-1d8b-4986-844c-bf98fea6ea57', '3c91ba92-f70e-4108-ba79-6dc3018bb1d0', 'c8801b68-1397-4bf9-acce-3fd71bde2071', '2026-01-16T12:38:17.594677', '2026-01-16T12:38:17.594677');
INSERT INTO tickets (id, projection_id, hall_seat_id, booking_id, created_at, updated_at) VALUES ('6682c582-f49c-4df2-bbbb-038040f138a6', '03dd7040-1d8b-4986-844c-bf98fea6ea57', 'ba474a2a-cbf5-497e-a644-e2f3d16282dd', 'c8801b68-1397-4bf9-acce-3fd71bde2071', '2026-01-16T12:38:17.594704', '2026-01-16T12:38:17.594704');
INSERT INTO tickets (id, projection_id, hall_seat_id, booking_id, created_at, updated_at) VALUES ('72c4a18e-a61f-4c14-942e-49232afe2ed5', '03dd7040-1d8b-4986-844c-bf98fea6ea57', 'e9ba2aad-3e1b-4816-9789-4dd53c97702a', 'c8801b68-1397-4bf9-acce-3fd71bde2071', '2026-01-16T12:38:17.594729', '2026-01-16T12:38:17.594729');
INSERT INTO tickets (id, projection_id, hall_seat_id, booking_id, created_at, updated_at) VALUES ('f726c7b0-6e9a-40d8-848c-c038ad476962', '03dd7040-1d8b-4986-844c-bf98fea6ea57', '20e85ba2-a6ca-43db-9f4f-23b2c4b24c37', 'c8801b68-1397-4bf9-acce-3fd71bde2071', '2026-01-16T12:38:17.594753', '2026-01-16T12:38:17.594753');
INSERT INTO tickets (id, projection_id, hall_seat_id, booking_id, created_at, updated_at) VALUES ('ce234710-9519-4a22-abb7-75a61e552230', 'f3c4e970-0dbc-4675-b231-5f9a26bd019e', '86f50b39-126a-48ba-9d66-0841c53e5b2b', 'ba083d8e-5447-47cf-9c65-79d57794f095', '2026-01-16T12:38:17.594977', '2026-01-16T12:38:17.594977');
INSERT INTO tickets (id, projection_id, hall_seat_id, booking_id, created_at, updated_at) VALUES ('040fd3d3-03ae-4c0e-ad53-0eccfa0996e6', 'ab5208c6-f96f-4aca-b98e-316b8b1a0662', 'b25c9a8c-0c97-4f2f-bf12-f0a3750c80a1', '01924e7e-9cb3-4a01-8935-9e73442377c0', '2026-01-16T12:38:17.595173', '2026-01-16T12:38:17.595173');
INSERT INTO tickets (id, projection_id, hall_seat_id, booking_id, created_at, updated_at) VALUES ('44268e19-78f9-49bd-95a3-b0bce0c324a3', 'ab5208c6-f96f-4aca-b98e-316b8b1a0662', '03b7a6dc-c044-48dc-8b67-483db042915d', '01924e7e-9cb3-4a01-8935-9e73442377c0', '2026-01-16T12:38:17.595202', '2026-01-16T12:38:17.595202');
INSERT INTO tickets (id, projection_id, hall_seat_id, booking_id, created_at, updated_at) VALUES ('887df0cf-d54f-4ced-9449-b62267a92f46', 'ab5208c6-f96f-4aca-b98e-316b8b1a0662', 'c80f8973-90c4-4809-8d19-52e740acb2aa', '01924e7e-9cb3-4a01-8935-9e73442377c0', '2026-01-16T12:38:17.595228', '2026-01-16T12:38:17.595228');
INSERT INTO tickets (id, projection_id, hall_seat_id, booking_id, created_at, updated_at) VALUES ('056714df-d258-4750-ad51-806f24edb324', '0d26190a-d46d-4c8a-8441-8362c4b24ba0', 'd46c60cd-6a39-4ca7-a1d6-493a377c7145', '2c30572c-e89d-4e78-b624-b462161d80b6', '2026-01-16T12:38:17.595477', '2026-01-16T12:38:17.595477');
INSERT INTO tickets (id, projection_id, hall_seat_id, booking_id, created_at, updated_at) VALUES ('e5fd9d6f-0afb-42ca-ae1d-5cbce3aa7993', '0d26190a-d46d-4c8a-8441-8362c4b24ba0', '86a10383-bba2-4a68-84c8-2c717afc6fc7', '2c30572c-e89d-4e78-b624-b462161d80b6', '2026-01-16T12:38:17.595509', '2026-01-16T12:38:17.595509');
INSERT INTO tickets (id, projection_id, hall_seat_id, booking_id, created_at, updated_at) VALUES ('168b7c8b-d2ed-4be0-8a7b-04386f6b7b2f', '0d26190a-d46d-4c8a-8441-8362c4b24ba0', 'b9de132c-da95-4d5b-ad3c-8a98647779f1', '2c30572c-e89d-4e78-b624-b462161d80b6', '2026-01-16T12:38:17.595536', '2026-01-16T12:38:17.595536');
INSERT INTO tickets (id, projection_id, hall_seat_id, booking_id, created_at, updated_at) VALUES ('4cdcb547-598f-40bb-8b9a-1d854b2b7b92', '0d26190a-d46d-4c8a-8441-8362c4b24ba0', '1d20003d-b542-4ea4-8fe9-20c696718c7e', '2c30572c-e89d-4e78-b624-b462161d80b6', '2026-01-16T12:38:17.595561', '2026-01-16T12:38:17.595561');
INSERT INTO tickets (id, projection_id, hall_seat_id, booking_id, created_at, updated_at) VALUES ('307f5983-63a3-4692-814c-7ab848da80b0', '461a0677-33df-4dbc-8e8f-1a5b9c2f7ff1', '4fcc4cb6-47d4-4df0-8354-1266550c1c0d', '4855fce5-2d56-4b5c-9a56-87d7c63ea44b', '2026-01-16T12:38:17.595732', '2026-01-16T12:38:17.595732');
INSERT INTO tickets (id, projection_id, hall_seat_id, booking_id, created_at, updated_at) VALUES ('1bf738e5-c377-415e-ab1e-6a77a3623295', '461a0677-33df-4dbc-8e8f-1a5b9c2f7ff1', '49f7705c-11a5-4a60-9ab4-954e352727d9', '4855fce5-2d56-4b5c-9a56-87d7c63ea44b', '2026-01-16T12:38:17.595760', '2026-01-16T12:38:17.595760');
INSERT INTO tickets (id, projection_id, hall_seat_id, booking_id, created_at, updated_at) VALUES ('cde3233f-1b22-49b1-b894-3e5e3d9dffd0', '461a0677-33df-4dbc-8e8f-1a5b9c2f7ff1', 'c9eb3a23-9f3c-453d-a307-52dad778f8bf', '4855fce5-2d56-4b5c-9a56-87d7c63ea44b', '2026-01-16T12:38:17.595790', '2026-01-16T12:38:17.595790');
INSERT INTO tickets (id, projection_id, hall_seat_id, booking_id, created_at, updated_at) VALUES ('8826081d-5d24-4473-a27f-010848e14c24', '370ec51a-757e-4da5-967b-5d59e92376b8', '80dbde85-91d8-4d63-a95e-f9b91c2dd136', '734fc515-0185-4657-92c6-5bf3c1176aac', '2026-01-16T12:38:17.595963', '2026-01-16T12:38:17.595963');
INSERT INTO tickets (id, projection_id, hall_seat_id, booking_id, created_at, updated_at) VALUES ('00bedc5e-3d7e-4860-947f-fc1b4c8c45c7', '8baadc6b-861d-41b2-a53a-8ae8cd3d6da9', 'c72297d1-4ab9-4eac-8b10-614059367a77', 'fceee0ef-951e-4acb-81eb-408c3f0b0ae5', '2026-01-16T12:38:17.596201', '2026-01-16T12:38:17.596201');
INSERT INTO tickets (id, projection_id, hall_seat_id, booking_id, created_at, updated_at) VALUES ('03ffa020-826b-4d2f-8890-3f39c189f855', '8baadc6b-861d-41b2-a53a-8ae8cd3d6da9', '5d0d9e70-6851-4a5f-a3e8-77a90cf37d0a', 'fceee0ef-951e-4acb-81eb-408c3f0b0ae5', '2026-01-16T12:38:17.596230', '2026-01-16T12:38:17.596230');
INSERT INTO tickets (id, projection_id, hall_seat_id, booking_id, created_at, updated_at) VALUES ('b8acfd88-285d-45d0-9876-aa66fb15ec38', 'ac677f85-3fa6-48ce-b830-f2846716779e', '1927b3d7-7d9e-4246-9d92-573742c2e20b', 'adca03ef-5534-432b-9c25-9dc46beae29f', '2026-01-16T12:38:17.596378', '2026-01-16T12:38:17.596378');
INSERT INTO tickets (id, projection_id, hall_seat_id, booking_id, created_at, updated_at) VALUES ('bda739cf-bd9b-4f92-b774-7e024d5d42bc', 'ac677f85-3fa6-48ce-b830-f2846716779e', 'a34b4365-af48-44b7-9858-786d98ab08b0', 'adca03ef-5534-432b-9c25-9dc46beae29f', '2026-01-16T12:38:17.596407', '2026-01-16T12:38:17.596407');
INSERT INTO tickets (id, projection_id, hall_seat_id, booking_id, created_at, updated_at) VALUES ('0d8b7245-2e45-43d8-a645-521348439c33', 'ac677f85-3fa6-48ce-b830-f2846716779e', '97e2a42d-9c3b-4363-856f-093f63a69dc6', 'adca03ef-5534-432b-9c25-9dc46beae29f', '2026-01-16T12:38:17.596435', '2026-01-16T12:38:17.596435');
INSERT INTO tickets (id, projection_id, hall_seat_id, booking_id, created_at, updated_at) VALUES ('68a6a3c0-6288-4d79-b428-48121980cfc7', '30e6431e-65d3-4d01-9a11-4f540dff415f', '8a30ff77-d96e-4be8-a810-6e3ac2f9504e', 'd3723802-0fa2-472f-b8d1-7cd38e6c9688', '2026-01-16T12:38:17.596623', '2026-01-16T12:38:17.596623');
INSERT INTO tickets (id, projection_id, hall_seat_id, booking_id, created_at, updated_at) VALUES ('e1d0ecee-662f-41b9-8c05-73d9e421954d', '30e6431e-65d3-4d01-9a11-4f540dff415f', '5c5cf59b-a54e-4c8a-af9f-1c4f3f639440', 'd3723802-0fa2-472f-b8d1-7cd38e6c9688', '2026-01-16T12:38:17.596654', '2026-01-16T12:38:17.596654');
INSERT INTO tickets (id, projection_id, hall_seat_id, booking_id, created_at, updated_at) VALUES ('4fc6a74c-e9cf-4cc5-9167-e2cea6b014ad', '30e6431e-65d3-4d01-9a11-4f540dff415f', '2ad04683-6f86-47dd-8293-b0a56a26dc36', 'd3723802-0fa2-472f-b8d1-7cd38e6c9688', '2026-01-16T12:38:17.596678', '2026-01-16T12:38:17.596678');
INSERT INTO tickets (id, projection_id, hall_seat_id, booking_id, created_at, updated_at) VALUES ('49d5aba0-072d-40a2-910c-e9a0912c81f0', '0608b0e6-c724-452e-92a4-3806824933e8', '5c49eef5-d785-41b3-930e-c76aa49f912f', '00ef51f5-b95e-467d-9ca4-c11d2b71a9c5', '2026-01-16T12:38:17.596950', '2026-01-16T12:38:17.596950');
INSERT INTO tickets (id, projection_id, hall_seat_id, booking_id, created_at, updated_at) VALUES ('fa364a46-8f98-4128-85bc-da9b89ff74bc', '0608b0e6-c724-452e-92a4-3806824933e8', '479fd497-707f-4b15-9a40-ad277476d092', '00ef51f5-b95e-467d-9ca4-c11d2b71a9c5', '2026-01-16T12:38:17.596981', '2026-01-16T12:38:17.596981');
INSERT INTO tickets (id, projection_id, hall_seat_id, booking_id, created_at, updated_at) VALUES ('6a28ecbc-c03a-41cc-b9eb-fd909715827c', '0608b0e6-c724-452e-92a4-3806824933e8', '1cb36c85-7871-40db-b01d-b9634c950d3c', '00ef51f5-b95e-467d-9ca4-c11d2b71a9c5', '2026-01-16T12:38:17.597018', '2026-01-16T12:38:17.597018');
INSERT INTO tickets (id, projection_id, hall_seat_id, booking_id, created_at, updated_at) VALUES ('43799977-f3af-4102-9637-406b5864c5ef', '0608b0e6-c724-452e-92a4-3806824933e8', '0cd1d13a-7c23-4db4-944b-52f1b1341df9', '00ef51f5-b95e-467d-9ca4-c11d2b71a9c5', '2026-01-16T12:38:17.597052', '2026-01-16T12:38:17.597052');
INSERT INTO tickets (id, projection_id, hall_seat_id, booking_id, created_at, updated_at) VALUES ('04bc0b2e-8ec0-45c6-97f6-ecae2bc106ee', '588b644e-0a23-4206-b19b-110a8ec5d920', '1fcf65a1-a66f-47d8-9428-f7b96bc5705e', 'fb32d683-6f84-4365-b1ae-0efc87571ac6', '2026-01-16T12:38:17.597337', '2026-01-16T12:38:17.597337');
INSERT INTO tickets (id, projection_id, hall_seat_id, booking_id, created_at, updated_at) VALUES ('226566a9-207e-48b5-8733-4186a64a1060', '588b644e-0a23-4206-b19b-110a8ec5d920', 'e848bf8d-a9e0-4565-928e-87b0961a3c12', 'fb32d683-6f84-4365-b1ae-0efc87571ac6', '2026-01-16T12:38:17.597367', '2026-01-16T12:38:17.597367');
INSERT INTO tickets (id, projection_id, hall_seat_id, booking_id, created_at, updated_at) VALUES ('3504fa57-c124-45cc-b446-73d5af970187', 'f02d9789-eee8-498f-9bc1-3bf152aa1b31', '68e06eff-bc0e-4ca2-820c-b7232f5c9623', '73a6a7d5-bb64-4db9-a72e-a24657d2c92d', '2026-01-16T12:38:17.597646', '2026-01-16T12:38:17.597646');
INSERT INTO tickets (id, projection_id, hall_seat_id, booking_id, created_at, updated_at) VALUES ('53ddef8d-87d6-4133-93a0-faaef50091fe', 'f02d9789-eee8-498f-9bc1-3bf152aa1b31', '33ffba4a-74c8-4882-84b4-3db44fe8b3e6', '73a6a7d5-bb64-4db9-a72e-a24657d2c92d', '2026-01-16T12:38:17.597673', '2026-01-16T12:38:17.597673');
INSERT INTO tickets (id, projection_id, hall_seat_id, booking_id, created_at, updated_at) VALUES ('d73487b0-3247-4b6b-b7ec-331453147a86', 'af25ef25-4a1b-4222-9cd1-2dc846004d90', '93ccd760-2407-4a15-804f-969f0a6caf4c', 'b1c8cff3-2a8b-461b-9c7b-0a57f6a86af9', '2026-01-16T12:38:17.597924', '2026-01-16T12:38:17.597924');
INSERT INTO tickets (id, projection_id, hall_seat_id, booking_id, created_at, updated_at) VALUES ('7d504a92-0359-4a0f-a0ea-cae930fb36ac', 'f654f1f4-93be-4f2c-8730-f545985f5e2b', 'c65690f9-17a5-4e9e-865b-0f318111f15b', 'd5840635-0819-4f66-b07d-623b577aa59e', '2026-01-16T12:38:17.598252', '2026-01-16T12:38:17.598252');
INSERT INTO tickets (id, projection_id, hall_seat_id, booking_id, created_at, updated_at) VALUES ('35e71675-f690-4f12-885f-9d0312804ca2', 'f654f1f4-93be-4f2c-8730-f545985f5e2b', '458d75eb-da48-46c0-8726-807a66e83993', 'd5840635-0819-4f66-b07d-623b577aa59e', '2026-01-16T12:38:17.598281', '2026-01-16T12:38:17.598281');
INSERT INTO tickets (id, projection_id, hall_seat_id, booking_id, created_at, updated_at) VALUES ('5c38002e-1b82-49a3-b322-5b94d869fcda', 'f654f1f4-93be-4f2c-8730-f545985f5e2b', 'fa4fb26f-116e-4a9a-a524-6f5dcdd927c7', 'd5840635-0819-4f66-b07d-623b577aa59e', '2026-01-16T12:38:17.598316', '2026-01-16T12:38:17.598316');
INSERT INTO tickets (id, projection_id, hall_seat_id, booking_id, created_at, updated_at) VALUES ('37a2c316-1d5f-4d36-8d72-8b991f013839', '9278ff7e-6784-4207-9204-805612b85007', '8717f4ad-ed1c-4c2e-a194-4e5c32b212a0', '2b97d46a-6465-45bf-a5af-e43f3c574176', '2026-01-16T12:38:17.598554', '2026-01-16T12:38:17.598554');
INSERT INTO tickets (id, projection_id, hall_seat_id, booking_id, created_at, updated_at) VALUES ('a191d106-1961-49af-9922-1232c521b90a', '80f4b1f5-f91c-41a5-8018-735652f45faf', '43a8df3b-92b2-4a81-ab61-3cabb114aba7', '14da540f-e586-41f6-aa5b-d2d81f8162ba', '2026-01-16T12:38:17.598872', '2026-01-16T12:38:17.598872');
INSERT INTO tickets (id, projection_id, hall_seat_id, booking_id, created_at, updated_at) VALUES ('6f11623b-58c0-440b-9b9a-a2e8b5d59e3e', 'e87f0ac5-485e-493c-b74c-4afe0cd1d0a1', '679ee823-9ba4-45be-bb40-3946287644f4', '528573bf-00d0-4801-aa38-b2ae2c26105a', '2026-01-16T12:38:17.599029', '2026-01-16T12:38:17.599029');
INSERT INTO tickets (id, projection_id, hall_seat_id, booking_id, created_at, updated_at) VALUES ('abfb55ff-6cc0-4253-8583-4dff67f03ce9', 'e87f0ac5-485e-493c-b74c-4afe0cd1d0a1', '861eb950-5f44-4f1a-b50f-896d59bf548c', '528573bf-00d0-4801-aa38-b2ae2c26105a', '2026-01-16T12:38:17.599044', '2026-01-16T12:38:17.599044');
INSERT INTO tickets (id, projection_id, hall_seat_id, booking_id, created_at, updated_at) VALUES ('2e96b392-d858-4752-b095-5173b6cf1a90', 'e87f0ac5-485e-493c-b74c-4afe0cd1d0a1', '8f59cc78-a194-4e41-954e-97517e1af731', '528573bf-00d0-4801-aa38-b2ae2c26105a', '2026-01-16T12:38:17.599057', '2026-01-16T12:38:17.599057');
INSERT INTO tickets (id, projection_id, hall_seat_id, booking_id, created_at, updated_at) VALUES ('05554d93-c52d-43a0-a695-cca059627b53', '76bf4e8d-08f2-486d-8351-bcc2d2e0497d', '5041bc42-337f-42b8-9d6d-69c2823b1eaa', '67bf89da-796a-4dcf-aabf-b98017f13d1d', '2026-01-16T12:38:17.599196', '2026-01-16T12:38:17.599196');
INSERT INTO tickets (id, projection_id, hall_seat_id, booking_id, created_at, updated_at) VALUES ('dc0435a0-3701-4af9-b482-a544e2084124', '76bf4e8d-08f2-486d-8351-bcc2d2e0497d', '123f3678-e75f-4707-9228-de2114c901bc', '67bf89da-796a-4dcf-aabf-b98017f13d1d', '2026-01-16T12:38:17.599211', '2026-01-16T12:38:17.599211');
INSERT INTO tickets (id, projection_id, hall_seat_id, booking_id, created_at, updated_at) VALUES ('c595eb6b-44fb-40b0-b2c1-26d7ca4535ed', 'f169269d-b018-4424-9fa2-7bdda579a733', '594757e7-df0a-4c9a-944a-6e509b5fe17e', '71f796e2-2404-42f7-b79a-b1f22c2bf5c7', '2026-01-16T12:38:17.599319', '2026-01-16T12:38:17.599319');
INSERT INTO tickets (id, projection_id, hall_seat_id, booking_id, created_at, updated_at) VALUES ('090db81d-99b2-43b5-8256-2515b9f9ccc5', '9a5c079a-0262-4dc1-856b-39c3d9d82422', 'a34b4365-af48-44b7-9858-786d98ab08b0', 'a14f6cad-3c15-47b9-b55a-453fcaeac25b', '2026-01-16T12:38:17.599419', '2026-01-16T12:38:17.599419');
INSERT INTO tickets (id, projection_id, hall_seat_id, booking_id, created_at, updated_at) VALUES ('8d2f789f-b15b-411e-88a1-07450e9e2296', '9a5c079a-0262-4dc1-856b-39c3d9d82422', 'b33af8af-2616-4130-b1b8-e3f020c07bc5', 'a14f6cad-3c15-47b9-b55a-453fcaeac25b', '2026-01-16T12:38:17.599434', '2026-01-16T12:38:17.599434');
INSERT INTO tickets (id, projection_id, hall_seat_id, booking_id, created_at, updated_at) VALUES ('4bb40e4c-0013-48cf-ac8d-5821a9fff3e2', '9a5c079a-0262-4dc1-856b-39c3d9d82422', '74a437c0-6470-498c-8e99-565e84438f36', 'a14f6cad-3c15-47b9-b55a-453fcaeac25b', '2026-01-16T12:38:17.599450', '2026-01-16T12:38:17.599450');
INSERT INTO tickets (id, projection_id, hall_seat_id, booking_id, created_at, updated_at) VALUES ('5204270e-70c9-4b0a-80db-a5e1c2573e7c', '9a5c079a-0262-4dc1-856b-39c3d9d82422', 'efc3ecc2-8f50-4399-88c1-0010951c9d6c', 'a14f6cad-3c15-47b9-b55a-453fcaeac25b', '2026-01-16T12:38:17.599468', '2026-01-16T12:38:17.599468');
INSERT INTO tickets (id, projection_id, hall_seat_id, booking_id, created_at, updated_at) VALUES ('1c68f957-7f89-457a-b9bf-e8c0bffef689', 'ebea2902-c687-4e39-82fe-cf397bb9bc1c', 'afee39f2-0a3e-4c0e-8f51-53b3c1222ab8', '6a557b90-4efa-40fd-befd-b9c474f0b512', '2026-01-16T12:38:17.599572', '2026-01-16T12:38:17.599572');
INSERT INTO tickets (id, projection_id, hall_seat_id, booking_id, created_at, updated_at) VALUES ('232ad651-1e3f-40af-ad40-57ed22f3d874', 'ebea2902-c687-4e39-82fe-cf397bb9bc1c', 'ef86afbe-090a-4213-a38f-3c2fc8f7bee8', '6a557b90-4efa-40fd-befd-b9c474f0b512', '2026-01-16T12:38:17.599587', '2026-01-16T12:38:17.599587');
INSERT INTO tickets (id, projection_id, hall_seat_id, booking_id, created_at, updated_at) VALUES ('e5b45b8e-7e36-4c43-888c-a418795d2e6d', 'ebea2902-c687-4e39-82fe-cf397bb9bc1c', '6a91353b-7e81-4f49-bb62-1f5214cde5f9', '6a557b90-4efa-40fd-befd-b9c474f0b512', '2026-01-16T12:38:17.599600', '2026-01-16T12:38:17.599600');
INSERT INTO tickets (id, projection_id, hall_seat_id, booking_id, created_at, updated_at) VALUES ('3af56d32-e561-4428-afeb-61a00c235ac0', 'fe08a410-08ea-4a03-9050-44b2790ce2cf', '3bf604a2-84b6-4c62-acc3-cc8f0bdc918e', '0f343d39-13ce-4fc0-bddc-cec61602002d', '2026-01-16T12:38:17.599727', '2026-01-16T12:38:17.599727');
INSERT INTO tickets (id, projection_id, hall_seat_id, booking_id, created_at, updated_at) VALUES ('867f84a4-e32f-4218-a3c2-79d00f56c00e', 'fe08a410-08ea-4a03-9050-44b2790ce2cf', '94ab988f-5d8c-4bfb-a9fb-fd79a61244d1', '0f343d39-13ce-4fc0-bddc-cec61602002d', '2026-01-16T12:38:17.599741', '2026-01-16T12:38:17.599741');
INSERT INTO tickets (id, projection_id, hall_seat_id, booking_id, created_at, updated_at) VALUES ('fbdb371c-f7aa-4bf9-ae81-fc39f2e7000f', '67334e44-9719-457b-ad9a-33996938dcde', '9dc30b7e-f387-4661-bca7-240f2758e961', 'd1e3e72a-9de8-4bcb-952c-3bfe90129fc1', '2026-01-16T12:38:17.599847', '2026-01-16T12:38:17.599847');
INSERT INTO tickets (id, projection_id, hall_seat_id, booking_id, created_at, updated_at) VALUES ('e9455e6c-7ca9-430e-8a95-46f0c69833ce', '67334e44-9719-457b-ad9a-33996938dcde', '2c2c292e-18b8-49a3-a10b-3ff887246d55', 'd1e3e72a-9de8-4bcb-952c-3bfe90129fc1', '2026-01-16T12:38:17.599867', '2026-01-16T12:38:17.599867');
INSERT INTO tickets (id, projection_id, hall_seat_id, booking_id, created_at, updated_at) VALUES ('0e8ef077-1fb6-4c51-82a2-1125b52dd807', '67334e44-9719-457b-ad9a-33996938dcde', 'ed528a83-d1be-420b-aabb-b7ae5e8e88bc', 'd1e3e72a-9de8-4bcb-952c-3bfe90129fc1', '2026-01-16T12:38:17.599881', '2026-01-16T12:38:17.599881');
INSERT INTO tickets (id, projection_id, hall_seat_id, booking_id, created_at, updated_at) VALUES ('5a7676a0-e0f8-4ffa-a610-d8acfa814b10', '67334e44-9719-457b-ad9a-33996938dcde', '033a2256-da9d-4d49-ae98-c8f67e85c811', 'd1e3e72a-9de8-4bcb-952c-3bfe90129fc1', '2026-01-16T12:38:17.599895', '2026-01-16T12:38:17.599895');
INSERT INTO tickets (id, projection_id, hall_seat_id, booking_id, created_at, updated_at) VALUES ('0ccd0100-ea27-483a-85d7-34e842fbfe30', '756144a3-4843-45e8-859f-30263cb6a232', '5b7ddd83-5ab7-4972-bfba-1f9de6bcc3c4', '9c531e3d-1787-430c-87fb-21c2b71713ee', '2026-01-16T12:38:17.599996', '2026-01-16T12:38:17.599996');
INSERT INTO tickets (id, projection_id, hall_seat_id, booking_id, created_at, updated_at) VALUES ('8ce9efe8-5a26-450d-bc78-80589f20beaa', '756144a3-4843-45e8-859f-30263cb6a232', '14030ea0-997e-4bc5-8f76-0513bb209d15', '9c531e3d-1787-430c-87fb-21c2b71713ee', '2026-01-16T12:38:17.600011', '2026-01-16T12:38:17.600011');
INSERT INTO tickets (id, projection_id, hall_seat_id, booking_id, created_at, updated_at) VALUES ('fb0372f9-3069-4ce1-9863-7b7e00fd3ba3', '756144a3-4843-45e8-859f-30263cb6a232', '259782fc-284c-4bb0-ac1b-bf51cdeaf2e1', '9c531e3d-1787-430c-87fb-21c2b71713ee', '2026-01-16T12:38:17.600024', '2026-01-16T12:38:17.600024');
INSERT INTO tickets (id, projection_id, hall_seat_id, booking_id, created_at, updated_at) VALUES ('395626ff-7949-446b-97e6-af695551914f', '5da72f1b-37d0-4027-811f-294468b5618c', '9aa487f4-e399-430b-bfdf-e0ebcb06cbb3', '3dcc4462-2fec-4533-93ff-5cab4ffe33cf', '2026-01-16T12:38:17.600129', '2026-01-16T12:38:17.600129');
INSERT INTO tickets (id, projection_id, hall_seat_id, booking_id, created_at, updated_at) VALUES ('a31b2640-682d-4e19-a375-5ea2553408cf', '5da72f1b-37d0-4027-811f-294468b5618c', '591eec47-b9cf-437e-a1a4-2859b3ee4b23', '3dcc4462-2fec-4533-93ff-5cab4ffe33cf', '2026-01-16T12:38:17.600144', '2026-01-16T12:38:17.600144');
INSERT INTO tickets (id, projection_id, hall_seat_id, booking_id, created_at, updated_at) VALUES ('d5e2b44c-4d2e-4536-9c2a-0fe797e8b904', '5da72f1b-37d0-4027-811f-294468b5618c', '9d7fe567-a7d2-4ed6-8ffa-e18c0c0f117f', '3dcc4462-2fec-4533-93ff-5cab4ffe33cf', '2026-01-16T12:38:17.600159', '2026-01-16T12:38:17.600159');
INSERT INTO tickets (id, projection_id, hall_seat_id, booking_id, created_at, updated_at) VALUES ('0db06f72-2016-446f-9601-1fec26a40381', '5da72f1b-37d0-4027-811f-294468b5618c', '82f17760-9186-45e3-8b50-fface3d68c6c', '3dcc4462-2fec-4533-93ff-5cab4ffe33cf', '2026-01-16T12:38:17.600172', '2026-01-16T12:38:17.600172');
INSERT INTO tickets (id, projection_id, hall_seat_id, booking_id, created_at, updated_at) VALUES ('5a0d8688-7f52-446a-b4d1-81889539d4eb', '9a1d433b-645b-4fe7-a313-5229ab6463ad', 'cb60e8c3-c0fb-4216-9e61-31739690293c', '95a98a5b-0e06-4a55-bb8d-a1665e21cc9f', '2026-01-16T12:38:17.600279', '2026-01-16T12:38:17.600279');
INSERT INTO tickets (id, projection_id, hall_seat_id, booking_id, created_at, updated_at) VALUES ('aaed62f3-ab8c-47bf-951f-26af05769242', '9a1d433b-645b-4fe7-a313-5229ab6463ad', 'fb59bd28-7402-4658-b13d-5105d344abe1', '95a98a5b-0e06-4a55-bb8d-a1665e21cc9f', '2026-01-16T12:38:17.600294', '2026-01-16T12:38:17.600294');
INSERT INTO tickets (id, projection_id, hall_seat_id, booking_id, created_at, updated_at) VALUES ('f7ace178-e66e-4eab-b940-af86ce1586c1', '9a1d433b-645b-4fe7-a313-5229ab6463ad', '458d75eb-da48-46c0-8726-807a66e83993', '95a98a5b-0e06-4a55-bb8d-a1665e21cc9f', '2026-01-16T12:38:17.600307', '2026-01-16T12:38:17.600307');
INSERT INTO tickets (id, projection_id, hall_seat_id, booking_id, created_at, updated_at) VALUES ('dbfafc3a-eeae-47b8-b8eb-856976c51435', 'c1c698b6-701b-4af6-91b3-7092fe9d2855', '130f82c5-a0bc-4813-b2f2-c90fdeba0499', '3b15d614-ce7b-4f90-9bb4-a8edb1a15eaa', '2026-01-16T12:38:17.600423', '2026-01-16T12:38:17.600423');
INSERT INTO tickets (id, projection_id, hall_seat_id, booking_id, created_at, updated_at) VALUES ('137bb5cc-b4f5-4321-90f2-2bb615102a8a', 'c1c698b6-701b-4af6-91b3-7092fe9d2855', '0b35b179-6c42-4606-9f5c-c94824184cdb', '3b15d614-ce7b-4f90-9bb4-a8edb1a15eaa', '2026-01-16T12:38:17.600438', '2026-01-16T12:38:17.600438');
INSERT INTO tickets (id, projection_id, hall_seat_id, booking_id, created_at, updated_at) VALUES ('6e1e5715-f69c-4234-a038-c8b84b18d8ee', 'e0991060-2187-4ba4-a7a1-122befc09072', '4d2cdd67-5c1d-4d2d-a07d-b94f54553a7a', '983c88fb-aa71-41c5-9390-ec0e31741d0e', '2026-01-16T12:38:17.600535', '2026-01-16T12:38:17.600535');
INSERT INTO tickets (id, projection_id, hall_seat_id, booking_id, created_at, updated_at) VALUES ('faf81990-e493-4f40-8dc2-1ee942127529', 'e0991060-2187-4ba4-a7a1-122befc09072', 'd24faf96-73ce-4329-9a29-ab31b60f8764', '983c88fb-aa71-41c5-9390-ec0e31741d0e', '2026-01-16T12:38:17.600552', '2026-01-16T12:38:17.600552');
INSERT INTO tickets (id, projection_id, hall_seat_id, booking_id, created_at, updated_at) VALUES ('147784bc-ea25-4e16-8a7b-965c09aa77fe', 'e0991060-2187-4ba4-a7a1-122befc09072', 'e03a41c7-8350-455c-acb0-a65f951caa7e', '983c88fb-aa71-41c5-9390-ec0e31741d0e', '2026-01-16T12:38:17.600569', '2026-01-16T12:38:17.600569');
INSERT INTO tickets (id, projection_id, hall_seat_id, booking_id, created_at, updated_at) VALUES ('a222ec40-a74c-4957-a133-44ef781ff26a', 'e0991060-2187-4ba4-a7a1-122befc09072', '93ccd760-2407-4a15-804f-969f0a6caf4c', '983c88fb-aa71-41c5-9390-ec0e31741d0e', '2026-01-16T12:38:17.600583', '2026-01-16T12:38:17.600583');
INSERT INTO tickets (id, projection_id, hall_seat_id, booking_id, created_at, updated_at) VALUES ('5ea6d077-d2ed-449f-a4c5-14a372fdce73', '57cbfe84-0c20-4eb0-9c91-dedf998918b1', 'c5d4a415-2338-469d-b889-dee58f4976c5', 'f2fd5b2e-94b4-4881-b743-05c9f66d44fd', '2026-01-16T12:38:17.600671', '2026-01-16T12:38:17.600671');
INSERT INTO tickets (id, projection_id, hall_seat_id, booking_id, created_at, updated_at) VALUES ('47cb5fa3-3018-4514-b79c-362cca73894c', '57cbfe84-0c20-4eb0-9c91-dedf998918b1', '4f741082-d172-449a-b480-571cdabfdc69', 'f2fd5b2e-94b4-4881-b743-05c9f66d44fd', '2026-01-16T12:38:17.600685', '2026-01-16T12:38:17.600685');
INSERT INTO tickets (id, projection_id, hall_seat_id, booking_id, created_at, updated_at) VALUES ('0ed61bfe-4d84-48c4-84a1-539f6838478c', '57cbfe84-0c20-4eb0-9c91-dedf998918b1', 'e6038bf1-933d-44a6-8118-6d5d3fdcfc99', 'f2fd5b2e-94b4-4881-b743-05c9f66d44fd', '2026-01-16T12:38:17.600699', '2026-01-16T12:38:17.600699');
INSERT INTO tickets (id, projection_id, hall_seat_id, booking_id, created_at, updated_at) VALUES ('8034b97e-4718-4378-98ed-54a22de40add', '3fbe9a27-a492-45a8-b722-a5a3a3e2780c', '968afc40-c548-4e15-a193-c5effa08a844', 'd6dfb827-6e2d-4034-97df-9cb04f72a7a3', '2026-01-16T12:38:17.600820', '2026-01-16T12:38:17.600820');
INSERT INTO tickets (id, projection_id, hall_seat_id, booking_id, created_at, updated_at) VALUES ('0b22894a-91b7-416e-bbde-db5871ee2626', '193cefa5-32b8-4602-9b56-f69ea3ff7623', 'a73ed914-a095-491b-b4a8-9d6f7aac7160', '538dda05-82d7-46a5-a1d2-79c881cdf1d8', '2026-01-16T12:38:17.600950', '2026-01-16T12:38:17.600950');
INSERT INTO tickets (id, projection_id, hall_seat_id, booking_id, created_at, updated_at) VALUES ('b0faa566-005c-49cb-b551-c6ba47bde583', '193cefa5-32b8-4602-9b56-f69ea3ff7623', '3cbd5743-1247-4c54-a4bf-e197b2e4ed37', '538dda05-82d7-46a5-a1d2-79c881cdf1d8', '2026-01-16T12:38:17.600967', '2026-01-16T12:38:17.600967');
INSERT INTO tickets (id, projection_id, hall_seat_id, booking_id, created_at, updated_at) VALUES ('951f4dc1-7626-4c89-8dd6-304bc567d6c2', '90007347-e0ee-48e9-8564-6fb4aa8d875d', 'cdf18d96-f1e5-403e-adae-abc0c7f0d9a2', '7a6817b6-fb07-4661-b23b-00e428ac61b0', '2026-01-16T12:38:17.601106', '2026-01-16T12:38:17.601106');
INSERT INTO tickets (id, projection_id, hall_seat_id, booking_id, created_at, updated_at) VALUES ('45f4b5cb-6898-4e69-8444-696230ba98b9', 'c682ab59-5b62-4795-8174-33ecc7cd5832', '0993d518-ff7f-463c-981f-d94c3a8cf953', 'e44f25ac-d024-4ebc-b500-a4d758c69a17', '2026-01-16T12:38:17.601187', '2026-01-16T12:38:17.601187');
INSERT INTO tickets (id, projection_id, hall_seat_id, booking_id, created_at, updated_at) VALUES ('20a0edca-afc3-4003-b7bc-28934e91ba9b', 'c682ab59-5b62-4795-8174-33ecc7cd5832', 'd333e6fa-9ea9-4279-aa41-780a9e7df0ea', 'e44f25ac-d024-4ebc-b500-a4d758c69a17', '2026-01-16T12:38:17.601202', '2026-01-16T12:38:17.601202');
INSERT INTO tickets (id, projection_id, hall_seat_id, booking_id, created_at, updated_at) VALUES ('49bea5d5-b8b5-4624-b655-6d19c1d0648d', 'c682ab59-5b62-4795-8174-33ecc7cd5832', 'a3033469-1d62-4a6e-8f62-5e67bd31fbc6', 'e44f25ac-d024-4ebc-b500-a4d758c69a17', '2026-01-16T12:38:17.601220', '2026-01-16T12:38:17.601220');
INSERT INTO tickets (id, projection_id, hall_seat_id, booking_id, created_at, updated_at) VALUES ('77f7bb9e-917d-4975-8840-20fe4bcc3016', '0d26190a-d46d-4c8a-8441-8362c4b24ba0', 'c5346324-f603-4865-a826-2df5e5c26b57', '3ece2c2d-dacd-4905-93ce-e2dfd861b6a8', '2026-01-16T12:38:17.601349', '2026-01-16T12:38:17.601349');
INSERT INTO tickets (id, projection_id, hall_seat_id, booking_id, created_at, updated_at) VALUES ('d32b2230-0520-44b6-8882-22ed5ac187a9', '0d26190a-d46d-4c8a-8441-8362c4b24ba0', '8530ef43-48e9-4dbb-8940-2cca8fffdc1e', '3ece2c2d-dacd-4905-93ce-e2dfd861b6a8', '2026-01-16T12:38:17.601364', '2026-01-16T12:38:17.601364');
INSERT INTO tickets (id, projection_id, hall_seat_id, booking_id, created_at, updated_at) VALUES ('113dd0c7-bbe4-4602-9100-fa160175f345', '0d26190a-d46d-4c8a-8441-8362c4b24ba0', '3efe68d1-14e3-4454-ba08-61f20e84b895', '3ece2c2d-dacd-4905-93ce-e2dfd861b6a8', '2026-01-16T12:38:17.601377', '2026-01-16T12:38:17.601377');
INSERT INTO tickets (id, projection_id, hall_seat_id, booking_id, created_at, updated_at) VALUES ('67a4e32a-d02b-48d8-9d1d-4621f60277f3', '0d26190a-d46d-4c8a-8441-8362c4b24ba0', '757914e1-562b-448c-a461-46cb03a36041', '3ece2c2d-dacd-4905-93ce-e2dfd861b6a8', '2026-01-16T12:38:17.601393', '2026-01-16T12:38:17.601393');