INSERT INTO countries (id, iso_2_code, name, created_at, updated_at) VALUES ('b4524a5c-1ef7-40a0-a064-2a1b3256d13c', 'BA', 'Bosnia and Herzegovina', '2025-12-03T04:49:12.864406', '2025-12-03T04:49:12.864406');
INSERT INTO cities (id, name, timezone, country_id, created_at, updated_at) VALUES ('43759521-1c3b-4d79-8f4c-e1e819b11409', 'Sarajevo', 'Europe/Sarajevo', 'b4524a5c-1ef7-40a0-a064-2a1b3256d13c', '2025-12-03T04:49:12.866395', '2025-12-03T04:49:12.866395');
INSERT INTO cities (id, name, timezone, country_id, created_at, updated_at) VALUES ('ebc3dc0d-1397-4bd7-9465-9331d5e0902d', 'Banja Luka', 'Europe/Sarajevo', 'b4524a5c-1ef7-40a0-a064-2a1b3256d13c', '2025-12-03T04:49:12.866461', '2025-12-03T04:49:12.866461');
INSERT INTO cities (id, name, timezone, country_id, created_at, updated_at) VALUES ('2f208d4b-da14-46d8-af7e-bc416d997518', 'Mostar', 'Europe/Sarajevo', 'b4524a5c-1ef7-40a0-a064-2a1b3256d13c', '2025-12-03T04:49:12.866505', '2025-12-03T04:49:12.866505');
INSERT INTO cities (id, name, timezone, country_id, created_at, updated_at) VALUES ('baf588c0-05e9-45fe-bc1b-348a207b7aae', 'Tuzla', 'Europe/Sarajevo', 'b4524a5c-1ef7-40a0-a064-2a1b3256d13c', '2025-12-03T04:49:12.866543', '2025-12-03T04:49:12.866543');
INSERT INTO cities (id, name, timezone, country_id, created_at, updated_at) VALUES ('532e32c6-9763-405a-badf-20668fe6bfb6', 'Zenica', 'Europe/Sarajevo', 'b4524a5c-1ef7-40a0-a064-2a1b3256d13c', '2025-12-03T04:49:12.866580', '2025-12-03T04:49:12.866580');
INSERT INTO users (id, first_name, last_name, email, password, phone, profile_image_url, city_id, created_at, updated_at) VALUES ('0d6cd253-9a89-49b1-a181-2427868e19d2', 'Admin', 'User', 'admin@cinema.ba', '$2b$12$6iO4GrtRVQHUtEc6EgCE2eYsf2ElmSBgyBeYU4BRKrO0j3e6GKO.a', '+38733123456', '', '43759521-1c3b-4d79-8f4c-e1e819b11409' , '2025-12-03T04:49:13.276048', '2025-12-03T04:49:13.276048');
INSERT INTO users (id, first_name, last_name, email, password, phone, profile_image_url, city_id, created_at, updated_at) VALUES ('509fbfb2-7e29-4f4b-b5ce-8d3254c7514f', 'John', 'Doe', 'john@cinema.ba', '$2b$12$URyEgIXZTZzeV0DhmKDkb.lazSPoj4hlPX88mnM50xex3oyOT0836', '+38751234567', '', 'ebc3dc0d-1397-4bd7-9465-9331d5e0902d' , '2025-12-03T04:49:13.779339', '2025-12-03T04:49:13.779339');
INSERT INTO roles (id, name, created_at, updated_at) VALUES ('8f172490-ce48-4e94-8287-a298cfb5de05', 'ADMIN', '2025-12-03T04:49:13.790369', '2025-12-03T04:49:13.790369');
INSERT INTO roles (id, name, created_at, updated_at) VALUES ('8e0a39a5-5ac1-43d7-9f94-a0c4bce4b264', 'USER', '2025-12-03T04:49:13.790453', '2025-12-03T04:49:13.790453');
INSERT INTO venues (id, name, street, street_number, phone, image_url, city_id, created_at, updated_at) VALUES ('2a41fe7e-0de9-4499-a853-3c812dd1e883', 'Cineplexx Sarajevo', '406 Cinema Boulevard', '181', '+38733470537', 'https://raport.ba/uploads//gen/2021/06/_800xAUTO_crop_center-center_none/cineplexx-scaled.jpg', '43759521-1c3b-4d79-8f4c-e1e819b11409', '2025-12-03T04:49:13.791671', '2025-12-03T04:49:13.791671');
INSERT INTO venues (id, name, street, street_number, phone, image_url, city_id, created_at, updated_at) VALUES ('2ca14167-d379-4c94-b679-7fdc70192ba1', 'Meeting Point Cinema', '119 Cinema Boulevard', '107', '+38733506607', 'https://media.sarajevski.ba/2013/11/meeting_point_kino_1.jpg', '43759521-1c3b-4d79-8f4c-e1e819b11409', '2025-12-03T04:49:13.791741', '2025-12-03T04:49:13.791741');
INSERT INTO venues (id, name, street, street_number, phone, image_url, city_id, created_at, updated_at) VALUES ('51330301-a7b4-4b0f-af99-52a195ac6b82', 'Bosmal City Center', '274 Cinema Boulevard', '182', '+38733589523', 'https://upload.wikimedia.org/wikipedia/en/e/ea/Bosmal_City_Center_Sarajevo.jpg', '43759521-1c3b-4d79-8f4c-e1e819b11409', '2025-12-03T04:49:13.791790', '2025-12-03T04:49:13.791790');
INSERT INTO venues (id, name, street, street_number, phone, image_url, city_id, created_at, updated_at) VALUES ('4057e4b7-b052-4d6e-9d15-9673a7e4167f', 'Cinestar Sarajevo', '960 Cinema Boulevard', '137', '+38733719884', 'https://media.jutarnji.hr/images/slike/2020/11/03/f_9240693_1280.jpg', '43759521-1c3b-4d79-8f4c-e1e819b11409', '2025-12-03T04:49:13.791833', '2025-12-03T04:49:13.791833');
INSERT INTO venues (id, name, street, street_number, phone, image_url, city_id, created_at, updated_at) VALUES ('53e9bc51-aa97-444c-862e-46b3003b87f3', 'Kinoteka', '484 Cinema Boulevard', '95', '+38733591308', 'https://sarajevo.travel/assets/photos/places/big/154-kinoteka-03-1397237673.jpg', '43759521-1c3b-4d79-8f4c-e1e819b11409', '2025-12-03T04:49:13.791875', '2025-12-03T04:49:13.791875');
INSERT INTO venues (id, name, street, street_number, phone, image_url, city_id, created_at, updated_at) VALUES ('70d74e1e-3af3-4755-9489-11c61317565d', 'Cineplexx Banja Luka', '613 Cinema Boulevard', '19', '+38733180760', 'https://banjaluka.net/wp-content/uploads/2018/09/palas.jpg', 'ebc3dc0d-1397-4bd7-9465-9331d5e0902d', '2025-12-03T04:49:13.791921', '2025-12-03T04:49:13.791921');
INSERT INTO venues (id, name, street, street_number, phone, image_url, city_id, created_at, updated_at) VALUES ('55d73994-362e-4288-a1e3-9418d3379755', 'Cinestar Banja Luka', '614 Cinema Boulevard', '156', '+38733761314', 'https://banjalukacity.info/storage/entity-photos/0SAnzUAyHV7L2WCVhWsm6l2pE2F4494SiS2X8CaO.webp', 'ebc3dc0d-1397-4bd7-9465-9331d5e0902d', '2025-12-03T04:49:13.791966', '2025-12-03T04:49:13.791966');
INSERT INTO venues (id, name, street, street_number, phone, image_url, city_id, created_at, updated_at) VALUES ('a497df8f-b165-488d-9420-aa9679dbc38e', 'Cineplexx Mostar', '998 Cinema Boulevard', '36', '+38733134473', 'https://static.klix.ba/media/images/vijesti/b_200902027.jpg?v=2', '2f208d4b-da14-46d8-af7e-bc416d997518', '2025-12-03T04:49:13.792012', '2025-12-03T04:49:13.792012');
INSERT INTO venues (id, name, street, street_number, phone, image_url, city_id, created_at, updated_at) VALUES ('416af6a3-2c1f-477a-ba74-9cc7aef119e4', 'Cinestar Mostar', '819 Cinema Boulevard', '56', '+38733957676', 'https://cinestarcinemas.hr/remote/185.155.226.145/Ostalo%2Fmostargalerija/resize2%20(3).jfif?width=750', '2f208d4b-da14-46d8-af7e-bc416d997518', '2025-12-03T04:49:13.792219', '2025-12-03T04:49:13.792219');
INSERT INTO venues (id, name, street, street_number, phone, image_url, city_id, created_at, updated_at) VALUES ('4038c4ac-b64d-4ee4-84d3-de2f1293a8b3', 'Cinestar Tuzla', '779 Cinema Boulevard', '50', '+38733265747', 'https://www.vox-communications.com/wp-content/uploads/2022/07/resize2-1-2.jpg', 'baf588c0-05e9-45fe-bc1b-348a207b7aae', '2025-12-03T04:49:13.792283', '2025-12-03T04:49:13.792283');
INSERT INTO venues (id, name, street, street_number, phone, image_url, city_id, created_at, updated_at) VALUES ('41402614-ae67-469e-a390-896c2b623735', 'Cinestar Zenica', '357 Cinema Boulevard', '98', '+38733828088', 'https://www.hercegovina.info/img/repository/2018/01/image_640x396/1_61840717.jpg', '532e32c6-9763-405a-badf-20668fe6bfb6', '2025-12-03T04:49:13.792322', '2025-12-03T04:49:13.792322');
INSERT INTO cinema_halls (id, name, venue_id, created_at, updated_at) VALUES ('73bc759c-0af5-48b5-9d76-e26ecc179018', 'Hall 1', '2a41fe7e-0de9-4499-a853-3c812dd1e883', '2025-12-03T04:49:13.792504', '2025-12-03T04:49:13.792504');
INSERT INTO cinema_halls (id, name, venue_id, created_at, updated_at) VALUES ('b5e4e43e-89e5-40a6-827f-e9a6c93a6d01', 'Hall 2', '2a41fe7e-0de9-4499-a853-3c812dd1e883', '2025-12-03T04:49:13.792767', '2025-12-03T04:49:13.792767');
INSERT INTO cinema_halls (id, name, venue_id, created_at, updated_at) VALUES ('4106e3e9-3832-4b8b-9861-d106e07ef913', 'Hall 3', '2a41fe7e-0de9-4499-a853-3c812dd1e883', '2025-12-03T04:49:13.792799', '2025-12-03T04:49:13.792799');
INSERT INTO cinema_halls (id, name, venue_id, created_at, updated_at) VALUES ('69838be8-afbb-48b1-a1a8-7e2e374b01b5', 'Hall 1', '2ca14167-d379-4c94-b679-7fdc70192ba1', '2025-12-03T04:49:13.792832', '2025-12-03T04:49:13.792832');
INSERT INTO cinema_halls (id, name, venue_id, created_at, updated_at) VALUES ('8f284e20-ba1e-484c-a011-98db1acee7db', 'Hall 2', '2ca14167-d379-4c94-b679-7fdc70192ba1', '2025-12-03T04:49:13.792861', '2025-12-03T04:49:13.792861');
INSERT INTO cinema_halls (id, name, venue_id, created_at, updated_at) VALUES ('2b9fa946-6da8-4721-b194-d71a5637de5e', 'Hall 3', '2ca14167-d379-4c94-b679-7fdc70192ba1', '2025-12-03T04:49:13.792890', '2025-12-03T04:49:13.792890');
INSERT INTO cinema_halls (id, name, venue_id, created_at, updated_at) VALUES ('5c8d7f47-cdbf-4519-b041-ce7b0fae2181', 'Hall 4', '2ca14167-d379-4c94-b679-7fdc70192ba1', '2025-12-03T04:49:13.792917', '2025-12-03T04:49:13.792917');
INSERT INTO cinema_halls (id, name, venue_id, created_at, updated_at) VALUES ('59c7d645-a77b-4f30-835f-ccceb08fee74', 'Hall 1', '51330301-a7b4-4b0f-af99-52a195ac6b82', '2025-12-03T04:49:13.792947', '2025-12-03T04:49:13.792947');
INSERT INTO cinema_halls (id, name, venue_id, created_at, updated_at) VALUES ('a0ad9682-ff17-4c82-9607-b39f38263997', 'Hall 2', '51330301-a7b4-4b0f-af99-52a195ac6b82', '2025-12-03T04:49:13.793072', '2025-12-03T04:49:13.793072');
INSERT INTO cinema_halls (id, name, venue_id, created_at, updated_at) VALUES ('dbf5aae0-e81d-4f4b-88c1-f355c9978e50', 'Hall 1', '4057e4b7-b052-4d6e-9d15-9673a7e4167f', '2025-12-03T04:49:13.793108', '2025-12-03T04:49:13.793108');
INSERT INTO cinema_halls (id, name, venue_id, created_at, updated_at) VALUES ('d3a92a18-1639-445d-b39e-0db80203b9e2', 'Hall 2', '4057e4b7-b052-4d6e-9d15-9673a7e4167f', '2025-12-03T04:49:13.793134', '2025-12-03T04:49:13.793134');
INSERT INTO cinema_halls (id, name, venue_id, created_at, updated_at) VALUES ('7017f84b-b88f-438a-8740-532998a9776e', 'Hall 3', '4057e4b7-b052-4d6e-9d15-9673a7e4167f', '2025-12-03T04:49:13.793160', '2025-12-03T04:49:13.793160');
INSERT INTO cinema_halls (id, name, venue_id, created_at, updated_at) VALUES ('d73d0d67-be21-46b7-b76b-8d0b79aa20dd', 'Hall 4', '4057e4b7-b052-4d6e-9d15-9673a7e4167f', '2025-12-03T04:49:13.793185', '2025-12-03T04:49:13.793185');
INSERT INTO cinema_halls (id, name, venue_id, created_at, updated_at) VALUES ('f0e8217b-bbaa-40d5-9aad-525f7ff78fea', 'Hall 1', '53e9bc51-aa97-444c-862e-46b3003b87f3', '2025-12-03T04:49:13.793211', '2025-12-03T04:49:13.793211');
INSERT INTO cinema_halls (id, name, venue_id, created_at, updated_at) VALUES ('d8314e56-6a9e-45d6-afbd-11b1ff5cc707', 'Hall 2', '53e9bc51-aa97-444c-862e-46b3003b87f3', '2025-12-03T04:49:13.793235', '2025-12-03T04:49:13.793235');
INSERT INTO cinema_halls (id, name, venue_id, created_at, updated_at) VALUES ('26eccb22-f786-4866-925a-3571f437f887', 'Hall 1', '70d74e1e-3af3-4755-9489-11c61317565d', '2025-12-03T04:49:13.793266', '2025-12-03T04:49:13.793266');
INSERT INTO cinema_halls (id, name, venue_id, created_at, updated_at) VALUES ('4be1241d-9e96-4024-a94a-8146a1b1e186', 'Hall 2', '70d74e1e-3af3-4755-9489-11c61317565d', '2025-12-03T04:49:13.793291', '2025-12-03T04:49:13.793291');
INSERT INTO cinema_halls (id, name, venue_id, created_at, updated_at) VALUES ('d3077cf2-2082-4360-b38f-ed1697f2a8d8', 'Hall 3', '70d74e1e-3af3-4755-9489-11c61317565d', '2025-12-03T04:49:13.793318', '2025-12-03T04:49:13.793318');
INSERT INTO cinema_halls (id, name, venue_id, created_at, updated_at) VALUES ('fefbeed0-f44e-4b6b-98bb-a7a97cc3d06e', 'Hall 1', '55d73994-362e-4288-a1e3-9418d3379755', '2025-12-03T04:49:13.793372', '2025-12-03T04:49:13.793372');
INSERT INTO cinema_halls (id, name, venue_id, created_at, updated_at) VALUES ('5859185d-a602-42fe-aec0-9a4cdb4cf156', 'Hall 2', '55d73994-362e-4288-a1e3-9418d3379755', '2025-12-03T04:49:13.793399', '2025-12-03T04:49:13.793399');
INSERT INTO cinema_halls (id, name, venue_id, created_at, updated_at) VALUES ('1bc5ac50-39ea-4d16-a513-03a7426fc8f1', 'Hall 3', '55d73994-362e-4288-a1e3-9418d3379755', '2025-12-03T04:49:13.793424', '2025-12-03T04:49:13.793424');
INSERT INTO cinema_halls (id, name, venue_id, created_at, updated_at) VALUES ('4ece4889-d0f6-4d87-9a48-2de3f8ae361d', 'Hall 4', '55d73994-362e-4288-a1e3-9418d3379755', '2025-12-03T04:49:13.793448', '2025-12-03T04:49:13.793448');
INSERT INTO cinema_halls (id, name, venue_id, created_at, updated_at) VALUES ('852f356a-c599-4b97-bee8-0f93ca9b5f0a', 'Hall 1', 'a497df8f-b165-488d-9420-aa9679dbc38e', '2025-12-03T04:49:13.793474', '2025-12-03T04:49:13.793474');
INSERT INTO cinema_halls (id, name, venue_id, created_at, updated_at) VALUES ('f09882fa-12ec-434a-b867-abeca8332f23', 'Hall 2', 'a497df8f-b165-488d-9420-aa9679dbc38e', '2025-12-03T04:49:13.793503', '2025-12-03T04:49:13.793503');
INSERT INTO cinema_halls (id, name, venue_id, created_at, updated_at) VALUES ('c37deb55-0cbf-43de-8d67-0bc6e644a54f', 'Hall 1', '416af6a3-2c1f-477a-ba74-9cc7aef119e4', '2025-12-03T04:49:13.793530', '2025-12-03T04:49:13.793530');
INSERT INTO cinema_halls (id, name, venue_id, created_at, updated_at) VALUES ('6cdfdbe1-103f-401e-91c9-5708d17e8c7f', 'Hall 2', '416af6a3-2c1f-477a-ba74-9cc7aef119e4', '2025-12-03T04:49:13.793554', '2025-12-03T04:49:13.793554');
INSERT INTO cinema_halls (id, name, venue_id, created_at, updated_at) VALUES ('dde99b3d-bd97-4c5b-ae57-89d16040945b', 'Hall 3', '416af6a3-2c1f-477a-ba74-9cc7aef119e4', '2025-12-03T04:49:13.793579', '2025-12-03T04:49:13.793579');
INSERT INTO cinema_halls (id, name, venue_id, created_at, updated_at) VALUES ('efb6b7e3-a091-4998-a41f-57ef6a4a30bc', 'Hall 4', '416af6a3-2c1f-477a-ba74-9cc7aef119e4', '2025-12-03T04:49:13.793603', '2025-12-03T04:49:13.793603');
INSERT INTO cinema_halls (id, name, venue_id, created_at, updated_at) VALUES ('685ad785-6ee0-494a-b94a-18c303602355', 'Hall 1', '4038c4ac-b64d-4ee4-84d3-de2f1293a8b3', '2025-12-03T04:49:13.793629', '2025-12-03T04:49:13.793629');
INSERT INTO cinema_halls (id, name, venue_id, created_at, updated_at) VALUES ('9650ae5e-fa19-4108-95f6-a4ada4baa9ec', 'Hall 2', '4038c4ac-b64d-4ee4-84d3-de2f1293a8b3', '2025-12-03T04:49:13.793653', '2025-12-03T04:49:13.793653');
INSERT INTO cinema_halls (id, name, venue_id, created_at, updated_at) VALUES ('979f568e-d632-4576-9484-7f0ac798ba20', 'Hall 3', '4038c4ac-b64d-4ee4-84d3-de2f1293a8b3', '2025-12-03T04:49:13.793677', '2025-12-03T04:49:13.793677');
INSERT INTO cinema_halls (id, name, venue_id, created_at, updated_at) VALUES ('1b352ca0-3901-484b-80f2-87da8af67151', 'Hall 1', '41402614-ae67-469e-a390-896c2b623735', '2025-12-03T04:49:13.793706', '2025-12-03T04:49:13.793706');
INSERT INTO cinema_halls (id, name, venue_id, created_at, updated_at) VALUES ('b10085e8-fbdb-4a0a-82ac-432e07c9c0f1', 'Hall 2', '41402614-ae67-469e-a390-896c2b623735', '2025-12-03T04:49:13.793734', '2025-12-03T04:49:13.793734');
INSERT INTO cinema_halls (id, name, venue_id, created_at, updated_at) VALUES ('e1909a58-0717-4701-b626-cc81fb949cef', 'Hall 3', '41402614-ae67-469e-a390-896c2b623735', '2025-12-03T04:49:13.793758', '2025-12-03T04:49:13.793758');
INSERT INTO genres (id, name, created_at, updated_at) VALUES ('5c2cc85e-59e9-4d2a-8c2d-11495c88b2c2', 'Action', '2025-12-03T04:49:13.793943', '2025-12-03T04:49:13.793943');
INSERT INTO genres (id, name, created_at, updated_at) VALUES ('65849d77-2ec1-48dc-859d-2b0729de1f0e', 'Adventure', '2025-12-03T04:49:13.793980', '2025-12-03T04:49:13.793980');
INSERT INTO genres (id, name, created_at, updated_at) VALUES ('0306e81f-e0ae-4ab2-906b-14bcd6301e24', 'Animation', '2025-12-03T04:49:13.794015', '2025-12-03T04:49:13.794015');
INSERT INTO genres (id, name, created_at, updated_at) VALUES ('38614f3b-5d7b-4394-b5a1-1a9bf141e83c', 'Biography', '2025-12-03T04:49:13.794054', '2025-12-03T04:49:13.794054');
INSERT INTO genres (id, name, created_at, updated_at) VALUES ('58e450e0-3002-4cf1-ad3b-af272c3c1e3e', 'Comedy', '2025-12-03T04:49:13.794083', '2025-12-03T04:49:13.794083');
INSERT INTO genres (id, name, created_at, updated_at) VALUES ('7a78e7c9-0352-43b6-b23b-106c0ce4e471', 'Crime', '2025-12-03T04:49:13.794110', '2025-12-03T04:49:13.794110');
INSERT INTO genres (id, name, created_at, updated_at) VALUES ('f6b3dd73-0efc-4302-bc68-55de01ad22b0', 'Documentary', '2025-12-03T04:49:13.794136', '2025-12-03T04:49:13.794136');
INSERT INTO genres (id, name, created_at, updated_at) VALUES ('65ee8386-7cc3-4aa3-ab0d-eb6fe16889b0', 'Drama', '2025-12-03T04:49:13.794162', '2025-12-03T04:49:13.794162');
INSERT INTO genres (id, name, created_at, updated_at) VALUES ('4234641a-6127-45bd-949c-d32b6e2905da', 'Family', '2025-12-03T04:49:13.794188', '2025-12-03T04:49:13.794188');
INSERT INTO genres (id, name, created_at, updated_at) VALUES ('60750a0a-617c-4168-83af-10cbc8c616b4', 'Fantasy', '2025-12-03T04:49:13.794215', '2025-12-03T04:49:13.794215');
INSERT INTO genres (id, name, created_at, updated_at) VALUES ('4c51a0f0-13ce-4993-a2b8-af62aa108a55', 'Film Noir', '2025-12-03T04:49:13.794247', '2025-12-03T04:49:13.794247');
INSERT INTO genres (id, name, created_at, updated_at) VALUES ('572b927c-d623-4377-a116-dedfdff96073', 'History', '2025-12-03T04:49:13.794274', '2025-12-03T04:49:13.794274');
INSERT INTO genres (id, name, created_at, updated_at) VALUES ('c87678f4-c4dc-4c7d-888f-bb9489826453', 'Horror', '2025-12-03T04:49:13.794300', '2025-12-03T04:49:13.794300');
INSERT INTO genres (id, name, created_at, updated_at) VALUES ('8f03e081-9a1c-4f6a-8f89-21c605b48ed8', 'Music', '2025-12-03T04:49:13.794326', '2025-12-03T04:49:13.794326');
INSERT INTO genres (id, name, created_at, updated_at) VALUES ('4ac4717c-a10c-44bc-b191-bb0381e298a0', 'Musical', '2025-12-03T04:49:13.794392', '2025-12-03T04:49:13.794392');
INSERT INTO genres (id, name, created_at, updated_at) VALUES ('b8778d84-9d61-46dc-bb57-8962c5d280e3', 'Mystery', '2025-12-03T04:49:13.794418', '2025-12-03T04:49:13.794418');
INSERT INTO genres (id, name, created_at, updated_at) VALUES ('c2cc3ccb-a443-4467-89c9-fe49e9aaaedc', 'Romance', '2025-12-03T04:49:13.794444', '2025-12-03T04:49:13.794444');
INSERT INTO genres (id, name, created_at, updated_at) VALUES ('9ed0f53c-a4b7-4d5c-afc8-26191fcf16b9', 'Science Fiction', '2025-12-03T04:49:13.794470', '2025-12-03T04:49:13.794470');
INSERT INTO genres (id, name, created_at, updated_at) VALUES ('d272770b-2150-47bf-bb0b-11b22288b9a0', 'Sport', '2025-12-03T04:49:13.794501', '2025-12-03T04:49:13.794501');
INSERT INTO genres (id, name, created_at, updated_at) VALUES ('f65cb4f5-9f51-47b5-92c3-44033281da2c', 'Thriller', '2025-12-03T04:49:13.794528', '2025-12-03T04:49:13.794528');
INSERT INTO genres (id, name, created_at, updated_at) VALUES ('a5b4b2c6-93f4-486b-a907-7b6b4fcfcc0a', 'War', '2025-12-03T04:49:13.794582', '2025-12-03T04:49:13.794582');
INSERT INTO genres (id, name, created_at, updated_at) VALUES ('128fe27c-c2db-4cb6-9ae9-b479f6ae4842', 'Western', '2025-12-03T04:49:13.794617', '2025-12-03T04:49:13.794617');
INSERT INTO movies (id, title, language, projection_start_date, projection_end_date, director_full_name, synopsis, pg_rating, duration_in_minutes, trailer_url, created_at, updated_at) VALUES ('2f82ac84-216c-45f2-a3a9-6cde0b46cf7f', 'Avatar', 'EN', '2025-12-03', '2026-01-27', 'Unknown', 'In the 22nd century, a paraplegic Marine is dispatched to the moon Pandora on a unique mission, but becomes torn between following orders and protecting an alien civilization.', 'PG-13', '162', 'https://youtube.com/watch?v=402ac4192fb', '2025-12-03T04:49:15.407618', '2025-12-03T04:49:15.407618');
INSERT INTO movie_images (id, movie_id, url, type, created_at, updated_at) VALUES ('6e4e8bfd-ecd8-4447-aefc-9366440d1870', '2f82ac84-216c-45f2-a3a9-6cde0b46cf7f', 'https://image.tmdb.org/t/p/original/gKY6q7SjCkAU6FqvqWybDYgUKIF.jpg', 'poster', '2025-12-03T04:49:15.407618', '2025-12-03T04:49:15.407618');
INSERT INTO movie_images (id, movie_id, url, type, created_at, updated_at) VALUES ('250e68b8-f6d4-4106-9b16-a915657b963e', '2f82ac84-216c-45f2-a3a9-6cde0b46cf7f', 'https://image.tmdb.org/t/p/original/7JNzw1tSZZEgsBw6lu0VfO2X2Ef.jpg', 'backdrop', '2025-12-03T04:49:15.407618', '2025-12-03T04:49:15.407618');
INSERT INTO movies (id, title, language, projection_start_date, projection_end_date, director_full_name, synopsis, pg_rating, duration_in_minutes, trailer_url, created_at, updated_at) VALUES ('7a88037b-65ad-41aa-9eeb-5c3eda035b34', 'Abyss', 'FR', '2025-12-03', '2026-02-18', 'Unknown', '11 years ago, inspector Malik couldnt solve a kidnapping case and a little girl died. Now with only a few days before the crime gets classified, he decides to reopen the case. Malik owes it to the mother and to himself. As he digs into the past, a child is kidnapped again. The pattern is the same one as a decade ago, its no coincidence. Malik knows he has a few days to make things right and to bring justice.', 'PG-13', '95', 'https://youtube.com/watch?v=237ae96cecd', '2025-12-03T04:49:16.741634', '2025-12-03T04:49:16.741634');
INSERT INTO movie_images (id, movie_id, url, type, created_at, updated_at) VALUES ('1eff7daf-61e9-4e4a-9124-a36292ca6f93', '7a88037b-65ad-41aa-9eeb-5c3eda035b34', 'https://image.tmdb.org/t/p/original/foyiQu23zq4WhmffnQkFiNAvqcJ.jpg', 'poster', '2025-12-03T04:49:16.741634', '2025-12-03T04:49:16.741634');
INSERT INTO movie_images (id, movie_id, url, type, created_at, updated_at) VALUES ('6cc560e1-7e28-41c6-b1e3-e49a4ac2ecbf', '7a88037b-65ad-41aa-9eeb-5c3eda035b34', 'https://image.tmdb.org/t/p/original/tLf5hjuO4gx62lVojPiHsIzCroh.jpg', 'backdrop', '2025-12-03T04:49:16.741634', '2025-12-03T04:49:16.741634');
INSERT INTO movies (id, title, language, projection_start_date, projection_end_date, director_full_name, synopsis, pg_rating, duration_in_minutes, trailer_url, created_at, updated_at) VALUES ('9b5e6739-cc78-4b18-9e84-667ff60c4921', 'Black Phone 2', 'EN', '2025-12-03', '2026-01-02', 'Unknown', 'Four years after escaping The Grabber, Finney Blake is struggling with his life after captivity. When his sister Gwen begins receiving calls in her dreams from the black phone and seeing disturbing visions of three boys being stalked at a winter camp, the siblings become determined to solve the mystery and confront a killer who has grown more powerful in death and more significant to them than either could imagine.', 'PG-13', '114', 'https://youtube.com/watch?v=6f56660e2ab', '2025-12-03T04:49:18.091837', '2025-12-03T04:49:18.091837');
INSERT INTO movie_images (id, movie_id, url, type, created_at, updated_at) VALUES ('e0d2d947-3101-4343-b614-9e518ee9f9c2', '9b5e6739-cc78-4b18-9e84-667ff60c4921', 'https://image.tmdb.org/t/p/original/gFddBLQ8wj9M9O82iPzgX5KVNHz.jpg', 'poster', '2025-12-03T04:49:18.091837', '2025-12-03T04:49:18.091837');
INSERT INTO movie_images (id, movie_id, url, type, created_at, updated_at) VALUES ('5c1d33f9-1cc0-422f-8c19-8335122f2424', '9b5e6739-cc78-4b18-9e84-667ff60c4921', 'https://image.tmdb.org/t/p/original/6zKjoOOb3OZnZuiHtQZn4Kd69Gq.jpg', 'backdrop', '2025-12-03T04:49:18.091837', '2025-12-03T04:49:18.091837');
INSERT INTO movies (id, title, language, projection_start_date, projection_end_date, director_full_name, synopsis, pg_rating, duration_in_minutes, trailer_url, created_at, updated_at) VALUES ('1eef9424-38df-45ab-9cf1-094281b316c7', 'Afterburn', 'EN', '2025-12-03', '2026-02-06', 'Unknown', 'Set against the backdrop of a postapocalyptic Earth whose Eastern Hemisphere was destroyed by a massive solar flare, leaving what life remains mutated from radiation and fallout. The story revolves around a group of treasure hunters who extract such objects as the Mona Lisa, the Rosetta Stone and the Crown Jewels while facing rival hunters, mutants and pirates.', 'PG-13', '105', 'https://youtube.com/watch?v=cf22f8988ac', '2025-12-03T04:49:19.396310', '2025-12-03T04:49:19.396310');
INSERT INTO movie_images (id, movie_id, url, type, created_at, updated_at) VALUES ('3d6e1a7e-266f-426f-a64e-640f0e3c7cf0', '1eef9424-38df-45ab-9cf1-094281b316c7', 'https://image.tmdb.org/t/p/original/hrze9JXp2QJpc2WjLfSUtRxyYSb.jpg', 'poster', '2025-12-03T04:49:19.396310', '2025-12-03T04:49:19.396310');
INSERT INTO movie_images (id, movie_id, url, type, created_at, updated_at) VALUES ('e3740e7c-aabe-45ca-a014-2ec14c3b59c4', '1eef9424-38df-45ab-9cf1-094281b316c7', 'https://image.tmdb.org/t/p/original/kHOfxq7cMTXyLbj0UmdoGhT540O.jpg', 'backdrop', '2025-12-03T04:49:19.396310', '2025-12-03T04:49:19.396310');
INSERT INTO movies (id, title, language, projection_start_date, projection_end_date, director_full_name, synopsis, pg_rating, duration_in_minutes, trailer_url, created_at, updated_at) VALUES ('bedb239c-fc58-4580-a6db-957ba1c9ab2d', 'Chainsaw Man - The Movie: Reze Arc', 'JA', '2025-12-03', '2026-02-03', 'Unknown', 'In a brutal war between devils, hunters, and secret enemies, a mysterious girl named Reze has stepped into Denji''s world, and he faces his deadliest battle yet, fueled by love in a world where survival knows no rules.', 'PG-13', '100', 'https://youtube.com/watch?v=0111e7291d7', '2025-12-03T04:49:20.720889', '2025-12-03T04:49:20.720889');
INSERT INTO movie_images (id, movie_id, url, type, created_at, updated_at) VALUES ('85ee8df6-ec55-43d3-891c-7bfa8a83057d', 'bedb239c-fc58-4580-a6db-957ba1c9ab2d', 'https://image.tmdb.org/t/p/original/xdzLBZjCVSEsic7m7nJc4jNJZVW.jpg', 'poster', '2025-12-03T04:49:20.720889', '2025-12-03T04:49:20.720889');
INSERT INTO movie_images (id, movie_id, url, type, created_at, updated_at) VALUES ('c537f6aa-2d97-479e-951a-e45bb5dc5de9', 'bedb239c-fc58-4580-a6db-957ba1c9ab2d', 'https://image.tmdb.org/t/p/original/gqTz24ZRsCP6AKjARmEivY7m0cK.jpg', 'backdrop', '2025-12-03T04:49:20.720889', '2025-12-03T04:49:20.720889');
INSERT INTO movies (id, title, language, projection_start_date, projection_end_date, director_full_name, synopsis, pg_rating, duration_in_minutes, trailer_url, created_at, updated_at) VALUES ('ba49a3cc-81c1-4f7b-a325-25bd8d08e27b', 'War of the Worlds', 'EN', '2025-12-03', '2026-03-01', 'Unknown', 'Will Radford is a top analyst for Homeland Security who tracks potential threats through a mass surveillance program, until one day an attack by an unknown entity leads him to question whether the government is hiding something from him... and from the rest of the world.', 'PG-13', '91', 'https://youtube.com/watch?v=99f16a999f0', '2025-12-03T04:49:22.114275', '2025-12-03T04:49:22.114275');
INSERT INTO movie_images (id, movie_id, url, type, created_at, updated_at) VALUES ('b6a10ad0-4a8d-4da1-9ac0-4d30a320929b', 'ba49a3cc-81c1-4f7b-a325-25bd8d08e27b', 'https://image.tmdb.org/t/p/original/yvirUYrva23IudARHn3mMGVxWqM.jpg', 'poster', '2025-12-03T04:49:22.114275', '2025-12-03T04:49:22.114275');
INSERT INTO movie_images (id, movie_id, url, type, created_at, updated_at) VALUES ('7899c556-9df2-4244-8758-5e300f398d00', 'ba49a3cc-81c1-4f7b-a325-25bd8d08e27b', 'https://image.tmdb.org/t/p/original/iZLqwEwUViJdSkGVjePGhxYzbDb.jpg', 'backdrop', '2025-12-03T04:49:22.114275', '2025-12-03T04:49:22.114275');
INSERT INTO movies (id, title, language, projection_start_date, projection_end_date, director_full_name, synopsis, pg_rating, duration_in_minutes, trailer_url, created_at, updated_at) VALUES ('3f16bd9e-b354-41d6-b1c8-a8bc3c4577bc', 'Now You See Me: Now You Don''t', 'EN', '2025-12-03', '2026-01-11', 'Unknown', 'The original Four Horsemen reunite with a new generation of illusionists to take on powerful diamond heiress Veronika Vanderberg, who leads a criminal empire built on money laundering and trafficking. The new and old magicians must overcome their differences to work together on their most ambitious heist yet.', 'PG-13', '112', 'https://youtube.com/watch?v=0502aab5e3f', '2025-12-03T04:49:23.989838', '2025-12-03T04:49:23.989838');
INSERT INTO movie_images (id, movie_id, url, type, created_at, updated_at) VALUES ('16e72ee4-32b2-44c5-b55b-cab210675f05', '3f16bd9e-b354-41d6-b1c8-a8bc3c4577bc', 'https://image.tmdb.org/t/p/original/oD3Eey4e4Z259XLm3eD3WGcoJAh.jpg', 'poster', '2025-12-03T04:49:23.989838', '2025-12-03T04:49:23.989838');
INSERT INTO movie_images (id, movie_id, url, type, created_at, updated_at) VALUES ('3bed0e05-4773-44d7-a5b8-402c459b2c3c', '3f16bd9e-b354-41d6-b1c8-a8bc3c4577bc', 'https://image.tmdb.org/t/p/original/ufqytAlziHq5pljKByGJ8IKhtEZ.jpg', 'backdrop', '2025-12-03T04:49:23.989838', '2025-12-03T04:49:23.989838');
INSERT INTO movies (id, title, language, projection_start_date, projection_end_date, director_full_name, synopsis, pg_rating, duration_in_minutes, trailer_url, created_at, updated_at) VALUES ('48f92d79-a101-4751-9ac0-6d6b9ec547c2', 'Frankenstein', 'EN', '2025-12-03', '2026-02-10', 'Unknown', 'Dr. Victor Frankenstein, a brilliant but egotistical scientist, brings a creature to life in a monstrous experiment that ultimately leads to the undoing of both the creator and his tragic creation.', 'PG-13', '150', 'https://youtube.com/watch?v=fef19f39e45', '2025-12-03T04:49:26.292503', '2025-12-03T04:49:26.292503');
INSERT INTO movie_images (id, movie_id, url, type, created_at, updated_at) VALUES ('da001a93-3b23-4c0f-b59d-331a31c3f2a4', '48f92d79-a101-4751-9ac0-6d6b9ec547c2', 'https://image.tmdb.org/t/p/original/g4JtvGlQO7DByTI6frUobqvSL3R.jpg', 'poster', '2025-12-03T04:49:26.292503', '2025-12-03T04:49:26.292503');
INSERT INTO movie_images (id, movie_id, url, type, created_at, updated_at) VALUES ('e76e09e1-6232-428c-bd95-308758bc0df6', '48f92d79-a101-4751-9ac0-6d6b9ec547c2', 'https://image.tmdb.org/t/p/original/hpXBJxLD2SEf8l2CspmSeiHrBKX.jpg', 'backdrop', '2025-12-03T04:49:26.292503', '2025-12-03T04:49:26.292503');
INSERT INTO movies (id, title, language, projection_start_date, projection_end_date, director_full_name, synopsis, pg_rating, duration_in_minutes, trailer_url, created_at, updated_at) VALUES ('db3b93ba-1fb5-46a8-9426-632db651a324', 'Jurassic World Rebirth', 'EN', '2025-12-03', '2026-01-15', 'Unknown', 'Five years after the events of Jurassic World Dominion, covert operations expert Zora Bennett is contracted to lead a skilled team on a top-secret mission to secure genetic material from the world''s three most massive dinosaurs. When Zora''s operation intersects with a civilian family whose boating expedition was capsized, they all find themselves stranded on an island where they come face-to-face with a sinister, shocking discovery that''s been hidden from the world for decades.', 'PG-13', '134', 'https://youtube.com/watch?v=6abed0dc939', '2025-12-03T04:49:30.111837', '2025-12-03T04:49:30.111837');
INSERT INTO movie_images (id, movie_id, url, type, created_at, updated_at) VALUES ('95e2f38f-e6f4-4c0d-9da5-e8d2fa54d7ae', 'db3b93ba-1fb5-46a8-9426-632db651a324', 'https://image.tmdb.org/t/p/original/1RICxzeoNCAO5NpcRMIgg1XT6fm.jpg', 'poster', '2025-12-03T04:49:30.111837', '2025-12-03T04:49:30.111837');
INSERT INTO movie_images (id, movie_id, url, type, created_at, updated_at) VALUES ('b3d03588-82b1-4ed0-bb35-22eaa85f1dd0', 'db3b93ba-1fb5-46a8-9426-632db651a324', 'https://image.tmdb.org/t/p/original/fQOV47FHTJdaSuSUNlzP3zXUZWE.jpg', 'backdrop', '2025-12-03T04:49:30.111837', '2025-12-03T04:49:30.111837');
INSERT INTO movies (id, title, language, projection_start_date, projection_end_date, director_full_name, synopsis, pg_rating, duration_in_minutes, trailer_url, created_at, updated_at) VALUES ('269fa136-d049-419a-bf9e-87a70ddf9524', 'One Battle After Another', 'EN', '2025-12-03', '2026-01-12', 'Unknown', 'Washed-up revolutionary Bob exists in a state of stoned paranoia, surviving off-grid with his spirited, self-reliant daughter, Willa. When his evil nemesis resurfaces after 16 years and she goes missing, the former radical scrambles to find her, father and daughter both battling the consequences of his past.', 'PG-13', '162', 'https://youtube.com/watch?v=fb998111c7b', '2025-12-03T04:49:35.205975', '2025-12-03T04:49:35.205975');
INSERT INTO movie_images (id, movie_id, url, type, created_at, updated_at) VALUES ('12984b68-c795-4378-b4e0-713239f52b98', '269fa136-d049-419a-bf9e-87a70ddf9524', 'https://image.tmdb.org/t/p/original/m1jFoahEbeQXtx4zArT2FKdbNIj.jpg', 'poster', '2025-12-03T04:49:35.205975', '2025-12-03T04:49:35.205975');
INSERT INTO movie_images (id, movie_id, url, type, created_at, updated_at) VALUES ('03689dab-c5f0-4d35-b41c-1ea7440bf194', '269fa136-d049-419a-bf9e-87a70ddf9524', 'https://image.tmdb.org/t/p/original/zpEWFNqoN8Qg1SzMMHmaGyOBTdW.jpg', 'backdrop', '2025-12-03T04:49:35.205975', '2025-12-03T04:49:35.205975');
INSERT INTO movies (id, title, language, projection_start_date, projection_end_date, director_full_name, synopsis, pg_rating, duration_in_minutes, trailer_url, created_at, updated_at) VALUES ('70c7043c-7775-4628-8254-138e63c2531e', 'Interstellar', 'EN', '2025-12-03', '2026-01-16', 'Unknown', 'The adventures of a group of explorers who make use of a newly discovered wormhole to surpass the limitations on human space travel and conquer the vast distances involved in an interstellar voyage.', 'PG-13', '169', 'https://youtube.com/watch?v=06aa51ad5d3', '2025-12-03T04:49:38.509644', '2025-12-03T04:49:38.509644');
INSERT INTO movie_images (id, movie_id, url, type, created_at, updated_at) VALUES ('244dff17-96a1-45db-946e-1137215a730d', '70c7043c-7775-4628-8254-138e63c2531e', 'https://image.tmdb.org/t/p/original/gEU2QniE6E77NI6lCU6MxlNBvIx.jpg', 'poster', '2025-12-03T04:49:38.509644', '2025-12-03T04:49:38.509644');
INSERT INTO movie_images (id, movie_id, url, type, created_at, updated_at) VALUES ('ae6b1c3c-3da9-4d8f-b5c7-34056b1f72f6', '70c7043c-7775-4628-8254-138e63c2531e', 'https://image.tmdb.org/t/p/original/5XNQBqnBwPA9yT0jZ0p3s8bbLh0.jpg', 'backdrop', '2025-12-03T04:49:38.509644', '2025-12-03T04:49:38.509644');
INSERT INTO movies (id, title, language, projection_start_date, projection_end_date, director_full_name, synopsis, pg_rating, duration_in_minutes, trailer_url, created_at, updated_at) VALUES ('a685f82f-d4e1-40ad-ab80-51d73a9fe98a', 'Harry Potter and the Prisoner of Azkaban', 'EN', '2025-12-03', '2026-02-12', 'Unknown', 'Year three at Hogwarts means new fun and challenges as Harry learns the delicate art of approaching a Hippogriff, transforming shape-shifting Boggarts into hilarity and even turning back time. But the term also brings danger: soul-sucking Dementors hover over the school, an ally of the accursed He-Who-Cannot-Be-Named lurks within the castle walls, and fearsome wizard Sirius Black escapes Azkaban. And Harry will confront them all.', 'PG-13', '141', 'https://youtube.com/watch?v=0487508a84c', '2025-12-03T04:49:40.611364', '2025-12-03T04:49:40.611364');
INSERT INTO movie_images (id, movie_id, url, type, created_at, updated_at) VALUES ('0fa3c440-dc54-4dc5-b53f-9af6207a548e', 'a685f82f-d4e1-40ad-ab80-51d73a9fe98a', 'https://image.tmdb.org/t/p/original/aWxwnYoe8p2d2fcxOqtvAtJ72Rw.jpg', 'poster', '2025-12-03T04:49:40.611364', '2025-12-03T04:49:40.611364');
INSERT INTO movie_images (id, movie_id, url, type, created_at, updated_at) VALUES ('c6eb9d5a-0fb2-469b-a6b9-3c27b7b9ff57', 'a685f82f-d4e1-40ad-ab80-51d73a9fe98a', 'https://image.tmdb.org/t/p/original/fVgBU3KJAWHS55FPdbsZQ3YQG2Z.jpg', 'backdrop', '2025-12-03T04:49:40.611364', '2025-12-03T04:49:40.611364');
INSERT INTO movies (id, title, language, projection_start_date, projection_end_date, director_full_name, synopsis, pg_rating, duration_in_minutes, trailer_url, created_at, updated_at) VALUES ('3d254cee-1e23-4e83-adab-a1761d8cb6ee', 'The Godfather', 'EN', '2025-12-03', '2026-01-17', 'Unknown', 'Spanning the years 1945 to 1955, a chronicle of the fictional Italian-American Corleone crime family. When organized crime family patriarch, Vito Corleone barely survives an attempt on his life, his youngest son, Michael steps in to take care of the would-be killers, launching a campaign of bloody revenge.', 'PG-13', '175', 'https://youtube.com/watch?v=471a8633434', '2025-12-03T04:49:43.711103', '2025-12-03T04:49:43.711103');
INSERT INTO movie_images (id, movie_id, url, type, created_at, updated_at) VALUES ('4ce6ccad-845e-4fde-a825-cecf55316c0a', '3d254cee-1e23-4e83-adab-a1761d8cb6ee', 'https://image.tmdb.org/t/p/original/3bhkrj58Vtu7enYsRolD1fZdja1.jpg', 'poster', '2025-12-03T04:49:43.711103', '2025-12-03T04:49:43.711103');
INSERT INTO movie_images (id, movie_id, url, type, created_at, updated_at) VALUES ('d6c03aa9-f3e3-40d4-a710-a66ba1f07d30', '3d254cee-1e23-4e83-adab-a1761d8cb6ee', 'https://image.tmdb.org/t/p/original/tmU7GeKVybMWFButWEGl2M4GeiP.jpg', 'backdrop', '2025-12-03T04:49:43.711103', '2025-12-03T04:49:43.711103');
INSERT INTO movies (id, title, language, projection_start_date, projection_end_date, director_full_name, synopsis, pg_rating, duration_in_minutes, trailer_url, created_at, updated_at) VALUES ('a9aef565-ba8d-4ce8-8f18-a638725521d1', 'Inception', 'EN', '2026-03-03', '2026-06-16', 'Unknown', 'Cobb, a skilled thief who commits corporate espionage by infiltrating the subconscious of his targets is offered a chance to regain his old life as payment for a task considered to be impossible: "inception", the implantation of another person''s idea into a target''s subconscious.', 'PG-13', '148', 'https://youtube.com/watch?v=d04f4c3752c', '2025-12-03T04:49:45.786620', '2025-12-03T04:49:45.786620');
INSERT INTO movie_images (id, movie_id, url, type, created_at, updated_at) VALUES ('904653d9-e64e-4060-8300-9423d56bfbbc', 'a9aef565-ba8d-4ce8-8f18-a638725521d1', 'https://image.tmdb.org/t/p/original/xlaY2zyzMfkhk0HSC5VUwzoZPU1.jpg', 'poster', '2025-12-03T04:49:45.786620', '2025-12-03T04:49:45.786620');
INSERT INTO movie_images (id, movie_id, url, type, created_at, updated_at) VALUES ('12f31170-ec29-4d51-8d3a-90eff310bff3', 'a9aef565-ba8d-4ce8-8f18-a638725521d1', 'https://image.tmdb.org/t/p/original/s3TBrRGB1iav7gFOCNx3H31MoES.jpg', 'backdrop', '2025-12-03T04:49:45.786620', '2025-12-03T04:49:45.786620');
INSERT INTO movies (id, title, language, projection_start_date, projection_end_date, director_full_name, synopsis, pg_rating, duration_in_minutes, trailer_url, created_at, updated_at) VALUES ('98009a33-bbe4-4b17-8087-631ca289d3dd', 'Titanic', 'EN', '2026-03-03', '2026-06-20', 'Unknown', '101-year-old Rose DeWitt Bukater tells the story of her life aboard the Titanic, 84 years later. A young Rose boards the ship with her mother and fianc. Meanwhile, Jack Dawson and Fabrizio De Rossi win third-class tickets aboard the ship. Rose tells the whole story from Titanic''s departure through to its deathon its first and last voyageon April 15, 1912.', 'PG-13', '194', 'https://youtube.com/watch?v=5f5552caf1a', '2025-12-03T04:49:48.606990', '2025-12-03T04:49:48.606990');
INSERT INTO movie_images (id, movie_id, url, type, created_at, updated_at) VALUES ('7d97862d-458b-4435-8e83-48068ee0b1e6', '98009a33-bbe4-4b17-8087-631ca289d3dd', 'https://image.tmdb.org/t/p/original/9xjZS2rlVxm8SFx8kPC3aIGCOYQ.jpg', 'poster', '2025-12-03T04:49:48.606990', '2025-12-03T04:49:48.606990');
INSERT INTO movie_images (id, movie_id, url, type, created_at, updated_at) VALUES ('52f2b3a9-e108-4f2f-bc2c-b53f113dc1a2', '98009a33-bbe4-4b17-8087-631ca289d3dd', 'https://image.tmdb.org/t/p/original/xnHVX37XZEp33hhCbYlQFq7ux1J.jpg', 'backdrop', '2025-12-03T04:49:48.606990', '2025-12-03T04:49:48.606990');
INSERT INTO movies (id, title, language, projection_start_date, projection_end_date, director_full_name, synopsis, pg_rating, duration_in_minutes, trailer_url, created_at, updated_at) VALUES ('d6b83ca4-2c6f-48f1-a123-ccfd5f132902', 'Inside Out 2', 'EN', '2026-03-03', '2026-06-22', 'Unknown', 'Teenager Riley''s mind headquarters is undergoing a sudden demolition to make room for something entirely unexpected: new Emotions! Joy, Sadness, Anger, Fear and Disgust, whove long been running a successful operation by all accounts, arent sure how to feel when Anxiety shows up. And it looks like shes not alone.', 'PG-13', '97', 'https://youtube.com/watch?v=c6d10957f9e', '2025-12-03T04:49:50.833414', '2025-12-03T04:49:50.833414');
INSERT INTO movie_images (id, movie_id, url, type, created_at, updated_at) VALUES ('72c0cb9f-b3da-4e7b-8e61-3c4421a511f1', 'd6b83ca4-2c6f-48f1-a123-ccfd5f132902', 'https://image.tmdb.org/t/p/original/vpnVM9B6NMmQpWeZvzLvDESb2QY.jpg', 'poster', '2025-12-03T04:49:50.833414', '2025-12-03T04:49:50.833414');
INSERT INTO movie_images (id, movie_id, url, type, created_at, updated_at) VALUES ('851b3e78-f4d9-4914-88c5-1149789b87d8', 'd6b83ca4-2c6f-48f1-a123-ccfd5f132902', 'https://image.tmdb.org/t/p/original/p5ozvmdgsmbWe0H8Xk7Rc8SCwAB.jpg', 'backdrop', '2025-12-03T04:49:50.833414', '2025-12-03T04:49:50.833414');
INSERT INTO movies (id, title, language, projection_start_date, projection_end_date, director_full_name, synopsis, pg_rating, duration_in_minutes, trailer_url, created_at, updated_at) VALUES ('5f3f423f-c9c7-4e59-a4f0-bf9025405beb', 'The Dark Knight', 'EN', '2026-03-03', '2026-06-15', 'Unknown', 'Batman raises the stakes in his war on crime. With the help of Lt. Jim Gordon and District Attorney Harvey Dent, Batman sets out to dismantle the remaining criminal organizations that plague the streets. The partnership proves to be effective, but they soon find themselves prey to a reign of chaos unleashed by a rising criminal mastermind known to the terrified citizens of Gotham as the Joker.', 'PG-13', '152', 'https://youtube.com/watch?v=06a01187dcb', '2025-12-03T04:49:53.095881', '2025-12-03T04:49:53.095881');
INSERT INTO movie_images (id, movie_id, url, type, created_at, updated_at) VALUES ('fea5c894-84dd-4e34-962b-81a03cda356a', '5f3f423f-c9c7-4e59-a4f0-bf9025405beb', 'https://image.tmdb.org/t/p/original/qJ2tW6WMUDux911r6m7haRef0WH.jpg', 'poster', '2025-12-03T04:49:53.095881', '2025-12-03T04:49:53.095881');
INSERT INTO movie_images (id, movie_id, url, type, created_at, updated_at) VALUES ('7fcb50b0-7163-4539-b4f5-89ebec8f9255', '5f3f423f-c9c7-4e59-a4f0-bf9025405beb', 'https://image.tmdb.org/t/p/original/dqK9Hag1054tghRQSqLSfrkvQnA.jpg', 'backdrop', '2025-12-03T04:49:53.095881', '2025-12-03T04:49:53.095881');
INSERT INTO movies (id, title, language, projection_start_date, projection_end_date, director_full_name, synopsis, pg_rating, duration_in_minutes, trailer_url, created_at, updated_at) VALUES ('425e9783-c1ac-4d6b-ba78-134c0525b66d', 'Home Alone 2: Lost in New York', 'EN', '2026-03-03', '2026-06-22', 'Unknown', 'Instead of flying to Florida with his folks, Kevin ends up alone in New York, where he gets a hotel room with his dad''s credit carddespite problems from a clerk and meddling bellboy. But when Kevin runs into his old nemeses, the Wet Bandits, he''s determined to foil their plans to rob a toy store on Christmas Eve.', 'PG-13', '120', 'https://youtube.com/watch?v=8294db7ea26', '2025-12-03T04:49:55.240246', '2025-12-03T04:49:55.240246');
INSERT INTO movie_images (id, movie_id, url, type, created_at, updated_at) VALUES ('5baee8bf-6190-4c56-b31d-0d0dd63311bc', '425e9783-c1ac-4d6b-ba78-134c0525b66d', 'https://image.tmdb.org/t/p/original/uuitWHpJwxD1wruFl2nZHIb4UGN.jpg', 'poster', '2025-12-03T04:49:55.240246', '2025-12-03T04:49:55.240246');
INSERT INTO movie_images (id, movie_id, url, type, created_at, updated_at) VALUES ('37b6ebfe-ca7a-4f88-b42c-d973f83595b5', '425e9783-c1ac-4d6b-ba78-134c0525b66d', 'https://image.tmdb.org/t/p/original/dGiPJO75b9GmXqxvusbKlcYrDcg.jpg', 'backdrop', '2025-12-03T04:49:55.240246', '2025-12-03T04:49:55.240246');
INSERT INTO movies (id, title, language, projection_start_date, projection_end_date, director_full_name, synopsis, pg_rating, duration_in_minutes, trailer_url, created_at, updated_at) VALUES ('413cf6c7-4991-414c-a8a6-d25a9ad16373', 'Harry Potter and the Deathly Hallows: Part 1', 'EN', '2026-03-03', '2026-06-20', 'Unknown', 'Harry, Ron and Hermione walk away from their last year at Hogwarts to find and destroy the remaining Horcruxes, putting an end to Voldemort''s bid for immortality. But with Harry''s beloved Dumbledore dead and Voldemort''s unscrupulous Death Eaters on the loose, the world is more dangerous than ever.', 'PG-13', '146', 'https://youtube.com/watch?v=59bca267531', '2025-12-03T04:49:57.401835', '2025-12-03T04:49:57.401835');
INSERT INTO movie_images (id, movie_id, url, type, created_at, updated_at) VALUES ('5eb1e91e-ad3e-428f-b513-251bb4ec6861', '413cf6c7-4991-414c-a8a6-d25a9ad16373', 'https://image.tmdb.org/t/p/original/iGoXIpQb7Pot00EEdwpwPajheZ5.jpg', 'poster', '2025-12-03T04:49:57.401835', '2025-12-03T04:49:57.401835');
INSERT INTO movie_images (id, movie_id, url, type, created_at, updated_at) VALUES ('2d560f67-d09f-4f05-90b6-664adeb5b0ca', '413cf6c7-4991-414c-a8a6-d25a9ad16373', 'https://image.tmdb.org/t/p/original/AqLcLsGGTzAjm3pCCq0CZCQrp6m.jpg', 'backdrop', '2025-12-03T04:49:57.401835', '2025-12-03T04:49:57.401835');
INSERT INTO movies (id, title, language, projection_start_date, projection_end_date, director_full_name, synopsis, pg_rating, duration_in_minutes, trailer_url, created_at, updated_at) VALUES ('c84ae9b6-96c5-4f6c-a1f7-3492e08e7dc3', 'Oppenheimer', 'EN', '2026-03-03', '2026-06-21', 'Unknown', 'The story of J. Robert Oppenheimer''s role in the development of the atomic bomb during World War II.', 'PG-13', '181', 'https://youtube.com/watch?v=d9a3951dd36', '2025-12-03T04:50:01.483691', '2025-12-03T04:50:01.483691');
INSERT INTO movie_images (id, movie_id, url, type, created_at, updated_at) VALUES ('b29f2e4f-4f3e-47e4-9401-7b2c5661a5d0', 'c84ae9b6-96c5-4f6c-a1f7-3492e08e7dc3', 'https://image.tmdb.org/t/p/original/8Gxv8gSFCU0XGDykEGv7zR1n2ua.jpg', 'poster', '2025-12-03T04:50:01.483691', '2025-12-03T04:50:01.483691');
INSERT INTO movie_images (id, movie_id, url, type, created_at, updated_at) VALUES ('3d574d0e-31f9-4ee7-92b7-8941c29f1f8b', 'c84ae9b6-96c5-4f6c-a1f7-3492e08e7dc3', 'https://image.tmdb.org/t/p/original/ycnO0cjsAROSGJKuMODgRtWsHQw.jpg', 'backdrop', '2025-12-03T04:50:01.483691', '2025-12-03T04:50:01.483691');
INSERT INTO movies (id, title, language, projection_start_date, projection_end_date, director_full_name, synopsis, pg_rating, duration_in_minutes, trailer_url, created_at, updated_at) VALUES ('cdde01f7-0c16-494b-b276-8e18490b1168', 'Gone Girl', 'EN', '2026-03-03', '2026-06-21', 'Unknown', 'With his wife''s disappearance having become the focus of an intense media circus, a man sees the spotlight turned on him when it''s suspected that he may not be innocent.', 'PG-13', '149', 'https://youtube.com/watch?v=72c684e52e8', '2025-12-03T04:50:03.600988', '2025-12-03T04:50:03.600988');
INSERT INTO movie_images (id, movie_id, url, type, created_at, updated_at) VALUES ('f53e9b9c-526d-44ca-83cf-52a38ed1095d', 'cdde01f7-0c16-494b-b276-8e18490b1168', 'https://image.tmdb.org/t/p/original/ts996lKsxvjkO2yiYG0ht4qAicO.jpg', 'poster', '2025-12-03T04:50:03.600988', '2025-12-03T04:50:03.600988');
INSERT INTO movie_images (id, movie_id, url, type, created_at, updated_at) VALUES ('972af466-36b7-4f4e-bb22-7cc88f72a8cc', 'cdde01f7-0c16-494b-b276-8e18490b1168', 'https://image.tmdb.org/t/p/original/iWak7wT0j6ycCc8lKr4NBz9c7n5.jpg', 'backdrop', '2025-12-03T04:50:03.600988', '2025-12-03T04:50:03.600988');
INSERT INTO movie_genres (movie_id, genre_id) VALUES ('2f82ac84-216c-45f2-a3a9-6cde0b46cf7f', '5c2cc85e-59e9-4d2a-8c2d-11495c88b2c2');
INSERT INTO movie_genres (movie_id, genre_id) VALUES ('2f82ac84-216c-45f2-a3a9-6cde0b46cf7f', '65849d77-2ec1-48dc-859d-2b0729de1f0e');
INSERT INTO movie_genres (movie_id, genre_id) VALUES ('2f82ac84-216c-45f2-a3a9-6cde0b46cf7f', '60750a0a-617c-4168-83af-10cbc8c616b4');
INSERT INTO movie_genres (movie_id, genre_id) VALUES ('2f82ac84-216c-45f2-a3a9-6cde0b46cf7f', '9ed0f53c-a4b7-4d5c-afc8-26191fcf16b9');
INSERT INTO movie_genres (movie_id, genre_id) VALUES ('7a88037b-65ad-41aa-9eeb-5c3eda035b34', 'f65cb4f5-9f51-47b5-92c3-44033281da2c');
INSERT INTO movie_genres (movie_id, genre_id) VALUES ('7a88037b-65ad-41aa-9eeb-5c3eda035b34', '5c2cc85e-59e9-4d2a-8c2d-11495c88b2c2');
INSERT INTO movie_genres (movie_id, genre_id) VALUES ('9b5e6739-cc78-4b18-9e84-667ff60c4921', 'c87678f4-c4dc-4c7d-888f-bb9489826453');
INSERT INTO movie_genres (movie_id, genre_id) VALUES ('9b5e6739-cc78-4b18-9e84-667ff60c4921', 'f65cb4f5-9f51-47b5-92c3-44033281da2c');
INSERT INTO movie_genres (movie_id, genre_id) VALUES ('1eef9424-38df-45ab-9cf1-094281b316c7', '9ed0f53c-a4b7-4d5c-afc8-26191fcf16b9');
INSERT INTO movie_genres (movie_id, genre_id) VALUES ('1eef9424-38df-45ab-9cf1-094281b316c7', '5c2cc85e-59e9-4d2a-8c2d-11495c88b2c2');
INSERT INTO movie_genres (movie_id, genre_id) VALUES ('1eef9424-38df-45ab-9cf1-094281b316c7', '58e450e0-3002-4cf1-ad3b-af272c3c1e3e');
INSERT INTO movie_genres (movie_id, genre_id) VALUES ('bedb239c-fc58-4580-a6db-957ba1c9ab2d', '0306e81f-e0ae-4ab2-906b-14bcd6301e24');
INSERT INTO movie_genres (movie_id, genre_id) VALUES ('bedb239c-fc58-4580-a6db-957ba1c9ab2d', '5c2cc85e-59e9-4d2a-8c2d-11495c88b2c2');
INSERT INTO movie_genres (movie_id, genre_id) VALUES ('bedb239c-fc58-4580-a6db-957ba1c9ab2d', 'c2cc3ccb-a443-4467-89c9-fe49e9aaaedc');
INSERT INTO movie_genres (movie_id, genre_id) VALUES ('bedb239c-fc58-4580-a6db-957ba1c9ab2d', '60750a0a-617c-4168-83af-10cbc8c616b4');
INSERT INTO movie_genres (movie_id, genre_id) VALUES ('ba49a3cc-81c1-4f7b-a325-25bd8d08e27b', '9ed0f53c-a4b7-4d5c-afc8-26191fcf16b9');
INSERT INTO movie_genres (movie_id, genre_id) VALUES ('ba49a3cc-81c1-4f7b-a325-25bd8d08e27b', 'f65cb4f5-9f51-47b5-92c3-44033281da2c');
INSERT INTO movie_genres (movie_id, genre_id) VALUES ('3f16bd9e-b354-41d6-b1c8-a8bc3c4577bc', 'f65cb4f5-9f51-47b5-92c3-44033281da2c');
INSERT INTO movie_genres (movie_id, genre_id) VALUES ('3f16bd9e-b354-41d6-b1c8-a8bc3c4577bc', '7a78e7c9-0352-43b6-b23b-106c0ce4e471');
INSERT INTO movie_genres (movie_id, genre_id) VALUES ('3f16bd9e-b354-41d6-b1c8-a8bc3c4577bc', 'b8778d84-9d61-46dc-bb57-8962c5d280e3');
INSERT INTO movie_genres (movie_id, genre_id) VALUES ('48f92d79-a101-4751-9ac0-6d6b9ec547c2', '65ee8386-7cc3-4aa3-ab0d-eb6fe16889b0');
INSERT INTO movie_genres (movie_id, genre_id) VALUES ('48f92d79-a101-4751-9ac0-6d6b9ec547c2', '60750a0a-617c-4168-83af-10cbc8c616b4');
INSERT INTO movie_genres (movie_id, genre_id) VALUES ('48f92d79-a101-4751-9ac0-6d6b9ec547c2', 'c87678f4-c4dc-4c7d-888f-bb9489826453');
INSERT INTO movie_genres (movie_id, genre_id) VALUES ('db3b93ba-1fb5-46a8-9426-632db651a324', '9ed0f53c-a4b7-4d5c-afc8-26191fcf16b9');
INSERT INTO movie_genres (movie_id, genre_id) VALUES ('db3b93ba-1fb5-46a8-9426-632db651a324', '65849d77-2ec1-48dc-859d-2b0729de1f0e');
INSERT INTO movie_genres (movie_id, genre_id) VALUES ('db3b93ba-1fb5-46a8-9426-632db651a324', '5c2cc85e-59e9-4d2a-8c2d-11495c88b2c2');
INSERT INTO movie_genres (movie_id, genre_id) VALUES ('269fa136-d049-419a-bf9e-87a70ddf9524', '5c2cc85e-59e9-4d2a-8c2d-11495c88b2c2');
INSERT INTO movie_genres (movie_id, genre_id) VALUES ('269fa136-d049-419a-bf9e-87a70ddf9524', 'f65cb4f5-9f51-47b5-92c3-44033281da2c');
INSERT INTO movie_genres (movie_id, genre_id) VALUES ('269fa136-d049-419a-bf9e-87a70ddf9524', '7a78e7c9-0352-43b6-b23b-106c0ce4e471');
INSERT INTO movie_genres (movie_id, genre_id) VALUES ('70c7043c-7775-4628-8254-138e63c2531e', '65849d77-2ec1-48dc-859d-2b0729de1f0e');
INSERT INTO movie_genres (movie_id, genre_id) VALUES ('70c7043c-7775-4628-8254-138e63c2531e', '65ee8386-7cc3-4aa3-ab0d-eb6fe16889b0');
INSERT INTO movie_genres (movie_id, genre_id) VALUES ('70c7043c-7775-4628-8254-138e63c2531e', '9ed0f53c-a4b7-4d5c-afc8-26191fcf16b9');
INSERT INTO movie_genres (movie_id, genre_id) VALUES ('a685f82f-d4e1-40ad-ab80-51d73a9fe98a', '65849d77-2ec1-48dc-859d-2b0729de1f0e');
INSERT INTO movie_genres (movie_id, genre_id) VALUES ('a685f82f-d4e1-40ad-ab80-51d73a9fe98a', '60750a0a-617c-4168-83af-10cbc8c616b4');
INSERT INTO movie_genres (movie_id, genre_id) VALUES ('3d254cee-1e23-4e83-adab-a1761d8cb6ee', '65ee8386-7cc3-4aa3-ab0d-eb6fe16889b0');
INSERT INTO movie_genres (movie_id, genre_id) VALUES ('3d254cee-1e23-4e83-adab-a1761d8cb6ee', '7a78e7c9-0352-43b6-b23b-106c0ce4e471');
INSERT INTO movie_genres (movie_id, genre_id) VALUES ('a9aef565-ba8d-4ce8-8f18-a638725521d1', '5c2cc85e-59e9-4d2a-8c2d-11495c88b2c2');
INSERT INTO movie_genres (movie_id, genre_id) VALUES ('a9aef565-ba8d-4ce8-8f18-a638725521d1', '9ed0f53c-a4b7-4d5c-afc8-26191fcf16b9');
INSERT INTO movie_genres (movie_id, genre_id) VALUES ('a9aef565-ba8d-4ce8-8f18-a638725521d1', '65849d77-2ec1-48dc-859d-2b0729de1f0e');
INSERT INTO movie_genres (movie_id, genre_id) VALUES ('98009a33-bbe4-4b17-8087-631ca289d3dd', '65ee8386-7cc3-4aa3-ab0d-eb6fe16889b0');
INSERT INTO movie_genres (movie_id, genre_id) VALUES ('98009a33-bbe4-4b17-8087-631ca289d3dd', 'c2cc3ccb-a443-4467-89c9-fe49e9aaaedc');
INSERT INTO movie_genres (movie_id, genre_id) VALUES ('d6b83ca4-2c6f-48f1-a123-ccfd5f132902', '0306e81f-e0ae-4ab2-906b-14bcd6301e24');
INSERT INTO movie_genres (movie_id, genre_id) VALUES ('d6b83ca4-2c6f-48f1-a123-ccfd5f132902', '65849d77-2ec1-48dc-859d-2b0729de1f0e');
INSERT INTO movie_genres (movie_id, genre_id) VALUES ('d6b83ca4-2c6f-48f1-a123-ccfd5f132902', '58e450e0-3002-4cf1-ad3b-af272c3c1e3e');
INSERT INTO movie_genres (movie_id, genre_id) VALUES ('d6b83ca4-2c6f-48f1-a123-ccfd5f132902', '4234641a-6127-45bd-949c-d32b6e2905da');
INSERT INTO movie_genres (movie_id, genre_id) VALUES ('5f3f423f-c9c7-4e59-a4f0-bf9025405beb', '65ee8386-7cc3-4aa3-ab0d-eb6fe16889b0');
INSERT INTO movie_genres (movie_id, genre_id) VALUES ('5f3f423f-c9c7-4e59-a4f0-bf9025405beb', '5c2cc85e-59e9-4d2a-8c2d-11495c88b2c2');
INSERT INTO movie_genres (movie_id, genre_id) VALUES ('5f3f423f-c9c7-4e59-a4f0-bf9025405beb', '7a78e7c9-0352-43b6-b23b-106c0ce4e471');
INSERT INTO movie_genres (movie_id, genre_id) VALUES ('5f3f423f-c9c7-4e59-a4f0-bf9025405beb', 'f65cb4f5-9f51-47b5-92c3-44033281da2c');
INSERT INTO movie_genres (movie_id, genre_id) VALUES ('425e9783-c1ac-4d6b-ba78-134c0525b66d', '58e450e0-3002-4cf1-ad3b-af272c3c1e3e');
INSERT INTO movie_genres (movie_id, genre_id) VALUES ('425e9783-c1ac-4d6b-ba78-134c0525b66d', '4234641a-6127-45bd-949c-d32b6e2905da');
INSERT INTO movie_genres (movie_id, genre_id) VALUES ('425e9783-c1ac-4d6b-ba78-134c0525b66d', '65849d77-2ec1-48dc-859d-2b0729de1f0e');
INSERT INTO movie_genres (movie_id, genre_id) VALUES ('413cf6c7-4991-414c-a8a6-d25a9ad16373', '65849d77-2ec1-48dc-859d-2b0729de1f0e');
INSERT INTO movie_genres (movie_id, genre_id) VALUES ('413cf6c7-4991-414c-a8a6-d25a9ad16373', '60750a0a-617c-4168-83af-10cbc8c616b4');
INSERT INTO movie_genres (movie_id, genre_id) VALUES ('c84ae9b6-96c5-4f6c-a1f7-3492e08e7dc3', '65ee8386-7cc3-4aa3-ab0d-eb6fe16889b0');
INSERT INTO movie_genres (movie_id, genre_id) VALUES ('c84ae9b6-96c5-4f6c-a1f7-3492e08e7dc3', '572b927c-d623-4377-a116-dedfdff96073');
INSERT INTO movie_genres (movie_id, genre_id) VALUES ('cdde01f7-0c16-494b-b276-8e18490b1168', 'b8778d84-9d61-46dc-bb57-8962c5d280e3');
INSERT INTO movie_genres (movie_id, genre_id) VALUES ('cdde01f7-0c16-494b-b276-8e18490b1168', 'f65cb4f5-9f51-47b5-92c3-44033281da2c');
INSERT INTO movie_genres (movie_id, genre_id) VALUES ('cdde01f7-0c16-494b-b276-8e18490b1168', '65ee8386-7cc3-4aa3-ab0d-eb6fe16889b0');
INSERT INTO movie_projections (id, projection_date, projection_time, cinema_hall_id, movie_id, created_at, updated_at) VALUES ('05b65145-bef0-46bc-abf0-aaeb7f46ebbe', '2025-12-12', '13:00:00', 'a0ad9682-ff17-4c82-9607-b39f38263997', '2f82ac84-216c-45f2-a3a9-6cde0b46cf7f', '2025-12-03T04:50:03.604354', '2025-12-03T04:50:03.604354');
INSERT INTO movie_projections (id, projection_date, projection_time, cinema_hall_id, movie_id, created_at, updated_at) VALUES ('6079fc89-ee4f-4956-af70-c5d19336056f', '2025-12-12', '13:00:00', '9650ae5e-fa19-4108-95f6-a4ada4baa9ec', '2f82ac84-216c-45f2-a3a9-6cde0b46cf7f', '2025-12-03T04:50:03.604436', '2025-12-03T04:50:03.604436');
INSERT INTO movie_projections (id, projection_date, projection_time, cinema_hall_id, movie_id, created_at, updated_at) VALUES ('7eb11f6f-bc76-4e5a-8b87-06b819825986', '2025-12-12', '16:00:00', '852f356a-c599-4b97-bee8-0f93ca9b5f0a', '2f82ac84-216c-45f2-a3a9-6cde0b46cf7f', '2025-12-03T04:50:03.604512', '2025-12-03T04:50:03.604512');
INSERT INTO movie_projections (id, projection_date, projection_time, cinema_hall_id, movie_id, created_at, updated_at) VALUES ('f44692c7-9691-4ae0-b963-a59dc38e24b3', '2025-12-07', '22:00:00', '852f356a-c599-4b97-bee8-0f93ca9b5f0a', '2f82ac84-216c-45f2-a3a9-6cde0b46cf7f', '2025-12-03T04:50:03.604575', '2025-12-03T04:50:03.604575');
INSERT INTO movie_projections (id, projection_date, projection_time, cinema_hall_id, movie_id, created_at, updated_at) VALUES ('33bc0d36-7c40-4398-8b9b-e5f45717d300', '2025-12-13', '10:00:00', 'd3a92a18-1639-445d-b39e-0db80203b9e2', '2f82ac84-216c-45f2-a3a9-6cde0b46cf7f', '2025-12-03T04:50:03.604639', '2025-12-03T04:50:03.604639');
INSERT INTO movie_projections (id, projection_date, projection_time, cinema_hall_id, movie_id, created_at, updated_at) VALUES ('fa5e921c-7495-4a06-a1be-9e2e04a2ab36', '2025-12-08', '10:00:00', '7017f84b-b88f-438a-8740-532998a9776e', '2f82ac84-216c-45f2-a3a9-6cde0b46cf7f', '2025-12-03T04:50:03.604697', '2025-12-03T04:50:03.604697');
INSERT INTO movie_projections (id, projection_date, projection_time, cinema_hall_id, movie_id, created_at, updated_at) VALUES ('dcf55890-1474-4b0b-a3a2-e194e372f84e', '2025-12-13', '16:00:00', '1b352ca0-3901-484b-80f2-87da8af67151', '2f82ac84-216c-45f2-a3a9-6cde0b46cf7f', '2025-12-03T04:50:03.604743', '2025-12-03T04:50:03.604743');
INSERT INTO movie_projections (id, projection_date, projection_time, cinema_hall_id, movie_id, created_at, updated_at) VALUES ('84acb8d9-b195-4305-96c8-7cd9aa651f9d', '2025-12-07', '16:00:00', '8f284e20-ba1e-484c-a011-98db1acee7db', '2f82ac84-216c-45f2-a3a9-6cde0b46cf7f', '2025-12-03T04:50:03.604785', '2025-12-03T04:50:03.604785');
INSERT INTO movie_projections (id, projection_date, projection_time, cinema_hall_id, movie_id, created_at, updated_at) VALUES ('df34b7bb-2fd2-474d-a43a-cb29e3e8f8a0', '2025-12-06', '10:00:00', '6cdfdbe1-103f-401e-91c9-5708d17e8c7f', '2f82ac84-216c-45f2-a3a9-6cde0b46cf7f', '2025-12-03T04:50:03.604823', '2025-12-03T04:50:03.604823');
INSERT INTO movie_projections (id, projection_date, projection_time, cinema_hall_id, movie_id, created_at, updated_at) VALUES ('8e62f981-57b6-45ea-9346-c9406465432c', '2025-12-11', '16:00:00', '26eccb22-f786-4866-925a-3571f437f887', '2f82ac84-216c-45f2-a3a9-6cde0b46cf7f', '2025-12-03T04:50:03.604912', '2025-12-03T04:50:03.604912');
INSERT INTO movie_projections (id, projection_date, projection_time, cinema_hall_id, movie_id, created_at, updated_at) VALUES ('d2a3f348-887b-4d1f-b7c3-71875de77e6c', '2025-12-06', '13:00:00', 'f09882fa-12ec-434a-b867-abeca8332f23', '2f82ac84-216c-45f2-a3a9-6cde0b46cf7f', '2025-12-03T04:50:03.604957', '2025-12-03T04:50:03.604957');
INSERT INTO movie_projections (id, projection_date, projection_time, cinema_hall_id, movie_id, created_at, updated_at) VALUES ('ec79af01-ecef-4393-9d9c-cee3a6aee0c6', '2025-12-06', '16:00:00', '1bc5ac50-39ea-4d16-a513-03a7426fc8f1', '2f82ac84-216c-45f2-a3a9-6cde0b46cf7f', '2025-12-03T04:50:03.605001', '2025-12-03T04:50:03.605001');
INSERT INTO movie_projections (id, projection_date, projection_time, cinema_hall_id, movie_id, created_at, updated_at) VALUES ('e8efe11e-5f52-4bad-95c8-046fc1fec308', '2025-12-09', '10:00:00', '4be1241d-9e96-4024-a94a-8146a1b1e186', '2f82ac84-216c-45f2-a3a9-6cde0b46cf7f', '2025-12-03T04:50:03.605040', '2025-12-03T04:50:03.605040');
INSERT INTO movie_projections (id, projection_date, projection_time, cinema_hall_id, movie_id, created_at, updated_at) VALUES ('f233d245-87d5-49aa-992b-31b53f6450b8', '2025-12-11', '10:00:00', 'a0ad9682-ff17-4c82-9607-b39f38263997', '2f82ac84-216c-45f2-a3a9-6cde0b46cf7f', '2025-12-03T04:50:03.605078', '2025-12-03T04:50:03.605078');
INSERT INTO movie_projections (id, projection_date, projection_time, cinema_hall_id, movie_id, created_at, updated_at) VALUES ('ae73b0ec-701d-44e6-b336-1f6b63c8e8dc', '2025-12-11', '13:00:00', 'efb6b7e3-a091-4998-a41f-57ef6a4a30bc', '2f82ac84-216c-45f2-a3a9-6cde0b46cf7f', '2025-12-03T04:50:03.605121', '2025-12-03T04:50:03.605121');
INSERT INTO movie_projections (id, projection_date, projection_time, cinema_hall_id, movie_id, created_at, updated_at) VALUES ('2c23d78a-048d-4417-9231-c7419d64ac13', '2025-12-08', '19:00:00', 'd73d0d67-be21-46b7-b76b-8d0b79aa20dd', '2f82ac84-216c-45f2-a3a9-6cde0b46cf7f', '2025-12-03T04:50:03.605159', '2025-12-03T04:50:03.605159');
INSERT INTO movie_projections (id, projection_date, projection_time, cinema_hall_id, movie_id, created_at, updated_at) VALUES ('893a3b99-f34f-4bdc-b598-0e8f9d142778', '2025-12-05', '10:00:00', '26eccb22-f786-4866-925a-3571f437f887', '2f82ac84-216c-45f2-a3a9-6cde0b46cf7f', '2025-12-03T04:50:03.605197', '2025-12-03T04:50:03.605197');
INSERT INTO movie_projections (id, projection_date, projection_time, cinema_hall_id, movie_id, created_at, updated_at) VALUES ('48277254-7ba1-46cd-9537-4e1e5c314236', '2025-12-11', '10:00:00', '4ece4889-d0f6-4d87-9a48-2de3f8ae361d', '2f82ac84-216c-45f2-a3a9-6cde0b46cf7f', '2025-12-03T04:50:03.605244', '2025-12-03T04:50:03.605244');
INSERT INTO movie_projections (id, projection_date, projection_time, cinema_hall_id, movie_id, created_at, updated_at) VALUES ('ad74f436-eb9d-450d-a718-11b3b8a9aa99', '2025-12-04', '19:00:00', '4be1241d-9e96-4024-a94a-8146a1b1e186', '2f82ac84-216c-45f2-a3a9-6cde0b46cf7f', '2025-12-03T04:50:03.605289', '2025-12-03T04:50:03.605289');
INSERT INTO movie_projections (id, projection_date, projection_time, cinema_hall_id, movie_id, created_at, updated_at) VALUES ('94a596fb-06f1-49f5-a061-8ac5c1ddb3a6', '2025-12-08', '22:00:00', '1bc5ac50-39ea-4d16-a513-03a7426fc8f1', '2f82ac84-216c-45f2-a3a9-6cde0b46cf7f', '2025-12-03T04:50:03.605349', '2025-12-03T04:50:03.605349');
INSERT INTO movie_projections (id, projection_date, projection_time, cinema_hall_id, movie_id, created_at, updated_at) VALUES ('2893aadb-a0ac-4168-a222-80c7ce125e0b', '2025-12-05', '19:00:00', '9650ae5e-fa19-4108-95f6-a4ada4baa9ec', '2f82ac84-216c-45f2-a3a9-6cde0b46cf7f', '2025-12-03T04:50:03.605395', '2025-12-03T04:50:03.605395');
INSERT INTO movie_projections (id, projection_date, projection_time, cinema_hall_id, movie_id, created_at, updated_at) VALUES ('da6c83a7-aa20-4d6d-bf58-83f48d94f82b', '2025-12-05', '22:00:00', 'e1909a58-0717-4701-b626-cc81fb949cef', '2f82ac84-216c-45f2-a3a9-6cde0b46cf7f', '2025-12-03T04:50:03.605440', '2025-12-03T04:50:03.605440');
INSERT INTO movie_projections (id, projection_date, projection_time, cinema_hall_id, movie_id, created_at, updated_at) VALUES ('43a676a2-fd83-4b7d-9fa1-49c336cb2005', '2025-12-09', '22:00:00', '73bc759c-0af5-48b5-9d76-e26ecc179018', '2f82ac84-216c-45f2-a3a9-6cde0b46cf7f', '2025-12-03T04:50:03.605486', '2025-12-03T04:50:03.605486');
INSERT INTO movie_projections (id, projection_date, projection_time, cinema_hall_id, movie_id, created_at, updated_at) VALUES ('b5e7060e-9a21-4844-8d45-4056684a9b93', '2025-12-10', '19:00:00', '1b352ca0-3901-484b-80f2-87da8af67151', '2f82ac84-216c-45f2-a3a9-6cde0b46cf7f', '2025-12-03T04:50:03.605534', '2025-12-03T04:50:03.605534');
INSERT INTO movie_projections (id, projection_date, projection_time, cinema_hall_id, movie_id, created_at, updated_at) VALUES ('d68928fa-0c91-4791-b99e-2058e7af3f48', '2025-12-11', '22:00:00', 'e1909a58-0717-4701-b626-cc81fb949cef', '2f82ac84-216c-45f2-a3a9-6cde0b46cf7f', '2025-12-03T04:50:03.605583', '2025-12-03T04:50:03.605583');
INSERT INTO movie_projections (id, projection_date, projection_time, cinema_hall_id, movie_id, created_at, updated_at) VALUES ('643f6c9f-bbc1-41ec-a673-786c4e43b40b', '2025-12-04', '19:00:00', 'd73d0d67-be21-46b7-b76b-8d0b79aa20dd', '2f82ac84-216c-45f2-a3a9-6cde0b46cf7f', '2025-12-03T04:50:03.605631', '2025-12-03T04:50:03.605631');
INSERT INTO movie_projections (id, projection_date, projection_time, cinema_hall_id, movie_id, created_at, updated_at) VALUES ('771a9fd4-8055-4925-bd7f-a48a400457b3', '2025-12-05', '19:00:00', 'dde99b3d-bd97-4c5b-ae57-89d16040945b', '2f82ac84-216c-45f2-a3a9-6cde0b46cf7f', '2025-12-03T04:50:03.605676', '2025-12-03T04:50:03.605676');
INSERT INTO movie_projections (id, projection_date, projection_time, cinema_hall_id, movie_id, created_at, updated_at) VALUES ('4ec7ec5d-53a1-4c58-bf30-8c9a3e50941d', '2025-12-04', '16:00:00', 'dbf5aae0-e81d-4f4b-88c1-f355c9978e50', '2f82ac84-216c-45f2-a3a9-6cde0b46cf7f', '2025-12-03T04:50:03.605711', '2025-12-03T04:50:03.605711');
INSERT INTO movie_projections (id, projection_date, projection_time, cinema_hall_id, movie_id, created_at, updated_at) VALUES ('2dbde897-0e8e-483b-9f14-8fe4be866bbb', '2025-12-12', '10:00:00', 'dde99b3d-bd97-4c5b-ae57-89d16040945b', '2f82ac84-216c-45f2-a3a9-6cde0b46cf7f', '2025-12-03T04:50:03.605739', '2025-12-03T04:50:03.605739');
INSERT INTO movie_projections (id, projection_date, projection_time, cinema_hall_id, movie_id, created_at, updated_at) VALUES ('20620bb5-ab18-4640-9ca1-3de2b914ec77', '2025-12-08', '19:00:00', 'e1909a58-0717-4701-b626-cc81fb949cef', '2f82ac84-216c-45f2-a3a9-6cde0b46cf7f', '2025-12-03T04:50:03.605765', '2025-12-03T04:50:03.605765');
INSERT INTO movie_projections (id, projection_date, projection_time, cinema_hall_id, movie_id, created_at, updated_at) VALUES ('2a625700-080c-402a-98f6-ca405e95ed6a', '2025-12-08', '10:00:00', '4ece4889-d0f6-4d87-9a48-2de3f8ae361d', '2f82ac84-216c-45f2-a3a9-6cde0b46cf7f', '2025-12-03T04:50:03.605800', '2025-12-03T04:50:03.605800');
INSERT INTO movie_projections (id, projection_date, projection_time, cinema_hall_id, movie_id, created_at, updated_at) VALUES ('8831d1ce-66ee-4e3c-9f43-28dbe3fd6757', '2025-12-09', '10:00:00', '2b9fa946-6da8-4721-b194-d71a5637de5e', '2f82ac84-216c-45f2-a3a9-6cde0b46cf7f', '2025-12-03T04:50:03.605824', '2025-12-03T04:50:03.605824');
INSERT INTO movie_projections (id, projection_date, projection_time, cinema_hall_id, movie_id, created_at, updated_at) VALUES ('1b6e6832-8822-439d-b3e5-56edde3dab42', '2025-12-13', '10:00:00', '26eccb22-f786-4866-925a-3571f437f887', '2f82ac84-216c-45f2-a3a9-6cde0b46cf7f', '2025-12-03T04:50:03.605847', '2025-12-03T04:50:03.605847');
INSERT INTO movie_projections (id, projection_date, projection_time, cinema_hall_id, movie_id, created_at, updated_at) VALUES ('11719ab8-62cc-4575-a680-5fe6d42f4ffd', '2025-12-09', '10:00:00', '685ad785-6ee0-494a-b94a-18c303602355', '2f82ac84-216c-45f2-a3a9-6cde0b46cf7f', '2025-12-03T04:50:03.605870', '2025-12-03T04:50:03.605870');
INSERT INTO movie_projections (id, projection_date, projection_time, cinema_hall_id, movie_id, created_at, updated_at) VALUES ('c62b6724-48ab-4341-9d8d-74c8ff7e4959', '2025-12-10', '10:00:00', '5859185d-a602-42fe-aec0-9a4cdb4cf156', '2f82ac84-216c-45f2-a3a9-6cde0b46cf7f', '2025-12-03T04:50:03.605898', '2025-12-03T04:50:03.605898');
INSERT INTO movie_projections (id, projection_date, projection_time, cinema_hall_id, movie_id, created_at, updated_at) VALUES ('965070b5-2de9-4780-bc25-ba6d0a676220', '2025-12-07', '22:00:00', 'f0e8217b-bbaa-40d5-9aad-525f7ff78fea', '2f82ac84-216c-45f2-a3a9-6cde0b46cf7f', '2025-12-03T04:50:03.605924', '2025-12-03T04:50:03.605924');
INSERT INTO movie_projections (id, projection_date, projection_time, cinema_hall_id, movie_id, created_at, updated_at) VALUES ('623a4c5d-1eee-439d-842a-8b9bccccdece', '2025-12-13', '16:00:00', 'efb6b7e3-a091-4998-a41f-57ef6a4a30bc', '2f82ac84-216c-45f2-a3a9-6cde0b46cf7f', '2025-12-03T04:50:03.605947', '2025-12-03T04:50:03.605947');
INSERT INTO movie_projections (id, projection_date, projection_time, cinema_hall_id, movie_id, created_at, updated_at) VALUES ('b5fa5c7c-a507-4a60-bf44-21f3005e44fb', '2025-12-08', '22:00:00', '26eccb22-f786-4866-925a-3571f437f887', '2f82ac84-216c-45f2-a3a9-6cde0b46cf7f', '2025-12-03T04:50:03.605970', '2025-12-03T04:50:03.605970');
INSERT INTO movie_projections (id, projection_date, projection_time, cinema_hall_id, movie_id, created_at, updated_at) VALUES ('13013b63-05f9-43dd-8a76-212a153685ce', '2025-12-08', '10:00:00', '4106e3e9-3832-4b8b-9861-d106e07ef913', '2f82ac84-216c-45f2-a3a9-6cde0b46cf7f', '2025-12-03T04:50:03.605994', '2025-12-03T04:50:03.605994');
INSERT INTO movie_projections (id, projection_date, projection_time, cinema_hall_id, movie_id, created_at, updated_at) VALUES ('309f7042-adbe-4512-8c9f-751af48ba76e', '2025-12-12', '13:00:00', 'efb6b7e3-a091-4998-a41f-57ef6a4a30bc', '2f82ac84-216c-45f2-a3a9-6cde0b46cf7f', '2025-12-03T04:50:03.606016', '2025-12-03T04:50:03.606016');
INSERT INTO movie_projections (id, projection_date, projection_time, cinema_hall_id, movie_id, created_at, updated_at) VALUES ('4a339447-9c9a-4930-94bc-338d0afc8411', '2025-12-05', '19:00:00', 'f0e8217b-bbaa-40d5-9aad-525f7ff78fea', '7a88037b-65ad-41aa-9eeb-5c3eda035b34', '2025-12-03T04:50:03.606051', '2025-12-03T04:50:03.606051');
INSERT INTO movie_projections (id, projection_date, projection_time, cinema_hall_id, movie_id, created_at, updated_at) VALUES ('1e83e85e-bc3b-4c7e-a77d-07a9af0b4a48', '2025-12-07', '19:00:00', 'dde99b3d-bd97-4c5b-ae57-89d16040945b', '7a88037b-65ad-41aa-9eeb-5c3eda035b34', '2025-12-03T04:50:03.606074', '2025-12-03T04:50:03.606074');
INSERT INTO movie_projections (id, projection_date, projection_time, cinema_hall_id, movie_id, created_at, updated_at) VALUES ('b9023cd0-a2ac-42fb-9e28-f45aa4950880', '2025-12-10', '13:00:00', 'f09882fa-12ec-434a-b867-abeca8332f23', '7a88037b-65ad-41aa-9eeb-5c3eda035b34', '2025-12-03T04:50:03.606098', '2025-12-03T04:50:03.606098');
INSERT INTO movie_projections (id, projection_date, projection_time, cinema_hall_id, movie_id, created_at, updated_at) VALUES ('dde7b31c-20ff-4ebe-9030-87f909cad4fe', '2025-12-07', '13:00:00', '9650ae5e-fa19-4108-95f6-a4ada4baa9ec', '7a88037b-65ad-41aa-9eeb-5c3eda035b34', '2025-12-03T04:50:03.606124', '2025-12-03T04:50:03.606124');
INSERT INTO movie_projections (id, projection_date, projection_time, cinema_hall_id, movie_id, created_at, updated_at) VALUES ('a206f698-4a6b-4283-8b2e-e14cfbe62eee', '2025-12-12', '13:00:00', 'd73d0d67-be21-46b7-b76b-8d0b79aa20dd', '7a88037b-65ad-41aa-9eeb-5c3eda035b34', '2025-12-03T04:50:03.606147', '2025-12-03T04:50:03.606147');
INSERT INTO movie_projections (id, projection_date, projection_time, cinema_hall_id, movie_id, created_at, updated_at) VALUES ('5ae2bf2f-aed7-46d6-b04c-6d312b10ee22', '2025-12-09', '19:00:00', 'dbf5aae0-e81d-4f4b-88c1-f355c9978e50', '7a88037b-65ad-41aa-9eeb-5c3eda035b34', '2025-12-03T04:50:03.606171', '2025-12-03T04:50:03.606171');
INSERT INTO movie_projections (id, projection_date, projection_time, cinema_hall_id, movie_id, created_at, updated_at) VALUES ('ed776fef-6e61-454f-9a30-42182a18be79', '2025-12-09', '10:00:00', 'd3077cf2-2082-4360-b38f-ed1697f2a8d8', '7a88037b-65ad-41aa-9eeb-5c3eda035b34', '2025-12-03T04:50:03.606209', '2025-12-03T04:50:03.606209');
INSERT INTO movie_projections (id, projection_date, projection_time, cinema_hall_id, movie_id, created_at, updated_at) VALUES ('805f2920-0c3d-4b18-9fbf-dfd3e4f54984', '2025-12-12', '22:00:00', 'a0ad9682-ff17-4c82-9607-b39f38263997', '7a88037b-65ad-41aa-9eeb-5c3eda035b34', '2025-12-03T04:50:03.606256', '2025-12-03T04:50:03.606256');
INSERT INTO movie_projections (id, projection_date, projection_time, cinema_hall_id, movie_id, created_at, updated_at) VALUES ('8fd9da5d-d22c-40b6-ba52-762541286dbe', '2025-12-08', '19:00:00', 'd8314e56-6a9e-45d6-afbd-11b1ff5cc707', '7a88037b-65ad-41aa-9eeb-5c3eda035b34', '2025-12-03T04:50:03.606304', '2025-12-03T04:50:03.606304');
INSERT INTO movie_projections (id, projection_date, projection_time, cinema_hall_id, movie_id, created_at, updated_at) VALUES ('59a4b55e-2851-4d6c-b5c6-3ab4a79ae150', '2025-12-13', '10:00:00', '69838be8-afbb-48b1-a1a8-7e2e374b01b5', '7a88037b-65ad-41aa-9eeb-5c3eda035b34', '2025-12-03T04:50:03.606352', '2025-12-03T04:50:03.606352');
INSERT INTO movie_projections (id, projection_date, projection_time, cinema_hall_id, movie_id, created_at, updated_at) VALUES ('dbc7072c-42e4-47ed-9fd7-85c60a39e31f', '2025-12-08', '13:00:00', 'dbf5aae0-e81d-4f4b-88c1-f355c9978e50', '7a88037b-65ad-41aa-9eeb-5c3eda035b34', '2025-12-03T04:50:03.606413', '2025-12-03T04:50:03.606413');
INSERT INTO movie_projections (id, projection_date, projection_time, cinema_hall_id, movie_id, created_at, updated_at) VALUES ('199546d0-fcec-4bde-943e-e533e22450fd', '2025-12-07', '19:00:00', '59c7d645-a77b-4f30-835f-ccceb08fee74', '7a88037b-65ad-41aa-9eeb-5c3eda035b34', '2025-12-03T04:50:03.606490', '2025-12-03T04:50:03.606490');
INSERT INTO movie_projections (id, projection_date, projection_time, cinema_hall_id, movie_id, created_at, updated_at) VALUES ('e524f104-4775-4c14-9b2f-236e9abd78f5', '2025-12-06', '19:00:00', '6cdfdbe1-103f-401e-91c9-5708d17e8c7f', '7a88037b-65ad-41aa-9eeb-5c3eda035b34', '2025-12-03T04:50:03.606540', '2025-12-03T04:50:03.606540');
INSERT INTO movie_projections (id, projection_date, projection_time, cinema_hall_id, movie_id, created_at, updated_at) VALUES ('533779ea-6cee-41f9-b09b-047746ebd62d', '2025-12-08', '10:00:00', '4be1241d-9e96-4024-a94a-8146a1b1e186', '7a88037b-65ad-41aa-9eeb-5c3eda035b34', '2025-12-03T04:50:03.606570', '2025-12-03T04:50:03.606570');
INSERT INTO movie_projections (id, projection_date, projection_time, cinema_hall_id, movie_id, created_at, updated_at) VALUES ('4e8a519d-09ef-4893-96f7-7ef1359ddf4a', '2025-12-07', '22:00:00', '2b9fa946-6da8-4721-b194-d71a5637de5e', '7a88037b-65ad-41aa-9eeb-5c3eda035b34', '2025-12-03T04:50:03.606596', '2025-12-03T04:50:03.606596');
INSERT INTO movie_projections (id, projection_date, projection_time, cinema_hall_id, movie_id, created_at, updated_at) VALUES ('6b0a7b29-275e-4d4b-8f94-e5f42349f7c4', '2025-12-09', '10:00:00', '4106e3e9-3832-4b8b-9861-d106e07ef913', '7a88037b-65ad-41aa-9eeb-5c3eda035b34', '2025-12-03T04:50:03.606621', '2025-12-03T04:50:03.606621');
INSERT INTO movie_projections (id, projection_date, projection_time, cinema_hall_id, movie_id, created_at, updated_at) VALUES ('c3db179a-c43a-4af7-8160-797772239ec5', '2025-12-10', '13:00:00', '979f568e-d632-4576-9484-7f0ac798ba20', '7a88037b-65ad-41aa-9eeb-5c3eda035b34', '2025-12-03T04:50:03.606646', '2025-12-03T04:50:03.606646');
INSERT INTO movie_projections (id, projection_date, projection_time, cinema_hall_id, movie_id, created_at, updated_at) VALUES ('da7d1561-3fc8-46ca-920e-c8311b7053c2', '2025-12-05', '19:00:00', '979f568e-d632-4576-9484-7f0ac798ba20', '7a88037b-65ad-41aa-9eeb-5c3eda035b34', '2025-12-03T04:50:03.606672', '2025-12-03T04:50:03.606672');
INSERT INTO movie_projections (id, projection_date, projection_time, cinema_hall_id, movie_id, created_at, updated_at) VALUES ('35625f89-2865-46a5-a342-d288cbd69cc9', '2025-12-06', '19:00:00', 'efb6b7e3-a091-4998-a41f-57ef6a4a30bc', '7a88037b-65ad-41aa-9eeb-5c3eda035b34', '2025-12-03T04:50:03.606697', '2025-12-03T04:50:03.606697');
INSERT INTO movie_projections (id, projection_date, projection_time, cinema_hall_id, movie_id, created_at, updated_at) VALUES ('9c8942ec-157d-4012-8b92-c0448a205181', '2025-12-11', '13:00:00', '1b352ca0-3901-484b-80f2-87da8af67151', '7a88037b-65ad-41aa-9eeb-5c3eda035b34', '2025-12-03T04:50:03.606725', '2025-12-03T04:50:03.606725');
INSERT INTO movie_projections (id, projection_date, projection_time, cinema_hall_id, movie_id, created_at, updated_at) VALUES ('8c2e9644-6565-4a1a-8820-f4502fee57a9', '2025-12-13', '16:00:00', '2b9fa946-6da8-4721-b194-d71a5637de5e', '7a88037b-65ad-41aa-9eeb-5c3eda035b34', '2025-12-03T04:50:03.606750', '2025-12-03T04:50:03.606750');
INSERT INTO movie_projections (id, projection_date, projection_time, cinema_hall_id, movie_id, created_at, updated_at) VALUES ('f1e38bbf-62db-4008-aff6-831bfd2e40db', '2025-12-13', '13:00:00', '4be1241d-9e96-4024-a94a-8146a1b1e186', '7a88037b-65ad-41aa-9eeb-5c3eda035b34', '2025-12-03T04:50:03.606780', '2025-12-03T04:50:03.606780');
INSERT INTO movie_projections (id, projection_date, projection_time, cinema_hall_id, movie_id, created_at, updated_at) VALUES ('446ac213-fa3c-44a2-822f-5aa3a801c17e', '2025-12-04', '16:00:00', 'f09882fa-12ec-434a-b867-abeca8332f23', '7a88037b-65ad-41aa-9eeb-5c3eda035b34', '2025-12-03T04:50:03.606806', '2025-12-03T04:50:03.606806');
INSERT INTO movie_projections (id, projection_date, projection_time, cinema_hall_id, movie_id, created_at, updated_at) VALUES ('8b703adc-0b61-4c3b-b6ce-67e1cc6a007c', '2025-12-12', '10:00:00', '5859185d-a602-42fe-aec0-9a4cdb4cf156', '7a88037b-65ad-41aa-9eeb-5c3eda035b34', '2025-12-03T04:50:03.606831', '2025-12-03T04:50:03.606831');
INSERT INTO movie_projections (id, projection_date, projection_time, cinema_hall_id, movie_id, created_at, updated_at) VALUES ('e4bfb07d-bd2d-4c87-b0a2-d58ed48bf710', '2025-12-13', '22:00:00', 'efb6b7e3-a091-4998-a41f-57ef6a4a30bc', '7a88037b-65ad-41aa-9eeb-5c3eda035b34', '2025-12-03T04:50:03.606857', '2025-12-03T04:50:03.606857');
INSERT INTO movie_projections (id, projection_date, projection_time, cinema_hall_id, movie_id, created_at, updated_at) VALUES ('cdf45fcc-e005-4fa9-886f-3fb347f18677', '2025-12-11', '19:00:00', 'd3a92a18-1639-445d-b39e-0db80203b9e2', '7a88037b-65ad-41aa-9eeb-5c3eda035b34', '2025-12-03T04:50:03.606882', '2025-12-03T04:50:03.606882');
INSERT INTO movie_projections (id, projection_date, projection_time, cinema_hall_id, movie_id, created_at, updated_at) VALUES ('f9d1781c-5164-43ac-ba01-7e07b656c411', '2025-12-08', '13:00:00', 'f09882fa-12ec-434a-b867-abeca8332f23', '7a88037b-65ad-41aa-9eeb-5c3eda035b34', '2025-12-03T04:50:03.606908', '2025-12-03T04:50:03.606908');
INSERT INTO movie_projections (id, projection_date, projection_time, cinema_hall_id, movie_id, created_at, updated_at) VALUES ('1d8e6dc4-c1d4-4251-a9ad-e76fecc9f49f', '2025-12-05', '10:00:00', 'dbf5aae0-e81d-4f4b-88c1-f355c9978e50', '7a88037b-65ad-41aa-9eeb-5c3eda035b34', '2025-12-03T04:50:03.606935', '2025-12-03T04:50:03.606935');
INSERT INTO movie_projections (id, projection_date, projection_time, cinema_hall_id, movie_id, created_at, updated_at) VALUES ('5a126d38-3a3d-4baa-9281-e9596cc194cc', '2025-12-05', '10:00:00', 'c37deb55-0cbf-43de-8d67-0bc6e644a54f', '7a88037b-65ad-41aa-9eeb-5c3eda035b34', '2025-12-03T04:50:03.606961', '2025-12-03T04:50:03.606961');
INSERT INTO movie_projections (id, projection_date, projection_time, cinema_hall_id, movie_id, created_at, updated_at) VALUES ('1bba3c13-4f65-4690-bdbb-c6c71d243faa', '2025-12-11', '19:00:00', 'dbf5aae0-e81d-4f4b-88c1-f355c9978e50', '7a88037b-65ad-41aa-9eeb-5c3eda035b34', '2025-12-03T04:50:03.606986', '2025-12-03T04:50:03.606986');
INSERT INTO movie_projections (id, projection_date, projection_time, cinema_hall_id, movie_id, created_at, updated_at) VALUES ('e5ccfe23-eb4d-42bd-ac8d-296a8c92e9af', '2025-12-11', '22:00:00', '4be1241d-9e96-4024-a94a-8146a1b1e186', '7a88037b-65ad-41aa-9eeb-5c3eda035b34', '2025-12-03T04:50:03.607015', '2025-12-03T04:50:03.607015');
INSERT INTO movie_projections (id, projection_date, projection_time, cinema_hall_id, movie_id, created_at, updated_at) VALUES ('6834700b-35f8-4f37-a8aa-05ad00163fc7', '2025-12-10', '19:00:00', 'b5e4e43e-89e5-40a6-827f-e9a6c93a6d01', '7a88037b-65ad-41aa-9eeb-5c3eda035b34', '2025-12-03T04:50:03.607041', '2025-12-03T04:50:03.607041');
INSERT INTO movie_projections (id, projection_date, projection_time, cinema_hall_id, movie_id, created_at, updated_at) VALUES ('59ee07d3-9b88-46ed-977c-3d2a1eb03a7e', '2025-12-11', '22:00:00', 'e1909a58-0717-4701-b626-cc81fb949cef', '7a88037b-65ad-41aa-9eeb-5c3eda035b34', '2025-12-03T04:50:03.607069', '2025-12-03T04:50:03.607069');
INSERT INTO movie_projections (id, projection_date, projection_time, cinema_hall_id, movie_id, created_at, updated_at) VALUES ('aeff0527-e618-4690-8463-56c4b7ec74eb', '2025-12-10', '10:00:00', 'efb6b7e3-a091-4998-a41f-57ef6a4a30bc', '7a88037b-65ad-41aa-9eeb-5c3eda035b34', '2025-12-03T04:50:03.607095', '2025-12-03T04:50:03.607095');
INSERT INTO movie_projections (id, projection_date, projection_time, cinema_hall_id, movie_id, created_at, updated_at) VALUES ('0aba8755-f876-4eb2-b1d7-40b8182cd520', '2025-12-08', '10:00:00', 'd3a92a18-1639-445d-b39e-0db80203b9e2', '7a88037b-65ad-41aa-9eeb-5c3eda035b34', '2025-12-03T04:50:03.607129', '2025-12-03T04:50:03.607129');
INSERT INTO movie_projections (id, projection_date, projection_time, cinema_hall_id, movie_id, created_at, updated_at) VALUES ('190f3cf8-bb52-4075-b0de-9cb9c6cdeda7', '2025-12-09', '19:00:00', '5859185d-a602-42fe-aec0-9a4cdb4cf156', '7a88037b-65ad-41aa-9eeb-5c3eda035b34', '2025-12-03T04:50:03.607183', '2025-12-03T04:50:03.607183');
INSERT INTO movie_projections (id, projection_date, projection_time, cinema_hall_id, movie_id, created_at, updated_at) VALUES ('03cee68d-eca6-4ae6-991a-e56a13b5ff49', '2025-12-13', '22:00:00', '59c7d645-a77b-4f30-835f-ccceb08fee74', '7a88037b-65ad-41aa-9eeb-5c3eda035b34', '2025-12-03T04:50:03.607227', '2025-12-03T04:50:03.607227');
INSERT INTO movie_projections (id, projection_date, projection_time, cinema_hall_id, movie_id, created_at, updated_at) VALUES ('622de434-6cea-44b2-86ca-3b735f9da269', '2025-12-08', '13:00:00', '4be1241d-9e96-4024-a94a-8146a1b1e186', '7a88037b-65ad-41aa-9eeb-5c3eda035b34', '2025-12-03T04:50:03.607268', '2025-12-03T04:50:03.607268');
INSERT INTO movie_projections (id, projection_date, projection_time, cinema_hall_id, movie_id, created_at, updated_at) VALUES ('e44ae0b2-0e18-45b7-bd6b-f6a250e82406', '2025-12-11', '10:00:00', '4be1241d-9e96-4024-a94a-8146a1b1e186', '7a88037b-65ad-41aa-9eeb-5c3eda035b34', '2025-12-03T04:50:03.607310', '2025-12-03T04:50:03.607310');
INSERT INTO movie_projections (id, projection_date, projection_time, cinema_hall_id, movie_id, created_at, updated_at) VALUES ('b3edde8f-e88b-4015-9f9c-d81fa3650b06', '2025-12-12', '19:00:00', '59c7d645-a77b-4f30-835f-ccceb08fee74', '7a88037b-65ad-41aa-9eeb-5c3eda035b34', '2025-12-03T04:50:03.607359', '2025-12-03T04:50:03.607359');
INSERT INTO movie_projections (id, projection_date, projection_time, cinema_hall_id, movie_id, created_at, updated_at) VALUES ('5b6bf9a5-f0fd-4176-a87e-2fdad757d8a0', '2025-12-11', '19:00:00', '685ad785-6ee0-494a-b94a-18c303602355', '9b5e6739-cc78-4b18-9e84-667ff60c4921', '2025-12-03T04:50:03.607420', '2025-12-03T04:50:03.607420');
INSERT INTO movie_projections (id, projection_date, projection_time, cinema_hall_id, movie_id, created_at, updated_at) VALUES ('533d511a-cfe5-4dba-8b28-5392bbb2827f', '2025-12-11', '19:00:00', '5859185d-a602-42fe-aec0-9a4cdb4cf156', '9b5e6739-cc78-4b18-9e84-667ff60c4921', '2025-12-03T04:50:03.607468', '2025-12-03T04:50:03.607468');
INSERT INTO movie_projections (id, projection_date, projection_time, cinema_hall_id, movie_id, created_at, updated_at) VALUES ('f3f03032-a0d0-47a6-ad2d-ef3c260a9723', '2025-12-09', '13:00:00', '9650ae5e-fa19-4108-95f6-a4ada4baa9ec', '9b5e6739-cc78-4b18-9e84-667ff60c4921', '2025-12-03T04:50:03.607519', '2025-12-03T04:50:03.607519');
INSERT INTO movie_projections (id, projection_date, projection_time, cinema_hall_id, movie_id, created_at, updated_at) VALUES ('081147bb-3b62-4fc4-a264-7e30512984cc', '2025-12-06', '19:00:00', '7017f84b-b88f-438a-8740-532998a9776e', '9b5e6739-cc78-4b18-9e84-667ff60c4921', '2025-12-03T04:50:03.607570', '2025-12-03T04:50:03.607570');
INSERT INTO movie_projections (id, projection_date, projection_time, cinema_hall_id, movie_id, created_at, updated_at) VALUES ('aaa0fa58-2c33-452c-b0a6-9cd7a5c05426', '2025-12-10', '22:00:00', '979f568e-d632-4576-9484-7f0ac798ba20', '9b5e6739-cc78-4b18-9e84-667ff60c4921', '2025-12-03T04:50:03.607615', '2025-12-03T04:50:03.607615');
INSERT INTO movie_projections (id, projection_date, projection_time, cinema_hall_id, movie_id, created_at, updated_at) VALUES ('425490d3-0132-47d8-83df-630c5ce01960', '2025-12-07', '16:00:00', 'dbf5aae0-e81d-4f4b-88c1-f355c9978e50', '9b5e6739-cc78-4b18-9e84-667ff60c4921', '2025-12-03T04:50:03.607660', '2025-12-03T04:50:03.607660');
INSERT INTO movie_projections (id, projection_date, projection_time, cinema_hall_id, movie_id, created_at, updated_at) VALUES ('c586ed5c-0373-41b1-b0ee-df4d6c8913d3', '2025-12-08', '13:00:00', 'b10085e8-fbdb-4a0a-82ac-432e07c9c0f1', '9b5e6739-cc78-4b18-9e84-667ff60c4921', '2025-12-03T04:50:03.607690', '2025-12-03T04:50:03.607690');
INSERT INTO movie_projections (id, projection_date, projection_time, cinema_hall_id, movie_id, created_at, updated_at) VALUES ('3fe96fe5-1db9-4ad8-bbdb-b802e7e7d4c5', '2025-12-09', '19:00:00', '8f284e20-ba1e-484c-a011-98db1acee7db', '9b5e6739-cc78-4b18-9e84-667ff60c4921', '2025-12-03T04:50:03.607715', '2025-12-03T04:50:03.607715');
INSERT INTO movie_projections (id, projection_date, projection_time, cinema_hall_id, movie_id, created_at, updated_at) VALUES ('696f0865-52cb-4ae8-be80-5c0e5b7daf52', '2025-12-06', '19:00:00', 'f09882fa-12ec-434a-b867-abeca8332f23', '9b5e6739-cc78-4b18-9e84-667ff60c4921', '2025-12-03T04:50:03.607740', '2025-12-03T04:50:03.607740');
INSERT INTO movie_projections (id, projection_date, projection_time, cinema_hall_id, movie_id, created_at, updated_at) VALUES ('96be47fd-016a-4af2-bba3-a5a90c7ceb41', '2025-12-10', '22:00:00', '4be1241d-9e96-4024-a94a-8146a1b1e186', '9b5e6739-cc78-4b18-9e84-667ff60c4921', '2025-12-03T04:50:03.607765', '2025-12-03T04:50:03.607765');
INSERT INTO movie_projections (id, projection_date, projection_time, cinema_hall_id, movie_id, created_at, updated_at) VALUES ('74cde0fc-4b2a-4991-ac90-aafd6bd888f6', '2025-12-04', '10:00:00', 'c37deb55-0cbf-43de-8d67-0bc6e644a54f', '9b5e6739-cc78-4b18-9e84-667ff60c4921', '2025-12-03T04:50:03.607790', '2025-12-03T04:50:03.607790');
INSERT INTO movie_projections (id, projection_date, projection_time, cinema_hall_id, movie_id, created_at, updated_at) VALUES ('9402e44a-8e50-4fe1-9744-c694c40d5f75', '2025-12-04', '19:00:00', 'c37deb55-0cbf-43de-8d67-0bc6e644a54f', '9b5e6739-cc78-4b18-9e84-667ff60c4921', '2025-12-03T04:50:03.607818', '2025-12-03T04:50:03.607818');
INSERT INTO movie_projections (id, projection_date, projection_time, cinema_hall_id, movie_id, created_at, updated_at) VALUES ('77c438a8-42f0-4616-8133-237c0963039f', '2025-12-08', '10:00:00', 'fefbeed0-f44e-4b6b-98bb-a7a97cc3d06e', '9b5e6739-cc78-4b18-9e84-667ff60c4921', '2025-12-03T04:50:03.607846', '2025-12-03T04:50:03.607846');
INSERT INTO movie_projections (id, projection_date, projection_time, cinema_hall_id, movie_id, created_at, updated_at) VALUES ('7367a06b-1138-464f-b7d5-ff52a75a4f2b', '2025-12-08', '22:00:00', '979f568e-d632-4576-9484-7f0ac798ba20', '9b5e6739-cc78-4b18-9e84-667ff60c4921', '2025-12-03T04:50:03.607878', '2025-12-03T04:50:03.607878');
INSERT INTO movie_projections (id, projection_date, projection_time, cinema_hall_id, movie_id, created_at, updated_at) VALUES ('ab13e6da-0f88-4c76-8912-65d907dd35f2', '2025-12-05', '16:00:00', '6cdfdbe1-103f-401e-91c9-5708d17e8c7f', '9b5e6739-cc78-4b18-9e84-667ff60c4921', '2025-12-03T04:50:03.607903', '2025-12-03T04:50:03.607903');
INSERT INTO movie_projections (id, projection_date, projection_time, cinema_hall_id, movie_id, created_at, updated_at) VALUES ('8a798bca-c530-43d7-85e8-554d971a084b', '2025-12-05', '16:00:00', '5c8d7f47-cdbf-4519-b041-ce7b0fae2181', '9b5e6739-cc78-4b18-9e84-667ff60c4921', '2025-12-03T04:50:03.607930', '2025-12-03T04:50:03.607930');
INSERT INTO movie_projections (id, projection_date, projection_time, cinema_hall_id, movie_id, created_at, updated_at) VALUES ('08bd0fa5-0ed0-4551-9d55-79552ef6b62a', '2025-12-04', '19:00:00', '2b9fa946-6da8-4721-b194-d71a5637de5e', '9b5e6739-cc78-4b18-9e84-667ff60c4921', '2025-12-03T04:50:03.607955', '2025-12-03T04:50:03.607955');
INSERT INTO movie_projections (id, projection_date, projection_time, cinema_hall_id, movie_id, created_at, updated_at) VALUES ('db5e0bdf-0e6c-48d9-a4aa-ae2219e46f21', '2025-12-08', '19:00:00', '8f284e20-ba1e-484c-a011-98db1acee7db', '9b5e6739-cc78-4b18-9e84-667ff60c4921', '2025-12-03T04:50:03.607981', '2025-12-03T04:50:03.607981');
INSERT INTO movie_projections (id, projection_date, projection_time, cinema_hall_id, movie_id, created_at, updated_at) VALUES ('4782b7b0-819c-493e-a38d-ab86cce91299', '2025-12-12', '19:00:00', 'dde99b3d-bd97-4c5b-ae57-89d16040945b', '9b5e6739-cc78-4b18-9e84-667ff60c4921', '2025-12-03T04:50:03.608006', '2025-12-03T04:50:03.608006');
INSERT INTO movie_projections (id, projection_date, projection_time, cinema_hall_id, movie_id, created_at, updated_at) VALUES ('f2bb49b9-159e-4030-8051-27f2e1dd5364', '2025-12-05', '22:00:00', '8f284e20-ba1e-484c-a011-98db1acee7db', '9b5e6739-cc78-4b18-9e84-667ff60c4921', '2025-12-03T04:50:03.608033', '2025-12-03T04:50:03.608033');
INSERT INTO movie_projections (id, projection_date, projection_time, cinema_hall_id, movie_id, created_at, updated_at) VALUES ('2dc5ccc7-fd77-4c0c-ba1f-934cd5b63479', '2025-12-08', '22:00:00', 'b10085e8-fbdb-4a0a-82ac-432e07c9c0f1', '9b5e6739-cc78-4b18-9e84-667ff60c4921', '2025-12-03T04:50:03.608075', '2025-12-03T04:50:03.608075');
INSERT INTO movie_projections (id, projection_date, projection_time, cinema_hall_id, movie_id, created_at, updated_at) VALUES ('4953b592-643e-42e6-a94a-0b47c8e1d44c', '2025-12-11', '16:00:00', 'efb6b7e3-a091-4998-a41f-57ef6a4a30bc', '9b5e6739-cc78-4b18-9e84-667ff60c4921', '2025-12-03T04:50:03.608122', '2025-12-03T04:50:03.608122');
INSERT INTO movie_projections (id, projection_date, projection_time, cinema_hall_id, movie_id, created_at, updated_at) VALUES ('dea01186-4aba-47e3-9f18-689ef140ea16', '2025-12-12', '19:00:00', '852f356a-c599-4b97-bee8-0f93ca9b5f0a', '9b5e6739-cc78-4b18-9e84-667ff60c4921', '2025-12-03T04:50:03.608165', '2025-12-03T04:50:03.608165');
INSERT INTO movie_projections (id, projection_date, projection_time, cinema_hall_id, movie_id, created_at, updated_at) VALUES ('7f302de5-f470-433f-99d2-f7d14c9741fd', '2025-12-07', '19:00:00', '4be1241d-9e96-4024-a94a-8146a1b1e186', '9b5e6739-cc78-4b18-9e84-667ff60c4921', '2025-12-03T04:50:03.608215', '2025-12-03T04:50:03.608215');
INSERT INTO movie_projections (id, projection_date, projection_time, cinema_hall_id, movie_id, created_at, updated_at) VALUES ('893ffe85-e179-46d2-bbc8-01df0a76d16e', '2025-12-11', '16:00:00', '4be1241d-9e96-4024-a94a-8146a1b1e186', '9b5e6739-cc78-4b18-9e84-667ff60c4921', '2025-12-03T04:50:03.608258', '2025-12-03T04:50:03.608258');
INSERT INTO movie_projections (id, projection_date, projection_time, cinema_hall_id, movie_id, created_at, updated_at) VALUES ('517400bd-7628-4b76-9d53-a7650f33d81e', '2025-12-09', '10:00:00', '5c8d7f47-cdbf-4519-b041-ce7b0fae2181', '9b5e6739-cc78-4b18-9e84-667ff60c4921', '2025-12-03T04:50:03.608284', '2025-12-03T04:50:03.608284');
INSERT INTO movie_projections (id, projection_date, projection_time, cinema_hall_id, movie_id, created_at, updated_at) VALUES ('ee815cf0-1034-4ef8-83a5-a6b75221160f', '2025-12-10', '22:00:00', 'efb6b7e3-a091-4998-a41f-57ef6a4a30bc', '9b5e6739-cc78-4b18-9e84-667ff60c4921', '2025-12-03T04:50:03.608309', '2025-12-03T04:50:03.608309');
INSERT INTO movie_projections (id, projection_date, projection_time, cinema_hall_id, movie_id, created_at, updated_at) VALUES ('5d6a0e7f-a96c-4b80-bc53-79ce2d4a9b5f', '2025-12-05', '19:00:00', 'd3077cf2-2082-4360-b38f-ed1697f2a8d8', '9b5e6739-cc78-4b18-9e84-667ff60c4921', '2025-12-03T04:50:03.608337', '2025-12-03T04:50:03.608337');
INSERT INTO movie_projections (id, projection_date, projection_time, cinema_hall_id, movie_id, created_at, updated_at) VALUES ('6c393d3c-545e-4c70-a39e-1fd92f075295', '2025-12-10', '16:00:00', '9650ae5e-fa19-4108-95f6-a4ada4baa9ec', '9b5e6739-cc78-4b18-9e84-667ff60c4921', '2025-12-03T04:50:03.608364', '2025-12-03T04:50:03.608364');
INSERT INTO movie_projections (id, projection_date, projection_time, cinema_hall_id, movie_id, created_at, updated_at) VALUES ('d2413d42-eebb-41a1-9fbd-4fd02a911c62', '2025-12-13', '19:00:00', '2b9fa946-6da8-4721-b194-d71a5637de5e', '9b5e6739-cc78-4b18-9e84-667ff60c4921', '2025-12-03T04:50:03.608400', '2025-12-03T04:50:03.608400');
INSERT INTO movie_projections (id, projection_date, projection_time, cinema_hall_id, movie_id, created_at, updated_at) VALUES ('4c9eb2d6-72dd-41ef-b3e0-06001150d885', '2025-12-05', '10:00:00', 'fefbeed0-f44e-4b6b-98bb-a7a97cc3d06e', '9b5e6739-cc78-4b18-9e84-667ff60c4921', '2025-12-03T04:50:03.608429', '2025-12-03T04:50:03.608429');
INSERT INTO movie_projections (id, projection_date, projection_time, cinema_hall_id, movie_id, created_at, updated_at) VALUES ('d42b24a7-bb96-41d7-aa24-3f01d00fb57b', '2025-12-07', '22:00:00', '1bc5ac50-39ea-4d16-a513-03a7426fc8f1', '9b5e6739-cc78-4b18-9e84-667ff60c4921', '2025-12-03T04:50:03.608455', '2025-12-03T04:50:03.608455');
INSERT INTO movie_projections (id, projection_date, projection_time, cinema_hall_id, movie_id, created_at, updated_at) VALUES ('dd00fc75-08b6-422e-91b1-2cdedf1a94d9', '2025-12-08', '16:00:00', 'd3a92a18-1639-445d-b39e-0db80203b9e2', '9b5e6739-cc78-4b18-9e84-667ff60c4921', '2025-12-03T04:50:03.608480', '2025-12-03T04:50:03.608480');
INSERT INTO movie_projections (id, projection_date, projection_time, cinema_hall_id, movie_id, created_at, updated_at) VALUES ('9e648cd7-3a0b-40ae-8f53-163d79a63ffd', '2025-12-10', '19:00:00', 'dde99b3d-bd97-4c5b-ae57-89d16040945b', '9b5e6739-cc78-4b18-9e84-667ff60c4921', '2025-12-03T04:50:03.608505', '2025-12-03T04:50:03.608505');
INSERT INTO movie_projections (id, projection_date, projection_time, cinema_hall_id, movie_id, created_at, updated_at) VALUES ('e82ba7f9-2cf6-4ecd-ab6a-82ceb6fd4964', '2025-12-10', '16:00:00', '4106e3e9-3832-4b8b-9861-d106e07ef913', '9b5e6739-cc78-4b18-9e84-667ff60c4921', '2025-12-03T04:50:03.608536', '2025-12-03T04:50:03.608536');
INSERT INTO movie_projections (id, projection_date, projection_time, cinema_hall_id, movie_id, created_at, updated_at) VALUES ('80cd634e-10ee-4ca9-964f-35e47ce7fbac', '2025-12-11', '16:00:00', '26eccb22-f786-4866-925a-3571f437f887', '9b5e6739-cc78-4b18-9e84-667ff60c4921', '2025-12-03T04:50:03.608564', '2025-12-03T04:50:03.608564');
INSERT INTO movie_projections (id, projection_date, projection_time, cinema_hall_id, movie_id, created_at, updated_at) VALUES ('2ef04381-d1da-4763-99bb-12571094f0d0', '2025-12-04', '16:00:00', '26eccb22-f786-4866-925a-3571f437f887', '9b5e6739-cc78-4b18-9e84-667ff60c4921', '2025-12-03T04:50:03.608589', '2025-12-03T04:50:03.608589');
INSERT INTO movie_projections (id, projection_date, projection_time, cinema_hall_id, movie_id, created_at, updated_at) VALUES ('9b1b00cb-dbd4-4477-aa69-3488aa03b596', '2025-12-07', '19:00:00', '852f356a-c599-4b97-bee8-0f93ca9b5f0a', '9b5e6739-cc78-4b18-9e84-667ff60c4921', '2025-12-03T04:50:03.608613', '2025-12-03T04:50:03.608613');
INSERT INTO movie_projections (id, projection_date, projection_time, cinema_hall_id, movie_id, created_at, updated_at) VALUES ('f7ea98bb-4e45-4269-81af-5e386ac83dc1', '2025-12-13', '22:00:00', '8f284e20-ba1e-484c-a011-98db1acee7db', '9b5e6739-cc78-4b18-9e84-667ff60c4921', '2025-12-03T04:50:03.608638', '2025-12-03T04:50:03.608638');
INSERT INTO movie_projections (id, projection_date, projection_time, cinema_hall_id, movie_id, created_at, updated_at) VALUES ('d0522924-e10b-4db7-9611-be4572835d37', '2025-12-07', '13:00:00', '1bc5ac50-39ea-4d16-a513-03a7426fc8f1', '9b5e6739-cc78-4b18-9e84-667ff60c4921', '2025-12-03T04:50:03.608663', '2025-12-03T04:50:03.608663');
INSERT INTO movie_projections (id, projection_date, projection_time, cinema_hall_id, movie_id, created_at, updated_at) VALUES ('4bb2919b-15b2-4bf9-b49e-21c530258f2b', '2025-12-09', '13:00:00', '7017f84b-b88f-438a-8740-532998a9776e', '1eef9424-38df-45ab-9cf1-094281b316c7', '2025-12-03T04:50:03.608693', '2025-12-03T04:50:03.608693');
INSERT INTO movie_projections (id, projection_date, projection_time, cinema_hall_id, movie_id, created_at, updated_at) VALUES ('392c23cd-e773-4649-b346-af9b285c7f33', '2025-12-06', '19:00:00', '685ad785-6ee0-494a-b94a-18c303602355', '1eef9424-38df-45ab-9cf1-094281b316c7', '2025-12-03T04:50:03.608718', '2025-12-03T04:50:03.608718');
INSERT INTO movie_projections (id, projection_date, projection_time, cinema_hall_id, movie_id, created_at, updated_at) VALUES ('ca5e9107-ea5c-4ecc-8d70-b85ec61922ff', '2025-12-06', '10:00:00', '73bc759c-0af5-48b5-9d76-e26ecc179018', '1eef9424-38df-45ab-9cf1-094281b316c7', '2025-12-03T04:50:03.608743', '2025-12-03T04:50:03.608743');
INSERT INTO movie_projections (id, projection_date, projection_time, cinema_hall_id, movie_id, created_at, updated_at) VALUES ('9114add9-8494-4aad-a621-f1fe395bbf09', '2025-12-04', '16:00:00', '4ece4889-d0f6-4d87-9a48-2de3f8ae361d', '1eef9424-38df-45ab-9cf1-094281b316c7', '2025-12-03T04:50:03.608770', '2025-12-03T04:50:03.608770');
INSERT INTO movie_projections (id, projection_date, projection_time, cinema_hall_id, movie_id, created_at, updated_at) VALUES ('ff949cbf-91a8-47f8-b3c5-b4daa7126a8d', '2025-12-11', '16:00:00', 'e1909a58-0717-4701-b626-cc81fb949cef', '1eef9424-38df-45ab-9cf1-094281b316c7', '2025-12-03T04:50:03.608800', '2025-12-03T04:50:03.608800');
INSERT INTO movie_projections (id, projection_date, projection_time, cinema_hall_id, movie_id, created_at, updated_at) VALUES ('0112cff0-6287-4fce-a4c1-2f0b0fd6b6f1', '2025-12-04', '16:00:00', 'fefbeed0-f44e-4b6b-98bb-a7a97cc3d06e', '1eef9424-38df-45ab-9cf1-094281b316c7', '2025-12-03T04:50:03.608828', '2025-12-03T04:50:03.608828');
INSERT INTO movie_projections (id, projection_date, projection_time, cinema_hall_id, movie_id, created_at, updated_at) VALUES ('e52b743c-08d2-43e0-af0b-1378f97531db', '2025-12-09', '16:00:00', '7017f84b-b88f-438a-8740-532998a9776e', '1eef9424-38df-45ab-9cf1-094281b316c7', '2025-12-03T04:50:03.608854', '2025-12-03T04:50:03.608854');
INSERT INTO movie_projections (id, projection_date, projection_time, cinema_hall_id, movie_id, created_at, updated_at) VALUES ('90f9203b-5e3f-490e-84d8-d38c55fd6456', '2025-12-06', '16:00:00', '2b9fa946-6da8-4721-b194-d71a5637de5e', '1eef9424-38df-45ab-9cf1-094281b316c7', '2025-12-03T04:50:03.608879', '2025-12-03T04:50:03.608879');
INSERT INTO movie_projections (id, projection_date, projection_time, cinema_hall_id, movie_id, created_at, updated_at) VALUES ('418fae3c-6104-4920-9888-54c319cd0f5a', '2025-12-06', '19:00:00', '69838be8-afbb-48b1-a1a8-7e2e374b01b5', '1eef9424-38df-45ab-9cf1-094281b316c7', '2025-12-03T04:50:03.608906', '2025-12-03T04:50:03.608906');
INSERT INTO movie_projections (id, projection_date, projection_time, cinema_hall_id, movie_id, created_at, updated_at) VALUES ('7b94b0bc-547a-4097-9ac8-54ba39cb3bf7', '2025-12-13', '16:00:00', 'e1909a58-0717-4701-b626-cc81fb949cef', '1eef9424-38df-45ab-9cf1-094281b316c7', '2025-12-03T04:50:03.608931', '2025-12-03T04:50:03.608931');
INSERT INTO movie_projections (id, projection_date, projection_time, cinema_hall_id, movie_id, created_at, updated_at) VALUES ('c81880da-5e46-4bff-bcc5-56371c066d32', '2025-12-05', '22:00:00', '73bc759c-0af5-48b5-9d76-e26ecc179018', '1eef9424-38df-45ab-9cf1-094281b316c7', '2025-12-03T04:50:03.608956', '2025-12-03T04:50:03.608956');
INSERT INTO movie_projections (id, projection_date, projection_time, cinema_hall_id, movie_id, created_at, updated_at) VALUES ('7340a7df-7d74-43bc-909a-ac40b022773b', '2025-12-06', '22:00:00', '4be1241d-9e96-4024-a94a-8146a1b1e186', '1eef9424-38df-45ab-9cf1-094281b316c7', '2025-12-03T04:50:03.608984', '2025-12-03T04:50:03.608984');
INSERT INTO movie_projections (id, projection_date, projection_time, cinema_hall_id, movie_id, created_at, updated_at) VALUES ('626641e6-c217-4106-8f96-550d99bce8ed', '2025-12-04', '16:00:00', 'd3077cf2-2082-4360-b38f-ed1697f2a8d8', '1eef9424-38df-45ab-9cf1-094281b316c7', '2025-12-03T04:50:03.609009', '2025-12-03T04:50:03.609009');
INSERT INTO movie_projections (id, projection_date, projection_time, cinema_hall_id, movie_id, created_at, updated_at) VALUES ('2651a3e2-1566-4bed-b7cd-822357c12099', '2025-12-11', '10:00:00', '73bc759c-0af5-48b5-9d76-e26ecc179018', '1eef9424-38df-45ab-9cf1-094281b316c7', '2025-12-03T04:50:03.609034', '2025-12-03T04:50:03.609034');
INSERT INTO movie_projections (id, projection_date, projection_time, cinema_hall_id, movie_id, created_at, updated_at) VALUES ('c0f12c97-23b3-47c5-b30a-b007fd9a95a7', '2025-12-12', '10:00:00', '26eccb22-f786-4866-925a-3571f437f887', '1eef9424-38df-45ab-9cf1-094281b316c7', '2025-12-03T04:50:03.609058', '2025-12-03T04:50:03.609058');
INSERT INTO movie_projections (id, projection_date, projection_time, cinema_hall_id, movie_id, created_at, updated_at) VALUES ('1d361fd0-b202-4ba3-b2d8-de0ab14878cd', '2025-12-05', '13:00:00', '4be1241d-9e96-4024-a94a-8146a1b1e186', '1eef9424-38df-45ab-9cf1-094281b316c7', '2025-12-03T04:50:03.609087', '2025-12-03T04:50:03.609087');
INSERT INTO movie_projections (id, projection_date, projection_time, cinema_hall_id, movie_id, created_at, updated_at) VALUES ('b24809a8-a06d-4500-980c-edda84c9eedd', '2025-12-12', '10:00:00', '852f356a-c599-4b97-bee8-0f93ca9b5f0a', '1eef9424-38df-45ab-9cf1-094281b316c7', '2025-12-03T04:50:03.609113', '2025-12-03T04:50:03.609113');
INSERT INTO movie_projections (id, projection_date, projection_time, cinema_hall_id, movie_id, created_at, updated_at) VALUES ('1b3d9267-cac1-42c2-847c-206abf26fc16', '2025-12-06', '10:00:00', '5c8d7f47-cdbf-4519-b041-ce7b0fae2181', '1eef9424-38df-45ab-9cf1-094281b316c7', '2025-12-03T04:50:03.609138', '2025-12-03T04:50:03.609138');
INSERT INTO movie_projections (id, projection_date, projection_time, cinema_hall_id, movie_id, created_at, updated_at) VALUES ('7b472343-7383-4bd2-8dc1-33752d1b019e', '2025-12-09', '22:00:00', '8f284e20-ba1e-484c-a011-98db1acee7db', '1eef9424-38df-45ab-9cf1-094281b316c7', '2025-12-03T04:50:03.609164', '2025-12-03T04:50:03.609164');
INSERT INTO movie_projections (id, projection_date, projection_time, cinema_hall_id, movie_id, created_at, updated_at) VALUES ('20b3e708-ee6f-44e2-a950-e3c8f5b043c7', '2025-12-13', '13:00:00', '69838be8-afbb-48b1-a1a8-7e2e374b01b5', '1eef9424-38df-45ab-9cf1-094281b316c7', '2025-12-03T04:50:03.609191', '2025-12-03T04:50:03.609191');
INSERT INTO movie_projections (id, projection_date, projection_time, cinema_hall_id, movie_id, created_at, updated_at) VALUES ('b518c6f5-d1da-4ad0-af81-73f0fe3a2814', '2025-12-12', '13:00:00', 'c37deb55-0cbf-43de-8d67-0bc6e644a54f', '1eef9424-38df-45ab-9cf1-094281b316c7', '2025-12-03T04:50:03.609216', '2025-12-03T04:50:03.609216');
INSERT INTO movie_projections (id, projection_date, projection_time, cinema_hall_id, movie_id, created_at, updated_at) VALUES ('ae8e0bd0-4285-494c-a961-d8cce07e7a2e', '2025-12-12', '10:00:00', 'b5e4e43e-89e5-40a6-827f-e9a6c93a6d01', '1eef9424-38df-45ab-9cf1-094281b316c7', '2025-12-03T04:50:03.609241', '2025-12-03T04:50:03.609241');
INSERT INTO movie_projections (id, projection_date, projection_time, cinema_hall_id, movie_id, created_at, updated_at) VALUES ('c69665f0-f5a6-4185-9479-4e2c67b070b5', '2025-12-04', '19:00:00', '4be1241d-9e96-4024-a94a-8146a1b1e186', '1eef9424-38df-45ab-9cf1-094281b316c7', '2025-12-03T04:50:03.609266', '2025-12-03T04:50:03.609266');
INSERT INTO movie_projections (id, projection_date, projection_time, cinema_hall_id, movie_id, created_at, updated_at) VALUES ('c3d4911c-d460-4220-89ba-582d32e29c7e', '2025-12-04', '10:00:00', 'a0ad9682-ff17-4c82-9607-b39f38263997', '1eef9424-38df-45ab-9cf1-094281b316c7', '2025-12-03T04:50:03.609291', '2025-12-03T04:50:03.609291');
INSERT INTO movie_projections (id, projection_date, projection_time, cinema_hall_id, movie_id, created_at, updated_at) VALUES ('a2836b0e-00c2-470f-a710-3a8b49e287e2', '2025-12-12', '10:00:00', '69838be8-afbb-48b1-a1a8-7e2e374b01b5', '1eef9424-38df-45ab-9cf1-094281b316c7', '2025-12-03T04:50:03.609316', '2025-12-03T04:50:03.609316');
INSERT INTO movie_projections (id, projection_date, projection_time, cinema_hall_id, movie_id, created_at, updated_at) VALUES ('afbb9b99-499f-4cc1-9b3b-6cb3224fa8c6', '2025-12-05', '10:00:00', '9650ae5e-fa19-4108-95f6-a4ada4baa9ec', '1eef9424-38df-45ab-9cf1-094281b316c7', '2025-12-03T04:50:03.609348', '2025-12-03T04:50:03.609348');
INSERT INTO movie_projections (id, projection_date, projection_time, cinema_hall_id, movie_id, created_at, updated_at) VALUES ('247ca051-1a7d-403a-8cf3-00f3079c87de', '2025-12-12', '16:00:00', '9650ae5e-fa19-4108-95f6-a4ada4baa9ec', '1eef9424-38df-45ab-9cf1-094281b316c7', '2025-12-03T04:50:03.609382', '2025-12-03T04:50:03.609382');
INSERT INTO movie_projections (id, projection_date, projection_time, cinema_hall_id, movie_id, created_at, updated_at) VALUES ('a5397cc8-18fe-441b-98de-c10e0d77d90b', '2025-12-09', '19:00:00', '979f568e-d632-4576-9484-7f0ac798ba20', '1eef9424-38df-45ab-9cf1-094281b316c7', '2025-12-03T04:50:03.609471', '2025-12-03T04:50:03.609471');
INSERT INTO movie_projections (id, projection_date, projection_time, cinema_hall_id, movie_id, created_at, updated_at) VALUES ('0eea7b1d-8872-48f3-b700-e2614b9a3b93', '2025-12-11', '22:00:00', '26eccb22-f786-4866-925a-3571f437f887', '1eef9424-38df-45ab-9cf1-094281b316c7', '2025-12-03T04:50:03.609550', '2025-12-03T04:50:03.609550');
INSERT INTO movie_projections (id, projection_date, projection_time, cinema_hall_id, movie_id, created_at, updated_at) VALUES ('ec94b64a-e50e-41c2-b478-2ba2dea39bdf', '2025-12-05', '10:00:00', '5859185d-a602-42fe-aec0-9a4cdb4cf156', '1eef9424-38df-45ab-9cf1-094281b316c7', '2025-12-03T04:50:03.609640', '2025-12-03T04:50:03.609640');
INSERT INTO movie_projections (id, projection_date, projection_time, cinema_hall_id, movie_id, created_at, updated_at) VALUES ('9e2297c8-caf9-431d-b816-dbd2b536984c', '2025-12-06', '16:00:00', '8f284e20-ba1e-484c-a011-98db1acee7db', '1eef9424-38df-45ab-9cf1-094281b316c7', '2025-12-03T04:50:03.609726', '2025-12-03T04:50:03.609726');
INSERT INTO movie_projections (id, projection_date, projection_time, cinema_hall_id, movie_id, created_at, updated_at) VALUES ('31ede4b4-a31a-4ba6-8641-c4b7e129e274', '2025-12-11', '22:00:00', 'dde99b3d-bd97-4c5b-ae57-89d16040945b', '1eef9424-38df-45ab-9cf1-094281b316c7', '2025-12-03T04:50:03.609811', '2025-12-03T04:50:03.609811');
INSERT INTO movie_projections (id, projection_date, projection_time, cinema_hall_id, movie_id, created_at, updated_at) VALUES ('17a01361-d016-47a2-ae70-1dc2ba5688a8', '2025-12-05', '10:00:00', '2b9fa946-6da8-4721-b194-d71a5637de5e', '1eef9424-38df-45ab-9cf1-094281b316c7', '2025-12-03T04:50:03.609891', '2025-12-03T04:50:03.609891');
INSERT INTO movie_projections (id, projection_date, projection_time, cinema_hall_id, movie_id, created_at, updated_at) VALUES ('431942b2-58e2-4023-aeb7-d63372b1bc34', '2025-12-13', '16:00:00', 'b10085e8-fbdb-4a0a-82ac-432e07c9c0f1', '1eef9424-38df-45ab-9cf1-094281b316c7', '2025-12-03T04:50:03.609961', '2025-12-03T04:50:03.609961');
INSERT INTO movie_projections (id, projection_date, projection_time, cinema_hall_id, movie_id, created_at, updated_at) VALUES ('ce75644c-0ea9-4edc-9fab-5212165b4bbf', '2025-12-06', '10:00:00', '59c7d645-a77b-4f30-835f-ccceb08fee74', '1eef9424-38df-45ab-9cf1-094281b316c7', '2025-12-03T04:50:03.610028', '2025-12-03T04:50:03.610028');
INSERT INTO movie_projections (id, projection_date, projection_time, cinema_hall_id, movie_id, created_at, updated_at) VALUES ('fe564b53-00ee-4f6d-92bf-949b8cd2e8ef', '2025-12-10', '19:00:00', '7017f84b-b88f-438a-8740-532998a9776e', '1eef9424-38df-45ab-9cf1-094281b316c7', '2025-12-03T04:50:03.610098', '2025-12-03T04:50:03.610098');
INSERT INTO movie_projections (id, projection_date, projection_time, cinema_hall_id, movie_id, created_at, updated_at) VALUES ('f57d56c1-0475-44ef-a01e-286852f6d216', '2025-12-11', '13:00:00', '9650ae5e-fa19-4108-95f6-a4ada4baa9ec', '1eef9424-38df-45ab-9cf1-094281b316c7', '2025-12-03T04:50:03.610219', '2025-12-03T04:50:03.610219');
INSERT INTO movie_projections (id, projection_date, projection_time, cinema_hall_id, movie_id, created_at, updated_at) VALUES ('832032b5-1938-49e9-a5bd-6f294471fe7b', '2025-12-13', '10:00:00', 'dde99b3d-bd97-4c5b-ae57-89d16040945b', '1eef9424-38df-45ab-9cf1-094281b316c7', '2025-12-03T04:50:03.610330', '2025-12-03T04:50:03.610330');
INSERT INTO movie_projections (id, projection_date, projection_time, cinema_hall_id, movie_id, created_at, updated_at) VALUES ('185b77d8-df7d-4058-b6f1-8c9e62a010c5', '2025-12-06', '22:00:00', 'f0e8217b-bbaa-40d5-9aad-525f7ff78fea', '1eef9424-38df-45ab-9cf1-094281b316c7', '2025-12-03T04:50:03.610443', '2025-12-03T04:50:03.610443');
INSERT INTO movie_projections (id, projection_date, projection_time, cinema_hall_id, movie_id, created_at, updated_at) VALUES ('01ee2b01-21bd-4bf9-9704-ef5c7ab1e503', '2025-12-07', '19:00:00', '9650ae5e-fa19-4108-95f6-a4ada4baa9ec', '1eef9424-38df-45ab-9cf1-094281b316c7', '2025-12-03T04:50:03.610559', '2025-12-03T04:50:03.610559');
INSERT INTO movie_projections (id, projection_date, projection_time, cinema_hall_id, movie_id, created_at, updated_at) VALUES ('a5fec5df-3be3-4c46-a841-f284ea4b50c7', '2025-12-12', '10:00:00', '8f284e20-ba1e-484c-a011-98db1acee7db', 'bedb239c-fc58-4580-a6db-957ba1c9ab2d', '2025-12-03T04:50:03.610621', '2025-12-03T04:50:03.610621');
INSERT INTO movie_projections (id, projection_date, projection_time, cinema_hall_id, movie_id, created_at, updated_at) VALUES ('9cb2f806-be06-423e-a813-31d8f2c1de8f', '2025-12-12', '22:00:00', '73bc759c-0af5-48b5-9d76-e26ecc179018', 'bedb239c-fc58-4580-a6db-957ba1c9ab2d', '2025-12-03T04:50:03.610657', '2025-12-03T04:50:03.610657');
INSERT INTO movie_projections (id, projection_date, projection_time, cinema_hall_id, movie_id, created_at, updated_at) VALUES ('774167e1-a26d-4e5f-9093-9588e1c42be8', '2025-12-12', '10:00:00', '4106e3e9-3832-4b8b-9861-d106e07ef913', 'bedb239c-fc58-4580-a6db-957ba1c9ab2d', '2025-12-03T04:50:03.610682', '2025-12-03T04:50:03.610682');
INSERT INTO movie_projections (id, projection_date, projection_time, cinema_hall_id, movie_id, created_at, updated_at) VALUES ('8e7dc4ea-e31d-46bd-b129-b11be09aae3d', '2025-12-08', '16:00:00', 'b5e4e43e-89e5-40a6-827f-e9a6c93a6d01', 'bedb239c-fc58-4580-a6db-957ba1c9ab2d', '2025-12-03T04:50:03.610711', '2025-12-03T04:50:03.610711');
INSERT INTO movie_projections (id, projection_date, projection_time, cinema_hall_id, movie_id, created_at, updated_at) VALUES ('ca1f186f-cb5e-44f8-bb5a-8a65a89623b1', '2025-12-08', '13:00:00', '69838be8-afbb-48b1-a1a8-7e2e374b01b5', 'bedb239c-fc58-4580-a6db-957ba1c9ab2d', '2025-12-03T04:50:03.610736', '2025-12-03T04:50:03.610736');
INSERT INTO movie_projections (id, projection_date, projection_time, cinema_hall_id, movie_id, created_at, updated_at) VALUES ('ef685829-d70c-42f6-89a5-745cebc7dbb7', '2025-12-04', '16:00:00', '6cdfdbe1-103f-401e-91c9-5708d17e8c7f', 'bedb239c-fc58-4580-a6db-957ba1c9ab2d', '2025-12-03T04:50:03.610761', '2025-12-03T04:50:03.610761');
INSERT INTO movie_projections (id, projection_date, projection_time, cinema_hall_id, movie_id, created_at, updated_at) VALUES ('0aeb6c10-6ec8-4a94-a210-c3e9011934fd', '2025-12-09', '13:00:00', '73bc759c-0af5-48b5-9d76-e26ecc179018', 'bedb239c-fc58-4580-a6db-957ba1c9ab2d', '2025-12-03T04:50:03.610794', '2025-12-03T04:50:03.610794');
INSERT INTO movie_projections (id, projection_date, projection_time, cinema_hall_id, movie_id, created_at, updated_at) VALUES ('940d01e0-a940-4a03-83bf-c9661d578794', '2025-12-04', '22:00:00', '685ad785-6ee0-494a-b94a-18c303602355', 'bedb239c-fc58-4580-a6db-957ba1c9ab2d', '2025-12-03T04:50:03.610818', '2025-12-03T04:50:03.610818');
INSERT INTO movie_projections (id, projection_date, projection_time, cinema_hall_id, movie_id, created_at, updated_at) VALUES ('6c04475c-9e2c-403d-886d-23757949c30c', '2025-12-13', '22:00:00', '685ad785-6ee0-494a-b94a-18c303602355', 'bedb239c-fc58-4580-a6db-957ba1c9ab2d', '2025-12-03T04:50:03.610840', '2025-12-03T04:50:03.610840');
INSERT INTO movie_projections (id, projection_date, projection_time, cinema_hall_id, movie_id, created_at, updated_at) VALUES ('c370ebc7-d0a0-475b-a7f4-942b56b795f0', '2025-12-10', '22:00:00', 'dbf5aae0-e81d-4f4b-88c1-f355c9978e50', 'bedb239c-fc58-4580-a6db-957ba1c9ab2d', '2025-12-03T04:50:03.610862', '2025-12-03T04:50:03.610862');
INSERT INTO movie_projections (id, projection_date, projection_time, cinema_hall_id, movie_id, created_at, updated_at) VALUES ('62e86c0c-996a-4ac5-b1d3-db8b3c6e5022', '2025-12-13', '22:00:00', 'b10085e8-fbdb-4a0a-82ac-432e07c9c0f1', 'bedb239c-fc58-4580-a6db-957ba1c9ab2d', '2025-12-03T04:50:03.610884', '2025-12-03T04:50:03.610884');
INSERT INTO movie_projections (id, projection_date, projection_time, cinema_hall_id, movie_id, created_at, updated_at) VALUES ('282a87fd-def7-4419-8e3e-552f4fba920a', '2025-12-09', '16:00:00', '5859185d-a602-42fe-aec0-9a4cdb4cf156', 'bedb239c-fc58-4580-a6db-957ba1c9ab2d', '2025-12-03T04:50:03.610923', '2025-12-03T04:50:03.610923');
INSERT INTO movie_projections (id, projection_date, projection_time, cinema_hall_id, movie_id, created_at, updated_at) VALUES ('3b0023ec-2837-4660-8365-711af0ac7080', '2025-12-07', '19:00:00', '979f568e-d632-4576-9484-7f0ac798ba20', 'bedb239c-fc58-4580-a6db-957ba1c9ab2d', '2025-12-03T04:50:03.610966', '2025-12-03T04:50:03.610966');
INSERT INTO movie_projections (id, projection_date, projection_time, cinema_hall_id, movie_id, created_at, updated_at) VALUES ('681bab78-26e7-417e-8a0b-1d837c2a1bba', '2025-12-07', '10:00:00', 'e1909a58-0717-4701-b626-cc81fb949cef', 'bedb239c-fc58-4580-a6db-957ba1c9ab2d', '2025-12-03T04:50:03.611002', '2025-12-03T04:50:03.611002');
INSERT INTO movie_projections (id, projection_date, projection_time, cinema_hall_id, movie_id, created_at, updated_at) VALUES ('169a4cce-6e91-4f87-9d32-f211da5d5dcd', '2025-12-11', '10:00:00', '979f568e-d632-4576-9484-7f0ac798ba20', 'bedb239c-fc58-4580-a6db-957ba1c9ab2d', '2025-12-03T04:50:03.611027', '2025-12-03T04:50:03.611027');
INSERT INTO movie_projections (id, projection_date, projection_time, cinema_hall_id, movie_id, created_at, updated_at) VALUES ('d661f0e5-b16f-4ac5-aea3-2f9e0febd675', '2025-12-07', '22:00:00', '59c7d645-a77b-4f30-835f-ccceb08fee74', 'bedb239c-fc58-4580-a6db-957ba1c9ab2d', '2025-12-03T04:50:03.611049', '2025-12-03T04:50:03.611049');
INSERT INTO movie_projections (id, projection_date, projection_time, cinema_hall_id, movie_id, created_at, updated_at) VALUES ('bb71d914-7df2-43d8-90cc-8366791b05bf', '2025-12-06', '22:00:00', '59c7d645-a77b-4f30-835f-ccceb08fee74', 'bedb239c-fc58-4580-a6db-957ba1c9ab2d', '2025-12-03T04:50:03.611091', '2025-12-03T04:50:03.611091');
INSERT INTO movie_projections (id, projection_date, projection_time, cinema_hall_id, movie_id, created_at, updated_at) VALUES ('198c58f5-674c-4c38-a883-feca9c01191c', '2025-12-06', '10:00:00', '6cdfdbe1-103f-401e-91c9-5708d17e8c7f', 'bedb239c-fc58-4580-a6db-957ba1c9ab2d', '2025-12-03T04:50:03.611193', '2025-12-03T04:50:03.611193');
INSERT INTO movie_projections (id, projection_date, projection_time, cinema_hall_id, movie_id, created_at, updated_at) VALUES ('64a154ad-dd78-4410-95ab-ff25a64adcbb', '2025-12-07', '10:00:00', '6cdfdbe1-103f-401e-91c9-5708d17e8c7f', 'bedb239c-fc58-4580-a6db-957ba1c9ab2d', '2025-12-03T04:50:03.611289', '2025-12-03T04:50:03.611289');
INSERT INTO movie_projections (id, projection_date, projection_time, cinema_hall_id, movie_id, created_at, updated_at) VALUES ('556f1ee7-962c-4e14-b343-ee372b5befb7', '2025-12-04', '19:00:00', '852f356a-c599-4b97-bee8-0f93ca9b5f0a', 'bedb239c-fc58-4580-a6db-957ba1c9ab2d', '2025-12-03T04:50:03.611352', '2025-12-03T04:50:03.611352');
INSERT INTO movie_projections (id, projection_date, projection_time, cinema_hall_id, movie_id, created_at, updated_at) VALUES ('f0a42d35-d368-4058-afbe-a5c5092f0b77', '2025-12-12', '22:00:00', '4be1241d-9e96-4024-a94a-8146a1b1e186', 'bedb239c-fc58-4580-a6db-957ba1c9ab2d', '2025-12-03T04:50:03.611407', '2025-12-03T04:50:03.611407');
INSERT INTO movie_projections (id, projection_date, projection_time, cinema_hall_id, movie_id, created_at, updated_at) VALUES ('aed4a6a6-6450-408d-abb4-2cf3dcad2920', '2025-12-13', '10:00:00', '852f356a-c599-4b97-bee8-0f93ca9b5f0a', 'bedb239c-fc58-4580-a6db-957ba1c9ab2d', '2025-12-03T04:50:03.611440', '2025-12-03T04:50:03.611440');
INSERT INTO movie_projections (id, projection_date, projection_time, cinema_hall_id, movie_id, created_at, updated_at) VALUES ('80112771-741f-46ed-8773-685d5de9436c', '2025-12-13', '16:00:00', '1bc5ac50-39ea-4d16-a513-03a7426fc8f1', 'bedb239c-fc58-4580-a6db-957ba1c9ab2d', '2025-12-03T04:50:03.611467', '2025-12-03T04:50:03.611467');
INSERT INTO movie_projections (id, projection_date, projection_time, cinema_hall_id, movie_id, created_at, updated_at) VALUES ('247fe3a9-089a-429a-bc53-c4babaf71d3a', '2025-12-04', '13:00:00', 'efb6b7e3-a091-4998-a41f-57ef6a4a30bc', 'bedb239c-fc58-4580-a6db-957ba1c9ab2d', '2025-12-03T04:50:03.611492', '2025-12-03T04:50:03.611492');
INSERT INTO movie_projections (id, projection_date, projection_time, cinema_hall_id, movie_id, created_at, updated_at) VALUES ('8e006926-5365-404e-b850-67829a63e2d7', '2025-12-04', '19:00:00', '6cdfdbe1-103f-401e-91c9-5708d17e8c7f', 'bedb239c-fc58-4580-a6db-957ba1c9ab2d', '2025-12-03T04:50:03.611516', '2025-12-03T04:50:03.611516');
INSERT INTO movie_projections (id, projection_date, projection_time, cinema_hall_id, movie_id, created_at, updated_at) VALUES ('c8051ea5-acdd-4d2d-924c-f6e73f1e20d1', '2025-12-07', '10:00:00', '69838be8-afbb-48b1-a1a8-7e2e374b01b5', 'bedb239c-fc58-4580-a6db-957ba1c9ab2d', '2025-12-03T04:50:03.611552', '2025-12-03T04:50:03.611552');
INSERT INTO movie_projections (id, projection_date, projection_time, cinema_hall_id, movie_id, created_at, updated_at) VALUES ('845bb4eb-9026-4e1d-be90-b751af247834', '2025-12-05', '10:00:00', '852f356a-c599-4b97-bee8-0f93ca9b5f0a', 'bedb239c-fc58-4580-a6db-957ba1c9ab2d', '2025-12-03T04:50:03.611611', '2025-12-03T04:50:03.611611');
INSERT INTO movie_projections (id, projection_date, projection_time, cinema_hall_id, movie_id, created_at, updated_at) VALUES ('42898954-b6ae-46e9-81ab-8160234e19c7', '2025-12-11', '10:00:00', '9650ae5e-fa19-4108-95f6-a4ada4baa9ec', 'bedb239c-fc58-4580-a6db-957ba1c9ab2d', '2025-12-03T04:50:03.611679', '2025-12-03T04:50:03.611679');
INSERT INTO movie_projections (id, projection_date, projection_time, cinema_hall_id, movie_id, created_at, updated_at) VALUES ('761462b2-b9cd-4ce2-b1cb-c1aeeaf1f858', '2025-12-12', '22:00:00', '59c7d645-a77b-4f30-835f-ccceb08fee74', 'bedb239c-fc58-4580-a6db-957ba1c9ab2d', '2025-12-03T04:50:03.611724', '2025-12-03T04:50:03.611724');
INSERT INTO movie_projections (id, projection_date, projection_time, cinema_hall_id, movie_id, created_at, updated_at) VALUES ('46a43bb5-9c27-4f3a-ac47-3cb3e4bb333c', '2025-12-09', '22:00:00', '26eccb22-f786-4866-925a-3571f437f887', 'bedb239c-fc58-4580-a6db-957ba1c9ab2d', '2025-12-03T04:50:03.611765', '2025-12-03T04:50:03.611765');
INSERT INTO movie_projections (id, projection_date, projection_time, cinema_hall_id, movie_id, created_at, updated_at) VALUES ('bc12864a-a849-413c-aef5-545f77a2b3ea', '2025-12-12', '22:00:00', '69838be8-afbb-48b1-a1a8-7e2e374b01b5', 'bedb239c-fc58-4580-a6db-957ba1c9ab2d', '2025-12-03T04:50:03.611808', '2025-12-03T04:50:03.611808');
INSERT INTO movie_projections (id, projection_date, projection_time, cinema_hall_id, movie_id, created_at, updated_at) VALUES ('714c1e9c-459f-402c-90f5-0f7ea5a7c251', '2025-12-06', '19:00:00', 'f0e8217b-bbaa-40d5-9aad-525f7ff78fea', 'bedb239c-fc58-4580-a6db-957ba1c9ab2d', '2025-12-03T04:50:03.611849', '2025-12-03T04:50:03.611849');
INSERT INTO movie_projections (id, projection_date, projection_time, cinema_hall_id, movie_id, created_at, updated_at) VALUES ('0a68db02-b574-4ade-a393-25e4d4f1c8e4', '2025-12-11', '19:00:00', 'dbf5aae0-e81d-4f4b-88c1-f355c9978e50', 'bedb239c-fc58-4580-a6db-957ba1c9ab2d', '2025-12-03T04:50:03.611891', '2025-12-03T04:50:03.611891');
INSERT INTO movie_projections (id, projection_date, projection_time, cinema_hall_id, movie_id, created_at, updated_at) VALUES ('7865efcb-68c8-4cc1-a62f-d8cf01b2ba67', '2025-12-10', '16:00:00', 'a0ad9682-ff17-4c82-9607-b39f38263997', 'bedb239c-fc58-4580-a6db-957ba1c9ab2d', '2025-12-03T04:50:03.611937', '2025-12-03T04:50:03.611937');
INSERT INTO movie_projections (id, projection_date, projection_time, cinema_hall_id, movie_id, created_at, updated_at) VALUES ('ba71d742-8ea5-4463-b593-e5864fd2a651', '2025-12-05', '22:00:00', '5c8d7f47-cdbf-4519-b041-ce7b0fae2181', 'bedb239c-fc58-4580-a6db-957ba1c9ab2d', '2025-12-03T04:50:03.611976', '2025-12-03T04:50:03.611976');
INSERT INTO movie_projections (id, projection_date, projection_time, cinema_hall_id, movie_id, created_at, updated_at) VALUES ('31e5cd4f-1ded-4d24-91ad-4aa5846324e0', '2025-12-11', '22:00:00', '1bc5ac50-39ea-4d16-a513-03a7426fc8f1', 'bedb239c-fc58-4580-a6db-957ba1c9ab2d', '2025-12-03T04:50:03.612020', '2025-12-03T04:50:03.612020');
INSERT INTO movie_projections (id, projection_date, projection_time, cinema_hall_id, movie_id, created_at, updated_at) VALUES ('8d436f3b-dcc4-4eca-98d2-b0144c29b8fb', '2025-12-11', '13:00:00', '1b352ca0-3901-484b-80f2-87da8af67151', 'bedb239c-fc58-4580-a6db-957ba1c9ab2d', '2025-12-03T04:50:03.612058', '2025-12-03T04:50:03.612058');
INSERT INTO movie_projections (id, projection_date, projection_time, cinema_hall_id, movie_id, created_at, updated_at) VALUES ('a77e22df-942b-41c0-9149-321ec603d8c2', '2025-12-05', '19:00:00', '685ad785-6ee0-494a-b94a-18c303602355', 'bedb239c-fc58-4580-a6db-957ba1c9ab2d', '2025-12-03T04:50:03.612097', '2025-12-03T04:50:03.612097');
INSERT INTO movie_projections (id, projection_date, projection_time, cinema_hall_id, movie_id, created_at, updated_at) VALUES ('5c7ac5dc-4bef-4a4e-a7a6-c721fadc3777', '2025-12-12', '19:00:00', 'c37deb55-0cbf-43de-8d67-0bc6e644a54f', 'bedb239c-fc58-4580-a6db-957ba1c9ab2d', '2025-12-03T04:50:03.612144', '2025-12-03T04:50:03.612144');
INSERT INTO movie_projections (id, projection_date, projection_time, cinema_hall_id, movie_id, created_at, updated_at) VALUES ('3d3b5bb5-36ff-46d4-8ab9-a1047f14a593', '2025-12-07', '16:00:00', 'f09882fa-12ec-434a-b867-abeca8332f23', 'bedb239c-fc58-4580-a6db-957ba1c9ab2d', '2025-12-03T04:50:03.612184', '2025-12-03T04:50:03.612184');
INSERT INTO movie_projections (id, projection_date, projection_time, cinema_hall_id, movie_id, created_at, updated_at) VALUES ('5a009323-9e75-43e9-a30c-cb2aebc42b33', '2025-12-05', '10:00:00', '979f568e-d632-4576-9484-7f0ac798ba20', 'ba49a3cc-81c1-4f7b-a325-25bd8d08e27b', '2025-12-03T04:50:03.612235', '2025-12-03T04:50:03.612235');
INSERT INTO movie_projections (id, projection_date, projection_time, cinema_hall_id, movie_id, created_at, updated_at) VALUES ('e0eee638-68c5-4f70-8dd7-80d2c517f7da', '2025-12-08', '22:00:00', 'e1909a58-0717-4701-b626-cc81fb949cef', 'ba49a3cc-81c1-4f7b-a325-25bd8d08e27b', '2025-12-03T04:50:03.612279', '2025-12-03T04:50:03.612279');
INSERT INTO movie_projections (id, projection_date, projection_time, cinema_hall_id, movie_id, created_at, updated_at) VALUES ('814db976-929e-441b-ac22-6f2e0f9bf3e9', '2025-12-04', '13:00:00', '9650ae5e-fa19-4108-95f6-a4ada4baa9ec', 'ba49a3cc-81c1-4f7b-a325-25bd8d08e27b', '2025-12-03T04:50:03.612327', '2025-12-03T04:50:03.612327');
INSERT INTO movie_projections (id, projection_date, projection_time, cinema_hall_id, movie_id, created_at, updated_at) VALUES ('f538491c-dda4-4cf7-93ed-fb81dd0ed052', '2025-12-10', '13:00:00', '4106e3e9-3832-4b8b-9861-d106e07ef913', 'ba49a3cc-81c1-4f7b-a325-25bd8d08e27b', '2025-12-03T04:50:03.612373', '2025-12-03T04:50:03.612373');
INSERT INTO movie_projections (id, projection_date, projection_time, cinema_hall_id, movie_id, created_at, updated_at) VALUES ('294c0a32-9982-4b1f-a88b-3476d1b65b36', '2025-12-07', '13:00:00', 'd3a92a18-1639-445d-b39e-0db80203b9e2', 'ba49a3cc-81c1-4f7b-a325-25bd8d08e27b', '2025-12-03T04:50:03.612416', '2025-12-03T04:50:03.612416');
INSERT INTO movie_projections (id, projection_date, projection_time, cinema_hall_id, movie_id, created_at, updated_at) VALUES ('f53a104f-4c93-4e3b-914e-e8ce5f971f21', '2025-12-05', '13:00:00', 'a0ad9682-ff17-4c82-9607-b39f38263997', 'ba49a3cc-81c1-4f7b-a325-25bd8d08e27b', '2025-12-03T04:50:03.612457', '2025-12-03T04:50:03.612457');
INSERT INTO movie_projections (id, projection_date, projection_time, cinema_hall_id, movie_id, created_at, updated_at) VALUES ('eec9439e-b1d2-481a-81ee-6efc15aafc03', '2025-12-13', '22:00:00', '4106e3e9-3832-4b8b-9861-d106e07ef913', 'ba49a3cc-81c1-4f7b-a325-25bd8d08e27b', '2025-12-03T04:50:03.612498', '2025-12-03T04:50:03.612498');
INSERT INTO movie_projections (id, projection_date, projection_time, cinema_hall_id, movie_id, created_at, updated_at) VALUES ('b3bb2659-6372-476a-b12b-a92f4005a4af', '2025-12-09', '16:00:00', 'f09882fa-12ec-434a-b867-abeca8332f23', 'ba49a3cc-81c1-4f7b-a325-25bd8d08e27b', '2025-12-03T04:50:03.612537', '2025-12-03T04:50:03.612537');
INSERT INTO movie_projections (id, projection_date, projection_time, cinema_hall_id, movie_id, created_at, updated_at) VALUES ('b113f755-f3f9-4ff8-b973-1a61dc2a7392', '2025-12-09', '16:00:00', 'd8314e56-6a9e-45d6-afbd-11b1ff5cc707', 'ba49a3cc-81c1-4f7b-a325-25bd8d08e27b', '2025-12-03T04:50:03.612589', '2025-12-03T04:50:03.612589');
INSERT INTO movie_projections (id, projection_date, projection_time, cinema_hall_id, movie_id, created_at, updated_at) VALUES ('6adf603d-b390-4354-8f6d-bb82122e87e4', '2025-12-11', '10:00:00', 'f0e8217b-bbaa-40d5-9aad-525f7ff78fea', 'ba49a3cc-81c1-4f7b-a325-25bd8d08e27b', '2025-12-03T04:50:03.612628', '2025-12-03T04:50:03.612628');
INSERT INTO movie_projections (id, projection_date, projection_time, cinema_hall_id, movie_id, created_at, updated_at) VALUES ('14bf56fe-1907-455c-8b4e-f89475fc15fe', '2025-12-12', '22:00:00', 'd73d0d67-be21-46b7-b76b-8d0b79aa20dd', 'ba49a3cc-81c1-4f7b-a325-25bd8d08e27b', '2025-12-03T04:50:03.612747', '2025-12-03T04:50:03.612747');
INSERT INTO movie_projections (id, projection_date, projection_time, cinema_hall_id, movie_id, created_at, updated_at) VALUES ('9c0bd2e4-5dbc-4ef7-83b2-c2b1b230789c', '2025-12-05', '13:00:00', 'a0ad9682-ff17-4c82-9607-b39f38263997', 'ba49a3cc-81c1-4f7b-a325-25bd8d08e27b', '2025-12-03T04:50:03.612846', '2025-12-03T04:50:03.612846');
INSERT INTO movie_projections (id, projection_date, projection_time, cinema_hall_id, movie_id, created_at, updated_at) VALUES ('8586f828-db24-4ed0-a01a-452635e944f1', '2025-12-08', '22:00:00', 'a0ad9682-ff17-4c82-9607-b39f38263997', 'ba49a3cc-81c1-4f7b-a325-25bd8d08e27b', '2025-12-03T04:50:03.612924', '2025-12-03T04:50:03.612924');
INSERT INTO movie_projections (id, projection_date, projection_time, cinema_hall_id, movie_id, created_at, updated_at) VALUES ('47e716dd-e9e1-42d3-bbfa-80c2f39ab4c1', '2025-12-11', '22:00:00', '685ad785-6ee0-494a-b94a-18c303602355', 'ba49a3cc-81c1-4f7b-a325-25bd8d08e27b', '2025-12-03T04:50:03.613006', '2025-12-03T04:50:03.613006');
INSERT INTO movie_projections (id, projection_date, projection_time, cinema_hall_id, movie_id, created_at, updated_at) VALUES ('d36c3a30-8621-44e2-bd6c-270a1a251eb3', '2025-12-05', '16:00:00', '69838be8-afbb-48b1-a1a8-7e2e374b01b5', 'ba49a3cc-81c1-4f7b-a325-25bd8d08e27b', '2025-12-03T04:50:03.613068', '2025-12-03T04:50:03.613068');
INSERT INTO movie_projections (id, projection_date, projection_time, cinema_hall_id, movie_id, created_at, updated_at) VALUES ('4eb69b72-c1ce-49a2-ae2f-c28512498299', '2025-12-06', '16:00:00', 'fefbeed0-f44e-4b6b-98bb-a7a97cc3d06e', 'ba49a3cc-81c1-4f7b-a325-25bd8d08e27b', '2025-12-03T04:50:03.613128', '2025-12-03T04:50:03.613128');
INSERT INTO movie_projections (id, projection_date, projection_time, cinema_hall_id, movie_id, created_at, updated_at) VALUES ('f207eeef-5825-4468-8a85-3b3821e1553e', '2025-12-12', '16:00:00', 'b5e4e43e-89e5-40a6-827f-e9a6c93a6d01', 'ba49a3cc-81c1-4f7b-a325-25bd8d08e27b', '2025-12-03T04:50:03.613186', '2025-12-03T04:50:03.613186');
INSERT INTO movie_projections (id, projection_date, projection_time, cinema_hall_id, movie_id, created_at, updated_at) VALUES ('50b0ed45-83ee-42d7-8e56-34bcc8f88f42', '2025-12-11', '16:00:00', '4106e3e9-3832-4b8b-9861-d106e07ef913', 'ba49a3cc-81c1-4f7b-a325-25bd8d08e27b', '2025-12-03T04:50:03.613227', '2025-12-03T04:50:03.613227');
INSERT INTO movie_projections (id, projection_date, projection_time, cinema_hall_id, movie_id, created_at, updated_at) VALUES ('e2429abf-df9d-402a-99e7-4314b66673c2', '2025-12-05', '19:00:00', '852f356a-c599-4b97-bee8-0f93ca9b5f0a', 'ba49a3cc-81c1-4f7b-a325-25bd8d08e27b', '2025-12-03T04:50:03.613267', '2025-12-03T04:50:03.613267');
INSERT INTO movie_projections (id, projection_date, projection_time, cinema_hall_id, movie_id, created_at, updated_at) VALUES ('b80bd606-56cc-4668-a289-589ccb30b04f', '2025-12-12', '16:00:00', 'f09882fa-12ec-434a-b867-abeca8332f23', 'ba49a3cc-81c1-4f7b-a325-25bd8d08e27b', '2025-12-03T04:50:03.613312', '2025-12-03T04:50:03.613312');
INSERT INTO movie_projections (id, projection_date, projection_time, cinema_hall_id, movie_id, created_at, updated_at) VALUES ('56eaab89-89b8-4536-8c9b-f3750a643823', '2025-12-06', '10:00:00', 'a0ad9682-ff17-4c82-9607-b39f38263997', 'ba49a3cc-81c1-4f7b-a325-25bd8d08e27b', '2025-12-03T04:50:03.613335', '2025-12-03T04:50:03.613335');
INSERT INTO movie_projections (id, projection_date, projection_time, cinema_hall_id, movie_id, created_at, updated_at) VALUES ('5ef7edc0-45a6-45f0-af5f-f46797a0c0be', '2025-12-06', '16:00:00', '852f356a-c599-4b97-bee8-0f93ca9b5f0a', 'ba49a3cc-81c1-4f7b-a325-25bd8d08e27b', '2025-12-03T04:50:03.613358', '2025-12-03T04:50:03.613358');
INSERT INTO movie_projections (id, projection_date, projection_time, cinema_hall_id, movie_id, created_at, updated_at) VALUES ('58ec426c-8805-4999-9e1b-99bfd73150ea', '2025-12-11', '16:00:00', '4ece4889-d0f6-4d87-9a48-2de3f8ae361d', 'ba49a3cc-81c1-4f7b-a325-25bd8d08e27b', '2025-12-03T04:50:03.613381', '2025-12-03T04:50:03.613381');
INSERT INTO movie_projections (id, projection_date, projection_time, cinema_hall_id, movie_id, created_at, updated_at) VALUES ('54ee7474-30a0-4b12-9867-d97034076603', '2025-12-04', '19:00:00', 'c37deb55-0cbf-43de-8d67-0bc6e644a54f', 'ba49a3cc-81c1-4f7b-a325-25bd8d08e27b', '2025-12-03T04:50:03.613473', '2025-12-03T04:50:03.613473');
INSERT INTO movie_projections (id, projection_date, projection_time, cinema_hall_id, movie_id, created_at, updated_at) VALUES ('976fa386-5075-4cc2-90cd-43ac2597708e', '2025-12-07', '13:00:00', '8f284e20-ba1e-484c-a011-98db1acee7db', 'ba49a3cc-81c1-4f7b-a325-25bd8d08e27b', '2025-12-03T04:50:03.613565', '2025-12-03T04:50:03.613565');
INSERT INTO movie_projections (id, projection_date, projection_time, cinema_hall_id, movie_id, created_at, updated_at) VALUES ('9e3a0ee2-e478-4a98-9fef-6d8586fee9d8', '2025-12-08', '16:00:00', '6cdfdbe1-103f-401e-91c9-5708d17e8c7f', 'ba49a3cc-81c1-4f7b-a325-25bd8d08e27b', '2025-12-03T04:50:03.613642', '2025-12-03T04:50:03.613642');
INSERT INTO movie_projections (id, projection_date, projection_time, cinema_hall_id, movie_id, created_at, updated_at) VALUES ('c0d8422d-8f19-4bd4-b745-daceedb0b3ff', '2025-12-10', '22:00:00', 'efb6b7e3-a091-4998-a41f-57ef6a4a30bc', 'ba49a3cc-81c1-4f7b-a325-25bd8d08e27b', '2025-12-03T04:50:03.613704', '2025-12-03T04:50:03.613704');
INSERT INTO movie_projections (id, projection_date, projection_time, cinema_hall_id, movie_id, created_at, updated_at) VALUES ('94b5dd51-2da2-40ae-83b5-ec8522072593', '2025-12-06', '19:00:00', 'd3077cf2-2082-4360-b38f-ed1697f2a8d8', 'ba49a3cc-81c1-4f7b-a325-25bd8d08e27b', '2025-12-03T04:50:03.613746', '2025-12-03T04:50:03.613746');
INSERT INTO movie_projections (id, projection_date, projection_time, cinema_hall_id, movie_id, created_at, updated_at) VALUES ('1085c8c2-6b0b-45a2-8678-f719e326110f', '2025-12-12', '22:00:00', '6cdfdbe1-103f-401e-91c9-5708d17e8c7f', 'ba49a3cc-81c1-4f7b-a325-25bd8d08e27b', '2025-12-03T04:50:03.613770', '2025-12-03T04:50:03.613770');
INSERT INTO movie_projections (id, projection_date, projection_time, cinema_hall_id, movie_id, created_at, updated_at) VALUES ('e632f4ef-8eca-4046-b255-abf851db2e04', '2025-12-11', '22:00:00', 'dbf5aae0-e81d-4f4b-88c1-f355c9978e50', 'ba49a3cc-81c1-4f7b-a325-25bd8d08e27b', '2025-12-03T04:50:03.613796', '2025-12-03T04:50:03.613796');
INSERT INTO movie_projections (id, projection_date, projection_time, cinema_hall_id, movie_id, created_at, updated_at) VALUES ('45f43b19-4e95-4894-b810-6d447cd25136', '2025-12-05', '13:00:00', 'dbf5aae0-e81d-4f4b-88c1-f355c9978e50', 'ba49a3cc-81c1-4f7b-a325-25bd8d08e27b', '2025-12-03T04:50:03.613819', '2025-12-03T04:50:03.613819');
INSERT INTO movie_projections (id, projection_date, projection_time, cinema_hall_id, movie_id, created_at, updated_at) VALUES ('fdaec729-a2ec-4de7-b39d-9dd71e57840e', '2025-12-09', '22:00:00', '685ad785-6ee0-494a-b94a-18c303602355', 'ba49a3cc-81c1-4f7b-a325-25bd8d08e27b', '2025-12-03T04:50:03.613842', '2025-12-03T04:50:03.613842');
INSERT INTO movie_projections (id, projection_date, projection_time, cinema_hall_id, movie_id, created_at, updated_at) VALUES ('e85a2e08-44dd-4c1e-a050-d8ddb664c345', '2025-12-09', '19:00:00', 'fefbeed0-f44e-4b6b-98bb-a7a97cc3d06e', 'ba49a3cc-81c1-4f7b-a325-25bd8d08e27b', '2025-12-03T04:50:03.613870', '2025-12-03T04:50:03.613870');
INSERT INTO movie_projections (id, projection_date, projection_time, cinema_hall_id, movie_id, created_at, updated_at) VALUES ('89e66a5d-f5cf-4b0e-9db4-3ec704d5159c', '2025-12-12', '19:00:00', 'e1909a58-0717-4701-b626-cc81fb949cef', 'ba49a3cc-81c1-4f7b-a325-25bd8d08e27b', '2025-12-03T04:50:03.613894', '2025-12-03T04:50:03.613894');
INSERT INTO movie_projections (id, projection_date, projection_time, cinema_hall_id, movie_id, created_at, updated_at) VALUES ('0eb5f276-cff9-48df-8a82-b34bd61d6c28', '2025-12-11', '16:00:00', '2b9fa946-6da8-4721-b194-d71a5637de5e', 'ba49a3cc-81c1-4f7b-a325-25bd8d08e27b', '2025-12-03T04:50:03.613919', '2025-12-03T04:50:03.613919');
INSERT INTO movie_projections (id, projection_date, projection_time, cinema_hall_id, movie_id, created_at, updated_at) VALUES ('78a7a2fd-b7e5-418b-b03a-04240e682919', '2025-12-09', '16:00:00', '4ece4889-d0f6-4d87-9a48-2de3f8ae361d', 'ba49a3cc-81c1-4f7b-a325-25bd8d08e27b', '2025-12-03T04:50:03.613942', '2025-12-03T04:50:03.613942');
INSERT INTO movie_projections (id, projection_date, projection_time, cinema_hall_id, movie_id, created_at, updated_at) VALUES ('ee3cf831-9d88-4a48-8d9e-b9a8610b0ba0', '2025-12-13', '22:00:00', 'c37deb55-0cbf-43de-8d67-0bc6e644a54f', 'ba49a3cc-81c1-4f7b-a325-25bd8d08e27b', '2025-12-03T04:50:03.613968', '2025-12-03T04:50:03.613968');
INSERT INTO movie_projections (id, projection_date, projection_time, cinema_hall_id, movie_id, created_at, updated_at) VALUES ('680c2427-f059-4e52-8c99-ab4001354bf3', '2025-12-09', '22:00:00', '73bc759c-0af5-48b5-9d76-e26ecc179018', 'ba49a3cc-81c1-4f7b-a325-25bd8d08e27b', '2025-12-03T04:50:03.613992', '2025-12-03T04:50:03.613992');
INSERT INTO movie_projections (id, projection_date, projection_time, cinema_hall_id, movie_id, created_at, updated_at) VALUES ('4d08f325-0fc8-4e0b-80c6-1d081c0f44f6', '2025-12-12', '16:00:00', 'efb6b7e3-a091-4998-a41f-57ef6a4a30bc', 'ba49a3cc-81c1-4f7b-a325-25bd8d08e27b', '2025-12-03T04:50:03.614014', '2025-12-03T04:50:03.614014');
INSERT INTO movie_projections (id, projection_date, projection_time, cinema_hall_id, movie_id, created_at, updated_at) VALUES ('59d73b42-0fed-4998-8be3-c1e7c6296212', '2025-12-05', '16:00:00', '6cdfdbe1-103f-401e-91c9-5708d17e8c7f', 'ba49a3cc-81c1-4f7b-a325-25bd8d08e27b', '2025-12-03T04:50:03.614037', '2025-12-03T04:50:03.614037');
INSERT INTO movie_projections (id, projection_date, projection_time, cinema_hall_id, movie_id, created_at, updated_at) VALUES ('e0e19837-7219-482f-a710-05d0974b0467', '2025-12-04', '19:00:00', 'fefbeed0-f44e-4b6b-98bb-a7a97cc3d06e', '3f16bd9e-b354-41d6-b1c8-a8bc3c4577bc', '2025-12-03T04:50:03.614069', '2025-12-03T04:50:03.614069');
INSERT INTO movie_projections (id, projection_date, projection_time, cinema_hall_id, movie_id, created_at, updated_at) VALUES ('938f2809-9e34-4b3f-9043-d0fac8b67f9d', '2025-12-04', '22:00:00', 'd3077cf2-2082-4360-b38f-ed1697f2a8d8', '3f16bd9e-b354-41d6-b1c8-a8bc3c4577bc', '2025-12-03T04:50:03.614092', '2025-12-03T04:50:03.614092');
INSERT INTO movie_projections (id, projection_date, projection_time, cinema_hall_id, movie_id, created_at, updated_at) VALUES ('ec0e567f-27b7-4acc-b027-00a2e97ee42f', '2025-12-08', '13:00:00', '685ad785-6ee0-494a-b94a-18c303602355', '3f16bd9e-b354-41d6-b1c8-a8bc3c4577bc', '2025-12-03T04:50:03.614118', '2025-12-03T04:50:03.614118');
INSERT INTO movie_projections (id, projection_date, projection_time, cinema_hall_id, movie_id, created_at, updated_at) VALUES ('ab2514a3-5285-411b-a287-70a00963db24', '2025-12-10', '10:00:00', '26eccb22-f786-4866-925a-3571f437f887', '3f16bd9e-b354-41d6-b1c8-a8bc3c4577bc', '2025-12-03T04:50:03.614141', '2025-12-03T04:50:03.614141');
INSERT INTO movie_projections (id, projection_date, projection_time, cinema_hall_id, movie_id, created_at, updated_at) VALUES ('9aab24ac-56ca-459e-85ef-af7c5013dd97', '2025-12-07', '19:00:00', '979f568e-d632-4576-9484-7f0ac798ba20', '3f16bd9e-b354-41d6-b1c8-a8bc3c4577bc', '2025-12-03T04:50:03.614163', '2025-12-03T04:50:03.614163');
INSERT INTO movie_projections (id, projection_date, projection_time, cinema_hall_id, movie_id, created_at, updated_at) VALUES ('11603b33-e9d7-468f-803e-023c912f07bf', '2025-12-10', '13:00:00', 'efb6b7e3-a091-4998-a41f-57ef6a4a30bc', '3f16bd9e-b354-41d6-b1c8-a8bc3c4577bc', '2025-12-03T04:50:03.614186', '2025-12-03T04:50:03.614186');
INSERT INTO movie_projections (id, projection_date, projection_time, cinema_hall_id, movie_id, created_at, updated_at) VALUES ('bf5f2143-06c2-4d66-bb4b-4c820de9abf3', '2025-12-11', '22:00:00', '979f568e-d632-4576-9484-7f0ac798ba20', '3f16bd9e-b354-41d6-b1c8-a8bc3c4577bc', '2025-12-03T04:50:03.614208', '2025-12-03T04:50:03.614208');
INSERT INTO movie_projections (id, projection_date, projection_time, cinema_hall_id, movie_id, created_at, updated_at) VALUES ('8bc9b1d9-cb96-4100-b6af-94fb511bcd71', '2025-12-09', '22:00:00', 'b10085e8-fbdb-4a0a-82ac-432e07c9c0f1', '3f16bd9e-b354-41d6-b1c8-a8bc3c4577bc', '2025-12-03T04:50:03.614232', '2025-12-03T04:50:03.614232');
INSERT INTO movie_projections (id, projection_date, projection_time, cinema_hall_id, movie_id, created_at, updated_at) VALUES ('1831a322-dba8-4418-8424-bb81279b7bec', '2025-12-05', '13:00:00', 'f0e8217b-bbaa-40d5-9aad-525f7ff78fea', '3f16bd9e-b354-41d6-b1c8-a8bc3c4577bc', '2025-12-03T04:50:03.614256', '2025-12-03T04:50:03.614256');
INSERT INTO movie_projections (id, projection_date, projection_time, cinema_hall_id, movie_id, created_at, updated_at) VALUES ('f66cd9b8-7bd9-43ca-99f3-1789023f4ca9', '2025-12-10', '19:00:00', 'd8314e56-6a9e-45d6-afbd-11b1ff5cc707', '3f16bd9e-b354-41d6-b1c8-a8bc3c4577bc', '2025-12-03T04:50:03.614279', '2025-12-03T04:50:03.614279');
INSERT INTO movie_projections (id, projection_date, projection_time, cinema_hall_id, movie_id, created_at, updated_at) VALUES ('b0f2b16c-d7e4-4582-80a1-a10534f903b9', '2025-12-11', '13:00:00', 'fefbeed0-f44e-4b6b-98bb-a7a97cc3d06e', '3f16bd9e-b354-41d6-b1c8-a8bc3c4577bc', '2025-12-03T04:50:03.614306', '2025-12-03T04:50:03.614306');
INSERT INTO movie_projections (id, projection_date, projection_time, cinema_hall_id, movie_id, created_at, updated_at) VALUES ('afd6e02e-ce18-489c-9606-bd121379c385', '2025-12-13', '13:00:00', '1b352ca0-3901-484b-80f2-87da8af67151', '3f16bd9e-b354-41d6-b1c8-a8bc3c4577bc', '2025-12-03T04:50:03.614329', '2025-12-03T04:50:03.614329');
INSERT INTO movie_projections (id, projection_date, projection_time, cinema_hall_id, movie_id, created_at, updated_at) VALUES ('b2f3a8b1-7d87-41aa-b5c5-c620600ff254', '2025-12-13', '19:00:00', '69838be8-afbb-48b1-a1a8-7e2e374b01b5', '3f16bd9e-b354-41d6-b1c8-a8bc3c4577bc', '2025-12-03T04:50:03.614351', '2025-12-03T04:50:03.614351');
INSERT INTO movie_projections (id, projection_date, projection_time, cinema_hall_id, movie_id, created_at, updated_at) VALUES ('28ae0c71-2596-4684-9a2f-5ce797a9b39d', '2025-12-12', '19:00:00', '852f356a-c599-4b97-bee8-0f93ca9b5f0a', '3f16bd9e-b354-41d6-b1c8-a8bc3c4577bc', '2025-12-03T04:50:03.614373', '2025-12-03T04:50:03.614373');
INSERT INTO movie_projections (id, projection_date, projection_time, cinema_hall_id, movie_id, created_at, updated_at) VALUES ('4bc5dc6c-4054-43c9-a057-0576dba17e67', '2025-12-05', '13:00:00', 'a0ad9682-ff17-4c82-9607-b39f38263997', '3f16bd9e-b354-41d6-b1c8-a8bc3c4577bc', '2025-12-03T04:50:03.614395', '2025-12-03T04:50:03.614395');
INSERT INTO movie_projections (id, projection_date, projection_time, cinema_hall_id, movie_id, created_at, updated_at) VALUES ('731dbed8-61b9-4cd1-b539-cf05ac3ca582', '2025-12-05', '22:00:00', '4be1241d-9e96-4024-a94a-8146a1b1e186', '3f16bd9e-b354-41d6-b1c8-a8bc3c4577bc', '2025-12-03T04:50:03.614452', '2025-12-03T04:50:03.614452');
INSERT INTO movie_projections (id, projection_date, projection_time, cinema_hall_id, movie_id, created_at, updated_at) VALUES ('155c5114-c5ef-43e9-9679-207d6214bc8e', '2025-12-08', '22:00:00', 'e1909a58-0717-4701-b626-cc81fb949cef', '3f16bd9e-b354-41d6-b1c8-a8bc3c4577bc', '2025-12-03T04:50:03.614497', '2025-12-03T04:50:03.614497');
INSERT INTO movie_projections (id, projection_date, projection_time, cinema_hall_id, movie_id, created_at, updated_at) VALUES ('a0f10e7e-fd6d-4ea5-a2d1-5ae47be6efbe', '2025-12-06', '22:00:00', '26eccb22-f786-4866-925a-3571f437f887', '3f16bd9e-b354-41d6-b1c8-a8bc3c4577bc', '2025-12-03T04:50:03.614538', '2025-12-03T04:50:03.614538');
INSERT INTO movie_projections (id, projection_date, projection_time, cinema_hall_id, movie_id, created_at, updated_at) VALUES ('02b84d52-ad9c-44a6-a011-829bc729a3ef', '2025-12-13', '13:00:00', '7017f84b-b88f-438a-8740-532998a9776e', '3f16bd9e-b354-41d6-b1c8-a8bc3c4577bc', '2025-12-03T04:50:03.614586', '2025-12-03T04:50:03.614586');
INSERT INTO movie_projections (id, projection_date, projection_time, cinema_hall_id, movie_id, created_at, updated_at) VALUES ('2860bff2-105b-4815-b648-547c771d537b', '2025-12-07', '13:00:00', '5c8d7f47-cdbf-4519-b041-ce7b0fae2181', '3f16bd9e-b354-41d6-b1c8-a8bc3c4577bc', '2025-12-03T04:50:03.614626', '2025-12-03T04:50:03.614626');
INSERT INTO movie_projections (id, projection_date, projection_time, cinema_hall_id, movie_id, created_at, updated_at) VALUES ('a0c40a4f-5e3c-4742-88ca-da6f7f7fc2da', '2025-12-04', '10:00:00', '7017f84b-b88f-438a-8740-532998a9776e', '3f16bd9e-b354-41d6-b1c8-a8bc3c4577bc', '2025-12-03T04:50:03.614665', '2025-12-03T04:50:03.614665');
INSERT INTO movie_projections (id, projection_date, projection_time, cinema_hall_id, movie_id, created_at, updated_at) VALUES ('aa0896ba-a0d1-4e58-af3f-d74319f06a87', '2025-12-06', '13:00:00', 'f0e8217b-bbaa-40d5-9aad-525f7ff78fea', '3f16bd9e-b354-41d6-b1c8-a8bc3c4577bc', '2025-12-03T04:50:03.614708', '2025-12-03T04:50:03.614708');
INSERT INTO movie_projections (id, projection_date, projection_time, cinema_hall_id, movie_id, created_at, updated_at) VALUES ('d7723fd5-72dd-4ae6-88d8-69a6d6cbd71d', '2025-12-08', '19:00:00', '1b352ca0-3901-484b-80f2-87da8af67151', '3f16bd9e-b354-41d6-b1c8-a8bc3c4577bc', '2025-12-03T04:50:03.614744', '2025-12-03T04:50:03.614744');
INSERT INTO movie_projections (id, projection_date, projection_time, cinema_hall_id, movie_id, created_at, updated_at) VALUES ('5d391b9f-1d51-48ee-b048-c135966d9683', '2025-12-09', '10:00:00', '5859185d-a602-42fe-aec0-9a4cdb4cf156', '3f16bd9e-b354-41d6-b1c8-a8bc3c4577bc', '2025-12-03T04:50:03.614779', '2025-12-03T04:50:03.614779');
INSERT INTO movie_projections (id, projection_date, projection_time, cinema_hall_id, movie_id, created_at, updated_at) VALUES ('c0a67b05-9957-4ead-a958-e52858d2f629', '2025-12-13', '22:00:00', 'd73d0d67-be21-46b7-b76b-8d0b79aa20dd', '3f16bd9e-b354-41d6-b1c8-a8bc3c4577bc', '2025-12-03T04:50:03.614818', '2025-12-03T04:50:03.614818');
INSERT INTO movie_projections (id, projection_date, projection_time, cinema_hall_id, movie_id, created_at, updated_at) VALUES ('095454ea-ad7b-40a3-b0c8-d4aa02d71415', '2025-12-07', '19:00:00', '59c7d645-a77b-4f30-835f-ccceb08fee74', '3f16bd9e-b354-41d6-b1c8-a8bc3c4577bc', '2025-12-03T04:50:03.614854', '2025-12-03T04:50:03.614854');
INSERT INTO movie_projections (id, projection_date, projection_time, cinema_hall_id, movie_id, created_at, updated_at) VALUES ('887a2dcb-0eac-4c93-928c-cea07d8c3ada', '2025-12-06', '10:00:00', 'dde99b3d-bd97-4c5b-ae57-89d16040945b', '3f16bd9e-b354-41d6-b1c8-a8bc3c4577bc', '2025-12-03T04:50:03.614890', '2025-12-03T04:50:03.614890');
INSERT INTO movie_projections (id, projection_date, projection_time, cinema_hall_id, movie_id, created_at, updated_at) VALUES ('ee7a6a7c-065f-48b5-8fac-53d62c5e5162', '2025-12-07', '22:00:00', '5c8d7f47-cdbf-4519-b041-ce7b0fae2181', '3f16bd9e-b354-41d6-b1c8-a8bc3c4577bc', '2025-12-03T04:50:03.614930', '2025-12-03T04:50:03.614930');
INSERT INTO movie_projections (id, projection_date, projection_time, cinema_hall_id, movie_id, created_at, updated_at) VALUES ('fe9eef47-77e5-4a74-bc8b-a9a1b099885c', '2025-12-04', '16:00:00', 'f09882fa-12ec-434a-b867-abeca8332f23', '3f16bd9e-b354-41d6-b1c8-a8bc3c4577bc', '2025-12-03T04:50:03.614971', '2025-12-03T04:50:03.614971');
INSERT INTO movie_projections (id, projection_date, projection_time, cinema_hall_id, movie_id, created_at, updated_at) VALUES ('17b66dbd-b18f-4fa2-8858-20433d949ea7', '2025-12-06', '16:00:00', 'f09882fa-12ec-434a-b867-abeca8332f23', '3f16bd9e-b354-41d6-b1c8-a8bc3c4577bc', '2025-12-03T04:50:03.615008', '2025-12-03T04:50:03.615008');
INSERT INTO movie_projections (id, projection_date, projection_time, cinema_hall_id, movie_id, created_at, updated_at) VALUES ('dd5a9bb8-6922-47c7-808d-9114839a09ad', '2025-12-04', '10:00:00', '2b9fa946-6da8-4721-b194-d71a5637de5e', '3f16bd9e-b354-41d6-b1c8-a8bc3c4577bc', '2025-12-03T04:50:03.615043', '2025-12-03T04:50:03.615043');
INSERT INTO movie_projections (id, projection_date, projection_time, cinema_hall_id, movie_id, created_at, updated_at) VALUES ('676be81a-9c18-49f7-a8bf-72e366d183d4', '2025-12-06', '19:00:00', 'a0ad9682-ff17-4c82-9607-b39f38263997', '3f16bd9e-b354-41d6-b1c8-a8bc3c4577bc', '2025-12-03T04:50:03.615083', '2025-12-03T04:50:03.615083');
INSERT INTO movie_projections (id, projection_date, projection_time, cinema_hall_id, movie_id, created_at, updated_at) VALUES ('e9bc0c8e-a3e2-4c56-9069-e044362fe189', '2025-12-05', '16:00:00', 'dde99b3d-bd97-4c5b-ae57-89d16040945b', '3f16bd9e-b354-41d6-b1c8-a8bc3c4577bc', '2025-12-03T04:50:03.615122', '2025-12-03T04:50:03.615122');
INSERT INTO movie_projections (id, projection_date, projection_time, cinema_hall_id, movie_id, created_at, updated_at) VALUES ('e43de1f3-59bb-427c-b58c-32974af05a58', '2025-12-12', '10:00:00', 'c37deb55-0cbf-43de-8d67-0bc6e644a54f', '3f16bd9e-b354-41d6-b1c8-a8bc3c4577bc', '2025-12-03T04:50:03.615159', '2025-12-03T04:50:03.615159');
INSERT INTO movie_projections (id, projection_date, projection_time, cinema_hall_id, movie_id, created_at, updated_at) VALUES ('c94a1c98-8b62-4c2f-913a-968f4b1ade29', '2025-12-13', '10:00:00', '4ece4889-d0f6-4d87-9a48-2de3f8ae361d', '3f16bd9e-b354-41d6-b1c8-a8bc3c4577bc', '2025-12-03T04:50:03.615194', '2025-12-03T04:50:03.615194');
INSERT INTO movie_projections (id, projection_date, projection_time, cinema_hall_id, movie_id, created_at, updated_at) VALUES ('6ea838fa-a5aa-4898-b8b1-a00ebdd56067', '2025-12-10', '22:00:00', 'f0e8217b-bbaa-40d5-9aad-525f7ff78fea', '3f16bd9e-b354-41d6-b1c8-a8bc3c4577bc', '2025-12-03T04:50:03.615230', '2025-12-03T04:50:03.615230');
INSERT INTO movie_projections (id, projection_date, projection_time, cinema_hall_id, movie_id, created_at, updated_at) VALUES ('58623448-43b5-4035-8987-69472c4331e2', '2025-12-10', '10:00:00', 'dde99b3d-bd97-4c5b-ae57-89d16040945b', '3f16bd9e-b354-41d6-b1c8-a8bc3c4577bc', '2025-12-03T04:50:03.615265', '2025-12-03T04:50:03.615265');
INSERT INTO movie_projections (id, projection_date, projection_time, cinema_hall_id, movie_id, created_at, updated_at) VALUES ('df16d056-0dd9-4a3c-8639-683db4ee152e', '2025-12-13', '19:00:00', 'efb6b7e3-a091-4998-a41f-57ef6a4a30bc', '3f16bd9e-b354-41d6-b1c8-a8bc3c4577bc', '2025-12-03T04:50:03.615301', '2025-12-03T04:50:03.615301');
INSERT INTO movie_projections (id, projection_date, projection_time, cinema_hall_id, movie_id, created_at, updated_at) VALUES ('cfe7bc70-3784-4a7b-9459-32e792f566d1', '2025-12-05', '19:00:00', 'dde99b3d-bd97-4c5b-ae57-89d16040945b', '3f16bd9e-b354-41d6-b1c8-a8bc3c4577bc', '2025-12-03T04:50:03.615339', '2025-12-03T04:50:03.615339');
INSERT INTO movie_projections (id, projection_date, projection_time, cinema_hall_id, movie_id, created_at, updated_at) VALUES ('68a66e6b-01a1-48b8-8091-6e9adbdd9806', '2025-12-11', '13:00:00', 'd3a92a18-1639-445d-b39e-0db80203b9e2', '3f16bd9e-b354-41d6-b1c8-a8bc3c4577bc', '2025-12-03T04:50:03.615383', '2025-12-03T04:50:03.615383');
INSERT INTO movie_projections (id, projection_date, projection_time, cinema_hall_id, movie_id, created_at, updated_at) VALUES ('8d931060-030f-47d6-ab30-e7cf1638e58b', '2025-12-11', '16:00:00', 'a0ad9682-ff17-4c82-9607-b39f38263997', '48f92d79-a101-4751-9ac0-6d6b9ec547c2', '2025-12-03T04:50:03.615451', '2025-12-03T04:50:03.615451');
INSERT INTO movie_projections (id, projection_date, projection_time, cinema_hall_id, movie_id, created_at, updated_at) VALUES ('4d2cd542-f7af-4af7-9be9-af061c1d9e6a', '2025-12-10', '22:00:00', '6cdfdbe1-103f-401e-91c9-5708d17e8c7f', '48f92d79-a101-4751-9ac0-6d6b9ec547c2', '2025-12-03T04:50:03.615490', '2025-12-03T04:50:03.615490');
INSERT INTO movie_projections (id, projection_date, projection_time, cinema_hall_id, movie_id, created_at, updated_at) VALUES ('03fc6889-9fa4-4605-83c1-f28be9362d30', '2025-12-08', '19:00:00', 'f0e8217b-bbaa-40d5-9aad-525f7ff78fea', '48f92d79-a101-4751-9ac0-6d6b9ec547c2', '2025-12-03T04:50:03.615538', '2025-12-03T04:50:03.615538');
INSERT INTO movie_projections (id, projection_date, projection_time, cinema_hall_id, movie_id, created_at, updated_at) VALUES ('e5c49aab-de09-4580-89bd-575dab1543e4', '2025-12-12', '10:00:00', 'd8314e56-6a9e-45d6-afbd-11b1ff5cc707', '48f92d79-a101-4751-9ac0-6d6b9ec547c2', '2025-12-03T04:50:03.615575', '2025-12-03T04:50:03.615575');
INSERT INTO movie_projections (id, projection_date, projection_time, cinema_hall_id, movie_id, created_at, updated_at) VALUES ('dd64bc10-8337-44bd-ad8a-f8a1a11126df', '2025-12-06', '22:00:00', 'd3a92a18-1639-445d-b39e-0db80203b9e2', '48f92d79-a101-4751-9ac0-6d6b9ec547c2', '2025-12-03T04:50:03.615610', '2025-12-03T04:50:03.615610');
INSERT INTO movie_projections (id, projection_date, projection_time, cinema_hall_id, movie_id, created_at, updated_at) VALUES ('2a73071a-aabb-427d-a92c-ed7d57dc0e32', '2025-12-12', '22:00:00', 'dde99b3d-bd97-4c5b-ae57-89d16040945b', '48f92d79-a101-4751-9ac0-6d6b9ec547c2', '2025-12-03T04:50:03.615645', '2025-12-03T04:50:03.615645');
INSERT INTO movie_projections (id, projection_date, projection_time, cinema_hall_id, movie_id, created_at, updated_at) VALUES ('27028310-aeb6-49d5-9193-7a6f22f6141b', '2025-12-07', '13:00:00', 'b10085e8-fbdb-4a0a-82ac-432e07c9c0f1', '48f92d79-a101-4751-9ac0-6d6b9ec547c2', '2025-12-03T04:50:03.615682', '2025-12-03T04:50:03.615682');
INSERT INTO movie_projections (id, projection_date, projection_time, cinema_hall_id, movie_id, created_at, updated_at) VALUES ('f8e2b92a-9946-406f-a921-8aa8d7c68804', '2025-12-13', '22:00:00', '685ad785-6ee0-494a-b94a-18c303602355', '48f92d79-a101-4751-9ac0-6d6b9ec547c2', '2025-12-03T04:50:03.615718', '2025-12-03T04:50:03.615718');
INSERT INTO movie_projections (id, projection_date, projection_time, cinema_hall_id, movie_id, created_at, updated_at) VALUES ('0e175de2-593b-44c1-9537-927384804934', '2025-12-09', '10:00:00', 'b5e4e43e-89e5-40a6-827f-e9a6c93a6d01', '48f92d79-a101-4751-9ac0-6d6b9ec547c2', '2025-12-03T04:50:03.615758', '2025-12-03T04:50:03.615758');
INSERT INTO movie_projections (id, projection_date, projection_time, cinema_hall_id, movie_id, created_at, updated_at) VALUES ('0cd82fd2-5cdb-40e6-a2b7-13ed98961925', '2025-12-05', '13:00:00', '26eccb22-f786-4866-925a-3571f437f887', '48f92d79-a101-4751-9ac0-6d6b9ec547c2', '2025-12-03T04:50:03.615795', '2025-12-03T04:50:03.615795');
INSERT INTO movie_projections (id, projection_date, projection_time, cinema_hall_id, movie_id, created_at, updated_at) VALUES ('24a238e4-6e9e-464a-b9b2-7756d27b5a32', '2025-12-06', '19:00:00', '5c8d7f47-cdbf-4519-b041-ce7b0fae2181', '48f92d79-a101-4751-9ac0-6d6b9ec547c2', '2025-12-03T04:50:03.615832', '2025-12-03T04:50:03.615832');
INSERT INTO movie_projections (id, projection_date, projection_time, cinema_hall_id, movie_id, created_at, updated_at) VALUES ('690db071-a883-4ba1-9196-031cdd4d41c8', '2025-12-04', '10:00:00', '7017f84b-b88f-438a-8740-532998a9776e', '48f92d79-a101-4751-9ac0-6d6b9ec547c2', '2025-12-03T04:50:03.615869', '2025-12-03T04:50:03.615869');
INSERT INTO movie_projections (id, projection_date, projection_time, cinema_hall_id, movie_id, created_at, updated_at) VALUES ('0c6a9fcf-f39c-434a-8481-52c308143e71', '2025-12-12', '16:00:00', '4be1241d-9e96-4024-a94a-8146a1b1e186', '48f92d79-a101-4751-9ac0-6d6b9ec547c2', '2025-12-03T04:50:03.615912', '2025-12-03T04:50:03.615912');
INSERT INTO movie_projections (id, projection_date, projection_time, cinema_hall_id, movie_id, created_at, updated_at) VALUES ('0b613d61-ec7e-4157-bd8f-7081a8870919', '2025-12-09', '22:00:00', 'b10085e8-fbdb-4a0a-82ac-432e07c9c0f1', '48f92d79-a101-4751-9ac0-6d6b9ec547c2', '2025-12-03T04:50:03.615950', '2025-12-03T04:50:03.615950');
INSERT INTO movie_projections (id, projection_date, projection_time, cinema_hall_id, movie_id, created_at, updated_at) VALUES ('d4b4334c-924e-4d6f-8099-39dddf526704', '2025-12-05', '19:00:00', '8f284e20-ba1e-484c-a011-98db1acee7db', '48f92d79-a101-4751-9ac0-6d6b9ec547c2', '2025-12-03T04:50:03.615985', '2025-12-03T04:50:03.615985');
INSERT INTO movie_projections (id, projection_date, projection_time, cinema_hall_id, movie_id, created_at, updated_at) VALUES ('342f53d8-bf6c-4e83-987d-76abb7bbefe7', '2025-12-05', '16:00:00', '5859185d-a602-42fe-aec0-9a4cdb4cf156', '48f92d79-a101-4751-9ac0-6d6b9ec547c2', '2025-12-03T04:50:03.616021', '2025-12-03T04:50:03.616021');
INSERT INTO movie_projections (id, projection_date, projection_time, cinema_hall_id, movie_id, created_at, updated_at) VALUES ('4f619965-7ceb-4a05-8195-d1dc80261b88', '2025-12-13', '13:00:00', '1b352ca0-3901-484b-80f2-87da8af67151', '48f92d79-a101-4751-9ac0-6d6b9ec547c2', '2025-12-03T04:50:03.616060', '2025-12-03T04:50:03.616060');
INSERT INTO movie_projections (id, projection_date, projection_time, cinema_hall_id, movie_id, created_at, updated_at) VALUES ('3c3bb136-fc3c-4f6c-be0e-fa0e3ec5c3f6', '2025-12-05', '10:00:00', '4be1241d-9e96-4024-a94a-8146a1b1e186', '48f92d79-a101-4751-9ac0-6d6b9ec547c2', '2025-12-03T04:50:03.616096', '2025-12-03T04:50:03.616096');
INSERT INTO movie_projections (id, projection_date, projection_time, cinema_hall_id, movie_id, created_at, updated_at) VALUES ('3a213339-fdd2-4bb5-808b-9c591f06b8da', '2025-12-09', '13:00:00', '1bc5ac50-39ea-4d16-a513-03a7426fc8f1', '48f92d79-a101-4751-9ac0-6d6b9ec547c2', '2025-12-03T04:50:03.616131', '2025-12-03T04:50:03.616131');
INSERT INTO movie_projections (id, projection_date, projection_time, cinema_hall_id, movie_id, created_at, updated_at) VALUES ('b7bbb3d3-cf8a-432a-9772-f6c96bd47ba6', '2025-12-11', '13:00:00', 'dbf5aae0-e81d-4f4b-88c1-f355c9978e50', '48f92d79-a101-4751-9ac0-6d6b9ec547c2', '2025-12-03T04:50:03.616175', '2025-12-03T04:50:03.616175');
INSERT INTO movie_projections (id, projection_date, projection_time, cinema_hall_id, movie_id, created_at, updated_at) VALUES ('67d6ef50-909a-4541-a706-7b9463965fd9', '2025-12-10', '19:00:00', 'dde99b3d-bd97-4c5b-ae57-89d16040945b', '48f92d79-a101-4751-9ac0-6d6b9ec547c2', '2025-12-03T04:50:03.616212', '2025-12-03T04:50:03.616212');
INSERT INTO movie_projections (id, projection_date, projection_time, cinema_hall_id, movie_id, created_at, updated_at) VALUES ('f8664f19-f2e2-4b44-a344-b208528df82f', '2025-12-07', '10:00:00', '8f284e20-ba1e-484c-a011-98db1acee7db', '48f92d79-a101-4751-9ac0-6d6b9ec547c2', '2025-12-03T04:50:03.616249', '2025-12-03T04:50:03.616249');
INSERT INTO movie_projections (id, projection_date, projection_time, cinema_hall_id, movie_id, created_at, updated_at) VALUES ('7f0c38cc-02bf-4bcb-9530-3895d5e328e5', '2025-12-08', '19:00:00', 'd8314e56-6a9e-45d6-afbd-11b1ff5cc707', '48f92d79-a101-4751-9ac0-6d6b9ec547c2', '2025-12-03T04:50:03.616285', '2025-12-03T04:50:03.616285');
INSERT INTO movie_projections (id, projection_date, projection_time, cinema_hall_id, movie_id, created_at, updated_at) VALUES ('e2091141-052f-4a1c-9862-72a30ff77ec5', '2025-12-05', '19:00:00', 'd3a92a18-1639-445d-b39e-0db80203b9e2', '48f92d79-a101-4751-9ac0-6d6b9ec547c2', '2025-12-03T04:50:03.616329', '2025-12-03T04:50:03.616329');
INSERT INTO movie_projections (id, projection_date, projection_time, cinema_hall_id, movie_id, created_at, updated_at) VALUES ('7822ab15-a745-414c-8c6e-10fa7b72d189', '2025-12-05', '10:00:00', '2b9fa946-6da8-4721-b194-d71a5637de5e', '48f92d79-a101-4751-9ac0-6d6b9ec547c2', '2025-12-03T04:50:03.616369', '2025-12-03T04:50:03.616369');
INSERT INTO movie_projections (id, projection_date, projection_time, cinema_hall_id, movie_id, created_at, updated_at) VALUES ('31a088e1-4bf6-427f-ae21-a13be55f14d8', '2025-12-10', '22:00:00', '1b352ca0-3901-484b-80f2-87da8af67151', '48f92d79-a101-4751-9ac0-6d6b9ec547c2', '2025-12-03T04:50:03.616405', '2025-12-03T04:50:03.616405');
INSERT INTO movie_projections (id, projection_date, projection_time, cinema_hall_id, movie_id, created_at, updated_at) VALUES ('f57742aa-abe7-475f-9557-49682887dc7c', '2025-12-12', '22:00:00', 'dde99b3d-bd97-4c5b-ae57-89d16040945b', '48f92d79-a101-4751-9ac0-6d6b9ec547c2', '2025-12-03T04:50:03.616446', '2025-12-03T04:50:03.616446');
INSERT INTO movie_projections (id, projection_date, projection_time, cinema_hall_id, movie_id, created_at, updated_at) VALUES ('309e796e-3f43-4a77-bd2a-4e872982be09', '2025-12-04', '13:00:00', 'f0e8217b-bbaa-40d5-9aad-525f7ff78fea', '48f92d79-a101-4751-9ac0-6d6b9ec547c2', '2025-12-03T04:50:03.616483', '2025-12-03T04:50:03.616483');
INSERT INTO movie_projections (id, projection_date, projection_time, cinema_hall_id, movie_id, created_at, updated_at) VALUES ('8300d31a-6220-4e2b-90c2-e8d20385d0f0', '2025-12-04', '10:00:00', '6cdfdbe1-103f-401e-91c9-5708d17e8c7f', '48f92d79-a101-4751-9ac0-6d6b9ec547c2', '2025-12-03T04:50:03.616525', '2025-12-03T04:50:03.616525');
INSERT INTO movie_projections (id, projection_date, projection_time, cinema_hall_id, movie_id, created_at, updated_at) VALUES ('f6a9092f-ab7c-4c7c-98e8-d90e452020de', '2025-12-11', '13:00:00', 'b5e4e43e-89e5-40a6-827f-e9a6c93a6d01', '48f92d79-a101-4751-9ac0-6d6b9ec547c2', '2025-12-03T04:50:03.616563', '2025-12-03T04:50:03.616563');
INSERT INTO movie_projections (id, projection_date, projection_time, cinema_hall_id, movie_id, created_at, updated_at) VALUES ('6e354b68-339a-4d18-909d-0a2d826d453e', '2025-12-09', '22:00:00', '59c7d645-a77b-4f30-835f-ccceb08fee74', '48f92d79-a101-4751-9ac0-6d6b9ec547c2', '2025-12-03T04:50:03.616599', '2025-12-03T04:50:03.616599');
INSERT INTO movie_projections (id, projection_date, projection_time, cinema_hall_id, movie_id, created_at, updated_at) VALUES ('1e4adab1-97d3-41d2-bc75-81be16229c9d', '2025-12-05', '16:00:00', 'd3077cf2-2082-4360-b38f-ed1697f2a8d8', '48f92d79-a101-4751-9ac0-6d6b9ec547c2', '2025-12-03T04:50:03.616634', '2025-12-03T04:50:03.616634');
INSERT INTO movie_projections (id, projection_date, projection_time, cinema_hall_id, movie_id, created_at, updated_at) VALUES ('d2b177d8-4892-4ab5-ad11-94b8f4182668', '2025-12-05', '13:00:00', 'd3a92a18-1639-445d-b39e-0db80203b9e2', '48f92d79-a101-4751-9ac0-6d6b9ec547c2', '2025-12-03T04:50:03.616673', '2025-12-03T04:50:03.616673');
INSERT INTO movie_projections (id, projection_date, projection_time, cinema_hall_id, movie_id, created_at, updated_at) VALUES ('e247fc39-a1a8-4ea7-9934-1e6510af04df', '2025-12-09', '16:00:00', '4be1241d-9e96-4024-a94a-8146a1b1e186', '48f92d79-a101-4751-9ac0-6d6b9ec547c2', '2025-12-03T04:50:03.616715', '2025-12-03T04:50:03.616715');
INSERT INTO movie_projections (id, projection_date, projection_time, cinema_hall_id, movie_id, created_at, updated_at) VALUES ('61512dd5-a786-4c9c-a591-11ec794ba3cd', '2025-12-09', '16:00:00', '1b352ca0-3901-484b-80f2-87da8af67151', '48f92d79-a101-4751-9ac0-6d6b9ec547c2', '2025-12-03T04:50:03.616751', '2025-12-03T04:50:03.616751');
INSERT INTO movie_projections (id, projection_date, projection_time, cinema_hall_id, movie_id, created_at, updated_at) VALUES ('4ef9cd94-8bfc-4792-acb5-0f098e9c3ecf', '2025-12-07', '10:00:00', '1b352ca0-3901-484b-80f2-87da8af67151', '48f92d79-a101-4751-9ac0-6d6b9ec547c2', '2025-12-03T04:50:03.616786', '2025-12-03T04:50:03.616786');
INSERT INTO movie_projections (id, projection_date, projection_time, cinema_hall_id, movie_id, created_at, updated_at) VALUES ('3b708775-73e4-44fc-a115-df3858d3312a', '2025-12-13', '16:00:00', 'a0ad9682-ff17-4c82-9607-b39f38263997', '48f92d79-a101-4751-9ac0-6d6b9ec547c2', '2025-12-03T04:50:03.616822', '2025-12-03T04:50:03.616822');
INSERT INTO movie_projections (id, projection_date, projection_time, cinema_hall_id, movie_id, created_at, updated_at) VALUES ('5f1153c5-81ce-40c3-a506-a2464ed16651', '2025-12-05', '13:00:00', 'a0ad9682-ff17-4c82-9607-b39f38263997', '48f92d79-a101-4751-9ac0-6d6b9ec547c2', '2025-12-03T04:50:03.616857', '2025-12-03T04:50:03.616857');
INSERT INTO movie_projections (id, projection_date, projection_time, cinema_hall_id, movie_id, created_at, updated_at) VALUES ('28cd0ab3-f39e-4fa4-9327-5c0d9c2b6edc', '2025-12-06', '13:00:00', '1b352ca0-3901-484b-80f2-87da8af67151', '48f92d79-a101-4751-9ac0-6d6b9ec547c2', '2025-12-03T04:50:03.616892', '2025-12-03T04:50:03.616892');
INSERT INTO movie_projections (id, projection_date, projection_time, cinema_hall_id, movie_id, created_at, updated_at) VALUES ('8c24bc72-85c9-4607-93f7-886e86a59c9b', '2025-12-13', '16:00:00', '5c8d7f47-cdbf-4519-b041-ce7b0fae2181', '48f92d79-a101-4751-9ac0-6d6b9ec547c2', '2025-12-03T04:50:03.616928', '2025-12-03T04:50:03.616928');
INSERT INTO movie_projections (id, projection_date, projection_time, cinema_hall_id, movie_id, created_at, updated_at) VALUES ('ec8a3192-0b17-4746-ab9e-ce0c76908db7', '2025-12-10', '16:00:00', '6cdfdbe1-103f-401e-91c9-5708d17e8c7f', 'db3b93ba-1fb5-46a8-9426-632db651a324', '2025-12-03T04:50:03.616971', '2025-12-03T04:50:03.616971');
INSERT INTO movie_projections (id, projection_date, projection_time, cinema_hall_id, movie_id, created_at, updated_at) VALUES ('972cbd9f-bcdd-49b1-9516-e37b47bdc1e2', '2025-12-07', '19:00:00', 'f09882fa-12ec-434a-b867-abeca8332f23', 'db3b93ba-1fb5-46a8-9426-632db651a324', '2025-12-03T04:50:03.617006', '2025-12-03T04:50:03.617006');
INSERT INTO movie_projections (id, projection_date, projection_time, cinema_hall_id, movie_id, created_at, updated_at) VALUES ('b79355b9-4032-4565-8a3e-609332935859', '2025-12-11', '19:00:00', '73bc759c-0af5-48b5-9d76-e26ecc179018', 'db3b93ba-1fb5-46a8-9426-632db651a324', '2025-12-03T04:50:03.617051', '2025-12-03T04:50:03.617051');
INSERT INTO movie_projections (id, projection_date, projection_time, cinema_hall_id, movie_id, created_at, updated_at) VALUES ('dd818059-4adb-4d5d-a247-018be46a6045', '2025-12-12', '10:00:00', '685ad785-6ee0-494a-b94a-18c303602355', 'db3b93ba-1fb5-46a8-9426-632db651a324', '2025-12-03T04:50:03.617088', '2025-12-03T04:50:03.617088');
INSERT INTO movie_projections (id, projection_date, projection_time, cinema_hall_id, movie_id, created_at, updated_at) VALUES ('95d742f5-0deb-4999-aad3-07d98e2ac0e5', '2025-12-07', '19:00:00', 'f0e8217b-bbaa-40d5-9aad-525f7ff78fea', 'db3b93ba-1fb5-46a8-9426-632db651a324', '2025-12-03T04:50:03.617133', '2025-12-03T04:50:03.617133');
INSERT INTO movie_projections (id, projection_date, projection_time, cinema_hall_id, movie_id, created_at, updated_at) VALUES ('dd632c91-5767-4538-b579-3153ef89c001', '2025-12-09', '22:00:00', '4be1241d-9e96-4024-a94a-8146a1b1e186', 'db3b93ba-1fb5-46a8-9426-632db651a324', '2025-12-03T04:50:03.617170', '2025-12-03T04:50:03.617170');
INSERT INTO movie_projections (id, projection_date, projection_time, cinema_hall_id, movie_id, created_at, updated_at) VALUES ('6dc7b6e3-ed93-4ce5-b355-270957355323', '2025-12-13', '16:00:00', 'b5e4e43e-89e5-40a6-827f-e9a6c93a6d01', 'db3b93ba-1fb5-46a8-9426-632db651a324', '2025-12-03T04:50:03.617206', '2025-12-03T04:50:03.617206');
INSERT INTO movie_projections (id, projection_date, projection_time, cinema_hall_id, movie_id, created_at, updated_at) VALUES ('163149f6-4304-477c-a414-06d1251d4f31', '2025-12-06', '16:00:00', '5859185d-a602-42fe-aec0-9a4cdb4cf156', 'db3b93ba-1fb5-46a8-9426-632db651a324', '2025-12-03T04:50:03.617241', '2025-12-03T04:50:03.617241');
INSERT INTO movie_projections (id, projection_date, projection_time, cinema_hall_id, movie_id, created_at, updated_at) VALUES ('452a0a2d-5367-4958-9d9e-b0ccba6baa70', '2025-12-04', '10:00:00', '979f568e-d632-4576-9484-7f0ac798ba20', 'db3b93ba-1fb5-46a8-9426-632db651a324', '2025-12-03T04:50:03.617280', '2025-12-03T04:50:03.617280');
INSERT INTO movie_projections (id, projection_date, projection_time, cinema_hall_id, movie_id, created_at, updated_at) VALUES ('c6bde4ba-6133-48ae-b2e8-ee281cd98407', '2025-12-09', '22:00:00', 'efb6b7e3-a091-4998-a41f-57ef6a4a30bc', 'db3b93ba-1fb5-46a8-9426-632db651a324', '2025-12-03T04:50:03.617324', '2025-12-03T04:50:03.617324');
INSERT INTO movie_projections (id, projection_date, projection_time, cinema_hall_id, movie_id, created_at, updated_at) VALUES ('3ee25016-41c2-48ce-a19f-b0bc32920138', '2025-12-13', '16:00:00', '69838be8-afbb-48b1-a1a8-7e2e374b01b5', 'db3b93ba-1fb5-46a8-9426-632db651a324', '2025-12-03T04:50:03.617361', '2025-12-03T04:50:03.617361');
INSERT INTO movie_projections (id, projection_date, projection_time, cinema_hall_id, movie_id, created_at, updated_at) VALUES ('8777b612-65b1-4527-a202-5d39e77ac9f7', '2025-12-05', '16:00:00', 'efb6b7e3-a091-4998-a41f-57ef6a4a30bc', 'db3b93ba-1fb5-46a8-9426-632db651a324', '2025-12-03T04:50:03.617401', '2025-12-03T04:50:03.617401');
INSERT INTO movie_projections (id, projection_date, projection_time, cinema_hall_id, movie_id, created_at, updated_at) VALUES ('3abb0c9e-5d98-4a38-a004-fde520c05e8c', '2025-12-04', '22:00:00', '852f356a-c599-4b97-bee8-0f93ca9b5f0a', 'db3b93ba-1fb5-46a8-9426-632db651a324', '2025-12-03T04:50:03.617438', '2025-12-03T04:50:03.617438');
INSERT INTO movie_projections (id, projection_date, projection_time, cinema_hall_id, movie_id, created_at, updated_at) VALUES ('6a1b9d2b-d8b7-400d-b2c6-f9c023976dbc', '2025-12-07', '22:00:00', '685ad785-6ee0-494a-b94a-18c303602355', 'db3b93ba-1fb5-46a8-9426-632db651a324', '2025-12-03T04:50:03.617474', '2025-12-03T04:50:03.617474');
INSERT INTO movie_projections (id, projection_date, projection_time, cinema_hall_id, movie_id, created_at, updated_at) VALUES ('a46340e8-bcd1-48cf-acb9-a6cef96fd0e2', '2025-12-06', '19:00:00', 'efb6b7e3-a091-4998-a41f-57ef6a4a30bc', 'db3b93ba-1fb5-46a8-9426-632db651a324', '2025-12-03T04:50:03.617514', '2025-12-03T04:50:03.617514');
INSERT INTO movie_projections (id, projection_date, projection_time, cinema_hall_id, movie_id, created_at, updated_at) VALUES ('add284c8-fc96-4738-8815-e1e6f30b7e11', '2025-12-12', '19:00:00', '8f284e20-ba1e-484c-a011-98db1acee7db', 'db3b93ba-1fb5-46a8-9426-632db651a324', '2025-12-03T04:50:03.617550', '2025-12-03T04:50:03.617550');
INSERT INTO movie_projections (id, projection_date, projection_time, cinema_hall_id, movie_id, created_at, updated_at) VALUES ('5c578ff4-0117-4a06-a9d6-1bed02fd3815', '2025-12-05', '19:00:00', '8f284e20-ba1e-484c-a011-98db1acee7db', 'db3b93ba-1fb5-46a8-9426-632db651a324', '2025-12-03T04:50:03.617589', '2025-12-03T04:50:03.617589');
INSERT INTO movie_projections (id, projection_date, projection_time, cinema_hall_id, movie_id, created_at, updated_at) VALUES ('7b7a20f4-c362-4941-a38a-2a041b5a7fd5', '2025-12-10', '13:00:00', '73bc759c-0af5-48b5-9d76-e26ecc179018', 'db3b93ba-1fb5-46a8-9426-632db651a324', '2025-12-03T04:50:03.617625', '2025-12-03T04:50:03.617625');
INSERT INTO movie_projections (id, projection_date, projection_time, cinema_hall_id, movie_id, created_at, updated_at) VALUES ('8250781b-96aa-4418-b731-91c7cdca95ee', '2025-12-06', '16:00:00', '26eccb22-f786-4866-925a-3571f437f887', 'db3b93ba-1fb5-46a8-9426-632db651a324', '2025-12-03T04:50:03.617660', '2025-12-03T04:50:03.617660');
INSERT INTO movie_projections (id, projection_date, projection_time, cinema_hall_id, movie_id, created_at, updated_at) VALUES ('28046807-43a3-4ab7-9dab-c5f71025af91', '2025-12-11', '13:00:00', '852f356a-c599-4b97-bee8-0f93ca9b5f0a', 'db3b93ba-1fb5-46a8-9426-632db651a324', '2025-12-03T04:50:03.617697', '2025-12-03T04:50:03.617697');
INSERT INTO movie_projections (id, projection_date, projection_time, cinema_hall_id, movie_id, created_at, updated_at) VALUES ('6818c12b-23be-46a2-9bf4-96dc907a8d09', '2025-12-07', '19:00:00', 'd8314e56-6a9e-45d6-afbd-11b1ff5cc707', 'db3b93ba-1fb5-46a8-9426-632db651a324', '2025-12-03T04:50:03.617732', '2025-12-03T04:50:03.617732');
INSERT INTO movie_projections (id, projection_date, projection_time, cinema_hall_id, movie_id, created_at, updated_at) VALUES ('da9b7efa-d1c9-42f9-abc0-ab6f2227aec5', '2025-12-12', '13:00:00', 'dde99b3d-bd97-4c5b-ae57-89d16040945b', 'db3b93ba-1fb5-46a8-9426-632db651a324', '2025-12-03T04:50:03.617768', '2025-12-03T04:50:03.617768');
INSERT INTO movie_projections (id, projection_date, projection_time, cinema_hall_id, movie_id, created_at, updated_at) VALUES ('09416630-5a4a-477b-846e-c1c740edb8dc', '2025-12-04', '13:00:00', '7017f84b-b88f-438a-8740-532998a9776e', 'db3b93ba-1fb5-46a8-9426-632db651a324', '2025-12-03T04:50:03.617803', '2025-12-03T04:50:03.617803');
INSERT INTO movie_projections (id, projection_date, projection_time, cinema_hall_id, movie_id, created_at, updated_at) VALUES ('f0a481e4-3d5a-445f-83a3-a829681f1c63', '2025-12-13', '13:00:00', '26eccb22-f786-4866-925a-3571f437f887', 'db3b93ba-1fb5-46a8-9426-632db651a324', '2025-12-03T04:50:03.617838', '2025-12-03T04:50:03.617838');
INSERT INTO movie_projections (id, projection_date, projection_time, cinema_hall_id, movie_id, created_at, updated_at) VALUES ('028007ba-bb07-4321-a95b-ab225a037a39', '2025-12-11', '13:00:00', 'dbf5aae0-e81d-4f4b-88c1-f355c9978e50', 'db3b93ba-1fb5-46a8-9426-632db651a324', '2025-12-03T04:50:03.617878', '2025-12-03T04:50:03.617878');
INSERT INTO movie_projections (id, projection_date, projection_time, cinema_hall_id, movie_id, created_at, updated_at) VALUES ('98eb3090-4c5c-4cc4-a018-2f618b98e2e2', '2025-12-13', '19:00:00', '7017f84b-b88f-438a-8740-532998a9776e', 'db3b93ba-1fb5-46a8-9426-632db651a324', '2025-12-03T04:50:03.617928', '2025-12-03T04:50:03.617928');
INSERT INTO movie_projections (id, projection_date, projection_time, cinema_hall_id, movie_id, created_at, updated_at) VALUES ('2dfbacaf-17ff-4900-9b83-4c80f2754e96', '2025-12-11', '19:00:00', 'd3077cf2-2082-4360-b38f-ed1697f2a8d8', 'db3b93ba-1fb5-46a8-9426-632db651a324', '2025-12-03T04:50:03.618019', '2025-12-03T04:50:03.618019');
INSERT INTO movie_projections (id, projection_date, projection_time, cinema_hall_id, movie_id, created_at, updated_at) VALUES ('22c7cf9a-0ac5-4831-8521-3537238a20fd', '2025-12-04', '13:00:00', '4ece4889-d0f6-4d87-9a48-2de3f8ae361d', 'db3b93ba-1fb5-46a8-9426-632db651a324', '2025-12-03T04:50:03.618129', '2025-12-03T04:50:03.618129');
INSERT INTO movie_projections (id, projection_date, projection_time, cinema_hall_id, movie_id, created_at, updated_at) VALUES ('324066ae-a492-4233-9ef3-e680f2af633a', '2025-12-08', '19:00:00', 'd3a92a18-1639-445d-b39e-0db80203b9e2', 'db3b93ba-1fb5-46a8-9426-632db651a324', '2025-12-03T04:50:03.618199', '2025-12-03T04:50:03.618199');
INSERT INTO movie_projections (id, projection_date, projection_time, cinema_hall_id, movie_id, created_at, updated_at) VALUES ('0dc7129a-b5f0-47d0-a082-f1fd27442846', '2025-12-10', '22:00:00', 'a0ad9682-ff17-4c82-9607-b39f38263997', 'db3b93ba-1fb5-46a8-9426-632db651a324', '2025-12-03T04:50:03.618262', '2025-12-03T04:50:03.618262');
INSERT INTO movie_projections (id, projection_date, projection_time, cinema_hall_id, movie_id, created_at, updated_at) VALUES ('54efd121-5828-45e9-ac95-3862ac82c328', '2025-12-09', '19:00:00', '73bc759c-0af5-48b5-9d76-e26ecc179018', 'db3b93ba-1fb5-46a8-9426-632db651a324', '2025-12-03T04:50:03.618327', '2025-12-03T04:50:03.618327');
INSERT INTO movie_projections (id, projection_date, projection_time, cinema_hall_id, movie_id, created_at, updated_at) VALUES ('dbafeb80-3f9a-4350-a1b3-408cfb934f5c', '2025-12-10', '22:00:00', 'd73d0d67-be21-46b7-b76b-8d0b79aa20dd', 'db3b93ba-1fb5-46a8-9426-632db651a324', '2025-12-03T04:50:03.618399', '2025-12-03T04:50:03.618399');
INSERT INTO movie_projections (id, projection_date, projection_time, cinema_hall_id, movie_id, created_at, updated_at) VALUES ('69a28ed1-c31c-498a-b567-ee1f731e8910', '2025-12-07', '16:00:00', 'efb6b7e3-a091-4998-a41f-57ef6a4a30bc', 'db3b93ba-1fb5-46a8-9426-632db651a324', '2025-12-03T04:50:03.618481', '2025-12-03T04:50:03.618481');
INSERT INTO movie_projections (id, projection_date, projection_time, cinema_hall_id, movie_id, created_at, updated_at) VALUES ('ab287928-8fc0-4ade-bee0-036e6065502b', '2025-12-10', '10:00:00', 'd3a92a18-1639-445d-b39e-0db80203b9e2', 'db3b93ba-1fb5-46a8-9426-632db651a324', '2025-12-03T04:50:03.618547', '2025-12-03T04:50:03.618547');
INSERT INTO movie_projections (id, projection_date, projection_time, cinema_hall_id, movie_id, created_at, updated_at) VALUES ('603d4a4d-29a7-49b9-9c5c-f54b10bedfd5', '2025-12-04', '22:00:00', '852f356a-c599-4b97-bee8-0f93ca9b5f0a', 'db3b93ba-1fb5-46a8-9426-632db651a324', '2025-12-03T04:50:03.618616', '2025-12-03T04:50:03.618616');
INSERT INTO movie_projections (id, projection_date, projection_time, cinema_hall_id, movie_id, created_at, updated_at) VALUES ('02280de4-507f-4c4f-aa6d-d0b473643160', '2025-12-13', '10:00:00', 'fefbeed0-f44e-4b6b-98bb-a7a97cc3d06e', 'db3b93ba-1fb5-46a8-9426-632db651a324', '2025-12-03T04:50:03.618696', '2025-12-03T04:50:03.618696');
INSERT INTO movie_projections (id, projection_date, projection_time, cinema_hall_id, movie_id, created_at, updated_at) VALUES ('b0d7f0f2-e46f-4ba7-956c-bafb6d596e5a', '2025-12-13', '16:00:00', '9650ae5e-fa19-4108-95f6-a4ada4baa9ec', 'db3b93ba-1fb5-46a8-9426-632db651a324', '2025-12-03T04:50:03.618762', '2025-12-03T04:50:03.618762');
INSERT INTO movie_projections (id, projection_date, projection_time, cinema_hall_id, movie_id, created_at, updated_at) VALUES ('bbae4aaf-fe4b-43f9-836b-99ac65c3bf2d', '2025-12-07', '13:00:00', 'c37deb55-0cbf-43de-8d67-0bc6e644a54f', 'db3b93ba-1fb5-46a8-9426-632db651a324', '2025-12-03T04:50:03.618829', '2025-12-03T04:50:03.618829');
INSERT INTO movie_projections (id, projection_date, projection_time, cinema_hall_id, movie_id, created_at, updated_at) VALUES ('069f013d-717a-4727-981f-5b71d9df4882', '2025-12-10', '16:00:00', '59c7d645-a77b-4f30-835f-ccceb08fee74', 'db3b93ba-1fb5-46a8-9426-632db651a324', '2025-12-03T04:50:03.618893', '2025-12-03T04:50:03.618893');
INSERT INTO movie_projections (id, projection_date, projection_time, cinema_hall_id, movie_id, created_at, updated_at) VALUES ('613a9fdf-b19c-415a-8624-e17e4c64064e', '2025-12-09', '22:00:00', '59c7d645-a77b-4f30-835f-ccceb08fee74', 'db3b93ba-1fb5-46a8-9426-632db651a324', '2025-12-03T04:50:03.618960', '2025-12-03T04:50:03.618960');
INSERT INTO movie_projections (id, projection_date, projection_time, cinema_hall_id, movie_id, created_at, updated_at) VALUES ('326c788f-bbfd-45c3-b3c1-9eb0b4a69c0c', '2025-12-12', '22:00:00', '73bc759c-0af5-48b5-9d76-e26ecc179018', '269fa136-d049-419a-bf9e-87a70ddf9524', '2025-12-03T04:50:03.619035', '2025-12-03T04:50:03.619035');
INSERT INTO movie_projections (id, projection_date, projection_time, cinema_hall_id, movie_id, created_at, updated_at) VALUES ('664e8666-2583-4cc3-a939-80bbb43783f8', '2025-12-11', '19:00:00', 'd3a92a18-1639-445d-b39e-0db80203b9e2', '269fa136-d049-419a-bf9e-87a70ddf9524', '2025-12-03T04:50:03.619110', '2025-12-03T04:50:03.619110');
INSERT INTO movie_projections (id, projection_date, projection_time, cinema_hall_id, movie_id, created_at, updated_at) VALUES ('9d0a82bc-6cf8-4b01-9112-d19e36f574fd', '2025-12-12', '13:00:00', '1b352ca0-3901-484b-80f2-87da8af67151', '269fa136-d049-419a-bf9e-87a70ddf9524', '2025-12-03T04:50:03.619192', '2025-12-03T04:50:03.619192');
INSERT INTO movie_projections (id, projection_date, projection_time, cinema_hall_id, movie_id, created_at, updated_at) VALUES ('74670cba-3c96-4de0-9f85-665fa726d391', '2025-12-08', '22:00:00', '2b9fa946-6da8-4721-b194-d71a5637de5e', '269fa136-d049-419a-bf9e-87a70ddf9524', '2025-12-03T04:50:03.619268', '2025-12-03T04:50:03.619268');
INSERT INTO movie_projections (id, projection_date, projection_time, cinema_hall_id, movie_id, created_at, updated_at) VALUES ('1e367dda-2944-444d-bea7-ad08411d0a27', '2025-12-06', '19:00:00', '5859185d-a602-42fe-aec0-9a4cdb4cf156', '269fa136-d049-419a-bf9e-87a70ddf9524', '2025-12-03T04:50:03.619340', '2025-12-03T04:50:03.619340');
INSERT INTO movie_projections (id, projection_date, projection_time, cinema_hall_id, movie_id, created_at, updated_at) VALUES ('32ed29fa-effa-4dce-86f5-e7fa008f4150', '2025-12-12', '19:00:00', '73bc759c-0af5-48b5-9d76-e26ecc179018', '269fa136-d049-419a-bf9e-87a70ddf9524', '2025-12-03T04:50:03.619409', '2025-12-03T04:50:03.619409');
INSERT INTO movie_projections (id, projection_date, projection_time, cinema_hall_id, movie_id, created_at, updated_at) VALUES ('abb5a0c8-ccbd-41f8-989c-a112c714a765', '2025-12-04', '13:00:00', '1bc5ac50-39ea-4d16-a513-03a7426fc8f1', '269fa136-d049-419a-bf9e-87a70ddf9524', '2025-12-03T04:50:03.619490', '2025-12-03T04:50:03.619490');
INSERT INTO movie_projections (id, projection_date, projection_time, cinema_hall_id, movie_id, created_at, updated_at) VALUES ('a32b363d-34b6-48de-a392-6f17b7c80160', '2025-12-09', '22:00:00', 'd73d0d67-be21-46b7-b76b-8d0b79aa20dd', '269fa136-d049-419a-bf9e-87a70ddf9524', '2025-12-03T04:50:03.619559', '2025-12-03T04:50:03.619559');
INSERT INTO movie_projections (id, projection_date, projection_time, cinema_hall_id, movie_id, created_at, updated_at) VALUES ('4880fd43-ab7d-454f-8127-e2aab72f37cc', '2025-12-08', '13:00:00', '6cdfdbe1-103f-401e-91c9-5708d17e8c7f', '269fa136-d049-419a-bf9e-87a70ddf9524', '2025-12-03T04:50:03.619635', '2025-12-03T04:50:03.619635');
INSERT INTO movie_projections (id, projection_date, projection_time, cinema_hall_id, movie_id, created_at, updated_at) VALUES ('cc2efbcc-045d-4c3c-899d-37cf93028951', '2025-12-08', '22:00:00', 'd8314e56-6a9e-45d6-afbd-11b1ff5cc707', '269fa136-d049-419a-bf9e-87a70ddf9524', '2025-12-03T04:50:03.619733', '2025-12-03T04:50:03.619733');
INSERT INTO movie_projections (id, projection_date, projection_time, cinema_hall_id, movie_id, created_at, updated_at) VALUES ('180d85d7-1fc9-4a33-b1ac-2d88d10cc224', '2025-12-05', '10:00:00', 'b5e4e43e-89e5-40a6-827f-e9a6c93a6d01', '269fa136-d049-419a-bf9e-87a70ddf9524', '2025-12-03T04:50:03.619802', '2025-12-03T04:50:03.619802');
INSERT INTO movie_projections (id, projection_date, projection_time, cinema_hall_id, movie_id, created_at, updated_at) VALUES ('4694f176-4f9b-40f5-a474-a72cda97aacd', '2025-12-09', '19:00:00', '2b9fa946-6da8-4721-b194-d71a5637de5e', '269fa136-d049-419a-bf9e-87a70ddf9524', '2025-12-03T04:50:03.619875', '2025-12-03T04:50:03.619875');
INSERT INTO movie_projections (id, projection_date, projection_time, cinema_hall_id, movie_id, created_at, updated_at) VALUES ('87b622fb-131e-48ed-b763-e40bafaee307', '2025-12-12', '13:00:00', '69838be8-afbb-48b1-a1a8-7e2e374b01b5', '269fa136-d049-419a-bf9e-87a70ddf9524', '2025-12-03T04:50:03.619944', '2025-12-03T04:50:03.619944');
INSERT INTO movie_projections (id, projection_date, projection_time, cinema_hall_id, movie_id, created_at, updated_at) VALUES ('f46de06e-009a-4426-b808-8a56731eb8b4', '2025-12-13', '19:00:00', '7017f84b-b88f-438a-8740-532998a9776e', '269fa136-d049-419a-bf9e-87a70ddf9524', '2025-12-03T04:50:03.620015', '2025-12-03T04:50:03.620015');
INSERT INTO movie_projections (id, projection_date, projection_time, cinema_hall_id, movie_id, created_at, updated_at) VALUES ('96dc01f4-a337-48c1-b075-4f03ff237c07', '2025-12-04', '10:00:00', 'a0ad9682-ff17-4c82-9607-b39f38263997', '269fa136-d049-419a-bf9e-87a70ddf9524', '2025-12-03T04:50:03.620083', '2025-12-03T04:50:03.620083');
INSERT INTO movie_projections (id, projection_date, projection_time, cinema_hall_id, movie_id, created_at, updated_at) VALUES ('7c863b80-4ec7-4fe8-a54d-f12e854f9c97', '2025-12-13', '13:00:00', 'dbf5aae0-e81d-4f4b-88c1-f355c9978e50', '269fa136-d049-419a-bf9e-87a70ddf9524', '2025-12-03T04:50:03.620148', '2025-12-03T04:50:03.620148');
INSERT INTO movie_projections (id, projection_date, projection_time, cinema_hall_id, movie_id, created_at, updated_at) VALUES ('95020cf6-7e7d-4ee3-ba63-3fc05ac8a251', '2025-12-04', '22:00:00', 'd3a92a18-1639-445d-b39e-0db80203b9e2', '269fa136-d049-419a-bf9e-87a70ddf9524', '2025-12-03T04:50:03.620232', '2025-12-03T04:50:03.620232');
INSERT INTO movie_projections (id, projection_date, projection_time, cinema_hall_id, movie_id, created_at, updated_at) VALUES ('7e9d5302-a1ea-4d38-8f5e-39e6e1c641d8', '2025-12-10', '16:00:00', 'b5e4e43e-89e5-40a6-827f-e9a6c93a6d01', '269fa136-d049-419a-bf9e-87a70ddf9524', '2025-12-03T04:50:03.620301', '2025-12-03T04:50:03.620301');
INSERT INTO movie_projections (id, projection_date, projection_time, cinema_hall_id, movie_id, created_at, updated_at) VALUES ('c46cd2f7-eb36-48f0-b469-d287f3d25cf2', '2025-12-05', '16:00:00', '4ece4889-d0f6-4d87-9a48-2de3f8ae361d', '269fa136-d049-419a-bf9e-87a70ddf9524', '2025-12-03T04:50:03.620369', '2025-12-03T04:50:03.620369');
INSERT INTO movie_projections (id, projection_date, projection_time, cinema_hall_id, movie_id, created_at, updated_at) VALUES ('18a1cb3a-255a-41f6-9555-18fb3efa2560', '2025-12-04', '16:00:00', 'f09882fa-12ec-434a-b867-abeca8332f23', '269fa136-d049-419a-bf9e-87a70ddf9524', '2025-12-03T04:50:03.620435', '2025-12-03T04:50:03.620435');
INSERT INTO movie_projections (id, projection_date, projection_time, cinema_hall_id, movie_id, created_at, updated_at) VALUES ('38df0711-77d5-4730-ab87-48b5dac3ce2b', '2025-12-11', '22:00:00', 'fefbeed0-f44e-4b6b-98bb-a7a97cc3d06e', '269fa136-d049-419a-bf9e-87a70ddf9524', '2025-12-03T04:50:03.620511', '2025-12-03T04:50:03.620511');
INSERT INTO movie_projections (id, projection_date, projection_time, cinema_hall_id, movie_id, created_at, updated_at) VALUES ('c06b1bcc-af02-41f2-a5ef-6faa24b0cfca', '2025-12-10', '22:00:00', 'd73d0d67-be21-46b7-b76b-8d0b79aa20dd', '269fa136-d049-419a-bf9e-87a70ddf9524', '2025-12-03T04:50:03.620580', '2025-12-03T04:50:03.620580');
INSERT INTO movie_projections (id, projection_date, projection_time, cinema_hall_id, movie_id, created_at, updated_at) VALUES ('a3a49f09-84bb-4501-8e11-1e944b0e8252', '2025-12-10', '16:00:00', 'fefbeed0-f44e-4b6b-98bb-a7a97cc3d06e', '269fa136-d049-419a-bf9e-87a70ddf9524', '2025-12-03T04:50:03.620644', '2025-12-03T04:50:03.620644');
INSERT INTO movie_projections (id, projection_date, projection_time, cinema_hall_id, movie_id, created_at, updated_at) VALUES ('7d2930ee-a301-44d5-8b00-740810ca429c', '2025-12-09', '16:00:00', 'b10085e8-fbdb-4a0a-82ac-432e07c9c0f1', '269fa136-d049-419a-bf9e-87a70ddf9524', '2025-12-03T04:50:03.620709', '2025-12-03T04:50:03.620709');
INSERT INTO movie_projections (id, projection_date, projection_time, cinema_hall_id, movie_id, created_at, updated_at) VALUES ('4ffe4684-1eb5-42c3-adcd-09fde01dd5e4', '2025-12-10', '10:00:00', '69838be8-afbb-48b1-a1a8-7e2e374b01b5', '269fa136-d049-419a-bf9e-87a70ddf9524', '2025-12-03T04:50:03.620778', '2025-12-03T04:50:03.620778');
INSERT INTO movie_projections (id, projection_date, projection_time, cinema_hall_id, movie_id, created_at, updated_at) VALUES ('8811d9f0-cd3e-46a0-93c7-a695e7003a06', '2025-12-12', '16:00:00', '1b352ca0-3901-484b-80f2-87da8af67151', '269fa136-d049-419a-bf9e-87a70ddf9524', '2025-12-03T04:50:03.620842', '2025-12-03T04:50:03.620842');
INSERT INTO movie_projections (id, projection_date, projection_time, cinema_hall_id, movie_id, created_at, updated_at) VALUES ('38215749-8e44-4066-98f3-a23b39368417', '2025-12-11', '22:00:00', 'efb6b7e3-a091-4998-a41f-57ef6a4a30bc', '269fa136-d049-419a-bf9e-87a70ddf9524', '2025-12-03T04:50:03.620903', '2025-12-03T04:50:03.620903');
INSERT INTO movie_projections (id, projection_date, projection_time, cinema_hall_id, movie_id, created_at, updated_at) VALUES ('8c59ee99-c9ae-41f8-b26c-2b94492172fe', '2025-12-13', '16:00:00', '8f284e20-ba1e-484c-a011-98db1acee7db', '269fa136-d049-419a-bf9e-87a70ddf9524', '2025-12-03T04:50:03.620977', '2025-12-03T04:50:03.620977');
INSERT INTO movie_projections (id, projection_date, projection_time, cinema_hall_id, movie_id, created_at, updated_at) VALUES ('842eca61-5dbd-4707-aeb6-bfa025103606', '2025-12-04', '10:00:00', '26eccb22-f786-4866-925a-3571f437f887', '269fa136-d049-419a-bf9e-87a70ddf9524', '2025-12-03T04:50:03.621043', '2025-12-03T04:50:03.621043');
INSERT INTO movie_projections (id, projection_date, projection_time, cinema_hall_id, movie_id, created_at, updated_at) VALUES ('1b3af8fd-44b2-4a82-9bf3-59702b4a1ac0', '2025-12-11', '13:00:00', 'efb6b7e3-a091-4998-a41f-57ef6a4a30bc', '269fa136-d049-419a-bf9e-87a70ddf9524', '2025-12-03T04:50:03.621123', '2025-12-03T04:50:03.621123');
INSERT INTO movie_projections (id, projection_date, projection_time, cinema_hall_id, movie_id, created_at, updated_at) VALUES ('022f06c4-2368-4e97-bd47-0fa543cd71ab', '2025-12-13', '22:00:00', 'f09882fa-12ec-434a-b867-abeca8332f23', '269fa136-d049-419a-bf9e-87a70ddf9524', '2025-12-03T04:50:03.621212', '2025-12-03T04:50:03.621212');
INSERT INTO movie_projections (id, projection_date, projection_time, cinema_hall_id, movie_id, created_at, updated_at) VALUES ('4be3a83f-a48a-4e25-8604-9053fcaffb24', '2025-12-07', '22:00:00', '5c8d7f47-cdbf-4519-b041-ce7b0fae2181', '269fa136-d049-419a-bf9e-87a70ddf9524', '2025-12-03T04:50:03.621287', '2025-12-03T04:50:03.621287');
INSERT INTO movie_projections (id, projection_date, projection_time, cinema_hall_id, movie_id, created_at, updated_at) VALUES ('3ac832cb-3c76-44fa-be0f-b876b08264da', '2025-12-04', '10:00:00', '9650ae5e-fa19-4108-95f6-a4ada4baa9ec', '269fa136-d049-419a-bf9e-87a70ddf9524', '2025-12-03T04:50:03.621359', '2025-12-03T04:50:03.621359');
INSERT INTO movie_projections (id, projection_date, projection_time, cinema_hall_id, movie_id, created_at, updated_at) VALUES ('dbb04968-b325-4dd3-a423-59e24022adc8', '2025-12-06', '22:00:00', '6cdfdbe1-103f-401e-91c9-5708d17e8c7f', '269fa136-d049-419a-bf9e-87a70ddf9524', '2025-12-03T04:50:03.621421', '2025-12-03T04:50:03.621421');
INSERT INTO movie_projections (id, projection_date, projection_time, cinema_hall_id, movie_id, created_at, updated_at) VALUES ('8986edfa-f71a-4333-9280-b2bea0fe7b7b', '2025-12-12', '13:00:00', 'a0ad9682-ff17-4c82-9607-b39f38263997', '269fa136-d049-419a-bf9e-87a70ddf9524', '2025-12-03T04:50:03.621497', '2025-12-03T04:50:03.621497');
INSERT INTO movie_projections (id, projection_date, projection_time, cinema_hall_id, movie_id, created_at, updated_at) VALUES ('1585328b-de73-4ad0-a852-43108d240679', '2025-12-06', '13:00:00', '8f284e20-ba1e-484c-a011-98db1acee7db', '269fa136-d049-419a-bf9e-87a70ddf9524', '2025-12-03T04:50:03.621560', '2025-12-03T04:50:03.621560');
INSERT INTO movie_projections (id, projection_date, projection_time, cinema_hall_id, movie_id, created_at, updated_at) VALUES ('25178ed8-8fbd-4a78-ae42-c1bd3ca66d6a', '2025-12-13', '10:00:00', '685ad785-6ee0-494a-b94a-18c303602355', '269fa136-d049-419a-bf9e-87a70ddf9524', '2025-12-03T04:50:03.621624', '2025-12-03T04:50:03.621624');
INSERT INTO movie_projections (id, projection_date, projection_time, cinema_hall_id, movie_id, created_at, updated_at) VALUES ('f4ac6506-e69c-4d20-90da-ed7c7834ff84', '2025-12-06', '22:00:00', '4ece4889-d0f6-4d87-9a48-2de3f8ae361d', '269fa136-d049-419a-bf9e-87a70ddf9524', '2025-12-03T04:50:03.621702', '2025-12-03T04:50:03.621702');
INSERT INTO movie_projections (id, projection_date, projection_time, cinema_hall_id, movie_id, created_at, updated_at) VALUES ('088c73ea-5565-42ec-9db1-8d061fa225ab', '2025-12-06', '22:00:00', 'c37deb55-0cbf-43de-8d67-0bc6e644a54f', '269fa136-d049-419a-bf9e-87a70ddf9524', '2025-12-03T04:50:03.621787', '2025-12-03T04:50:03.621787');
INSERT INTO movie_projections (id, projection_date, projection_time, cinema_hall_id, movie_id, created_at, updated_at) VALUES ('c25bef2e-bdf9-443e-9c53-7f2f33d01b5b', '2025-12-04', '22:00:00', 'b5e4e43e-89e5-40a6-827f-e9a6c93a6d01', '269fa136-d049-419a-bf9e-87a70ddf9524', '2025-12-03T04:50:03.621854', '2025-12-03T04:50:03.621854');
INSERT INTO movie_projections (id, projection_date, projection_time, cinema_hall_id, movie_id, created_at, updated_at) VALUES ('51d6f2d9-136a-4c01-a6c4-027db38edbed', '2025-12-13', '16:00:00', 'dbf5aae0-e81d-4f4b-88c1-f355c9978e50', '70c7043c-7775-4628-8254-138e63c2531e', '2025-12-03T04:50:03.621939', '2025-12-03T04:50:03.621939');
INSERT INTO movie_projections (id, projection_date, projection_time, cinema_hall_id, movie_id, created_at, updated_at) VALUES ('74ac5fbc-9f91-42be-809d-1d28f98f0979', '2025-12-12', '13:00:00', 'dde99b3d-bd97-4c5b-ae57-89d16040945b', '70c7043c-7775-4628-8254-138e63c2531e', '2025-12-03T04:50:03.622008', '2025-12-03T04:50:03.622008');
INSERT INTO movie_projections (id, projection_date, projection_time, cinema_hall_id, movie_id, created_at, updated_at) VALUES ('70f699db-6842-40a4-81ec-62ceaf37b171', '2025-12-04', '19:00:00', 'f09882fa-12ec-434a-b867-abeca8332f23', '70c7043c-7775-4628-8254-138e63c2531e', '2025-12-03T04:50:03.622074', '2025-12-03T04:50:03.622074');
INSERT INTO movie_projections (id, projection_date, projection_time, cinema_hall_id, movie_id, created_at, updated_at) VALUES ('80c14193-f43f-497e-8eaf-718828714244', '2025-12-07', '22:00:00', 'f09882fa-12ec-434a-b867-abeca8332f23', '70c7043c-7775-4628-8254-138e63c2531e', '2025-12-03T04:50:03.622141', '2025-12-03T04:50:03.622141');
INSERT INTO movie_projections (id, projection_date, projection_time, cinema_hall_id, movie_id, created_at, updated_at) VALUES ('db271549-0bdd-4c8d-a95b-e283ed5194a3', '2025-12-13', '22:00:00', 'd3077cf2-2082-4360-b38f-ed1697f2a8d8', '70c7043c-7775-4628-8254-138e63c2531e', '2025-12-03T04:50:03.622211', '2025-12-03T04:50:03.622211');
INSERT INTO movie_projections (id, projection_date, projection_time, cinema_hall_id, movie_id, created_at, updated_at) VALUES ('55cf65f9-a6f8-4689-82d5-080d4f0348dd', '2025-12-04', '13:00:00', '6cdfdbe1-103f-401e-91c9-5708d17e8c7f', '70c7043c-7775-4628-8254-138e63c2531e', '2025-12-03T04:50:03.622280', '2025-12-03T04:50:03.622280');
INSERT INTO movie_projections (id, projection_date, projection_time, cinema_hall_id, movie_id, created_at, updated_at) VALUES ('70e1e398-6f47-423f-887e-4d0a585b0f76', '2025-12-07', '22:00:00', '685ad785-6ee0-494a-b94a-18c303602355', '70c7043c-7775-4628-8254-138e63c2531e', '2025-12-03T04:50:03.622347', '2025-12-03T04:50:03.622347');
INSERT INTO movie_projections (id, projection_date, projection_time, cinema_hall_id, movie_id, created_at, updated_at) VALUES ('078488e1-3246-4e0a-ad8a-ac56cd999681', '2025-12-12', '19:00:00', 'f0e8217b-bbaa-40d5-9aad-525f7ff78fea', '70c7043c-7775-4628-8254-138e63c2531e', '2025-12-03T04:50:03.622416', '2025-12-03T04:50:03.622416');
INSERT INTO movie_projections (id, projection_date, projection_time, cinema_hall_id, movie_id, created_at, updated_at) VALUES ('a21c6518-9680-4b61-9e64-42ac305dd42a', '2025-12-12', '19:00:00', '6cdfdbe1-103f-401e-91c9-5708d17e8c7f', '70c7043c-7775-4628-8254-138e63c2531e', '2025-12-03T04:50:03.622517', '2025-12-03T04:50:03.622517');
INSERT INTO movie_projections (id, projection_date, projection_time, cinema_hall_id, movie_id, created_at, updated_at) VALUES ('8ceb866f-ad6b-4096-9af6-ce221bfdc644', '2025-12-04', '19:00:00', '59c7d645-a77b-4f30-835f-ccceb08fee74', '70c7043c-7775-4628-8254-138e63c2531e', '2025-12-03T04:50:03.622605', '2025-12-03T04:50:03.622605');
INSERT INTO movie_projections (id, projection_date, projection_time, cinema_hall_id, movie_id, created_at, updated_at) VALUES ('4ca77899-3fe6-4981-860d-0c3015c2f18c', '2025-12-06', '19:00:00', 'dde99b3d-bd97-4c5b-ae57-89d16040945b', '70c7043c-7775-4628-8254-138e63c2531e', '2025-12-03T04:50:03.622691', '2025-12-03T04:50:03.622691');
INSERT INTO movie_projections (id, projection_date, projection_time, cinema_hall_id, movie_id, created_at, updated_at) VALUES ('3743b48f-8351-41a5-aec2-e7e2a589da5e', '2025-12-11', '19:00:00', 'fefbeed0-f44e-4b6b-98bb-a7a97cc3d06e', '70c7043c-7775-4628-8254-138e63c2531e', '2025-12-03T04:50:03.622761', '2025-12-03T04:50:03.622761');
INSERT INTO movie_projections (id, projection_date, projection_time, cinema_hall_id, movie_id, created_at, updated_at) VALUES ('93274e18-80dc-4071-ad9b-8797c247e5fa', '2025-12-07', '22:00:00', '852f356a-c599-4b97-bee8-0f93ca9b5f0a', '70c7043c-7775-4628-8254-138e63c2531e', '2025-12-03T04:50:03.622826', '2025-12-03T04:50:03.622826');
INSERT INTO movie_projections (id, projection_date, projection_time, cinema_hall_id, movie_id, created_at, updated_at) VALUES ('8f45a096-6e13-40f1-ad73-43a3b8abf330', '2025-12-07', '10:00:00', 'f09882fa-12ec-434a-b867-abeca8332f23', '70c7043c-7775-4628-8254-138e63c2531e', '2025-12-03T04:50:03.622889', '2025-12-03T04:50:03.622889');
INSERT INTO movie_projections (id, projection_date, projection_time, cinema_hall_id, movie_id, created_at, updated_at) VALUES ('65780e15-4316-4b35-96a6-7800a4b16ac4', '2025-12-09', '19:00:00', '1bc5ac50-39ea-4d16-a513-03a7426fc8f1', '70c7043c-7775-4628-8254-138e63c2531e', '2025-12-03T04:50:03.622960', '2025-12-03T04:50:03.622960');
INSERT INTO movie_projections (id, projection_date, projection_time, cinema_hall_id, movie_id, created_at, updated_at) VALUES ('26579ca8-e219-4455-9fc6-ef3f41abcd34', '2025-12-05', '13:00:00', 'b5e4e43e-89e5-40a6-827f-e9a6c93a6d01', '70c7043c-7775-4628-8254-138e63c2531e', '2025-12-03T04:50:03.623019', '2025-12-03T04:50:03.623019');
INSERT INTO movie_projections (id, projection_date, projection_time, cinema_hall_id, movie_id, created_at, updated_at) VALUES ('1313e232-b53c-4367-83da-6afdcbd5398e', '2025-12-11', '22:00:00', 'dbf5aae0-e81d-4f4b-88c1-f355c9978e50', '70c7043c-7775-4628-8254-138e63c2531e', '2025-12-03T04:50:03.623065', '2025-12-03T04:50:03.623065');
INSERT INTO movie_projections (id, projection_date, projection_time, cinema_hall_id, movie_id, created_at, updated_at) VALUES ('cb8981d2-c99c-4c2d-abcc-138193e3e9f5', '2025-12-09', '10:00:00', '1b352ca0-3901-484b-80f2-87da8af67151', '70c7043c-7775-4628-8254-138e63c2531e', '2025-12-03T04:50:03.623107', '2025-12-03T04:50:03.623107');
INSERT INTO movie_projections (id, projection_date, projection_time, cinema_hall_id, movie_id, created_at, updated_at) VALUES ('467cd75d-331a-4f59-932e-986fb51543bc', '2025-12-04', '16:00:00', '7017f84b-b88f-438a-8740-532998a9776e', '70c7043c-7775-4628-8254-138e63c2531e', '2025-12-03T04:50:03.623154', '2025-12-03T04:50:03.623154');
INSERT INTO movie_projections (id, projection_date, projection_time, cinema_hall_id, movie_id, created_at, updated_at) VALUES ('82d70c5a-e98d-4997-a5cf-258eaa023d20', '2025-12-07', '10:00:00', 'f09882fa-12ec-434a-b867-abeca8332f23', '70c7043c-7775-4628-8254-138e63c2531e', '2025-12-03T04:50:03.623195', '2025-12-03T04:50:03.623195');
INSERT INTO movie_projections (id, projection_date, projection_time, cinema_hall_id, movie_id, created_at, updated_at) VALUES ('7ca602f9-549e-4f93-9692-d2d04b6ca275', '2025-12-11', '19:00:00', 'd3077cf2-2082-4360-b38f-ed1697f2a8d8', '70c7043c-7775-4628-8254-138e63c2531e', '2025-12-03T04:50:03.623236', '2025-12-03T04:50:03.623236');
INSERT INTO movie_projections (id, projection_date, projection_time, cinema_hall_id, movie_id, created_at, updated_at) VALUES ('25b435bf-756d-439e-861e-eb94bbd8d3f2', '2025-12-11', '10:00:00', 'b10085e8-fbdb-4a0a-82ac-432e07c9c0f1', '70c7043c-7775-4628-8254-138e63c2531e', '2025-12-03T04:50:03.623275', '2025-12-03T04:50:03.623275');
INSERT INTO movie_projections (id, projection_date, projection_time, cinema_hall_id, movie_id, created_at, updated_at) VALUES ('e124d323-d088-4ed3-b49f-303da47d0304', '2025-12-08', '16:00:00', '59c7d645-a77b-4f30-835f-ccceb08fee74', '70c7043c-7775-4628-8254-138e63c2531e', '2025-12-03T04:50:03.623316', '2025-12-03T04:50:03.623316');
INSERT INTO movie_projections (id, projection_date, projection_time, cinema_hall_id, movie_id, created_at, updated_at) VALUES ('2663d3a0-e857-47ec-8b5e-1983ab97de27', '2025-12-04', '10:00:00', 'a0ad9682-ff17-4c82-9607-b39f38263997', '70c7043c-7775-4628-8254-138e63c2531e', '2025-12-03T04:50:03.623360', '2025-12-03T04:50:03.623360');
INSERT INTO movie_projections (id, projection_date, projection_time, cinema_hall_id, movie_id, created_at, updated_at) VALUES ('20aa118b-ada0-4a1a-afcd-8be83792754b', '2025-12-10', '19:00:00', '852f356a-c599-4b97-bee8-0f93ca9b5f0a', '70c7043c-7775-4628-8254-138e63c2531e', '2025-12-03T04:50:03.623407', '2025-12-03T04:50:03.623407');
INSERT INTO movie_projections (id, projection_date, projection_time, cinema_hall_id, movie_id, created_at, updated_at) VALUES ('a1ded2fd-371c-4252-a2c6-652b9320693a', '2025-12-12', '10:00:00', '73bc759c-0af5-48b5-9d76-e26ecc179018', '70c7043c-7775-4628-8254-138e63c2531e', '2025-12-03T04:50:03.623600', '2025-12-03T04:50:03.623600');
INSERT INTO movie_projections (id, projection_date, projection_time, cinema_hall_id, movie_id, created_at, updated_at) VALUES ('bd58484b-d4bb-4679-b23e-6180971a390f', '2025-12-13', '19:00:00', '852f356a-c599-4b97-bee8-0f93ca9b5f0a', '70c7043c-7775-4628-8254-138e63c2531e', '2025-12-03T04:50:03.623658', '2025-12-03T04:50:03.623658');
INSERT INTO movie_projections (id, projection_date, projection_time, cinema_hall_id, movie_id, created_at, updated_at) VALUES ('2b44f389-7b73-4f23-9564-0b2d9c7a97a1', '2025-12-12', '10:00:00', '6cdfdbe1-103f-401e-91c9-5708d17e8c7f', '70c7043c-7775-4628-8254-138e63c2531e', '2025-12-03T04:50:03.623700', '2025-12-03T04:50:03.623700');
INSERT INTO movie_projections (id, projection_date, projection_time, cinema_hall_id, movie_id, created_at, updated_at) VALUES ('bef59351-792e-4613-a520-8059e131db4c', '2025-12-11', '22:00:00', '1bc5ac50-39ea-4d16-a513-03a7426fc8f1', '70c7043c-7775-4628-8254-138e63c2531e', '2025-12-03T04:50:03.623741', '2025-12-03T04:50:03.623741');
INSERT INTO movie_projections (id, projection_date, projection_time, cinema_hall_id, movie_id, created_at, updated_at) VALUES ('8176ed4c-a63c-4b84-8fe7-85e20eef1c25', '2025-12-12', '10:00:00', '9650ae5e-fa19-4108-95f6-a4ada4baa9ec', '70c7043c-7775-4628-8254-138e63c2531e', '2025-12-03T04:50:03.623786', '2025-12-03T04:50:03.623786');
INSERT INTO movie_projections (id, projection_date, projection_time, cinema_hall_id, movie_id, created_at, updated_at) VALUES ('836524b2-1479-4c48-8243-a4d5c3d767af', '2025-12-10', '19:00:00', '685ad785-6ee0-494a-b94a-18c303602355', '70c7043c-7775-4628-8254-138e63c2531e', '2025-12-03T04:50:03.623824', '2025-12-03T04:50:03.623824');
INSERT INTO movie_projections (id, projection_date, projection_time, cinema_hall_id, movie_id, created_at, updated_at) VALUES ('b32ce62b-b98b-4140-aefe-e58d60d164b6', '2025-12-05', '19:00:00', '852f356a-c599-4b97-bee8-0f93ca9b5f0a', '70c7043c-7775-4628-8254-138e63c2531e', '2025-12-03T04:50:03.623868', '2025-12-03T04:50:03.623868');
INSERT INTO movie_projections (id, projection_date, projection_time, cinema_hall_id, movie_id, created_at, updated_at) VALUES ('84f0fc6d-f1e1-43ac-9bd2-9e935e5ff7df', '2025-12-11', '16:00:00', 'efb6b7e3-a091-4998-a41f-57ef6a4a30bc', '70c7043c-7775-4628-8254-138e63c2531e', '2025-12-03T04:50:03.623907', '2025-12-03T04:50:03.623907');
INSERT INTO movie_projections (id, projection_date, projection_time, cinema_hall_id, movie_id, created_at, updated_at) VALUES ('e0f4f860-9af8-43d7-a0bb-12e238a1669b', '2025-12-12', '13:00:00', 'f0e8217b-bbaa-40d5-9aad-525f7ff78fea', '70c7043c-7775-4628-8254-138e63c2531e', '2025-12-03T04:50:03.623957', '2025-12-03T04:50:03.623957');
INSERT INTO movie_projections (id, projection_date, projection_time, cinema_hall_id, movie_id, created_at, updated_at) VALUES ('75962b2b-4e5a-4cfd-b525-a761efde1c7d', '2025-12-13', '19:00:00', '5c8d7f47-cdbf-4519-b041-ce7b0fae2181', '70c7043c-7775-4628-8254-138e63c2531e', '2025-12-03T04:50:03.623999', '2025-12-03T04:50:03.623999');
INSERT INTO movie_projections (id, projection_date, projection_time, cinema_hall_id, movie_id, created_at, updated_at) VALUES ('330cce40-6eac-4322-aacb-1d4776a9bacc', '2025-12-09', '22:00:00', '5859185d-a602-42fe-aec0-9a4cdb4cf156', '70c7043c-7775-4628-8254-138e63c2531e', '2025-12-03T04:50:03.624038', '2025-12-03T04:50:03.624038');
INSERT INTO movie_projections (id, projection_date, projection_time, cinema_hall_id, movie_id, created_at, updated_at) VALUES ('1e5f218a-375c-4cf9-aaec-2cfbb7bcd3e0', '2025-12-12', '13:00:00', 'dde99b3d-bd97-4c5b-ae57-89d16040945b', '70c7043c-7775-4628-8254-138e63c2531e', '2025-12-03T04:50:03.624078', '2025-12-03T04:50:03.624078');
INSERT INTO movie_projections (id, projection_date, projection_time, cinema_hall_id, movie_id, created_at, updated_at) VALUES ('640a8f6a-3845-40a2-bc10-d31ec35d457d', '2025-12-04', '13:00:00', '6cdfdbe1-103f-401e-91c9-5708d17e8c7f', '70c7043c-7775-4628-8254-138e63c2531e', '2025-12-03T04:50:03.624115', '2025-12-03T04:50:03.624115');
INSERT INTO movie_projections (id, projection_date, projection_time, cinema_hall_id, movie_id, created_at, updated_at) VALUES ('f1fd89b9-810b-4df6-8843-f26d28246069', '2025-12-07', '10:00:00', '685ad785-6ee0-494a-b94a-18c303602355', '70c7043c-7775-4628-8254-138e63c2531e', '2025-12-03T04:50:03.624154', '2025-12-03T04:50:03.624154');
INSERT INTO movie_projections (id, projection_date, projection_time, cinema_hall_id, movie_id, created_at, updated_at) VALUES ('b75bf9bb-3616-4f15-8920-4ef25be8a8f1', '2025-12-06', '16:00:00', 'd73d0d67-be21-46b7-b76b-8d0b79aa20dd', '70c7043c-7775-4628-8254-138e63c2531e', '2025-12-03T04:50:03.624197', '2025-12-03T04:50:03.624197');
INSERT INTO movie_projections (id, projection_date, projection_time, cinema_hall_id, movie_id, created_at, updated_at) VALUES ('2b074d3e-8d10-468c-8d36-62aa7b4e744d', '2025-12-12', '19:00:00', 'c37deb55-0cbf-43de-8d67-0bc6e644a54f', 'a685f82f-d4e1-40ad-ab80-51d73a9fe98a', '2025-12-03T04:50:03.624239', '2025-12-03T04:50:03.624239');
INSERT INTO movie_projections (id, projection_date, projection_time, cinema_hall_id, movie_id, created_at, updated_at) VALUES ('6754c254-a17b-470e-9c33-fc2de4004767', '2025-12-06', '16:00:00', '8f284e20-ba1e-484c-a011-98db1acee7db', 'a685f82f-d4e1-40ad-ab80-51d73a9fe98a', '2025-12-03T04:50:03.624281', '2025-12-03T04:50:03.624281');
INSERT INTO movie_projections (id, projection_date, projection_time, cinema_hall_id, movie_id, created_at, updated_at) VALUES ('b346645f-a847-4794-b529-66d520163116', '2025-12-07', '22:00:00', '8f284e20-ba1e-484c-a011-98db1acee7db', 'a685f82f-d4e1-40ad-ab80-51d73a9fe98a', '2025-12-03T04:50:03.624320', '2025-12-03T04:50:03.624320');
INSERT INTO movie_projections (id, projection_date, projection_time, cinema_hall_id, movie_id, created_at, updated_at) VALUES ('1be3c789-2a3c-4433-acfd-44f55053537a', '2025-12-08', '10:00:00', 'f0e8217b-bbaa-40d5-9aad-525f7ff78fea', 'a685f82f-d4e1-40ad-ab80-51d73a9fe98a', '2025-12-03T04:50:03.624357', '2025-12-03T04:50:03.624357');
INSERT INTO movie_projections (id, projection_date, projection_time, cinema_hall_id, movie_id, created_at, updated_at) VALUES ('c02d1440-d05a-4f28-9aa8-327460c0956b', '2025-12-07', '16:00:00', 'd3a92a18-1639-445d-b39e-0db80203b9e2', 'a685f82f-d4e1-40ad-ab80-51d73a9fe98a', '2025-12-03T04:50:03.624395', '2025-12-03T04:50:03.624395');
INSERT INTO movie_projections (id, projection_date, projection_time, cinema_hall_id, movie_id, created_at, updated_at) VALUES ('34c2c392-423f-4f59-be48-ad7cabc965bd', '2025-12-04', '10:00:00', 'f09882fa-12ec-434a-b867-abeca8332f23', 'a685f82f-d4e1-40ad-ab80-51d73a9fe98a', '2025-12-03T04:50:03.624433', '2025-12-03T04:50:03.624433');
INSERT INTO movie_projections (id, projection_date, projection_time, cinema_hall_id, movie_id, created_at, updated_at) VALUES ('7b57a6d9-941c-4595-a63d-4e08ac285958', '2025-12-12', '10:00:00', 'd3077cf2-2082-4360-b38f-ed1697f2a8d8', 'a685f82f-d4e1-40ad-ab80-51d73a9fe98a', '2025-12-03T04:50:03.624469', '2025-12-03T04:50:03.624469');
INSERT INTO movie_projections (id, projection_date, projection_time, cinema_hall_id, movie_id, created_at, updated_at) VALUES ('6b94383e-e63a-4d1e-a45d-7b832fa0813f', '2025-12-04', '22:00:00', 'b10085e8-fbdb-4a0a-82ac-432e07c9c0f1', 'a685f82f-d4e1-40ad-ab80-51d73a9fe98a', '2025-12-03T04:50:03.624515', '2025-12-03T04:50:03.624515');
INSERT INTO movie_projections (id, projection_date, projection_time, cinema_hall_id, movie_id, created_at, updated_at) VALUES ('6faf1af9-1803-42d8-97f0-1e4d68350bcb', '2025-12-05', '16:00:00', 'f0e8217b-bbaa-40d5-9aad-525f7ff78fea', 'a685f82f-d4e1-40ad-ab80-51d73a9fe98a', '2025-12-03T04:50:03.624582', '2025-12-03T04:50:03.624582');
INSERT INTO movie_projections (id, projection_date, projection_time, cinema_hall_id, movie_id, created_at, updated_at) VALUES ('fe34ddbf-fc4b-43f2-affe-36f3342dbc61', '2025-12-08', '13:00:00', 'd3a92a18-1639-445d-b39e-0db80203b9e2', 'a685f82f-d4e1-40ad-ab80-51d73a9fe98a', '2025-12-03T04:50:03.624648', '2025-12-03T04:50:03.624648');
INSERT INTO movie_projections (id, projection_date, projection_time, cinema_hall_id, movie_id, created_at, updated_at) VALUES ('b4589e1e-70cb-4882-b139-f7af1e3b9b1a', '2025-12-09', '22:00:00', '73bc759c-0af5-48b5-9d76-e26ecc179018', 'a685f82f-d4e1-40ad-ab80-51d73a9fe98a', '2025-12-03T04:50:03.624718', '2025-12-03T04:50:03.624718');
INSERT INTO movie_projections (id, projection_date, projection_time, cinema_hall_id, movie_id, created_at, updated_at) VALUES ('2347c876-11c8-4e00-bd37-83c4aad2d25a', '2025-12-12', '10:00:00', '7017f84b-b88f-438a-8740-532998a9776e', 'a685f82f-d4e1-40ad-ab80-51d73a9fe98a', '2025-12-03T04:50:03.624780', '2025-12-03T04:50:03.624780');
INSERT INTO movie_projections (id, projection_date, projection_time, cinema_hall_id, movie_id, created_at, updated_at) VALUES ('abce0ac1-72b5-4f28-9263-5fd0081c24a0', '2025-12-13', '19:00:00', 'dbf5aae0-e81d-4f4b-88c1-f355c9978e50', 'a685f82f-d4e1-40ad-ab80-51d73a9fe98a', '2025-12-03T04:50:03.624841', '2025-12-03T04:50:03.624841');
INSERT INTO movie_projections (id, projection_date, projection_time, cinema_hall_id, movie_id, created_at, updated_at) VALUES ('85a9e362-0438-4d68-920d-5d79c755bb96', '2025-12-12', '10:00:00', 'd73d0d67-be21-46b7-b76b-8d0b79aa20dd', 'a685f82f-d4e1-40ad-ab80-51d73a9fe98a', '2025-12-03T04:50:03.624902', '2025-12-03T04:50:03.624902');
INSERT INTO movie_projections (id, projection_date, projection_time, cinema_hall_id, movie_id, created_at, updated_at) VALUES ('648af016-5a28-467e-8c50-693a5934390c', '2025-12-07', '16:00:00', '685ad785-6ee0-494a-b94a-18c303602355', 'a685f82f-d4e1-40ad-ab80-51d73a9fe98a', '2025-12-03T04:50:03.624962', '2025-12-03T04:50:03.624962');
INSERT INTO movie_projections (id, projection_date, projection_time, cinema_hall_id, movie_id, created_at, updated_at) VALUES ('57dcc711-5638-47f0-96b5-c8e653bac1ee', '2025-12-08', '16:00:00', 'fefbeed0-f44e-4b6b-98bb-a7a97cc3d06e', 'a685f82f-d4e1-40ad-ab80-51d73a9fe98a', '2025-12-03T04:50:03.625024', '2025-12-03T04:50:03.625024');
INSERT INTO movie_projections (id, projection_date, projection_time, cinema_hall_id, movie_id, created_at, updated_at) VALUES ('792df837-9b67-45ed-aefd-f16707791fcf', '2025-12-07', '22:00:00', '1b352ca0-3901-484b-80f2-87da8af67151', 'a685f82f-d4e1-40ad-ab80-51d73a9fe98a', '2025-12-03T04:50:03.625103', '2025-12-03T04:50:03.625103');
INSERT INTO movie_projections (id, projection_date, projection_time, cinema_hall_id, movie_id, created_at, updated_at) VALUES ('8c0c643b-7557-447b-9e8b-6ba6b56fcde8', '2025-12-13', '22:00:00', '4be1241d-9e96-4024-a94a-8146a1b1e186', 'a685f82f-d4e1-40ad-ab80-51d73a9fe98a', '2025-12-03T04:50:03.625172', '2025-12-03T04:50:03.625172');
INSERT INTO movie_projections (id, projection_date, projection_time, cinema_hall_id, movie_id, created_at, updated_at) VALUES ('950fdf5c-02fa-47fd-90ed-2021b7432089', '2025-12-06', '13:00:00', 'e1909a58-0717-4701-b626-cc81fb949cef', 'a685f82f-d4e1-40ad-ab80-51d73a9fe98a', '2025-12-03T04:50:03.625253', '2025-12-03T04:50:03.625253');
INSERT INTO movie_projections (id, projection_date, projection_time, cinema_hall_id, movie_id, created_at, updated_at) VALUES ('5f31eefe-e05b-4c47-b8f4-558cf606a1d7', '2025-12-08', '19:00:00', 'd3a92a18-1639-445d-b39e-0db80203b9e2', 'a685f82f-d4e1-40ad-ab80-51d73a9fe98a', '2025-12-03T04:50:03.625316', '2025-12-03T04:50:03.625316');
INSERT INTO movie_projections (id, projection_date, projection_time, cinema_hall_id, movie_id, created_at, updated_at) VALUES ('f48be569-1f73-4910-b356-820cdef1a233', '2025-12-09', '19:00:00', '7017f84b-b88f-438a-8740-532998a9776e', 'a685f82f-d4e1-40ad-ab80-51d73a9fe98a', '2025-12-03T04:50:03.625384', '2025-12-03T04:50:03.625384');
INSERT INTO movie_projections (id, projection_date, projection_time, cinema_hall_id, movie_id, created_at, updated_at) VALUES ('bca873df-ccc1-4bb5-9ccb-eb39ad0f2d72', '2025-12-09', '13:00:00', '9650ae5e-fa19-4108-95f6-a4ada4baa9ec', 'a685f82f-d4e1-40ad-ab80-51d73a9fe98a', '2025-12-03T04:50:03.625444', '2025-12-03T04:50:03.625444');
INSERT INTO movie_projections (id, projection_date, projection_time, cinema_hall_id, movie_id, created_at, updated_at) VALUES ('c9493bbe-261e-4907-a29f-a67f2d4758d8', '2025-12-04', '19:00:00', 'dde99b3d-bd97-4c5b-ae57-89d16040945b', 'a685f82f-d4e1-40ad-ab80-51d73a9fe98a', '2025-12-03T04:50:03.625505', '2025-12-03T04:50:03.625505');
INSERT INTO movie_projections (id, projection_date, projection_time, cinema_hall_id, movie_id, created_at, updated_at) VALUES ('b2440969-4434-4b6a-bd18-662468dd2cdc', '2025-12-10', '19:00:00', 'd3a92a18-1639-445d-b39e-0db80203b9e2', 'a685f82f-d4e1-40ad-ab80-51d73a9fe98a', '2025-12-03T04:50:03.625565', '2025-12-03T04:50:03.625565');
INSERT INTO movie_projections (id, projection_date, projection_time, cinema_hall_id, movie_id, created_at, updated_at) VALUES ('f75dd775-110b-451e-8659-c05155923633', '2025-12-12', '19:00:00', 'c37deb55-0cbf-43de-8d67-0bc6e644a54f', 'a685f82f-d4e1-40ad-ab80-51d73a9fe98a', '2025-12-03T04:50:03.625626', '2025-12-03T04:50:03.625626');
INSERT INTO movie_projections (id, projection_date, projection_time, cinema_hall_id, movie_id, created_at, updated_at) VALUES ('77e96da5-cf20-44ff-b309-922597301ee8', '2025-12-09', '16:00:00', '5c8d7f47-cdbf-4519-b041-ce7b0fae2181', 'a685f82f-d4e1-40ad-ab80-51d73a9fe98a', '2025-12-03T04:50:03.625691', '2025-12-03T04:50:03.625691');
INSERT INTO movie_projections (id, projection_date, projection_time, cinema_hall_id, movie_id, created_at, updated_at) VALUES ('bfea0b98-d9c1-4fda-b0da-e720434ff3c8', '2025-12-04', '16:00:00', 'f09882fa-12ec-434a-b867-abeca8332f23', 'a685f82f-d4e1-40ad-ab80-51d73a9fe98a', '2025-12-03T04:50:03.625752', '2025-12-03T04:50:03.625752');
INSERT INTO movie_projections (id, projection_date, projection_time, cinema_hall_id, movie_id, created_at, updated_at) VALUES ('6516f776-02e8-4ef2-be46-042a6ecc40c6', '2025-12-11', '19:00:00', '852f356a-c599-4b97-bee8-0f93ca9b5f0a', 'a685f82f-d4e1-40ad-ab80-51d73a9fe98a', '2025-12-03T04:50:03.625811', '2025-12-03T04:50:03.625811');
INSERT INTO movie_projections (id, projection_date, projection_time, cinema_hall_id, movie_id, created_at, updated_at) VALUES ('ef98a1c6-66d2-46ab-8b72-669d668e5df4', '2025-12-08', '22:00:00', 'dde99b3d-bd97-4c5b-ae57-89d16040945b', 'a685f82f-d4e1-40ad-ab80-51d73a9fe98a', '2025-12-03T04:50:03.625870', '2025-12-03T04:50:03.625870');
INSERT INTO movie_projections (id, projection_date, projection_time, cinema_hall_id, movie_id, created_at, updated_at) VALUES ('6595f90b-29bc-46e5-9ac7-0c3bb54f4f00', '2025-12-09', '13:00:00', '26eccb22-f786-4866-925a-3571f437f887', 'a685f82f-d4e1-40ad-ab80-51d73a9fe98a', '2025-12-03T04:50:03.625929', '2025-12-03T04:50:03.625929');
INSERT INTO movie_projections (id, projection_date, projection_time, cinema_hall_id, movie_id, created_at, updated_at) VALUES ('df887c80-f1da-492d-bb77-2c207d11b1af', '2025-12-08', '16:00:00', 'e1909a58-0717-4701-b626-cc81fb949cef', 'a685f82f-d4e1-40ad-ab80-51d73a9fe98a', '2025-12-03T04:50:03.625989', '2025-12-03T04:50:03.625989');
INSERT INTO movie_projections (id, projection_date, projection_time, cinema_hall_id, movie_id, created_at, updated_at) VALUES ('977806bd-e3d1-4773-bd23-4f22dfde1cde', '2025-12-10', '19:00:00', '5c8d7f47-cdbf-4519-b041-ce7b0fae2181', 'a685f82f-d4e1-40ad-ab80-51d73a9fe98a', '2025-12-03T04:50:03.626059', '2025-12-03T04:50:03.626059');
INSERT INTO movie_projections (id, projection_date, projection_time, cinema_hall_id, movie_id, created_at, updated_at) VALUES ('c5992d13-4fc0-4abc-b922-ac31b4384331', '2025-12-05', '19:00:00', '8f284e20-ba1e-484c-a011-98db1acee7db', 'a685f82f-d4e1-40ad-ab80-51d73a9fe98a', '2025-12-03T04:50:03.626120', '2025-12-03T04:50:03.626120');
INSERT INTO movie_projections (id, projection_date, projection_time, cinema_hall_id, movie_id, created_at, updated_at) VALUES ('4e8c30e9-94f9-48a3-aaf5-59b73c0119db', '2025-12-05', '10:00:00', 'f0e8217b-bbaa-40d5-9aad-525f7ff78fea', 'a685f82f-d4e1-40ad-ab80-51d73a9fe98a', '2025-12-03T04:50:03.626186', '2025-12-03T04:50:03.626186');
INSERT INTO movie_projections (id, projection_date, projection_time, cinema_hall_id, movie_id, created_at, updated_at) VALUES ('92f5852a-6acc-448b-9d4b-31d8dfe32da8', '2025-12-07', '22:00:00', '1b352ca0-3901-484b-80f2-87da8af67151', 'a685f82f-d4e1-40ad-ab80-51d73a9fe98a', '2025-12-03T04:50:03.626316', '2025-12-03T04:50:03.626316');
INSERT INTO movie_projections (id, projection_date, projection_time, cinema_hall_id, movie_id, created_at, updated_at) VALUES ('26394359-3032-4189-ace1-86cbb329593d', '2025-12-12', '19:00:00', '1b352ca0-3901-484b-80f2-87da8af67151', 'a685f82f-d4e1-40ad-ab80-51d73a9fe98a', '2025-12-03T04:50:03.626377', '2025-12-03T04:50:03.626377');
INSERT INTO movie_projections (id, projection_date, projection_time, cinema_hall_id, movie_id, created_at, updated_at) VALUES ('ab1afbb8-ae9a-49eb-ba3e-89b3f851374b', '2025-12-11', '19:00:00', 'a0ad9682-ff17-4c82-9607-b39f38263997', 'a685f82f-d4e1-40ad-ab80-51d73a9fe98a', '2025-12-03T04:50:03.626439', '2025-12-03T04:50:03.626439');
INSERT INTO movie_projections (id, projection_date, projection_time, cinema_hall_id, movie_id, created_at, updated_at) VALUES ('dca8b906-96be-4cc4-b05f-896af55de1c8', '2025-12-12', '22:00:00', '2b9fa946-6da8-4721-b194-d71a5637de5e', 'a685f82f-d4e1-40ad-ab80-51d73a9fe98a', '2025-12-03T04:50:03.626504', '2025-12-03T04:50:03.626504');
INSERT INTO movie_projections (id, projection_date, projection_time, cinema_hall_id, movie_id, created_at, updated_at) VALUES ('77a48870-efb1-40e5-8afd-3525acf451e9', '2025-12-06', '13:00:00', '26eccb22-f786-4866-925a-3571f437f887', 'a685f82f-d4e1-40ad-ab80-51d73a9fe98a', '2025-12-03T04:50:03.626563', '2025-12-03T04:50:03.626563');
INSERT INTO movie_projections (id, projection_date, projection_time, cinema_hall_id, movie_id, created_at, updated_at) VALUES ('a19873e5-79fb-4785-8604-ee4b66405b4d', '2025-12-13', '19:00:00', 'a0ad9682-ff17-4c82-9607-b39f38263997', 'a685f82f-d4e1-40ad-ab80-51d73a9fe98a', '2025-12-03T04:50:03.626624', '2025-12-03T04:50:03.626624');
INSERT INTO movie_projections (id, projection_date, projection_time, cinema_hall_id, movie_id, created_at, updated_at) VALUES ('dbdb54c6-1b39-4238-8258-22ca8cbfd5e1', '2025-12-13', '13:00:00', 'd3a92a18-1639-445d-b39e-0db80203b9e2', '3d254cee-1e23-4e83-adab-a1761d8cb6ee', '2025-12-03T04:50:03.626690', '2025-12-03T04:50:03.626690');
INSERT INTO movie_projections (id, projection_date, projection_time, cinema_hall_id, movie_id, created_at, updated_at) VALUES ('2331731f-1790-4b8b-a105-febbc94c48d3', '2025-12-11', '19:00:00', 'f0e8217b-bbaa-40d5-9aad-525f7ff78fea', '3d254cee-1e23-4e83-adab-a1761d8cb6ee', '2025-12-03T04:50:03.626765', '2025-12-03T04:50:03.626765');
INSERT INTO movie_projections (id, projection_date, projection_time, cinema_hall_id, movie_id, created_at, updated_at) VALUES ('50ebc462-8309-43e7-8061-ee4977ae65e7', '2025-12-08', '22:00:00', '7017f84b-b88f-438a-8740-532998a9776e', '3d254cee-1e23-4e83-adab-a1761d8cb6ee', '2025-12-03T04:50:03.626827', '2025-12-03T04:50:03.626827');
INSERT INTO movie_projections (id, projection_date, projection_time, cinema_hall_id, movie_id, created_at, updated_at) VALUES ('3a86d9e0-e8c6-4f05-a772-bc0d8dbcd155', '2025-12-08', '10:00:00', 'b5e4e43e-89e5-40a6-827f-e9a6c93a6d01', '3d254cee-1e23-4e83-adab-a1761d8cb6ee', '2025-12-03T04:50:03.626924', '2025-12-03T04:50:03.626924');
INSERT INTO movie_projections (id, projection_date, projection_time, cinema_hall_id, movie_id, created_at, updated_at) VALUES ('a937da16-d2f5-4880-981c-aae3b70fee5c', '2025-12-09', '10:00:00', 'efb6b7e3-a091-4998-a41f-57ef6a4a30bc', '3d254cee-1e23-4e83-adab-a1761d8cb6ee', '2025-12-03T04:50:03.626988', '2025-12-03T04:50:03.626988');
INSERT INTO movie_projections (id, projection_date, projection_time, cinema_hall_id, movie_id, created_at, updated_at) VALUES ('e72e9c88-5812-480f-b53d-aeaf8a0d6a53', '2025-12-10', '13:00:00', 'dde99b3d-bd97-4c5b-ae57-89d16040945b', '3d254cee-1e23-4e83-adab-a1761d8cb6ee', '2025-12-03T04:50:03.627053', '2025-12-03T04:50:03.627053');
INSERT INTO movie_projections (id, projection_date, projection_time, cinema_hall_id, movie_id, created_at, updated_at) VALUES ('869585a6-61d2-4c44-88b1-72e78e77d79f', '2025-12-07', '10:00:00', '59c7d645-a77b-4f30-835f-ccceb08fee74', '3d254cee-1e23-4e83-adab-a1761d8cb6ee', '2025-12-03T04:50:03.627112', '2025-12-03T04:50:03.627112');
INSERT INTO movie_projections (id, projection_date, projection_time, cinema_hall_id, movie_id, created_at, updated_at) VALUES ('55d08d94-f9f8-422a-a2e4-61103a0f70ab', '2025-12-10', '22:00:00', '9650ae5e-fa19-4108-95f6-a4ada4baa9ec', '3d254cee-1e23-4e83-adab-a1761d8cb6ee', '2025-12-03T04:50:03.627172', '2025-12-03T04:50:03.627172');
INSERT INTO movie_projections (id, projection_date, projection_time, cinema_hall_id, movie_id, created_at, updated_at) VALUES ('9a7734eb-5207-41f9-a003-e8720d7154d0', '2025-12-12', '22:00:00', 'dde99b3d-bd97-4c5b-ae57-89d16040945b', '3d254cee-1e23-4e83-adab-a1761d8cb6ee', '2025-12-03T04:50:03.627233', '2025-12-03T04:50:03.627233');
INSERT INTO movie_projections (id, projection_date, projection_time, cinema_hall_id, movie_id, created_at, updated_at) VALUES ('c4372a4b-66a8-47ab-babc-6c6fcdfff573', '2025-12-10', '10:00:00', '7017f84b-b88f-438a-8740-532998a9776e', '3d254cee-1e23-4e83-adab-a1761d8cb6ee', '2025-12-03T04:50:03.627298', '2025-12-03T04:50:03.627298');
INSERT INTO movie_projections (id, projection_date, projection_time, cinema_hall_id, movie_id, created_at, updated_at) VALUES ('d1e43aaa-0d44-418c-9782-cf2f6ff5a5b4', '2025-12-06', '19:00:00', 'dde99b3d-bd97-4c5b-ae57-89d16040945b', '3d254cee-1e23-4e83-adab-a1761d8cb6ee', '2025-12-03T04:50:03.627358', '2025-12-03T04:50:03.627358');
INSERT INTO movie_projections (id, projection_date, projection_time, cinema_hall_id, movie_id, created_at, updated_at) VALUES ('11f437a4-19ff-447e-be9f-49cd44e1699f', '2025-12-12', '22:00:00', 'd3077cf2-2082-4360-b38f-ed1697f2a8d8', '3d254cee-1e23-4e83-adab-a1761d8cb6ee', '2025-12-03T04:50:03.627417', '2025-12-03T04:50:03.627417');
INSERT INTO movie_projections (id, projection_date, projection_time, cinema_hall_id, movie_id, created_at, updated_at) VALUES ('0dc1bff4-66ff-489a-85bc-f50a813051b7', '2025-12-09', '10:00:00', 'b5e4e43e-89e5-40a6-827f-e9a6c93a6d01', '3d254cee-1e23-4e83-adab-a1761d8cb6ee', '2025-12-03T04:50:03.627478', '2025-12-03T04:50:03.627478');
INSERT INTO movie_projections (id, projection_date, projection_time, cinema_hall_id, movie_id, created_at, updated_at) VALUES ('eea71b24-c9b6-4316-992e-fd99bd37f694', '2025-12-13', '13:00:00', 'b10085e8-fbdb-4a0a-82ac-432e07c9c0f1', '3d254cee-1e23-4e83-adab-a1761d8cb6ee', '2025-12-03T04:50:03.627538', '2025-12-03T04:50:03.627538');
INSERT INTO movie_projections (id, projection_date, projection_time, cinema_hall_id, movie_id, created_at, updated_at) VALUES ('40b5c0f6-a1a8-4016-a4d0-3e3769c01424', '2025-12-08', '16:00:00', '1b352ca0-3901-484b-80f2-87da8af67151', '3d254cee-1e23-4e83-adab-a1761d8cb6ee', '2025-12-03T04:50:03.627599', '2025-12-03T04:50:03.627599');
INSERT INTO movie_projections (id, projection_date, projection_time, cinema_hall_id, movie_id, created_at, updated_at) VALUES ('18c424d9-1cd1-4c8d-bd41-40cfa88b11af', '2025-12-05', '19:00:00', 'd73d0d67-be21-46b7-b76b-8d0b79aa20dd', '3d254cee-1e23-4e83-adab-a1761d8cb6ee', '2025-12-03T04:50:03.627661', '2025-12-03T04:50:03.627661');
INSERT INTO movie_projections (id, projection_date, projection_time, cinema_hall_id, movie_id, created_at, updated_at) VALUES ('b4ce8655-7bdb-4449-8910-f8ad090c573e', '2025-12-05', '19:00:00', 'd8314e56-6a9e-45d6-afbd-11b1ff5cc707', '3d254cee-1e23-4e83-adab-a1761d8cb6ee', '2025-12-03T04:50:03.627721', '2025-12-03T04:50:03.627721');
INSERT INTO movie_projections (id, projection_date, projection_time, cinema_hall_id, movie_id, created_at, updated_at) VALUES ('4174dec6-9684-4008-b8c6-9a091c9cfc21', '2025-12-04', '16:00:00', 'f0e8217b-bbaa-40d5-9aad-525f7ff78fea', '3d254cee-1e23-4e83-adab-a1761d8cb6ee', '2025-12-03T04:50:03.627795', '2025-12-03T04:50:03.627795');
INSERT INTO movie_projections (id, projection_date, projection_time, cinema_hall_id, movie_id, created_at, updated_at) VALUES ('7e6c7e01-96c4-4c42-a0b1-2bf30a172411', '2025-12-13', '16:00:00', '2b9fa946-6da8-4721-b194-d71a5637de5e', '3d254cee-1e23-4e83-adab-a1761d8cb6ee', '2025-12-03T04:50:03.627857', '2025-12-03T04:50:03.627857');
INSERT INTO movie_projections (id, projection_date, projection_time, cinema_hall_id, movie_id, created_at, updated_at) VALUES ('76e5b689-e74a-44cf-80af-9604afb838c7', '2025-12-11', '13:00:00', 'd8314e56-6a9e-45d6-afbd-11b1ff5cc707', '3d254cee-1e23-4e83-adab-a1761d8cb6ee', '2025-12-03T04:50:03.627916', '2025-12-03T04:50:03.627916');
INSERT INTO movie_projections (id, projection_date, projection_time, cinema_hall_id, movie_id, created_at, updated_at) VALUES ('65704980-a55e-478b-8b80-efcc4482e01c', '2025-12-10', '13:00:00', 'd73d0d67-be21-46b7-b76b-8d0b79aa20dd', '3d254cee-1e23-4e83-adab-a1761d8cb6ee', '2025-12-03T04:50:03.627976', '2025-12-03T04:50:03.627976');
INSERT INTO movie_projections (id, projection_date, projection_time, cinema_hall_id, movie_id, created_at, updated_at) VALUES ('3298a31c-5879-49fb-b6d9-939fdf12e557', '2025-12-07', '22:00:00', '852f356a-c599-4b97-bee8-0f93ca9b5f0a', '3d254cee-1e23-4e83-adab-a1761d8cb6ee', '2025-12-03T04:50:03.628035', '2025-12-03T04:50:03.628035');
INSERT INTO movie_projections (id, projection_date, projection_time, cinema_hall_id, movie_id, created_at, updated_at) VALUES ('5ae2d219-cd67-443c-9374-ceca58377f14', '2025-12-11', '19:00:00', 'efb6b7e3-a091-4998-a41f-57ef6a4a30bc', '3d254cee-1e23-4e83-adab-a1761d8cb6ee', '2025-12-03T04:50:03.628098', '2025-12-03T04:50:03.628098');
INSERT INTO movie_projections (id, projection_date, projection_time, cinema_hall_id, movie_id, created_at, updated_at) VALUES ('73712cc5-4adf-4b8e-8869-a6b7cecf931a', '2025-12-05', '22:00:00', 'b5e4e43e-89e5-40a6-827f-e9a6c93a6d01', '3d254cee-1e23-4e83-adab-a1761d8cb6ee', '2025-12-03T04:50:03.628158', '2025-12-03T04:50:03.628158');
INSERT INTO movie_projections (id, projection_date, projection_time, cinema_hall_id, movie_id, created_at, updated_at) VALUES ('d80be9e0-1833-4e56-ab23-bfc3d7e3086b', '2025-12-05', '19:00:00', '69838be8-afbb-48b1-a1a8-7e2e374b01b5', '3d254cee-1e23-4e83-adab-a1761d8cb6ee', '2025-12-03T04:50:03.628218', '2025-12-03T04:50:03.628218');
INSERT INTO movie_projections (id, projection_date, projection_time, cinema_hall_id, movie_id, created_at, updated_at) VALUES ('c9132741-ef56-44a1-b571-822334bb22d2', '2025-12-10', '22:00:00', 'a0ad9682-ff17-4c82-9607-b39f38263997', '3d254cee-1e23-4e83-adab-a1761d8cb6ee', '2025-12-03T04:50:03.628284', '2025-12-03T04:50:03.628284');
INSERT INTO movie_projections (id, projection_date, projection_time, cinema_hall_id, movie_id, created_at, updated_at) VALUES ('d1ae04f6-4dcf-40a0-ad55-f51075e97636', '2025-12-13', '19:00:00', 'a0ad9682-ff17-4c82-9607-b39f38263997', '3d254cee-1e23-4e83-adab-a1761d8cb6ee', '2025-12-03T04:50:03.628344', '2025-12-03T04:50:03.628344');
INSERT INTO movie_projections (id, projection_date, projection_time, cinema_hall_id, movie_id, created_at, updated_at) VALUES ('3d60d6aa-5917-4661-9b0e-f8670bf93ee7', '2025-12-06', '19:00:00', 'c37deb55-0cbf-43de-8d67-0bc6e644a54f', '3d254cee-1e23-4e83-adab-a1761d8cb6ee', '2025-12-03T04:50:03.628404', '2025-12-03T04:50:03.628404');
INSERT INTO movie_projections (id, projection_date, projection_time, cinema_hall_id, movie_id, created_at, updated_at) VALUES ('3d45573f-3e17-4fb9-bd6c-9eb066f7d63f', '2025-12-10', '13:00:00', 'dde99b3d-bd97-4c5b-ae57-89d16040945b', '3d254cee-1e23-4e83-adab-a1761d8cb6ee', '2025-12-03T04:50:03.628464', '2025-12-03T04:50:03.628464');
INSERT INTO movie_projections (id, projection_date, projection_time, cinema_hall_id, movie_id, created_at, updated_at) VALUES ('4fe9b34e-867d-4d9a-b9de-f792f880cdad', '2025-12-05', '22:00:00', '979f568e-d632-4576-9484-7f0ac798ba20', '3d254cee-1e23-4e83-adab-a1761d8cb6ee', '2025-12-03T04:50:03.628523', '2025-12-03T04:50:03.628523');
INSERT INTO movie_projections (id, projection_date, projection_time, cinema_hall_id, movie_id, created_at, updated_at) VALUES ('31a3c0d8-3035-47f8-8cdd-7e7ae23b78de', '2025-12-05', '13:00:00', '5c8d7f47-cdbf-4519-b041-ce7b0fae2181', '3d254cee-1e23-4e83-adab-a1761d8cb6ee', '2025-12-03T04:50:03.628584', '2025-12-03T04:50:03.628584');
INSERT INTO movie_projections (id, projection_date, projection_time, cinema_hall_id, movie_id, created_at, updated_at) VALUES ('9184608b-ee3e-4358-bc85-e00ef6318547', '2025-12-05', '16:00:00', '5859185d-a602-42fe-aec0-9a4cdb4cf156', '3d254cee-1e23-4e83-adab-a1761d8cb6ee', '2025-12-03T04:50:03.628644', '2025-12-03T04:50:03.628644');
INSERT INTO movie_projections (id, projection_date, projection_time, cinema_hall_id, movie_id, created_at, updated_at) VALUES ('b035fba7-b5fc-4a74-82ef-ad34994cd3d4', '2025-12-06', '10:00:00', 'b5e4e43e-89e5-40a6-827f-e9a6c93a6d01', '3d254cee-1e23-4e83-adab-a1761d8cb6ee', '2025-12-03T04:50:03.628704', '2025-12-03T04:50:03.628704');
INSERT INTO movie_projections (id, projection_date, projection_time, cinema_hall_id, movie_id, created_at, updated_at) VALUES ('67aa0130-e30a-46e9-b4ae-92892422f9e5', '2025-12-08', '22:00:00', 'd8314e56-6a9e-45d6-afbd-11b1ff5cc707', '3d254cee-1e23-4e83-adab-a1761d8cb6ee', '2025-12-03T04:50:03.628769', '2025-12-03T04:50:03.628769');
INSERT INTO movie_projections (id, projection_date, projection_time, cinema_hall_id, movie_id, created_at, updated_at) VALUES ('fe4fa1f5-0bed-42a0-85c0-f38a64dd3871', '2025-12-08', '13:00:00', '5c8d7f47-cdbf-4519-b041-ce7b0fae2181', '3d254cee-1e23-4e83-adab-a1761d8cb6ee', '2025-12-03T04:50:03.628829', '2025-12-03T04:50:03.628829');
INSERT INTO movie_projections (id, projection_date, projection_time, cinema_hall_id, movie_id, created_at, updated_at) VALUES ('22082887-e197-42cd-8d1b-69d436bfdc9a', '2025-12-13', '19:00:00', 'b10085e8-fbdb-4a0a-82ac-432e07c9c0f1', '3d254cee-1e23-4e83-adab-a1761d8cb6ee', '2025-12-03T04:50:03.628889', '2025-12-03T04:50:03.628889');
INSERT INTO movie_projections (id, projection_date, projection_time, cinema_hall_id, movie_id, created_at, updated_at) VALUES ('e4f9ad19-ac2d-4521-9e8c-dbd405a231c1', '2025-12-09', '22:00:00', '7017f84b-b88f-438a-8740-532998a9776e', '3d254cee-1e23-4e83-adab-a1761d8cb6ee', '2025-12-03T04:50:03.628950', '2025-12-03T04:50:03.628950');
INSERT INTO movie_projections (id, projection_date, projection_time, cinema_hall_id, movie_id, created_at, updated_at) VALUES ('658f8ad1-19d6-4f4b-8890-34fec113fe35', '2025-12-07', '10:00:00', 'fefbeed0-f44e-4b6b-98bb-a7a97cc3d06e', '3d254cee-1e23-4e83-adab-a1761d8cb6ee', '2025-12-03T04:50:03.629009', '2025-12-03T04:50:03.629009');
INSERT INTO movie_projections (id, projection_date, projection_time, cinema_hall_id, movie_id, created_at, updated_at) VALUES ('1f5c58c4-1bea-472e-91a9-d2c61b25445d', '2025-12-11', '10:00:00', '26eccb22-f786-4866-925a-3571f437f887', '3d254cee-1e23-4e83-adab-a1761d8cb6ee', '2025-12-03T04:50:03.629069', '2025-12-03T04:50:03.629069');
INSERT INTO movie_projections (id, projection_date, projection_time, cinema_hall_id, movie_id, created_at, updated_at) VALUES ('b8f07405-4e24-4286-8379-b2de4a3c0bf8', '2025-12-08', '19:00:00', '7017f84b-b88f-438a-8740-532998a9776e', '3d254cee-1e23-4e83-adab-a1761d8cb6ee', '2025-12-03T04:50:03.629128', '2025-12-03T04:50:03.629128');
INSERT INTO movie_projections (id, projection_date, projection_time, cinema_hall_id, movie_id, created_at, updated_at) VALUES ('91ebcd24-f374-4b1a-83b2-be0618f4f285', '2025-12-11', '13:00:00', 'f09882fa-12ec-434a-b867-abeca8332f23', 'a9aef565-ba8d-4ce8-8f18-a638725521d1', '2025-12-03T04:50:03.629198', '2025-12-03T04:50:03.629198');
INSERT INTO movie_projections (id, projection_date, projection_time, cinema_hall_id, movie_id, created_at, updated_at) VALUES ('6edf7aa1-2d3c-4791-b996-1f1109f07eca', '2025-12-13', '19:00:00', 'd3077cf2-2082-4360-b38f-ed1697f2a8d8', 'a9aef565-ba8d-4ce8-8f18-a638725521d1', '2025-12-03T04:50:03.629264', '2025-12-03T04:50:03.629264');
INSERT INTO movie_projections (id, projection_date, projection_time, cinema_hall_id, movie_id, created_at, updated_at) VALUES ('53999180-f177-4bfe-ad71-8198be58abda', '2025-12-12', '10:00:00', 'dbf5aae0-e81d-4f4b-88c1-f355c9978e50', 'a9aef565-ba8d-4ce8-8f18-a638725521d1', '2025-12-03T04:50:03.629324', '2025-12-03T04:50:03.629324');
INSERT INTO movie_projections (id, projection_date, projection_time, cinema_hall_id, movie_id, created_at, updated_at) VALUES ('af4192e9-c4f5-494a-a8c1-328dcc97017d', '2025-12-09', '10:00:00', 'c37deb55-0cbf-43de-8d67-0bc6e644a54f', 'a9aef565-ba8d-4ce8-8f18-a638725521d1', '2025-12-03T04:50:03.629383', '2025-12-03T04:50:03.629383');
INSERT INTO movie_projections (id, projection_date, projection_time, cinema_hall_id, movie_id, created_at, updated_at) VALUES ('9accc26f-900a-4500-9210-2113a1c1bc3b', '2025-12-08', '16:00:00', '8f284e20-ba1e-484c-a011-98db1acee7db', 'a9aef565-ba8d-4ce8-8f18-a638725521d1', '2025-12-03T04:50:03.629442', '2025-12-03T04:50:03.629442');
INSERT INTO movie_projections (id, projection_date, projection_time, cinema_hall_id, movie_id, created_at, updated_at) VALUES ('83b010f9-4ac8-45aa-84d8-d2bc6d6eadea', '2025-12-06', '22:00:00', 'dbf5aae0-e81d-4f4b-88c1-f355c9978e50', 'a9aef565-ba8d-4ce8-8f18-a638725521d1', '2025-12-03T04:50:03.629503', '2025-12-03T04:50:03.629503');
INSERT INTO movie_projections (id, projection_date, projection_time, cinema_hall_id, movie_id, created_at, updated_at) VALUES ('1cee5817-77b4-4eda-90d1-871075714fa3', '2025-12-10', '22:00:00', '979f568e-d632-4576-9484-7f0ac798ba20', 'a9aef565-ba8d-4ce8-8f18-a638725521d1', '2025-12-03T04:50:03.629563', '2025-12-03T04:50:03.629563');
INSERT INTO movie_projections (id, projection_date, projection_time, cinema_hall_id, movie_id, created_at, updated_at) VALUES ('d140d6ee-6079-4198-933f-c888b473a13d', '2025-12-08', '13:00:00', 'fefbeed0-f44e-4b6b-98bb-a7a97cc3d06e', 'a9aef565-ba8d-4ce8-8f18-a638725521d1', '2025-12-03T04:50:03.629623', '2025-12-03T04:50:03.629623');
INSERT INTO movie_projections (id, projection_date, projection_time, cinema_hall_id, movie_id, created_at, updated_at) VALUES ('78c83cd8-0f16-4a24-ac17-46e713618fc6', '2025-12-08', '16:00:00', 'a0ad9682-ff17-4c82-9607-b39f38263997', 'a9aef565-ba8d-4ce8-8f18-a638725521d1', '2025-12-03T04:50:03.629681', '2025-12-03T04:50:03.629681');
INSERT INTO movie_projections (id, projection_date, projection_time, cinema_hall_id, movie_id, created_at, updated_at) VALUES ('4b55223f-0fed-4dd4-b22b-666ac01cb638', '2025-12-12', '16:00:00', 'd73d0d67-be21-46b7-b76b-8d0b79aa20dd', 'a9aef565-ba8d-4ce8-8f18-a638725521d1', '2025-12-03T04:50:03.629745', '2025-12-03T04:50:03.629745');
INSERT INTO movie_projections (id, projection_date, projection_time, cinema_hall_id, movie_id, created_at, updated_at) VALUES ('6db3afb9-62f5-4c26-9912-3aef3fc8fed9', '2025-12-10', '16:00:00', '69838be8-afbb-48b1-a1a8-7e2e374b01b5', 'a9aef565-ba8d-4ce8-8f18-a638725521d1', '2025-12-03T04:50:03.629804', '2025-12-03T04:50:03.629804');
INSERT INTO movie_projections (id, projection_date, projection_time, cinema_hall_id, movie_id, created_at, updated_at) VALUES ('7575b874-9b7e-4d39-b1b7-0440dedd0a0c', '2025-12-04', '22:00:00', 'efb6b7e3-a091-4998-a41f-57ef6a4a30bc', 'a9aef565-ba8d-4ce8-8f18-a638725521d1', '2025-12-03T04:50:03.629864', '2025-12-03T04:50:03.629864');
INSERT INTO movie_projections (id, projection_date, projection_time, cinema_hall_id, movie_id, created_at, updated_at) VALUES ('49b32195-eea7-4bd1-8ef8-7bb2796deef6', '2025-12-13', '13:00:00', 'dde99b3d-bd97-4c5b-ae57-89d16040945b', 'a9aef565-ba8d-4ce8-8f18-a638725521d1', '2025-12-03T04:50:03.629924', '2025-12-03T04:50:03.629924');
INSERT INTO movie_projections (id, projection_date, projection_time, cinema_hall_id, movie_id, created_at, updated_at) VALUES ('d8a70353-2dc7-47fe-9357-f2b96aa1bf8d', '2025-12-04', '13:00:00', 'e1909a58-0717-4701-b626-cc81fb949cef', 'a9aef565-ba8d-4ce8-8f18-a638725521d1', '2025-12-03T04:50:03.629983', '2025-12-03T04:50:03.629983');
INSERT INTO movie_projections (id, projection_date, projection_time, cinema_hall_id, movie_id, created_at, updated_at) VALUES ('87d3166e-1135-4993-ae2d-19eb6f6e24b6', '2025-12-05', '16:00:00', 'e1909a58-0717-4701-b626-cc81fb949cef', 'a9aef565-ba8d-4ce8-8f18-a638725521d1', '2025-12-03T04:50:03.630043', '2025-12-03T04:50:03.630043');
INSERT INTO movie_projections (id, projection_date, projection_time, cinema_hall_id, movie_id, created_at, updated_at) VALUES ('667cd1b0-53ca-4841-9c1f-cf8ad7d17f2b', '2025-12-10', '22:00:00', '7017f84b-b88f-438a-8740-532998a9776e', 'a9aef565-ba8d-4ce8-8f18-a638725521d1', '2025-12-03T04:50:03.630102', '2025-12-03T04:50:03.630102');
INSERT INTO movie_projections (id, projection_date, projection_time, cinema_hall_id, movie_id, created_at, updated_at) VALUES ('f3f3a00d-4b69-49f4-a7bf-055a0f457385', '2025-12-09', '10:00:00', '6cdfdbe1-103f-401e-91c9-5708d17e8c7f', 'a9aef565-ba8d-4ce8-8f18-a638725521d1', '2025-12-03T04:50:03.630162', '2025-12-03T04:50:03.630162');
INSERT INTO movie_projections (id, projection_date, projection_time, cinema_hall_id, movie_id, created_at, updated_at) VALUES ('b7eb6afe-adea-4363-80d0-a4b492972ac4', '2025-12-10', '16:00:00', '6cdfdbe1-103f-401e-91c9-5708d17e8c7f', 'a9aef565-ba8d-4ce8-8f18-a638725521d1', '2025-12-03T04:50:03.630225', '2025-12-03T04:50:03.630225');
INSERT INTO movie_projections (id, projection_date, projection_time, cinema_hall_id, movie_id, created_at, updated_at) VALUES ('85b85919-aa47-4edb-9f6c-c7e2989824d3', '2025-12-07', '19:00:00', 'c37deb55-0cbf-43de-8d67-0bc6e644a54f', 'a9aef565-ba8d-4ce8-8f18-a638725521d1', '2025-12-03T04:50:03.630284', '2025-12-03T04:50:03.630284');
INSERT INTO movie_projections (id, projection_date, projection_time, cinema_hall_id, movie_id, created_at, updated_at) VALUES ('e73c7495-d32d-4f17-b5e6-5afbb236ab46', '2025-12-13', '19:00:00', '4be1241d-9e96-4024-a94a-8146a1b1e186', 'a9aef565-ba8d-4ce8-8f18-a638725521d1', '2025-12-03T04:50:03.630343', '2025-12-03T04:50:03.630343');
INSERT INTO movie_projections (id, projection_date, projection_time, cinema_hall_id, movie_id, created_at, updated_at) VALUES ('770411a3-3d31-46d5-b10a-1c50fa485193', '2025-12-06', '22:00:00', 'dde99b3d-bd97-4c5b-ae57-89d16040945b', 'a9aef565-ba8d-4ce8-8f18-a638725521d1', '2025-12-03T04:50:03.630403', '2025-12-03T04:50:03.630403');
INSERT INTO movie_projections (id, projection_date, projection_time, cinema_hall_id, movie_id, created_at, updated_at) VALUES ('ff1b2e56-a8a2-46d2-b8ca-6af024932e10', '2025-12-13', '16:00:00', '4be1241d-9e96-4024-a94a-8146a1b1e186', 'a9aef565-ba8d-4ce8-8f18-a638725521d1', '2025-12-03T04:50:03.630462', '2025-12-03T04:50:03.630462');
INSERT INTO movie_projections (id, projection_date, projection_time, cinema_hall_id, movie_id, created_at, updated_at) VALUES ('c7073489-7ab4-4b11-9438-f4b6bdaa7d34', '2025-12-11', '10:00:00', 'd73d0d67-be21-46b7-b76b-8d0b79aa20dd', 'a9aef565-ba8d-4ce8-8f18-a638725521d1', '2025-12-03T04:50:03.630521', '2025-12-03T04:50:03.630521');
INSERT INTO movie_projections (id, projection_date, projection_time, cinema_hall_id, movie_id, created_at, updated_at) VALUES ('02f5599d-20be-4b50-84a0-e30a1ff1b52c', '2025-12-10', '13:00:00', 'd3077cf2-2082-4360-b38f-ed1697f2a8d8', 'a9aef565-ba8d-4ce8-8f18-a638725521d1', '2025-12-03T04:50:03.630583', '2025-12-03T04:50:03.630583');
INSERT INTO movie_projections (id, projection_date, projection_time, cinema_hall_id, movie_id, created_at, updated_at) VALUES ('625a93f1-3f12-4f06-a0e8-1aac052c2546', '2025-12-12', '19:00:00', '852f356a-c599-4b97-bee8-0f93ca9b5f0a', 'a9aef565-ba8d-4ce8-8f18-a638725521d1', '2025-12-03T04:50:03.630644', '2025-12-03T04:50:03.630644');
INSERT INTO movie_projections (id, projection_date, projection_time, cinema_hall_id, movie_id, created_at, updated_at) VALUES ('7ab7b70e-53c6-4e3c-9621-2d2c4741e2fa', '2025-12-09', '13:00:00', '8f284e20-ba1e-484c-a011-98db1acee7db', 'a9aef565-ba8d-4ce8-8f18-a638725521d1', '2025-12-03T04:50:03.630711', '2025-12-03T04:50:03.630711');
INSERT INTO movie_projections (id, projection_date, projection_time, cinema_hall_id, movie_id, created_at, updated_at) VALUES ('c7ff73b9-c4a4-410e-aec1-6ccfbc74d328', '2025-12-04', '22:00:00', '1b352ca0-3901-484b-80f2-87da8af67151', 'a9aef565-ba8d-4ce8-8f18-a638725521d1', '2025-12-03T04:50:03.630771', '2025-12-03T04:50:03.630771');
INSERT INTO movie_projections (id, projection_date, projection_time, cinema_hall_id, movie_id, created_at, updated_at) VALUES ('7be812ea-42fd-43f3-ad40-c36250ebc6cc', '2025-12-06', '13:00:00', 'b5e4e43e-89e5-40a6-827f-e9a6c93a6d01', 'a9aef565-ba8d-4ce8-8f18-a638725521d1', '2025-12-03T04:50:03.630830', '2025-12-03T04:50:03.630830');
INSERT INTO movie_projections (id, projection_date, projection_time, cinema_hall_id, movie_id, created_at, updated_at) VALUES ('5abc2bfd-8ead-460a-bc4c-c3f01782897f', '2025-12-11', '22:00:00', 'b10085e8-fbdb-4a0a-82ac-432e07c9c0f1', 'a9aef565-ba8d-4ce8-8f18-a638725521d1', '2025-12-03T04:50:03.630890', '2025-12-03T04:50:03.630890');
INSERT INTO movie_projections (id, projection_date, projection_time, cinema_hall_id, movie_id, created_at, updated_at) VALUES ('de341682-bee4-4a0d-aee9-6a10f71b8be7', '2025-12-07', '16:00:00', '4ece4889-d0f6-4d87-9a48-2de3f8ae361d', 'a9aef565-ba8d-4ce8-8f18-a638725521d1', '2025-12-03T04:50:03.630949', '2025-12-03T04:50:03.630949');
INSERT INTO movie_projections (id, projection_date, projection_time, cinema_hall_id, movie_id, created_at, updated_at) VALUES ('a08baa05-1e92-45fe-8ce3-6b7478c5e4da', '2025-12-07', '10:00:00', 'd73d0d67-be21-46b7-b76b-8d0b79aa20dd', 'a9aef565-ba8d-4ce8-8f18-a638725521d1', '2025-12-03T04:50:03.631008', '2025-12-03T04:50:03.631008');
INSERT INTO movie_projections (id, projection_date, projection_time, cinema_hall_id, movie_id, created_at, updated_at) VALUES ('c3da7dac-5e13-4d0c-8305-79d2555c7b25', '2025-12-08', '10:00:00', '8f284e20-ba1e-484c-a011-98db1acee7db', 'a9aef565-ba8d-4ce8-8f18-a638725521d1', '2025-12-03T04:50:03.631069', '2025-12-03T04:50:03.631069');
INSERT INTO movie_projections (id, projection_date, projection_time, cinema_hall_id, movie_id, created_at, updated_at) VALUES ('367bd554-5397-4fb0-a303-1564bdb447fc', '2025-12-13', '16:00:00', '8f284e20-ba1e-484c-a011-98db1acee7db', 'a9aef565-ba8d-4ce8-8f18-a638725521d1', '2025-12-03T04:50:03.631128', '2025-12-03T04:50:03.631128');
INSERT INTO movie_projections (id, projection_date, projection_time, cinema_hall_id, movie_id, created_at, updated_at) VALUES ('90a0cbe0-20ec-4a90-b5b4-4b50fa01d19d', '2025-12-04', '13:00:00', '685ad785-6ee0-494a-b94a-18c303602355', 'a9aef565-ba8d-4ce8-8f18-a638725521d1', '2025-12-03T04:50:03.631194', '2025-12-03T04:50:03.631194');
INSERT INTO movie_projections (id, projection_date, projection_time, cinema_hall_id, movie_id, created_at, updated_at) VALUES ('52bfc87d-3552-422d-a640-f487761757bb', '2025-12-04', '22:00:00', 'd3a92a18-1639-445d-b39e-0db80203b9e2', 'a9aef565-ba8d-4ce8-8f18-a638725521d1', '2025-12-03T04:50:03.631254', '2025-12-03T04:50:03.631254');
INSERT INTO movie_projections (id, projection_date, projection_time, cinema_hall_id, movie_id, created_at, updated_at) VALUES ('3655b2ec-4cac-4f28-abff-b3ff154350b6', '2025-12-11', '19:00:00', '4ece4889-d0f6-4d87-9a48-2de3f8ae361d', 'a9aef565-ba8d-4ce8-8f18-a638725521d1', '2025-12-03T04:50:03.631314', '2025-12-03T04:50:03.631314');
INSERT INTO movie_projections (id, projection_date, projection_time, cinema_hall_id, movie_id, created_at, updated_at) VALUES ('bd9a9e77-10b5-42dd-b4dc-99f19dbd4560', '2025-12-11', '10:00:00', '6cdfdbe1-103f-401e-91c9-5708d17e8c7f', 'a9aef565-ba8d-4ce8-8f18-a638725521d1', '2025-12-03T04:50:03.631375', '2025-12-03T04:50:03.631375');
INSERT INTO movie_projections (id, projection_date, projection_time, cinema_hall_id, movie_id, created_at, updated_at) VALUES ('cfe7de3e-bd75-4a58-911d-f89ff25fb095', '2025-12-11', '22:00:00', '4be1241d-9e96-4024-a94a-8146a1b1e186', 'a9aef565-ba8d-4ce8-8f18-a638725521d1', '2025-12-03T04:50:03.631435', '2025-12-03T04:50:03.631435');
INSERT INTO movie_projections (id, projection_date, projection_time, cinema_hall_id, movie_id, created_at, updated_at) VALUES ('08c6deb5-46cc-4c28-b9ea-b36c31c9bb8e', '2025-12-08', '13:00:00', 'a0ad9682-ff17-4c82-9607-b39f38263997', 'a9aef565-ba8d-4ce8-8f18-a638725521d1', '2025-12-03T04:50:03.631495', '2025-12-03T04:50:03.631495');
INSERT INTO movie_projections (id, projection_date, projection_time, cinema_hall_id, movie_id, created_at, updated_at) VALUES ('c2e94276-74b1-4976-8f9b-537d59422183', '2025-12-10', '19:00:00', 'fefbeed0-f44e-4b6b-98bb-a7a97cc3d06e', 'a9aef565-ba8d-4ce8-8f18-a638725521d1', '2025-12-03T04:50:03.631555', '2025-12-03T04:50:03.631555');
INSERT INTO movie_projections (id, projection_date, projection_time, cinema_hall_id, movie_id, created_at, updated_at) VALUES ('f453178e-316f-454f-a40e-04dd55f78ce0', '2025-12-08', '16:00:00', 'd8314e56-6a9e-45d6-afbd-11b1ff5cc707', '98009a33-bbe4-4b17-8087-631ca289d3dd', '2025-12-03T04:50:03.631619', '2025-12-03T04:50:03.631619');
INSERT INTO movie_projections (id, projection_date, projection_time, cinema_hall_id, movie_id, created_at, updated_at) VALUES ('83aa3ca0-112a-4a38-b88f-b6cb8ea96dc9', '2025-12-13', '22:00:00', '73bc759c-0af5-48b5-9d76-e26ecc179018', '98009a33-bbe4-4b17-8087-631ca289d3dd', '2025-12-03T04:50:03.631722', '2025-12-03T04:50:03.631722');
INSERT INTO movie_projections (id, projection_date, projection_time, cinema_hall_id, movie_id, created_at, updated_at) VALUES ('0a5aeec9-51b3-4bba-a762-48640fbf14bd', '2025-12-07', '10:00:00', '4be1241d-9e96-4024-a94a-8146a1b1e186', '98009a33-bbe4-4b17-8087-631ca289d3dd', '2025-12-03T04:50:03.631793', '2025-12-03T04:50:03.631793');
INSERT INTO movie_projections (id, projection_date, projection_time, cinema_hall_id, movie_id, created_at, updated_at) VALUES ('09de8f04-e2db-470a-95cf-efe12f43152a', '2025-12-06', '22:00:00', 'c37deb55-0cbf-43de-8d67-0bc6e644a54f', '98009a33-bbe4-4b17-8087-631ca289d3dd', '2025-12-03T04:50:03.631852', '2025-12-03T04:50:03.631852');
INSERT INTO movie_projections (id, projection_date, projection_time, cinema_hall_id, movie_id, created_at, updated_at) VALUES ('3c874f7e-3225-4b93-92a1-6432ccfe0578', '2025-12-07', '22:00:00', '685ad785-6ee0-494a-b94a-18c303602355', '98009a33-bbe4-4b17-8087-631ca289d3dd', '2025-12-03T04:50:03.631912', '2025-12-03T04:50:03.631912');
INSERT INTO movie_projections (id, projection_date, projection_time, cinema_hall_id, movie_id, created_at, updated_at) VALUES ('18667ba8-aa2a-46be-8ee4-62320884e489', '2025-12-07', '22:00:00', 'd3077cf2-2082-4360-b38f-ed1697f2a8d8', '98009a33-bbe4-4b17-8087-631ca289d3dd', '2025-12-03T04:50:03.631971', '2025-12-03T04:50:03.631971');
INSERT INTO movie_projections (id, projection_date, projection_time, cinema_hall_id, movie_id, created_at, updated_at) VALUES ('1ffb5588-bbef-4259-80c4-07d300125c77', '2025-12-05', '22:00:00', '4106e3e9-3832-4b8b-9861-d106e07ef913', '98009a33-bbe4-4b17-8087-631ca289d3dd', '2025-12-03T04:50:03.632030', '2025-12-03T04:50:03.632030');
INSERT INTO movie_projections (id, projection_date, projection_time, cinema_hall_id, movie_id, created_at, updated_at) VALUES ('c3222ea8-b7cf-4ecf-8e3a-ac7e7fbab07c', '2025-12-09', '19:00:00', '4be1241d-9e96-4024-a94a-8146a1b1e186', '98009a33-bbe4-4b17-8087-631ca289d3dd', '2025-12-03T04:50:03.632090', '2025-12-03T04:50:03.632090');
INSERT INTO movie_projections (id, projection_date, projection_time, cinema_hall_id, movie_id, created_at, updated_at) VALUES ('8549b483-5af9-4c3a-a27a-49916054676e', '2025-12-10', '16:00:00', '8f284e20-ba1e-484c-a011-98db1acee7db', '98009a33-bbe4-4b17-8087-631ca289d3dd', '2025-12-03T04:50:03.632150', '2025-12-03T04:50:03.632150');
INSERT INTO movie_projections (id, projection_date, projection_time, cinema_hall_id, movie_id, created_at, updated_at) VALUES ('1f24b89e-0dee-437e-856c-4892f4164927', '2025-12-12', '22:00:00', '4be1241d-9e96-4024-a94a-8146a1b1e186', '98009a33-bbe4-4b17-8087-631ca289d3dd', '2025-12-03T04:50:03.632216', '2025-12-03T04:50:03.632216');
INSERT INTO movie_projections (id, projection_date, projection_time, cinema_hall_id, movie_id, created_at, updated_at) VALUES ('c29370cd-68be-4a9c-98e0-f245e621f9b1', '2025-12-05', '19:00:00', '1bc5ac50-39ea-4d16-a513-03a7426fc8f1', '98009a33-bbe4-4b17-8087-631ca289d3dd', '2025-12-03T04:50:03.632277', '2025-12-03T04:50:03.632277');
INSERT INTO movie_projections (id, projection_date, projection_time, cinema_hall_id, movie_id, created_at, updated_at) VALUES ('e91b91d0-f116-47f8-a5f5-a3fcb38cb1da', '2025-12-08', '22:00:00', '2b9fa946-6da8-4721-b194-d71a5637de5e', '98009a33-bbe4-4b17-8087-631ca289d3dd', '2025-12-03T04:50:03.632336', '2025-12-03T04:50:03.632336');
INSERT INTO movie_projections (id, projection_date, projection_time, cinema_hall_id, movie_id, created_at, updated_at) VALUES ('12eff5dd-4d90-4ab2-95ac-09decd2d3e5e', '2025-12-05', '22:00:00', 'fefbeed0-f44e-4b6b-98bb-a7a97cc3d06e', '98009a33-bbe4-4b17-8087-631ca289d3dd', '2025-12-03T04:50:03.632395', '2025-12-03T04:50:03.632395');
INSERT INTO movie_projections (id, projection_date, projection_time, cinema_hall_id, movie_id, created_at, updated_at) VALUES ('9c73f92f-8f6a-47bf-82b0-5ad2a714b6fd', '2025-12-04', '13:00:00', '5c8d7f47-cdbf-4519-b041-ce7b0fae2181', '98009a33-bbe4-4b17-8087-631ca289d3dd', '2025-12-03T04:50:03.632454', '2025-12-03T04:50:03.632454');
INSERT INTO movie_projections (id, projection_date, projection_time, cinema_hall_id, movie_id, created_at, updated_at) VALUES ('dfa40c64-a72b-421c-bfed-21e8b3a81628', '2025-12-11', '13:00:00', '1bc5ac50-39ea-4d16-a513-03a7426fc8f1', '98009a33-bbe4-4b17-8087-631ca289d3dd', '2025-12-03T04:50:03.632513', '2025-12-03T04:50:03.632513');
INSERT INTO movie_projections (id, projection_date, projection_time, cinema_hall_id, movie_id, created_at, updated_at) VALUES ('0b8b3a37-bf9d-40c0-8e88-44b5ceaa2868', '2025-12-06', '19:00:00', '4ece4889-d0f6-4d87-9a48-2de3f8ae361d', '98009a33-bbe4-4b17-8087-631ca289d3dd', '2025-12-03T04:50:03.632593', '2025-12-03T04:50:03.632593');
INSERT INTO movie_projections (id, projection_date, projection_time, cinema_hall_id, movie_id, created_at, updated_at) VALUES ('1a04524e-33e4-4b82-9b42-535e8af85ed1', '2025-12-10', '16:00:00', '1bc5ac50-39ea-4d16-a513-03a7426fc8f1', '98009a33-bbe4-4b17-8087-631ca289d3dd', '2025-12-03T04:50:03.632696', '2025-12-03T04:50:03.632696');
INSERT INTO movie_projections (id, projection_date, projection_time, cinema_hall_id, movie_id, created_at, updated_at) VALUES ('41accc40-20f7-4cb7-b2ce-6ba13fb77823', '2025-12-07', '10:00:00', 'efb6b7e3-a091-4998-a41f-57ef6a4a30bc', '98009a33-bbe4-4b17-8087-631ca289d3dd', '2025-12-03T04:50:03.632783', '2025-12-03T04:50:03.632783');
INSERT INTO movie_projections (id, projection_date, projection_time, cinema_hall_id, movie_id, created_at, updated_at) VALUES ('41342f71-8d10-4b58-8793-7acea689f7b0', '2025-12-07', '19:00:00', '852f356a-c599-4b97-bee8-0f93ca9b5f0a', '98009a33-bbe4-4b17-8087-631ca289d3dd', '2025-12-03T04:50:03.632850', '2025-12-03T04:50:03.632850');
INSERT INTO movie_projections (id, projection_date, projection_time, cinema_hall_id, movie_id, created_at, updated_at) VALUES ('e5397b85-f62b-4056-92a8-e0bfb3cba40e', '2025-12-12', '10:00:00', 'fefbeed0-f44e-4b6b-98bb-a7a97cc3d06e', '98009a33-bbe4-4b17-8087-631ca289d3dd', '2025-12-03T04:50:03.632910', '2025-12-03T04:50:03.632910');
INSERT INTO movie_projections (id, projection_date, projection_time, cinema_hall_id, movie_id, created_at, updated_at) VALUES ('696fb72b-ef59-45ee-b412-c978c792d93d', '2025-12-11', '19:00:00', 'd3077cf2-2082-4360-b38f-ed1697f2a8d8', '98009a33-bbe4-4b17-8087-631ca289d3dd', '2025-12-03T04:50:03.632968', '2025-12-03T04:50:03.632968');
INSERT INTO movie_projections (id, projection_date, projection_time, cinema_hall_id, movie_id, created_at, updated_at) VALUES ('e8339574-fca8-4f7e-8416-7fbdf4bc8e6c', '2025-12-09', '19:00:00', 'f0e8217b-bbaa-40d5-9aad-525f7ff78fea', '98009a33-bbe4-4b17-8087-631ca289d3dd', '2025-12-03T04:50:03.633027', '2025-12-03T04:50:03.633027');
INSERT INTO movie_projections (id, projection_date, projection_time, cinema_hall_id, movie_id, created_at, updated_at) VALUES ('3222d7c7-5e6a-4705-93f8-2dd161cd612f', '2025-12-08', '22:00:00', '852f356a-c599-4b97-bee8-0f93ca9b5f0a', '98009a33-bbe4-4b17-8087-631ca289d3dd', '2025-12-03T04:50:03.633103', '2025-12-03T04:50:03.633103');
INSERT INTO movie_projections (id, projection_date, projection_time, cinema_hall_id, movie_id, created_at, updated_at) VALUES ('ffc20668-8bd9-4dc0-8a47-2e4c6a666aa7', '2025-12-09', '13:00:00', '8f284e20-ba1e-484c-a011-98db1acee7db', '98009a33-bbe4-4b17-8087-631ca289d3dd', '2025-12-03T04:50:03.633166', '2025-12-03T04:50:03.633166');
INSERT INTO movie_projections (id, projection_date, projection_time, cinema_hall_id, movie_id, created_at, updated_at) VALUES ('d19558b1-52f0-4284-8938-af7d256e41ac', '2025-12-09', '19:00:00', '5859185d-a602-42fe-aec0-9a4cdb4cf156', '98009a33-bbe4-4b17-8087-631ca289d3dd', '2025-12-03T04:50:03.633227', '2025-12-03T04:50:03.633227');
INSERT INTO movie_projections (id, projection_date, projection_time, cinema_hall_id, movie_id, created_at, updated_at) VALUES ('7b52ad07-a7a2-43b7-aa4b-a2369d80871a', '2025-12-05', '13:00:00', '7017f84b-b88f-438a-8740-532998a9776e', '98009a33-bbe4-4b17-8087-631ca289d3dd', '2025-12-03T04:50:03.633296', '2025-12-03T04:50:03.633296');
INSERT INTO movie_projections (id, projection_date, projection_time, cinema_hall_id, movie_id, created_at, updated_at) VALUES ('17d064bd-324c-4b67-82e9-c9a2aa84efb9', '2025-12-06', '19:00:00', '4106e3e9-3832-4b8b-9861-d106e07ef913', '98009a33-bbe4-4b17-8087-631ca289d3dd', '2025-12-03T04:50:03.633358', '2025-12-03T04:50:03.633358');
INSERT INTO movie_projections (id, projection_date, projection_time, cinema_hall_id, movie_id, created_at, updated_at) VALUES ('20c51e2c-7e0b-4cd8-96ac-cfacac013457', '2025-12-07', '13:00:00', '9650ae5e-fa19-4108-95f6-a4ada4baa9ec', '98009a33-bbe4-4b17-8087-631ca289d3dd', '2025-12-03T04:50:03.633418', '2025-12-03T04:50:03.633418');
INSERT INTO movie_projections (id, projection_date, projection_time, cinema_hall_id, movie_id, created_at, updated_at) VALUES ('453f72b8-15b7-4a4f-b882-ea86c4ea4434', '2025-12-10', '16:00:00', '5c8d7f47-cdbf-4519-b041-ce7b0fae2181', '98009a33-bbe4-4b17-8087-631ca289d3dd', '2025-12-03T04:50:03.633478', '2025-12-03T04:50:03.633478');
INSERT INTO movie_projections (id, projection_date, projection_time, cinema_hall_id, movie_id, created_at, updated_at) VALUES ('81b85d10-e274-4958-be06-ffa1c686a302', '2025-12-10', '13:00:00', 'd73d0d67-be21-46b7-b76b-8d0b79aa20dd', '98009a33-bbe4-4b17-8087-631ca289d3dd', '2025-12-03T04:50:03.633538', '2025-12-03T04:50:03.633538');
INSERT INTO movie_projections (id, projection_date, projection_time, cinema_hall_id, movie_id, created_at, updated_at) VALUES ('ef7a3530-baf3-4b8c-92f3-a02002e693da', '2025-12-08', '13:00:00', 'efb6b7e3-a091-4998-a41f-57ef6a4a30bc', '98009a33-bbe4-4b17-8087-631ca289d3dd', '2025-12-03T04:50:03.633598', '2025-12-03T04:50:03.633598');
INSERT INTO movie_projections (id, projection_date, projection_time, cinema_hall_id, movie_id, created_at, updated_at) VALUES ('71069702-ff68-466c-9846-dab29f928ec0', '2025-12-10', '10:00:00', 'b10085e8-fbdb-4a0a-82ac-432e07c9c0f1', '98009a33-bbe4-4b17-8087-631ca289d3dd', '2025-12-03T04:50:03.633658', '2025-12-03T04:50:03.633658');
INSERT INTO movie_projections (id, projection_date, projection_time, cinema_hall_id, movie_id, created_at, updated_at) VALUES ('5f357652-66f3-4aee-88ec-d329e10f0b21', '2025-12-07', '13:00:00', '979f568e-d632-4576-9484-7f0ac798ba20', '98009a33-bbe4-4b17-8087-631ca289d3dd', '2025-12-03T04:50:03.633729', '2025-12-03T04:50:03.633729');
INSERT INTO movie_projections (id, projection_date, projection_time, cinema_hall_id, movie_id, created_at, updated_at) VALUES ('fc630da6-f85d-4e58-8441-6529936cc189', '2025-12-04', '19:00:00', 'f09882fa-12ec-434a-b867-abeca8332f23', '98009a33-bbe4-4b17-8087-631ca289d3dd', '2025-12-03T04:50:03.633795', '2025-12-03T04:50:03.633795');
INSERT INTO movie_projections (id, projection_date, projection_time, cinema_hall_id, movie_id, created_at, updated_at) VALUES ('ceb31ef1-4c8c-4230-8eda-977e1a626c26', '2025-12-12', '16:00:00', '5c8d7f47-cdbf-4519-b041-ce7b0fae2181', '98009a33-bbe4-4b17-8087-631ca289d3dd', '2025-12-03T04:50:03.633856', '2025-12-03T04:50:03.633856');
INSERT INTO movie_projections (id, projection_date, projection_time, cinema_hall_id, movie_id, created_at, updated_at) VALUES ('20867459-0b7b-456d-9cca-5d4d729a6301', '2025-12-13', '16:00:00', 'efb6b7e3-a091-4998-a41f-57ef6a4a30bc', '98009a33-bbe4-4b17-8087-631ca289d3dd', '2025-12-03T04:50:03.633916', '2025-12-03T04:50:03.633916');
INSERT INTO movie_projections (id, projection_date, projection_time, cinema_hall_id, movie_id, created_at, updated_at) VALUES ('3b230a57-ea1a-4617-bd08-a175f8533bb7', '2025-12-11', '10:00:00', '5859185d-a602-42fe-aec0-9a4cdb4cf156', '98009a33-bbe4-4b17-8087-631ca289d3dd', '2025-12-03T04:50:03.633983', '2025-12-03T04:50:03.633983');
INSERT INTO movie_projections (id, projection_date, projection_time, cinema_hall_id, movie_id, created_at, updated_at) VALUES ('e62d2824-71bd-4191-aac3-ef308b6da421', '2025-12-04', '22:00:00', 'd3a92a18-1639-445d-b39e-0db80203b9e2', '98009a33-bbe4-4b17-8087-631ca289d3dd', '2025-12-03T04:50:03.634043', '2025-12-03T04:50:03.634043');
INSERT INTO movie_projections (id, projection_date, projection_time, cinema_hall_id, movie_id, created_at, updated_at) VALUES ('e9a7ce62-2e8a-4099-ac47-06889253f088', '2025-12-04', '13:00:00', 'b5e4e43e-89e5-40a6-827f-e9a6c93a6d01', '98009a33-bbe4-4b17-8087-631ca289d3dd', '2025-12-03T04:50:03.634103', '2025-12-03T04:50:03.634103');
INSERT INTO movie_projections (id, projection_date, projection_time, cinema_hall_id, movie_id, created_at, updated_at) VALUES ('29792c47-ad52-4b7f-963b-82cfeb9b8c95', '2025-12-04', '19:00:00', 'd73d0d67-be21-46b7-b76b-8d0b79aa20dd', '98009a33-bbe4-4b17-8087-631ca289d3dd', '2025-12-03T04:50:03.634163', '2025-12-03T04:50:03.634163');
INSERT INTO movie_projections (id, projection_date, projection_time, cinema_hall_id, movie_id, created_at, updated_at) VALUES ('25400c24-526e-49a2-b6f8-f0c59f475204', '2025-12-10', '13:00:00', '685ad785-6ee0-494a-b94a-18c303602355', 'd6b83ca4-2c6f-48f1-a123-ccfd5f132902', '2025-12-03T04:50:03.634227', '2025-12-03T04:50:03.634227');
INSERT INTO movie_projections (id, projection_date, projection_time, cinema_hall_id, movie_id, created_at, updated_at) VALUES ('e6abdd92-f1f9-425e-abde-21bb97e97ec6', '2025-12-13', '19:00:00', '4be1241d-9e96-4024-a94a-8146a1b1e186', 'd6b83ca4-2c6f-48f1-a123-ccfd5f132902', '2025-12-03T04:50:03.634294', '2025-12-03T04:50:03.634294');
INSERT INTO movie_projections (id, projection_date, projection_time, cinema_hall_id, movie_id, created_at, updated_at) VALUES ('ab539eb6-5f7b-41de-a7d0-b4f614bd2648', '2025-12-08', '16:00:00', '852f356a-c599-4b97-bee8-0f93ca9b5f0a', 'd6b83ca4-2c6f-48f1-a123-ccfd5f132902', '2025-12-03T04:50:03.634354', '2025-12-03T04:50:03.634354');
INSERT INTO movie_projections (id, projection_date, projection_time, cinema_hall_id, movie_id, created_at, updated_at) VALUES ('d4981352-53b0-4c2e-a420-cabb2fd2839e', '2025-12-06', '10:00:00', 'dde99b3d-bd97-4c5b-ae57-89d16040945b', 'd6b83ca4-2c6f-48f1-a123-ccfd5f132902', '2025-12-03T04:50:03.634415', '2025-12-03T04:50:03.634415');
INSERT INTO movie_projections (id, projection_date, projection_time, cinema_hall_id, movie_id, created_at, updated_at) VALUES ('4acc99a5-4e09-461e-aad4-3bdb51dd2773', '2025-12-07', '16:00:00', 'dde99b3d-bd97-4c5b-ae57-89d16040945b', 'd6b83ca4-2c6f-48f1-a123-ccfd5f132902', '2025-12-03T04:50:03.634473', '2025-12-03T04:50:03.634473');
INSERT INTO movie_projections (id, projection_date, projection_time, cinema_hall_id, movie_id, created_at, updated_at) VALUES ('9ec473be-575c-4df9-972c-1141cdc77cbe', '2025-12-11', '10:00:00', 'f09882fa-12ec-434a-b867-abeca8332f23', 'd6b83ca4-2c6f-48f1-a123-ccfd5f132902', '2025-12-03T04:50:03.634532', '2025-12-03T04:50:03.634532');
INSERT INTO movie_projections (id, projection_date, projection_time, cinema_hall_id, movie_id, created_at, updated_at) VALUES ('29209539-4a19-4279-b0f0-a13bbdf54b14', '2025-12-04', '13:00:00', 'a0ad9682-ff17-4c82-9607-b39f38263997', 'd6b83ca4-2c6f-48f1-a123-ccfd5f132902', '2025-12-03T04:50:03.634592', '2025-12-03T04:50:03.634592');
INSERT INTO movie_projections (id, projection_date, projection_time, cinema_hall_id, movie_id, created_at, updated_at) VALUES ('fdc89f78-e7d2-4c79-a24b-3d0710b4e934', '2025-12-08', '13:00:00', '69838be8-afbb-48b1-a1a8-7e2e374b01b5', 'd6b83ca4-2c6f-48f1-a123-ccfd5f132902', '2025-12-03T04:50:03.634652', '2025-12-03T04:50:03.634652');
INSERT INTO movie_projections (id, projection_date, projection_time, cinema_hall_id, movie_id, created_at, updated_at) VALUES ('b3b87a0e-8372-43d4-89e1-072b7df6762e', '2025-12-06', '16:00:00', 'd73d0d67-be21-46b7-b76b-8d0b79aa20dd', 'd6b83ca4-2c6f-48f1-a123-ccfd5f132902', '2025-12-03T04:50:03.634713', '2025-12-03T04:50:03.634713');
INSERT INTO movie_projections (id, projection_date, projection_time, cinema_hall_id, movie_id, created_at, updated_at) VALUES ('ef8dfc44-f055-4aad-adb8-8a5c06843a4b', '2025-12-07', '16:00:00', 'f09882fa-12ec-434a-b867-abeca8332f23', 'd6b83ca4-2c6f-48f1-a123-ccfd5f132902', '2025-12-03T04:50:03.634780', '2025-12-03T04:50:03.634780');
INSERT INTO movie_projections (id, projection_date, projection_time, cinema_hall_id, movie_id, created_at, updated_at) VALUES ('50e044de-3abc-4935-9f12-c8c49db4de7a', '2025-12-06', '10:00:00', 'dde99b3d-bd97-4c5b-ae57-89d16040945b', 'd6b83ca4-2c6f-48f1-a123-ccfd5f132902', '2025-12-03T04:50:03.634841', '2025-12-03T04:50:03.634841');
INSERT INTO movie_projections (id, projection_date, projection_time, cinema_hall_id, movie_id, created_at, updated_at) VALUES ('060ac6e1-254d-4fca-8488-1adcbb96db7e', '2025-12-13', '16:00:00', '73bc759c-0af5-48b5-9d76-e26ecc179018', 'd6b83ca4-2c6f-48f1-a123-ccfd5f132902', '2025-12-03T04:50:03.634903', '2025-12-03T04:50:03.634903');
INSERT INTO movie_projections (id, projection_date, projection_time, cinema_hall_id, movie_id, created_at, updated_at) VALUES ('fc2b468e-e330-4c8e-8d22-ec9d20170c13', '2025-12-04', '16:00:00', '6cdfdbe1-103f-401e-91c9-5708d17e8c7f', 'd6b83ca4-2c6f-48f1-a123-ccfd5f132902', '2025-12-03T04:50:03.634963', '2025-12-03T04:50:03.634963');
INSERT INTO movie_projections (id, projection_date, projection_time, cinema_hall_id, movie_id, created_at, updated_at) VALUES ('211b90df-afa4-4739-ba1d-2387f4a6851b', '2025-12-11', '22:00:00', '4ece4889-d0f6-4d87-9a48-2de3f8ae361d', 'd6b83ca4-2c6f-48f1-a123-ccfd5f132902', '2025-12-03T04:50:03.635023', '2025-12-03T04:50:03.635023');
INSERT INTO movie_projections (id, projection_date, projection_time, cinema_hall_id, movie_id, created_at, updated_at) VALUES ('600b753a-5979-4c68-8871-0ac70bc33a3e', '2025-12-04', '16:00:00', '73bc759c-0af5-48b5-9d76-e26ecc179018', 'd6b83ca4-2c6f-48f1-a123-ccfd5f132902', '2025-12-03T04:50:03.635084', '2025-12-03T04:50:03.635084');
INSERT INTO movie_projections (id, projection_date, projection_time, cinema_hall_id, movie_id, created_at, updated_at) VALUES ('973898bb-8db9-43b5-b638-17981ab494fb', '2025-12-07', '13:00:00', 'fefbeed0-f44e-4b6b-98bb-a7a97cc3d06e', 'd6b83ca4-2c6f-48f1-a123-ccfd5f132902', '2025-12-03T04:50:03.635143', '2025-12-03T04:50:03.635143');
INSERT INTO movie_projections (id, projection_date, projection_time, cinema_hall_id, movie_id, created_at, updated_at) VALUES ('676414b2-7e8e-4906-8a22-111c91108da9', '2025-12-12', '22:00:00', '2b9fa946-6da8-4721-b194-d71a5637de5e', 'd6b83ca4-2c6f-48f1-a123-ccfd5f132902', '2025-12-03T04:50:03.635204', '2025-12-03T04:50:03.635204');
INSERT INTO movie_projections (id, projection_date, projection_time, cinema_hall_id, movie_id, created_at, updated_at) VALUES ('1e1763c5-68a7-45bb-9810-28b616ba9a7a', '2025-12-06', '19:00:00', 'd3077cf2-2082-4360-b38f-ed1697f2a8d8', 'd6b83ca4-2c6f-48f1-a123-ccfd5f132902', '2025-12-03T04:50:03.635271', '2025-12-03T04:50:03.635271');
INSERT INTO movie_projections (id, projection_date, projection_time, cinema_hall_id, movie_id, created_at, updated_at) VALUES ('aa014b93-a746-4696-b8ab-60b3dbbb69ab', '2025-12-11', '22:00:00', '7017f84b-b88f-438a-8740-532998a9776e', 'd6b83ca4-2c6f-48f1-a123-ccfd5f132902', '2025-12-03T04:50:03.635332', '2025-12-03T04:50:03.635332');
INSERT INTO movie_projections (id, projection_date, projection_time, cinema_hall_id, movie_id, created_at, updated_at) VALUES ('4f4c2376-7b1a-4e3d-8812-e287e3222e63', '2025-12-11', '19:00:00', 'e1909a58-0717-4701-b626-cc81fb949cef', 'd6b83ca4-2c6f-48f1-a123-ccfd5f132902', '2025-12-03T04:50:03.635393', '2025-12-03T04:50:03.635393');
INSERT INTO movie_projections (id, projection_date, projection_time, cinema_hall_id, movie_id, created_at, updated_at) VALUES ('b634c686-6663-44ed-b5a8-0b9f94346e0a', '2025-12-11', '22:00:00', '1b352ca0-3901-484b-80f2-87da8af67151', 'd6b83ca4-2c6f-48f1-a123-ccfd5f132902', '2025-12-03T04:50:03.635456', '2025-12-03T04:50:03.635456');
INSERT INTO movie_projections (id, projection_date, projection_time, cinema_hall_id, movie_id, created_at, updated_at) VALUES ('02c89a3a-bb27-48cf-9a27-0045dd729a76', '2025-12-10', '22:00:00', 'a0ad9682-ff17-4c82-9607-b39f38263997', 'd6b83ca4-2c6f-48f1-a123-ccfd5f132902', '2025-12-03T04:50:03.635515', '2025-12-03T04:50:03.635515');
INSERT INTO movie_projections (id, projection_date, projection_time, cinema_hall_id, movie_id, created_at, updated_at) VALUES ('7081a4f5-211b-496a-a72c-6916c5fe2477', '2025-12-09', '22:00:00', 'efb6b7e3-a091-4998-a41f-57ef6a4a30bc', 'd6b83ca4-2c6f-48f1-a123-ccfd5f132902', '2025-12-03T04:50:03.635576', '2025-12-03T04:50:03.635576');
INSERT INTO movie_projections (id, projection_date, projection_time, cinema_hall_id, movie_id, created_at, updated_at) VALUES ('17c5bc07-42fa-4337-8be3-32db24c99f2a', '2025-12-12', '13:00:00', '9650ae5e-fa19-4108-95f6-a4ada4baa9ec', 'd6b83ca4-2c6f-48f1-a123-ccfd5f132902', '2025-12-03T04:50:03.635637', '2025-12-03T04:50:03.635637');
INSERT INTO movie_projections (id, projection_date, projection_time, cinema_hall_id, movie_id, created_at, updated_at) VALUES ('b5918d98-b098-4c2e-9a36-a9d1fd11873c', '2025-12-04', '22:00:00', '2b9fa946-6da8-4721-b194-d71a5637de5e', 'd6b83ca4-2c6f-48f1-a123-ccfd5f132902', '2025-12-03T04:50:03.635721', '2025-12-03T04:50:03.635721');
INSERT INTO movie_projections (id, projection_date, projection_time, cinema_hall_id, movie_id, created_at, updated_at) VALUES ('6452b0af-e1f5-4a49-a47d-eb96d8756e2e', '2025-12-09', '13:00:00', 'dde99b3d-bd97-4c5b-ae57-89d16040945b', 'd6b83ca4-2c6f-48f1-a123-ccfd5f132902', '2025-12-03T04:50:03.635799', '2025-12-03T04:50:03.635799');
INSERT INTO movie_projections (id, projection_date, projection_time, cinema_hall_id, movie_id, created_at, updated_at) VALUES ('a2c3a5b8-f831-46ba-83ab-5a2efc30bbe7', '2025-12-04', '22:00:00', 'dde99b3d-bd97-4c5b-ae57-89d16040945b', 'd6b83ca4-2c6f-48f1-a123-ccfd5f132902', '2025-12-03T04:50:03.635861', '2025-12-03T04:50:03.635861');
INSERT INTO movie_projections (id, projection_date, projection_time, cinema_hall_id, movie_id, created_at, updated_at) VALUES ('9503cd07-9fb5-45fe-9946-1315467f52d4', '2025-12-08', '16:00:00', '979f568e-d632-4576-9484-7f0ac798ba20', 'd6b83ca4-2c6f-48f1-a123-ccfd5f132902', '2025-12-03T04:50:03.635973', '2025-12-03T04:50:03.635973');
INSERT INTO movie_projections (id, projection_date, projection_time, cinema_hall_id, movie_id, created_at, updated_at) VALUES ('2c3d75a1-db0d-4e5b-a82c-d294b1a0ba5d', '2025-12-09', '16:00:00', 'd8314e56-6a9e-45d6-afbd-11b1ff5cc707', 'd6b83ca4-2c6f-48f1-a123-ccfd5f132902', '2025-12-03T04:50:03.636057', '2025-12-03T04:50:03.636057');
INSERT INTO movie_projections (id, projection_date, projection_time, cinema_hall_id, movie_id, created_at, updated_at) VALUES ('0cb1e635-8bc6-499e-82be-ac5b7a2f980a', '2025-12-08', '13:00:00', '1bc5ac50-39ea-4d16-a513-03a7426fc8f1', 'd6b83ca4-2c6f-48f1-a123-ccfd5f132902', '2025-12-03T04:50:03.636128', '2025-12-03T04:50:03.636128');
INSERT INTO movie_projections (id, projection_date, projection_time, cinema_hall_id, movie_id, created_at, updated_at) VALUES ('6c65d2b5-7e39-4529-9e82-24735cdd8877', '2025-12-08', '16:00:00', 'f0e8217b-bbaa-40d5-9aad-525f7ff78fea', 'd6b83ca4-2c6f-48f1-a123-ccfd5f132902', '2025-12-03T04:50:03.636195', '2025-12-03T04:50:03.636195');
INSERT INTO movie_projections (id, projection_date, projection_time, cinema_hall_id, movie_id, created_at, updated_at) VALUES ('d7b244f3-46d1-4fc1-b7bf-b164c75981cf', '2025-12-11', '10:00:00', 'dde99b3d-bd97-4c5b-ae57-89d16040945b', 'd6b83ca4-2c6f-48f1-a123-ccfd5f132902', '2025-12-03T04:50:03.636265', '2025-12-03T04:50:03.636265');
INSERT INTO movie_projections (id, projection_date, projection_time, cinema_hall_id, movie_id, created_at, updated_at) VALUES ('d2f9f53e-7143-4e72-bcb3-e322234f6a9f', '2025-12-08', '16:00:00', '4ece4889-d0f6-4d87-9a48-2de3f8ae361d', 'd6b83ca4-2c6f-48f1-a123-ccfd5f132902', '2025-12-03T04:50:03.636334', '2025-12-03T04:50:03.636334');
INSERT INTO movie_projections (id, projection_date, projection_time, cinema_hall_id, movie_id, created_at, updated_at) VALUES ('146c8365-6d14-41f7-82ed-b55218833aa2', '2025-12-06', '10:00:00', '2b9fa946-6da8-4721-b194-d71a5637de5e', 'd6b83ca4-2c6f-48f1-a123-ccfd5f132902', '2025-12-03T04:50:03.636411', '2025-12-03T04:50:03.636411');
INSERT INTO movie_projections (id, projection_date, projection_time, cinema_hall_id, movie_id, created_at, updated_at) VALUES ('14df95b9-1a26-4ebd-a4cf-5d60ff920fe5', '2025-12-11', '19:00:00', '685ad785-6ee0-494a-b94a-18c303602355', 'd6b83ca4-2c6f-48f1-a123-ccfd5f132902', '2025-12-03T04:50:03.636475', '2025-12-03T04:50:03.636475');
INSERT INTO movie_projections (id, projection_date, projection_time, cinema_hall_id, movie_id, created_at, updated_at) VALUES ('45e01488-3cc6-4e41-aad9-f88ab9a9d58c', '2025-12-07', '19:00:00', '8f284e20-ba1e-484c-a011-98db1acee7db', 'd6b83ca4-2c6f-48f1-a123-ccfd5f132902', '2025-12-03T04:50:03.636540', '2025-12-03T04:50:03.636540');
INSERT INTO movie_projections (id, projection_date, projection_time, cinema_hall_id, movie_id, created_at, updated_at) VALUES ('895f9b67-ba27-42c9-8df3-66f5ce2a1b81', '2025-12-04', '22:00:00', '5c8d7f47-cdbf-4519-b041-ce7b0fae2181', 'd6b83ca4-2c6f-48f1-a123-ccfd5f132902', '2025-12-03T04:50:03.636606', '2025-12-03T04:50:03.636606');
INSERT INTO movie_projections (id, projection_date, projection_time, cinema_hall_id, movie_id, created_at, updated_at) VALUES ('064d5b44-39bf-47bc-b495-4dae63b178da', '2025-12-08', '13:00:00', 'd3a92a18-1639-445d-b39e-0db80203b9e2', 'd6b83ca4-2c6f-48f1-a123-ccfd5f132902', '2025-12-03T04:50:03.636673', '2025-12-03T04:50:03.636673');
INSERT INTO movie_projections (id, projection_date, projection_time, cinema_hall_id, movie_id, created_at, updated_at) VALUES ('22a9fdf7-a391-421d-8aeb-f40a4c18f169', '2025-12-12', '19:00:00', 'a0ad9682-ff17-4c82-9607-b39f38263997', 'd6b83ca4-2c6f-48f1-a123-ccfd5f132902', '2025-12-03T04:50:03.636740', '2025-12-03T04:50:03.636740');
INSERT INTO movie_projections (id, projection_date, projection_time, cinema_hall_id, movie_id, created_at, updated_at) VALUES ('e0e37071-1956-4232-a9db-2cf0f22029fe', '2025-12-05', '16:00:00', '4ece4889-d0f6-4d87-9a48-2de3f8ae361d', 'd6b83ca4-2c6f-48f1-a123-ccfd5f132902', '2025-12-03T04:50:03.636810', '2025-12-03T04:50:03.636810');
INSERT INTO movie_projections (id, projection_date, projection_time, cinema_hall_id, movie_id, created_at, updated_at) VALUES ('8066f7b7-2bc2-4327-893f-5cfaad07473f', '2025-12-12', '16:00:00', '8f284e20-ba1e-484c-a011-98db1acee7db', '5f3f423f-c9c7-4e59-a4f0-bf9025405beb', '2025-12-03T04:50:03.636882', '2025-12-03T04:50:03.636882');
INSERT INTO movie_projections (id, projection_date, projection_time, cinema_hall_id, movie_id, created_at, updated_at) VALUES ('cc830a19-ea18-4865-b87a-0ef18df1ba9f', '2025-12-06', '22:00:00', '4106e3e9-3832-4b8b-9861-d106e07ef913', '5f3f423f-c9c7-4e59-a4f0-bf9025405beb', '2025-12-03T04:50:03.636958', '2025-12-03T04:50:03.636958');
INSERT INTO movie_projections (id, projection_date, projection_time, cinema_hall_id, movie_id, created_at, updated_at) VALUES ('a3307c71-2199-4747-bc33-e60560504f20', '2025-12-08', '16:00:00', 'd3a92a18-1639-445d-b39e-0db80203b9e2', '5f3f423f-c9c7-4e59-a4f0-bf9025405beb', '2025-12-03T04:50:03.637026', '2025-12-03T04:50:03.637026');
INSERT INTO movie_projections (id, projection_date, projection_time, cinema_hall_id, movie_id, created_at, updated_at) VALUES ('24ce6a49-e75c-43a1-a81c-ceac9518d0a2', '2025-12-13', '16:00:00', 'e1909a58-0717-4701-b626-cc81fb949cef', '5f3f423f-c9c7-4e59-a4f0-bf9025405beb', '2025-12-03T04:50:03.637091', '2025-12-03T04:50:03.637091');
INSERT INTO movie_projections (id, projection_date, projection_time, cinema_hall_id, movie_id, created_at, updated_at) VALUES ('491655f6-3e92-49cd-b844-04ac6197f075', '2025-12-06', '16:00:00', '685ad785-6ee0-494a-b94a-18c303602355', '5f3f423f-c9c7-4e59-a4f0-bf9025405beb', '2025-12-03T04:50:03.637318', '2025-12-03T04:50:03.637318');
INSERT INTO movie_projections (id, projection_date, projection_time, cinema_hall_id, movie_id, created_at, updated_at) VALUES ('29404aa7-89d0-4a15-8484-829a4c7e21bc', '2025-12-07', '10:00:00', '4106e3e9-3832-4b8b-9861-d106e07ef913', '5f3f423f-c9c7-4e59-a4f0-bf9025405beb', '2025-12-03T04:50:03.637400', '2025-12-03T04:50:03.637400');
INSERT INTO movie_projections (id, projection_date, projection_time, cinema_hall_id, movie_id, created_at, updated_at) VALUES ('f1e32a18-6a1e-43d0-9410-58ad45d5a2b6', '2025-12-10', '19:00:00', '59c7d645-a77b-4f30-835f-ccceb08fee74', '5f3f423f-c9c7-4e59-a4f0-bf9025405beb', '2025-12-03T04:50:03.637557', '2025-12-03T04:50:03.637557');
INSERT INTO movie_projections (id, projection_date, projection_time, cinema_hall_id, movie_id, created_at, updated_at) VALUES ('24a3cfc1-e2aa-4533-b66a-52c1add354e6', '2025-12-13', '13:00:00', '8f284e20-ba1e-484c-a011-98db1acee7db', '5f3f423f-c9c7-4e59-a4f0-bf9025405beb', '2025-12-03T04:50:03.637707', '2025-12-03T04:50:03.637707');
INSERT INTO movie_projections (id, projection_date, projection_time, cinema_hall_id, movie_id, created_at, updated_at) VALUES ('d4344375-2a78-4dc8-8f4c-dde3e070915b', '2025-12-12', '13:00:00', '1b352ca0-3901-484b-80f2-87da8af67151', '5f3f423f-c9c7-4e59-a4f0-bf9025405beb', '2025-12-03T04:50:03.637779', '2025-12-03T04:50:03.637779');
INSERT INTO movie_projections (id, projection_date, projection_time, cinema_hall_id, movie_id, created_at, updated_at) VALUES ('2646e001-6e4c-44f8-a911-52586960e54f', '2025-12-11', '16:00:00', 'b10085e8-fbdb-4a0a-82ac-432e07c9c0f1', '5f3f423f-c9c7-4e59-a4f0-bf9025405beb', '2025-12-03T04:50:03.637846', '2025-12-03T04:50:03.637846');
INSERT INTO movie_projections (id, projection_date, projection_time, cinema_hall_id, movie_id, created_at, updated_at) VALUES ('827c3af9-ff54-4b06-93a0-010f8cf27317', '2025-12-07', '13:00:00', 'd8314e56-6a9e-45d6-afbd-11b1ff5cc707', '5f3f423f-c9c7-4e59-a4f0-bf9025405beb', '2025-12-03T04:50:03.637909', '2025-12-03T04:50:03.637909');
INSERT INTO movie_projections (id, projection_date, projection_time, cinema_hall_id, movie_id, created_at, updated_at) VALUES ('96fd3a3e-eb82-492d-bb82-546d8952d8e7', '2025-12-08', '13:00:00', '852f356a-c599-4b97-bee8-0f93ca9b5f0a', '5f3f423f-c9c7-4e59-a4f0-bf9025405beb', '2025-12-03T04:50:03.637983', '2025-12-03T04:50:03.637983');
INSERT INTO movie_projections (id, projection_date, projection_time, cinema_hall_id, movie_id, created_at, updated_at) VALUES ('04367efc-140a-4b98-8324-7dc78f4fb72c', '2025-12-09', '16:00:00', '5859185d-a602-42fe-aec0-9a4cdb4cf156', '5f3f423f-c9c7-4e59-a4f0-bf9025405beb', '2025-12-03T04:50:03.638051', '2025-12-03T04:50:03.638051');
INSERT INTO movie_projections (id, projection_date, projection_time, cinema_hall_id, movie_id, created_at, updated_at) VALUES ('2ff6956e-b3f8-44cf-b5ec-e6fb3da132ea', '2025-12-08', '10:00:00', '8f284e20-ba1e-484c-a011-98db1acee7db', '5f3f423f-c9c7-4e59-a4f0-bf9025405beb', '2025-12-03T04:50:03.638117', '2025-12-03T04:50:03.638117');
INSERT INTO movie_projections (id, projection_date, projection_time, cinema_hall_id, movie_id, created_at, updated_at) VALUES ('3bc94d1d-a902-4a8e-8ed2-ff04a9b2ede5', '2025-12-05', '19:00:00', '2b9fa946-6da8-4721-b194-d71a5637de5e', '5f3f423f-c9c7-4e59-a4f0-bf9025405beb', '2025-12-03T04:50:03.638177', '2025-12-03T04:50:03.638177');
INSERT INTO movie_projections (id, projection_date, projection_time, cinema_hall_id, movie_id, created_at, updated_at) VALUES ('2a294e92-32eb-447e-83db-0be001f04334', '2025-12-06', '13:00:00', '4be1241d-9e96-4024-a94a-8146a1b1e186', '5f3f423f-c9c7-4e59-a4f0-bf9025405beb', '2025-12-03T04:50:03.638240', '2025-12-03T04:50:03.638240');
INSERT INTO movie_projections (id, projection_date, projection_time, cinema_hall_id, movie_id, created_at, updated_at) VALUES ('928d19e6-4107-4dc1-ad52-2be885c571ca', '2025-12-08', '19:00:00', 'c37deb55-0cbf-43de-8d67-0bc6e644a54f', '5f3f423f-c9c7-4e59-a4f0-bf9025405beb', '2025-12-03T04:50:03.638304', '2025-12-03T04:50:03.638304');
INSERT INTO movie_projections (id, projection_date, projection_time, cinema_hall_id, movie_id, created_at, updated_at) VALUES ('62526eb3-518f-4ca1-9e2a-43270c0dd180', '2025-12-04', '22:00:00', 'd73d0d67-be21-46b7-b76b-8d0b79aa20dd', '5f3f423f-c9c7-4e59-a4f0-bf9025405beb', '2025-12-03T04:50:03.638372', '2025-12-03T04:50:03.638372');
INSERT INTO movie_projections (id, projection_date, projection_time, cinema_hall_id, movie_id, created_at, updated_at) VALUES ('c78b63d2-ed58-42a6-87b8-c1243d7b2c15', '2025-12-10', '13:00:00', '59c7d645-a77b-4f30-835f-ccceb08fee74', '5f3f423f-c9c7-4e59-a4f0-bf9025405beb', '2025-12-03T04:50:03.638439', '2025-12-03T04:50:03.638439');
INSERT INTO movie_projections (id, projection_date, projection_time, cinema_hall_id, movie_id, created_at, updated_at) VALUES ('e7c6689a-e1d2-4f31-9f4c-490ba4cb99c0', '2025-12-12', '22:00:00', 'd3077cf2-2082-4360-b38f-ed1697f2a8d8', '5f3f423f-c9c7-4e59-a4f0-bf9025405beb', '2025-12-03T04:50:03.638507', '2025-12-03T04:50:03.638507');
INSERT INTO movie_projections (id, projection_date, projection_time, cinema_hall_id, movie_id, created_at, updated_at) VALUES ('bbcc7104-c664-472a-ba63-08893adcef20', '2025-12-08', '22:00:00', 'c37deb55-0cbf-43de-8d67-0bc6e644a54f', '5f3f423f-c9c7-4e59-a4f0-bf9025405beb', '2025-12-03T04:50:03.638621', '2025-12-03T04:50:03.638621');
INSERT INTO movie_projections (id, projection_date, projection_time, cinema_hall_id, movie_id, created_at, updated_at) VALUES ('0383d934-185e-4d29-9dc5-65411b970855', '2025-12-07', '19:00:00', '852f356a-c599-4b97-bee8-0f93ca9b5f0a', '5f3f423f-c9c7-4e59-a4f0-bf9025405beb', '2025-12-03T04:50:03.638692', '2025-12-03T04:50:03.638692');
INSERT INTO movie_projections (id, projection_date, projection_time, cinema_hall_id, movie_id, created_at, updated_at) VALUES ('77c6748a-323f-4a6c-a0cb-c447ee80cf36', '2025-12-13', '10:00:00', 'dde99b3d-bd97-4c5b-ae57-89d16040945b', '5f3f423f-c9c7-4e59-a4f0-bf9025405beb', '2025-12-03T04:50:03.638767', '2025-12-03T04:50:03.638767');
INSERT INTO movie_projections (id, projection_date, projection_time, cinema_hall_id, movie_id, created_at, updated_at) VALUES ('7938651d-94d8-4591-9aed-9ca1995264cf', '2025-12-08', '22:00:00', 'f09882fa-12ec-434a-b867-abeca8332f23', '5f3f423f-c9c7-4e59-a4f0-bf9025405beb', '2025-12-03T04:50:03.638832', '2025-12-03T04:50:03.638832');
INSERT INTO movie_projections (id, projection_date, projection_time, cinema_hall_id, movie_id, created_at, updated_at) VALUES ('ac20f2af-77c9-4550-ab36-b4aadee3ec41', '2025-12-06', '22:00:00', '685ad785-6ee0-494a-b94a-18c303602355', '5f3f423f-c9c7-4e59-a4f0-bf9025405beb', '2025-12-03T04:50:03.638904', '2025-12-03T04:50:03.638904');
INSERT INTO movie_projections (id, projection_date, projection_time, cinema_hall_id, movie_id, created_at, updated_at) VALUES ('ee26e49d-7b28-48c6-8575-7cb85f44c321', '2025-12-05', '16:00:00', '4be1241d-9e96-4024-a94a-8146a1b1e186', '5f3f423f-c9c7-4e59-a4f0-bf9025405beb', '2025-12-03T04:50:03.639036', '2025-12-03T04:50:03.639036');
INSERT INTO movie_projections (id, projection_date, projection_time, cinema_hall_id, movie_id, created_at, updated_at) VALUES ('a60e6963-74b3-4595-a318-130066feca0a', '2025-12-05', '10:00:00', '852f356a-c599-4b97-bee8-0f93ca9b5f0a', '5f3f423f-c9c7-4e59-a4f0-bf9025405beb', '2025-12-03T04:50:03.639198', '2025-12-03T04:50:03.639198');
INSERT INTO movie_projections (id, projection_date, projection_time, cinema_hall_id, movie_id, created_at, updated_at) VALUES ('0cb7f264-1cd2-4081-b6fd-0f1b64c84110', '2025-12-10', '22:00:00', '1b352ca0-3901-484b-80f2-87da8af67151', '5f3f423f-c9c7-4e59-a4f0-bf9025405beb', '2025-12-03T04:50:03.639279', '2025-12-03T04:50:03.639279');
INSERT INTO movie_projections (id, projection_date, projection_time, cinema_hall_id, movie_id, created_at, updated_at) VALUES ('243f1c8f-c9fe-4cc0-93b1-41fe236429ac', '2025-12-06', '19:00:00', 'fefbeed0-f44e-4b6b-98bb-a7a97cc3d06e', '5f3f423f-c9c7-4e59-a4f0-bf9025405beb', '2025-12-03T04:50:03.639359', '2025-12-03T04:50:03.639359');
INSERT INTO movie_projections (id, projection_date, projection_time, cinema_hall_id, movie_id, created_at, updated_at) VALUES ('bfc0ef04-dae0-4270-adc1-2761005b6fbe', '2025-12-04', '16:00:00', '1b352ca0-3901-484b-80f2-87da8af67151', '5f3f423f-c9c7-4e59-a4f0-bf9025405beb', '2025-12-03T04:50:03.639419', '2025-12-03T04:50:03.639419');
INSERT INTO movie_projections (id, projection_date, projection_time, cinema_hall_id, movie_id, created_at, updated_at) VALUES ('fcba5e19-5357-41c1-948e-756ebcf614b9', '2025-12-11', '10:00:00', 'f09882fa-12ec-434a-b867-abeca8332f23', '5f3f423f-c9c7-4e59-a4f0-bf9025405beb', '2025-12-03T04:50:03.639486', '2025-12-03T04:50:03.639486');
INSERT INTO movie_projections (id, projection_date, projection_time, cinema_hall_id, movie_id, created_at, updated_at) VALUES ('97338d78-1226-4768-adbd-dc7aa0b48ce2', '2025-12-13', '19:00:00', '1b352ca0-3901-484b-80f2-87da8af67151', '5f3f423f-c9c7-4e59-a4f0-bf9025405beb', '2025-12-03T04:50:03.639545', '2025-12-03T04:50:03.639545');
INSERT INTO movie_projections (id, projection_date, projection_time, cinema_hall_id, movie_id, created_at, updated_at) VALUES ('801c4c50-20c8-4982-85c3-5e0073d8d13d', '2025-12-08', '16:00:00', '852f356a-c599-4b97-bee8-0f93ca9b5f0a', '5f3f423f-c9c7-4e59-a4f0-bf9025405beb', '2025-12-03T04:50:03.640198', '2025-12-03T04:50:03.640198');
INSERT INTO movie_projections (id, projection_date, projection_time, cinema_hall_id, movie_id, created_at, updated_at) VALUES ('f870d628-d35c-4fd0-a274-55089697c530', '2025-12-12', '13:00:00', '9650ae5e-fa19-4108-95f6-a4ada4baa9ec', '5f3f423f-c9c7-4e59-a4f0-bf9025405beb', '2025-12-03T04:50:03.640280', '2025-12-03T04:50:03.640280');
INSERT INTO movie_projections (id, projection_date, projection_time, cinema_hall_id, movie_id, created_at, updated_at) VALUES ('c01f35cc-26a4-4057-8d6c-0899e96f9f42', '2025-12-10', '22:00:00', '1b352ca0-3901-484b-80f2-87da8af67151', '5f3f423f-c9c7-4e59-a4f0-bf9025405beb', '2025-12-03T04:50:03.640339', '2025-12-03T04:50:03.640339');
INSERT INTO movie_projections (id, projection_date, projection_time, cinema_hall_id, movie_id, created_at, updated_at) VALUES ('5fdd4738-9281-4847-b1fb-334900c171b8', '2025-12-07', '22:00:00', 'd3077cf2-2082-4360-b38f-ed1697f2a8d8', '5f3f423f-c9c7-4e59-a4f0-bf9025405beb', '2025-12-03T04:50:03.640458', '2025-12-03T04:50:03.640458');
INSERT INTO movie_projections (id, projection_date, projection_time, cinema_hall_id, movie_id, created_at, updated_at) VALUES ('7f766879-85d1-420a-9710-66d6bcd8db44', '2025-12-04', '19:00:00', '69838be8-afbb-48b1-a1a8-7e2e374b01b5', '5f3f423f-c9c7-4e59-a4f0-bf9025405beb', '2025-12-03T04:50:03.640522', '2025-12-03T04:50:03.640522');
INSERT INTO movie_projections (id, projection_date, projection_time, cinema_hall_id, movie_id, created_at, updated_at) VALUES ('4b7967c2-569c-4274-a85b-bba96bc296be', '2025-12-05', '16:00:00', '979f568e-d632-4576-9484-7f0ac798ba20', '5f3f423f-c9c7-4e59-a4f0-bf9025405beb', '2025-12-03T04:50:03.640574', '2025-12-03T04:50:03.640574');
INSERT INTO movie_projections (id, projection_date, projection_time, cinema_hall_id, movie_id, created_at, updated_at) VALUES ('b947035a-1773-413b-af7c-9945199f3d39', '2025-12-04', '10:00:00', '6cdfdbe1-103f-401e-91c9-5708d17e8c7f', '5f3f423f-c9c7-4e59-a4f0-bf9025405beb', '2025-12-03T04:50:03.640619', '2025-12-03T04:50:03.640619');
INSERT INTO movie_projections (id, projection_date, projection_time, cinema_hall_id, movie_id, created_at, updated_at) VALUES ('017da454-a56f-47fb-96b1-2669dcab1b01', '2025-12-06', '19:00:00', '1b352ca0-3901-484b-80f2-87da8af67151', '5f3f423f-c9c7-4e59-a4f0-bf9025405beb', '2025-12-03T04:50:03.640679', '2025-12-03T04:50:03.640679');
INSERT INTO movie_projections (id, projection_date, projection_time, cinema_hall_id, movie_id, created_at, updated_at) VALUES ('dfcd7042-40ca-408a-bfd5-9be094315348', '2025-12-05', '19:00:00', 'a0ad9682-ff17-4c82-9607-b39f38263997', '425e9783-c1ac-4d6b-ba78-134c0525b66d', '2025-12-03T04:50:03.640737', '2025-12-03T04:50:03.640737');
INSERT INTO movie_projections (id, projection_date, projection_time, cinema_hall_id, movie_id, created_at, updated_at) VALUES ('75936354-60dc-4058-a8ff-3c159e084a86', '2025-12-08', '10:00:00', 'b10085e8-fbdb-4a0a-82ac-432e07c9c0f1', '425e9783-c1ac-4d6b-ba78-134c0525b66d', '2025-12-03T04:50:03.640788', '2025-12-03T04:50:03.640788');
INSERT INTO movie_projections (id, projection_date, projection_time, cinema_hall_id, movie_id, created_at, updated_at) VALUES ('97361db0-a4c1-4661-a7e8-0038d63d7340', '2025-12-09', '22:00:00', 'efb6b7e3-a091-4998-a41f-57ef6a4a30bc', '425e9783-c1ac-4d6b-ba78-134c0525b66d', '2025-12-03T04:50:03.641012', '2025-12-03T04:50:03.641012');
INSERT INTO movie_projections (id, projection_date, projection_time, cinema_hall_id, movie_id, created_at, updated_at) VALUES ('937b2d87-6768-4edb-8b2c-6b742944a703', '2025-12-13', '22:00:00', '5859185d-a602-42fe-aec0-9a4cdb4cf156', '425e9783-c1ac-4d6b-ba78-134c0525b66d', '2025-12-03T04:50:03.641111', '2025-12-03T04:50:03.641111');
INSERT INTO movie_projections (id, projection_date, projection_time, cinema_hall_id, movie_id, created_at, updated_at) VALUES ('9ae63ea3-bcf4-4b1c-912f-8a4b8d14bda5', '2025-12-05', '19:00:00', '5c8d7f47-cdbf-4519-b041-ce7b0fae2181', '425e9783-c1ac-4d6b-ba78-134c0525b66d', '2025-12-03T04:50:03.641162', '2025-12-03T04:50:03.641162');
INSERT INTO movie_projections (id, projection_date, projection_time, cinema_hall_id, movie_id, created_at, updated_at) VALUES ('82432ba8-06f1-4619-aaac-592b53e68a9f', '2025-12-07', '19:00:00', '2b9fa946-6da8-4721-b194-d71a5637de5e', '425e9783-c1ac-4d6b-ba78-134c0525b66d', '2025-12-03T04:50:03.641206', '2025-12-03T04:50:03.641206');
INSERT INTO movie_projections (id, projection_date, projection_time, cinema_hall_id, movie_id, created_at, updated_at) VALUES ('8787cb15-2abc-4ba6-8368-d2fc2c25b49f', '2025-12-09', '22:00:00', 'efb6b7e3-a091-4998-a41f-57ef6a4a30bc', '425e9783-c1ac-4d6b-ba78-134c0525b66d', '2025-12-03T04:50:03.641253', '2025-12-03T04:50:03.641253');
INSERT INTO movie_projections (id, projection_date, projection_time, cinema_hall_id, movie_id, created_at, updated_at) VALUES ('9c9a9d37-c4a8-4e45-99db-aa09cb473c7e', '2025-12-04', '10:00:00', '6cdfdbe1-103f-401e-91c9-5708d17e8c7f', '425e9783-c1ac-4d6b-ba78-134c0525b66d', '2025-12-03T04:50:03.641298', '2025-12-03T04:50:03.641298');
INSERT INTO movie_projections (id, projection_date, projection_time, cinema_hall_id, movie_id, created_at, updated_at) VALUES ('13f9a4d2-9105-4f39-b43f-0f5dc4d3683b', '2025-12-09', '13:00:00', '73bc759c-0af5-48b5-9d76-e26ecc179018', '425e9783-c1ac-4d6b-ba78-134c0525b66d', '2025-12-03T04:50:03.641340', '2025-12-03T04:50:03.641340');
INSERT INTO movie_projections (id, projection_date, projection_time, cinema_hall_id, movie_id, created_at, updated_at) VALUES ('45eb8a9a-2ed6-48f7-9801-4739e716f2fd', '2025-12-04', '13:00:00', 'e1909a58-0717-4701-b626-cc81fb949cef', '425e9783-c1ac-4d6b-ba78-134c0525b66d', '2025-12-03T04:50:03.641433', '2025-12-03T04:50:03.641433');
INSERT INTO movie_projections (id, projection_date, projection_time, cinema_hall_id, movie_id, created_at, updated_at) VALUES ('05dd3e39-733f-41bd-8962-ddc9a9e66ee0', '2025-12-08', '22:00:00', '4ece4889-d0f6-4d87-9a48-2de3f8ae361d', '425e9783-c1ac-4d6b-ba78-134c0525b66d', '2025-12-03T04:50:03.641489', '2025-12-03T04:50:03.641489');
INSERT INTO movie_projections (id, projection_date, projection_time, cinema_hall_id, movie_id, created_at, updated_at) VALUES ('115cea83-e807-4c72-9c8e-82a29bf29386', '2025-12-05', '13:00:00', '9650ae5e-fa19-4108-95f6-a4ada4baa9ec', '425e9783-c1ac-4d6b-ba78-134c0525b66d', '2025-12-03T04:50:03.641535', '2025-12-03T04:50:03.641535');
INSERT INTO movie_projections (id, projection_date, projection_time, cinema_hall_id, movie_id, created_at, updated_at) VALUES ('968f9096-5bd5-4549-a33e-b5c4f556f453', '2025-12-08', '19:00:00', '852f356a-c599-4b97-bee8-0f93ca9b5f0a', '425e9783-c1ac-4d6b-ba78-134c0525b66d', '2025-12-03T04:50:03.641578', '2025-12-03T04:50:03.641578');
INSERT INTO movie_projections (id, projection_date, projection_time, cinema_hall_id, movie_id, created_at, updated_at) VALUES ('b00ff747-a01e-4ae7-859e-f51c16a15d7a', '2025-12-12', '10:00:00', 'b5e4e43e-89e5-40a6-827f-e9a6c93a6d01', '425e9783-c1ac-4d6b-ba78-134c0525b66d', '2025-12-03T04:50:03.641618', '2025-12-03T04:50:03.641618');
INSERT INTO movie_projections (id, projection_date, projection_time, cinema_hall_id, movie_id, created_at, updated_at) VALUES ('986ca4b4-0d18-4051-88a6-16c2189d541b', '2025-12-12', '22:00:00', 'e1909a58-0717-4701-b626-cc81fb949cef', '425e9783-c1ac-4d6b-ba78-134c0525b66d', '2025-12-03T04:50:03.641716', '2025-12-03T04:50:03.641716');
INSERT INTO movie_projections (id, projection_date, projection_time, cinema_hall_id, movie_id, created_at, updated_at) VALUES ('f900beb5-7e95-424b-9c7a-c6f3ccf33dab', '2025-12-13', '19:00:00', 'b5e4e43e-89e5-40a6-827f-e9a6c93a6d01', '425e9783-c1ac-4d6b-ba78-134c0525b66d', '2025-12-03T04:50:03.641753', '2025-12-03T04:50:03.641753');
INSERT INTO movie_projections (id, projection_date, projection_time, cinema_hall_id, movie_id, created_at, updated_at) VALUES ('17482da7-4e29-4246-935a-f3f7951c73d3', '2025-12-13', '10:00:00', '6cdfdbe1-103f-401e-91c9-5708d17e8c7f', '425e9783-c1ac-4d6b-ba78-134c0525b66d', '2025-12-03T04:50:03.641787', '2025-12-03T04:50:03.641787');
INSERT INTO movie_projections (id, projection_date, projection_time, cinema_hall_id, movie_id, created_at, updated_at) VALUES ('95bb797b-c27f-4844-8762-0bb20c81a507', '2025-12-07', '13:00:00', '5859185d-a602-42fe-aec0-9a4cdb4cf156', '425e9783-c1ac-4d6b-ba78-134c0525b66d', '2025-12-03T04:50:03.641822', '2025-12-03T04:50:03.641822');
INSERT INTO movie_projections (id, projection_date, projection_time, cinema_hall_id, movie_id, created_at, updated_at) VALUES ('c8cc70b0-a7f9-46e0-bf04-b32c788f0ece', '2025-12-10', '16:00:00', '69838be8-afbb-48b1-a1a8-7e2e374b01b5', '425e9783-c1ac-4d6b-ba78-134c0525b66d', '2025-12-03T04:50:03.641857', '2025-12-03T04:50:03.641857');
INSERT INTO movie_projections (id, projection_date, projection_time, cinema_hall_id, movie_id, created_at, updated_at) VALUES ('65a7215f-0391-42e8-8869-e7c5b6bde209', '2025-12-12', '19:00:00', 'd8314e56-6a9e-45d6-afbd-11b1ff5cc707', '425e9783-c1ac-4d6b-ba78-134c0525b66d', '2025-12-03T04:50:03.641893', '2025-12-03T04:50:03.641893');
INSERT INTO movie_projections (id, projection_date, projection_time, cinema_hall_id, movie_id, created_at, updated_at) VALUES ('497f688a-7b7e-4fa9-b30a-4933b73dbac3', '2025-12-13', '22:00:00', 'd3077cf2-2082-4360-b38f-ed1697f2a8d8', '425e9783-c1ac-4d6b-ba78-134c0525b66d', '2025-12-03T04:50:03.641930', '2025-12-03T04:50:03.641930');
INSERT INTO movie_projections (id, projection_date, projection_time, cinema_hall_id, movie_id, created_at, updated_at) VALUES ('e5702474-cd57-474e-ac22-683a86823043', '2025-12-10', '19:00:00', '2b9fa946-6da8-4721-b194-d71a5637de5e', '425e9783-c1ac-4d6b-ba78-134c0525b66d', '2025-12-03T04:50:03.641975', '2025-12-03T04:50:03.641975');
INSERT INTO movie_projections (id, projection_date, projection_time, cinema_hall_id, movie_id, created_at, updated_at) VALUES ('dde04496-c941-4866-b74f-0466c44f4849', '2025-12-08', '16:00:00', '4ece4889-d0f6-4d87-9a48-2de3f8ae361d', '425e9783-c1ac-4d6b-ba78-134c0525b66d', '2025-12-03T04:50:03.642018', '2025-12-03T04:50:03.642018');
INSERT INTO movie_projections (id, projection_date, projection_time, cinema_hall_id, movie_id, created_at, updated_at) VALUES ('496380e4-384e-44c9-b342-522b1c96f2e7', '2025-12-08', '13:00:00', 'b10085e8-fbdb-4a0a-82ac-432e07c9c0f1', '425e9783-c1ac-4d6b-ba78-134c0525b66d', '2025-12-03T04:50:03.642056', '2025-12-03T04:50:03.642056');
INSERT INTO movie_projections (id, projection_date, projection_time, cinema_hall_id, movie_id, created_at, updated_at) VALUES ('d99ffa44-507f-45e8-a17a-9dca48d3a8ee', '2025-12-12', '22:00:00', '4be1241d-9e96-4024-a94a-8146a1b1e186', '425e9783-c1ac-4d6b-ba78-134c0525b66d', '2025-12-03T04:50:03.642095', '2025-12-03T04:50:03.642095');
INSERT INTO movie_projections (id, projection_date, projection_time, cinema_hall_id, movie_id, created_at, updated_at) VALUES ('75c4bd15-5f8e-4f76-9ea6-13a14e5db217', '2025-12-13', '10:00:00', '6cdfdbe1-103f-401e-91c9-5708d17e8c7f', '425e9783-c1ac-4d6b-ba78-134c0525b66d', '2025-12-03T04:50:03.642133', '2025-12-03T04:50:03.642133');
INSERT INTO movie_projections (id, projection_date, projection_time, cinema_hall_id, movie_id, created_at, updated_at) VALUES ('a386ceca-246b-4508-8db6-898f5f7864a7', '2025-12-11', '19:00:00', 'dbf5aae0-e81d-4f4b-88c1-f355c9978e50', '425e9783-c1ac-4d6b-ba78-134c0525b66d', '2025-12-03T04:50:03.642185', '2025-12-03T04:50:03.642185');
INSERT INTO movie_projections (id, projection_date, projection_time, cinema_hall_id, movie_id, created_at, updated_at) VALUES ('c1b08908-b074-46c1-bff0-7bb14e7cc25b', '2025-12-13', '16:00:00', 'dbf5aae0-e81d-4f4b-88c1-f355c9978e50', '425e9783-c1ac-4d6b-ba78-134c0525b66d', '2025-12-03T04:50:03.642225', '2025-12-03T04:50:03.642225');
INSERT INTO movie_projections (id, projection_date, projection_time, cinema_hall_id, movie_id, created_at, updated_at) VALUES ('19228536-0698-4a3a-9b39-5a7649559cd9', '2025-12-13', '10:00:00', 'd3a92a18-1639-445d-b39e-0db80203b9e2', '425e9783-c1ac-4d6b-ba78-134c0525b66d', '2025-12-03T04:50:03.642266', '2025-12-03T04:50:03.642266');
INSERT INTO movie_projections (id, projection_date, projection_time, cinema_hall_id, movie_id, created_at, updated_at) VALUES ('d5008c1b-2de2-40b5-bd1c-789431ff0b2c', '2025-12-11', '19:00:00', '26eccb22-f786-4866-925a-3571f437f887', '425e9783-c1ac-4d6b-ba78-134c0525b66d', '2025-12-03T04:50:03.642307', '2025-12-03T04:50:03.642307');
INSERT INTO movie_projections (id, projection_date, projection_time, cinema_hall_id, movie_id, created_at, updated_at) VALUES ('e1d0aee9-1715-4e60-9f38-adcd460ef2ab', '2025-12-04', '16:00:00', 'd3077cf2-2082-4360-b38f-ed1697f2a8d8', '425e9783-c1ac-4d6b-ba78-134c0525b66d', '2025-12-03T04:50:03.642350', '2025-12-03T04:50:03.642350');
INSERT INTO movie_projections (id, projection_date, projection_time, cinema_hall_id, movie_id, created_at, updated_at) VALUES ('8e9e1d7c-00aa-41c9-ac32-0a7e27ff2b83', '2025-12-06', '22:00:00', '73bc759c-0af5-48b5-9d76-e26ecc179018', '425e9783-c1ac-4d6b-ba78-134c0525b66d', '2025-12-03T04:50:03.642392', '2025-12-03T04:50:03.642392');
INSERT INTO movie_projections (id, projection_date, projection_time, cinema_hall_id, movie_id, created_at, updated_at) VALUES ('19a6b3c7-3e90-4c6e-ba01-c30edfe7cb8e', '2025-12-08', '10:00:00', 'fefbeed0-f44e-4b6b-98bb-a7a97cc3d06e', '425e9783-c1ac-4d6b-ba78-134c0525b66d', '2025-12-03T04:50:03.642436', '2025-12-03T04:50:03.642436');
INSERT INTO movie_projections (id, projection_date, projection_time, cinema_hall_id, movie_id, created_at, updated_at) VALUES ('b095dd20-9845-4f0d-865a-598f0fe0de45', '2025-12-07', '22:00:00', '5859185d-a602-42fe-aec0-9a4cdb4cf156', '425e9783-c1ac-4d6b-ba78-134c0525b66d', '2025-12-03T04:50:03.642479', '2025-12-03T04:50:03.642479');
INSERT INTO movie_projections (id, projection_date, projection_time, cinema_hall_id, movie_id, created_at, updated_at) VALUES ('25ac7d33-c1a2-47c6-89cf-774d2bc5c882', '2025-12-05', '13:00:00', '5859185d-a602-42fe-aec0-9a4cdb4cf156', '425e9783-c1ac-4d6b-ba78-134c0525b66d', '2025-12-03T04:50:03.642522', '2025-12-03T04:50:03.642522');
INSERT INTO movie_projections (id, projection_date, projection_time, cinema_hall_id, movie_id, created_at, updated_at) VALUES ('a65909ec-edfb-45f9-8bb9-f9fc5d20aaef', '2025-12-08', '19:00:00', 'fefbeed0-f44e-4b6b-98bb-a7a97cc3d06e', '425e9783-c1ac-4d6b-ba78-134c0525b66d', '2025-12-03T04:50:03.642566', '2025-12-03T04:50:03.642566');
INSERT INTO movie_projections (id, projection_date, projection_time, cinema_hall_id, movie_id, created_at, updated_at) VALUES ('962fb52d-0eb3-42aa-a5f1-e8c364a1d11f', '2025-12-07', '16:00:00', 'd3077cf2-2082-4360-b38f-ed1697f2a8d8', '425e9783-c1ac-4d6b-ba78-134c0525b66d', '2025-12-03T04:50:03.642610', '2025-12-03T04:50:03.642610');
INSERT INTO movie_projections (id, projection_date, projection_time, cinema_hall_id, movie_id, created_at, updated_at) VALUES ('54b9eb08-2b81-4038-acca-020256ae1d63', '2025-12-06', '22:00:00', 'b10085e8-fbdb-4a0a-82ac-432e07c9c0f1', '425e9783-c1ac-4d6b-ba78-134c0525b66d', '2025-12-03T04:50:03.642652', '2025-12-03T04:50:03.642652');
INSERT INTO movie_projections (id, projection_date, projection_time, cinema_hall_id, movie_id, created_at, updated_at) VALUES ('ab8839ca-7fff-4e6b-9445-1468dc9af496', '2025-12-11', '19:00:00', '2b9fa946-6da8-4721-b194-d71a5637de5e', '425e9783-c1ac-4d6b-ba78-134c0525b66d', '2025-12-03T04:50:03.642698', '2025-12-03T04:50:03.642698');
INSERT INTO movie_projections (id, projection_date, projection_time, cinema_hall_id, movie_id, created_at, updated_at) VALUES ('8380e146-fb23-425e-8d02-d52836913214', '2025-12-08', '16:00:00', '26eccb22-f786-4866-925a-3571f437f887', '425e9783-c1ac-4d6b-ba78-134c0525b66d', '2025-12-03T04:50:03.642743', '2025-12-03T04:50:03.642743');
INSERT INTO movie_projections (id, projection_date, projection_time, cinema_hall_id, movie_id, created_at, updated_at) VALUES ('9884855f-46f2-4a33-bd4d-c2d1e315c972', '2025-12-10', '19:00:00', '69838be8-afbb-48b1-a1a8-7e2e374b01b5', '413cf6c7-4991-414c-a8a6-d25a9ad16373', '2025-12-03T04:50:03.642788', '2025-12-03T04:50:03.642788');
INSERT INTO movie_projections (id, projection_date, projection_time, cinema_hall_id, movie_id, created_at, updated_at) VALUES ('2c4034f8-f61f-4c0a-b2c7-e33d1987d5f1', '2025-12-09', '16:00:00', 'd3a92a18-1639-445d-b39e-0db80203b9e2', '413cf6c7-4991-414c-a8a6-d25a9ad16373', '2025-12-03T04:50:03.642829', '2025-12-03T04:50:03.642829');
INSERT INTO movie_projections (id, projection_date, projection_time, cinema_hall_id, movie_id, created_at, updated_at) VALUES ('67545a38-a7b6-4cef-b221-856e57716387', '2025-12-09', '22:00:00', '4be1241d-9e96-4024-a94a-8146a1b1e186', '413cf6c7-4991-414c-a8a6-d25a9ad16373', '2025-12-03T04:50:03.642868', '2025-12-03T04:50:03.642868');
INSERT INTO movie_projections (id, projection_date, projection_time, cinema_hall_id, movie_id, created_at, updated_at) VALUES ('6dec6c8f-9861-436d-a3b9-6be11775bf9e', '2025-12-09', '19:00:00', '69838be8-afbb-48b1-a1a8-7e2e374b01b5', '413cf6c7-4991-414c-a8a6-d25a9ad16373', '2025-12-03T04:50:03.642909', '2025-12-03T04:50:03.642909');
INSERT INTO movie_projections (id, projection_date, projection_time, cinema_hall_id, movie_id, created_at, updated_at) VALUES ('bb539985-7879-4294-ade0-c5de35f310d5', '2025-12-10', '22:00:00', '73bc759c-0af5-48b5-9d76-e26ecc179018', '413cf6c7-4991-414c-a8a6-d25a9ad16373', '2025-12-03T04:50:03.642973', '2025-12-03T04:50:03.642973');
INSERT INTO movie_projections (id, projection_date, projection_time, cinema_hall_id, movie_id, created_at, updated_at) VALUES ('49918342-8ea0-47e0-9e02-fdf871d8e41f', '2025-12-12', '16:00:00', '8f284e20-ba1e-484c-a011-98db1acee7db', '413cf6c7-4991-414c-a8a6-d25a9ad16373', '2025-12-03T04:50:03.643038', '2025-12-03T04:50:03.643038');
INSERT INTO movie_projections (id, projection_date, projection_time, cinema_hall_id, movie_id, created_at, updated_at) VALUES ('fc971e3f-52b1-4c8a-980b-7c6a22bb1518', '2025-12-12', '13:00:00', 'd3077cf2-2082-4360-b38f-ed1697f2a8d8', '413cf6c7-4991-414c-a8a6-d25a9ad16373', '2025-12-03T04:50:03.643109', '2025-12-03T04:50:03.643109');
INSERT INTO movie_projections (id, projection_date, projection_time, cinema_hall_id, movie_id, created_at, updated_at) VALUES ('353aea80-764a-4771-aa42-666754338a46', '2025-12-10', '19:00:00', '8f284e20-ba1e-484c-a011-98db1acee7db', '413cf6c7-4991-414c-a8a6-d25a9ad16373', '2025-12-03T04:50:03.643174', '2025-12-03T04:50:03.643174');
INSERT INTO movie_projections (id, projection_date, projection_time, cinema_hall_id, movie_id, created_at, updated_at) VALUES ('cc18474b-2458-4257-9bff-849c00b3cb97', '2025-12-07', '22:00:00', '8f284e20-ba1e-484c-a011-98db1acee7db', '413cf6c7-4991-414c-a8a6-d25a9ad16373', '2025-12-03T04:50:03.643241', '2025-12-03T04:50:03.643241');
INSERT INTO movie_projections (id, projection_date, projection_time, cinema_hall_id, movie_id, created_at, updated_at) VALUES ('2f925de2-1f3e-4106-857c-06c370a96219', '2025-12-12', '22:00:00', 'b5e4e43e-89e5-40a6-827f-e9a6c93a6d01', '413cf6c7-4991-414c-a8a6-d25a9ad16373', '2025-12-03T04:50:03.643305', '2025-12-03T04:50:03.643305');
INSERT INTO movie_projections (id, projection_date, projection_time, cinema_hall_id, movie_id, created_at, updated_at) VALUES ('cf14eb6b-3ff0-40b5-a403-35fdb96bc319', '2025-12-04', '19:00:00', 'd73d0d67-be21-46b7-b76b-8d0b79aa20dd', '413cf6c7-4991-414c-a8a6-d25a9ad16373', '2025-12-03T04:50:03.643367', '2025-12-03T04:50:03.643367');
INSERT INTO movie_projections (id, projection_date, projection_time, cinema_hall_id, movie_id, created_at, updated_at) VALUES ('738846f4-718b-485c-8bac-b366ffd89b15', '2025-12-12', '13:00:00', '69838be8-afbb-48b1-a1a8-7e2e374b01b5', '413cf6c7-4991-414c-a8a6-d25a9ad16373', '2025-12-03T04:50:03.643428', '2025-12-03T04:50:03.643428');
INSERT INTO movie_projections (id, projection_date, projection_time, cinema_hall_id, movie_id, created_at, updated_at) VALUES ('fb45f212-46b3-4037-818d-ec0cf438c619', '2025-12-13', '16:00:00', 'f0e8217b-bbaa-40d5-9aad-525f7ff78fea', '413cf6c7-4991-414c-a8a6-d25a9ad16373', '2025-12-03T04:50:03.643491', '2025-12-03T04:50:03.643491');
INSERT INTO movie_projections (id, projection_date, projection_time, cinema_hall_id, movie_id, created_at, updated_at) VALUES ('efa9f00d-2b44-44dd-8699-f72b64c19d1d', '2025-12-09', '16:00:00', 'd73d0d67-be21-46b7-b76b-8d0b79aa20dd', '413cf6c7-4991-414c-a8a6-d25a9ad16373', '2025-12-03T04:50:03.643555', '2025-12-03T04:50:03.643555');
INSERT INTO movie_projections (id, projection_date, projection_time, cinema_hall_id, movie_id, created_at, updated_at) VALUES ('fc208923-a773-4a39-bb85-0324e00d2f4e', '2025-12-04', '13:00:00', 'fefbeed0-f44e-4b6b-98bb-a7a97cc3d06e', '413cf6c7-4991-414c-a8a6-d25a9ad16373', '2025-12-03T04:50:03.643629', '2025-12-03T04:50:03.643629');
INSERT INTO movie_projections (id, projection_date, projection_time, cinema_hall_id, movie_id, created_at, updated_at) VALUES ('0708e64e-30dd-4d9f-a89b-7fe65749a81c', '2025-12-05', '22:00:00', 'e1909a58-0717-4701-b626-cc81fb949cef', '413cf6c7-4991-414c-a8a6-d25a9ad16373', '2025-12-03T04:50:03.643695', '2025-12-03T04:50:03.643695');
INSERT INTO movie_projections (id, projection_date, projection_time, cinema_hall_id, movie_id, created_at, updated_at) VALUES ('7c873de0-cf5d-4378-bf4f-d99da50ccbb7', '2025-12-13', '16:00:00', '59c7d645-a77b-4f30-835f-ccceb08fee74', '413cf6c7-4991-414c-a8a6-d25a9ad16373', '2025-12-03T04:50:03.643760', '2025-12-03T04:50:03.643760');
INSERT INTO movie_projections (id, projection_date, projection_time, cinema_hall_id, movie_id, created_at, updated_at) VALUES ('33eb4fee-4576-42e9-8005-e2071bde6088', '2025-12-04', '16:00:00', '852f356a-c599-4b97-bee8-0f93ca9b5f0a', '413cf6c7-4991-414c-a8a6-d25a9ad16373', '2025-12-03T04:50:03.643823', '2025-12-03T04:50:03.643823');
INSERT INTO movie_projections (id, projection_date, projection_time, cinema_hall_id, movie_id, created_at, updated_at) VALUES ('19370f62-f32b-4aa6-bace-b1ca873d1ab2', '2025-12-08', '22:00:00', '2b9fa946-6da8-4721-b194-d71a5637de5e', '413cf6c7-4991-414c-a8a6-d25a9ad16373', '2025-12-03T04:50:03.643888', '2025-12-03T04:50:03.643888');
INSERT INTO movie_projections (id, projection_date, projection_time, cinema_hall_id, movie_id, created_at, updated_at) VALUES ('f106b4a7-ba55-4cb8-bd16-61c000affde3', '2025-12-07', '19:00:00', '69838be8-afbb-48b1-a1a8-7e2e374b01b5', '413cf6c7-4991-414c-a8a6-d25a9ad16373', '2025-12-03T04:50:03.643953', '2025-12-03T04:50:03.643953');
INSERT INTO movie_projections (id, projection_date, projection_time, cinema_hall_id, movie_id, created_at, updated_at) VALUES ('376b77e1-ceb4-4ebf-a9ae-31b44594c18f', '2025-12-12', '13:00:00', '979f568e-d632-4576-9484-7f0ac798ba20', '413cf6c7-4991-414c-a8a6-d25a9ad16373', '2025-12-03T04:50:03.644021', '2025-12-03T04:50:03.644021');
INSERT INTO movie_projections (id, projection_date, projection_time, cinema_hall_id, movie_id, created_at, updated_at) VALUES ('601223d3-97ae-4fbd-bc5e-81d822c5d5d8', '2025-12-13', '13:00:00', '59c7d645-a77b-4f30-835f-ccceb08fee74', '413cf6c7-4991-414c-a8a6-d25a9ad16373', '2025-12-03T04:50:03.644062', '2025-12-03T04:50:03.644062');
INSERT INTO movie_projections (id, projection_date, projection_time, cinema_hall_id, movie_id, created_at, updated_at) VALUES ('734bf344-9cc9-4e0e-88db-6f8545a752e7', '2025-12-06', '22:00:00', '852f356a-c599-4b97-bee8-0f93ca9b5f0a', '413cf6c7-4991-414c-a8a6-d25a9ad16373', '2025-12-03T04:50:03.644107', '2025-12-03T04:50:03.644107');
INSERT INTO movie_projections (id, projection_date, projection_time, cinema_hall_id, movie_id, created_at, updated_at) VALUES ('f77cbaf8-b4a1-43db-99fb-97cf7a4ae93a', '2025-12-10', '16:00:00', 'dbf5aae0-e81d-4f4b-88c1-f355c9978e50', '413cf6c7-4991-414c-a8a6-d25a9ad16373', '2025-12-03T04:50:03.644147', '2025-12-03T04:50:03.644147');
INSERT INTO movie_projections (id, projection_date, projection_time, cinema_hall_id, movie_id, created_at, updated_at) VALUES ('872067bd-86fe-45b8-a0a7-abb1ed270e44', '2025-12-12', '22:00:00', '6cdfdbe1-103f-401e-91c9-5708d17e8c7f', '413cf6c7-4991-414c-a8a6-d25a9ad16373', '2025-12-03T04:50:03.644212', '2025-12-03T04:50:03.644212');
INSERT INTO movie_projections (id, projection_date, projection_time, cinema_hall_id, movie_id, created_at, updated_at) VALUES ('5a457044-465d-43f0-9fe3-54b75322dfcb', '2025-12-05', '10:00:00', 'dde99b3d-bd97-4c5b-ae57-89d16040945b', '413cf6c7-4991-414c-a8a6-d25a9ad16373', '2025-12-03T04:50:03.644254', '2025-12-03T04:50:03.644254');
INSERT INTO movie_projections (id, projection_date, projection_time, cinema_hall_id, movie_id, created_at, updated_at) VALUES ('80f7b879-39ac-49f1-b9e7-84130810a6f8', '2025-12-06', '19:00:00', 'a0ad9682-ff17-4c82-9607-b39f38263997', '413cf6c7-4991-414c-a8a6-d25a9ad16373', '2025-12-03T04:50:03.644295', '2025-12-03T04:50:03.644295');
INSERT INTO movie_projections (id, projection_date, projection_time, cinema_hall_id, movie_id, created_at, updated_at) VALUES ('8d7095d2-7ac3-4174-88e8-660e164d8fdc', '2025-12-13', '19:00:00', 'c37deb55-0cbf-43de-8d67-0bc6e644a54f', '413cf6c7-4991-414c-a8a6-d25a9ad16373', '2025-12-03T04:50:03.644334', '2025-12-03T04:50:03.644334');
INSERT INTO movie_projections (id, projection_date, projection_time, cinema_hall_id, movie_id, created_at, updated_at) VALUES ('8204beb5-adcf-4adb-910d-ec390ee198b3', '2025-12-08', '13:00:00', '7017f84b-b88f-438a-8740-532998a9776e', '413cf6c7-4991-414c-a8a6-d25a9ad16373', '2025-12-03T04:50:03.644373', '2025-12-03T04:50:03.644373');
INSERT INTO movie_projections (id, projection_date, projection_time, cinema_hall_id, movie_id, created_at, updated_at) VALUES ('3cfa85e5-7711-42eb-afde-79880a5e3b22', '2025-12-11', '19:00:00', '26eccb22-f786-4866-925a-3571f437f887', '413cf6c7-4991-414c-a8a6-d25a9ad16373', '2025-12-03T04:50:03.644413', '2025-12-03T04:50:03.644413');
INSERT INTO movie_projections (id, projection_date, projection_time, cinema_hall_id, movie_id, created_at, updated_at) VALUES ('22a7c9cc-1ccb-48fc-b273-ebf1c2bc0db5', '2025-12-05', '16:00:00', 'dbf5aae0-e81d-4f4b-88c1-f355c9978e50', '413cf6c7-4991-414c-a8a6-d25a9ad16373', '2025-12-03T04:50:03.644457', '2025-12-03T04:50:03.644457');
INSERT INTO movie_projections (id, projection_date, projection_time, cinema_hall_id, movie_id, created_at, updated_at) VALUES ('95cc1a82-581e-4636-add6-ad33b3dc82d6', '2025-12-04', '22:00:00', '26eccb22-f786-4866-925a-3571f437f887', '413cf6c7-4991-414c-a8a6-d25a9ad16373', '2025-12-03T04:50:03.644497', '2025-12-03T04:50:03.644497');
INSERT INTO movie_projections (id, projection_date, projection_time, cinema_hall_id, movie_id, created_at, updated_at) VALUES ('b70d7b16-657a-41cf-aa0e-c4e1f2a40b5e', '2025-12-05', '13:00:00', '8f284e20-ba1e-484c-a011-98db1acee7db', '413cf6c7-4991-414c-a8a6-d25a9ad16373', '2025-12-03T04:50:03.644536', '2025-12-03T04:50:03.644536');
INSERT INTO movie_projections (id, projection_date, projection_time, cinema_hall_id, movie_id, created_at, updated_at) VALUES ('54cd1cca-f744-4c9e-902e-62a869902782', '2025-12-05', '13:00:00', 'b5e4e43e-89e5-40a6-827f-e9a6c93a6d01', '413cf6c7-4991-414c-a8a6-d25a9ad16373', '2025-12-03T04:50:03.644576', '2025-12-03T04:50:03.644576');
INSERT INTO movie_projections (id, projection_date, projection_time, cinema_hall_id, movie_id, created_at, updated_at) VALUES ('bf9cd910-eabb-48e5-bd87-7147933e3f22', '2025-12-08', '19:00:00', 'e1909a58-0717-4701-b626-cc81fb949cef', '413cf6c7-4991-414c-a8a6-d25a9ad16373', '2025-12-03T04:50:03.644616', '2025-12-03T04:50:03.644616');
INSERT INTO movie_projections (id, projection_date, projection_time, cinema_hall_id, movie_id, created_at, updated_at) VALUES ('545288c3-a0f0-455e-9edc-5c31e1d351a0', '2025-12-08', '22:00:00', 'e1909a58-0717-4701-b626-cc81fb949cef', '413cf6c7-4991-414c-a8a6-d25a9ad16373', '2025-12-03T04:50:03.644656', '2025-12-03T04:50:03.644656');
INSERT INTO movie_projections (id, projection_date, projection_time, cinema_hall_id, movie_id, created_at, updated_at) VALUES ('9aa6ed16-6ea4-4713-b2a1-d9c26ef56a7b', '2025-12-12', '19:00:00', '979f568e-d632-4576-9484-7f0ac798ba20', '413cf6c7-4991-414c-a8a6-d25a9ad16373', '2025-12-03T04:50:03.644696', '2025-12-03T04:50:03.644696');
INSERT INTO movie_projections (id, projection_date, projection_time, cinema_hall_id, movie_id, created_at, updated_at) VALUES ('d4c2edd6-93d7-432c-9f53-923f959cf349', '2025-12-05', '10:00:00', 'e1909a58-0717-4701-b626-cc81fb949cef', '413cf6c7-4991-414c-a8a6-d25a9ad16373', '2025-12-03T04:50:03.644735', '2025-12-03T04:50:03.644735');
INSERT INTO movie_projections (id, projection_date, projection_time, cinema_hall_id, movie_id, created_at, updated_at) VALUES ('93f37b2a-6cf9-4782-ba2d-c9065c6015a5', '2025-12-08', '10:00:00', '4106e3e9-3832-4b8b-9861-d106e07ef913', '413cf6c7-4991-414c-a8a6-d25a9ad16373', '2025-12-03T04:50:03.644779', '2025-12-03T04:50:03.644779');
INSERT INTO movie_projections (id, projection_date, projection_time, cinema_hall_id, movie_id, created_at, updated_at) VALUES ('5d86ba37-49cf-4788-87d0-b8d47ee8b34e', '2025-12-08', '13:00:00', 'dbf5aae0-e81d-4f4b-88c1-f355c9978e50', '413cf6c7-4991-414c-a8a6-d25a9ad16373', '2025-12-03T04:50:03.644819', '2025-12-03T04:50:03.644819');
INSERT INTO movie_projections (id, projection_date, projection_time, cinema_hall_id, movie_id, created_at, updated_at) VALUES ('1aeab1f8-dc47-4747-abfd-70fbd86e4792', '2025-12-08', '13:00:00', 'dbf5aae0-e81d-4f4b-88c1-f355c9978e50', 'c84ae9b6-96c5-4f6c-a1f7-3492e08e7dc3', '2025-12-03T04:50:03.644874', '2025-12-03T04:50:03.644874');
INSERT INTO movie_projections (id, projection_date, projection_time, cinema_hall_id, movie_id, created_at, updated_at) VALUES ('0baa0751-98a5-4a8c-af9b-854abe4cce96', '2025-12-07', '16:00:00', '6cdfdbe1-103f-401e-91c9-5708d17e8c7f', 'c84ae9b6-96c5-4f6c-a1f7-3492e08e7dc3', '2025-12-03T04:50:03.644917', '2025-12-03T04:50:03.644917');
INSERT INTO movie_projections (id, projection_date, projection_time, cinema_hall_id, movie_id, created_at, updated_at) VALUES ('59cf5b93-3bb9-4d1e-bd02-f996d0cb7d6b', '2025-12-13', '19:00:00', '1b352ca0-3901-484b-80f2-87da8af67151', 'c84ae9b6-96c5-4f6c-a1f7-3492e08e7dc3', '2025-12-03T04:50:03.644959', '2025-12-03T04:50:03.644959');
INSERT INTO movie_projections (id, projection_date, projection_time, cinema_hall_id, movie_id, created_at, updated_at) VALUES ('28faf070-b579-4adb-bf77-831018b94d38', '2025-12-13', '22:00:00', 'f09882fa-12ec-434a-b867-abeca8332f23', 'c84ae9b6-96c5-4f6c-a1f7-3492e08e7dc3', '2025-12-03T04:50:03.644999', '2025-12-03T04:50:03.644999');
INSERT INTO movie_projections (id, projection_date, projection_time, cinema_hall_id, movie_id, created_at, updated_at) VALUES ('503a2712-dbf8-4d58-9e3a-f9ad71fcb2c6', '2025-12-10', '10:00:00', '69838be8-afbb-48b1-a1a8-7e2e374b01b5', 'c84ae9b6-96c5-4f6c-a1f7-3492e08e7dc3', '2025-12-03T04:50:03.645040', '2025-12-03T04:50:03.645040');
INSERT INTO movie_projections (id, projection_date, projection_time, cinema_hall_id, movie_id, created_at, updated_at) VALUES ('2ac8fe1e-6cae-44b9-8d3a-a860939da913', '2025-12-04', '13:00:00', '4be1241d-9e96-4024-a94a-8146a1b1e186', 'c84ae9b6-96c5-4f6c-a1f7-3492e08e7dc3', '2025-12-03T04:50:03.645080', '2025-12-03T04:50:03.645080');
INSERT INTO movie_projections (id, projection_date, projection_time, cinema_hall_id, movie_id, created_at, updated_at) VALUES ('7f5518f2-856f-4e72-9f0c-5d491dfc5859', '2025-12-13', '10:00:00', '2b9fa946-6da8-4721-b194-d71a5637de5e', 'c84ae9b6-96c5-4f6c-a1f7-3492e08e7dc3', '2025-12-03T04:50:03.645124', '2025-12-03T04:50:03.645124');
INSERT INTO movie_projections (id, projection_date, projection_time, cinema_hall_id, movie_id, created_at, updated_at) VALUES ('38b3b93d-013d-4e99-a5f3-3bae342ce719', '2025-12-04', '10:00:00', '4106e3e9-3832-4b8b-9861-d106e07ef913', 'c84ae9b6-96c5-4f6c-a1f7-3492e08e7dc3', '2025-12-03T04:50:03.645164', '2025-12-03T04:50:03.645164');
INSERT INTO movie_projections (id, projection_date, projection_time, cinema_hall_id, movie_id, created_at, updated_at) VALUES ('2e772d13-1c9d-45c9-b2f1-bb67cea0fd63', '2025-12-09', '16:00:00', '26eccb22-f786-4866-925a-3571f437f887', 'c84ae9b6-96c5-4f6c-a1f7-3492e08e7dc3', '2025-12-03T04:50:03.645204', '2025-12-03T04:50:03.645204');
INSERT INTO movie_projections (id, projection_date, projection_time, cinema_hall_id, movie_id, created_at, updated_at) VALUES ('b0fbbe65-2ef8-4608-92df-aa57e4f95275', '2025-12-11', '22:00:00', '73bc759c-0af5-48b5-9d76-e26ecc179018', 'c84ae9b6-96c5-4f6c-a1f7-3492e08e7dc3', '2025-12-03T04:50:03.645243', '2025-12-03T04:50:03.645243');
INSERT INTO movie_projections (id, projection_date, projection_time, cinema_hall_id, movie_id, created_at, updated_at) VALUES ('3cf16458-89f5-4736-9e1b-574ecb74f873', '2025-12-10', '22:00:00', '4be1241d-9e96-4024-a94a-8146a1b1e186', 'c84ae9b6-96c5-4f6c-a1f7-3492e08e7dc3', '2025-12-03T04:50:03.645283', '2025-12-03T04:50:03.645283');
INSERT INTO movie_projections (id, projection_date, projection_time, cinema_hall_id, movie_id, created_at, updated_at) VALUES ('727207b9-4bcb-4227-ab42-d9067722b678', '2025-12-08', '16:00:00', '4ece4889-d0f6-4d87-9a48-2de3f8ae361d', 'c84ae9b6-96c5-4f6c-a1f7-3492e08e7dc3', '2025-12-03T04:50:03.645323', '2025-12-03T04:50:03.645323');
INSERT INTO movie_projections (id, projection_date, projection_time, cinema_hall_id, movie_id, created_at, updated_at) VALUES ('786e8dfe-273b-44b2-9541-a3c14b9e1d91', '2025-12-09', '19:00:00', '6cdfdbe1-103f-401e-91c9-5708d17e8c7f', 'c84ae9b6-96c5-4f6c-a1f7-3492e08e7dc3', '2025-12-03T04:50:03.645362', '2025-12-03T04:50:03.645362');
INSERT INTO movie_projections (id, projection_date, projection_time, cinema_hall_id, movie_id, created_at, updated_at) VALUES ('eec37638-a04d-479a-bd7b-5fe0e74410c1', '2025-12-11', '10:00:00', '979f568e-d632-4576-9484-7f0ac798ba20', 'c84ae9b6-96c5-4f6c-a1f7-3492e08e7dc3', '2025-12-03T04:50:03.645402', '2025-12-03T04:50:03.645402');
INSERT INTO movie_projections (id, projection_date, projection_time, cinema_hall_id, movie_id, created_at, updated_at) VALUES ('9a68f94f-a8df-4b6f-b56f-e4ef1cad8514', '2025-12-06', '22:00:00', '69838be8-afbb-48b1-a1a8-7e2e374b01b5', 'c84ae9b6-96c5-4f6c-a1f7-3492e08e7dc3', '2025-12-03T04:50:03.645462', '2025-12-03T04:50:03.645462');
INSERT INTO movie_projections (id, projection_date, projection_time, cinema_hall_id, movie_id, created_at, updated_at) VALUES ('1846bb5b-c8d2-49c4-8714-341d56c289e5', '2025-12-09', '19:00:00', '9650ae5e-fa19-4108-95f6-a4ada4baa9ec', 'c84ae9b6-96c5-4f6c-a1f7-3492e08e7dc3', '2025-12-03T04:50:03.645504', '2025-12-03T04:50:03.645504');
INSERT INTO movie_projections (id, projection_date, projection_time, cinema_hall_id, movie_id, created_at, updated_at) VALUES ('9fdc7b60-8d75-4043-bf01-02957fcdb786', '2025-12-07', '16:00:00', '4be1241d-9e96-4024-a94a-8146a1b1e186', 'c84ae9b6-96c5-4f6c-a1f7-3492e08e7dc3', '2025-12-03T04:50:03.645544', '2025-12-03T04:50:03.645544');
INSERT INTO movie_projections (id, projection_date, projection_time, cinema_hall_id, movie_id, created_at, updated_at) VALUES ('8a6804f1-da76-4d33-8966-d86d1ccd6799', '2025-12-07', '19:00:00', '9650ae5e-fa19-4108-95f6-a4ada4baa9ec', 'c84ae9b6-96c5-4f6c-a1f7-3492e08e7dc3', '2025-12-03T04:50:03.645584', '2025-12-03T04:50:03.645584');
INSERT INTO movie_projections (id, projection_date, projection_time, cinema_hall_id, movie_id, created_at, updated_at) VALUES ('2c2473ab-86a1-4c73-8e0b-070b11bcb7a4', '2025-12-08', '22:00:00', 'dde99b3d-bd97-4c5b-ae57-89d16040945b', 'c84ae9b6-96c5-4f6c-a1f7-3492e08e7dc3', '2025-12-03T04:50:03.645623', '2025-12-03T04:50:03.645623');
INSERT INTO movie_projections (id, projection_date, projection_time, cinema_hall_id, movie_id, created_at, updated_at) VALUES ('0b2fae3b-076c-4cca-9a26-39061c10d466', '2025-12-11', '22:00:00', 'c37deb55-0cbf-43de-8d67-0bc6e644a54f', 'c84ae9b6-96c5-4f6c-a1f7-3492e08e7dc3', '2025-12-03T04:50:03.645664', '2025-12-03T04:50:03.645664');
INSERT INTO movie_projections (id, projection_date, projection_time, cinema_hall_id, movie_id, created_at, updated_at) VALUES ('bb34c993-e024-4071-8823-6784cbe5af77', '2025-12-07', '22:00:00', '4ece4889-d0f6-4d87-9a48-2de3f8ae361d', 'c84ae9b6-96c5-4f6c-a1f7-3492e08e7dc3', '2025-12-03T04:50:03.645704', '2025-12-03T04:50:03.645704');
INSERT INTO movie_projections (id, projection_date, projection_time, cinema_hall_id, movie_id, created_at, updated_at) VALUES ('d8448077-90e5-4846-bc54-9f617b49d87e', '2025-12-09', '19:00:00', 'd3077cf2-2082-4360-b38f-ed1697f2a8d8', 'c84ae9b6-96c5-4f6c-a1f7-3492e08e7dc3', '2025-12-03T04:50:03.645745', '2025-12-03T04:50:03.645745');
INSERT INTO movie_projections (id, projection_date, projection_time, cinema_hall_id, movie_id, created_at, updated_at) VALUES ('43b9eaf1-3215-4cbd-9ee0-52c577c6f125', '2025-12-08', '16:00:00', '2b9fa946-6da8-4721-b194-d71a5637de5e', 'c84ae9b6-96c5-4f6c-a1f7-3492e08e7dc3', '2025-12-03T04:50:03.645788', '2025-12-03T04:50:03.645788');
INSERT INTO movie_projections (id, projection_date, projection_time, cinema_hall_id, movie_id, created_at, updated_at) VALUES ('f473a3a6-0582-4c55-9a6f-7bf8087e7c25', '2025-12-11', '16:00:00', '4be1241d-9e96-4024-a94a-8146a1b1e186', 'c84ae9b6-96c5-4f6c-a1f7-3492e08e7dc3', '2025-12-03T04:50:03.645828', '2025-12-03T04:50:03.645828');
INSERT INTO movie_projections (id, projection_date, projection_time, cinema_hall_id, movie_id, created_at, updated_at) VALUES ('ab5f2586-e1a3-4ff9-9de5-af6023bad22b', '2025-12-08', '19:00:00', '685ad785-6ee0-494a-b94a-18c303602355', 'c84ae9b6-96c5-4f6c-a1f7-3492e08e7dc3', '2025-12-03T04:50:03.645868', '2025-12-03T04:50:03.645868');
INSERT INTO movie_projections (id, projection_date, projection_time, cinema_hall_id, movie_id, created_at, updated_at) VALUES ('265fb1a2-59c0-477e-a2e3-58f9444637b4', '2025-12-08', '22:00:00', '685ad785-6ee0-494a-b94a-18c303602355', 'c84ae9b6-96c5-4f6c-a1f7-3492e08e7dc3', '2025-12-03T04:50:03.645907', '2025-12-03T04:50:03.645907');
INSERT INTO movie_projections (id, projection_date, projection_time, cinema_hall_id, movie_id, created_at, updated_at) VALUES ('c389088d-c2e1-4e12-a4d9-935b2ce56518', '2025-12-10', '22:00:00', '69838be8-afbb-48b1-a1a8-7e2e374b01b5', 'c84ae9b6-96c5-4f6c-a1f7-3492e08e7dc3', '2025-12-03T04:50:03.645947', '2025-12-03T04:50:03.645947');
INSERT INTO movie_projections (id, projection_date, projection_time, cinema_hall_id, movie_id, created_at, updated_at) VALUES ('8a1673f6-243b-40f4-8970-f9e5c1b4ddd2', '2025-12-09', '19:00:00', '26eccb22-f786-4866-925a-3571f437f887', 'c84ae9b6-96c5-4f6c-a1f7-3492e08e7dc3', '2025-12-03T04:50:03.645986', '2025-12-03T04:50:03.645986');
INSERT INTO movie_projections (id, projection_date, projection_time, cinema_hall_id, movie_id, created_at, updated_at) VALUES ('f830cee8-6d8f-41c6-a3b9-b9d8ca2a0323', '2025-12-12', '19:00:00', '1bc5ac50-39ea-4d16-a513-03a7426fc8f1', 'c84ae9b6-96c5-4f6c-a1f7-3492e08e7dc3', '2025-12-03T04:50:03.646027', '2025-12-03T04:50:03.646027');
INSERT INTO movie_projections (id, projection_date, projection_time, cinema_hall_id, movie_id, created_at, updated_at) VALUES ('b79dfd83-33d7-4d8f-9911-32e90a9dd2ca', '2025-12-05', '22:00:00', '1b352ca0-3901-484b-80f2-87da8af67151', 'c84ae9b6-96c5-4f6c-a1f7-3492e08e7dc3', '2025-12-03T04:50:03.646070', '2025-12-03T04:50:03.646070');
INSERT INTO movie_projections (id, projection_date, projection_time, cinema_hall_id, movie_id, created_at, updated_at) VALUES ('8d6eed5f-c9cd-4452-9c99-363ac996dd31', '2025-12-09', '10:00:00', 'd3a92a18-1639-445d-b39e-0db80203b9e2', 'c84ae9b6-96c5-4f6c-a1f7-3492e08e7dc3', '2025-12-03T04:50:03.646114', '2025-12-03T04:50:03.646114');
INSERT INTO movie_projections (id, projection_date, projection_time, cinema_hall_id, movie_id, created_at, updated_at) VALUES ('ffd9ca4c-e7e8-4462-a2c1-eb20d6be8f65', '2025-12-06', '13:00:00', 'dbf5aae0-e81d-4f4b-88c1-f355c9978e50', 'c84ae9b6-96c5-4f6c-a1f7-3492e08e7dc3', '2025-12-03T04:50:03.646154', '2025-12-03T04:50:03.646154');
INSERT INTO movie_projections (id, projection_date, projection_time, cinema_hall_id, movie_id, created_at, updated_at) VALUES ('dd4b83b5-8c34-4694-8bc4-221a6972b640', '2025-12-10', '22:00:00', '6cdfdbe1-103f-401e-91c9-5708d17e8c7f', 'c84ae9b6-96c5-4f6c-a1f7-3492e08e7dc3', '2025-12-03T04:50:03.646194', '2025-12-03T04:50:03.646194');
INSERT INTO movie_projections (id, projection_date, projection_time, cinema_hall_id, movie_id, created_at, updated_at) VALUES ('cfa2269b-e10d-4ec0-afcc-5c540cf35d2f', '2025-12-08', '16:00:00', 'd3077cf2-2082-4360-b38f-ed1697f2a8d8', 'c84ae9b6-96c5-4f6c-a1f7-3492e08e7dc3', '2025-12-03T04:50:03.646235', '2025-12-03T04:50:03.646235');
INSERT INTO movie_projections (id, projection_date, projection_time, cinema_hall_id, movie_id, created_at, updated_at) VALUES ('c231a285-e1f7-4d78-945c-433c02f32f02', '2025-12-05', '19:00:00', 'f0e8217b-bbaa-40d5-9aad-525f7ff78fea', 'c84ae9b6-96c5-4f6c-a1f7-3492e08e7dc3', '2025-12-03T04:50:03.646275', '2025-12-03T04:50:03.646275');
INSERT INTO movie_projections (id, projection_date, projection_time, cinema_hall_id, movie_id, created_at, updated_at) VALUES ('0d1e5e56-3cd8-40e8-8b45-8ca19aa4d0d9', '2025-12-04', '10:00:00', '69838be8-afbb-48b1-a1a8-7e2e374b01b5', 'c84ae9b6-96c5-4f6c-a1f7-3492e08e7dc3', '2025-12-03T04:50:03.646315', '2025-12-03T04:50:03.646315');
INSERT INTO movie_projections (id, projection_date, projection_time, cinema_hall_id, movie_id, created_at, updated_at) VALUES ('ce3290c8-2422-49ed-a818-0eafb3a73c44', '2025-12-13', '13:00:00', '26eccb22-f786-4866-925a-3571f437f887', 'c84ae9b6-96c5-4f6c-a1f7-3492e08e7dc3', '2025-12-03T04:50:03.646355', '2025-12-03T04:50:03.646355');
INSERT INTO movie_projections (id, projection_date, projection_time, cinema_hall_id, movie_id, created_at, updated_at) VALUES ('e45f0a6f-6c5e-4962-a744-3e8b07053b2b', '2025-12-11', '22:00:00', '26eccb22-f786-4866-925a-3571f437f887', 'c84ae9b6-96c5-4f6c-a1f7-3492e08e7dc3', '2025-12-03T04:50:03.646395', '2025-12-03T04:50:03.646395');
INSERT INTO movie_projections (id, projection_date, projection_time, cinema_hall_id, movie_id, created_at, updated_at) VALUES ('ea717bad-1408-4032-827f-ef1d3326f2b2', '2025-12-04', '22:00:00', 'f09882fa-12ec-434a-b867-abeca8332f23', 'c84ae9b6-96c5-4f6c-a1f7-3492e08e7dc3', '2025-12-03T04:50:03.646438', '2025-12-03T04:50:03.646438');
INSERT INTO movie_projections (id, projection_date, projection_time, cinema_hall_id, movie_id, created_at, updated_at) VALUES ('c4dccaef-5fbf-43e8-b1b4-d656d9df3dbe', '2025-12-10', '13:00:00', '6cdfdbe1-103f-401e-91c9-5708d17e8c7f', 'c84ae9b6-96c5-4f6c-a1f7-3492e08e7dc3', '2025-12-03T04:50:03.646477', '2025-12-03T04:50:03.646477');
INSERT INTO movie_projections (id, projection_date, projection_time, cinema_hall_id, movie_id, created_at, updated_at) VALUES ('1064b88a-7a8d-417f-8324-942b3917aad5', '2025-12-04', '13:00:00', '852f356a-c599-4b97-bee8-0f93ca9b5f0a', 'cdde01f7-0c16-494b-b276-8e18490b1168', '2025-12-03T04:50:03.646519', '2025-12-03T04:50:03.646519');
INSERT INTO movie_projections (id, projection_date, projection_time, cinema_hall_id, movie_id, created_at, updated_at) VALUES ('11d30982-137e-4cf1-966e-8e6762d97cb7', '2025-12-06', '19:00:00', '4ece4889-d0f6-4d87-9a48-2de3f8ae361d', 'cdde01f7-0c16-494b-b276-8e18490b1168', '2025-12-03T04:50:03.646560', '2025-12-03T04:50:03.646560');
INSERT INTO movie_projections (id, projection_date, projection_time, cinema_hall_id, movie_id, created_at, updated_at) VALUES ('2135fd0b-da54-4692-9fbb-3a64aa0b9dc7', '2025-12-04', '10:00:00', 'd8314e56-6a9e-45d6-afbd-11b1ff5cc707', 'cdde01f7-0c16-494b-b276-8e18490b1168', '2025-12-03T04:50:03.646599', '2025-12-03T04:50:03.646599');
INSERT INTO movie_projections (id, projection_date, projection_time, cinema_hall_id, movie_id, created_at, updated_at) VALUES ('ba6fbca5-4a12-4c10-bb41-f47f8301b395', '2025-12-06', '10:00:00', '6cdfdbe1-103f-401e-91c9-5708d17e8c7f', 'cdde01f7-0c16-494b-b276-8e18490b1168', '2025-12-03T04:50:03.646640', '2025-12-03T04:50:03.646640');
INSERT INTO movie_projections (id, projection_date, projection_time, cinema_hall_id, movie_id, created_at, updated_at) VALUES ('c4158ef1-2785-46cb-b4e1-fd0893baf76d', '2025-12-09', '13:00:00', 'dde99b3d-bd97-4c5b-ae57-89d16040945b', 'cdde01f7-0c16-494b-b276-8e18490b1168', '2025-12-03T04:50:03.646679', '2025-12-03T04:50:03.646679');
INSERT INTO movie_projections (id, projection_date, projection_time, cinema_hall_id, movie_id, created_at, updated_at) VALUES ('41444f42-64fe-4f52-88c2-a499a071c275', '2025-12-04', '10:00:00', 'c37deb55-0cbf-43de-8d67-0bc6e644a54f', 'cdde01f7-0c16-494b-b276-8e18490b1168', '2025-12-03T04:50:03.646718', '2025-12-03T04:50:03.646718');
INSERT INTO movie_projections (id, projection_date, projection_time, cinema_hall_id, movie_id, created_at, updated_at) VALUES ('9e232a48-efc7-4454-abe4-08117a60474e', '2025-12-09', '10:00:00', 'dbf5aae0-e81d-4f4b-88c1-f355c9978e50', 'cdde01f7-0c16-494b-b276-8e18490b1168', '2025-12-03T04:50:03.646761', '2025-12-03T04:50:03.646761');
INSERT INTO movie_projections (id, projection_date, projection_time, cinema_hall_id, movie_id, created_at, updated_at) VALUES ('303d64d2-1131-441b-8675-36e0f4704a21', '2025-12-06', '22:00:00', '59c7d645-a77b-4f30-835f-ccceb08fee74', 'cdde01f7-0c16-494b-b276-8e18490b1168', '2025-12-03T04:50:03.646801', '2025-12-03T04:50:03.646801');
INSERT INTO movie_projections (id, projection_date, projection_time, cinema_hall_id, movie_id, created_at, updated_at) VALUES ('7ec6daf9-b3e5-475d-b516-9f64325c5578', '2025-12-08', '19:00:00', '852f356a-c599-4b97-bee8-0f93ca9b5f0a', 'cdde01f7-0c16-494b-b276-8e18490b1168', '2025-12-03T04:50:03.646841', '2025-12-03T04:50:03.646841');
INSERT INTO movie_projections (id, projection_date, projection_time, cinema_hall_id, movie_id, created_at, updated_at) VALUES ('a13ff0d4-0a04-4b9a-bd87-0148219865ca', '2025-12-05', '19:00:00', 'dbf5aae0-e81d-4f4b-88c1-f355c9978e50', 'cdde01f7-0c16-494b-b276-8e18490b1168', '2025-12-03T04:50:03.646882', '2025-12-03T04:50:03.646882');
INSERT INTO movie_projections (id, projection_date, projection_time, cinema_hall_id, movie_id, created_at, updated_at) VALUES ('e50634e1-4513-43ea-b808-42b7a49c4570', '2025-12-05', '16:00:00', 'd8314e56-6a9e-45d6-afbd-11b1ff5cc707', 'cdde01f7-0c16-494b-b276-8e18490b1168', '2025-12-03T04:50:03.646922', '2025-12-03T04:50:03.646922');
INSERT INTO movie_projections (id, projection_date, projection_time, cinema_hall_id, movie_id, created_at, updated_at) VALUES ('8245637b-60c0-4925-b57c-db374cb5348e', '2025-12-10', '16:00:00', 'd3077cf2-2082-4360-b38f-ed1697f2a8d8', 'cdde01f7-0c16-494b-b276-8e18490b1168', '2025-12-03T04:50:03.646962', '2025-12-03T04:50:03.646962');
INSERT INTO movie_projections (id, projection_date, projection_time, cinema_hall_id, movie_id, created_at, updated_at) VALUES ('b346d948-4e1d-4932-8056-100468618fa3', '2025-12-12', '13:00:00', '73bc759c-0af5-48b5-9d76-e26ecc179018', 'cdde01f7-0c16-494b-b276-8e18490b1168', '2025-12-03T04:50:03.647002', '2025-12-03T04:50:03.647002');
INSERT INTO movie_projections (id, projection_date, projection_time, cinema_hall_id, movie_id, created_at, updated_at) VALUES ('e456bf9c-3362-45e5-82c6-a4ead92fb5de', '2025-12-05', '10:00:00', '69838be8-afbb-48b1-a1a8-7e2e374b01b5', 'cdde01f7-0c16-494b-b276-8e18490b1168', '2025-12-03T04:50:03.647042', '2025-12-03T04:50:03.647042');
INSERT INTO movie_projections (id, projection_date, projection_time, cinema_hall_id, movie_id, created_at, updated_at) VALUES ('8c52f7e9-1dc7-4be0-bca5-8938d084bbad', '2025-12-12', '16:00:00', '685ad785-6ee0-494a-b94a-18c303602355', 'cdde01f7-0c16-494b-b276-8e18490b1168', '2025-12-03T04:50:03.647086', '2025-12-03T04:50:03.647086');
INSERT INTO movie_projections (id, projection_date, projection_time, cinema_hall_id, movie_id, created_at, updated_at) VALUES ('56958d00-aa86-4849-9982-75a893923c9e', '2025-12-04', '19:00:00', '852f356a-c599-4b97-bee8-0f93ca9b5f0a', 'cdde01f7-0c16-494b-b276-8e18490b1168', '2025-12-03T04:50:03.647126', '2025-12-03T04:50:03.647126');
INSERT INTO movie_projections (id, projection_date, projection_time, cinema_hall_id, movie_id, created_at, updated_at) VALUES ('8894cea7-da41-499d-ad15-13364e49a19e', '2025-12-12', '22:00:00', '979f568e-d632-4576-9484-7f0ac798ba20', 'cdde01f7-0c16-494b-b276-8e18490b1168', '2025-12-03T04:50:03.647167', '2025-12-03T04:50:03.647167');
INSERT INTO movie_projections (id, projection_date, projection_time, cinema_hall_id, movie_id, created_at, updated_at) VALUES ('b618ff48-6451-4b23-81b9-8eaa5fd84223', '2025-12-12', '13:00:00', '1bc5ac50-39ea-4d16-a513-03a7426fc8f1', 'cdde01f7-0c16-494b-b276-8e18490b1168', '2025-12-03T04:50:03.647208', '2025-12-03T04:50:03.647208');
INSERT INTO movie_projections (id, projection_date, projection_time, cinema_hall_id, movie_id, created_at, updated_at) VALUES ('8b957d5a-4520-48c0-8a4b-d98b1130c1fa', '2025-12-04', '10:00:00', 'd73d0d67-be21-46b7-b76b-8d0b79aa20dd', 'cdde01f7-0c16-494b-b276-8e18490b1168', '2025-12-03T04:50:03.647248', '2025-12-03T04:50:03.647248');
INSERT INTO movie_projections (id, projection_date, projection_time, cinema_hall_id, movie_id, created_at, updated_at) VALUES ('4cc90e2d-87b0-42f2-a187-05ae3ec5e531', '2025-12-10', '10:00:00', '59c7d645-a77b-4f30-835f-ccceb08fee74', 'cdde01f7-0c16-494b-b276-8e18490b1168', '2025-12-03T04:50:03.647289', '2025-12-03T04:50:03.647289');
INSERT INTO movie_projections (id, projection_date, projection_time, cinema_hall_id, movie_id, created_at, updated_at) VALUES ('2cbb6b14-c55e-4b26-8eea-592fd08cccdd', '2025-12-04', '10:00:00', 'a0ad9682-ff17-4c82-9607-b39f38263997', 'cdde01f7-0c16-494b-b276-8e18490b1168', '2025-12-03T04:50:03.647328', '2025-12-03T04:50:03.647328');
INSERT INTO movie_projections (id, projection_date, projection_time, cinema_hall_id, movie_id, created_at, updated_at) VALUES ('f48c4c4d-a909-42a6-90ae-f537714465f6', '2025-12-06', '16:00:00', '4ece4889-d0f6-4d87-9a48-2de3f8ae361d', 'cdde01f7-0c16-494b-b276-8e18490b1168', '2025-12-03T04:50:03.647369', '2025-12-03T04:50:03.647369');
INSERT INTO movie_projections (id, projection_date, projection_time, cinema_hall_id, movie_id, created_at, updated_at) VALUES ('3045439a-df16-4e87-aa26-6a06a5c9d11e', '2025-12-04', '22:00:00', '9650ae5e-fa19-4108-95f6-a4ada4baa9ec', 'cdde01f7-0c16-494b-b276-8e18490b1168', '2025-12-03T04:50:03.647414', '2025-12-03T04:50:03.647414');
INSERT INTO movie_projections (id, projection_date, projection_time, cinema_hall_id, movie_id, created_at, updated_at) VALUES ('a563946f-5278-450b-828e-b998085f3ae3', '2025-12-05', '22:00:00', 'b10085e8-fbdb-4a0a-82ac-432e07c9c0f1', 'cdde01f7-0c16-494b-b276-8e18490b1168', '2025-12-03T04:50:03.647456', '2025-12-03T04:50:03.647456');
INSERT INTO movie_projections (id, projection_date, projection_time, cinema_hall_id, movie_id, created_at, updated_at) VALUES ('c6112363-cbcd-4339-b327-78f006d3b1b2', '2025-12-13', '19:00:00', 'dde99b3d-bd97-4c5b-ae57-89d16040945b', 'cdde01f7-0c16-494b-b276-8e18490b1168', '2025-12-03T04:50:03.647497', '2025-12-03T04:50:03.647497');
INSERT INTO movie_projections (id, projection_date, projection_time, cinema_hall_id, movie_id, created_at, updated_at) VALUES ('b60a9408-a34e-4bcb-a066-ecd53b875b22', '2025-12-11', '13:00:00', '7017f84b-b88f-438a-8740-532998a9776e', 'cdde01f7-0c16-494b-b276-8e18490b1168', '2025-12-03T04:50:03.647537', '2025-12-03T04:50:03.647537');
INSERT INTO movie_projections (id, projection_date, projection_time, cinema_hall_id, movie_id, created_at, updated_at) VALUES ('51a0d5be-e2f0-4ee0-a282-230a8a892daf', '2025-12-05', '16:00:00', '979f568e-d632-4576-9484-7f0ac798ba20', 'cdde01f7-0c16-494b-b276-8e18490b1168', '2025-12-03T04:50:03.647578', '2025-12-03T04:50:03.647578');
INSERT INTO movie_projections (id, projection_date, projection_time, cinema_hall_id, movie_id, created_at, updated_at) VALUES ('3ce5da60-89ab-4b33-b253-fec1645a2fe1', '2025-12-04', '13:00:00', '26eccb22-f786-4866-925a-3571f437f887', 'cdde01f7-0c16-494b-b276-8e18490b1168', '2025-12-03T04:50:03.647618', '2025-12-03T04:50:03.647618');
INSERT INTO movie_projections (id, projection_date, projection_time, cinema_hall_id, movie_id, created_at, updated_at) VALUES ('62ac2d83-6a0f-479a-9fde-613ebb699c7a', '2025-12-08', '22:00:00', '5859185d-a602-42fe-aec0-9a4cdb4cf156', 'cdde01f7-0c16-494b-b276-8e18490b1168', '2025-12-03T04:50:03.647657', '2025-12-03T04:50:03.647657');
INSERT INTO movie_projections (id, projection_date, projection_time, cinema_hall_id, movie_id, created_at, updated_at) VALUES ('51ce0368-f37a-4815-a598-cb4b148e6328', '2025-12-08', '22:00:00', '8f284e20-ba1e-484c-a011-98db1acee7db', 'cdde01f7-0c16-494b-b276-8e18490b1168', '2025-12-03T04:50:03.647697', '2025-12-03T04:50:03.647697');
INSERT INTO movie_projections (id, projection_date, projection_time, cinema_hall_id, movie_id, created_at, updated_at) VALUES ('600ea776-91d8-473f-bc82-dc1deaf986ef', '2025-12-10', '16:00:00', 'f09882fa-12ec-434a-b867-abeca8332f23', 'cdde01f7-0c16-494b-b276-8e18490b1168', '2025-12-03T04:50:03.647742', '2025-12-03T04:50:03.647742');
INSERT INTO movie_projections (id, projection_date, projection_time, cinema_hall_id, movie_id, created_at, updated_at) VALUES ('cc0ed3de-4d91-49f7-83a1-df089ed2325f', '2025-12-05', '19:00:00', '7017f84b-b88f-438a-8740-532998a9776e', 'cdde01f7-0c16-494b-b276-8e18490b1168', '2025-12-03T04:50:03.647781', '2025-12-03T04:50:03.647781');
INSERT INTO movie_projections (id, projection_date, projection_time, cinema_hall_id, movie_id, created_at, updated_at) VALUES ('9698e40d-ff24-4747-9acd-adea1be21154', '2025-12-10', '13:00:00', 'c37deb55-0cbf-43de-8d67-0bc6e644a54f', 'cdde01f7-0c16-494b-b276-8e18490b1168', '2025-12-03T04:50:03.647820', '2025-12-03T04:50:03.647820');
INSERT INTO movie_projections (id, projection_date, projection_time, cinema_hall_id, movie_id, created_at, updated_at) VALUES ('ea0280cb-4404-4e2b-8cca-b67cdde8c72f', '2025-12-07', '10:00:00', 'a0ad9682-ff17-4c82-9607-b39f38263997', 'cdde01f7-0c16-494b-b276-8e18490b1168', '2025-12-03T04:50:03.647861', '2025-12-03T04:50:03.647861');
INSERT INTO movie_projections (id, projection_date, projection_time, cinema_hall_id, movie_id, created_at, updated_at) VALUES ('3cd12fa2-80b7-4ec2-aa74-886f17f6c8f1', '2025-12-08', '22:00:00', '4ece4889-d0f6-4d87-9a48-2de3f8ae361d', 'cdde01f7-0c16-494b-b276-8e18490b1168', '2025-12-03T04:50:03.647901', '2025-12-03T04:50:03.647901');
INSERT INTO movie_projections (id, projection_date, projection_time, cinema_hall_id, movie_id, created_at, updated_at) VALUES ('034bc0d2-13ce-45b9-a975-bead015ccc8b', '2025-12-11', '19:00:00', '26eccb22-f786-4866-925a-3571f437f887', 'cdde01f7-0c16-494b-b276-8e18490b1168', '2025-12-03T04:50:03.647941', '2025-12-03T04:50:03.647941');
INSERT INTO movie_projections (id, projection_date, projection_time, cinema_hall_id, movie_id, created_at, updated_at) VALUES ('1bdffc74-b67b-48b4-ba1b-b863acde5fb8', '2025-12-10', '19:00:00', '685ad785-6ee0-494a-b94a-18c303602355', 'cdde01f7-0c16-494b-b276-8e18490b1168', '2025-12-03T04:50:03.647982', '2025-12-03T04:50:03.647982');
INSERT INTO movie_projections (id, projection_date, projection_time, cinema_hall_id, movie_id, created_at, updated_at) VALUES ('1777916d-8b4a-4394-a015-ccc7c6ef7ed7', '2025-12-09', '10:00:00', '4ece4889-d0f6-4d87-9a48-2de3f8ae361d', 'cdde01f7-0c16-494b-b276-8e18490b1168', '2025-12-03T04:50:03.648021', '2025-12-03T04:50:03.648021');
INSERT INTO movie_projections (id, projection_date, projection_time, cinema_hall_id, movie_id, created_at, updated_at) VALUES ('c403bb16-b2a7-45c9-a184-7707e4dbfea9', '2025-12-11', '13:00:00', '4106e3e9-3832-4b8b-9861-d106e07ef913', 'cdde01f7-0c16-494b-b276-8e18490b1168', '2025-12-03T04:50:03.648064', '2025-12-03T04:50:03.648064');
INSERT INTO movie_projections (id, projection_date, projection_time, cinema_hall_id, movie_id, created_at, updated_at) VALUES ('91357681-f192-4828-ba00-84dda2cc6077', '2025-12-06', '13:00:00', 'dbf5aae0-e81d-4f4b-88c1-f355c9978e50', 'cdde01f7-0c16-494b-b276-8e18490b1168', '2025-12-03T04:50:03.648105', '2025-12-03T04:50:03.648105');