INSERT INTO countries (id, iso_2_code, name, created_at, updated_at) VALUES ('11750c0f-048b-45a0-9b2f-f3f012029169', 'BA', 'Bosnia and Herzegovina', '2026-02-02T03:56:43.500193', '2026-02-02T03:56:43.500193');
INSERT INTO cities (id, name, timezone, country_id, created_at, updated_at) VALUES ('c15a86b1-9871-4194-8e52-a089bdf27307', 'Sarajevo', 'Europe/Sarajevo', '11750c0f-048b-45a0-9b2f-f3f012029169', '2026-02-02T03:56:43.501253', '2026-02-02T03:56:43.501253');
INSERT INTO cities (id, name, timezone, country_id, created_at, updated_at) VALUES ('3afc1811-5f37-4dfe-a91f-9f2890722d78', 'Banja Luka', 'Europe/Sarajevo', '11750c0f-048b-45a0-9b2f-f3f012029169', '2026-02-02T03:56:43.501361', '2026-02-02T03:56:43.501361');
INSERT INTO cities (id, name, timezone, country_id, created_at, updated_at) VALUES ('945b9664-9531-4852-a43d-5defddd7bc96', 'Mostar', 'Europe/Sarajevo', '11750c0f-048b-45a0-9b2f-f3f012029169', '2026-02-02T03:56:43.501400', '2026-02-02T03:56:43.501400');
INSERT INTO cities (id, name, timezone, country_id, created_at, updated_at) VALUES ('963a302a-106a-46d0-8599-c7a364e98b1a', 'Tuzla', 'Europe/Sarajevo', '11750c0f-048b-45a0-9b2f-f3f012029169', '2026-02-02T03:56:43.501437', '2026-02-02T03:56:43.501437');
INSERT INTO cities (id, name, timezone, country_id, created_at, updated_at) VALUES ('4f431b1f-9ac5-4e7e-bde6-18d66f1b637c', 'Zenica', 'Europe/Sarajevo', '11750c0f-048b-45a0-9b2f-f3f012029169', '2026-02-02T03:56:43.501471', '2026-02-02T03:56:43.501471');
INSERT INTO seat_types (id, category, price, description, created_at, updated_at) VALUES ('47693541-f1ec-4016-943a-edeabbf6f7ad', 'regular', 7.0, 'Comfortable seating. Affordable pricing. Wide selection. Accessible locations. Suitable for everyone', '2026-02-02T03:56:43.502067', '2026-02-02T03:56:43.502067');
INSERT INTO seat_types (id, category, price, description, created_at, updated_at) VALUES ('11dbb2bb-b9a5-4148-bcf2-76d1567dae5d', 'love', 24.0, 'Side-by-side design. Comfortable padding. Adjustable armrests. Cup holders. Reserved for couples.', '2026-02-02T03:56:43.502124', '2026-02-02T03:56:43.502124');
INSERT INTO seat_types (id, category, price, description, created_at, updated_at) VALUES ('5fe2ca09-db8a-40c2-8cf9-3ee6938ba4f5', 'vip', 10.0, 'Enhanced comfort. Priority seating. Prime viewing. Personal space. Luxury extras.', '2026-02-02T03:56:43.502213', '2026-02-02T03:56:43.502213');
INSERT INTO users (id, first_name, last_name, email, password, phone, profile_image_url, city_id, is_verified, created_at, updated_at) VALUES ('08b7b054-843e-4df2-8cad-63e412f9ce62', 'Admin', 'User', 'admin@cinema.ba', '$2b$12$ZhCE9PxMqzlRhQdlq6bj5OA38pSOq0gPgk7E/fLvxYZLZ6/5nu0bK', '+38733123456', '', 'c15a86b1-9871-4194-8e52-a089bdf27307' , True, '2026-02-02T03:56:43.908768', '2026-02-02T03:56:43.908768');
INSERT INTO users (id, first_name, last_name, email, password, phone, profile_image_url, city_id, is_verified, created_at, updated_at) VALUES ('c8a19689-2aaf-4ba2-8c22-a72c7f4f6e49', 'John', 'Doe', 'john@cinema.ba', '$2b$12$a2p7Vv3hKl/zBRnFnTMIS.2wXpVB75L8CteFdI3X3f5dRYi81QlfG', '+38751234567', '', '3afc1811-5f37-4dfe-a91f-9f2890722d78' , True, '2026-02-02T03:56:44.297759', '2026-02-02T03:56:44.297759');
INSERT INTO users (id, first_name, last_name, email, password, phone, profile_image_url, city_id, is_verified, created_at, updated_at) VALUES ('8840b6f8-2038-4aef-b5d1-806514f605ab', 'Dev', 'User', 'dev@cinema.ba', '$2b$12$W1IvG21sEBxYfeztuSDOQusiGOi5k/vqzx/.7aTTBnbOyChJtie/q', '+38761234567', '', 'c15a86b1-9871-4194-8e52-a089bdf27307' , True, '2026-02-02T03:56:44.686272', '2026-02-02T03:56:44.686272');
INSERT INTO roles (id, name, created_at, updated_at) VALUES ('494daa6e-f9ff-461a-89ff-9e7e579c4756', 'ADMIN', '2026-02-02T03:56:44.686590', '2026-02-02T03:56:44.686590');
INSERT INTO roles (id, name, created_at, updated_at) VALUES ('1e3d41b5-03f6-409d-a48c-e9da17a66f2e', 'USER', '2026-02-02T03:56:44.686621', '2026-02-02T03:56:44.686621');
INSERT INTO roles (id, name, created_at, updated_at) VALUES ('773295ff-79e0-4a34-b614-8a72af0be5d1', 'DEV', '2026-02-02T03:56:44.686653', '2026-02-02T03:56:44.686653');
INSERT INTO user_roles (user_id, role_id) VALUES ('08b7b054-843e-4df2-8cad-63e412f9ce62', '494daa6e-f9ff-461a-89ff-9e7e579c4756');
INSERT INTO user_roles (user_id, role_id) VALUES ('c8a19689-2aaf-4ba2-8c22-a72c7f4f6e49', '1e3d41b5-03f6-409d-a48c-e9da17a66f2e');
INSERT INTO user_roles (user_id, role_id) VALUES ('8840b6f8-2038-4aef-b5d1-806514f605ab', '773295ff-79e0-4a34-b614-8a72af0be5d1');
INSERT INTO user_roles (user_id, role_id) VALUES ('8840b6f8-2038-4aef-b5d1-806514f605ab', '494daa6e-f9ff-461a-89ff-9e7e579c4756');
INSERT INTO user_roles (user_id, role_id) VALUES ('8840b6f8-2038-4aef-b5d1-806514f605ab', '1e3d41b5-03f6-409d-a48c-e9da17a66f2e');
INSERT INTO venues (id, name, street, street_number, phone, image_url, city_id, created_at, updated_at) VALUES ('2f38f26b-6892-4e1e-ba0b-466734bdc91f', 'Cineplexx Sarajevo', '137 Cinema Boulevard', '101', '+38733947208', 'https://raport.ba/uploads//gen/2021/06/_800xAUTO_crop_center-center_none/cineplexx-scaled.jpg', 'c15a86b1-9871-4194-8e52-a089bdf27307', '2026-02-02T03:56:44.690044', '2026-02-02T03:56:44.690044');
INSERT INTO venues (id, name, street, street_number, phone, image_url, city_id, created_at, updated_at) VALUES ('801cc93f-5980-4b02-800d-c3edeaa97f62', 'Meeting Point Cinema', '545 Cinema Boulevard', '21', '+38733263209', 'https://media.sarajevski.ba/2013/11/meeting_point_kino_1.jpg', 'c15a86b1-9871-4194-8e52-a089bdf27307', '2026-02-02T03:56:44.690117', '2026-02-02T03:56:44.690117');
INSERT INTO venues (id, name, street, street_number, phone, image_url, city_id, created_at, updated_at) VALUES ('eeabdab3-13d6-4ebe-9b4f-9cfd7c27fdaa', 'Bosmal City Center', '770 Cinema Boulevard', '121', '+38733642651', 'https://upload.wikimedia.org/wikipedia/en/e/ea/Bosmal_City_Center_Sarajevo.jpg', 'c15a86b1-9871-4194-8e52-a089bdf27307', '2026-02-02T03:56:44.690168', '2026-02-02T03:56:44.690168');
INSERT INTO venues (id, name, street, street_number, phone, image_url, city_id, created_at, updated_at) VALUES ('29f3eaf5-40d9-4b02-b7e4-2f21ec850b16', 'Cinestar Sarajevo', '320 Cinema Boulevard', '95', '+38733669520', 'https://media.jutarnji.hr/images/slike/2020/11/03/f_9240693_1280.jpg', 'c15a86b1-9871-4194-8e52-a089bdf27307', '2026-02-02T03:56:44.690218', '2026-02-02T03:56:44.690218');
INSERT INTO venues (id, name, street, street_number, phone, image_url, city_id, created_at, updated_at) VALUES ('71d85387-3325-4101-ad51-ca8faded3620', 'Kinoteka', '518 Cinema Boulevard', '112', '+38733831551', 'https://sarajevo.travel/assets/photos/places/big/154-kinoteka-03-1397237673.jpg', 'c15a86b1-9871-4194-8e52-a089bdf27307', '2026-02-02T03:56:44.690272', '2026-02-02T03:56:44.690272');
INSERT INTO venues (id, name, street, street_number, phone, image_url, city_id, created_at, updated_at) VALUES ('92c70d73-c1c7-49e6-b579-795a50dc8ca0', 'Cineplexx Banja Luka', '427 Cinema Boulevard', '147', '+38733734625', 'https://banjaluka.net/wp-content/uploads/2018/09/palas.jpg', '3afc1811-5f37-4dfe-a91f-9f2890722d78', '2026-02-02T03:56:44.690322', '2026-02-02T03:56:44.690322');
INSERT INTO venues (id, name, street, street_number, phone, image_url, city_id, created_at, updated_at) VALUES ('34d0d12a-e0e1-4bb2-a409-5e361017356d', 'Cinestar Banja Luka', '13 Cinema Boulevard', '27', '+38733470580', 'https://banjalukacity.info/storage/entity-photos/0SAnzUAyHV7L2WCVhWsm6l2pE2F4494SiS2X8CaO.webp', '3afc1811-5f37-4dfe-a91f-9f2890722d78', '2026-02-02T03:56:44.690386', '2026-02-02T03:56:44.690386');
INSERT INTO venues (id, name, street, street_number, phone, image_url, city_id, created_at, updated_at) VALUES ('4b82dbd2-0aae-4ca7-badc-68ba04ab6dc6', 'Cineplexx Mostar', '933 Cinema Boulevard', '34', '+38733220218', 'https://static.klix.ba/media/images/vijesti/b_200902027.jpg?v=2', '945b9664-9531-4852-a43d-5defddd7bc96', '2026-02-02T03:56:44.690438', '2026-02-02T03:56:44.690438');
INSERT INTO venues (id, name, street, street_number, phone, image_url, city_id, created_at, updated_at) VALUES ('3e36ea88-6bf3-4d30-bfa8-915e54eecf9c', 'Cinestar Mostar', '71 Cinema Boulevard', '73', '+38733885960', 'https://cinestarcinemas.hr/remote/185.155.226.145/Ostalo%2Fmostargalerija/resize2%20(3).jfif?width=750', '945b9664-9531-4852-a43d-5defddd7bc96', '2026-02-02T03:56:44.690488', '2026-02-02T03:56:44.690488');
INSERT INTO venues (id, name, street, street_number, phone, image_url, city_id, created_at, updated_at) VALUES ('b070eb3f-5635-408c-a814-a696cc22c240', 'Cinestar Tuzla', '681 Cinema Boulevard', '132', '+38733985013', 'https://www.vox-communications.com/wp-content/uploads/2022/07/resize2-1-2.jpg', '963a302a-106a-46d0-8599-c7a364e98b1a', '2026-02-02T03:56:44.690571', '2026-02-02T03:56:44.690571');
INSERT INTO venues (id, name, street, street_number, phone, image_url, city_id, created_at, updated_at) VALUES ('c9f92a27-cc8e-44c5-aa32-ac8d66cd1369', 'Cinestar Zenica', '966 Cinema Boulevard', '199', '+38733133052', 'https://www.hercegovina.info/img/repository/2018/01/image_640x396/1_61840717.jpg', '4f431b1f-9ac5-4e7e-bde6-18d66f1b637c', '2026-02-02T03:56:44.690648', '2026-02-02T03:56:44.690648');
INSERT INTO cinema_halls (id, name, venue_id, created_at, updated_at) VALUES ('0330ebe1-b742-4d72-8cd5-e6cbc1b178df', 'Hall 1', '2f38f26b-6892-4e1e-ba0b-466734bdc91f', '2026-02-02T03:56:44.690890', '2026-02-02T03:56:44.690890');
INSERT INTO cinema_halls (id, name, venue_id, created_at, updated_at) VALUES ('83abf7cb-f1e0-4557-89cd-354bb575262b', 'Hall 1', '801cc93f-5980-4b02-800d-c3edeaa97f62', '2026-02-02T03:56:44.690939', '2026-02-02T03:56:44.690939');
INSERT INTO cinema_halls (id, name, venue_id, created_at, updated_at) VALUES ('7bdfa823-58a4-4bc5-8b5f-d3df3b599359', 'Hall 1', 'eeabdab3-13d6-4ebe-9b4f-9cfd7c27fdaa', '2026-02-02T03:56:44.691017', '2026-02-02T03:56:44.691017');
INSERT INTO cinema_halls (id, name, venue_id, created_at, updated_at) VALUES ('d1c9716d-3ece-4d7a-b937-f3a554bc32e4', 'Hall 1', '29f3eaf5-40d9-4b02-b7e4-2f21ec850b16', '2026-02-02T03:56:44.691055', '2026-02-02T03:56:44.691055');
INSERT INTO cinema_halls (id, name, venue_id, created_at, updated_at) VALUES ('09725c82-8bbe-48ce-bc29-31b7513f46f6', 'Hall 1', '71d85387-3325-4101-ad51-ca8faded3620', '2026-02-02T03:56:44.691096', '2026-02-02T03:56:44.691096');
INSERT INTO cinema_halls (id, name, venue_id, created_at, updated_at) VALUES ('ff03477d-db27-4d57-bd3b-e06ed1bcdb87', 'Hall 1', '92c70d73-c1c7-49e6-b579-795a50dc8ca0', '2026-02-02T03:56:44.691128', '2026-02-02T03:56:44.691128');
INSERT INTO cinema_halls (id, name, venue_id, created_at, updated_at) VALUES ('f308a6cd-7db0-4e8f-9086-3b368ff8b91a', 'Hall 1', '34d0d12a-e0e1-4bb2-a409-5e361017356d', '2026-02-02T03:56:44.691162', '2026-02-02T03:56:44.691162');
INSERT INTO cinema_halls (id, name, venue_id, created_at, updated_at) VALUES ('9f106868-b214-4da4-958c-98f47eac54e2', 'Hall 1', '4b82dbd2-0aae-4ca7-badc-68ba04ab6dc6', '2026-02-02T03:56:44.691193', '2026-02-02T03:56:44.691193');
INSERT INTO cinema_halls (id, name, venue_id, created_at, updated_at) VALUES ('e7f9e0aa-25c6-4656-a785-24a7c64ae6f7', 'Hall 1', '3e36ea88-6bf3-4d30-bfa8-915e54eecf9c', '2026-02-02T03:56:44.691224', '2026-02-02T03:56:44.691224');
INSERT INTO cinema_halls (id, name, venue_id, created_at, updated_at) VALUES ('dc9298a8-a343-4ff6-a811-bccf5aa5db8f', 'Hall 1', 'b070eb3f-5635-408c-a814-a696cc22c240', '2026-02-02T03:56:44.691251', '2026-02-02T03:56:44.691251');
INSERT INTO cinema_halls (id, name, venue_id, created_at, updated_at) VALUES ('17edc49a-9fa2-4dde-86b1-711e17e03602', 'Hall 1', 'c9f92a27-cc8e-44c5-aa32-ac8d66cd1369', '2026-02-02T03:56:44.691280', '2026-02-02T03:56:44.691280');
INSERT INTO hall_seats (id, cinema_hall_id, seat_type_id, seat_code, created_at, updated_at) VALUES ('007f7df8-274b-4222-b522-22f78d84dcc3', '0330ebe1-b742-4d72-8cd5-e6cbc1b178df', '47693541-f1ec-4016-943a-edeabbf6f7ad', 'A1', '2026-02-02T03:56:44.691746', '2026-02-02T03:56:44.691746');
INSERT INTO hall_seats (id, cinema_hall_id, seat_type_id, seat_code, created_at, updated_at) VALUES ('c60637ee-0c90-4b98-a87f-d5110b6427a3', '0330ebe1-b742-4d72-8cd5-e6cbc1b178df', '47693541-f1ec-4016-943a-edeabbf6f7ad', 'A2', '2026-02-02T03:56:44.691746', '2026-02-02T03:56:44.691746');
INSERT INTO hall_seats (id, cinema_hall_id, seat_type_id, seat_code, created_at, updated_at) VALUES ('9ca3cbfc-286c-4a21-8f55-5bfdf93a09c8', '0330ebe1-b742-4d72-8cd5-e6cbc1b178df', '47693541-f1ec-4016-943a-edeabbf6f7ad', 'A3', '2026-02-02T03:56:44.691746', '2026-02-02T03:56:44.691746');
INSERT INTO hall_seats (id, cinema_hall_id, seat_type_id, seat_code, created_at, updated_at) VALUES ('5b156c64-fa60-4a8f-8d9f-53df7c54f1b3', '0330ebe1-b742-4d72-8cd5-e6cbc1b178df', '47693541-f1ec-4016-943a-edeabbf6f7ad', 'A4', '2026-02-02T03:56:44.691746', '2026-02-02T03:56:44.691746');
INSERT INTO hall_seats (id, cinema_hall_id, seat_type_id, seat_code, created_at, updated_at) VALUES ('90439f66-f445-4444-8123-cc237d9eb02f', '0330ebe1-b742-4d72-8cd5-e6cbc1b178df', '47693541-f1ec-4016-943a-edeabbf6f7ad', 'A5', '2026-02-02T03:56:44.691746', '2026-02-02T03:56:44.691746');
INSERT INTO hall_seats (id, cinema_hall_id, seat_type_id, seat_code, created_at, updated_at) VALUES ('ff7a669d-747c-4ba0-abed-4a0948610287', '0330ebe1-b742-4d72-8cd5-e6cbc1b178df', '47693541-f1ec-4016-943a-edeabbf6f7ad', 'A6', '2026-02-02T03:56:44.691746', '2026-02-02T03:56:44.691746');
INSERT INTO hall_seats (id, cinema_hall_id, seat_type_id, seat_code, created_at, updated_at) VALUES ('e01e3150-3621-4aba-8b3a-aab58a349bc0', '0330ebe1-b742-4d72-8cd5-e6cbc1b178df', '47693541-f1ec-4016-943a-edeabbf6f7ad', 'A7', '2026-02-02T03:56:44.691746', '2026-02-02T03:56:44.691746');
INSERT INTO hall_seats (id, cinema_hall_id, seat_type_id, seat_code, created_at, updated_at) VALUES ('75ca93ed-5733-4507-ab8f-d81d7c06d7a7', '0330ebe1-b742-4d72-8cd5-e6cbc1b178df', '47693541-f1ec-4016-943a-edeabbf6f7ad', 'A8', '2026-02-02T03:56:44.691746', '2026-02-02T03:56:44.691746');
INSERT INTO hall_seats (id, cinema_hall_id, seat_type_id, seat_code, created_at, updated_at) VALUES ('3a3dae0a-2939-4d70-9dd3-f0391b759495', '0330ebe1-b742-4d72-8cd5-e6cbc1b178df', '47693541-f1ec-4016-943a-edeabbf6f7ad', 'B1', '2026-02-02T03:56:44.691993', '2026-02-02T03:56:44.691993');
INSERT INTO hall_seats (id, cinema_hall_id, seat_type_id, seat_code, created_at, updated_at) VALUES ('eb5fcc1c-4169-4c98-ac53-f20917531012', '0330ebe1-b742-4d72-8cd5-e6cbc1b178df', '47693541-f1ec-4016-943a-edeabbf6f7ad', 'B2', '2026-02-02T03:56:44.691993', '2026-02-02T03:56:44.691993');
INSERT INTO hall_seats (id, cinema_hall_id, seat_type_id, seat_code, created_at, updated_at) VALUES ('a0731d13-23d2-4285-a9e3-ebee887e0a6f', '0330ebe1-b742-4d72-8cd5-e6cbc1b178df', '47693541-f1ec-4016-943a-edeabbf6f7ad', 'B3', '2026-02-02T03:56:44.691993', '2026-02-02T03:56:44.691993');
INSERT INTO hall_seats (id, cinema_hall_id, seat_type_id, seat_code, created_at, updated_at) VALUES ('476ffdd6-aeec-4c3e-8676-25c825f7d50a', '0330ebe1-b742-4d72-8cd5-e6cbc1b178df', '47693541-f1ec-4016-943a-edeabbf6f7ad', 'B4', '2026-02-02T03:56:44.691993', '2026-02-02T03:56:44.691993');
INSERT INTO hall_seats (id, cinema_hall_id, seat_type_id, seat_code, created_at, updated_at) VALUES ('14234381-ba91-47f3-a0a3-d5e46d81fe17', '0330ebe1-b742-4d72-8cd5-e6cbc1b178df', '47693541-f1ec-4016-943a-edeabbf6f7ad', 'B5', '2026-02-02T03:56:44.691993', '2026-02-02T03:56:44.691993');
INSERT INTO hall_seats (id, cinema_hall_id, seat_type_id, seat_code, created_at, updated_at) VALUES ('e1d24922-3dbd-419f-bb64-c34e2cbadb94', '0330ebe1-b742-4d72-8cd5-e6cbc1b178df', '47693541-f1ec-4016-943a-edeabbf6f7ad', 'B6', '2026-02-02T03:56:44.691993', '2026-02-02T03:56:44.691993');
INSERT INTO hall_seats (id, cinema_hall_id, seat_type_id, seat_code, created_at, updated_at) VALUES ('42a6e0a3-e8e1-40dd-b8ab-c789ebd1c3f6', '0330ebe1-b742-4d72-8cd5-e6cbc1b178df', '47693541-f1ec-4016-943a-edeabbf6f7ad', 'B7', '2026-02-02T03:56:44.691993', '2026-02-02T03:56:44.691993');
INSERT INTO hall_seats (id, cinema_hall_id, seat_type_id, seat_code, created_at, updated_at) VALUES ('ecf73fd9-c68a-4b89-b3a0-2308047080a0', '0330ebe1-b742-4d72-8cd5-e6cbc1b178df', '47693541-f1ec-4016-943a-edeabbf6f7ad', 'B8', '2026-02-02T03:56:44.691993', '2026-02-02T03:56:44.691993');
INSERT INTO hall_seats (id, cinema_hall_id, seat_type_id, seat_code, created_at, updated_at) VALUES ('4daab46a-47eb-479f-9936-832fbd992b4f', '0330ebe1-b742-4d72-8cd5-e6cbc1b178df', '47693541-f1ec-4016-943a-edeabbf6f7ad', 'C1', '2026-02-02T03:56:44.692168', '2026-02-02T03:56:44.692168');
INSERT INTO hall_seats (id, cinema_hall_id, seat_type_id, seat_code, created_at, updated_at) VALUES ('0b7e0d78-edb4-4635-83f7-27fe801cf5cc', '0330ebe1-b742-4d72-8cd5-e6cbc1b178df', '47693541-f1ec-4016-943a-edeabbf6f7ad', 'C2', '2026-02-02T03:56:44.692168', '2026-02-02T03:56:44.692168');
INSERT INTO hall_seats (id, cinema_hall_id, seat_type_id, seat_code, created_at, updated_at) VALUES ('3de6c344-7a83-450f-9a94-0636efb6879b', '0330ebe1-b742-4d72-8cd5-e6cbc1b178df', '47693541-f1ec-4016-943a-edeabbf6f7ad', 'C3', '2026-02-02T03:56:44.692168', '2026-02-02T03:56:44.692168');
INSERT INTO hall_seats (id, cinema_hall_id, seat_type_id, seat_code, created_at, updated_at) VALUES ('0f630eee-eed5-4363-8dea-42b967d5e9ac', '0330ebe1-b742-4d72-8cd5-e6cbc1b178df', '47693541-f1ec-4016-943a-edeabbf6f7ad', 'C4', '2026-02-02T03:56:44.692168', '2026-02-02T03:56:44.692168');
INSERT INTO hall_seats (id, cinema_hall_id, seat_type_id, seat_code, created_at, updated_at) VALUES ('868db10d-558f-471e-a39a-4eb7b1fdbb6c', '0330ebe1-b742-4d72-8cd5-e6cbc1b178df', '47693541-f1ec-4016-943a-edeabbf6f7ad', 'C5', '2026-02-02T03:56:44.692168', '2026-02-02T03:56:44.692168');
INSERT INTO hall_seats (id, cinema_hall_id, seat_type_id, seat_code, created_at, updated_at) VALUES ('7ad2645c-d03d-489d-ab8a-01fa2f10a536', '0330ebe1-b742-4d72-8cd5-e6cbc1b178df', '47693541-f1ec-4016-943a-edeabbf6f7ad', 'C6', '2026-02-02T03:56:44.692168', '2026-02-02T03:56:44.692168');
INSERT INTO hall_seats (id, cinema_hall_id, seat_type_id, seat_code, created_at, updated_at) VALUES ('fb3a860e-e347-452e-9cf7-8e8df8f3190a', '0330ebe1-b742-4d72-8cd5-e6cbc1b178df', '47693541-f1ec-4016-943a-edeabbf6f7ad', 'C7', '2026-02-02T03:56:44.692168', '2026-02-02T03:56:44.692168');
INSERT INTO hall_seats (id, cinema_hall_id, seat_type_id, seat_code, created_at, updated_at) VALUES ('e2e9dd97-86f6-4819-9e8f-95036609f209', '0330ebe1-b742-4d72-8cd5-e6cbc1b178df', '47693541-f1ec-4016-943a-edeabbf6f7ad', 'C8', '2026-02-02T03:56:44.692168', '2026-02-02T03:56:44.692168');
INSERT INTO hall_seats (id, cinema_hall_id, seat_type_id, seat_code, created_at, updated_at) VALUES ('9127f641-fe4c-4412-94a6-17ba0cecf1c2', '0330ebe1-b742-4d72-8cd5-e6cbc1b178df', '47693541-f1ec-4016-943a-edeabbf6f7ad', 'D1', '2026-02-02T03:56:44.692392', '2026-02-02T03:56:44.692392');
INSERT INTO hall_seats (id, cinema_hall_id, seat_type_id, seat_code, created_at, updated_at) VALUES ('8d26ae9a-d3c8-492c-964c-d7962d6b378c', '0330ebe1-b742-4d72-8cd5-e6cbc1b178df', '47693541-f1ec-4016-943a-edeabbf6f7ad', 'D2', '2026-02-02T03:56:44.692392', '2026-02-02T03:56:44.692392');
INSERT INTO hall_seats (id, cinema_hall_id, seat_type_id, seat_code, created_at, updated_at) VALUES ('67785566-dad3-489c-839e-ddcaaebd99c8', '0330ebe1-b742-4d72-8cd5-e6cbc1b178df', '47693541-f1ec-4016-943a-edeabbf6f7ad', 'D3', '2026-02-02T03:56:44.692392', '2026-02-02T03:56:44.692392');
INSERT INTO hall_seats (id, cinema_hall_id, seat_type_id, seat_code, created_at, updated_at) VALUES ('538976e4-80e6-47e1-827f-25dd38f74419', '0330ebe1-b742-4d72-8cd5-e6cbc1b178df', '47693541-f1ec-4016-943a-edeabbf6f7ad', 'D4', '2026-02-02T03:56:44.692392', '2026-02-02T03:56:44.692392');
INSERT INTO hall_seats (id, cinema_hall_id, seat_type_id, seat_code, created_at, updated_at) VALUES ('50af74d7-3c0e-44e1-9a78-99f3792d750d', '0330ebe1-b742-4d72-8cd5-e6cbc1b178df', '47693541-f1ec-4016-943a-edeabbf6f7ad', 'D5', '2026-02-02T03:56:44.692392', '2026-02-02T03:56:44.692392');
INSERT INTO hall_seats (id, cinema_hall_id, seat_type_id, seat_code, created_at, updated_at) VALUES ('7de2487f-551b-4fc1-a0f9-b367dc405532', '0330ebe1-b742-4d72-8cd5-e6cbc1b178df', '47693541-f1ec-4016-943a-edeabbf6f7ad', 'D6', '2026-02-02T03:56:44.692392', '2026-02-02T03:56:44.692392');
INSERT INTO hall_seats (id, cinema_hall_id, seat_type_id, seat_code, created_at, updated_at) VALUES ('bd29e6c4-4544-4cd6-bc8a-c91600424353', '0330ebe1-b742-4d72-8cd5-e6cbc1b178df', '47693541-f1ec-4016-943a-edeabbf6f7ad', 'D7', '2026-02-02T03:56:44.692392', '2026-02-02T03:56:44.692392');
INSERT INTO hall_seats (id, cinema_hall_id, seat_type_id, seat_code, created_at, updated_at) VALUES ('cd33bf27-98dd-4a04-8b81-a4707cc8543b', '0330ebe1-b742-4d72-8cd5-e6cbc1b178df', '47693541-f1ec-4016-943a-edeabbf6f7ad', 'D8', '2026-02-02T03:56:44.692392', '2026-02-02T03:56:44.692392');
INSERT INTO hall_seats (id, cinema_hall_id, seat_type_id, seat_code, created_at, updated_at) VALUES ('2d555d51-fda7-4744-9fe7-2dc45e3ac0c2', '0330ebe1-b742-4d72-8cd5-e6cbc1b178df', '47693541-f1ec-4016-943a-edeabbf6f7ad', 'E1', '2026-02-02T03:56:44.692548', '2026-02-02T03:56:44.692548');
INSERT INTO hall_seats (id, cinema_hall_id, seat_type_id, seat_code, created_at, updated_at) VALUES ('37499eea-0b1d-4159-895a-06fab46b22c9', '0330ebe1-b742-4d72-8cd5-e6cbc1b178df', '47693541-f1ec-4016-943a-edeabbf6f7ad', 'E2', '2026-02-02T03:56:44.692548', '2026-02-02T03:56:44.692548');
INSERT INTO hall_seats (id, cinema_hall_id, seat_type_id, seat_code, created_at, updated_at) VALUES ('1c8c157c-e001-4504-9c87-1819241b5ed9', '0330ebe1-b742-4d72-8cd5-e6cbc1b178df', '47693541-f1ec-4016-943a-edeabbf6f7ad', 'E3', '2026-02-02T03:56:44.692548', '2026-02-02T03:56:44.692548');
INSERT INTO hall_seats (id, cinema_hall_id, seat_type_id, seat_code, created_at, updated_at) VALUES ('5f58766d-6522-48a7-9b47-3ab09b5c3875', '0330ebe1-b742-4d72-8cd5-e6cbc1b178df', '47693541-f1ec-4016-943a-edeabbf6f7ad', 'E4', '2026-02-02T03:56:44.692548', '2026-02-02T03:56:44.692548');
INSERT INTO hall_seats (id, cinema_hall_id, seat_type_id, seat_code, created_at, updated_at) VALUES ('e5eeb1d5-6029-4a5b-89c8-47805b697e18', '0330ebe1-b742-4d72-8cd5-e6cbc1b178df', '47693541-f1ec-4016-943a-edeabbf6f7ad', 'E5', '2026-02-02T03:56:44.692548', '2026-02-02T03:56:44.692548');
INSERT INTO hall_seats (id, cinema_hall_id, seat_type_id, seat_code, created_at, updated_at) VALUES ('09731140-52cc-452f-ae47-c37981407187', '0330ebe1-b742-4d72-8cd5-e6cbc1b178df', '47693541-f1ec-4016-943a-edeabbf6f7ad', 'E6', '2026-02-02T03:56:44.692548', '2026-02-02T03:56:44.692548');
INSERT INTO hall_seats (id, cinema_hall_id, seat_type_id, seat_code, created_at, updated_at) VALUES ('b7e36048-e2fe-414a-9fd0-60d36d494fb4', '0330ebe1-b742-4d72-8cd5-e6cbc1b178df', '47693541-f1ec-4016-943a-edeabbf6f7ad', 'E7', '2026-02-02T03:56:44.692548', '2026-02-02T03:56:44.692548');
INSERT INTO hall_seats (id, cinema_hall_id, seat_type_id, seat_code, created_at, updated_at) VALUES ('57c58803-3a09-42d8-9f2c-800fa4612342', '0330ebe1-b742-4d72-8cd5-e6cbc1b178df', '47693541-f1ec-4016-943a-edeabbf6f7ad', 'E8', '2026-02-02T03:56:44.692548', '2026-02-02T03:56:44.692548');
INSERT INTO hall_seats (id, cinema_hall_id, seat_type_id, seat_code, created_at, updated_at) VALUES ('cc7c9f8c-ff4a-4d81-9c11-a1fd2a859629', '0330ebe1-b742-4d72-8cd5-e6cbc1b178df', '47693541-f1ec-4016-943a-edeabbf6f7ad', 'F1', '2026-02-02T03:56:44.692641', '2026-02-02T03:56:44.692641');
INSERT INTO hall_seats (id, cinema_hall_id, seat_type_id, seat_code, created_at, updated_at) VALUES ('6d077427-3ffc-4a5c-9717-a83da72270a1', '0330ebe1-b742-4d72-8cd5-e6cbc1b178df', '47693541-f1ec-4016-943a-edeabbf6f7ad', 'F2', '2026-02-02T03:56:44.692641', '2026-02-02T03:56:44.692641');
INSERT INTO hall_seats (id, cinema_hall_id, seat_type_id, seat_code, created_at, updated_at) VALUES ('f31f4063-5c1c-4a46-a69a-243bbbcae2c1', '0330ebe1-b742-4d72-8cd5-e6cbc1b178df', '47693541-f1ec-4016-943a-edeabbf6f7ad', 'F3', '2026-02-02T03:56:44.692641', '2026-02-02T03:56:44.692641');
INSERT INTO hall_seats (id, cinema_hall_id, seat_type_id, seat_code, created_at, updated_at) VALUES ('757d607f-aa32-40f5-95f2-cec4f8555a9e', '0330ebe1-b742-4d72-8cd5-e6cbc1b178df', '47693541-f1ec-4016-943a-edeabbf6f7ad', 'F4', '2026-02-02T03:56:44.692641', '2026-02-02T03:56:44.692641');
INSERT INTO hall_seats (id, cinema_hall_id, seat_type_id, seat_code, created_at, updated_at) VALUES ('4db52ac1-8eb1-4e21-b3ec-c9d637530f58', '0330ebe1-b742-4d72-8cd5-e6cbc1b178df', '47693541-f1ec-4016-943a-edeabbf6f7ad', 'F5', '2026-02-02T03:56:44.692641', '2026-02-02T03:56:44.692641');
INSERT INTO hall_seats (id, cinema_hall_id, seat_type_id, seat_code, created_at, updated_at) VALUES ('0f299473-0211-4b4c-a9d2-8b8ad9566867', '0330ebe1-b742-4d72-8cd5-e6cbc1b178df', '47693541-f1ec-4016-943a-edeabbf6f7ad', 'F6', '2026-02-02T03:56:44.692641', '2026-02-02T03:56:44.692641');
INSERT INTO hall_seats (id, cinema_hall_id, seat_type_id, seat_code, created_at, updated_at) VALUES ('f8b0e038-16f8-430b-a555-6d8f7cfc235a', '0330ebe1-b742-4d72-8cd5-e6cbc1b178df', '47693541-f1ec-4016-943a-edeabbf6f7ad', 'F7', '2026-02-02T03:56:44.692641', '2026-02-02T03:56:44.692641');
INSERT INTO hall_seats (id, cinema_hall_id, seat_type_id, seat_code, created_at, updated_at) VALUES ('f6e44de4-1b00-4d4d-99b9-280d476a3324', '0330ebe1-b742-4d72-8cd5-e6cbc1b178df', '47693541-f1ec-4016-943a-edeabbf6f7ad', 'F8', '2026-02-02T03:56:44.692641', '2026-02-02T03:56:44.692641');
INSERT INTO hall_seats (id, cinema_hall_id, seat_type_id, seat_code, created_at, updated_at) VALUES ('9b0b261d-1b26-4757-ad93-73585853a63a', '0330ebe1-b742-4d72-8cd5-e6cbc1b178df', '5fe2ca09-db8a-40c2-8cf9-3ee6938ba4f5', 'G1', '2026-02-02T03:56:44.692786', '2026-02-02T03:56:44.692786');
INSERT INTO hall_seats (id, cinema_hall_id, seat_type_id, seat_code, created_at, updated_at) VALUES ('73a16c9a-f397-42a0-85f4-ef3f2defda48', '0330ebe1-b742-4d72-8cd5-e6cbc1b178df', '5fe2ca09-db8a-40c2-8cf9-3ee6938ba4f5', 'G2', '2026-02-02T03:56:44.692786', '2026-02-02T03:56:44.692786');
INSERT INTO hall_seats (id, cinema_hall_id, seat_type_id, seat_code, created_at, updated_at) VALUES ('a05c0035-4869-44da-b919-6468a7ebea61', '0330ebe1-b742-4d72-8cd5-e6cbc1b178df', '5fe2ca09-db8a-40c2-8cf9-3ee6938ba4f5', 'G3', '2026-02-02T03:56:44.692786', '2026-02-02T03:56:44.692786');
INSERT INTO hall_seats (id, cinema_hall_id, seat_type_id, seat_code, created_at, updated_at) VALUES ('9b546d84-1c6a-45cd-ab5d-9ceec408b794', '0330ebe1-b742-4d72-8cd5-e6cbc1b178df', '5fe2ca09-db8a-40c2-8cf9-3ee6938ba4f5', 'G4', '2026-02-02T03:56:44.692786', '2026-02-02T03:56:44.692786');
INSERT INTO hall_seats (id, cinema_hall_id, seat_type_id, seat_code, created_at, updated_at) VALUES ('b1bc85c0-db28-469d-9541-02224d15548e', '0330ebe1-b742-4d72-8cd5-e6cbc1b178df', '5fe2ca09-db8a-40c2-8cf9-3ee6938ba4f5', 'G5', '2026-02-02T03:56:44.692786', '2026-02-02T03:56:44.692786');
INSERT INTO hall_seats (id, cinema_hall_id, seat_type_id, seat_code, created_at, updated_at) VALUES ('719e4131-8232-487d-8a64-3967c66f2e17', '0330ebe1-b742-4d72-8cd5-e6cbc1b178df', '5fe2ca09-db8a-40c2-8cf9-3ee6938ba4f5', 'G6', '2026-02-02T03:56:44.692786', '2026-02-02T03:56:44.692786');
INSERT INTO hall_seats (id, cinema_hall_id, seat_type_id, seat_code, created_at, updated_at) VALUES ('df512ce9-30f6-4069-b550-5951213cbf63', '0330ebe1-b742-4d72-8cd5-e6cbc1b178df', '5fe2ca09-db8a-40c2-8cf9-3ee6938ba4f5', 'G7', '2026-02-02T03:56:44.692786', '2026-02-02T03:56:44.692786');
INSERT INTO hall_seats (id, cinema_hall_id, seat_type_id, seat_code, created_at, updated_at) VALUES ('7052f43b-dcef-4ab6-b96f-d1d1ce1d2045', '0330ebe1-b742-4d72-8cd5-e6cbc1b178df', '5fe2ca09-db8a-40c2-8cf9-3ee6938ba4f5', 'G8', '2026-02-02T03:56:44.692786', '2026-02-02T03:56:44.692786');
INSERT INTO hall_seats (id, cinema_hall_id, seat_type_id, seat_code, created_at, updated_at) VALUES ('57cde33e-8984-46e7-a6eb-9a5a95033606', '0330ebe1-b742-4d72-8cd5-e6cbc1b178df', '5fe2ca09-db8a-40c2-8cf9-3ee6938ba4f5', 'H1', '2026-02-02T03:56:44.692873', '2026-02-02T03:56:44.692873');
INSERT INTO hall_seats (id, cinema_hall_id, seat_type_id, seat_code, created_at, updated_at) VALUES ('e5ad956d-57a7-46fd-991a-8916cd7a14cb', '0330ebe1-b742-4d72-8cd5-e6cbc1b178df', '5fe2ca09-db8a-40c2-8cf9-3ee6938ba4f5', 'H2', '2026-02-02T03:56:44.692873', '2026-02-02T03:56:44.692873');
INSERT INTO hall_seats (id, cinema_hall_id, seat_type_id, seat_code, created_at, updated_at) VALUES ('f78f8e2f-0120-423f-8e76-1079d2133a5b', '0330ebe1-b742-4d72-8cd5-e6cbc1b178df', '5fe2ca09-db8a-40c2-8cf9-3ee6938ba4f5', 'H3', '2026-02-02T03:56:44.692873', '2026-02-02T03:56:44.692873');
INSERT INTO hall_seats (id, cinema_hall_id, seat_type_id, seat_code, created_at, updated_at) VALUES ('006230ea-7dde-4ce1-9080-4aa61f88956d', '0330ebe1-b742-4d72-8cd5-e6cbc1b178df', '5fe2ca09-db8a-40c2-8cf9-3ee6938ba4f5', 'H4', '2026-02-02T03:56:44.692873', '2026-02-02T03:56:44.692873');
INSERT INTO hall_seats (id, cinema_hall_id, seat_type_id, seat_code, created_at, updated_at) VALUES ('43650982-05fa-4aef-9029-9da346727257', '0330ebe1-b742-4d72-8cd5-e6cbc1b178df', '5fe2ca09-db8a-40c2-8cf9-3ee6938ba4f5', 'H5', '2026-02-02T03:56:44.692873', '2026-02-02T03:56:44.692873');
INSERT INTO hall_seats (id, cinema_hall_id, seat_type_id, seat_code, created_at, updated_at) VALUES ('3a651d3d-47a1-4528-b206-4ea5d437dd42', '0330ebe1-b742-4d72-8cd5-e6cbc1b178df', '5fe2ca09-db8a-40c2-8cf9-3ee6938ba4f5', 'H6', '2026-02-02T03:56:44.692873', '2026-02-02T03:56:44.692873');
INSERT INTO hall_seats (id, cinema_hall_id, seat_type_id, seat_code, created_at, updated_at) VALUES ('43b38acc-7f84-4d0a-b890-d08f25a37648', '0330ebe1-b742-4d72-8cd5-e6cbc1b178df', '5fe2ca09-db8a-40c2-8cf9-3ee6938ba4f5', 'H7', '2026-02-02T03:56:44.692873', '2026-02-02T03:56:44.692873');
INSERT INTO hall_seats (id, cinema_hall_id, seat_type_id, seat_code, created_at, updated_at) VALUES ('dfd02151-861f-4716-a27d-f9d2ff86462c', '0330ebe1-b742-4d72-8cd5-e6cbc1b178df', '5fe2ca09-db8a-40c2-8cf9-3ee6938ba4f5', 'H8', '2026-02-02T03:56:44.692873', '2026-02-02T03:56:44.692873');
INSERT INTO hall_seats (id, cinema_hall_id, seat_type_id, seat_code, created_at, updated_at) VALUES ('5a8443bf-c6c5-4076-8e96-76b5f728303c', '0330ebe1-b742-4d72-8cd5-e6cbc1b178df', '11dbb2bb-b9a5-4148-bcf2-76d1567dae5d', 'I1', '2026-02-02T03:56:44.692954', '2026-02-02T03:56:44.692954');
INSERT INTO hall_seats (id, cinema_hall_id, seat_type_id, seat_code, created_at, updated_at) VALUES ('f4e750f8-7030-4176-8cc4-129925b4bfc0', '0330ebe1-b742-4d72-8cd5-e6cbc1b178df', '11dbb2bb-b9a5-4148-bcf2-76d1567dae5d', 'I2', '2026-02-02T03:56:44.692954', '2026-02-02T03:56:44.692954');
INSERT INTO hall_seats (id, cinema_hall_id, seat_type_id, seat_code, created_at, updated_at) VALUES ('cc81010a-d53b-4293-b617-a0e7be1e9501', '0330ebe1-b742-4d72-8cd5-e6cbc1b178df', '11dbb2bb-b9a5-4148-bcf2-76d1567dae5d', 'I3', '2026-02-02T03:56:44.692954', '2026-02-02T03:56:44.692954');
INSERT INTO hall_seats (id, cinema_hall_id, seat_type_id, seat_code, created_at, updated_at) VALUES ('3cd68491-4d0b-4efa-b0b8-518cd689a70c', '0330ebe1-b742-4d72-8cd5-e6cbc1b178df', '11dbb2bb-b9a5-4148-bcf2-76d1567dae5d', 'I4', '2026-02-02T03:56:44.692954', '2026-02-02T03:56:44.692954');
INSERT INTO hall_seats (id, cinema_hall_id, seat_type_id, seat_code, created_at, updated_at) VALUES ('874530c7-9d9d-4d79-a04f-3ab685ed6bf4', '83abf7cb-f1e0-4557-89cd-354bb575262b', '47693541-f1ec-4016-943a-edeabbf6f7ad', 'A1', '2026-02-02T03:56:44.693004', '2026-02-02T03:56:44.693004');
INSERT INTO hall_seats (id, cinema_hall_id, seat_type_id, seat_code, created_at, updated_at) VALUES ('91ce75e6-500e-4f4a-8a90-579ba9a12fc7', '83abf7cb-f1e0-4557-89cd-354bb575262b', '47693541-f1ec-4016-943a-edeabbf6f7ad', 'A2', '2026-02-02T03:56:44.693004', '2026-02-02T03:56:44.693004');
INSERT INTO hall_seats (id, cinema_hall_id, seat_type_id, seat_code, created_at, updated_at) VALUES ('32572b78-36e4-49f8-a932-3da98f388edd', '83abf7cb-f1e0-4557-89cd-354bb575262b', '47693541-f1ec-4016-943a-edeabbf6f7ad', 'A3', '2026-02-02T03:56:44.693004', '2026-02-02T03:56:44.693004');
INSERT INTO hall_seats (id, cinema_hall_id, seat_type_id, seat_code, created_at, updated_at) VALUES ('b20e4c3e-b637-44ca-87ed-5050da7bd87f', '83abf7cb-f1e0-4557-89cd-354bb575262b', '47693541-f1ec-4016-943a-edeabbf6f7ad', 'A4', '2026-02-02T03:56:44.693004', '2026-02-02T03:56:44.693004');
INSERT INTO hall_seats (id, cinema_hall_id, seat_type_id, seat_code, created_at, updated_at) VALUES ('0c1e2a72-891e-4102-888d-9d46f4aff868', '83abf7cb-f1e0-4557-89cd-354bb575262b', '47693541-f1ec-4016-943a-edeabbf6f7ad', 'A5', '2026-02-02T03:56:44.693004', '2026-02-02T03:56:44.693004');
INSERT INTO hall_seats (id, cinema_hall_id, seat_type_id, seat_code, created_at, updated_at) VALUES ('1194b329-9251-4a4c-b5dd-879a3289bf67', '83abf7cb-f1e0-4557-89cd-354bb575262b', '47693541-f1ec-4016-943a-edeabbf6f7ad', 'A6', '2026-02-02T03:56:44.693004', '2026-02-02T03:56:44.693004');
INSERT INTO hall_seats (id, cinema_hall_id, seat_type_id, seat_code, created_at, updated_at) VALUES ('fc27d5ac-36de-4ff0-bae9-1a88a2348079', '83abf7cb-f1e0-4557-89cd-354bb575262b', '47693541-f1ec-4016-943a-edeabbf6f7ad', 'A7', '2026-02-02T03:56:44.693004', '2026-02-02T03:56:44.693004');
INSERT INTO hall_seats (id, cinema_hall_id, seat_type_id, seat_code, created_at, updated_at) VALUES ('070ed6e3-07e7-4352-a941-90d6bd52c867', '83abf7cb-f1e0-4557-89cd-354bb575262b', '47693541-f1ec-4016-943a-edeabbf6f7ad', 'A8', '2026-02-02T03:56:44.693004', '2026-02-02T03:56:44.693004');
INSERT INTO hall_seats (id, cinema_hall_id, seat_type_id, seat_code, created_at, updated_at) VALUES ('276278b2-c2a0-4573-955f-ce1335dd0917', '83abf7cb-f1e0-4557-89cd-354bb575262b', '47693541-f1ec-4016-943a-edeabbf6f7ad', 'B1', '2026-02-02T03:56:44.693084', '2026-02-02T03:56:44.693084');
INSERT INTO hall_seats (id, cinema_hall_id, seat_type_id, seat_code, created_at, updated_at) VALUES ('ffabd692-89a4-46ce-b4f3-1aa9313d07e3', '83abf7cb-f1e0-4557-89cd-354bb575262b', '47693541-f1ec-4016-943a-edeabbf6f7ad', 'B2', '2026-02-02T03:56:44.693084', '2026-02-02T03:56:44.693084');
INSERT INTO hall_seats (id, cinema_hall_id, seat_type_id, seat_code, created_at, updated_at) VALUES ('c3be68c5-7216-4710-b70f-ddd175ff85ef', '83abf7cb-f1e0-4557-89cd-354bb575262b', '47693541-f1ec-4016-943a-edeabbf6f7ad', 'B3', '2026-02-02T03:56:44.693084', '2026-02-02T03:56:44.693084');
INSERT INTO hall_seats (id, cinema_hall_id, seat_type_id, seat_code, created_at, updated_at) VALUES ('be25e453-cc75-4bcf-b463-d13df6d05ea9', '83abf7cb-f1e0-4557-89cd-354bb575262b', '47693541-f1ec-4016-943a-edeabbf6f7ad', 'B4', '2026-02-02T03:56:44.693084', '2026-02-02T03:56:44.693084');
INSERT INTO hall_seats (id, cinema_hall_id, seat_type_id, seat_code, created_at, updated_at) VALUES ('8370bd31-75cf-4545-96f3-106f23702e39', '83abf7cb-f1e0-4557-89cd-354bb575262b', '47693541-f1ec-4016-943a-edeabbf6f7ad', 'B5', '2026-02-02T03:56:44.693084', '2026-02-02T03:56:44.693084');
INSERT INTO hall_seats (id, cinema_hall_id, seat_type_id, seat_code, created_at, updated_at) VALUES ('51836965-de19-47d2-b159-3534c53af0a8', '83abf7cb-f1e0-4557-89cd-354bb575262b', '47693541-f1ec-4016-943a-edeabbf6f7ad', 'B6', '2026-02-02T03:56:44.693084', '2026-02-02T03:56:44.693084');
INSERT INTO hall_seats (id, cinema_hall_id, seat_type_id, seat_code, created_at, updated_at) VALUES ('119940f9-7a73-4824-be76-741ec86d83c7', '83abf7cb-f1e0-4557-89cd-354bb575262b', '47693541-f1ec-4016-943a-edeabbf6f7ad', 'B7', '2026-02-02T03:56:44.693084', '2026-02-02T03:56:44.693084');
INSERT INTO hall_seats (id, cinema_hall_id, seat_type_id, seat_code, created_at, updated_at) VALUES ('7afd2b26-ab82-4732-8a6c-9f660a2c26ef', '83abf7cb-f1e0-4557-89cd-354bb575262b', '47693541-f1ec-4016-943a-edeabbf6f7ad', 'B8', '2026-02-02T03:56:44.693084', '2026-02-02T03:56:44.693084');
INSERT INTO hall_seats (id, cinema_hall_id, seat_type_id, seat_code, created_at, updated_at) VALUES ('9f68d2af-06b9-48c7-aff1-56ab4fcc87d5', '83abf7cb-f1e0-4557-89cd-354bb575262b', '47693541-f1ec-4016-943a-edeabbf6f7ad', 'C1', '2026-02-02T03:56:44.693168', '2026-02-02T03:56:44.693168');
INSERT INTO hall_seats (id, cinema_hall_id, seat_type_id, seat_code, created_at, updated_at) VALUES ('eaa94526-4a13-462c-9a06-c8620e80caf5', '83abf7cb-f1e0-4557-89cd-354bb575262b', '47693541-f1ec-4016-943a-edeabbf6f7ad', 'C2', '2026-02-02T03:56:44.693168', '2026-02-02T03:56:44.693168');
INSERT INTO hall_seats (id, cinema_hall_id, seat_type_id, seat_code, created_at, updated_at) VALUES ('59608af2-4204-40ec-915f-b56a28175679', '83abf7cb-f1e0-4557-89cd-354bb575262b', '47693541-f1ec-4016-943a-edeabbf6f7ad', 'C3', '2026-02-02T03:56:44.693168', '2026-02-02T03:56:44.693168');
INSERT INTO hall_seats (id, cinema_hall_id, seat_type_id, seat_code, created_at, updated_at) VALUES ('6ad7e59d-d444-420f-ae57-d4a0c299e9fb', '83abf7cb-f1e0-4557-89cd-354bb575262b', '47693541-f1ec-4016-943a-edeabbf6f7ad', 'C4', '2026-02-02T03:56:44.693168', '2026-02-02T03:56:44.693168');
INSERT INTO hall_seats (id, cinema_hall_id, seat_type_id, seat_code, created_at, updated_at) VALUES ('22239415-be6c-48bb-9501-a4d689acea79', '83abf7cb-f1e0-4557-89cd-354bb575262b', '47693541-f1ec-4016-943a-edeabbf6f7ad', 'C5', '2026-02-02T03:56:44.693168', '2026-02-02T03:56:44.693168');
INSERT INTO hall_seats (id, cinema_hall_id, seat_type_id, seat_code, created_at, updated_at) VALUES ('baf7e3b2-6cb6-43a1-853d-7600804dd72e', '83abf7cb-f1e0-4557-89cd-354bb575262b', '47693541-f1ec-4016-943a-edeabbf6f7ad', 'C6', '2026-02-02T03:56:44.693168', '2026-02-02T03:56:44.693168');
INSERT INTO hall_seats (id, cinema_hall_id, seat_type_id, seat_code, created_at, updated_at) VALUES ('c89fcf25-9114-4c6f-8c7a-e6fde7da42fe', '83abf7cb-f1e0-4557-89cd-354bb575262b', '47693541-f1ec-4016-943a-edeabbf6f7ad', 'C7', '2026-02-02T03:56:44.693168', '2026-02-02T03:56:44.693168');
INSERT INTO hall_seats (id, cinema_hall_id, seat_type_id, seat_code, created_at, updated_at) VALUES ('f51b5dcf-ae66-4368-92d7-20c6920a4cc3', '83abf7cb-f1e0-4557-89cd-354bb575262b', '47693541-f1ec-4016-943a-edeabbf6f7ad', 'C8', '2026-02-02T03:56:44.693168', '2026-02-02T03:56:44.693168');
INSERT INTO hall_seats (id, cinema_hall_id, seat_type_id, seat_code, created_at, updated_at) VALUES ('43ecac3c-b231-488c-926f-d3c6b1b1e636', '83abf7cb-f1e0-4557-89cd-354bb575262b', '47693541-f1ec-4016-943a-edeabbf6f7ad', 'D1', '2026-02-02T03:56:44.693260', '2026-02-02T03:56:44.693260');
INSERT INTO hall_seats (id, cinema_hall_id, seat_type_id, seat_code, created_at, updated_at) VALUES ('e131e48d-2de7-46b2-8bdc-2e75fdf64604', '83abf7cb-f1e0-4557-89cd-354bb575262b', '47693541-f1ec-4016-943a-edeabbf6f7ad', 'D2', '2026-02-02T03:56:44.693260', '2026-02-02T03:56:44.693260');
INSERT INTO hall_seats (id, cinema_hall_id, seat_type_id, seat_code, created_at, updated_at) VALUES ('9905af9f-a104-4e05-98ef-26418bbf4950', '83abf7cb-f1e0-4557-89cd-354bb575262b', '47693541-f1ec-4016-943a-edeabbf6f7ad', 'D3', '2026-02-02T03:56:44.693260', '2026-02-02T03:56:44.693260');
INSERT INTO hall_seats (id, cinema_hall_id, seat_type_id, seat_code, created_at, updated_at) VALUES ('d4f1486f-c0f2-4e0f-a99c-795e515e52f5', '83abf7cb-f1e0-4557-89cd-354bb575262b', '47693541-f1ec-4016-943a-edeabbf6f7ad', 'D4', '2026-02-02T03:56:44.693260', '2026-02-02T03:56:44.693260');
INSERT INTO hall_seats (id, cinema_hall_id, seat_type_id, seat_code, created_at, updated_at) VALUES ('5c4864ab-9450-4a35-b6b9-a742dd2a5c69', '83abf7cb-f1e0-4557-89cd-354bb575262b', '47693541-f1ec-4016-943a-edeabbf6f7ad', 'D5', '2026-02-02T03:56:44.693260', '2026-02-02T03:56:44.693260');
INSERT INTO hall_seats (id, cinema_hall_id, seat_type_id, seat_code, created_at, updated_at) VALUES ('18e11a33-5dca-47c6-bf99-e68f11b4ba69', '83abf7cb-f1e0-4557-89cd-354bb575262b', '47693541-f1ec-4016-943a-edeabbf6f7ad', 'D6', '2026-02-02T03:56:44.693260', '2026-02-02T03:56:44.693260');
INSERT INTO hall_seats (id, cinema_hall_id, seat_type_id, seat_code, created_at, updated_at) VALUES ('dd6bd573-9540-489b-b1d4-ab3877a8753b', '83abf7cb-f1e0-4557-89cd-354bb575262b', '47693541-f1ec-4016-943a-edeabbf6f7ad', 'D7', '2026-02-02T03:56:44.693260', '2026-02-02T03:56:44.693260');
INSERT INTO hall_seats (id, cinema_hall_id, seat_type_id, seat_code, created_at, updated_at) VALUES ('02b11abc-ab1f-40b9-b245-25f800d84b1f', '83abf7cb-f1e0-4557-89cd-354bb575262b', '47693541-f1ec-4016-943a-edeabbf6f7ad', 'D8', '2026-02-02T03:56:44.693260', '2026-02-02T03:56:44.693260');
INSERT INTO hall_seats (id, cinema_hall_id, seat_type_id, seat_code, created_at, updated_at) VALUES ('7e6227ff-b091-491e-8b27-96cd8efdbc7a', '83abf7cb-f1e0-4557-89cd-354bb575262b', '47693541-f1ec-4016-943a-edeabbf6f7ad', 'E1', '2026-02-02T03:56:44.693358', '2026-02-02T03:56:44.693358');
INSERT INTO hall_seats (id, cinema_hall_id, seat_type_id, seat_code, created_at, updated_at) VALUES ('2fd5de72-dfb5-4e3a-bf25-1f357817dda6', '83abf7cb-f1e0-4557-89cd-354bb575262b', '47693541-f1ec-4016-943a-edeabbf6f7ad', 'E2', '2026-02-02T03:56:44.693358', '2026-02-02T03:56:44.693358');
INSERT INTO hall_seats (id, cinema_hall_id, seat_type_id, seat_code, created_at, updated_at) VALUES ('bfcda7a1-9bb4-490f-b7ab-841588015318', '83abf7cb-f1e0-4557-89cd-354bb575262b', '47693541-f1ec-4016-943a-edeabbf6f7ad', 'E3', '2026-02-02T03:56:44.693358', '2026-02-02T03:56:44.693358');
INSERT INTO hall_seats (id, cinema_hall_id, seat_type_id, seat_code, created_at, updated_at) VALUES ('befa0105-c57d-4f2a-ad6b-e9f64cddb6a1', '83abf7cb-f1e0-4557-89cd-354bb575262b', '47693541-f1ec-4016-943a-edeabbf6f7ad', 'E4', '2026-02-02T03:56:44.693358', '2026-02-02T03:56:44.693358');
INSERT INTO hall_seats (id, cinema_hall_id, seat_type_id, seat_code, created_at, updated_at) VALUES ('06bb182d-3a6b-453d-af75-4306c6b2f932', '83abf7cb-f1e0-4557-89cd-354bb575262b', '47693541-f1ec-4016-943a-edeabbf6f7ad', 'E5', '2026-02-02T03:56:44.693358', '2026-02-02T03:56:44.693358');
INSERT INTO hall_seats (id, cinema_hall_id, seat_type_id, seat_code, created_at, updated_at) VALUES ('3b33e9cc-dd5a-49d8-a492-0b134c1313fb', '83abf7cb-f1e0-4557-89cd-354bb575262b', '47693541-f1ec-4016-943a-edeabbf6f7ad', 'E6', '2026-02-02T03:56:44.693358', '2026-02-02T03:56:44.693358');
INSERT INTO hall_seats (id, cinema_hall_id, seat_type_id, seat_code, created_at, updated_at) VALUES ('890211d4-74b0-4a50-92ea-f9d407032de8', '83abf7cb-f1e0-4557-89cd-354bb575262b', '47693541-f1ec-4016-943a-edeabbf6f7ad', 'E7', '2026-02-02T03:56:44.693358', '2026-02-02T03:56:44.693358');
INSERT INTO hall_seats (id, cinema_hall_id, seat_type_id, seat_code, created_at, updated_at) VALUES ('c861959e-5349-45cb-8d16-1690bcfd7778', '83abf7cb-f1e0-4557-89cd-354bb575262b', '47693541-f1ec-4016-943a-edeabbf6f7ad', 'E8', '2026-02-02T03:56:44.693358', '2026-02-02T03:56:44.693358');
INSERT INTO hall_seats (id, cinema_hall_id, seat_type_id, seat_code, created_at, updated_at) VALUES ('a300eb50-24ed-4c97-bc62-b98086301857', '83abf7cb-f1e0-4557-89cd-354bb575262b', '47693541-f1ec-4016-943a-edeabbf6f7ad', 'F1', '2026-02-02T03:56:44.693450', '2026-02-02T03:56:44.693450');
INSERT INTO hall_seats (id, cinema_hall_id, seat_type_id, seat_code, created_at, updated_at) VALUES ('9fbb6e75-f664-4825-b5e2-3707cd1afae2', '83abf7cb-f1e0-4557-89cd-354bb575262b', '47693541-f1ec-4016-943a-edeabbf6f7ad', 'F2', '2026-02-02T03:56:44.693450', '2026-02-02T03:56:44.693450');
INSERT INTO hall_seats (id, cinema_hall_id, seat_type_id, seat_code, created_at, updated_at) VALUES ('0e22d2bf-1171-4613-8c00-e04ce4c9bcec', '83abf7cb-f1e0-4557-89cd-354bb575262b', '47693541-f1ec-4016-943a-edeabbf6f7ad', 'F3', '2026-02-02T03:56:44.693450', '2026-02-02T03:56:44.693450');
INSERT INTO hall_seats (id, cinema_hall_id, seat_type_id, seat_code, created_at, updated_at) VALUES ('9fa00332-9564-4b96-b61c-675cca8143ea', '83abf7cb-f1e0-4557-89cd-354bb575262b', '47693541-f1ec-4016-943a-edeabbf6f7ad', 'F4', '2026-02-02T03:56:44.693450', '2026-02-02T03:56:44.693450');
INSERT INTO hall_seats (id, cinema_hall_id, seat_type_id, seat_code, created_at, updated_at) VALUES ('e5027916-b387-4a7a-9677-83cb61122002', '83abf7cb-f1e0-4557-89cd-354bb575262b', '47693541-f1ec-4016-943a-edeabbf6f7ad', 'F5', '2026-02-02T03:56:44.693450', '2026-02-02T03:56:44.693450');
INSERT INTO hall_seats (id, cinema_hall_id, seat_type_id, seat_code, created_at, updated_at) VALUES ('4ecf5e8e-bbc7-4a29-8c0c-fab0ab1a0610', '83abf7cb-f1e0-4557-89cd-354bb575262b', '47693541-f1ec-4016-943a-edeabbf6f7ad', 'F6', '2026-02-02T03:56:44.693450', '2026-02-02T03:56:44.693450');
INSERT INTO hall_seats (id, cinema_hall_id, seat_type_id, seat_code, created_at, updated_at) VALUES ('f5904715-9f7b-4feb-b680-c365a339c3d1', '83abf7cb-f1e0-4557-89cd-354bb575262b', '47693541-f1ec-4016-943a-edeabbf6f7ad', 'F7', '2026-02-02T03:56:44.693450', '2026-02-02T03:56:44.693450');
INSERT INTO hall_seats (id, cinema_hall_id, seat_type_id, seat_code, created_at, updated_at) VALUES ('ec5c24b0-4fbc-404e-9817-b8a9c2f716c0', '83abf7cb-f1e0-4557-89cd-354bb575262b', '47693541-f1ec-4016-943a-edeabbf6f7ad', 'F8', '2026-02-02T03:56:44.693450', '2026-02-02T03:56:44.693450');
INSERT INTO hall_seats (id, cinema_hall_id, seat_type_id, seat_code, created_at, updated_at) VALUES ('80245e9b-35c7-4150-b662-eea7e621ed52', '83abf7cb-f1e0-4557-89cd-354bb575262b', '5fe2ca09-db8a-40c2-8cf9-3ee6938ba4f5', 'G1', '2026-02-02T03:56:44.693531', '2026-02-02T03:56:44.693531');
INSERT INTO hall_seats (id, cinema_hall_id, seat_type_id, seat_code, created_at, updated_at) VALUES ('b3f3e788-3fc7-4cdc-be2b-1c75ecd3fb9a', '83abf7cb-f1e0-4557-89cd-354bb575262b', '5fe2ca09-db8a-40c2-8cf9-3ee6938ba4f5', 'G2', '2026-02-02T03:56:44.693531', '2026-02-02T03:56:44.693531');
INSERT INTO hall_seats (id, cinema_hall_id, seat_type_id, seat_code, created_at, updated_at) VALUES ('7b37de1d-2e66-486e-b0ac-af3763fa550a', '83abf7cb-f1e0-4557-89cd-354bb575262b', '5fe2ca09-db8a-40c2-8cf9-3ee6938ba4f5', 'G3', '2026-02-02T03:56:44.693531', '2026-02-02T03:56:44.693531');
INSERT INTO hall_seats (id, cinema_hall_id, seat_type_id, seat_code, created_at, updated_at) VALUES ('be82f7d6-7d4e-43da-9f5a-5e1dfa692b71', '83abf7cb-f1e0-4557-89cd-354bb575262b', '5fe2ca09-db8a-40c2-8cf9-3ee6938ba4f5', 'G4', '2026-02-02T03:56:44.693531', '2026-02-02T03:56:44.693531');
INSERT INTO hall_seats (id, cinema_hall_id, seat_type_id, seat_code, created_at, updated_at) VALUES ('d2dbe655-0915-4703-a81e-0a136c2a82d7', '83abf7cb-f1e0-4557-89cd-354bb575262b', '5fe2ca09-db8a-40c2-8cf9-3ee6938ba4f5', 'G5', '2026-02-02T03:56:44.693531', '2026-02-02T03:56:44.693531');
INSERT INTO hall_seats (id, cinema_hall_id, seat_type_id, seat_code, created_at, updated_at) VALUES ('c0cec51f-c992-43fd-82ab-da8a9a78be37', '83abf7cb-f1e0-4557-89cd-354bb575262b', '5fe2ca09-db8a-40c2-8cf9-3ee6938ba4f5', 'G6', '2026-02-02T03:56:44.693531', '2026-02-02T03:56:44.693531');
INSERT INTO hall_seats (id, cinema_hall_id, seat_type_id, seat_code, created_at, updated_at) VALUES ('8ebffb8c-b44a-4f1a-82fa-5f1cb62609b6', '83abf7cb-f1e0-4557-89cd-354bb575262b', '5fe2ca09-db8a-40c2-8cf9-3ee6938ba4f5', 'G7', '2026-02-02T03:56:44.693531', '2026-02-02T03:56:44.693531');
INSERT INTO hall_seats (id, cinema_hall_id, seat_type_id, seat_code, created_at, updated_at) VALUES ('8ea2ec3d-dbaf-430e-992a-c2f962cfb240', '83abf7cb-f1e0-4557-89cd-354bb575262b', '5fe2ca09-db8a-40c2-8cf9-3ee6938ba4f5', 'G8', '2026-02-02T03:56:44.693531', '2026-02-02T03:56:44.693531');
INSERT INTO hall_seats (id, cinema_hall_id, seat_type_id, seat_code, created_at, updated_at) VALUES ('111c5f5e-f037-44af-a402-67af39ac5b88', '83abf7cb-f1e0-4557-89cd-354bb575262b', '5fe2ca09-db8a-40c2-8cf9-3ee6938ba4f5', 'H1', '2026-02-02T03:56:44.693609', '2026-02-02T03:56:44.693609');
INSERT INTO hall_seats (id, cinema_hall_id, seat_type_id, seat_code, created_at, updated_at) VALUES ('57218c39-3cbc-4fda-b6de-9eed7838e366', '83abf7cb-f1e0-4557-89cd-354bb575262b', '5fe2ca09-db8a-40c2-8cf9-3ee6938ba4f5', 'H2', '2026-02-02T03:56:44.693609', '2026-02-02T03:56:44.693609');
INSERT INTO hall_seats (id, cinema_hall_id, seat_type_id, seat_code, created_at, updated_at) VALUES ('a97f5490-ed82-45e6-9ce1-73e8c430cbf2', '83abf7cb-f1e0-4557-89cd-354bb575262b', '5fe2ca09-db8a-40c2-8cf9-3ee6938ba4f5', 'H3', '2026-02-02T03:56:44.693609', '2026-02-02T03:56:44.693609');
INSERT INTO hall_seats (id, cinema_hall_id, seat_type_id, seat_code, created_at, updated_at) VALUES ('bbd925ae-8b0d-4a03-b9a9-539da43c1348', '83abf7cb-f1e0-4557-89cd-354bb575262b', '5fe2ca09-db8a-40c2-8cf9-3ee6938ba4f5', 'H4', '2026-02-02T03:56:44.693609', '2026-02-02T03:56:44.693609');
INSERT INTO hall_seats (id, cinema_hall_id, seat_type_id, seat_code, created_at, updated_at) VALUES ('27b707be-7175-4874-b65e-d7ffb24517f6', '83abf7cb-f1e0-4557-89cd-354bb575262b', '5fe2ca09-db8a-40c2-8cf9-3ee6938ba4f5', 'H5', '2026-02-02T03:56:44.693609', '2026-02-02T03:56:44.693609');
INSERT INTO hall_seats (id, cinema_hall_id, seat_type_id, seat_code, created_at, updated_at) VALUES ('09ba3ad9-9e36-4375-9036-4d958ce15409', '83abf7cb-f1e0-4557-89cd-354bb575262b', '5fe2ca09-db8a-40c2-8cf9-3ee6938ba4f5', 'H6', '2026-02-02T03:56:44.693609', '2026-02-02T03:56:44.693609');
INSERT INTO hall_seats (id, cinema_hall_id, seat_type_id, seat_code, created_at, updated_at) VALUES ('7a8dd3f0-4978-4fdc-aca7-2b910220d7e1', '83abf7cb-f1e0-4557-89cd-354bb575262b', '5fe2ca09-db8a-40c2-8cf9-3ee6938ba4f5', 'H7', '2026-02-02T03:56:44.693609', '2026-02-02T03:56:44.693609');
INSERT INTO hall_seats (id, cinema_hall_id, seat_type_id, seat_code, created_at, updated_at) VALUES ('4e36c05f-5ffb-4080-91b2-04025733ccb2', '83abf7cb-f1e0-4557-89cd-354bb575262b', '5fe2ca09-db8a-40c2-8cf9-3ee6938ba4f5', 'H8', '2026-02-02T03:56:44.693609', '2026-02-02T03:56:44.693609');
INSERT INTO hall_seats (id, cinema_hall_id, seat_type_id, seat_code, created_at, updated_at) VALUES ('3a437da9-0fbf-49fe-b8e8-e71687e04b0a', '83abf7cb-f1e0-4557-89cd-354bb575262b', '11dbb2bb-b9a5-4148-bcf2-76d1567dae5d', 'I1', '2026-02-02T03:56:44.693690', '2026-02-02T03:56:44.693690');
INSERT INTO hall_seats (id, cinema_hall_id, seat_type_id, seat_code, created_at, updated_at) VALUES ('3837d346-7187-4572-a166-c6e453cc29d0', '83abf7cb-f1e0-4557-89cd-354bb575262b', '11dbb2bb-b9a5-4148-bcf2-76d1567dae5d', 'I2', '2026-02-02T03:56:44.693690', '2026-02-02T03:56:44.693690');
INSERT INTO hall_seats (id, cinema_hall_id, seat_type_id, seat_code, created_at, updated_at) VALUES ('51b04ae0-c38d-424f-8309-743212bece38', '83abf7cb-f1e0-4557-89cd-354bb575262b', '11dbb2bb-b9a5-4148-bcf2-76d1567dae5d', 'I3', '2026-02-02T03:56:44.693690', '2026-02-02T03:56:44.693690');
INSERT INTO hall_seats (id, cinema_hall_id, seat_type_id, seat_code, created_at, updated_at) VALUES ('f10498ec-7409-4268-9624-9a3cecb7be35', '83abf7cb-f1e0-4557-89cd-354bb575262b', '11dbb2bb-b9a5-4148-bcf2-76d1567dae5d', 'I4', '2026-02-02T03:56:44.693690', '2026-02-02T03:56:44.693690');
INSERT INTO hall_seats (id, cinema_hall_id, seat_type_id, seat_code, created_at, updated_at) VALUES ('c12ed5c3-9095-47a2-8144-c9523174323a', '7bdfa823-58a4-4bc5-8b5f-d3df3b599359', '47693541-f1ec-4016-943a-edeabbf6f7ad', 'A1', '2026-02-02T03:56:44.693733', '2026-02-02T03:56:44.693733');
INSERT INTO hall_seats (id, cinema_hall_id, seat_type_id, seat_code, created_at, updated_at) VALUES ('2e86235c-e6a7-4e99-86c0-8d1b3347ee48', '7bdfa823-58a4-4bc5-8b5f-d3df3b599359', '47693541-f1ec-4016-943a-edeabbf6f7ad', 'A2', '2026-02-02T03:56:44.693733', '2026-02-02T03:56:44.693733');
INSERT INTO hall_seats (id, cinema_hall_id, seat_type_id, seat_code, created_at, updated_at) VALUES ('6f691bdf-bb0c-484f-a17e-9cbadaf84e93', '7bdfa823-58a4-4bc5-8b5f-d3df3b599359', '47693541-f1ec-4016-943a-edeabbf6f7ad', 'A3', '2026-02-02T03:56:44.693733', '2026-02-02T03:56:44.693733');
INSERT INTO hall_seats (id, cinema_hall_id, seat_type_id, seat_code, created_at, updated_at) VALUES ('75b37eeb-f79b-44a2-adc7-95a484f77b08', '7bdfa823-58a4-4bc5-8b5f-d3df3b599359', '47693541-f1ec-4016-943a-edeabbf6f7ad', 'A4', '2026-02-02T03:56:44.693733', '2026-02-02T03:56:44.693733');
INSERT INTO hall_seats (id, cinema_hall_id, seat_type_id, seat_code, created_at, updated_at) VALUES ('e50f95ed-39c2-45ec-bfea-a9bff4b2ebdb', '7bdfa823-58a4-4bc5-8b5f-d3df3b599359', '47693541-f1ec-4016-943a-edeabbf6f7ad', 'A5', '2026-02-02T03:56:44.693733', '2026-02-02T03:56:44.693733');
INSERT INTO hall_seats (id, cinema_hall_id, seat_type_id, seat_code, created_at, updated_at) VALUES ('aaef79f3-bc8d-4aaf-84f5-1d167281da77', '7bdfa823-58a4-4bc5-8b5f-d3df3b599359', '47693541-f1ec-4016-943a-edeabbf6f7ad', 'A6', '2026-02-02T03:56:44.693733', '2026-02-02T03:56:44.693733');
INSERT INTO hall_seats (id, cinema_hall_id, seat_type_id, seat_code, created_at, updated_at) VALUES ('b415e9bd-d80f-49d4-aa4a-0538d4713669', '7bdfa823-58a4-4bc5-8b5f-d3df3b599359', '47693541-f1ec-4016-943a-edeabbf6f7ad', 'A7', '2026-02-02T03:56:44.693733', '2026-02-02T03:56:44.693733');
INSERT INTO hall_seats (id, cinema_hall_id, seat_type_id, seat_code, created_at, updated_at) VALUES ('9dac9ef1-1d29-47e3-8c37-82b7c11bad34', '7bdfa823-58a4-4bc5-8b5f-d3df3b599359', '47693541-f1ec-4016-943a-edeabbf6f7ad', 'A8', '2026-02-02T03:56:44.693733', '2026-02-02T03:56:44.693733');
INSERT INTO hall_seats (id, cinema_hall_id, seat_type_id, seat_code, created_at, updated_at) VALUES ('30cf79b5-f19d-4c73-9aeb-9dda4f8fd7cf', '7bdfa823-58a4-4bc5-8b5f-d3df3b599359', '47693541-f1ec-4016-943a-edeabbf6f7ad', 'B1', '2026-02-02T03:56:44.693817', '2026-02-02T03:56:44.693817');
INSERT INTO hall_seats (id, cinema_hall_id, seat_type_id, seat_code, created_at, updated_at) VALUES ('0a18c766-1203-4f46-a4a0-fb81547a9df8', '7bdfa823-58a4-4bc5-8b5f-d3df3b599359', '47693541-f1ec-4016-943a-edeabbf6f7ad', 'B2', '2026-02-02T03:56:44.693817', '2026-02-02T03:56:44.693817');
INSERT INTO hall_seats (id, cinema_hall_id, seat_type_id, seat_code, created_at, updated_at) VALUES ('6599797b-2098-4cf8-bc38-daa9dbf49bd1', '7bdfa823-58a4-4bc5-8b5f-d3df3b599359', '47693541-f1ec-4016-943a-edeabbf6f7ad', 'B3', '2026-02-02T03:56:44.693817', '2026-02-02T03:56:44.693817');
INSERT INTO hall_seats (id, cinema_hall_id, seat_type_id, seat_code, created_at, updated_at) VALUES ('78dcb88d-8ab8-47e8-b446-3d036e5628c1', '7bdfa823-58a4-4bc5-8b5f-d3df3b599359', '47693541-f1ec-4016-943a-edeabbf6f7ad', 'B4', '2026-02-02T03:56:44.693817', '2026-02-02T03:56:44.693817');
INSERT INTO hall_seats (id, cinema_hall_id, seat_type_id, seat_code, created_at, updated_at) VALUES ('71298714-dd88-4b77-9565-6b7662c49246', '7bdfa823-58a4-4bc5-8b5f-d3df3b599359', '47693541-f1ec-4016-943a-edeabbf6f7ad', 'B5', '2026-02-02T03:56:44.693817', '2026-02-02T03:56:44.693817');
INSERT INTO hall_seats (id, cinema_hall_id, seat_type_id, seat_code, created_at, updated_at) VALUES ('ef17424d-9ecd-4990-8237-f4f15cc280c3', '7bdfa823-58a4-4bc5-8b5f-d3df3b599359', '47693541-f1ec-4016-943a-edeabbf6f7ad', 'B6', '2026-02-02T03:56:44.693817', '2026-02-02T03:56:44.693817');
INSERT INTO hall_seats (id, cinema_hall_id, seat_type_id, seat_code, created_at, updated_at) VALUES ('0004e012-7982-4e7a-9fce-7538309442b3', '7bdfa823-58a4-4bc5-8b5f-d3df3b599359', '47693541-f1ec-4016-943a-edeabbf6f7ad', 'B7', '2026-02-02T03:56:44.693817', '2026-02-02T03:56:44.693817');
INSERT INTO hall_seats (id, cinema_hall_id, seat_type_id, seat_code, created_at, updated_at) VALUES ('99931a7c-e6c6-40ab-8b66-12b29a8c98de', '7bdfa823-58a4-4bc5-8b5f-d3df3b599359', '47693541-f1ec-4016-943a-edeabbf6f7ad', 'B8', '2026-02-02T03:56:44.693817', '2026-02-02T03:56:44.693817');
INSERT INTO hall_seats (id, cinema_hall_id, seat_type_id, seat_code, created_at, updated_at) VALUES ('045323f9-2859-4f47-b4d9-d287bea8a1b4', '7bdfa823-58a4-4bc5-8b5f-d3df3b599359', '47693541-f1ec-4016-943a-edeabbf6f7ad', 'C1', '2026-02-02T03:56:44.693899', '2026-02-02T03:56:44.693899');
INSERT INTO hall_seats (id, cinema_hall_id, seat_type_id, seat_code, created_at, updated_at) VALUES ('d897b3f8-e909-4253-91a8-8b174b4a0dcf', '7bdfa823-58a4-4bc5-8b5f-d3df3b599359', '47693541-f1ec-4016-943a-edeabbf6f7ad', 'C2', '2026-02-02T03:56:44.693899', '2026-02-02T03:56:44.693899');
INSERT INTO hall_seats (id, cinema_hall_id, seat_type_id, seat_code, created_at, updated_at) VALUES ('a6f258eb-43b7-4704-bb14-3605df457f61', '7bdfa823-58a4-4bc5-8b5f-d3df3b599359', '47693541-f1ec-4016-943a-edeabbf6f7ad', 'C3', '2026-02-02T03:56:44.693899', '2026-02-02T03:56:44.693899');
INSERT INTO hall_seats (id, cinema_hall_id, seat_type_id, seat_code, created_at, updated_at) VALUES ('9f0fb9ab-5fac-42c2-a378-a1d75aaa1859', '7bdfa823-58a4-4bc5-8b5f-d3df3b599359', '47693541-f1ec-4016-943a-edeabbf6f7ad', 'C4', '2026-02-02T03:56:44.693899', '2026-02-02T03:56:44.693899');
INSERT INTO hall_seats (id, cinema_hall_id, seat_type_id, seat_code, created_at, updated_at) VALUES ('f8c6fda4-0d0e-4dad-b54a-0e17500184bb', '7bdfa823-58a4-4bc5-8b5f-d3df3b599359', '47693541-f1ec-4016-943a-edeabbf6f7ad', 'C5', '2026-02-02T03:56:44.693899', '2026-02-02T03:56:44.693899');
INSERT INTO hall_seats (id, cinema_hall_id, seat_type_id, seat_code, created_at, updated_at) VALUES ('f3f3d2f6-a394-4303-84ca-a9d5228eddd5', '7bdfa823-58a4-4bc5-8b5f-d3df3b599359', '47693541-f1ec-4016-943a-edeabbf6f7ad', 'C6', '2026-02-02T03:56:44.693899', '2026-02-02T03:56:44.693899');
INSERT INTO hall_seats (id, cinema_hall_id, seat_type_id, seat_code, created_at, updated_at) VALUES ('2c7fc2f7-6d46-4367-a8e4-dbc917ab6848', '7bdfa823-58a4-4bc5-8b5f-d3df3b599359', '47693541-f1ec-4016-943a-edeabbf6f7ad', 'C7', '2026-02-02T03:56:44.693899', '2026-02-02T03:56:44.693899');
INSERT INTO hall_seats (id, cinema_hall_id, seat_type_id, seat_code, created_at, updated_at) VALUES ('3240b553-75c1-4883-965f-219c81c9495c', '7bdfa823-58a4-4bc5-8b5f-d3df3b599359', '47693541-f1ec-4016-943a-edeabbf6f7ad', 'C8', '2026-02-02T03:56:44.693899', '2026-02-02T03:56:44.693899');
INSERT INTO hall_seats (id, cinema_hall_id, seat_type_id, seat_code, created_at, updated_at) VALUES ('78fd271f-880b-43f0-a715-a293c00e84b4', '7bdfa823-58a4-4bc5-8b5f-d3df3b599359', '47693541-f1ec-4016-943a-edeabbf6f7ad', 'D1', '2026-02-02T03:56:44.693980', '2026-02-02T03:56:44.693980');
INSERT INTO hall_seats (id, cinema_hall_id, seat_type_id, seat_code, created_at, updated_at) VALUES ('5e111720-a8db-476a-87b0-69d66fb2f460', '7bdfa823-58a4-4bc5-8b5f-d3df3b599359', '47693541-f1ec-4016-943a-edeabbf6f7ad', 'D2', '2026-02-02T03:56:44.693980', '2026-02-02T03:56:44.693980');
INSERT INTO hall_seats (id, cinema_hall_id, seat_type_id, seat_code, created_at, updated_at) VALUES ('48fb722e-5eeb-42e6-a3a2-4a2dfb90e2df', '7bdfa823-58a4-4bc5-8b5f-d3df3b599359', '47693541-f1ec-4016-943a-edeabbf6f7ad', 'D3', '2026-02-02T03:56:44.693980', '2026-02-02T03:56:44.693980');
INSERT INTO hall_seats (id, cinema_hall_id, seat_type_id, seat_code, created_at, updated_at) VALUES ('1c68a68a-7ba5-4a31-b194-fe5f7c826b57', '7bdfa823-58a4-4bc5-8b5f-d3df3b599359', '47693541-f1ec-4016-943a-edeabbf6f7ad', 'D4', '2026-02-02T03:56:44.693980', '2026-02-02T03:56:44.693980');
INSERT INTO hall_seats (id, cinema_hall_id, seat_type_id, seat_code, created_at, updated_at) VALUES ('5d8c3d7a-49dc-4462-97c7-0aa3998e6780', '7bdfa823-58a4-4bc5-8b5f-d3df3b599359', '47693541-f1ec-4016-943a-edeabbf6f7ad', 'D5', '2026-02-02T03:56:44.693980', '2026-02-02T03:56:44.693980');
INSERT INTO hall_seats (id, cinema_hall_id, seat_type_id, seat_code, created_at, updated_at) VALUES ('dded68f2-be25-4df7-97e1-63b6a0c962bf', '7bdfa823-58a4-4bc5-8b5f-d3df3b599359', '47693541-f1ec-4016-943a-edeabbf6f7ad', 'D6', '2026-02-02T03:56:44.693980', '2026-02-02T03:56:44.693980');
INSERT INTO hall_seats (id, cinema_hall_id, seat_type_id, seat_code, created_at, updated_at) VALUES ('3cd14956-83fa-4d56-b673-8167e0716109', '7bdfa823-58a4-4bc5-8b5f-d3df3b599359', '47693541-f1ec-4016-943a-edeabbf6f7ad', 'D7', '2026-02-02T03:56:44.693980', '2026-02-02T03:56:44.693980');
INSERT INTO hall_seats (id, cinema_hall_id, seat_type_id, seat_code, created_at, updated_at) VALUES ('7e0c7fc3-f384-4136-bb12-4734f1d95a17', '7bdfa823-58a4-4bc5-8b5f-d3df3b599359', '47693541-f1ec-4016-943a-edeabbf6f7ad', 'D8', '2026-02-02T03:56:44.693980', '2026-02-02T03:56:44.693980');
INSERT INTO hall_seats (id, cinema_hall_id, seat_type_id, seat_code, created_at, updated_at) VALUES ('a9736e13-f9eb-4250-bcf4-366f9b273942', '7bdfa823-58a4-4bc5-8b5f-d3df3b599359', '47693541-f1ec-4016-943a-edeabbf6f7ad', 'E1', '2026-02-02T03:56:44.694058', '2026-02-02T03:56:44.694058');
INSERT INTO hall_seats (id, cinema_hall_id, seat_type_id, seat_code, created_at, updated_at) VALUES ('d984f283-792a-4e45-b7b3-3806f069fc09', '7bdfa823-58a4-4bc5-8b5f-d3df3b599359', '47693541-f1ec-4016-943a-edeabbf6f7ad', 'E2', '2026-02-02T03:56:44.694058', '2026-02-02T03:56:44.694058');
INSERT INTO hall_seats (id, cinema_hall_id, seat_type_id, seat_code, created_at, updated_at) VALUES ('61522e4c-024f-4426-92e1-deb917c859ca', '7bdfa823-58a4-4bc5-8b5f-d3df3b599359', '47693541-f1ec-4016-943a-edeabbf6f7ad', 'E3', '2026-02-02T03:56:44.694058', '2026-02-02T03:56:44.694058');
INSERT INTO hall_seats (id, cinema_hall_id, seat_type_id, seat_code, created_at, updated_at) VALUES ('d49c4ef6-d188-4160-b89b-301710969cc5', '7bdfa823-58a4-4bc5-8b5f-d3df3b599359', '47693541-f1ec-4016-943a-edeabbf6f7ad', 'E4', '2026-02-02T03:56:44.694058', '2026-02-02T03:56:44.694058');
INSERT INTO hall_seats (id, cinema_hall_id, seat_type_id, seat_code, created_at, updated_at) VALUES ('6454d4d8-c363-48d0-9688-cdac5c8b8ab1', '7bdfa823-58a4-4bc5-8b5f-d3df3b599359', '47693541-f1ec-4016-943a-edeabbf6f7ad', 'E5', '2026-02-02T03:56:44.694058', '2026-02-02T03:56:44.694058');
INSERT INTO hall_seats (id, cinema_hall_id, seat_type_id, seat_code, created_at, updated_at) VALUES ('cf3b6e70-2801-4397-85c8-786c79fe6386', '7bdfa823-58a4-4bc5-8b5f-d3df3b599359', '47693541-f1ec-4016-943a-edeabbf6f7ad', 'E6', '2026-02-02T03:56:44.694058', '2026-02-02T03:56:44.694058');
INSERT INTO hall_seats (id, cinema_hall_id, seat_type_id, seat_code, created_at, updated_at) VALUES ('fbe529fa-713c-4355-99f4-155aed46a565', '7bdfa823-58a4-4bc5-8b5f-d3df3b599359', '47693541-f1ec-4016-943a-edeabbf6f7ad', 'E7', '2026-02-02T03:56:44.694058', '2026-02-02T03:56:44.694058');
INSERT INTO hall_seats (id, cinema_hall_id, seat_type_id, seat_code, created_at, updated_at) VALUES ('3c7dcb30-2f0e-48e3-a5f9-97ae20c91cd0', '7bdfa823-58a4-4bc5-8b5f-d3df3b599359', '47693541-f1ec-4016-943a-edeabbf6f7ad', 'E8', '2026-02-02T03:56:44.694058', '2026-02-02T03:56:44.694058');
INSERT INTO hall_seats (id, cinema_hall_id, seat_type_id, seat_code, created_at, updated_at) VALUES ('016944fd-e15a-442b-8375-f7cb4000ad9f', '7bdfa823-58a4-4bc5-8b5f-d3df3b599359', '47693541-f1ec-4016-943a-edeabbf6f7ad', 'F1', '2026-02-02T03:56:44.694143', '2026-02-02T03:56:44.694143');
INSERT INTO hall_seats (id, cinema_hall_id, seat_type_id, seat_code, created_at, updated_at) VALUES ('22907770-4e41-425e-b97c-cd9a47d7086b', '7bdfa823-58a4-4bc5-8b5f-d3df3b599359', '47693541-f1ec-4016-943a-edeabbf6f7ad', 'F2', '2026-02-02T03:56:44.694143', '2026-02-02T03:56:44.694143');
INSERT INTO hall_seats (id, cinema_hall_id, seat_type_id, seat_code, created_at, updated_at) VALUES ('449b36d7-460f-43cd-9a82-69ce08f7960b', '7bdfa823-58a4-4bc5-8b5f-d3df3b599359', '47693541-f1ec-4016-943a-edeabbf6f7ad', 'F3', '2026-02-02T03:56:44.694143', '2026-02-02T03:56:44.694143');
INSERT INTO hall_seats (id, cinema_hall_id, seat_type_id, seat_code, created_at, updated_at) VALUES ('4d12e5cc-1b3a-41a9-aad5-9cf0e94d3f54', '7bdfa823-58a4-4bc5-8b5f-d3df3b599359', '47693541-f1ec-4016-943a-edeabbf6f7ad', 'F4', '2026-02-02T03:56:44.694143', '2026-02-02T03:56:44.694143');
INSERT INTO hall_seats (id, cinema_hall_id, seat_type_id, seat_code, created_at, updated_at) VALUES ('95115e4a-6c42-4614-9f93-2cfbcdc0a3d1', '7bdfa823-58a4-4bc5-8b5f-d3df3b599359', '47693541-f1ec-4016-943a-edeabbf6f7ad', 'F5', '2026-02-02T03:56:44.694143', '2026-02-02T03:56:44.694143');
INSERT INTO hall_seats (id, cinema_hall_id, seat_type_id, seat_code, created_at, updated_at) VALUES ('dbbb5ae4-3e9c-43b1-9598-2d01e74f3f75', '7bdfa823-58a4-4bc5-8b5f-d3df3b599359', '47693541-f1ec-4016-943a-edeabbf6f7ad', 'F6', '2026-02-02T03:56:44.694143', '2026-02-02T03:56:44.694143');
INSERT INTO hall_seats (id, cinema_hall_id, seat_type_id, seat_code, created_at, updated_at) VALUES ('3348306d-f043-49b1-8dbe-29d45e0b97bc', '7bdfa823-58a4-4bc5-8b5f-d3df3b599359', '47693541-f1ec-4016-943a-edeabbf6f7ad', 'F7', '2026-02-02T03:56:44.694143', '2026-02-02T03:56:44.694143');
INSERT INTO hall_seats (id, cinema_hall_id, seat_type_id, seat_code, created_at, updated_at) VALUES ('fead6e31-1d4c-4b95-83a3-c358c080dc12', '7bdfa823-58a4-4bc5-8b5f-d3df3b599359', '47693541-f1ec-4016-943a-edeabbf6f7ad', 'F8', '2026-02-02T03:56:44.694143', '2026-02-02T03:56:44.694143');
INSERT INTO hall_seats (id, cinema_hall_id, seat_type_id, seat_code, created_at, updated_at) VALUES ('e5974774-3e6f-4dec-9bc7-7468fd39bdb4', '7bdfa823-58a4-4bc5-8b5f-d3df3b599359', '5fe2ca09-db8a-40c2-8cf9-3ee6938ba4f5', 'G1', '2026-02-02T03:56:44.694227', '2026-02-02T03:56:44.694227');
INSERT INTO hall_seats (id, cinema_hall_id, seat_type_id, seat_code, created_at, updated_at) VALUES ('5440f414-e53e-47ad-bbad-a73850952df6', '7bdfa823-58a4-4bc5-8b5f-d3df3b599359', '5fe2ca09-db8a-40c2-8cf9-3ee6938ba4f5', 'G2', '2026-02-02T03:56:44.694227', '2026-02-02T03:56:44.694227');
INSERT INTO hall_seats (id, cinema_hall_id, seat_type_id, seat_code, created_at, updated_at) VALUES ('b18b1d3c-9f5a-4698-aa98-e9d57e7a1eb1', '7bdfa823-58a4-4bc5-8b5f-d3df3b599359', '5fe2ca09-db8a-40c2-8cf9-3ee6938ba4f5', 'G3', '2026-02-02T03:56:44.694227', '2026-02-02T03:56:44.694227');
INSERT INTO hall_seats (id, cinema_hall_id, seat_type_id, seat_code, created_at, updated_at) VALUES ('23d0c549-53bd-483e-867e-207872c629eb', '7bdfa823-58a4-4bc5-8b5f-d3df3b599359', '5fe2ca09-db8a-40c2-8cf9-3ee6938ba4f5', 'G4', '2026-02-02T03:56:44.694227', '2026-02-02T03:56:44.694227');
INSERT INTO hall_seats (id, cinema_hall_id, seat_type_id, seat_code, created_at, updated_at) VALUES ('525ad68f-dc8d-4b94-a85d-752ece8f5ada', '7bdfa823-58a4-4bc5-8b5f-d3df3b599359', '5fe2ca09-db8a-40c2-8cf9-3ee6938ba4f5', 'G5', '2026-02-02T03:56:44.694227', '2026-02-02T03:56:44.694227');
INSERT INTO hall_seats (id, cinema_hall_id, seat_type_id, seat_code, created_at, updated_at) VALUES ('b65fde00-cb5a-4b08-94bf-f6780de036ce', '7bdfa823-58a4-4bc5-8b5f-d3df3b599359', '5fe2ca09-db8a-40c2-8cf9-3ee6938ba4f5', 'G6', '2026-02-02T03:56:44.694227', '2026-02-02T03:56:44.694227');
INSERT INTO hall_seats (id, cinema_hall_id, seat_type_id, seat_code, created_at, updated_at) VALUES ('c8f08f99-c405-4f73-bb32-adc1f915cf7a', '7bdfa823-58a4-4bc5-8b5f-d3df3b599359', '5fe2ca09-db8a-40c2-8cf9-3ee6938ba4f5', 'G7', '2026-02-02T03:56:44.694227', '2026-02-02T03:56:44.694227');
INSERT INTO hall_seats (id, cinema_hall_id, seat_type_id, seat_code, created_at, updated_at) VALUES ('57aaa6aa-94f3-483c-aa23-dd8c524dd205', '7bdfa823-58a4-4bc5-8b5f-d3df3b599359', '5fe2ca09-db8a-40c2-8cf9-3ee6938ba4f5', 'G8', '2026-02-02T03:56:44.694227', '2026-02-02T03:56:44.694227');
INSERT INTO hall_seats (id, cinema_hall_id, seat_type_id, seat_code, created_at, updated_at) VALUES ('e1df1525-23ec-4c6a-a286-9804b8b0cfbc', '7bdfa823-58a4-4bc5-8b5f-d3df3b599359', '5fe2ca09-db8a-40c2-8cf9-3ee6938ba4f5', 'H1', '2026-02-02T03:56:44.694308', '2026-02-02T03:56:44.694308');
INSERT INTO hall_seats (id, cinema_hall_id, seat_type_id, seat_code, created_at, updated_at) VALUES ('52091a9d-ac5f-4668-9831-ee2574566895', '7bdfa823-58a4-4bc5-8b5f-d3df3b599359', '5fe2ca09-db8a-40c2-8cf9-3ee6938ba4f5', 'H2', '2026-02-02T03:56:44.694308', '2026-02-02T03:56:44.694308');
INSERT INTO hall_seats (id, cinema_hall_id, seat_type_id, seat_code, created_at, updated_at) VALUES ('4f209bc6-d226-4ff1-b890-9d29d993c3b4', '7bdfa823-58a4-4bc5-8b5f-d3df3b599359', '5fe2ca09-db8a-40c2-8cf9-3ee6938ba4f5', 'H3', '2026-02-02T03:56:44.694308', '2026-02-02T03:56:44.694308');
INSERT INTO hall_seats (id, cinema_hall_id, seat_type_id, seat_code, created_at, updated_at) VALUES ('a4205100-7e60-41b7-bc5b-fb6ac9687213', '7bdfa823-58a4-4bc5-8b5f-d3df3b599359', '5fe2ca09-db8a-40c2-8cf9-3ee6938ba4f5', 'H4', '2026-02-02T03:56:44.694308', '2026-02-02T03:56:44.694308');
INSERT INTO hall_seats (id, cinema_hall_id, seat_type_id, seat_code, created_at, updated_at) VALUES ('842dd5bb-3bd9-4941-908d-5eddb0ed89be', '7bdfa823-58a4-4bc5-8b5f-d3df3b599359', '5fe2ca09-db8a-40c2-8cf9-3ee6938ba4f5', 'H5', '2026-02-02T03:56:44.694308', '2026-02-02T03:56:44.694308');
INSERT INTO hall_seats (id, cinema_hall_id, seat_type_id, seat_code, created_at, updated_at) VALUES ('76849b37-e178-44b6-abb0-67aa0d1ee8dd', '7bdfa823-58a4-4bc5-8b5f-d3df3b599359', '5fe2ca09-db8a-40c2-8cf9-3ee6938ba4f5', 'H6', '2026-02-02T03:56:44.694308', '2026-02-02T03:56:44.694308');
INSERT INTO hall_seats (id, cinema_hall_id, seat_type_id, seat_code, created_at, updated_at) VALUES ('e1a89fcd-07dd-419e-8daf-e014ff4fc08d', '7bdfa823-58a4-4bc5-8b5f-d3df3b599359', '5fe2ca09-db8a-40c2-8cf9-3ee6938ba4f5', 'H7', '2026-02-02T03:56:44.694308', '2026-02-02T03:56:44.694308');
INSERT INTO hall_seats (id, cinema_hall_id, seat_type_id, seat_code, created_at, updated_at) VALUES ('5b587d9c-39d9-4482-86a9-6603a17b70a3', '7bdfa823-58a4-4bc5-8b5f-d3df3b599359', '5fe2ca09-db8a-40c2-8cf9-3ee6938ba4f5', 'H8', '2026-02-02T03:56:44.694308', '2026-02-02T03:56:44.694308');
INSERT INTO hall_seats (id, cinema_hall_id, seat_type_id, seat_code, created_at, updated_at) VALUES ('fc6df671-c6f7-4ae7-a85d-2145dac7898e', '7bdfa823-58a4-4bc5-8b5f-d3df3b599359', '11dbb2bb-b9a5-4148-bcf2-76d1567dae5d', 'I1', '2026-02-02T03:56:44.694477', '2026-02-02T03:56:44.694477');
INSERT INTO hall_seats (id, cinema_hall_id, seat_type_id, seat_code, created_at, updated_at) VALUES ('9f319cd3-6833-4ee6-8385-670aaab5cacc', '7bdfa823-58a4-4bc5-8b5f-d3df3b599359', '11dbb2bb-b9a5-4148-bcf2-76d1567dae5d', 'I2', '2026-02-02T03:56:44.694477', '2026-02-02T03:56:44.694477');
INSERT INTO hall_seats (id, cinema_hall_id, seat_type_id, seat_code, created_at, updated_at) VALUES ('a4b619ff-918f-4e81-8898-7a2120a77a23', '7bdfa823-58a4-4bc5-8b5f-d3df3b599359', '11dbb2bb-b9a5-4148-bcf2-76d1567dae5d', 'I3', '2026-02-02T03:56:44.694477', '2026-02-02T03:56:44.694477');
INSERT INTO hall_seats (id, cinema_hall_id, seat_type_id, seat_code, created_at, updated_at) VALUES ('b7396556-bbba-4ad2-a4c1-6772541eb0a2', '7bdfa823-58a4-4bc5-8b5f-d3df3b599359', '11dbb2bb-b9a5-4148-bcf2-76d1567dae5d', 'I4', '2026-02-02T03:56:44.694477', '2026-02-02T03:56:44.694477');
INSERT INTO hall_seats (id, cinema_hall_id, seat_type_id, seat_code, created_at, updated_at) VALUES ('5b41e9bc-b902-41c3-ba49-a780e6e43e75', 'd1c9716d-3ece-4d7a-b937-f3a554bc32e4', '47693541-f1ec-4016-943a-edeabbf6f7ad', 'A1', '2026-02-02T03:56:44.694580', '2026-02-02T03:56:44.694580');
INSERT INTO hall_seats (id, cinema_hall_id, seat_type_id, seat_code, created_at, updated_at) VALUES ('89d273cf-b8a4-45ec-80a4-bede502a0e20', 'd1c9716d-3ece-4d7a-b937-f3a554bc32e4', '47693541-f1ec-4016-943a-edeabbf6f7ad', 'A2', '2026-02-02T03:56:44.694580', '2026-02-02T03:56:44.694580');
INSERT INTO hall_seats (id, cinema_hall_id, seat_type_id, seat_code, created_at, updated_at) VALUES ('60ebba49-3bc2-4d7f-a701-796cedaffbd3', 'd1c9716d-3ece-4d7a-b937-f3a554bc32e4', '47693541-f1ec-4016-943a-edeabbf6f7ad', 'A3', '2026-02-02T03:56:44.694580', '2026-02-02T03:56:44.694580');
INSERT INTO hall_seats (id, cinema_hall_id, seat_type_id, seat_code, created_at, updated_at) VALUES ('4916c6df-de21-4304-9598-ac254f5f699b', 'd1c9716d-3ece-4d7a-b937-f3a554bc32e4', '47693541-f1ec-4016-943a-edeabbf6f7ad', 'A4', '2026-02-02T03:56:44.694580', '2026-02-02T03:56:44.694580');
INSERT INTO hall_seats (id, cinema_hall_id, seat_type_id, seat_code, created_at, updated_at) VALUES ('19ecc307-def0-48a3-99bc-24fa5fdb87a7', 'd1c9716d-3ece-4d7a-b937-f3a554bc32e4', '47693541-f1ec-4016-943a-edeabbf6f7ad', 'A5', '2026-02-02T03:56:44.694580', '2026-02-02T03:56:44.694580');
INSERT INTO hall_seats (id, cinema_hall_id, seat_type_id, seat_code, created_at, updated_at) VALUES ('51116a09-2a70-4d87-9c3c-694f09b2b149', 'd1c9716d-3ece-4d7a-b937-f3a554bc32e4', '47693541-f1ec-4016-943a-edeabbf6f7ad', 'A6', '2026-02-02T03:56:44.694580', '2026-02-02T03:56:44.694580');
INSERT INTO hall_seats (id, cinema_hall_id, seat_type_id, seat_code, created_at, updated_at) VALUES ('e019b918-e412-42e7-a018-879b565c636f', 'd1c9716d-3ece-4d7a-b937-f3a554bc32e4', '47693541-f1ec-4016-943a-edeabbf6f7ad', 'A7', '2026-02-02T03:56:44.694580', '2026-02-02T03:56:44.694580');
INSERT INTO hall_seats (id, cinema_hall_id, seat_type_id, seat_code, created_at, updated_at) VALUES ('69ae66f1-d6fe-42f4-8968-782f03c55dcb', 'd1c9716d-3ece-4d7a-b937-f3a554bc32e4', '47693541-f1ec-4016-943a-edeabbf6f7ad', 'A8', '2026-02-02T03:56:44.694580', '2026-02-02T03:56:44.694580');
INSERT INTO hall_seats (id, cinema_hall_id, seat_type_id, seat_code, created_at, updated_at) VALUES ('31fa30e5-8caf-41a4-b41f-e59ee542f0bd', 'd1c9716d-3ece-4d7a-b937-f3a554bc32e4', '47693541-f1ec-4016-943a-edeabbf6f7ad', 'B1', '2026-02-02T03:56:44.694676', '2026-02-02T03:56:44.694676');
INSERT INTO hall_seats (id, cinema_hall_id, seat_type_id, seat_code, created_at, updated_at) VALUES ('d0619519-d89c-4859-a939-926e039dbd58', 'd1c9716d-3ece-4d7a-b937-f3a554bc32e4', '47693541-f1ec-4016-943a-edeabbf6f7ad', 'B2', '2026-02-02T03:56:44.694676', '2026-02-02T03:56:44.694676');
INSERT INTO hall_seats (id, cinema_hall_id, seat_type_id, seat_code, created_at, updated_at) VALUES ('9c4318b2-21de-401a-b7cc-3617ed2094d3', 'd1c9716d-3ece-4d7a-b937-f3a554bc32e4', '47693541-f1ec-4016-943a-edeabbf6f7ad', 'B3', '2026-02-02T03:56:44.694676', '2026-02-02T03:56:44.694676');
INSERT INTO hall_seats (id, cinema_hall_id, seat_type_id, seat_code, created_at, updated_at) VALUES ('8bd473aa-9cee-4c31-99c8-353d81b78c57', 'd1c9716d-3ece-4d7a-b937-f3a554bc32e4', '47693541-f1ec-4016-943a-edeabbf6f7ad', 'B4', '2026-02-02T03:56:44.694676', '2026-02-02T03:56:44.694676');
INSERT INTO hall_seats (id, cinema_hall_id, seat_type_id, seat_code, created_at, updated_at) VALUES ('6134db14-f79c-4396-bd9f-36de73f6de26', 'd1c9716d-3ece-4d7a-b937-f3a554bc32e4', '47693541-f1ec-4016-943a-edeabbf6f7ad', 'B5', '2026-02-02T03:56:44.694676', '2026-02-02T03:56:44.694676');
INSERT INTO hall_seats (id, cinema_hall_id, seat_type_id, seat_code, created_at, updated_at) VALUES ('f571e648-74bf-4955-a237-7fcc260c2f60', 'd1c9716d-3ece-4d7a-b937-f3a554bc32e4', '47693541-f1ec-4016-943a-edeabbf6f7ad', 'B6', '2026-02-02T03:56:44.694676', '2026-02-02T03:56:44.694676');
INSERT INTO hall_seats (id, cinema_hall_id, seat_type_id, seat_code, created_at, updated_at) VALUES ('c6caf470-8c35-46e0-bd4b-b3824bda69da', 'd1c9716d-3ece-4d7a-b937-f3a554bc32e4', '47693541-f1ec-4016-943a-edeabbf6f7ad', 'B7', '2026-02-02T03:56:44.694676', '2026-02-02T03:56:44.694676');
INSERT INTO hall_seats (id, cinema_hall_id, seat_type_id, seat_code, created_at, updated_at) VALUES ('1aea191a-54c5-4159-a3a3-85e5447d3f05', 'd1c9716d-3ece-4d7a-b937-f3a554bc32e4', '47693541-f1ec-4016-943a-edeabbf6f7ad', 'B8', '2026-02-02T03:56:44.694676', '2026-02-02T03:56:44.694676');
INSERT INTO hall_seats (id, cinema_hall_id, seat_type_id, seat_code, created_at, updated_at) VALUES ('ff72a171-56a6-4d4a-b4d4-415efdd62f42', 'd1c9716d-3ece-4d7a-b937-f3a554bc32e4', '47693541-f1ec-4016-943a-edeabbf6f7ad', 'C1', '2026-02-02T03:56:44.694760', '2026-02-02T03:56:44.694760');
INSERT INTO hall_seats (id, cinema_hall_id, seat_type_id, seat_code, created_at, updated_at) VALUES ('29735478-c4b5-442f-85cc-a579936fe9f1', 'd1c9716d-3ece-4d7a-b937-f3a554bc32e4', '47693541-f1ec-4016-943a-edeabbf6f7ad', 'C2', '2026-02-02T03:56:44.694760', '2026-02-02T03:56:44.694760');
INSERT INTO hall_seats (id, cinema_hall_id, seat_type_id, seat_code, created_at, updated_at) VALUES ('e5acd0ad-5585-4cb6-9a03-19f3c6101bf4', 'd1c9716d-3ece-4d7a-b937-f3a554bc32e4', '47693541-f1ec-4016-943a-edeabbf6f7ad', 'C3', '2026-02-02T03:56:44.694760', '2026-02-02T03:56:44.694760');
INSERT INTO hall_seats (id, cinema_hall_id, seat_type_id, seat_code, created_at, updated_at) VALUES ('88b3ad94-8392-4c56-a043-a21f92346346', 'd1c9716d-3ece-4d7a-b937-f3a554bc32e4', '47693541-f1ec-4016-943a-edeabbf6f7ad', 'C4', '2026-02-02T03:56:44.694760', '2026-02-02T03:56:44.694760');
INSERT INTO hall_seats (id, cinema_hall_id, seat_type_id, seat_code, created_at, updated_at) VALUES ('b51f7670-2b99-4c8d-85ec-f604a8b58605', 'd1c9716d-3ece-4d7a-b937-f3a554bc32e4', '47693541-f1ec-4016-943a-edeabbf6f7ad', 'C5', '2026-02-02T03:56:44.694760', '2026-02-02T03:56:44.694760');
INSERT INTO hall_seats (id, cinema_hall_id, seat_type_id, seat_code, created_at, updated_at) VALUES ('53549e64-9afe-4fde-9776-df600439771b', 'd1c9716d-3ece-4d7a-b937-f3a554bc32e4', '47693541-f1ec-4016-943a-edeabbf6f7ad', 'C6', '2026-02-02T03:56:44.694760', '2026-02-02T03:56:44.694760');
INSERT INTO hall_seats (id, cinema_hall_id, seat_type_id, seat_code, created_at, updated_at) VALUES ('a1003bfd-7f0c-4fad-90e7-d23f27e5c203', 'd1c9716d-3ece-4d7a-b937-f3a554bc32e4', '47693541-f1ec-4016-943a-edeabbf6f7ad', 'C7', '2026-02-02T03:56:44.694760', '2026-02-02T03:56:44.694760');
INSERT INTO hall_seats (id, cinema_hall_id, seat_type_id, seat_code, created_at, updated_at) VALUES ('f37cca80-1fe7-474a-a1e5-6b09bf436e35', 'd1c9716d-3ece-4d7a-b937-f3a554bc32e4', '47693541-f1ec-4016-943a-edeabbf6f7ad', 'C8', '2026-02-02T03:56:44.694760', '2026-02-02T03:56:44.694760');
INSERT INTO hall_seats (id, cinema_hall_id, seat_type_id, seat_code, created_at, updated_at) VALUES ('88d513fd-dada-4e1a-8860-eafbf2d2f156', 'd1c9716d-3ece-4d7a-b937-f3a554bc32e4', '47693541-f1ec-4016-943a-edeabbf6f7ad', 'D1', '2026-02-02T03:56:44.694842', '2026-02-02T03:56:44.694842');
INSERT INTO hall_seats (id, cinema_hall_id, seat_type_id, seat_code, created_at, updated_at) VALUES ('ec670865-35c6-4a6d-a7c5-1c202fc0cd85', 'd1c9716d-3ece-4d7a-b937-f3a554bc32e4', '47693541-f1ec-4016-943a-edeabbf6f7ad', 'D2', '2026-02-02T03:56:44.694842', '2026-02-02T03:56:44.694842');
INSERT INTO hall_seats (id, cinema_hall_id, seat_type_id, seat_code, created_at, updated_at) VALUES ('0d4fa5a4-46fa-4365-a8c9-faf688dabffb', 'd1c9716d-3ece-4d7a-b937-f3a554bc32e4', '47693541-f1ec-4016-943a-edeabbf6f7ad', 'D3', '2026-02-02T03:56:44.694842', '2026-02-02T03:56:44.694842');
INSERT INTO hall_seats (id, cinema_hall_id, seat_type_id, seat_code, created_at, updated_at) VALUES ('76d69cf2-10d7-4f89-8530-e8c70dce1ad8', 'd1c9716d-3ece-4d7a-b937-f3a554bc32e4', '47693541-f1ec-4016-943a-edeabbf6f7ad', 'D4', '2026-02-02T03:56:44.694842', '2026-02-02T03:56:44.694842');
INSERT INTO hall_seats (id, cinema_hall_id, seat_type_id, seat_code, created_at, updated_at) VALUES ('c0c1f3ff-4100-49e1-a4c1-c54997b7422e', 'd1c9716d-3ece-4d7a-b937-f3a554bc32e4', '47693541-f1ec-4016-943a-edeabbf6f7ad', 'D5', '2026-02-02T03:56:44.694842', '2026-02-02T03:56:44.694842');
INSERT INTO hall_seats (id, cinema_hall_id, seat_type_id, seat_code, created_at, updated_at) VALUES ('0940e35e-b148-41e4-88f2-9d0294f1c03d', 'd1c9716d-3ece-4d7a-b937-f3a554bc32e4', '47693541-f1ec-4016-943a-edeabbf6f7ad', 'D6', '2026-02-02T03:56:44.694842', '2026-02-02T03:56:44.694842');
INSERT INTO hall_seats (id, cinema_hall_id, seat_type_id, seat_code, created_at, updated_at) VALUES ('f72ab8ca-e5fa-4a09-84b7-463f2ccdc196', 'd1c9716d-3ece-4d7a-b937-f3a554bc32e4', '47693541-f1ec-4016-943a-edeabbf6f7ad', 'D7', '2026-02-02T03:56:44.694842', '2026-02-02T03:56:44.694842');
INSERT INTO hall_seats (id, cinema_hall_id, seat_type_id, seat_code, created_at, updated_at) VALUES ('f00c4f75-c422-4ace-997c-4e941453ba35', 'd1c9716d-3ece-4d7a-b937-f3a554bc32e4', '47693541-f1ec-4016-943a-edeabbf6f7ad', 'D8', '2026-02-02T03:56:44.694842', '2026-02-02T03:56:44.694842');
INSERT INTO hall_seats (id, cinema_hall_id, seat_type_id, seat_code, created_at, updated_at) VALUES ('cb49b878-f24f-4103-b9a7-30b6641b63fd', 'd1c9716d-3ece-4d7a-b937-f3a554bc32e4', '47693541-f1ec-4016-943a-edeabbf6f7ad', 'E1', '2026-02-02T03:56:44.694928', '2026-02-02T03:56:44.694928');
INSERT INTO hall_seats (id, cinema_hall_id, seat_type_id, seat_code, created_at, updated_at) VALUES ('7ccac8b9-13af-417d-89e8-f5d55c2040b0', 'd1c9716d-3ece-4d7a-b937-f3a554bc32e4', '47693541-f1ec-4016-943a-edeabbf6f7ad', 'E2', '2026-02-02T03:56:44.694928', '2026-02-02T03:56:44.694928');
INSERT INTO hall_seats (id, cinema_hall_id, seat_type_id, seat_code, created_at, updated_at) VALUES ('84600781-b0e7-4f9d-8616-4bb2316936ba', 'd1c9716d-3ece-4d7a-b937-f3a554bc32e4', '47693541-f1ec-4016-943a-edeabbf6f7ad', 'E3', '2026-02-02T03:56:44.694928', '2026-02-02T03:56:44.694928');
INSERT INTO hall_seats (id, cinema_hall_id, seat_type_id, seat_code, created_at, updated_at) VALUES ('278a6d51-1750-41fa-98c4-be3900e932f6', 'd1c9716d-3ece-4d7a-b937-f3a554bc32e4', '47693541-f1ec-4016-943a-edeabbf6f7ad', 'E4', '2026-02-02T03:56:44.694928', '2026-02-02T03:56:44.694928');
INSERT INTO hall_seats (id, cinema_hall_id, seat_type_id, seat_code, created_at, updated_at) VALUES ('2a32f7bd-00d2-445a-b5a7-a911a9bfff68', 'd1c9716d-3ece-4d7a-b937-f3a554bc32e4', '47693541-f1ec-4016-943a-edeabbf6f7ad', 'E5', '2026-02-02T03:56:44.694928', '2026-02-02T03:56:44.694928');
INSERT INTO hall_seats (id, cinema_hall_id, seat_type_id, seat_code, created_at, updated_at) VALUES ('2b9fed2a-cd2a-4fa9-abf8-fd8b90f7cde3', 'd1c9716d-3ece-4d7a-b937-f3a554bc32e4', '47693541-f1ec-4016-943a-edeabbf6f7ad', 'E6', '2026-02-02T03:56:44.694928', '2026-02-02T03:56:44.694928');
INSERT INTO hall_seats (id, cinema_hall_id, seat_type_id, seat_code, created_at, updated_at) VALUES ('572c5385-46fd-4db5-a2b4-32ea4abbd5a6', 'd1c9716d-3ece-4d7a-b937-f3a554bc32e4', '47693541-f1ec-4016-943a-edeabbf6f7ad', 'E7', '2026-02-02T03:56:44.694928', '2026-02-02T03:56:44.694928');
INSERT INTO hall_seats (id, cinema_hall_id, seat_type_id, seat_code, created_at, updated_at) VALUES ('d30b5cea-04ea-4b92-bada-8c19083b708a', 'd1c9716d-3ece-4d7a-b937-f3a554bc32e4', '47693541-f1ec-4016-943a-edeabbf6f7ad', 'E8', '2026-02-02T03:56:44.694928', '2026-02-02T03:56:44.694928');
INSERT INTO hall_seats (id, cinema_hall_id, seat_type_id, seat_code, created_at, updated_at) VALUES ('f1bff892-a80e-41e5-8fd8-17bb1a7c5083', 'd1c9716d-3ece-4d7a-b937-f3a554bc32e4', '47693541-f1ec-4016-943a-edeabbf6f7ad', 'F1', '2026-02-02T03:56:44.695011', '2026-02-02T03:56:44.695011');
INSERT INTO hall_seats (id, cinema_hall_id, seat_type_id, seat_code, created_at, updated_at) VALUES ('50b6ba5e-4271-4abf-9fa6-7b12d2213c2d', 'd1c9716d-3ece-4d7a-b937-f3a554bc32e4', '47693541-f1ec-4016-943a-edeabbf6f7ad', 'F2', '2026-02-02T03:56:44.695011', '2026-02-02T03:56:44.695011');
INSERT INTO hall_seats (id, cinema_hall_id, seat_type_id, seat_code, created_at, updated_at) VALUES ('10900028-b48c-4341-b5a9-d6ffa5f5ef65', 'd1c9716d-3ece-4d7a-b937-f3a554bc32e4', '47693541-f1ec-4016-943a-edeabbf6f7ad', 'F3', '2026-02-02T03:56:44.695011', '2026-02-02T03:56:44.695011');
INSERT INTO hall_seats (id, cinema_hall_id, seat_type_id, seat_code, created_at, updated_at) VALUES ('722fa43f-a8c3-4e2d-ba44-3de54f820f52', 'd1c9716d-3ece-4d7a-b937-f3a554bc32e4', '47693541-f1ec-4016-943a-edeabbf6f7ad', 'F4', '2026-02-02T03:56:44.695011', '2026-02-02T03:56:44.695011');
INSERT INTO hall_seats (id, cinema_hall_id, seat_type_id, seat_code, created_at, updated_at) VALUES ('abe2bca6-b034-44be-861c-f9c925806b9d', 'd1c9716d-3ece-4d7a-b937-f3a554bc32e4', '47693541-f1ec-4016-943a-edeabbf6f7ad', 'F5', '2026-02-02T03:56:44.695011', '2026-02-02T03:56:44.695011');
INSERT INTO hall_seats (id, cinema_hall_id, seat_type_id, seat_code, created_at, updated_at) VALUES ('3fd52618-9562-42c4-93f3-54d53746b8ff', 'd1c9716d-3ece-4d7a-b937-f3a554bc32e4', '47693541-f1ec-4016-943a-edeabbf6f7ad', 'F6', '2026-02-02T03:56:44.695011', '2026-02-02T03:56:44.695011');
INSERT INTO hall_seats (id, cinema_hall_id, seat_type_id, seat_code, created_at, updated_at) VALUES ('144d589d-b495-475a-9b03-062a59e71a30', 'd1c9716d-3ece-4d7a-b937-f3a554bc32e4', '47693541-f1ec-4016-943a-edeabbf6f7ad', 'F7', '2026-02-02T03:56:44.695011', '2026-02-02T03:56:44.695011');
INSERT INTO hall_seats (id, cinema_hall_id, seat_type_id, seat_code, created_at, updated_at) VALUES ('8bb928ad-819b-481d-acc8-6127fb23aef3', 'd1c9716d-3ece-4d7a-b937-f3a554bc32e4', '47693541-f1ec-4016-943a-edeabbf6f7ad', 'F8', '2026-02-02T03:56:44.695011', '2026-02-02T03:56:44.695011');
INSERT INTO hall_seats (id, cinema_hall_id, seat_type_id, seat_code, created_at, updated_at) VALUES ('e5abc269-56c1-4f27-b69c-c6779487c35b', 'd1c9716d-3ece-4d7a-b937-f3a554bc32e4', '5fe2ca09-db8a-40c2-8cf9-3ee6938ba4f5', 'G1', '2026-02-02T03:56:44.695096', '2026-02-02T03:56:44.695096');
INSERT INTO hall_seats (id, cinema_hall_id, seat_type_id, seat_code, created_at, updated_at) VALUES ('8fdfb803-f650-48e2-95f6-09e92798008b', 'd1c9716d-3ece-4d7a-b937-f3a554bc32e4', '5fe2ca09-db8a-40c2-8cf9-3ee6938ba4f5', 'G2', '2026-02-02T03:56:44.695096', '2026-02-02T03:56:44.695096');
INSERT INTO hall_seats (id, cinema_hall_id, seat_type_id, seat_code, created_at, updated_at) VALUES ('85438834-5898-498e-8a2b-4b79620f943c', 'd1c9716d-3ece-4d7a-b937-f3a554bc32e4', '5fe2ca09-db8a-40c2-8cf9-3ee6938ba4f5', 'G3', '2026-02-02T03:56:44.695096', '2026-02-02T03:56:44.695096');
INSERT INTO hall_seats (id, cinema_hall_id, seat_type_id, seat_code, created_at, updated_at) VALUES ('f376a1a4-5f39-443f-9c74-c8c7335eea27', 'd1c9716d-3ece-4d7a-b937-f3a554bc32e4', '5fe2ca09-db8a-40c2-8cf9-3ee6938ba4f5', 'G4', '2026-02-02T03:56:44.695096', '2026-02-02T03:56:44.695096');
INSERT INTO hall_seats (id, cinema_hall_id, seat_type_id, seat_code, created_at, updated_at) VALUES ('8d0e1a37-d969-43c0-93a4-46947ed35f4a', 'd1c9716d-3ece-4d7a-b937-f3a554bc32e4', '5fe2ca09-db8a-40c2-8cf9-3ee6938ba4f5', 'G5', '2026-02-02T03:56:44.695096', '2026-02-02T03:56:44.695096');
INSERT INTO hall_seats (id, cinema_hall_id, seat_type_id, seat_code, created_at, updated_at) VALUES ('5373e630-6b90-4beb-bba3-c1d0d6abd22c', 'd1c9716d-3ece-4d7a-b937-f3a554bc32e4', '5fe2ca09-db8a-40c2-8cf9-3ee6938ba4f5', 'G6', '2026-02-02T03:56:44.695096', '2026-02-02T03:56:44.695096');
INSERT INTO hall_seats (id, cinema_hall_id, seat_type_id, seat_code, created_at, updated_at) VALUES ('86feb991-248f-472a-a426-ce2d694b1c45', 'd1c9716d-3ece-4d7a-b937-f3a554bc32e4', '5fe2ca09-db8a-40c2-8cf9-3ee6938ba4f5', 'G7', '2026-02-02T03:56:44.695096', '2026-02-02T03:56:44.695096');
INSERT INTO hall_seats (id, cinema_hall_id, seat_type_id, seat_code, created_at, updated_at) VALUES ('438780be-cb60-4800-a3eb-0f6533bfcadf', 'd1c9716d-3ece-4d7a-b937-f3a554bc32e4', '5fe2ca09-db8a-40c2-8cf9-3ee6938ba4f5', 'G8', '2026-02-02T03:56:44.695096', '2026-02-02T03:56:44.695096');
INSERT INTO hall_seats (id, cinema_hall_id, seat_type_id, seat_code, created_at, updated_at) VALUES ('67d38399-d09a-4ef8-b04b-54a28c315262', 'd1c9716d-3ece-4d7a-b937-f3a554bc32e4', '5fe2ca09-db8a-40c2-8cf9-3ee6938ba4f5', 'H1', '2026-02-02T03:56:44.695179', '2026-02-02T03:56:44.695179');
INSERT INTO hall_seats (id, cinema_hall_id, seat_type_id, seat_code, created_at, updated_at) VALUES ('a66d6500-7103-4454-a3e1-51da7a75237b', 'd1c9716d-3ece-4d7a-b937-f3a554bc32e4', '5fe2ca09-db8a-40c2-8cf9-3ee6938ba4f5', 'H2', '2026-02-02T03:56:44.695179', '2026-02-02T03:56:44.695179');
INSERT INTO hall_seats (id, cinema_hall_id, seat_type_id, seat_code, created_at, updated_at) VALUES ('9c12b989-94b4-4dcf-8f78-d74b67eb17b1', 'd1c9716d-3ece-4d7a-b937-f3a554bc32e4', '5fe2ca09-db8a-40c2-8cf9-3ee6938ba4f5', 'H3', '2026-02-02T03:56:44.695179', '2026-02-02T03:56:44.695179');
INSERT INTO hall_seats (id, cinema_hall_id, seat_type_id, seat_code, created_at, updated_at) VALUES ('ac59cf8a-cf76-46b8-ad90-95bd42990b6b', 'd1c9716d-3ece-4d7a-b937-f3a554bc32e4', '5fe2ca09-db8a-40c2-8cf9-3ee6938ba4f5', 'H4', '2026-02-02T03:56:44.695179', '2026-02-02T03:56:44.695179');
INSERT INTO hall_seats (id, cinema_hall_id, seat_type_id, seat_code, created_at, updated_at) VALUES ('9aa74751-84ce-4a46-b8ec-318aeb103780', 'd1c9716d-3ece-4d7a-b937-f3a554bc32e4', '5fe2ca09-db8a-40c2-8cf9-3ee6938ba4f5', 'H5', '2026-02-02T03:56:44.695179', '2026-02-02T03:56:44.695179');
INSERT INTO hall_seats (id, cinema_hall_id, seat_type_id, seat_code, created_at, updated_at) VALUES ('db447fbe-9449-4d74-8aac-bc9f2e1c9af4', 'd1c9716d-3ece-4d7a-b937-f3a554bc32e4', '5fe2ca09-db8a-40c2-8cf9-3ee6938ba4f5', 'H6', '2026-02-02T03:56:44.695179', '2026-02-02T03:56:44.695179');
INSERT INTO hall_seats (id, cinema_hall_id, seat_type_id, seat_code, created_at, updated_at) VALUES ('d770ff5e-478f-427d-aaf5-dfbe95a7be66', 'd1c9716d-3ece-4d7a-b937-f3a554bc32e4', '5fe2ca09-db8a-40c2-8cf9-3ee6938ba4f5', 'H7', '2026-02-02T03:56:44.695179', '2026-02-02T03:56:44.695179');
INSERT INTO hall_seats (id, cinema_hall_id, seat_type_id, seat_code, created_at, updated_at) VALUES ('f6a52dd5-dd15-4ca6-8006-829864a461e3', 'd1c9716d-3ece-4d7a-b937-f3a554bc32e4', '5fe2ca09-db8a-40c2-8cf9-3ee6938ba4f5', 'H8', '2026-02-02T03:56:44.695179', '2026-02-02T03:56:44.695179');
INSERT INTO hall_seats (id, cinema_hall_id, seat_type_id, seat_code, created_at, updated_at) VALUES ('e54fd930-f0f3-4e3f-8f75-c08557fc9ae9', 'd1c9716d-3ece-4d7a-b937-f3a554bc32e4', '11dbb2bb-b9a5-4148-bcf2-76d1567dae5d', 'I1', '2026-02-02T03:56:44.695271', '2026-02-02T03:56:44.695271');
INSERT INTO hall_seats (id, cinema_hall_id, seat_type_id, seat_code, created_at, updated_at) VALUES ('11c76452-5c96-4f3d-9aec-a2d4c4498fac', 'd1c9716d-3ece-4d7a-b937-f3a554bc32e4', '11dbb2bb-b9a5-4148-bcf2-76d1567dae5d', 'I2', '2026-02-02T03:56:44.695271', '2026-02-02T03:56:44.695271');
INSERT INTO hall_seats (id, cinema_hall_id, seat_type_id, seat_code, created_at, updated_at) VALUES ('da533837-01c4-472e-96c2-d26c3881d494', 'd1c9716d-3ece-4d7a-b937-f3a554bc32e4', '11dbb2bb-b9a5-4148-bcf2-76d1567dae5d', 'I3', '2026-02-02T03:56:44.695271', '2026-02-02T03:56:44.695271');
INSERT INTO hall_seats (id, cinema_hall_id, seat_type_id, seat_code, created_at, updated_at) VALUES ('bbf786a0-d270-4c58-8d6b-abdafeb30e5d', 'd1c9716d-3ece-4d7a-b937-f3a554bc32e4', '11dbb2bb-b9a5-4148-bcf2-76d1567dae5d', 'I4', '2026-02-02T03:56:44.695271', '2026-02-02T03:56:44.695271');
INSERT INTO hall_seats (id, cinema_hall_id, seat_type_id, seat_code, created_at, updated_at) VALUES ('28c9857e-c898-4aef-8e4c-693c32ea815f', '09725c82-8bbe-48ce-bc29-31b7513f46f6', '47693541-f1ec-4016-943a-edeabbf6f7ad', 'A1', '2026-02-02T03:56:44.695317', '2026-02-02T03:56:44.695317');
INSERT INTO hall_seats (id, cinema_hall_id, seat_type_id, seat_code, created_at, updated_at) VALUES ('200ac55c-1032-46a8-9c09-722f725bf534', '09725c82-8bbe-48ce-bc29-31b7513f46f6', '47693541-f1ec-4016-943a-edeabbf6f7ad', 'A2', '2026-02-02T03:56:44.695317', '2026-02-02T03:56:44.695317');
INSERT INTO hall_seats (id, cinema_hall_id, seat_type_id, seat_code, created_at, updated_at) VALUES ('aaf42652-6634-436f-8587-791cfdc097a6', '09725c82-8bbe-48ce-bc29-31b7513f46f6', '47693541-f1ec-4016-943a-edeabbf6f7ad', 'A3', '2026-02-02T03:56:44.695317', '2026-02-02T03:56:44.695317');
INSERT INTO hall_seats (id, cinema_hall_id, seat_type_id, seat_code, created_at, updated_at) VALUES ('22eebfe2-1d87-4b2b-8b3a-0356e3decbaa', '09725c82-8bbe-48ce-bc29-31b7513f46f6', '47693541-f1ec-4016-943a-edeabbf6f7ad', 'A4', '2026-02-02T03:56:44.695317', '2026-02-02T03:56:44.695317');
INSERT INTO hall_seats (id, cinema_hall_id, seat_type_id, seat_code, created_at, updated_at) VALUES ('fa6619b8-eff9-441b-bc9b-b3046b1d713a', '09725c82-8bbe-48ce-bc29-31b7513f46f6', '47693541-f1ec-4016-943a-edeabbf6f7ad', 'A5', '2026-02-02T03:56:44.695317', '2026-02-02T03:56:44.695317');
INSERT INTO hall_seats (id, cinema_hall_id, seat_type_id, seat_code, created_at, updated_at) VALUES ('e753d639-76eb-47e5-a457-85388f5dc19b', '09725c82-8bbe-48ce-bc29-31b7513f46f6', '47693541-f1ec-4016-943a-edeabbf6f7ad', 'A6', '2026-02-02T03:56:44.695317', '2026-02-02T03:56:44.695317');
INSERT INTO hall_seats (id, cinema_hall_id, seat_type_id, seat_code, created_at, updated_at) VALUES ('7392eb88-ab1f-4f44-9619-c2c3e7c7a6da', '09725c82-8bbe-48ce-bc29-31b7513f46f6', '47693541-f1ec-4016-943a-edeabbf6f7ad', 'A7', '2026-02-02T03:56:44.695317', '2026-02-02T03:56:44.695317');
INSERT INTO hall_seats (id, cinema_hall_id, seat_type_id, seat_code, created_at, updated_at) VALUES ('d1f4b31c-c885-4286-a703-fbe26f38b160', '09725c82-8bbe-48ce-bc29-31b7513f46f6', '47693541-f1ec-4016-943a-edeabbf6f7ad', 'A8', '2026-02-02T03:56:44.695317', '2026-02-02T03:56:44.695317');
INSERT INTO hall_seats (id, cinema_hall_id, seat_type_id, seat_code, created_at, updated_at) VALUES ('f5e695bc-9358-4fd6-80d7-221d12e3d098', '09725c82-8bbe-48ce-bc29-31b7513f46f6', '47693541-f1ec-4016-943a-edeabbf6f7ad', 'B1', '2026-02-02T03:56:44.695409', '2026-02-02T03:56:44.695409');
INSERT INTO hall_seats (id, cinema_hall_id, seat_type_id, seat_code, created_at, updated_at) VALUES ('4330637e-7877-4df5-8847-65572c10e1b5', '09725c82-8bbe-48ce-bc29-31b7513f46f6', '47693541-f1ec-4016-943a-edeabbf6f7ad', 'B2', '2026-02-02T03:56:44.695409', '2026-02-02T03:56:44.695409');
INSERT INTO hall_seats (id, cinema_hall_id, seat_type_id, seat_code, created_at, updated_at) VALUES ('14a45c3f-5567-4b46-8b62-565de3a5b252', '09725c82-8bbe-48ce-bc29-31b7513f46f6', '47693541-f1ec-4016-943a-edeabbf6f7ad', 'B3', '2026-02-02T03:56:44.695409', '2026-02-02T03:56:44.695409');
INSERT INTO hall_seats (id, cinema_hall_id, seat_type_id, seat_code, created_at, updated_at) VALUES ('9d8c0902-5731-467f-ae5f-9bdaff167486', '09725c82-8bbe-48ce-bc29-31b7513f46f6', '47693541-f1ec-4016-943a-edeabbf6f7ad', 'B4', '2026-02-02T03:56:44.695409', '2026-02-02T03:56:44.695409');
INSERT INTO hall_seats (id, cinema_hall_id, seat_type_id, seat_code, created_at, updated_at) VALUES ('9887f1d1-8123-4130-9161-156bd246a721', '09725c82-8bbe-48ce-bc29-31b7513f46f6', '47693541-f1ec-4016-943a-edeabbf6f7ad', 'B5', '2026-02-02T03:56:44.695409', '2026-02-02T03:56:44.695409');
INSERT INTO hall_seats (id, cinema_hall_id, seat_type_id, seat_code, created_at, updated_at) VALUES ('0133f4ad-35a2-4e75-aa19-9e9e3062f28a', '09725c82-8bbe-48ce-bc29-31b7513f46f6', '47693541-f1ec-4016-943a-edeabbf6f7ad', 'B6', '2026-02-02T03:56:44.695409', '2026-02-02T03:56:44.695409');
INSERT INTO hall_seats (id, cinema_hall_id, seat_type_id, seat_code, created_at, updated_at) VALUES ('c360cc32-dcb3-4d5a-81ff-6a37004d07d2', '09725c82-8bbe-48ce-bc29-31b7513f46f6', '47693541-f1ec-4016-943a-edeabbf6f7ad', 'B7', '2026-02-02T03:56:44.695409', '2026-02-02T03:56:44.695409');
INSERT INTO hall_seats (id, cinema_hall_id, seat_type_id, seat_code, created_at, updated_at) VALUES ('a2a74b3b-2c91-44e7-be3e-b414babebcaf', '09725c82-8bbe-48ce-bc29-31b7513f46f6', '47693541-f1ec-4016-943a-edeabbf6f7ad', 'B8', '2026-02-02T03:56:44.695409', '2026-02-02T03:56:44.695409');
INSERT INTO hall_seats (id, cinema_hall_id, seat_type_id, seat_code, created_at, updated_at) VALUES ('a888f7a5-6020-4978-a089-3d08df6c002d', '09725c82-8bbe-48ce-bc29-31b7513f46f6', '47693541-f1ec-4016-943a-edeabbf6f7ad', 'C1', '2026-02-02T03:56:44.695490', '2026-02-02T03:56:44.695490');
INSERT INTO hall_seats (id, cinema_hall_id, seat_type_id, seat_code, created_at, updated_at) VALUES ('20b7824f-4737-4ba5-806c-48c9533ed330', '09725c82-8bbe-48ce-bc29-31b7513f46f6', '47693541-f1ec-4016-943a-edeabbf6f7ad', 'C2', '2026-02-02T03:56:44.695490', '2026-02-02T03:56:44.695490');
INSERT INTO hall_seats (id, cinema_hall_id, seat_type_id, seat_code, created_at, updated_at) VALUES ('7d54f874-cfd0-4b47-87b7-a5b51ecd9445', '09725c82-8bbe-48ce-bc29-31b7513f46f6', '47693541-f1ec-4016-943a-edeabbf6f7ad', 'C3', '2026-02-02T03:56:44.695490', '2026-02-02T03:56:44.695490');
INSERT INTO hall_seats (id, cinema_hall_id, seat_type_id, seat_code, created_at, updated_at) VALUES ('d9e291cc-da8c-4597-a332-a0fcf9e54439', '09725c82-8bbe-48ce-bc29-31b7513f46f6', '47693541-f1ec-4016-943a-edeabbf6f7ad', 'C4', '2026-02-02T03:56:44.695490', '2026-02-02T03:56:44.695490');
INSERT INTO hall_seats (id, cinema_hall_id, seat_type_id, seat_code, created_at, updated_at) VALUES ('3f52ae80-102e-4536-ba58-2cb1ef45bb6f', '09725c82-8bbe-48ce-bc29-31b7513f46f6', '47693541-f1ec-4016-943a-edeabbf6f7ad', 'C5', '2026-02-02T03:56:44.695490', '2026-02-02T03:56:44.695490');
INSERT INTO hall_seats (id, cinema_hall_id, seat_type_id, seat_code, created_at, updated_at) VALUES ('32b0eef7-f2c8-40a7-a8a5-421e943eee0f', '09725c82-8bbe-48ce-bc29-31b7513f46f6', '47693541-f1ec-4016-943a-edeabbf6f7ad', 'C6', '2026-02-02T03:56:44.695490', '2026-02-02T03:56:44.695490');
INSERT INTO hall_seats (id, cinema_hall_id, seat_type_id, seat_code, created_at, updated_at) VALUES ('3a8991c2-f9ee-45b2-9364-e88c7c760605', '09725c82-8bbe-48ce-bc29-31b7513f46f6', '47693541-f1ec-4016-943a-edeabbf6f7ad', 'C7', '2026-02-02T03:56:44.695490', '2026-02-02T03:56:44.695490');
INSERT INTO hall_seats (id, cinema_hall_id, seat_type_id, seat_code, created_at, updated_at) VALUES ('f1faeaac-e1c4-4526-89d6-3644d415b5a9', '09725c82-8bbe-48ce-bc29-31b7513f46f6', '47693541-f1ec-4016-943a-edeabbf6f7ad', 'C8', '2026-02-02T03:56:44.695490', '2026-02-02T03:56:44.695490');
INSERT INTO hall_seats (id, cinema_hall_id, seat_type_id, seat_code, created_at, updated_at) VALUES ('a6afa55f-c1ec-4127-ba2d-57f9c14c7fac', '09725c82-8bbe-48ce-bc29-31b7513f46f6', '47693541-f1ec-4016-943a-edeabbf6f7ad', 'D1', '2026-02-02T03:56:44.695577', '2026-02-02T03:56:44.695577');
INSERT INTO hall_seats (id, cinema_hall_id, seat_type_id, seat_code, created_at, updated_at) VALUES ('c5bfa42a-7496-41c4-b85b-ef1f350965e0', '09725c82-8bbe-48ce-bc29-31b7513f46f6', '47693541-f1ec-4016-943a-edeabbf6f7ad', 'D2', '2026-02-02T03:56:44.695577', '2026-02-02T03:56:44.695577');
INSERT INTO hall_seats (id, cinema_hall_id, seat_type_id, seat_code, created_at, updated_at) VALUES ('4b8f23fe-fff0-4c68-aaf2-0b39726539f6', '09725c82-8bbe-48ce-bc29-31b7513f46f6', '47693541-f1ec-4016-943a-edeabbf6f7ad', 'D3', '2026-02-02T03:56:44.695577', '2026-02-02T03:56:44.695577');
INSERT INTO hall_seats (id, cinema_hall_id, seat_type_id, seat_code, created_at, updated_at) VALUES ('6cac0dd7-8239-4ccf-9400-87d0429f7eae', '09725c82-8bbe-48ce-bc29-31b7513f46f6', '47693541-f1ec-4016-943a-edeabbf6f7ad', 'D4', '2026-02-02T03:56:44.695577', '2026-02-02T03:56:44.695577');
INSERT INTO hall_seats (id, cinema_hall_id, seat_type_id, seat_code, created_at, updated_at) VALUES ('5846a803-fe2c-4258-92ec-aacb9517ff46', '09725c82-8bbe-48ce-bc29-31b7513f46f6', '47693541-f1ec-4016-943a-edeabbf6f7ad', 'D5', '2026-02-02T03:56:44.695577', '2026-02-02T03:56:44.695577');
INSERT INTO hall_seats (id, cinema_hall_id, seat_type_id, seat_code, created_at, updated_at) VALUES ('09fd2917-e40f-4475-883e-6050bde7b4c0', '09725c82-8bbe-48ce-bc29-31b7513f46f6', '47693541-f1ec-4016-943a-edeabbf6f7ad', 'D6', '2026-02-02T03:56:44.695577', '2026-02-02T03:56:44.695577');
INSERT INTO hall_seats (id, cinema_hall_id, seat_type_id, seat_code, created_at, updated_at) VALUES ('18a5ae72-0982-476e-812f-8fb5c04231c5', '09725c82-8bbe-48ce-bc29-31b7513f46f6', '47693541-f1ec-4016-943a-edeabbf6f7ad', 'D7', '2026-02-02T03:56:44.695577', '2026-02-02T03:56:44.695577');
INSERT INTO hall_seats (id, cinema_hall_id, seat_type_id, seat_code, created_at, updated_at) VALUES ('aa47fd69-b5d6-4f5c-b21c-45102e2ea2f9', '09725c82-8bbe-48ce-bc29-31b7513f46f6', '47693541-f1ec-4016-943a-edeabbf6f7ad', 'D8', '2026-02-02T03:56:44.695577', '2026-02-02T03:56:44.695577');
INSERT INTO hall_seats (id, cinema_hall_id, seat_type_id, seat_code, created_at, updated_at) VALUES ('fbe57391-31e7-421c-90f0-a817e8793bc7', '09725c82-8bbe-48ce-bc29-31b7513f46f6', '47693541-f1ec-4016-943a-edeabbf6f7ad', 'E1', '2026-02-02T03:56:44.695662', '2026-02-02T03:56:44.695662');
INSERT INTO hall_seats (id, cinema_hall_id, seat_type_id, seat_code, created_at, updated_at) VALUES ('009a24f3-16bd-45af-9a29-5e8182190f3b', '09725c82-8bbe-48ce-bc29-31b7513f46f6', '47693541-f1ec-4016-943a-edeabbf6f7ad', 'E2', '2026-02-02T03:56:44.695662', '2026-02-02T03:56:44.695662');
INSERT INTO hall_seats (id, cinema_hall_id, seat_type_id, seat_code, created_at, updated_at) VALUES ('08e09669-292c-4077-a9bd-044f601b252d', '09725c82-8bbe-48ce-bc29-31b7513f46f6', '47693541-f1ec-4016-943a-edeabbf6f7ad', 'E3', '2026-02-02T03:56:44.695662', '2026-02-02T03:56:44.695662');
INSERT INTO hall_seats (id, cinema_hall_id, seat_type_id, seat_code, created_at, updated_at) VALUES ('7e10352a-9ef1-4df0-be41-73377e9a06b3', '09725c82-8bbe-48ce-bc29-31b7513f46f6', '47693541-f1ec-4016-943a-edeabbf6f7ad', 'E4', '2026-02-02T03:56:44.695662', '2026-02-02T03:56:44.695662');
INSERT INTO hall_seats (id, cinema_hall_id, seat_type_id, seat_code, created_at, updated_at) VALUES ('79478d5c-9b46-41c2-b9e3-d572d17a52a0', '09725c82-8bbe-48ce-bc29-31b7513f46f6', '47693541-f1ec-4016-943a-edeabbf6f7ad', 'E5', '2026-02-02T03:56:44.695662', '2026-02-02T03:56:44.695662');
INSERT INTO hall_seats (id, cinema_hall_id, seat_type_id, seat_code, created_at, updated_at) VALUES ('13b9d9b7-84cd-4751-81cf-e9788a719ebe', '09725c82-8bbe-48ce-bc29-31b7513f46f6', '47693541-f1ec-4016-943a-edeabbf6f7ad', 'E6', '2026-02-02T03:56:44.695662', '2026-02-02T03:56:44.695662');
INSERT INTO hall_seats (id, cinema_hall_id, seat_type_id, seat_code, created_at, updated_at) VALUES ('8946112f-f47b-4f43-b290-6d5af2d60701', '09725c82-8bbe-48ce-bc29-31b7513f46f6', '47693541-f1ec-4016-943a-edeabbf6f7ad', 'E7', '2026-02-02T03:56:44.695662', '2026-02-02T03:56:44.695662');
INSERT INTO hall_seats (id, cinema_hall_id, seat_type_id, seat_code, created_at, updated_at) VALUES ('c7ea2976-5dd6-4f88-9ed8-52f77cd22928', '09725c82-8bbe-48ce-bc29-31b7513f46f6', '47693541-f1ec-4016-943a-edeabbf6f7ad', 'E8', '2026-02-02T03:56:44.695662', '2026-02-02T03:56:44.695662');
INSERT INTO hall_seats (id, cinema_hall_id, seat_type_id, seat_code, created_at, updated_at) VALUES ('93040ea0-0f73-4460-87c4-30357df4a085', '09725c82-8bbe-48ce-bc29-31b7513f46f6', '47693541-f1ec-4016-943a-edeabbf6f7ad', 'F1', '2026-02-02T03:56:44.695745', '2026-02-02T03:56:44.695745');
INSERT INTO hall_seats (id, cinema_hall_id, seat_type_id, seat_code, created_at, updated_at) VALUES ('d61b96f0-37fd-4c79-a0f1-a2714dd4662a', '09725c82-8bbe-48ce-bc29-31b7513f46f6', '47693541-f1ec-4016-943a-edeabbf6f7ad', 'F2', '2026-02-02T03:56:44.695745', '2026-02-02T03:56:44.695745');
INSERT INTO hall_seats (id, cinema_hall_id, seat_type_id, seat_code, created_at, updated_at) VALUES ('c2fff698-884b-45b2-84c6-2471c8211ac5', '09725c82-8bbe-48ce-bc29-31b7513f46f6', '47693541-f1ec-4016-943a-edeabbf6f7ad', 'F3', '2026-02-02T03:56:44.695745', '2026-02-02T03:56:44.695745');
INSERT INTO hall_seats (id, cinema_hall_id, seat_type_id, seat_code, created_at, updated_at) VALUES ('f1930e33-1d5b-4b89-92a4-730faa524065', '09725c82-8bbe-48ce-bc29-31b7513f46f6', '47693541-f1ec-4016-943a-edeabbf6f7ad', 'F4', '2026-02-02T03:56:44.695745', '2026-02-02T03:56:44.695745');
INSERT INTO hall_seats (id, cinema_hall_id, seat_type_id, seat_code, created_at, updated_at) VALUES ('8c10481a-11e8-4846-b899-2d7115143719', '09725c82-8bbe-48ce-bc29-31b7513f46f6', '47693541-f1ec-4016-943a-edeabbf6f7ad', 'F5', '2026-02-02T03:56:44.695745', '2026-02-02T03:56:44.695745');
INSERT INTO hall_seats (id, cinema_hall_id, seat_type_id, seat_code, created_at, updated_at) VALUES ('7ffca7cd-bee5-4d8f-9e2a-309c3a837ac4', '09725c82-8bbe-48ce-bc29-31b7513f46f6', '47693541-f1ec-4016-943a-edeabbf6f7ad', 'F6', '2026-02-02T03:56:44.695745', '2026-02-02T03:56:44.695745');
INSERT INTO hall_seats (id, cinema_hall_id, seat_type_id, seat_code, created_at, updated_at) VALUES ('f4c1dfed-3ac1-4e8a-b468-5762656974db', '09725c82-8bbe-48ce-bc29-31b7513f46f6', '47693541-f1ec-4016-943a-edeabbf6f7ad', 'F7', '2026-02-02T03:56:44.695745', '2026-02-02T03:56:44.695745');
INSERT INTO hall_seats (id, cinema_hall_id, seat_type_id, seat_code, created_at, updated_at) VALUES ('5e23e6e3-6159-489c-9187-e2beb0cfebbe', '09725c82-8bbe-48ce-bc29-31b7513f46f6', '47693541-f1ec-4016-943a-edeabbf6f7ad', 'F8', '2026-02-02T03:56:44.695745', '2026-02-02T03:56:44.695745');
INSERT INTO hall_seats (id, cinema_hall_id, seat_type_id, seat_code, created_at, updated_at) VALUES ('cea8d405-6418-42ed-88ff-3609978e06b8', '09725c82-8bbe-48ce-bc29-31b7513f46f6', '5fe2ca09-db8a-40c2-8cf9-3ee6938ba4f5', 'G1', '2026-02-02T03:56:44.695829', '2026-02-02T03:56:44.695829');
INSERT INTO hall_seats (id, cinema_hall_id, seat_type_id, seat_code, created_at, updated_at) VALUES ('c41e85a5-0555-4fd8-83a6-fdb65677b6fa', '09725c82-8bbe-48ce-bc29-31b7513f46f6', '5fe2ca09-db8a-40c2-8cf9-3ee6938ba4f5', 'G2', '2026-02-02T03:56:44.695829', '2026-02-02T03:56:44.695829');
INSERT INTO hall_seats (id, cinema_hall_id, seat_type_id, seat_code, created_at, updated_at) VALUES ('20fcd905-beb5-490a-92a3-c0f1d43530d9', '09725c82-8bbe-48ce-bc29-31b7513f46f6', '5fe2ca09-db8a-40c2-8cf9-3ee6938ba4f5', 'G3', '2026-02-02T03:56:44.695829', '2026-02-02T03:56:44.695829');
INSERT INTO hall_seats (id, cinema_hall_id, seat_type_id, seat_code, created_at, updated_at) VALUES ('6dfa29ea-4857-4fe5-9d27-74640648a485', '09725c82-8bbe-48ce-bc29-31b7513f46f6', '5fe2ca09-db8a-40c2-8cf9-3ee6938ba4f5', 'G4', '2026-02-02T03:56:44.695829', '2026-02-02T03:56:44.695829');
INSERT INTO hall_seats (id, cinema_hall_id, seat_type_id, seat_code, created_at, updated_at) VALUES ('5897b7a4-3cdc-455e-a319-efb79528bc70', '09725c82-8bbe-48ce-bc29-31b7513f46f6', '5fe2ca09-db8a-40c2-8cf9-3ee6938ba4f5', 'G5', '2026-02-02T03:56:44.695829', '2026-02-02T03:56:44.695829');
INSERT INTO hall_seats (id, cinema_hall_id, seat_type_id, seat_code, created_at, updated_at) VALUES ('ed82a665-b1d4-4260-950c-9f8ccc5e92d3', '09725c82-8bbe-48ce-bc29-31b7513f46f6', '5fe2ca09-db8a-40c2-8cf9-3ee6938ba4f5', 'G6', '2026-02-02T03:56:44.695829', '2026-02-02T03:56:44.695829');
INSERT INTO hall_seats (id, cinema_hall_id, seat_type_id, seat_code, created_at, updated_at) VALUES ('724ae7a1-ecc3-42ac-bb44-1c244c4db1dc', '09725c82-8bbe-48ce-bc29-31b7513f46f6', '5fe2ca09-db8a-40c2-8cf9-3ee6938ba4f5', 'G7', '2026-02-02T03:56:44.695829', '2026-02-02T03:56:44.695829');
INSERT INTO hall_seats (id, cinema_hall_id, seat_type_id, seat_code, created_at, updated_at) VALUES ('9340fb84-d285-4c5c-841b-c2dacae02700', '09725c82-8bbe-48ce-bc29-31b7513f46f6', '5fe2ca09-db8a-40c2-8cf9-3ee6938ba4f5', 'G8', '2026-02-02T03:56:44.695829', '2026-02-02T03:56:44.695829');
INSERT INTO hall_seats (id, cinema_hall_id, seat_type_id, seat_code, created_at, updated_at) VALUES ('7413ee3b-1de9-441d-ac39-c602997edf58', '09725c82-8bbe-48ce-bc29-31b7513f46f6', '5fe2ca09-db8a-40c2-8cf9-3ee6938ba4f5', 'H1', '2026-02-02T03:56:44.695912', '2026-02-02T03:56:44.695912');
INSERT INTO hall_seats (id, cinema_hall_id, seat_type_id, seat_code, created_at, updated_at) VALUES ('900267f4-bf85-456a-9cc2-8d6a1efa2517', '09725c82-8bbe-48ce-bc29-31b7513f46f6', '5fe2ca09-db8a-40c2-8cf9-3ee6938ba4f5', 'H2', '2026-02-02T03:56:44.695912', '2026-02-02T03:56:44.695912');
INSERT INTO hall_seats (id, cinema_hall_id, seat_type_id, seat_code, created_at, updated_at) VALUES ('50b4d3ab-8972-42d9-967e-74d37a28daf1', '09725c82-8bbe-48ce-bc29-31b7513f46f6', '5fe2ca09-db8a-40c2-8cf9-3ee6938ba4f5', 'H3', '2026-02-02T03:56:44.695912', '2026-02-02T03:56:44.695912');
INSERT INTO hall_seats (id, cinema_hall_id, seat_type_id, seat_code, created_at, updated_at) VALUES ('b978e7d3-2a52-479b-a867-13137865accf', '09725c82-8bbe-48ce-bc29-31b7513f46f6', '5fe2ca09-db8a-40c2-8cf9-3ee6938ba4f5', 'H4', '2026-02-02T03:56:44.695912', '2026-02-02T03:56:44.695912');
INSERT INTO hall_seats (id, cinema_hall_id, seat_type_id, seat_code, created_at, updated_at) VALUES ('eae8f005-9f9f-419f-90ad-30a6766c4b69', '09725c82-8bbe-48ce-bc29-31b7513f46f6', '5fe2ca09-db8a-40c2-8cf9-3ee6938ba4f5', 'H5', '2026-02-02T03:56:44.695912', '2026-02-02T03:56:44.695912');
INSERT INTO hall_seats (id, cinema_hall_id, seat_type_id, seat_code, created_at, updated_at) VALUES ('2c4c0c10-34c2-45bb-bf00-c04b5300cc4a', '09725c82-8bbe-48ce-bc29-31b7513f46f6', '5fe2ca09-db8a-40c2-8cf9-3ee6938ba4f5', 'H6', '2026-02-02T03:56:44.695912', '2026-02-02T03:56:44.695912');
INSERT INTO hall_seats (id, cinema_hall_id, seat_type_id, seat_code, created_at, updated_at) VALUES ('47a36430-ac11-4630-907d-275f3c854c92', '09725c82-8bbe-48ce-bc29-31b7513f46f6', '5fe2ca09-db8a-40c2-8cf9-3ee6938ba4f5', 'H7', '2026-02-02T03:56:44.695912', '2026-02-02T03:56:44.695912');
INSERT INTO hall_seats (id, cinema_hall_id, seat_type_id, seat_code, created_at, updated_at) VALUES ('e898d1d8-0c1e-4968-aac4-a377efbd3436', '09725c82-8bbe-48ce-bc29-31b7513f46f6', '5fe2ca09-db8a-40c2-8cf9-3ee6938ba4f5', 'H8', '2026-02-02T03:56:44.695912', '2026-02-02T03:56:44.695912');
INSERT INTO hall_seats (id, cinema_hall_id, seat_type_id, seat_code, created_at, updated_at) VALUES ('f327bc42-6e36-4671-b002-4c299e423509', '09725c82-8bbe-48ce-bc29-31b7513f46f6', '11dbb2bb-b9a5-4148-bcf2-76d1567dae5d', 'I1', '2026-02-02T03:56:44.695991', '2026-02-02T03:56:44.695991');
INSERT INTO hall_seats (id, cinema_hall_id, seat_type_id, seat_code, created_at, updated_at) VALUES ('64595c24-de1c-4d5e-9e89-bde98353897a', '09725c82-8bbe-48ce-bc29-31b7513f46f6', '11dbb2bb-b9a5-4148-bcf2-76d1567dae5d', 'I2', '2026-02-02T03:56:44.695991', '2026-02-02T03:56:44.695991');
INSERT INTO hall_seats (id, cinema_hall_id, seat_type_id, seat_code, created_at, updated_at) VALUES ('2738c976-f163-4da2-bba9-5b8422ced1d2', '09725c82-8bbe-48ce-bc29-31b7513f46f6', '11dbb2bb-b9a5-4148-bcf2-76d1567dae5d', 'I3', '2026-02-02T03:56:44.695991', '2026-02-02T03:56:44.695991');
INSERT INTO hall_seats (id, cinema_hall_id, seat_type_id, seat_code, created_at, updated_at) VALUES ('2c9f735b-b6ba-44da-8423-9be3e1a803ae', '09725c82-8bbe-48ce-bc29-31b7513f46f6', '11dbb2bb-b9a5-4148-bcf2-76d1567dae5d', 'I4', '2026-02-02T03:56:44.695991', '2026-02-02T03:56:44.695991');
INSERT INTO hall_seats (id, cinema_hall_id, seat_type_id, seat_code, created_at, updated_at) VALUES ('a0293327-4de2-4100-9831-67979aa68b4e', 'ff03477d-db27-4d57-bd3b-e06ed1bcdb87', '47693541-f1ec-4016-943a-edeabbf6f7ad', 'A1', '2026-02-02T03:56:44.696042', '2026-02-02T03:56:44.696042');
INSERT INTO hall_seats (id, cinema_hall_id, seat_type_id, seat_code, created_at, updated_at) VALUES ('ccd4c295-e426-48d3-991e-6e7c1a8bf5c8', 'ff03477d-db27-4d57-bd3b-e06ed1bcdb87', '47693541-f1ec-4016-943a-edeabbf6f7ad', 'A2', '2026-02-02T03:56:44.696042', '2026-02-02T03:56:44.696042');
INSERT INTO hall_seats (id, cinema_hall_id, seat_type_id, seat_code, created_at, updated_at) VALUES ('ac136e63-2b55-4514-bda9-b336d518bae0', 'ff03477d-db27-4d57-bd3b-e06ed1bcdb87', '47693541-f1ec-4016-943a-edeabbf6f7ad', 'A3', '2026-02-02T03:56:44.696042', '2026-02-02T03:56:44.696042');
INSERT INTO hall_seats (id, cinema_hall_id, seat_type_id, seat_code, created_at, updated_at) VALUES ('7af43390-2a8f-405f-80f7-eb5192e0e5a0', 'ff03477d-db27-4d57-bd3b-e06ed1bcdb87', '47693541-f1ec-4016-943a-edeabbf6f7ad', 'A4', '2026-02-02T03:56:44.696042', '2026-02-02T03:56:44.696042');
INSERT INTO hall_seats (id, cinema_hall_id, seat_type_id, seat_code, created_at, updated_at) VALUES ('facc6e5f-e46c-4e22-a827-faa44031e659', 'ff03477d-db27-4d57-bd3b-e06ed1bcdb87', '47693541-f1ec-4016-943a-edeabbf6f7ad', 'A5', '2026-02-02T03:56:44.696042', '2026-02-02T03:56:44.696042');
INSERT INTO hall_seats (id, cinema_hall_id, seat_type_id, seat_code, created_at, updated_at) VALUES ('013737cc-bcc5-4476-b833-a17801427ec0', 'ff03477d-db27-4d57-bd3b-e06ed1bcdb87', '47693541-f1ec-4016-943a-edeabbf6f7ad', 'A6', '2026-02-02T03:56:44.696042', '2026-02-02T03:56:44.696042');
INSERT INTO hall_seats (id, cinema_hall_id, seat_type_id, seat_code, created_at, updated_at) VALUES ('9a6013c1-ba60-44e4-977e-fe70e29a043a', 'ff03477d-db27-4d57-bd3b-e06ed1bcdb87', '47693541-f1ec-4016-943a-edeabbf6f7ad', 'A7', '2026-02-02T03:56:44.696042', '2026-02-02T03:56:44.696042');
INSERT INTO hall_seats (id, cinema_hall_id, seat_type_id, seat_code, created_at, updated_at) VALUES ('a9d0ee1c-6bb3-4294-97f3-5f23fa79c4c5', 'ff03477d-db27-4d57-bd3b-e06ed1bcdb87', '47693541-f1ec-4016-943a-edeabbf6f7ad', 'A8', '2026-02-02T03:56:44.696042', '2026-02-02T03:56:44.696042');
INSERT INTO hall_seats (id, cinema_hall_id, seat_type_id, seat_code, created_at, updated_at) VALUES ('158d0e00-309f-475c-bb75-19dba563e1a8', 'ff03477d-db27-4d57-bd3b-e06ed1bcdb87', '47693541-f1ec-4016-943a-edeabbf6f7ad', 'B1', '2026-02-02T03:56:44.696130', '2026-02-02T03:56:44.696130');
INSERT INTO hall_seats (id, cinema_hall_id, seat_type_id, seat_code, created_at, updated_at) VALUES ('d838c5e9-dbb6-477c-b678-6734928b3189', 'ff03477d-db27-4d57-bd3b-e06ed1bcdb87', '47693541-f1ec-4016-943a-edeabbf6f7ad', 'B2', '2026-02-02T03:56:44.696130', '2026-02-02T03:56:44.696130');
INSERT INTO hall_seats (id, cinema_hall_id, seat_type_id, seat_code, created_at, updated_at) VALUES ('07cae3ae-9b72-4ff9-9121-d59eda8e4598', 'ff03477d-db27-4d57-bd3b-e06ed1bcdb87', '47693541-f1ec-4016-943a-edeabbf6f7ad', 'B3', '2026-02-02T03:56:44.696130', '2026-02-02T03:56:44.696130');
INSERT INTO hall_seats (id, cinema_hall_id, seat_type_id, seat_code, created_at, updated_at) VALUES ('c441ba4a-cf97-427a-aae3-845d5de50541', 'ff03477d-db27-4d57-bd3b-e06ed1bcdb87', '47693541-f1ec-4016-943a-edeabbf6f7ad', 'B4', '2026-02-02T03:56:44.696130', '2026-02-02T03:56:44.696130');
INSERT INTO hall_seats (id, cinema_hall_id, seat_type_id, seat_code, created_at, updated_at) VALUES ('17b614a6-7239-4796-9f29-73f5dc83c1a6', 'ff03477d-db27-4d57-bd3b-e06ed1bcdb87', '47693541-f1ec-4016-943a-edeabbf6f7ad', 'B5', '2026-02-02T03:56:44.696130', '2026-02-02T03:56:44.696130');
INSERT INTO hall_seats (id, cinema_hall_id, seat_type_id, seat_code, created_at, updated_at) VALUES ('e00a6fcf-966c-48af-9a0c-7b18f9352787', 'ff03477d-db27-4d57-bd3b-e06ed1bcdb87', '47693541-f1ec-4016-943a-edeabbf6f7ad', 'B6', '2026-02-02T03:56:44.696130', '2026-02-02T03:56:44.696130');
INSERT INTO hall_seats (id, cinema_hall_id, seat_type_id, seat_code, created_at, updated_at) VALUES ('fc26d350-bf25-4dcc-9808-f883420faca3', 'ff03477d-db27-4d57-bd3b-e06ed1bcdb87', '47693541-f1ec-4016-943a-edeabbf6f7ad', 'B7', '2026-02-02T03:56:44.696130', '2026-02-02T03:56:44.696130');
INSERT INTO hall_seats (id, cinema_hall_id, seat_type_id, seat_code, created_at, updated_at) VALUES ('038f90ae-91a0-42d5-9d5f-488dfbf318e9', 'ff03477d-db27-4d57-bd3b-e06ed1bcdb87', '47693541-f1ec-4016-943a-edeabbf6f7ad', 'B8', '2026-02-02T03:56:44.696130', '2026-02-02T03:56:44.696130');
INSERT INTO hall_seats (id, cinema_hall_id, seat_type_id, seat_code, created_at, updated_at) VALUES ('7fe9b2e4-0937-4c3c-b931-21e57d5a622f', 'ff03477d-db27-4d57-bd3b-e06ed1bcdb87', '47693541-f1ec-4016-943a-edeabbf6f7ad', 'C1', '2026-02-02T03:56:44.696218', '2026-02-02T03:56:44.696218');
INSERT INTO hall_seats (id, cinema_hall_id, seat_type_id, seat_code, created_at, updated_at) VALUES ('78d0f7a8-5afc-43d1-affd-be42ada3f598', 'ff03477d-db27-4d57-bd3b-e06ed1bcdb87', '47693541-f1ec-4016-943a-edeabbf6f7ad', 'C2', '2026-02-02T03:56:44.696218', '2026-02-02T03:56:44.696218');
INSERT INTO hall_seats (id, cinema_hall_id, seat_type_id, seat_code, created_at, updated_at) VALUES ('f8f1c393-d915-4417-b268-b520d382bfd4', 'ff03477d-db27-4d57-bd3b-e06ed1bcdb87', '47693541-f1ec-4016-943a-edeabbf6f7ad', 'C3', '2026-02-02T03:56:44.696218', '2026-02-02T03:56:44.696218');
INSERT INTO hall_seats (id, cinema_hall_id, seat_type_id, seat_code, created_at, updated_at) VALUES ('6c8234e0-b47f-4a58-86bd-06a469920af3', 'ff03477d-db27-4d57-bd3b-e06ed1bcdb87', '47693541-f1ec-4016-943a-edeabbf6f7ad', 'C4', '2026-02-02T03:56:44.696218', '2026-02-02T03:56:44.696218');
INSERT INTO hall_seats (id, cinema_hall_id, seat_type_id, seat_code, created_at, updated_at) VALUES ('55022d70-8373-416e-9182-68cd0aff49da', 'ff03477d-db27-4d57-bd3b-e06ed1bcdb87', '47693541-f1ec-4016-943a-edeabbf6f7ad', 'C5', '2026-02-02T03:56:44.696218', '2026-02-02T03:56:44.696218');
INSERT INTO hall_seats (id, cinema_hall_id, seat_type_id, seat_code, created_at, updated_at) VALUES ('ec3f9288-c352-4471-9db3-b113de7d42bc', 'ff03477d-db27-4d57-bd3b-e06ed1bcdb87', '47693541-f1ec-4016-943a-edeabbf6f7ad', 'C6', '2026-02-02T03:56:44.696218', '2026-02-02T03:56:44.696218');
INSERT INTO hall_seats (id, cinema_hall_id, seat_type_id, seat_code, created_at, updated_at) VALUES ('15515ffa-dc3a-4e16-90fd-85705e63a87b', 'ff03477d-db27-4d57-bd3b-e06ed1bcdb87', '47693541-f1ec-4016-943a-edeabbf6f7ad', 'C7', '2026-02-02T03:56:44.696218', '2026-02-02T03:56:44.696218');
INSERT INTO hall_seats (id, cinema_hall_id, seat_type_id, seat_code, created_at, updated_at) VALUES ('5e54dfc8-14ef-4291-8716-0e8b3248b9e0', 'ff03477d-db27-4d57-bd3b-e06ed1bcdb87', '47693541-f1ec-4016-943a-edeabbf6f7ad', 'C8', '2026-02-02T03:56:44.696218', '2026-02-02T03:56:44.696218');
INSERT INTO hall_seats (id, cinema_hall_id, seat_type_id, seat_code, created_at, updated_at) VALUES ('2e9f9e00-2a87-4c4e-969b-ae9a44ac2f2a', 'ff03477d-db27-4d57-bd3b-e06ed1bcdb87', '47693541-f1ec-4016-943a-edeabbf6f7ad', 'D1', '2026-02-02T03:56:44.696304', '2026-02-02T03:56:44.696304');
INSERT INTO hall_seats (id, cinema_hall_id, seat_type_id, seat_code, created_at, updated_at) VALUES ('43c4eb26-d8b7-4ef2-a753-390a7c889990', 'ff03477d-db27-4d57-bd3b-e06ed1bcdb87', '47693541-f1ec-4016-943a-edeabbf6f7ad', 'D2', '2026-02-02T03:56:44.696304', '2026-02-02T03:56:44.696304');
INSERT INTO hall_seats (id, cinema_hall_id, seat_type_id, seat_code, created_at, updated_at) VALUES ('c63b3b5d-cc72-4fb4-8fa4-764390ff8882', 'ff03477d-db27-4d57-bd3b-e06ed1bcdb87', '47693541-f1ec-4016-943a-edeabbf6f7ad', 'D3', '2026-02-02T03:56:44.696304', '2026-02-02T03:56:44.696304');
INSERT INTO hall_seats (id, cinema_hall_id, seat_type_id, seat_code, created_at, updated_at) VALUES ('09d5e4f5-cad5-4005-9e6a-0d3fcafb08f7', 'ff03477d-db27-4d57-bd3b-e06ed1bcdb87', '47693541-f1ec-4016-943a-edeabbf6f7ad', 'D4', '2026-02-02T03:56:44.696304', '2026-02-02T03:56:44.696304');
INSERT INTO hall_seats (id, cinema_hall_id, seat_type_id, seat_code, created_at, updated_at) VALUES ('5983374c-7fed-4674-a398-4c52de95d6ef', 'ff03477d-db27-4d57-bd3b-e06ed1bcdb87', '47693541-f1ec-4016-943a-edeabbf6f7ad', 'D5', '2026-02-02T03:56:44.696304', '2026-02-02T03:56:44.696304');
INSERT INTO hall_seats (id, cinema_hall_id, seat_type_id, seat_code, created_at, updated_at) VALUES ('ef8803c3-ebb4-457e-afe6-d589c597db99', 'ff03477d-db27-4d57-bd3b-e06ed1bcdb87', '47693541-f1ec-4016-943a-edeabbf6f7ad', 'D6', '2026-02-02T03:56:44.696304', '2026-02-02T03:56:44.696304');
INSERT INTO hall_seats (id, cinema_hall_id, seat_type_id, seat_code, created_at, updated_at) VALUES ('8d36dd1f-a510-4304-9d6c-e48e4bdce8c4', 'ff03477d-db27-4d57-bd3b-e06ed1bcdb87', '47693541-f1ec-4016-943a-edeabbf6f7ad', 'D7', '2026-02-02T03:56:44.696304', '2026-02-02T03:56:44.696304');
INSERT INTO hall_seats (id, cinema_hall_id, seat_type_id, seat_code, created_at, updated_at) VALUES ('1958e37f-ee47-407c-ae05-f20ba2728cda', 'ff03477d-db27-4d57-bd3b-e06ed1bcdb87', '47693541-f1ec-4016-943a-edeabbf6f7ad', 'D8', '2026-02-02T03:56:44.696304', '2026-02-02T03:56:44.696304');
INSERT INTO hall_seats (id, cinema_hall_id, seat_type_id, seat_code, created_at, updated_at) VALUES ('41b02a93-0471-4c6a-84af-8a42ca88e9de', 'ff03477d-db27-4d57-bd3b-e06ed1bcdb87', '47693541-f1ec-4016-943a-edeabbf6f7ad', 'E1', '2026-02-02T03:56:44.696395', '2026-02-02T03:56:44.696395');
INSERT INTO hall_seats (id, cinema_hall_id, seat_type_id, seat_code, created_at, updated_at) VALUES ('b229d897-1748-43f9-9c56-e029f47a5e09', 'ff03477d-db27-4d57-bd3b-e06ed1bcdb87', '47693541-f1ec-4016-943a-edeabbf6f7ad', 'E2', '2026-02-02T03:56:44.696395', '2026-02-02T03:56:44.696395');
INSERT INTO hall_seats (id, cinema_hall_id, seat_type_id, seat_code, created_at, updated_at) VALUES ('44a6aa0e-b3a4-4b33-b7c3-a302127fd64e', 'ff03477d-db27-4d57-bd3b-e06ed1bcdb87', '47693541-f1ec-4016-943a-edeabbf6f7ad', 'E3', '2026-02-02T03:56:44.696395', '2026-02-02T03:56:44.696395');
INSERT INTO hall_seats (id, cinema_hall_id, seat_type_id, seat_code, created_at, updated_at) VALUES ('47a50d5a-4d34-4b37-a6e6-170e8c49391b', 'ff03477d-db27-4d57-bd3b-e06ed1bcdb87', '47693541-f1ec-4016-943a-edeabbf6f7ad', 'E4', '2026-02-02T03:56:44.696395', '2026-02-02T03:56:44.696395');
INSERT INTO hall_seats (id, cinema_hall_id, seat_type_id, seat_code, created_at, updated_at) VALUES ('aba77deb-0791-4c25-aea3-9588668f873a', 'ff03477d-db27-4d57-bd3b-e06ed1bcdb87', '47693541-f1ec-4016-943a-edeabbf6f7ad', 'E5', '2026-02-02T03:56:44.696395', '2026-02-02T03:56:44.696395');
INSERT INTO hall_seats (id, cinema_hall_id, seat_type_id, seat_code, created_at, updated_at) VALUES ('a2aaf501-3dc2-43d6-8e59-418cd889e402', 'ff03477d-db27-4d57-bd3b-e06ed1bcdb87', '47693541-f1ec-4016-943a-edeabbf6f7ad', 'E6', '2026-02-02T03:56:44.696395', '2026-02-02T03:56:44.696395');
INSERT INTO hall_seats (id, cinema_hall_id, seat_type_id, seat_code, created_at, updated_at) VALUES ('de0ecc21-61b3-4eb3-b667-1fad9e59bf16', 'ff03477d-db27-4d57-bd3b-e06ed1bcdb87', '47693541-f1ec-4016-943a-edeabbf6f7ad', 'E7', '2026-02-02T03:56:44.696395', '2026-02-02T03:56:44.696395');
INSERT INTO hall_seats (id, cinema_hall_id, seat_type_id, seat_code, created_at, updated_at) VALUES ('869a4ff7-7287-4833-bbf4-14d171bc3e6c', 'ff03477d-db27-4d57-bd3b-e06ed1bcdb87', '47693541-f1ec-4016-943a-edeabbf6f7ad', 'E8', '2026-02-02T03:56:44.696395', '2026-02-02T03:56:44.696395');
INSERT INTO hall_seats (id, cinema_hall_id, seat_type_id, seat_code, created_at, updated_at) VALUES ('e6e8e7e8-8920-4522-b336-41c086177fda', 'ff03477d-db27-4d57-bd3b-e06ed1bcdb87', '47693541-f1ec-4016-943a-edeabbf6f7ad', 'F1', '2026-02-02T03:56:44.696483', '2026-02-02T03:56:44.696483');
INSERT INTO hall_seats (id, cinema_hall_id, seat_type_id, seat_code, created_at, updated_at) VALUES ('991f80ae-1b51-4182-a863-09f0d2539973', 'ff03477d-db27-4d57-bd3b-e06ed1bcdb87', '47693541-f1ec-4016-943a-edeabbf6f7ad', 'F2', '2026-02-02T03:56:44.696483', '2026-02-02T03:56:44.696483');
INSERT INTO hall_seats (id, cinema_hall_id, seat_type_id, seat_code, created_at, updated_at) VALUES ('236ad40b-ef08-4d3a-bce4-07658baebb50', 'ff03477d-db27-4d57-bd3b-e06ed1bcdb87', '47693541-f1ec-4016-943a-edeabbf6f7ad', 'F3', '2026-02-02T03:56:44.696483', '2026-02-02T03:56:44.696483');
INSERT INTO hall_seats (id, cinema_hall_id, seat_type_id, seat_code, created_at, updated_at) VALUES ('69ffcf7d-bbb1-4e61-a3b7-922a5330fae2', 'ff03477d-db27-4d57-bd3b-e06ed1bcdb87', '47693541-f1ec-4016-943a-edeabbf6f7ad', 'F4', '2026-02-02T03:56:44.696483', '2026-02-02T03:56:44.696483');
INSERT INTO hall_seats (id, cinema_hall_id, seat_type_id, seat_code, created_at, updated_at) VALUES ('23473310-fd54-421d-a70d-5c5d364b54ef', 'ff03477d-db27-4d57-bd3b-e06ed1bcdb87', '47693541-f1ec-4016-943a-edeabbf6f7ad', 'F5', '2026-02-02T03:56:44.696483', '2026-02-02T03:56:44.696483');
INSERT INTO hall_seats (id, cinema_hall_id, seat_type_id, seat_code, created_at, updated_at) VALUES ('359101fa-608e-460d-8c93-5347c90332a2', 'ff03477d-db27-4d57-bd3b-e06ed1bcdb87', '47693541-f1ec-4016-943a-edeabbf6f7ad', 'F6', '2026-02-02T03:56:44.696483', '2026-02-02T03:56:44.696483');
INSERT INTO hall_seats (id, cinema_hall_id, seat_type_id, seat_code, created_at, updated_at) VALUES ('303e695b-aef5-40d2-a225-1dfcd5b089a2', 'ff03477d-db27-4d57-bd3b-e06ed1bcdb87', '47693541-f1ec-4016-943a-edeabbf6f7ad', 'F7', '2026-02-02T03:56:44.696483', '2026-02-02T03:56:44.696483');
INSERT INTO hall_seats (id, cinema_hall_id, seat_type_id, seat_code, created_at, updated_at) VALUES ('e7c103bd-1411-429e-bf93-c300b107b3bb', 'ff03477d-db27-4d57-bd3b-e06ed1bcdb87', '47693541-f1ec-4016-943a-edeabbf6f7ad', 'F8', '2026-02-02T03:56:44.696483', '2026-02-02T03:56:44.696483');
INSERT INTO hall_seats (id, cinema_hall_id, seat_type_id, seat_code, created_at, updated_at) VALUES ('402dc51d-2da6-4665-b41b-f45dd8e2babd', 'ff03477d-db27-4d57-bd3b-e06ed1bcdb87', '5fe2ca09-db8a-40c2-8cf9-3ee6938ba4f5', 'G1', '2026-02-02T03:56:44.696566', '2026-02-02T03:56:44.696566');
INSERT INTO hall_seats (id, cinema_hall_id, seat_type_id, seat_code, created_at, updated_at) VALUES ('d22402cf-5d3b-44f7-a77b-14f8cf8a4f0d', 'ff03477d-db27-4d57-bd3b-e06ed1bcdb87', '5fe2ca09-db8a-40c2-8cf9-3ee6938ba4f5', 'G2', '2026-02-02T03:56:44.696566', '2026-02-02T03:56:44.696566');
INSERT INTO hall_seats (id, cinema_hall_id, seat_type_id, seat_code, created_at, updated_at) VALUES ('9a13eb96-bb1a-4e0d-8214-1fd08597e018', 'ff03477d-db27-4d57-bd3b-e06ed1bcdb87', '5fe2ca09-db8a-40c2-8cf9-3ee6938ba4f5', 'G3', '2026-02-02T03:56:44.696566', '2026-02-02T03:56:44.696566');
INSERT INTO hall_seats (id, cinema_hall_id, seat_type_id, seat_code, created_at, updated_at) VALUES ('872bf6e2-277b-4646-a5de-7f5162608122', 'ff03477d-db27-4d57-bd3b-e06ed1bcdb87', '5fe2ca09-db8a-40c2-8cf9-3ee6938ba4f5', 'G4', '2026-02-02T03:56:44.696566', '2026-02-02T03:56:44.696566');
INSERT INTO hall_seats (id, cinema_hall_id, seat_type_id, seat_code, created_at, updated_at) VALUES ('512754a6-1733-448f-aa8e-2633935575f5', 'ff03477d-db27-4d57-bd3b-e06ed1bcdb87', '5fe2ca09-db8a-40c2-8cf9-3ee6938ba4f5', 'G5', '2026-02-02T03:56:44.696566', '2026-02-02T03:56:44.696566');
INSERT INTO hall_seats (id, cinema_hall_id, seat_type_id, seat_code, created_at, updated_at) VALUES ('016afbd9-aa37-424a-bdda-5ac84cb992d6', 'ff03477d-db27-4d57-bd3b-e06ed1bcdb87', '5fe2ca09-db8a-40c2-8cf9-3ee6938ba4f5', 'G6', '2026-02-02T03:56:44.696566', '2026-02-02T03:56:44.696566');
INSERT INTO hall_seats (id, cinema_hall_id, seat_type_id, seat_code, created_at, updated_at) VALUES ('ea79df3f-265f-477f-bb2e-af937a559bdc', 'ff03477d-db27-4d57-bd3b-e06ed1bcdb87', '5fe2ca09-db8a-40c2-8cf9-3ee6938ba4f5', 'G7', '2026-02-02T03:56:44.696566', '2026-02-02T03:56:44.696566');
INSERT INTO hall_seats (id, cinema_hall_id, seat_type_id, seat_code, created_at, updated_at) VALUES ('e4518e0a-f7cb-4c11-9fe6-31d0fe1325e6', 'ff03477d-db27-4d57-bd3b-e06ed1bcdb87', '5fe2ca09-db8a-40c2-8cf9-3ee6938ba4f5', 'G8', '2026-02-02T03:56:44.696566', '2026-02-02T03:56:44.696566');
INSERT INTO hall_seats (id, cinema_hall_id, seat_type_id, seat_code, created_at, updated_at) VALUES ('ca5238fd-3df7-45dc-b4d5-8a8db70ab5e5', 'ff03477d-db27-4d57-bd3b-e06ed1bcdb87', '5fe2ca09-db8a-40c2-8cf9-3ee6938ba4f5', 'H1', '2026-02-02T03:56:44.696646', '2026-02-02T03:56:44.696646');
INSERT INTO hall_seats (id, cinema_hall_id, seat_type_id, seat_code, created_at, updated_at) VALUES ('7b4f80ee-6b27-4ae3-8a14-d527b90f5943', 'ff03477d-db27-4d57-bd3b-e06ed1bcdb87', '5fe2ca09-db8a-40c2-8cf9-3ee6938ba4f5', 'H2', '2026-02-02T03:56:44.696646', '2026-02-02T03:56:44.696646');
INSERT INTO hall_seats (id, cinema_hall_id, seat_type_id, seat_code, created_at, updated_at) VALUES ('1e5fce73-e770-4e56-84cf-56001a962478', 'ff03477d-db27-4d57-bd3b-e06ed1bcdb87', '5fe2ca09-db8a-40c2-8cf9-3ee6938ba4f5', 'H3', '2026-02-02T03:56:44.696646', '2026-02-02T03:56:44.696646');
INSERT INTO hall_seats (id, cinema_hall_id, seat_type_id, seat_code, created_at, updated_at) VALUES ('fbc2de43-047e-4204-953a-8503af5a6e2f', 'ff03477d-db27-4d57-bd3b-e06ed1bcdb87', '5fe2ca09-db8a-40c2-8cf9-3ee6938ba4f5', 'H4', '2026-02-02T03:56:44.696646', '2026-02-02T03:56:44.696646');
INSERT INTO hall_seats (id, cinema_hall_id, seat_type_id, seat_code, created_at, updated_at) VALUES ('69bd49b4-d23d-4432-8419-c04ac9fc5f8d', 'ff03477d-db27-4d57-bd3b-e06ed1bcdb87', '5fe2ca09-db8a-40c2-8cf9-3ee6938ba4f5', 'H5', '2026-02-02T03:56:44.696646', '2026-02-02T03:56:44.696646');
INSERT INTO hall_seats (id, cinema_hall_id, seat_type_id, seat_code, created_at, updated_at) VALUES ('924244e5-faef-4c84-9c47-d84cc58ac9b3', 'ff03477d-db27-4d57-bd3b-e06ed1bcdb87', '5fe2ca09-db8a-40c2-8cf9-3ee6938ba4f5', 'H6', '2026-02-02T03:56:44.696646', '2026-02-02T03:56:44.696646');
INSERT INTO hall_seats (id, cinema_hall_id, seat_type_id, seat_code, created_at, updated_at) VALUES ('8ce9094d-e4bd-4bd8-ab01-c6f42e7d1f23', 'ff03477d-db27-4d57-bd3b-e06ed1bcdb87', '5fe2ca09-db8a-40c2-8cf9-3ee6938ba4f5', 'H7', '2026-02-02T03:56:44.696646', '2026-02-02T03:56:44.696646');
INSERT INTO hall_seats (id, cinema_hall_id, seat_type_id, seat_code, created_at, updated_at) VALUES ('76e8a335-31e2-40da-922a-3a6fc10c0d45', 'ff03477d-db27-4d57-bd3b-e06ed1bcdb87', '5fe2ca09-db8a-40c2-8cf9-3ee6938ba4f5', 'H8', '2026-02-02T03:56:44.696646', '2026-02-02T03:56:44.696646');
INSERT INTO hall_seats (id, cinema_hall_id, seat_type_id, seat_code, created_at, updated_at) VALUES ('e25f51fe-c9fe-4fed-97c1-3216ec24a158', 'ff03477d-db27-4d57-bd3b-e06ed1bcdb87', '11dbb2bb-b9a5-4148-bcf2-76d1567dae5d', 'I1', '2026-02-02T03:56:44.696736', '2026-02-02T03:56:44.696736');
INSERT INTO hall_seats (id, cinema_hall_id, seat_type_id, seat_code, created_at, updated_at) VALUES ('6a8451d4-a3ea-4b7b-99cb-bd31fd0372d9', 'ff03477d-db27-4d57-bd3b-e06ed1bcdb87', '11dbb2bb-b9a5-4148-bcf2-76d1567dae5d', 'I2', '2026-02-02T03:56:44.696736', '2026-02-02T03:56:44.696736');
INSERT INTO hall_seats (id, cinema_hall_id, seat_type_id, seat_code, created_at, updated_at) VALUES ('f8729b43-461a-46dc-a713-048526b51bd8', 'ff03477d-db27-4d57-bd3b-e06ed1bcdb87', '11dbb2bb-b9a5-4148-bcf2-76d1567dae5d', 'I3', '2026-02-02T03:56:44.696736', '2026-02-02T03:56:44.696736');
INSERT INTO hall_seats (id, cinema_hall_id, seat_type_id, seat_code, created_at, updated_at) VALUES ('2d695b4b-90c5-41ee-b8a1-28fcf9bd2474', 'ff03477d-db27-4d57-bd3b-e06ed1bcdb87', '11dbb2bb-b9a5-4148-bcf2-76d1567dae5d', 'I4', '2026-02-02T03:56:44.696736', '2026-02-02T03:56:44.696736');
INSERT INTO hall_seats (id, cinema_hall_id, seat_type_id, seat_code, created_at, updated_at) VALUES ('ccf8acef-c1b8-4bdd-b270-e08607f53aa7', 'f308a6cd-7db0-4e8f-9086-3b368ff8b91a', '47693541-f1ec-4016-943a-edeabbf6f7ad', 'A1', '2026-02-02T03:56:44.696785', '2026-02-02T03:56:44.696785');
INSERT INTO hall_seats (id, cinema_hall_id, seat_type_id, seat_code, created_at, updated_at) VALUES ('d8d5d6e4-f6e4-477c-bbfc-356b50eb4f25', 'f308a6cd-7db0-4e8f-9086-3b368ff8b91a', '47693541-f1ec-4016-943a-edeabbf6f7ad', 'A2', '2026-02-02T03:56:44.696785', '2026-02-02T03:56:44.696785');
INSERT INTO hall_seats (id, cinema_hall_id, seat_type_id, seat_code, created_at, updated_at) VALUES ('5bba8d10-0b7f-482c-92a4-7651bc743dbf', 'f308a6cd-7db0-4e8f-9086-3b368ff8b91a', '47693541-f1ec-4016-943a-edeabbf6f7ad', 'A3', '2026-02-02T03:56:44.696785', '2026-02-02T03:56:44.696785');
INSERT INTO hall_seats (id, cinema_hall_id, seat_type_id, seat_code, created_at, updated_at) VALUES ('4f475ab4-f112-4bee-adba-6163520b1bbe', 'f308a6cd-7db0-4e8f-9086-3b368ff8b91a', '47693541-f1ec-4016-943a-edeabbf6f7ad', 'A4', '2026-02-02T03:56:44.696785', '2026-02-02T03:56:44.696785');
INSERT INTO hall_seats (id, cinema_hall_id, seat_type_id, seat_code, created_at, updated_at) VALUES ('dae1d00a-8a63-4749-8b5a-cbbb25dded26', 'f308a6cd-7db0-4e8f-9086-3b368ff8b91a', '47693541-f1ec-4016-943a-edeabbf6f7ad', 'A5', '2026-02-02T03:56:44.696785', '2026-02-02T03:56:44.696785');
INSERT INTO hall_seats (id, cinema_hall_id, seat_type_id, seat_code, created_at, updated_at) VALUES ('8ccfded0-5008-4ff6-9414-d145717d9298', 'f308a6cd-7db0-4e8f-9086-3b368ff8b91a', '47693541-f1ec-4016-943a-edeabbf6f7ad', 'A6', '2026-02-02T03:56:44.696785', '2026-02-02T03:56:44.696785');
INSERT INTO hall_seats (id, cinema_hall_id, seat_type_id, seat_code, created_at, updated_at) VALUES ('7f06a957-d3a6-4595-b725-5cfbe63847d3', 'f308a6cd-7db0-4e8f-9086-3b368ff8b91a', '47693541-f1ec-4016-943a-edeabbf6f7ad', 'A7', '2026-02-02T03:56:44.696785', '2026-02-02T03:56:44.696785');
INSERT INTO hall_seats (id, cinema_hall_id, seat_type_id, seat_code, created_at, updated_at) VALUES ('df2dc24a-b7cd-42a6-bc6f-c35b08673738', 'f308a6cd-7db0-4e8f-9086-3b368ff8b91a', '47693541-f1ec-4016-943a-edeabbf6f7ad', 'A8', '2026-02-02T03:56:44.696785', '2026-02-02T03:56:44.696785');
INSERT INTO hall_seats (id, cinema_hall_id, seat_type_id, seat_code, created_at, updated_at) VALUES ('310058f2-c86f-40ab-9e42-7c03a370dda3', 'f308a6cd-7db0-4e8f-9086-3b368ff8b91a', '47693541-f1ec-4016-943a-edeabbf6f7ad', 'B1', '2026-02-02T03:56:44.696871', '2026-02-02T03:56:44.696871');
INSERT INTO hall_seats (id, cinema_hall_id, seat_type_id, seat_code, created_at, updated_at) VALUES ('eb932fc5-c570-4405-9a77-64ae46ba6da9', 'f308a6cd-7db0-4e8f-9086-3b368ff8b91a', '47693541-f1ec-4016-943a-edeabbf6f7ad', 'B2', '2026-02-02T03:56:44.696871', '2026-02-02T03:56:44.696871');
INSERT INTO hall_seats (id, cinema_hall_id, seat_type_id, seat_code, created_at, updated_at) VALUES ('849b9ba2-7b2d-4294-862d-15198b350fed', 'f308a6cd-7db0-4e8f-9086-3b368ff8b91a', '47693541-f1ec-4016-943a-edeabbf6f7ad', 'B3', '2026-02-02T03:56:44.696871', '2026-02-02T03:56:44.696871');
INSERT INTO hall_seats (id, cinema_hall_id, seat_type_id, seat_code, created_at, updated_at) VALUES ('16648b93-8309-4411-878d-0a80b60f0f39', 'f308a6cd-7db0-4e8f-9086-3b368ff8b91a', '47693541-f1ec-4016-943a-edeabbf6f7ad', 'B4', '2026-02-02T03:56:44.696871', '2026-02-02T03:56:44.696871');
INSERT INTO hall_seats (id, cinema_hall_id, seat_type_id, seat_code, created_at, updated_at) VALUES ('01ce9ce6-2294-4c55-bdc5-b8203f9c1c96', 'f308a6cd-7db0-4e8f-9086-3b368ff8b91a', '47693541-f1ec-4016-943a-edeabbf6f7ad', 'B5', '2026-02-02T03:56:44.696871', '2026-02-02T03:56:44.696871');
INSERT INTO hall_seats (id, cinema_hall_id, seat_type_id, seat_code, created_at, updated_at) VALUES ('a199cf07-4591-4e02-9a9a-14620a9e7e63', 'f308a6cd-7db0-4e8f-9086-3b368ff8b91a', '47693541-f1ec-4016-943a-edeabbf6f7ad', 'B6', '2026-02-02T03:56:44.696871', '2026-02-02T03:56:44.696871');
INSERT INTO hall_seats (id, cinema_hall_id, seat_type_id, seat_code, created_at, updated_at) VALUES ('279ca966-03cf-42ad-8a65-63d96acd70c0', 'f308a6cd-7db0-4e8f-9086-3b368ff8b91a', '47693541-f1ec-4016-943a-edeabbf6f7ad', 'B7', '2026-02-02T03:56:44.696871', '2026-02-02T03:56:44.696871');
INSERT INTO hall_seats (id, cinema_hall_id, seat_type_id, seat_code, created_at, updated_at) VALUES ('81299ebe-9b35-4bbe-800f-55e09278c995', 'f308a6cd-7db0-4e8f-9086-3b368ff8b91a', '47693541-f1ec-4016-943a-edeabbf6f7ad', 'B8', '2026-02-02T03:56:44.696871', '2026-02-02T03:56:44.696871');
INSERT INTO hall_seats (id, cinema_hall_id, seat_type_id, seat_code, created_at, updated_at) VALUES ('7eb8d03d-a517-446c-99ff-fa7424edf57a', 'f308a6cd-7db0-4e8f-9086-3b368ff8b91a', '47693541-f1ec-4016-943a-edeabbf6f7ad', 'C1', '2026-02-02T03:56:44.696955', '2026-02-02T03:56:44.696955');
INSERT INTO hall_seats (id, cinema_hall_id, seat_type_id, seat_code, created_at, updated_at) VALUES ('735843cc-b800-4f25-b201-23bcb5d976c0', 'f308a6cd-7db0-4e8f-9086-3b368ff8b91a', '47693541-f1ec-4016-943a-edeabbf6f7ad', 'C2', '2026-02-02T03:56:44.696955', '2026-02-02T03:56:44.696955');
INSERT INTO hall_seats (id, cinema_hall_id, seat_type_id, seat_code, created_at, updated_at) VALUES ('95175139-81e0-426a-b171-ebd2f24e2da6', 'f308a6cd-7db0-4e8f-9086-3b368ff8b91a', '47693541-f1ec-4016-943a-edeabbf6f7ad', 'C3', '2026-02-02T03:56:44.696955', '2026-02-02T03:56:44.696955');
INSERT INTO hall_seats (id, cinema_hall_id, seat_type_id, seat_code, created_at, updated_at) VALUES ('94b14c0d-d38e-4106-8a18-28176e7219dc', 'f308a6cd-7db0-4e8f-9086-3b368ff8b91a', '47693541-f1ec-4016-943a-edeabbf6f7ad', 'C4', '2026-02-02T03:56:44.696955', '2026-02-02T03:56:44.696955');
INSERT INTO hall_seats (id, cinema_hall_id, seat_type_id, seat_code, created_at, updated_at) VALUES ('88ccf29a-f8a6-4c35-8e5f-17962a2ef6cc', 'f308a6cd-7db0-4e8f-9086-3b368ff8b91a', '47693541-f1ec-4016-943a-edeabbf6f7ad', 'C5', '2026-02-02T03:56:44.696955', '2026-02-02T03:56:44.696955');
INSERT INTO hall_seats (id, cinema_hall_id, seat_type_id, seat_code, created_at, updated_at) VALUES ('49c9af40-72ef-4870-b80e-f8cbd3571821', 'f308a6cd-7db0-4e8f-9086-3b368ff8b91a', '47693541-f1ec-4016-943a-edeabbf6f7ad', 'C6', '2026-02-02T03:56:44.696955', '2026-02-02T03:56:44.696955');
INSERT INTO hall_seats (id, cinema_hall_id, seat_type_id, seat_code, created_at, updated_at) VALUES ('a24c47f1-2ace-49c6-b53d-68e76b5f7554', 'f308a6cd-7db0-4e8f-9086-3b368ff8b91a', '47693541-f1ec-4016-943a-edeabbf6f7ad', 'C7', '2026-02-02T03:56:44.696955', '2026-02-02T03:56:44.696955');
INSERT INTO hall_seats (id, cinema_hall_id, seat_type_id, seat_code, created_at, updated_at) VALUES ('ed7cdd92-59b0-4ad7-9b52-83d66326b7f4', 'f308a6cd-7db0-4e8f-9086-3b368ff8b91a', '47693541-f1ec-4016-943a-edeabbf6f7ad', 'C8', '2026-02-02T03:56:44.696955', '2026-02-02T03:56:44.696955');
INSERT INTO hall_seats (id, cinema_hall_id, seat_type_id, seat_code, created_at, updated_at) VALUES ('06eed00f-378a-444a-a7b3-4ea01f4f5707', 'f308a6cd-7db0-4e8f-9086-3b368ff8b91a', '47693541-f1ec-4016-943a-edeabbf6f7ad', 'D1', '2026-02-02T03:56:44.697043', '2026-02-02T03:56:44.697043');
INSERT INTO hall_seats (id, cinema_hall_id, seat_type_id, seat_code, created_at, updated_at) VALUES ('c7c0025c-f2dd-413d-8ce8-94b589d2be62', 'f308a6cd-7db0-4e8f-9086-3b368ff8b91a', '47693541-f1ec-4016-943a-edeabbf6f7ad', 'D2', '2026-02-02T03:56:44.697043', '2026-02-02T03:56:44.697043');
INSERT INTO hall_seats (id, cinema_hall_id, seat_type_id, seat_code, created_at, updated_at) VALUES ('742230d0-8ea3-42b0-a55e-f23c02f90271', 'f308a6cd-7db0-4e8f-9086-3b368ff8b91a', '47693541-f1ec-4016-943a-edeabbf6f7ad', 'D3', '2026-02-02T03:56:44.697043', '2026-02-02T03:56:44.697043');
INSERT INTO hall_seats (id, cinema_hall_id, seat_type_id, seat_code, created_at, updated_at) VALUES ('d198aba9-af0e-4214-9a27-6cca53d1435f', 'f308a6cd-7db0-4e8f-9086-3b368ff8b91a', '47693541-f1ec-4016-943a-edeabbf6f7ad', 'D4', '2026-02-02T03:56:44.697043', '2026-02-02T03:56:44.697043');
INSERT INTO hall_seats (id, cinema_hall_id, seat_type_id, seat_code, created_at, updated_at) VALUES ('f6910176-05c2-471b-8343-c395bba875b7', 'f308a6cd-7db0-4e8f-9086-3b368ff8b91a', '47693541-f1ec-4016-943a-edeabbf6f7ad', 'D5', '2026-02-02T03:56:44.697043', '2026-02-02T03:56:44.697043');
INSERT INTO hall_seats (id, cinema_hall_id, seat_type_id, seat_code, created_at, updated_at) VALUES ('b2034822-b45b-4da1-8795-6a6c0a13b044', 'f308a6cd-7db0-4e8f-9086-3b368ff8b91a', '47693541-f1ec-4016-943a-edeabbf6f7ad', 'D6', '2026-02-02T03:56:44.697043', '2026-02-02T03:56:44.697043');
INSERT INTO hall_seats (id, cinema_hall_id, seat_type_id, seat_code, created_at, updated_at) VALUES ('b599dc81-d848-473a-b0b3-5e03a5de3d70', 'f308a6cd-7db0-4e8f-9086-3b368ff8b91a', '47693541-f1ec-4016-943a-edeabbf6f7ad', 'D7', '2026-02-02T03:56:44.697043', '2026-02-02T03:56:44.697043');
INSERT INTO hall_seats (id, cinema_hall_id, seat_type_id, seat_code, created_at, updated_at) VALUES ('c9628f5d-5068-4d38-888f-fca94778f1e8', 'f308a6cd-7db0-4e8f-9086-3b368ff8b91a', '47693541-f1ec-4016-943a-edeabbf6f7ad', 'D8', '2026-02-02T03:56:44.697043', '2026-02-02T03:56:44.697043');
INSERT INTO hall_seats (id, cinema_hall_id, seat_type_id, seat_code, created_at, updated_at) VALUES ('84a18eed-5d94-4dff-80d1-fb2a43ad5df9', 'f308a6cd-7db0-4e8f-9086-3b368ff8b91a', '47693541-f1ec-4016-943a-edeabbf6f7ad', 'E1', '2026-02-02T03:56:44.697131', '2026-02-02T03:56:44.697131');
INSERT INTO hall_seats (id, cinema_hall_id, seat_type_id, seat_code, created_at, updated_at) VALUES ('80821397-4db8-44f4-adb6-dbad22c79416', 'f308a6cd-7db0-4e8f-9086-3b368ff8b91a', '47693541-f1ec-4016-943a-edeabbf6f7ad', 'E2', '2026-02-02T03:56:44.697131', '2026-02-02T03:56:44.697131');
INSERT INTO hall_seats (id, cinema_hall_id, seat_type_id, seat_code, created_at, updated_at) VALUES ('8a01d41f-d7b7-43ae-9a93-1cb52e577c73', 'f308a6cd-7db0-4e8f-9086-3b368ff8b91a', '47693541-f1ec-4016-943a-edeabbf6f7ad', 'E3', '2026-02-02T03:56:44.697131', '2026-02-02T03:56:44.697131');
INSERT INTO hall_seats (id, cinema_hall_id, seat_type_id, seat_code, created_at, updated_at) VALUES ('083b643b-42a1-47c8-bbad-fbe9b7f6404b', 'f308a6cd-7db0-4e8f-9086-3b368ff8b91a', '47693541-f1ec-4016-943a-edeabbf6f7ad', 'E4', '2026-02-02T03:56:44.697131', '2026-02-02T03:56:44.697131');
INSERT INTO hall_seats (id, cinema_hall_id, seat_type_id, seat_code, created_at, updated_at) VALUES ('c6243a7a-34c4-47d4-ba2b-21661a2b9382', 'f308a6cd-7db0-4e8f-9086-3b368ff8b91a', '47693541-f1ec-4016-943a-edeabbf6f7ad', 'E5', '2026-02-02T03:56:44.697131', '2026-02-02T03:56:44.697131');
INSERT INTO hall_seats (id, cinema_hall_id, seat_type_id, seat_code, created_at, updated_at) VALUES ('d5634fd9-8c69-4ce3-ac8b-888baaa01910', 'f308a6cd-7db0-4e8f-9086-3b368ff8b91a', '47693541-f1ec-4016-943a-edeabbf6f7ad', 'E6', '2026-02-02T03:56:44.697131', '2026-02-02T03:56:44.697131');
INSERT INTO hall_seats (id, cinema_hall_id, seat_type_id, seat_code, created_at, updated_at) VALUES ('ac3b370b-da7b-44c4-8bee-bf6bb4ca5aa3', 'f308a6cd-7db0-4e8f-9086-3b368ff8b91a', '47693541-f1ec-4016-943a-edeabbf6f7ad', 'E7', '2026-02-02T03:56:44.697131', '2026-02-02T03:56:44.697131');
INSERT INTO hall_seats (id, cinema_hall_id, seat_type_id, seat_code, created_at, updated_at) VALUES ('b7dca34d-e7c7-4d6b-9e0e-627c0336bc24', 'f308a6cd-7db0-4e8f-9086-3b368ff8b91a', '47693541-f1ec-4016-943a-edeabbf6f7ad', 'E8', '2026-02-02T03:56:44.697131', '2026-02-02T03:56:44.697131');
INSERT INTO hall_seats (id, cinema_hall_id, seat_type_id, seat_code, created_at, updated_at) VALUES ('7af1d33d-51fe-4bcd-a2a1-5c68f4ec382d', 'f308a6cd-7db0-4e8f-9086-3b368ff8b91a', '47693541-f1ec-4016-943a-edeabbf6f7ad', 'F1', '2026-02-02T03:56:44.697215', '2026-02-02T03:56:44.697215');
INSERT INTO hall_seats (id, cinema_hall_id, seat_type_id, seat_code, created_at, updated_at) VALUES ('9ac3eb61-20d7-481d-b47e-8b01d96744c3', 'f308a6cd-7db0-4e8f-9086-3b368ff8b91a', '47693541-f1ec-4016-943a-edeabbf6f7ad', 'F2', '2026-02-02T03:56:44.697215', '2026-02-02T03:56:44.697215');
INSERT INTO hall_seats (id, cinema_hall_id, seat_type_id, seat_code, created_at, updated_at) VALUES ('12b4dfb6-772a-48cf-8f54-ed78e1f03e91', 'f308a6cd-7db0-4e8f-9086-3b368ff8b91a', '47693541-f1ec-4016-943a-edeabbf6f7ad', 'F3', '2026-02-02T03:56:44.697215', '2026-02-02T03:56:44.697215');
INSERT INTO hall_seats (id, cinema_hall_id, seat_type_id, seat_code, created_at, updated_at) VALUES ('42d8dcba-71dc-4f03-8737-ee95e22b4e2d', 'f308a6cd-7db0-4e8f-9086-3b368ff8b91a', '47693541-f1ec-4016-943a-edeabbf6f7ad', 'F4', '2026-02-02T03:56:44.697215', '2026-02-02T03:56:44.697215');
INSERT INTO hall_seats (id, cinema_hall_id, seat_type_id, seat_code, created_at, updated_at) VALUES ('e1f9d37e-7409-418c-a7c4-2e5940e87ef1', 'f308a6cd-7db0-4e8f-9086-3b368ff8b91a', '47693541-f1ec-4016-943a-edeabbf6f7ad', 'F5', '2026-02-02T03:56:44.697215', '2026-02-02T03:56:44.697215');
INSERT INTO hall_seats (id, cinema_hall_id, seat_type_id, seat_code, created_at, updated_at) VALUES ('c1a4cef2-9720-4477-8125-05db76445a8b', 'f308a6cd-7db0-4e8f-9086-3b368ff8b91a', '47693541-f1ec-4016-943a-edeabbf6f7ad', 'F6', '2026-02-02T03:56:44.697215', '2026-02-02T03:56:44.697215');
INSERT INTO hall_seats (id, cinema_hall_id, seat_type_id, seat_code, created_at, updated_at) VALUES ('1e07e3ae-0d65-4928-99ba-9817535d23da', 'f308a6cd-7db0-4e8f-9086-3b368ff8b91a', '47693541-f1ec-4016-943a-edeabbf6f7ad', 'F7', '2026-02-02T03:56:44.697215', '2026-02-02T03:56:44.697215');
INSERT INTO hall_seats (id, cinema_hall_id, seat_type_id, seat_code, created_at, updated_at) VALUES ('022e481e-824c-44f6-a8aa-61bec2c0138d', 'f308a6cd-7db0-4e8f-9086-3b368ff8b91a', '47693541-f1ec-4016-943a-edeabbf6f7ad', 'F8', '2026-02-02T03:56:44.697215', '2026-02-02T03:56:44.697215');
INSERT INTO hall_seats (id, cinema_hall_id, seat_type_id, seat_code, created_at, updated_at) VALUES ('a3dda4ab-6414-46b1-ac17-5093c02bc823', 'f308a6cd-7db0-4e8f-9086-3b368ff8b91a', '5fe2ca09-db8a-40c2-8cf9-3ee6938ba4f5', 'G1', '2026-02-02T03:56:44.697299', '2026-02-02T03:56:44.697299');
INSERT INTO hall_seats (id, cinema_hall_id, seat_type_id, seat_code, created_at, updated_at) VALUES ('f155650c-b862-4d9b-8563-d7bba24e23e6', 'f308a6cd-7db0-4e8f-9086-3b368ff8b91a', '5fe2ca09-db8a-40c2-8cf9-3ee6938ba4f5', 'G2', '2026-02-02T03:56:44.697299', '2026-02-02T03:56:44.697299');
INSERT INTO hall_seats (id, cinema_hall_id, seat_type_id, seat_code, created_at, updated_at) VALUES ('6b5a9e54-5d58-47c6-bb5a-4ffdeffa11b5', 'f308a6cd-7db0-4e8f-9086-3b368ff8b91a', '5fe2ca09-db8a-40c2-8cf9-3ee6938ba4f5', 'G3', '2026-02-02T03:56:44.697299', '2026-02-02T03:56:44.697299');
INSERT INTO hall_seats (id, cinema_hall_id, seat_type_id, seat_code, created_at, updated_at) VALUES ('85d42361-fd2a-488b-b120-cb4e8cba6ef9', 'f308a6cd-7db0-4e8f-9086-3b368ff8b91a', '5fe2ca09-db8a-40c2-8cf9-3ee6938ba4f5', 'G4', '2026-02-02T03:56:44.697299', '2026-02-02T03:56:44.697299');
INSERT INTO hall_seats (id, cinema_hall_id, seat_type_id, seat_code, created_at, updated_at) VALUES ('97b6af3e-df76-4555-b4c6-291d26b5bb20', 'f308a6cd-7db0-4e8f-9086-3b368ff8b91a', '5fe2ca09-db8a-40c2-8cf9-3ee6938ba4f5', 'G5', '2026-02-02T03:56:44.697299', '2026-02-02T03:56:44.697299');
INSERT INTO hall_seats (id, cinema_hall_id, seat_type_id, seat_code, created_at, updated_at) VALUES ('ab77ea5b-0ab7-46dc-9a2f-89f4a92135d0', 'f308a6cd-7db0-4e8f-9086-3b368ff8b91a', '5fe2ca09-db8a-40c2-8cf9-3ee6938ba4f5', 'G6', '2026-02-02T03:56:44.697299', '2026-02-02T03:56:44.697299');
INSERT INTO hall_seats (id, cinema_hall_id, seat_type_id, seat_code, created_at, updated_at) VALUES ('9c87ffb3-a0dd-44af-869c-a01815f128ff', 'f308a6cd-7db0-4e8f-9086-3b368ff8b91a', '5fe2ca09-db8a-40c2-8cf9-3ee6938ba4f5', 'G7', '2026-02-02T03:56:44.697299', '2026-02-02T03:56:44.697299');
INSERT INTO hall_seats (id, cinema_hall_id, seat_type_id, seat_code, created_at, updated_at) VALUES ('70934213-92d6-43ed-9a9e-f640003623f0', 'f308a6cd-7db0-4e8f-9086-3b368ff8b91a', '5fe2ca09-db8a-40c2-8cf9-3ee6938ba4f5', 'G8', '2026-02-02T03:56:44.697299', '2026-02-02T03:56:44.697299');
INSERT INTO hall_seats (id, cinema_hall_id, seat_type_id, seat_code, created_at, updated_at) VALUES ('58141dd6-6449-4285-a485-8aa01e2e6180', 'f308a6cd-7db0-4e8f-9086-3b368ff8b91a', '5fe2ca09-db8a-40c2-8cf9-3ee6938ba4f5', 'H1', '2026-02-02T03:56:44.697618', '2026-02-02T03:56:44.697618');
INSERT INTO hall_seats (id, cinema_hall_id, seat_type_id, seat_code, created_at, updated_at) VALUES ('e0595432-8108-447c-b043-37ce944fe663', 'f308a6cd-7db0-4e8f-9086-3b368ff8b91a', '5fe2ca09-db8a-40c2-8cf9-3ee6938ba4f5', 'H2', '2026-02-02T03:56:44.697618', '2026-02-02T03:56:44.697618');
INSERT INTO hall_seats (id, cinema_hall_id, seat_type_id, seat_code, created_at, updated_at) VALUES ('eb6213a5-7c8e-45dd-bcb6-f0627f4a7dc3', 'f308a6cd-7db0-4e8f-9086-3b368ff8b91a', '5fe2ca09-db8a-40c2-8cf9-3ee6938ba4f5', 'H3', '2026-02-02T03:56:44.697618', '2026-02-02T03:56:44.697618');
INSERT INTO hall_seats (id, cinema_hall_id, seat_type_id, seat_code, created_at, updated_at) VALUES ('b901a599-0384-433f-9921-6b292d100699', 'f308a6cd-7db0-4e8f-9086-3b368ff8b91a', '5fe2ca09-db8a-40c2-8cf9-3ee6938ba4f5', 'H4', '2026-02-02T03:56:44.697618', '2026-02-02T03:56:44.697618');
INSERT INTO hall_seats (id, cinema_hall_id, seat_type_id, seat_code, created_at, updated_at) VALUES ('19627fce-770f-4bd2-a20e-2a880a22d4cc', 'f308a6cd-7db0-4e8f-9086-3b368ff8b91a', '5fe2ca09-db8a-40c2-8cf9-3ee6938ba4f5', 'H5', '2026-02-02T03:56:44.697618', '2026-02-02T03:56:44.697618');
INSERT INTO hall_seats (id, cinema_hall_id, seat_type_id, seat_code, created_at, updated_at) VALUES ('f2c5db8a-7557-4413-897f-8b3082931ae8', 'f308a6cd-7db0-4e8f-9086-3b368ff8b91a', '5fe2ca09-db8a-40c2-8cf9-3ee6938ba4f5', 'H6', '2026-02-02T03:56:44.697618', '2026-02-02T03:56:44.697618');
INSERT INTO hall_seats (id, cinema_hall_id, seat_type_id, seat_code, created_at, updated_at) VALUES ('af172b43-8068-4a5f-9201-76148ca34a15', 'f308a6cd-7db0-4e8f-9086-3b368ff8b91a', '5fe2ca09-db8a-40c2-8cf9-3ee6938ba4f5', 'H7', '2026-02-02T03:56:44.697618', '2026-02-02T03:56:44.697618');
INSERT INTO hall_seats (id, cinema_hall_id, seat_type_id, seat_code, created_at, updated_at) VALUES ('a696f21c-b338-4824-8f8e-179c55e0b082', 'f308a6cd-7db0-4e8f-9086-3b368ff8b91a', '5fe2ca09-db8a-40c2-8cf9-3ee6938ba4f5', 'H8', '2026-02-02T03:56:44.697618', '2026-02-02T03:56:44.697618');
INSERT INTO hall_seats (id, cinema_hall_id, seat_type_id, seat_code, created_at, updated_at) VALUES ('e9c42fa6-1cc7-4f1a-9110-5f38f78f2c4e', 'f308a6cd-7db0-4e8f-9086-3b368ff8b91a', '11dbb2bb-b9a5-4148-bcf2-76d1567dae5d', 'I1', '2026-02-02T03:56:44.697789', '2026-02-02T03:56:44.697789');
INSERT INTO hall_seats (id, cinema_hall_id, seat_type_id, seat_code, created_at, updated_at) VALUES ('dc1ad059-51e4-4d46-9144-0116c6ec15ee', 'f308a6cd-7db0-4e8f-9086-3b368ff8b91a', '11dbb2bb-b9a5-4148-bcf2-76d1567dae5d', 'I2', '2026-02-02T03:56:44.697789', '2026-02-02T03:56:44.697789');
INSERT INTO hall_seats (id, cinema_hall_id, seat_type_id, seat_code, created_at, updated_at) VALUES ('ccd92334-e3b7-4ac1-b854-1692d102fed0', 'f308a6cd-7db0-4e8f-9086-3b368ff8b91a', '11dbb2bb-b9a5-4148-bcf2-76d1567dae5d', 'I3', '2026-02-02T03:56:44.697789', '2026-02-02T03:56:44.697789');
INSERT INTO hall_seats (id, cinema_hall_id, seat_type_id, seat_code, created_at, updated_at) VALUES ('13c63b5b-1af7-4a4c-a84c-6d4dd119a359', 'f308a6cd-7db0-4e8f-9086-3b368ff8b91a', '11dbb2bb-b9a5-4148-bcf2-76d1567dae5d', 'I4', '2026-02-02T03:56:44.697789', '2026-02-02T03:56:44.697789');
INSERT INTO hall_seats (id, cinema_hall_id, seat_type_id, seat_code, created_at, updated_at) VALUES ('b234d6cb-fda2-4983-b23e-11e260e19da2', '9f106868-b214-4da4-958c-98f47eac54e2', '47693541-f1ec-4016-943a-edeabbf6f7ad', 'A1', '2026-02-02T03:56:44.697841', '2026-02-02T03:56:44.697841');
INSERT INTO hall_seats (id, cinema_hall_id, seat_type_id, seat_code, created_at, updated_at) VALUES ('1cac2987-5fa2-484f-859c-ff737843bca3', '9f106868-b214-4da4-958c-98f47eac54e2', '47693541-f1ec-4016-943a-edeabbf6f7ad', 'A2', '2026-02-02T03:56:44.697841', '2026-02-02T03:56:44.697841');
INSERT INTO hall_seats (id, cinema_hall_id, seat_type_id, seat_code, created_at, updated_at) VALUES ('7cc5f548-98bc-44e8-81ce-14ff56cd7389', '9f106868-b214-4da4-958c-98f47eac54e2', '47693541-f1ec-4016-943a-edeabbf6f7ad', 'A3', '2026-02-02T03:56:44.697841', '2026-02-02T03:56:44.697841');
INSERT INTO hall_seats (id, cinema_hall_id, seat_type_id, seat_code, created_at, updated_at) VALUES ('f9069749-7b8c-4828-835c-a113acc0ba89', '9f106868-b214-4da4-958c-98f47eac54e2', '47693541-f1ec-4016-943a-edeabbf6f7ad', 'A4', '2026-02-02T03:56:44.697841', '2026-02-02T03:56:44.697841');
INSERT INTO hall_seats (id, cinema_hall_id, seat_type_id, seat_code, created_at, updated_at) VALUES ('c3bbb4a2-86e1-4cb7-9a6a-969eccd2fe79', '9f106868-b214-4da4-958c-98f47eac54e2', '47693541-f1ec-4016-943a-edeabbf6f7ad', 'A5', '2026-02-02T03:56:44.697841', '2026-02-02T03:56:44.697841');
INSERT INTO hall_seats (id, cinema_hall_id, seat_type_id, seat_code, created_at, updated_at) VALUES ('ae8a7d17-1f74-47fa-a414-b8c3d3f2ea26', '9f106868-b214-4da4-958c-98f47eac54e2', '47693541-f1ec-4016-943a-edeabbf6f7ad', 'A6', '2026-02-02T03:56:44.697841', '2026-02-02T03:56:44.697841');
INSERT INTO hall_seats (id, cinema_hall_id, seat_type_id, seat_code, created_at, updated_at) VALUES ('f5db7eb4-3536-43fe-a9f0-e75fac7ba342', '9f106868-b214-4da4-958c-98f47eac54e2', '47693541-f1ec-4016-943a-edeabbf6f7ad', 'A7', '2026-02-02T03:56:44.697841', '2026-02-02T03:56:44.697841');
INSERT INTO hall_seats (id, cinema_hall_id, seat_type_id, seat_code, created_at, updated_at) VALUES ('ef3cb9b6-d915-4c71-a921-7a760828cb6b', '9f106868-b214-4da4-958c-98f47eac54e2', '47693541-f1ec-4016-943a-edeabbf6f7ad', 'A8', '2026-02-02T03:56:44.697841', '2026-02-02T03:56:44.697841');
INSERT INTO hall_seats (id, cinema_hall_id, seat_type_id, seat_code, created_at, updated_at) VALUES ('cd620c90-6838-4b07-b5e0-d52a8ac98b82', '9f106868-b214-4da4-958c-98f47eac54e2', '47693541-f1ec-4016-943a-edeabbf6f7ad', 'B1', '2026-02-02T03:56:44.697961', '2026-02-02T03:56:44.697961');
INSERT INTO hall_seats (id, cinema_hall_id, seat_type_id, seat_code, created_at, updated_at) VALUES ('d610c46a-9c08-45a4-a78a-34291f303a6f', '9f106868-b214-4da4-958c-98f47eac54e2', '47693541-f1ec-4016-943a-edeabbf6f7ad', 'B2', '2026-02-02T03:56:44.697961', '2026-02-02T03:56:44.697961');
INSERT INTO hall_seats (id, cinema_hall_id, seat_type_id, seat_code, created_at, updated_at) VALUES ('c847145f-301d-4d5a-8cec-9a7d9aaa0936', '9f106868-b214-4da4-958c-98f47eac54e2', '47693541-f1ec-4016-943a-edeabbf6f7ad', 'B3', '2026-02-02T03:56:44.697961', '2026-02-02T03:56:44.697961');
INSERT INTO hall_seats (id, cinema_hall_id, seat_type_id, seat_code, created_at, updated_at) VALUES ('8c1a6c9f-4687-4f1c-8471-ec4e6e0e69b0', '9f106868-b214-4da4-958c-98f47eac54e2', '47693541-f1ec-4016-943a-edeabbf6f7ad', 'B4', '2026-02-02T03:56:44.697961', '2026-02-02T03:56:44.697961');
INSERT INTO hall_seats (id, cinema_hall_id, seat_type_id, seat_code, created_at, updated_at) VALUES ('033ce093-9dae-4626-bb22-d4cbf073ed23', '9f106868-b214-4da4-958c-98f47eac54e2', '47693541-f1ec-4016-943a-edeabbf6f7ad', 'B5', '2026-02-02T03:56:44.697961', '2026-02-02T03:56:44.697961');
INSERT INTO hall_seats (id, cinema_hall_id, seat_type_id, seat_code, created_at, updated_at) VALUES ('4c938aee-aa43-414c-a08d-c1981cdff79b', '9f106868-b214-4da4-958c-98f47eac54e2', '47693541-f1ec-4016-943a-edeabbf6f7ad', 'B6', '2026-02-02T03:56:44.697961', '2026-02-02T03:56:44.697961');
INSERT INTO hall_seats (id, cinema_hall_id, seat_type_id, seat_code, created_at, updated_at) VALUES ('1706317c-d151-4ef8-833d-50c0af40f720', '9f106868-b214-4da4-958c-98f47eac54e2', '47693541-f1ec-4016-943a-edeabbf6f7ad', 'B7', '2026-02-02T03:56:44.697961', '2026-02-02T03:56:44.697961');
INSERT INTO hall_seats (id, cinema_hall_id, seat_type_id, seat_code, created_at, updated_at) VALUES ('e4a64cc5-ee7c-4955-986c-23d3904f9ac0', '9f106868-b214-4da4-958c-98f47eac54e2', '47693541-f1ec-4016-943a-edeabbf6f7ad', 'B8', '2026-02-02T03:56:44.697961', '2026-02-02T03:56:44.697961');
INSERT INTO hall_seats (id, cinema_hall_id, seat_type_id, seat_code, created_at, updated_at) VALUES ('473db688-bcbf-43ae-a6f8-c20485e77dc1', '9f106868-b214-4da4-958c-98f47eac54e2', '47693541-f1ec-4016-943a-edeabbf6f7ad', 'C1', '2026-02-02T03:56:44.698049', '2026-02-02T03:56:44.698049');
INSERT INTO hall_seats (id, cinema_hall_id, seat_type_id, seat_code, created_at, updated_at) VALUES ('0d0ec3de-784f-44af-a495-c0eaf3e71ec7', '9f106868-b214-4da4-958c-98f47eac54e2', '47693541-f1ec-4016-943a-edeabbf6f7ad', 'C2', '2026-02-02T03:56:44.698049', '2026-02-02T03:56:44.698049');
INSERT INTO hall_seats (id, cinema_hall_id, seat_type_id, seat_code, created_at, updated_at) VALUES ('24145566-85d7-4b90-8b01-ce0936a5bea6', '9f106868-b214-4da4-958c-98f47eac54e2', '47693541-f1ec-4016-943a-edeabbf6f7ad', 'C3', '2026-02-02T03:56:44.698049', '2026-02-02T03:56:44.698049');
INSERT INTO hall_seats (id, cinema_hall_id, seat_type_id, seat_code, created_at, updated_at) VALUES ('ff4fc8aa-c522-4a60-8528-1b770ccd63c3', '9f106868-b214-4da4-958c-98f47eac54e2', '47693541-f1ec-4016-943a-edeabbf6f7ad', 'C4', '2026-02-02T03:56:44.698049', '2026-02-02T03:56:44.698049');
INSERT INTO hall_seats (id, cinema_hall_id, seat_type_id, seat_code, created_at, updated_at) VALUES ('2c2c9d9c-02ea-45fc-ae17-8d192fc49347', '9f106868-b214-4da4-958c-98f47eac54e2', '47693541-f1ec-4016-943a-edeabbf6f7ad', 'C5', '2026-02-02T03:56:44.698049', '2026-02-02T03:56:44.698049');
INSERT INTO hall_seats (id, cinema_hall_id, seat_type_id, seat_code, created_at, updated_at) VALUES ('97db6569-17d3-466b-bb45-c71c4990ab29', '9f106868-b214-4da4-958c-98f47eac54e2', '47693541-f1ec-4016-943a-edeabbf6f7ad', 'C6', '2026-02-02T03:56:44.698049', '2026-02-02T03:56:44.698049');
INSERT INTO hall_seats (id, cinema_hall_id, seat_type_id, seat_code, created_at, updated_at) VALUES ('ac48e2bb-7203-4ee9-9993-4da9c698235a', '9f106868-b214-4da4-958c-98f47eac54e2', '47693541-f1ec-4016-943a-edeabbf6f7ad', 'C7', '2026-02-02T03:56:44.698049', '2026-02-02T03:56:44.698049');
INSERT INTO hall_seats (id, cinema_hall_id, seat_type_id, seat_code, created_at, updated_at) VALUES ('67157b48-578f-4eea-9346-b8de587e8740', '9f106868-b214-4da4-958c-98f47eac54e2', '47693541-f1ec-4016-943a-edeabbf6f7ad', 'C8', '2026-02-02T03:56:44.698049', '2026-02-02T03:56:44.698049');
INSERT INTO hall_seats (id, cinema_hall_id, seat_type_id, seat_code, created_at, updated_at) VALUES ('865c1078-aaff-4c7b-a7de-7cbeda6fb63f', '9f106868-b214-4da4-958c-98f47eac54e2', '47693541-f1ec-4016-943a-edeabbf6f7ad', 'D1', '2026-02-02T03:56:44.698180', '2026-02-02T03:56:44.698180');
INSERT INTO hall_seats (id, cinema_hall_id, seat_type_id, seat_code, created_at, updated_at) VALUES ('0038fabf-8b75-4b60-bf4a-ff0eec7857aa', '9f106868-b214-4da4-958c-98f47eac54e2', '47693541-f1ec-4016-943a-edeabbf6f7ad', 'D2', '2026-02-02T03:56:44.698180', '2026-02-02T03:56:44.698180');
INSERT INTO hall_seats (id, cinema_hall_id, seat_type_id, seat_code, created_at, updated_at) VALUES ('1619e43f-04a9-4073-8d9e-d2a677988537', '9f106868-b214-4da4-958c-98f47eac54e2', '47693541-f1ec-4016-943a-edeabbf6f7ad', 'D3', '2026-02-02T03:56:44.698180', '2026-02-02T03:56:44.698180');
INSERT INTO hall_seats (id, cinema_hall_id, seat_type_id, seat_code, created_at, updated_at) VALUES ('f63b0147-f2ec-449e-96b9-e99eedad5e89', '9f106868-b214-4da4-958c-98f47eac54e2', '47693541-f1ec-4016-943a-edeabbf6f7ad', 'D4', '2026-02-02T03:56:44.698180', '2026-02-02T03:56:44.698180');
INSERT INTO hall_seats (id, cinema_hall_id, seat_type_id, seat_code, created_at, updated_at) VALUES ('4e44c7a2-78cf-46de-a96f-ac35198df371', '9f106868-b214-4da4-958c-98f47eac54e2', '47693541-f1ec-4016-943a-edeabbf6f7ad', 'D5', '2026-02-02T03:56:44.698180', '2026-02-02T03:56:44.698180');
INSERT INTO hall_seats (id, cinema_hall_id, seat_type_id, seat_code, created_at, updated_at) VALUES ('3198a8f5-c099-4591-9446-a3a26cf5c983', '9f106868-b214-4da4-958c-98f47eac54e2', '47693541-f1ec-4016-943a-edeabbf6f7ad', 'D6', '2026-02-02T03:56:44.698180', '2026-02-02T03:56:44.698180');
INSERT INTO hall_seats (id, cinema_hall_id, seat_type_id, seat_code, created_at, updated_at) VALUES ('11105137-ae14-4196-ba97-8c39207426b0', '9f106868-b214-4da4-958c-98f47eac54e2', '47693541-f1ec-4016-943a-edeabbf6f7ad', 'D7', '2026-02-02T03:56:44.698180', '2026-02-02T03:56:44.698180');
INSERT INTO hall_seats (id, cinema_hall_id, seat_type_id, seat_code, created_at, updated_at) VALUES ('dd3822e7-10cf-468a-b300-3dfb3f40a856', '9f106868-b214-4da4-958c-98f47eac54e2', '47693541-f1ec-4016-943a-edeabbf6f7ad', 'D8', '2026-02-02T03:56:44.698180', '2026-02-02T03:56:44.698180');
INSERT INTO hall_seats (id, cinema_hall_id, seat_type_id, seat_code, created_at, updated_at) VALUES ('b7c83cee-c59f-479f-bb22-77e29bbbdad6', '9f106868-b214-4da4-958c-98f47eac54e2', '47693541-f1ec-4016-943a-edeabbf6f7ad', 'E1', '2026-02-02T03:56:44.698298', '2026-02-02T03:56:44.698298');
INSERT INTO hall_seats (id, cinema_hall_id, seat_type_id, seat_code, created_at, updated_at) VALUES ('8d5a0294-1790-438b-969d-a0183d86e596', '9f106868-b214-4da4-958c-98f47eac54e2', '47693541-f1ec-4016-943a-edeabbf6f7ad', 'E2', '2026-02-02T03:56:44.698298', '2026-02-02T03:56:44.698298');
INSERT INTO hall_seats (id, cinema_hall_id, seat_type_id, seat_code, created_at, updated_at) VALUES ('79f6d3b7-8f1a-4524-8388-9c1bf350aaf8', '9f106868-b214-4da4-958c-98f47eac54e2', '47693541-f1ec-4016-943a-edeabbf6f7ad', 'E3', '2026-02-02T03:56:44.698298', '2026-02-02T03:56:44.698298');
INSERT INTO hall_seats (id, cinema_hall_id, seat_type_id, seat_code, created_at, updated_at) VALUES ('bb3e773d-db69-44de-a827-7f01e7b4071e', '9f106868-b214-4da4-958c-98f47eac54e2', '47693541-f1ec-4016-943a-edeabbf6f7ad', 'E4', '2026-02-02T03:56:44.698298', '2026-02-02T03:56:44.698298');
INSERT INTO hall_seats (id, cinema_hall_id, seat_type_id, seat_code, created_at, updated_at) VALUES ('8a70a1e2-1c27-4076-b46d-56d37f6ff081', '9f106868-b214-4da4-958c-98f47eac54e2', '47693541-f1ec-4016-943a-edeabbf6f7ad', 'E5', '2026-02-02T03:56:44.698298', '2026-02-02T03:56:44.698298');
INSERT INTO hall_seats (id, cinema_hall_id, seat_type_id, seat_code, created_at, updated_at) VALUES ('e415b3ab-f6a2-492a-898d-bfafffc978f8', '9f106868-b214-4da4-958c-98f47eac54e2', '47693541-f1ec-4016-943a-edeabbf6f7ad', 'E6', '2026-02-02T03:56:44.698298', '2026-02-02T03:56:44.698298');
INSERT INTO hall_seats (id, cinema_hall_id, seat_type_id, seat_code, created_at, updated_at) VALUES ('57eae804-1c9b-4d93-9ae9-a29c9cebe370', '9f106868-b214-4da4-958c-98f47eac54e2', '47693541-f1ec-4016-943a-edeabbf6f7ad', 'E7', '2026-02-02T03:56:44.698298', '2026-02-02T03:56:44.698298');
INSERT INTO hall_seats (id, cinema_hall_id, seat_type_id, seat_code, created_at, updated_at) VALUES ('eb24a697-e93d-4865-b68e-77e9d02e1173', '9f106868-b214-4da4-958c-98f47eac54e2', '47693541-f1ec-4016-943a-edeabbf6f7ad', 'E8', '2026-02-02T03:56:44.698298', '2026-02-02T03:56:44.698298');
INSERT INTO hall_seats (id, cinema_hall_id, seat_type_id, seat_code, created_at, updated_at) VALUES ('c2abaac1-5853-43f0-b64b-67a1cbb49bb9', '9f106868-b214-4da4-958c-98f47eac54e2', '47693541-f1ec-4016-943a-edeabbf6f7ad', 'F1', '2026-02-02T03:56:44.698386', '2026-02-02T03:56:44.698386');
INSERT INTO hall_seats (id, cinema_hall_id, seat_type_id, seat_code, created_at, updated_at) VALUES ('a1f4127a-68e0-4df4-86b8-c859c04c9e91', '9f106868-b214-4da4-958c-98f47eac54e2', '47693541-f1ec-4016-943a-edeabbf6f7ad', 'F2', '2026-02-02T03:56:44.698386', '2026-02-02T03:56:44.698386');
INSERT INTO hall_seats (id, cinema_hall_id, seat_type_id, seat_code, created_at, updated_at) VALUES ('cda153a4-0b37-4556-8a44-d036e28182bd', '9f106868-b214-4da4-958c-98f47eac54e2', '47693541-f1ec-4016-943a-edeabbf6f7ad', 'F3', '2026-02-02T03:56:44.698386', '2026-02-02T03:56:44.698386');
INSERT INTO hall_seats (id, cinema_hall_id, seat_type_id, seat_code, created_at, updated_at) VALUES ('c018f8f1-bdb4-4d19-8ca2-99ccb4862eab', '9f106868-b214-4da4-958c-98f47eac54e2', '47693541-f1ec-4016-943a-edeabbf6f7ad', 'F4', '2026-02-02T03:56:44.698386', '2026-02-02T03:56:44.698386');
INSERT INTO hall_seats (id, cinema_hall_id, seat_type_id, seat_code, created_at, updated_at) VALUES ('2ee6c8e6-758a-43fa-a163-ffc2c19e95f4', '9f106868-b214-4da4-958c-98f47eac54e2', '47693541-f1ec-4016-943a-edeabbf6f7ad', 'F5', '2026-02-02T03:56:44.698386', '2026-02-02T03:56:44.698386');
INSERT INTO hall_seats (id, cinema_hall_id, seat_type_id, seat_code, created_at, updated_at) VALUES ('09830acc-ad42-47a7-ac66-9d21afb0de5e', '9f106868-b214-4da4-958c-98f47eac54e2', '47693541-f1ec-4016-943a-edeabbf6f7ad', 'F6', '2026-02-02T03:56:44.698386', '2026-02-02T03:56:44.698386');
INSERT INTO hall_seats (id, cinema_hall_id, seat_type_id, seat_code, created_at, updated_at) VALUES ('8ae6e36f-7909-4578-8e23-18c39764dc39', '9f106868-b214-4da4-958c-98f47eac54e2', '47693541-f1ec-4016-943a-edeabbf6f7ad', 'F7', '2026-02-02T03:56:44.698386', '2026-02-02T03:56:44.698386');
INSERT INTO hall_seats (id, cinema_hall_id, seat_type_id, seat_code, created_at, updated_at) VALUES ('7a4e9e3c-86ea-47f6-a9c6-a4bb44cfc7c4', '9f106868-b214-4da4-958c-98f47eac54e2', '47693541-f1ec-4016-943a-edeabbf6f7ad', 'F8', '2026-02-02T03:56:44.698386', '2026-02-02T03:56:44.698386');
INSERT INTO hall_seats (id, cinema_hall_id, seat_type_id, seat_code, created_at, updated_at) VALUES ('d92ebd14-1364-4b84-b5a7-9e865e8b881c', '9f106868-b214-4da4-958c-98f47eac54e2', '5fe2ca09-db8a-40c2-8cf9-3ee6938ba4f5', 'G1', '2026-02-02T03:56:44.698490', '2026-02-02T03:56:44.698490');
INSERT INTO hall_seats (id, cinema_hall_id, seat_type_id, seat_code, created_at, updated_at) VALUES ('6e816f2b-be02-4681-8772-a511040c0d95', '9f106868-b214-4da4-958c-98f47eac54e2', '5fe2ca09-db8a-40c2-8cf9-3ee6938ba4f5', 'G2', '2026-02-02T03:56:44.698490', '2026-02-02T03:56:44.698490');
INSERT INTO hall_seats (id, cinema_hall_id, seat_type_id, seat_code, created_at, updated_at) VALUES ('d487e83e-2e36-41df-9872-3c748f7cdc71', '9f106868-b214-4da4-958c-98f47eac54e2', '5fe2ca09-db8a-40c2-8cf9-3ee6938ba4f5', 'G3', '2026-02-02T03:56:44.698490', '2026-02-02T03:56:44.698490');
INSERT INTO hall_seats (id, cinema_hall_id, seat_type_id, seat_code, created_at, updated_at) VALUES ('b6797a4e-2a75-4a87-a722-512f11d4e409', '9f106868-b214-4da4-958c-98f47eac54e2', '5fe2ca09-db8a-40c2-8cf9-3ee6938ba4f5', 'G4', '2026-02-02T03:56:44.698490', '2026-02-02T03:56:44.698490');
INSERT INTO hall_seats (id, cinema_hall_id, seat_type_id, seat_code, created_at, updated_at) VALUES ('9f6e723b-48e9-4e40-802a-b48a49a75e59', '9f106868-b214-4da4-958c-98f47eac54e2', '5fe2ca09-db8a-40c2-8cf9-3ee6938ba4f5', 'G5', '2026-02-02T03:56:44.698490', '2026-02-02T03:56:44.698490');
INSERT INTO hall_seats (id, cinema_hall_id, seat_type_id, seat_code, created_at, updated_at) VALUES ('136cac72-11e7-4e92-b3b1-5c6b2afd61bc', '9f106868-b214-4da4-958c-98f47eac54e2', '5fe2ca09-db8a-40c2-8cf9-3ee6938ba4f5', 'G6', '2026-02-02T03:56:44.698490', '2026-02-02T03:56:44.698490');
INSERT INTO hall_seats (id, cinema_hall_id, seat_type_id, seat_code, created_at, updated_at) VALUES ('46eae78b-2ff7-4f0e-850c-cf2cb5ac8834', '9f106868-b214-4da4-958c-98f47eac54e2', '5fe2ca09-db8a-40c2-8cf9-3ee6938ba4f5', 'G7', '2026-02-02T03:56:44.698490', '2026-02-02T03:56:44.698490');
INSERT INTO hall_seats (id, cinema_hall_id, seat_type_id, seat_code, created_at, updated_at) VALUES ('87d03034-3646-46a9-aede-dc95b6893977', '9f106868-b214-4da4-958c-98f47eac54e2', '5fe2ca09-db8a-40c2-8cf9-3ee6938ba4f5', 'G8', '2026-02-02T03:56:44.698490', '2026-02-02T03:56:44.698490');
INSERT INTO hall_seats (id, cinema_hall_id, seat_type_id, seat_code, created_at, updated_at) VALUES ('623b5313-b208-474a-84ef-0aac77ee6374', '9f106868-b214-4da4-958c-98f47eac54e2', '5fe2ca09-db8a-40c2-8cf9-3ee6938ba4f5', 'H1', '2026-02-02T03:56:44.698582', '2026-02-02T03:56:44.698582');
INSERT INTO hall_seats (id, cinema_hall_id, seat_type_id, seat_code, created_at, updated_at) VALUES ('736b4a99-24fe-4b40-9317-26991afd82fe', '9f106868-b214-4da4-958c-98f47eac54e2', '5fe2ca09-db8a-40c2-8cf9-3ee6938ba4f5', 'H2', '2026-02-02T03:56:44.698582', '2026-02-02T03:56:44.698582');
INSERT INTO hall_seats (id, cinema_hall_id, seat_type_id, seat_code, created_at, updated_at) VALUES ('71595611-d3d4-4b59-8521-6907adb8836b', '9f106868-b214-4da4-958c-98f47eac54e2', '5fe2ca09-db8a-40c2-8cf9-3ee6938ba4f5', 'H3', '2026-02-02T03:56:44.698582', '2026-02-02T03:56:44.698582');
INSERT INTO hall_seats (id, cinema_hall_id, seat_type_id, seat_code, created_at, updated_at) VALUES ('af2ba01d-435c-4f52-8b59-558abc10acdb', '9f106868-b214-4da4-958c-98f47eac54e2', '5fe2ca09-db8a-40c2-8cf9-3ee6938ba4f5', 'H4', '2026-02-02T03:56:44.698582', '2026-02-02T03:56:44.698582');
INSERT INTO hall_seats (id, cinema_hall_id, seat_type_id, seat_code, created_at, updated_at) VALUES ('0b9c9f00-0d70-407a-a0bb-dc5f4fb9545c', '9f106868-b214-4da4-958c-98f47eac54e2', '5fe2ca09-db8a-40c2-8cf9-3ee6938ba4f5', 'H5', '2026-02-02T03:56:44.698582', '2026-02-02T03:56:44.698582');
INSERT INTO hall_seats (id, cinema_hall_id, seat_type_id, seat_code, created_at, updated_at) VALUES ('7f581a8e-096b-464b-8a80-69d9ebdc2bd2', '9f106868-b214-4da4-958c-98f47eac54e2', '5fe2ca09-db8a-40c2-8cf9-3ee6938ba4f5', 'H6', '2026-02-02T03:56:44.698582', '2026-02-02T03:56:44.698582');
INSERT INTO hall_seats (id, cinema_hall_id, seat_type_id, seat_code, created_at, updated_at) VALUES ('228504ed-3ed3-465f-a589-c27e9d28a67e', '9f106868-b214-4da4-958c-98f47eac54e2', '5fe2ca09-db8a-40c2-8cf9-3ee6938ba4f5', 'H7', '2026-02-02T03:56:44.698582', '2026-02-02T03:56:44.698582');
INSERT INTO hall_seats (id, cinema_hall_id, seat_type_id, seat_code, created_at, updated_at) VALUES ('c705df25-dfe1-4962-9c50-bcdba61434ed', '9f106868-b214-4da4-958c-98f47eac54e2', '5fe2ca09-db8a-40c2-8cf9-3ee6938ba4f5', 'H8', '2026-02-02T03:56:44.698582', '2026-02-02T03:56:44.698582');
INSERT INTO hall_seats (id, cinema_hall_id, seat_type_id, seat_code, created_at, updated_at) VALUES ('f2ea66aa-1777-46e6-bdc4-98f7b6d8a27a', '9f106868-b214-4da4-958c-98f47eac54e2', '11dbb2bb-b9a5-4148-bcf2-76d1567dae5d', 'I1', '2026-02-02T03:56:44.698670', '2026-02-02T03:56:44.698670');
INSERT INTO hall_seats (id, cinema_hall_id, seat_type_id, seat_code, created_at, updated_at) VALUES ('0ac1ef95-9b86-42d5-806b-8fdf44ce72c4', '9f106868-b214-4da4-958c-98f47eac54e2', '11dbb2bb-b9a5-4148-bcf2-76d1567dae5d', 'I2', '2026-02-02T03:56:44.698670', '2026-02-02T03:56:44.698670');
INSERT INTO hall_seats (id, cinema_hall_id, seat_type_id, seat_code, created_at, updated_at) VALUES ('4b139d93-c1fb-4cd9-8839-7fa2e85a3e7a', '9f106868-b214-4da4-958c-98f47eac54e2', '11dbb2bb-b9a5-4148-bcf2-76d1567dae5d', 'I3', '2026-02-02T03:56:44.698670', '2026-02-02T03:56:44.698670');
INSERT INTO hall_seats (id, cinema_hall_id, seat_type_id, seat_code, created_at, updated_at) VALUES ('17d244c5-fd9d-46a7-8375-5e5cfb4ac2b1', '9f106868-b214-4da4-958c-98f47eac54e2', '11dbb2bb-b9a5-4148-bcf2-76d1567dae5d', 'I4', '2026-02-02T03:56:44.698670', '2026-02-02T03:56:44.698670');
INSERT INTO hall_seats (id, cinema_hall_id, seat_type_id, seat_code, created_at, updated_at) VALUES ('4b3de0e2-282f-4b3a-990a-4ffcfce5802f', 'e7f9e0aa-25c6-4656-a785-24a7c64ae6f7', '47693541-f1ec-4016-943a-edeabbf6f7ad', 'A1', '2026-02-02T03:56:44.698727', '2026-02-02T03:56:44.698727');
INSERT INTO hall_seats (id, cinema_hall_id, seat_type_id, seat_code, created_at, updated_at) VALUES ('c329596f-12a9-4757-80a8-8f7110bfb83c', 'e7f9e0aa-25c6-4656-a785-24a7c64ae6f7', '47693541-f1ec-4016-943a-edeabbf6f7ad', 'A2', '2026-02-02T03:56:44.698727', '2026-02-02T03:56:44.698727');
INSERT INTO hall_seats (id, cinema_hall_id, seat_type_id, seat_code, created_at, updated_at) VALUES ('e24319e7-b5bb-425c-929d-327cc2d7b08c', 'e7f9e0aa-25c6-4656-a785-24a7c64ae6f7', '47693541-f1ec-4016-943a-edeabbf6f7ad', 'A3', '2026-02-02T03:56:44.698727', '2026-02-02T03:56:44.698727');
INSERT INTO hall_seats (id, cinema_hall_id, seat_type_id, seat_code, created_at, updated_at) VALUES ('2b94e200-342b-441e-9207-a3a2ba0b7a4f', 'e7f9e0aa-25c6-4656-a785-24a7c64ae6f7', '47693541-f1ec-4016-943a-edeabbf6f7ad', 'A4', '2026-02-02T03:56:44.698727', '2026-02-02T03:56:44.698727');
INSERT INTO hall_seats (id, cinema_hall_id, seat_type_id, seat_code, created_at, updated_at) VALUES ('d7f25ef8-5cd4-49d9-a20e-21a581d2a808', 'e7f9e0aa-25c6-4656-a785-24a7c64ae6f7', '47693541-f1ec-4016-943a-edeabbf6f7ad', 'A5', '2026-02-02T03:56:44.698727', '2026-02-02T03:56:44.698727');
INSERT INTO hall_seats (id, cinema_hall_id, seat_type_id, seat_code, created_at, updated_at) VALUES ('11415817-2550-4af8-ae86-86cf1135e18e', 'e7f9e0aa-25c6-4656-a785-24a7c64ae6f7', '47693541-f1ec-4016-943a-edeabbf6f7ad', 'A6', '2026-02-02T03:56:44.698727', '2026-02-02T03:56:44.698727');
INSERT INTO hall_seats (id, cinema_hall_id, seat_type_id, seat_code, created_at, updated_at) VALUES ('9aafe564-237e-4839-bf38-fc61606c3f3f', 'e7f9e0aa-25c6-4656-a785-24a7c64ae6f7', '47693541-f1ec-4016-943a-edeabbf6f7ad', 'A7', '2026-02-02T03:56:44.698727', '2026-02-02T03:56:44.698727');
INSERT INTO hall_seats (id, cinema_hall_id, seat_type_id, seat_code, created_at, updated_at) VALUES ('fcb7f4c5-4e4b-4097-b676-87f9bf706881', 'e7f9e0aa-25c6-4656-a785-24a7c64ae6f7', '47693541-f1ec-4016-943a-edeabbf6f7ad', 'A8', '2026-02-02T03:56:44.698727', '2026-02-02T03:56:44.698727');
INSERT INTO hall_seats (id, cinema_hall_id, seat_type_id, seat_code, created_at, updated_at) VALUES ('bc4a68e8-d5a9-484a-8339-f3faae4fa2cb', 'e7f9e0aa-25c6-4656-a785-24a7c64ae6f7', '47693541-f1ec-4016-943a-edeabbf6f7ad', 'B1', '2026-02-02T03:56:44.698833', '2026-02-02T03:56:44.698833');
INSERT INTO hall_seats (id, cinema_hall_id, seat_type_id, seat_code, created_at, updated_at) VALUES ('586b363d-a0f0-4681-96dd-1eea85f2df90', 'e7f9e0aa-25c6-4656-a785-24a7c64ae6f7', '47693541-f1ec-4016-943a-edeabbf6f7ad', 'B2', '2026-02-02T03:56:44.698833', '2026-02-02T03:56:44.698833');
INSERT INTO hall_seats (id, cinema_hall_id, seat_type_id, seat_code, created_at, updated_at) VALUES ('5a752a6b-8fcb-4d51-ae75-057c7e23196e', 'e7f9e0aa-25c6-4656-a785-24a7c64ae6f7', '47693541-f1ec-4016-943a-edeabbf6f7ad', 'B3', '2026-02-02T03:56:44.698833', '2026-02-02T03:56:44.698833');
INSERT INTO hall_seats (id, cinema_hall_id, seat_type_id, seat_code, created_at, updated_at) VALUES ('18c331ee-b7e5-4096-bea6-33b4d5c3b05c', 'e7f9e0aa-25c6-4656-a785-24a7c64ae6f7', '47693541-f1ec-4016-943a-edeabbf6f7ad', 'B4', '2026-02-02T03:56:44.698833', '2026-02-02T03:56:44.698833');
INSERT INTO hall_seats (id, cinema_hall_id, seat_type_id, seat_code, created_at, updated_at) VALUES ('74711b46-e998-4a2e-9f07-93a5b70481c2', 'e7f9e0aa-25c6-4656-a785-24a7c64ae6f7', '47693541-f1ec-4016-943a-edeabbf6f7ad', 'B5', '2026-02-02T03:56:44.698833', '2026-02-02T03:56:44.698833');
INSERT INTO hall_seats (id, cinema_hall_id, seat_type_id, seat_code, created_at, updated_at) VALUES ('f0b05a92-1e9f-4aa7-b8b2-e0b941ccd2fa', 'e7f9e0aa-25c6-4656-a785-24a7c64ae6f7', '47693541-f1ec-4016-943a-edeabbf6f7ad', 'B6', '2026-02-02T03:56:44.698833', '2026-02-02T03:56:44.698833');
INSERT INTO hall_seats (id, cinema_hall_id, seat_type_id, seat_code, created_at, updated_at) VALUES ('07e6aec3-af39-4e6a-a15c-b1455c6e982a', 'e7f9e0aa-25c6-4656-a785-24a7c64ae6f7', '47693541-f1ec-4016-943a-edeabbf6f7ad', 'B7', '2026-02-02T03:56:44.698833', '2026-02-02T03:56:44.698833');
INSERT INTO hall_seats (id, cinema_hall_id, seat_type_id, seat_code, created_at, updated_at) VALUES ('bde26575-536d-486f-a846-e3a4e4ad2963', 'e7f9e0aa-25c6-4656-a785-24a7c64ae6f7', '47693541-f1ec-4016-943a-edeabbf6f7ad', 'B8', '2026-02-02T03:56:44.698833', '2026-02-02T03:56:44.698833');
INSERT INTO hall_seats (id, cinema_hall_id, seat_type_id, seat_code, created_at, updated_at) VALUES ('558692ee-67b9-4ca6-926e-12dae30c762a', 'e7f9e0aa-25c6-4656-a785-24a7c64ae6f7', '47693541-f1ec-4016-943a-edeabbf6f7ad', 'C1', '2026-02-02T03:56:44.698921', '2026-02-02T03:56:44.698921');
INSERT INTO hall_seats (id, cinema_hall_id, seat_type_id, seat_code, created_at, updated_at) VALUES ('c6e2f2eb-9c2a-495e-b202-7fe339ac3d1c', 'e7f9e0aa-25c6-4656-a785-24a7c64ae6f7', '47693541-f1ec-4016-943a-edeabbf6f7ad', 'C2', '2026-02-02T03:56:44.698921', '2026-02-02T03:56:44.698921');
INSERT INTO hall_seats (id, cinema_hall_id, seat_type_id, seat_code, created_at, updated_at) VALUES ('2725dab8-dcbb-4477-953e-53a15ad23af3', 'e7f9e0aa-25c6-4656-a785-24a7c64ae6f7', '47693541-f1ec-4016-943a-edeabbf6f7ad', 'C3', '2026-02-02T03:56:44.698921', '2026-02-02T03:56:44.698921');
INSERT INTO hall_seats (id, cinema_hall_id, seat_type_id, seat_code, created_at, updated_at) VALUES ('321b1482-50e4-4efc-969d-99133294cf0e', 'e7f9e0aa-25c6-4656-a785-24a7c64ae6f7', '47693541-f1ec-4016-943a-edeabbf6f7ad', 'C4', '2026-02-02T03:56:44.698921', '2026-02-02T03:56:44.698921');
INSERT INTO hall_seats (id, cinema_hall_id, seat_type_id, seat_code, created_at, updated_at) VALUES ('4feec5ae-9a57-41eb-9b4d-f77cf5f85773', 'e7f9e0aa-25c6-4656-a785-24a7c64ae6f7', '47693541-f1ec-4016-943a-edeabbf6f7ad', 'C5', '2026-02-02T03:56:44.698921', '2026-02-02T03:56:44.698921');
INSERT INTO hall_seats (id, cinema_hall_id, seat_type_id, seat_code, created_at, updated_at) VALUES ('12e22b69-e542-4c0c-9845-f3d9e20b0833', 'e7f9e0aa-25c6-4656-a785-24a7c64ae6f7', '47693541-f1ec-4016-943a-edeabbf6f7ad', 'C6', '2026-02-02T03:56:44.698921', '2026-02-02T03:56:44.698921');
INSERT INTO hall_seats (id, cinema_hall_id, seat_type_id, seat_code, created_at, updated_at) VALUES ('7e74bc9f-7a7e-4f70-b9ef-f515a5096f4c', 'e7f9e0aa-25c6-4656-a785-24a7c64ae6f7', '47693541-f1ec-4016-943a-edeabbf6f7ad', 'C7', '2026-02-02T03:56:44.698921', '2026-02-02T03:56:44.698921');
INSERT INTO hall_seats (id, cinema_hall_id, seat_type_id, seat_code, created_at, updated_at) VALUES ('30da16fa-d995-4563-815b-6ccfcdeb9d22', 'e7f9e0aa-25c6-4656-a785-24a7c64ae6f7', '47693541-f1ec-4016-943a-edeabbf6f7ad', 'C8', '2026-02-02T03:56:44.698921', '2026-02-02T03:56:44.698921');
INSERT INTO hall_seats (id, cinema_hall_id, seat_type_id, seat_code, created_at, updated_at) VALUES ('67e9ece8-8fc7-4517-aed0-a26c5cb8813a', 'e7f9e0aa-25c6-4656-a785-24a7c64ae6f7', '47693541-f1ec-4016-943a-edeabbf6f7ad', 'D1', '2026-02-02T03:56:44.699007', '2026-02-02T03:56:44.699007');
INSERT INTO hall_seats (id, cinema_hall_id, seat_type_id, seat_code, created_at, updated_at) VALUES ('385f237c-a564-48d0-b6fc-63356052c287', 'e7f9e0aa-25c6-4656-a785-24a7c64ae6f7', '47693541-f1ec-4016-943a-edeabbf6f7ad', 'D2', '2026-02-02T03:56:44.699007', '2026-02-02T03:56:44.699007');
INSERT INTO hall_seats (id, cinema_hall_id, seat_type_id, seat_code, created_at, updated_at) VALUES ('02b9d48c-3a4e-4bca-8014-c49db153e95c', 'e7f9e0aa-25c6-4656-a785-24a7c64ae6f7', '47693541-f1ec-4016-943a-edeabbf6f7ad', 'D3', '2026-02-02T03:56:44.699007', '2026-02-02T03:56:44.699007');
INSERT INTO hall_seats (id, cinema_hall_id, seat_type_id, seat_code, created_at, updated_at) VALUES ('886aaf41-0a69-4bc0-948a-c5d6e139d577', 'e7f9e0aa-25c6-4656-a785-24a7c64ae6f7', '47693541-f1ec-4016-943a-edeabbf6f7ad', 'D4', '2026-02-02T03:56:44.699007', '2026-02-02T03:56:44.699007');
INSERT INTO hall_seats (id, cinema_hall_id, seat_type_id, seat_code, created_at, updated_at) VALUES ('b42f559d-7127-4cc8-ab79-3f228acb1d51', 'e7f9e0aa-25c6-4656-a785-24a7c64ae6f7', '47693541-f1ec-4016-943a-edeabbf6f7ad', 'D5', '2026-02-02T03:56:44.699007', '2026-02-02T03:56:44.699007');
INSERT INTO hall_seats (id, cinema_hall_id, seat_type_id, seat_code, created_at, updated_at) VALUES ('1a910e4b-4e50-4226-b7ad-ed475094f94d', 'e7f9e0aa-25c6-4656-a785-24a7c64ae6f7', '47693541-f1ec-4016-943a-edeabbf6f7ad', 'D6', '2026-02-02T03:56:44.699007', '2026-02-02T03:56:44.699007');
INSERT INTO hall_seats (id, cinema_hall_id, seat_type_id, seat_code, created_at, updated_at) VALUES ('a7b49e4b-e4a5-4483-9ce3-53a39456ed28', 'e7f9e0aa-25c6-4656-a785-24a7c64ae6f7', '47693541-f1ec-4016-943a-edeabbf6f7ad', 'D7', '2026-02-02T03:56:44.699007', '2026-02-02T03:56:44.699007');
INSERT INTO hall_seats (id, cinema_hall_id, seat_type_id, seat_code, created_at, updated_at) VALUES ('82ca319b-1c37-43cc-88b6-940b9d2ce70b', 'e7f9e0aa-25c6-4656-a785-24a7c64ae6f7', '47693541-f1ec-4016-943a-edeabbf6f7ad', 'D8', '2026-02-02T03:56:44.699007', '2026-02-02T03:56:44.699007');
INSERT INTO hall_seats (id, cinema_hall_id, seat_type_id, seat_code, created_at, updated_at) VALUES ('ba3d2edf-cdd2-4161-bef1-799eae50cfe9', 'e7f9e0aa-25c6-4656-a785-24a7c64ae6f7', '47693541-f1ec-4016-943a-edeabbf6f7ad', 'E1', '2026-02-02T03:56:44.699086', '2026-02-02T03:56:44.699086');
INSERT INTO hall_seats (id, cinema_hall_id, seat_type_id, seat_code, created_at, updated_at) VALUES ('584f4a07-ab3a-44a4-af6b-d4091b7f5a0e', 'e7f9e0aa-25c6-4656-a785-24a7c64ae6f7', '47693541-f1ec-4016-943a-edeabbf6f7ad', 'E2', '2026-02-02T03:56:44.699086', '2026-02-02T03:56:44.699086');
INSERT INTO hall_seats (id, cinema_hall_id, seat_type_id, seat_code, created_at, updated_at) VALUES ('2181f3c3-7e38-43cc-9598-e614400ee1cf', 'e7f9e0aa-25c6-4656-a785-24a7c64ae6f7', '47693541-f1ec-4016-943a-edeabbf6f7ad', 'E3', '2026-02-02T03:56:44.699086', '2026-02-02T03:56:44.699086');
INSERT INTO hall_seats (id, cinema_hall_id, seat_type_id, seat_code, created_at, updated_at) VALUES ('b1d98acd-284d-47b5-868d-906e56a26f53', 'e7f9e0aa-25c6-4656-a785-24a7c64ae6f7', '47693541-f1ec-4016-943a-edeabbf6f7ad', 'E4', '2026-02-02T03:56:44.699086', '2026-02-02T03:56:44.699086');
INSERT INTO hall_seats (id, cinema_hall_id, seat_type_id, seat_code, created_at, updated_at) VALUES ('d4c43dc9-9f21-4ab1-9f6f-ca56b7615a60', 'e7f9e0aa-25c6-4656-a785-24a7c64ae6f7', '47693541-f1ec-4016-943a-edeabbf6f7ad', 'E5', '2026-02-02T03:56:44.699086', '2026-02-02T03:56:44.699086');
INSERT INTO hall_seats (id, cinema_hall_id, seat_type_id, seat_code, created_at, updated_at) VALUES ('4725a3e1-2b51-4d89-9dc9-b1b2e4d96604', 'e7f9e0aa-25c6-4656-a785-24a7c64ae6f7', '47693541-f1ec-4016-943a-edeabbf6f7ad', 'E6', '2026-02-02T03:56:44.699086', '2026-02-02T03:56:44.699086');
INSERT INTO hall_seats (id, cinema_hall_id, seat_type_id, seat_code, created_at, updated_at) VALUES ('8abc2626-12b7-4976-84f8-794b052ae234', 'e7f9e0aa-25c6-4656-a785-24a7c64ae6f7', '47693541-f1ec-4016-943a-edeabbf6f7ad', 'E7', '2026-02-02T03:56:44.699086', '2026-02-02T03:56:44.699086');
INSERT INTO hall_seats (id, cinema_hall_id, seat_type_id, seat_code, created_at, updated_at) VALUES ('2932e1b2-e3f8-4291-b8be-9d509d3777c4', 'e7f9e0aa-25c6-4656-a785-24a7c64ae6f7', '47693541-f1ec-4016-943a-edeabbf6f7ad', 'E8', '2026-02-02T03:56:44.699086', '2026-02-02T03:56:44.699086');
INSERT INTO hall_seats (id, cinema_hall_id, seat_type_id, seat_code, created_at, updated_at) VALUES ('f377eb48-1d9b-4c61-b71e-16f5bc043f5c', 'e7f9e0aa-25c6-4656-a785-24a7c64ae6f7', '47693541-f1ec-4016-943a-edeabbf6f7ad', 'F1', '2026-02-02T03:56:44.699169', '2026-02-02T03:56:44.699169');
INSERT INTO hall_seats (id, cinema_hall_id, seat_type_id, seat_code, created_at, updated_at) VALUES ('30c5da23-2973-4446-93ad-fc5ecd05fda3', 'e7f9e0aa-25c6-4656-a785-24a7c64ae6f7', '47693541-f1ec-4016-943a-edeabbf6f7ad', 'F2', '2026-02-02T03:56:44.699169', '2026-02-02T03:56:44.699169');
INSERT INTO hall_seats (id, cinema_hall_id, seat_type_id, seat_code, created_at, updated_at) VALUES ('663cc7a4-d377-4e79-98d2-d16b3c280a94', 'e7f9e0aa-25c6-4656-a785-24a7c64ae6f7', '47693541-f1ec-4016-943a-edeabbf6f7ad', 'F3', '2026-02-02T03:56:44.699169', '2026-02-02T03:56:44.699169');
INSERT INTO hall_seats (id, cinema_hall_id, seat_type_id, seat_code, created_at, updated_at) VALUES ('da4b5179-9cdb-486f-9b8e-19d0afb4fabc', 'e7f9e0aa-25c6-4656-a785-24a7c64ae6f7', '47693541-f1ec-4016-943a-edeabbf6f7ad', 'F4', '2026-02-02T03:56:44.699169', '2026-02-02T03:56:44.699169');
INSERT INTO hall_seats (id, cinema_hall_id, seat_type_id, seat_code, created_at, updated_at) VALUES ('a2b12248-e2a6-42db-8f12-6bd675d6444b', 'e7f9e0aa-25c6-4656-a785-24a7c64ae6f7', '47693541-f1ec-4016-943a-edeabbf6f7ad', 'F5', '2026-02-02T03:56:44.699169', '2026-02-02T03:56:44.699169');
INSERT INTO hall_seats (id, cinema_hall_id, seat_type_id, seat_code, created_at, updated_at) VALUES ('6f4b0c3f-cf70-4ba5-b24f-115acd2ca86b', 'e7f9e0aa-25c6-4656-a785-24a7c64ae6f7', '47693541-f1ec-4016-943a-edeabbf6f7ad', 'F6', '2026-02-02T03:56:44.699169', '2026-02-02T03:56:44.699169');
INSERT INTO hall_seats (id, cinema_hall_id, seat_type_id, seat_code, created_at, updated_at) VALUES ('90ecb4fb-82d4-449a-a4e3-2640aa343336', 'e7f9e0aa-25c6-4656-a785-24a7c64ae6f7', '47693541-f1ec-4016-943a-edeabbf6f7ad', 'F7', '2026-02-02T03:56:44.699169', '2026-02-02T03:56:44.699169');
INSERT INTO hall_seats (id, cinema_hall_id, seat_type_id, seat_code, created_at, updated_at) VALUES ('f6e37a7f-07be-48a5-a8f2-b28a84f3bc7e', 'e7f9e0aa-25c6-4656-a785-24a7c64ae6f7', '47693541-f1ec-4016-943a-edeabbf6f7ad', 'F8', '2026-02-02T03:56:44.699169', '2026-02-02T03:56:44.699169');
INSERT INTO hall_seats (id, cinema_hall_id, seat_type_id, seat_code, created_at, updated_at) VALUES ('6ef2cc4a-a34b-441b-8122-375c1a7799c3', 'e7f9e0aa-25c6-4656-a785-24a7c64ae6f7', '5fe2ca09-db8a-40c2-8cf9-3ee6938ba4f5', 'G1', '2026-02-02T03:56:44.699252', '2026-02-02T03:56:44.699252');
INSERT INTO hall_seats (id, cinema_hall_id, seat_type_id, seat_code, created_at, updated_at) VALUES ('30c1e3d6-23f6-45be-be4a-bca689a410aa', 'e7f9e0aa-25c6-4656-a785-24a7c64ae6f7', '5fe2ca09-db8a-40c2-8cf9-3ee6938ba4f5', 'G2', '2026-02-02T03:56:44.699252', '2026-02-02T03:56:44.699252');
INSERT INTO hall_seats (id, cinema_hall_id, seat_type_id, seat_code, created_at, updated_at) VALUES ('49d79049-eda4-45f4-b905-59fc6e4431b7', 'e7f9e0aa-25c6-4656-a785-24a7c64ae6f7', '5fe2ca09-db8a-40c2-8cf9-3ee6938ba4f5', 'G3', '2026-02-02T03:56:44.699252', '2026-02-02T03:56:44.699252');
INSERT INTO hall_seats (id, cinema_hall_id, seat_type_id, seat_code, created_at, updated_at) VALUES ('3ae9fa66-d173-4da8-bc12-50cc6c7c2838', 'e7f9e0aa-25c6-4656-a785-24a7c64ae6f7', '5fe2ca09-db8a-40c2-8cf9-3ee6938ba4f5', 'G4', '2026-02-02T03:56:44.699252', '2026-02-02T03:56:44.699252');
INSERT INTO hall_seats (id, cinema_hall_id, seat_type_id, seat_code, created_at, updated_at) VALUES ('500d68fe-a925-4f5a-882c-5c1b9d49ab3e', 'e7f9e0aa-25c6-4656-a785-24a7c64ae6f7', '5fe2ca09-db8a-40c2-8cf9-3ee6938ba4f5', 'G5', '2026-02-02T03:56:44.699252', '2026-02-02T03:56:44.699252');
INSERT INTO hall_seats (id, cinema_hall_id, seat_type_id, seat_code, created_at, updated_at) VALUES ('2ec4d453-9918-4f24-a490-e603dbbc4e52', 'e7f9e0aa-25c6-4656-a785-24a7c64ae6f7', '5fe2ca09-db8a-40c2-8cf9-3ee6938ba4f5', 'G6', '2026-02-02T03:56:44.699252', '2026-02-02T03:56:44.699252');
INSERT INTO hall_seats (id, cinema_hall_id, seat_type_id, seat_code, created_at, updated_at) VALUES ('b92dfb1a-59e2-4c57-abac-ebd95d745939', 'e7f9e0aa-25c6-4656-a785-24a7c64ae6f7', '5fe2ca09-db8a-40c2-8cf9-3ee6938ba4f5', 'G7', '2026-02-02T03:56:44.699252', '2026-02-02T03:56:44.699252');
INSERT INTO hall_seats (id, cinema_hall_id, seat_type_id, seat_code, created_at, updated_at) VALUES ('895af6de-478a-4925-a7ab-66ada8d35748', 'e7f9e0aa-25c6-4656-a785-24a7c64ae6f7', '5fe2ca09-db8a-40c2-8cf9-3ee6938ba4f5', 'G8', '2026-02-02T03:56:44.699252', '2026-02-02T03:56:44.699252');
INSERT INTO hall_seats (id, cinema_hall_id, seat_type_id, seat_code, created_at, updated_at) VALUES ('1ec3c08f-10c7-476a-ad90-fa25511caf91', 'e7f9e0aa-25c6-4656-a785-24a7c64ae6f7', '5fe2ca09-db8a-40c2-8cf9-3ee6938ba4f5', 'H1', '2026-02-02T03:56:44.699341', '2026-02-02T03:56:44.699341');
INSERT INTO hall_seats (id, cinema_hall_id, seat_type_id, seat_code, created_at, updated_at) VALUES ('e0548e08-c830-437a-b41f-f84899cb1a70', 'e7f9e0aa-25c6-4656-a785-24a7c64ae6f7', '5fe2ca09-db8a-40c2-8cf9-3ee6938ba4f5', 'H2', '2026-02-02T03:56:44.699341', '2026-02-02T03:56:44.699341');
INSERT INTO hall_seats (id, cinema_hall_id, seat_type_id, seat_code, created_at, updated_at) VALUES ('376d0f2e-8339-495a-931d-c29513c9a95b', 'e7f9e0aa-25c6-4656-a785-24a7c64ae6f7', '5fe2ca09-db8a-40c2-8cf9-3ee6938ba4f5', 'H3', '2026-02-02T03:56:44.699341', '2026-02-02T03:56:44.699341');
INSERT INTO hall_seats (id, cinema_hall_id, seat_type_id, seat_code, created_at, updated_at) VALUES ('9376c36a-b6f4-422c-a132-faf1b0465172', 'e7f9e0aa-25c6-4656-a785-24a7c64ae6f7', '5fe2ca09-db8a-40c2-8cf9-3ee6938ba4f5', 'H4', '2026-02-02T03:56:44.699341', '2026-02-02T03:56:44.699341');
INSERT INTO hall_seats (id, cinema_hall_id, seat_type_id, seat_code, created_at, updated_at) VALUES ('c226d128-a516-4e3b-89f7-c29c3234c062', 'e7f9e0aa-25c6-4656-a785-24a7c64ae6f7', '5fe2ca09-db8a-40c2-8cf9-3ee6938ba4f5', 'H5', '2026-02-02T03:56:44.699341', '2026-02-02T03:56:44.699341');
INSERT INTO hall_seats (id, cinema_hall_id, seat_type_id, seat_code, created_at, updated_at) VALUES ('c50f5b6d-6700-4cc2-a24a-e29a1b9921c6', 'e7f9e0aa-25c6-4656-a785-24a7c64ae6f7', '5fe2ca09-db8a-40c2-8cf9-3ee6938ba4f5', 'H6', '2026-02-02T03:56:44.699341', '2026-02-02T03:56:44.699341');
INSERT INTO hall_seats (id, cinema_hall_id, seat_type_id, seat_code, created_at, updated_at) VALUES ('abddcce3-25f7-4aa2-bcfb-224ddc689528', 'e7f9e0aa-25c6-4656-a785-24a7c64ae6f7', '5fe2ca09-db8a-40c2-8cf9-3ee6938ba4f5', 'H7', '2026-02-02T03:56:44.699341', '2026-02-02T03:56:44.699341');
INSERT INTO hall_seats (id, cinema_hall_id, seat_type_id, seat_code, created_at, updated_at) VALUES ('96ed7a10-e751-4128-ac7a-62b0f7b5086e', 'e7f9e0aa-25c6-4656-a785-24a7c64ae6f7', '5fe2ca09-db8a-40c2-8cf9-3ee6938ba4f5', 'H8', '2026-02-02T03:56:44.699341', '2026-02-02T03:56:44.699341');
INSERT INTO hall_seats (id, cinema_hall_id, seat_type_id, seat_code, created_at, updated_at) VALUES ('d2a0e47f-9a65-46dc-8d4d-ef2052225f47', 'e7f9e0aa-25c6-4656-a785-24a7c64ae6f7', '11dbb2bb-b9a5-4148-bcf2-76d1567dae5d', 'I1', '2026-02-02T03:56:44.699433', '2026-02-02T03:56:44.699433');
INSERT INTO hall_seats (id, cinema_hall_id, seat_type_id, seat_code, created_at, updated_at) VALUES ('67320d6c-7f88-4caa-b83e-eb6a70c756a5', 'e7f9e0aa-25c6-4656-a785-24a7c64ae6f7', '11dbb2bb-b9a5-4148-bcf2-76d1567dae5d', 'I2', '2026-02-02T03:56:44.699433', '2026-02-02T03:56:44.699433');
INSERT INTO hall_seats (id, cinema_hall_id, seat_type_id, seat_code, created_at, updated_at) VALUES ('02c662cf-cdc2-4201-a61d-6b9c9259409b', 'e7f9e0aa-25c6-4656-a785-24a7c64ae6f7', '11dbb2bb-b9a5-4148-bcf2-76d1567dae5d', 'I3', '2026-02-02T03:56:44.699433', '2026-02-02T03:56:44.699433');
INSERT INTO hall_seats (id, cinema_hall_id, seat_type_id, seat_code, created_at, updated_at) VALUES ('68d4df99-19ee-4054-ae88-740fca705b58', 'e7f9e0aa-25c6-4656-a785-24a7c64ae6f7', '11dbb2bb-b9a5-4148-bcf2-76d1567dae5d', 'I4', '2026-02-02T03:56:44.699433', '2026-02-02T03:56:44.699433');
INSERT INTO hall_seats (id, cinema_hall_id, seat_type_id, seat_code, created_at, updated_at) VALUES ('e9615093-7a99-446b-8600-a20b968a6d6b', 'dc9298a8-a343-4ff6-a811-bccf5aa5db8f', '47693541-f1ec-4016-943a-edeabbf6f7ad', 'A1', '2026-02-02T03:56:44.699479', '2026-02-02T03:56:44.699479');
INSERT INTO hall_seats (id, cinema_hall_id, seat_type_id, seat_code, created_at, updated_at) VALUES ('f8b3ff99-3440-471c-8f3d-0ea1be4593e4', 'dc9298a8-a343-4ff6-a811-bccf5aa5db8f', '47693541-f1ec-4016-943a-edeabbf6f7ad', 'A2', '2026-02-02T03:56:44.699479', '2026-02-02T03:56:44.699479');
INSERT INTO hall_seats (id, cinema_hall_id, seat_type_id, seat_code, created_at, updated_at) VALUES ('2d4db934-37e1-4ea8-ad66-016b8dbf389d', 'dc9298a8-a343-4ff6-a811-bccf5aa5db8f', '47693541-f1ec-4016-943a-edeabbf6f7ad', 'A3', '2026-02-02T03:56:44.699479', '2026-02-02T03:56:44.699479');
INSERT INTO hall_seats (id, cinema_hall_id, seat_type_id, seat_code, created_at, updated_at) VALUES ('c3065dff-dcee-494e-9511-3eabee63cd49', 'dc9298a8-a343-4ff6-a811-bccf5aa5db8f', '47693541-f1ec-4016-943a-edeabbf6f7ad', 'A4', '2026-02-02T03:56:44.699479', '2026-02-02T03:56:44.699479');
INSERT INTO hall_seats (id, cinema_hall_id, seat_type_id, seat_code, created_at, updated_at) VALUES ('1aa8478d-2b1a-4526-b472-1661f487290e', 'dc9298a8-a343-4ff6-a811-bccf5aa5db8f', '47693541-f1ec-4016-943a-edeabbf6f7ad', 'A5', '2026-02-02T03:56:44.699479', '2026-02-02T03:56:44.699479');
INSERT INTO hall_seats (id, cinema_hall_id, seat_type_id, seat_code, created_at, updated_at) VALUES ('f828f650-7043-4c05-8912-9e998084e011', 'dc9298a8-a343-4ff6-a811-bccf5aa5db8f', '47693541-f1ec-4016-943a-edeabbf6f7ad', 'A6', '2026-02-02T03:56:44.699479', '2026-02-02T03:56:44.699479');
INSERT INTO hall_seats (id, cinema_hall_id, seat_type_id, seat_code, created_at, updated_at) VALUES ('21e926ef-9422-40a7-89f7-e53853c0c16b', 'dc9298a8-a343-4ff6-a811-bccf5aa5db8f', '47693541-f1ec-4016-943a-edeabbf6f7ad', 'A7', '2026-02-02T03:56:44.699479', '2026-02-02T03:56:44.699479');
INSERT INTO hall_seats (id, cinema_hall_id, seat_type_id, seat_code, created_at, updated_at) VALUES ('10a01db7-5f1b-4477-9682-b0cac4265c3b', 'dc9298a8-a343-4ff6-a811-bccf5aa5db8f', '47693541-f1ec-4016-943a-edeabbf6f7ad', 'A8', '2026-02-02T03:56:44.699479', '2026-02-02T03:56:44.699479');
INSERT INTO hall_seats (id, cinema_hall_id, seat_type_id, seat_code, created_at, updated_at) VALUES ('f04af88c-38d2-46e4-b230-280387bbcf76', 'dc9298a8-a343-4ff6-a811-bccf5aa5db8f', '47693541-f1ec-4016-943a-edeabbf6f7ad', 'B1', '2026-02-02T03:56:44.699565', '2026-02-02T03:56:44.699565');
INSERT INTO hall_seats (id, cinema_hall_id, seat_type_id, seat_code, created_at, updated_at) VALUES ('c6f87a29-3c16-4042-b562-fbb6d0acd78a', 'dc9298a8-a343-4ff6-a811-bccf5aa5db8f', '47693541-f1ec-4016-943a-edeabbf6f7ad', 'B2', '2026-02-02T03:56:44.699565', '2026-02-02T03:56:44.699565');
INSERT INTO hall_seats (id, cinema_hall_id, seat_type_id, seat_code, created_at, updated_at) VALUES ('f4c3baca-24ce-4b5a-81c8-c9c4ef17e6a8', 'dc9298a8-a343-4ff6-a811-bccf5aa5db8f', '47693541-f1ec-4016-943a-edeabbf6f7ad', 'B3', '2026-02-02T03:56:44.699565', '2026-02-02T03:56:44.699565');
INSERT INTO hall_seats (id, cinema_hall_id, seat_type_id, seat_code, created_at, updated_at) VALUES ('0322cdd0-020d-4cc7-a6d8-35078c856b3a', 'dc9298a8-a343-4ff6-a811-bccf5aa5db8f', '47693541-f1ec-4016-943a-edeabbf6f7ad', 'B4', '2026-02-02T03:56:44.699565', '2026-02-02T03:56:44.699565');
INSERT INTO hall_seats (id, cinema_hall_id, seat_type_id, seat_code, created_at, updated_at) VALUES ('058b3629-c5d8-42f4-83a6-5920a821bbe3', 'dc9298a8-a343-4ff6-a811-bccf5aa5db8f', '47693541-f1ec-4016-943a-edeabbf6f7ad', 'B5', '2026-02-02T03:56:44.699565', '2026-02-02T03:56:44.699565');
INSERT INTO hall_seats (id, cinema_hall_id, seat_type_id, seat_code, created_at, updated_at) VALUES ('8efd06a7-ca41-4620-a47b-19c885cf04e1', 'dc9298a8-a343-4ff6-a811-bccf5aa5db8f', '47693541-f1ec-4016-943a-edeabbf6f7ad', 'B6', '2026-02-02T03:56:44.699565', '2026-02-02T03:56:44.699565');
INSERT INTO hall_seats (id, cinema_hall_id, seat_type_id, seat_code, created_at, updated_at) VALUES ('6906347a-107b-46ee-bf0a-21014c032114', 'dc9298a8-a343-4ff6-a811-bccf5aa5db8f', '47693541-f1ec-4016-943a-edeabbf6f7ad', 'B7', '2026-02-02T03:56:44.699565', '2026-02-02T03:56:44.699565');
INSERT INTO hall_seats (id, cinema_hall_id, seat_type_id, seat_code, created_at, updated_at) VALUES ('bb339e1c-68af-4337-ad92-0ee363727ef7', 'dc9298a8-a343-4ff6-a811-bccf5aa5db8f', '47693541-f1ec-4016-943a-edeabbf6f7ad', 'B8', '2026-02-02T03:56:44.699565', '2026-02-02T03:56:44.699565');
INSERT INTO hall_seats (id, cinema_hall_id, seat_type_id, seat_code, created_at, updated_at) VALUES ('229e7713-bc20-4aaa-989d-d227582bad93', 'dc9298a8-a343-4ff6-a811-bccf5aa5db8f', '47693541-f1ec-4016-943a-edeabbf6f7ad', 'C1', '2026-02-02T03:56:44.699650', '2026-02-02T03:56:44.699650');
INSERT INTO hall_seats (id, cinema_hall_id, seat_type_id, seat_code, created_at, updated_at) VALUES ('b0306169-e0c6-4d6c-b529-6b10ca20f17d', 'dc9298a8-a343-4ff6-a811-bccf5aa5db8f', '47693541-f1ec-4016-943a-edeabbf6f7ad', 'C2', '2026-02-02T03:56:44.699650', '2026-02-02T03:56:44.699650');
INSERT INTO hall_seats (id, cinema_hall_id, seat_type_id, seat_code, created_at, updated_at) VALUES ('c2be66f7-f56a-4241-b723-3221ef59e553', 'dc9298a8-a343-4ff6-a811-bccf5aa5db8f', '47693541-f1ec-4016-943a-edeabbf6f7ad', 'C3', '2026-02-02T03:56:44.699650', '2026-02-02T03:56:44.699650');
INSERT INTO hall_seats (id, cinema_hall_id, seat_type_id, seat_code, created_at, updated_at) VALUES ('75496263-23e3-4eff-b975-89e5e658af84', 'dc9298a8-a343-4ff6-a811-bccf5aa5db8f', '47693541-f1ec-4016-943a-edeabbf6f7ad', 'C4', '2026-02-02T03:56:44.699650', '2026-02-02T03:56:44.699650');
INSERT INTO hall_seats (id, cinema_hall_id, seat_type_id, seat_code, created_at, updated_at) VALUES ('e02a817c-bd90-4d0d-8576-3a54c52b8965', 'dc9298a8-a343-4ff6-a811-bccf5aa5db8f', '47693541-f1ec-4016-943a-edeabbf6f7ad', 'C5', '2026-02-02T03:56:44.699650', '2026-02-02T03:56:44.699650');
INSERT INTO hall_seats (id, cinema_hall_id, seat_type_id, seat_code, created_at, updated_at) VALUES ('bb5d153d-eb54-41d5-bf8d-4b13e12bd1a7', 'dc9298a8-a343-4ff6-a811-bccf5aa5db8f', '47693541-f1ec-4016-943a-edeabbf6f7ad', 'C6', '2026-02-02T03:56:44.699650', '2026-02-02T03:56:44.699650');
INSERT INTO hall_seats (id, cinema_hall_id, seat_type_id, seat_code, created_at, updated_at) VALUES ('11422abd-9a3a-4b2c-b8dc-cc93960b8050', 'dc9298a8-a343-4ff6-a811-bccf5aa5db8f', '47693541-f1ec-4016-943a-edeabbf6f7ad', 'C7', '2026-02-02T03:56:44.699650', '2026-02-02T03:56:44.699650');
INSERT INTO hall_seats (id, cinema_hall_id, seat_type_id, seat_code, created_at, updated_at) VALUES ('e772d09b-f4dd-45bc-9428-9fd6e1727233', 'dc9298a8-a343-4ff6-a811-bccf5aa5db8f', '47693541-f1ec-4016-943a-edeabbf6f7ad', 'C8', '2026-02-02T03:56:44.699650', '2026-02-02T03:56:44.699650');
INSERT INTO hall_seats (id, cinema_hall_id, seat_type_id, seat_code, created_at, updated_at) VALUES ('6e28dbab-0c8e-4f71-a3bd-c0b32240866d', 'dc9298a8-a343-4ff6-a811-bccf5aa5db8f', '47693541-f1ec-4016-943a-edeabbf6f7ad', 'D1', '2026-02-02T03:56:44.699766', '2026-02-02T03:56:44.699766');
INSERT INTO hall_seats (id, cinema_hall_id, seat_type_id, seat_code, created_at, updated_at) VALUES ('a7532354-3c8c-4e41-9e4a-e19dbedfb5b5', 'dc9298a8-a343-4ff6-a811-bccf5aa5db8f', '47693541-f1ec-4016-943a-edeabbf6f7ad', 'D2', '2026-02-02T03:56:44.699766', '2026-02-02T03:56:44.699766');
INSERT INTO hall_seats (id, cinema_hall_id, seat_type_id, seat_code, created_at, updated_at) VALUES ('34156fca-5d02-4f11-9de7-b679c052eef9', 'dc9298a8-a343-4ff6-a811-bccf5aa5db8f', '47693541-f1ec-4016-943a-edeabbf6f7ad', 'D3', '2026-02-02T03:56:44.699766', '2026-02-02T03:56:44.699766');
INSERT INTO hall_seats (id, cinema_hall_id, seat_type_id, seat_code, created_at, updated_at) VALUES ('25b69c69-1a7c-451e-b1e5-8f15c9fa4bb3', 'dc9298a8-a343-4ff6-a811-bccf5aa5db8f', '47693541-f1ec-4016-943a-edeabbf6f7ad', 'D4', '2026-02-02T03:56:44.699766', '2026-02-02T03:56:44.699766');
INSERT INTO hall_seats (id, cinema_hall_id, seat_type_id, seat_code, created_at, updated_at) VALUES ('884a07fd-42c7-4ee8-996b-038279fd1420', 'dc9298a8-a343-4ff6-a811-bccf5aa5db8f', '47693541-f1ec-4016-943a-edeabbf6f7ad', 'D5', '2026-02-02T03:56:44.699766', '2026-02-02T03:56:44.699766');
INSERT INTO hall_seats (id, cinema_hall_id, seat_type_id, seat_code, created_at, updated_at) VALUES ('ca5881e2-a165-4764-896c-0eddd564302b', 'dc9298a8-a343-4ff6-a811-bccf5aa5db8f', '47693541-f1ec-4016-943a-edeabbf6f7ad', 'D6', '2026-02-02T03:56:44.699766', '2026-02-02T03:56:44.699766');
INSERT INTO hall_seats (id, cinema_hall_id, seat_type_id, seat_code, created_at, updated_at) VALUES ('0a0f2046-c090-4eb7-8a21-665d8bbf084e', 'dc9298a8-a343-4ff6-a811-bccf5aa5db8f', '47693541-f1ec-4016-943a-edeabbf6f7ad', 'D7', '2026-02-02T03:56:44.699766', '2026-02-02T03:56:44.699766');
INSERT INTO hall_seats (id, cinema_hall_id, seat_type_id, seat_code, created_at, updated_at) VALUES ('68bd831e-af88-407c-aef7-75b22cd6d28d', 'dc9298a8-a343-4ff6-a811-bccf5aa5db8f', '47693541-f1ec-4016-943a-edeabbf6f7ad', 'D8', '2026-02-02T03:56:44.699766', '2026-02-02T03:56:44.699766');
INSERT INTO hall_seats (id, cinema_hall_id, seat_type_id, seat_code, created_at, updated_at) VALUES ('d951e9de-c6c7-4d64-9ac6-7c1043b47184', 'dc9298a8-a343-4ff6-a811-bccf5aa5db8f', '47693541-f1ec-4016-943a-edeabbf6f7ad', 'E1', '2026-02-02T03:56:44.699857', '2026-02-02T03:56:44.699857');
INSERT INTO hall_seats (id, cinema_hall_id, seat_type_id, seat_code, created_at, updated_at) VALUES ('22b64816-b94d-423f-854a-48aea252e886', 'dc9298a8-a343-4ff6-a811-bccf5aa5db8f', '47693541-f1ec-4016-943a-edeabbf6f7ad', 'E2', '2026-02-02T03:56:44.699857', '2026-02-02T03:56:44.699857');
INSERT INTO hall_seats (id, cinema_hall_id, seat_type_id, seat_code, created_at, updated_at) VALUES ('f1d096dc-64f4-4bf6-9b33-9a60184c7ea6', 'dc9298a8-a343-4ff6-a811-bccf5aa5db8f', '47693541-f1ec-4016-943a-edeabbf6f7ad', 'E3', '2026-02-02T03:56:44.699857', '2026-02-02T03:56:44.699857');
INSERT INTO hall_seats (id, cinema_hall_id, seat_type_id, seat_code, created_at, updated_at) VALUES ('1d04d582-f154-497a-89cf-318c3396cf50', 'dc9298a8-a343-4ff6-a811-bccf5aa5db8f', '47693541-f1ec-4016-943a-edeabbf6f7ad', 'E4', '2026-02-02T03:56:44.699857', '2026-02-02T03:56:44.699857');
INSERT INTO hall_seats (id, cinema_hall_id, seat_type_id, seat_code, created_at, updated_at) VALUES ('b0433449-e4b7-4701-88ef-51a4ace0fe5b', 'dc9298a8-a343-4ff6-a811-bccf5aa5db8f', '47693541-f1ec-4016-943a-edeabbf6f7ad', 'E5', '2026-02-02T03:56:44.699857', '2026-02-02T03:56:44.699857');
INSERT INTO hall_seats (id, cinema_hall_id, seat_type_id, seat_code, created_at, updated_at) VALUES ('7a7ce866-4772-47e3-a9ff-31835e8df1f3', 'dc9298a8-a343-4ff6-a811-bccf5aa5db8f', '47693541-f1ec-4016-943a-edeabbf6f7ad', 'E6', '2026-02-02T03:56:44.699857', '2026-02-02T03:56:44.699857');
INSERT INTO hall_seats (id, cinema_hall_id, seat_type_id, seat_code, created_at, updated_at) VALUES ('dac59899-db7f-4eaf-b607-9f3da9bd94f5', 'dc9298a8-a343-4ff6-a811-bccf5aa5db8f', '47693541-f1ec-4016-943a-edeabbf6f7ad', 'E7', '2026-02-02T03:56:44.699857', '2026-02-02T03:56:44.699857');
INSERT INTO hall_seats (id, cinema_hall_id, seat_type_id, seat_code, created_at, updated_at) VALUES ('b7f52d17-064b-49fd-9f22-8905219d309b', 'dc9298a8-a343-4ff6-a811-bccf5aa5db8f', '47693541-f1ec-4016-943a-edeabbf6f7ad', 'E8', '2026-02-02T03:56:44.699857', '2026-02-02T03:56:44.699857');
INSERT INTO hall_seats (id, cinema_hall_id, seat_type_id, seat_code, created_at, updated_at) VALUES ('1a596705-e4f3-47b5-b665-506c9e4e0ae1', 'dc9298a8-a343-4ff6-a811-bccf5aa5db8f', '47693541-f1ec-4016-943a-edeabbf6f7ad', 'F1', '2026-02-02T03:56:44.699939', '2026-02-02T03:56:44.699939');
INSERT INTO hall_seats (id, cinema_hall_id, seat_type_id, seat_code, created_at, updated_at) VALUES ('891514a8-8d22-4e33-9067-ac71e668891f', 'dc9298a8-a343-4ff6-a811-bccf5aa5db8f', '47693541-f1ec-4016-943a-edeabbf6f7ad', 'F2', '2026-02-02T03:56:44.699939', '2026-02-02T03:56:44.699939');
INSERT INTO hall_seats (id, cinema_hall_id, seat_type_id, seat_code, created_at, updated_at) VALUES ('14678c00-64a2-434a-bc23-249052191535', 'dc9298a8-a343-4ff6-a811-bccf5aa5db8f', '47693541-f1ec-4016-943a-edeabbf6f7ad', 'F3', '2026-02-02T03:56:44.699939', '2026-02-02T03:56:44.699939');
INSERT INTO hall_seats (id, cinema_hall_id, seat_type_id, seat_code, created_at, updated_at) VALUES ('e4bbdfe0-c63f-4c63-85ed-5a8d67c22a38', 'dc9298a8-a343-4ff6-a811-bccf5aa5db8f', '47693541-f1ec-4016-943a-edeabbf6f7ad', 'F4', '2026-02-02T03:56:44.699939', '2026-02-02T03:56:44.699939');
INSERT INTO hall_seats (id, cinema_hall_id, seat_type_id, seat_code, created_at, updated_at) VALUES ('47cc0cbc-4199-4724-924f-92b71a50f956', 'dc9298a8-a343-4ff6-a811-bccf5aa5db8f', '47693541-f1ec-4016-943a-edeabbf6f7ad', 'F5', '2026-02-02T03:56:44.699939', '2026-02-02T03:56:44.699939');
INSERT INTO hall_seats (id, cinema_hall_id, seat_type_id, seat_code, created_at, updated_at) VALUES ('858cb92d-1e4c-4f42-8c05-2b0f4c05d7ef', 'dc9298a8-a343-4ff6-a811-bccf5aa5db8f', '47693541-f1ec-4016-943a-edeabbf6f7ad', 'F6', '2026-02-02T03:56:44.699939', '2026-02-02T03:56:44.699939');
INSERT INTO hall_seats (id, cinema_hall_id, seat_type_id, seat_code, created_at, updated_at) VALUES ('bde31ce9-8e1c-49de-bf6a-7a2e190f4acd', 'dc9298a8-a343-4ff6-a811-bccf5aa5db8f', '47693541-f1ec-4016-943a-edeabbf6f7ad', 'F7', '2026-02-02T03:56:44.699939', '2026-02-02T03:56:44.699939');
INSERT INTO hall_seats (id, cinema_hall_id, seat_type_id, seat_code, created_at, updated_at) VALUES ('b9aaaac2-0da7-4537-adfa-25a26e89626b', 'dc9298a8-a343-4ff6-a811-bccf5aa5db8f', '47693541-f1ec-4016-943a-edeabbf6f7ad', 'F8', '2026-02-02T03:56:44.699939', '2026-02-02T03:56:44.699939');
INSERT INTO hall_seats (id, cinema_hall_id, seat_type_id, seat_code, created_at, updated_at) VALUES ('dd1dc064-0213-4fee-b1a4-0184141cef2d', 'dc9298a8-a343-4ff6-a811-bccf5aa5db8f', '5fe2ca09-db8a-40c2-8cf9-3ee6938ba4f5', 'G1', '2026-02-02T03:56:44.700023', '2026-02-02T03:56:44.700023');
INSERT INTO hall_seats (id, cinema_hall_id, seat_type_id, seat_code, created_at, updated_at) VALUES ('6a0344a7-2c82-4f77-a51f-87a1c1156c5a', 'dc9298a8-a343-4ff6-a811-bccf5aa5db8f', '5fe2ca09-db8a-40c2-8cf9-3ee6938ba4f5', 'G2', '2026-02-02T03:56:44.700023', '2026-02-02T03:56:44.700023');
INSERT INTO hall_seats (id, cinema_hall_id, seat_type_id, seat_code, created_at, updated_at) VALUES ('bcc145d9-bcb4-4167-a899-b6e50300eb92', 'dc9298a8-a343-4ff6-a811-bccf5aa5db8f', '5fe2ca09-db8a-40c2-8cf9-3ee6938ba4f5', 'G3', '2026-02-02T03:56:44.700023', '2026-02-02T03:56:44.700023');
INSERT INTO hall_seats (id, cinema_hall_id, seat_type_id, seat_code, created_at, updated_at) VALUES ('613ed4b2-80bd-4b7b-b069-c8aa443d89e5', 'dc9298a8-a343-4ff6-a811-bccf5aa5db8f', '5fe2ca09-db8a-40c2-8cf9-3ee6938ba4f5', 'G4', '2026-02-02T03:56:44.700023', '2026-02-02T03:56:44.700023');
INSERT INTO hall_seats (id, cinema_hall_id, seat_type_id, seat_code, created_at, updated_at) VALUES ('5bec510f-8822-41ef-a400-9e22ef710d78', 'dc9298a8-a343-4ff6-a811-bccf5aa5db8f', '5fe2ca09-db8a-40c2-8cf9-3ee6938ba4f5', 'G5', '2026-02-02T03:56:44.700023', '2026-02-02T03:56:44.700023');
INSERT INTO hall_seats (id, cinema_hall_id, seat_type_id, seat_code, created_at, updated_at) VALUES ('169ad0dd-c3fb-48e4-babf-04d819c8c246', 'dc9298a8-a343-4ff6-a811-bccf5aa5db8f', '5fe2ca09-db8a-40c2-8cf9-3ee6938ba4f5', 'G6', '2026-02-02T03:56:44.700023', '2026-02-02T03:56:44.700023');
INSERT INTO hall_seats (id, cinema_hall_id, seat_type_id, seat_code, created_at, updated_at) VALUES ('565cea91-5f64-40fe-9b14-12105318fb8d', 'dc9298a8-a343-4ff6-a811-bccf5aa5db8f', '5fe2ca09-db8a-40c2-8cf9-3ee6938ba4f5', 'G7', '2026-02-02T03:56:44.700023', '2026-02-02T03:56:44.700023');
INSERT INTO hall_seats (id, cinema_hall_id, seat_type_id, seat_code, created_at, updated_at) VALUES ('017ead29-03ae-4be1-9dc2-4d4e53c95b21', 'dc9298a8-a343-4ff6-a811-bccf5aa5db8f', '5fe2ca09-db8a-40c2-8cf9-3ee6938ba4f5', 'G8', '2026-02-02T03:56:44.700023', '2026-02-02T03:56:44.700023');
INSERT INTO hall_seats (id, cinema_hall_id, seat_type_id, seat_code, created_at, updated_at) VALUES ('9e57b10b-cb92-4bfc-98d6-95531eff5f48', 'dc9298a8-a343-4ff6-a811-bccf5aa5db8f', '5fe2ca09-db8a-40c2-8cf9-3ee6938ba4f5', 'H1', '2026-02-02T03:56:44.700110', '2026-02-02T03:56:44.700110');
INSERT INTO hall_seats (id, cinema_hall_id, seat_type_id, seat_code, created_at, updated_at) VALUES ('1bbb9e26-16f9-4263-9879-75c57a897e8d', 'dc9298a8-a343-4ff6-a811-bccf5aa5db8f', '5fe2ca09-db8a-40c2-8cf9-3ee6938ba4f5', 'H2', '2026-02-02T03:56:44.700110', '2026-02-02T03:56:44.700110');
INSERT INTO hall_seats (id, cinema_hall_id, seat_type_id, seat_code, created_at, updated_at) VALUES ('84ed8bf5-ce31-41f1-98cd-d59ecc7f3d39', 'dc9298a8-a343-4ff6-a811-bccf5aa5db8f', '5fe2ca09-db8a-40c2-8cf9-3ee6938ba4f5', 'H3', '2026-02-02T03:56:44.700110', '2026-02-02T03:56:44.700110');
INSERT INTO hall_seats (id, cinema_hall_id, seat_type_id, seat_code, created_at, updated_at) VALUES ('43ae281f-4583-4434-845e-e7bd254c588d', 'dc9298a8-a343-4ff6-a811-bccf5aa5db8f', '5fe2ca09-db8a-40c2-8cf9-3ee6938ba4f5', 'H4', '2026-02-02T03:56:44.700110', '2026-02-02T03:56:44.700110');
INSERT INTO hall_seats (id, cinema_hall_id, seat_type_id, seat_code, created_at, updated_at) VALUES ('bb28c2ec-1bd8-434f-9132-6dc6844cb1e3', 'dc9298a8-a343-4ff6-a811-bccf5aa5db8f', '5fe2ca09-db8a-40c2-8cf9-3ee6938ba4f5', 'H5', '2026-02-02T03:56:44.700110', '2026-02-02T03:56:44.700110');
INSERT INTO hall_seats (id, cinema_hall_id, seat_type_id, seat_code, created_at, updated_at) VALUES ('73e7c86f-24c8-4127-867a-a9224a686f3f', 'dc9298a8-a343-4ff6-a811-bccf5aa5db8f', '5fe2ca09-db8a-40c2-8cf9-3ee6938ba4f5', 'H6', '2026-02-02T03:56:44.700110', '2026-02-02T03:56:44.700110');
INSERT INTO hall_seats (id, cinema_hall_id, seat_type_id, seat_code, created_at, updated_at) VALUES ('2eca5dc6-b30d-4284-90a6-31d856e2baf6', 'dc9298a8-a343-4ff6-a811-bccf5aa5db8f', '5fe2ca09-db8a-40c2-8cf9-3ee6938ba4f5', 'H7', '2026-02-02T03:56:44.700110', '2026-02-02T03:56:44.700110');
INSERT INTO hall_seats (id, cinema_hall_id, seat_type_id, seat_code, created_at, updated_at) VALUES ('deea0a4c-4745-4b54-9589-2f60e3c95802', 'dc9298a8-a343-4ff6-a811-bccf5aa5db8f', '5fe2ca09-db8a-40c2-8cf9-3ee6938ba4f5', 'H8', '2026-02-02T03:56:44.700110', '2026-02-02T03:56:44.700110');
INSERT INTO hall_seats (id, cinema_hall_id, seat_type_id, seat_code, created_at, updated_at) VALUES ('961bb5cf-28f6-40c1-a460-6c24bcf378b2', 'dc9298a8-a343-4ff6-a811-bccf5aa5db8f', '11dbb2bb-b9a5-4148-bcf2-76d1567dae5d', 'I1', '2026-02-02T03:56:44.700195', '2026-02-02T03:56:44.700195');
INSERT INTO hall_seats (id, cinema_hall_id, seat_type_id, seat_code, created_at, updated_at) VALUES ('69c1c041-6b92-4628-a0aa-75c16482613f', 'dc9298a8-a343-4ff6-a811-bccf5aa5db8f', '11dbb2bb-b9a5-4148-bcf2-76d1567dae5d', 'I2', '2026-02-02T03:56:44.700195', '2026-02-02T03:56:44.700195');
INSERT INTO hall_seats (id, cinema_hall_id, seat_type_id, seat_code, created_at, updated_at) VALUES ('39b1d4ce-934d-4c16-8b4a-38167d68b2b3', 'dc9298a8-a343-4ff6-a811-bccf5aa5db8f', '11dbb2bb-b9a5-4148-bcf2-76d1567dae5d', 'I3', '2026-02-02T03:56:44.700195', '2026-02-02T03:56:44.700195');
INSERT INTO hall_seats (id, cinema_hall_id, seat_type_id, seat_code, created_at, updated_at) VALUES ('294ce5e6-0a74-44fd-b82a-e3af0774cef0', 'dc9298a8-a343-4ff6-a811-bccf5aa5db8f', '11dbb2bb-b9a5-4148-bcf2-76d1567dae5d', 'I4', '2026-02-02T03:56:44.700195', '2026-02-02T03:56:44.700195');
INSERT INTO hall_seats (id, cinema_hall_id, seat_type_id, seat_code, created_at, updated_at) VALUES ('686845f5-0a7d-4e02-a238-3bd0f2c569ab', '17edc49a-9fa2-4dde-86b1-711e17e03602', '47693541-f1ec-4016-943a-edeabbf6f7ad', 'A1', '2026-02-02T03:56:44.700239', '2026-02-02T03:56:44.700239');
INSERT INTO hall_seats (id, cinema_hall_id, seat_type_id, seat_code, created_at, updated_at) VALUES ('fcb36b37-f23c-483a-822b-c82f84c9072d', '17edc49a-9fa2-4dde-86b1-711e17e03602', '47693541-f1ec-4016-943a-edeabbf6f7ad', 'A2', '2026-02-02T03:56:44.700239', '2026-02-02T03:56:44.700239');
INSERT INTO hall_seats (id, cinema_hall_id, seat_type_id, seat_code, created_at, updated_at) VALUES ('09c03973-19cd-4530-8c16-9f83a6bccbf1', '17edc49a-9fa2-4dde-86b1-711e17e03602', '47693541-f1ec-4016-943a-edeabbf6f7ad', 'A3', '2026-02-02T03:56:44.700239', '2026-02-02T03:56:44.700239');
INSERT INTO hall_seats (id, cinema_hall_id, seat_type_id, seat_code, created_at, updated_at) VALUES ('44f3de3b-f6b9-4e91-98ed-907f8dbd55f2', '17edc49a-9fa2-4dde-86b1-711e17e03602', '47693541-f1ec-4016-943a-edeabbf6f7ad', 'A4', '2026-02-02T03:56:44.700239', '2026-02-02T03:56:44.700239');
INSERT INTO hall_seats (id, cinema_hall_id, seat_type_id, seat_code, created_at, updated_at) VALUES ('9f692877-fddb-416f-95e9-6d5aa81021c4', '17edc49a-9fa2-4dde-86b1-711e17e03602', '47693541-f1ec-4016-943a-edeabbf6f7ad', 'A5', '2026-02-02T03:56:44.700239', '2026-02-02T03:56:44.700239');
INSERT INTO hall_seats (id, cinema_hall_id, seat_type_id, seat_code, created_at, updated_at) VALUES ('6289899d-ecbd-4030-903e-2f4d5ce92b3e', '17edc49a-9fa2-4dde-86b1-711e17e03602', '47693541-f1ec-4016-943a-edeabbf6f7ad', 'A6', '2026-02-02T03:56:44.700239', '2026-02-02T03:56:44.700239');
INSERT INTO hall_seats (id, cinema_hall_id, seat_type_id, seat_code, created_at, updated_at) VALUES ('f5875c2f-c502-452b-956d-6a3873195c87', '17edc49a-9fa2-4dde-86b1-711e17e03602', '47693541-f1ec-4016-943a-edeabbf6f7ad', 'A7', '2026-02-02T03:56:44.700239', '2026-02-02T03:56:44.700239');
INSERT INTO hall_seats (id, cinema_hall_id, seat_type_id, seat_code, created_at, updated_at) VALUES ('cb447fc8-9b1b-4cfd-aff8-65a1a9369d25', '17edc49a-9fa2-4dde-86b1-711e17e03602', '47693541-f1ec-4016-943a-edeabbf6f7ad', 'A8', '2026-02-02T03:56:44.700239', '2026-02-02T03:56:44.700239');
INSERT INTO hall_seats (id, cinema_hall_id, seat_type_id, seat_code, created_at, updated_at) VALUES ('ba5a2186-4051-4260-9836-2f52392b65c0', '17edc49a-9fa2-4dde-86b1-711e17e03602', '47693541-f1ec-4016-943a-edeabbf6f7ad', 'B1', '2026-02-02T03:56:44.700330', '2026-02-02T03:56:44.700330');
INSERT INTO hall_seats (id, cinema_hall_id, seat_type_id, seat_code, created_at, updated_at) VALUES ('6573e371-e0f2-4815-815b-77196a74ef62', '17edc49a-9fa2-4dde-86b1-711e17e03602', '47693541-f1ec-4016-943a-edeabbf6f7ad', 'B2', '2026-02-02T03:56:44.700330', '2026-02-02T03:56:44.700330');
INSERT INTO hall_seats (id, cinema_hall_id, seat_type_id, seat_code, created_at, updated_at) VALUES ('29390d82-151e-43c1-98da-37a09975d94e', '17edc49a-9fa2-4dde-86b1-711e17e03602', '47693541-f1ec-4016-943a-edeabbf6f7ad', 'B3', '2026-02-02T03:56:44.700330', '2026-02-02T03:56:44.700330');
INSERT INTO hall_seats (id, cinema_hall_id, seat_type_id, seat_code, created_at, updated_at) VALUES ('789305b0-e517-431a-a89e-effd0649d2b0', '17edc49a-9fa2-4dde-86b1-711e17e03602', '47693541-f1ec-4016-943a-edeabbf6f7ad', 'B4', '2026-02-02T03:56:44.700330', '2026-02-02T03:56:44.700330');
INSERT INTO hall_seats (id, cinema_hall_id, seat_type_id, seat_code, created_at, updated_at) VALUES ('6139cc0f-3af0-47ad-823c-8e505faecfe6', '17edc49a-9fa2-4dde-86b1-711e17e03602', '47693541-f1ec-4016-943a-edeabbf6f7ad', 'B5', '2026-02-02T03:56:44.700330', '2026-02-02T03:56:44.700330');
INSERT INTO hall_seats (id, cinema_hall_id, seat_type_id, seat_code, created_at, updated_at) VALUES ('56c1a290-9c15-4103-aa5d-25b6a8a9d3c2', '17edc49a-9fa2-4dde-86b1-711e17e03602', '47693541-f1ec-4016-943a-edeabbf6f7ad', 'B6', '2026-02-02T03:56:44.700330', '2026-02-02T03:56:44.700330');
INSERT INTO hall_seats (id, cinema_hall_id, seat_type_id, seat_code, created_at, updated_at) VALUES ('a6970beb-bee1-460c-8494-7f50d92de15e', '17edc49a-9fa2-4dde-86b1-711e17e03602', '47693541-f1ec-4016-943a-edeabbf6f7ad', 'B7', '2026-02-02T03:56:44.700330', '2026-02-02T03:56:44.700330');
INSERT INTO hall_seats (id, cinema_hall_id, seat_type_id, seat_code, created_at, updated_at) VALUES ('7b5ecbed-24fb-41d1-961b-d1b4aa9e176c', '17edc49a-9fa2-4dde-86b1-711e17e03602', '47693541-f1ec-4016-943a-edeabbf6f7ad', 'B8', '2026-02-02T03:56:44.700330', '2026-02-02T03:56:44.700330');
INSERT INTO hall_seats (id, cinema_hall_id, seat_type_id, seat_code, created_at, updated_at) VALUES ('d90db3a5-cb28-4d52-8349-d72abb0e6f13', '17edc49a-9fa2-4dde-86b1-711e17e03602', '47693541-f1ec-4016-943a-edeabbf6f7ad', 'C1', '2026-02-02T03:56:44.700413', '2026-02-02T03:56:44.700413');
INSERT INTO hall_seats (id, cinema_hall_id, seat_type_id, seat_code, created_at, updated_at) VALUES ('21c8a14b-4c72-460d-bfea-a7923198f21f', '17edc49a-9fa2-4dde-86b1-711e17e03602', '47693541-f1ec-4016-943a-edeabbf6f7ad', 'C2', '2026-02-02T03:56:44.700413', '2026-02-02T03:56:44.700413');
INSERT INTO hall_seats (id, cinema_hall_id, seat_type_id, seat_code, created_at, updated_at) VALUES ('27839813-f07c-437f-990b-322ba6d491e5', '17edc49a-9fa2-4dde-86b1-711e17e03602', '47693541-f1ec-4016-943a-edeabbf6f7ad', 'C3', '2026-02-02T03:56:44.700413', '2026-02-02T03:56:44.700413');
INSERT INTO hall_seats (id, cinema_hall_id, seat_type_id, seat_code, created_at, updated_at) VALUES ('df1b7e93-3d3b-42da-aad1-7f0cff2d81eb', '17edc49a-9fa2-4dde-86b1-711e17e03602', '47693541-f1ec-4016-943a-edeabbf6f7ad', 'C4', '2026-02-02T03:56:44.700413', '2026-02-02T03:56:44.700413');
INSERT INTO hall_seats (id, cinema_hall_id, seat_type_id, seat_code, created_at, updated_at) VALUES ('a79b61ff-a2cc-4063-8dd9-11a56e08c3e3', '17edc49a-9fa2-4dde-86b1-711e17e03602', '47693541-f1ec-4016-943a-edeabbf6f7ad', 'C5', '2026-02-02T03:56:44.700413', '2026-02-02T03:56:44.700413');
INSERT INTO hall_seats (id, cinema_hall_id, seat_type_id, seat_code, created_at, updated_at) VALUES ('ad62a149-9be2-4cf5-9385-83d8369c6955', '17edc49a-9fa2-4dde-86b1-711e17e03602', '47693541-f1ec-4016-943a-edeabbf6f7ad', 'C6', '2026-02-02T03:56:44.700413', '2026-02-02T03:56:44.700413');
INSERT INTO hall_seats (id, cinema_hall_id, seat_type_id, seat_code, created_at, updated_at) VALUES ('2857f2b4-a574-4d69-9dc9-5460820b65a6', '17edc49a-9fa2-4dde-86b1-711e17e03602', '47693541-f1ec-4016-943a-edeabbf6f7ad', 'C7', '2026-02-02T03:56:44.700413', '2026-02-02T03:56:44.700413');
INSERT INTO hall_seats (id, cinema_hall_id, seat_type_id, seat_code, created_at, updated_at) VALUES ('b340b70c-73fc-4a8a-8408-dc30c6fc7a50', '17edc49a-9fa2-4dde-86b1-711e17e03602', '47693541-f1ec-4016-943a-edeabbf6f7ad', 'C8', '2026-02-02T03:56:44.700413', '2026-02-02T03:56:44.700413');
INSERT INTO hall_seats (id, cinema_hall_id, seat_type_id, seat_code, created_at, updated_at) VALUES ('6050ace3-63fd-4872-bb27-0fa302d40921', '17edc49a-9fa2-4dde-86b1-711e17e03602', '47693541-f1ec-4016-943a-edeabbf6f7ad', 'D1', '2026-02-02T03:56:44.700499', '2026-02-02T03:56:44.700499');
INSERT INTO hall_seats (id, cinema_hall_id, seat_type_id, seat_code, created_at, updated_at) VALUES ('8c8ad2d7-302e-4cb0-9c87-9f3ecd6c29af', '17edc49a-9fa2-4dde-86b1-711e17e03602', '47693541-f1ec-4016-943a-edeabbf6f7ad', 'D2', '2026-02-02T03:56:44.700499', '2026-02-02T03:56:44.700499');
INSERT INTO hall_seats (id, cinema_hall_id, seat_type_id, seat_code, created_at, updated_at) VALUES ('5eb53eb4-5b4b-4c4a-a78a-03426e99d497', '17edc49a-9fa2-4dde-86b1-711e17e03602', '47693541-f1ec-4016-943a-edeabbf6f7ad', 'D3', '2026-02-02T03:56:44.700499', '2026-02-02T03:56:44.700499');
INSERT INTO hall_seats (id, cinema_hall_id, seat_type_id, seat_code, created_at, updated_at) VALUES ('9760fe00-7a01-4dc4-a72e-be4bff566f8c', '17edc49a-9fa2-4dde-86b1-711e17e03602', '47693541-f1ec-4016-943a-edeabbf6f7ad', 'D4', '2026-02-02T03:56:44.700499', '2026-02-02T03:56:44.700499');
INSERT INTO hall_seats (id, cinema_hall_id, seat_type_id, seat_code, created_at, updated_at) VALUES ('b2cd6ca8-d116-43a2-8654-4d406ca32c0b', '17edc49a-9fa2-4dde-86b1-711e17e03602', '47693541-f1ec-4016-943a-edeabbf6f7ad', 'D5', '2026-02-02T03:56:44.700499', '2026-02-02T03:56:44.700499');
INSERT INTO hall_seats (id, cinema_hall_id, seat_type_id, seat_code, created_at, updated_at) VALUES ('176d7d98-2389-4390-a485-304c1930de7b', '17edc49a-9fa2-4dde-86b1-711e17e03602', '47693541-f1ec-4016-943a-edeabbf6f7ad', 'D6', '2026-02-02T03:56:44.700499', '2026-02-02T03:56:44.700499');
INSERT INTO hall_seats (id, cinema_hall_id, seat_type_id, seat_code, created_at, updated_at) VALUES ('79c82688-85ff-4da7-99d9-e5e76672380a', '17edc49a-9fa2-4dde-86b1-711e17e03602', '47693541-f1ec-4016-943a-edeabbf6f7ad', 'D7', '2026-02-02T03:56:44.700499', '2026-02-02T03:56:44.700499');
INSERT INTO hall_seats (id, cinema_hall_id, seat_type_id, seat_code, created_at, updated_at) VALUES ('0f3f48a7-a529-446d-aab5-6fe43856ba95', '17edc49a-9fa2-4dde-86b1-711e17e03602', '47693541-f1ec-4016-943a-edeabbf6f7ad', 'D8', '2026-02-02T03:56:44.700499', '2026-02-02T03:56:44.700499');
INSERT INTO hall_seats (id, cinema_hall_id, seat_type_id, seat_code, created_at, updated_at) VALUES ('2c313501-3b78-4076-a11a-c2af1046f192', '17edc49a-9fa2-4dde-86b1-711e17e03602', '47693541-f1ec-4016-943a-edeabbf6f7ad', 'E1', '2026-02-02T03:56:44.700583', '2026-02-02T03:56:44.700583');
INSERT INTO hall_seats (id, cinema_hall_id, seat_type_id, seat_code, created_at, updated_at) VALUES ('c0d044b7-31cc-4e1b-9726-7297da6e47d0', '17edc49a-9fa2-4dde-86b1-711e17e03602', '47693541-f1ec-4016-943a-edeabbf6f7ad', 'E2', '2026-02-02T03:56:44.700583', '2026-02-02T03:56:44.700583');
INSERT INTO hall_seats (id, cinema_hall_id, seat_type_id, seat_code, created_at, updated_at) VALUES ('724b73d6-0ee4-41da-b9ba-2dd6e37c42e6', '17edc49a-9fa2-4dde-86b1-711e17e03602', '47693541-f1ec-4016-943a-edeabbf6f7ad', 'E3', '2026-02-02T03:56:44.700583', '2026-02-02T03:56:44.700583');
INSERT INTO hall_seats (id, cinema_hall_id, seat_type_id, seat_code, created_at, updated_at) VALUES ('bb61442d-4740-4312-97c0-95b99f4cdd23', '17edc49a-9fa2-4dde-86b1-711e17e03602', '47693541-f1ec-4016-943a-edeabbf6f7ad', 'E4', '2026-02-02T03:56:44.700583', '2026-02-02T03:56:44.700583');
INSERT INTO hall_seats (id, cinema_hall_id, seat_type_id, seat_code, created_at, updated_at) VALUES ('0a8ce04f-ead9-43a0-8658-5259092669d6', '17edc49a-9fa2-4dde-86b1-711e17e03602', '47693541-f1ec-4016-943a-edeabbf6f7ad', 'E5', '2026-02-02T03:56:44.700583', '2026-02-02T03:56:44.700583');
INSERT INTO hall_seats (id, cinema_hall_id, seat_type_id, seat_code, created_at, updated_at) VALUES ('d2db9355-a930-464a-9ae5-5fa5d94b85cc', '17edc49a-9fa2-4dde-86b1-711e17e03602', '47693541-f1ec-4016-943a-edeabbf6f7ad', 'E6', '2026-02-02T03:56:44.700583', '2026-02-02T03:56:44.700583');
INSERT INTO hall_seats (id, cinema_hall_id, seat_type_id, seat_code, created_at, updated_at) VALUES ('dc12cc78-ce24-4829-83e1-d1add76b9875', '17edc49a-9fa2-4dde-86b1-711e17e03602', '47693541-f1ec-4016-943a-edeabbf6f7ad', 'E7', '2026-02-02T03:56:44.700583', '2026-02-02T03:56:44.700583');
INSERT INTO hall_seats (id, cinema_hall_id, seat_type_id, seat_code, created_at, updated_at) VALUES ('e7f4d0cc-c17e-4fac-8c02-86e4a222e851', '17edc49a-9fa2-4dde-86b1-711e17e03602', '47693541-f1ec-4016-943a-edeabbf6f7ad', 'E8', '2026-02-02T03:56:44.700583', '2026-02-02T03:56:44.700583');
INSERT INTO hall_seats (id, cinema_hall_id, seat_type_id, seat_code, created_at, updated_at) VALUES ('587f928e-253d-4929-af20-bf880d7e8a73', '17edc49a-9fa2-4dde-86b1-711e17e03602', '47693541-f1ec-4016-943a-edeabbf6f7ad', 'F1', '2026-02-02T03:56:44.700665', '2026-02-02T03:56:44.700665');
INSERT INTO hall_seats (id, cinema_hall_id, seat_type_id, seat_code, created_at, updated_at) VALUES ('5c845190-ce9e-409c-9d14-3b1111bfbe3f', '17edc49a-9fa2-4dde-86b1-711e17e03602', '47693541-f1ec-4016-943a-edeabbf6f7ad', 'F2', '2026-02-02T03:56:44.700665', '2026-02-02T03:56:44.700665');
INSERT INTO hall_seats (id, cinema_hall_id, seat_type_id, seat_code, created_at, updated_at) VALUES ('2f73e1f3-191d-470d-9dd4-90a07abcce5f', '17edc49a-9fa2-4dde-86b1-711e17e03602', '47693541-f1ec-4016-943a-edeabbf6f7ad', 'F3', '2026-02-02T03:56:44.700665', '2026-02-02T03:56:44.700665');
INSERT INTO hall_seats (id, cinema_hall_id, seat_type_id, seat_code, created_at, updated_at) VALUES ('fe17eac2-f766-415c-bf61-f5f76dfcce0c', '17edc49a-9fa2-4dde-86b1-711e17e03602', '47693541-f1ec-4016-943a-edeabbf6f7ad', 'F4', '2026-02-02T03:56:44.700665', '2026-02-02T03:56:44.700665');
INSERT INTO hall_seats (id, cinema_hall_id, seat_type_id, seat_code, created_at, updated_at) VALUES ('c1eb9c9d-396f-42ba-aff1-c967be6bef5b', '17edc49a-9fa2-4dde-86b1-711e17e03602', '47693541-f1ec-4016-943a-edeabbf6f7ad', 'F5', '2026-02-02T03:56:44.700665', '2026-02-02T03:56:44.700665');
INSERT INTO hall_seats (id, cinema_hall_id, seat_type_id, seat_code, created_at, updated_at) VALUES ('61121d4b-ab94-42ac-9bf6-6a59020ffaed', '17edc49a-9fa2-4dde-86b1-711e17e03602', '47693541-f1ec-4016-943a-edeabbf6f7ad', 'F6', '2026-02-02T03:56:44.700665', '2026-02-02T03:56:44.700665');
INSERT INTO hall_seats (id, cinema_hall_id, seat_type_id, seat_code, created_at, updated_at) VALUES ('d17a11be-d313-4450-8d76-3ca9a421fd47', '17edc49a-9fa2-4dde-86b1-711e17e03602', '47693541-f1ec-4016-943a-edeabbf6f7ad', 'F7', '2026-02-02T03:56:44.700665', '2026-02-02T03:56:44.700665');
INSERT INTO hall_seats (id, cinema_hall_id, seat_type_id, seat_code, created_at, updated_at) VALUES ('b849c887-3bff-4856-ac22-50d3e9239d81', '17edc49a-9fa2-4dde-86b1-711e17e03602', '47693541-f1ec-4016-943a-edeabbf6f7ad', 'F8', '2026-02-02T03:56:44.700665', '2026-02-02T03:56:44.700665');
INSERT INTO hall_seats (id, cinema_hall_id, seat_type_id, seat_code, created_at, updated_at) VALUES ('248dceee-cf52-4b27-a334-58cc43b33923', '17edc49a-9fa2-4dde-86b1-711e17e03602', '5fe2ca09-db8a-40c2-8cf9-3ee6938ba4f5', 'G1', '2026-02-02T03:56:44.700770', '2026-02-02T03:56:44.700770');
INSERT INTO hall_seats (id, cinema_hall_id, seat_type_id, seat_code, created_at, updated_at) VALUES ('afe97583-50d8-4741-b018-aace4d2cb7e7', '17edc49a-9fa2-4dde-86b1-711e17e03602', '5fe2ca09-db8a-40c2-8cf9-3ee6938ba4f5', 'G2', '2026-02-02T03:56:44.700770', '2026-02-02T03:56:44.700770');
INSERT INTO hall_seats (id, cinema_hall_id, seat_type_id, seat_code, created_at, updated_at) VALUES ('b73d3a0c-03f2-4340-a44d-39eab8144700', '17edc49a-9fa2-4dde-86b1-711e17e03602', '5fe2ca09-db8a-40c2-8cf9-3ee6938ba4f5', 'G3', '2026-02-02T03:56:44.700770', '2026-02-02T03:56:44.700770');
INSERT INTO hall_seats (id, cinema_hall_id, seat_type_id, seat_code, created_at, updated_at) VALUES ('d7eb6456-5078-4b51-b721-0c283dc9f2e1', '17edc49a-9fa2-4dde-86b1-711e17e03602', '5fe2ca09-db8a-40c2-8cf9-3ee6938ba4f5', 'G4', '2026-02-02T03:56:44.700770', '2026-02-02T03:56:44.700770');
INSERT INTO hall_seats (id, cinema_hall_id, seat_type_id, seat_code, created_at, updated_at) VALUES ('ad8de5c7-c469-4e30-b16c-a71fa3fac414', '17edc49a-9fa2-4dde-86b1-711e17e03602', '5fe2ca09-db8a-40c2-8cf9-3ee6938ba4f5', 'G5', '2026-02-02T03:56:44.700770', '2026-02-02T03:56:44.700770');
INSERT INTO hall_seats (id, cinema_hall_id, seat_type_id, seat_code, created_at, updated_at) VALUES ('e50857cb-47c1-4bf7-93d0-4fae68661a5f', '17edc49a-9fa2-4dde-86b1-711e17e03602', '5fe2ca09-db8a-40c2-8cf9-3ee6938ba4f5', 'G6', '2026-02-02T03:56:44.700770', '2026-02-02T03:56:44.700770');
INSERT INTO hall_seats (id, cinema_hall_id, seat_type_id, seat_code, created_at, updated_at) VALUES ('a4a49ec3-b290-4ba4-bdc5-f0851548c416', '17edc49a-9fa2-4dde-86b1-711e17e03602', '5fe2ca09-db8a-40c2-8cf9-3ee6938ba4f5', 'G7', '2026-02-02T03:56:44.700770', '2026-02-02T03:56:44.700770');
INSERT INTO hall_seats (id, cinema_hall_id, seat_type_id, seat_code, created_at, updated_at) VALUES ('7da3968f-194c-4765-a6e4-82ef009a38d7', '17edc49a-9fa2-4dde-86b1-711e17e03602', '5fe2ca09-db8a-40c2-8cf9-3ee6938ba4f5', 'G8', '2026-02-02T03:56:44.700770', '2026-02-02T03:56:44.700770');
INSERT INTO hall_seats (id, cinema_hall_id, seat_type_id, seat_code, created_at, updated_at) VALUES ('1d43addd-e7b6-4671-a8e4-4d9a66333338', '17edc49a-9fa2-4dde-86b1-711e17e03602', '5fe2ca09-db8a-40c2-8cf9-3ee6938ba4f5', 'H1', '2026-02-02T03:56:44.700855', '2026-02-02T03:56:44.700855');
INSERT INTO hall_seats (id, cinema_hall_id, seat_type_id, seat_code, created_at, updated_at) VALUES ('eff1165a-ce78-4f55-847b-f8feb799a26e', '17edc49a-9fa2-4dde-86b1-711e17e03602', '5fe2ca09-db8a-40c2-8cf9-3ee6938ba4f5', 'H2', '2026-02-02T03:56:44.700855', '2026-02-02T03:56:44.700855');
INSERT INTO hall_seats (id, cinema_hall_id, seat_type_id, seat_code, created_at, updated_at) VALUES ('a1e40837-151f-4f4e-a92e-1458968fee5e', '17edc49a-9fa2-4dde-86b1-711e17e03602', '5fe2ca09-db8a-40c2-8cf9-3ee6938ba4f5', 'H3', '2026-02-02T03:56:44.700855', '2026-02-02T03:56:44.700855');
INSERT INTO hall_seats (id, cinema_hall_id, seat_type_id, seat_code, created_at, updated_at) VALUES ('479e4f1a-3d91-499c-a6a6-133a4255ff0e', '17edc49a-9fa2-4dde-86b1-711e17e03602', '5fe2ca09-db8a-40c2-8cf9-3ee6938ba4f5', 'H4', '2026-02-02T03:56:44.700855', '2026-02-02T03:56:44.700855');
INSERT INTO hall_seats (id, cinema_hall_id, seat_type_id, seat_code, created_at, updated_at) VALUES ('67c2a053-711c-4e75-b184-be833eeece4a', '17edc49a-9fa2-4dde-86b1-711e17e03602', '5fe2ca09-db8a-40c2-8cf9-3ee6938ba4f5', 'H5', '2026-02-02T03:56:44.700855', '2026-02-02T03:56:44.700855');
INSERT INTO hall_seats (id, cinema_hall_id, seat_type_id, seat_code, created_at, updated_at) VALUES ('3cd0a261-84b8-47cc-8247-05b46d89583c', '17edc49a-9fa2-4dde-86b1-711e17e03602', '5fe2ca09-db8a-40c2-8cf9-3ee6938ba4f5', 'H6', '2026-02-02T03:56:44.700855', '2026-02-02T03:56:44.700855');
INSERT INTO hall_seats (id, cinema_hall_id, seat_type_id, seat_code, created_at, updated_at) VALUES ('e27dbd49-4b72-4bc6-9368-5f39b929b636', '17edc49a-9fa2-4dde-86b1-711e17e03602', '5fe2ca09-db8a-40c2-8cf9-3ee6938ba4f5', 'H7', '2026-02-02T03:56:44.700855', '2026-02-02T03:56:44.700855');
INSERT INTO hall_seats (id, cinema_hall_id, seat_type_id, seat_code, created_at, updated_at) VALUES ('94f71bc5-2460-4969-8602-96708454f39b', '17edc49a-9fa2-4dde-86b1-711e17e03602', '5fe2ca09-db8a-40c2-8cf9-3ee6938ba4f5', 'H8', '2026-02-02T03:56:44.700855', '2026-02-02T03:56:44.700855');
INSERT INTO hall_seats (id, cinema_hall_id, seat_type_id, seat_code, created_at, updated_at) VALUES ('924fdd39-fbe6-4fac-984b-29ffe0bd538d', '17edc49a-9fa2-4dde-86b1-711e17e03602', '11dbb2bb-b9a5-4148-bcf2-76d1567dae5d', 'I1', '2026-02-02T03:56:44.700933', '2026-02-02T03:56:44.700933');
INSERT INTO hall_seats (id, cinema_hall_id, seat_type_id, seat_code, created_at, updated_at) VALUES ('c170c402-b8b2-400a-8a66-ead28746bbd9', '17edc49a-9fa2-4dde-86b1-711e17e03602', '11dbb2bb-b9a5-4148-bcf2-76d1567dae5d', 'I2', '2026-02-02T03:56:44.700933', '2026-02-02T03:56:44.700933');
INSERT INTO hall_seats (id, cinema_hall_id, seat_type_id, seat_code, created_at, updated_at) VALUES ('ede4a114-1f56-43f7-aa94-2f446c4f0218', '17edc49a-9fa2-4dde-86b1-711e17e03602', '11dbb2bb-b9a5-4148-bcf2-76d1567dae5d', 'I3', '2026-02-02T03:56:44.700933', '2026-02-02T03:56:44.700933');
INSERT INTO hall_seats (id, cinema_hall_id, seat_type_id, seat_code, created_at, updated_at) VALUES ('726ba8d6-b9c0-4ba4-a982-4cb769928e70', '17edc49a-9fa2-4dde-86b1-711e17e03602', '11dbb2bb-b9a5-4148-bcf2-76d1567dae5d', 'I4', '2026-02-02T03:56:44.700933', '2026-02-02T03:56:44.700933');
INSERT INTO genres (id, name, created_at, updated_at) VALUES ('071ff6cc-5cc2-4ef0-a89c-53150178111f', 'Action', '2026-02-02T03:56:44.701234', '2026-02-02T03:56:44.701234');
INSERT INTO genres (id, name, created_at, updated_at) VALUES ('a6e633f1-8bc4-4a51-a978-e6cbe15c9bc1', 'Adventure', '2026-02-02T03:56:44.701273', '2026-02-02T03:56:44.701273');
INSERT INTO genres (id, name, created_at, updated_at) VALUES ('63af615b-013b-4c9c-93f9-57ca251c3e7c', 'Animation', '2026-02-02T03:56:44.701300', '2026-02-02T03:56:44.701300');
INSERT INTO genres (id, name, created_at, updated_at) VALUES ('1b988293-ca65-43a9-89d8-1fef4a97d1c2', 'Biography', '2026-02-02T03:56:44.701328', '2026-02-02T03:56:44.701328');
INSERT INTO genres (id, name, created_at, updated_at) VALUES ('ab948920-296b-4a13-b322-34715b79a866', 'Comedy', '2026-02-02T03:56:44.701355', '2026-02-02T03:56:44.701355');
INSERT INTO genres (id, name, created_at, updated_at) VALUES ('73d7d690-ae44-4d52-8836-28e89059bfa5', 'Crime', '2026-02-02T03:56:44.701382', '2026-02-02T03:56:44.701382');
INSERT INTO genres (id, name, created_at, updated_at) VALUES ('cf718b57-1646-4484-96db-4aaf29e13ea1', 'Documentary', '2026-02-02T03:56:44.701424', '2026-02-02T03:56:44.701424');
INSERT INTO genres (id, name, created_at, updated_at) VALUES ('7183bc0f-f0c8-464c-a8d2-0f1f4cd97851', 'Drama', '2026-02-02T03:56:44.701453', '2026-02-02T03:56:44.701453');
INSERT INTO genres (id, name, created_at, updated_at) VALUES ('a3bdf2e2-e2f2-41b5-8119-233661c9ba16', 'Family', '2026-02-02T03:56:44.701488', '2026-02-02T03:56:44.701488');
INSERT INTO genres (id, name, created_at, updated_at) VALUES ('bbcf3db0-507a-4ddc-ba32-e2309f97e5bc', 'Fantasy', '2026-02-02T03:56:44.701516', '2026-02-02T03:56:44.701516');
INSERT INTO genres (id, name, created_at, updated_at) VALUES ('3a6ebc57-f881-45c4-9b5b-59f0460c5712', 'Film Noir', '2026-02-02T03:56:44.701542', '2026-02-02T03:56:44.701542');
INSERT INTO genres (id, name, created_at, updated_at) VALUES ('b425c1bb-bb28-4f16-a2e9-c4ef015ec884', 'History', '2026-02-02T03:56:44.701568', '2026-02-02T03:56:44.701568');
INSERT INTO genres (id, name, created_at, updated_at) VALUES ('87f958d6-3028-4bb4-bffc-1129d15ebd7c', 'Horror', '2026-02-02T03:56:44.701595', '2026-02-02T03:56:44.701595');
INSERT INTO genres (id, name, created_at, updated_at) VALUES ('08b32b09-e3fc-46b3-8e12-b12aad3b891e', 'Music', '2026-02-02T03:56:44.701620', '2026-02-02T03:56:44.701620');
INSERT INTO genres (id, name, created_at, updated_at) VALUES ('af7a34c0-f8fa-419a-8e55-4b1080ad7081', 'Musical', '2026-02-02T03:56:44.701651', '2026-02-02T03:56:44.701651');
INSERT INTO genres (id, name, created_at, updated_at) VALUES ('f4fa1a4e-b86e-45a7-9b1f-811f486d634c', 'Mystery', '2026-02-02T03:56:44.701678', '2026-02-02T03:56:44.701678');
INSERT INTO genres (id, name, created_at, updated_at) VALUES ('cf099551-37b6-4e4a-a1ce-b6e5c09d8b30', 'Romance', '2026-02-02T03:56:44.701704', '2026-02-02T03:56:44.701704');
INSERT INTO genres (id, name, created_at, updated_at) VALUES ('4661b528-1661-433c-8dbe-47b8e9ab8ec4', 'Science Fiction', '2026-02-02T03:56:44.701738', '2026-02-02T03:56:44.701738');
INSERT INTO genres (id, name, created_at, updated_at) VALUES ('d96a0790-c8b2-4696-8ad0-c31e938306f4', 'Sport', '2026-02-02T03:56:44.701766', '2026-02-02T03:56:44.701766');
INSERT INTO genres (id, name, created_at, updated_at) VALUES ('6c3c5482-45f9-4d04-acaf-5eeba0eb8e12', 'Thriller', '2026-02-02T03:56:44.701792', '2026-02-02T03:56:44.701792');
INSERT INTO genres (id, name, created_at, updated_at) VALUES ('caa7021a-d0e2-4570-a781-b8b4cc27da3b', 'War', '2026-02-02T03:56:44.701818', '2026-02-02T03:56:44.701818');
INSERT INTO genres (id, name, created_at, updated_at) VALUES ('db440825-edbe-4f74-8d97-7b3f7a7c149f', 'Western', '2026-02-02T03:56:44.701845', '2026-02-02T03:56:44.701845');
INSERT INTO movies (id, title, language, projection_start_date, projection_end_date, director_full_name, synopsis, pg_rating, duration_in_minutes, trailer_url, created_at, updated_at, archived_at) VALUES ('0705b1f4-a2fb-4fbb-80f2-7b95d3eb9a40', 'Avatar', 'EN', '2026-02-02', '2026-03-25', 'David Clark', 'In the 22nd century, a paraplegic Marine is dispatched to the moon Pandora on a unique mission, but becomes torn between following orders and protecting an alien civilization.', 'PG-13', '162', 'https://www.youtube.com/watch?v=jm2sNLIPPvA', '2026-02-02T03:56:47.255415', '2026-02-02T03:56:47.255415', NULL);
INSERT INTO movie_images (id, movie_id, url, type, created_at, updated_at) VALUES ('45d9a672-5e43-4dad-a07b-660688cc31e5', '0705b1f4-a2fb-4fbb-80f2-7b95d3eb9a40', 'https://image.tmdb.org/t/p/w342/gKY6q7SjCkAU6FqvqWybDYgUKIF.jpg', 'poster', '2026-02-02T03:56:47.255415', '2026-02-02T03:56:47.255415');
INSERT INTO movie_images (id, movie_id, url, type, created_at, updated_at) VALUES ('85ff9a00-5b35-445c-8001-9372b8f84e63', '0705b1f4-a2fb-4fbb-80f2-7b95d3eb9a40', 'https://image.tmdb.org/t/p/w1280/vL5LR6WdxWPjLPFRLe133jXWsh5.jpg', 'backdrop', '2026-02-02T03:56:47.255415', '2026-02-02T03:56:47.255415');
INSERT INTO movie_images (id, movie_id, url, type, created_at, updated_at) VALUES ('5ee7dc90-a0e4-4a1b-b8f3-5b00039e6440', '0705b1f4-a2fb-4fbb-80f2-7b95d3eb9a40', 'https://image.tmdb.org/t/p/w300/7JNzw1tSZZEgsBw6lu0VfO2X2Ef.jpg', 'extra', '2026-02-02T03:56:47.255415', '2026-02-02T03:56:47.255415');
INSERT INTO movie_images (id, movie_id, url, type, created_at, updated_at) VALUES ('1a13bf7e-182d-4ddf-a246-33a2424ffa75', '0705b1f4-a2fb-4fbb-80f2-7b95d3eb9a40', 'https://image.tmdb.org/t/p/w300/Yc9q6QuWrMp9nuDm5R8ExNqbEq.jpg', 'extra', '2026-02-02T03:56:47.255415', '2026-02-02T03:56:47.255415');
INSERT INTO movie_images (id, movie_id, url, type, created_at, updated_at) VALUES ('dae59c5f-bff9-42da-a85b-fc12ac683f8c', '0705b1f4-a2fb-4fbb-80f2-7b95d3eb9a40', 'https://image.tmdb.org/t/p/w300/n3a93StkVsLVPiX7sX2HIVXe9Fc.jpg', 'extra', '2026-02-02T03:56:47.255415', '2026-02-02T03:56:47.255415');
INSERT INTO movie_images (id, movie_id, url, type, created_at, updated_at) VALUES ('75bda9db-e943-4409-a483-cd6d4d844ad6', '0705b1f4-a2fb-4fbb-80f2-7b95d3eb9a40', 'https://image.tmdb.org/t/p/w300/8I37NtDffNV7AZlDa7uDvvqhovU.jpg', 'extra', '2026-02-02T03:56:47.255415', '2026-02-02T03:56:47.255415');
INSERT INTO movies (id, title, language, projection_start_date, projection_end_date, director_full_name, synopsis, pg_rating, duration_in_minutes, trailer_url, created_at, updated_at, archived_at) VALUES ('b341c6bf-3226-46da-8361-d76f2d4c8239', 'Avatar: Fire and Ash', 'EN', '2026-02-02', '2026-03-25', 'Michael Brown', 'In the wake of the devastating war against the RDA and the loss of their eldest son, Jake Sully and Neytiri face a new threat on Pandora: the Ash People, a violent and power-hungry Na''vi tribe led by the ruthless Varang. Jake''s family must fight for their survival and the future of Pandora in a conflict that pushes them to their emotional and physical limits.', 'PG-13', '198', 'https://www.youtube.com/watch?v=Ma1x7ikpid8', '2026-02-02T03:56:51.027907', '2026-02-02T03:56:51.027907', NULL);
INSERT INTO movie_images (id, movie_id, url, type, created_at, updated_at) VALUES ('793e2ec4-05b8-47fd-a91f-0f9b9078eb80', 'b341c6bf-3226-46da-8361-d76f2d4c8239', 'https://image.tmdb.org/t/p/w342/8kknNk7PbOcDUXynUZYZ7EHnKAA.jpg', 'poster', '2026-02-02T03:56:51.027907', '2026-02-02T03:56:51.027907');
INSERT INTO movie_images (id, movie_id, url, type, created_at, updated_at) VALUES ('51e3cdb5-9ebf-4d82-ab89-27a74cdb9c48', 'b341c6bf-3226-46da-8361-d76f2d4c8239', 'https://image.tmdb.org/t/p/w1280/3Dqievkc7krcTtDE2hjRkIsEzB1.jpg', 'backdrop', '2026-02-02T03:56:51.027907', '2026-02-02T03:56:51.027907');
INSERT INTO movie_images (id, movie_id, url, type, created_at, updated_at) VALUES ('5ac46645-80ec-4a5e-bb6f-2a5b7b20bc2e', 'b341c6bf-3226-46da-8361-d76f2d4c8239', 'https://image.tmdb.org/t/p/w300/u8DU5fkLoM5tTRukzPC31oGPxaQ.jpg', 'extra', '2026-02-02T03:56:51.027907', '2026-02-02T03:56:51.027907');
INSERT INTO movie_images (id, movie_id, url, type, created_at, updated_at) VALUES ('5f331992-3156-4fee-8bd0-946d5e301066', 'b341c6bf-3226-46da-8361-d76f2d4c8239', 'https://image.tmdb.org/t/p/w300/sdZSjtGUTSN8B3al5o0f2WoQfQQ.jpg', 'extra', '2026-02-02T03:56:51.027907', '2026-02-02T03:56:51.027907');
INSERT INTO movie_images (id, movie_id, url, type, created_at, updated_at) VALUES ('4dbb7e1f-05f7-4706-9ad2-90fa16a8cd43', 'b341c6bf-3226-46da-8361-d76f2d4c8239', 'https://image.tmdb.org/t/p/w300/iN41Ccw4DctL8npfmYg1j5Tr1eb.jpg', 'extra', '2026-02-02T03:56:51.027907', '2026-02-02T03:56:51.027907');
INSERT INTO movie_images (id, movie_id, url, type, created_at, updated_at) VALUES ('88a9fef4-eb4b-4614-b803-931c696e342c', 'b341c6bf-3226-46da-8361-d76f2d4c8239', 'https://image.tmdb.org/t/p/w300/vm4H1DivjQoNIm0Vs6i3CTzFxQ0.jpg', 'extra', '2026-02-02T03:56:51.027907', '2026-02-02T03:56:51.027907');
INSERT INTO movies (id, title, language, projection_start_date, projection_end_date, director_full_name, synopsis, pg_rating, duration_in_minutes, trailer_url, created_at, updated_at, archived_at) VALUES ('0d3c4b3e-1694-41dc-949e-7c9eba8e6172', 'Black Phone 2', 'EN', '2026-02-02', '2026-03-14', 'Alex Johnson', 'Four years after escaping The Grabber, Finney Blake is struggling with his life after captivity. When his sister Gwen begins receiving calls in her dreams from the black phone and seeing disturbing visions of three boys being stalked at a winter camp, the siblings become determined to solve the mystery and confront a killer who has grown more powerful in death and more significant to them than either could imagine.', 'PG-13', '114', 'https://www.youtube.com/watch?v=pWNucAcRoBY', '2026-02-02T03:56:54.870144', '2026-02-02T03:56:54.870144', NULL);
INSERT INTO movie_images (id, movie_id, url, type, created_at, updated_at) VALUES ('9601061c-7a27-49ad-a7b6-a2d742def207', '0d3c4b3e-1694-41dc-949e-7c9eba8e6172', 'https://image.tmdb.org/t/p/w342/gFddBLQ8wj9M9O82iPzgX5KVNHz.jpg', 'poster', '2026-02-02T03:56:54.870144', '2026-02-02T03:56:54.870144');
INSERT INTO movie_images (id, movie_id, url, type, created_at, updated_at) VALUES ('acfb9e57-6abe-4d70-9609-9f7a4cf76401', '0d3c4b3e-1694-41dc-949e-7c9eba8e6172', 'https://image.tmdb.org/t/p/w1280/6zKjoOOb3OZnZuiHtQZn4Kd69Gq.jpg', 'backdrop', '2026-02-02T03:56:54.870144', '2026-02-02T03:56:54.870144');
INSERT INTO movie_images (id, movie_id, url, type, created_at, updated_at) VALUES ('0f3e2aa0-426a-4be3-90ef-920e3b29dc14', '0d3c4b3e-1694-41dc-949e-7c9eba8e6172', 'https://image.tmdb.org/t/p/w300/oe2TOWykcLSGq67XPH4Bb0N1oU3.jpg', 'extra', '2026-02-02T03:56:54.870144', '2026-02-02T03:56:54.870144');
INSERT INTO movie_images (id, movie_id, url, type, created_at, updated_at) VALUES ('2ac4119b-23b2-405a-a444-93a991e07d58', '0d3c4b3e-1694-41dc-949e-7c9eba8e6172', 'https://image.tmdb.org/t/p/w300/7QMsQ465YlyCFstLJUeUdpEwNUd.jpg', 'extra', '2026-02-02T03:56:54.870144', '2026-02-02T03:56:54.870144');
INSERT INTO movie_images (id, movie_id, url, type, created_at, updated_at) VALUES ('31da3ed5-c286-411e-89f4-4611e876cd75', '0d3c4b3e-1694-41dc-949e-7c9eba8e6172', 'https://image.tmdb.org/t/p/w300/GNeuKnbZRZj5JhKfnJOPyKJuVA.jpg', 'extra', '2026-02-02T03:56:54.870144', '2026-02-02T03:56:54.870144');
INSERT INTO movie_images (id, movie_id, url, type, created_at, updated_at) VALUES ('cf9ededb-e593-4b69-85cf-8349c44ee310', '0d3c4b3e-1694-41dc-949e-7c9eba8e6172', 'https://image.tmdb.org/t/p/w300/uALtD42siECHdv5pP7mj7I0Tbqs.jpg', 'extra', '2026-02-02T03:56:54.870144', '2026-02-02T03:56:54.870144');
INSERT INTO movies (id, title, language, projection_start_date, projection_end_date, director_full_name, synopsis, pg_rating, duration_in_minutes, trailer_url, created_at, updated_at, archived_at) VALUES ('cd93087e-fdc2-4c94-ba3c-d9fc6f3abcb7', 'Afterburn', 'EN', '2026-02-02', '2026-04-13', 'Emma Wilson', 'Set against the backdrop of a postapocalyptic Earth whose Eastern Hemisphere was destroyed by a massive solar flare, leaving what life remains mutated from radiation and fallout. The story revolves around a group of treasure hunters who extract such objects as the Mona Lisa, the Rosetta Stone and the Crown Jewels while facing rival hunters, mutants and pirates.', 'PG-13', '105', 'https://www.youtube.com/watch?v=ZkEjle729tI', '2026-02-02T03:56:58.574746', '2026-02-02T03:56:58.574746', NULL);
INSERT INTO movie_images (id, movie_id, url, type, created_at, updated_at) VALUES ('7b9018ab-b042-4872-9db2-98c419237487', 'cd93087e-fdc2-4c94-ba3c-d9fc6f3abcb7', 'https://image.tmdb.org/t/p/w342/hrze9JXp2QJpc2WjLfSUtRxyYSb.jpg', 'poster', '2026-02-02T03:56:58.574746', '2026-02-02T03:56:58.574746');
INSERT INTO movie_images (id, movie_id, url, type, created_at, updated_at) VALUES ('aab72c7f-24de-40a4-a66b-032fb6953ac8', 'cd93087e-fdc2-4c94-ba3c-d9fc6f3abcb7', 'https://image.tmdb.org/t/p/w1280/kHOfxq7cMTXyLbj0UmdoGhT540O.jpg', 'backdrop', '2026-02-02T03:56:58.574746', '2026-02-02T03:56:58.574746');
INSERT INTO movie_images (id, movie_id, url, type, created_at, updated_at) VALUES ('dbe98e8e-5965-4399-9916-a460a6833b70', 'cd93087e-fdc2-4c94-ba3c-d9fc6f3abcb7', 'https://image.tmdb.org/t/p/w300/ksIvbukEg9ivqr94K8ocyPHA81I.jpg', 'extra', '2026-02-02T03:56:58.574746', '2026-02-02T03:56:58.574746');
INSERT INTO movie_images (id, movie_id, url, type, created_at, updated_at) VALUES ('ad60ba62-5bf4-417c-b63d-c86d266cbeee', 'cd93087e-fdc2-4c94-ba3c-d9fc6f3abcb7', 'https://image.tmdb.org/t/p/w300/3iA0SNHSj8bU6FK6E8lKd1nrpCj.jpg', 'extra', '2026-02-02T03:56:58.574746', '2026-02-02T03:56:58.574746');
INSERT INTO movie_images (id, movie_id, url, type, created_at, updated_at) VALUES ('85251bfc-764f-49b4-bf31-8fc58969bdae', 'cd93087e-fdc2-4c94-ba3c-d9fc6f3abcb7', 'https://image.tmdb.org/t/p/w300/xqE7zgzeXL4MXI9dgI2giw2q4st.jpg', 'extra', '2026-02-02T03:56:58.574746', '2026-02-02T03:56:58.574746');
INSERT INTO movie_images (id, movie_id, url, type, created_at, updated_at) VALUES ('4e62a8cc-0ee6-4cbf-a996-f3d249862ec6', 'cd93087e-fdc2-4c94-ba3c-d9fc6f3abcb7', 'https://image.tmdb.org/t/p/w300/3pDWEFQHBSQhLGVwRMWs7vdQtE.jpg', 'extra', '2026-02-02T03:56:58.574746', '2026-02-02T03:56:58.574746');
INSERT INTO movies (id, title, language, projection_start_date, projection_end_date, director_full_name, synopsis, pg_rating, duration_in_minutes, trailer_url, created_at, updated_at, archived_at) VALUES ('60ce5fb3-7cd3-4e65-8f6b-c1f278e14233', 'Dune', 'EN', '2026-02-02', '2026-03-21', 'Pat Morgan', 'Paul Atreides, a brilliant and gifted young man born into a great destiny beyond his understanding, must travel to the most dangerous planet in the universe to ensure the future of his family and his people. As malevolent forces explode into conflict over the planet''s exclusive supply of the most precious resource in existence-a commodity capable of unlocking humanity''s greatest potential-only those who can conquer their fear will survive.', 'PG-13', '155', 'https://www.youtube.com/watch?v=w0HgHet0sxg', '2026-02-02T03:57:02.287904', '2026-02-02T03:57:02.287904', NULL);
INSERT INTO movie_images (id, movie_id, url, type, created_at, updated_at) VALUES ('3ce27701-c8da-4b89-9757-bdf81f6a2939', '60ce5fb3-7cd3-4e65-8f6b-c1f278e14233', 'https://image.tmdb.org/t/p/w342/d5NXSklXo0qyIYkgV94XAgMIckC.jpg', 'poster', '2026-02-02T03:57:02.287904', '2026-02-02T03:57:02.287904');
INSERT INTO movie_images (id, movie_id, url, type, created_at, updated_at) VALUES ('f6f7368e-097a-48c0-8615-39fb6ee00cdc', '60ce5fb3-7cd3-4e65-8f6b-c1f278e14233', 'https://image.tmdb.org/t/p/w1280/h61Kc0NC7d90jNwXfBx5js7DnSQ.jpg', 'backdrop', '2026-02-02T03:57:02.287904', '2026-02-02T03:57:02.287904');
INSERT INTO movie_images (id, movie_id, url, type, created_at, updated_at) VALUES ('cbdb557c-6512-4da9-b9fe-1925358453c4', '60ce5fb3-7cd3-4e65-8f6b-c1f278e14233', 'https://image.tmdb.org/t/p/w300/wYMbnrdRCREjNLwFlG5SLWzBjui.jpg', 'extra', '2026-02-02T03:57:02.287904', '2026-02-02T03:57:02.287904');
INSERT INTO movie_images (id, movie_id, url, type, created_at, updated_at) VALUES ('5908fc26-59a4-4caa-a713-724e56fe8792', '60ce5fb3-7cd3-4e65-8f6b-c1f278e14233', 'https://image.tmdb.org/t/p/w300/jYEW5xZkZk2WTrdbMGAPFuBqbDc.jpg', 'extra', '2026-02-02T03:57:02.287904', '2026-02-02T03:57:02.287904');
INSERT INTO movie_images (id, movie_id, url, type, created_at, updated_at) VALUES ('932a0fbe-504c-4d4a-a5a3-1dc8351418dd', '60ce5fb3-7cd3-4e65-8f6b-c1f278e14233', 'https://image.tmdb.org/t/p/w300/zRKQW58MBEY078AxkHxEJzUskCl.jpg', 'extra', '2026-02-02T03:57:02.287904', '2026-02-02T03:57:02.287904');
INSERT INTO movie_images (id, movie_id, url, type, created_at, updated_at) VALUES ('e0b8d862-f3c0-4fdf-a0de-e3c3d5819086', '60ce5fb3-7cd3-4e65-8f6b-c1f278e14233', 'https://image.tmdb.org/t/p/w300/lzWHmYdfeFiMIY4JaMmtR7GEli3.jpg', 'extra', '2026-02-02T03:57:02.287904', '2026-02-02T03:57:02.287904');
INSERT INTO movies (id, title, language, projection_start_date, projection_end_date, director_full_name, synopsis, pg_rating, duration_in_minutes, trailer_url, created_at, updated_at, archived_at) VALUES ('4a3559d3-f347-4456-aff5-acea5bc6c609', 'War of the Worlds', 'EN', '2026-02-02', '2026-04-30', 'Jane Smith', 'Will Radford is a top analyst for Homeland Security who tracks potential threats through a mass surveillance program, until one day an attack by an unknown entity leads him to question whether the government is hiding something from him... and from the rest of the world.', 'PG-13', '91', 'https://www.youtube.com/watch?v=d9erkpdh5o0', '2026-02-02T03:57:05.958806', '2026-02-02T03:57:05.958806', NULL);
INSERT INTO movie_images (id, movie_id, url, type, created_at, updated_at) VALUES ('ebb46e4d-263f-40d4-94d6-e982317b177e', '4a3559d3-f347-4456-aff5-acea5bc6c609', 'https://image.tmdb.org/t/p/w342/yvirUYrva23IudARHn3mMGVxWqM.jpg', 'poster', '2026-02-02T03:57:05.958806', '2026-02-02T03:57:05.958806');
INSERT INTO movie_images (id, movie_id, url, type, created_at, updated_at) VALUES ('cc05a92e-bf1f-483b-aedd-8e3b78f56956', '4a3559d3-f347-4456-aff5-acea5bc6c609', 'https://image.tmdb.org/t/p/w1280/iZLqwEwUViJdSkGVjePGhxYzbDb.jpg', 'backdrop', '2026-02-02T03:57:05.958806', '2026-02-02T03:57:05.958806');
INSERT INTO movie_images (id, movie_id, url, type, created_at, updated_at) VALUES ('f6456cb6-2a84-44a6-a73d-0a5a92981a90', '4a3559d3-f347-4456-aff5-acea5bc6c609', 'https://image.tmdb.org/t/p/w300/f2T5LlY8EPvmgtBVvOra8H2GvlQ.jpg', 'extra', '2026-02-02T03:57:05.958806', '2026-02-02T03:57:05.958806');
INSERT INTO movie_images (id, movie_id, url, type, created_at, updated_at) VALUES ('93997133-8867-4006-bd70-de058f0dc9bf', '4a3559d3-f347-4456-aff5-acea5bc6c609', 'https://image.tmdb.org/t/p/w300/kqHypb4MdEBUFiphf49bK99T4cn.jpg', 'extra', '2026-02-02T03:57:05.958806', '2026-02-02T03:57:05.958806');
INSERT INTO movie_images (id, movie_id, url, type, created_at, updated_at) VALUES ('515afb7f-f637-4cf5-92d1-20b0a8112119', '4a3559d3-f347-4456-aff5-acea5bc6c609', 'https://image.tmdb.org/t/p/w300/l2D8XPcANYIM7DJ4e9XYymzZovT.jpg', 'extra', '2026-02-02T03:57:05.958806', '2026-02-02T03:57:05.958806');
INSERT INTO movie_images (id, movie_id, url, type, created_at, updated_at) VALUES ('90f35902-6978-4f1e-ba22-03cb6543de69', '4a3559d3-f347-4456-aff5-acea5bc6c609', 'https://image.tmdb.org/t/p/w300/ceaS9zOX4GJPzZeUgsnjRy9JKck.jpg', 'extra', '2026-02-02T03:57:05.958806', '2026-02-02T03:57:05.958806');
INSERT INTO movies (id, title, language, projection_start_date, projection_end_date, director_full_name, synopsis, pg_rating, duration_in_minutes, trailer_url, created_at, updated_at, archived_at) VALUES ('d47ee2d0-66ba-41ed-bd19-ba2645abfde5', 'Now You See Me: Now You Don''t', 'EN', '2026-02-02', '2026-03-11', 'Chris Taylor', 'The original Four Horsemen reunite with a new generation of illusionists to take on powerful diamond heiress Veronika Vanderberg, who leads a criminal empire built on money laundering and trafficking. The new and old magicians must overcome their differences to work together on their most ambitious heist yet.', 'PG-13', '113', 'https://www.youtube.com/watch?v=lLWESUfW-0A', '2026-02-02T03:57:09.698703', '2026-02-02T03:57:09.698703', NULL);
INSERT INTO movie_images (id, movie_id, url, type, created_at, updated_at) VALUES ('09d1b224-f9f9-48f5-a704-a2e2eecc1539', 'd47ee2d0-66ba-41ed-bd19-ba2645abfde5', 'https://image.tmdb.org/t/p/w342/xUddC5HTjMWmClD007QBWR0BLHY.jpg', 'poster', '2026-02-02T03:57:09.698703', '2026-02-02T03:57:09.698703');
INSERT INTO movie_images (id, movie_id, url, type, created_at, updated_at) VALUES ('efc70b46-1e23-4754-b3ad-7279fec79c4d', 'd47ee2d0-66ba-41ed-bd19-ba2645abfde5', 'https://image.tmdb.org/t/p/w1280/ufqytAlziHq5pljKByGJ8IKhtEZ.jpg', 'backdrop', '2026-02-02T03:57:09.698703', '2026-02-02T03:57:09.698703');
INSERT INTO movie_images (id, movie_id, url, type, created_at, updated_at) VALUES ('23dadd72-c169-4e78-88f3-2a7bc61fd28c', 'd47ee2d0-66ba-41ed-bd19-ba2645abfde5', 'https://image.tmdb.org/t/p/w300/dHSz0tSFuO2CsXJ1CApSauP9Ncl.jpg', 'extra', '2026-02-02T03:57:09.698703', '2026-02-02T03:57:09.698703');
INSERT INTO movie_images (id, movie_id, url, type, created_at, updated_at) VALUES ('1256e7c4-7bf9-4b49-929a-daae20b99cba', 'd47ee2d0-66ba-41ed-bd19-ba2645abfde5', 'https://image.tmdb.org/t/p/w300/dL0rr15VD5JbI3XTWlItwJGuLWS.jpg', 'extra', '2026-02-02T03:57:09.698703', '2026-02-02T03:57:09.698703');
INSERT INTO movie_images (id, movie_id, url, type, created_at, updated_at) VALUES ('a4e0164a-4d2f-4227-bcd9-fbb14074113c', 'd47ee2d0-66ba-41ed-bd19-ba2645abfde5', 'https://image.tmdb.org/t/p/w300/oCl3vWqU10qH9dbL5H0fjBGGUJj.jpg', 'extra', '2026-02-02T03:57:09.698703', '2026-02-02T03:57:09.698703');
INSERT INTO movie_images (id, movie_id, url, type, created_at, updated_at) VALUES ('e995b311-69a4-42f5-ab43-a825891b2d94', 'd47ee2d0-66ba-41ed-bd19-ba2645abfde5', 'https://image.tmdb.org/t/p/w300/hfwzCPUjsCeEKmo9ch5uFmrjRbx.jpg', 'extra', '2026-02-02T03:57:09.698703', '2026-02-02T03:57:09.698703');
INSERT INTO movies (id, title, language, projection_start_date, projection_end_date, director_full_name, synopsis, pg_rating, duration_in_minutes, trailer_url, created_at, updated_at, archived_at) VALUES ('6552c042-27fb-4083-9944-488ddf3a879e', 'Frankenstein', 'EN', '2026-02-02', '2026-03-07', 'John Doe', 'Dr. Victor Frankenstein, a brilliant but egotistical scientist, brings a creature to life in a monstrous experiment that ultimately leads to the undoing of both the creator and his tragic creation.', 'PG-13', '150', 'https://www.youtube.com/watch?v=9WZllcEgWrM', '2026-02-02T03:57:13.405153', '2026-02-02T03:57:13.405153', NULL);
INSERT INTO movie_images (id, movie_id, url, type, created_at, updated_at) VALUES ('d70cea84-ece2-4c91-80e3-d5289160b0f9', '6552c042-27fb-4083-9944-488ddf3a879e', 'https://image.tmdb.org/t/p/w342/g4JtvGlQO7DByTI6frUobqvSL3R.jpg', 'poster', '2026-02-02T03:57:13.405153', '2026-02-02T03:57:13.405153');
INSERT INTO movie_images (id, movie_id, url, type, created_at, updated_at) VALUES ('60df865a-63a0-4e8f-8d34-fee2bb1459f0', '6552c042-27fb-4083-9944-488ddf3a879e', 'https://image.tmdb.org/t/p/w1280/ceyakefyCRAgyeFhefa2bz6d9QO.jpg', 'backdrop', '2026-02-02T03:57:13.405153', '2026-02-02T03:57:13.405153');
INSERT INTO movie_images (id, movie_id, url, type, created_at, updated_at) VALUES ('6c242ca2-9568-4ba9-9b0d-0b8cdbc03f7f', '6552c042-27fb-4083-9944-488ddf3a879e', 'https://image.tmdb.org/t/p/w300/hpXBJxLD2SEf8l2CspmSeiHrBKX.jpg', 'extra', '2026-02-02T03:57:13.405153', '2026-02-02T03:57:13.405153');
INSERT INTO movie_images (id, movie_id, url, type, created_at, updated_at) VALUES ('25abb202-61f1-4088-a350-475b52b86142', '6552c042-27fb-4083-9944-488ddf3a879e', 'https://image.tmdb.org/t/p/w300/vrjRcY43fHBNQqx0El0ZZzo7HZb.jpg', 'extra', '2026-02-02T03:57:13.405153', '2026-02-02T03:57:13.405153');
INSERT INTO movie_images (id, movie_id, url, type, created_at, updated_at) VALUES ('6483fa0f-dbfa-4008-bd6a-06a0f7bb3771', '6552c042-27fb-4083-9944-488ddf3a879e', 'https://image.tmdb.org/t/p/w300/sy7Y4jCDsGPCzoQIEmxqAgPjAgr.jpg', 'extra', '2026-02-02T03:57:13.405153', '2026-02-02T03:57:13.405153');
INSERT INTO movie_images (id, movie_id, url, type, created_at, updated_at) VALUES ('2f3c70f7-0698-47b3-aba2-ee2e1bc5db72', '6552c042-27fb-4083-9944-488ddf3a879e', 'https://image.tmdb.org/t/p/w300/i9JWf8ivhykQzQZNwp2qdwExdhd.jpg', 'extra', '2026-02-02T03:57:13.405153', '2026-02-02T03:57:13.405153');
INSERT INTO movies (id, title, language, projection_start_date, projection_end_date, director_full_name, synopsis, pg_rating, duration_in_minutes, trailer_url, created_at, updated_at, archived_at) VALUES ('af18b1d4-4e7b-4ee7-aa30-c1b9374542bb', 'Jurassic World Rebirth', 'EN', '2026-02-02', '2026-03-26', 'Michael Brown', 'Five years after the events of Jurassic World Dominion, covert operations expert Zora Bennett is contracted to lead a skilled team on a top-secret mission to secure genetic material from the world''s three most massive dinosaurs. When Zora''s operation intersects with a civilian family whose boating expedition was capsized, they all find themselves stranded on an island where they come face-to-face with a sinister, shocking discovery that''s been hidden from the world for decades.', 'PG-13', '134', 'https://www.youtube.com/watch?v=2ZhB-YO5Tnk', '2026-02-02T03:57:17.090688', '2026-02-02T03:57:17.090688', NULL);
INSERT INTO movie_images (id, movie_id, url, type, created_at, updated_at) VALUES ('488394c6-3a4d-4223-ba8a-d07d77a972ba', 'af18b1d4-4e7b-4ee7-aa30-c1b9374542bb', 'https://image.tmdb.org/t/p/w342/zuEC2i3I2P7QIcLoUJNBwqRYO4S.jpg', 'poster', '2026-02-02T03:57:17.090688', '2026-02-02T03:57:17.090688');
INSERT INTO movie_images (id, movie_id, url, type, created_at, updated_at) VALUES ('e165c724-a843-438f-8fd6-1ec551bb0ed0', 'af18b1d4-4e7b-4ee7-aa30-c1b9374542bb', 'https://image.tmdb.org/t/p/w1280/xCoF56oOLjKqzwWkwlC8gsrx18h.jpg', 'backdrop', '2026-02-02T03:57:17.090688', '2026-02-02T03:57:17.090688');
INSERT INTO movie_images (id, movie_id, url, type, created_at, updated_at) VALUES ('ff92f371-bc8c-4256-aa98-fe4165925b1c', 'af18b1d4-4e7b-4ee7-aa30-c1b9374542bb', 'https://image.tmdb.org/t/p/w300/zVQE3N96tzPZqcB0Gmiq3Z0NOQL.jpg', 'extra', '2026-02-02T03:57:17.090688', '2026-02-02T03:57:17.090688');
INSERT INTO movie_images (id, movie_id, url, type, created_at, updated_at) VALUES ('313f8bff-be5f-4398-b377-72194ce536cb', 'af18b1d4-4e7b-4ee7-aa30-c1b9374542bb', 'https://image.tmdb.org/t/p/w300/fQOV47FHTJdaSuSUNlzP3zXUZWE.jpg', 'extra', '2026-02-02T03:57:17.090688', '2026-02-02T03:57:17.090688');
INSERT INTO movie_images (id, movie_id, url, type, created_at, updated_at) VALUES ('111937d3-d6a1-4214-bf11-ffc2c8c34bde', 'af18b1d4-4e7b-4ee7-aa30-c1b9374542bb', 'https://image.tmdb.org/t/p/w300/fncHijpWjitFBmj7SX5z148XEhP.jpg', 'extra', '2026-02-02T03:57:17.090688', '2026-02-02T03:57:17.090688');
INSERT INTO movie_images (id, movie_id, url, type, created_at, updated_at) VALUES ('2ab57a77-8523-48ca-8d5c-7973f3d1c3c6', 'af18b1d4-4e7b-4ee7-aa30-c1b9374542bb', 'https://image.tmdb.org/t/p/w300/zNriRTr0kWwyaXPzdg1EIxf0BWk.jpg', 'extra', '2026-02-02T03:57:17.090688', '2026-02-02T03:57:17.090688');
INSERT INTO movies (id, title, language, projection_start_date, projection_end_date, director_full_name, synopsis, pg_rating, duration_in_minutes, trailer_url, created_at, updated_at, archived_at) VALUES ('9eb602a7-8ecd-446d-8cd9-70717be182ae', 'One Battle After Another', 'EN', '2026-02-02', '2026-03-26', 'Sam Lee', 'Washed-up revolutionary Bob exists in a state of stoned paranoia, surviving off-grid with his spirited, self-reliant daughter, Willa. When his evil nemesis resurfaces after 16 years and she goes missing, the former radical scrambles to find her, father and daughter both battling the consequences of his past.', 'PG-13', '162', 'https://www.youtube.com/watch?v=u6GVb4p7oD4', '2026-02-02T03:57:20.795824', '2026-02-02T03:57:20.795824', NULL);
INSERT INTO movie_images (id, movie_id, url, type, created_at, updated_at) VALUES ('ff6fa0be-e380-4441-a316-e0dfa6b33996', '9eb602a7-8ecd-446d-8cd9-70717be182ae', 'https://image.tmdb.org/t/p/w342/3TjxuSfBSkhB8OvBov7Dk4L0Bcd.jpg', 'poster', '2026-02-02T03:57:20.795824', '2026-02-02T03:57:20.795824');
INSERT INTO movie_images (id, movie_id, url, type, created_at, updated_at) VALUES ('890a6923-0842-40d5-9c81-33c5345a7afb', '9eb602a7-8ecd-446d-8cd9-70717be182ae', 'https://image.tmdb.org/t/p/w1280/si68lkhkMfIospVeLEBtl7HWKDh.jpg', 'backdrop', '2026-02-02T03:57:20.795824', '2026-02-02T03:57:20.795824');
INSERT INTO movie_images (id, movie_id, url, type, created_at, updated_at) VALUES ('ebbb9473-9c6b-4130-b6b3-685252264cfe', '9eb602a7-8ecd-446d-8cd9-70717be182ae', 'https://image.tmdb.org/t/p/w300/zpEWFNqoN8Qg1SzMMHmaGyOBTdW.jpg', 'extra', '2026-02-02T03:57:20.795824', '2026-02-02T03:57:20.795824');
INSERT INTO movie_images (id, movie_id, url, type, created_at, updated_at) VALUES ('7d24caf9-6453-479f-b10e-d46051e3a96f', '9eb602a7-8ecd-446d-8cd9-70717be182ae', 'https://image.tmdb.org/t/p/w300/k6Z6q3lQ2lb2LukgEzlmZXLvc3q.jpg', 'extra', '2026-02-02T03:57:20.795824', '2026-02-02T03:57:20.795824');
INSERT INTO movie_images (id, movie_id, url, type, created_at, updated_at) VALUES ('fa36cd9b-ab4e-471d-b9c8-98e593ccd70a', '9eb602a7-8ecd-446d-8cd9-70717be182ae', 'https://image.tmdb.org/t/p/w300/nIX9kqNNe4ERx3wg3TuzRa2deAM.jpg', 'extra', '2026-02-02T03:57:20.795824', '2026-02-02T03:57:20.795824');
INSERT INTO movie_images (id, movie_id, url, type, created_at, updated_at) VALUES ('ee4ea110-9bf2-4c60-9faa-ca8fc00b51a2', '9eb602a7-8ecd-446d-8cd9-70717be182ae', 'https://image.tmdb.org/t/p/w300/nyvyWsZJkqtHJ0SLVOoWc141cEg.jpg', 'extra', '2026-02-02T03:57:20.795824', '2026-02-02T03:57:20.795824');
INSERT INTO movies (id, title, language, projection_start_date, projection_end_date, director_full_name, synopsis, pg_rating, duration_in_minutes, trailer_url, created_at, updated_at, archived_at) VALUES ('6e91eaba-8390-4761-bee4-0d4fe51c2660', 'Interstellar', 'EN', '2026-02-02', '2026-03-19', 'John Doe', 'The adventures of a group of explorers who make use of a newly discovered wormhole to surpass the limitations on human space travel and conquer the vast distances involved in an interstellar voyage.', 'PG-13', '169', 'https://www.youtube.com/watch?v=LY19rHKAaAg', '2026-02-02T03:57:24.741384', '2026-02-02T03:57:24.741384', NULL);
INSERT INTO movie_images (id, movie_id, url, type, created_at, updated_at) VALUES ('323fd7d5-4a66-4e1e-9342-5633e61b00ed', '6e91eaba-8390-4761-bee4-0d4fe51c2660', 'https://image.tmdb.org/t/p/w342/gEU2QniE6E77NI6lCU6MxlNBvIx.jpg', 'poster', '2026-02-02T03:57:24.741384', '2026-02-02T03:57:24.741384');
INSERT INTO movie_images (id, movie_id, url, type, created_at, updated_at) VALUES ('00a127a7-f6e6-4986-91ed-c4c44d14e5c0', '6e91eaba-8390-4761-bee4-0d4fe51c2660', 'https://image.tmdb.org/t/p/w1280/5XNQBqnBwPA9yT0jZ0p3s8bbLh0.jpg', 'backdrop', '2026-02-02T03:57:24.741384', '2026-02-02T03:57:24.741384');
INSERT INTO movie_images (id, movie_id, url, type, created_at, updated_at) VALUES ('f9012818-a23e-4239-9726-f59ac101febb', '6e91eaba-8390-4761-bee4-0d4fe51c2660', 'https://image.tmdb.org/t/p/w300/8sNiAPPYU14PUepFNeSNGUTiHW.jpg', 'extra', '2026-02-02T03:57:24.741384', '2026-02-02T03:57:24.741384');
INSERT INTO movie_images (id, movie_id, url, type, created_at, updated_at) VALUES ('5820066c-3e3c-4541-8fcd-91b621f01eba', '6e91eaba-8390-4761-bee4-0d4fe51c2660', 'https://image.tmdb.org/t/p/w300/vgnoBSVzWAV9sNQUORaDGvDp7wx.jpg', 'extra', '2026-02-02T03:57:24.741384', '2026-02-02T03:57:24.741384');
INSERT INTO movie_images (id, movie_id, url, type, created_at, updated_at) VALUES ('2383d000-88cf-4fe0-a12d-3a7af433a473', '6e91eaba-8390-4761-bee4-0d4fe51c2660', 'https://image.tmdb.org/t/p/w300/9REO1DLpmwhrBJY3mYW5eVxkXFM.jpg', 'extra', '2026-02-02T03:57:24.741384', '2026-02-02T03:57:24.741384');
INSERT INTO movie_images (id, movie_id, url, type, created_at, updated_at) VALUES ('4c9fbab4-3398-42d1-a217-6582caa4c617', '6e91eaba-8390-4761-bee4-0d4fe51c2660', 'https://image.tmdb.org/t/p/w300/xJHokMbljvjADYdit5fK5VQsXEG.jpg', 'extra', '2026-02-02T03:57:24.741384', '2026-02-02T03:57:24.741384');
INSERT INTO movies (id, title, language, projection_start_date, projection_end_date, director_full_name, synopsis, pg_rating, duration_in_minutes, trailer_url, created_at, updated_at, archived_at) VALUES ('dcb2d310-8f7a-468a-a916-f59a877b5b7d', 'Harry Potter and the Prisoner of Azkaban', 'EN', '2026-02-02', '2026-04-21', 'Sam Lee', 'Year three at Hogwarts means new fun and challenges as Harry learns the delicate art of approaching a Hippogriff, transforming shape-shifting Boggarts into hilarity and even turning back time. But the term also brings danger: soul-sucking Dementors hover over the school, an ally of the accursed He-Who-Cannot-Be-Named lurks within the castle walls, and fearsome wizard Sirius Black escapes Azkaban. And Harry will confront them all.', 'PG-13', '141', 'https://www.youtube.com/watch?v=VwErvYgoH70', '2026-02-02T03:57:28.431952', '2026-02-02T03:57:28.431952', NULL);
INSERT INTO movie_images (id, movie_id, url, type, created_at, updated_at) VALUES ('df4f3e7e-d786-4a43-85e1-4a98628f96dd', 'dcb2d310-8f7a-468a-a916-f59a877b5b7d', 'https://image.tmdb.org/t/p/w342/gVt7hhFNZF2r5EuBT3c9FnudWW8.jpg', 'poster', '2026-02-02T03:57:28.431952', '2026-02-02T03:57:28.431952');
INSERT INTO movie_images (id, movie_id, url, type, created_at, updated_at) VALUES ('1269649e-065b-4f60-97db-8a667d542f8b', 'dcb2d310-8f7a-468a-a916-f59a877b5b7d', 'https://image.tmdb.org/t/p/w1280/ktj07Eajol5Y2aTQpvTADiQZXJV.jpg', 'backdrop', '2026-02-02T03:57:28.431952', '2026-02-02T03:57:28.431952');
INSERT INTO movie_images (id, movie_id, url, type, created_at, updated_at) VALUES ('87e86c10-e288-472b-88ca-489b99df0757', 'dcb2d310-8f7a-468a-a916-f59a877b5b7d', 'https://image.tmdb.org/t/p/w300/vbk5CfaAHOjQPSAcYm6AoRRz2Af.jpg', 'extra', '2026-02-02T03:57:28.431952', '2026-02-02T03:57:28.431952');
INSERT INTO movie_images (id, movie_id, url, type, created_at, updated_at) VALUES ('055f6544-36ea-4550-a7ee-2d1eed70ff3b', 'dcb2d310-8f7a-468a-a916-f59a877b5b7d', 'https://image.tmdb.org/t/p/w300/htmYEfH7TQgzsXHCnNXxmoYKQtL.jpg', 'extra', '2026-02-02T03:57:28.431952', '2026-02-02T03:57:28.431952');
INSERT INTO movie_images (id, movie_id, url, type, created_at, updated_at) VALUES ('48d10186-c1e8-400c-9d2c-2fe5f2843d1e', 'dcb2d310-8f7a-468a-a916-f59a877b5b7d', 'https://image.tmdb.org/t/p/w300/v2K8QaAQD0pmEaUTUeV8MXMq1qx.jpg', 'extra', '2026-02-02T03:57:28.431952', '2026-02-02T03:57:28.431952');
INSERT INTO movie_images (id, movie_id, url, type, created_at, updated_at) VALUES ('8f2cbcc9-9671-46bc-8134-e5c9522068e7', 'dcb2d310-8f7a-468a-a916-f59a877b5b7d', 'https://image.tmdb.org/t/p/w300/fVgBU3KJAWHS55FPdbsZQ3YQG2Z.jpg', 'extra', '2026-02-02T03:57:28.431952', '2026-02-02T03:57:28.431952');
INSERT INTO movies (id, title, language, projection_start_date, projection_end_date, director_full_name, synopsis, pg_rating, duration_in_minutes, trailer_url, created_at, updated_at, archived_at) VALUES ('85ed9384-a0a4-4424-9723-05e51813be6d', 'The Godfather', 'EN', '2026-02-02', '2026-04-03', 'Chris Taylor', 'Spanning the years 1945 to 1955, a chronicle of the fictional Italian-American Corleone crime family. When organized crime family patriarch, Vito Corleone barely survives an attempt on his life, his youngest son, Michael steps in to take care of the would-be killers, launching a campaign of bloody revenge.', 'PG-13', '175', 'https://www.youtube.com/watch?v=Ew9ngL1GZvs', '2026-02-02T03:57:32.071985', '2026-02-02T03:57:32.071985', NULL);
INSERT INTO movie_images (id, movie_id, url, type, created_at, updated_at) VALUES ('de1bfce7-bb9d-4395-beb5-cadeb1bd8225', '85ed9384-a0a4-4424-9723-05e51813be6d', 'https://image.tmdb.org/t/p/w342/3bhkrj58Vtu7enYsRolD1fZdja1.jpg', 'poster', '2026-02-02T03:57:32.071985', '2026-02-02T03:57:32.071985');
INSERT INTO movie_images (id, movie_id, url, type, created_at, updated_at) VALUES ('75e84f57-ce01-4b24-abb5-6bc363d564e3', '85ed9384-a0a4-4424-9723-05e51813be6d', 'https://image.tmdb.org/t/p/w1280/tSPT36ZKlP2WVHJLM4cQPLSzv3b.jpg', 'backdrop', '2026-02-02T03:57:32.071985', '2026-02-02T03:57:32.071985');
INSERT INTO movie_images (id, movie_id, url, type, created_at, updated_at) VALUES ('5acd81b1-32e5-4625-af04-91af85743c26', '85ed9384-a0a4-4424-9723-05e51813be6d', 'https://image.tmdb.org/t/p/w300/AbgEQO2mneCSOc8CSnOMa8pBS8I.jpg', 'extra', '2026-02-02T03:57:32.071985', '2026-02-02T03:57:32.071985');
INSERT INTO movie_images (id, movie_id, url, type, created_at, updated_at) VALUES ('cc6a86c5-e8a5-402e-a96c-db87e8ec2bba', '85ed9384-a0a4-4424-9723-05e51813be6d', 'https://image.tmdb.org/t/p/w300/ejdD20cdHNFAYAN2DlqPToXKyzx.jpg', 'extra', '2026-02-02T03:57:32.071985', '2026-02-02T03:57:32.071985');
INSERT INTO movie_images (id, movie_id, url, type, created_at, updated_at) VALUES ('386ceb08-115c-4980-a4f7-20404fc5f19e', '85ed9384-a0a4-4424-9723-05e51813be6d', 'https://image.tmdb.org/t/p/w300/tmU7GeKVybMWFButWEGl2M4GeiP.jpg', 'extra', '2026-02-02T03:57:32.071985', '2026-02-02T03:57:32.071985');
INSERT INTO movie_images (id, movie_id, url, type, created_at, updated_at) VALUES ('140ed4f0-dcc4-4353-a0e8-b7be5385bfe1', '85ed9384-a0a4-4424-9723-05e51813be6d', 'https://image.tmdb.org/t/p/w300/39rtAdg3yx6IDxRg0ZLXefv0aPY.jpg', 'extra', '2026-02-02T03:57:32.071985', '2026-02-02T03:57:32.071985');
INSERT INTO movies (id, title, language, projection_start_date, projection_end_date, director_full_name, synopsis, pg_rating, duration_in_minutes, trailer_url, created_at, updated_at, archived_at) VALUES ('3479b6bd-e50f-4cec-ad97-c3fff5dd5b0d', 'Inception', 'EN', '2026-03-22', '2026-06-10', 'Pat Morgan', 'Cobb, a skilled thief who commits corporate espionage by infiltrating the subconscious of his targets is offered a chance to regain his old life as payment for a task considered to be impossible: "inception", the implantation of another person''s idea into a target''s subconscious.', 'PG-13', '148', 'https://www.youtube.com/watch?v=cdx31ak4KbQ', '2026-02-02T03:57:35.898259', '2026-02-02T03:57:35.898259', NULL);
INSERT INTO movie_images (id, movie_id, url, type, created_at, updated_at) VALUES ('e350fcc6-0cc5-4588-b155-9fed189e2796', '3479b6bd-e50f-4cec-ad97-c3fff5dd5b0d', 'https://image.tmdb.org/t/p/w342/tXQvtRWfkUUnWJAn2tN3jERIUG.jpg', 'poster', '2026-02-02T03:57:35.898259', '2026-02-02T03:57:35.898259');
INSERT INTO movie_images (id, movie_id, url, type, created_at, updated_at) VALUES ('08b4642b-3f87-4b18-9759-d268cd4148dd', '3479b6bd-e50f-4cec-ad97-c3fff5dd5b0d', 'https://image.tmdb.org/t/p/w1280/ii8QGacT3MXESqBckQlyrATY0lT.jpg', 'backdrop', '2026-02-02T03:57:35.898259', '2026-02-02T03:57:35.898259');
INSERT INTO movie_images (id, movie_id, url, type, created_at, updated_at) VALUES ('7072d1c5-404b-4961-98da-fb372c74219c', '3479b6bd-e50f-4cec-ad97-c3fff5dd5b0d', 'https://image.tmdb.org/t/p/w300/8ZTVqvKDQ8emSGUEMjsS4yHAwrp.jpg', 'extra', '2026-02-02T03:57:35.898259', '2026-02-02T03:57:35.898259');
INSERT INTO movie_images (id, movie_id, url, type, created_at, updated_at) VALUES ('456fbdc0-2295-4cb4-b33e-223cdcd227d8', '3479b6bd-e50f-4cec-ad97-c3fff5dd5b0d', 'https://image.tmdb.org/t/p/w300/s3TBrRGB1iav7gFOCNx3H31MoES.jpg', 'extra', '2026-02-02T03:57:35.898259', '2026-02-02T03:57:35.898259');
INSERT INTO movie_images (id, movie_id, url, type, created_at, updated_at) VALUES ('78becb72-18c6-4073-95f5-b163b3fca2cb', '3479b6bd-e50f-4cec-ad97-c3fff5dd5b0d', 'https://image.tmdb.org/t/p/w300/gqby0RhyehP3uRrzmdyUZ0CgPPe.jpg', 'extra', '2026-02-02T03:57:35.898259', '2026-02-02T03:57:35.898259');
INSERT INTO movie_images (id, movie_id, url, type, created_at, updated_at) VALUES ('83b24fe7-b736-48ad-8f83-760b8c04394c', '3479b6bd-e50f-4cec-ad97-c3fff5dd5b0d', 'https://image.tmdb.org/t/p/w300/zlIBglEnHkxmPGVwEfywC7hXncb.jpg', 'extra', '2026-02-02T03:57:35.898259', '2026-02-02T03:57:35.898259');
INSERT INTO movies (id, title, language, projection_start_date, projection_end_date, director_full_name, synopsis, pg_rating, duration_in_minutes, trailer_url, created_at, updated_at, archived_at) VALUES ('11cfbc81-8195-440b-bad9-5b8d4d44fb24', 'Zootopia 2', 'EN', '2026-05-16', '2026-09-07', 'David Clark', 'After cracking the biggest case in Zootopia''s history, rookie cops Judy Hopps and Nick Wilde find themselves on the twisting trail of a great mystery when Gary De''Snake arrives and turns the animal metropolis upside down. To crack the case, Judy and Nick must go undercover to unexpected new parts of town, where their growing partnership is tested like never before.', 'PG-13', '108', 'https://www.youtube.com/watch?v=sEgPQ7HKoBA', '2026-02-02T03:57:39.615436', '2026-02-02T03:57:39.615436', NULL);
INSERT INTO movie_images (id, movie_id, url, type, created_at, updated_at) VALUES ('bcdcaec5-6059-419d-8deb-1a6936add328', '11cfbc81-8195-440b-bad9-5b8d4d44fb24', 'https://image.tmdb.org/t/p/w342/ib6v6qUXzez1x2qIOLN7C0yJNPQ.jpg', 'poster', '2026-02-02T03:57:39.615436', '2026-02-02T03:57:39.615436');
INSERT INTO movie_images (id, movie_id, url, type, created_at, updated_at) VALUES ('cfc58f37-3bbc-49bd-934b-d74fc5f358eb', '11cfbc81-8195-440b-bad9-5b8d4d44fb24', 'https://image.tmdb.org/t/p/w1280/5h2EsPKNDdB3MAtOk9MB9Ycg9Rz.jpg', 'backdrop', '2026-02-02T03:57:39.615436', '2026-02-02T03:57:39.615436');
INSERT INTO movie_images (id, movie_id, url, type, created_at, updated_at) VALUES ('3bbc90e3-9961-448e-9fbf-9e5550afd806', '11cfbc81-8195-440b-bad9-5b8d4d44fb24', 'https://image.tmdb.org/t/p/w300/7nfpkR9XsQ1lBNCXSSHxGV7Dkxe.jpg', 'extra', '2026-02-02T03:57:39.615436', '2026-02-02T03:57:39.615436');
INSERT INTO movie_images (id, movie_id, url, type, created_at, updated_at) VALUES ('8db18434-7733-4041-9892-7af98ca2aa72', '11cfbc81-8195-440b-bad9-5b8d4d44fb24', 'https://image.tmdb.org/t/p/w300/zdva2LmrzZ0OdTI27ayzKPw0wkF.jpg', 'extra', '2026-02-02T03:57:39.615436', '2026-02-02T03:57:39.615436');
INSERT INTO movie_images (id, movie_id, url, type, created_at, updated_at) VALUES ('5e4f6168-44cb-445c-bb0b-b6348975781e', '11cfbc81-8195-440b-bad9-5b8d4d44fb24', 'https://image.tmdb.org/t/p/w300/5BeOSbwt6BR7q2Fax70lF4AIshD.jpg', 'extra', '2026-02-02T03:57:39.615436', '2026-02-02T03:57:39.615436');
INSERT INTO movie_images (id, movie_id, url, type, created_at, updated_at) VALUES ('277a9ba8-74b9-4c8a-883c-f20893896176', '11cfbc81-8195-440b-bad9-5b8d4d44fb24', 'https://image.tmdb.org/t/p/w300/iAMxwAtriQkAOTt1jeGER0oLMNN.jpg', 'extra', '2026-02-02T03:57:39.615436', '2026-02-02T03:57:39.615436');
INSERT INTO movies (id, title, language, projection_start_date, projection_end_date, director_full_name, synopsis, pg_rating, duration_in_minutes, trailer_url, created_at, updated_at, archived_at) VALUES ('b2db4568-6a37-4077-8237-d6d1dfacc506', 'Inside Out 2', 'EN', '2026-05-31', '2026-09-24', 'John Doe', 'Teenager Riley''s mind headquarters is undergoing a sudden demolition to make room for something entirely unexpected: new Emotions! Joy, Sadness, Anger, Fear and Disgust, whove long been running a successful operation by all accounts, arent sure how to feel when Anxiety shows up. And it looks like shes not alone.', 'PG-13', '97', 'https://www.youtube.com/watch?v=u69y5Ie519M', '2026-02-02T03:57:43.354506', '2026-02-02T03:57:43.354506', NULL);
INSERT INTO movie_images (id, movie_id, url, type, created_at, updated_at) VALUES ('542a081f-a736-4393-b019-b501911d5fbb', 'b2db4568-6a37-4077-8237-d6d1dfacc506', 'https://image.tmdb.org/t/p/w342/xYqeUheNCep7ll9AotOcclGhP0X.jpg', 'poster', '2026-02-02T03:57:43.354506', '2026-02-02T03:57:43.354506');
INSERT INTO movie_images (id, movie_id, url, type, created_at, updated_at) VALUES ('6c0f6e9f-10a3-4d70-9b66-fbf9542834c7', 'b2db4568-6a37-4077-8237-d6d1dfacc506', 'https://image.tmdb.org/t/p/w1280/p5ozvmdgsmbWe0H8Xk7Rc8SCwAB.jpg', 'backdrop', '2026-02-02T03:57:43.354506', '2026-02-02T03:57:43.354506');
INSERT INTO movie_images (id, movie_id, url, type, created_at, updated_at) VALUES ('02747402-5c0f-4bfc-abb8-27808968c0db', 'b2db4568-6a37-4077-8237-d6d1dfacc506', 'https://image.tmdb.org/t/p/w300/xg27NrXi7VXCGUr7MG75UqLl6Vg.jpg', 'extra', '2026-02-02T03:57:43.354506', '2026-02-02T03:57:43.354506');
INSERT INTO movie_images (id, movie_id, url, type, created_at, updated_at) VALUES ('854c1af2-a461-436e-accc-cd8b2571c9bf', 'b2db4568-6a37-4077-8237-d6d1dfacc506', 'https://image.tmdb.org/t/p/w300/uVu2fBc114un7F1GD76RBouWyBP.jpg', 'extra', '2026-02-02T03:57:43.354506', '2026-02-02T03:57:43.354506');
INSERT INTO movie_images (id, movie_id, url, type, created_at, updated_at) VALUES ('9e026de4-dbbe-417e-8c87-aa6340dc6749', 'b2db4568-6a37-4077-8237-d6d1dfacc506', 'https://image.tmdb.org/t/p/w300/coATv42PoiLqAFKStJiMZs2r6Zb.jpg', 'extra', '2026-02-02T03:57:43.354506', '2026-02-02T03:57:43.354506');
INSERT INTO movie_images (id, movie_id, url, type, created_at, updated_at) VALUES ('2d11ed4a-0cf5-430e-8ced-7029c428ff57', 'b2db4568-6a37-4077-8237-d6d1dfacc506', 'https://image.tmdb.org/t/p/w300/stKGOm8UyhuLPR9sZLjs5AkmncA.jpg', 'extra', '2026-02-02T03:57:43.354506', '2026-02-02T03:57:43.354506');
INSERT INTO movies (id, title, language, projection_start_date, projection_end_date, director_full_name, synopsis, pg_rating, duration_in_minutes, trailer_url, created_at, updated_at, archived_at) VALUES ('56db7fa7-c6f8-4a76-a591-32df0fe21e87', 'The Dark Knight', 'EN', '2026-03-14', '2026-07-09', 'Pat Morgan', 'Batman raises the stakes in his war on crime. With the help of Lt. Jim Gordon and District Attorney Harvey Dent, Batman sets out to dismantle the remaining criminal organizations that plague the streets. The partnership proves to be effective, but they soon find themselves prey to a reign of chaos unleashed by a rising criminal mastermind known to the terrified citizens of Gotham as the Joker.', 'PG-13', '152', 'https://www.youtube.com/watch?v=vbjYVETxZqM', '2026-02-02T03:57:47.117696', '2026-02-02T03:57:47.117696', NULL);
INSERT INTO movie_images (id, movie_id, url, type, created_at, updated_at) VALUES ('aedc454e-327c-4540-99fc-bd7c2db92d34', '56db7fa7-c6f8-4a76-a591-32df0fe21e87', 'https://image.tmdb.org/t/p/w342/qJ2tW6WMUDux911r6m7haRef0WH.jpg', 'poster', '2026-02-02T03:57:47.117696', '2026-02-02T03:57:47.117696');
INSERT INTO movie_images (id, movie_id, url, type, created_at, updated_at) VALUES ('5a19841a-8d03-46d9-8ccb-4b4154c47cd1', '56db7fa7-c6f8-4a76-a591-32df0fe21e87', 'https://image.tmdb.org/t/p/w1280/dGOZdWOB8OpZFVziEOUFhox5wz9.jpg', 'backdrop', '2026-02-02T03:57:47.117696', '2026-02-02T03:57:47.117696');
INSERT INTO movie_images (id, movie_id, url, type, created_at, updated_at) VALUES ('e3941d20-8c4a-4137-a017-bfc8585d0f4e', '56db7fa7-c6f8-4a76-a591-32df0fe21e87', 'https://image.tmdb.org/t/p/w300/dqK9Hag1054tghRQSqLSfrkvQnA.jpg', 'extra', '2026-02-02T03:57:47.117696', '2026-02-02T03:57:47.117696');
INSERT INTO movie_images (id, movie_id, url, type, created_at, updated_at) VALUES ('ab40be59-ebe7-4ca6-a975-fd86124e3732', '56db7fa7-c6f8-4a76-a591-32df0fe21e87', 'https://image.tmdb.org/t/p/w300/cfT29Im5VDvjE0RpyKOSdCKZal7.jpg', 'extra', '2026-02-02T03:57:47.117696', '2026-02-02T03:57:47.117696');
INSERT INTO movie_images (id, movie_id, url, type, created_at, updated_at) VALUES ('8c34fbbf-1951-4a7c-be98-ae1350b378a3', '56db7fa7-c6f8-4a76-a591-32df0fe21e87', 'https://image.tmdb.org/t/p/w300/x5f2uTfw0Pqc5QI4ch5AHICee2o.jpg', 'extra', '2026-02-02T03:57:47.117696', '2026-02-02T03:57:47.117696');
INSERT INTO movie_images (id, movie_id, url, type, created_at, updated_at) VALUES ('3ab4518d-ee3b-4e9b-b6a2-cfba6d230342', '56db7fa7-c6f8-4a76-a591-32df0fe21e87', 'https://image.tmdb.org/t/p/w300/pbEkjhdfP7yuDcMB78YEZwgD4IN.jpg', 'extra', '2026-02-02T03:57:47.117696', '2026-02-02T03:57:47.117696');
INSERT INTO movies (id, title, language, projection_start_date, projection_end_date, director_full_name, synopsis, pg_rating, duration_in_minutes, trailer_url, created_at, updated_at, archived_at) VALUES ('c372f0a7-2e85-4dd7-a975-0e7bc820e4f7', 'Home Alone 2: Lost in New York', 'EN', '2026-04-15', '2026-07-01', 'Pat Morgan', 'Instead of flying to Florida with his folks, Kevin ends up alone in New York, where he gets a hotel room with his dad''s credit carddespite problems from a clerk and meddling bellboy. But when Kevin runs into his old nemeses, the Wet Bandits, he''s determined to foil their plans to rob a toy store on Christmas Eve.', 'PG-13', '120', 'https://www.youtube.com/watch?v=k0kJieJ1k6k', '2026-02-02T03:57:50.834623', '2026-02-02T03:57:50.834623', NULL);
INSERT INTO movie_images (id, movie_id, url, type, created_at, updated_at) VALUES ('cc9322d5-ba04-4600-b31f-ea949da5cc18', 'c372f0a7-2e85-4dd7-a975-0e7bc820e4f7', 'https://image.tmdb.org/t/p/w342/7sdiRUyc0ANHJptPhsgb1KL6hoq.jpg', 'poster', '2026-02-02T03:57:50.834623', '2026-02-02T03:57:50.834623');
INSERT INTO movie_images (id, movie_id, url, type, created_at, updated_at) VALUES ('730a7d8c-30ee-4188-b4af-bb3f0733882a', 'c372f0a7-2e85-4dd7-a975-0e7bc820e4f7', 'https://image.tmdb.org/t/p/w1280/8fnYJPoXxwAN4valDLgz2whMGTH.jpg', 'backdrop', '2026-02-02T03:57:50.834623', '2026-02-02T03:57:50.834623');
INSERT INTO movie_images (id, movie_id, url, type, created_at, updated_at) VALUES ('d6d042b7-6cc8-4b29-aea6-b7747b904730', 'c372f0a7-2e85-4dd7-a975-0e7bc820e4f7', 'https://image.tmdb.org/t/p/w300/dGiPJO75b9GmXqxvusbKlcYrDcg.jpg', 'extra', '2026-02-02T03:57:50.834623', '2026-02-02T03:57:50.834623');
INSERT INTO movie_images (id, movie_id, url, type, created_at, updated_at) VALUES ('f9ee9f72-d11a-4240-baee-cb9ba557febf', 'c372f0a7-2e85-4dd7-a975-0e7bc820e4f7', 'https://image.tmdb.org/t/p/w300/kjby7cr8JnIPkfqMGKutOFrM2at.jpg', 'extra', '2026-02-02T03:57:50.834623', '2026-02-02T03:57:50.834623');
INSERT INTO movie_images (id, movie_id, url, type, created_at, updated_at) VALUES ('79dbfd38-8fcb-4f64-b9d2-5dc59e952ff1', 'c372f0a7-2e85-4dd7-a975-0e7bc820e4f7', 'https://image.tmdb.org/t/p/w300/gxwYr2jtBzMvp85lbCr9ooJMFPc.jpg', 'extra', '2026-02-02T03:57:50.834623', '2026-02-02T03:57:50.834623');
INSERT INTO movie_images (id, movie_id, url, type, created_at, updated_at) VALUES ('d49ff88a-8945-4656-ad91-84e7a3ed8add', 'c372f0a7-2e85-4dd7-a975-0e7bc820e4f7', 'https://image.tmdb.org/t/p/w300/mKJiUjCkjiyxBlMPcNORQ4CIAZX.jpg', 'extra', '2026-02-02T03:57:50.834623', '2026-02-02T03:57:50.834623');
INSERT INTO movies (id, title, language, projection_start_date, projection_end_date, director_full_name, synopsis, pg_rating, duration_in_minutes, trailer_url, created_at, updated_at, archived_at) VALUES ('281234a7-5f9e-41c4-98a0-628ad2cf4036', 'Harry Potter and the Deathly Hallows: Part 1', 'EN', '2026-04-11', '2026-07-13', 'Sam Lee', 'Harry, Ron and Hermione walk away from their last year at Hogwarts to find and destroy the remaining Horcruxes, putting an end to Voldemort''s bid for immortality. But with Harry''s beloved Dumbledore dead and Voldemort''s unscrupulous Death Eaters on the loose, the world is more dangerous than ever.', 'PG-13', '146', 'https://www.youtube.com/watch?v=Su1LOpjvdZ4', '2026-02-02T03:57:54.906694', '2026-02-02T03:57:54.906694', NULL);
INSERT INTO movie_images (id, movie_id, url, type, created_at, updated_at) VALUES ('6615e184-6544-4466-a9a7-ee6b7b61f378', '281234a7-5f9e-41c4-98a0-628ad2cf4036', 'https://image.tmdb.org/t/p/w342/iGoXIpQb7Pot00EEdwpwPajheZ5.jpg', 'poster', '2026-02-02T03:57:54.906694', '2026-02-02T03:57:54.906694');
INSERT INTO movie_images (id, movie_id, url, type, created_at, updated_at) VALUES ('3a2d38e5-d3c0-4732-a634-0039c73820ce', '281234a7-5f9e-41c4-98a0-628ad2cf4036', 'https://image.tmdb.org/t/p/w1280/slW0M2G9txC0aUbftCTm1nYX1K8.jpg', 'backdrop', '2026-02-02T03:57:54.906694', '2026-02-02T03:57:54.906694');
INSERT INTO movie_images (id, movie_id, url, type, created_at, updated_at) VALUES ('06d97637-04fb-417f-a7b1-5de3c0cdb7f2', '281234a7-5f9e-41c4-98a0-628ad2cf4036', 'https://image.tmdb.org/t/p/w300/AqLcLsGGTzAjm3pCCq0CZCQrp6m.jpg', 'extra', '2026-02-02T03:57:54.906694', '2026-02-02T03:57:54.906694');
INSERT INTO movie_images (id, movie_id, url, type, created_at, updated_at) VALUES ('4c9010db-7e1e-43a0-bf4b-a29926253113', '281234a7-5f9e-41c4-98a0-628ad2cf4036', 'https://image.tmdb.org/t/p/w300/39kg1yGt9qxPwMuG1a5ysfe3gfG.jpg', 'extra', '2026-02-02T03:57:54.906694', '2026-02-02T03:57:54.906694');
INSERT INTO movie_images (id, movie_id, url, type, created_at, updated_at) VALUES ('aa33a8c8-010f-475e-96da-4069ae419ece', '281234a7-5f9e-41c4-98a0-628ad2cf4036', 'https://image.tmdb.org/t/p/w300/fXRXpzxUApE3OuXhIqsdavQjCVa.jpg', 'extra', '2026-02-02T03:57:54.906694', '2026-02-02T03:57:54.906694');
INSERT INTO movie_images (id, movie_id, url, type, created_at, updated_at) VALUES ('b24a1240-8707-4c3d-955c-37ece1c7865a', '281234a7-5f9e-41c4-98a0-628ad2cf4036', 'https://image.tmdb.org/t/p/w300/1K5p4wPrxWttjoUGjfrrOJT5SYo.jpg', 'extra', '2026-02-02T03:57:54.906694', '2026-02-02T03:57:54.906694');
INSERT INTO movies (id, title, language, projection_start_date, projection_end_date, director_full_name, synopsis, pg_rating, duration_in_minutes, trailer_url, created_at, updated_at, archived_at) VALUES ('e1c97029-b934-49ce-a7db-16a7f1ea02fa', 'Oppenheimer', 'EN', '2026-05-24', '2026-09-05', 'Pat Morgan', 'The story of J. Robert Oppenheimer''s role in the development of the atomic bomb during World War II.', 'PG-13', '181', 'https://www.youtube.com/watch?v=qiuSBWVdgLI', '2026-02-02T03:57:58.621144', '2026-02-02T03:57:58.621144', NULL);
INSERT INTO movie_images (id, movie_id, url, type, created_at, updated_at) VALUES ('620743db-d000-43a5-bbcc-aab8028ecca6', 'e1c97029-b934-49ce-a7db-16a7f1ea02fa', 'https://image.tmdb.org/t/p/w342/8Gxv8gSFCU0XGDykEGv7zR1n2ua.jpg', 'poster', '2026-02-02T03:57:58.621144', '2026-02-02T03:57:58.621144');
INSERT INTO movie_images (id, movie_id, url, type, created_at, updated_at) VALUES ('212d12eb-c918-4298-ab4c-2d52d1bfea51', 'e1c97029-b934-49ce-a7db-16a7f1ea02fa', 'https://image.tmdb.org/t/p/w1280/cUIqZd6jJCbO94Txt1CkTs7MSeP.jpg', 'backdrop', '2026-02-02T03:57:58.621144', '2026-02-02T03:57:58.621144');
INSERT INTO movie_images (id, movie_id, url, type, created_at, updated_at) VALUES ('2ec832e5-0ffc-4ec8-8a88-428e734a5ff0', 'e1c97029-b934-49ce-a7db-16a7f1ea02fa', 'https://image.tmdb.org/t/p/w300/ycnO0cjsAROSGJKuMODgRtWsHQw.jpg', 'extra', '2026-02-02T03:57:58.621144', '2026-02-02T03:57:58.621144');
INSERT INTO movie_images (id, movie_id, url, type, created_at, updated_at) VALUES ('895d9c6a-0d7f-4d8d-958a-ef3649386f2c', 'e1c97029-b934-49ce-a7db-16a7f1ea02fa', 'https://image.tmdb.org/t/p/w300/7CENyUim29IEsaJhUxIGymCRvPu.jpg', 'extra', '2026-02-02T03:57:58.621144', '2026-02-02T03:57:58.621144');
INSERT INTO movie_images (id, movie_id, url, type, created_at, updated_at) VALUES ('821d810b-a0e2-44ee-b542-3feeced6aa55', 'e1c97029-b934-49ce-a7db-16a7f1ea02fa', 'https://image.tmdb.org/t/p/w300/fm6KqXpk3M2HVveHwCrBSSBaO0V.jpg', 'extra', '2026-02-02T03:57:58.621144', '2026-02-02T03:57:58.621144');
INSERT INTO movie_images (id, movie_id, url, type, created_at, updated_at) VALUES ('a7635447-039a-4637-8f31-5e291f3d8f35', 'e1c97029-b934-49ce-a7db-16a7f1ea02fa', 'https://image.tmdb.org/t/p/w300/neeNHeXjMF5fXoCJRsOmkNGC7q.jpg', 'extra', '2026-02-02T03:57:58.621144', '2026-02-02T03:57:58.621144');
INSERT INTO movies (id, title, language, projection_start_date, projection_end_date, director_full_name, synopsis, pg_rating, duration_in_minutes, trailer_url, created_at, updated_at, archived_at) VALUES ('3b1f5693-70ad-4ae1-8c73-46c72bae427c', 'The Shawshank Redemption', 'EN', '2026-03-22', '2026-07-13', 'Jane Smith', 'Imprisoned in the 1940s for the double murder of his wife and her lover, upstanding banker Andy Dufresne begins a new life at the Shawshank prison, where he puts his accounting skills to work for an amoral warden. During his long stretch in prison, Dufresne comes to be admired by the other inmates -- including an older prisoner named Red -- for his integrity and unquenchable sense of hope.', 'PG-13', '142', 'https://www.youtube.com/watch?v=PLl99DlL6b4', '2026-02-02T03:58:02.280008', '2026-02-02T03:58:02.280008', NULL);
INSERT INTO movie_images (id, movie_id, url, type, created_at, updated_at) VALUES ('3ba5c6f4-2028-43a9-8581-31d9b938dfe1', '3b1f5693-70ad-4ae1-8c73-46c72bae427c', 'https://image.tmdb.org/t/p/w342/9cqNxx0GxF0bflZmeSMuL5tnGzr.jpg', 'poster', '2026-02-02T03:58:02.280008', '2026-02-02T03:58:02.280008');
INSERT INTO movie_images (id, movie_id, url, type, created_at, updated_at) VALUES ('dac49b32-3594-4075-bff3-10c64a569598', '3b1f5693-70ad-4ae1-8c73-46c72bae427c', 'https://image.tmdb.org/t/p/w1280/jFkuJbWsciMwgcpOEkJIlxTElEp.jpg', 'backdrop', '2026-02-02T03:58:02.280008', '2026-02-02T03:58:02.280008');
INSERT INTO movie_images (id, movie_id, url, type, created_at, updated_at) VALUES ('1521d035-a500-4e0e-a536-5e9464fa238b', '3b1f5693-70ad-4ae1-8c73-46c72bae427c', 'https://image.tmdb.org/t/p/w300/zfbjgQE1uSd9wiPTX4VzsLi0rGG.jpg', 'extra', '2026-02-02T03:58:02.280008', '2026-02-02T03:58:02.280008');
INSERT INTO movie_images (id, movie_id, url, type, created_at, updated_at) VALUES ('1f435b15-2461-4af4-bce5-be058713f386', '3b1f5693-70ad-4ae1-8c73-46c72bae427c', 'https://image.tmdb.org/t/p/w300/kXfqcdQKsToO0OUXHcrrNCHDBzO.jpg', 'extra', '2026-02-02T03:58:02.280008', '2026-02-02T03:58:02.280008');
INSERT INTO movie_images (id, movie_id, url, type, created_at, updated_at) VALUES ('5add0048-6dd1-4f08-8229-f323d05c5f32', '3b1f5693-70ad-4ae1-8c73-46c72bae427c', 'https://image.tmdb.org/t/p/w300/pNjh59JSxChQktamG3LMp9ZoQzp.jpg', 'extra', '2026-02-02T03:58:02.280008', '2026-02-02T03:58:02.280008');
INSERT INTO movie_images (id, movie_id, url, type, created_at, updated_at) VALUES ('29cff1ca-176f-4736-bf5c-9fb442035ada', '3b1f5693-70ad-4ae1-8c73-46c72bae427c', 'https://image.tmdb.org/t/p/w300/v8xVDqt8uCul3c3mgx4VpGCwxJC.jpg', 'extra', '2026-02-02T03:58:02.280008', '2026-02-02T03:58:02.280008');
INSERT INTO movie_cast (id, first_name, last_name, character_full_name, role, movie_id, created_at, updated_at) VALUES ('9db15815-8f2b-42eb-8477-8048ec1a3ad0', 'Emma', 'Johnson', 'Character 1', 'lead', '0705b1f4-a2fb-4fbb-80f2-7b95d3eb9a40', '2026-02-02T03:58:03.507459', '2026-02-02T03:58:03.507459');
INSERT INTO movie_cast (id, first_name, last_name, character_full_name, role, movie_id, created_at, updated_at) VALUES ('4b382e97-e8ef-453e-8121-8f1e5667d317', 'David', 'Jones', 'Character 2', 'supporting', '0705b1f4-a2fb-4fbb-80f2-7b95d3eb9a40', '2026-02-02T03:58:03.507521', '2026-02-02T03:58:03.507521');
INSERT INTO movie_cast (id, first_name, last_name, character_full_name, role, movie_id, created_at, updated_at) VALUES ('3abfb2c9-daf6-4ae2-b5be-526f1ffd5cdf', 'John', 'Jones', 'Character 3', 'lead', '0705b1f4-a2fb-4fbb-80f2-7b95d3eb9a40', '2026-02-02T03:58:03.507564', '2026-02-02T03:58:03.507564');
INSERT INTO movie_cast (id, first_name, last_name, character_full_name, role, movie_id, created_at, updated_at) VALUES ('e192293c-81c9-4bf6-a60c-b84c1cb59b14', 'Michael', 'Brown', 'Character 4', 'cameo', '0705b1f4-a2fb-4fbb-80f2-7b95d3eb9a40', '2026-02-02T03:58:03.507608', '2026-02-02T03:58:03.507608');
INSERT INTO movie_cast (id, first_name, last_name, character_full_name, role, movie_id, created_at, updated_at) VALUES ('15c425a8-a741-477f-88d1-48a5dd8d0c47', 'Michael', 'Johnson', 'Character 5', 'lead', '0705b1f4-a2fb-4fbb-80f2-7b95d3eb9a40', '2026-02-02T03:58:03.507644', '2026-02-02T03:58:03.507644');
INSERT INTO movie_cast (id, first_name, last_name, character_full_name, role, movie_id, created_at, updated_at) VALUES ('23dc57a2-bbb3-4f56-859f-e85ba053b25f', 'Sarah', 'Williams', 'Character 1', 'lead', 'b341c6bf-3226-46da-8361-d76f2d4c8239', '2026-02-02T03:58:03.507688', '2026-02-02T03:58:03.507688');
INSERT INTO movie_cast (id, first_name, last_name, character_full_name, role, movie_id, created_at, updated_at) VALUES ('57609c4a-13e6-45a7-b36d-c9e418746c6b', 'Sarah', 'Williams', 'Character 2', 'cameo', 'b341c6bf-3226-46da-8361-d76f2d4c8239', '2026-02-02T03:58:03.507724', '2026-02-02T03:58:03.507724');
INSERT INTO movie_cast (id, first_name, last_name, character_full_name, role, movie_id, created_at, updated_at) VALUES ('22619f3e-b577-4851-b3c3-e66002f0d53b', 'David', 'Williams', 'Character 3', 'lead', 'b341c6bf-3226-46da-8361-d76f2d4c8239', '2026-02-02T03:58:03.507760', '2026-02-02T03:58:03.507760');
INSERT INTO movie_cast (id, first_name, last_name, character_full_name, role, movie_id, created_at, updated_at) VALUES ('38fe13df-c572-4cd0-943d-1d848f66b17c', 'John', 'Jones', 'Character 4', 'lead', 'b341c6bf-3226-46da-8361-d76f2d4c8239', '2026-02-02T03:58:03.507796', '2026-02-02T03:58:03.507796');
INSERT INTO movie_cast (id, first_name, last_name, character_full_name, role, movie_id, created_at, updated_at) VALUES ('b9c09f86-52d7-4cfb-8a2f-9a9062a9074f', 'David', 'Williams', 'Character 5', 'cameo', 'b341c6bf-3226-46da-8361-d76f2d4c8239', '2026-02-02T03:58:03.507837', '2026-02-02T03:58:03.507837');
INSERT INTO movie_cast (id, first_name, last_name, character_full_name, role, movie_id, created_at, updated_at) VALUES ('141dc0a1-7026-43ba-ac80-d79125288212', 'Michael', 'Brown', 'Character 1', 'supporting', '0d3c4b3e-1694-41dc-949e-7c9eba8e6172', '2026-02-02T03:58:03.507882', '2026-02-02T03:58:03.507882');
INSERT INTO movie_cast (id, first_name, last_name, character_full_name, role, movie_id, created_at, updated_at) VALUES ('f9d508eb-fd81-4b6e-a1f9-0ab4fe86d64a', 'John', 'Johnson', 'Character 2', 'lead', '0d3c4b3e-1694-41dc-949e-7c9eba8e6172', '2026-02-02T03:58:03.507927', '2026-02-02T03:58:03.507927');
INSERT INTO movie_cast (id, first_name, last_name, character_full_name, role, movie_id, created_at, updated_at) VALUES ('ef042838-0c14-4d47-89b7-04487e575411', 'Sarah', 'Brown', 'Character 3', 'cameo', '0d3c4b3e-1694-41dc-949e-7c9eba8e6172', '2026-02-02T03:58:03.507962', '2026-02-02T03:58:03.507962');
INSERT INTO movie_cast (id, first_name, last_name, character_full_name, role, movie_id, created_at, updated_at) VALUES ('cac6801f-0a3f-43d9-afcb-489463408192', 'Michael', 'Jones', 'Character 4', 'lead', '0d3c4b3e-1694-41dc-949e-7c9eba8e6172', '2026-02-02T03:58:03.507998', '2026-02-02T03:58:03.507998');
INSERT INTO movie_cast (id, first_name, last_name, character_full_name, role, movie_id, created_at, updated_at) VALUES ('0fcccfa7-9b50-4ea9-8198-d28ec04a5cbb', 'Emma', 'Brown', 'Character 5', 'supporting', '0d3c4b3e-1694-41dc-949e-7c9eba8e6172', '2026-02-02T03:58:03.508072', '2026-02-02T03:58:03.508072');
INSERT INTO movie_cast (id, first_name, last_name, character_full_name, role, movie_id, created_at, updated_at) VALUES ('15b25363-997f-4787-bb01-df9c9ea8e90c', 'Sarah', 'Smith', 'Character 1', 'cameo', 'cd93087e-fdc2-4c94-ba3c-d9fc6f3abcb7', '2026-02-02T03:58:03.508114', '2026-02-02T03:58:03.508114');
INSERT INTO movie_cast (id, first_name, last_name, character_full_name, role, movie_id, created_at, updated_at) VALUES ('c2c66316-e9b1-4231-88cb-26bd68dde01b', 'Sarah', 'Smith', 'Character 2', 'cameo', 'cd93087e-fdc2-4c94-ba3c-d9fc6f3abcb7', '2026-02-02T03:58:03.508149', '2026-02-02T03:58:03.508149');
INSERT INTO movie_cast (id, first_name, last_name, character_full_name, role, movie_id, created_at, updated_at) VALUES ('e6b8a546-e8d0-443c-b83e-de1b7d4f198c', 'Michael', 'Smith', 'Character 3', 'supporting', 'cd93087e-fdc2-4c94-ba3c-d9fc6f3abcb7', '2026-02-02T03:58:03.508185', '2026-02-02T03:58:03.508185');
INSERT INTO movie_cast (id, first_name, last_name, character_full_name, role, movie_id, created_at, updated_at) VALUES ('81134878-67a7-48a9-ae51-e8b03cfec803', 'John', 'Jones', 'Character 4', 'cameo', 'cd93087e-fdc2-4c94-ba3c-d9fc6f3abcb7', '2026-02-02T03:58:03.508220', '2026-02-02T03:58:03.508220');
INSERT INTO movie_cast (id, first_name, last_name, character_full_name, role, movie_id, created_at, updated_at) VALUES ('bfa850ac-ab37-40d0-a719-05dc6ac4f8f5', 'Jane', 'Brown', 'Character 5', 'supporting', 'cd93087e-fdc2-4c94-ba3c-d9fc6f3abcb7', '2026-02-02T03:58:03.508264', '2026-02-02T03:58:03.508264');
INSERT INTO movie_cast (id, first_name, last_name, character_full_name, role, movie_id, created_at, updated_at) VALUES ('11e43764-a514-4279-806d-7553a0e4f793', 'Michael', 'Johnson', 'Character 1', 'cameo', '60ce5fb3-7cd3-4e65-8f6b-c1f278e14233', '2026-02-02T03:58:03.508305', '2026-02-02T03:58:03.508305');
INSERT INTO movie_cast (id, first_name, last_name, character_full_name, role, movie_id, created_at, updated_at) VALUES ('06aa53df-14ec-452b-b739-2506ea123faa', 'Michael', 'Smith', 'Character 2', 'lead', '60ce5fb3-7cd3-4e65-8f6b-c1f278e14233', '2026-02-02T03:58:03.508341', '2026-02-02T03:58:03.508341');
INSERT INTO movie_cast (id, first_name, last_name, character_full_name, role, movie_id, created_at, updated_at) VALUES ('20e9e3de-85f9-472c-a659-47f0ea7f5ee4', 'David', 'Johnson', 'Character 3', 'supporting', '60ce5fb3-7cd3-4e65-8f6b-c1f278e14233', '2026-02-02T03:58:03.508376', '2026-02-02T03:58:03.508376');
INSERT INTO movie_cast (id, first_name, last_name, character_full_name, role, movie_id, created_at, updated_at) VALUES ('348b82b1-4a02-446e-8540-41ab707bd7b8', 'John', 'Johnson', 'Character 4', 'supporting', '60ce5fb3-7cd3-4e65-8f6b-c1f278e14233', '2026-02-02T03:58:03.508409', '2026-02-02T03:58:03.508409');
INSERT INTO movie_cast (id, first_name, last_name, character_full_name, role, movie_id, created_at, updated_at) VALUES ('504fe3c6-0245-4f5d-8063-91e59d9bf026', 'John', 'Smith', 'Character 5', 'supporting', '60ce5fb3-7cd3-4e65-8f6b-c1f278e14233', '2026-02-02T03:58:03.508457', '2026-02-02T03:58:03.508457');
INSERT INTO movie_cast (id, first_name, last_name, character_full_name, role, movie_id, created_at, updated_at) VALUES ('3cceb343-d566-4d91-b78b-a2bea5324ed0', 'David', 'Brown', 'Character 1', 'lead', '4a3559d3-f347-4456-aff5-acea5bc6c609', '2026-02-02T03:58:03.508498', '2026-02-02T03:58:03.508498');
INSERT INTO movie_cast (id, first_name, last_name, character_full_name, role, movie_id, created_at, updated_at) VALUES ('7e21c203-27cf-4d24-a2ad-86006f3fba91', 'Michael', 'Jones', 'Character 2', 'cameo', '4a3559d3-f347-4456-aff5-acea5bc6c609', '2026-02-02T03:58:03.508534', '2026-02-02T03:58:03.508534');
INSERT INTO movie_cast (id, first_name, last_name, character_full_name, role, movie_id, created_at, updated_at) VALUES ('22165512-666d-4b77-be6d-bd970bd5ac4e', 'David', 'Johnson', 'Character 3', 'lead', '4a3559d3-f347-4456-aff5-acea5bc6c609', '2026-02-02T03:58:03.508582', '2026-02-02T03:58:03.508582');
INSERT INTO movie_cast (id, first_name, last_name, character_full_name, role, movie_id, created_at, updated_at) VALUES ('f029b44a-21ce-49e0-99c9-27f4c21a3299', 'David', 'Brown', 'Character 4', 'supporting', '4a3559d3-f347-4456-aff5-acea5bc6c609', '2026-02-02T03:58:03.508619', '2026-02-02T03:58:03.508619');
INSERT INTO movie_cast (id, first_name, last_name, character_full_name, role, movie_id, created_at, updated_at) VALUES ('85ee0105-5b91-4094-b769-ef3a4089e2dc', 'Sarah', 'Smith', 'Character 5', 'cameo', '4a3559d3-f347-4456-aff5-acea5bc6c609', '2026-02-02T03:58:03.508655', '2026-02-02T03:58:03.508655');
INSERT INTO movie_cast (id, first_name, last_name, character_full_name, role, movie_id, created_at, updated_at) VALUES ('7afc5356-04e1-4026-beb2-bb62b52fea5f', 'Michael', 'Smith', 'Character 1', 'supporting', 'd47ee2d0-66ba-41ed-bd19-ba2645abfde5', '2026-02-02T03:58:03.508696', '2026-02-02T03:58:03.508696');
INSERT INTO movie_cast (id, first_name, last_name, character_full_name, role, movie_id, created_at, updated_at) VALUES ('b9ad1784-8e85-4f64-9893-6204f2e21a69', 'Sarah', 'Jones', 'Character 2', 'supporting', 'd47ee2d0-66ba-41ed-bd19-ba2645abfde5', '2026-02-02T03:58:03.508732', '2026-02-02T03:58:03.508732');
INSERT INTO movie_cast (id, first_name, last_name, character_full_name, role, movie_id, created_at, updated_at) VALUES ('a3040bd2-8d4e-4180-9ac7-a52493e2ff91', 'John', 'Smith', 'Character 3', 'cameo', 'd47ee2d0-66ba-41ed-bd19-ba2645abfde5', '2026-02-02T03:58:03.508762', '2026-02-02T03:58:03.508762');
INSERT INTO movie_cast (id, first_name, last_name, character_full_name, role, movie_id, created_at, updated_at) VALUES ('ce0bbffa-02c5-465c-8776-1e5a7cfd1c28', 'John', 'Brown', 'Character 4', 'supporting', 'd47ee2d0-66ba-41ed-bd19-ba2645abfde5', '2026-02-02T03:58:03.508792', '2026-02-02T03:58:03.508792');
INSERT INTO movie_cast (id, first_name, last_name, character_full_name, role, movie_id, created_at, updated_at) VALUES ('342e2694-6bb1-48a6-8f81-ce9933be360d', 'David', 'Smith', 'Character 5', 'supporting', 'd47ee2d0-66ba-41ed-bd19-ba2645abfde5', '2026-02-02T03:58:03.508821', '2026-02-02T03:58:03.508821');
INSERT INTO movie_cast (id, first_name, last_name, character_full_name, role, movie_id, created_at, updated_at) VALUES ('9c1b0237-35d0-4ba2-94f7-00ef3a25dc04', 'Jane', 'Smith', 'Character 1', 'supporting', '6552c042-27fb-4083-9944-488ddf3a879e', '2026-02-02T03:58:03.508858', '2026-02-02T03:58:03.508858');
INSERT INTO movie_cast (id, first_name, last_name, character_full_name, role, movie_id, created_at, updated_at) VALUES ('a33be3d0-984f-4feb-b3e5-4a47e82fcdce', 'Sarah', 'Smith', 'Character 2', 'cameo', '6552c042-27fb-4083-9944-488ddf3a879e', '2026-02-02T03:58:03.508888', '2026-02-02T03:58:03.508888');
INSERT INTO movie_cast (id, first_name, last_name, character_full_name, role, movie_id, created_at, updated_at) VALUES ('a28fc203-d089-4e8c-9bc2-e04ad29b32ad', 'Jane', 'Williams', 'Character 3', 'supporting', '6552c042-27fb-4083-9944-488ddf3a879e', '2026-02-02T03:58:03.508918', '2026-02-02T03:58:03.508918');
INSERT INTO movie_cast (id, first_name, last_name, character_full_name, role, movie_id, created_at, updated_at) VALUES ('e071ebff-0d3b-4279-a0b9-f17e8dba6216', 'David', 'Smith', 'Character 4', 'cameo', '6552c042-27fb-4083-9944-488ddf3a879e', '2026-02-02T03:58:03.508948', '2026-02-02T03:58:03.508948');
INSERT INTO movie_cast (id, first_name, last_name, character_full_name, role, movie_id, created_at, updated_at) VALUES ('9069c17e-274b-457b-bda5-d5dabdcba6f1', 'John', 'Jones', 'Character 5', 'supporting', '6552c042-27fb-4083-9944-488ddf3a879e', '2026-02-02T03:58:03.508978', '2026-02-02T03:58:03.508978');
INSERT INTO movie_cast (id, first_name, last_name, character_full_name, role, movie_id, created_at, updated_at) VALUES ('e15b4bac-6fee-4e3c-aa5f-7ee3ad82dacb', 'Emma', 'Smith', 'Character 1', 'lead', 'af18b1d4-4e7b-4ee7-aa30-c1b9374542bb', '2026-02-02T03:58:03.509011', '2026-02-02T03:58:03.509011');
INSERT INTO movie_cast (id, first_name, last_name, character_full_name, role, movie_id, created_at, updated_at) VALUES ('3ead661c-f6ad-4a70-89aa-a354b3ad136e', 'Jane', 'Brown', 'Character 2', 'cameo', 'af18b1d4-4e7b-4ee7-aa30-c1b9374542bb', '2026-02-02T03:58:03.509040', '2026-02-02T03:58:03.509040');
INSERT INTO movie_cast (id, first_name, last_name, character_full_name, role, movie_id, created_at, updated_at) VALUES ('db93e91d-58ac-4af3-85d5-24e1bfe82cf9', 'Sarah', 'Williams', 'Character 3', 'cameo', 'af18b1d4-4e7b-4ee7-aa30-c1b9374542bb', '2026-02-02T03:58:03.509070', '2026-02-02T03:58:03.509070');
INSERT INTO movie_cast (id, first_name, last_name, character_full_name, role, movie_id, created_at, updated_at) VALUES ('0903a06e-3d69-45c0-aee4-ab311bc448d2', 'Emma', 'Brown', 'Character 4', 'cameo', 'af18b1d4-4e7b-4ee7-aa30-c1b9374542bb', '2026-02-02T03:58:03.509103', '2026-02-02T03:58:03.509103');
INSERT INTO movie_cast (id, first_name, last_name, character_full_name, role, movie_id, created_at, updated_at) VALUES ('03e14902-f8ba-4d78-83d4-e4ef30bfa914', 'Michael', 'Johnson', 'Character 5', 'lead', 'af18b1d4-4e7b-4ee7-aa30-c1b9374542bb', '2026-02-02T03:58:03.509134', '2026-02-02T03:58:03.509134');
INSERT INTO movie_cast (id, first_name, last_name, character_full_name, role, movie_id, created_at, updated_at) VALUES ('d2b93ea7-703b-4edb-b4be-62415def725f', 'Michael', 'Smith', 'Character 1', 'lead', '9eb602a7-8ecd-446d-8cd9-70717be182ae', '2026-02-02T03:58:03.509166', '2026-02-02T03:58:03.509166');
INSERT INTO movie_cast (id, first_name, last_name, character_full_name, role, movie_id, created_at, updated_at) VALUES ('e7259227-6e88-42c1-bb85-ef26d7d00570', 'David', 'Williams', 'Character 2', 'cameo', '9eb602a7-8ecd-446d-8cd9-70717be182ae', '2026-02-02T03:58:03.509196', '2026-02-02T03:58:03.509196');
INSERT INTO movie_cast (id, first_name, last_name, character_full_name, role, movie_id, created_at, updated_at) VALUES ('8d549275-2e23-406b-a2a6-bcbc5fde54d7', 'David', 'Williams', 'Character 3', 'supporting', '9eb602a7-8ecd-446d-8cd9-70717be182ae', '2026-02-02T03:58:03.509225', '2026-02-02T03:58:03.509225');
INSERT INTO movie_cast (id, first_name, last_name, character_full_name, role, movie_id, created_at, updated_at) VALUES ('bf3462da-6555-4714-a428-9d1466d843af', 'Emma', 'Brown', 'Character 4', 'cameo', '9eb602a7-8ecd-446d-8cd9-70717be182ae', '2026-02-02T03:58:03.509254', '2026-02-02T03:58:03.509254');
INSERT INTO movie_cast (id, first_name, last_name, character_full_name, role, movie_id, created_at, updated_at) VALUES ('14134953-15e1-4f08-ad94-2f2d705775e1', 'Michael', 'Brown', 'Character 5', 'cameo', '9eb602a7-8ecd-446d-8cd9-70717be182ae', '2026-02-02T03:58:03.509286', '2026-02-02T03:58:03.509286');
INSERT INTO movie_cast (id, first_name, last_name, character_full_name, role, movie_id, created_at, updated_at) VALUES ('f4f18574-1ffe-4bcd-8335-ead437ec0f4d', 'Sarah', 'Jones', 'Character 1', 'cameo', '6e91eaba-8390-4761-bee4-0d4fe51c2660', '2026-02-02T03:58:03.509321', '2026-02-02T03:58:03.509321');
INSERT INTO movie_cast (id, first_name, last_name, character_full_name, role, movie_id, created_at, updated_at) VALUES ('c831adcb-7aab-4653-a855-4a51729158da', 'Jane', 'Johnson', 'Character 2', 'cameo', '6e91eaba-8390-4761-bee4-0d4fe51c2660', '2026-02-02T03:58:03.509357', '2026-02-02T03:58:03.509357');
INSERT INTO movie_cast (id, first_name, last_name, character_full_name, role, movie_id, created_at, updated_at) VALUES ('2ece6453-44e0-46e5-936e-c967aaa41484', 'Sarah', 'Brown', 'Character 3', 'supporting', '6e91eaba-8390-4761-bee4-0d4fe51c2660', '2026-02-02T03:58:03.509386', '2026-02-02T03:58:03.509386');
INSERT INTO movie_cast (id, first_name, last_name, character_full_name, role, movie_id, created_at, updated_at) VALUES ('e6969316-4752-4374-9d97-d8f829c86f7a', 'John', 'Smith', 'Character 4', 'cameo', '6e91eaba-8390-4761-bee4-0d4fe51c2660', '2026-02-02T03:58:03.509427', '2026-02-02T03:58:03.509427');
INSERT INTO movie_cast (id, first_name, last_name, character_full_name, role, movie_id, created_at, updated_at) VALUES ('f25300ac-cd4d-4b22-b984-69b14da9f50a', 'Sarah', 'Johnson', 'Character 5', 'cameo', '6e91eaba-8390-4761-bee4-0d4fe51c2660', '2026-02-02T03:58:03.509462', '2026-02-02T03:58:03.509462');
INSERT INTO movie_cast (id, first_name, last_name, character_full_name, role, movie_id, created_at, updated_at) VALUES ('cea8e69c-22a8-4b66-843c-9225a475d177', 'Emma', 'Smith', 'Character 1', 'lead', 'dcb2d310-8f7a-468a-a916-f59a877b5b7d', '2026-02-02T03:58:03.509493', '2026-02-02T03:58:03.509493');
INSERT INTO movie_cast (id, first_name, last_name, character_full_name, role, movie_id, created_at, updated_at) VALUES ('fec8dfa4-4dc9-4cbe-b32e-7e2fbcaea4ce', 'Sarah', 'Williams', 'Character 2', 'lead', 'dcb2d310-8f7a-468a-a916-f59a877b5b7d', '2026-02-02T03:58:03.509514', '2026-02-02T03:58:03.509514');
INSERT INTO movie_cast (id, first_name, last_name, character_full_name, role, movie_id, created_at, updated_at) VALUES ('57886944-139b-4c69-adf1-f2c8bb957d5e', 'David', 'Williams', 'Character 3', 'lead', 'dcb2d310-8f7a-468a-a916-f59a877b5b7d', '2026-02-02T03:58:03.509533', '2026-02-02T03:58:03.509533');
INSERT INTO movie_cast (id, first_name, last_name, character_full_name, role, movie_id, created_at, updated_at) VALUES ('9c6d9023-f18f-493a-8596-4f0d46749dba', 'John', 'Brown', 'Character 4', 'cameo', 'dcb2d310-8f7a-468a-a916-f59a877b5b7d', '2026-02-02T03:58:03.509552', '2026-02-02T03:58:03.509552');
INSERT INTO movie_cast (id, first_name, last_name, character_full_name, role, movie_id, created_at, updated_at) VALUES ('39f6ee02-1f9f-4932-8298-dfd0c00902f2', 'John', 'Jones', 'Character 5', 'supporting', 'dcb2d310-8f7a-468a-a916-f59a877b5b7d', '2026-02-02T03:58:03.509575', '2026-02-02T03:58:03.509575');
INSERT INTO movie_cast (id, first_name, last_name, character_full_name, role, movie_id, created_at, updated_at) VALUES ('78fc03a2-1321-4464-a4f3-1918a32f02e7', 'Michael', 'Smith', 'Character 1', 'supporting', '85ed9384-a0a4-4424-9723-05e51813be6d', '2026-02-02T03:58:03.509596', '2026-02-02T03:58:03.509596');
INSERT INTO movie_cast (id, first_name, last_name, character_full_name, role, movie_id, created_at, updated_at) VALUES ('5bd5b4c3-d115-4c9a-a50f-e3b27bc7afaf', 'Jane', 'Johnson', 'Character 2', 'cameo', '85ed9384-a0a4-4424-9723-05e51813be6d', '2026-02-02T03:58:03.509615', '2026-02-02T03:58:03.509615');
INSERT INTO movie_cast (id, first_name, last_name, character_full_name, role, movie_id, created_at, updated_at) VALUES ('f3ffa6c0-3b03-46b4-a5f4-a90a061e3b61', 'David', 'Brown', 'Character 3', 'cameo', '85ed9384-a0a4-4424-9723-05e51813be6d', '2026-02-02T03:58:03.509634', '2026-02-02T03:58:03.509634');
INSERT INTO movie_cast (id, first_name, last_name, character_full_name, role, movie_id, created_at, updated_at) VALUES ('f43f1190-8460-4c38-b65b-f16c6fb978a4', 'John', 'Jones', 'Character 4', 'lead', '85ed9384-a0a4-4424-9723-05e51813be6d', '2026-02-02T03:58:03.509653', '2026-02-02T03:58:03.509653');
INSERT INTO movie_cast (id, first_name, last_name, character_full_name, role, movie_id, created_at, updated_at) VALUES ('393f4bd1-1989-4a10-977c-97205aef3523', 'Michael', 'Jones', 'Character 5', 'lead', '85ed9384-a0a4-4424-9723-05e51813be6d', '2026-02-02T03:58:03.509672', '2026-02-02T03:58:03.509672');
INSERT INTO movie_cast (id, first_name, last_name, character_full_name, role, movie_id, created_at, updated_at) VALUES ('d970651e-9afb-44ec-b56c-d1ded6af821f', 'David', 'Jones', 'Character 1', 'supporting', '3479b6bd-e50f-4cec-ad97-c3fff5dd5b0d', '2026-02-02T03:58:03.509692', '2026-02-02T03:58:03.509692');
INSERT INTO movie_cast (id, first_name, last_name, character_full_name, role, movie_id, created_at, updated_at) VALUES ('e203740c-19bf-4e51-8e54-959c07891a22', 'Sarah', 'Smith', 'Character 2', 'cameo', '3479b6bd-e50f-4cec-ad97-c3fff5dd5b0d', '2026-02-02T03:58:03.509712', '2026-02-02T03:58:03.509712');
INSERT INTO movie_cast (id, first_name, last_name, character_full_name, role, movie_id, created_at, updated_at) VALUES ('068d61b8-1571-4d72-be15-45b4bdc714b2', 'Jane', 'Jones', 'Character 3', 'lead', '3479b6bd-e50f-4cec-ad97-c3fff5dd5b0d', '2026-02-02T03:58:03.509734', '2026-02-02T03:58:03.509734');
INSERT INTO movie_cast (id, first_name, last_name, character_full_name, role, movie_id, created_at, updated_at) VALUES ('b3e8d825-fd0f-4d53-b424-47001af17d8f', 'Sarah', 'Jones', 'Character 4', 'lead', '3479b6bd-e50f-4cec-ad97-c3fff5dd5b0d', '2026-02-02T03:58:03.509753', '2026-02-02T03:58:03.509753');
INSERT INTO movie_cast (id, first_name, last_name, character_full_name, role, movie_id, created_at, updated_at) VALUES ('4f4e4b7b-287c-4d9d-99f7-edb5c78c9859', 'John', 'Johnson', 'Character 5', 'cameo', '3479b6bd-e50f-4cec-ad97-c3fff5dd5b0d', '2026-02-02T03:58:03.509773', '2026-02-02T03:58:03.509773');
INSERT INTO movie_cast (id, first_name, last_name, character_full_name, role, movie_id, created_at, updated_at) VALUES ('29add0db-6e44-4ee3-ac70-69152d8afbca', 'Sarah', 'Williams', 'Character 1', 'supporting', '11cfbc81-8195-440b-bad9-5b8d4d44fb24', '2026-02-02T03:58:03.509794', '2026-02-02T03:58:03.509794');
INSERT INTO movie_cast (id, first_name, last_name, character_full_name, role, movie_id, created_at, updated_at) VALUES ('511412a9-3e1a-4942-a0b7-2782e27fa07a', 'John', 'Johnson', 'Character 2', 'lead', '11cfbc81-8195-440b-bad9-5b8d4d44fb24', '2026-02-02T03:58:03.509814', '2026-02-02T03:58:03.509814');
INSERT INTO movie_cast (id, first_name, last_name, character_full_name, role, movie_id, created_at, updated_at) VALUES ('4bf6b978-2e4a-474a-b29a-9097f1ac2c1d', 'John', 'Jones', 'Character 3', 'cameo', '11cfbc81-8195-440b-bad9-5b8d4d44fb24', '2026-02-02T03:58:03.509833', '2026-02-02T03:58:03.509833');
INSERT INTO movie_cast (id, first_name, last_name, character_full_name, role, movie_id, created_at, updated_at) VALUES ('df7e2273-9b55-4904-9201-c9a6038e4370', 'Michael', 'Jones', 'Character 4', 'supporting', '11cfbc81-8195-440b-bad9-5b8d4d44fb24', '2026-02-02T03:58:03.509852', '2026-02-02T03:58:03.509852');
INSERT INTO movie_cast (id, first_name, last_name, character_full_name, role, movie_id, created_at, updated_at) VALUES ('0e7fc3ae-c5ce-4657-b8fe-b0846b3882e7', 'John', 'Johnson', 'Character 5', 'supporting', '11cfbc81-8195-440b-bad9-5b8d4d44fb24', '2026-02-02T03:58:03.509872', '2026-02-02T03:58:03.509872');
INSERT INTO movie_cast (id, first_name, last_name, character_full_name, role, movie_id, created_at, updated_at) VALUES ('42a1a68a-c200-40a4-86e5-422a64b3f6db', 'Sarah', 'Brown', 'Character 1', 'lead', 'b2db4568-6a37-4077-8237-d6d1dfacc506', '2026-02-02T03:58:03.509895', '2026-02-02T03:58:03.509895');
INSERT INTO movie_cast (id, first_name, last_name, character_full_name, role, movie_id, created_at, updated_at) VALUES ('76e7bf59-ea59-4704-bdc7-588daa60fa8d', 'David', 'Jones', 'Character 2', 'cameo', 'b2db4568-6a37-4077-8237-d6d1dfacc506', '2026-02-02T03:58:03.509916', '2026-02-02T03:58:03.509916');
INSERT INTO movie_cast (id, first_name, last_name, character_full_name, role, movie_id, created_at, updated_at) VALUES ('561b7539-6a4a-4f0a-9ed6-e4c526b67e70', 'David', 'Jones', 'Character 3', 'lead', 'b2db4568-6a37-4077-8237-d6d1dfacc506', '2026-02-02T03:58:03.509935', '2026-02-02T03:58:03.509935');
INSERT INTO movie_cast (id, first_name, last_name, character_full_name, role, movie_id, created_at, updated_at) VALUES ('248c1fde-4b7f-4929-b2c3-ffef3b573fc8', 'David', 'Jones', 'Character 4', 'lead', 'b2db4568-6a37-4077-8237-d6d1dfacc506', '2026-02-02T03:58:03.509955', '2026-02-02T03:58:03.509955');
INSERT INTO movie_cast (id, first_name, last_name, character_full_name, role, movie_id, created_at, updated_at) VALUES ('14948d0a-8ae4-4f89-a770-32fbcda77ad3', 'Sarah', 'Brown', 'Character 5', 'lead', 'b2db4568-6a37-4077-8237-d6d1dfacc506', '2026-02-02T03:58:03.509975', '2026-02-02T03:58:03.509975');
INSERT INTO movie_cast (id, first_name, last_name, character_full_name, role, movie_id, created_at, updated_at) VALUES ('0ac8639b-48a3-494b-bcbe-84357d1bec56', 'John', 'Smith', 'Character 1', 'supporting', '56db7fa7-c6f8-4a76-a591-32df0fe21e87', '2026-02-02T03:58:03.509998', '2026-02-02T03:58:03.509998');
INSERT INTO movie_cast (id, first_name, last_name, character_full_name, role, movie_id, created_at, updated_at) VALUES ('fc0418d3-f5a4-4fc3-bc0a-926da95db08d', 'Sarah', 'Johnson', 'Character 2', 'supporting', '56db7fa7-c6f8-4a76-a591-32df0fe21e87', '2026-02-02T03:58:03.510018', '2026-02-02T03:58:03.510018');
INSERT INTO movie_cast (id, first_name, last_name, character_full_name, role, movie_id, created_at, updated_at) VALUES ('fbed360a-cbc6-4f5e-8393-2b0b1a0e3418', 'Emma', 'Johnson', 'Character 3', 'supporting', '56db7fa7-c6f8-4a76-a591-32df0fe21e87', '2026-02-02T03:58:03.510038', '2026-02-02T03:58:03.510038');
INSERT INTO movie_cast (id, first_name, last_name, character_full_name, role, movie_id, created_at, updated_at) VALUES ('7178ef17-5b11-498a-aa34-50700a90e44b', 'John', 'Brown', 'Character 4', 'cameo', '56db7fa7-c6f8-4a76-a591-32df0fe21e87', '2026-02-02T03:58:03.510060', '2026-02-02T03:58:03.510060');
INSERT INTO movie_cast (id, first_name, last_name, character_full_name, role, movie_id, created_at, updated_at) VALUES ('afcd6367-61ab-4366-9977-37973e358788', 'Jane', 'Brown', 'Character 5', 'lead', '56db7fa7-c6f8-4a76-a591-32df0fe21e87', '2026-02-02T03:58:03.510080', '2026-02-02T03:58:03.510080');
INSERT INTO movie_cast (id, first_name, last_name, character_full_name, role, movie_id, created_at, updated_at) VALUES ('39dd009a-5988-4ba3-a62b-b24355b47fa3', 'Jane', 'Smith', 'Character 1', 'supporting', 'c372f0a7-2e85-4dd7-a975-0e7bc820e4f7', '2026-02-02T03:58:03.510104', '2026-02-02T03:58:03.510104');
INSERT INTO movie_cast (id, first_name, last_name, character_full_name, role, movie_id, created_at, updated_at) VALUES ('b8864b56-e7fd-4a81-abf2-037c1541d908', 'John', 'Johnson', 'Character 2', 'cameo', 'c372f0a7-2e85-4dd7-a975-0e7bc820e4f7', '2026-02-02T03:58:03.510124', '2026-02-02T03:58:03.510124');
INSERT INTO movie_cast (id, first_name, last_name, character_full_name, role, movie_id, created_at, updated_at) VALUES ('9af97284-6497-44d1-a293-9be30c4d9b32', 'Michael', 'Williams', 'Character 3', 'supporting', 'c372f0a7-2e85-4dd7-a975-0e7bc820e4f7', '2026-02-02T03:58:03.510145', '2026-02-02T03:58:03.510145');
INSERT INTO movie_cast (id, first_name, last_name, character_full_name, role, movie_id, created_at, updated_at) VALUES ('cecf01af-2c80-4df5-ad89-c59d3b7aaac2', 'Michael', 'Smith', 'Character 4', 'lead', 'c372f0a7-2e85-4dd7-a975-0e7bc820e4f7', '2026-02-02T03:58:03.510165', '2026-02-02T03:58:03.510165');
INSERT INTO movie_cast (id, first_name, last_name, character_full_name, role, movie_id, created_at, updated_at) VALUES ('bbb90286-715a-483b-a3de-957fb70540d2', 'David', 'Smith', 'Character 5', 'cameo', 'c372f0a7-2e85-4dd7-a975-0e7bc820e4f7', '2026-02-02T03:58:03.510185', '2026-02-02T03:58:03.510185');
INSERT INTO movie_cast (id, first_name, last_name, character_full_name, role, movie_id, created_at, updated_at) VALUES ('10776d61-082a-4f07-a089-74eb82ea3939', 'David', 'Smith', 'Character 1', 'supporting', '281234a7-5f9e-41c4-98a0-628ad2cf4036', '2026-02-02T03:58:03.510208', '2026-02-02T03:58:03.510208');
INSERT INTO movie_cast (id, first_name, last_name, character_full_name, role, movie_id, created_at, updated_at) VALUES ('6acf2b96-d6fd-4ead-9a42-38ce8299b23e', 'Jane', 'Johnson', 'Character 2', 'cameo', '281234a7-5f9e-41c4-98a0-628ad2cf4036', '2026-02-02T03:58:03.510231', '2026-02-02T03:58:03.510231');
INSERT INTO movie_cast (id, first_name, last_name, character_full_name, role, movie_id, created_at, updated_at) VALUES ('7d00a751-b3bb-40e5-b6a0-c7100d44fdf1', 'Sarah', 'Brown', 'Character 3', 'supporting', '281234a7-5f9e-41c4-98a0-628ad2cf4036', '2026-02-02T03:58:03.510251', '2026-02-02T03:58:03.510251');
INSERT INTO movie_cast (id, first_name, last_name, character_full_name, role, movie_id, created_at, updated_at) VALUES ('7f8ce05c-f634-449b-9165-9c1251beeb62', 'John', 'Brown', 'Character 4', 'cameo', '281234a7-5f9e-41c4-98a0-628ad2cf4036', '2026-02-02T03:58:03.510271', '2026-02-02T03:58:03.510271');
INSERT INTO movie_cast (id, first_name, last_name, character_full_name, role, movie_id, created_at, updated_at) VALUES ('42aa9945-c4bc-4ef8-ad7a-7b94c2efb8bf', 'Michael', 'Smith', 'Character 5', 'cameo', '281234a7-5f9e-41c4-98a0-628ad2cf4036', '2026-02-02T03:58:03.510292', '2026-02-02T03:58:03.510292');
INSERT INTO movie_cast (id, first_name, last_name, character_full_name, role, movie_id, created_at, updated_at) VALUES ('1fa84b0d-a1ca-4a68-abc7-1bf9666331b4', 'David', 'Brown', 'Character 1', 'lead', 'e1c97029-b934-49ce-a7db-16a7f1ea02fa', '2026-02-02T03:58:03.510314', '2026-02-02T03:58:03.510314');
INSERT INTO movie_cast (id, first_name, last_name, character_full_name, role, movie_id, created_at, updated_at) VALUES ('f30633f6-e076-4013-a8e9-1863e2717dda', 'Jane', 'Williams', 'Character 2', 'cameo', 'e1c97029-b934-49ce-a7db-16a7f1ea02fa', '2026-02-02T03:58:03.510334', '2026-02-02T03:58:03.510334');
INSERT INTO movie_cast (id, first_name, last_name, character_full_name, role, movie_id, created_at, updated_at) VALUES ('2a394319-df91-403d-8d20-efcb902527a3', 'Sarah', 'Jones', 'Character 3', 'cameo', 'e1c97029-b934-49ce-a7db-16a7f1ea02fa', '2026-02-02T03:58:03.510354', '2026-02-02T03:58:03.510354');
INSERT INTO movie_cast (id, first_name, last_name, character_full_name, role, movie_id, created_at, updated_at) VALUES ('ea889226-2bb4-467a-bb36-6d6d9d1c445f', 'Sarah', 'Smith', 'Character 4', 'cameo', 'e1c97029-b934-49ce-a7db-16a7f1ea02fa', '2026-02-02T03:58:03.510373', '2026-02-02T03:58:03.510373');
INSERT INTO movie_cast (id, first_name, last_name, character_full_name, role, movie_id, created_at, updated_at) VALUES ('f0526543-a30e-4a45-b2d5-c953d869ff2c', 'John', 'Johnson', 'Character 5', 'lead', 'e1c97029-b934-49ce-a7db-16a7f1ea02fa', '2026-02-02T03:58:03.510396', '2026-02-02T03:58:03.510396');
INSERT INTO movie_cast (id, first_name, last_name, character_full_name, role, movie_id, created_at, updated_at) VALUES ('aab0bfab-b16a-44b5-8394-723c17740d94', 'Jane', 'Johnson', 'Character 1', 'lead', '3b1f5693-70ad-4ae1-8c73-46c72bae427c', '2026-02-02T03:58:03.510419', '2026-02-02T03:58:03.510419');
INSERT INTO movie_cast (id, first_name, last_name, character_full_name, role, movie_id, created_at, updated_at) VALUES ('31dce771-ff94-4817-9d1c-c96353c69cfc', 'Michael', 'Johnson', 'Character 2', 'lead', '3b1f5693-70ad-4ae1-8c73-46c72bae427c', '2026-02-02T03:58:03.510456', '2026-02-02T03:58:03.510456');
INSERT INTO movie_cast (id, first_name, last_name, character_full_name, role, movie_id, created_at, updated_at) VALUES ('8535b0d2-d9c3-4a09-825c-51da4fc938bf', 'Jane', 'Williams', 'Character 3', 'supporting', '3b1f5693-70ad-4ae1-8c73-46c72bae427c', '2026-02-02T03:58:03.510478', '2026-02-02T03:58:03.510478');
INSERT INTO movie_cast (id, first_name, last_name, character_full_name, role, movie_id, created_at, updated_at) VALUES ('99f553d6-f58a-4cb3-8160-1c9ca4ac2578', 'David', 'Smith', 'Character 4', 'lead', '3b1f5693-70ad-4ae1-8c73-46c72bae427c', '2026-02-02T03:58:03.510496', '2026-02-02T03:58:03.510496');
INSERT INTO movie_cast (id, first_name, last_name, character_full_name, role, movie_id, created_at, updated_at) VALUES ('4a863ed7-88bf-4dde-9b21-ea2513b543c6', 'Michael', 'Jones', 'Character 5', 'cameo', '3b1f5693-70ad-4ae1-8c73-46c72bae427c', '2026-02-02T03:58:03.510513', '2026-02-02T03:58:03.510513');
INSERT INTO movie_writers (id, first_name, last_name, movie_id, created_at, updated_at) VALUES ('725eacd4-7dd9-4048-8a25-af170655c68f', 'Mark', 'Clark', '0705b1f4-a2fb-4fbb-80f2-7b95d3eb9a40', '2026-02-02T03:58:03.510907', '2026-02-02T03:58:03.510907');
INSERT INTO movie_writers (id, first_name, last_name, movie_id, created_at, updated_at) VALUES ('6bc9ccde-208f-49f7-b01f-a94feda8a9b7', 'Mark', 'Anderson', '0705b1f4-a2fb-4fbb-80f2-7b95d3eb9a40', '2026-02-02T03:58:03.511126', '2026-02-02T03:58:03.511126');
INSERT INTO movie_writers (id, first_name, last_name, movie_id, created_at, updated_at) VALUES ('8b53000b-850b-44f3-952e-af690d4fa63f', 'Aaron', 'Moore', 'b341c6bf-3226-46da-8361-d76f2d4c8239', '2026-02-02T03:58:03.511180', '2026-02-02T03:58:03.511180');
INSERT INTO movie_writers (id, first_name, last_name, movie_id, created_at, updated_at) VALUES ('a7702b4d-91a4-4854-adc2-a2f143055b02', 'Mark', 'Taylor', 'b341c6bf-3226-46da-8361-d76f2d4c8239', '2026-02-02T03:58:03.511212', '2026-02-02T03:58:03.511212');
INSERT INTO movie_writers (id, first_name, last_name, movie_id, created_at, updated_at) VALUES ('e8ad521a-b03d-4c8b-8f58-ced97859be64', 'Linda', 'Taylor', '0d3c4b3e-1694-41dc-949e-7c9eba8e6172', '2026-02-02T03:58:03.511243', '2026-02-02T03:58:03.511243');
INSERT INTO movie_writers (id, first_name, last_name, movie_id, created_at, updated_at) VALUES ('4a314a78-b031-49f7-a591-c87a7711d00e', 'Mark', 'Clark', '0d3c4b3e-1694-41dc-949e-7c9eba8e6172', '2026-02-02T03:58:03.511271', '2026-02-02T03:58:03.511271');
INSERT INTO movie_writers (id, first_name, last_name, movie_id, created_at, updated_at) VALUES ('ba1899f0-e47a-4764-acd6-062a508d4848', 'Aaron', 'Lewis', 'cd93087e-fdc2-4c94-ba3c-d9fc6f3abcb7', '2026-02-02T03:58:03.511306', '2026-02-02T03:58:03.511306');
INSERT INTO movie_writers (id, first_name, last_name, movie_id, created_at, updated_at) VALUES ('972208c0-cf7d-47bf-ba80-48f7643351e3', 'Sophia', 'Anderson', 'cd93087e-fdc2-4c94-ba3c-d9fc6f3abcb7', '2026-02-02T03:58:03.511333', '2026-02-02T03:58:03.511333');
INSERT INTO movie_writers (id, first_name, last_name, movie_id, created_at, updated_at) VALUES ('79126bc5-bbcb-4912-9784-ee34f2e94ce6', 'Linda', 'Taylor', '60ce5fb3-7cd3-4e65-8f6b-c1f278e14233', '2026-02-02T03:58:03.511363', '2026-02-02T03:58:03.511363');
INSERT INTO movie_writers (id, first_name, last_name, movie_id, created_at, updated_at) VALUES ('ae44a506-e742-47d6-9eff-cc82dc447297', 'Chris', 'Taylor', '60ce5fb3-7cd3-4e65-8f6b-c1f278e14233', '2026-02-02T03:58:03.511390', '2026-02-02T03:58:03.511390');
INSERT INTO movie_writers (id, first_name, last_name, movie_id, created_at, updated_at) VALUES ('5fd018ae-8729-42a3-aa79-a62fdec5b17f', 'Aaron', 'Clark', '4a3559d3-f347-4456-aff5-acea5bc6c609', '2026-02-02T03:58:03.511431', '2026-02-02T03:58:03.511431');
INSERT INTO movie_writers (id, first_name, last_name, movie_id, created_at, updated_at) VALUES ('c1a66798-b701-4352-883e-6999ab96f67a', 'Linda', 'Taylor', '4a3559d3-f347-4456-aff5-acea5bc6c609', '2026-02-02T03:58:03.511461', '2026-02-02T03:58:03.511461');
INSERT INTO movie_writers (id, first_name, last_name, movie_id, created_at, updated_at) VALUES ('39cd38dd-6d88-46c8-ba55-411b004e7c2a', 'Chris', 'Anderson', 'd47ee2d0-66ba-41ed-bd19-ba2645abfde5', '2026-02-02T03:58:03.511490', '2026-02-02T03:58:03.511490');
INSERT INTO movie_writers (id, first_name, last_name, movie_id, created_at, updated_at) VALUES ('2007564b-bb42-4805-9fea-3b6a23457ca0', 'Mark', 'Lewis', 'd47ee2d0-66ba-41ed-bd19-ba2645abfde5', '2026-02-02T03:58:03.511517', '2026-02-02T03:58:03.511517');
INSERT INTO movie_writers (id, first_name, last_name, movie_id, created_at, updated_at) VALUES ('a86cd79e-5dd3-4d2b-8634-7102afce64b2', 'Linda', 'Clark', '6552c042-27fb-4083-9944-488ddf3a879e', '2026-02-02T03:58:03.511551', '2026-02-02T03:58:03.511551');
INSERT INTO movie_writers (id, first_name, last_name, movie_id, created_at, updated_at) VALUES ('9a595a7d-8a25-4c46-bc68-ff68689746b5', 'Mark', 'Lewis', '6552c042-27fb-4083-9944-488ddf3a879e', '2026-02-02T03:58:03.511579', '2026-02-02T03:58:03.511579');
INSERT INTO movie_writers (id, first_name, last_name, movie_id, created_at, updated_at) VALUES ('35e0d47b-c9c5-4120-b8d1-7733332a900e', 'Sophia', 'Moore', 'af18b1d4-4e7b-4ee7-aa30-c1b9374542bb', '2026-02-02T03:58:03.511608', '2026-02-02T03:58:03.511608');
INSERT INTO movie_writers (id, first_name, last_name, movie_id, created_at, updated_at) VALUES ('469ff019-7125-4d51-8b02-c266a83d8926', 'Aaron', 'Anderson', 'af18b1d4-4e7b-4ee7-aa30-c1b9374542bb', '2026-02-02T03:58:03.511638', '2026-02-02T03:58:03.511638');
INSERT INTO movie_writers (id, first_name, last_name, movie_id, created_at, updated_at) VALUES ('2dcbf812-f96c-47a0-bdc7-e3f82502f319', 'Mark', 'Lewis', '9eb602a7-8ecd-446d-8cd9-70717be182ae', '2026-02-02T03:58:03.511672', '2026-02-02T03:58:03.511672');
INSERT INTO movie_writers (id, first_name, last_name, movie_id, created_at, updated_at) VALUES ('cbd4328e-d004-4d3f-b8eb-10e36799136e', 'Chris', 'Anderson', '9eb602a7-8ecd-446d-8cd9-70717be182ae', '2026-02-02T03:58:03.511705', '2026-02-02T03:58:03.511705');
INSERT INTO movie_writers (id, first_name, last_name, movie_id, created_at, updated_at) VALUES ('fd238348-b165-4dcd-9c2a-a44ef9f68214', 'Chris', 'Moore', '6e91eaba-8390-4761-bee4-0d4fe51c2660', '2026-02-02T03:58:03.511739', '2026-02-02T03:58:03.511739');
INSERT INTO movie_writers (id, first_name, last_name, movie_id, created_at, updated_at) VALUES ('36705615-5647-47fb-8278-10e79c2f792b', 'Aaron', 'Lewis', '6e91eaba-8390-4761-bee4-0d4fe51c2660', '2026-02-02T03:58:03.511770', '2026-02-02T03:58:03.511770');
INSERT INTO movie_writers (id, first_name, last_name, movie_id, created_at, updated_at) VALUES ('0d33eb55-357e-4384-930f-5da172394566', 'Sophia', 'Taylor', 'dcb2d310-8f7a-468a-a916-f59a877b5b7d', '2026-02-02T03:58:03.511810', '2026-02-02T03:58:03.511810');
INSERT INTO movie_writers (id, first_name, last_name, movie_id, created_at, updated_at) VALUES ('342f6bbf-fea8-4ccb-bf22-6654d6231282', 'Sophia', 'Lewis', 'dcb2d310-8f7a-468a-a916-f59a877b5b7d', '2026-02-02T03:58:03.511841', '2026-02-02T03:58:03.511841');
INSERT INTO movie_writers (id, first_name, last_name, movie_id, created_at, updated_at) VALUES ('86a08623-7442-4310-906a-f63f41f83d78', 'Linda', 'Clark', '85ed9384-a0a4-4424-9723-05e51813be6d', '2026-02-02T03:58:03.511875', '2026-02-02T03:58:03.511875');
INSERT INTO movie_writers (id, first_name, last_name, movie_id, created_at, updated_at) VALUES ('bbb0c5f6-1d2a-48d9-9060-9f2e57c90603', 'Mark', 'Lewis', '85ed9384-a0a4-4424-9723-05e51813be6d', '2026-02-02T03:58:03.511908', '2026-02-02T03:58:03.511908');
INSERT INTO movie_writers (id, first_name, last_name, movie_id, created_at, updated_at) VALUES ('68a6b273-f5d9-4313-b348-91d1e2070378', 'Chris', 'Taylor', '3479b6bd-e50f-4cec-ad97-c3fff5dd5b0d', '2026-02-02T03:58:03.511940', '2026-02-02T03:58:03.511940');
INSERT INTO movie_writers (id, first_name, last_name, movie_id, created_at, updated_at) VALUES ('176d59d5-9967-4e82-8ec2-35e45020de3b', 'Sophia', 'Moore', '3479b6bd-e50f-4cec-ad97-c3fff5dd5b0d', '2026-02-02T03:58:03.511971', '2026-02-02T03:58:03.511971');
INSERT INTO movie_writers (id, first_name, last_name, movie_id, created_at, updated_at) VALUES ('95f02f01-f1f7-469e-a405-b64197c5f54a', 'Sophia', 'Taylor', '11cfbc81-8195-440b-bad9-5b8d4d44fb24', '2026-02-02T03:58:03.512006', '2026-02-02T03:58:03.512006');
INSERT INTO movie_writers (id, first_name, last_name, movie_id, created_at, updated_at) VALUES ('6dbf73be-8e9c-42d8-9dc2-5df6e9ae7398', 'Aaron', 'Clark', '11cfbc81-8195-440b-bad9-5b8d4d44fb24', '2026-02-02T03:58:03.512039', '2026-02-02T03:58:03.512039');
INSERT INTO movie_writers (id, first_name, last_name, movie_id, created_at, updated_at) VALUES ('5eb08d08-6e61-45cf-978a-3ddf28e5a465', 'Mark', 'Taylor', 'b2db4568-6a37-4077-8237-d6d1dfacc506', '2026-02-02T03:58:03.512078', '2026-02-02T03:58:03.512078');
INSERT INTO movie_writers (id, first_name, last_name, movie_id, created_at, updated_at) VALUES ('5435bf09-46b4-4263-b19e-215791f8a4f2', 'Sophia', 'Taylor', 'b2db4568-6a37-4077-8237-d6d1dfacc506', '2026-02-02T03:58:03.512108', '2026-02-02T03:58:03.512108');
INSERT INTO movie_writers (id, first_name, last_name, movie_id, created_at, updated_at) VALUES ('2cb47300-7ed7-4718-b66e-2b43dcf9e163', 'Chris', 'Clark', '56db7fa7-c6f8-4a76-a591-32df0fe21e87', '2026-02-02T03:58:03.512141', '2026-02-02T03:58:03.512141');
INSERT INTO movie_writers (id, first_name, last_name, movie_id, created_at, updated_at) VALUES ('6914e8da-583f-4b0e-a51a-deb0a51384bd', 'Chris', 'Clark', '56db7fa7-c6f8-4a76-a591-32df0fe21e87', '2026-02-02T03:58:03.512172', '2026-02-02T03:58:03.512172');
INSERT INTO movie_writers (id, first_name, last_name, movie_id, created_at, updated_at) VALUES ('73648df5-7168-41c5-a5bc-7c8d9302ba6f', 'Sophia', 'Anderson', 'c372f0a7-2e85-4dd7-a975-0e7bc820e4f7', '2026-02-02T03:58:03.512204', '2026-02-02T03:58:03.512204');
INSERT INTO movie_writers (id, first_name, last_name, movie_id, created_at, updated_at) VALUES ('b82926a6-4ff2-4c93-8081-be30017103c0', 'Mark', 'Moore', 'c372f0a7-2e85-4dd7-a975-0e7bc820e4f7', '2026-02-02T03:58:03.512236', '2026-02-02T03:58:03.512236');
INSERT INTO movie_writers (id, first_name, last_name, movie_id, created_at, updated_at) VALUES ('b7bf5303-8d77-4088-8a50-bb67b4f332fa', 'Linda', 'Lewis', '281234a7-5f9e-41c4-98a0-628ad2cf4036', '2026-02-02T03:58:03.512269', '2026-02-02T03:58:03.512269');
INSERT INTO movie_writers (id, first_name, last_name, movie_id, created_at, updated_at) VALUES ('7e5afe9c-1d72-4ff5-b083-1b3012fa5d47', 'Aaron', 'Moore', '281234a7-5f9e-41c4-98a0-628ad2cf4036', '2026-02-02T03:58:03.512342', '2026-02-02T03:58:03.512342');
INSERT INTO movie_writers (id, first_name, last_name, movie_id, created_at, updated_at) VALUES ('c31de350-4475-474a-b7ae-017ad12f335d', 'Aaron', 'Anderson', 'e1c97029-b934-49ce-a7db-16a7f1ea02fa', '2026-02-02T03:58:03.512381', '2026-02-02T03:58:03.512381');
INSERT INTO movie_writers (id, first_name, last_name, movie_id, created_at, updated_at) VALUES ('ee26f9c2-72f0-4cd9-be17-96eb24e2b460', 'Mark', 'Lewis', 'e1c97029-b934-49ce-a7db-16a7f1ea02fa', '2026-02-02T03:58:03.512411', '2026-02-02T03:58:03.512411');
INSERT INTO movie_writers (id, first_name, last_name, movie_id, created_at, updated_at) VALUES ('1c706a8e-5a32-47cc-8916-9a6d5fb6bb0f', 'Sophia', 'Clark', '3b1f5693-70ad-4ae1-8c73-46c72bae427c', '2026-02-02T03:58:03.512455', '2026-02-02T03:58:03.512455');
INSERT INTO movie_writers (id, first_name, last_name, movie_id, created_at, updated_at) VALUES ('db93730a-345b-4d40-9d4e-e58b8a9bf601', 'Chris', 'Lewis', '3b1f5693-70ad-4ae1-8c73-46c72bae427c', '2026-02-02T03:58:03.512496', '2026-02-02T03:58:03.512496');
INSERT INTO movie_ratings (id, source, value, movie_id, created_at, updated_at) VALUES ('60e38f53-725f-409b-ae09-cd14cdd642ef', 'imdb', 8.1, '0705b1f4-a2fb-4fbb-80f2-7b95d3eb9a40', '2026-02-02T03:58:03.512774', '2026-02-02T03:58:03.512774');
INSERT INTO movie_ratings (id, source, value, movie_id, created_at, updated_at) VALUES ('7aff117c-f060-4e65-8dcd-91dfa8a66b66', 'rotten_tomatoes', 9.0, '0705b1f4-a2fb-4fbb-80f2-7b95d3eb9a40', '2026-02-02T03:58:03.512825', '2026-02-02T03:58:03.512825');
INSERT INTO movie_ratings (id, source, value, movie_id, created_at, updated_at) VALUES ('86ba2137-409b-40e3-a9de-9a30b628207b', 'imdb', 8.4, 'b341c6bf-3226-46da-8361-d76f2d4c8239', '2026-02-02T03:58:03.512865', '2026-02-02T03:58:03.512865');
INSERT INTO movie_ratings (id, source, value, movie_id, created_at, updated_at) VALUES ('57231a2c-6263-4a6d-ba03-ae871d87a1a4', 'rotten_tomatoes', 7.5, 'b341c6bf-3226-46da-8361-d76f2d4c8239', '2026-02-02T03:58:03.512908', '2026-02-02T03:58:03.512908');
INSERT INTO movie_ratings (id, source, value, movie_id, created_at, updated_at) VALUES ('09a3f765-abf6-490e-aa48-b3c54234b7fd', 'imdb', 6.7, '0d3c4b3e-1694-41dc-949e-7c9eba8e6172', '2026-02-02T03:58:03.512951', '2026-02-02T03:58:03.512951');
INSERT INTO movie_ratings (id, source, value, movie_id, created_at, updated_at) VALUES ('fe1d9ec1-d48f-49ba-9b1a-d8ab0507e90d', 'rotten_tomatoes', 7.9, '0d3c4b3e-1694-41dc-949e-7c9eba8e6172', '2026-02-02T03:58:03.512987', '2026-02-02T03:58:03.512987');
INSERT INTO movie_ratings (id, source, value, movie_id, created_at, updated_at) VALUES ('c8149927-8310-41ed-bf6f-2cf299056a22', 'imdb', 8.0, 'cd93087e-fdc2-4c94-ba3c-d9fc6f3abcb7', '2026-02-02T03:58:03.513025', '2026-02-02T03:58:03.513025');
INSERT INTO movie_ratings (id, source, value, movie_id, created_at, updated_at) VALUES ('66fdc346-01dd-4b4d-b68c-7e7e1a43a8d0', 'rotten_tomatoes', 7.7, 'cd93087e-fdc2-4c94-ba3c-d9fc6f3abcb7', '2026-02-02T03:58:03.513106', '2026-02-02T03:58:03.513106');
INSERT INTO movie_ratings (id, source, value, movie_id, created_at, updated_at) VALUES ('e41171e2-6949-4a03-8a8c-89cfd7c5429f', 'imdb', 7.2, '60ce5fb3-7cd3-4e65-8f6b-c1f278e14233', '2026-02-02T03:58:03.513142', '2026-02-02T03:58:03.513142');
INSERT INTO movie_ratings (id, source, value, movie_id, created_at, updated_at) VALUES ('68061d92-f400-4c5b-8b3e-9129cc5ccfc5', 'rotten_tomatoes', 6.7, '60ce5fb3-7cd3-4e65-8f6b-c1f278e14233', '2026-02-02T03:58:03.513173', '2026-02-02T03:58:03.513173');
INSERT INTO movie_ratings (id, source, value, movie_id, created_at, updated_at) VALUES ('2713720a-6d53-40ab-a362-39a8d3911571', 'imdb', 7.7, '4a3559d3-f347-4456-aff5-acea5bc6c609', '2026-02-02T03:58:03.513206', '2026-02-02T03:58:03.513206');
INSERT INTO movie_ratings (id, source, value, movie_id, created_at, updated_at) VALUES ('d6407f8a-f1ac-4bfe-adf0-a6bb6c8ccddf', 'rotten_tomatoes', 8.2, '4a3559d3-f347-4456-aff5-acea5bc6c609', '2026-02-02T03:58:03.513237', '2026-02-02T03:58:03.513237');
INSERT INTO movie_ratings (id, source, value, movie_id, created_at, updated_at) VALUES ('a7f2e99f-498f-45dd-8009-e83b6975410a', 'imdb', 9.1, 'd47ee2d0-66ba-41ed-bd19-ba2645abfde5', '2026-02-02T03:58:03.513269', '2026-02-02T03:58:03.513269');
INSERT INTO movie_ratings (id, source, value, movie_id, created_at, updated_at) VALUES ('3e0e530a-0785-4d1d-b51c-cdeb9eeb0ad5', 'rotten_tomatoes', 6.5, 'd47ee2d0-66ba-41ed-bd19-ba2645abfde5', '2026-02-02T03:58:03.513300', '2026-02-02T03:58:03.513300');
INSERT INTO movie_ratings (id, source, value, movie_id, created_at, updated_at) VALUES ('a7b8b965-53ca-4a53-80e5-41d44546f4cd', 'imdb', 8.2, '6552c042-27fb-4083-9944-488ddf3a879e', '2026-02-02T03:58:03.513332', '2026-02-02T03:58:03.513332');
INSERT INTO movie_ratings (id, source, value, movie_id, created_at, updated_at) VALUES ('fd481f8a-346f-40b6-8f34-4c8040120156', 'rotten_tomatoes', 8.1, '6552c042-27fb-4083-9944-488ddf3a879e', '2026-02-02T03:58:03.513367', '2026-02-02T03:58:03.513367');
INSERT INTO movie_ratings (id, source, value, movie_id, created_at, updated_at) VALUES ('86f3dd1c-38d8-4139-bd2c-8d22c116253f', 'imdb', 6.5, 'af18b1d4-4e7b-4ee7-aa30-c1b9374542bb', '2026-02-02T03:58:03.513399', '2026-02-02T03:58:03.513399');
INSERT INTO movie_ratings (id, source, value, movie_id, created_at, updated_at) VALUES ('831076ee-6dd1-461b-bd7d-47ca8206027c', 'rotten_tomatoes', 7.9, 'af18b1d4-4e7b-4ee7-aa30-c1b9374542bb', '2026-02-02T03:58:03.513429', '2026-02-02T03:58:03.513429');
INSERT INTO movie_ratings (id, source, value, movie_id, created_at, updated_at) VALUES ('c987911b-2af0-4228-8735-6001d0a81644', 'imdb', 7.9, '9eb602a7-8ecd-446d-8cd9-70717be182ae', '2026-02-02T03:58:03.513462', '2026-02-02T03:58:03.513462');
INSERT INTO movie_ratings (id, source, value, movie_id, created_at, updated_at) VALUES ('084a31de-ca1a-477d-b082-ec90e270f7e5', 'rotten_tomatoes', 6.4, '9eb602a7-8ecd-446d-8cd9-70717be182ae', '2026-02-02T03:58:03.513497', '2026-02-02T03:58:03.513497');
INSERT INTO movie_ratings (id, source, value, movie_id, created_at, updated_at) VALUES ('3f4efd14-994b-43b1-a6e1-b3675c8043ce', 'imdb', 9.2, '6e91eaba-8390-4761-bee4-0d4fe51c2660', '2026-02-02T03:58:03.513535', '2026-02-02T03:58:03.513535');
INSERT INTO movie_ratings (id, source, value, movie_id, created_at, updated_at) VALUES ('316d2d4a-e9a0-46e9-bca6-73bc88b1c91b', 'rotten_tomatoes', 6.0, '6e91eaba-8390-4761-bee4-0d4fe51c2660', '2026-02-02T03:58:03.513571', '2026-02-02T03:58:03.513571');
INSERT INTO movie_ratings (id, source, value, movie_id, created_at, updated_at) VALUES ('eb82f844-ec01-4fd8-b153-2c1464007b21', 'imdb', 9.0, 'dcb2d310-8f7a-468a-a916-f59a877b5b7d', '2026-02-02T03:58:03.513606', '2026-02-02T03:58:03.513606');
INSERT INTO movie_ratings (id, source, value, movie_id, created_at, updated_at) VALUES ('0cbe1689-0dac-4d09-a6c5-16c6b06d5d74', 'rotten_tomatoes', 6.1, 'dcb2d310-8f7a-468a-a916-f59a877b5b7d', '2026-02-02T03:58:03.513643', '2026-02-02T03:58:03.513643');
INSERT INTO movie_ratings (id, source, value, movie_id, created_at, updated_at) VALUES ('f1c350b0-8890-428c-a0ba-e0bdf12e45ff', 'imdb', 9.5, '85ed9384-a0a4-4424-9723-05e51813be6d', '2026-02-02T03:58:03.513675', '2026-02-02T03:58:03.513675');
INSERT INTO movie_ratings (id, source, value, movie_id, created_at, updated_at) VALUES ('a0666ec4-7e6c-4eab-a1fe-58a0f9e998f2', 'rotten_tomatoes', 7.1, '85ed9384-a0a4-4424-9723-05e51813be6d', '2026-02-02T03:58:03.513707', '2026-02-02T03:58:03.513707');
INSERT INTO movie_ratings (id, source, value, movie_id, created_at, updated_at) VALUES ('de765157-6056-45d3-98fd-55b0d15619fd', 'imdb', 7.5, '3479b6bd-e50f-4cec-ad97-c3fff5dd5b0d', '2026-02-02T03:58:03.513740', '2026-02-02T03:58:03.513740');
INSERT INTO movie_ratings (id, source, value, movie_id, created_at, updated_at) VALUES ('4d7eea7a-f6f1-49ca-9a48-1a7689c614fc', 'rotten_tomatoes', 8.6, '3479b6bd-e50f-4cec-ad97-c3fff5dd5b0d', '2026-02-02T03:58:03.513774', '2026-02-02T03:58:03.513774');
INSERT INTO movie_ratings (id, source, value, movie_id, created_at, updated_at) VALUES ('0cbb0b2b-955d-4d62-8d4e-a7d5e664dbfb', 'imdb', 8.8, '11cfbc81-8195-440b-bad9-5b8d4d44fb24', '2026-02-02T03:58:03.513806', '2026-02-02T03:58:03.513806');
INSERT INTO movie_ratings (id, source, value, movie_id, created_at, updated_at) VALUES ('56adad37-5b1e-4a00-9d56-4722f6ceb012', 'rotten_tomatoes', 6.7, '11cfbc81-8195-440b-bad9-5b8d4d44fb24', '2026-02-02T03:58:03.513839', '2026-02-02T03:58:03.513839');
INSERT INTO movie_ratings (id, source, value, movie_id, created_at, updated_at) VALUES ('abf34256-f09d-4d87-b126-4b632efa5b86', 'imdb', 8.0, 'b2db4568-6a37-4077-8237-d6d1dfacc506', '2026-02-02T03:58:03.513878', '2026-02-02T03:58:03.513878');
INSERT INTO movie_ratings (id, source, value, movie_id, created_at, updated_at) VALUES ('dd4e4c0f-de3b-4da7-b1a5-f1853ecf8ec6', 'rotten_tomatoes', 8.0, 'b2db4568-6a37-4077-8237-d6d1dfacc506', '2026-02-02T03:58:03.513917', '2026-02-02T03:58:03.513917');
INSERT INTO movie_ratings (id, source, value, movie_id, created_at, updated_at) VALUES ('5ded06c5-5ba0-4c90-bced-126153eb2866', 'imdb', 6.9, '56db7fa7-c6f8-4a76-a591-32df0fe21e87', '2026-02-02T03:58:03.513963', '2026-02-02T03:58:03.513963');
INSERT INTO movie_ratings (id, source, value, movie_id, created_at, updated_at) VALUES ('cc5aa5f3-5f64-4dd4-a62e-011597ad0ef9', 'rotten_tomatoes', 7.4, '56db7fa7-c6f8-4a76-a591-32df0fe21e87', '2026-02-02T03:58:03.513996', '2026-02-02T03:58:03.513996');
INSERT INTO movie_ratings (id, source, value, movie_id, created_at, updated_at) VALUES ('b819dd71-86a6-4ffc-a974-68bb3ac474b7', 'imdb', 8.2, 'c372f0a7-2e85-4dd7-a975-0e7bc820e4f7', '2026-02-02T03:58:03.514028', '2026-02-02T03:58:03.514028');
INSERT INTO movie_ratings (id, source, value, movie_id, created_at, updated_at) VALUES ('41fd16e2-e889-4fa5-a139-2ee42da8b3a7', 'rotten_tomatoes', 6.1, 'c372f0a7-2e85-4dd7-a975-0e7bc820e4f7', '2026-02-02T03:58:03.514059', '2026-02-02T03:58:03.514059');
INSERT INTO movie_ratings (id, source, value, movie_id, created_at, updated_at) VALUES ('452b00eb-604c-4705-be76-30b7c2b119e4', 'imdb', 9.0, '281234a7-5f9e-41c4-98a0-628ad2cf4036', '2026-02-02T03:58:03.514091', '2026-02-02T03:58:03.514091');
INSERT INTO movie_ratings (id, source, value, movie_id, created_at, updated_at) VALUES ('a5dd4fc7-2389-4458-b5ac-a1afeaa7b714', 'rotten_tomatoes', 6.7, '281234a7-5f9e-41c4-98a0-628ad2cf4036', '2026-02-02T03:58:03.514121', '2026-02-02T03:58:03.514121');
INSERT INTO movie_ratings (id, source, value, movie_id, created_at, updated_at) VALUES ('5fa4e679-7251-4779-acdb-04773397dd06', 'imdb', 7.4, 'e1c97029-b934-49ce-a7db-16a7f1ea02fa', '2026-02-02T03:58:03.514153', '2026-02-02T03:58:03.514153');
INSERT INTO movie_ratings (id, source, value, movie_id, created_at, updated_at) VALUES ('c07607a0-689b-44e5-9761-23001ac5453e', 'rotten_tomatoes', 8.4, 'e1c97029-b934-49ce-a7db-16a7f1ea02fa', '2026-02-02T03:58:03.514188', '2026-02-02T03:58:03.514188');
INSERT INTO movie_ratings (id, source, value, movie_id, created_at, updated_at) VALUES ('8d4e8e03-5682-4faa-aa8f-629173551836', 'imdb', 6.9, '3b1f5693-70ad-4ae1-8c73-46c72bae427c', '2026-02-02T03:58:03.514222', '2026-02-02T03:58:03.514222');
INSERT INTO movie_ratings (id, source, value, movie_id, created_at, updated_at) VALUES ('64433d8b-eaed-493d-898f-5768b06350d0', 'rotten_tomatoes', 7.9, '3b1f5693-70ad-4ae1-8c73-46c72bae427c', '2026-02-02T03:58:03.514259', '2026-02-02T03:58:03.514259');
INSERT INTO movie_genres (movie_id, genre_id) VALUES ('0705b1f4-a2fb-4fbb-80f2-7b95d3eb9a40', '071ff6cc-5cc2-4ef0-a89c-53150178111f');
INSERT INTO movie_genres (movie_id, genre_id) VALUES ('0705b1f4-a2fb-4fbb-80f2-7b95d3eb9a40', 'a6e633f1-8bc4-4a51-a978-e6cbe15c9bc1');
INSERT INTO movie_genres (movie_id, genre_id) VALUES ('0705b1f4-a2fb-4fbb-80f2-7b95d3eb9a40', 'bbcf3db0-507a-4ddc-ba32-e2309f97e5bc');
INSERT INTO movie_genres (movie_id, genre_id) VALUES ('0705b1f4-a2fb-4fbb-80f2-7b95d3eb9a40', '4661b528-1661-433c-8dbe-47b8e9ab8ec4');
INSERT INTO movie_genres (movie_id, genre_id) VALUES ('b341c6bf-3226-46da-8361-d76f2d4c8239', '4661b528-1661-433c-8dbe-47b8e9ab8ec4');
INSERT INTO movie_genres (movie_id, genre_id) VALUES ('b341c6bf-3226-46da-8361-d76f2d4c8239', 'a6e633f1-8bc4-4a51-a978-e6cbe15c9bc1');
INSERT INTO movie_genres (movie_id, genre_id) VALUES ('b341c6bf-3226-46da-8361-d76f2d4c8239', 'bbcf3db0-507a-4ddc-ba32-e2309f97e5bc');
INSERT INTO movie_genres (movie_id, genre_id) VALUES ('0d3c4b3e-1694-41dc-949e-7c9eba8e6172', '87f958d6-3028-4bb4-bffc-1129d15ebd7c');
INSERT INTO movie_genres (movie_id, genre_id) VALUES ('0d3c4b3e-1694-41dc-949e-7c9eba8e6172', '6c3c5482-45f9-4d04-acaf-5eeba0eb8e12');
INSERT INTO movie_genres (movie_id, genre_id) VALUES ('cd93087e-fdc2-4c94-ba3c-d9fc6f3abcb7', '4661b528-1661-433c-8dbe-47b8e9ab8ec4');
INSERT INTO movie_genres (movie_id, genre_id) VALUES ('cd93087e-fdc2-4c94-ba3c-d9fc6f3abcb7', '071ff6cc-5cc2-4ef0-a89c-53150178111f');
INSERT INTO movie_genres (movie_id, genre_id) VALUES ('cd93087e-fdc2-4c94-ba3c-d9fc6f3abcb7', 'ab948920-296b-4a13-b322-34715b79a866');
INSERT INTO movie_genres (movie_id, genre_id) VALUES ('60ce5fb3-7cd3-4e65-8f6b-c1f278e14233', '4661b528-1661-433c-8dbe-47b8e9ab8ec4');
INSERT INTO movie_genres (movie_id, genre_id) VALUES ('60ce5fb3-7cd3-4e65-8f6b-c1f278e14233', 'a6e633f1-8bc4-4a51-a978-e6cbe15c9bc1');
INSERT INTO movie_genres (movie_id, genre_id) VALUES ('4a3559d3-f347-4456-aff5-acea5bc6c609', '4661b528-1661-433c-8dbe-47b8e9ab8ec4');
INSERT INTO movie_genres (movie_id, genre_id) VALUES ('4a3559d3-f347-4456-aff5-acea5bc6c609', '6c3c5482-45f9-4d04-acaf-5eeba0eb8e12');
INSERT INTO movie_genres (movie_id, genre_id) VALUES ('d47ee2d0-66ba-41ed-bd19-ba2645abfde5', '6c3c5482-45f9-4d04-acaf-5eeba0eb8e12');
INSERT INTO movie_genres (movie_id, genre_id) VALUES ('d47ee2d0-66ba-41ed-bd19-ba2645abfde5', '73d7d690-ae44-4d52-8836-28e89059bfa5');
INSERT INTO movie_genres (movie_id, genre_id) VALUES ('d47ee2d0-66ba-41ed-bd19-ba2645abfde5', 'f4fa1a4e-b86e-45a7-9b1f-811f486d634c');
INSERT INTO movie_genres (movie_id, genre_id) VALUES ('6552c042-27fb-4083-9944-488ddf3a879e', '7183bc0f-f0c8-464c-a8d2-0f1f4cd97851');
INSERT INTO movie_genres (movie_id, genre_id) VALUES ('6552c042-27fb-4083-9944-488ddf3a879e', 'bbcf3db0-507a-4ddc-ba32-e2309f97e5bc');
INSERT INTO movie_genres (movie_id, genre_id) VALUES ('6552c042-27fb-4083-9944-488ddf3a879e', '87f958d6-3028-4bb4-bffc-1129d15ebd7c');
INSERT INTO movie_genres (movie_id, genre_id) VALUES ('af18b1d4-4e7b-4ee7-aa30-c1b9374542bb', '4661b528-1661-433c-8dbe-47b8e9ab8ec4');
INSERT INTO movie_genres (movie_id, genre_id) VALUES ('af18b1d4-4e7b-4ee7-aa30-c1b9374542bb', 'a6e633f1-8bc4-4a51-a978-e6cbe15c9bc1');
INSERT INTO movie_genres (movie_id, genre_id) VALUES ('af18b1d4-4e7b-4ee7-aa30-c1b9374542bb', '071ff6cc-5cc2-4ef0-a89c-53150178111f');
INSERT INTO movie_genres (movie_id, genre_id) VALUES ('9eb602a7-8ecd-446d-8cd9-70717be182ae', '6c3c5482-45f9-4d04-acaf-5eeba0eb8e12');
INSERT INTO movie_genres (movie_id, genre_id) VALUES ('9eb602a7-8ecd-446d-8cd9-70717be182ae', '73d7d690-ae44-4d52-8836-28e89059bfa5');
INSERT INTO movie_genres (movie_id, genre_id) VALUES ('9eb602a7-8ecd-446d-8cd9-70717be182ae', '071ff6cc-5cc2-4ef0-a89c-53150178111f');
INSERT INTO movie_genres (movie_id, genre_id) VALUES ('6e91eaba-8390-4761-bee4-0d4fe51c2660', 'a6e633f1-8bc4-4a51-a978-e6cbe15c9bc1');
INSERT INTO movie_genres (movie_id, genre_id) VALUES ('6e91eaba-8390-4761-bee4-0d4fe51c2660', '7183bc0f-f0c8-464c-a8d2-0f1f4cd97851');
INSERT INTO movie_genres (movie_id, genre_id) VALUES ('6e91eaba-8390-4761-bee4-0d4fe51c2660', '4661b528-1661-433c-8dbe-47b8e9ab8ec4');
INSERT INTO movie_genres (movie_id, genre_id) VALUES ('dcb2d310-8f7a-468a-a916-f59a877b5b7d', 'a6e633f1-8bc4-4a51-a978-e6cbe15c9bc1');
INSERT INTO movie_genres (movie_id, genre_id) VALUES ('dcb2d310-8f7a-468a-a916-f59a877b5b7d', 'bbcf3db0-507a-4ddc-ba32-e2309f97e5bc');
INSERT INTO movie_genres (movie_id, genre_id) VALUES ('85ed9384-a0a4-4424-9723-05e51813be6d', '7183bc0f-f0c8-464c-a8d2-0f1f4cd97851');
INSERT INTO movie_genres (movie_id, genre_id) VALUES ('85ed9384-a0a4-4424-9723-05e51813be6d', '73d7d690-ae44-4d52-8836-28e89059bfa5');
INSERT INTO movie_genres (movie_id, genre_id) VALUES ('3479b6bd-e50f-4cec-ad97-c3fff5dd5b0d', '071ff6cc-5cc2-4ef0-a89c-53150178111f');
INSERT INTO movie_genres (movie_id, genre_id) VALUES ('3479b6bd-e50f-4cec-ad97-c3fff5dd5b0d', '4661b528-1661-433c-8dbe-47b8e9ab8ec4');
INSERT INTO movie_genres (movie_id, genre_id) VALUES ('3479b6bd-e50f-4cec-ad97-c3fff5dd5b0d', 'a6e633f1-8bc4-4a51-a978-e6cbe15c9bc1');
INSERT INTO movie_genres (movie_id, genre_id) VALUES ('11cfbc81-8195-440b-bad9-5b8d4d44fb24', '63af615b-013b-4c9c-93f9-57ca251c3e7c');
INSERT INTO movie_genres (movie_id, genre_id) VALUES ('11cfbc81-8195-440b-bad9-5b8d4d44fb24', 'ab948920-296b-4a13-b322-34715b79a866');
INSERT INTO movie_genres (movie_id, genre_id) VALUES ('11cfbc81-8195-440b-bad9-5b8d4d44fb24', 'a6e633f1-8bc4-4a51-a978-e6cbe15c9bc1');
INSERT INTO movie_genres (movie_id, genre_id) VALUES ('11cfbc81-8195-440b-bad9-5b8d4d44fb24', 'a3bdf2e2-e2f2-41b5-8119-233661c9ba16');
INSERT INTO movie_genres (movie_id, genre_id) VALUES ('11cfbc81-8195-440b-bad9-5b8d4d44fb24', 'f4fa1a4e-b86e-45a7-9b1f-811f486d634c');
INSERT INTO movie_genres (movie_id, genre_id) VALUES ('b2db4568-6a37-4077-8237-d6d1dfacc506', '63af615b-013b-4c9c-93f9-57ca251c3e7c');
INSERT INTO movie_genres (movie_id, genre_id) VALUES ('b2db4568-6a37-4077-8237-d6d1dfacc506', 'a6e633f1-8bc4-4a51-a978-e6cbe15c9bc1');
INSERT INTO movie_genres (movie_id, genre_id) VALUES ('b2db4568-6a37-4077-8237-d6d1dfacc506', 'ab948920-296b-4a13-b322-34715b79a866');
INSERT INTO movie_genres (movie_id, genre_id) VALUES ('b2db4568-6a37-4077-8237-d6d1dfacc506', 'a3bdf2e2-e2f2-41b5-8119-233661c9ba16');
INSERT INTO movie_genres (movie_id, genre_id) VALUES ('56db7fa7-c6f8-4a76-a591-32df0fe21e87', '071ff6cc-5cc2-4ef0-a89c-53150178111f');
INSERT INTO movie_genres (movie_id, genre_id) VALUES ('56db7fa7-c6f8-4a76-a591-32df0fe21e87', '73d7d690-ae44-4d52-8836-28e89059bfa5');
INSERT INTO movie_genres (movie_id, genre_id) VALUES ('56db7fa7-c6f8-4a76-a591-32df0fe21e87', '6c3c5482-45f9-4d04-acaf-5eeba0eb8e12');
INSERT INTO movie_genres (movie_id, genre_id) VALUES ('c372f0a7-2e85-4dd7-a975-0e7bc820e4f7', 'ab948920-296b-4a13-b322-34715b79a866');
INSERT INTO movie_genres (movie_id, genre_id) VALUES ('c372f0a7-2e85-4dd7-a975-0e7bc820e4f7', 'a3bdf2e2-e2f2-41b5-8119-233661c9ba16');
INSERT INTO movie_genres (movie_id, genre_id) VALUES ('c372f0a7-2e85-4dd7-a975-0e7bc820e4f7', 'a6e633f1-8bc4-4a51-a978-e6cbe15c9bc1');
INSERT INTO movie_genres (movie_id, genre_id) VALUES ('281234a7-5f9e-41c4-98a0-628ad2cf4036', 'a6e633f1-8bc4-4a51-a978-e6cbe15c9bc1');
INSERT INTO movie_genres (movie_id, genre_id) VALUES ('281234a7-5f9e-41c4-98a0-628ad2cf4036', 'bbcf3db0-507a-4ddc-ba32-e2309f97e5bc');
INSERT INTO movie_genres (movie_id, genre_id) VALUES ('e1c97029-b934-49ce-a7db-16a7f1ea02fa', '7183bc0f-f0c8-464c-a8d2-0f1f4cd97851');
INSERT INTO movie_genres (movie_id, genre_id) VALUES ('e1c97029-b934-49ce-a7db-16a7f1ea02fa', 'b425c1bb-bb28-4f16-a2e9-c4ef015ec884');
INSERT INTO movie_genres (movie_id, genre_id) VALUES ('3b1f5693-70ad-4ae1-8c73-46c72bae427c', '7183bc0f-f0c8-464c-a8d2-0f1f4cd97851');
INSERT INTO movie_genres (movie_id, genre_id) VALUES ('3b1f5693-70ad-4ae1-8c73-46c72bae427c', '73d7d690-ae44-4d52-8836-28e89059bfa5');
INSERT INTO movie_projections (id, projection_date, projection_time, cinema_hall_id, movie_id, created_at, updated_at) VALUES ('edd91372-fdc8-4cb3-9f8e-cf07d9f1f781', '2026-03-02', '19:00:00', 'dc9298a8-a343-4ff6-a811-bccf5aa5db8f', '0705b1f4-a2fb-4fbb-80f2-7b95d3eb9a40', '2026-02-02T03:58:03.516112', '2026-02-02T03:58:03.516112');
INSERT INTO movie_projections (id, projection_date, projection_time, cinema_hall_id, movie_id, created_at, updated_at) VALUES ('f67f5a20-6347-4aa7-9b86-587da386be72', '2026-03-13', '19:00:00', '83abf7cb-f1e0-4557-89cd-354bb575262b', '0705b1f4-a2fb-4fbb-80f2-7b95d3eb9a40', '2026-02-02T03:58:03.516195', '2026-02-02T03:58:03.516195');
INSERT INTO movie_projections (id, projection_date, projection_time, cinema_hall_id, movie_id, created_at, updated_at) VALUES ('e0796004-c9a9-4588-84c9-41abcfae648c', '2026-03-17', '16:00:00', 'e7f9e0aa-25c6-4656-a785-24a7c64ae6f7', '0705b1f4-a2fb-4fbb-80f2-7b95d3eb9a40', '2026-02-02T03:58:03.516249', '2026-02-02T03:58:03.516249');
INSERT INTO movie_projections (id, projection_date, projection_time, cinema_hall_id, movie_id, created_at, updated_at) VALUES ('de3fbed2-2507-48a8-bd7d-7eb1bebd270b', '2026-03-08', '16:00:00', '0330ebe1-b742-4d72-8cd5-e6cbc1b178df', '0705b1f4-a2fb-4fbb-80f2-7b95d3eb9a40', '2026-02-02T03:58:03.516296', '2026-02-02T03:58:03.516296');
INSERT INTO movie_projections (id, projection_date, projection_time, cinema_hall_id, movie_id, created_at, updated_at) VALUES ('3f853a3b-2acc-4c95-8684-5d67803f48e2', '2026-02-03', '10:00:00', '0330ebe1-b742-4d72-8cd5-e6cbc1b178df', '0705b1f4-a2fb-4fbb-80f2-7b95d3eb9a40', '2026-02-02T03:58:03.516344', '2026-02-02T03:58:03.516344');
INSERT INTO movie_projections (id, projection_date, projection_time, cinema_hall_id, movie_id, created_at, updated_at) VALUES ('be06416b-2f54-43d6-a900-5e79f436a940', '2026-02-05', '19:00:00', '09725c82-8bbe-48ce-bc29-31b7513f46f6', '0705b1f4-a2fb-4fbb-80f2-7b95d3eb9a40', '2026-02-02T03:58:03.516392', '2026-02-02T03:58:03.516392');
INSERT INTO movie_projections (id, projection_date, projection_time, cinema_hall_id, movie_id, created_at, updated_at) VALUES ('5068a67f-ea18-487d-8862-600586b9df47', '2026-02-21', '13:00:00', '0330ebe1-b742-4d72-8cd5-e6cbc1b178df', '0705b1f4-a2fb-4fbb-80f2-7b95d3eb9a40', '2026-02-02T03:58:03.516444', '2026-02-02T03:58:03.516444');
INSERT INTO movie_projections (id, projection_date, projection_time, cinema_hall_id, movie_id, created_at, updated_at) VALUES ('e0b3ca67-699e-4bd3-94c8-87c1b302a6e6', '2026-02-16', '13:00:00', 'ff03477d-db27-4d57-bd3b-e06ed1bcdb87', '0705b1f4-a2fb-4fbb-80f2-7b95d3eb9a40', '2026-02-02T03:58:03.516499', '2026-02-02T03:58:03.516499');
INSERT INTO movie_projections (id, projection_date, projection_time, cinema_hall_id, movie_id, created_at, updated_at) VALUES ('370061d3-72f9-4eec-a8f2-4b1a29c69441', '2026-02-05', '10:00:00', '17edc49a-9fa2-4dde-86b1-711e17e03602', '0705b1f4-a2fb-4fbb-80f2-7b95d3eb9a40', '2026-02-02T03:58:03.516562', '2026-02-02T03:58:03.516562');
INSERT INTO movie_projections (id, projection_date, projection_time, cinema_hall_id, movie_id, created_at, updated_at) VALUES ('f58cb246-0002-44ac-a6c2-ce10a8845090', '2026-02-10', '16:00:00', '83abf7cb-f1e0-4557-89cd-354bb575262b', '0705b1f4-a2fb-4fbb-80f2-7b95d3eb9a40', '2026-02-02T03:58:03.516625', '2026-02-02T03:58:03.516625');
INSERT INTO movie_projections (id, projection_date, projection_time, cinema_hall_id, movie_id, created_at, updated_at) VALUES ('7b23ebcc-047c-4e3e-9013-e427184445e1', '2026-03-16', '13:00:00', '0330ebe1-b742-4d72-8cd5-e6cbc1b178df', '0705b1f4-a2fb-4fbb-80f2-7b95d3eb9a40', '2026-02-02T03:58:03.516677', '2026-02-02T03:58:03.516677');
INSERT INTO movie_projections (id, projection_date, projection_time, cinema_hall_id, movie_id, created_at, updated_at) VALUES ('bd7f5de0-f346-4944-bdba-ed68765f8dd1', '2026-02-27', '16:00:00', '7bdfa823-58a4-4bc5-8b5f-d3df3b599359', '0705b1f4-a2fb-4fbb-80f2-7b95d3eb9a40', '2026-02-02T03:58:03.516727', '2026-02-02T03:58:03.516727');
INSERT INTO movie_projections (id, projection_date, projection_time, cinema_hall_id, movie_id, created_at, updated_at) VALUES ('c70cc063-d9cb-41d4-b872-88afce30d7d6', '2026-03-20', '16:00:00', 'e7f9e0aa-25c6-4656-a785-24a7c64ae6f7', '0705b1f4-a2fb-4fbb-80f2-7b95d3eb9a40', '2026-02-02T03:58:03.516778', '2026-02-02T03:58:03.516778');
INSERT INTO movie_projections (id, projection_date, projection_time, cinema_hall_id, movie_id, created_at, updated_at) VALUES ('4056031e-973f-42c7-b70c-0db796601c53', '2026-03-22', '19:00:00', '17edc49a-9fa2-4dde-86b1-711e17e03602', '0705b1f4-a2fb-4fbb-80f2-7b95d3eb9a40', '2026-02-02T03:58:03.516832', '2026-02-02T03:58:03.516832');
INSERT INTO movie_projections (id, projection_date, projection_time, cinema_hall_id, movie_id, created_at, updated_at) VALUES ('536520d9-c976-4251-83ff-60e3a6697cdc', '2026-02-18', '10:00:00', 'f308a6cd-7db0-4e8f-9086-3b368ff8b91a', '0705b1f4-a2fb-4fbb-80f2-7b95d3eb9a40', '2026-02-02T03:58:03.516884', '2026-02-02T03:58:03.516884');
INSERT INTO movie_projections (id, projection_date, projection_time, cinema_hall_id, movie_id, created_at, updated_at) VALUES ('63c29d28-270b-4f6a-a63d-3f0ffc9c04cd', '2026-02-06', '10:00:00', '17edc49a-9fa2-4dde-86b1-711e17e03602', '0705b1f4-a2fb-4fbb-80f2-7b95d3eb9a40', '2026-02-02T03:58:03.516949', '2026-02-02T03:58:03.516949');
INSERT INTO movie_projections (id, projection_date, projection_time, cinema_hall_id, movie_id, created_at, updated_at) VALUES ('9b3dd376-bd4d-4875-9740-abcd3625794b', '2026-03-05', '13:00:00', '0330ebe1-b742-4d72-8cd5-e6cbc1b178df', '0705b1f4-a2fb-4fbb-80f2-7b95d3eb9a40', '2026-02-02T03:58:03.517000', '2026-02-02T03:58:03.517000');
INSERT INTO movie_projections (id, projection_date, projection_time, cinema_hall_id, movie_id, created_at, updated_at) VALUES ('69e48d62-8570-4669-8204-0628beac62a5', '2026-03-15', '13:00:00', 'd1c9716d-3ece-4d7a-b937-f3a554bc32e4', '0705b1f4-a2fb-4fbb-80f2-7b95d3eb9a40', '2026-02-02T03:58:03.517057', '2026-02-02T03:58:03.517057');
INSERT INTO movie_projections (id, projection_date, projection_time, cinema_hall_id, movie_id, created_at, updated_at) VALUES ('6faf4d39-b989-4b63-82d0-32d3020bea29', '2026-03-08', '16:00:00', '9f106868-b214-4da4-958c-98f47eac54e2', '0705b1f4-a2fb-4fbb-80f2-7b95d3eb9a40', '2026-02-02T03:58:03.517107', '2026-02-02T03:58:03.517107');
INSERT INTO movie_projections (id, projection_date, projection_time, cinema_hall_id, movie_id, created_at, updated_at) VALUES ('39bb21b1-4704-48df-abb0-dfc926b8fdae', '2026-02-20', '13:00:00', '7bdfa823-58a4-4bc5-8b5f-d3df3b599359', '0705b1f4-a2fb-4fbb-80f2-7b95d3eb9a40', '2026-02-02T03:58:03.517153', '2026-02-02T03:58:03.517153');
INSERT INTO movie_projections (id, projection_date, projection_time, cinema_hall_id, movie_id, created_at, updated_at) VALUES ('e398a199-0c12-490e-b9d9-d83ab67598b9', '2026-03-14', '16:00:00', 'e7f9e0aa-25c6-4656-a785-24a7c64ae6f7', '0705b1f4-a2fb-4fbb-80f2-7b95d3eb9a40', '2026-02-02T03:58:03.517208', '2026-02-02T03:58:03.517208');
INSERT INTO movie_projections (id, projection_date, projection_time, cinema_hall_id, movie_id, created_at, updated_at) VALUES ('190d54ed-ab7c-4687-ab74-6046358d7156', '2026-02-14', '19:00:00', '9f106868-b214-4da4-958c-98f47eac54e2', '0705b1f4-a2fb-4fbb-80f2-7b95d3eb9a40', '2026-02-02T03:58:03.517271', '2026-02-02T03:58:03.517271');
INSERT INTO movie_projections (id, projection_date, projection_time, cinema_hall_id, movie_id, created_at, updated_at) VALUES ('6517c627-2603-43c5-850f-c516a4365ee0', '2026-03-02', '13:00:00', 'e7f9e0aa-25c6-4656-a785-24a7c64ae6f7', '0705b1f4-a2fb-4fbb-80f2-7b95d3eb9a40', '2026-02-02T03:58:03.517328', '2026-02-02T03:58:03.517328');
INSERT INTO movie_projections (id, projection_date, projection_time, cinema_hall_id, movie_id, created_at, updated_at) VALUES ('7d3453be-f77d-4bf5-a5b0-427abf7f333e', '2026-02-10', '13:00:00', '9f106868-b214-4da4-958c-98f47eac54e2', '0705b1f4-a2fb-4fbb-80f2-7b95d3eb9a40', '2026-02-02T03:58:03.517375', '2026-02-02T03:58:03.517375');
INSERT INTO movie_projections (id, projection_date, projection_time, cinema_hall_id, movie_id, created_at, updated_at) VALUES ('dc04829b-1449-4bfe-8513-8f6f45c8cee9', '2026-03-19', '19:00:00', '7bdfa823-58a4-4bc5-8b5f-d3df3b599359', '0705b1f4-a2fb-4fbb-80f2-7b95d3eb9a40', '2026-02-02T03:58:03.517422', '2026-02-02T03:58:03.517422');
INSERT INTO movie_projections (id, projection_date, projection_time, cinema_hall_id, movie_id, created_at, updated_at) VALUES ('fb95e6c0-aa0d-4b65-95c1-4891edbdd8b6', '2026-02-26', '13:00:00', '0330ebe1-b742-4d72-8cd5-e6cbc1b178df', '0705b1f4-a2fb-4fbb-80f2-7b95d3eb9a40', '2026-02-02T03:58:03.517474', '2026-02-02T03:58:03.517474');
INSERT INTO movie_projections (id, projection_date, projection_time, cinema_hall_id, movie_id, created_at, updated_at) VALUES ('125da61e-0537-442c-8930-77eeefc3db0c', '2026-02-06', '16:00:00', '0330ebe1-b742-4d72-8cd5-e6cbc1b178df', '0705b1f4-a2fb-4fbb-80f2-7b95d3eb9a40', '2026-02-02T03:58:03.517525', '2026-02-02T03:58:03.517525');
INSERT INTO movie_projections (id, projection_date, projection_time, cinema_hall_id, movie_id, created_at, updated_at) VALUES ('d548fa2e-e1d2-49e4-a6b8-6d25fd75ff98', '2026-02-15', '19:00:00', '9f106868-b214-4da4-958c-98f47eac54e2', '0705b1f4-a2fb-4fbb-80f2-7b95d3eb9a40', '2026-02-02T03:58:03.517583', '2026-02-02T03:58:03.517583');
INSERT INTO movie_projections (id, projection_date, projection_time, cinema_hall_id, movie_id, created_at, updated_at) VALUES ('7882a28e-4f73-44b6-a2f6-d6bded3e4e62', '2026-03-04', '19:00:00', '83abf7cb-f1e0-4557-89cd-354bb575262b', '0705b1f4-a2fb-4fbb-80f2-7b95d3eb9a40', '2026-02-02T03:58:03.517633', '2026-02-02T03:58:03.517633');
INSERT INTO movie_projections (id, projection_date, projection_time, cinema_hall_id, movie_id, created_at, updated_at) VALUES ('7e27039c-e384-4757-a0ea-4e8626ac5fbe', '2026-02-05', '13:00:00', 'e7f9e0aa-25c6-4656-a785-24a7c64ae6f7', '0705b1f4-a2fb-4fbb-80f2-7b95d3eb9a40', '2026-02-02T03:58:03.517681', '2026-02-02T03:58:03.517681');
INSERT INTO movie_projections (id, projection_date, projection_time, cinema_hall_id, movie_id, created_at, updated_at) VALUES ('7d773843-7804-40eb-9a3a-b72839fd0196', '2026-02-23', '16:00:00', 'ff03477d-db27-4d57-bd3b-e06ed1bcdb87', '0705b1f4-a2fb-4fbb-80f2-7b95d3eb9a40', '2026-02-02T03:58:03.517738', '2026-02-02T03:58:03.517738');
INSERT INTO movie_projections (id, projection_date, projection_time, cinema_hall_id, movie_id, created_at, updated_at) VALUES ('4f974c41-8366-41d2-ad19-edd4e48fe5c6', '2026-03-14', '19:00:00', 'f308a6cd-7db0-4e8f-9086-3b368ff8b91a', '0705b1f4-a2fb-4fbb-80f2-7b95d3eb9a40', '2026-02-02T03:58:03.517788', '2026-02-02T03:58:03.517788');
INSERT INTO movie_projections (id, projection_date, projection_time, cinema_hall_id, movie_id, created_at, updated_at) VALUES ('267c2ba8-50b0-4108-b47a-9f9f81656bb9', '2026-02-25', '13:00:00', '7bdfa823-58a4-4bc5-8b5f-d3df3b599359', '0705b1f4-a2fb-4fbb-80f2-7b95d3eb9a40', '2026-02-02T03:58:03.517835', '2026-02-02T03:58:03.517835');
INSERT INTO movie_projections (id, projection_date, projection_time, cinema_hall_id, movie_id, created_at, updated_at) VALUES ('fe57cf79-231b-44f2-8ad8-9b9bf78a4561', '2026-02-02', '10:00:00', '0330ebe1-b742-4d72-8cd5-e6cbc1b178df', '0705b1f4-a2fb-4fbb-80f2-7b95d3eb9a40', '2026-02-02T03:58:03.517889', '2026-02-02T03:58:03.517889');
INSERT INTO movie_projections (id, projection_date, projection_time, cinema_hall_id, movie_id, created_at, updated_at) VALUES ('c99eac78-9ab4-401b-bd8d-9fadc2ce8282', '2026-03-07', '16:00:00', 'f308a6cd-7db0-4e8f-9086-3b368ff8b91a', '0705b1f4-a2fb-4fbb-80f2-7b95d3eb9a40', '2026-02-02T03:58:03.517953', '2026-02-02T03:58:03.517953');
INSERT INTO movie_projections (id, projection_date, projection_time, cinema_hall_id, movie_id, created_at, updated_at) VALUES ('b2b3298c-29a7-4177-8ea3-41908e765b24', '2026-03-06', '13:00:00', 'dc9298a8-a343-4ff6-a811-bccf5aa5db8f', '0705b1f4-a2fb-4fbb-80f2-7b95d3eb9a40', '2026-02-02T03:58:03.517999', '2026-02-02T03:58:03.517999');
INSERT INTO movie_projections (id, projection_date, projection_time, cinema_hall_id, movie_id, created_at, updated_at) VALUES ('41dcbee6-3643-4aa9-b98e-f580fd189b89', '2026-03-22', '13:00:00', '0330ebe1-b742-4d72-8cd5-e6cbc1b178df', '0705b1f4-a2fb-4fbb-80f2-7b95d3eb9a40', '2026-02-02T03:58:03.518043', '2026-02-02T03:58:03.518043');
INSERT INTO movie_projections (id, projection_date, projection_time, cinema_hall_id, movie_id, created_at, updated_at) VALUES ('a64bfe10-a259-4503-a74a-af0f123ea62a', '2026-02-04', '16:00:00', '0330ebe1-b742-4d72-8cd5-e6cbc1b178df', '0705b1f4-a2fb-4fbb-80f2-7b95d3eb9a40', '2026-02-02T03:58:03.518090', '2026-02-02T03:58:03.518090');
INSERT INTO movie_projections (id, projection_date, projection_time, cinema_hall_id, movie_id, created_at, updated_at) VALUES ('7f0057d9-975d-4640-ae7a-4833744bd7f2', '2026-03-03', '10:00:00', 'ff03477d-db27-4d57-bd3b-e06ed1bcdb87', '0705b1f4-a2fb-4fbb-80f2-7b95d3eb9a40', '2026-02-02T03:58:03.518144', '2026-02-02T03:58:03.518144');
INSERT INTO movie_projections (id, projection_date, projection_time, cinema_hall_id, movie_id, created_at, updated_at) VALUES ('5a210289-be0b-441e-baf3-394c25b700ca', '2026-02-09', '19:00:00', 'd1c9716d-3ece-4d7a-b937-f3a554bc32e4', '0705b1f4-a2fb-4fbb-80f2-7b95d3eb9a40', '2026-02-02T03:58:03.518196', '2026-02-02T03:58:03.518196');
INSERT INTO movie_projections (id, projection_date, projection_time, cinema_hall_id, movie_id, created_at, updated_at) VALUES ('9350caad-0c7e-423a-ad15-cc6a5075f353', '2026-03-13', '10:00:00', '7bdfa823-58a4-4bc5-8b5f-d3df3b599359', 'b341c6bf-3226-46da-8361-d76f2d4c8239', '2026-02-02T03:58:03.518256', '2026-02-02T03:58:03.518256');
INSERT INTO movie_projections (id, projection_date, projection_time, cinema_hall_id, movie_id, created_at, updated_at) VALUES ('c3c54426-c22c-4da3-a4ee-3e4eb7c998e1', '2026-03-25', '19:00:00', '83abf7cb-f1e0-4557-89cd-354bb575262b', 'b341c6bf-3226-46da-8361-d76f2d4c8239', '2026-02-02T03:58:03.518313', '2026-02-02T03:58:03.518313');
INSERT INTO movie_projections (id, projection_date, projection_time, cinema_hall_id, movie_id, created_at, updated_at) VALUES ('2db42c0c-d40d-4e4b-b4f8-89e18ccfdb02', '2026-02-07', '19:00:00', 'dc9298a8-a343-4ff6-a811-bccf5aa5db8f', 'b341c6bf-3226-46da-8361-d76f2d4c8239', '2026-02-02T03:58:03.518364', '2026-02-02T03:58:03.518364');
INSERT INTO movie_projections (id, projection_date, projection_time, cinema_hall_id, movie_id, created_at, updated_at) VALUES ('ae472e28-2b03-470c-b64b-f3c17b6a3bef', '2026-02-28', '10:00:00', '9f106868-b214-4da4-958c-98f47eac54e2', 'b341c6bf-3226-46da-8361-d76f2d4c8239', '2026-02-02T03:58:03.518410', '2026-02-02T03:58:03.518410');
INSERT INTO movie_projections (id, projection_date, projection_time, cinema_hall_id, movie_id, created_at, updated_at) VALUES ('ad399a2f-934d-4230-9307-606214456eec', '2026-02-11', '10:00:00', '17edc49a-9fa2-4dde-86b1-711e17e03602', 'b341c6bf-3226-46da-8361-d76f2d4c8239', '2026-02-02T03:58:03.518453', '2026-02-02T03:58:03.518453');
INSERT INTO movie_projections (id, projection_date, projection_time, cinema_hall_id, movie_id, created_at, updated_at) VALUES ('b7b0a4db-6661-4f49-923f-468f3f364e64', '2026-03-10', '10:00:00', 'f308a6cd-7db0-4e8f-9086-3b368ff8b91a', 'b341c6bf-3226-46da-8361-d76f2d4c8239', '2026-02-02T03:58:03.518500', '2026-02-02T03:58:03.518500');
INSERT INTO movie_projections (id, projection_date, projection_time, cinema_hall_id, movie_id, created_at, updated_at) VALUES ('f28d0eba-60b2-429c-a87d-1bad434756f7', '2026-02-21', '10:00:00', 'f308a6cd-7db0-4e8f-9086-3b368ff8b91a', 'b341c6bf-3226-46da-8361-d76f2d4c8239', '2026-02-02T03:58:03.518550', '2026-02-02T03:58:03.518550');
INSERT INTO movie_projections (id, projection_date, projection_time, cinema_hall_id, movie_id, created_at, updated_at) VALUES ('2ef93b14-314b-4903-a2ff-5c7477138a9c', '2026-03-02', '19:00:00', 'f308a6cd-7db0-4e8f-9086-3b368ff8b91a', 'b341c6bf-3226-46da-8361-d76f2d4c8239', '2026-02-02T03:58:03.518609', '2026-02-02T03:58:03.518609');
INSERT INTO movie_projections (id, projection_date, projection_time, cinema_hall_id, movie_id, created_at, updated_at) VALUES ('d4a459da-bf47-4510-aa18-3958caac46ce', '2026-03-15', '13:00:00', 'dc9298a8-a343-4ff6-a811-bccf5aa5db8f', 'b341c6bf-3226-46da-8361-d76f2d4c8239', '2026-02-02T03:58:03.518658', '2026-02-02T03:58:03.518658');
INSERT INTO movie_projections (id, projection_date, projection_time, cinema_hall_id, movie_id, created_at, updated_at) VALUES ('d7139500-1372-40c9-b7a2-c234cec7482a', '2026-02-21', '16:00:00', 'f308a6cd-7db0-4e8f-9086-3b368ff8b91a', 'b341c6bf-3226-46da-8361-d76f2d4c8239', '2026-02-02T03:58:03.518710', '2026-02-02T03:58:03.518710');
INSERT INTO movie_projections (id, projection_date, projection_time, cinema_hall_id, movie_id, created_at, updated_at) VALUES ('52be014c-f8ca-485c-9b8f-0a8e5aac9872', '2026-02-26', '10:00:00', 'dc9298a8-a343-4ff6-a811-bccf5aa5db8f', 'b341c6bf-3226-46da-8361-d76f2d4c8239', '2026-02-02T03:58:03.518762', '2026-02-02T03:58:03.518762');
INSERT INTO movie_projections (id, projection_date, projection_time, cinema_hall_id, movie_id, created_at, updated_at) VALUES ('b27185ce-62cb-4c46-a2eb-2ae5f34b2795', '2026-03-18', '10:00:00', 'f308a6cd-7db0-4e8f-9086-3b368ff8b91a', 'b341c6bf-3226-46da-8361-d76f2d4c8239', '2026-02-02T03:58:03.518811', '2026-02-02T03:58:03.518811');
INSERT INTO movie_projections (id, projection_date, projection_time, cinema_hall_id, movie_id, created_at, updated_at) VALUES ('f3ab6e5c-9bce-4b14-a694-ba4188336973', '2026-02-06', '10:00:00', '83abf7cb-f1e0-4557-89cd-354bb575262b', 'b341c6bf-3226-46da-8361-d76f2d4c8239', '2026-02-02T03:58:03.518860', '2026-02-02T03:58:03.518860');
INSERT INTO movie_projections (id, projection_date, projection_time, cinema_hall_id, movie_id, created_at, updated_at) VALUES ('8c65339b-e101-43a2-bcdc-f757788b2ee2', '2026-02-15', '19:00:00', 'dc9298a8-a343-4ff6-a811-bccf5aa5db8f', 'b341c6bf-3226-46da-8361-d76f2d4c8239', '2026-02-02T03:58:03.518916', '2026-02-02T03:58:03.518916');
INSERT INTO movie_projections (id, projection_date, projection_time, cinema_hall_id, movie_id, created_at, updated_at) VALUES ('a91b0184-82b0-4268-99cd-151780e3f24d', '2026-02-15', '13:00:00', '9f106868-b214-4da4-958c-98f47eac54e2', 'b341c6bf-3226-46da-8361-d76f2d4c8239', '2026-02-02T03:58:03.518978', '2026-02-02T03:58:03.518978');
INSERT INTO movie_projections (id, projection_date, projection_time, cinema_hall_id, movie_id, created_at, updated_at) VALUES ('0a5e18fd-b7ba-4d16-8002-24cd8d74064d', '2026-03-04', '19:00:00', '09725c82-8bbe-48ce-bc29-31b7513f46f6', 'b341c6bf-3226-46da-8361-d76f2d4c8239', '2026-02-02T03:58:03.519029', '2026-02-02T03:58:03.519029');
INSERT INTO movie_projections (id, projection_date, projection_time, cinema_hall_id, movie_id, created_at, updated_at) VALUES ('40c4153c-c813-4e82-b5f0-2a6377f6f2a6', '2026-03-24', '10:00:00', 'e7f9e0aa-25c6-4656-a785-24a7c64ae6f7', 'b341c6bf-3226-46da-8361-d76f2d4c8239', '2026-02-02T03:58:03.519080', '2026-02-02T03:58:03.519080');
INSERT INTO movie_projections (id, projection_date, projection_time, cinema_hall_id, movie_id, created_at, updated_at) VALUES ('680638e0-4dbd-45bd-a9df-3319c40122b5', '2026-03-15', '13:00:00', '7bdfa823-58a4-4bc5-8b5f-d3df3b599359', 'b341c6bf-3226-46da-8361-d76f2d4c8239', '2026-02-02T03:58:03.519141', '2026-02-02T03:58:03.519141');
INSERT INTO movie_projections (id, projection_date, projection_time, cinema_hall_id, movie_id, created_at, updated_at) VALUES ('e86f766a-2954-4780-9072-39d15edeefbd', '2026-02-26', '16:00:00', '17edc49a-9fa2-4dde-86b1-711e17e03602', 'b341c6bf-3226-46da-8361-d76f2d4c8239', '2026-02-02T03:58:03.519197', '2026-02-02T03:58:03.519197');
INSERT INTO movie_projections (id, projection_date, projection_time, cinema_hall_id, movie_id, created_at, updated_at) VALUES ('9d495bfa-9897-46ea-937d-8fb48ef00b5b', '2026-03-08', '16:00:00', 'ff03477d-db27-4d57-bd3b-e06ed1bcdb87', 'b341c6bf-3226-46da-8361-d76f2d4c8239', '2026-02-02T03:58:03.519248', '2026-02-02T03:58:03.519248');
INSERT INTO movie_projections (id, projection_date, projection_time, cinema_hall_id, movie_id, created_at, updated_at) VALUES ('1ba42013-c195-4866-81c4-6af27e0ae6f9', '2026-02-07', '19:00:00', '7bdfa823-58a4-4bc5-8b5f-d3df3b599359', 'b341c6bf-3226-46da-8361-d76f2d4c8239', '2026-02-02T03:58:03.519305', '2026-02-02T03:58:03.519305');
INSERT INTO movie_projections (id, projection_date, projection_time, cinema_hall_id, movie_id, created_at, updated_at) VALUES ('b778336e-49bd-4a3f-b1c0-6b3e0f1538d9', '2026-02-26', '13:00:00', '9f106868-b214-4da4-958c-98f47eac54e2', 'b341c6bf-3226-46da-8361-d76f2d4c8239', '2026-02-02T03:58:03.519355', '2026-02-02T03:58:03.519355');
INSERT INTO movie_projections (id, projection_date, projection_time, cinema_hall_id, movie_id, created_at, updated_at) VALUES ('e190eaf3-2437-41a0-862e-5dcd3f377e6a', '2026-02-17', '13:00:00', 'ff03477d-db27-4d57-bd3b-e06ed1bcdb87', 'b341c6bf-3226-46da-8361-d76f2d4c8239', '2026-02-02T03:58:03.519404', '2026-02-02T03:58:03.519404');
INSERT INTO movie_projections (id, projection_date, projection_time, cinema_hall_id, movie_id, created_at, updated_at) VALUES ('a7fe7f82-ab29-4fc1-abb7-24d557a8a646', '2026-02-24', '10:00:00', '83abf7cb-f1e0-4557-89cd-354bb575262b', 'b341c6bf-3226-46da-8361-d76f2d4c8239', '2026-02-02T03:58:03.519456', '2026-02-02T03:58:03.519456');
INSERT INTO movie_projections (id, projection_date, projection_time, cinema_hall_id, movie_id, created_at, updated_at) VALUES ('f1738ba8-ce45-4ef3-8aff-d2ec3ade5e20', '2026-02-02', '10:00:00', '9f106868-b214-4da4-958c-98f47eac54e2', 'b341c6bf-3226-46da-8361-d76f2d4c8239', '2026-02-02T03:58:03.519500', '2026-02-02T03:58:03.519500');
INSERT INTO movie_projections (id, projection_date, projection_time, cinema_hall_id, movie_id, created_at, updated_at) VALUES ('ce20a561-ee48-42a1-9313-b34af48b01fb', '2026-02-20', '19:00:00', '17edc49a-9fa2-4dde-86b1-711e17e03602', 'b341c6bf-3226-46da-8361-d76f2d4c8239', '2026-02-02T03:58:03.519553', '2026-02-02T03:58:03.519553');
INSERT INTO movie_projections (id, projection_date, projection_time, cinema_hall_id, movie_id, created_at, updated_at) VALUES ('d4e0fc9d-f07c-4638-a43e-c6644aa03bc3', '2026-02-20', '16:00:00', 'f308a6cd-7db0-4e8f-9086-3b368ff8b91a', 'b341c6bf-3226-46da-8361-d76f2d4c8239', '2026-02-02T03:58:03.519601', '2026-02-02T03:58:03.519601');
INSERT INTO movie_projections (id, projection_date, projection_time, cinema_hall_id, movie_id, created_at, updated_at) VALUES ('38f484a6-419d-49ce-8c69-f60cda7c7d74', '2026-03-13', '16:00:00', '9f106868-b214-4da4-958c-98f47eac54e2', 'b341c6bf-3226-46da-8361-d76f2d4c8239', '2026-02-02T03:58:03.519651', '2026-02-02T03:58:03.519651');
INSERT INTO movie_projections (id, projection_date, projection_time, cinema_hall_id, movie_id, created_at, updated_at) VALUES ('d3c8091a-5fc9-49ba-b4ee-1aad1a6cd867', '2026-02-15', '19:00:00', 'd1c9716d-3ece-4d7a-b937-f3a554bc32e4', 'b341c6bf-3226-46da-8361-d76f2d4c8239', '2026-02-02T03:58:03.519702', '2026-02-02T03:58:03.519702');
INSERT INTO movie_projections (id, projection_date, projection_time, cinema_hall_id, movie_id, created_at, updated_at) VALUES ('002a6da5-72c9-47cd-ba3c-b550792fa537', '2026-03-24', '10:00:00', 'ff03477d-db27-4d57-bd3b-e06ed1bcdb87', 'b341c6bf-3226-46da-8361-d76f2d4c8239', '2026-02-02T03:58:03.519754', '2026-02-02T03:58:03.519754');
INSERT INTO movie_projections (id, projection_date, projection_time, cinema_hall_id, movie_id, created_at, updated_at) VALUES ('1a8e6349-9252-4e70-8276-cf3c35807501', '2026-02-12', '10:00:00', '0330ebe1-b742-4d72-8cd5-e6cbc1b178df', 'b341c6bf-3226-46da-8361-d76f2d4c8239', '2026-02-02T03:58:03.519805', '2026-02-02T03:58:03.519805');
INSERT INTO movie_projections (id, projection_date, projection_time, cinema_hall_id, movie_id, created_at, updated_at) VALUES ('170a93f9-81b7-4092-ada7-d3a2c622d1a7', '2026-03-02', '16:00:00', '17edc49a-9fa2-4dde-86b1-711e17e03602', 'b341c6bf-3226-46da-8361-d76f2d4c8239', '2026-02-02T03:58:03.519853', '2026-02-02T03:58:03.519853');
INSERT INTO movie_projections (id, projection_date, projection_time, cinema_hall_id, movie_id, created_at, updated_at) VALUES ('7f2f475d-2fda-44d4-aead-f139185a7e15', '2026-02-09', '10:00:00', '17edc49a-9fa2-4dde-86b1-711e17e03602', 'b341c6bf-3226-46da-8361-d76f2d4c8239', '2026-02-02T03:58:03.519899', '2026-02-02T03:58:03.519899');
INSERT INTO movie_projections (id, projection_date, projection_time, cinema_hall_id, movie_id, created_at, updated_at) VALUES ('5535bbd9-7546-4cd8-8c1f-7079c9b7d1bc', '2026-02-24', '13:00:00', 'ff03477d-db27-4d57-bd3b-e06ed1bcdb87', 'b341c6bf-3226-46da-8361-d76f2d4c8239', '2026-02-02T03:58:03.519963', '2026-02-02T03:58:03.519963');
INSERT INTO movie_projections (id, projection_date, projection_time, cinema_hall_id, movie_id, created_at, updated_at) VALUES ('59041a7f-7ff7-45e5-9f88-0cf32ff46f6c', '2026-02-15', '16:00:00', '83abf7cb-f1e0-4557-89cd-354bb575262b', 'b341c6bf-3226-46da-8361-d76f2d4c8239', '2026-02-02T03:58:03.520021', '2026-02-02T03:58:03.520021');
INSERT INTO movie_projections (id, projection_date, projection_time, cinema_hall_id, movie_id, created_at, updated_at) VALUES ('1b64dc73-50fd-479b-8c5f-76e6db66641f', '2026-03-23', '13:00:00', 'f308a6cd-7db0-4e8f-9086-3b368ff8b91a', 'b341c6bf-3226-46da-8361-d76f2d4c8239', '2026-02-02T03:58:03.520074', '2026-02-02T03:58:03.520074');
INSERT INTO movie_projections (id, projection_date, projection_time, cinema_hall_id, movie_id, created_at, updated_at) VALUES ('bfd01960-4dc2-497b-956e-818439b8e1a2', '2026-02-15', '10:00:00', '09725c82-8bbe-48ce-bc29-31b7513f46f6', 'b341c6bf-3226-46da-8361-d76f2d4c8239', '2026-02-02T03:58:03.520125', '2026-02-02T03:58:03.520125');
INSERT INTO movie_projections (id, projection_date, projection_time, cinema_hall_id, movie_id, created_at, updated_at) VALUES ('9bc4f789-d77d-4ebd-be2f-39e8d0015ade', '2026-03-01', '19:00:00', 'e7f9e0aa-25c6-4656-a785-24a7c64ae6f7', 'b341c6bf-3226-46da-8361-d76f2d4c8239', '2026-02-02T03:58:03.520182', '2026-02-02T03:58:03.520182');
INSERT INTO movie_projections (id, projection_date, projection_time, cinema_hall_id, movie_id, created_at, updated_at) VALUES ('0908a9fe-7944-4d76-b7c2-8a5ef509ac74', '2026-03-22', '19:00:00', 'f308a6cd-7db0-4e8f-9086-3b368ff8b91a', 'b341c6bf-3226-46da-8361-d76f2d4c8239', '2026-02-02T03:58:03.520250', '2026-02-02T03:58:03.520250');
INSERT INTO movie_projections (id, projection_date, projection_time, cinema_hall_id, movie_id, created_at, updated_at) VALUES ('ba6e58f0-c4a4-4fbc-b771-cfa3308a429a', '2026-03-03', '13:00:00', '09725c82-8bbe-48ce-bc29-31b7513f46f6', 'b341c6bf-3226-46da-8361-d76f2d4c8239', '2026-02-02T03:58:03.520300', '2026-02-02T03:58:03.520300');
INSERT INTO movie_projections (id, projection_date, projection_time, cinema_hall_id, movie_id, created_at, updated_at) VALUES ('538d4b6a-c69d-4da7-8ab5-90cc1e8619d4', '2026-03-06', '10:00:00', '9f106868-b214-4da4-958c-98f47eac54e2', '0d3c4b3e-1694-41dc-949e-7c9eba8e6172', '2026-02-02T03:58:03.520357', '2026-02-02T03:58:03.520357');
INSERT INTO movie_projections (id, projection_date, projection_time, cinema_hall_id, movie_id, created_at, updated_at) VALUES ('bb40d1ad-9c81-4001-bec1-cea22a26c436', '2026-03-05', '19:00:00', '83abf7cb-f1e0-4557-89cd-354bb575262b', '0d3c4b3e-1694-41dc-949e-7c9eba8e6172', '2026-02-02T03:58:03.520414', '2026-02-02T03:58:03.520414');
INSERT INTO movie_projections (id, projection_date, projection_time, cinema_hall_id, movie_id, created_at, updated_at) VALUES ('5dd84cd9-14fc-4f58-a869-047477bcb16b', '2026-02-14', '13:00:00', '17edc49a-9fa2-4dde-86b1-711e17e03602', '0d3c4b3e-1694-41dc-949e-7c9eba8e6172', '2026-02-02T03:58:03.520468', '2026-02-02T03:58:03.520468');
INSERT INTO movie_projections (id, projection_date, projection_time, cinema_hall_id, movie_id, created_at, updated_at) VALUES ('6e5e38da-e8b3-4b42-ac71-c34077e75a4a', '2026-03-10', '13:00:00', 'f308a6cd-7db0-4e8f-9086-3b368ff8b91a', '0d3c4b3e-1694-41dc-949e-7c9eba8e6172', '2026-02-02T03:58:03.520520', '2026-02-02T03:58:03.520520');
INSERT INTO movie_projections (id, projection_date, projection_time, cinema_hall_id, movie_id, created_at, updated_at) VALUES ('7ac2a1bb-d17d-4edf-a562-e58754122467', '2026-03-10', '10:00:00', '7bdfa823-58a4-4bc5-8b5f-d3df3b599359', '0d3c4b3e-1694-41dc-949e-7c9eba8e6172', '2026-02-02T03:58:03.520570', '2026-02-02T03:58:03.520570');
INSERT INTO movie_projections (id, projection_date, projection_time, cinema_hall_id, movie_id, created_at, updated_at) VALUES ('d1a7a406-9f02-45c4-8e51-1d7964c5da05', '2026-02-21', '10:00:00', '9f106868-b214-4da4-958c-98f47eac54e2', '0d3c4b3e-1694-41dc-949e-7c9eba8e6172', '2026-02-02T03:58:03.520627', '2026-02-02T03:58:03.520627');
INSERT INTO movie_projections (id, projection_date, projection_time, cinema_hall_id, movie_id, created_at, updated_at) VALUES ('34522d1c-e587-4a25-ae0c-63bb8bf2ab79', '2026-02-26', '10:00:00', 'd1c9716d-3ece-4d7a-b937-f3a554bc32e4', '0d3c4b3e-1694-41dc-949e-7c9eba8e6172', '2026-02-02T03:58:03.520681', '2026-02-02T03:58:03.520681');
INSERT INTO movie_projections (id, projection_date, projection_time, cinema_hall_id, movie_id, created_at, updated_at) VALUES ('96befc3c-2e0a-4e9d-a4e4-541c46571c01', '2026-02-15', '13:00:00', 'e7f9e0aa-25c6-4656-a785-24a7c64ae6f7', '0d3c4b3e-1694-41dc-949e-7c9eba8e6172', '2026-02-02T03:58:03.520730', '2026-02-02T03:58:03.520730');
INSERT INTO movie_projections (id, projection_date, projection_time, cinema_hall_id, movie_id, created_at, updated_at) VALUES ('e7bca140-7a82-48b8-8175-3ddde5a07915', '2026-03-06', '16:00:00', '7bdfa823-58a4-4bc5-8b5f-d3df3b599359', '0d3c4b3e-1694-41dc-949e-7c9eba8e6172', '2026-02-02T03:58:03.520787', '2026-02-02T03:58:03.520787');
INSERT INTO movie_projections (id, projection_date, projection_time, cinema_hall_id, movie_id, created_at, updated_at) VALUES ('3baad0e8-a21b-4d90-9183-dd8ee0569cff', '2026-03-04', '19:00:00', '0330ebe1-b742-4d72-8cd5-e6cbc1b178df', '0d3c4b3e-1694-41dc-949e-7c9eba8e6172', '2026-02-02T03:58:03.520840', '2026-02-02T03:58:03.520840');
INSERT INTO movie_projections (id, projection_date, projection_time, cinema_hall_id, movie_id, created_at, updated_at) VALUES ('721f5c2c-a882-46e8-8d49-7b3447dbd67d', '2026-02-18', '19:00:00', 'f308a6cd-7db0-4e8f-9086-3b368ff8b91a', '0d3c4b3e-1694-41dc-949e-7c9eba8e6172', '2026-02-02T03:58:03.520888', '2026-02-02T03:58:03.520888');
INSERT INTO movie_projections (id, projection_date, projection_time, cinema_hall_id, movie_id, created_at, updated_at) VALUES ('678a5cce-990b-47bf-b5e2-7f4f5e647d8c', '2026-03-14', '16:00:00', '09725c82-8bbe-48ce-bc29-31b7513f46f6', '0d3c4b3e-1694-41dc-949e-7c9eba8e6172', '2026-02-02T03:58:03.520947', '2026-02-02T03:58:03.520947');
INSERT INTO movie_projections (id, projection_date, projection_time, cinema_hall_id, movie_id, created_at, updated_at) VALUES ('4ca98a3f-b1ed-4b1a-9b70-b5e3f4203d3c', '2026-02-16', '10:00:00', 'dc9298a8-a343-4ff6-a811-bccf5aa5db8f', '0d3c4b3e-1694-41dc-949e-7c9eba8e6172', '2026-02-02T03:58:03.520992', '2026-02-02T03:58:03.520992');
INSERT INTO movie_projections (id, projection_date, projection_time, cinema_hall_id, movie_id, created_at, updated_at) VALUES ('42c66b74-b276-47a4-8c78-9753932a99a4', '2026-02-02', '10:00:00', '83abf7cb-f1e0-4557-89cd-354bb575262b', '0d3c4b3e-1694-41dc-949e-7c9eba8e6172', '2026-02-02T03:58:03.521043', '2026-02-02T03:58:03.521043');
INSERT INTO movie_projections (id, projection_date, projection_time, cinema_hall_id, movie_id, created_at, updated_at) VALUES ('e752099e-098a-4b99-ab2f-b6a3341bdf58', '2026-02-05', '13:00:00', '17edc49a-9fa2-4dde-86b1-711e17e03602', '0d3c4b3e-1694-41dc-949e-7c9eba8e6172', '2026-02-02T03:58:03.521098', '2026-02-02T03:58:03.521098');
INSERT INTO movie_projections (id, projection_date, projection_time, cinema_hall_id, movie_id, created_at, updated_at) VALUES ('22973358-ec7b-4f15-b63f-d535e227bc33', '2026-02-11', '10:00:00', '7bdfa823-58a4-4bc5-8b5f-d3df3b599359', '0d3c4b3e-1694-41dc-949e-7c9eba8e6172', '2026-02-02T03:58:03.521154', '2026-02-02T03:58:03.521154');
INSERT INTO movie_projections (id, projection_date, projection_time, cinema_hall_id, movie_id, created_at, updated_at) VALUES ('4c29c6ae-ba68-42e8-b2a1-a21a2511d34f', '2026-02-20', '10:00:00', 'ff03477d-db27-4d57-bd3b-e06ed1bcdb87', '0d3c4b3e-1694-41dc-949e-7c9eba8e6172', '2026-02-02T03:58:03.521200', '2026-02-02T03:58:03.521200');
INSERT INTO movie_projections (id, projection_date, projection_time, cinema_hall_id, movie_id, created_at, updated_at) VALUES ('c8b6043e-e350-4e3c-ba49-5aaa499ca59c', '2026-02-20', '19:00:00', '09725c82-8bbe-48ce-bc29-31b7513f46f6', '0d3c4b3e-1694-41dc-949e-7c9eba8e6172', '2026-02-02T03:58:03.521252', '2026-02-02T03:58:03.521252');
INSERT INTO movie_projections (id, projection_date, projection_time, cinema_hall_id, movie_id, created_at, updated_at) VALUES ('15f54db7-35ee-4f7a-9493-a3530c88df92', '2026-03-03', '16:00:00', '83abf7cb-f1e0-4557-89cd-354bb575262b', '0d3c4b3e-1694-41dc-949e-7c9eba8e6172', '2026-02-02T03:58:03.521309', '2026-02-02T03:58:03.521309');
INSERT INTO movie_projections (id, projection_date, projection_time, cinema_hall_id, movie_id, created_at, updated_at) VALUES ('b8393232-4a97-48f1-a702-b2dc3b93c65a', '2026-02-23', '10:00:00', 'f308a6cd-7db0-4e8f-9086-3b368ff8b91a', '0d3c4b3e-1694-41dc-949e-7c9eba8e6172', '2026-02-02T03:58:03.521370', '2026-02-02T03:58:03.521370');
INSERT INTO movie_projections (id, projection_date, projection_time, cinema_hall_id, movie_id, created_at, updated_at) VALUES ('4e1d21d2-9bae-4593-b87a-bfdc3209fe33', '2026-02-25', '16:00:00', '9f106868-b214-4da4-958c-98f47eac54e2', '0d3c4b3e-1694-41dc-949e-7c9eba8e6172', '2026-02-02T03:58:03.521434', '2026-02-02T03:58:03.521434');
INSERT INTO movie_projections (id, projection_date, projection_time, cinema_hall_id, movie_id, created_at, updated_at) VALUES ('c0cb7b91-7025-4625-a79c-18346a59f602', '2026-03-09', '13:00:00', 'dc9298a8-a343-4ff6-a811-bccf5aa5db8f', '0d3c4b3e-1694-41dc-949e-7c9eba8e6172', '2026-02-02T03:58:03.521483', '2026-02-02T03:58:03.521483');
INSERT INTO movie_projections (id, projection_date, projection_time, cinema_hall_id, movie_id, created_at, updated_at) VALUES ('51c712b4-160c-46cb-8384-e3170cec0670', '2026-03-05', '13:00:00', '9f106868-b214-4da4-958c-98f47eac54e2', '0d3c4b3e-1694-41dc-949e-7c9eba8e6172', '2026-02-02T03:58:03.521528', '2026-02-02T03:58:03.521528');
INSERT INTO movie_projections (id, projection_date, projection_time, cinema_hall_id, movie_id, created_at, updated_at) VALUES ('64fd60a2-3962-4a4a-a39c-9adc733d3205', '2026-03-07', '16:00:00', 'ff03477d-db27-4d57-bd3b-e06ed1bcdb87', '0d3c4b3e-1694-41dc-949e-7c9eba8e6172', '2026-02-02T03:58:03.521574', '2026-02-02T03:58:03.521574');
INSERT INTO movie_projections (id, projection_date, projection_time, cinema_hall_id, movie_id, created_at, updated_at) VALUES ('86c7dc22-bf3b-43a8-8699-42ecc0414f01', '2026-02-04', '16:00:00', '83abf7cb-f1e0-4557-89cd-354bb575262b', '0d3c4b3e-1694-41dc-949e-7c9eba8e6172', '2026-02-02T03:58:03.521617', '2026-02-02T03:58:03.521617');
INSERT INTO movie_projections (id, projection_date, projection_time, cinema_hall_id, movie_id, created_at, updated_at) VALUES ('48ea4118-6e46-4d56-b93e-b284d9ffb7d9', '2026-02-24', '16:00:00', 'dc9298a8-a343-4ff6-a811-bccf5aa5db8f', '0d3c4b3e-1694-41dc-949e-7c9eba8e6172', '2026-02-02T03:58:03.521667', '2026-02-02T03:58:03.521667');
INSERT INTO movie_projections (id, projection_date, projection_time, cinema_hall_id, movie_id, created_at, updated_at) VALUES ('92d09796-5590-4155-a794-62ae7da2a47a', '2026-02-06', '10:00:00', '17edc49a-9fa2-4dde-86b1-711e17e03602', '0d3c4b3e-1694-41dc-949e-7c9eba8e6172', '2026-02-02T03:58:03.521712', '2026-02-02T03:58:03.521712');
INSERT INTO movie_projections (id, projection_date, projection_time, cinema_hall_id, movie_id, created_at, updated_at) VALUES ('6134b2ba-12aa-4ded-b838-d1a443d15cf5', '2026-02-17', '13:00:00', 'dc9298a8-a343-4ff6-a811-bccf5aa5db8f', '0d3c4b3e-1694-41dc-949e-7c9eba8e6172', '2026-02-02T03:58:03.521756', '2026-02-02T03:58:03.521756');
INSERT INTO movie_projections (id, projection_date, projection_time, cinema_hall_id, movie_id, created_at, updated_at) VALUES ('2fa9e7f0-562c-4675-9c7b-d6f795afca08', '2026-03-08', '19:00:00', '83abf7cb-f1e0-4557-89cd-354bb575262b', '0d3c4b3e-1694-41dc-949e-7c9eba8e6172', '2026-02-02T03:58:03.521803', '2026-02-02T03:58:03.521803');
INSERT INTO movie_projections (id, projection_date, projection_time, cinema_hall_id, movie_id, created_at, updated_at) VALUES ('29a3b61c-ce26-4ecf-8406-db3cfd9677ef', '2026-02-08', '16:00:00', 'f308a6cd-7db0-4e8f-9086-3b368ff8b91a', '0d3c4b3e-1694-41dc-949e-7c9eba8e6172', '2026-02-02T03:58:03.521855', '2026-02-02T03:58:03.521855');
INSERT INTO movie_projections (id, projection_date, projection_time, cinema_hall_id, movie_id, created_at, updated_at) VALUES ('1201406e-c89e-4bbe-be32-6a04b7305e8c', '2026-03-07', '19:00:00', 'e7f9e0aa-25c6-4656-a785-24a7c64ae6f7', '0d3c4b3e-1694-41dc-949e-7c9eba8e6172', '2026-02-02T03:58:03.521901', '2026-02-02T03:58:03.521901');
INSERT INTO movie_projections (id, projection_date, projection_time, cinema_hall_id, movie_id, created_at, updated_at) VALUES ('9c039494-ce26-4fd3-b910-329e0013d6d6', '2026-02-03', '10:00:00', '7bdfa823-58a4-4bc5-8b5f-d3df3b599359', '0d3c4b3e-1694-41dc-949e-7c9eba8e6172', '2026-02-02T03:58:03.521993', '2026-02-02T03:58:03.521993');
INSERT INTO movie_projections (id, projection_date, projection_time, cinema_hall_id, movie_id, created_at, updated_at) VALUES ('8b771b24-833f-4842-aa4b-28024ade3006', '2026-02-19', '19:00:00', '0330ebe1-b742-4d72-8cd5-e6cbc1b178df', '0d3c4b3e-1694-41dc-949e-7c9eba8e6172', '2026-02-02T03:58:03.522066', '2026-02-02T03:58:03.522066');
INSERT INTO movie_projections (id, projection_date, projection_time, cinema_hall_id, movie_id, created_at, updated_at) VALUES ('cc45fa92-1aa4-4d84-966e-ce4606b1fea3', '2026-02-02', '13:00:00', 'f308a6cd-7db0-4e8f-9086-3b368ff8b91a', '0d3c4b3e-1694-41dc-949e-7c9eba8e6172', '2026-02-02T03:58:03.522119', '2026-02-02T03:58:03.522119');
INSERT INTO movie_projections (id, projection_date, projection_time, cinema_hall_id, movie_id, created_at, updated_at) VALUES ('66946074-ce94-40fb-83c2-06eaf749665d', '2026-03-06', '10:00:00', '17edc49a-9fa2-4dde-86b1-711e17e03602', '0d3c4b3e-1694-41dc-949e-7c9eba8e6172', '2026-02-02T03:58:03.522175', '2026-02-02T03:58:03.522175');
INSERT INTO movie_projections (id, projection_date, projection_time, cinema_hall_id, movie_id, created_at, updated_at) VALUES ('844e3dd4-13be-4be0-89ab-7d382e9eb60d', '2026-02-02', '16:00:00', '09725c82-8bbe-48ce-bc29-31b7513f46f6', '0d3c4b3e-1694-41dc-949e-7c9eba8e6172', '2026-02-02T03:58:03.522226', '2026-02-02T03:58:03.522226');
INSERT INTO movie_projections (id, projection_date, projection_time, cinema_hall_id, movie_id, created_at, updated_at) VALUES ('a7708487-1930-485d-a3f8-8a05d7de0da6', '2026-02-10', '16:00:00', '7bdfa823-58a4-4bc5-8b5f-d3df3b599359', '0d3c4b3e-1694-41dc-949e-7c9eba8e6172', '2026-02-02T03:58:03.522274', '2026-02-02T03:58:03.522274');
INSERT INTO movie_projections (id, projection_date, projection_time, cinema_hall_id, movie_id, created_at, updated_at) VALUES ('1afcc147-4767-4232-a2e0-fbb55bd1758a', '2026-02-23', '19:00:00', 'dc9298a8-a343-4ff6-a811-bccf5aa5db8f', '0d3c4b3e-1694-41dc-949e-7c9eba8e6172', '2026-02-02T03:58:03.522324', '2026-02-02T03:58:03.522324');
INSERT INTO movie_projections (id, projection_date, projection_time, cinema_hall_id, movie_id, created_at, updated_at) VALUES ('f4b7dcab-c55b-4c37-a9ed-9deb56231f34', '2026-03-08', '16:00:00', '17edc49a-9fa2-4dde-86b1-711e17e03602', '0d3c4b3e-1694-41dc-949e-7c9eba8e6172', '2026-02-02T03:58:03.522369', '2026-02-02T03:58:03.522369');
INSERT INTO movie_projections (id, projection_date, projection_time, cinema_hall_id, movie_id, created_at, updated_at) VALUES ('5f0e0153-10fe-49e4-a6bc-c4806e3fcc04', '2026-02-24', '13:00:00', 'dc9298a8-a343-4ff6-a811-bccf5aa5db8f', '0d3c4b3e-1694-41dc-949e-7c9eba8e6172', '2026-02-02T03:58:03.522416', '2026-02-02T03:58:03.522416');
INSERT INTO movie_projections (id, projection_date, projection_time, cinema_hall_id, movie_id, created_at, updated_at) VALUES ('09cf36e0-e8ca-48e1-96b2-dc594b2d67bd', '2026-04-13', '19:00:00', 'ff03477d-db27-4d57-bd3b-e06ed1bcdb87', 'cd93087e-fdc2-4c94-ba3c-d9fc6f3abcb7', '2026-02-02T03:58:03.522472', '2026-02-02T03:58:03.522472');
INSERT INTO movie_projections (id, projection_date, projection_time, cinema_hall_id, movie_id, created_at, updated_at) VALUES ('3a42b4f8-b8cd-4576-a031-5d816e2a7d0a', '2026-03-22', '16:00:00', '83abf7cb-f1e0-4557-89cd-354bb575262b', 'cd93087e-fdc2-4c94-ba3c-d9fc6f3abcb7', '2026-02-02T03:58:03.522524', '2026-02-02T03:58:03.522524');
INSERT INTO movie_projections (id, projection_date, projection_time, cinema_hall_id, movie_id, created_at, updated_at) VALUES ('f9745a27-7aa0-4eaf-b644-827f75f0cd88', '2026-03-22', '16:00:00', '0330ebe1-b742-4d72-8cd5-e6cbc1b178df', 'cd93087e-fdc2-4c94-ba3c-d9fc6f3abcb7', '2026-02-02T03:58:03.522569', '2026-02-02T03:58:03.522569');
INSERT INTO movie_projections (id, projection_date, projection_time, cinema_hall_id, movie_id, created_at, updated_at) VALUES ('613802e4-7134-41a5-a2b4-308293768224', '2026-02-22', '19:00:00', '17edc49a-9fa2-4dde-86b1-711e17e03602', 'cd93087e-fdc2-4c94-ba3c-d9fc6f3abcb7', '2026-02-02T03:58:03.522611', '2026-02-02T03:58:03.522611');
INSERT INTO movie_projections (id, projection_date, projection_time, cinema_hall_id, movie_id, created_at, updated_at) VALUES ('57888474-9110-4aef-b311-a0f941849d20', '2026-02-27', '13:00:00', 'ff03477d-db27-4d57-bd3b-e06ed1bcdb87', 'cd93087e-fdc2-4c94-ba3c-d9fc6f3abcb7', '2026-02-02T03:58:03.522653', '2026-02-02T03:58:03.522653');
INSERT INTO movie_projections (id, projection_date, projection_time, cinema_hall_id, movie_id, created_at, updated_at) VALUES ('b97af900-c057-4030-9f05-aad59aa2454a', '2026-04-04', '19:00:00', 'dc9298a8-a343-4ff6-a811-bccf5aa5db8f', 'cd93087e-fdc2-4c94-ba3c-d9fc6f3abcb7', '2026-02-02T03:58:03.522700', '2026-02-02T03:58:03.522700');
INSERT INTO movie_projections (id, projection_date, projection_time, cinema_hall_id, movie_id, created_at, updated_at) VALUES ('dd086c0f-6ccc-44e6-8c14-f66d9034eadb', '2026-02-07', '19:00:00', '9f106868-b214-4da4-958c-98f47eac54e2', 'cd93087e-fdc2-4c94-ba3c-d9fc6f3abcb7', '2026-02-02T03:58:03.522741', '2026-02-02T03:58:03.522741');
INSERT INTO movie_projections (id, projection_date, projection_time, cinema_hall_id, movie_id, created_at, updated_at) VALUES ('bc254547-010b-4b13-9799-ee5bf84d7c2c', '2026-02-02', '13:00:00', '17edc49a-9fa2-4dde-86b1-711e17e03602', 'cd93087e-fdc2-4c94-ba3c-d9fc6f3abcb7', '2026-02-02T03:58:03.522783', '2026-02-02T03:58:03.522783');
INSERT INTO movie_projections (id, projection_date, projection_time, cinema_hall_id, movie_id, created_at, updated_at) VALUES ('59d609c6-e9b4-44e8-a804-0b704df255a1', '2026-03-02', '19:00:00', '9f106868-b214-4da4-958c-98f47eac54e2', 'cd93087e-fdc2-4c94-ba3c-d9fc6f3abcb7', '2026-02-02T03:58:03.522824', '2026-02-02T03:58:03.522824');
INSERT INTO movie_projections (id, projection_date, projection_time, cinema_hall_id, movie_id, created_at, updated_at) VALUES ('4f4e5c25-0052-4159-bb2a-274e441f15d6', '2026-03-21', '19:00:00', '9f106868-b214-4da4-958c-98f47eac54e2', 'cd93087e-fdc2-4c94-ba3c-d9fc6f3abcb7', '2026-02-02T03:58:03.522876', '2026-02-02T03:58:03.522876');
INSERT INTO movie_projections (id, projection_date, projection_time, cinema_hall_id, movie_id, created_at, updated_at) VALUES ('d212ba73-73c6-4f6b-b736-e3cde7656b5f', '2026-03-09', '16:00:00', 'dc9298a8-a343-4ff6-a811-bccf5aa5db8f', 'cd93087e-fdc2-4c94-ba3c-d9fc6f3abcb7', '2026-02-02T03:58:03.522938', '2026-02-02T03:58:03.522938');
INSERT INTO movie_projections (id, projection_date, projection_time, cinema_hall_id, movie_id, created_at, updated_at) VALUES ('19f5f017-d939-43ec-86bc-b9b3e9c9b27c', '2026-03-13', '13:00:00', 'd1c9716d-3ece-4d7a-b937-f3a554bc32e4', 'cd93087e-fdc2-4c94-ba3c-d9fc6f3abcb7', '2026-02-02T03:58:03.522992', '2026-02-02T03:58:03.522992');
INSERT INTO movie_projections (id, projection_date, projection_time, cinema_hall_id, movie_id, created_at, updated_at) VALUES ('827363b6-2284-4bc1-8740-d467e3a2b8b9', '2026-02-12', '13:00:00', '83abf7cb-f1e0-4557-89cd-354bb575262b', 'cd93087e-fdc2-4c94-ba3c-d9fc6f3abcb7', '2026-02-02T03:58:03.523041', '2026-02-02T03:58:03.523041');
INSERT INTO movie_projections (id, projection_date, projection_time, cinema_hall_id, movie_id, created_at, updated_at) VALUES ('6dff01c3-40ef-47ca-a4e3-c3ec6eb78b10', '2026-02-20', '13:00:00', '17edc49a-9fa2-4dde-86b1-711e17e03602', 'cd93087e-fdc2-4c94-ba3c-d9fc6f3abcb7', '2026-02-02T03:58:03.523101', '2026-02-02T03:58:03.523101');
INSERT INTO movie_projections (id, projection_date, projection_time, cinema_hall_id, movie_id, created_at, updated_at) VALUES ('f3a18959-c280-4e55-90bb-47e1b504f523', '2026-02-26', '19:00:00', '17edc49a-9fa2-4dde-86b1-711e17e03602', 'cd93087e-fdc2-4c94-ba3c-d9fc6f3abcb7', '2026-02-02T03:58:03.523151', '2026-02-02T03:58:03.523151');
INSERT INTO movie_projections (id, projection_date, projection_time, cinema_hall_id, movie_id, created_at, updated_at) VALUES ('6441bee8-66eb-4fec-9617-7cfeafb6a8b5', '2026-03-15', '13:00:00', '17edc49a-9fa2-4dde-86b1-711e17e03602', 'cd93087e-fdc2-4c94-ba3c-d9fc6f3abcb7', '2026-02-02T03:58:03.523207', '2026-02-02T03:58:03.523207');
INSERT INTO movie_projections (id, projection_date, projection_time, cinema_hall_id, movie_id, created_at, updated_at) VALUES ('795315d2-3621-4082-828c-70eb14d3299f', '2026-03-23', '16:00:00', '83abf7cb-f1e0-4557-89cd-354bb575262b', 'cd93087e-fdc2-4c94-ba3c-d9fc6f3abcb7', '2026-02-02T03:58:03.523263', '2026-02-02T03:58:03.523263');
INSERT INTO movie_projections (id, projection_date, projection_time, cinema_hall_id, movie_id, created_at, updated_at) VALUES ('f4984a0c-da42-4027-933b-4090986f6302', '2026-04-13', '19:00:00', '9f106868-b214-4da4-958c-98f47eac54e2', 'cd93087e-fdc2-4c94-ba3c-d9fc6f3abcb7', '2026-02-02T03:58:03.523311', '2026-02-02T03:58:03.523311');
INSERT INTO movie_projections (id, projection_date, projection_time, cinema_hall_id, movie_id, created_at, updated_at) VALUES ('6424c54c-f3d9-40f5-9145-06f31490dafc', '2026-04-02', '19:00:00', 'dc9298a8-a343-4ff6-a811-bccf5aa5db8f', 'cd93087e-fdc2-4c94-ba3c-d9fc6f3abcb7', '2026-02-02T03:58:03.523357', '2026-02-02T03:58:03.523357');
INSERT INTO movie_projections (id, projection_date, projection_time, cinema_hall_id, movie_id, created_at, updated_at) VALUES ('29e42988-f407-4107-b2dc-a7fc3fdeed12', '2026-04-02', '16:00:00', '7bdfa823-58a4-4bc5-8b5f-d3df3b599359', 'cd93087e-fdc2-4c94-ba3c-d9fc6f3abcb7', '2026-02-02T03:58:03.523401', '2026-02-02T03:58:03.523401');
INSERT INTO movie_projections (id, projection_date, projection_time, cinema_hall_id, movie_id, created_at, updated_at) VALUES ('78eb78df-2514-439d-bfa5-8ee9b7c4925f', '2026-03-09', '10:00:00', '09725c82-8bbe-48ce-bc29-31b7513f46f6', 'cd93087e-fdc2-4c94-ba3c-d9fc6f3abcb7', '2026-02-02T03:58:03.523443', '2026-02-02T03:58:03.523443');
INSERT INTO movie_projections (id, projection_date, projection_time, cinema_hall_id, movie_id, created_at, updated_at) VALUES ('e3a764e4-5df2-46fa-ad06-68fc2ba4ba19', '2026-03-26', '13:00:00', '9f106868-b214-4da4-958c-98f47eac54e2', 'cd93087e-fdc2-4c94-ba3c-d9fc6f3abcb7', '2026-02-02T03:58:03.523501', '2026-02-02T03:58:03.523501');
INSERT INTO movie_projections (id, projection_date, projection_time, cinema_hall_id, movie_id, created_at, updated_at) VALUES ('aea25ffe-2ff2-4f0a-ba40-a8e5eae04e71', '2026-02-12', '16:00:00', '09725c82-8bbe-48ce-bc29-31b7513f46f6', 'cd93087e-fdc2-4c94-ba3c-d9fc6f3abcb7', '2026-02-02T03:58:03.523557', '2026-02-02T03:58:03.523557');
INSERT INTO movie_projections (id, projection_date, projection_time, cinema_hall_id, movie_id, created_at, updated_at) VALUES ('923dd2e8-9cae-47d4-a3d6-02818a30bc01', '2026-02-07', '16:00:00', 'f308a6cd-7db0-4e8f-9086-3b368ff8b91a', 'cd93087e-fdc2-4c94-ba3c-d9fc6f3abcb7', '2026-02-02T03:58:03.523609', '2026-02-02T03:58:03.523609');
INSERT INTO movie_projections (id, projection_date, projection_time, cinema_hall_id, movie_id, created_at, updated_at) VALUES ('79dc9a2d-7b12-4dfd-84e0-1170490fdf80', '2026-03-23', '19:00:00', '0330ebe1-b742-4d72-8cd5-e6cbc1b178df', 'cd93087e-fdc2-4c94-ba3c-d9fc6f3abcb7', '2026-02-02T03:58:03.523660', '2026-02-02T03:58:03.523660');
INSERT INTO movie_projections (id, projection_date, projection_time, cinema_hall_id, movie_id, created_at, updated_at) VALUES ('a4df61a9-69fd-42c7-957c-6b23582904b0', '2026-02-20', '19:00:00', 'e7f9e0aa-25c6-4656-a785-24a7c64ae6f7', 'cd93087e-fdc2-4c94-ba3c-d9fc6f3abcb7', '2026-02-02T03:58:03.523712', '2026-02-02T03:58:03.523712');
INSERT INTO movie_projections (id, projection_date, projection_time, cinema_hall_id, movie_id, created_at, updated_at) VALUES ('e0109ae9-d399-44a5-a1d4-41b81c5c2891', '2026-03-03', '13:00:00', '0330ebe1-b742-4d72-8cd5-e6cbc1b178df', 'cd93087e-fdc2-4c94-ba3c-d9fc6f3abcb7', '2026-02-02T03:58:03.523759', '2026-02-02T03:58:03.523759');
INSERT INTO movie_projections (id, projection_date, projection_time, cinema_hall_id, movie_id, created_at, updated_at) VALUES ('41d8fe94-f1ab-4b90-bfcb-bf155b4dc565', '2026-02-16', '13:00:00', 'd1c9716d-3ece-4d7a-b937-f3a554bc32e4', 'cd93087e-fdc2-4c94-ba3c-d9fc6f3abcb7', '2026-02-02T03:58:03.523788', '2026-02-02T03:58:03.523788');
INSERT INTO movie_projections (id, projection_date, projection_time, cinema_hall_id, movie_id, created_at, updated_at) VALUES ('b2ff100f-1c2a-4987-a9f7-aa1fcf2de0c5', '2026-04-08', '19:00:00', '7bdfa823-58a4-4bc5-8b5f-d3df3b599359', 'cd93087e-fdc2-4c94-ba3c-d9fc6f3abcb7', '2026-02-02T03:58:03.523814', '2026-02-02T03:58:03.523814');
INSERT INTO movie_projections (id, projection_date, projection_time, cinema_hall_id, movie_id, created_at, updated_at) VALUES ('22ffcc73-1901-4876-a3e0-ddcee18c615e', '2026-04-02', '13:00:00', '9f106868-b214-4da4-958c-98f47eac54e2', 'cd93087e-fdc2-4c94-ba3c-d9fc6f3abcb7', '2026-02-02T03:58:03.523847', '2026-02-02T03:58:03.523847');
INSERT INTO movie_projections (id, projection_date, projection_time, cinema_hall_id, movie_id, created_at, updated_at) VALUES ('5b5b7bcc-b447-4853-bd93-3314f462ca01', '2026-04-08', '16:00:00', 'e7f9e0aa-25c6-4656-a785-24a7c64ae6f7', 'cd93087e-fdc2-4c94-ba3c-d9fc6f3abcb7', '2026-02-02T03:58:03.523873', '2026-02-02T03:58:03.523873');
INSERT INTO movie_projections (id, projection_date, projection_time, cinema_hall_id, movie_id, created_at, updated_at) VALUES ('23fee4b3-a925-4938-abf2-10138a2b8dd0', '2026-04-06', '10:00:00', 'd1c9716d-3ece-4d7a-b937-f3a554bc32e4', 'cd93087e-fdc2-4c94-ba3c-d9fc6f3abcb7', '2026-02-02T03:58:03.523900', '2026-02-02T03:58:03.523900');
INSERT INTO movie_projections (id, projection_date, projection_time, cinema_hall_id, movie_id, created_at, updated_at) VALUES ('e9db2fb2-c4dc-42c7-aa10-e8bb162e99e6', '2026-02-24', '19:00:00', '9f106868-b214-4da4-958c-98f47eac54e2', 'cd93087e-fdc2-4c94-ba3c-d9fc6f3abcb7', '2026-02-02T03:58:03.523925', '2026-02-02T03:58:03.523925');
INSERT INTO movie_projections (id, projection_date, projection_time, cinema_hall_id, movie_id, created_at, updated_at) VALUES ('c339e8dc-b2bb-4755-a162-b0401051bf39', '2026-04-02', '13:00:00', '83abf7cb-f1e0-4557-89cd-354bb575262b', 'cd93087e-fdc2-4c94-ba3c-d9fc6f3abcb7', '2026-02-02T03:58:03.523962', '2026-02-02T03:58:03.523962');
INSERT INTO movie_projections (id, projection_date, projection_time, cinema_hall_id, movie_id, created_at, updated_at) VALUES ('f7654262-ae6a-4d1d-9d36-9b8011b89656', '2026-02-07', '19:00:00', 'f308a6cd-7db0-4e8f-9086-3b368ff8b91a', 'cd93087e-fdc2-4c94-ba3c-d9fc6f3abcb7', '2026-02-02T03:58:03.523985', '2026-02-02T03:58:03.523985');
INSERT INTO movie_projections (id, projection_date, projection_time, cinema_hall_id, movie_id, created_at, updated_at) VALUES ('09a5cd39-e446-4143-8db2-ac4f7bf6ba4e', '2026-03-12', '10:00:00', 'e7f9e0aa-25c6-4656-a785-24a7c64ae6f7', 'cd93087e-fdc2-4c94-ba3c-d9fc6f3abcb7', '2026-02-02T03:58:03.524010', '2026-02-02T03:58:03.524010');
INSERT INTO movie_projections (id, projection_date, projection_time, cinema_hall_id, movie_id, created_at, updated_at) VALUES ('4871fae1-586e-45b0-9e92-62d80e71ea31', '2026-02-20', '16:00:00', 'f308a6cd-7db0-4e8f-9086-3b368ff8b91a', 'cd93087e-fdc2-4c94-ba3c-d9fc6f3abcb7', '2026-02-02T03:58:03.524033', '2026-02-02T03:58:03.524033');
INSERT INTO movie_projections (id, projection_date, projection_time, cinema_hall_id, movie_id, created_at, updated_at) VALUES ('9f2f24f8-8fc1-4d12-a2cb-663fb7d6833a', '2026-02-18', '13:00:00', '09725c82-8bbe-48ce-bc29-31b7513f46f6', 'cd93087e-fdc2-4c94-ba3c-d9fc6f3abcb7', '2026-02-02T03:58:03.524058', '2026-02-02T03:58:03.524058');
INSERT INTO movie_projections (id, projection_date, projection_time, cinema_hall_id, movie_id, created_at, updated_at) VALUES ('a6d339c3-3075-4d1f-9aa1-6812fd96d627', '2026-02-25', '16:00:00', '17edc49a-9fa2-4dde-86b1-711e17e03602', 'cd93087e-fdc2-4c94-ba3c-d9fc6f3abcb7', '2026-02-02T03:58:03.524082', '2026-02-02T03:58:03.524082');
INSERT INTO movie_projections (id, projection_date, projection_time, cinema_hall_id, movie_id, created_at, updated_at) VALUES ('c0fdc4b2-0169-432b-b52f-984b8dbb3a71', '2026-03-05', '10:00:00', 'e7f9e0aa-25c6-4656-a785-24a7c64ae6f7', 'cd93087e-fdc2-4c94-ba3c-d9fc6f3abcb7', '2026-02-02T03:58:03.524105', '2026-02-02T03:58:03.524105');
INSERT INTO movie_projections (id, projection_date, projection_time, cinema_hall_id, movie_id, created_at, updated_at) VALUES ('643bdf03-3ffb-4c69-95a4-319b5a6bc21e', '2026-03-04', '13:00:00', '0330ebe1-b742-4d72-8cd5-e6cbc1b178df', '60ce5fb3-7cd3-4e65-8f6b-c1f278e14233', '2026-02-02T03:58:03.524133', '2026-02-02T03:58:03.524133');
INSERT INTO movie_projections (id, projection_date, projection_time, cinema_hall_id, movie_id, created_at, updated_at) VALUES ('ac9e7779-ba03-4b48-95cd-8909e87945c0', '2026-03-06', '13:00:00', 'dc9298a8-a343-4ff6-a811-bccf5aa5db8f', '60ce5fb3-7cd3-4e65-8f6b-c1f278e14233', '2026-02-02T03:58:03.524156', '2026-02-02T03:58:03.524156');
INSERT INTO movie_projections (id, projection_date, projection_time, cinema_hall_id, movie_id, created_at, updated_at) VALUES ('1347a59e-c21c-4a5d-ac8d-7d0a38b279ad', '2026-03-11', '13:00:00', 'dc9298a8-a343-4ff6-a811-bccf5aa5db8f', '60ce5fb3-7cd3-4e65-8f6b-c1f278e14233', '2026-02-02T03:58:03.524179', '2026-02-02T03:58:03.524179');
INSERT INTO movie_projections (id, projection_date, projection_time, cinema_hall_id, movie_id, created_at, updated_at) VALUES ('935aa046-ab55-4560-ae76-b3819bc44983', '2026-02-12', '10:00:00', '7bdfa823-58a4-4bc5-8b5f-d3df3b599359', '60ce5fb3-7cd3-4e65-8f6b-c1f278e14233', '2026-02-02T03:58:03.524202', '2026-02-02T03:58:03.524202');
INSERT INTO movie_projections (id, projection_date, projection_time, cinema_hall_id, movie_id, created_at, updated_at) VALUES ('1bea8bec-cd22-41e1-9c76-daacae19518d', '2026-02-26', '10:00:00', '9f106868-b214-4da4-958c-98f47eac54e2', '60ce5fb3-7cd3-4e65-8f6b-c1f278e14233', '2026-02-02T03:58:03.524225', '2026-02-02T03:58:03.524225');
INSERT INTO movie_projections (id, projection_date, projection_time, cinema_hall_id, movie_id, created_at, updated_at) VALUES ('4b0d8886-2852-483d-be6e-c1140de5bbdf', '2026-02-05', '10:00:00', '09725c82-8bbe-48ce-bc29-31b7513f46f6', '60ce5fb3-7cd3-4e65-8f6b-c1f278e14233', '2026-02-02T03:58:03.524250', '2026-02-02T03:58:03.524250');
INSERT INTO movie_projections (id, projection_date, projection_time, cinema_hall_id, movie_id, created_at, updated_at) VALUES ('85a0590b-3e64-4a06-aa35-c6605f465276', '2026-03-05', '10:00:00', '17edc49a-9fa2-4dde-86b1-711e17e03602', '60ce5fb3-7cd3-4e65-8f6b-c1f278e14233', '2026-02-02T03:58:03.524273', '2026-02-02T03:58:03.524273');
INSERT INTO movie_projections (id, projection_date, projection_time, cinema_hall_id, movie_id, created_at, updated_at) VALUES ('733f90a1-caac-416c-9ff4-20040f3cfb2c', '2026-02-16', '16:00:00', '0330ebe1-b742-4d72-8cd5-e6cbc1b178df', '60ce5fb3-7cd3-4e65-8f6b-c1f278e14233', '2026-02-02T03:58:03.524296', '2026-02-02T03:58:03.524296');
INSERT INTO movie_projections (id, projection_date, projection_time, cinema_hall_id, movie_id, created_at, updated_at) VALUES ('11dbad4c-fa90-4723-9a5e-8085225bb289', '2026-02-11', '13:00:00', '7bdfa823-58a4-4bc5-8b5f-d3df3b599359', '60ce5fb3-7cd3-4e65-8f6b-c1f278e14233', '2026-02-02T03:58:03.524319', '2026-02-02T03:58:03.524319');
INSERT INTO movie_projections (id, projection_date, projection_time, cinema_hall_id, movie_id, created_at, updated_at) VALUES ('8fa1299a-5ba7-4306-a665-0c4e7eaa8b17', '2026-02-28', '13:00:00', '83abf7cb-f1e0-4557-89cd-354bb575262b', '60ce5fb3-7cd3-4e65-8f6b-c1f278e14233', '2026-02-02T03:58:03.524342', '2026-02-02T03:58:03.524342');
INSERT INTO movie_projections (id, projection_date, projection_time, cinema_hall_id, movie_id, created_at, updated_at) VALUES ('5c94295a-e32b-4a48-b1a4-8eb437b9846f', '2026-03-18', '16:00:00', '9f106868-b214-4da4-958c-98f47eac54e2', '60ce5fb3-7cd3-4e65-8f6b-c1f278e14233', '2026-02-02T03:58:03.524366', '2026-02-02T03:58:03.524366');
INSERT INTO movie_projections (id, projection_date, projection_time, cinema_hall_id, movie_id, created_at, updated_at) VALUES ('e56fc29c-ab53-4a29-91ac-d1c431856ba3', '2026-03-10', '16:00:00', 'f308a6cd-7db0-4e8f-9086-3b368ff8b91a', '60ce5fb3-7cd3-4e65-8f6b-c1f278e14233', '2026-02-02T03:58:03.524389', '2026-02-02T03:58:03.524389');
INSERT INTO movie_projections (id, projection_date, projection_time, cinema_hall_id, movie_id, created_at, updated_at) VALUES ('bad761ea-178c-42fc-acc7-ed3e1f4972fe', '2026-03-07', '19:00:00', '9f106868-b214-4da4-958c-98f47eac54e2', '60ce5fb3-7cd3-4e65-8f6b-c1f278e14233', '2026-02-02T03:58:03.524411', '2026-02-02T03:58:03.524411');
INSERT INTO movie_projections (id, projection_date, projection_time, cinema_hall_id, movie_id, created_at, updated_at) VALUES ('9c30467d-31c3-4c6e-9d83-95966c794153', '2026-03-19', '10:00:00', 'ff03477d-db27-4d57-bd3b-e06ed1bcdb87', '60ce5fb3-7cd3-4e65-8f6b-c1f278e14233', '2026-02-02T03:58:03.524440', '2026-02-02T03:58:03.524440');
INSERT INTO movie_projections (id, projection_date, projection_time, cinema_hall_id, movie_id, created_at, updated_at) VALUES ('275d59ee-e263-4ac5-89ad-bfd6060272c6', '2026-02-20', '13:00:00', '9f106868-b214-4da4-958c-98f47eac54e2', '60ce5fb3-7cd3-4e65-8f6b-c1f278e14233', '2026-02-02T03:58:03.524464', '2026-02-02T03:58:03.524464');
INSERT INTO movie_projections (id, projection_date, projection_time, cinema_hall_id, movie_id, created_at, updated_at) VALUES ('3f180e7e-9825-4ed5-bbe8-de4e357e8c8d', '2026-03-04', '10:00:00', 'd1c9716d-3ece-4d7a-b937-f3a554bc32e4', '60ce5fb3-7cd3-4e65-8f6b-c1f278e14233', '2026-02-02T03:58:03.524487', '2026-02-02T03:58:03.524487');
INSERT INTO movie_projections (id, projection_date, projection_time, cinema_hall_id, movie_id, created_at, updated_at) VALUES ('8520c61c-f21c-49b7-9db5-34d0aaecdcc6', '2026-03-15', '19:00:00', '9f106868-b214-4da4-958c-98f47eac54e2', '60ce5fb3-7cd3-4e65-8f6b-c1f278e14233', '2026-02-02T03:58:03.524510', '2026-02-02T03:58:03.524510');
INSERT INTO movie_projections (id, projection_date, projection_time, cinema_hall_id, movie_id, created_at, updated_at) VALUES ('07c8c087-40f8-4bb1-8f6e-8468d330b134', '2026-03-10', '13:00:00', '0330ebe1-b742-4d72-8cd5-e6cbc1b178df', '60ce5fb3-7cd3-4e65-8f6b-c1f278e14233', '2026-02-02T03:58:03.524535', '2026-02-02T03:58:03.524535');
INSERT INTO movie_projections (id, projection_date, projection_time, cinema_hall_id, movie_id, created_at, updated_at) VALUES ('eff33b7d-81d3-4b2e-9449-2863a6fbbe8c', '2026-02-19', '19:00:00', 'ff03477d-db27-4d57-bd3b-e06ed1bcdb87', '60ce5fb3-7cd3-4e65-8f6b-c1f278e14233', '2026-02-02T03:58:03.524558', '2026-02-02T03:58:03.524558');
INSERT INTO movie_projections (id, projection_date, projection_time, cinema_hall_id, movie_id, created_at, updated_at) VALUES ('9f068e2d-84c1-4a4f-abd7-c1bd3c9c801c', '2026-03-11', '13:00:00', 'dc9298a8-a343-4ff6-a811-bccf5aa5db8f', '60ce5fb3-7cd3-4e65-8f6b-c1f278e14233', '2026-02-02T03:58:03.524580', '2026-02-02T03:58:03.524580');
INSERT INTO movie_projections (id, projection_date, projection_time, cinema_hall_id, movie_id, created_at, updated_at) VALUES ('7a634a5c-4fa9-4891-9968-8b6bfa9bb5a7', '2026-02-12', '13:00:00', '0330ebe1-b742-4d72-8cd5-e6cbc1b178df', '60ce5fb3-7cd3-4e65-8f6b-c1f278e14233', '2026-02-02T03:58:03.524603', '2026-02-02T03:58:03.524603');
INSERT INTO movie_projections (id, projection_date, projection_time, cinema_hall_id, movie_id, created_at, updated_at) VALUES ('3611bf29-231e-4296-a90d-c3438c844f94', '2026-02-08', '13:00:00', '83abf7cb-f1e0-4557-89cd-354bb575262b', '60ce5fb3-7cd3-4e65-8f6b-c1f278e14233', '2026-02-02T03:58:03.524629', '2026-02-02T03:58:03.524629');
INSERT INTO movie_projections (id, projection_date, projection_time, cinema_hall_id, movie_id, created_at, updated_at) VALUES ('ce04548f-fd28-49e4-906e-ddcc90cd6744', '2026-03-15', '19:00:00', 'dc9298a8-a343-4ff6-a811-bccf5aa5db8f', '60ce5fb3-7cd3-4e65-8f6b-c1f278e14233', '2026-02-02T03:58:03.524652', '2026-02-02T03:58:03.524652');
INSERT INTO movie_projections (id, projection_date, projection_time, cinema_hall_id, movie_id, created_at, updated_at) VALUES ('d0ce76a2-1d58-4794-a43e-b6a69a49d372', '2026-02-06', '19:00:00', 'd1c9716d-3ece-4d7a-b937-f3a554bc32e4', '60ce5fb3-7cd3-4e65-8f6b-c1f278e14233', '2026-02-02T03:58:03.524675', '2026-02-02T03:58:03.524675');
INSERT INTO movie_projections (id, projection_date, projection_time, cinema_hall_id, movie_id, created_at, updated_at) VALUES ('101ceadd-7809-4639-a80c-6748ac05c9e8', '2026-02-10', '16:00:00', 'dc9298a8-a343-4ff6-a811-bccf5aa5db8f', '60ce5fb3-7cd3-4e65-8f6b-c1f278e14233', '2026-02-02T03:58:03.524698', '2026-02-02T03:58:03.524698');
INSERT INTO movie_projections (id, projection_date, projection_time, cinema_hall_id, movie_id, created_at, updated_at) VALUES ('83e601fc-e3e9-4c01-88c1-59f989d4fb48', '2026-03-15', '19:00:00', '17edc49a-9fa2-4dde-86b1-711e17e03602', '60ce5fb3-7cd3-4e65-8f6b-c1f278e14233', '2026-02-02T03:58:03.524721', '2026-02-02T03:58:03.524721');
INSERT INTO movie_projections (id, projection_date, projection_time, cinema_hall_id, movie_id, created_at, updated_at) VALUES ('05274c26-6c2a-47b1-9bce-a94f120f4d0d', '2026-02-04', '19:00:00', '17edc49a-9fa2-4dde-86b1-711e17e03602', '60ce5fb3-7cd3-4e65-8f6b-c1f278e14233', '2026-02-02T03:58:03.524744', '2026-02-02T03:58:03.524744');
INSERT INTO movie_projections (id, projection_date, projection_time, cinema_hall_id, movie_id, created_at, updated_at) VALUES ('5d251e21-8d4f-4699-ae1d-d2e8bc9754cc', '2026-03-08', '13:00:00', 'f308a6cd-7db0-4e8f-9086-3b368ff8b91a', '60ce5fb3-7cd3-4e65-8f6b-c1f278e14233', '2026-02-02T03:58:03.524767', '2026-02-02T03:58:03.524767');
INSERT INTO movie_projections (id, projection_date, projection_time, cinema_hall_id, movie_id, created_at, updated_at) VALUES ('1701916a-1221-48a6-8834-5afd2477cbed', '2026-02-10', '13:00:00', '0330ebe1-b742-4d72-8cd5-e6cbc1b178df', '60ce5fb3-7cd3-4e65-8f6b-c1f278e14233', '2026-02-02T03:58:03.524790', '2026-02-02T03:58:03.524790');
INSERT INTO movie_projections (id, projection_date, projection_time, cinema_hall_id, movie_id, created_at, updated_at) VALUES ('6c0866c0-d407-4fa2-8ff5-5ad0c770a3e8', '2026-03-05', '19:00:00', '83abf7cb-f1e0-4557-89cd-354bb575262b', '60ce5fb3-7cd3-4e65-8f6b-c1f278e14233', '2026-02-02T03:58:03.524815', '2026-02-02T03:58:03.524815');
INSERT INTO movie_projections (id, projection_date, projection_time, cinema_hall_id, movie_id, created_at, updated_at) VALUES ('3b93d75f-0104-4a96-bf74-633795e45688', '2026-02-20', '13:00:00', '09725c82-8bbe-48ce-bc29-31b7513f46f6', '60ce5fb3-7cd3-4e65-8f6b-c1f278e14233', '2026-02-02T03:58:03.524838', '2026-02-02T03:58:03.524838');
INSERT INTO movie_projections (id, projection_date, projection_time, cinema_hall_id, movie_id, created_at, updated_at) VALUES ('74b5e6c1-5dbd-41d9-b3ce-9ac106bea334', '2026-02-21', '13:00:00', '0330ebe1-b742-4d72-8cd5-e6cbc1b178df', '60ce5fb3-7cd3-4e65-8f6b-c1f278e14233', '2026-02-02T03:58:03.524861', '2026-02-02T03:58:03.524861');
INSERT INTO movie_projections (id, projection_date, projection_time, cinema_hall_id, movie_id, created_at, updated_at) VALUES ('dda25b36-eacc-4094-a9da-2436f5d9b1f0', '2026-02-06', '16:00:00', '09725c82-8bbe-48ce-bc29-31b7513f46f6', '60ce5fb3-7cd3-4e65-8f6b-c1f278e14233', '2026-02-02T03:58:03.524884', '2026-02-02T03:58:03.524884');
INSERT INTO movie_projections (id, projection_date, projection_time, cinema_hall_id, movie_id, created_at, updated_at) VALUES ('45a673a4-7894-4f28-b509-1bd1d6fdc0ea', '2026-03-06', '13:00:00', 'd1c9716d-3ece-4d7a-b937-f3a554bc32e4', '60ce5fb3-7cd3-4e65-8f6b-c1f278e14233', '2026-02-02T03:58:03.524907', '2026-02-02T03:58:03.524907');
INSERT INTO movie_projections (id, projection_date, projection_time, cinema_hall_id, movie_id, created_at, updated_at) VALUES ('39e583ad-0b62-4a8e-b9a1-b199a9890450', '2026-02-14', '10:00:00', '0330ebe1-b742-4d72-8cd5-e6cbc1b178df', '60ce5fb3-7cd3-4e65-8f6b-c1f278e14233', '2026-02-02T03:58:03.524937', '2026-02-02T03:58:03.524937');
INSERT INTO movie_projections (id, projection_date, projection_time, cinema_hall_id, movie_id, created_at, updated_at) VALUES ('1820886f-766a-4fae-a277-ae44eb92c6a9', '2026-02-17', '16:00:00', '9f106868-b214-4da4-958c-98f47eac54e2', '60ce5fb3-7cd3-4e65-8f6b-c1f278e14233', '2026-02-02T03:58:03.524962', '2026-02-02T03:58:03.524962');
INSERT INTO movie_projections (id, projection_date, projection_time, cinema_hall_id, movie_id, created_at, updated_at) VALUES ('9601baeb-b6f0-4ce6-acaa-49dee90365cd', '2026-02-05', '19:00:00', '09725c82-8bbe-48ce-bc29-31b7513f46f6', '60ce5fb3-7cd3-4e65-8f6b-c1f278e14233', '2026-02-02T03:58:03.524984', '2026-02-02T03:58:03.524984');
INSERT INTO movie_projections (id, projection_date, projection_time, cinema_hall_id, movie_id, created_at, updated_at) VALUES ('338b4623-de02-44ad-bac9-09fc0ab841d6', '2026-03-13', '16:00:00', '83abf7cb-f1e0-4557-89cd-354bb575262b', '60ce5fb3-7cd3-4e65-8f6b-c1f278e14233', '2026-02-02T03:58:03.525010', '2026-02-02T03:58:03.525010');
INSERT INTO movie_projections (id, projection_date, projection_time, cinema_hall_id, movie_id, created_at, updated_at) VALUES ('b326721f-0e1a-4cff-8bf8-793bef474249', '2026-02-08', '13:00:00', 'd1c9716d-3ece-4d7a-b937-f3a554bc32e4', '60ce5fb3-7cd3-4e65-8f6b-c1f278e14233', '2026-02-02T03:58:03.525068', '2026-02-02T03:58:03.525068');
INSERT INTO movie_projections (id, projection_date, projection_time, cinema_hall_id, movie_id, created_at, updated_at) VALUES ('4eb0db9a-3270-4c4b-9b6a-6f5a520282bf', '2026-02-06', '16:00:00', '09725c82-8bbe-48ce-bc29-31b7513f46f6', '60ce5fb3-7cd3-4e65-8f6b-c1f278e14233', '2026-02-02T03:58:03.525093', '2026-02-02T03:58:03.525093');
INSERT INTO movie_projections (id, projection_date, projection_time, cinema_hall_id, movie_id, created_at, updated_at) VALUES ('7df6b9a4-a375-403d-b507-f8dc4a4bc8e3', '2026-02-15', '16:00:00', '9f106868-b214-4da4-958c-98f47eac54e2', '4a3559d3-f347-4456-aff5-acea5bc6c609', '2026-02-02T03:58:03.525119', '2026-02-02T03:58:03.525119');
INSERT INTO movie_projections (id, projection_date, projection_time, cinema_hall_id, movie_id, created_at, updated_at) VALUES ('1963a78d-5d8e-43a0-b7b6-3f2d684d7ebf', '2026-04-06', '10:00:00', '7bdfa823-58a4-4bc5-8b5f-d3df3b599359', '4a3559d3-f347-4456-aff5-acea5bc6c609', '2026-02-02T03:58:03.525145', '2026-02-02T03:58:03.525145');
INSERT INTO movie_projections (id, projection_date, projection_time, cinema_hall_id, movie_id, created_at, updated_at) VALUES ('2654d989-effe-4a22-bc6b-af1bce448632', '2026-03-22', '13:00:00', 'ff03477d-db27-4d57-bd3b-e06ed1bcdb87', '4a3559d3-f347-4456-aff5-acea5bc6c609', '2026-02-02T03:58:03.525168', '2026-02-02T03:58:03.525168');
INSERT INTO movie_projections (id, projection_date, projection_time, cinema_hall_id, movie_id, created_at, updated_at) VALUES ('fc04bded-0a55-44dd-b97c-14c17b58e81d', '2026-02-24', '10:00:00', 'f308a6cd-7db0-4e8f-9086-3b368ff8b91a', '4a3559d3-f347-4456-aff5-acea5bc6c609', '2026-02-02T03:58:03.525191', '2026-02-02T03:58:03.525191');
INSERT INTO movie_projections (id, projection_date, projection_time, cinema_hall_id, movie_id, created_at, updated_at) VALUES ('e9463109-67bc-4fda-bf81-f307adb50955', '2026-02-13', '19:00:00', '7bdfa823-58a4-4bc5-8b5f-d3df3b599359', '4a3559d3-f347-4456-aff5-acea5bc6c609', '2026-02-02T03:58:03.525214', '2026-02-02T03:58:03.525214');
INSERT INTO movie_projections (id, projection_date, projection_time, cinema_hall_id, movie_id, created_at, updated_at) VALUES ('3bfd1aef-8e08-4ed3-ade7-2208f1e4d6f4', '2026-03-17', '13:00:00', '7bdfa823-58a4-4bc5-8b5f-d3df3b599359', '4a3559d3-f347-4456-aff5-acea5bc6c609', '2026-02-02T03:58:03.525240', '2026-02-02T03:58:03.525240');
INSERT INTO movie_projections (id, projection_date, projection_time, cinema_hall_id, movie_id, created_at, updated_at) VALUES ('05d19811-fe9f-422d-b1ed-8772064ecdac', '2026-04-25', '16:00:00', '9f106868-b214-4da4-958c-98f47eac54e2', '4a3559d3-f347-4456-aff5-acea5bc6c609', '2026-02-02T03:58:03.525264', '2026-02-02T03:58:03.525264');
INSERT INTO movie_projections (id, projection_date, projection_time, cinema_hall_id, movie_id, created_at, updated_at) VALUES ('e9773c70-d288-4f23-8200-2cef307c26ed', '2026-03-01', '19:00:00', 'f308a6cd-7db0-4e8f-9086-3b368ff8b91a', '4a3559d3-f347-4456-aff5-acea5bc6c609', '2026-02-02T03:58:03.525287', '2026-02-02T03:58:03.525287');
INSERT INTO movie_projections (id, projection_date, projection_time, cinema_hall_id, movie_id, created_at, updated_at) VALUES ('4e9227bf-3bd8-43e7-93e0-034c3a2484f8', '2026-03-18', '13:00:00', '09725c82-8bbe-48ce-bc29-31b7513f46f6', '4a3559d3-f347-4456-aff5-acea5bc6c609', '2026-02-02T03:58:03.525309', '2026-02-02T03:58:03.525309');
INSERT INTO movie_projections (id, projection_date, projection_time, cinema_hall_id, movie_id, created_at, updated_at) VALUES ('2f8c459b-7d5f-4ec6-9f7e-f8ceec5a5e3e', '2026-02-03', '19:00:00', '83abf7cb-f1e0-4557-89cd-354bb575262b', '4a3559d3-f347-4456-aff5-acea5bc6c609', '2026-02-02T03:58:03.525332', '2026-02-02T03:58:03.525332');
INSERT INTO movie_projections (id, projection_date, projection_time, cinema_hall_id, movie_id, created_at, updated_at) VALUES ('70c4da8f-ea63-4134-9840-c2bb4ed49c33', '2026-02-15', '10:00:00', 'f308a6cd-7db0-4e8f-9086-3b368ff8b91a', '4a3559d3-f347-4456-aff5-acea5bc6c609', '2026-02-02T03:58:03.525355', '2026-02-02T03:58:03.525355');
INSERT INTO movie_projections (id, projection_date, projection_time, cinema_hall_id, movie_id, created_at, updated_at) VALUES ('5df168c2-5d78-48c7-a9cc-def37717d38a', '2026-02-03', '13:00:00', '7bdfa823-58a4-4bc5-8b5f-d3df3b599359', '4a3559d3-f347-4456-aff5-acea5bc6c609', '2026-02-02T03:58:03.525377', '2026-02-02T03:58:03.525377');
INSERT INTO movie_projections (id, projection_date, projection_time, cinema_hall_id, movie_id, created_at, updated_at) VALUES ('1732aec8-98e6-4024-95e0-d8e5e72db7c3', '2026-02-27', '10:00:00', 'd1c9716d-3ece-4d7a-b937-f3a554bc32e4', '4a3559d3-f347-4456-aff5-acea5bc6c609', '2026-02-02T03:58:03.525400', '2026-02-02T03:58:03.525400');
INSERT INTO movie_projections (id, projection_date, projection_time, cinema_hall_id, movie_id, created_at, updated_at) VALUES ('7f94837d-6d23-45f1-b5fa-7d9446dab331', '2026-04-21', '19:00:00', 'dc9298a8-a343-4ff6-a811-bccf5aa5db8f', '4a3559d3-f347-4456-aff5-acea5bc6c609', '2026-02-02T03:58:03.525425', '2026-02-02T03:58:03.525425');
INSERT INTO movie_projections (id, projection_date, projection_time, cinema_hall_id, movie_id, created_at, updated_at) VALUES ('661a63e8-a505-44a8-80e5-ced1740a91e1', '2026-02-22', '16:00:00', 'dc9298a8-a343-4ff6-a811-bccf5aa5db8f', '4a3559d3-f347-4456-aff5-acea5bc6c609', '2026-02-02T03:58:03.525448', '2026-02-02T03:58:03.525448');
INSERT INTO movie_projections (id, projection_date, projection_time, cinema_hall_id, movie_id, created_at, updated_at) VALUES ('2c501fc4-9213-4fd7-83cb-ec9ad8716171', '2026-03-30', '19:00:00', '17edc49a-9fa2-4dde-86b1-711e17e03602', '4a3559d3-f347-4456-aff5-acea5bc6c609', '2026-02-02T03:58:03.525471', '2026-02-02T03:58:03.525471');
INSERT INTO movie_projections (id, projection_date, projection_time, cinema_hall_id, movie_id, created_at, updated_at) VALUES ('b7e8a51c-f960-42a7-8867-09abf425e952', '2026-03-22', '16:00:00', '0330ebe1-b742-4d72-8cd5-e6cbc1b178df', '4a3559d3-f347-4456-aff5-acea5bc6c609', '2026-02-02T03:58:03.525494', '2026-02-02T03:58:03.525494');
INSERT INTO movie_projections (id, projection_date, projection_time, cinema_hall_id, movie_id, created_at, updated_at) VALUES ('b4d64c1e-8021-4697-8f7e-0c871f896400', '2026-04-20', '19:00:00', '7bdfa823-58a4-4bc5-8b5f-d3df3b599359', '4a3559d3-f347-4456-aff5-acea5bc6c609', '2026-02-02T03:58:03.525516', '2026-02-02T03:58:03.525516');
INSERT INTO movie_projections (id, projection_date, projection_time, cinema_hall_id, movie_id, created_at, updated_at) VALUES ('59c35d7e-937d-4591-b537-1f86e57e6205', '2026-04-22', '13:00:00', '09725c82-8bbe-48ce-bc29-31b7513f46f6', '4a3559d3-f347-4456-aff5-acea5bc6c609', '2026-02-02T03:58:03.525539', '2026-02-02T03:58:03.525539');
INSERT INTO movie_projections (id, projection_date, projection_time, cinema_hall_id, movie_id, created_at, updated_at) VALUES ('dba26bb8-b391-4807-823b-552a59720845', '2026-04-02', '10:00:00', '17edc49a-9fa2-4dde-86b1-711e17e03602', '4a3559d3-f347-4456-aff5-acea5bc6c609', '2026-02-02T03:58:03.525563', '2026-02-02T03:58:03.525563');
INSERT INTO movie_projections (id, projection_date, projection_time, cinema_hall_id, movie_id, created_at, updated_at) VALUES ('7e8f4bee-9ccf-40c3-b0a8-ef1d0269cc75', '2026-02-26', '19:00:00', 'dc9298a8-a343-4ff6-a811-bccf5aa5db8f', '4a3559d3-f347-4456-aff5-acea5bc6c609', '2026-02-02T03:58:03.525585', '2026-02-02T03:58:03.525585');
INSERT INTO movie_projections (id, projection_date, projection_time, cinema_hall_id, movie_id, created_at, updated_at) VALUES ('427bb54d-fa53-4d73-8b71-1448d6be6010', '2026-02-12', '13:00:00', '09725c82-8bbe-48ce-bc29-31b7513f46f6', '4a3559d3-f347-4456-aff5-acea5bc6c609', '2026-02-02T03:58:03.525611', '2026-02-02T03:58:03.525611');
INSERT INTO movie_projections (id, projection_date, projection_time, cinema_hall_id, movie_id, created_at, updated_at) VALUES ('9c4b0472-03c9-4d59-bb76-c16a9a50e1b9', '2026-02-17', '19:00:00', '0330ebe1-b742-4d72-8cd5-e6cbc1b178df', '4a3559d3-f347-4456-aff5-acea5bc6c609', '2026-02-02T03:58:03.525635', '2026-02-02T03:58:03.525635');
INSERT INTO movie_projections (id, projection_date, projection_time, cinema_hall_id, movie_id, created_at, updated_at) VALUES ('9b04a9e1-27c1-46f1-b514-2289de1c42e4', '2026-02-28', '16:00:00', 'e7f9e0aa-25c6-4656-a785-24a7c64ae6f7', '4a3559d3-f347-4456-aff5-acea5bc6c609', '2026-02-02T03:58:03.525659', '2026-02-02T03:58:03.525659');
INSERT INTO movie_projections (id, projection_date, projection_time, cinema_hall_id, movie_id, created_at, updated_at) VALUES ('e06e5ba6-3b6a-41ce-863e-d96e2d860704', '2026-02-05', '13:00:00', '9f106868-b214-4da4-958c-98f47eac54e2', '4a3559d3-f347-4456-aff5-acea5bc6c609', '2026-02-02T03:58:03.525682', '2026-02-02T03:58:03.525682');
INSERT INTO movie_projections (id, projection_date, projection_time, cinema_hall_id, movie_id, created_at, updated_at) VALUES ('25be6823-539c-40a5-a048-440e7f593565', '2026-02-21', '16:00:00', '17edc49a-9fa2-4dde-86b1-711e17e03602', '4a3559d3-f347-4456-aff5-acea5bc6c609', '2026-02-02T03:58:03.525704', '2026-02-02T03:58:03.525704');
INSERT INTO movie_projections (id, projection_date, projection_time, cinema_hall_id, movie_id, created_at, updated_at) VALUES ('e8057aec-022f-46ca-8fc0-c0e5924664ac', '2026-03-31', '13:00:00', '17edc49a-9fa2-4dde-86b1-711e17e03602', '4a3559d3-f347-4456-aff5-acea5bc6c609', '2026-02-02T03:58:03.525728', '2026-02-02T03:58:03.525728');
INSERT INTO movie_projections (id, projection_date, projection_time, cinema_hall_id, movie_id, created_at, updated_at) VALUES ('b1f343a2-f35f-4d69-9160-50ec8791c47f', '2026-02-17', '19:00:00', '17edc49a-9fa2-4dde-86b1-711e17e03602', '4a3559d3-f347-4456-aff5-acea5bc6c609', '2026-02-02T03:58:03.525750', '2026-02-02T03:58:03.525750');
INSERT INTO movie_projections (id, projection_date, projection_time, cinema_hall_id, movie_id, created_at, updated_at) VALUES ('42fbc4ab-84ee-474a-adfc-8e0255cb910d', '2026-03-17', '13:00:00', '09725c82-8bbe-48ce-bc29-31b7513f46f6', '4a3559d3-f347-4456-aff5-acea5bc6c609', '2026-02-02T03:58:03.525773', '2026-02-02T03:58:03.525773');
INSERT INTO movie_projections (id, projection_date, projection_time, cinema_hall_id, movie_id, created_at, updated_at) VALUES ('59f68647-181d-4971-b2ca-46acd7cdfc62', '2026-04-04', '10:00:00', 'f308a6cd-7db0-4e8f-9086-3b368ff8b91a', '4a3559d3-f347-4456-aff5-acea5bc6c609', '2026-02-02T03:58:03.525799', '2026-02-02T03:58:03.525799');
INSERT INTO movie_projections (id, projection_date, projection_time, cinema_hall_id, movie_id, created_at, updated_at) VALUES ('472036c8-34e2-4aaa-a109-c8715c46810d', '2026-03-28', '10:00:00', 'dc9298a8-a343-4ff6-a811-bccf5aa5db8f', '4a3559d3-f347-4456-aff5-acea5bc6c609', '2026-02-02T03:58:03.525822', '2026-02-02T03:58:03.525822');
INSERT INTO movie_projections (id, projection_date, projection_time, cinema_hall_id, movie_id, created_at, updated_at) VALUES ('c98820f8-f671-45d8-8f0d-32d2593b570e', '2026-03-04', '16:00:00', '9f106868-b214-4da4-958c-98f47eac54e2', '4a3559d3-f347-4456-aff5-acea5bc6c609', '2026-02-02T03:58:03.525845', '2026-02-02T03:58:03.525845');
INSERT INTO movie_projections (id, projection_date, projection_time, cinema_hall_id, movie_id, created_at, updated_at) VALUES ('125727e1-3ce4-4a25-b665-e03ed0174784', '2026-03-16', '13:00:00', '7bdfa823-58a4-4bc5-8b5f-d3df3b599359', '4a3559d3-f347-4456-aff5-acea5bc6c609', '2026-02-02T03:58:03.525868', '2026-02-02T03:58:03.525868');
INSERT INTO movie_projections (id, projection_date, projection_time, cinema_hall_id, movie_id, created_at, updated_at) VALUES ('66f95192-e954-40f0-aeb0-b8b0f741ec3b', '2026-04-12', '13:00:00', 'e7f9e0aa-25c6-4656-a785-24a7c64ae6f7', '4a3559d3-f347-4456-aff5-acea5bc6c609', '2026-02-02T03:58:03.525894', '2026-02-02T03:58:03.525894');
INSERT INTO movie_projections (id, projection_date, projection_time, cinema_hall_id, movie_id, created_at, updated_at) VALUES ('ed33ee13-2903-46bf-bc4a-fb4090d6ecf1', '2026-04-30', '13:00:00', 'f308a6cd-7db0-4e8f-9086-3b368ff8b91a', '4a3559d3-f347-4456-aff5-acea5bc6c609', '2026-02-02T03:58:03.525918', '2026-02-02T03:58:03.525918');
INSERT INTO movie_projections (id, projection_date, projection_time, cinema_hall_id, movie_id, created_at, updated_at) VALUES ('fa465b92-cefd-466d-b40b-769c43783c51', '2026-02-16', '16:00:00', 'e7f9e0aa-25c6-4656-a785-24a7c64ae6f7', '4a3559d3-f347-4456-aff5-acea5bc6c609', '2026-02-02T03:58:03.525950', '2026-02-02T03:58:03.525950');
INSERT INTO movie_projections (id, projection_date, projection_time, cinema_hall_id, movie_id, created_at, updated_at) VALUES ('c8776f58-2c4d-4c6f-9a9e-de3718bc300f', '2026-03-30', '16:00:00', 'ff03477d-db27-4d57-bd3b-e06ed1bcdb87', '4a3559d3-f347-4456-aff5-acea5bc6c609', '2026-02-02T03:58:03.525973', '2026-02-02T03:58:03.525973');
INSERT INTO movie_projections (id, projection_date, projection_time, cinema_hall_id, movie_id, created_at, updated_at) VALUES ('fe1a9bd1-ff5f-4797-be78-67a9d0ec857c', '2026-04-14', '16:00:00', 'e7f9e0aa-25c6-4656-a785-24a7c64ae6f7', '4a3559d3-f347-4456-aff5-acea5bc6c609', '2026-02-02T03:58:03.525999', '2026-02-02T03:58:03.525999');
INSERT INTO movie_projections (id, projection_date, projection_time, cinema_hall_id, movie_id, created_at, updated_at) VALUES ('d52f062f-34a2-44bb-b527-7532171da70c', '2026-02-13', '16:00:00', 'f308a6cd-7db0-4e8f-9086-3b368ff8b91a', '4a3559d3-f347-4456-aff5-acea5bc6c609', '2026-02-02T03:58:03.526022', '2026-02-02T03:58:03.526022');
INSERT INTO movie_projections (id, projection_date, projection_time, cinema_hall_id, movie_id, created_at, updated_at) VALUES ('c38487dd-11ba-483d-b7e1-cd8f29899264', '2026-02-14', '16:00:00', '7bdfa823-58a4-4bc5-8b5f-d3df3b599359', '4a3559d3-f347-4456-aff5-acea5bc6c609', '2026-02-02T03:58:03.526045', '2026-02-02T03:58:03.526045');
INSERT INTO movie_projections (id, projection_date, projection_time, cinema_hall_id, movie_id, created_at, updated_at) VALUES ('efbc867f-d775-4522-911d-534192e5b3bc', '2026-03-01', '16:00:00', '0330ebe1-b742-4d72-8cd5-e6cbc1b178df', 'd47ee2d0-66ba-41ed-bd19-ba2645abfde5', '2026-02-02T03:58:03.526070', '2026-02-02T03:58:03.526070');
INSERT INTO movie_projections (id, projection_date, projection_time, cinema_hall_id, movie_id, created_at, updated_at) VALUES ('d235e5da-90fc-4c84-b41d-14930b21adc3', '2026-03-01', '16:00:00', '7bdfa823-58a4-4bc5-8b5f-d3df3b599359', 'd47ee2d0-66ba-41ed-bd19-ba2645abfde5', '2026-02-02T03:58:03.526093', '2026-02-02T03:58:03.526093');
INSERT INTO movie_projections (id, projection_date, projection_time, cinema_hall_id, movie_id, created_at, updated_at) VALUES ('d8098862-64ad-4b16-abac-2b5da3281919', '2026-03-07', '10:00:00', '83abf7cb-f1e0-4557-89cd-354bb575262b', 'd47ee2d0-66ba-41ed-bd19-ba2645abfde5', '2026-02-02T03:58:03.526117', '2026-02-02T03:58:03.526117');
INSERT INTO movie_projections (id, projection_date, projection_time, cinema_hall_id, movie_id, created_at, updated_at) VALUES ('6d73d52e-07b0-4643-a670-3b40f55ba012', '2026-02-14', '16:00:00', '0330ebe1-b742-4d72-8cd5-e6cbc1b178df', 'd47ee2d0-66ba-41ed-bd19-ba2645abfde5', '2026-02-02T03:58:03.526139', '2026-02-02T03:58:03.526139');
INSERT INTO movie_projections (id, projection_date, projection_time, cinema_hall_id, movie_id, created_at, updated_at) VALUES ('683cc953-0ea2-433c-8742-e95ad0433110', '2026-02-08', '10:00:00', '83abf7cb-f1e0-4557-89cd-354bb575262b', 'd47ee2d0-66ba-41ed-bd19-ba2645abfde5', '2026-02-02T03:58:03.526162', '2026-02-02T03:58:03.526162');
INSERT INTO movie_projections (id, projection_date, projection_time, cinema_hall_id, movie_id, created_at, updated_at) VALUES ('1168f095-6a94-4364-82f8-65c873705bfc', '2026-02-23', '10:00:00', '83abf7cb-f1e0-4557-89cd-354bb575262b', 'd47ee2d0-66ba-41ed-bd19-ba2645abfde5', '2026-02-02T03:58:03.526188', '2026-02-02T03:58:03.526188');
INSERT INTO movie_projections (id, projection_date, projection_time, cinema_hall_id, movie_id, created_at, updated_at) VALUES ('e56014bf-3a56-49ba-bdbc-479029fadfac', '2026-02-24', '10:00:00', '7bdfa823-58a4-4bc5-8b5f-d3df3b599359', 'd47ee2d0-66ba-41ed-bd19-ba2645abfde5', '2026-02-02T03:58:03.526211', '2026-02-02T03:58:03.526211');
INSERT INTO movie_projections (id, projection_date, projection_time, cinema_hall_id, movie_id, created_at, updated_at) VALUES ('551e91d3-995d-4069-8dd6-5eb020242b5c', '2026-02-16', '10:00:00', '0330ebe1-b742-4d72-8cd5-e6cbc1b178df', 'd47ee2d0-66ba-41ed-bd19-ba2645abfde5', '2026-02-02T03:58:03.526235', '2026-02-02T03:58:03.526235');
INSERT INTO movie_projections (id, projection_date, projection_time, cinema_hall_id, movie_id, created_at, updated_at) VALUES ('72173179-9721-4a93-81f8-4bc213d3a3b5', '2026-02-10', '16:00:00', 'f308a6cd-7db0-4e8f-9086-3b368ff8b91a', 'd47ee2d0-66ba-41ed-bd19-ba2645abfde5', '2026-02-02T03:58:03.526258', '2026-02-02T03:58:03.526258');
INSERT INTO movie_projections (id, projection_date, projection_time, cinema_hall_id, movie_id, created_at, updated_at) VALUES ('b83cec16-ce70-4a9c-ba40-b49b653eb033', '2026-02-23', '13:00:00', 'd1c9716d-3ece-4d7a-b937-f3a554bc32e4', 'd47ee2d0-66ba-41ed-bd19-ba2645abfde5', '2026-02-02T03:58:03.526281', '2026-02-02T03:58:03.526281');
INSERT INTO movie_projections (id, projection_date, projection_time, cinema_hall_id, movie_id, created_at, updated_at) VALUES ('a687d34a-20bf-4acf-a08d-086fa4544443', '2026-02-26', '13:00:00', '7bdfa823-58a4-4bc5-8b5f-d3df3b599359', 'd47ee2d0-66ba-41ed-bd19-ba2645abfde5', '2026-02-02T03:58:03.526304', '2026-02-02T03:58:03.526304');
INSERT INTO movie_projections (id, projection_date, projection_time, cinema_hall_id, movie_id, created_at, updated_at) VALUES ('5a25d222-7408-4979-90e2-137dd189b049', '2026-03-08', '19:00:00', '17edc49a-9fa2-4dde-86b1-711e17e03602', 'd47ee2d0-66ba-41ed-bd19-ba2645abfde5', '2026-02-02T03:58:03.526327', '2026-02-02T03:58:03.526327');
INSERT INTO movie_projections (id, projection_date, projection_time, cinema_hall_id, movie_id, created_at, updated_at) VALUES ('c9d77d32-54d6-497f-b3f1-e3102abc5e4a', '2026-02-04', '19:00:00', '83abf7cb-f1e0-4557-89cd-354bb575262b', 'd47ee2d0-66ba-41ed-bd19-ba2645abfde5', '2026-02-02T03:58:03.526349', '2026-02-02T03:58:03.526349');
INSERT INTO movie_projections (id, projection_date, projection_time, cinema_hall_id, movie_id, created_at, updated_at) VALUES ('f64d744e-d7f0-40a5-811e-2de10251534c', '2026-03-03', '13:00:00', '09725c82-8bbe-48ce-bc29-31b7513f46f6', 'd47ee2d0-66ba-41ed-bd19-ba2645abfde5', '2026-02-02T03:58:03.526375', '2026-02-02T03:58:03.526375');
INSERT INTO movie_projections (id, projection_date, projection_time, cinema_hall_id, movie_id, created_at, updated_at) VALUES ('46ae9673-8d06-4fba-9f61-593d5288cdb9', '2026-02-23', '19:00:00', 'd1c9716d-3ece-4d7a-b937-f3a554bc32e4', 'd47ee2d0-66ba-41ed-bd19-ba2645abfde5', '2026-02-02T03:58:03.526399', '2026-02-02T03:58:03.526399');
INSERT INTO movie_projections (id, projection_date, projection_time, cinema_hall_id, movie_id, created_at, updated_at) VALUES ('944428c0-96b7-4905-af92-14fe549b2d03', '2026-03-05', '13:00:00', '9f106868-b214-4da4-958c-98f47eac54e2', 'd47ee2d0-66ba-41ed-bd19-ba2645abfde5', '2026-02-02T03:58:03.526421', '2026-02-02T03:58:03.526421');
INSERT INTO movie_projections (id, projection_date, projection_time, cinema_hall_id, movie_id, created_at, updated_at) VALUES ('29708e81-b510-4802-a634-e1fd1c3d9bd6', '2026-03-08', '16:00:00', 'd1c9716d-3ece-4d7a-b937-f3a554bc32e4', 'd47ee2d0-66ba-41ed-bd19-ba2645abfde5', '2026-02-02T03:58:03.526444', '2026-02-02T03:58:03.526444');
INSERT INTO movie_projections (id, projection_date, projection_time, cinema_hall_id, movie_id, created_at, updated_at) VALUES ('4454c92d-df5e-43ca-aa56-77319d725d9d', '2026-02-23', '19:00:00', '7bdfa823-58a4-4bc5-8b5f-d3df3b599359', 'd47ee2d0-66ba-41ed-bd19-ba2645abfde5', '2026-02-02T03:58:03.526466', '2026-02-02T03:58:03.526466');
INSERT INTO movie_projections (id, projection_date, projection_time, cinema_hall_id, movie_id, created_at, updated_at) VALUES ('33a31822-928b-4d4d-b7ff-5c21b6ec2946', '2026-03-04', '10:00:00', '17edc49a-9fa2-4dde-86b1-711e17e03602', 'd47ee2d0-66ba-41ed-bd19-ba2645abfde5', '2026-02-02T03:58:03.526489', '2026-02-02T03:58:03.526489');
INSERT INTO movie_projections (id, projection_date, projection_time, cinema_hall_id, movie_id, created_at, updated_at) VALUES ('bf782f65-779d-4d58-90e5-4252459701d8', '2026-02-28', '13:00:00', '0330ebe1-b742-4d72-8cd5-e6cbc1b178df', 'd47ee2d0-66ba-41ed-bd19-ba2645abfde5', '2026-02-02T03:58:03.526512', '2026-02-02T03:58:03.526512');
INSERT INTO movie_projections (id, projection_date, projection_time, cinema_hall_id, movie_id, created_at, updated_at) VALUES ('ad20c0fd-55af-4413-9e84-b349b5512831', '2026-02-08', '16:00:00', '9f106868-b214-4da4-958c-98f47eac54e2', 'd47ee2d0-66ba-41ed-bd19-ba2645abfde5', '2026-02-02T03:58:03.526535', '2026-02-02T03:58:03.526535');
INSERT INTO movie_projections (id, projection_date, projection_time, cinema_hall_id, movie_id, created_at, updated_at) VALUES ('b4234131-9a31-4be7-967c-bb1f53ee9c93', '2026-02-22', '13:00:00', 'dc9298a8-a343-4ff6-a811-bccf5aa5db8f', 'd47ee2d0-66ba-41ed-bd19-ba2645abfde5', '2026-02-02T03:58:03.526560', '2026-02-02T03:58:03.526560');
INSERT INTO movie_projections (id, projection_date, projection_time, cinema_hall_id, movie_id, created_at, updated_at) VALUES ('4c5866c0-05dd-4c7f-a7ae-dcc849c523a0', '2026-02-06', '13:00:00', '7bdfa823-58a4-4bc5-8b5f-d3df3b599359', 'd47ee2d0-66ba-41ed-bd19-ba2645abfde5', '2026-02-02T03:58:03.526583', '2026-02-02T03:58:03.526583');
INSERT INTO movie_projections (id, projection_date, projection_time, cinema_hall_id, movie_id, created_at, updated_at) VALUES ('9717bb99-13af-4f37-8bec-dfaaccd8a806', '2026-02-15', '16:00:00', '7bdfa823-58a4-4bc5-8b5f-d3df3b599359', 'd47ee2d0-66ba-41ed-bd19-ba2645abfde5', '2026-02-02T03:58:03.526605', '2026-02-02T03:58:03.526605');
INSERT INTO movie_projections (id, projection_date, projection_time, cinema_hall_id, movie_id, created_at, updated_at) VALUES ('53dc6e95-5e46-4149-b8f2-29b2e52dd019', '2026-02-19', '19:00:00', '7bdfa823-58a4-4bc5-8b5f-d3df3b599359', 'd47ee2d0-66ba-41ed-bd19-ba2645abfde5', '2026-02-02T03:58:03.526628', '2026-02-02T03:58:03.526628');
INSERT INTO movie_projections (id, projection_date, projection_time, cinema_hall_id, movie_id, created_at, updated_at) VALUES ('59fd4949-c057-4c37-ba0f-3266b7dd58e4', '2026-02-20', '13:00:00', '9f106868-b214-4da4-958c-98f47eac54e2', 'd47ee2d0-66ba-41ed-bd19-ba2645abfde5', '2026-02-02T03:58:03.526651', '2026-02-02T03:58:03.526651');
INSERT INTO movie_projections (id, projection_date, projection_time, cinema_hall_id, movie_id, created_at, updated_at) VALUES ('de3c52af-8f44-4791-a867-4908e5267d43', '2026-02-09', '10:00:00', '7bdfa823-58a4-4bc5-8b5f-d3df3b599359', 'd47ee2d0-66ba-41ed-bd19-ba2645abfde5', '2026-02-02T03:58:03.526674', '2026-02-02T03:58:03.526674');
INSERT INTO movie_projections (id, projection_date, projection_time, cinema_hall_id, movie_id, created_at, updated_at) VALUES ('763943f7-9183-4e1a-b783-943932aae01a', '2026-03-08', '16:00:00', 'd1c9716d-3ece-4d7a-b937-f3a554bc32e4', 'd47ee2d0-66ba-41ed-bd19-ba2645abfde5', '2026-02-02T03:58:03.526696', '2026-02-02T03:58:03.526696');
INSERT INTO movie_projections (id, projection_date, projection_time, cinema_hall_id, movie_id, created_at, updated_at) VALUES ('e9fa290d-c916-4387-aff1-ef244dac1392', '2026-02-07', '19:00:00', 'dc9298a8-a343-4ff6-a811-bccf5aa5db8f', 'd47ee2d0-66ba-41ed-bd19-ba2645abfde5', '2026-02-02T03:58:03.526719', '2026-02-02T03:58:03.526719');
INSERT INTO movie_projections (id, projection_date, projection_time, cinema_hall_id, movie_id, created_at, updated_at) VALUES ('d1219296-2d69-4abd-b378-299391dab027', '2026-02-06', '13:00:00', '83abf7cb-f1e0-4557-89cd-354bb575262b', 'd47ee2d0-66ba-41ed-bd19-ba2645abfde5', '2026-02-02T03:58:03.526747', '2026-02-02T03:58:03.526747');
INSERT INTO movie_projections (id, projection_date, projection_time, cinema_hall_id, movie_id, created_at, updated_at) VALUES ('acbc58f7-3653-408d-9c05-b2d59ac14c22', '2026-02-15', '13:00:00', '09725c82-8bbe-48ce-bc29-31b7513f46f6', 'd47ee2d0-66ba-41ed-bd19-ba2645abfde5', '2026-02-02T03:58:03.526770', '2026-02-02T03:58:03.526770');
INSERT INTO movie_projections (id, projection_date, projection_time, cinema_hall_id, movie_id, created_at, updated_at) VALUES ('17ab16bb-3e10-43c0-a307-0d8372b0b252', '2026-02-17', '19:00:00', '9f106868-b214-4da4-958c-98f47eac54e2', 'd47ee2d0-66ba-41ed-bd19-ba2645abfde5', '2026-02-02T03:58:03.526793', '2026-02-02T03:58:03.526793');
INSERT INTO movie_projections (id, projection_date, projection_time, cinema_hall_id, movie_id, created_at, updated_at) VALUES ('207e92f5-5200-481c-99f0-1a6af434c279', '2026-02-12', '19:00:00', '17edc49a-9fa2-4dde-86b1-711e17e03602', 'd47ee2d0-66ba-41ed-bd19-ba2645abfde5', '2026-02-02T03:58:03.526816', '2026-02-02T03:58:03.526816');
INSERT INTO movie_projections (id, projection_date, projection_time, cinema_hall_id, movie_id, created_at, updated_at) VALUES ('a45a53a6-b49d-445c-93de-cc11d5452fba', '2026-02-08', '13:00:00', '83abf7cb-f1e0-4557-89cd-354bb575262b', 'd47ee2d0-66ba-41ed-bd19-ba2645abfde5', '2026-02-02T03:58:03.526838', '2026-02-02T03:58:03.526838');
INSERT INTO movie_projections (id, projection_date, projection_time, cinema_hall_id, movie_id, created_at, updated_at) VALUES ('82ccae0b-d936-48d0-9455-15585730b517', '2026-02-08', '10:00:00', 'e7f9e0aa-25c6-4656-a785-24a7c64ae6f7', 'd47ee2d0-66ba-41ed-bd19-ba2645abfde5', '2026-02-02T03:58:03.526861', '2026-02-02T03:58:03.526861');
INSERT INTO movie_projections (id, projection_date, projection_time, cinema_hall_id, movie_id, created_at, updated_at) VALUES ('8c76b61b-14e4-48fa-ae6c-bd9d5001a8a1', '2026-02-25', '16:00:00', 'd1c9716d-3ece-4d7a-b937-f3a554bc32e4', 'd47ee2d0-66ba-41ed-bd19-ba2645abfde5', '2026-02-02T03:58:03.526884', '2026-02-02T03:58:03.526884');
INSERT INTO movie_projections (id, projection_date, projection_time, cinema_hall_id, movie_id, created_at, updated_at) VALUES ('1abfcb23-5563-40cb-aefd-e6da736034a7', '2026-02-11', '10:00:00', 'd1c9716d-3ece-4d7a-b937-f3a554bc32e4', 'd47ee2d0-66ba-41ed-bd19-ba2645abfde5', '2026-02-02T03:58:03.526907', '2026-02-02T03:58:03.526907');
INSERT INTO movie_projections (id, projection_date, projection_time, cinema_hall_id, movie_id, created_at, updated_at) VALUES ('e60887a4-e719-4eb8-9c2b-e89976399aa4', '2026-02-16', '19:00:00', '9f106868-b214-4da4-958c-98f47eac54e2', 'd47ee2d0-66ba-41ed-bd19-ba2645abfde5', '2026-02-02T03:58:03.526938', '2026-02-02T03:58:03.526938');
INSERT INTO movie_projections (id, projection_date, projection_time, cinema_hall_id, movie_id, created_at, updated_at) VALUES ('9d7fc9cd-c3da-4ae9-9003-55ac9fcca702', '2026-03-02', '13:00:00', 'e7f9e0aa-25c6-4656-a785-24a7c64ae6f7', 'd47ee2d0-66ba-41ed-bd19-ba2645abfde5', '2026-02-02T03:58:03.526963', '2026-02-02T03:58:03.526963');
INSERT INTO movie_projections (id, projection_date, projection_time, cinema_hall_id, movie_id, created_at, updated_at) VALUES ('2542fe00-15d6-4d61-99f5-14417b329989', '2026-02-24', '10:00:00', '7bdfa823-58a4-4bc5-8b5f-d3df3b599359', 'd47ee2d0-66ba-41ed-bd19-ba2645abfde5', '2026-02-02T03:58:03.526986', '2026-02-02T03:58:03.526986');
INSERT INTO movie_projections (id, projection_date, projection_time, cinema_hall_id, movie_id, created_at, updated_at) VALUES ('2a69d40d-7d1c-42a4-9db7-82585745ec02', '2026-02-17', '13:00:00', 'dc9298a8-a343-4ff6-a811-bccf5aa5db8f', '6552c042-27fb-4083-9944-488ddf3a879e', '2026-02-02T03:58:03.527011', '2026-02-02T03:58:03.527011');
INSERT INTO movie_projections (id, projection_date, projection_time, cinema_hall_id, movie_id, created_at, updated_at) VALUES ('ca640065-a45b-44fb-82cb-92fd8ddca203', '2026-02-18', '19:00:00', '0330ebe1-b742-4d72-8cd5-e6cbc1b178df', '6552c042-27fb-4083-9944-488ddf3a879e', '2026-02-02T03:58:03.527034', '2026-02-02T03:58:03.527034');
INSERT INTO movie_projections (id, projection_date, projection_time, cinema_hall_id, movie_id, created_at, updated_at) VALUES ('419d6363-b531-4e2d-9bf6-e9dfc1875f21', '2026-02-23', '16:00:00', 'dc9298a8-a343-4ff6-a811-bccf5aa5db8f', '6552c042-27fb-4083-9944-488ddf3a879e', '2026-02-02T03:58:03.527057', '2026-02-02T03:58:03.527057');
INSERT INTO movie_projections (id, projection_date, projection_time, cinema_hall_id, movie_id, created_at, updated_at) VALUES ('0388a852-4077-4d8c-9dd6-73ac5b329cea', '2026-02-13', '19:00:00', '7bdfa823-58a4-4bc5-8b5f-d3df3b599359', '6552c042-27fb-4083-9944-488ddf3a879e', '2026-02-02T03:58:03.527081', '2026-02-02T03:58:03.527081');
INSERT INTO movie_projections (id, projection_date, projection_time, cinema_hall_id, movie_id, created_at, updated_at) VALUES ('8b36d73f-0ac3-4b2c-b866-9fefcb2a0cd7', '2026-02-16', '10:00:00', 'ff03477d-db27-4d57-bd3b-e06ed1bcdb87', '6552c042-27fb-4083-9944-488ddf3a879e', '2026-02-02T03:58:03.527104', '2026-02-02T03:58:03.527104');
INSERT INTO movie_projections (id, projection_date, projection_time, cinema_hall_id, movie_id, created_at, updated_at) VALUES ('2e597dcb-7d18-40fd-b96b-92cab20b8630', '2026-02-18', '13:00:00', '0330ebe1-b742-4d72-8cd5-e6cbc1b178df', '6552c042-27fb-4083-9944-488ddf3a879e', '2026-02-02T03:58:03.527129', '2026-02-02T03:58:03.527129');
INSERT INTO movie_projections (id, projection_date, projection_time, cinema_hall_id, movie_id, created_at, updated_at) VALUES ('01e632f0-54f4-433f-9348-79077a767e1b', '2026-02-25', '13:00:00', 'f308a6cd-7db0-4e8f-9086-3b368ff8b91a', '6552c042-27fb-4083-9944-488ddf3a879e', '2026-02-02T03:58:03.527153', '2026-02-02T03:58:03.527153');
INSERT INTO movie_projections (id, projection_date, projection_time, cinema_hall_id, movie_id, created_at, updated_at) VALUES ('eccbba9b-22b8-433d-88dc-697cb93923bf', '2026-03-04', '13:00:00', '83abf7cb-f1e0-4557-89cd-354bb575262b', '6552c042-27fb-4083-9944-488ddf3a879e', '2026-02-02T03:58:03.527175', '2026-02-02T03:58:03.527175');
INSERT INTO movie_projections (id, projection_date, projection_time, cinema_hall_id, movie_id, created_at, updated_at) VALUES ('f1f2ee1e-e139-4f5f-8fd3-4b9f52553072', '2026-03-06', '16:00:00', 'ff03477d-db27-4d57-bd3b-e06ed1bcdb87', '6552c042-27fb-4083-9944-488ddf3a879e', '2026-02-02T03:58:03.527198', '2026-02-02T03:58:03.527198');
INSERT INTO movie_projections (id, projection_date, projection_time, cinema_hall_id, movie_id, created_at, updated_at) VALUES ('e0ab6e2d-a695-4e9d-9a92-b0979b235d42', '2026-03-02', '13:00:00', '9f106868-b214-4da4-958c-98f47eac54e2', '6552c042-27fb-4083-9944-488ddf3a879e', '2026-02-02T03:58:03.527221', '2026-02-02T03:58:03.527221');
INSERT INTO movie_projections (id, projection_date, projection_time, cinema_hall_id, movie_id, created_at, updated_at) VALUES ('0c298512-cefc-46a4-a8f9-3ee6da75e7a3', '2026-02-28', '10:00:00', '0330ebe1-b742-4d72-8cd5-e6cbc1b178df', '6552c042-27fb-4083-9944-488ddf3a879e', '2026-02-02T03:58:03.527244', '2026-02-02T03:58:03.527244');
INSERT INTO movie_projections (id, projection_date, projection_time, cinema_hall_id, movie_id, created_at, updated_at) VALUES ('16837344-9f8a-4c11-9475-72e841e55a12', '2026-02-05', '16:00:00', '0330ebe1-b742-4d72-8cd5-e6cbc1b178df', '6552c042-27fb-4083-9944-488ddf3a879e', '2026-02-02T03:58:03.527267', '2026-02-02T03:58:03.527267');
INSERT INTO movie_projections (id, projection_date, projection_time, cinema_hall_id, movie_id, created_at, updated_at) VALUES ('57585c34-f13c-4c55-9eac-ab10bea113ca', '2026-02-21', '19:00:00', '09725c82-8bbe-48ce-bc29-31b7513f46f6', '6552c042-27fb-4083-9944-488ddf3a879e', '2026-02-02T03:58:03.527289', '2026-02-02T03:58:03.527289');
INSERT INTO movie_projections (id, projection_date, projection_time, cinema_hall_id, movie_id, created_at, updated_at) VALUES ('05756dcd-6cfd-432a-baf7-2c4a4344649d', '2026-02-05', '19:00:00', 'e7f9e0aa-25c6-4656-a785-24a7c64ae6f7', '6552c042-27fb-4083-9944-488ddf3a879e', '2026-02-02T03:58:03.527314', '2026-02-02T03:58:03.527314');
INSERT INTO movie_projections (id, projection_date, projection_time, cinema_hall_id, movie_id, created_at, updated_at) VALUES ('bc35fe47-ac5c-4dd9-b7f2-cb6b6de89e74', '2026-02-19', '19:00:00', 'dc9298a8-a343-4ff6-a811-bccf5aa5db8f', '6552c042-27fb-4083-9944-488ddf3a879e', '2026-02-02T03:58:03.527337', '2026-02-02T03:58:03.527337');
INSERT INTO movie_projections (id, projection_date, projection_time, cinema_hall_id, movie_id, created_at, updated_at) VALUES ('ad0dbd5e-71f3-4848-81ca-58f5b099bcde', '2026-02-22', '16:00:00', 'd1c9716d-3ece-4d7a-b937-f3a554bc32e4', '6552c042-27fb-4083-9944-488ddf3a879e', '2026-02-02T03:58:03.527360', '2026-02-02T03:58:03.527360');
INSERT INTO movie_projections (id, projection_date, projection_time, cinema_hall_id, movie_id, created_at, updated_at) VALUES ('39e5c1e6-828c-4b2c-9947-f776d3dc26ad', '2026-02-06', '16:00:00', '09725c82-8bbe-48ce-bc29-31b7513f46f6', '6552c042-27fb-4083-9944-488ddf3a879e', '2026-02-02T03:58:03.527382', '2026-02-02T03:58:03.527382');
INSERT INTO movie_projections (id, projection_date, projection_time, cinema_hall_id, movie_id, created_at, updated_at) VALUES ('1c7208c2-3152-4b03-bb5b-d780928459b8', '2026-03-05', '19:00:00', 'f308a6cd-7db0-4e8f-9086-3b368ff8b91a', '6552c042-27fb-4083-9944-488ddf3a879e', '2026-02-02T03:58:03.527405', '2026-02-02T03:58:03.527405');
INSERT INTO movie_projections (id, projection_date, projection_time, cinema_hall_id, movie_id, created_at, updated_at) VALUES ('5e34094d-e3ef-4ba1-8af8-b7616aa59f2f', '2026-02-16', '19:00:00', '09725c82-8bbe-48ce-bc29-31b7513f46f6', '6552c042-27fb-4083-9944-488ddf3a879e', '2026-02-02T03:58:03.527427', '2026-02-02T03:58:03.527427');
INSERT INTO movie_projections (id, projection_date, projection_time, cinema_hall_id, movie_id, created_at, updated_at) VALUES ('27f45ed0-51cd-4d69-af3b-3eb994b94966', '2026-02-06', '13:00:00', '83abf7cb-f1e0-4557-89cd-354bb575262b', '6552c042-27fb-4083-9944-488ddf3a879e', '2026-02-02T03:58:03.527450', '2026-02-02T03:58:03.527450');
INSERT INTO movie_projections (id, projection_date, projection_time, cinema_hall_id, movie_id, created_at, updated_at) VALUES ('731952e4-d318-4da0-86e5-33e8a96cb768', '2026-02-04', '13:00:00', '17edc49a-9fa2-4dde-86b1-711e17e03602', '6552c042-27fb-4083-9944-488ddf3a879e', '2026-02-02T03:58:03.527473', '2026-02-02T03:58:03.527473');
INSERT INTO movie_projections (id, projection_date, projection_time, cinema_hall_id, movie_id, created_at, updated_at) VALUES ('462c0322-7e51-4ef1-9788-f87e84a38b5d', '2026-02-24', '19:00:00', '7bdfa823-58a4-4bc5-8b5f-d3df3b599359', '6552c042-27fb-4083-9944-488ddf3a879e', '2026-02-02T03:58:03.527498', '2026-02-02T03:58:03.527498');
INSERT INTO movie_projections (id, projection_date, projection_time, cinema_hall_id, movie_id, created_at, updated_at) VALUES ('e5957c7f-2fa4-4ece-a270-35414e20e24a', '2026-02-10', '10:00:00', '83abf7cb-f1e0-4557-89cd-354bb575262b', '6552c042-27fb-4083-9944-488ddf3a879e', '2026-02-02T03:58:03.527522', '2026-02-02T03:58:03.527522');
INSERT INTO movie_projections (id, projection_date, projection_time, cinema_hall_id, movie_id, created_at, updated_at) VALUES ('b8e3d4f9-bc67-4af9-b91a-c1391bdd90ec', '2026-02-21', '16:00:00', '0330ebe1-b742-4d72-8cd5-e6cbc1b178df', '6552c042-27fb-4083-9944-488ddf3a879e', '2026-02-02T03:58:03.527544', '2026-02-02T03:58:03.527544');
INSERT INTO movie_projections (id, projection_date, projection_time, cinema_hall_id, movie_id, created_at, updated_at) VALUES ('b9a363fb-14c8-40eb-87fa-1828e58af952', '2026-02-26', '13:00:00', 'dc9298a8-a343-4ff6-a811-bccf5aa5db8f', '6552c042-27fb-4083-9944-488ddf3a879e', '2026-02-02T03:58:03.527567', '2026-02-02T03:58:03.527567');
INSERT INTO movie_projections (id, projection_date, projection_time, cinema_hall_id, movie_id, created_at, updated_at) VALUES ('dfef2ee7-165d-4d5a-b518-94422c2947e7', '2026-02-05', '19:00:00', 'f308a6cd-7db0-4e8f-9086-3b368ff8b91a', '6552c042-27fb-4083-9944-488ddf3a879e', '2026-02-02T03:58:03.527591', '2026-02-02T03:58:03.527591');
INSERT INTO movie_projections (id, projection_date, projection_time, cinema_hall_id, movie_id, created_at, updated_at) VALUES ('55259827-1d2a-4eaf-bbd8-ba488e470b9c', '2026-02-20', '19:00:00', '7bdfa823-58a4-4bc5-8b5f-d3df3b599359', '6552c042-27fb-4083-9944-488ddf3a879e', '2026-02-02T03:58:03.527614', '2026-02-02T03:58:03.527614');
INSERT INTO movie_projections (id, projection_date, projection_time, cinema_hall_id, movie_id, created_at, updated_at) VALUES ('c01ec05e-40bd-4849-b07b-01b609a5cd1e', '2026-02-10', '19:00:00', '9f106868-b214-4da4-958c-98f47eac54e2', '6552c042-27fb-4083-9944-488ddf3a879e', '2026-02-02T03:58:03.527637', '2026-02-02T03:58:03.527637');
INSERT INTO movie_projections (id, projection_date, projection_time, cinema_hall_id, movie_id, created_at, updated_at) VALUES ('bbd6c6d4-fc3f-4e66-9e05-a7563b98043d', '2026-03-02', '16:00:00', '9f106868-b214-4da4-958c-98f47eac54e2', '6552c042-27fb-4083-9944-488ddf3a879e', '2026-02-02T03:58:03.527659', '2026-02-02T03:58:03.527659');
INSERT INTO movie_projections (id, projection_date, projection_time, cinema_hall_id, movie_id, created_at, updated_at) VALUES ('bcb0a8e6-753a-4de6-883a-62379b244243', '2026-03-07', '16:00:00', '17edc49a-9fa2-4dde-86b1-711e17e03602', '6552c042-27fb-4083-9944-488ddf3a879e', '2026-02-02T03:58:03.527688', '2026-02-02T03:58:03.527688');
INSERT INTO movie_projections (id, projection_date, projection_time, cinema_hall_id, movie_id, created_at, updated_at) VALUES ('475657b4-ff02-4854-b001-afe8b97d95e7', '2026-03-02', '16:00:00', 'e7f9e0aa-25c6-4656-a785-24a7c64ae6f7', '6552c042-27fb-4083-9944-488ddf3a879e', '2026-02-02T03:58:03.527712', '2026-02-02T03:58:03.527712');
INSERT INTO movie_projections (id, projection_date, projection_time, cinema_hall_id, movie_id, created_at, updated_at) VALUES ('241030a7-8901-4369-8c22-91f0711b3314', '2026-02-19', '16:00:00', '17edc49a-9fa2-4dde-86b1-711e17e03602', '6552c042-27fb-4083-9944-488ddf3a879e', '2026-02-02T03:58:03.527735', '2026-02-02T03:58:03.527735');
INSERT INTO movie_projections (id, projection_date, projection_time, cinema_hall_id, movie_id, created_at, updated_at) VALUES ('73aa625b-61a4-4451-b0cc-c15946e0ac63', '2026-03-03', '10:00:00', '7bdfa823-58a4-4bc5-8b5f-d3df3b599359', '6552c042-27fb-4083-9944-488ddf3a879e', '2026-02-02T03:58:03.527757', '2026-02-02T03:58:03.527757');
INSERT INTO movie_projections (id, projection_date, projection_time, cinema_hall_id, movie_id, created_at, updated_at) VALUES ('c93fe75b-3cd0-4db0-adc3-95f459b3528e', '2026-03-01', '19:00:00', 'dc9298a8-a343-4ff6-a811-bccf5aa5db8f', '6552c042-27fb-4083-9944-488ddf3a879e', '2026-02-02T03:58:03.527781', '2026-02-02T03:58:03.527781');
INSERT INTO movie_projections (id, projection_date, projection_time, cinema_hall_id, movie_id, created_at, updated_at) VALUES ('6378d21e-323f-4fdd-bde7-a08949bb2d11', '2026-02-15', '10:00:00', '0330ebe1-b742-4d72-8cd5-e6cbc1b178df', '6552c042-27fb-4083-9944-488ddf3a879e', '2026-02-02T03:58:03.527804', '2026-02-02T03:58:03.527804');
INSERT INTO movie_projections (id, projection_date, projection_time, cinema_hall_id, movie_id, created_at, updated_at) VALUES ('4df96e49-32a6-4fda-95b6-12e3d6f238a0', '2026-02-17', '10:00:00', '0330ebe1-b742-4d72-8cd5-e6cbc1b178df', '6552c042-27fb-4083-9944-488ddf3a879e', '2026-02-02T03:58:03.527827', '2026-02-02T03:58:03.527827');
INSERT INTO movie_projections (id, projection_date, projection_time, cinema_hall_id, movie_id, created_at, updated_at) VALUES ('98e45c48-71f1-4b89-a01c-db819a9fa61c', '2026-03-01', '19:00:00', '17edc49a-9fa2-4dde-86b1-711e17e03602', '6552c042-27fb-4083-9944-488ddf3a879e', '2026-02-02T03:58:03.527850', '2026-02-02T03:58:03.527850');
INSERT INTO movie_projections (id, projection_date, projection_time, cinema_hall_id, movie_id, created_at, updated_at) VALUES ('bb7a21f5-dca7-4bb2-a038-7fcc60c6ed4e', '2026-02-05', '16:00:00', '7bdfa823-58a4-4bc5-8b5f-d3df3b599359', '6552c042-27fb-4083-9944-488ddf3a879e', '2026-02-02T03:58:03.527875', '2026-02-02T03:58:03.527875');
INSERT INTO movie_projections (id, projection_date, projection_time, cinema_hall_id, movie_id, created_at, updated_at) VALUES ('c2a7b951-69e8-4342-9c27-cf2596974f98', '2026-03-03', '13:00:00', 'e7f9e0aa-25c6-4656-a785-24a7c64ae6f7', '6552c042-27fb-4083-9944-488ddf3a879e', '2026-02-02T03:58:03.527897', '2026-02-02T03:58:03.527897');
INSERT INTO movie_projections (id, projection_date, projection_time, cinema_hall_id, movie_id, created_at, updated_at) VALUES ('e79fc8ce-f78d-439c-b105-b5d099b53d19', '2026-02-11', '10:00:00', 'd1c9716d-3ece-4d7a-b937-f3a554bc32e4', '6552c042-27fb-4083-9944-488ddf3a879e', '2026-02-02T03:58:03.527920', '2026-02-02T03:58:03.527920');
INSERT INTO movie_projections (id, projection_date, projection_time, cinema_hall_id, movie_id, created_at, updated_at) VALUES ('3e83c9af-8f10-4516-86a0-c24aafc13e08', '2026-03-22', '19:00:00', '0330ebe1-b742-4d72-8cd5-e6cbc1b178df', 'af18b1d4-4e7b-4ee7-aa30-c1b9374542bb', '2026-02-02T03:58:03.527952', '2026-02-02T03:58:03.527952');
INSERT INTO movie_projections (id, projection_date, projection_time, cinema_hall_id, movie_id, created_at, updated_at) VALUES ('c7fd969d-4a71-4163-b97a-3285dee18e2f', '2026-03-09', '19:00:00', 'ff03477d-db27-4d57-bd3b-e06ed1bcdb87', 'af18b1d4-4e7b-4ee7-aa30-c1b9374542bb', '2026-02-02T03:58:03.527975', '2026-02-02T03:58:03.527975');
INSERT INTO movie_projections (id, projection_date, projection_time, cinema_hall_id, movie_id, created_at, updated_at) VALUES ('5f565e9c-b13e-4303-b869-4cb544551b3a', '2026-03-07', '19:00:00', 'f308a6cd-7db0-4e8f-9086-3b368ff8b91a', 'af18b1d4-4e7b-4ee7-aa30-c1b9374542bb', '2026-02-02T03:58:03.527998', '2026-02-02T03:58:03.527998');
INSERT INTO movie_projections (id, projection_date, projection_time, cinema_hall_id, movie_id, created_at, updated_at) VALUES ('cc832cc1-a549-4152-bd64-be177e9c37d6', '2026-03-03', '19:00:00', 'e7f9e0aa-25c6-4656-a785-24a7c64ae6f7', 'af18b1d4-4e7b-4ee7-aa30-c1b9374542bb', '2026-02-02T03:58:03.528022', '2026-02-02T03:58:03.528022');
INSERT INTO movie_projections (id, projection_date, projection_time, cinema_hall_id, movie_id, created_at, updated_at) VALUES ('19127414-93cb-48a2-845a-9ea8e4febc69', '2026-02-13', '10:00:00', 'ff03477d-db27-4d57-bd3b-e06ed1bcdb87', 'af18b1d4-4e7b-4ee7-aa30-c1b9374542bb', '2026-02-02T03:58:03.528045', '2026-02-02T03:58:03.528045');
INSERT INTO movie_projections (id, projection_date, projection_time, cinema_hall_id, movie_id, created_at, updated_at) VALUES ('4a49bae9-5ebe-4469-8019-cee8775244f3', '2026-03-06', '16:00:00', '7bdfa823-58a4-4bc5-8b5f-d3df3b599359', 'af18b1d4-4e7b-4ee7-aa30-c1b9374542bb', '2026-02-02T03:58:03.528071', '2026-02-02T03:58:03.528071');
INSERT INTO movie_projections (id, projection_date, projection_time, cinema_hall_id, movie_id, created_at, updated_at) VALUES ('78b45f9f-a597-40e5-ae4a-a2cd4b5edfe7', '2026-02-14', '10:00:00', '83abf7cb-f1e0-4557-89cd-354bb575262b', 'af18b1d4-4e7b-4ee7-aa30-c1b9374542bb', '2026-02-02T03:58:03.528094', '2026-02-02T03:58:03.528094');
INSERT INTO movie_projections (id, projection_date, projection_time, cinema_hall_id, movie_id, created_at, updated_at) VALUES ('d885af40-93ba-44a0-ab6c-5a1c42f801f3', '2026-03-24', '19:00:00', '83abf7cb-f1e0-4557-89cd-354bb575262b', 'af18b1d4-4e7b-4ee7-aa30-c1b9374542bb', '2026-02-02T03:58:03.528117', '2026-02-02T03:58:03.528117');
INSERT INTO movie_projections (id, projection_date, projection_time, cinema_hall_id, movie_id, created_at, updated_at) VALUES ('46990ca7-e467-46e8-9a5b-8ee40d5fc5b1', '2026-03-17', '16:00:00', 'dc9298a8-a343-4ff6-a811-bccf5aa5db8f', 'af18b1d4-4e7b-4ee7-aa30-c1b9374542bb', '2026-02-02T03:58:03.528140', '2026-02-02T03:58:03.528140');
INSERT INTO movie_projections (id, projection_date, projection_time, cinema_hall_id, movie_id, created_at, updated_at) VALUES ('e1007cf5-dbf2-4936-a8ce-389ab6d14e8f', '2026-02-28', '19:00:00', '9f106868-b214-4da4-958c-98f47eac54e2', 'af18b1d4-4e7b-4ee7-aa30-c1b9374542bb', '2026-02-02T03:58:03.528162', '2026-02-02T03:58:03.528162');
INSERT INTO movie_projections (id, projection_date, projection_time, cinema_hall_id, movie_id, created_at, updated_at) VALUES ('b7f02d70-696a-4033-8973-6b3f4494538f', '2026-03-19', '19:00:00', '83abf7cb-f1e0-4557-89cd-354bb575262b', 'af18b1d4-4e7b-4ee7-aa30-c1b9374542bb', '2026-02-02T03:58:03.528185', '2026-02-02T03:58:03.528185');
INSERT INTO movie_projections (id, projection_date, projection_time, cinema_hall_id, movie_id, created_at, updated_at) VALUES ('97f41487-e40c-43ba-bc5c-7f4ec0226086', '2026-02-24', '13:00:00', '09725c82-8bbe-48ce-bc29-31b7513f46f6', 'af18b1d4-4e7b-4ee7-aa30-c1b9374542bb', '2026-02-02T03:58:03.528208', '2026-02-02T03:58:03.528208');
INSERT INTO movie_projections (id, projection_date, projection_time, cinema_hall_id, movie_id, created_at, updated_at) VALUES ('2e8a9e67-e271-45e2-8264-c9a9422bffd2', '2026-02-20', '16:00:00', '7bdfa823-58a4-4bc5-8b5f-d3df3b599359', 'af18b1d4-4e7b-4ee7-aa30-c1b9374542bb', '2026-02-02T03:58:03.528230', '2026-02-02T03:58:03.528230');
INSERT INTO movie_projections (id, projection_date, projection_time, cinema_hall_id, movie_id, created_at, updated_at) VALUES ('bea6ea9e-1340-4be3-a0bf-9d9aa7cb0553', '2026-03-26', '10:00:00', '9f106868-b214-4da4-958c-98f47eac54e2', 'af18b1d4-4e7b-4ee7-aa30-c1b9374542bb', '2026-02-02T03:58:03.528256', '2026-02-02T03:58:03.528256');
INSERT INTO movie_projections (id, projection_date, projection_time, cinema_hall_id, movie_id, created_at, updated_at) VALUES ('1278044e-8663-46d7-ac3d-cac5b7b4e229', '2026-03-12', '13:00:00', 'd1c9716d-3ece-4d7a-b937-f3a554bc32e4', 'af18b1d4-4e7b-4ee7-aa30-c1b9374542bb', '2026-02-02T03:58:03.528279', '2026-02-02T03:58:03.528279');
INSERT INTO movie_projections (id, projection_date, projection_time, cinema_hall_id, movie_id, created_at, updated_at) VALUES ('0573c5e7-a773-43e9-95ef-77a55dfaa3da', '2026-03-03', '10:00:00', 'e7f9e0aa-25c6-4656-a785-24a7c64ae6f7', 'af18b1d4-4e7b-4ee7-aa30-c1b9374542bb', '2026-02-02T03:58:03.528302', '2026-02-02T03:58:03.528302');
INSERT INTO movie_projections (id, projection_date, projection_time, cinema_hall_id, movie_id, created_at, updated_at) VALUES ('6f9a2558-77a2-44a2-a243-dfa436ffa4dd', '2026-03-22', '13:00:00', '17edc49a-9fa2-4dde-86b1-711e17e03602', 'af18b1d4-4e7b-4ee7-aa30-c1b9374542bb', '2026-02-02T03:58:03.528325', '2026-02-02T03:58:03.528325');
INSERT INTO movie_projections (id, projection_date, projection_time, cinema_hall_id, movie_id, created_at, updated_at) VALUES ('87ebb4e8-1efa-435a-bf75-e17d9396d342', '2026-03-10', '10:00:00', '09725c82-8bbe-48ce-bc29-31b7513f46f6', 'af18b1d4-4e7b-4ee7-aa30-c1b9374542bb', '2026-02-02T03:58:03.528348', '2026-02-02T03:58:03.528348');
INSERT INTO movie_projections (id, projection_date, projection_time, cinema_hall_id, movie_id, created_at, updated_at) VALUES ('cd9e020d-7366-43f8-a1bd-39bea257b52a', '2026-03-23', '13:00:00', 'ff03477d-db27-4d57-bd3b-e06ed1bcdb87', 'af18b1d4-4e7b-4ee7-aa30-c1b9374542bb', '2026-02-02T03:58:03.528371', '2026-02-02T03:58:03.528371');
INSERT INTO movie_projections (id, projection_date, projection_time, cinema_hall_id, movie_id, created_at, updated_at) VALUES ('dcfa971e-e670-4b0a-9a34-020633de114c', '2026-02-18', '16:00:00', 'dc9298a8-a343-4ff6-a811-bccf5aa5db8f', 'af18b1d4-4e7b-4ee7-aa30-c1b9374542bb', '2026-02-02T03:58:03.528393', '2026-02-02T03:58:03.528393');
INSERT INTO movie_projections (id, projection_date, projection_time, cinema_hall_id, movie_id, created_at, updated_at) VALUES ('180e3368-c17f-4ab5-b7c4-c060dd3d4b3b', '2026-02-28', '13:00:00', '9f106868-b214-4da4-958c-98f47eac54e2', 'af18b1d4-4e7b-4ee7-aa30-c1b9374542bb', '2026-02-02T03:58:03.528416', '2026-02-02T03:58:03.528416');
INSERT INTO movie_projections (id, projection_date, projection_time, cinema_hall_id, movie_id, created_at, updated_at) VALUES ('98e2e729-70fa-4737-a218-374610e1a454', '2026-03-16', '10:00:00', 'ff03477d-db27-4d57-bd3b-e06ed1bcdb87', 'af18b1d4-4e7b-4ee7-aa30-c1b9374542bb', '2026-02-02T03:58:03.528441', '2026-02-02T03:58:03.528441');
INSERT INTO movie_projections (id, projection_date, projection_time, cinema_hall_id, movie_id, created_at, updated_at) VALUES ('dc2a35fc-39bd-4be7-a498-7b8c30b9a664', '2026-03-13', '13:00:00', 'f308a6cd-7db0-4e8f-9086-3b368ff8b91a', 'af18b1d4-4e7b-4ee7-aa30-c1b9374542bb', '2026-02-02T03:58:03.528465', '2026-02-02T03:58:03.528465');
INSERT INTO movie_projections (id, projection_date, projection_time, cinema_hall_id, movie_id, created_at, updated_at) VALUES ('de19240d-b7bf-439c-972f-b5444cfd56d4', '2026-03-26', '10:00:00', 'f308a6cd-7db0-4e8f-9086-3b368ff8b91a', 'af18b1d4-4e7b-4ee7-aa30-c1b9374542bb', '2026-02-02T03:58:03.528490', '2026-02-02T03:58:03.528490');
INSERT INTO movie_projections (id, projection_date, projection_time, cinema_hall_id, movie_id, created_at, updated_at) VALUES ('1575fdca-adb2-4bbc-b236-0e385101c6ad', '2026-02-23', '13:00:00', '9f106868-b214-4da4-958c-98f47eac54e2', 'af18b1d4-4e7b-4ee7-aa30-c1b9374542bb', '2026-02-02T03:58:03.528513', '2026-02-02T03:58:03.528513');
INSERT INTO movie_projections (id, projection_date, projection_time, cinema_hall_id, movie_id, created_at, updated_at) VALUES ('a1d57a70-04a1-447b-a8e8-e2797c0c55e5', '2026-02-14', '19:00:00', 'd1c9716d-3ece-4d7a-b937-f3a554bc32e4', 'af18b1d4-4e7b-4ee7-aa30-c1b9374542bb', '2026-02-02T03:58:03.528536', '2026-02-02T03:58:03.528536');
INSERT INTO movie_projections (id, projection_date, projection_time, cinema_hall_id, movie_id, created_at, updated_at) VALUES ('9d7d5f46-b1df-4eba-a963-a858a21fcb48', '2026-03-20', '13:00:00', 'dc9298a8-a343-4ff6-a811-bccf5aa5db8f', 'af18b1d4-4e7b-4ee7-aa30-c1b9374542bb', '2026-02-02T03:58:03.528559', '2026-02-02T03:58:03.528559');
INSERT INTO movie_projections (id, projection_date, projection_time, cinema_hall_id, movie_id, created_at, updated_at) VALUES ('5b93b077-6b11-481c-b57c-3f6a5359d410', '2026-03-17', '10:00:00', '0330ebe1-b742-4d72-8cd5-e6cbc1b178df', 'af18b1d4-4e7b-4ee7-aa30-c1b9374542bb', '2026-02-02T03:58:03.528585', '2026-02-02T03:58:03.528585');
INSERT INTO movie_projections (id, projection_date, projection_time, cinema_hall_id, movie_id, created_at, updated_at) VALUES ('8ced4d6b-c20e-4d08-976f-a0a7177c0a9c', '2026-03-18', '10:00:00', 'ff03477d-db27-4d57-bd3b-e06ed1bcdb87', 'af18b1d4-4e7b-4ee7-aa30-c1b9374542bb', '2026-02-02T03:58:03.528638', '2026-02-02T03:58:03.528638');
INSERT INTO movie_projections (id, projection_date, projection_time, cinema_hall_id, movie_id, created_at, updated_at) VALUES ('5b8c540f-1fb3-40c9-a34f-b6017c2d83ee', '2026-02-24', '10:00:00', 'f308a6cd-7db0-4e8f-9086-3b368ff8b91a', 'af18b1d4-4e7b-4ee7-aa30-c1b9374542bb', '2026-02-02T03:58:03.528690', '2026-02-02T03:58:03.528690');
INSERT INTO movie_projections (id, projection_date, projection_time, cinema_hall_id, movie_id, created_at, updated_at) VALUES ('ea3595bf-4d2c-4965-97f6-16884d7affef', '2026-02-19', '19:00:00', '0330ebe1-b742-4d72-8cd5-e6cbc1b178df', 'af18b1d4-4e7b-4ee7-aa30-c1b9374542bb', '2026-02-02T03:58:03.528715', '2026-02-02T03:58:03.528715');
INSERT INTO movie_projections (id, projection_date, projection_time, cinema_hall_id, movie_id, created_at, updated_at) VALUES ('9a719751-603d-49fa-bc11-f2f4804ab2e1', '2026-02-15', '13:00:00', '83abf7cb-f1e0-4557-89cd-354bb575262b', 'af18b1d4-4e7b-4ee7-aa30-c1b9374542bb', '2026-02-02T03:58:03.528739', '2026-02-02T03:58:03.528739');
INSERT INTO movie_projections (id, projection_date, projection_time, cinema_hall_id, movie_id, created_at, updated_at) VALUES ('eb4da0cd-c39b-4b40-b50d-c625bbb8f8f8', '2026-03-08', '19:00:00', '9f106868-b214-4da4-958c-98f47eac54e2', 'af18b1d4-4e7b-4ee7-aa30-c1b9374542bb', '2026-02-02T03:58:03.528762', '2026-02-02T03:58:03.528762');
INSERT INTO movie_projections (id, projection_date, projection_time, cinema_hall_id, movie_id, created_at, updated_at) VALUES ('0ebd6281-d564-4f44-8ec2-b6fb1b6f27cf', '2026-02-03', '19:00:00', 'f308a6cd-7db0-4e8f-9086-3b368ff8b91a', 'af18b1d4-4e7b-4ee7-aa30-c1b9374542bb', '2026-02-02T03:58:03.528790', '2026-02-02T03:58:03.528790');
INSERT INTO movie_projections (id, projection_date, projection_time, cinema_hall_id, movie_id, created_at, updated_at) VALUES ('370812f3-3363-4a67-ba4e-857445bf7f62', '2026-03-26', '19:00:00', 'd1c9716d-3ece-4d7a-b937-f3a554bc32e4', 'af18b1d4-4e7b-4ee7-aa30-c1b9374542bb', '2026-02-02T03:58:03.528814', '2026-02-02T03:58:03.528814');
INSERT INTO movie_projections (id, projection_date, projection_time, cinema_hall_id, movie_id, created_at, updated_at) VALUES ('bf5f61d9-25c4-4c44-8b29-216c1fe97ea5', '2026-02-15', '13:00:00', '7bdfa823-58a4-4bc5-8b5f-d3df3b599359', 'af18b1d4-4e7b-4ee7-aa30-c1b9374542bb', '2026-02-02T03:58:03.528836', '2026-02-02T03:58:03.528836');
INSERT INTO movie_projections (id, projection_date, projection_time, cinema_hall_id, movie_id, created_at, updated_at) VALUES ('73a4ea6e-a3a7-4c60-9bc3-22650c6c186e', '2026-03-24', '13:00:00', '0330ebe1-b742-4d72-8cd5-e6cbc1b178df', 'af18b1d4-4e7b-4ee7-aa30-c1b9374542bb', '2026-02-02T03:58:03.528860', '2026-02-02T03:58:03.528860');
INSERT INTO movie_projections (id, projection_date, projection_time, cinema_hall_id, movie_id, created_at, updated_at) VALUES ('e8a985e9-64de-4527-9241-dbe2fb1960ba', '2026-02-18', '16:00:00', 'f308a6cd-7db0-4e8f-9086-3b368ff8b91a', 'af18b1d4-4e7b-4ee7-aa30-c1b9374542bb', '2026-02-02T03:58:03.528886', '2026-02-02T03:58:03.528886');
INSERT INTO movie_projections (id, projection_date, projection_time, cinema_hall_id, movie_id, created_at, updated_at) VALUES ('53bfd5b3-fb6f-44da-9ec1-257d563961f9', '2026-03-01', '13:00:00', 'e7f9e0aa-25c6-4656-a785-24a7c64ae6f7', 'af18b1d4-4e7b-4ee7-aa30-c1b9374542bb', '2026-02-02T03:58:03.528909', '2026-02-02T03:58:03.528909');
INSERT INTO movie_projections (id, projection_date, projection_time, cinema_hall_id, movie_id, created_at, updated_at) VALUES ('08ceb1af-cb77-40ae-bf23-4ad1e9927763', '2026-03-20', '10:00:00', '9f106868-b214-4da4-958c-98f47eac54e2', 'af18b1d4-4e7b-4ee7-aa30-c1b9374542bb', '2026-02-02T03:58:03.528941', '2026-02-02T03:58:03.528941');
INSERT INTO movie_projections (id, projection_date, projection_time, cinema_hall_id, movie_id, created_at, updated_at) VALUES ('ae01bfa3-e984-4214-825a-91263694a6c0', '2026-03-01', '10:00:00', 'dc9298a8-a343-4ff6-a811-bccf5aa5db8f', '9eb602a7-8ecd-446d-8cd9-70717be182ae', '2026-02-02T03:58:03.528968', '2026-02-02T03:58:03.528968');
INSERT INTO movie_projections (id, projection_date, projection_time, cinema_hall_id, movie_id, created_at, updated_at) VALUES ('9383e67e-ee1a-49bf-b079-64375555f1d8', '2026-03-16', '16:00:00', 'd1c9716d-3ece-4d7a-b937-f3a554bc32e4', '9eb602a7-8ecd-446d-8cd9-70717be182ae', '2026-02-02T03:58:03.528992', '2026-02-02T03:58:03.528992');
INSERT INTO movie_projections (id, projection_date, projection_time, cinema_hall_id, movie_id, created_at, updated_at) VALUES ('c18b93b1-16d2-4ce3-b713-ccdd362a1e55', '2026-03-17', '10:00:00', '09725c82-8bbe-48ce-bc29-31b7513f46f6', '9eb602a7-8ecd-446d-8cd9-70717be182ae', '2026-02-02T03:58:03.529015', '2026-02-02T03:58:03.529015');
INSERT INTO movie_projections (id, projection_date, projection_time, cinema_hall_id, movie_id, created_at, updated_at) VALUES ('d6e70b44-045f-438c-be26-5f3a361cc016', '2026-03-07', '13:00:00', '17edc49a-9fa2-4dde-86b1-711e17e03602', '9eb602a7-8ecd-446d-8cd9-70717be182ae', '2026-02-02T03:58:03.529038', '2026-02-02T03:58:03.529038');
INSERT INTO movie_projections (id, projection_date, projection_time, cinema_hall_id, movie_id, created_at, updated_at) VALUES ('e9fd0001-af7d-41c8-96b7-b0e7218a17ce', '2026-02-02', '16:00:00', '83abf7cb-f1e0-4557-89cd-354bb575262b', '9eb602a7-8ecd-446d-8cd9-70717be182ae', '2026-02-02T03:58:03.529061', '2026-02-02T03:58:03.529061');
INSERT INTO movie_projections (id, projection_date, projection_time, cinema_hall_id, movie_id, created_at, updated_at) VALUES ('4e4160c1-b618-4074-8d84-ac6c79fa861e', '2026-02-24', '16:00:00', '7bdfa823-58a4-4bc5-8b5f-d3df3b599359', '9eb602a7-8ecd-446d-8cd9-70717be182ae', '2026-02-02T03:58:03.529087', '2026-02-02T03:58:03.529087');
INSERT INTO movie_projections (id, projection_date, projection_time, cinema_hall_id, movie_id, created_at, updated_at) VALUES ('79d8e331-df49-4885-9ce7-21fa468e4ffc', '2026-02-02', '16:00:00', '0330ebe1-b742-4d72-8cd5-e6cbc1b178df', '9eb602a7-8ecd-446d-8cd9-70717be182ae', '2026-02-02T03:58:03.529110', '2026-02-02T03:58:03.529110');
INSERT INTO movie_projections (id, projection_date, projection_time, cinema_hall_id, movie_id, created_at, updated_at) VALUES ('d052f75e-348d-4a7b-981b-9da96e05e830', '2026-02-27', '10:00:00', 'ff03477d-db27-4d57-bd3b-e06ed1bcdb87', '9eb602a7-8ecd-446d-8cd9-70717be182ae', '2026-02-02T03:58:03.529133', '2026-02-02T03:58:03.529133');
INSERT INTO movie_projections (id, projection_date, projection_time, cinema_hall_id, movie_id, created_at, updated_at) VALUES ('041140c8-fdd0-4e92-93cc-a3f6e1ac514a', '2026-03-23', '16:00:00', '9f106868-b214-4da4-958c-98f47eac54e2', '9eb602a7-8ecd-446d-8cd9-70717be182ae', '2026-02-02T03:58:03.529156', '2026-02-02T03:58:03.529156');
INSERT INTO movie_projections (id, projection_date, projection_time, cinema_hall_id, movie_id, created_at, updated_at) VALUES ('380d7d8c-b572-4903-9f09-c1a83904f9bd', '2026-02-26', '16:00:00', 'dc9298a8-a343-4ff6-a811-bccf5aa5db8f', '9eb602a7-8ecd-446d-8cd9-70717be182ae', '2026-02-02T03:58:03.529179', '2026-02-02T03:58:03.529179');
INSERT INTO movie_projections (id, projection_date, projection_time, cinema_hall_id, movie_id, created_at, updated_at) VALUES ('175fe547-64c5-4a11-b0cd-28f1bc1b1dc5', '2026-03-25', '16:00:00', 'e7f9e0aa-25c6-4656-a785-24a7c64ae6f7', '9eb602a7-8ecd-446d-8cd9-70717be182ae', '2026-02-02T03:58:03.529202', '2026-02-02T03:58:03.529202');
INSERT INTO movie_projections (id, projection_date, projection_time, cinema_hall_id, movie_id, created_at, updated_at) VALUES ('cf73621b-a1de-465e-bcc3-3c8dba8934eb', '2026-02-15', '19:00:00', 'dc9298a8-a343-4ff6-a811-bccf5aa5db8f', '9eb602a7-8ecd-446d-8cd9-70717be182ae', '2026-02-02T03:58:03.529225', '2026-02-02T03:58:03.529225');
INSERT INTO movie_projections (id, projection_date, projection_time, cinema_hall_id, movie_id, created_at, updated_at) VALUES ('7b610d30-14d8-4140-85ea-ed1914f8c299', '2026-02-23', '19:00:00', '83abf7cb-f1e0-4557-89cd-354bb575262b', '9eb602a7-8ecd-446d-8cd9-70717be182ae', '2026-02-02T03:58:03.529248', '2026-02-02T03:58:03.529248');
INSERT INTO movie_projections (id, projection_date, projection_time, cinema_hall_id, movie_id, created_at, updated_at) VALUES ('69a264f4-9dbd-4364-8555-8d23c2313d35', '2026-03-02', '19:00:00', '7bdfa823-58a4-4bc5-8b5f-d3df3b599359', '9eb602a7-8ecd-446d-8cd9-70717be182ae', '2026-02-02T03:58:03.529273', '2026-02-02T03:58:03.529273');
INSERT INTO movie_projections (id, projection_date, projection_time, cinema_hall_id, movie_id, created_at, updated_at) VALUES ('b1af0280-45f0-429a-b9c8-86846b5b8f9b', '2026-03-10', '13:00:00', 'dc9298a8-a343-4ff6-a811-bccf5aa5db8f', '9eb602a7-8ecd-446d-8cd9-70717be182ae', '2026-02-02T03:58:03.529297', '2026-02-02T03:58:03.529297');
INSERT INTO movie_projections (id, projection_date, projection_time, cinema_hall_id, movie_id, created_at, updated_at) VALUES ('ee435d14-f81e-46b1-89a0-ee4694ce31a3', '2026-03-04', '13:00:00', 'f308a6cd-7db0-4e8f-9086-3b368ff8b91a', '9eb602a7-8ecd-446d-8cd9-70717be182ae', '2026-02-02T03:58:03.529320', '2026-02-02T03:58:03.529320');
INSERT INTO movie_projections (id, projection_date, projection_time, cinema_hall_id, movie_id, created_at, updated_at) VALUES ('23022401-85e7-46bd-bd6f-4cbf7f1372f4', '2026-03-04', '19:00:00', '0330ebe1-b742-4d72-8cd5-e6cbc1b178df', '9eb602a7-8ecd-446d-8cd9-70717be182ae', '2026-02-02T03:58:03.529343', '2026-02-02T03:58:03.529343');
INSERT INTO movie_projections (id, projection_date, projection_time, cinema_hall_id, movie_id, created_at, updated_at) VALUES ('b95994b9-07c8-42c8-ad5d-9b0d58ed0698', '2026-02-02', '10:00:00', '17edc49a-9fa2-4dde-86b1-711e17e03602', '9eb602a7-8ecd-446d-8cd9-70717be182ae', '2026-02-02T03:58:03.529366', '2026-02-02T03:58:03.529366');
INSERT INTO movie_projections (id, projection_date, projection_time, cinema_hall_id, movie_id, created_at, updated_at) VALUES ('7698783b-e9b5-4e64-a0f2-385907b4aafa', '2026-02-23', '10:00:00', '17edc49a-9fa2-4dde-86b1-711e17e03602', '9eb602a7-8ecd-446d-8cd9-70717be182ae', '2026-02-02T03:58:03.529422', '2026-02-02T03:58:03.529422');
INSERT INTO movie_projections (id, projection_date, projection_time, cinema_hall_id, movie_id, created_at, updated_at) VALUES ('bfe66cd4-4529-4430-90bc-c7f47167c30b', '2026-02-22', '13:00:00', 'ff03477d-db27-4d57-bd3b-e06ed1bcdb87', '9eb602a7-8ecd-446d-8cd9-70717be182ae', '2026-02-02T03:58:03.529447', '2026-02-02T03:58:03.529447');
INSERT INTO movie_projections (id, projection_date, projection_time, cinema_hall_id, movie_id, created_at, updated_at) VALUES ('b5d01a94-fe83-46ab-8adc-438e218cc138', '2026-03-07', '19:00:00', 'dc9298a8-a343-4ff6-a811-bccf5aa5db8f', '9eb602a7-8ecd-446d-8cd9-70717be182ae', '2026-02-02T03:58:03.529470', '2026-02-02T03:58:03.529470');
INSERT INTO movie_projections (id, projection_date, projection_time, cinema_hall_id, movie_id, created_at, updated_at) VALUES ('24d17eee-4d85-4eb2-92a3-0c80cfb48914', '2026-02-06', '10:00:00', 'dc9298a8-a343-4ff6-a811-bccf5aa5db8f', '9eb602a7-8ecd-446d-8cd9-70717be182ae', '2026-02-02T03:58:03.529496', '2026-02-02T03:58:03.529496');
INSERT INTO movie_projections (id, projection_date, projection_time, cinema_hall_id, movie_id, created_at, updated_at) VALUES ('beb657fe-967a-46aa-a823-f824fb20ba8e', '2026-02-21', '10:00:00', '9f106868-b214-4da4-958c-98f47eac54e2', '9eb602a7-8ecd-446d-8cd9-70717be182ae', '2026-02-02T03:58:03.529519', '2026-02-02T03:58:03.529519');
INSERT INTO movie_projections (id, projection_date, projection_time, cinema_hall_id, movie_id, created_at, updated_at) VALUES ('1b452f02-6c4b-4543-bfad-5153029f38b8', '2026-02-23', '13:00:00', '83abf7cb-f1e0-4557-89cd-354bb575262b', '9eb602a7-8ecd-446d-8cd9-70717be182ae', '2026-02-02T03:58:03.529542', '2026-02-02T03:58:03.529542');
INSERT INTO movie_projections (id, projection_date, projection_time, cinema_hall_id, movie_id, created_at, updated_at) VALUES ('3999ab94-5df0-418b-bdc7-4609c80453a8', '2026-02-13', '19:00:00', '17edc49a-9fa2-4dde-86b1-711e17e03602', '9eb602a7-8ecd-446d-8cd9-70717be182ae', '2026-02-02T03:58:03.529565', '2026-02-02T03:58:03.529565');
INSERT INTO movie_projections (id, projection_date, projection_time, cinema_hall_id, movie_id, created_at, updated_at) VALUES ('3a95ebc0-5b8c-4ecd-8fe2-5fac3eda906b', '2026-03-24', '19:00:00', '7bdfa823-58a4-4bc5-8b5f-d3df3b599359', '9eb602a7-8ecd-446d-8cd9-70717be182ae', '2026-02-02T03:58:03.529588', '2026-02-02T03:58:03.529588');
INSERT INTO movie_projections (id, projection_date, projection_time, cinema_hall_id, movie_id, created_at, updated_at) VALUES ('1c0edc00-112e-400e-9aa4-35137f7178c0', '2026-02-28', '19:00:00', '83abf7cb-f1e0-4557-89cd-354bb575262b', '9eb602a7-8ecd-446d-8cd9-70717be182ae', '2026-02-02T03:58:03.529611', '2026-02-02T03:58:03.529611');
INSERT INTO movie_projections (id, projection_date, projection_time, cinema_hall_id, movie_id, created_at, updated_at) VALUES ('ac9b2d93-a90b-4012-99e0-2c2ca3c9aa57', '2026-02-15', '13:00:00', '0330ebe1-b742-4d72-8cd5-e6cbc1b178df', '9eb602a7-8ecd-446d-8cd9-70717be182ae', '2026-02-02T03:58:03.529634', '2026-02-02T03:58:03.529634');
INSERT INTO movie_projections (id, projection_date, projection_time, cinema_hall_id, movie_id, created_at, updated_at) VALUES ('07ce219e-6791-4a72-aa86-4899d41c9e2a', '2026-03-18', '13:00:00', 'd1c9716d-3ece-4d7a-b937-f3a554bc32e4', '9eb602a7-8ecd-446d-8cd9-70717be182ae', '2026-02-02T03:58:03.529657', '2026-02-02T03:58:03.529657');
INSERT INTO movie_projections (id, projection_date, projection_time, cinema_hall_id, movie_id, created_at, updated_at) VALUES ('96f15876-dc73-4796-9b86-87c6a7358a5a', '2026-02-04', '13:00:00', '09725c82-8bbe-48ce-bc29-31b7513f46f6', '9eb602a7-8ecd-446d-8cd9-70717be182ae', '2026-02-02T03:58:03.529682', '2026-02-02T03:58:03.529682');
INSERT INTO movie_projections (id, projection_date, projection_time, cinema_hall_id, movie_id, created_at, updated_at) VALUES ('6821f128-e948-4e20-9d06-0dee62db612c', '2026-03-24', '10:00:00', '17edc49a-9fa2-4dde-86b1-711e17e03602', '9eb602a7-8ecd-446d-8cd9-70717be182ae', '2026-02-02T03:58:03.529705', '2026-02-02T03:58:03.529705');
INSERT INTO movie_projections (id, projection_date, projection_time, cinema_hall_id, movie_id, created_at, updated_at) VALUES ('3b297a90-d25b-46aa-9c65-605c7af67970', '2026-03-07', '19:00:00', 'dc9298a8-a343-4ff6-a811-bccf5aa5db8f', '9eb602a7-8ecd-446d-8cd9-70717be182ae', '2026-02-02T03:58:03.529728', '2026-02-02T03:58:03.529728');
INSERT INTO movie_projections (id, projection_date, projection_time, cinema_hall_id, movie_id, created_at, updated_at) VALUES ('baec220e-71e2-4683-970d-c1c667e42343', '2026-03-02', '19:00:00', 'f308a6cd-7db0-4e8f-9086-3b368ff8b91a', '9eb602a7-8ecd-446d-8cd9-70717be182ae', '2026-02-02T03:58:03.529751', '2026-02-02T03:58:03.529751');
INSERT INTO movie_projections (id, projection_date, projection_time, cinema_hall_id, movie_id, created_at, updated_at) VALUES ('a2d1ada9-cab6-4f4c-8031-6f3c9a402baa', '2026-02-12', '19:00:00', 'f308a6cd-7db0-4e8f-9086-3b368ff8b91a', '9eb602a7-8ecd-446d-8cd9-70717be182ae', '2026-02-02T03:58:03.529775', '2026-02-02T03:58:03.529775');
INSERT INTO movie_projections (id, projection_date, projection_time, cinema_hall_id, movie_id, created_at, updated_at) VALUES ('1db10921-8869-4055-a29a-3cd09e757f5e', '2026-03-26', '16:00:00', 'dc9298a8-a343-4ff6-a811-bccf5aa5db8f', '9eb602a7-8ecd-446d-8cd9-70717be182ae', '2026-02-02T03:58:03.529798', '2026-02-02T03:58:03.529798');
INSERT INTO movie_projections (id, projection_date, projection_time, cinema_hall_id, movie_id, created_at, updated_at) VALUES ('9dc65172-4d49-44b4-bd48-ae44ce9f9480', '2026-03-11', '13:00:00', '17edc49a-9fa2-4dde-86b1-711e17e03602', '9eb602a7-8ecd-446d-8cd9-70717be182ae', '2026-02-02T03:58:03.529820', '2026-02-02T03:58:03.529820');
INSERT INTO movie_projections (id, projection_date, projection_time, cinema_hall_id, movie_id, created_at, updated_at) VALUES ('4f9f8e28-077c-4d6d-b0dc-e631005d3882', '2026-02-04', '10:00:00', '7bdfa823-58a4-4bc5-8b5f-d3df3b599359', '9eb602a7-8ecd-446d-8cd9-70717be182ae', '2026-02-02T03:58:03.529843', '2026-02-02T03:58:03.529843');
INSERT INTO movie_projections (id, projection_date, projection_time, cinema_hall_id, movie_id, created_at, updated_at) VALUES ('fb345c54-1162-4dc6-b259-6d37f3ecb4a8', '2026-02-05', '13:00:00', '17edc49a-9fa2-4dde-86b1-711e17e03602', '9eb602a7-8ecd-446d-8cd9-70717be182ae', '2026-02-02T03:58:03.529869', '2026-02-02T03:58:03.529869');
INSERT INTO movie_projections (id, projection_date, projection_time, cinema_hall_id, movie_id, created_at, updated_at) VALUES ('a2978180-fea8-46c5-ae68-aa3655c1060b', '2026-02-14', '10:00:00', 'dc9298a8-a343-4ff6-a811-bccf5aa5db8f', '9eb602a7-8ecd-446d-8cd9-70717be182ae', '2026-02-02T03:58:03.529893', '2026-02-02T03:58:03.529893');
INSERT INTO movie_projections (id, projection_date, projection_time, cinema_hall_id, movie_id, created_at, updated_at) VALUES ('dd3d1da6-7850-420c-bc3f-4f949c631ffb', '2026-02-27', '10:00:00', 'dc9298a8-a343-4ff6-a811-bccf5aa5db8f', '9eb602a7-8ecd-446d-8cd9-70717be182ae', '2026-02-02T03:58:03.529916', '2026-02-02T03:58:03.529916');
INSERT INTO movie_projections (id, projection_date, projection_time, cinema_hall_id, movie_id, created_at, updated_at) VALUES ('3d218e5a-084e-41e8-b918-d64f4734b7d1', '2026-03-01', '19:00:00', '0330ebe1-b742-4d72-8cd5-e6cbc1b178df', '6e91eaba-8390-4761-bee4-0d4fe51c2660', '2026-02-02T03:58:03.529948', '2026-02-02T03:58:03.529948');
INSERT INTO movie_projections (id, projection_date, projection_time, cinema_hall_id, movie_id, created_at, updated_at) VALUES ('3ab2689f-e066-47e6-99c5-f3edce4017ef', '2026-02-25', '13:00:00', 'd1c9716d-3ece-4d7a-b937-f3a554bc32e4', '6e91eaba-8390-4761-bee4-0d4fe51c2660', '2026-02-02T03:58:03.529977', '2026-02-02T03:58:03.529977');
INSERT INTO movie_projections (id, projection_date, projection_time, cinema_hall_id, movie_id, created_at, updated_at) VALUES ('e84c8c54-1fef-4432-865f-2d43dab67d43', '2026-02-20', '16:00:00', '83abf7cb-f1e0-4557-89cd-354bb575262b', '6e91eaba-8390-4761-bee4-0d4fe51c2660', '2026-02-02T03:58:03.530001', '2026-02-02T03:58:03.530001');
INSERT INTO movie_projections (id, projection_date, projection_time, cinema_hall_id, movie_id, created_at, updated_at) VALUES ('b6158fcf-bf23-4428-9aa4-098c13a79661', '2026-02-07', '13:00:00', '17edc49a-9fa2-4dde-86b1-711e17e03602', '6e91eaba-8390-4761-bee4-0d4fe51c2660', '2026-02-02T03:58:03.530024', '2026-02-02T03:58:03.530024');
INSERT INTO movie_projections (id, projection_date, projection_time, cinema_hall_id, movie_id, created_at, updated_at) VALUES ('68a654fe-94cc-4713-a8ac-978a8bbb0e90', '2026-02-05', '19:00:00', '9f106868-b214-4da4-958c-98f47eac54e2', '6e91eaba-8390-4761-bee4-0d4fe51c2660', '2026-02-02T03:58:03.530047', '2026-02-02T03:58:03.530047');
INSERT INTO movie_projections (id, projection_date, projection_time, cinema_hall_id, movie_id, created_at, updated_at) VALUES ('5abc2b87-adeb-41d0-9883-2f23dbfc9450', '2026-02-03', '19:00:00', 'd1c9716d-3ece-4d7a-b937-f3a554bc32e4', '6e91eaba-8390-4761-bee4-0d4fe51c2660', '2026-02-02T03:58:03.530072', '2026-02-02T03:58:03.530072');
INSERT INTO movie_projections (id, projection_date, projection_time, cinema_hall_id, movie_id, created_at, updated_at) VALUES ('8813b98f-3f34-4af8-b132-e46de2c7293b', '2026-02-17', '19:00:00', '7bdfa823-58a4-4bc5-8b5f-d3df3b599359', '6e91eaba-8390-4761-bee4-0d4fe51c2660', '2026-02-02T03:58:03.530096', '2026-02-02T03:58:03.530096');
INSERT INTO movie_projections (id, projection_date, projection_time, cinema_hall_id, movie_id, created_at, updated_at) VALUES ('021aaf0b-b2a0-4b37-8a96-ba15b3ebe6fe', '2026-02-10', '13:00:00', 'e7f9e0aa-25c6-4656-a785-24a7c64ae6f7', '6e91eaba-8390-4761-bee4-0d4fe51c2660', '2026-02-02T03:58:03.530119', '2026-02-02T03:58:03.530119');
INSERT INTO movie_projections (id, projection_date, projection_time, cinema_hall_id, movie_id, created_at, updated_at) VALUES ('17a5b7b7-9c3f-4c8f-9693-fd9f6d9b6a80', '2026-03-07', '16:00:00', '17edc49a-9fa2-4dde-86b1-711e17e03602', '6e91eaba-8390-4761-bee4-0d4fe51c2660', '2026-02-02T03:58:03.530142', '2026-02-02T03:58:03.530142');
INSERT INTO movie_projections (id, projection_date, projection_time, cinema_hall_id, movie_id, created_at, updated_at) VALUES ('be5de8ba-8d94-4c79-9624-4faf62ddd759', '2026-02-27', '19:00:00', 'f308a6cd-7db0-4e8f-9086-3b368ff8b91a', '6e91eaba-8390-4761-bee4-0d4fe51c2660', '2026-02-02T03:58:03.530165', '2026-02-02T03:58:03.530165');
INSERT INTO movie_projections (id, projection_date, projection_time, cinema_hall_id, movie_id, created_at, updated_at) VALUES ('8314e656-c909-4576-8041-8a948a0fa49d', '2026-02-27', '16:00:00', 'e7f9e0aa-25c6-4656-a785-24a7c64ae6f7', '6e91eaba-8390-4761-bee4-0d4fe51c2660', '2026-02-02T03:58:03.530187', '2026-02-02T03:58:03.530187');
INSERT INTO movie_projections (id, projection_date, projection_time, cinema_hall_id, movie_id, created_at, updated_at) VALUES ('914ee604-6a79-4854-b181-56ef51956d00', '2026-02-26', '19:00:00', '0330ebe1-b742-4d72-8cd5-e6cbc1b178df', '6e91eaba-8390-4761-bee4-0d4fe51c2660', '2026-02-02T03:58:03.530210', '2026-02-02T03:58:03.530210');
INSERT INTO movie_projections (id, projection_date, projection_time, cinema_hall_id, movie_id, created_at, updated_at) VALUES ('5d748d15-2e7e-41f0-a29f-5f46684485a3', '2026-02-22', '13:00:00', 'e7f9e0aa-25c6-4656-a785-24a7c64ae6f7', '6e91eaba-8390-4761-bee4-0d4fe51c2660', '2026-02-02T03:58:03.530233', '2026-02-02T03:58:03.530233');
INSERT INTO movie_projections (id, projection_date, projection_time, cinema_hall_id, movie_id, created_at, updated_at) VALUES ('8b2a61bf-23c3-4933-8330-c51f36f9a105', '2026-03-11', '19:00:00', 'd1c9716d-3ece-4d7a-b937-f3a554bc32e4', '6e91eaba-8390-4761-bee4-0d4fe51c2660', '2026-02-02T03:58:03.530258', '2026-02-02T03:58:03.530258');
INSERT INTO movie_projections (id, projection_date, projection_time, cinema_hall_id, movie_id, created_at, updated_at) VALUES ('ca05ec74-e2ac-468b-83e6-0e9c991ee077', '2026-03-08', '13:00:00', '09725c82-8bbe-48ce-bc29-31b7513f46f6', '6e91eaba-8390-4761-bee4-0d4fe51c2660', '2026-02-02T03:58:03.530281', '2026-02-02T03:58:03.530281');
INSERT INTO movie_projections (id, projection_date, projection_time, cinema_hall_id, movie_id, created_at, updated_at) VALUES ('b6821862-5c0c-4068-87b8-5db87ff8f02f', '2026-02-28', '19:00:00', 'd1c9716d-3ece-4d7a-b937-f3a554bc32e4', '6e91eaba-8390-4761-bee4-0d4fe51c2660', '2026-02-02T03:58:03.530304', '2026-02-02T03:58:03.530304');
INSERT INTO movie_projections (id, projection_date, projection_time, cinema_hall_id, movie_id, created_at, updated_at) VALUES ('6bdee9d6-cf48-43a8-a742-ea1b5f4693bb', '2026-02-14', '13:00:00', 'e7f9e0aa-25c6-4656-a785-24a7c64ae6f7', '6e91eaba-8390-4761-bee4-0d4fe51c2660', '2026-02-02T03:58:03.530327', '2026-02-02T03:58:03.530327');
INSERT INTO movie_projections (id, projection_date, projection_time, cinema_hall_id, movie_id, created_at, updated_at) VALUES ('2a312cd6-b875-44fa-8f07-7f4f52dacd4f', '2026-02-23', '13:00:00', 'f308a6cd-7db0-4e8f-9086-3b368ff8b91a', '6e91eaba-8390-4761-bee4-0d4fe51c2660', '2026-02-02T03:58:03.530349', '2026-02-02T03:58:03.530349');
INSERT INTO movie_projections (id, projection_date, projection_time, cinema_hall_id, movie_id, created_at, updated_at) VALUES ('5d673aac-9ace-438a-a576-652b3fdca9eb', '2026-02-20', '10:00:00', '7bdfa823-58a4-4bc5-8b5f-d3df3b599359', '6e91eaba-8390-4761-bee4-0d4fe51c2660', '2026-02-02T03:58:03.530372', '2026-02-02T03:58:03.530372');
INSERT INTO movie_projections (id, projection_date, projection_time, cinema_hall_id, movie_id, created_at, updated_at) VALUES ('26c77a03-2b30-4332-b756-9732abefaf66', '2026-03-08', '19:00:00', '9f106868-b214-4da4-958c-98f47eac54e2', '6e91eaba-8390-4761-bee4-0d4fe51c2660', '2026-02-02T03:58:03.530395', '2026-02-02T03:58:03.530395');
INSERT INTO movie_projections (id, projection_date, projection_time, cinema_hall_id, movie_id, created_at, updated_at) VALUES ('ba7f9c01-162c-434a-bac6-af766a4c0eae', '2026-03-19', '16:00:00', 'f308a6cd-7db0-4e8f-9086-3b368ff8b91a', '6e91eaba-8390-4761-bee4-0d4fe51c2660', '2026-02-02T03:58:03.530418', '2026-02-02T03:58:03.530418');
INSERT INTO movie_projections (id, projection_date, projection_time, cinema_hall_id, movie_id, created_at, updated_at) VALUES ('a1d1ae29-4533-4ea8-8210-a14d65591c59', '2026-02-08', '19:00:00', 'e7f9e0aa-25c6-4656-a785-24a7c64ae6f7', '6e91eaba-8390-4761-bee4-0d4fe51c2660', '2026-02-02T03:58:03.530443', '2026-02-02T03:58:03.530443');
INSERT INTO movie_projections (id, projection_date, projection_time, cinema_hall_id, movie_id, created_at, updated_at) VALUES ('1926b7f3-14cc-4d88-9b41-1f3000813ba3', '2026-02-11', '16:00:00', 'ff03477d-db27-4d57-bd3b-e06ed1bcdb87', '6e91eaba-8390-4761-bee4-0d4fe51c2660', '2026-02-02T03:58:03.530466', '2026-02-02T03:58:03.530466');
INSERT INTO movie_projections (id, projection_date, projection_time, cinema_hall_id, movie_id, created_at, updated_at) VALUES ('419f2307-7b58-4583-8a9a-df793998291e', '2026-03-03', '19:00:00', 'e7f9e0aa-25c6-4656-a785-24a7c64ae6f7', '6e91eaba-8390-4761-bee4-0d4fe51c2660', '2026-02-02T03:58:03.530489', '2026-02-02T03:58:03.530489');
INSERT INTO movie_projections (id, projection_date, projection_time, cinema_hall_id, movie_id, created_at, updated_at) VALUES ('1df8d6a2-fbe8-475e-baaf-765a175a3817', '2026-02-25', '10:00:00', '09725c82-8bbe-48ce-bc29-31b7513f46f6', '6e91eaba-8390-4761-bee4-0d4fe51c2660', '2026-02-02T03:58:03.530512', '2026-02-02T03:58:03.530512');
INSERT INTO movie_projections (id, projection_date, projection_time, cinema_hall_id, movie_id, created_at, updated_at) VALUES ('7a0beabe-e0bb-4f33-9551-0640ced450fa', '2026-03-12', '19:00:00', '09725c82-8bbe-48ce-bc29-31b7513f46f6', '6e91eaba-8390-4761-bee4-0d4fe51c2660', '2026-02-02T03:58:03.530535', '2026-02-02T03:58:03.530535');
INSERT INTO movie_projections (id, projection_date, projection_time, cinema_hall_id, movie_id, created_at, updated_at) VALUES ('87057f19-c183-4893-b7dd-de2129bd707b', '2026-02-21', '13:00:00', '9f106868-b214-4da4-958c-98f47eac54e2', '6e91eaba-8390-4761-bee4-0d4fe51c2660', '2026-02-02T03:58:03.530558', '2026-02-02T03:58:03.530558');
INSERT INTO movie_projections (id, projection_date, projection_time, cinema_hall_id, movie_id, created_at, updated_at) VALUES ('4d57136e-38f3-4ccd-9a91-f2577c5a9424', '2026-03-10', '19:00:00', 'd1c9716d-3ece-4d7a-b937-f3a554bc32e4', '6e91eaba-8390-4761-bee4-0d4fe51c2660', '2026-02-02T03:58:03.530580', '2026-02-02T03:58:03.530580');
INSERT INTO movie_projections (id, projection_date, projection_time, cinema_hall_id, movie_id, created_at, updated_at) VALUES ('cee08169-9042-46fb-9082-f90fda6e9406', '2026-03-12', '10:00:00', '7bdfa823-58a4-4bc5-8b5f-d3df3b599359', '6e91eaba-8390-4761-bee4-0d4fe51c2660', '2026-02-02T03:58:03.530603', '2026-02-02T03:58:03.530603');
INSERT INTO movie_projections (id, projection_date, projection_time, cinema_hall_id, movie_id, created_at, updated_at) VALUES ('017ccf88-aacd-4acc-b6c7-b9750a9767bd', '2026-02-26', '13:00:00', 'd1c9716d-3ece-4d7a-b937-f3a554bc32e4', '6e91eaba-8390-4761-bee4-0d4fe51c2660', '2026-02-02T03:58:03.530629', '2026-02-02T03:58:03.530629');
INSERT INTO movie_projections (id, projection_date, projection_time, cinema_hall_id, movie_id, created_at, updated_at) VALUES ('6c22d570-2994-4d6b-8f14-747ddfcaa5ce', '2026-02-02', '13:00:00', '0330ebe1-b742-4d72-8cd5-e6cbc1b178df', '6e91eaba-8390-4761-bee4-0d4fe51c2660', '2026-02-02T03:58:03.530651', '2026-02-02T03:58:03.530651');
INSERT INTO movie_projections (id, projection_date, projection_time, cinema_hall_id, movie_id, created_at, updated_at) VALUES ('7729e1c5-2fca-4b62-8c2e-460b88a45c76', '2026-03-08', '19:00:00', '7bdfa823-58a4-4bc5-8b5f-d3df3b599359', '6e91eaba-8390-4761-bee4-0d4fe51c2660', '2026-02-02T03:58:03.530674', '2026-02-02T03:58:03.530674');
INSERT INTO movie_projections (id, projection_date, projection_time, cinema_hall_id, movie_id, created_at, updated_at) VALUES ('6ae31a30-d115-4bcb-bf38-126791b21b2b', '2026-02-18', '10:00:00', '0330ebe1-b742-4d72-8cd5-e6cbc1b178df', '6e91eaba-8390-4761-bee4-0d4fe51c2660', '2026-02-02T03:58:03.530697', '2026-02-02T03:58:03.530697');
INSERT INTO movie_projections (id, projection_date, projection_time, cinema_hall_id, movie_id, created_at, updated_at) VALUES ('c0a1a6df-ebb8-4a13-9278-cd79578f126c', '2026-02-11', '19:00:00', '0330ebe1-b742-4d72-8cd5-e6cbc1b178df', '6e91eaba-8390-4761-bee4-0d4fe51c2660', '2026-02-02T03:58:03.530720', '2026-02-02T03:58:03.530720');
INSERT INTO movie_projections (id, projection_date, projection_time, cinema_hall_id, movie_id, created_at, updated_at) VALUES ('0abd0e51-8517-48b4-adb0-f72db163394e', '2026-02-18', '19:00:00', 'dc9298a8-a343-4ff6-a811-bccf5aa5db8f', '6e91eaba-8390-4761-bee4-0d4fe51c2660', '2026-02-02T03:58:03.530743', '2026-02-02T03:58:03.530743');
INSERT INTO movie_projections (id, projection_date, projection_time, cinema_hall_id, movie_id, created_at, updated_at) VALUES ('483acb6f-fab2-4417-8ded-0826b638c833', '2026-03-01', '19:00:00', '7bdfa823-58a4-4bc5-8b5f-d3df3b599359', '6e91eaba-8390-4761-bee4-0d4fe51c2660', '2026-02-02T03:58:03.530766', '2026-02-02T03:58:03.530766');
INSERT INTO movie_projections (id, projection_date, projection_time, cinema_hall_id, movie_id, created_at, updated_at) VALUES ('e31f499d-d4f3-42f5-9dd9-ed371c5c4ae0', '2026-02-11', '10:00:00', 'e7f9e0aa-25c6-4656-a785-24a7c64ae6f7', '6e91eaba-8390-4761-bee4-0d4fe51c2660', '2026-02-02T03:58:03.530789', '2026-02-02T03:58:03.530789');
INSERT INTO movie_projections (id, projection_date, projection_time, cinema_hall_id, movie_id, created_at, updated_at) VALUES ('e33155d4-7d69-4a28-a2f7-6ddee2e52604', '2026-02-18', '19:00:00', '17edc49a-9fa2-4dde-86b1-711e17e03602', '6e91eaba-8390-4761-bee4-0d4fe51c2660', '2026-02-02T03:58:03.530814', '2026-02-02T03:58:03.530814');
INSERT INTO movie_projections (id, projection_date, projection_time, cinema_hall_id, movie_id, created_at, updated_at) VALUES ('d21b805b-52e3-4eaf-a20b-44118e7e5315', '2026-03-17', '10:00:00', 'f308a6cd-7db0-4e8f-9086-3b368ff8b91a', '6e91eaba-8390-4761-bee4-0d4fe51c2660', '2026-02-02T03:58:03.530837', '2026-02-02T03:58:03.530837');
INSERT INTO movie_projections (id, projection_date, projection_time, cinema_hall_id, movie_id, created_at, updated_at) VALUES ('b319f684-af0e-4422-be4b-7ca6d3043fcc', '2026-03-19', '16:00:00', 'dc9298a8-a343-4ff6-a811-bccf5aa5db8f', '6e91eaba-8390-4761-bee4-0d4fe51c2660', '2026-02-02T03:58:03.530860', '2026-02-02T03:58:03.530860');
INSERT INTO movie_projections (id, projection_date, projection_time, cinema_hall_id, movie_id, created_at, updated_at) VALUES ('a663086d-abb6-4d5b-9638-4ac05ebf6bd5', '2026-03-22', '16:00:00', 'ff03477d-db27-4d57-bd3b-e06ed1bcdb87', 'dcb2d310-8f7a-468a-a916-f59a877b5b7d', '2026-02-02T03:58:03.530886', '2026-02-02T03:58:03.530886');
INSERT INTO movie_projections (id, projection_date, projection_time, cinema_hall_id, movie_id, created_at, updated_at) VALUES ('bd8ffeac-3265-49aa-bdf3-66b4d7f42b5c', '2026-03-19', '16:00:00', 'dc9298a8-a343-4ff6-a811-bccf5aa5db8f', 'dcb2d310-8f7a-468a-a916-f59a877b5b7d', '2026-02-02T03:58:03.530918', '2026-02-02T03:58:03.530918');
INSERT INTO movie_projections (id, projection_date, projection_time, cinema_hall_id, movie_id, created_at, updated_at) VALUES ('dae9a295-fd06-4f35-8632-f0257b71336b', '2026-03-24', '10:00:00', '09725c82-8bbe-48ce-bc29-31b7513f46f6', 'dcb2d310-8f7a-468a-a916-f59a877b5b7d', '2026-02-02T03:58:03.530949', '2026-02-02T03:58:03.530949');
INSERT INTO movie_projections (id, projection_date, projection_time, cinema_hall_id, movie_id, created_at, updated_at) VALUES ('e33fa6f2-de60-4c74-8350-58450bf7d047', '2026-03-06', '16:00:00', '0330ebe1-b742-4d72-8cd5-e6cbc1b178df', 'dcb2d310-8f7a-468a-a916-f59a877b5b7d', '2026-02-02T03:58:03.530972', '2026-02-02T03:58:03.530972');
INSERT INTO movie_projections (id, projection_date, projection_time, cinema_hall_id, movie_id, created_at, updated_at) VALUES ('bea77dc5-f637-48ec-a4be-e2061b1fc6b3', '2026-03-30', '13:00:00', '0330ebe1-b742-4d72-8cd5-e6cbc1b178df', 'dcb2d310-8f7a-468a-a916-f59a877b5b7d', '2026-02-02T03:58:03.530995', '2026-02-02T03:58:03.530995');
INSERT INTO movie_projections (id, projection_date, projection_time, cinema_hall_id, movie_id, created_at, updated_at) VALUES ('79242cb0-aef2-40b8-91d7-d79db3245905', '2026-04-08', '16:00:00', '7bdfa823-58a4-4bc5-8b5f-d3df3b599359', 'dcb2d310-8f7a-468a-a916-f59a877b5b7d', '2026-02-02T03:58:03.531020', '2026-02-02T03:58:03.531020');
INSERT INTO movie_projections (id, projection_date, projection_time, cinema_hall_id, movie_id, created_at, updated_at) VALUES ('40e1b347-b1a7-46cf-a7bc-a9a8dfdd9d14', '2026-03-18', '19:00:00', 'ff03477d-db27-4d57-bd3b-e06ed1bcdb87', 'dcb2d310-8f7a-468a-a916-f59a877b5b7d', '2026-02-02T03:58:03.531043', '2026-02-02T03:58:03.531043');
INSERT INTO movie_projections (id, projection_date, projection_time, cinema_hall_id, movie_id, created_at, updated_at) VALUES ('fb4c7951-ccd2-440c-a7b2-4725ebd1552c', '2026-04-01', '19:00:00', 'd1c9716d-3ece-4d7a-b937-f3a554bc32e4', 'dcb2d310-8f7a-468a-a916-f59a877b5b7d', '2026-02-02T03:58:03.531066', '2026-02-02T03:58:03.531066');
INSERT INTO movie_projections (id, projection_date, projection_time, cinema_hall_id, movie_id, created_at, updated_at) VALUES ('4a41c355-8eca-48d8-9ba4-efbad15f4395', '2026-02-06', '16:00:00', '9f106868-b214-4da4-958c-98f47eac54e2', 'dcb2d310-8f7a-468a-a916-f59a877b5b7d', '2026-02-02T03:58:03.531089', '2026-02-02T03:58:03.531089');
INSERT INTO movie_projections (id, projection_date, projection_time, cinema_hall_id, movie_id, created_at, updated_at) VALUES ('8b09b87c-925a-4865-bd2a-58fdea1c2954', '2026-04-03', '16:00:00', '17edc49a-9fa2-4dde-86b1-711e17e03602', 'dcb2d310-8f7a-468a-a916-f59a877b5b7d', '2026-02-02T03:58:03.531111', '2026-02-02T03:58:03.531111');
INSERT INTO movie_projections (id, projection_date, projection_time, cinema_hall_id, movie_id, created_at, updated_at) VALUES ('b6ced4a6-f4b1-4030-a74e-286970dddcdb', '2026-04-12', '13:00:00', 'e7f9e0aa-25c6-4656-a785-24a7c64ae6f7', 'dcb2d310-8f7a-468a-a916-f59a877b5b7d', '2026-02-02T03:58:03.531134', '2026-02-02T03:58:03.531134');
INSERT INTO movie_projections (id, projection_date, projection_time, cinema_hall_id, movie_id, created_at, updated_at) VALUES ('fca77f31-2ba6-43ca-82d7-474c8bf885f1', '2026-02-22', '19:00:00', 'f308a6cd-7db0-4e8f-9086-3b368ff8b91a', 'dcb2d310-8f7a-468a-a916-f59a877b5b7d', '2026-02-02T03:58:03.531157', '2026-02-02T03:58:03.531157');
INSERT INTO movie_projections (id, projection_date, projection_time, cinema_hall_id, movie_id, created_at, updated_at) VALUES ('71d43847-4e25-4d49-800d-a4fe7df8b208', '2026-02-17', '10:00:00', '17edc49a-9fa2-4dde-86b1-711e17e03602', 'dcb2d310-8f7a-468a-a916-f59a877b5b7d', '2026-02-02T03:58:03.531181', '2026-02-02T03:58:03.531181');
INSERT INTO movie_projections (id, projection_date, projection_time, cinema_hall_id, movie_id, created_at, updated_at) VALUES ('c473eff3-d0a8-4e07-aa36-6e647b94a9da', '2026-03-30', '19:00:00', 'e7f9e0aa-25c6-4656-a785-24a7c64ae6f7', 'dcb2d310-8f7a-468a-a916-f59a877b5b7d', '2026-02-02T03:58:03.531206', '2026-02-02T03:58:03.531206');
INSERT INTO movie_projections (id, projection_date, projection_time, cinema_hall_id, movie_id, created_at, updated_at) VALUES ('7fbbda4b-d6bf-434a-9a86-f58659808205', '2026-02-21', '19:00:00', '83abf7cb-f1e0-4557-89cd-354bb575262b', 'dcb2d310-8f7a-468a-a916-f59a877b5b7d', '2026-02-02T03:58:03.531229', '2026-02-02T03:58:03.531229');
INSERT INTO movie_projections (id, projection_date, projection_time, cinema_hall_id, movie_id, created_at, updated_at) VALUES ('83afcadf-ff4b-413e-9f45-e50311619620', '2026-02-02', '16:00:00', 'd1c9716d-3ece-4d7a-b937-f3a554bc32e4', 'dcb2d310-8f7a-468a-a916-f59a877b5b7d', '2026-02-02T03:58:03.531252', '2026-02-02T03:58:03.531252');
INSERT INTO movie_projections (id, projection_date, projection_time, cinema_hall_id, movie_id, created_at, updated_at) VALUES ('40560b4e-a023-4feb-af86-9c01d821fc3e', '2026-04-08', '16:00:00', '9f106868-b214-4da4-958c-98f47eac54e2', 'dcb2d310-8f7a-468a-a916-f59a877b5b7d', '2026-02-02T03:58:03.531274', '2026-02-02T03:58:03.531274');
INSERT INTO movie_projections (id, projection_date, projection_time, cinema_hall_id, movie_id, created_at, updated_at) VALUES ('a69e7547-08b9-4224-8e35-264ed6f26a20', '2026-02-07', '16:00:00', '7bdfa823-58a4-4bc5-8b5f-d3df3b599359', 'dcb2d310-8f7a-468a-a916-f59a877b5b7d', '2026-02-02T03:58:03.531300', '2026-02-02T03:58:03.531300');
INSERT INTO movie_projections (id, projection_date, projection_time, cinema_hall_id, movie_id, created_at, updated_at) VALUES ('7e06af74-4c26-4d3f-ae4e-3636defdaa1f', '2026-04-14', '16:00:00', '83abf7cb-f1e0-4557-89cd-354bb575262b', 'dcb2d310-8f7a-468a-a916-f59a877b5b7d', '2026-02-02T03:58:03.531324', '2026-02-02T03:58:03.531324');
INSERT INTO movie_projections (id, projection_date, projection_time, cinema_hall_id, movie_id, created_at, updated_at) VALUES ('fba592e6-13d1-429c-8b88-f56ee3bdd647', '2026-03-31', '10:00:00', 'd1c9716d-3ece-4d7a-b937-f3a554bc32e4', 'dcb2d310-8f7a-468a-a916-f59a877b5b7d', '2026-02-02T03:58:03.531346', '2026-02-02T03:58:03.531346');
INSERT INTO movie_projections (id, projection_date, projection_time, cinema_hall_id, movie_id, created_at, updated_at) VALUES ('cc8cceef-182c-4b75-9887-1b1c089dc7d9', '2026-04-02', '19:00:00', 'ff03477d-db27-4d57-bd3b-e06ed1bcdb87', 'dcb2d310-8f7a-468a-a916-f59a877b5b7d', '2026-02-02T03:58:03.531369', '2026-02-02T03:58:03.531369');
INSERT INTO movie_projections (id, projection_date, projection_time, cinema_hall_id, movie_id, created_at, updated_at) VALUES ('32b59871-a919-47c8-9ea1-9a29a9d1c727', '2026-02-24', '19:00:00', 'e7f9e0aa-25c6-4656-a785-24a7c64ae6f7', 'dcb2d310-8f7a-468a-a916-f59a877b5b7d', '2026-02-02T03:58:03.531394', '2026-02-02T03:58:03.531394');
INSERT INTO movie_projections (id, projection_date, projection_time, cinema_hall_id, movie_id, created_at, updated_at) VALUES ('5d3c41ff-f9b4-4440-a2a6-cfd64f59f476', '2026-02-22', '10:00:00', '17edc49a-9fa2-4dde-86b1-711e17e03602', 'dcb2d310-8f7a-468a-a916-f59a877b5b7d', '2026-02-02T03:58:03.531423', '2026-02-02T03:58:03.531423');
INSERT INTO movie_projections (id, projection_date, projection_time, cinema_hall_id, movie_id, created_at, updated_at) VALUES ('73afb5ac-269a-4971-a51b-277adc0436fe', '2026-03-30', '13:00:00', 'e7f9e0aa-25c6-4656-a785-24a7c64ae6f7', 'dcb2d310-8f7a-468a-a916-f59a877b5b7d', '2026-02-02T03:58:03.531446', '2026-02-02T03:58:03.531446');
INSERT INTO movie_projections (id, projection_date, projection_time, cinema_hall_id, movie_id, created_at, updated_at) VALUES ('1652a79b-7b43-42fa-ae4e-c128b6b7a561', '2026-03-17', '10:00:00', '7bdfa823-58a4-4bc5-8b5f-d3df3b599359', 'dcb2d310-8f7a-468a-a916-f59a877b5b7d', '2026-02-02T03:58:03.531469', '2026-02-02T03:58:03.531469');
INSERT INTO movie_projections (id, projection_date, projection_time, cinema_hall_id, movie_id, created_at, updated_at) VALUES ('f40be74e-aa0a-4dfb-8270-a58fed1c2ccb', '2026-03-22', '19:00:00', 'dc9298a8-a343-4ff6-a811-bccf5aa5db8f', 'dcb2d310-8f7a-468a-a916-f59a877b5b7d', '2026-02-02T03:58:03.531492', '2026-02-02T03:58:03.531492');
INSERT INTO movie_projections (id, projection_date, projection_time, cinema_hall_id, movie_id, created_at, updated_at) VALUES ('f90a83ef-2363-4b1d-ab6d-9b88fbd19fb8', '2026-04-15', '13:00:00', '83abf7cb-f1e0-4557-89cd-354bb575262b', 'dcb2d310-8f7a-468a-a916-f59a877b5b7d', '2026-02-02T03:58:03.531515', '2026-02-02T03:58:03.531515');
INSERT INTO movie_projections (id, projection_date, projection_time, cinema_hall_id, movie_id, created_at, updated_at) VALUES ('8470e8d6-43e3-459e-87a6-ae7eb6a8aff7', '2026-03-24', '16:00:00', 'ff03477d-db27-4d57-bd3b-e06ed1bcdb87', 'dcb2d310-8f7a-468a-a916-f59a877b5b7d', '2026-02-02T03:58:03.531537', '2026-02-02T03:58:03.531537');
INSERT INTO movie_projections (id, projection_date, projection_time, cinema_hall_id, movie_id, created_at, updated_at) VALUES ('f5878a84-7bbe-47a4-aa82-d210809d91e6', '2026-02-06', '19:00:00', 'f308a6cd-7db0-4e8f-9086-3b368ff8b91a', 'dcb2d310-8f7a-468a-a916-f59a877b5b7d', '2026-02-02T03:58:03.531560', '2026-02-02T03:58:03.531560');
INSERT INTO movie_projections (id, projection_date, projection_time, cinema_hall_id, movie_id, created_at, updated_at) VALUES ('20964273-96e3-444e-b8d4-236a9bb71b1f', '2026-03-23', '19:00:00', '09725c82-8bbe-48ce-bc29-31b7513f46f6', 'dcb2d310-8f7a-468a-a916-f59a877b5b7d', '2026-02-02T03:58:03.531586', '2026-02-02T03:58:03.531586');
INSERT INTO movie_projections (id, projection_date, projection_time, cinema_hall_id, movie_id, created_at, updated_at) VALUES ('e27e9e3d-90b0-4d34-9f6a-f5ed973ffe4f', '2026-03-31', '19:00:00', '9f106868-b214-4da4-958c-98f47eac54e2', 'dcb2d310-8f7a-468a-a916-f59a877b5b7d', '2026-02-02T03:58:03.531609', '2026-02-02T03:58:03.531609');
INSERT INTO movie_projections (id, projection_date, projection_time, cinema_hall_id, movie_id, created_at, updated_at) VALUES ('113d43a0-ca3b-432d-8c19-72d456ce1712', '2026-02-20', '13:00:00', 'ff03477d-db27-4d57-bd3b-e06ed1bcdb87', 'dcb2d310-8f7a-468a-a916-f59a877b5b7d', '2026-02-02T03:58:03.531632', '2026-02-02T03:58:03.531632');
INSERT INTO movie_projections (id, projection_date, projection_time, cinema_hall_id, movie_id, created_at, updated_at) VALUES ('31bf6591-745c-46d0-b73e-d725a931114e', '2026-04-10', '10:00:00', '83abf7cb-f1e0-4557-89cd-354bb575262b', 'dcb2d310-8f7a-468a-a916-f59a877b5b7d', '2026-02-02T03:58:03.531655', '2026-02-02T03:58:03.531655');
INSERT INTO movie_projections (id, projection_date, projection_time, cinema_hall_id, movie_id, created_at, updated_at) VALUES ('8e8c6014-816a-4ecd-86b3-6926af73bf82', '2026-02-16', '19:00:00', '0330ebe1-b742-4d72-8cd5-e6cbc1b178df', 'dcb2d310-8f7a-468a-a916-f59a877b5b7d', '2026-02-02T03:58:03.531684', '2026-02-02T03:58:03.531684');
INSERT INTO movie_projections (id, projection_date, projection_time, cinema_hall_id, movie_id, created_at, updated_at) VALUES ('891572f2-8d0d-497d-882e-4effcb12d3df', '2026-04-04', '16:00:00', '83abf7cb-f1e0-4557-89cd-354bb575262b', 'dcb2d310-8f7a-468a-a916-f59a877b5b7d', '2026-02-02T03:58:03.531707', '2026-02-02T03:58:03.531707');
INSERT INTO movie_projections (id, projection_date, projection_time, cinema_hall_id, movie_id, created_at, updated_at) VALUES ('24370bc6-bb50-48ee-aa00-ab1c40bd5e9f', '2026-04-07', '19:00:00', 'e7f9e0aa-25c6-4656-a785-24a7c64ae6f7', 'dcb2d310-8f7a-468a-a916-f59a877b5b7d', '2026-02-02T03:58:03.531730', '2026-02-02T03:58:03.531730');
INSERT INTO movie_projections (id, projection_date, projection_time, cinema_hall_id, movie_id, created_at, updated_at) VALUES ('6f7a8252-fc3c-4d49-b1d6-ee4d04896fc8', '2026-03-11', '16:00:00', '0330ebe1-b742-4d72-8cd5-e6cbc1b178df', 'dcb2d310-8f7a-468a-a916-f59a877b5b7d', '2026-02-02T03:58:03.531753', '2026-02-02T03:58:03.531753');
INSERT INTO movie_projections (id, projection_date, projection_time, cinema_hall_id, movie_id, created_at, updated_at) VALUES ('89742ac5-aead-4efd-ba05-98c343dd666a', '2026-02-09', '16:00:00', '83abf7cb-f1e0-4557-89cd-354bb575262b', 'dcb2d310-8f7a-468a-a916-f59a877b5b7d', '2026-02-02T03:58:03.531779', '2026-02-02T03:58:03.531779');
INSERT INTO movie_projections (id, projection_date, projection_time, cinema_hall_id, movie_id, created_at, updated_at) VALUES ('18921b0a-4851-405c-a479-f049f43d399f', '2026-04-11', '16:00:00', 'e7f9e0aa-25c6-4656-a785-24a7c64ae6f7', 'dcb2d310-8f7a-468a-a916-f59a877b5b7d', '2026-02-02T03:58:03.531802', '2026-02-02T03:58:03.531802');
INSERT INTO movie_projections (id, projection_date, projection_time, cinema_hall_id, movie_id, created_at, updated_at) VALUES ('408f51cf-1983-461f-bde5-51338c73a820', '2026-04-14', '10:00:00', 'dc9298a8-a343-4ff6-a811-bccf5aa5db8f', 'dcb2d310-8f7a-468a-a916-f59a877b5b7d', '2026-02-02T03:58:03.531825', '2026-02-02T03:58:03.531825');
INSERT INTO movie_projections (id, projection_date, projection_time, cinema_hall_id, movie_id, created_at, updated_at) VALUES ('ab5173a5-10d1-4697-a13c-8777c1233349', '2026-02-09', '13:00:00', '0330ebe1-b742-4d72-8cd5-e6cbc1b178df', '85ed9384-a0a4-4424-9723-05e51813be6d', '2026-02-02T03:58:03.531850', '2026-02-02T03:58:03.531850');
INSERT INTO movie_projections (id, projection_date, projection_time, cinema_hall_id, movie_id, created_at, updated_at) VALUES ('31f995b3-2b5f-4724-acc0-8404b8300d12', '2026-02-16', '16:00:00', 'e7f9e0aa-25c6-4656-a785-24a7c64ae6f7', '85ed9384-a0a4-4424-9723-05e51813be6d', '2026-02-02T03:58:03.531873', '2026-02-02T03:58:03.531873');
INSERT INTO movie_projections (id, projection_date, projection_time, cinema_hall_id, movie_id, created_at, updated_at) VALUES ('4286147d-2b64-4d34-a9a1-23c2ce73ff17', '2026-02-04', '19:00:00', '9f106868-b214-4da4-958c-98f47eac54e2', '85ed9384-a0a4-4424-9723-05e51813be6d', '2026-02-02T03:58:03.531896', '2026-02-02T03:58:03.531896');
INSERT INTO movie_projections (id, projection_date, projection_time, cinema_hall_id, movie_id, created_at, updated_at) VALUES ('03f38fb3-6070-44ce-ba5c-22616d3750f5', '2026-02-05', '16:00:00', 'd1c9716d-3ece-4d7a-b937-f3a554bc32e4', '85ed9384-a0a4-4424-9723-05e51813be6d', '2026-02-02T03:58:03.531930', '2026-02-02T03:58:03.531930');
INSERT INTO movie_projections (id, projection_date, projection_time, cinema_hall_id, movie_id, created_at, updated_at) VALUES ('08edeed5-0c25-4e36-b1cb-831a91ed23c1', '2026-03-31', '19:00:00', 'e7f9e0aa-25c6-4656-a785-24a7c64ae6f7', '85ed9384-a0a4-4424-9723-05e51813be6d', '2026-02-02T03:58:03.531955', '2026-02-02T03:58:03.531955');
INSERT INTO movie_projections (id, projection_date, projection_time, cinema_hall_id, movie_id, created_at, updated_at) VALUES ('20e8c5f4-3615-422b-b028-951465f4f8b3', '2026-02-26', '13:00:00', 'e7f9e0aa-25c6-4656-a785-24a7c64ae6f7', '85ed9384-a0a4-4424-9723-05e51813be6d', '2026-02-02T03:58:03.531980', '2026-02-02T03:58:03.531980');
INSERT INTO movie_projections (id, projection_date, projection_time, cinema_hall_id, movie_id, created_at, updated_at) VALUES ('0958d16f-be28-4751-9168-6e8981c3ef7f', '2026-03-15', '19:00:00', '17edc49a-9fa2-4dde-86b1-711e17e03602', '85ed9384-a0a4-4424-9723-05e51813be6d', '2026-02-02T03:58:03.532004', '2026-02-02T03:58:03.532004');
INSERT INTO movie_projections (id, projection_date, projection_time, cinema_hall_id, movie_id, created_at, updated_at) VALUES ('d8633525-b538-4f5e-ac1f-2e6d52b565be', '2026-03-11', '13:00:00', 'ff03477d-db27-4d57-bd3b-e06ed1bcdb87', '85ed9384-a0a4-4424-9723-05e51813be6d', '2026-02-02T03:58:03.532026', '2026-02-02T03:58:03.532026');
INSERT INTO movie_projections (id, projection_date, projection_time, cinema_hall_id, movie_id, created_at, updated_at) VALUES ('977b7081-6e38-4c5a-8839-3c6dd4dc76c3', '2026-02-12', '16:00:00', '0330ebe1-b742-4d72-8cd5-e6cbc1b178df', '85ed9384-a0a4-4424-9723-05e51813be6d', '2026-02-02T03:58:03.532049', '2026-02-02T03:58:03.532049');
INSERT INTO movie_projections (id, projection_date, projection_time, cinema_hall_id, movie_id, created_at, updated_at) VALUES ('c6a055d2-1b52-4ffc-a79f-d30ae647a615', '2026-04-02', '19:00:00', '83abf7cb-f1e0-4557-89cd-354bb575262b', '85ed9384-a0a4-4424-9723-05e51813be6d', '2026-02-02T03:58:03.532071', '2026-02-02T03:58:03.532071');
INSERT INTO movie_projections (id, projection_date, projection_time, cinema_hall_id, movie_id, created_at, updated_at) VALUES ('2f48981a-9925-478e-971c-58c6fb4e7c33', '2026-02-20', '16:00:00', 'd1c9716d-3ece-4d7a-b937-f3a554bc32e4', '85ed9384-a0a4-4424-9723-05e51813be6d', '2026-02-02T03:58:03.532094', '2026-02-02T03:58:03.532094');
INSERT INTO movie_projections (id, projection_date, projection_time, cinema_hall_id, movie_id, created_at, updated_at) VALUES ('3c08492c-61a2-459a-b07c-75d7d31b879d', '2026-03-28', '19:00:00', '17edc49a-9fa2-4dde-86b1-711e17e03602', '85ed9384-a0a4-4424-9723-05e51813be6d', '2026-02-02T03:58:03.532117', '2026-02-02T03:58:03.532117');
INSERT INTO movie_projections (id, projection_date, projection_time, cinema_hall_id, movie_id, created_at, updated_at) VALUES ('cd79df0c-c626-4756-8c02-33af76cd19ff', '2026-02-12', '13:00:00', '0330ebe1-b742-4d72-8cd5-e6cbc1b178df', '85ed9384-a0a4-4424-9723-05e51813be6d', '2026-02-02T03:58:03.532139', '2026-02-02T03:58:03.532139');
INSERT INTO movie_projections (id, projection_date, projection_time, cinema_hall_id, movie_id, created_at, updated_at) VALUES ('ec2e6593-9bcc-4ac4-84f0-38657b5e0777', '2026-02-05', '10:00:00', 'dc9298a8-a343-4ff6-a811-bccf5aa5db8f', '85ed9384-a0a4-4424-9723-05e51813be6d', '2026-02-02T03:58:03.532164', '2026-02-02T03:58:03.532164');
INSERT INTO movie_projections (id, projection_date, projection_time, cinema_hall_id, movie_id, created_at, updated_at) VALUES ('1854188a-fa34-4fc9-9e26-5f5e2893c293', '2026-03-26', '19:00:00', 'e7f9e0aa-25c6-4656-a785-24a7c64ae6f7', '85ed9384-a0a4-4424-9723-05e51813be6d', '2026-02-02T03:58:03.532193', '2026-02-02T03:58:03.532193');
INSERT INTO movie_projections (id, projection_date, projection_time, cinema_hall_id, movie_id, created_at, updated_at) VALUES ('aaba59ac-2ec0-43b6-81cb-9baa4e505a5f', '2026-02-28', '13:00:00', 'd1c9716d-3ece-4d7a-b937-f3a554bc32e4', '85ed9384-a0a4-4424-9723-05e51813be6d', '2026-02-02T03:58:03.532216', '2026-02-02T03:58:03.532216');
INSERT INTO movie_projections (id, projection_date, projection_time, cinema_hall_id, movie_id, created_at, updated_at) VALUES ('2fd1058b-0845-48fb-ad7e-9befe06ea241', '2026-03-31', '16:00:00', 'dc9298a8-a343-4ff6-a811-bccf5aa5db8f', '85ed9384-a0a4-4424-9723-05e51813be6d', '2026-02-02T03:58:03.532239', '2026-02-02T03:58:03.532239');
INSERT INTO movie_projections (id, projection_date, projection_time, cinema_hall_id, movie_id, created_at, updated_at) VALUES ('55b9bc80-67ff-4e0a-9971-d273a553396f', '2026-02-06', '16:00:00', '83abf7cb-f1e0-4557-89cd-354bb575262b', '85ed9384-a0a4-4424-9723-05e51813be6d', '2026-02-02T03:58:03.532261', '2026-02-02T03:58:03.532261');
INSERT INTO movie_projections (id, projection_date, projection_time, cinema_hall_id, movie_id, created_at, updated_at) VALUES ('d67ae0f7-26d9-456d-a67d-91b538e82f19', '2026-02-13', '10:00:00', '83abf7cb-f1e0-4557-89cd-354bb575262b', '85ed9384-a0a4-4424-9723-05e51813be6d', '2026-02-02T03:58:03.532284', '2026-02-02T03:58:03.532284');
INSERT INTO movie_projections (id, projection_date, projection_time, cinema_hall_id, movie_id, created_at, updated_at) VALUES ('c2acef81-80fe-4786-890d-f4f9a0a6aaa2', '2026-02-02', '16:00:00', 'dc9298a8-a343-4ff6-a811-bccf5aa5db8f', '85ed9384-a0a4-4424-9723-05e51813be6d', '2026-02-02T03:58:03.532306', '2026-02-02T03:58:03.532306');
INSERT INTO movie_projections (id, projection_date, projection_time, cinema_hall_id, movie_id, created_at, updated_at) VALUES ('749fb5ac-955a-4923-8c09-4d39dc7a3192', '2026-03-23', '10:00:00', 'ff03477d-db27-4d57-bd3b-e06ed1bcdb87', '85ed9384-a0a4-4424-9723-05e51813be6d', '2026-02-02T03:58:03.532330', '2026-02-02T03:58:03.532330');
INSERT INTO movie_projections (id, projection_date, projection_time, cinema_hall_id, movie_id, created_at, updated_at) VALUES ('bb09b541-c742-473b-8707-0ba2ff5970c9', '2026-03-22', '16:00:00', '17edc49a-9fa2-4dde-86b1-711e17e03602', '85ed9384-a0a4-4424-9723-05e51813be6d', '2026-02-02T03:58:03.532355', '2026-02-02T03:58:03.532355');
INSERT INTO movie_projections (id, projection_date, projection_time, cinema_hall_id, movie_id, created_at, updated_at) VALUES ('a2ae34c6-41f2-4a1f-b304-fa82285d4df8', '2026-03-04', '19:00:00', '17edc49a-9fa2-4dde-86b1-711e17e03602', '85ed9384-a0a4-4424-9723-05e51813be6d', '2026-02-02T03:58:03.532380', '2026-02-02T03:58:03.532380');
INSERT INTO movie_projections (id, projection_date, projection_time, cinema_hall_id, movie_id, created_at, updated_at) VALUES ('ffbc2989-e1e9-4049-ab67-cc8df53f5af4', '2026-02-23', '13:00:00', 'e7f9e0aa-25c6-4656-a785-24a7c64ae6f7', '85ed9384-a0a4-4424-9723-05e51813be6d', '2026-02-02T03:58:03.532402', '2026-02-02T03:58:03.532402');
INSERT INTO movie_projections (id, projection_date, projection_time, cinema_hall_id, movie_id, created_at, updated_at) VALUES ('a43a0422-c588-443f-9a51-e9dd2d644352', '2026-02-12', '10:00:00', '83abf7cb-f1e0-4557-89cd-354bb575262b', '85ed9384-a0a4-4424-9723-05e51813be6d', '2026-02-02T03:58:03.532432', '2026-02-02T03:58:03.532432');
INSERT INTO movie_projections (id, projection_date, projection_time, cinema_hall_id, movie_id, created_at, updated_at) VALUES ('b020685c-86ff-4549-95c2-e3aa8b2902a9', '2026-02-13', '16:00:00', '83abf7cb-f1e0-4557-89cd-354bb575262b', '85ed9384-a0a4-4424-9723-05e51813be6d', '2026-02-02T03:58:03.532455', '2026-02-02T03:58:03.532455');
INSERT INTO movie_projections (id, projection_date, projection_time, cinema_hall_id, movie_id, created_at, updated_at) VALUES ('040da619-90bb-4c2b-9ac0-5cc706478742', '2026-02-21', '13:00:00', '17edc49a-9fa2-4dde-86b1-711e17e03602', '85ed9384-a0a4-4424-9723-05e51813be6d', '2026-02-02T03:58:03.532478', '2026-02-02T03:58:03.532478');
INSERT INTO movie_projections (id, projection_date, projection_time, cinema_hall_id, movie_id, created_at, updated_at) VALUES ('8d63f04a-9c01-4d88-8ecd-1f75ece2bb4a', '2026-03-31', '10:00:00', 'd1c9716d-3ece-4d7a-b937-f3a554bc32e4', '85ed9384-a0a4-4424-9723-05e51813be6d', '2026-02-02T03:58:03.532520', '2026-02-02T03:58:03.532520');
INSERT INTO movie_projections (id, projection_date, projection_time, cinema_hall_id, movie_id, created_at, updated_at) VALUES ('dff43b8d-722f-45c4-82b6-18d877fd2ee5', '2026-02-05', '16:00:00', 'f308a6cd-7db0-4e8f-9086-3b368ff8b91a', '85ed9384-a0a4-4424-9723-05e51813be6d', '2026-02-02T03:58:03.532575', '2026-02-02T03:58:03.532575');
INSERT INTO movie_projections (id, projection_date, projection_time, cinema_hall_id, movie_id, created_at, updated_at) VALUES ('b701cc28-6fdc-4257-bb43-3a83bac3adf6', '2026-02-13', '16:00:00', 'f308a6cd-7db0-4e8f-9086-3b368ff8b91a', '85ed9384-a0a4-4424-9723-05e51813be6d', '2026-02-02T03:58:03.532630', '2026-02-02T03:58:03.532630');
INSERT INTO movie_projections (id, projection_date, projection_time, cinema_hall_id, movie_id, created_at, updated_at) VALUES ('5b046d63-431e-4f39-aee2-4248b6b7fe19', '2026-02-28', '19:00:00', '0330ebe1-b742-4d72-8cd5-e6cbc1b178df', '85ed9384-a0a4-4424-9723-05e51813be6d', '2026-02-02T03:58:03.532674', '2026-02-02T03:58:03.532674');
INSERT INTO movie_projections (id, projection_date, projection_time, cinema_hall_id, movie_id, created_at, updated_at) VALUES ('b598e66d-1730-47d4-8a23-56ebe6950f03', '2026-03-03', '13:00:00', '83abf7cb-f1e0-4557-89cd-354bb575262b', '85ed9384-a0a4-4424-9723-05e51813be6d', '2026-02-02T03:58:03.532718', '2026-02-02T03:58:03.532718');
INSERT INTO movie_projections (id, projection_date, projection_time, cinema_hall_id, movie_id, created_at, updated_at) VALUES ('8fa05433-1c86-45f6-9997-b3c45ae2de96', '2026-02-21', '19:00:00', '83abf7cb-f1e0-4557-89cd-354bb575262b', '85ed9384-a0a4-4424-9723-05e51813be6d', '2026-02-02T03:58:03.532763', '2026-02-02T03:58:03.532763');
INSERT INTO movie_projections (id, projection_date, projection_time, cinema_hall_id, movie_id, created_at, updated_at) VALUES ('838fc0b4-a009-4c61-b629-76aafe401ed8', '2026-02-24', '19:00:00', 'dc9298a8-a343-4ff6-a811-bccf5aa5db8f', '85ed9384-a0a4-4424-9723-05e51813be6d', '2026-02-02T03:58:03.532807', '2026-02-02T03:58:03.532807');
INSERT INTO movie_projections (id, projection_date, projection_time, cinema_hall_id, movie_id, created_at, updated_at) VALUES ('99e56a9c-fe43-42db-9ab2-f9486c8ffc2a', '2026-02-17', '10:00:00', '9f106868-b214-4da4-958c-98f47eac54e2', '85ed9384-a0a4-4424-9723-05e51813be6d', '2026-02-02T03:58:03.532854', '2026-02-02T03:58:03.532854');
INSERT INTO movie_projections (id, projection_date, projection_time, cinema_hall_id, movie_id, created_at, updated_at) VALUES ('2356bfd9-237d-4628-9311-2ba8d4bcc3f1', '2026-04-02', '10:00:00', 'e7f9e0aa-25c6-4656-a785-24a7c64ae6f7', '85ed9384-a0a4-4424-9723-05e51813be6d', '2026-02-02T03:58:03.532910', '2026-02-02T03:58:03.532910');
INSERT INTO movie_projections (id, projection_date, projection_time, cinema_hall_id, movie_id, created_at, updated_at) VALUES ('aaf1191e-f6d6-4630-8eb1-0cfad67c0fc3', '2026-02-18', '10:00:00', '9f106868-b214-4da4-958c-98f47eac54e2', '85ed9384-a0a4-4424-9723-05e51813be6d', '2026-02-02T03:58:03.532968', '2026-02-02T03:58:03.532968');
INSERT INTO movie_projections (id, projection_date, projection_time, cinema_hall_id, movie_id, created_at, updated_at) VALUES ('6e8b257b-b272-4a2c-aff7-a73d1115a6af', '2026-03-17', '19:00:00', 'dc9298a8-a343-4ff6-a811-bccf5aa5db8f', '85ed9384-a0a4-4424-9723-05e51813be6d', '2026-02-02T03:58:03.533018', '2026-02-02T03:58:03.533018');
INSERT INTO movie_projections (id, projection_date, projection_time, cinema_hall_id, movie_id, created_at, updated_at) VALUES ('0f90fcc4-c66f-4ae6-9a06-e10fe6ea67c4', '2026-03-05', '13:00:00', 'd1c9716d-3ece-4d7a-b937-f3a554bc32e4', '85ed9384-a0a4-4424-9723-05e51813be6d', '2026-02-02T03:58:03.533120', '2026-02-02T03:58:03.533120');
INSERT INTO movie_projections (id, projection_date, projection_time, cinema_hall_id, movie_id, created_at, updated_at) VALUES ('fa5c2665-366e-47ed-a8c4-dfa6ec82fa16', '2026-02-08', '16:00:00', '7bdfa823-58a4-4bc5-8b5f-d3df3b599359', '85ed9384-a0a4-4424-9723-05e51813be6d', '2026-02-02T03:58:03.533191', '2026-02-02T03:58:03.533191');
INSERT INTO movie_projections (id, projection_date, projection_time, cinema_hall_id, movie_id, created_at, updated_at) VALUES ('fb8b85e4-194a-4b87-a968-bd952a1cec49', '2026-05-02', '10:00:00', '9f106868-b214-4da4-958c-98f47eac54e2', '3479b6bd-e50f-4cec-ad97-c3fff5dd5b0d', '2026-02-02T03:58:03.533247', '2026-02-02T03:58:03.533247');
INSERT INTO movie_projections (id, projection_date, projection_time, cinema_hall_id, movie_id, created_at, updated_at) VALUES ('65ecc4c0-9516-4492-9ac5-3d89635f41e4', '2026-04-12', '13:00:00', '09725c82-8bbe-48ce-bc29-31b7513f46f6', '3479b6bd-e50f-4cec-ad97-c3fff5dd5b0d', '2026-02-02T03:58:03.533384', '2026-02-02T03:58:03.533384');
INSERT INTO movie_projections (id, projection_date, projection_time, cinema_hall_id, movie_id, created_at, updated_at) VALUES ('82804dc7-15c3-4e14-9331-2b5a8b31178d', '2026-04-05', '10:00:00', 'e7f9e0aa-25c6-4656-a785-24a7c64ae6f7', '3479b6bd-e50f-4cec-ad97-c3fff5dd5b0d', '2026-02-02T03:58:03.533431', '2026-02-02T03:58:03.533431');
INSERT INTO movie_projections (id, projection_date, projection_time, cinema_hall_id, movie_id, created_at, updated_at) VALUES ('4d6da910-7201-4bc8-b666-7b20045358cd', '2026-05-13', '16:00:00', '09725c82-8bbe-48ce-bc29-31b7513f46f6', '3479b6bd-e50f-4cec-ad97-c3fff5dd5b0d', '2026-02-02T03:58:03.533472', '2026-02-02T03:58:03.533472');
INSERT INTO movie_projections (id, projection_date, projection_time, cinema_hall_id, movie_id, created_at, updated_at) VALUES ('f9122847-fa9c-4c62-b946-adbbdf72d16e', '2026-05-10', '16:00:00', '9f106868-b214-4da4-958c-98f47eac54e2', '3479b6bd-e50f-4cec-ad97-c3fff5dd5b0d', '2026-02-02T03:58:03.533523', '2026-02-02T03:58:03.533523');
INSERT INTO movie_projections (id, projection_date, projection_time, cinema_hall_id, movie_id, created_at, updated_at) VALUES ('a9c473b2-1fc7-4ceb-8295-537cf5b75690', '2026-04-16', '19:00:00', 'f308a6cd-7db0-4e8f-9086-3b368ff8b91a', '3479b6bd-e50f-4cec-ad97-c3fff5dd5b0d', '2026-02-02T03:58:03.533587', '2026-02-02T03:58:03.533587');
INSERT INTO movie_projections (id, projection_date, projection_time, cinema_hall_id, movie_id, created_at, updated_at) VALUES ('b29b00dc-b4da-4311-9646-bdc3c3fb174c', '2026-04-05', '19:00:00', '7bdfa823-58a4-4bc5-8b5f-d3df3b599359', '3479b6bd-e50f-4cec-ad97-c3fff5dd5b0d', '2026-02-02T03:58:03.533690', '2026-02-02T03:58:03.533690');
INSERT INTO movie_projections (id, projection_date, projection_time, cinema_hall_id, movie_id, created_at, updated_at) VALUES ('9627e2e0-6d4b-4e02-8e68-14e683f701a0', '2026-04-04', '10:00:00', '09725c82-8bbe-48ce-bc29-31b7513f46f6', '3479b6bd-e50f-4cec-ad97-c3fff5dd5b0d', '2026-02-02T03:58:03.533768', '2026-02-02T03:58:03.533768');
INSERT INTO movie_projections (id, projection_date, projection_time, cinema_hall_id, movie_id, created_at, updated_at) VALUES ('dfcfd877-ae3d-44dc-8fb2-4084685a3c0f', '2026-06-08', '19:00:00', 'f308a6cd-7db0-4e8f-9086-3b368ff8b91a', '3479b6bd-e50f-4cec-ad97-c3fff5dd5b0d', '2026-02-02T03:58:03.533817', '2026-02-02T03:58:03.533817');
INSERT INTO movie_projections (id, projection_date, projection_time, cinema_hall_id, movie_id, created_at, updated_at) VALUES ('27b46137-7412-4200-9339-8c402e227543', '2026-04-07', '10:00:00', 'f308a6cd-7db0-4e8f-9086-3b368ff8b91a', '3479b6bd-e50f-4cec-ad97-c3fff5dd5b0d', '2026-02-02T03:58:03.533858', '2026-02-02T03:58:03.533858');
INSERT INTO movie_projections (id, projection_date, projection_time, cinema_hall_id, movie_id, created_at, updated_at) VALUES ('0565fe6f-7143-4cb8-a788-b2909ba022ad', '2026-05-03', '19:00:00', '83abf7cb-f1e0-4557-89cd-354bb575262b', '3479b6bd-e50f-4cec-ad97-c3fff5dd5b0d', '2026-02-02T03:58:03.533912', '2026-02-02T03:58:03.533912');
INSERT INTO movie_projections (id, projection_date, projection_time, cinema_hall_id, movie_id, created_at, updated_at) VALUES ('3191ef2a-8229-4906-9de2-687987c63dc8', '2026-05-31', '19:00:00', 'ff03477d-db27-4d57-bd3b-e06ed1bcdb87', '3479b6bd-e50f-4cec-ad97-c3fff5dd5b0d', '2026-02-02T03:58:03.533965', '2026-02-02T03:58:03.533965');
INSERT INTO movie_projections (id, projection_date, projection_time, cinema_hall_id, movie_id, created_at, updated_at) VALUES ('8f6ca996-d058-488a-b0c8-669bcc6b66ee', '2026-06-02', '13:00:00', '83abf7cb-f1e0-4557-89cd-354bb575262b', '3479b6bd-e50f-4cec-ad97-c3fff5dd5b0d', '2026-02-02T03:58:03.534011', '2026-02-02T03:58:03.534011');
INSERT INTO movie_projections (id, projection_date, projection_time, cinema_hall_id, movie_id, created_at, updated_at) VALUES ('fef763da-84df-404e-9af2-155a4b3d4585', '2026-04-04', '10:00:00', '09725c82-8bbe-48ce-bc29-31b7513f46f6', '3479b6bd-e50f-4cec-ad97-c3fff5dd5b0d', '2026-02-02T03:58:03.534056', '2026-02-02T03:58:03.534056');
INSERT INTO movie_projections (id, projection_date, projection_time, cinema_hall_id, movie_id, created_at, updated_at) VALUES ('7e2feed8-9d26-49d6-988e-953ffcf9736e', '2026-03-28', '16:00:00', 'f308a6cd-7db0-4e8f-9086-3b368ff8b91a', '3479b6bd-e50f-4cec-ad97-c3fff5dd5b0d', '2026-02-02T03:58:03.534099', '2026-02-02T03:58:03.534099');
INSERT INTO movie_projections (id, projection_date, projection_time, cinema_hall_id, movie_id, created_at, updated_at) VALUES ('acaad9aa-4210-4d11-9e2d-7203807d4d3e', '2026-05-19', '10:00:00', 'ff03477d-db27-4d57-bd3b-e06ed1bcdb87', '3479b6bd-e50f-4cec-ad97-c3fff5dd5b0d', '2026-02-02T03:58:03.534143', '2026-02-02T03:58:03.534143');
INSERT INTO movie_projections (id, projection_date, projection_time, cinema_hall_id, movie_id, created_at, updated_at) VALUES ('cf2bc635-1215-47b8-8547-de37675c0592', '2026-04-03', '16:00:00', '09725c82-8bbe-48ce-bc29-31b7513f46f6', '3479b6bd-e50f-4cec-ad97-c3fff5dd5b0d', '2026-02-02T03:58:03.534214', '2026-02-02T03:58:03.534214');
INSERT INTO movie_projections (id, projection_date, projection_time, cinema_hall_id, movie_id, created_at, updated_at) VALUES ('a6d29cb8-4464-4e96-a4fc-2902ed8a8c12', '2026-04-22', '10:00:00', 'f308a6cd-7db0-4e8f-9086-3b368ff8b91a', '3479b6bd-e50f-4cec-ad97-c3fff5dd5b0d', '2026-02-02T03:58:03.534266', '2026-02-02T03:58:03.534266');
INSERT INTO movie_projections (id, projection_date, projection_time, cinema_hall_id, movie_id, created_at, updated_at) VALUES ('734fac3c-543f-4b07-855a-7e8182e48203', '2026-05-12', '13:00:00', '17edc49a-9fa2-4dde-86b1-711e17e03602', '3479b6bd-e50f-4cec-ad97-c3fff5dd5b0d', '2026-02-02T03:58:03.534324', '2026-02-02T03:58:03.534324');
INSERT INTO movie_projections (id, projection_date, projection_time, cinema_hall_id, movie_id, created_at, updated_at) VALUES ('7992d217-2026-4f91-8848-c9bf7ebfb7d5', '2026-04-30', '16:00:00', '7bdfa823-58a4-4bc5-8b5f-d3df3b599359', '3479b6bd-e50f-4cec-ad97-c3fff5dd5b0d', '2026-02-02T03:58:03.534373', '2026-02-02T03:58:03.534373');
INSERT INTO movie_projections (id, projection_date, projection_time, cinema_hall_id, movie_id, created_at, updated_at) VALUES ('94d39285-85e5-4f16-a77c-b0feeaf7b105', '2026-05-10', '13:00:00', '17edc49a-9fa2-4dde-86b1-711e17e03602', '3479b6bd-e50f-4cec-ad97-c3fff5dd5b0d', '2026-02-02T03:58:03.534420', '2026-02-02T03:58:03.534420');
INSERT INTO movie_projections (id, projection_date, projection_time, cinema_hall_id, movie_id, created_at, updated_at) VALUES ('9b4f894b-2c81-47af-bd84-d3c468610fe4', '2026-05-24', '10:00:00', 'd1c9716d-3ece-4d7a-b937-f3a554bc32e4', '3479b6bd-e50f-4cec-ad97-c3fff5dd5b0d', '2026-02-02T03:58:03.534462', '2026-02-02T03:58:03.534462');
INSERT INTO movie_projections (id, projection_date, projection_time, cinema_hall_id, movie_id, created_at, updated_at) VALUES ('cda953ec-e27a-447a-9496-1a5ce1ff546f', '2026-04-12', '19:00:00', 'ff03477d-db27-4d57-bd3b-e06ed1bcdb87', '3479b6bd-e50f-4cec-ad97-c3fff5dd5b0d', '2026-02-02T03:58:03.534503', '2026-02-02T03:58:03.534503');
INSERT INTO movie_projections (id, projection_date, projection_time, cinema_hall_id, movie_id, created_at, updated_at) VALUES ('b5f3c37a-eb40-4aeb-af76-aa8d7e509e55', '2026-06-06', '19:00:00', '09725c82-8bbe-48ce-bc29-31b7513f46f6', '3479b6bd-e50f-4cec-ad97-c3fff5dd5b0d', '2026-02-02T03:58:03.534543', '2026-02-02T03:58:03.534543');
INSERT INTO movie_projections (id, projection_date, projection_time, cinema_hall_id, movie_id, created_at, updated_at) VALUES ('8f8ca721-dec7-4eac-8075-1904a700f5b3', '2026-04-17', '16:00:00', '7bdfa823-58a4-4bc5-8b5f-d3df3b599359', '3479b6bd-e50f-4cec-ad97-c3fff5dd5b0d', '2026-02-02T03:58:03.534583', '2026-02-02T03:58:03.534583');
INSERT INTO movie_projections (id, projection_date, projection_time, cinema_hall_id, movie_id, created_at, updated_at) VALUES ('8ec4a8ea-3841-4c42-b29a-de6e43ec3f47', '2026-05-06', '19:00:00', 'ff03477d-db27-4d57-bd3b-e06ed1bcdb87', '3479b6bd-e50f-4cec-ad97-c3fff5dd5b0d', '2026-02-02T03:58:03.534627', '2026-02-02T03:58:03.534627');
INSERT INTO movie_projections (id, projection_date, projection_time, cinema_hall_id, movie_id, created_at, updated_at) VALUES ('6490f220-8b9b-4815-84c9-8c9ee32924c0', '2026-04-24', '16:00:00', 'dc9298a8-a343-4ff6-a811-bccf5aa5db8f', '3479b6bd-e50f-4cec-ad97-c3fff5dd5b0d', '2026-02-02T03:58:03.534689', '2026-02-02T03:58:03.534689');
INSERT INTO movie_projections (id, projection_date, projection_time, cinema_hall_id, movie_id, created_at, updated_at) VALUES ('e1c79a4b-6300-449a-8808-16704b3fe4a0', '2026-05-21', '10:00:00', '83abf7cb-f1e0-4557-89cd-354bb575262b', '3479b6bd-e50f-4cec-ad97-c3fff5dd5b0d', '2026-02-02T03:58:03.534732', '2026-02-02T03:58:03.534732');
INSERT INTO movie_projections (id, projection_date, projection_time, cinema_hall_id, movie_id, created_at, updated_at) VALUES ('f4e0b272-0986-40f6-beb0-450d3d24ac3a', '2026-05-28', '10:00:00', 'dc9298a8-a343-4ff6-a811-bccf5aa5db8f', '3479b6bd-e50f-4cec-ad97-c3fff5dd5b0d', '2026-02-02T03:58:03.534775', '2026-02-02T03:58:03.534775');
INSERT INTO movie_projections (id, projection_date, projection_time, cinema_hall_id, movie_id, created_at, updated_at) VALUES ('e22704ea-40e6-4891-9c5c-bbe213dd25e1', '2026-04-16', '19:00:00', '7bdfa823-58a4-4bc5-8b5f-d3df3b599359', '3479b6bd-e50f-4cec-ad97-c3fff5dd5b0d', '2026-02-02T03:58:03.534819', '2026-02-02T03:58:03.534819');
INSERT INTO movie_projections (id, projection_date, projection_time, cinema_hall_id, movie_id, created_at, updated_at) VALUES ('2995bf72-5ba2-4297-8665-e64cd0bcffc1', '2026-05-31', '13:00:00', '9f106868-b214-4da4-958c-98f47eac54e2', '3479b6bd-e50f-4cec-ad97-c3fff5dd5b0d', '2026-02-02T03:58:03.534861', '2026-02-02T03:58:03.534861');
INSERT INTO movie_projections (id, projection_date, projection_time, cinema_hall_id, movie_id, created_at, updated_at) VALUES ('1fdaf0d9-1f8c-4fe6-9da6-f8381723e96e', '2026-05-19', '13:00:00', '0330ebe1-b742-4d72-8cd5-e6cbc1b178df', '3479b6bd-e50f-4cec-ad97-c3fff5dd5b0d', '2026-02-02T03:58:03.534906', '2026-02-02T03:58:03.534906');
INSERT INTO movie_projections (id, projection_date, projection_time, cinema_hall_id, movie_id, created_at, updated_at) VALUES ('85d0ef84-b349-42bc-a5d5-e207709dcea7', '2026-05-21', '10:00:00', 'ff03477d-db27-4d57-bd3b-e06ed1bcdb87', '3479b6bd-e50f-4cec-ad97-c3fff5dd5b0d', '2026-02-02T03:58:03.534944', '2026-02-02T03:58:03.534944');
INSERT INTO movie_projections (id, projection_date, projection_time, cinema_hall_id, movie_id, created_at, updated_at) VALUES ('8e86c647-0c33-4c7c-a754-54b46d13f94e', '2026-03-31', '16:00:00', 'ff03477d-db27-4d57-bd3b-e06ed1bcdb87', '3479b6bd-e50f-4cec-ad97-c3fff5dd5b0d', '2026-02-02T03:58:03.534982', '2026-02-02T03:58:03.534982');
INSERT INTO movie_projections (id, projection_date, projection_time, cinema_hall_id, movie_id, created_at, updated_at) VALUES ('14b3085d-4e8a-42c9-81bd-71d65d31defa', '2026-05-17', '19:00:00', '83abf7cb-f1e0-4557-89cd-354bb575262b', '3479b6bd-e50f-4cec-ad97-c3fff5dd5b0d', '2026-02-02T03:58:03.535023', '2026-02-02T03:58:03.535023');
INSERT INTO movie_projections (id, projection_date, projection_time, cinema_hall_id, movie_id, created_at, updated_at) VALUES ('8d7232b6-d7b6-40a5-bc19-ca0ac7acaf42', '2026-05-03', '10:00:00', '17edc49a-9fa2-4dde-86b1-711e17e03602', '3479b6bd-e50f-4cec-ad97-c3fff5dd5b0d', '2026-02-02T03:58:03.535061', '2026-02-02T03:58:03.535061');
INSERT INTO movie_projections (id, projection_date, projection_time, cinema_hall_id, movie_id, created_at, updated_at) VALUES ('74111562-0fff-4ec4-9b0d-5be85e9525e3', '2026-05-29', '13:00:00', 'f308a6cd-7db0-4e8f-9086-3b368ff8b91a', '3479b6bd-e50f-4cec-ad97-c3fff5dd5b0d', '2026-02-02T03:58:03.535105', '2026-02-02T03:58:03.535105');
INSERT INTO movie_projections (id, projection_date, projection_time, cinema_hall_id, movie_id, created_at, updated_at) VALUES ('abbefde8-96f6-4f2c-a42a-448b310a65c4', '2026-05-03', '16:00:00', '09725c82-8bbe-48ce-bc29-31b7513f46f6', '3479b6bd-e50f-4cec-ad97-c3fff5dd5b0d', '2026-02-02T03:58:03.535149', '2026-02-02T03:58:03.535149');
INSERT INTO movie_projections (id, projection_date, projection_time, cinema_hall_id, movie_id, created_at, updated_at) VALUES ('afac663f-a331-4cf3-9fd2-4a5adb745f35', '2026-06-08', '13:00:00', 'ff03477d-db27-4d57-bd3b-e06ed1bcdb87', '3479b6bd-e50f-4cec-ad97-c3fff5dd5b0d', '2026-02-02T03:58:03.535188', '2026-02-02T03:58:03.535188');
INSERT INTO movie_projections (id, projection_date, projection_time, cinema_hall_id, movie_id, created_at, updated_at) VALUES ('0e2df299-0adf-470e-824f-6f3474837dba', '2026-06-07', '10:00:00', '9f106868-b214-4da4-958c-98f47eac54e2', '3479b6bd-e50f-4cec-ad97-c3fff5dd5b0d', '2026-02-02T03:58:03.535236', '2026-02-02T03:58:03.535236');
INSERT INTO movie_projections (id, projection_date, projection_time, cinema_hall_id, movie_id, created_at, updated_at) VALUES ('a4f8a15d-64aa-4244-b3e7-130e8f449f53', '2026-05-28', '13:00:00', '0330ebe1-b742-4d72-8cd5-e6cbc1b178df', '11cfbc81-8195-440b-bad9-5b8d4d44fb24', '2026-02-02T03:58:03.535267', '2026-02-02T03:58:03.535267');
INSERT INTO movie_projections (id, projection_date, projection_time, cinema_hall_id, movie_id, created_at, updated_at) VALUES ('a09f2917-cd58-4e13-a63d-718019affe15', '2026-08-24', '19:00:00', 'f308a6cd-7db0-4e8f-9086-3b368ff8b91a', '11cfbc81-8195-440b-bad9-5b8d4d44fb24', '2026-02-02T03:58:03.535293', '2026-02-02T03:58:03.535293');
INSERT INTO movie_projections (id, projection_date, projection_time, cinema_hall_id, movie_id, created_at, updated_at) VALUES ('d1406c32-fd3e-44d0-a245-5f0dc2d93295', '2026-06-14', '19:00:00', '83abf7cb-f1e0-4557-89cd-354bb575262b', '11cfbc81-8195-440b-bad9-5b8d4d44fb24', '2026-02-02T03:58:03.535321', '2026-02-02T03:58:03.535321');
INSERT INTO movie_projections (id, projection_date, projection_time, cinema_hall_id, movie_id, created_at, updated_at) VALUES ('7c6566e1-b25b-4bea-89d0-dda15338d84a', '2026-08-11', '19:00:00', 'e7f9e0aa-25c6-4656-a785-24a7c64ae6f7', '11cfbc81-8195-440b-bad9-5b8d4d44fb24', '2026-02-02T03:58:03.535346', '2026-02-02T03:58:03.535346');
INSERT INTO movie_projections (id, projection_date, projection_time, cinema_hall_id, movie_id, created_at, updated_at) VALUES ('92e92695-b44e-425d-976c-2b66bc36f6df', '2026-08-10', '13:00:00', 'd1c9716d-3ece-4d7a-b937-f3a554bc32e4', '11cfbc81-8195-440b-bad9-5b8d4d44fb24', '2026-02-02T03:58:03.535370', '2026-02-02T03:58:03.535370');
INSERT INTO movie_projections (id, projection_date, projection_time, cinema_hall_id, movie_id, created_at, updated_at) VALUES ('e13f9a3c-24bf-4ae6-a01b-30b9dcf104c8', '2026-05-17', '13:00:00', 'dc9298a8-a343-4ff6-a811-bccf5aa5db8f', '11cfbc81-8195-440b-bad9-5b8d4d44fb24', '2026-02-02T03:58:03.535395', '2026-02-02T03:58:03.535395');
INSERT INTO movie_projections (id, projection_date, projection_time, cinema_hall_id, movie_id, created_at, updated_at) VALUES ('5f53d98e-4d30-48b4-a0ab-b17d8c4168d1', '2026-09-03', '10:00:00', 'e7f9e0aa-25c6-4656-a785-24a7c64ae6f7', '11cfbc81-8195-440b-bad9-5b8d4d44fb24', '2026-02-02T03:58:03.535419', '2026-02-02T03:58:03.535419');
INSERT INTO movie_projections (id, projection_date, projection_time, cinema_hall_id, movie_id, created_at, updated_at) VALUES ('afb5ade7-3f9f-4724-afd9-e36e82bebff0', '2026-08-05', '10:00:00', 'ff03477d-db27-4d57-bd3b-e06ed1bcdb87', '11cfbc81-8195-440b-bad9-5b8d4d44fb24', '2026-02-02T03:58:03.535454', '2026-02-02T03:58:03.535454');
INSERT INTO movie_projections (id, projection_date, projection_time, cinema_hall_id, movie_id, created_at, updated_at) VALUES ('8f0870d8-5f51-42b8-a034-d018b6089d41', '2026-06-28', '16:00:00', 'd1c9716d-3ece-4d7a-b937-f3a554bc32e4', '11cfbc81-8195-440b-bad9-5b8d4d44fb24', '2026-02-02T03:58:03.535481', '2026-02-02T03:58:03.535481');
INSERT INTO movie_projections (id, projection_date, projection_time, cinema_hall_id, movie_id, created_at, updated_at) VALUES ('f1f22f15-ad1b-4705-a19e-320db3c063f6', '2026-05-21', '13:00:00', 'ff03477d-db27-4d57-bd3b-e06ed1bcdb87', '11cfbc81-8195-440b-bad9-5b8d4d44fb24', '2026-02-02T03:58:03.535505', '2026-02-02T03:58:03.535505');
INSERT INTO movie_projections (id, projection_date, projection_time, cinema_hall_id, movie_id, created_at, updated_at) VALUES ('ec3f851c-0d21-4618-8b7b-3170412bbd17', '2026-08-02', '13:00:00', '83abf7cb-f1e0-4557-89cd-354bb575262b', '11cfbc81-8195-440b-bad9-5b8d4d44fb24', '2026-02-02T03:58:03.535530', '2026-02-02T03:58:03.535530');
INSERT INTO movie_projections (id, projection_date, projection_time, cinema_hall_id, movie_id, created_at, updated_at) VALUES ('9e14ee14-0c90-4f30-abd2-040ccf589d9c', '2026-08-29', '10:00:00', 'ff03477d-db27-4d57-bd3b-e06ed1bcdb87', '11cfbc81-8195-440b-bad9-5b8d4d44fb24', '2026-02-02T03:58:03.535566', '2026-02-02T03:58:03.535566');
INSERT INTO movie_projections (id, projection_date, projection_time, cinema_hall_id, movie_id, created_at, updated_at) VALUES ('8bee4325-761b-4b33-ab2d-adaedb09e519', '2026-06-22', '19:00:00', '9f106868-b214-4da4-958c-98f47eac54e2', '11cfbc81-8195-440b-bad9-5b8d4d44fb24', '2026-02-02T03:58:03.535595', '2026-02-02T03:58:03.535595');
INSERT INTO movie_projections (id, projection_date, projection_time, cinema_hall_id, movie_id, created_at, updated_at) VALUES ('43ab6f12-1fd7-4714-b9e2-19cb958bd7f3', '2026-07-31', '19:00:00', 'd1c9716d-3ece-4d7a-b937-f3a554bc32e4', '11cfbc81-8195-440b-bad9-5b8d4d44fb24', '2026-02-02T03:58:03.535618', '2026-02-02T03:58:03.535618');
INSERT INTO movie_projections (id, projection_date, projection_time, cinema_hall_id, movie_id, created_at, updated_at) VALUES ('c221733f-4e1c-43d8-a4de-d319d7281253', '2026-09-06', '16:00:00', '9f106868-b214-4da4-958c-98f47eac54e2', '11cfbc81-8195-440b-bad9-5b8d4d44fb24', '2026-02-02T03:58:03.535645', '2026-02-02T03:58:03.535645');
INSERT INTO movie_projections (id, projection_date, projection_time, cinema_hall_id, movie_id, created_at, updated_at) VALUES ('291dc864-b576-423b-b7be-0f2821ce91ba', '2026-08-20', '19:00:00', 'f308a6cd-7db0-4e8f-9086-3b368ff8b91a', '11cfbc81-8195-440b-bad9-5b8d4d44fb24', '2026-02-02T03:58:03.535681', '2026-02-02T03:58:03.535681');
INSERT INTO movie_projections (id, projection_date, projection_time, cinema_hall_id, movie_id, created_at, updated_at) VALUES ('bb53557b-0ca1-4547-bb39-16cf470d6cac', '2026-05-16', '19:00:00', 'dc9298a8-a343-4ff6-a811-bccf5aa5db8f', '11cfbc81-8195-440b-bad9-5b8d4d44fb24', '2026-02-02T03:58:03.535705', '2026-02-02T03:58:03.535705');
INSERT INTO movie_projections (id, projection_date, projection_time, cinema_hall_id, movie_id, created_at, updated_at) VALUES ('90f925c7-051a-48e9-8cf5-65c478c1f65b', '2026-05-29', '10:00:00', '9f106868-b214-4da4-958c-98f47eac54e2', '11cfbc81-8195-440b-bad9-5b8d4d44fb24', '2026-02-02T03:58:03.535733', '2026-02-02T03:58:03.535733');
INSERT INTO movie_projections (id, projection_date, projection_time, cinema_hall_id, movie_id, created_at, updated_at) VALUES ('4851443d-644d-4312-aae9-a49a6e6a3bf2', '2026-06-25', '19:00:00', '17edc49a-9fa2-4dde-86b1-711e17e03602', '11cfbc81-8195-440b-bad9-5b8d4d44fb24', '2026-02-02T03:58:03.535764', '2026-02-02T03:58:03.535764');
INSERT INTO movie_projections (id, projection_date, projection_time, cinema_hall_id, movie_id, created_at, updated_at) VALUES ('aced5e52-b7d3-45e8-ab50-6c14cf4aa5a0', '2026-07-24', '13:00:00', 'e7f9e0aa-25c6-4656-a785-24a7c64ae6f7', '11cfbc81-8195-440b-bad9-5b8d4d44fb24', '2026-02-02T03:58:03.535787', '2026-02-02T03:58:03.535787');
INSERT INTO movie_projections (id, projection_date, projection_time, cinema_hall_id, movie_id, created_at, updated_at) VALUES ('18d1965a-5e5e-4971-8428-abccd63ac326', '2026-08-07', '16:00:00', '7bdfa823-58a4-4bc5-8b5f-d3df3b599359', '11cfbc81-8195-440b-bad9-5b8d4d44fb24', '2026-02-02T03:58:03.535810', '2026-02-02T03:58:03.535810');
INSERT INTO movie_projections (id, projection_date, projection_time, cinema_hall_id, movie_id, created_at, updated_at) VALUES ('29030622-b743-47f5-b3a1-01f053e7062d', '2026-08-28', '13:00:00', '09725c82-8bbe-48ce-bc29-31b7513f46f6', '11cfbc81-8195-440b-bad9-5b8d4d44fb24', '2026-02-02T03:58:03.535833', '2026-02-02T03:58:03.535833');
INSERT INTO movie_projections (id, projection_date, projection_time, cinema_hall_id, movie_id, created_at, updated_at) VALUES ('68055b8a-1450-4433-ad98-1936b50b4dbc', '2026-08-08', '19:00:00', 'dc9298a8-a343-4ff6-a811-bccf5aa5db8f', '11cfbc81-8195-440b-bad9-5b8d4d44fb24', '2026-02-02T03:58:03.535861', '2026-02-02T03:58:03.535861');
INSERT INTO movie_projections (id, projection_date, projection_time, cinema_hall_id, movie_id, created_at, updated_at) VALUES ('bae51cd9-e38a-4e5d-b448-a97ccdb91ea1', '2026-05-20', '13:00:00', 'f308a6cd-7db0-4e8f-9086-3b368ff8b91a', '11cfbc81-8195-440b-bad9-5b8d4d44fb24', '2026-02-02T03:58:03.535884', '2026-02-02T03:58:03.535884');
INSERT INTO movie_projections (id, projection_date, projection_time, cinema_hall_id, movie_id, created_at, updated_at) VALUES ('79ba6ec5-c406-4e50-8394-a197bf7d45b0', '2026-08-05', '10:00:00', '9f106868-b214-4da4-958c-98f47eac54e2', '11cfbc81-8195-440b-bad9-5b8d4d44fb24', '2026-02-02T03:58:03.535908', '2026-02-02T03:58:03.535908');
INSERT INTO movie_projections (id, projection_date, projection_time, cinema_hall_id, movie_id, created_at, updated_at) VALUES ('2bc95e74-fa0f-4fe5-9b5c-1aa2ffada52b', '2026-05-27', '10:00:00', 'd1c9716d-3ece-4d7a-b937-f3a554bc32e4', '11cfbc81-8195-440b-bad9-5b8d4d44fb24', '2026-02-02T03:58:03.535947', '2026-02-02T03:58:03.535947');
INSERT INTO movie_projections (id, projection_date, projection_time, cinema_hall_id, movie_id, created_at, updated_at) VALUES ('025e76e7-1cd6-47e9-a83c-be35a823bfd6', '2026-08-09', '19:00:00', 'd1c9716d-3ece-4d7a-b937-f3a554bc32e4', '11cfbc81-8195-440b-bad9-5b8d4d44fb24', '2026-02-02T03:58:03.535976', '2026-02-02T03:58:03.535976');
INSERT INTO movie_projections (id, projection_date, projection_time, cinema_hall_id, movie_id, created_at, updated_at) VALUES ('f0585fcc-b782-4434-9619-2b691d19a4c4', '2026-06-25', '16:00:00', '17edc49a-9fa2-4dde-86b1-711e17e03602', '11cfbc81-8195-440b-bad9-5b8d4d44fb24', '2026-02-02T03:58:03.535999', '2026-02-02T03:58:03.535999');
INSERT INTO movie_projections (id, projection_date, projection_time, cinema_hall_id, movie_id, created_at, updated_at) VALUES ('8a4a6f76-034e-4a31-90ea-6a60f4f850fb', '2026-08-27', '13:00:00', '0330ebe1-b742-4d72-8cd5-e6cbc1b178df', '11cfbc81-8195-440b-bad9-5b8d4d44fb24', '2026-02-02T03:58:03.536027', '2026-02-02T03:58:03.536027');
INSERT INTO movie_projections (id, projection_date, projection_time, cinema_hall_id, movie_id, created_at, updated_at) VALUES ('40178a61-f4ec-4111-8046-1a98331e1440', '2026-07-24', '19:00:00', 'd1c9716d-3ece-4d7a-b937-f3a554bc32e4', '11cfbc81-8195-440b-bad9-5b8d4d44fb24', '2026-02-02T03:58:03.536050', '2026-02-02T03:58:03.536050');
INSERT INTO movie_projections (id, projection_date, projection_time, cinema_hall_id, movie_id, created_at, updated_at) VALUES ('4c20d3f7-c8f1-447e-a5ac-bc1ba0e5ca19', '2026-09-01', '16:00:00', 'd1c9716d-3ece-4d7a-b937-f3a554bc32e4', '11cfbc81-8195-440b-bad9-5b8d4d44fb24', '2026-02-02T03:58:03.536073', '2026-02-02T03:58:03.536073');
INSERT INTO movie_projections (id, projection_date, projection_time, cinema_hall_id, movie_id, created_at, updated_at) VALUES ('abbc7d4b-28da-42ac-b41c-f31f411f84ea', '2026-07-05', '10:00:00', 'f308a6cd-7db0-4e8f-9086-3b368ff8b91a', '11cfbc81-8195-440b-bad9-5b8d4d44fb24', '2026-02-02T03:58:03.536095', '2026-02-02T03:58:03.536095');
INSERT INTO movie_projections (id, projection_date, projection_time, cinema_hall_id, movie_id, created_at, updated_at) VALUES ('7f04c990-0c7c-4126-a006-d77a4ff919ed', '2026-07-28', '10:00:00', 'ff03477d-db27-4d57-bd3b-e06ed1bcdb87', '11cfbc81-8195-440b-bad9-5b8d4d44fb24', '2026-02-02T03:58:03.536118', '2026-02-02T03:58:03.536118');
INSERT INTO movie_projections (id, projection_date, projection_time, cinema_hall_id, movie_id, created_at, updated_at) VALUES ('129cc1e0-935f-4850-8a5a-5709cff024bf', '2026-07-29', '13:00:00', '83abf7cb-f1e0-4557-89cd-354bb575262b', '11cfbc81-8195-440b-bad9-5b8d4d44fb24', '2026-02-02T03:58:03.536148', '2026-02-02T03:58:03.536148');
INSERT INTO movie_projections (id, projection_date, projection_time, cinema_hall_id, movie_id, created_at, updated_at) VALUES ('3292729e-bc0d-46e4-b84e-e0c22c1ed5ee', '2026-09-06', '19:00:00', 'f308a6cd-7db0-4e8f-9086-3b368ff8b91a', '11cfbc81-8195-440b-bad9-5b8d4d44fb24', '2026-02-02T03:58:03.536174', '2026-02-02T03:58:03.536174');
INSERT INTO movie_projections (id, projection_date, projection_time, cinema_hall_id, movie_id, created_at, updated_at) VALUES ('b54d6530-4258-4e5b-a953-e54498e8d6dc', '2026-08-31', '16:00:00', '9f106868-b214-4da4-958c-98f47eac54e2', '11cfbc81-8195-440b-bad9-5b8d4d44fb24', '2026-02-02T03:58:03.536205', '2026-02-02T03:58:03.536205');
INSERT INTO movie_projections (id, projection_date, projection_time, cinema_hall_id, movie_id, created_at, updated_at) VALUES ('da2cdd7b-e564-4d34-aff5-3bdb1b7b5df0', '2026-08-14', '10:00:00', '17edc49a-9fa2-4dde-86b1-711e17e03602', '11cfbc81-8195-440b-bad9-5b8d4d44fb24', '2026-02-02T03:58:03.536228', '2026-02-02T03:58:03.536228');
INSERT INTO movie_projections (id, projection_date, projection_time, cinema_hall_id, movie_id, created_at, updated_at) VALUES ('52685817-aaf9-49b7-bb81-b51f32391f0e', '2026-07-01', '19:00:00', '9f106868-b214-4da4-958c-98f47eac54e2', '11cfbc81-8195-440b-bad9-5b8d4d44fb24', '2026-02-02T03:58:03.536251', '2026-02-02T03:58:03.536251');
INSERT INTO movie_projections (id, projection_date, projection_time, cinema_hall_id, movie_id, created_at, updated_at) VALUES ('3b8e35dd-397c-4380-bb8e-e1100033f3d3', '2026-08-05', '13:00:00', 'f308a6cd-7db0-4e8f-9086-3b368ff8b91a', '11cfbc81-8195-440b-bad9-5b8d4d44fb24', '2026-02-02T03:58:03.536273', '2026-02-02T03:58:03.536273');
INSERT INTO movie_projections (id, projection_date, projection_time, cinema_hall_id, movie_id, created_at, updated_at) VALUES ('0e33a7a3-c1e5-41ee-a717-f8ba36b2c142', '2026-05-26', '13:00:00', '17edc49a-9fa2-4dde-86b1-711e17e03602', '11cfbc81-8195-440b-bad9-5b8d4d44fb24', '2026-02-02T03:58:03.536301', '2026-02-02T03:58:03.536301');
INSERT INTO movie_projections (id, projection_date, projection_time, cinema_hall_id, movie_id, created_at, updated_at) VALUES ('87381d06-6dc0-4c81-a4bc-03ef949e3031', '2026-06-18', '10:00:00', '09725c82-8bbe-48ce-bc29-31b7513f46f6', 'b2db4568-6a37-4077-8237-d6d1dfacc506', '2026-02-02T03:58:03.536330', '2026-02-02T03:58:03.536330');
INSERT INTO movie_projections (id, projection_date, projection_time, cinema_hall_id, movie_id, created_at, updated_at) VALUES ('f33d0542-b226-43e9-810d-50360d841018', '2026-09-04', '13:00:00', '7bdfa823-58a4-4bc5-8b5f-d3df3b599359', 'b2db4568-6a37-4077-8237-d6d1dfacc506', '2026-02-02T03:58:03.536356', '2026-02-02T03:58:03.536356');
INSERT INTO movie_projections (id, projection_date, projection_time, cinema_hall_id, movie_id, created_at, updated_at) VALUES ('61ea7c33-2646-459e-a248-a84a55490fcc', '2026-06-16', '13:00:00', '0330ebe1-b742-4d72-8cd5-e6cbc1b178df', 'b2db4568-6a37-4077-8237-d6d1dfacc506', '2026-02-02T03:58:03.536381', '2026-02-02T03:58:03.536381');
INSERT INTO movie_projections (id, projection_date, projection_time, cinema_hall_id, movie_id, created_at, updated_at) VALUES ('9d8a22f0-8193-4301-aa6c-cb187e413643', '2026-07-07', '16:00:00', 'd1c9716d-3ece-4d7a-b937-f3a554bc32e4', 'b2db4568-6a37-4077-8237-d6d1dfacc506', '2026-02-02T03:58:03.536404', '2026-02-02T03:58:03.536404');
INSERT INTO movie_projections (id, projection_date, projection_time, cinema_hall_id, movie_id, created_at, updated_at) VALUES ('50be952e-b17d-43e0-bd7f-ae5681861a4c', '2026-07-24', '10:00:00', '0330ebe1-b742-4d72-8cd5-e6cbc1b178df', 'b2db4568-6a37-4077-8237-d6d1dfacc506', '2026-02-02T03:58:03.536427', '2026-02-02T03:58:03.536427');
INSERT INTO movie_projections (id, projection_date, projection_time, cinema_hall_id, movie_id, created_at, updated_at) VALUES ('86fd0ea8-08da-4e6f-9ca8-01fcff780662', '2026-06-17', '10:00:00', 'f308a6cd-7db0-4e8f-9086-3b368ff8b91a', 'b2db4568-6a37-4077-8237-d6d1dfacc506', '2026-02-02T03:58:03.536449', '2026-02-02T03:58:03.536449');
INSERT INTO movie_projections (id, projection_date, projection_time, cinema_hall_id, movie_id, created_at, updated_at) VALUES ('df9a2b7e-a9f6-4694-879c-f77f1656f484', '2026-06-08', '13:00:00', '0330ebe1-b742-4d72-8cd5-e6cbc1b178df', 'b2db4568-6a37-4077-8237-d6d1dfacc506', '2026-02-02T03:58:03.536472', '2026-02-02T03:58:03.536472');
INSERT INTO movie_projections (id, projection_date, projection_time, cinema_hall_id, movie_id, created_at, updated_at) VALUES ('49a51d21-9ed7-4532-ae32-70cd7cbb6401', '2026-05-31', '10:00:00', '0330ebe1-b742-4d72-8cd5-e6cbc1b178df', 'b2db4568-6a37-4077-8237-d6d1dfacc506', '2026-02-02T03:58:03.536494', '2026-02-02T03:58:03.536494');
INSERT INTO movie_projections (id, projection_date, projection_time, cinema_hall_id, movie_id, created_at, updated_at) VALUES ('bb93a38f-0090-48ba-8f3e-7041e1ec41d1', '2026-08-27', '19:00:00', '17edc49a-9fa2-4dde-86b1-711e17e03602', 'b2db4568-6a37-4077-8237-d6d1dfacc506', '2026-02-02T03:58:03.536517', '2026-02-02T03:58:03.536517');
INSERT INTO movie_projections (id, projection_date, projection_time, cinema_hall_id, movie_id, created_at, updated_at) VALUES ('a8aa4688-8f9c-4e3a-b4e3-bcbd8a5ed255', '2026-07-20', '16:00:00', '09725c82-8bbe-48ce-bc29-31b7513f46f6', 'b2db4568-6a37-4077-8237-d6d1dfacc506', '2026-02-02T03:58:03.536544', '2026-02-02T03:58:03.536544');
INSERT INTO movie_projections (id, projection_date, projection_time, cinema_hall_id, movie_id, created_at, updated_at) VALUES ('b963b1f6-ccb9-4efb-8530-0bc71edd3893', '2026-06-23', '13:00:00', '17edc49a-9fa2-4dde-86b1-711e17e03602', 'b2db4568-6a37-4077-8237-d6d1dfacc506', '2026-02-02T03:58:03.536569', '2026-02-02T03:58:03.536569');
INSERT INTO movie_projections (id, projection_date, projection_time, cinema_hall_id, movie_id, created_at, updated_at) VALUES ('867a036d-6fda-4f2d-806b-12e50aa7fe76', '2026-08-06', '10:00:00', 'ff03477d-db27-4d57-bd3b-e06ed1bcdb87', 'b2db4568-6a37-4077-8237-d6d1dfacc506', '2026-02-02T03:58:03.536592', '2026-02-02T03:58:03.536592');
INSERT INTO movie_projections (id, projection_date, projection_time, cinema_hall_id, movie_id, created_at, updated_at) VALUES ('ef277d0d-0a72-4d45-ac80-015d9701ad7b', '2026-06-12', '10:00:00', '09725c82-8bbe-48ce-bc29-31b7513f46f6', 'b2db4568-6a37-4077-8237-d6d1dfacc506', '2026-02-02T03:58:03.536614', '2026-02-02T03:58:03.536614');
INSERT INTO movie_projections (id, projection_date, projection_time, cinema_hall_id, movie_id, created_at, updated_at) VALUES ('2792a320-e2c4-4fee-b346-51da06ea437e', '2026-06-17', '13:00:00', 'ff03477d-db27-4d57-bd3b-e06ed1bcdb87', 'b2db4568-6a37-4077-8237-d6d1dfacc506', '2026-02-02T03:58:03.536637', '2026-02-02T03:58:03.536637');
INSERT INTO movie_projections (id, projection_date, projection_time, cinema_hall_id, movie_id, created_at, updated_at) VALUES ('751c8d5d-8bc9-42d7-96ce-9673ab2e69d6', '2026-09-21', '19:00:00', 'f308a6cd-7db0-4e8f-9086-3b368ff8b91a', 'b2db4568-6a37-4077-8237-d6d1dfacc506', '2026-02-02T03:58:03.536659', '2026-02-02T03:58:03.536659');
INSERT INTO movie_projections (id, projection_date, projection_time, cinema_hall_id, movie_id, created_at, updated_at) VALUES ('cac94612-a26b-4fe6-bc25-d1dd98fc1f63', '2026-09-06', '13:00:00', '7bdfa823-58a4-4bc5-8b5f-d3df3b599359', 'b2db4568-6a37-4077-8237-d6d1dfacc506', '2026-02-02T03:58:03.536682', '2026-02-02T03:58:03.536682');
INSERT INTO movie_projections (id, projection_date, projection_time, cinema_hall_id, movie_id, created_at, updated_at) VALUES ('c2934084-7592-410f-a932-c19ea35a2d54', '2026-09-21', '16:00:00', 'e7f9e0aa-25c6-4656-a785-24a7c64ae6f7', 'b2db4568-6a37-4077-8237-d6d1dfacc506', '2026-02-02T03:58:03.536705', '2026-02-02T03:58:03.536705');
INSERT INTO movie_projections (id, projection_date, projection_time, cinema_hall_id, movie_id, created_at, updated_at) VALUES ('8539b5ec-16da-4d6a-894e-2f6f9545c252', '2026-06-14', '13:00:00', '17edc49a-9fa2-4dde-86b1-711e17e03602', 'b2db4568-6a37-4077-8237-d6d1dfacc506', '2026-02-02T03:58:03.536727', '2026-02-02T03:58:03.536727');
INSERT INTO movie_projections (id, projection_date, projection_time, cinema_hall_id, movie_id, created_at, updated_at) VALUES ('8d28f2ba-90c2-4788-b007-1193176b30c8', '2026-08-06', '19:00:00', 'dc9298a8-a343-4ff6-a811-bccf5aa5db8f', 'b2db4568-6a37-4077-8237-d6d1dfacc506', '2026-02-02T03:58:03.536752', '2026-02-02T03:58:03.536752');
INSERT INTO movie_projections (id, projection_date, projection_time, cinema_hall_id, movie_id, created_at, updated_at) VALUES ('ed1259f9-8157-49af-b78a-b66ed3f22342', '2026-09-19', '13:00:00', 'f308a6cd-7db0-4e8f-9086-3b368ff8b91a', 'b2db4568-6a37-4077-8237-d6d1dfacc506', '2026-02-02T03:58:03.536779', '2026-02-02T03:58:03.536779');
INSERT INTO movie_projections (id, projection_date, projection_time, cinema_hall_id, movie_id, created_at, updated_at) VALUES ('38c3b112-28db-4677-85d6-f3490b0c280a', '2026-07-05', '16:00:00', '9f106868-b214-4da4-958c-98f47eac54e2', 'b2db4568-6a37-4077-8237-d6d1dfacc506', '2026-02-02T03:58:03.536806', '2026-02-02T03:58:03.536806');
INSERT INTO movie_projections (id, projection_date, projection_time, cinema_hall_id, movie_id, created_at, updated_at) VALUES ('953b1d43-2c68-4ea9-a5c8-5b860c14b5e4', '2026-08-23', '10:00:00', '09725c82-8bbe-48ce-bc29-31b7513f46f6', 'b2db4568-6a37-4077-8237-d6d1dfacc506', '2026-02-02T03:58:03.536830', '2026-02-02T03:58:03.536830');
INSERT INTO movie_projections (id, projection_date, projection_time, cinema_hall_id, movie_id, created_at, updated_at) VALUES ('e4138b0a-7621-40df-a3dd-9e14ca1f50bf', '2026-09-18', '19:00:00', 'dc9298a8-a343-4ff6-a811-bccf5aa5db8f', 'b2db4568-6a37-4077-8237-d6d1dfacc506', '2026-02-02T03:58:03.536853', '2026-02-02T03:58:03.536853');
INSERT INTO movie_projections (id, projection_date, projection_time, cinema_hall_id, movie_id, created_at, updated_at) VALUES ('3967af01-b4b5-4951-b32c-a5ae7efdb04c', '2026-07-21', '16:00:00', '09725c82-8bbe-48ce-bc29-31b7513f46f6', 'b2db4568-6a37-4077-8237-d6d1dfacc506', '2026-02-02T03:58:03.536877', '2026-02-02T03:58:03.536877');
INSERT INTO movie_projections (id, projection_date, projection_time, cinema_hall_id, movie_id, created_at, updated_at) VALUES ('56738ad7-3fc2-485b-a663-b382b87be938', '2026-08-23', '16:00:00', '09725c82-8bbe-48ce-bc29-31b7513f46f6', 'b2db4568-6a37-4077-8237-d6d1dfacc506', '2026-02-02T03:58:03.536926', '2026-02-02T03:58:03.536926');
INSERT INTO movie_projections (id, projection_date, projection_time, cinema_hall_id, movie_id, created_at, updated_at) VALUES ('60f3e25a-1869-478d-9d84-9a4312b9fcc7', '2026-08-11', '16:00:00', 'f308a6cd-7db0-4e8f-9086-3b368ff8b91a', 'b2db4568-6a37-4077-8237-d6d1dfacc506', '2026-02-02T03:58:03.536958', '2026-02-02T03:58:03.536958');
INSERT INTO movie_projections (id, projection_date, projection_time, cinema_hall_id, movie_id, created_at, updated_at) VALUES ('557b8f77-d0cc-4078-944d-0f33aa9adcc6', '2026-07-05', '19:00:00', '83abf7cb-f1e0-4557-89cd-354bb575262b', 'b2db4568-6a37-4077-8237-d6d1dfacc506', '2026-02-02T03:58:03.536984', '2026-02-02T03:58:03.536984');
INSERT INTO movie_projections (id, projection_date, projection_time, cinema_hall_id, movie_id, created_at, updated_at) VALUES ('ddf3012b-21b4-4bad-8d2f-16aa8281b37b', '2026-06-04', '16:00:00', 'dc9298a8-a343-4ff6-a811-bccf5aa5db8f', 'b2db4568-6a37-4077-8237-d6d1dfacc506', '2026-02-02T03:58:03.537008', '2026-02-02T03:58:03.537008');
INSERT INTO movie_projections (id, projection_date, projection_time, cinema_hall_id, movie_id, created_at, updated_at) VALUES ('cd1dd89c-3da6-46d2-baa2-cebb219ac44d', '2026-06-04', '10:00:00', '9f106868-b214-4da4-958c-98f47eac54e2', 'b2db4568-6a37-4077-8237-d6d1dfacc506', '2026-02-02T03:58:03.537035', '2026-02-02T03:58:03.537035');
INSERT INTO movie_projections (id, projection_date, projection_time, cinema_hall_id, movie_id, created_at, updated_at) VALUES ('e7d79d58-1785-4f1c-b3f8-ae7893d4518d', '2026-09-22', '13:00:00', 'f308a6cd-7db0-4e8f-9086-3b368ff8b91a', 'b2db4568-6a37-4077-8237-d6d1dfacc506', '2026-02-02T03:58:03.537059', '2026-02-02T03:58:03.537059');
INSERT INTO movie_projections (id, projection_date, projection_time, cinema_hall_id, movie_id, created_at, updated_at) VALUES ('2f85b4b9-8b4d-4ff0-87d6-ac76e2545b24', '2026-08-05', '10:00:00', 'f308a6cd-7db0-4e8f-9086-3b368ff8b91a', 'b2db4568-6a37-4077-8237-d6d1dfacc506', '2026-02-02T03:58:03.537086', '2026-02-02T03:58:03.537086');
INSERT INTO movie_projections (id, projection_date, projection_time, cinema_hall_id, movie_id, created_at, updated_at) VALUES ('724c2ae8-03d0-4321-b01f-747715172676', '2026-07-21', '10:00:00', '9f106868-b214-4da4-958c-98f47eac54e2', 'b2db4568-6a37-4077-8237-d6d1dfacc506', '2026-02-02T03:58:03.537113', '2026-02-02T03:58:03.537113');
INSERT INTO movie_projections (id, projection_date, projection_time, cinema_hall_id, movie_id, created_at, updated_at) VALUES ('5a067082-4592-46cd-96af-5d0bf504f31e', '2026-09-18', '16:00:00', 'f308a6cd-7db0-4e8f-9086-3b368ff8b91a', 'b2db4568-6a37-4077-8237-d6d1dfacc506', '2026-02-02T03:58:03.537136', '2026-02-02T03:58:03.537136');
INSERT INTO movie_projections (id, projection_date, projection_time, cinema_hall_id, movie_id, created_at, updated_at) VALUES ('e9f31b0c-af38-4de7-9549-8ba053710d59', '2026-06-21', '10:00:00', '0330ebe1-b742-4d72-8cd5-e6cbc1b178df', 'b2db4568-6a37-4077-8237-d6d1dfacc506', '2026-02-02T03:58:03.537159', '2026-02-02T03:58:03.537159');
INSERT INTO movie_projections (id, projection_date, projection_time, cinema_hall_id, movie_id, created_at, updated_at) VALUES ('874b6fa0-a383-49a3-87b9-27d4ca16212a', '2026-07-09', '13:00:00', '7bdfa823-58a4-4bc5-8b5f-d3df3b599359', 'b2db4568-6a37-4077-8237-d6d1dfacc506', '2026-02-02T03:58:03.537190', '2026-02-02T03:58:03.537190');
INSERT INTO movie_projections (id, projection_date, projection_time, cinema_hall_id, movie_id, created_at, updated_at) VALUES ('6a94a0cd-5c9f-436f-889a-8c51559eb9a9', '2026-08-19', '10:00:00', '9f106868-b214-4da4-958c-98f47eac54e2', 'b2db4568-6a37-4077-8237-d6d1dfacc506', '2026-02-02T03:58:03.537279', '2026-02-02T03:58:03.537279');
INSERT INTO movie_projections (id, projection_date, projection_time, cinema_hall_id, movie_id, created_at, updated_at) VALUES ('e0269d90-ef70-4164-8a29-1da23ab62470', '2026-07-10', '13:00:00', 'd1c9716d-3ece-4d7a-b937-f3a554bc32e4', 'b2db4568-6a37-4077-8237-d6d1dfacc506', '2026-02-02T03:58:03.537331', '2026-02-02T03:58:03.537331');
INSERT INTO movie_projections (id, projection_date, projection_time, cinema_hall_id, movie_id, created_at, updated_at) VALUES ('2e693fb4-9c96-4e04-b93e-e13aaf5698cf', '2026-07-01', '19:00:00', 'f308a6cd-7db0-4e8f-9086-3b368ff8b91a', 'b2db4568-6a37-4077-8237-d6d1dfacc506', '2026-02-02T03:58:03.537379', '2026-02-02T03:58:03.537379');
INSERT INTO movie_projections (id, projection_date, projection_time, cinema_hall_id, movie_id, created_at, updated_at) VALUES ('6cd400a7-e079-43d2-9113-022d9cbf77c8', '2026-09-05', '16:00:00', '7bdfa823-58a4-4bc5-8b5f-d3df3b599359', 'b2db4568-6a37-4077-8237-d6d1dfacc506', '2026-02-02T03:58:03.537427', '2026-02-02T03:58:03.537427');
INSERT INTO movie_projections (id, projection_date, projection_time, cinema_hall_id, movie_id, created_at, updated_at) VALUES ('8052fe90-8872-48e3-adda-8f899c8cab67', '2026-08-31', '13:00:00', '17edc49a-9fa2-4dde-86b1-711e17e03602', 'b2db4568-6a37-4077-8237-d6d1dfacc506', '2026-02-02T03:58:03.537484', '2026-02-02T03:58:03.537484');
INSERT INTO movie_projections (id, projection_date, projection_time, cinema_hall_id, movie_id, created_at, updated_at) VALUES ('f2e8383f-9786-4989-b802-030491a0d782', '2026-06-08', '13:00:00', '17edc49a-9fa2-4dde-86b1-711e17e03602', '56db7fa7-c6f8-4a76-a591-32df0fe21e87', '2026-02-02T03:58:03.537535', '2026-02-02T03:58:03.537535');
INSERT INTO movie_projections (id, projection_date, projection_time, cinema_hall_id, movie_id, created_at, updated_at) VALUES ('10c56fc2-47b3-4009-8dd8-68dac01eb8c5', '2026-06-04', '16:00:00', 'ff03477d-db27-4d57-bd3b-e06ed1bcdb87', '56db7fa7-c6f8-4a76-a591-32df0fe21e87', '2026-02-02T03:58:03.537600', '2026-02-02T03:58:03.537600');
INSERT INTO movie_projections (id, projection_date, projection_time, cinema_hall_id, movie_id, created_at, updated_at) VALUES ('b3750c39-6a6a-408b-9adb-c8ef93a539fc', '2026-06-23', '19:00:00', '83abf7cb-f1e0-4557-89cd-354bb575262b', '56db7fa7-c6f8-4a76-a591-32df0fe21e87', '2026-02-02T03:58:03.537652', '2026-02-02T03:58:03.537652');
INSERT INTO movie_projections (id, projection_date, projection_time, cinema_hall_id, movie_id, created_at, updated_at) VALUES ('5e4ae06a-66d6-4ecc-a663-f66f9c4b67a2', '2026-04-07', '16:00:00', '9f106868-b214-4da4-958c-98f47eac54e2', '56db7fa7-c6f8-4a76-a591-32df0fe21e87', '2026-02-02T03:58:03.537699', '2026-02-02T03:58:03.537699');
INSERT INTO movie_projections (id, projection_date, projection_time, cinema_hall_id, movie_id, created_at, updated_at) VALUES ('e2326d59-47f5-4fce-bea7-7fd96a5b4dc3', '2026-06-18', '19:00:00', 'dc9298a8-a343-4ff6-a811-bccf5aa5db8f', '56db7fa7-c6f8-4a76-a591-32df0fe21e87', '2026-02-02T03:58:03.537746', '2026-02-02T03:58:03.537746');
INSERT INTO movie_projections (id, projection_date, projection_time, cinema_hall_id, movie_id, created_at, updated_at) VALUES ('6338022b-795d-45b0-a0cb-575665eb15b2', '2026-05-06', '16:00:00', 'ff03477d-db27-4d57-bd3b-e06ed1bcdb87', '56db7fa7-c6f8-4a76-a591-32df0fe21e87', '2026-02-02T03:58:03.537794', '2026-02-02T03:58:03.537794');
INSERT INTO movie_projections (id, projection_date, projection_time, cinema_hall_id, movie_id, created_at, updated_at) VALUES ('11831f1c-0ad1-4441-ad8b-b42027bd0ecc', '2026-05-15', '19:00:00', 'ff03477d-db27-4d57-bd3b-e06ed1bcdb87', '56db7fa7-c6f8-4a76-a591-32df0fe21e87', '2026-02-02T03:58:03.537841', '2026-02-02T03:58:03.537841');
INSERT INTO movie_projections (id, projection_date, projection_time, cinema_hall_id, movie_id, created_at, updated_at) VALUES ('857921db-a57c-4e87-ba7d-9e13ed15ec62', '2026-03-28', '19:00:00', '9f106868-b214-4da4-958c-98f47eac54e2', '56db7fa7-c6f8-4a76-a591-32df0fe21e87', '2026-02-02T03:58:03.537888', '2026-02-02T03:58:03.537888');
INSERT INTO movie_projections (id, projection_date, projection_time, cinema_hall_id, movie_id, created_at, updated_at) VALUES ('615b8587-e8a5-4223-84ee-f30fe9d19f52', '2026-05-24', '10:00:00', '09725c82-8bbe-48ce-bc29-31b7513f46f6', '56db7fa7-c6f8-4a76-a591-32df0fe21e87', '2026-02-02T03:58:03.537937', '2026-02-02T03:58:03.537937');
INSERT INTO movie_projections (id, projection_date, projection_time, cinema_hall_id, movie_id, created_at, updated_at) VALUES ('48161fed-30e7-4432-a3b5-3f53b0d3359e', '2026-04-18', '10:00:00', 'dc9298a8-a343-4ff6-a811-bccf5aa5db8f', '56db7fa7-c6f8-4a76-a591-32df0fe21e87', '2026-02-02T03:58:03.537986', '2026-02-02T03:58:03.537986');
INSERT INTO movie_projections (id, projection_date, projection_time, cinema_hall_id, movie_id, created_at, updated_at) VALUES ('6f1c4988-ff13-421c-9cc4-5c803cc3a412', '2026-05-07', '19:00:00', '9f106868-b214-4da4-958c-98f47eac54e2', '56db7fa7-c6f8-4a76-a591-32df0fe21e87', '2026-02-02T03:58:03.538038', '2026-02-02T03:58:03.538038');
INSERT INTO movie_projections (id, projection_date, projection_time, cinema_hall_id, movie_id, created_at, updated_at) VALUES ('1c5391a6-877f-4803-ad35-d56d5c7b8649', '2026-04-01', '10:00:00', 'dc9298a8-a343-4ff6-a811-bccf5aa5db8f', '56db7fa7-c6f8-4a76-a591-32df0fe21e87', '2026-02-02T03:58:03.538093', '2026-02-02T03:58:03.538093');
INSERT INTO movie_projections (id, projection_date, projection_time, cinema_hall_id, movie_id, created_at, updated_at) VALUES ('75fe7305-54f4-4703-98c5-5185c9b74447', '2026-03-20', '10:00:00', 'd1c9716d-3ece-4d7a-b937-f3a554bc32e4', '56db7fa7-c6f8-4a76-a591-32df0fe21e87', '2026-02-02T03:58:03.538143', '2026-02-02T03:58:03.538143');
INSERT INTO movie_projections (id, projection_date, projection_time, cinema_hall_id, movie_id, created_at, updated_at) VALUES ('8f7edca1-8093-45cb-b735-b7aae4099bcd', '2026-04-01', '13:00:00', '0330ebe1-b742-4d72-8cd5-e6cbc1b178df', '56db7fa7-c6f8-4a76-a591-32df0fe21e87', '2026-02-02T03:58:03.538200', '2026-02-02T03:58:03.538200');
INSERT INTO movie_projections (id, projection_date, projection_time, cinema_hall_id, movie_id, created_at, updated_at) VALUES ('ce1e8d1b-6709-4d09-a68e-0f4e8c826eab', '2026-07-02', '10:00:00', 'dc9298a8-a343-4ff6-a811-bccf5aa5db8f', '56db7fa7-c6f8-4a76-a591-32df0fe21e87', '2026-02-02T03:58:03.538251', '2026-02-02T03:58:03.538251');
INSERT INTO movie_projections (id, projection_date, projection_time, cinema_hall_id, movie_id, created_at, updated_at) VALUES ('533023b6-40bc-4e04-8fb0-abcd09840288', '2026-04-08', '10:00:00', '83abf7cb-f1e0-4557-89cd-354bb575262b', '56db7fa7-c6f8-4a76-a591-32df0fe21e87', '2026-02-02T03:58:03.538298', '2026-02-02T03:58:03.538298');
INSERT INTO movie_projections (id, projection_date, projection_time, cinema_hall_id, movie_id, created_at, updated_at) VALUES ('6ec938ec-0de0-40c9-be7b-c4f3d53199bc', '2026-06-06', '13:00:00', '0330ebe1-b742-4d72-8cd5-e6cbc1b178df', '56db7fa7-c6f8-4a76-a591-32df0fe21e87', '2026-02-02T03:58:03.538346', '2026-02-02T03:58:03.538346');
INSERT INTO movie_projections (id, projection_date, projection_time, cinema_hall_id, movie_id, created_at, updated_at) VALUES ('c319537c-f4cc-4643-9b88-94a274022556', '2026-03-25', '10:00:00', '83abf7cb-f1e0-4557-89cd-354bb575262b', '56db7fa7-c6f8-4a76-a591-32df0fe21e87', '2026-02-02T03:58:03.538391', '2026-02-02T03:58:03.538391');
INSERT INTO movie_projections (id, projection_date, projection_time, cinema_hall_id, movie_id, created_at, updated_at) VALUES ('2a153b0e-6c21-4643-b2c6-27a1bacf55a7', '2026-04-24', '13:00:00', 'e7f9e0aa-25c6-4656-a785-24a7c64ae6f7', '56db7fa7-c6f8-4a76-a591-32df0fe21e87', '2026-02-02T03:58:03.538441', '2026-02-02T03:58:03.538441');
INSERT INTO movie_projections (id, projection_date, projection_time, cinema_hall_id, movie_id, created_at, updated_at) VALUES ('d9e7cb7f-62b2-495e-b76c-c910d699ed81', '2026-05-23', '16:00:00', 'e7f9e0aa-25c6-4656-a785-24a7c64ae6f7', '56db7fa7-c6f8-4a76-a591-32df0fe21e87', '2026-02-02T03:58:03.538485', '2026-02-02T03:58:03.538485');
INSERT INTO movie_projections (id, projection_date, projection_time, cinema_hall_id, movie_id, created_at, updated_at) VALUES ('2c6bddae-fc45-4d32-a99b-b933e0aa9dbe', '2026-05-02', '16:00:00', '0330ebe1-b742-4d72-8cd5-e6cbc1b178df', '56db7fa7-c6f8-4a76-a591-32df0fe21e87', '2026-02-02T03:58:03.538532', '2026-02-02T03:58:03.538532');
INSERT INTO movie_projections (id, projection_date, projection_time, cinema_hall_id, movie_id, created_at, updated_at) VALUES ('183fc773-bf4c-4152-8e28-a32984a24c42', '2026-07-03', '10:00:00', '83abf7cb-f1e0-4557-89cd-354bb575262b', '56db7fa7-c6f8-4a76-a591-32df0fe21e87', '2026-02-02T03:58:03.538578', '2026-02-02T03:58:03.538578');
INSERT INTO movie_projections (id, projection_date, projection_time, cinema_hall_id, movie_id, created_at, updated_at) VALUES ('f7b9c88d-c34b-421c-b21e-f1452d09e17e', '2026-04-28', '13:00:00', 'dc9298a8-a343-4ff6-a811-bccf5aa5db8f', '56db7fa7-c6f8-4a76-a591-32df0fe21e87', '2026-02-02T03:58:03.538641', '2026-02-02T03:58:03.538641');
INSERT INTO movie_projections (id, projection_date, projection_time, cinema_hall_id, movie_id, created_at, updated_at) VALUES ('7823e65c-487d-491f-a75d-98c8ff4060e6', '2026-04-24', '16:00:00', '9f106868-b214-4da4-958c-98f47eac54e2', '56db7fa7-c6f8-4a76-a591-32df0fe21e87', '2026-02-02T03:58:03.538698', '2026-02-02T03:58:03.538698');
INSERT INTO movie_projections (id, projection_date, projection_time, cinema_hall_id, movie_id, created_at, updated_at) VALUES ('c2762cbc-0e74-4589-8f3f-c8660a9e0a12', '2026-05-20', '19:00:00', 'ff03477d-db27-4d57-bd3b-e06ed1bcdb87', '56db7fa7-c6f8-4a76-a591-32df0fe21e87', '2026-02-02T03:58:03.538746', '2026-02-02T03:58:03.538746');
INSERT INTO movie_projections (id, projection_date, projection_time, cinema_hall_id, movie_id, created_at, updated_at) VALUES ('d0420d19-8f33-419a-95ea-d13948b3ac66', '2026-04-11', '13:00:00', '09725c82-8bbe-48ce-bc29-31b7513f46f6', '56db7fa7-c6f8-4a76-a591-32df0fe21e87', '2026-02-02T03:58:03.538791', '2026-02-02T03:58:03.538791');
INSERT INTO movie_projections (id, projection_date, projection_time, cinema_hall_id, movie_id, created_at, updated_at) VALUES ('30d3da17-8568-4f43-9cdc-008fec7089be', '2026-06-20', '13:00:00', 'dc9298a8-a343-4ff6-a811-bccf5aa5db8f', '56db7fa7-c6f8-4a76-a591-32df0fe21e87', '2026-02-02T03:58:03.538843', '2026-02-02T03:58:03.538843');
INSERT INTO movie_projections (id, projection_date, projection_time, cinema_hall_id, movie_id, created_at, updated_at) VALUES ('e315feee-054a-4f82-b46d-e28029285869', '2026-07-06', '13:00:00', 'ff03477d-db27-4d57-bd3b-e06ed1bcdb87', '56db7fa7-c6f8-4a76-a591-32df0fe21e87', '2026-02-02T03:58:03.538892', '2026-02-02T03:58:03.538892');
INSERT INTO movie_projections (id, projection_date, projection_time, cinema_hall_id, movie_id, created_at, updated_at) VALUES ('c7e58dc2-fb3e-4566-be22-028a032bdc29', '2026-05-08', '19:00:00', 'f308a6cd-7db0-4e8f-9086-3b368ff8b91a', '56db7fa7-c6f8-4a76-a591-32df0fe21e87', '2026-02-02T03:58:03.538940', '2026-02-02T03:58:03.538940');
INSERT INTO movie_projections (id, projection_date, projection_time, cinema_hall_id, movie_id, created_at, updated_at) VALUES ('cb4980f1-c071-43e3-a42d-65433b968ec7', '2026-06-16', '10:00:00', 'd1c9716d-3ece-4d7a-b937-f3a554bc32e4', '56db7fa7-c6f8-4a76-a591-32df0fe21e87', '2026-02-02T03:58:03.538989', '2026-02-02T03:58:03.538989');
INSERT INTO movie_projections (id, projection_date, projection_time, cinema_hall_id, movie_id, created_at, updated_at) VALUES ('4fb69fb0-3d0f-4f46-b8e9-5814f4434b65', '2026-06-23', '19:00:00', 'd1c9716d-3ece-4d7a-b937-f3a554bc32e4', '56db7fa7-c6f8-4a76-a591-32df0fe21e87', '2026-02-02T03:58:03.539042', '2026-02-02T03:58:03.539042');
INSERT INTO movie_projections (id, projection_date, projection_time, cinema_hall_id, movie_id, created_at, updated_at) VALUES ('5132161a-f6dc-4a7a-a1e8-c13cbb979882', '2026-05-01', '13:00:00', 'ff03477d-db27-4d57-bd3b-e06ed1bcdb87', '56db7fa7-c6f8-4a76-a591-32df0fe21e87', '2026-02-02T03:58:03.539090', '2026-02-02T03:58:03.539090');
INSERT INTO movie_projections (id, projection_date, projection_time, cinema_hall_id, movie_id, created_at, updated_at) VALUES ('b032fb49-b3d6-49cd-822f-43770a3779f3', '2026-04-24', '10:00:00', '09725c82-8bbe-48ce-bc29-31b7513f46f6', '56db7fa7-c6f8-4a76-a591-32df0fe21e87', '2026-02-02T03:58:03.539147', '2026-02-02T03:58:03.539147');
INSERT INTO movie_projections (id, projection_date, projection_time, cinema_hall_id, movie_id, created_at, updated_at) VALUES ('a37580bd-872e-435c-b71a-ccaa0c0e8f08', '2026-07-02', '13:00:00', 'ff03477d-db27-4d57-bd3b-e06ed1bcdb87', '56db7fa7-c6f8-4a76-a591-32df0fe21e87', '2026-02-02T03:58:03.539215', '2026-02-02T03:58:03.539215');
INSERT INTO movie_projections (id, projection_date, projection_time, cinema_hall_id, movie_id, created_at, updated_at) VALUES ('7893ccf8-9414-4109-97cc-1fd57baab148', '2026-05-21', '13:00:00', 'dc9298a8-a343-4ff6-a811-bccf5aa5db8f', '56db7fa7-c6f8-4a76-a591-32df0fe21e87', '2026-02-02T03:58:03.539270', '2026-02-02T03:58:03.539270');
INSERT INTO movie_projections (id, projection_date, projection_time, cinema_hall_id, movie_id, created_at, updated_at) VALUES ('d19c6a0c-8ea0-4d09-8f89-00904883155a', '2026-05-26', '16:00:00', '7bdfa823-58a4-4bc5-8b5f-d3df3b599359', '56db7fa7-c6f8-4a76-a591-32df0fe21e87', '2026-02-02T03:58:03.539328', '2026-02-02T03:58:03.539328');
INSERT INTO movie_projections (id, projection_date, projection_time, cinema_hall_id, movie_id, created_at, updated_at) VALUES ('7c0cc977-a74f-499b-88fe-b400e6ca1d78', '2026-05-08', '10:00:00', '0330ebe1-b742-4d72-8cd5-e6cbc1b178df', '56db7fa7-c6f8-4a76-a591-32df0fe21e87', '2026-02-02T03:58:03.539376', '2026-02-02T03:58:03.539376');
INSERT INTO movie_projections (id, projection_date, projection_time, cinema_hall_id, movie_id, created_at, updated_at) VALUES ('9a244e3c-f784-46ad-8702-5375df6204a4', '2026-05-23', '16:00:00', '17edc49a-9fa2-4dde-86b1-711e17e03602', '56db7fa7-c6f8-4a76-a591-32df0fe21e87', '2026-02-02T03:58:03.539424', '2026-02-02T03:58:03.539424');
INSERT INTO movie_projections (id, projection_date, projection_time, cinema_hall_id, movie_id, created_at, updated_at) VALUES ('ea638963-c93b-4b71-94de-e951fe5b9f2e', '2026-05-26', '16:00:00', 'e7f9e0aa-25c6-4656-a785-24a7c64ae6f7', '56db7fa7-c6f8-4a76-a591-32df0fe21e87', '2026-02-02T03:58:03.539481', '2026-02-02T03:58:03.539481');
INSERT INTO movie_projections (id, projection_date, projection_time, cinema_hall_id, movie_id, created_at, updated_at) VALUES ('99d64e08-10ec-442a-a875-f379a94de131', '2026-07-01', '19:00:00', '9f106868-b214-4da4-958c-98f47eac54e2', '56db7fa7-c6f8-4a76-a591-32df0fe21e87', '2026-02-02T03:58:03.539538', '2026-02-02T03:58:03.539538');
INSERT INTO movie_projections (id, projection_date, projection_time, cinema_hall_id, movie_id, created_at, updated_at) VALUES ('9f3b9122-49f1-4a14-a829-fd8e244e9ef7', '2026-05-02', '19:00:00', '0330ebe1-b742-4d72-8cd5-e6cbc1b178df', 'c372f0a7-2e85-4dd7-a975-0e7bc820e4f7', '2026-02-02T03:58:03.539592', '2026-02-02T03:58:03.539592');
INSERT INTO movie_projections (id, projection_date, projection_time, cinema_hall_id, movie_id, created_at, updated_at) VALUES ('ef1ff843-86e4-41d5-ac4b-b3c43ae0cf92', '2026-06-14', '13:00:00', '83abf7cb-f1e0-4557-89cd-354bb575262b', 'c372f0a7-2e85-4dd7-a975-0e7bc820e4f7', '2026-02-02T03:58:03.539642', '2026-02-02T03:58:03.539642');
INSERT INTO movie_projections (id, projection_date, projection_time, cinema_hall_id, movie_id, created_at, updated_at) VALUES ('b6c66038-e3e2-4c6d-9788-8c411f8c692a', '2026-06-18', '19:00:00', 'ff03477d-db27-4d57-bd3b-e06ed1bcdb87', 'c372f0a7-2e85-4dd7-a975-0e7bc820e4f7', '2026-02-02T03:58:03.539693', '2026-02-02T03:58:03.539693');
INSERT INTO movie_projections (id, projection_date, projection_time, cinema_hall_id, movie_id, created_at, updated_at) VALUES ('59a4b54c-26ca-4d1c-8ff2-fccd08cb14f9', '2026-06-02', '10:00:00', 'd1c9716d-3ece-4d7a-b937-f3a554bc32e4', 'c372f0a7-2e85-4dd7-a975-0e7bc820e4f7', '2026-02-02T03:58:03.539749', '2026-02-02T03:58:03.539749');
INSERT INTO movie_projections (id, projection_date, projection_time, cinema_hall_id, movie_id, created_at, updated_at) VALUES ('1503e0ff-ccda-468c-bb35-d2d85eaea196', '2026-07-01', '13:00:00', '17edc49a-9fa2-4dde-86b1-711e17e03602', 'c372f0a7-2e85-4dd7-a975-0e7bc820e4f7', '2026-02-02T03:58:03.539795', '2026-02-02T03:58:03.539795');
INSERT INTO movie_projections (id, projection_date, projection_time, cinema_hall_id, movie_id, created_at, updated_at) VALUES ('44bbfb4e-5ead-47da-926c-721793d51f89', '2026-04-20', '16:00:00', '17edc49a-9fa2-4dde-86b1-711e17e03602', 'c372f0a7-2e85-4dd7-a975-0e7bc820e4f7', '2026-02-02T03:58:03.539842', '2026-02-02T03:58:03.539842');
INSERT INTO movie_projections (id, projection_date, projection_time, cinema_hall_id, movie_id, created_at, updated_at) VALUES ('7000b8f9-15d6-4052-8f28-93cfd7c17b8a', '2026-05-26', '10:00:00', '17edc49a-9fa2-4dde-86b1-711e17e03602', 'c372f0a7-2e85-4dd7-a975-0e7bc820e4f7', '2026-02-02T03:58:03.539892', '2026-02-02T03:58:03.539892');
INSERT INTO movie_projections (id, projection_date, projection_time, cinema_hall_id, movie_id, created_at, updated_at) VALUES ('55d55f2e-0211-42c8-996f-c8b868ecd577', '2026-05-02', '13:00:00', '7bdfa823-58a4-4bc5-8b5f-d3df3b599359', 'c372f0a7-2e85-4dd7-a975-0e7bc820e4f7', '2026-02-02T03:58:03.539941', '2026-02-02T03:58:03.539941');
INSERT INTO movie_projections (id, projection_date, projection_time, cinema_hall_id, movie_id, created_at, updated_at) VALUES ('9e962cd7-8c36-4bee-b19e-8c1d83edf2f4', '2026-06-10', '13:00:00', 'd1c9716d-3ece-4d7a-b937-f3a554bc32e4', 'c372f0a7-2e85-4dd7-a975-0e7bc820e4f7', '2026-02-02T03:58:03.539990', '2026-02-02T03:58:03.539990');
INSERT INTO movie_projections (id, projection_date, projection_time, cinema_hall_id, movie_id, created_at, updated_at) VALUES ('a0219102-c7a2-4791-b929-881094339213', '2026-06-15', '10:00:00', 'e7f9e0aa-25c6-4656-a785-24a7c64ae6f7', 'c372f0a7-2e85-4dd7-a975-0e7bc820e4f7', '2026-02-02T03:58:03.540042', '2026-02-02T03:58:03.540042');
INSERT INTO movie_projections (id, projection_date, projection_time, cinema_hall_id, movie_id, created_at, updated_at) VALUES ('bed72a72-1e3b-451b-b081-f81e79446810', '2026-04-17', '13:00:00', 'f308a6cd-7db0-4e8f-9086-3b368ff8b91a', 'c372f0a7-2e85-4dd7-a975-0e7bc820e4f7', '2026-02-02T03:58:03.540096', '2026-02-02T03:58:03.540096');
INSERT INTO movie_projections (id, projection_date, projection_time, cinema_hall_id, movie_id, created_at, updated_at) VALUES ('40438d6a-649e-4cda-9f5b-a53df19012b0', '2026-05-16', '19:00:00', '7bdfa823-58a4-4bc5-8b5f-d3df3b599359', 'c372f0a7-2e85-4dd7-a975-0e7bc820e4f7', '2026-02-02T03:58:03.540141', '2026-02-02T03:58:03.540141');
INSERT INTO movie_projections (id, projection_date, projection_time, cinema_hall_id, movie_id, created_at, updated_at) VALUES ('c7a43b43-2a81-4e76-9961-524bc8e98725', '2026-04-19', '19:00:00', '0330ebe1-b742-4d72-8cd5-e6cbc1b178df', 'c372f0a7-2e85-4dd7-a975-0e7bc820e4f7', '2026-02-02T03:58:03.540187', '2026-02-02T03:58:03.540187');
INSERT INTO movie_projections (id, projection_date, projection_time, cinema_hall_id, movie_id, created_at, updated_at) VALUES ('51b211c2-9e99-4b5c-ba42-3ce949059281', '2026-04-17', '10:00:00', '9f106868-b214-4da4-958c-98f47eac54e2', 'c372f0a7-2e85-4dd7-a975-0e7bc820e4f7', '2026-02-02T03:58:03.540256', '2026-02-02T03:58:03.540256');
INSERT INTO movie_projections (id, projection_date, projection_time, cinema_hall_id, movie_id, created_at, updated_at) VALUES ('ee791a1f-6172-4ba8-814e-574968987a42', '2026-05-16', '10:00:00', '0330ebe1-b742-4d72-8cd5-e6cbc1b178df', 'c372f0a7-2e85-4dd7-a975-0e7bc820e4f7', '2026-02-02T03:58:03.540314', '2026-02-02T03:58:03.540314');
INSERT INTO movie_projections (id, projection_date, projection_time, cinema_hall_id, movie_id, created_at, updated_at) VALUES ('e1024d72-7c37-4efd-aef0-4998af486dcb', '2026-05-04', '13:00:00', '0330ebe1-b742-4d72-8cd5-e6cbc1b178df', 'c372f0a7-2e85-4dd7-a975-0e7bc820e4f7', '2026-02-02T03:58:03.540372', '2026-02-02T03:58:03.540372');
INSERT INTO movie_projections (id, projection_date, projection_time, cinema_hall_id, movie_id, created_at, updated_at) VALUES ('5473a318-83e2-4d1b-a2d2-cdf0e30d6b1b', '2026-05-25', '10:00:00', 'dc9298a8-a343-4ff6-a811-bccf5aa5db8f', 'c372f0a7-2e85-4dd7-a975-0e7bc820e4f7', '2026-02-02T03:58:03.540420', '2026-02-02T03:58:03.540420');
INSERT INTO movie_projections (id, projection_date, projection_time, cinema_hall_id, movie_id, created_at, updated_at) VALUES ('0b3d56e1-c4ea-4206-9e99-57fd86d4346d', '2026-06-09', '16:00:00', 'f308a6cd-7db0-4e8f-9086-3b368ff8b91a', 'c372f0a7-2e85-4dd7-a975-0e7bc820e4f7', '2026-02-02T03:58:03.540468', '2026-02-02T03:58:03.540468');
INSERT INTO movie_projections (id, projection_date, projection_time, cinema_hall_id, movie_id, created_at, updated_at) VALUES ('57fd9105-909a-4170-9754-a246f86818ed', '2026-05-09', '19:00:00', '9f106868-b214-4da4-958c-98f47eac54e2', 'c372f0a7-2e85-4dd7-a975-0e7bc820e4f7', '2026-02-02T03:58:03.540525', '2026-02-02T03:58:03.540525');
INSERT INTO movie_projections (id, projection_date, projection_time, cinema_hall_id, movie_id, created_at, updated_at) VALUES ('7ff164a9-963f-45cf-934c-76d114664538', '2026-06-09', '10:00:00', '9f106868-b214-4da4-958c-98f47eac54e2', 'c372f0a7-2e85-4dd7-a975-0e7bc820e4f7', '2026-02-02T03:58:03.540573', '2026-02-02T03:58:03.540573');
INSERT INTO movie_projections (id, projection_date, projection_time, cinema_hall_id, movie_id, created_at, updated_at) VALUES ('1e0ea612-5217-4443-b5a6-9eae0c6c58a4', '2026-06-15', '16:00:00', '09725c82-8bbe-48ce-bc29-31b7513f46f6', 'c372f0a7-2e85-4dd7-a975-0e7bc820e4f7', '2026-02-02T03:58:03.540621', '2026-02-02T03:58:03.540621');
INSERT INTO movie_projections (id, projection_date, projection_time, cinema_hall_id, movie_id, created_at, updated_at) VALUES ('9c5482ee-3fc4-4319-83e0-5346f35f23cd', '2026-06-27', '16:00:00', '7bdfa823-58a4-4bc5-8b5f-d3df3b599359', 'c372f0a7-2e85-4dd7-a975-0e7bc820e4f7', '2026-02-02T03:58:03.540673', '2026-02-02T03:58:03.540673');
INSERT INTO movie_projections (id, projection_date, projection_time, cinema_hall_id, movie_id, created_at, updated_at) VALUES ('871882f2-d5dc-449c-bc6f-2efaec01527b', '2026-06-28', '10:00:00', 'ff03477d-db27-4d57-bd3b-e06ed1bcdb87', 'c372f0a7-2e85-4dd7-a975-0e7bc820e4f7', '2026-02-02T03:58:03.540724', '2026-02-02T03:58:03.540724');
INSERT INTO movie_projections (id, projection_date, projection_time, cinema_hall_id, movie_id, created_at, updated_at) VALUES ('73d7fb1a-8e4a-4d8a-bc65-8a8421221d65', '2026-05-04', '13:00:00', '17edc49a-9fa2-4dde-86b1-711e17e03602', 'c372f0a7-2e85-4dd7-a975-0e7bc820e4f7', '2026-02-02T03:58:03.540772', '2026-02-02T03:58:03.540772');
INSERT INTO movie_projections (id, projection_date, projection_time, cinema_hall_id, movie_id, created_at, updated_at) VALUES ('d227d26e-1e3b-49d1-9036-08e2efba94a2', '2026-06-02', '19:00:00', 'd1c9716d-3ece-4d7a-b937-f3a554bc32e4', 'c372f0a7-2e85-4dd7-a975-0e7bc820e4f7', '2026-02-02T03:58:03.540829', '2026-02-02T03:58:03.540829');
INSERT INTO movie_projections (id, projection_date, projection_time, cinema_hall_id, movie_id, created_at, updated_at) VALUES ('c77afe68-ebc7-4d5d-a038-457a7b62cd1b', '2026-04-22', '16:00:00', '17edc49a-9fa2-4dde-86b1-711e17e03602', 'c372f0a7-2e85-4dd7-a975-0e7bc820e4f7', '2026-02-02T03:58:03.540882', '2026-02-02T03:58:03.540882');
INSERT INTO movie_projections (id, projection_date, projection_time, cinema_hall_id, movie_id, created_at, updated_at) VALUES ('35300dae-4d64-43d1-a505-f8b4453ffb52', '2026-04-20', '10:00:00', 'ff03477d-db27-4d57-bd3b-e06ed1bcdb87', 'c372f0a7-2e85-4dd7-a975-0e7bc820e4f7', '2026-02-02T03:58:03.540940', '2026-02-02T03:58:03.540940');
INSERT INTO movie_projections (id, projection_date, projection_time, cinema_hall_id, movie_id, created_at, updated_at) VALUES ('89b5c512-d653-4c48-b0f1-d7161af1d2ae', '2026-06-03', '10:00:00', '0330ebe1-b742-4d72-8cd5-e6cbc1b178df', 'c372f0a7-2e85-4dd7-a975-0e7bc820e4f7', '2026-02-02T03:58:03.540988', '2026-02-02T03:58:03.540988');
INSERT INTO movie_projections (id, projection_date, projection_time, cinema_hall_id, movie_id, created_at, updated_at) VALUES ('684fe8f4-d9a2-4968-b309-9ce254846698', '2026-04-27', '16:00:00', '09725c82-8bbe-48ce-bc29-31b7513f46f6', 'c372f0a7-2e85-4dd7-a975-0e7bc820e4f7', '2026-02-02T03:58:03.541041', '2026-02-02T03:58:03.541041');
INSERT INTO movie_projections (id, projection_date, projection_time, cinema_hall_id, movie_id, created_at, updated_at) VALUES ('deb4380b-adec-4713-8549-b1213ee3fe38', '2026-06-11', '19:00:00', '7bdfa823-58a4-4bc5-8b5f-d3df3b599359', 'c372f0a7-2e85-4dd7-a975-0e7bc820e4f7', '2026-02-02T03:58:03.541093', '2026-02-02T03:58:03.541093');
INSERT INTO movie_projections (id, projection_date, projection_time, cinema_hall_id, movie_id, created_at, updated_at) VALUES ('76ac1fd8-5933-43f1-a415-bc3dbb1d71b8', '2026-05-08', '13:00:00', '17edc49a-9fa2-4dde-86b1-711e17e03602', 'c372f0a7-2e85-4dd7-a975-0e7bc820e4f7', '2026-02-02T03:58:03.541142', '2026-02-02T03:58:03.541142');
INSERT INTO movie_projections (id, projection_date, projection_time, cinema_hall_id, movie_id, created_at, updated_at) VALUES ('a2aa8fd4-0484-439e-9f4b-b12c00d03b40', '2026-06-25', '10:00:00', 'ff03477d-db27-4d57-bd3b-e06ed1bcdb87', 'c372f0a7-2e85-4dd7-a975-0e7bc820e4f7', '2026-02-02T03:58:03.541188', '2026-02-02T03:58:03.541188');
INSERT INTO movie_projections (id, projection_date, projection_time, cinema_hall_id, movie_id, created_at, updated_at) VALUES ('323a6801-8a9c-4b6d-ac2a-3d033455b4c6', '2026-05-27', '19:00:00', '7bdfa823-58a4-4bc5-8b5f-d3df3b599359', 'c372f0a7-2e85-4dd7-a975-0e7bc820e4f7', '2026-02-02T03:58:03.541251', '2026-02-02T03:58:03.541251');
INSERT INTO movie_projections (id, projection_date, projection_time, cinema_hall_id, movie_id, created_at, updated_at) VALUES ('180d67b4-bb92-4919-949b-2c0f5a70da55', '2026-04-29', '13:00:00', 'ff03477d-db27-4d57-bd3b-e06ed1bcdb87', 'c372f0a7-2e85-4dd7-a975-0e7bc820e4f7', '2026-02-02T03:58:03.541300', '2026-02-02T03:58:03.541300');
INSERT INTO movie_projections (id, projection_date, projection_time, cinema_hall_id, movie_id, created_at, updated_at) VALUES ('ee0023b7-2181-49fa-8738-c213e7b7d28c', '2026-04-18', '19:00:00', 'ff03477d-db27-4d57-bd3b-e06ed1bcdb87', 'c372f0a7-2e85-4dd7-a975-0e7bc820e4f7', '2026-02-02T03:58:03.541357', '2026-02-02T03:58:03.541357');
INSERT INTO movie_projections (id, projection_date, projection_time, cinema_hall_id, movie_id, created_at, updated_at) VALUES ('6c0913c5-9437-4aac-8f10-00eba2b68afa', '2026-05-02', '10:00:00', '0330ebe1-b742-4d72-8cd5-e6cbc1b178df', 'c372f0a7-2e85-4dd7-a975-0e7bc820e4f7', '2026-02-02T03:58:03.541402', '2026-02-02T03:58:03.541402');
INSERT INTO movie_projections (id, projection_date, projection_time, cinema_hall_id, movie_id, created_at, updated_at) VALUES ('84b0ec0e-6d25-4a02-a396-1203b1a12b74', '2026-04-24', '16:00:00', '0330ebe1-b742-4d72-8cd5-e6cbc1b178df', 'c372f0a7-2e85-4dd7-a975-0e7bc820e4f7', '2026-02-02T03:58:03.541446', '2026-02-02T03:58:03.541446');
INSERT INTO movie_projections (id, projection_date, projection_time, cinema_hall_id, movie_id, created_at, updated_at) VALUES ('2dd0bf24-18b9-4e68-9019-9e800b49cc19', '2026-04-22', '13:00:00', 'dc9298a8-a343-4ff6-a811-bccf5aa5db8f', 'c372f0a7-2e85-4dd7-a975-0e7bc820e4f7', '2026-02-02T03:58:03.541491', '2026-02-02T03:58:03.541491');
INSERT INTO movie_projections (id, projection_date, projection_time, cinema_hall_id, movie_id, created_at, updated_at) VALUES ('f363763f-5122-4cfd-bd16-1774bae0ce9f', '2026-06-13', '19:00:00', 'e7f9e0aa-25c6-4656-a785-24a7c64ae6f7', 'c372f0a7-2e85-4dd7-a975-0e7bc820e4f7', '2026-02-02T03:58:03.541535', '2026-02-02T03:58:03.541535');
INSERT INTO movie_projections (id, projection_date, projection_time, cinema_hall_id, movie_id, created_at, updated_at) VALUES ('89b2cefe-b42d-4d7d-ab76-f31f8a1ef591', '2026-04-22', '13:00:00', '83abf7cb-f1e0-4557-89cd-354bb575262b', 'c372f0a7-2e85-4dd7-a975-0e7bc820e4f7', '2026-02-02T03:58:03.541579', '2026-02-02T03:58:03.541579');
INSERT INTO movie_projections (id, projection_date, projection_time, cinema_hall_id, movie_id, created_at, updated_at) VALUES ('89a47dfa-b8a7-492d-b9ba-4702fbeade2f', '2026-07-01', '13:00:00', 'dc9298a8-a343-4ff6-a811-bccf5aa5db8f', '281234a7-5f9e-41c4-98a0-628ad2cf4036', '2026-02-02T03:58:03.541628', '2026-02-02T03:58:03.541628');
INSERT INTO movie_projections (id, projection_date, projection_time, cinema_hall_id, movie_id, created_at, updated_at) VALUES ('c522ccbd-fe93-4064-a45e-6554b4ebbb81', '2026-05-31', '16:00:00', '83abf7cb-f1e0-4557-89cd-354bb575262b', '281234a7-5f9e-41c4-98a0-628ad2cf4036', '2026-02-02T03:58:03.541672', '2026-02-02T03:58:03.541672');
INSERT INTO movie_projections (id, projection_date, projection_time, cinema_hall_id, movie_id, created_at, updated_at) VALUES ('66be0d4f-a8a9-40ed-8bf3-04c0080456e8', '2026-05-28', '19:00:00', 'dc9298a8-a343-4ff6-a811-bccf5aa5db8f', '281234a7-5f9e-41c4-98a0-628ad2cf4036', '2026-02-02T03:58:03.541721', '2026-02-02T03:58:03.541721');
INSERT INTO movie_projections (id, projection_date, projection_time, cinema_hall_id, movie_id, created_at, updated_at) VALUES ('f8975028-0263-4c20-9c9b-65c58415d8db', '2026-04-14', '19:00:00', 'f308a6cd-7db0-4e8f-9086-3b368ff8b91a', '281234a7-5f9e-41c4-98a0-628ad2cf4036', '2026-02-02T03:58:03.541765', '2026-02-02T03:58:03.541765');
INSERT INTO movie_projections (id, projection_date, projection_time, cinema_hall_id, movie_id, created_at, updated_at) VALUES ('5f8601b3-f74e-46cf-bab4-657c3a9592db', '2026-05-04', '19:00:00', 'dc9298a8-a343-4ff6-a811-bccf5aa5db8f', '281234a7-5f9e-41c4-98a0-628ad2cf4036', '2026-02-02T03:58:03.541809', '2026-02-02T03:58:03.541809');
INSERT INTO movie_projections (id, projection_date, projection_time, cinema_hall_id, movie_id, created_at, updated_at) VALUES ('5d300f87-eb17-4681-9fe7-664f67e63544', '2026-06-10', '10:00:00', 'e7f9e0aa-25c6-4656-a785-24a7c64ae6f7', '281234a7-5f9e-41c4-98a0-628ad2cf4036', '2026-02-02T03:58:03.541863', '2026-02-02T03:58:03.541863');
INSERT INTO movie_projections (id, projection_date, projection_time, cinema_hall_id, movie_id, created_at, updated_at) VALUES ('9c491deb-8f7b-43c3-8816-702a1c2c3204', '2026-04-23', '13:00:00', '17edc49a-9fa2-4dde-86b1-711e17e03602', '281234a7-5f9e-41c4-98a0-628ad2cf4036', '2026-02-02T03:58:03.541908', '2026-02-02T03:58:03.541908');
INSERT INTO movie_projections (id, projection_date, projection_time, cinema_hall_id, movie_id, created_at, updated_at) VALUES ('784598b1-5c64-48fd-bfbe-402831bf12f4', '2026-06-14', '16:00:00', 'e7f9e0aa-25c6-4656-a785-24a7c64ae6f7', '281234a7-5f9e-41c4-98a0-628ad2cf4036', '2026-02-02T03:58:03.541966', '2026-02-02T03:58:03.541966');
INSERT INTO movie_projections (id, projection_date, projection_time, cinema_hall_id, movie_id, created_at, updated_at) VALUES ('8dddb072-1d54-4efc-800a-33f977c1ced5', '2026-06-14', '10:00:00', '0330ebe1-b742-4d72-8cd5-e6cbc1b178df', '281234a7-5f9e-41c4-98a0-628ad2cf4036', '2026-02-02T03:58:03.542011', '2026-02-02T03:58:03.542011');
INSERT INTO movie_projections (id, projection_date, projection_time, cinema_hall_id, movie_id, created_at, updated_at) VALUES ('ac51a333-adf2-46b3-9612-04ff58ad2a43', '2026-05-03', '13:00:00', 'dc9298a8-a343-4ff6-a811-bccf5aa5db8f', '281234a7-5f9e-41c4-98a0-628ad2cf4036', '2026-02-02T03:58:03.542058', '2026-02-02T03:58:03.542058');
INSERT INTO movie_projections (id, projection_date, projection_time, cinema_hall_id, movie_id, created_at, updated_at) VALUES ('85f79796-d89c-4333-847a-0be5753f672e', '2026-04-20', '13:00:00', 'd1c9716d-3ece-4d7a-b937-f3a554bc32e4', '281234a7-5f9e-41c4-98a0-628ad2cf4036', '2026-02-02T03:58:03.542109', '2026-02-02T03:58:03.542109');
INSERT INTO movie_projections (id, projection_date, projection_time, cinema_hall_id, movie_id, created_at, updated_at) VALUES ('c4302c3c-7d90-404f-9ce5-a1a172a631d0', '2026-05-01', '13:00:00', 'd1c9716d-3ece-4d7a-b937-f3a554bc32e4', '281234a7-5f9e-41c4-98a0-628ad2cf4036', '2026-02-02T03:58:03.542162', '2026-02-02T03:58:03.542162');
INSERT INTO movie_projections (id, projection_date, projection_time, cinema_hall_id, movie_id, created_at, updated_at) VALUES ('e00d7d7c-0592-4d29-a8aa-da7635daa721', '2026-05-14', '19:00:00', '9f106868-b214-4da4-958c-98f47eac54e2', '281234a7-5f9e-41c4-98a0-628ad2cf4036', '2026-02-02T03:58:03.542218', '2026-02-02T03:58:03.542218');
INSERT INTO movie_projections (id, projection_date, projection_time, cinema_hall_id, movie_id, created_at, updated_at) VALUES ('9ef13f37-a764-4249-a0d6-c6edef32c4cf', '2026-04-15', '10:00:00', 'ff03477d-db27-4d57-bd3b-e06ed1bcdb87', '281234a7-5f9e-41c4-98a0-628ad2cf4036', '2026-02-02T03:58:03.542263', '2026-02-02T03:58:03.542263');
INSERT INTO movie_projections (id, projection_date, projection_time, cinema_hall_id, movie_id, created_at, updated_at) VALUES ('6fbed1d6-336b-4d31-88e9-56b78afe549d', '2026-05-25', '13:00:00', '09725c82-8bbe-48ce-bc29-31b7513f46f6', '281234a7-5f9e-41c4-98a0-628ad2cf4036', '2026-02-02T03:58:03.542307', '2026-02-02T03:58:03.542307');
INSERT INTO movie_projections (id, projection_date, projection_time, cinema_hall_id, movie_id, created_at, updated_at) VALUES ('733fd9d5-61c9-472e-9221-eb2fcf9a6590', '2026-06-06', '13:00:00', 'e7f9e0aa-25c6-4656-a785-24a7c64ae6f7', '281234a7-5f9e-41c4-98a0-628ad2cf4036', '2026-02-02T03:58:03.542356', '2026-02-02T03:58:03.542356');
INSERT INTO movie_projections (id, projection_date, projection_time, cinema_hall_id, movie_id, created_at, updated_at) VALUES ('6f5420e1-1af0-4f17-b9cb-5b7ff5288ce3', '2026-05-08', '13:00:00', '17edc49a-9fa2-4dde-86b1-711e17e03602', '281234a7-5f9e-41c4-98a0-628ad2cf4036', '2026-02-02T03:58:03.542402', '2026-02-02T03:58:03.542402');
INSERT INTO movie_projections (id, projection_date, projection_time, cinema_hall_id, movie_id, created_at, updated_at) VALUES ('7fbcd3af-d144-4cb3-9940-839f0b2db294', '2026-04-14', '10:00:00', '9f106868-b214-4da4-958c-98f47eac54e2', '281234a7-5f9e-41c4-98a0-628ad2cf4036', '2026-02-02T03:58:03.542446', '2026-02-02T03:58:03.542446');
INSERT INTO movie_projections (id, projection_date, projection_time, cinema_hall_id, movie_id, created_at, updated_at) VALUES ('981ddfaa-8b08-4bee-b8b1-247042b059d4', '2026-06-11', '16:00:00', '09725c82-8bbe-48ce-bc29-31b7513f46f6', '281234a7-5f9e-41c4-98a0-628ad2cf4036', '2026-02-02T03:58:03.542494', '2026-02-02T03:58:03.542494');
INSERT INTO movie_projections (id, projection_date, projection_time, cinema_hall_id, movie_id, created_at, updated_at) VALUES ('cd190827-9ba3-45f1-9746-a5ba54e4cf3f', '2026-06-11', '16:00:00', '9f106868-b214-4da4-958c-98f47eac54e2', '281234a7-5f9e-41c4-98a0-628ad2cf4036', '2026-02-02T03:58:03.542535', '2026-02-02T03:58:03.542535');
INSERT INTO movie_projections (id, projection_date, projection_time, cinema_hall_id, movie_id, created_at, updated_at) VALUES ('dd02b7ca-2910-453e-924d-f4ecb5152d73', '2026-04-12', '10:00:00', 'd1c9716d-3ece-4d7a-b937-f3a554bc32e4', '281234a7-5f9e-41c4-98a0-628ad2cf4036', '2026-02-02T03:58:03.542576', '2026-02-02T03:58:03.542576');
INSERT INTO movie_projections (id, projection_date, projection_time, cinema_hall_id, movie_id, created_at, updated_at) VALUES ('c84f6cb4-c0bb-423b-b593-eb970f8a3ad1', '2026-05-18', '19:00:00', 'e7f9e0aa-25c6-4656-a785-24a7c64ae6f7', '281234a7-5f9e-41c4-98a0-628ad2cf4036', '2026-02-02T03:58:03.542617', '2026-02-02T03:58:03.542617');
INSERT INTO movie_projections (id, projection_date, projection_time, cinema_hall_id, movie_id, created_at, updated_at) VALUES ('1bb551bc-f2e5-4833-bd07-3563193126e2', '2026-07-11', '10:00:00', '09725c82-8bbe-48ce-bc29-31b7513f46f6', '281234a7-5f9e-41c4-98a0-628ad2cf4036', '2026-02-02T03:58:03.542658', '2026-02-02T03:58:03.542658');
INSERT INTO movie_projections (id, projection_date, projection_time, cinema_hall_id, movie_id, created_at, updated_at) VALUES ('9ccbfdc3-c97f-4956-9640-dd183d794196', '2026-05-13', '16:00:00', '9f106868-b214-4da4-958c-98f47eac54e2', '281234a7-5f9e-41c4-98a0-628ad2cf4036', '2026-02-02T03:58:03.542698', '2026-02-02T03:58:03.542698');
INSERT INTO movie_projections (id, projection_date, projection_time, cinema_hall_id, movie_id, created_at, updated_at) VALUES ('8abe519e-9827-4326-95b4-a6bbc60ac13b', '2026-04-17', '10:00:00', 'f308a6cd-7db0-4e8f-9086-3b368ff8b91a', '281234a7-5f9e-41c4-98a0-628ad2cf4036', '2026-02-02T03:58:03.542744', '2026-02-02T03:58:03.542744');
INSERT INTO movie_projections (id, projection_date, projection_time, cinema_hall_id, movie_id, created_at, updated_at) VALUES ('cae010b4-9798-490c-a1ea-c18f74e98810', '2026-05-11', '19:00:00', 'f308a6cd-7db0-4e8f-9086-3b368ff8b91a', '281234a7-5f9e-41c4-98a0-628ad2cf4036', '2026-02-02T03:58:03.542788', '2026-02-02T03:58:03.542788');
INSERT INTO movie_projections (id, projection_date, projection_time, cinema_hall_id, movie_id, created_at, updated_at) VALUES ('ee88d8c2-92b0-44e2-9410-afc9f7fa26fa', '2026-07-02', '10:00:00', 'ff03477d-db27-4d57-bd3b-e06ed1bcdb87', '281234a7-5f9e-41c4-98a0-628ad2cf4036', '2026-02-02T03:58:03.542846', '2026-02-02T03:58:03.542846');
INSERT INTO movie_projections (id, projection_date, projection_time, cinema_hall_id, movie_id, created_at, updated_at) VALUES ('37c266c8-057c-42b2-a75c-7743236d6f9f', '2026-05-02', '16:00:00', '83abf7cb-f1e0-4557-89cd-354bb575262b', '281234a7-5f9e-41c4-98a0-628ad2cf4036', '2026-02-02T03:58:03.542900', '2026-02-02T03:58:03.542900');
INSERT INTO movie_projections (id, projection_date, projection_time, cinema_hall_id, movie_id, created_at, updated_at) VALUES ('7bb21c39-54cd-414b-a4fb-f58ed532215b', '2026-07-13', '16:00:00', 'd1c9716d-3ece-4d7a-b937-f3a554bc32e4', '281234a7-5f9e-41c4-98a0-628ad2cf4036', '2026-02-02T03:58:03.542947', '2026-02-02T03:58:03.542947');
INSERT INTO movie_projections (id, projection_date, projection_time, cinema_hall_id, movie_id, created_at, updated_at) VALUES ('d5ae3b28-4fe0-4582-8ddc-3e9653e687a2', '2026-05-03', '19:00:00', '83abf7cb-f1e0-4557-89cd-354bb575262b', '281234a7-5f9e-41c4-98a0-628ad2cf4036', '2026-02-02T03:58:03.542998', '2026-02-02T03:58:03.542998');
INSERT INTO movie_projections (id, projection_date, projection_time, cinema_hall_id, movie_id, created_at, updated_at) VALUES ('21e2d683-eacd-4b3a-8873-78acd969cdfd', '2026-05-08', '10:00:00', 'e7f9e0aa-25c6-4656-a785-24a7c64ae6f7', '281234a7-5f9e-41c4-98a0-628ad2cf4036', '2026-02-02T03:58:03.543048', '2026-02-02T03:58:03.543048');
INSERT INTO movie_projections (id, projection_date, projection_time, cinema_hall_id, movie_id, created_at, updated_at) VALUES ('41cac4d5-ed67-4ba2-bc75-45533137a3c1', '2026-06-22', '13:00:00', '09725c82-8bbe-48ce-bc29-31b7513f46f6', '281234a7-5f9e-41c4-98a0-628ad2cf4036', '2026-02-02T03:58:03.543099', '2026-02-02T03:58:03.543099');
INSERT INTO movie_projections (id, projection_date, projection_time, cinema_hall_id, movie_id, created_at, updated_at) VALUES ('03f5f074-5c7d-42a2-84f5-e41b1fdcf157', '2026-07-03', '10:00:00', '7bdfa823-58a4-4bc5-8b5f-d3df3b599359', '281234a7-5f9e-41c4-98a0-628ad2cf4036', '2026-02-02T03:58:03.543151', '2026-02-02T03:58:03.543151');
INSERT INTO movie_projections (id, projection_date, projection_time, cinema_hall_id, movie_id, created_at, updated_at) VALUES ('441f7582-e8cf-4b0f-a916-dcb20bfa30d5', '2026-06-27', '16:00:00', 'd1c9716d-3ece-4d7a-b937-f3a554bc32e4', '281234a7-5f9e-41c4-98a0-628ad2cf4036', '2026-02-02T03:58:03.543213', '2026-02-02T03:58:03.543213');
INSERT INTO movie_projections (id, projection_date, projection_time, cinema_hall_id, movie_id, created_at, updated_at) VALUES ('44c59caf-8eac-4a23-8e58-be35b9ea873d', '2026-04-25', '19:00:00', 'ff03477d-db27-4d57-bd3b-e06ed1bcdb87', '281234a7-5f9e-41c4-98a0-628ad2cf4036', '2026-02-02T03:58:03.543270', '2026-02-02T03:58:03.543270');
INSERT INTO movie_projections (id, projection_date, projection_time, cinema_hall_id, movie_id, created_at, updated_at) VALUES ('a1588d70-b196-46e0-bd1a-9a46caa864a6', '2026-05-05', '10:00:00', '17edc49a-9fa2-4dde-86b1-711e17e03602', '281234a7-5f9e-41c4-98a0-628ad2cf4036', '2026-02-02T03:58:03.543323', '2026-02-02T03:58:03.543323');
INSERT INTO movie_projections (id, projection_date, projection_time, cinema_hall_id, movie_id, created_at, updated_at) VALUES ('03401b6b-a9d0-457c-bde7-327e223d009c', '2026-06-25', '13:00:00', 'e7f9e0aa-25c6-4656-a785-24a7c64ae6f7', '281234a7-5f9e-41c4-98a0-628ad2cf4036', '2026-02-02T03:58:03.543378', '2026-02-02T03:58:03.543378');
INSERT INTO movie_projections (id, projection_date, projection_time, cinema_hall_id, movie_id, created_at, updated_at) VALUES ('2c3430c8-a084-49de-977c-aea02899481b', '2026-05-21', '19:00:00', '9f106868-b214-4da4-958c-98f47eac54e2', '281234a7-5f9e-41c4-98a0-628ad2cf4036', '2026-02-02T03:58:03.543423', '2026-02-02T03:58:03.543423');
INSERT INTO movie_projections (id, projection_date, projection_time, cinema_hall_id, movie_id, created_at, updated_at) VALUES ('1dd62c0a-2ec9-4dd8-9226-0aace7cf4fec', '2026-06-15', '13:00:00', '83abf7cb-f1e0-4557-89cd-354bb575262b', '281234a7-5f9e-41c4-98a0-628ad2cf4036', '2026-02-02T03:58:03.543477', '2026-02-02T03:58:03.543477');
INSERT INTO movie_projections (id, projection_date, projection_time, cinema_hall_id, movie_id, created_at, updated_at) VALUES ('6d2d71bd-ab9e-47ba-91c3-f11f3296ffbe', '2026-05-29', '10:00:00', '17edc49a-9fa2-4dde-86b1-711e17e03602', '281234a7-5f9e-41c4-98a0-628ad2cf4036', '2026-02-02T03:58:03.543526', '2026-02-02T03:58:03.543526');
INSERT INTO movie_projections (id, projection_date, projection_time, cinema_hall_id, movie_id, created_at, updated_at) VALUES ('6d3af2c4-6df1-4172-8b9a-1418ef4c6587', '2026-08-27', '13:00:00', '7bdfa823-58a4-4bc5-8b5f-d3df3b599359', 'e1c97029-b934-49ce-a7db-16a7f1ea02fa', '2026-02-02T03:58:03.543587', '2026-02-02T03:58:03.543587');
INSERT INTO movie_projections (id, projection_date, projection_time, cinema_hall_id, movie_id, created_at, updated_at) VALUES ('48596bf0-814c-4bed-a9e2-c431b56dd0ec', '2026-06-06', '19:00:00', 'e7f9e0aa-25c6-4656-a785-24a7c64ae6f7', 'e1c97029-b934-49ce-a7db-16a7f1ea02fa', '2026-02-02T03:58:03.543646', '2026-02-02T03:58:03.543646');
INSERT INTO movie_projections (id, projection_date, projection_time, cinema_hall_id, movie_id, created_at, updated_at) VALUES ('30e8b6b0-4c50-4353-9b09-78ddd416518d', '2026-06-03', '13:00:00', 'd1c9716d-3ece-4d7a-b937-f3a554bc32e4', 'e1c97029-b934-49ce-a7db-16a7f1ea02fa', '2026-02-02T03:58:03.543698', '2026-02-02T03:58:03.543698');
INSERT INTO movie_projections (id, projection_date, projection_time, cinema_hall_id, movie_id, created_at, updated_at) VALUES ('50797425-2a5e-4e69-ad3d-dc03ebb26a8b', '2026-06-20', '19:00:00', 'dc9298a8-a343-4ff6-a811-bccf5aa5db8f', 'e1c97029-b934-49ce-a7db-16a7f1ea02fa', '2026-02-02T03:58:03.543746', '2026-02-02T03:58:03.543746');
INSERT INTO movie_projections (id, projection_date, projection_time, cinema_hall_id, movie_id, created_at, updated_at) VALUES ('00437fa6-5a99-4696-99b1-217e2cd9683d', '2026-07-09', '19:00:00', '09725c82-8bbe-48ce-bc29-31b7513f46f6', 'e1c97029-b934-49ce-a7db-16a7f1ea02fa', '2026-02-02T03:58:03.543797', '2026-02-02T03:58:03.543797');
INSERT INTO movie_projections (id, projection_date, projection_time, cinema_hall_id, movie_id, created_at, updated_at) VALUES ('e6ec4b13-2e6d-4647-9ad6-374fec04d28b', '2026-08-16', '10:00:00', 'f308a6cd-7db0-4e8f-9086-3b368ff8b91a', 'e1c97029-b934-49ce-a7db-16a7f1ea02fa', '2026-02-02T03:58:03.543845', '2026-02-02T03:58:03.543845');
INSERT INTO movie_projections (id, projection_date, projection_time, cinema_hall_id, movie_id, created_at, updated_at) VALUES ('7694a3d7-de78-4f30-acf1-0b359e8d755f', '2026-06-11', '10:00:00', '83abf7cb-f1e0-4557-89cd-354bb575262b', 'e1c97029-b934-49ce-a7db-16a7f1ea02fa', '2026-02-02T03:58:03.543894', '2026-02-02T03:58:03.543894');
INSERT INTO movie_projections (id, projection_date, projection_time, cinema_hall_id, movie_id, created_at, updated_at) VALUES ('633f6a47-9725-40e8-b575-ad4349f263f0', '2026-08-31', '10:00:00', 'f308a6cd-7db0-4e8f-9086-3b368ff8b91a', 'e1c97029-b934-49ce-a7db-16a7f1ea02fa', '2026-02-02T03:58:03.543956', '2026-02-02T03:58:03.543956');
INSERT INTO movie_projections (id, projection_date, projection_time, cinema_hall_id, movie_id, created_at, updated_at) VALUES ('928aa642-13e4-44d1-9072-5b2dc327e813', '2026-07-25', '10:00:00', 'ff03477d-db27-4d57-bd3b-e06ed1bcdb87', 'e1c97029-b934-49ce-a7db-16a7f1ea02fa', '2026-02-02T03:58:03.544006', '2026-02-02T03:58:03.544006');
INSERT INTO movie_projections (id, projection_date, projection_time, cinema_hall_id, movie_id, created_at, updated_at) VALUES ('855ddb62-54bb-4526-a456-6f1b0a7f0a11', '2026-08-08', '19:00:00', '9f106868-b214-4da4-958c-98f47eac54e2', 'e1c97029-b934-49ce-a7db-16a7f1ea02fa', '2026-02-02T03:58:03.544054', '2026-02-02T03:58:03.544054');
INSERT INTO movie_projections (id, projection_date, projection_time, cinema_hall_id, movie_id, created_at, updated_at) VALUES ('ca51b1e3-880c-4c97-a227-aefe2d88c9f2', '2026-08-19', '10:00:00', 'e7f9e0aa-25c6-4656-a785-24a7c64ae6f7', 'e1c97029-b934-49ce-a7db-16a7f1ea02fa', '2026-02-02T03:58:03.544106', '2026-02-02T03:58:03.544106');
INSERT INTO movie_projections (id, projection_date, projection_time, cinema_hall_id, movie_id, created_at, updated_at) VALUES ('5a6eaf5e-da9b-4473-84d9-3d57361c3e6a', '2026-07-07', '10:00:00', '17edc49a-9fa2-4dde-86b1-711e17e03602', 'e1c97029-b934-49ce-a7db-16a7f1ea02fa', '2026-02-02T03:58:03.544162', '2026-02-02T03:58:03.544162');
INSERT INTO movie_projections (id, projection_date, projection_time, cinema_hall_id, movie_id, created_at, updated_at) VALUES ('a1eefc5c-f503-4122-8640-eb258225acb5', '2026-07-15', '10:00:00', 'ff03477d-db27-4d57-bd3b-e06ed1bcdb87', 'e1c97029-b934-49ce-a7db-16a7f1ea02fa', '2026-02-02T03:58:03.544227', '2026-02-02T03:58:03.544227');
INSERT INTO movie_projections (id, projection_date, projection_time, cinema_hall_id, movie_id, created_at, updated_at) VALUES ('70a5f310-6823-4b9e-9c8e-17f1efc9f662', '2026-07-15', '10:00:00', 'e7f9e0aa-25c6-4656-a785-24a7c64ae6f7', 'e1c97029-b934-49ce-a7db-16a7f1ea02fa', '2026-02-02T03:58:03.544277', '2026-02-02T03:58:03.544277');
INSERT INTO movie_projections (id, projection_date, projection_time, cinema_hall_id, movie_id, created_at, updated_at) VALUES ('d54e1a77-c36d-40b4-aa81-656bf56c7d23', '2026-07-17', '19:00:00', 'f308a6cd-7db0-4e8f-9086-3b368ff8b91a', 'e1c97029-b934-49ce-a7db-16a7f1ea02fa', '2026-02-02T03:58:03.544335', '2026-02-02T03:58:03.544335');
INSERT INTO movie_projections (id, projection_date, projection_time, cinema_hall_id, movie_id, created_at, updated_at) VALUES ('6f562386-4970-4e55-8817-ff056cb20564', '2026-07-16', '13:00:00', '7bdfa823-58a4-4bc5-8b5f-d3df3b599359', 'e1c97029-b934-49ce-a7db-16a7f1ea02fa', '2026-02-02T03:58:03.544386', '2026-02-02T03:58:03.544386');
INSERT INTO movie_projections (id, projection_date, projection_time, cinema_hall_id, movie_id, created_at, updated_at) VALUES ('17d5e954-cd71-4285-9312-9a19f26a7b4a', '2026-08-24', '13:00:00', '9f106868-b214-4da4-958c-98f47eac54e2', 'e1c97029-b934-49ce-a7db-16a7f1ea02fa', '2026-02-02T03:58:03.544436', '2026-02-02T03:58:03.544436');
INSERT INTO movie_projections (id, projection_date, projection_time, cinema_hall_id, movie_id, created_at, updated_at) VALUES ('30cc9b9f-e588-4e97-9115-70b734589cbf', '2026-08-28', '16:00:00', '7bdfa823-58a4-4bc5-8b5f-d3df3b599359', 'e1c97029-b934-49ce-a7db-16a7f1ea02fa', '2026-02-02T03:58:03.544493', '2026-02-02T03:58:03.544493');
INSERT INTO movie_projections (id, projection_date, projection_time, cinema_hall_id, movie_id, created_at, updated_at) VALUES ('061fafa2-75db-4c7c-85be-b31c4f795b36', '2026-08-25', '13:00:00', 'f308a6cd-7db0-4e8f-9086-3b368ff8b91a', 'e1c97029-b934-49ce-a7db-16a7f1ea02fa', '2026-02-02T03:58:03.544541', '2026-02-02T03:58:03.544541');
INSERT INTO movie_projections (id, projection_date, projection_time, cinema_hall_id, movie_id, created_at, updated_at) VALUES ('5484d7b2-1a49-4641-8628-ae1b9bc0e385', '2026-07-14', '16:00:00', '17edc49a-9fa2-4dde-86b1-711e17e03602', 'e1c97029-b934-49ce-a7db-16a7f1ea02fa', '2026-02-02T03:58:03.544586', '2026-02-02T03:58:03.544586');
INSERT INTO movie_projections (id, projection_date, projection_time, cinema_hall_id, movie_id, created_at, updated_at) VALUES ('83263836-80d5-40c2-8130-18b20a18aa8c', '2026-07-02', '10:00:00', 'e7f9e0aa-25c6-4656-a785-24a7c64ae6f7', 'e1c97029-b934-49ce-a7db-16a7f1ea02fa', '2026-02-02T03:58:03.544632', '2026-02-02T03:58:03.544632');
INSERT INTO movie_projections (id, projection_date, projection_time, cinema_hall_id, movie_id, created_at, updated_at) VALUES ('74f98cae-3365-4e62-af97-f8fdc9add6c5', '2026-07-01', '13:00:00', '17edc49a-9fa2-4dde-86b1-711e17e03602', 'e1c97029-b934-49ce-a7db-16a7f1ea02fa', '2026-02-02T03:58:03.544691', '2026-02-02T03:58:03.544691');
INSERT INTO movie_projections (id, projection_date, projection_time, cinema_hall_id, movie_id, created_at, updated_at) VALUES ('9a98e1ba-d25d-46a5-b791-dc301ab084b3', '2026-07-04', '13:00:00', 'dc9298a8-a343-4ff6-a811-bccf5aa5db8f', 'e1c97029-b934-49ce-a7db-16a7f1ea02fa', '2026-02-02T03:58:03.544743', '2026-02-02T03:58:03.544743');
INSERT INTO movie_projections (id, projection_date, projection_time, cinema_hall_id, movie_id, created_at, updated_at) VALUES ('213e94d1-5e43-4b5b-ad2d-f44dd9880eb2', '2026-09-02', '19:00:00', '7bdfa823-58a4-4bc5-8b5f-d3df3b599359', 'e1c97029-b934-49ce-a7db-16a7f1ea02fa', '2026-02-02T03:58:03.544795', '2026-02-02T03:58:03.544795');
INSERT INTO movie_projections (id, projection_date, projection_time, cinema_hall_id, movie_id, created_at, updated_at) VALUES ('b82aa369-7e03-408d-b6db-1c68a1218481', '2026-08-20', '19:00:00', '17edc49a-9fa2-4dde-86b1-711e17e03602', 'e1c97029-b934-49ce-a7db-16a7f1ea02fa', '2026-02-02T03:58:03.544847', '2026-02-02T03:58:03.544847');
INSERT INTO movie_projections (id, projection_date, projection_time, cinema_hall_id, movie_id, created_at, updated_at) VALUES ('88c109ba-2f71-4034-810a-39a7d19911c7', '2026-06-23', '19:00:00', 'ff03477d-db27-4d57-bd3b-e06ed1bcdb87', 'e1c97029-b934-49ce-a7db-16a7f1ea02fa', '2026-02-02T03:58:03.544894', '2026-02-02T03:58:03.544894');
INSERT INTO movie_projections (id, projection_date, projection_time, cinema_hall_id, movie_id, created_at, updated_at) VALUES ('af65f31a-611c-400f-b2d3-cbd4046293bb', '2026-06-10', '13:00:00', 'f308a6cd-7db0-4e8f-9086-3b368ff8b91a', 'e1c97029-b934-49ce-a7db-16a7f1ea02fa', '2026-02-02T03:58:03.544944', '2026-02-02T03:58:03.544944');
INSERT INTO movie_projections (id, projection_date, projection_time, cinema_hall_id, movie_id, created_at, updated_at) VALUES ('2a54b25a-da23-4f1f-b935-a88c49e63e2c', '2026-07-02', '10:00:00', 'f308a6cd-7db0-4e8f-9086-3b368ff8b91a', 'e1c97029-b934-49ce-a7db-16a7f1ea02fa', '2026-02-02T03:58:03.544993', '2026-02-02T03:58:03.544993');
INSERT INTO movie_projections (id, projection_date, projection_time, cinema_hall_id, movie_id, created_at, updated_at) VALUES ('49cd2f74-a54f-462f-ae49-47c9b8e33152', '2026-06-18', '13:00:00', '7bdfa823-58a4-4bc5-8b5f-d3df3b599359', 'e1c97029-b934-49ce-a7db-16a7f1ea02fa', '2026-02-02T03:58:03.545059', '2026-02-02T03:58:03.545059');
INSERT INTO movie_projections (id, projection_date, projection_time, cinema_hall_id, movie_id, created_at, updated_at) VALUES ('b0ed948b-14b5-4f59-a62d-12ce08c6bb7c', '2026-05-28', '10:00:00', 'dc9298a8-a343-4ff6-a811-bccf5aa5db8f', 'e1c97029-b934-49ce-a7db-16a7f1ea02fa', '2026-02-02T03:58:03.545111', '2026-02-02T03:58:03.545111');
INSERT INTO movie_projections (id, projection_date, projection_time, cinema_hall_id, movie_id, created_at, updated_at) VALUES ('cb280897-7de4-4735-a16a-e2e6a9bb372f', '2026-05-31', '13:00:00', '83abf7cb-f1e0-4557-89cd-354bb575262b', 'e1c97029-b934-49ce-a7db-16a7f1ea02fa', '2026-02-02T03:58:03.545168', '2026-02-02T03:58:03.545168');
INSERT INTO movie_projections (id, projection_date, projection_time, cinema_hall_id, movie_id, created_at, updated_at) VALUES ('f1e6700b-6ac4-4b45-9c6b-4ac68c4663b7', '2026-07-16', '10:00:00', 'dc9298a8-a343-4ff6-a811-bccf5aa5db8f', 'e1c97029-b934-49ce-a7db-16a7f1ea02fa', '2026-02-02T03:58:03.545231', '2026-02-02T03:58:03.545231');
INSERT INTO movie_projections (id, projection_date, projection_time, cinema_hall_id, movie_id, created_at, updated_at) VALUES ('824d35f3-eba1-4231-8f9d-adaa1a321402', '2026-08-26', '13:00:00', '0330ebe1-b742-4d72-8cd5-e6cbc1b178df', 'e1c97029-b934-49ce-a7db-16a7f1ea02fa', '2026-02-02T03:58:03.545282', '2026-02-02T03:58:03.545282');
INSERT INTO movie_projections (id, projection_date, projection_time, cinema_hall_id, movie_id, created_at, updated_at) VALUES ('6daf6694-327e-49e8-bed0-59a317ac870d', '2026-06-05', '10:00:00', '17edc49a-9fa2-4dde-86b1-711e17e03602', 'e1c97029-b934-49ce-a7db-16a7f1ea02fa', '2026-02-02T03:58:03.545338', '2026-02-02T03:58:03.545338');
INSERT INTO movie_projections (id, projection_date, projection_time, cinema_hall_id, movie_id, created_at, updated_at) VALUES ('60722c1b-d0b3-439c-8564-fb30e9338e4b', '2026-08-07', '19:00:00', 'd1c9716d-3ece-4d7a-b937-f3a554bc32e4', 'e1c97029-b934-49ce-a7db-16a7f1ea02fa', '2026-02-02T03:58:03.545396', '2026-02-02T03:58:03.545396');
INSERT INTO movie_projections (id, projection_date, projection_time, cinema_hall_id, movie_id, created_at, updated_at) VALUES ('f6048de3-7e9f-4402-8900-7d9a108f6c14', '2026-08-25', '10:00:00', '9f106868-b214-4da4-958c-98f47eac54e2', 'e1c97029-b934-49ce-a7db-16a7f1ea02fa', '2026-02-02T03:58:03.545446', '2026-02-02T03:58:03.545446');
INSERT INTO movie_projections (id, projection_date, projection_time, cinema_hall_id, movie_id, created_at, updated_at) VALUES ('22d92a91-e662-41d6-86f5-55df22e1df45', '2026-07-09', '13:00:00', 'ff03477d-db27-4d57-bd3b-e06ed1bcdb87', 'e1c97029-b934-49ce-a7db-16a7f1ea02fa', '2026-02-02T03:58:03.545500', '2026-02-02T03:58:03.545500');
INSERT INTO movie_projections (id, projection_date, projection_time, cinema_hall_id, movie_id, created_at, updated_at) VALUES ('90a5ec1a-c943-40b2-9ef2-5186036cba55', '2026-06-18', '19:00:00', 'd1c9716d-3ece-4d7a-b937-f3a554bc32e4', 'e1c97029-b934-49ce-a7db-16a7f1ea02fa', '2026-02-02T03:58:03.545557', '2026-02-02T03:58:03.545557');
INSERT INTO movie_projections (id, projection_date, projection_time, cinema_hall_id, movie_id, created_at, updated_at) VALUES ('c5bbc127-5fb9-4a0b-b32e-601a077861d0', '2026-07-06', '10:00:00', 'd1c9716d-3ece-4d7a-b937-f3a554bc32e4', 'e1c97029-b934-49ce-a7db-16a7f1ea02fa', '2026-02-02T03:58:03.545617', '2026-02-02T03:58:03.545617');
INSERT INTO movie_projections (id, projection_date, projection_time, cinema_hall_id, movie_id, created_at, updated_at) VALUES ('7f4ea0fe-aace-4ca7-939b-7a77bb841aea', '2026-06-24', '10:00:00', '0330ebe1-b742-4d72-8cd5-e6cbc1b178df', 'e1c97029-b934-49ce-a7db-16a7f1ea02fa', '2026-02-02T03:58:03.545675', '2026-02-02T03:58:03.545675');
INSERT INTO movie_projections (id, projection_date, projection_time, cinema_hall_id, movie_id, created_at, updated_at) VALUES ('9f539397-9ba6-4145-9a7c-4e11eef3ba8b', '2026-05-26', '16:00:00', '09725c82-8bbe-48ce-bc29-31b7513f46f6', '3b1f5693-70ad-4ae1-8c73-46c72bae427c', '2026-02-02T03:58:03.545732', '2026-02-02T03:58:03.545732');
INSERT INTO movie_projections (id, projection_date, projection_time, cinema_hall_id, movie_id, created_at, updated_at) VALUES ('785f55f4-a13b-4963-bb57-4b7964bee195', '2026-06-19', '16:00:00', 'e7f9e0aa-25c6-4656-a785-24a7c64ae6f7', '3b1f5693-70ad-4ae1-8c73-46c72bae427c', '2026-02-02T03:58:03.545782', '2026-02-02T03:58:03.545782');
INSERT INTO movie_projections (id, projection_date, projection_time, cinema_hall_id, movie_id, created_at, updated_at) VALUES ('7f1ded2c-f8c7-422d-935a-23bd3685bdfe', '2026-06-06', '16:00:00', 'ff03477d-db27-4d57-bd3b-e06ed1bcdb87', '3b1f5693-70ad-4ae1-8c73-46c72bae427c', '2026-02-02T03:58:03.545834', '2026-02-02T03:58:03.545834');
INSERT INTO movie_projections (id, projection_date, projection_time, cinema_hall_id, movie_id, created_at, updated_at) VALUES ('6b3affa1-63d4-4753-a336-d26079304b83', '2026-04-24', '13:00:00', '83abf7cb-f1e0-4557-89cd-354bb575262b', '3b1f5693-70ad-4ae1-8c73-46c72bae427c', '2026-02-02T03:58:03.545883', '2026-02-02T03:58:03.545883');
INSERT INTO movie_projections (id, projection_date, projection_time, cinema_hall_id, movie_id, created_at, updated_at) VALUES ('9eb1f49c-fe91-488c-b766-fe4f4c6cc81e', '2026-05-13', '16:00:00', 'e7f9e0aa-25c6-4656-a785-24a7c64ae6f7', '3b1f5693-70ad-4ae1-8c73-46c72bae427c', '2026-02-02T03:58:03.545935', '2026-02-02T03:58:03.545935');
INSERT INTO movie_projections (id, projection_date, projection_time, cinema_hall_id, movie_id, created_at, updated_at) VALUES ('42b1071f-3b58-4239-88bf-3a309b7d650f', '2026-06-02', '19:00:00', '09725c82-8bbe-48ce-bc29-31b7513f46f6', '3b1f5693-70ad-4ae1-8c73-46c72bae427c', '2026-02-02T03:58:03.545986', '2026-02-02T03:58:03.545986');
INSERT INTO movie_projections (id, projection_date, projection_time, cinema_hall_id, movie_id, created_at, updated_at) VALUES ('bc26bdd6-b8c2-431a-8c3f-dd25d1ac4649', '2026-04-24', '10:00:00', 'e7f9e0aa-25c6-4656-a785-24a7c64ae6f7', '3b1f5693-70ad-4ae1-8c73-46c72bae427c', '2026-02-02T03:58:03.546038', '2026-02-02T03:58:03.546038');
INSERT INTO movie_projections (id, projection_date, projection_time, cinema_hall_id, movie_id, created_at, updated_at) VALUES ('eb917f62-b64c-493e-8a54-2626397f6030', '2026-06-15', '19:00:00', '9f106868-b214-4da4-958c-98f47eac54e2', '3b1f5693-70ad-4ae1-8c73-46c72bae427c', '2026-02-02T03:58:03.546090', '2026-02-02T03:58:03.546090');
INSERT INTO movie_projections (id, projection_date, projection_time, cinema_hall_id, movie_id, created_at, updated_at) VALUES ('cba8fce4-e6f7-4a22-9b32-e2a749dcfd4c', '2026-07-05', '13:00:00', 'f308a6cd-7db0-4e8f-9086-3b368ff8b91a', '3b1f5693-70ad-4ae1-8c73-46c72bae427c', '2026-02-02T03:58:03.546140', '2026-02-02T03:58:03.546140');
INSERT INTO movie_projections (id, projection_date, projection_time, cinema_hall_id, movie_id, created_at, updated_at) VALUES ('e3f590aa-fa71-409a-91b2-5c1bd11cb897', '2026-06-10', '13:00:00', 'd1c9716d-3ece-4d7a-b937-f3a554bc32e4', '3b1f5693-70ad-4ae1-8c73-46c72bae427c', '2026-02-02T03:58:03.546207', '2026-02-02T03:58:03.546207');
INSERT INTO movie_projections (id, projection_date, projection_time, cinema_hall_id, movie_id, created_at, updated_at) VALUES ('abd86a3b-60b2-413c-aab8-61085d615a7e', '2026-06-27', '10:00:00', '0330ebe1-b742-4d72-8cd5-e6cbc1b178df', '3b1f5693-70ad-4ae1-8c73-46c72bae427c', '2026-02-02T03:58:03.546324', '2026-02-02T03:58:03.546324');
INSERT INTO movie_projections (id, projection_date, projection_time, cinema_hall_id, movie_id, created_at, updated_at) VALUES ('3d4d12a8-cc8b-44e7-b59b-150156cc4c9f', '2026-03-25', '10:00:00', '83abf7cb-f1e0-4557-89cd-354bb575262b', '3b1f5693-70ad-4ae1-8c73-46c72bae427c', '2026-02-02T03:58:03.546386', '2026-02-02T03:58:03.546386');
INSERT INTO movie_projections (id, projection_date, projection_time, cinema_hall_id, movie_id, created_at, updated_at) VALUES ('cbe6611f-3134-406d-985c-3df7d0026ca7', '2026-03-31', '10:00:00', 'f308a6cd-7db0-4e8f-9086-3b368ff8b91a', '3b1f5693-70ad-4ae1-8c73-46c72bae427c', '2026-02-02T03:58:03.546441', '2026-02-02T03:58:03.546441');
INSERT INTO movie_projections (id, projection_date, projection_time, cinema_hall_id, movie_id, created_at, updated_at) VALUES ('60be2561-c5bd-4e78-a07e-17d79c55667c', '2026-04-16', '13:00:00', '83abf7cb-f1e0-4557-89cd-354bb575262b', '3b1f5693-70ad-4ae1-8c73-46c72bae427c', '2026-02-02T03:58:03.546491', '2026-02-02T03:58:03.546491');
INSERT INTO movie_projections (id, projection_date, projection_time, cinema_hall_id, movie_id, created_at, updated_at) VALUES ('5af44cad-6e08-40dc-8140-c7dd404242a6', '2026-07-12', '10:00:00', '83abf7cb-f1e0-4557-89cd-354bb575262b', '3b1f5693-70ad-4ae1-8c73-46c72bae427c', '2026-02-02T03:58:03.546545', '2026-02-02T03:58:03.546545');
INSERT INTO movie_projections (id, projection_date, projection_time, cinema_hall_id, movie_id, created_at, updated_at) VALUES ('d4f6079e-b2dd-47a7-8c0c-775087890712', '2026-05-28', '10:00:00', '17edc49a-9fa2-4dde-86b1-711e17e03602', '3b1f5693-70ad-4ae1-8c73-46c72bae427c', '2026-02-02T03:58:03.546599', '2026-02-02T03:58:03.546599');
INSERT INTO movie_projections (id, projection_date, projection_time, cinema_hall_id, movie_id, created_at, updated_at) VALUES ('e79e7489-d089-460c-84d6-49153433a3fd', '2026-06-06', '10:00:00', 'd1c9716d-3ece-4d7a-b937-f3a554bc32e4', '3b1f5693-70ad-4ae1-8c73-46c72bae427c', '2026-02-02T03:58:03.546649', '2026-02-02T03:58:03.546649');
INSERT INTO movie_projections (id, projection_date, projection_time, cinema_hall_id, movie_id, created_at, updated_at) VALUES ('f3477b45-5826-4c0b-b591-c326c1ef7aec', '2026-06-21', '13:00:00', 'dc9298a8-a343-4ff6-a811-bccf5aa5db8f', '3b1f5693-70ad-4ae1-8c73-46c72bae427c', '2026-02-02T03:58:03.546699', '2026-02-02T03:58:03.546699');
INSERT INTO movie_projections (id, projection_date, projection_time, cinema_hall_id, movie_id, created_at, updated_at) VALUES ('3c9e1e1e-76af-46ef-875a-9d5e772f04bc', '2026-03-31', '16:00:00', '17edc49a-9fa2-4dde-86b1-711e17e03602', '3b1f5693-70ad-4ae1-8c73-46c72bae427c', '2026-02-02T03:58:03.546763', '2026-02-02T03:58:03.546763');
INSERT INTO movie_projections (id, projection_date, projection_time, cinema_hall_id, movie_id, created_at, updated_at) VALUES ('5b9fc209-0fc7-470a-9af2-73fafbed9ca8', '2026-05-22', '10:00:00', 'ff03477d-db27-4d57-bd3b-e06ed1bcdb87', '3b1f5693-70ad-4ae1-8c73-46c72bae427c', '2026-02-02T03:58:03.546821', '2026-02-02T03:58:03.546821');
INSERT INTO movie_projections (id, projection_date, projection_time, cinema_hall_id, movie_id, created_at, updated_at) VALUES ('f022b5aa-0640-46b9-8738-3e1f688be6d1', '2026-04-29', '16:00:00', '83abf7cb-f1e0-4557-89cd-354bb575262b', '3b1f5693-70ad-4ae1-8c73-46c72bae427c', '2026-02-02T03:58:03.546878', '2026-02-02T03:58:03.546878');
INSERT INTO movie_projections (id, projection_date, projection_time, cinema_hall_id, movie_id, created_at, updated_at) VALUES ('bbecb996-b16c-408f-b589-9c215e52dba9', '2026-07-12', '10:00:00', '0330ebe1-b742-4d72-8cd5-e6cbc1b178df', '3b1f5693-70ad-4ae1-8c73-46c72bae427c', '2026-02-02T03:58:03.546931', '2026-02-02T03:58:03.546931');
INSERT INTO movie_projections (id, projection_date, projection_time, cinema_hall_id, movie_id, created_at, updated_at) VALUES ('ca700c08-c7c0-40a9-85a8-9cb6d0e4656e', '2026-04-06', '10:00:00', '7bdfa823-58a4-4bc5-8b5f-d3df3b599359', '3b1f5693-70ad-4ae1-8c73-46c72bae427c', '2026-02-02T03:58:03.546989', '2026-02-02T03:58:03.546989');
INSERT INTO movie_projections (id, projection_date, projection_time, cinema_hall_id, movie_id, created_at, updated_at) VALUES ('400a2b84-d6f0-41c4-b681-19ac12eaa897', '2026-05-11', '16:00:00', '17edc49a-9fa2-4dde-86b1-711e17e03602', '3b1f5693-70ad-4ae1-8c73-46c72bae427c', '2026-02-02T03:58:03.547040', '2026-02-02T03:58:03.547040');
INSERT INTO movie_projections (id, projection_date, projection_time, cinema_hall_id, movie_id, created_at, updated_at) VALUES ('5cf42441-eb36-4c56-9374-0ad76170630b', '2026-07-08', '19:00:00', 'd1c9716d-3ece-4d7a-b937-f3a554bc32e4', '3b1f5693-70ad-4ae1-8c73-46c72bae427c', '2026-02-02T03:58:03.547085', '2026-02-02T03:58:03.547085');
INSERT INTO movie_projections (id, projection_date, projection_time, cinema_hall_id, movie_id, created_at, updated_at) VALUES ('cfee6c82-f7e7-48aa-8c25-560b7a16f5c8', '2026-04-15', '19:00:00', '17edc49a-9fa2-4dde-86b1-711e17e03602', '3b1f5693-70ad-4ae1-8c73-46c72bae427c', '2026-02-02T03:58:03.547129', '2026-02-02T03:58:03.547129');
INSERT INTO movie_projections (id, projection_date, projection_time, cinema_hall_id, movie_id, created_at, updated_at) VALUES ('985852d6-3d35-41c0-8b11-84007ac7c16d', '2026-05-14', '19:00:00', 'f308a6cd-7db0-4e8f-9086-3b368ff8b91a', '3b1f5693-70ad-4ae1-8c73-46c72bae427c', '2026-02-02T03:58:03.547179', '2026-02-02T03:58:03.547179');
INSERT INTO movie_projections (id, projection_date, projection_time, cinema_hall_id, movie_id, created_at, updated_at) VALUES ('85d30b07-1a38-4ea7-a96f-e35e5c3fd786', '2026-03-26', '13:00:00', '83abf7cb-f1e0-4557-89cd-354bb575262b', '3b1f5693-70ad-4ae1-8c73-46c72bae427c', '2026-02-02T03:58:03.547235', '2026-02-02T03:58:03.547235');
INSERT INTO movie_projections (id, projection_date, projection_time, cinema_hall_id, movie_id, created_at, updated_at) VALUES ('2f7c3bb6-e073-47ca-964e-f730c8ab78d2', '2026-05-02', '19:00:00', '7bdfa823-58a4-4bc5-8b5f-d3df3b599359', '3b1f5693-70ad-4ae1-8c73-46c72bae427c', '2026-02-02T03:58:03.547280', '2026-02-02T03:58:03.547280');
INSERT INTO movie_projections (id, projection_date, projection_time, cinema_hall_id, movie_id, created_at, updated_at) VALUES ('e2ba373b-6ba5-498a-afa6-2d0d22e00e4f', '2026-07-13', '16:00:00', 'ff03477d-db27-4d57-bd3b-e06ed1bcdb87', '3b1f5693-70ad-4ae1-8c73-46c72bae427c', '2026-02-02T03:58:03.547324', '2026-02-02T03:58:03.547324');
INSERT INTO movie_projections (id, projection_date, projection_time, cinema_hall_id, movie_id, created_at, updated_at) VALUES ('078da5c4-efa5-4517-844d-fa82731dff0d', '2026-06-24', '13:00:00', '0330ebe1-b742-4d72-8cd5-e6cbc1b178df', '3b1f5693-70ad-4ae1-8c73-46c72bae427c', '2026-02-02T03:58:03.547379', '2026-02-02T03:58:03.547379');
INSERT INTO movie_projections (id, projection_date, projection_time, cinema_hall_id, movie_id, created_at, updated_at) VALUES ('c78d0886-2d24-4f28-83c9-802b8119dabd', '2026-04-10', '13:00:00', 'dc9298a8-a343-4ff6-a811-bccf5aa5db8f', '3b1f5693-70ad-4ae1-8c73-46c72bae427c', '2026-02-02T03:58:03.547424', '2026-02-02T03:58:03.547424');
INSERT INTO movie_projections (id, projection_date, projection_time, cinema_hall_id, movie_id, created_at, updated_at) VALUES ('918c9e25-cdd4-4b98-8624-af74e752f685', '2026-06-02', '19:00:00', '09725c82-8bbe-48ce-bc29-31b7513f46f6', '3b1f5693-70ad-4ae1-8c73-46c72bae427c', '2026-02-02T03:58:03.547476', '2026-02-02T03:58:03.547476');
INSERT INTO movie_projections (id, projection_date, projection_time, cinema_hall_id, movie_id, created_at, updated_at) VALUES ('550d61b6-045c-42c9-9a26-4c4a433cf1d8', '2026-06-23', '13:00:00', 'd1c9716d-3ece-4d7a-b937-f3a554bc32e4', '3b1f5693-70ad-4ae1-8c73-46c72bae427c', '2026-02-02T03:58:03.547522', '2026-02-02T03:58:03.547522');
INSERT INTO movie_projections (id, projection_date, projection_time, cinema_hall_id, movie_id, created_at, updated_at) VALUES ('c9d4eef4-d96d-4e0c-a3bc-a41a0c8ce083', '2026-05-15', '13:00:00', '09725c82-8bbe-48ce-bc29-31b7513f46f6', '3b1f5693-70ad-4ae1-8c73-46c72bae427c', '2026-02-02T03:58:03.547572', '2026-02-02T03:58:03.547572');
INSERT INTO movie_projections (id, projection_date, projection_time, cinema_hall_id, movie_id, created_at, updated_at) VALUES ('4dad71fd-8620-49ec-895b-76083b365b22', '2026-04-12', '16:00:00', 'e7f9e0aa-25c6-4656-a785-24a7c64ae6f7', '3b1f5693-70ad-4ae1-8c73-46c72bae427c', '2026-02-02T03:58:03.547617', '2026-02-02T03:58:03.547617');
INSERT INTO movie_projections (id, projection_date, projection_time, cinema_hall_id, movie_id, created_at, updated_at) VALUES ('e04817ae-6b9c-49d5-992b-876a5b00179c', '2026-04-24', '13:00:00', 'd1c9716d-3ece-4d7a-b937-f3a554bc32e4', '3b1f5693-70ad-4ae1-8c73-46c72bae427c', '2026-02-02T03:58:03.547664', '2026-02-02T03:58:03.547664');
INSERT INTO movie_projections (id, projection_date, projection_time, cinema_hall_id, movie_id, created_at, updated_at) VALUES ('f41538c1-8dc7-4d41-ad1f-29604fc64b2c', '2026-05-10', '16:00:00', '7bdfa823-58a4-4bc5-8b5f-d3df3b599359', '3b1f5693-70ad-4ae1-8c73-46c72bae427c', '2026-02-02T03:58:03.547712', '2026-02-02T03:58:03.547712');
INSERT INTO movie_projections (id, projection_date, projection_time, cinema_hall_id, movie_id, created_at, updated_at) VALUES ('9d7012cd-0dfd-4b95-8999-76a23e6249ac', '2026-03-28', '10:00:00', 'ff03477d-db27-4d57-bd3b-e06ed1bcdb87', '3b1f5693-70ad-4ae1-8c73-46c72bae427c', '2026-02-02T03:58:03.547759', '2026-02-02T03:58:03.547759');
INSERT INTO movie_projections (id, projection_date, projection_time, cinema_hall_id, movie_id, created_at, updated_at) VALUES ('d1731972-1cae-41f3-bb6b-53c7686e3abd', '2026-04-04', '13:00:00', 'd1c9716d-3ece-4d7a-b937-f3a554bc32e4', '3b1f5693-70ad-4ae1-8c73-46c72bae427c', '2026-02-02T03:58:03.547805', '2026-02-02T03:58:03.547805');
INSERT INTO bookings (id, user_id, ticket_count, status, created_at, expires_at, updated_at) VALUES ('2b1a00d9-ef98-47fe-969e-26dba7e35c36', '08b7b054-843e-4df2-8cad-63e412f9ce62', 3, 'reserved', '2026-01-19T21:54:03.548173','2026-02-06T18:00:00' , '2026-01-19T21:54:03.548173');
INSERT INTO bookings (id, user_id, ticket_count, status, created_at, expires_at, updated_at) VALUES ('86a193c6-9805-4164-bdac-058943574098', '08b7b054-843e-4df2-8cad-63e412f9ce62', 4, 'paid', '2026-01-29T19:20:03.548280','2026-04-30T19:00:00' , '2026-01-29T19:20:03.548280');
INSERT INTO bookings (id, user_id, ticket_count, status, created_at, expires_at, updated_at) VALUES ('fdc15580-4cef-4235-bd32-8265536fee58', 'c8a19689-2aaf-4ba2-8c22-a72c7f4f6e49', 2, 'paid', '2026-01-28T01:12:03.548364','2026-03-17T13:00:00' , '2026-01-28T01:12:03.548364');
INSERT INTO bookings (id, user_id, ticket_count, status, created_at, expires_at, updated_at) VALUES ('a4317e9e-0347-4b63-ac15-064656947412', 'c8a19689-2aaf-4ba2-8c22-a72c7f4f6e49', 2, 'paid', '2026-01-20T19:44:03.548442','2026-03-30T19:00:00' , '2026-01-20T19:44:03.548442');
INSERT INTO bookings (id, user_id, ticket_count, status, created_at, expires_at, updated_at) VALUES ('f35a1452-28fe-42c0-9699-e8a6439f0152', 'c8a19689-2aaf-4ba2-8c22-a72c7f4f6e49', 4, 'paid', '2026-01-02T07:20:03.548518','2026-04-14T13:00:00' , '2026-01-02T07:20:03.548518');
INSERT INTO bookings (id, user_id, ticket_count, status, created_at, expires_at, updated_at) VALUES ('1c2bfe3b-45e4-47a0-bbc1-ff2f7dc0556c', 'c8a19689-2aaf-4ba2-8c22-a72c7f4f6e49', 3, 'paid', '2026-01-10T11:24:03.548590','2026-04-03T19:00:00' , '2026-01-10T11:24:03.548590');
INSERT INTO bookings (id, user_id, ticket_count, status, created_at, expires_at, updated_at) VALUES ('05d7e40f-2524-424a-b9aa-ce149374b7df', '08b7b054-843e-4df2-8cad-63e412f9ce62', 3, 'paid', '2026-01-25T04:58:03.548663','2026-03-20T10:00:00' , '2026-01-25T04:58:03.548663');
INSERT INTO bookings (id, user_id, ticket_count, status, created_at, expires_at, updated_at) VALUES ('4ba8acde-8cad-4565-b78d-a54450a97dc6', '8840b6f8-2038-4aef-b5d1-806514f605ab', 4, 'reserved', '2026-02-01T00:06:03.548740','2026-03-18T12:00:00' , '2026-02-01T00:06:03.548740');
INSERT INTO bookings (id, user_id, ticket_count, status, created_at, expires_at, updated_at) VALUES ('382e5a4c-ff75-4562-a389-96ae1fa90cf5', 'c8a19689-2aaf-4ba2-8c22-a72c7f4f6e49', 4, 'locked', '2026-01-29T01:50:03.548821','2026-01-29T01:55:03.548821' , '2026-01-29T01:50:03.548821');
INSERT INTO bookings (id, user_id, ticket_count, status, created_at, expires_at, updated_at) VALUES ('12e9b158-598d-4969-9232-4f4f71d2c124', '08b7b054-843e-4df2-8cad-63e412f9ce62', 3, 'reserved', '2026-01-29T11:06:03.548905','2026-08-31T15:00:00' , '2026-01-29T11:06:03.548905');
INSERT INTO bookings (id, user_id, ticket_count, status, created_at, expires_at, updated_at) VALUES ('dad4fe5f-a83f-4a6b-8b97-de4e21b62b5b', '08b7b054-843e-4df2-8cad-63e412f9ce62', 1, 'reserved', '2026-01-02T18:26:03.548989','2026-05-16T18:00:00' , '2026-01-02T18:26:03.548989');
INSERT INTO bookings (id, user_id, ticket_count, status, created_at, expires_at, updated_at) VALUES ('bcebc5b0-a0d7-4b8d-9f26-ead37720b7cc', '08b7b054-843e-4df2-8cad-63e412f9ce62', 2, 'paid', '2026-01-23T05:28:03.549063','2026-03-20T10:00:00' , '2026-01-23T05:28:03.549063');
INSERT INTO bookings (id, user_id, ticket_count, status, created_at, expires_at, updated_at) VALUES ('d50e5fd3-0814-4ba8-8700-e3b5ef45c9c9', 'c8a19689-2aaf-4ba2-8c22-a72c7f4f6e49', 3, 'paid', '2026-01-04T01:22:03.549137','2026-09-26T13:00:00' , '2026-01-04T01:22:03.549137');
INSERT INTO bookings (id, user_id, ticket_count, status, created_at, expires_at, updated_at) VALUES ('a9fb1243-7c04-4708-bb25-b8ef24a1b93b', 'c8a19689-2aaf-4ba2-8c22-a72c7f4f6e49', 2, 'reserved', '2026-01-12T02:20:03.549646','2026-04-05T18:00:00' , '2026-01-12T02:20:03.549646');
INSERT INTO bookings (id, user_id, ticket_count, status, created_at, expires_at, updated_at) VALUES ('7eacad24-de64-4b01-81cc-d89e02599c09', 'c8a19689-2aaf-4ba2-8c22-a72c7f4f6e49', 3, 'locked', '2026-01-15T20:44:03.549745','2026-01-15T20:49:03.549745' , '2026-01-15T20:44:03.549745');
INSERT INTO bookings (id, user_id, ticket_count, status, created_at, expires_at, updated_at) VALUES ('c9063efa-bcc4-47ea-b4e1-d4ffa24f2441', '08b7b054-843e-4df2-8cad-63e412f9ce62', 2, 'reserved', '2026-01-19T14:13:03.549842','2026-03-03T12:00:00' , '2026-01-19T14:13:03.549842');
INSERT INTO bookings (id, user_id, ticket_count, status, created_at, expires_at, updated_at) VALUES ('93bb35f3-284a-4491-b77d-e1bcf73efe95', 'c8a19689-2aaf-4ba2-8c22-a72c7f4f6e49', 1, 'paid', '2026-01-27T14:09:03.549926','2026-03-26T10:00:00' , '2026-01-27T14:09:03.549926');
INSERT INTO bookings (id, user_id, ticket_count, status, created_at, expires_at, updated_at) VALUES ('2ef644fa-92d0-4b0d-a94c-04ac145774e1', 'c8a19689-2aaf-4ba2-8c22-a72c7f4f6e49', 3, 'paid', '2026-01-21T18:39:03.550008','2026-03-22T13:00:00' , '2026-01-21T18:39:03.550008');
INSERT INTO bookings (id, user_id, ticket_count, status, created_at, expires_at, updated_at) VALUES ('b145e380-7f30-455e-96b1-c32bdbbe7f7e', '8840b6f8-2038-4aef-b5d1-806514f605ab', 4, 'reserved', '2026-01-15T12:38:03.550096','2026-02-24T09:00:00' , '2026-01-15T12:38:03.550096');
INSERT INTO bookings (id, user_id, ticket_count, status, created_at, expires_at, updated_at) VALUES ('9e859e27-5048-42bb-a884-48a306f162e8', '8840b6f8-2038-4aef-b5d1-806514f605ab', 1, 'reserved', '2026-01-27T00:20:03.550218','2026-02-18T15:00:00' , '2026-01-27T00:20:03.550218');
INSERT INTO bookings (id, user_id, ticket_count, status, created_at, expires_at, updated_at) VALUES ('7434a035-6df7-4235-a383-333751a9585d', '08b7b054-843e-4df2-8cad-63e412f9ce62', 3, 'paid', '2026-01-22T09:58:03.550307','2026-06-30T10:00:00' , '2026-01-22T09:58:03.550307');
INSERT INTO bookings (id, user_id, ticket_count, status, created_at, expires_at, updated_at) VALUES ('275da776-bb4e-40e2-a64d-ddf70e104c75', '8840b6f8-2038-4aef-b5d1-806514f605ab', 1, 'paid', '2026-01-11T08:16:03.550385','2026-03-04T10:00:00' , '2026-01-11T08:16:03.550385');
INSERT INTO bookings (id, user_id, ticket_count, status, created_at, expires_at, updated_at) VALUES ('f08ee014-f3cc-4915-84ed-c5de95a37468', '8840b6f8-2038-4aef-b5d1-806514f605ab', 1, 'paid', '2026-01-21T09:24:03.550469','2026-03-23T16:00:00' , '2026-01-21T09:24:03.550469');
INSERT INTO bookings (id, user_id, ticket_count, status, created_at, expires_at, updated_at) VALUES ('400ce994-bdf4-438c-9015-3b63d77b0713', '8840b6f8-2038-4aef-b5d1-806514f605ab', 3, 'reserved', '2026-01-18T11:02:03.550547','2026-02-22T18:00:00' , '2026-01-18T11:02:03.550547');
INSERT INTO bookings (id, user_id, ticket_count, status, created_at, expires_at, updated_at) VALUES ('77e2c79b-5168-4f56-87ff-7413e88c998b', '08b7b054-843e-4df2-8cad-63e412f9ce62', 1, 'paid', '2026-01-09T06:57:03.550621','2026-05-21T19:00:00' , '2026-01-09T06:57:03.550621');
INSERT INTO bookings (id, user_id, ticket_count, status, created_at, expires_at, updated_at) VALUES ('fe5c939f-5b19-48cb-ab16-270ec1585e28', '08b7b054-843e-4df2-8cad-63e412f9ce62', 3, 'reserved', '2026-01-04T16:59:03.550696','2026-02-14T15:00:00' , '2026-01-04T16:59:03.550696');
INSERT INTO bookings (id, user_id, ticket_count, status, created_at, expires_at, updated_at) VALUES ('0d571c78-9d00-4e86-815f-45c8a2a996b4', 'c8a19689-2aaf-4ba2-8c22-a72c7f4f6e49', 3, 'paid', '2026-01-21T08:40:03.550785','2026-07-14T10:00:00' , '2026-01-21T08:40:03.550785');
INSERT INTO bookings (id, user_id, ticket_count, status, created_at, expires_at, updated_at) VALUES ('00523351-4da6-4077-bc6f-d6f201f57016', 'c8a19689-2aaf-4ba2-8c22-a72c7f4f6e49', 2, 'paid', '2026-01-16T22:02:03.550857','2026-03-25T16:00:00' , '2026-01-16T22:02:03.550857');
INSERT INTO bookings (id, user_id, ticket_count, status, created_at, expires_at, updated_at) VALUES ('a13408fd-a7ac-4ae6-be2e-6bbb4974c19c', 'c8a19689-2aaf-4ba2-8c22-a72c7f4f6e49', 1, 'paid', '2026-01-26T08:45:03.551020','2026-05-22T13:00:00' , '2026-01-26T08:45:03.551020');
INSERT INTO bookings (id, user_id, ticket_count, status, created_at, expires_at, updated_at) VALUES ('e4c9ccdd-72ee-44a2-8500-1b32dff6d053', '8840b6f8-2038-4aef-b5d1-806514f605ab', 3, 'reserved', '2026-01-21T03:25:03.551090','2026-07-16T12:00:00' , '2026-01-21T03:25:03.551090');
INSERT INTO bookings (id, user_id, ticket_count, status, created_at, expires_at, updated_at) VALUES ('aba84f03-045e-4a5d-a8b9-a8c2611b4759', '8840b6f8-2038-4aef-b5d1-806514f605ab', 3, 'paid', '2026-01-14T07:51:03.551166','2026-03-04T10:00:00' , '2026-01-14T07:51:03.551166');
INSERT INTO bookings (id, user_id, ticket_count, status, created_at, expires_at, updated_at) VALUES ('3e7307c6-8edc-42fe-83b2-37f368680bb2', 'c8a19689-2aaf-4ba2-8c22-a72c7f4f6e49', 4, 'reserved', '2026-01-15T21:45:03.551267','2026-03-02T12:00:00' , '2026-01-15T21:45:03.551267');
INSERT INTO bookings (id, user_id, ticket_count, status, created_at, expires_at, updated_at) VALUES ('b0180f5e-364b-437e-a06f-c501f239999f', '08b7b054-843e-4df2-8cad-63e412f9ce62', 2, 'paid', '2026-01-16T20:44:03.551340','2026-10-21T16:00:00' , '2026-01-16T20:44:03.551340');
INSERT INTO bookings (id, user_id, ticket_count, status, created_at, expires_at, updated_at) VALUES ('d45613ca-26f2-42b5-9ff4-f9d4dbd96aeb', '8840b6f8-2038-4aef-b5d1-806514f605ab', 3, 'paid', '2026-01-28T03:07:03.551431','2026-03-04T16:00:00' , '2026-01-28T03:07:03.551431');
INSERT INTO bookings (id, user_id, ticket_count, status, created_at, expires_at, updated_at) VALUES ('79fbfffb-dd4c-4950-859f-46261e3afac0', '08b7b054-843e-4df2-8cad-63e412f9ce62', 2, 'paid', '2026-01-11T22:51:03.551577','2026-04-03T19:00:00' , '2026-01-11T22:51:03.551577');
INSERT INTO bookings (id, user_id, ticket_count, status, created_at, expires_at, updated_at) VALUES ('4e9d76bd-d117-440d-b6df-84d24f3ba8fc', 'c8a19689-2aaf-4ba2-8c22-a72c7f4f6e49', 4, 'paid', '2026-01-14T05:38:03.551654','2026-07-10T10:00:00' , '2026-01-14T05:38:03.551654');
INSERT INTO bookings (id, user_id, ticket_count, status, created_at, expires_at, updated_at) VALUES ('ce820c0c-24d1-431a-8d05-22134c2061f6', 'c8a19689-2aaf-4ba2-8c22-a72c7f4f6e49', 1, 'paid', '2026-01-11T15:43:03.551731','2026-04-12T10:00:00' , '2026-01-11T15:43:03.551731');
INSERT INTO bookings (id, user_id, ticket_count, status, created_at, expires_at, updated_at) VALUES ('d62ff23c-df24-4fce-aa61-80d20dff961c', '08b7b054-843e-4df2-8cad-63e412f9ce62', 4, 'paid', '2026-01-06T11:55:03.551805','2026-03-27T16:00:00' , '2026-01-06T11:55:03.551805');
INSERT INTO bookings (id, user_id, ticket_count, status, created_at, expires_at, updated_at) VALUES ('40798051-e363-4604-8370-87c0077b1377', '8840b6f8-2038-4aef-b5d1-806514f605ab', 1, 'reserved', '2026-01-06T23:46:03.551877','2026-03-31T18:00:00' , '2026-01-06T23:46:03.551877');
INSERT INTO bookings (id, user_id, ticket_count, status, created_at, expires_at, updated_at) VALUES ('afe88b8d-ec8d-486c-a93f-2c61b69ebc3b', '8840b6f8-2038-4aef-b5d1-806514f605ab', 2, 'locked', '2026-01-30T08:30:03.551952','2026-01-30T08:35:03.551952' , '2026-01-30T08:30:03.551952');
INSERT INTO bookings (id, user_id, ticket_count, status, created_at, expires_at, updated_at) VALUES ('695a71db-f1d1-48cb-8596-87d106707761', '08b7b054-843e-4df2-8cad-63e412f9ce62', 3, 'paid', '2026-01-02T04:39:03.552024','2026-04-22T13:00:00' , '2026-01-02T04:39:03.552024');
INSERT INTO bookings (id, user_id, ticket_count, status, created_at, expires_at, updated_at) VALUES ('fb8eb1e0-0b30-4da1-8d1c-8911474cb3fc', 'c8a19689-2aaf-4ba2-8c22-a72c7f4f6e49', 3, 'reserved', '2026-01-05T07:11:03.552093','2026-03-02T18:00:00' , '2026-01-05T07:11:03.552093');
INSERT INTO bookings (id, user_id, ticket_count, status, created_at, expires_at, updated_at) VALUES ('d9d9d131-1ac7-4f5b-ade9-2c97b9e1e296', 'c8a19689-2aaf-4ba2-8c22-a72c7f4f6e49', 2, 'locked', '2026-01-10T18:30:03.552169','2026-01-10T18:35:03.552169' , '2026-01-10T18:30:03.552169');
INSERT INTO bookings (id, user_id, ticket_count, status, created_at, expires_at, updated_at) VALUES ('12c9b41a-d9f9-4484-8237-f95f62639cd1', 'c8a19689-2aaf-4ba2-8c22-a72c7f4f6e49', 3, 'paid', '2026-01-08T01:45:03.552279','2026-03-14T10:00:00' , '2026-01-08T01:45:03.552279');
INSERT INTO bookings (id, user_id, ticket_count, status, created_at, expires_at, updated_at) VALUES ('319ec478-ae26-4e3f-9a00-60a97511b602', 'c8a19689-2aaf-4ba2-8c22-a72c7f4f6e49', 1, 'reserved', '2026-01-24T22:30:03.552349','2026-02-05T18:00:00' , '2026-01-24T22:30:03.552349');
INSERT INTO bookings (id, user_id, ticket_count, status, created_at, expires_at, updated_at) VALUES ('d3ca1274-6fde-45bc-b789-ce2cb683470b', '08b7b054-843e-4df2-8cad-63e412f9ce62', 1, 'locked', '2026-01-13T16:33:03.552435','2026-01-13T16:38:03.552435' , '2026-01-13T16:33:03.552435');
INSERT INTO bookings (id, user_id, ticket_count, status, created_at, expires_at, updated_at) VALUES ('a9e6802b-a5f8-4214-923d-bbba968b369c', '08b7b054-843e-4df2-8cad-63e412f9ce62', 2, 'paid', '2026-01-08T03:19:03.552511','2026-03-22T16:00:00' , '2026-01-08T03:19:03.552511');
INSERT INTO bookings (id, user_id, ticket_count, status, created_at, expires_at, updated_at) VALUES ('1c8dad9e-39da-4179-bcc6-833d01e455cf', '08b7b054-843e-4df2-8cad-63e412f9ce62', 2, 'reserved', '2026-01-28T18:52:03.552588','2026-02-12T12:00:00' , '2026-01-28T18:52:03.552588');
INSERT INTO bookings (id, user_id, ticket_count, status, created_at, expires_at, updated_at) VALUES ('dcd5a4c6-f12e-47a7-aef0-71032516947a', 'c8a19689-2aaf-4ba2-8c22-a72c7f4f6e49', 1, 'paid', '2026-01-09T01:23:03.552660','2026-03-17T13:00:00' , '2026-01-09T01:23:03.552660');
INSERT INTO bookings (id, user_id, ticket_count, status, created_at, expires_at, updated_at) VALUES ('f411b4f0-2703-4ace-990c-cf24bf332daa', '8840b6f8-2038-4aef-b5d1-806514f605ab', 1, 'paid', '2026-01-11T09:42:03.552729','2026-03-09T19:00:00' , '2026-01-11T09:42:03.552729');
INSERT INTO tickets (id, projection_id, hall_seat_id, booking_id, created_at, updated_at) VALUES ('d888faeb-61e9-4374-9e82-37de0e6e1a1c', 'f5878a84-7bbe-47a4-aa82-d210809d91e6', '97b6af3e-df76-4555-b4c6-291d26b5bb20', '2b1a00d9-ef98-47fe-969e-26dba7e35c36', '2026-02-02T03:58:03.553473', '2026-02-02T03:58:03.553473');
INSERT INTO tickets (id, projection_id, hall_seat_id, booking_id, created_at, updated_at) VALUES ('2189a3a6-19cf-44a5-b630-f6cefd32325e', 'f5878a84-7bbe-47a4-aa82-d210809d91e6', 'c1a4cef2-9720-4477-8125-05db76445a8b', '2b1a00d9-ef98-47fe-969e-26dba7e35c36', '2026-02-02T03:58:03.553523', '2026-02-02T03:58:03.553523');
INSERT INTO tickets (id, projection_id, hall_seat_id, booking_id, created_at, updated_at) VALUES ('a69326ad-aad2-4be3-9400-786d3d027ae8', 'f5878a84-7bbe-47a4-aa82-d210809d91e6', 'd198aba9-af0e-4214-9a27-6cca53d1435f', '2b1a00d9-ef98-47fe-969e-26dba7e35c36', '2026-02-02T03:58:03.553560', '2026-02-02T03:58:03.553560');
INSERT INTO tickets (id, projection_id, hall_seat_id, booking_id, created_at, updated_at) VALUES ('73d82606-9c2c-4e55-9cae-3b113a37dd4e', '08edeed5-0c25-4e36-b1cb-831a91ed23c1', '4feec5ae-9a57-41eb-9b4d-f77cf5f85773', '86a193c6-9805-4164-bdac-058943574098', '2026-02-02T03:58:03.553875', '2026-02-02T03:58:03.553875');
INSERT INTO tickets (id, projection_id, hall_seat_id, booking_id, created_at, updated_at) VALUES ('cfd1d82e-7f4f-4a43-8f0e-387b2cf9a39c', '08edeed5-0c25-4e36-b1cb-831a91ed23c1', '2932e1b2-e3f8-4291-b8be-9d509d3777c4', '86a193c6-9805-4164-bdac-058943574098', '2026-02-02T03:58:03.553911', '2026-02-02T03:58:03.553911');
INSERT INTO tickets (id, projection_id, hall_seat_id, booking_id, created_at, updated_at) VALUES ('39e423b1-7ecd-40f5-b2b7-04f63c965b1a', '08edeed5-0c25-4e36-b1cb-831a91ed23c1', '11415817-2550-4af8-ae86-86cf1135e18e', '86a193c6-9805-4164-bdac-058943574098', '2026-02-02T03:58:03.553942', '2026-02-02T03:58:03.553942');
INSERT INTO tickets (id, projection_id, hall_seat_id, booking_id, created_at, updated_at) VALUES ('06143263-ff33-4567-a180-19673457ad09', '08edeed5-0c25-4e36-b1cb-831a91ed23c1', '07e6aec3-af39-4e6a-a15c-b1455c6e982a', '86a193c6-9805-4164-bdac-058943574098', '2026-02-02T03:58:03.553972', '2026-02-02T03:58:03.553972');
INSERT INTO tickets (id, projection_id, hall_seat_id, booking_id, created_at, updated_at) VALUES ('36e0d89e-04be-4c24-8a95-837b945be2dd', 'acbc58f7-3653-408d-9c05-b2d59ac14c22', '79478d5c-9b46-41c2-b9e3-d572d17a52a0', 'fdc15580-4cef-4235-bd32-8265536fee58', '2026-02-02T03:58:03.554193', '2026-02-02T03:58:03.554193');
INSERT INTO tickets (id, projection_id, hall_seat_id, booking_id, created_at, updated_at) VALUES ('1e731ec8-6e80-45a9-a055-770b03f07ecc', 'acbc58f7-3653-408d-9c05-b2d59ac14c22', '3a8991c2-f9ee-45b2-9364-e88c7c760605', 'fdc15580-4cef-4235-bd32-8265536fee58', '2026-02-02T03:58:03.554212', '2026-02-02T03:58:03.554212');
INSERT INTO tickets (id, projection_id, hall_seat_id, booking_id, created_at, updated_at) VALUES ('811c1934-1b7d-4d2c-82c6-fbccf4e87bb7', '1c0edc00-112e-400e-9aa4-35137f7178c0', 'bbd925ae-8b0d-4a03-b9a9-539da43c1348', 'a4317e9e-0347-4b63-ac15-064656947412', '2026-02-02T03:58:03.554366', '2026-02-02T03:58:03.554366');
INSERT INTO tickets (id, projection_id, hall_seat_id, booking_id, created_at, updated_at) VALUES ('9230c2bf-b922-4e06-9b36-b4b718d55852', '1c0edc00-112e-400e-9aa4-35137f7178c0', '06bb182d-3a6b-453d-af75-4306c6b2f932', 'a4317e9e-0347-4b63-ac15-064656947412', '2026-02-02T03:58:03.554383', '2026-02-02T03:58:03.554383');
INSERT INTO tickets (id, projection_id, hall_seat_id, booking_id, created_at, updated_at) VALUES ('c79efd17-c7e7-42e6-9136-1ec0bf8b2cdb', 'd4a459da-bf47-4510-aa18-3958caac46ce', 'dac59899-db7f-4eaf-b607-9f3da9bd94f5', 'f35a1452-28fe-42c0-9699-e8a6439f0152', '2026-02-02T03:58:03.554475', '2026-02-02T03:58:03.554475');
INSERT INTO tickets (id, projection_id, hall_seat_id, booking_id, created_at, updated_at) VALUES ('650dbec9-91ba-46e8-afc1-6678c63d9d9c', 'd4a459da-bf47-4510-aa18-3958caac46ce', '7a7ce866-4772-47e3-a9ff-31835e8df1f3', 'f35a1452-28fe-42c0-9699-e8a6439f0152', '2026-02-02T03:58:03.554491', '2026-02-02T03:58:03.554491');
INSERT INTO tickets (id, projection_id, hall_seat_id, booking_id, created_at, updated_at) VALUES ('ee17d457-2c14-4d18-9110-458116928e78', 'd4a459da-bf47-4510-aa18-3958caac46ce', '14678c00-64a2-434a-bc23-249052191535', 'f35a1452-28fe-42c0-9699-e8a6439f0152', '2026-02-02T03:58:03.554504', '2026-02-02T03:58:03.554504');
INSERT INTO tickets (id, projection_id, hall_seat_id, booking_id, created_at, updated_at) VALUES ('6b5cb9c3-7c4b-4aa7-83d4-7c0ab3619437', 'd4a459da-bf47-4510-aa18-3958caac46ce', '5bec510f-8822-41ef-a400-9e22ef710d78', 'f35a1452-28fe-42c0-9699-e8a6439f0152', '2026-02-02T03:58:03.554518', '2026-02-02T03:58:03.554518');
INSERT INTO tickets (id, projection_id, hall_seat_id, booking_id, created_at, updated_at) VALUES ('6c23a3dd-3c69-470d-81e8-b0962a26c524', '0a5e18fd-b7ba-4d16-8002-24cd8d74064d', 'a6afa55f-c1ec-4127-ba2d-57f9c14c7fac', '1c2bfe3b-45e4-47a0-bbc1-ff2f7dc0556c', '2026-02-02T03:58:03.554605', '2026-02-02T03:58:03.554605');
INSERT INTO tickets (id, projection_id, hall_seat_id, booking_id, created_at, updated_at) VALUES ('33863ece-fb23-4df9-a6b2-4a126182c300', '0a5e18fd-b7ba-4d16-8002-24cd8d74064d', '50b4d3ab-8972-42d9-967e-74d37a28daf1', '1c2bfe3b-45e4-47a0-bbc1-ff2f7dc0556c', '2026-02-02T03:58:03.554621', '2026-02-02T03:58:03.554621');
INSERT INTO tickets (id, projection_id, hall_seat_id, booking_id, created_at, updated_at) VALUES ('70ea9061-aa6d-45f8-b157-e267d0608afa', '0a5e18fd-b7ba-4d16-8002-24cd8d74064d', '2738c976-f163-4da2-bba9-5b8422ced1d2', '1c2bfe3b-45e4-47a0-bbc1-ff2f7dc0556c', '2026-02-02T03:58:03.554637', '2026-02-02T03:58:03.554637');
INSERT INTO tickets (id, projection_id, hall_seat_id, booking_id, created_at, updated_at) VALUES ('212e9315-7999-424d-bc0d-975676422d69', '536520d9-c976-4251-83ff-60e3a6697cdc', 'dc1ad059-51e4-4d46-9144-0116c6ec15ee', '05d7e40f-2524-424a-b9aa-ce149374b7df', '2026-02-02T03:58:03.554722', '2026-02-02T03:58:03.554722');
INSERT INTO tickets (id, projection_id, hall_seat_id, booking_id, created_at, updated_at) VALUES ('febca8a1-6484-479e-b30a-4de27fea63fb', '536520d9-c976-4251-83ff-60e3a6697cdc', 'c7c0025c-f2dd-413d-8ce8-94b589d2be62', '05d7e40f-2524-424a-b9aa-ce149374b7df', '2026-02-02T03:58:03.554737', '2026-02-02T03:58:03.554737');
INSERT INTO tickets (id, projection_id, hall_seat_id, booking_id, created_at, updated_at) VALUES ('b2d4cc50-87fb-4427-bf68-8eb890006097', '536520d9-c976-4251-83ff-60e3a6697cdc', 'd198aba9-af0e-4214-9a27-6cca53d1435f', '05d7e40f-2524-424a-b9aa-ce149374b7df', '2026-02-02T03:58:03.554751', '2026-02-02T03:58:03.554751');
INSERT INTO tickets (id, projection_id, hall_seat_id, booking_id, created_at, updated_at) VALUES ('fc5165b8-6865-4361-ab99-f62bb657c8d6', '07ce219e-6791-4a72-aa86-4899d41c9e2a', 'a66d6500-7103-4454-a3e1-51da7a75237b', '4ba8acde-8cad-4565-b78d-a54450a97dc6', '2026-02-02T03:58:03.554864', '2026-02-02T03:58:03.554864');
INSERT INTO tickets (id, projection_id, hall_seat_id, booking_id, created_at, updated_at) VALUES ('6b908fae-f8d9-4613-8893-019ae2d75c18', '07ce219e-6791-4a72-aa86-4899d41c9e2a', '5b41e9bc-b902-41c3-ba49-a780e6e43e75', '4ba8acde-8cad-4565-b78d-a54450a97dc6', '2026-02-02T03:58:03.554880', '2026-02-02T03:58:03.554880');
INSERT INTO tickets (id, projection_id, hall_seat_id, booking_id, created_at, updated_at) VALUES ('b2fcad85-f3d6-4029-a712-b106d353861c', '07ce219e-6791-4a72-aa86-4899d41c9e2a', 'abe2bca6-b034-44be-861c-f9c925806b9d', '4ba8acde-8cad-4565-b78d-a54450a97dc6', '2026-02-02T03:58:03.554893', '2026-02-02T03:58:03.554893');
INSERT INTO tickets (id, projection_id, hall_seat_id, booking_id, created_at, updated_at) VALUES ('f164389a-ef08-42be-8af8-d392fd5a7455', '07ce219e-6791-4a72-aa86-4899d41c9e2a', '8bb928ad-819b-481d-acc8-6127fb23aef3', '4ba8acde-8cad-4565-b78d-a54450a97dc6', '2026-02-02T03:58:03.554906', '2026-02-02T03:58:03.554906');
INSERT INTO tickets (id, projection_id, hall_seat_id, booking_id, created_at, updated_at) VALUES ('dcbf2f6b-dd59-4fc5-8511-c2e34c5996fb', 'aea25ffe-2ff2-4f0a-ba40-a8e5eae04e71', '2738c976-f163-4da2-bba9-5b8422ced1d2', '382e5a4c-ff75-4562-a389-96ae1fa90cf5', '2026-02-02T03:58:03.555031', '2026-02-02T03:58:03.555031');
INSERT INTO tickets (id, projection_id, hall_seat_id, booking_id, created_at, updated_at) VALUES ('4901bb65-2e39-49ef-b113-6796844a5f90', 'aea25ffe-2ff2-4f0a-ba40-a8e5eae04e71', '9887f1d1-8123-4130-9161-156bd246a721', '382e5a4c-ff75-4562-a389-96ae1fa90cf5', '2026-02-02T03:58:03.555056', '2026-02-02T03:58:03.555056');
INSERT INTO tickets (id, projection_id, hall_seat_id, booking_id, created_at, updated_at) VALUES ('7dd1cbb6-9007-4678-a2e1-6b5368558600', 'aea25ffe-2ff2-4f0a-ba40-a8e5eae04e71', '08e09669-292c-4077-a9bd-044f601b252d', '382e5a4c-ff75-4562-a389-96ae1fa90cf5', '2026-02-02T03:58:03.555071', '2026-02-02T03:58:03.555071');
INSERT INTO tickets (id, projection_id, hall_seat_id, booking_id, created_at, updated_at) VALUES ('2d2b0ad9-c40b-4ba0-be7f-664d2bcd609c', 'aea25ffe-2ff2-4f0a-ba40-a8e5eae04e71', '5846a803-fe2c-4258-92ec-aacb9517ff46', '382e5a4c-ff75-4562-a389-96ae1fa90cf5', '2026-02-02T03:58:03.555106', '2026-02-02T03:58:03.555106');
INSERT INTO tickets (id, projection_id, hall_seat_id, booking_id, created_at, updated_at) VALUES ('a467e34d-96e0-4b81-a48a-e42baba3649c', 'b54d6530-4258-4e5b-a953-e54498e8d6dc', 'ac48e2bb-7203-4ee9-9993-4da9c698235a', '12e9b158-598d-4969-9232-4f4f71d2c124', '2026-02-02T03:58:03.555244', '2026-02-02T03:58:03.555244');
INSERT INTO tickets (id, projection_id, hall_seat_id, booking_id, created_at, updated_at) VALUES ('1526bc46-3853-471f-8061-99e99df010bb', 'b54d6530-4258-4e5b-a953-e54498e8d6dc', '67157b48-578f-4eea-9346-b8de587e8740', '12e9b158-598d-4969-9232-4f4f71d2c124', '2026-02-02T03:58:03.555260', '2026-02-02T03:58:03.555260');
INSERT INTO tickets (id, projection_id, hall_seat_id, booking_id, created_at, updated_at) VALUES ('8b84c082-0447-4f8f-a1f6-d8507829b88b', 'b54d6530-4258-4e5b-a953-e54498e8d6dc', '1706317c-d151-4ef8-833d-50c0af40f720', '12e9b158-598d-4969-9232-4f4f71d2c124', '2026-02-02T03:58:03.555274', '2026-02-02T03:58:03.555274');
INSERT INTO tickets (id, projection_id, hall_seat_id, booking_id, created_at, updated_at) VALUES ('dd7cf5b6-101b-4393-b7fb-bc545a298b9b', '40438d6a-649e-4cda-9f5b-a53df19012b0', '5e111720-a8db-476a-87b0-69d66fb2f460', 'dad4fe5f-a83f-4a6b-8b97-de4e21b62b5b', '2026-02-02T03:58:03.555419', '2026-02-02T03:58:03.555419');
INSERT INTO tickets (id, projection_id, hall_seat_id, booking_id, created_at, updated_at) VALUES ('44966cf6-db34-4126-bc96-9d07df7ebedc', '536520d9-c976-4251-83ff-60e3a6697cdc', '6b5a9e54-5d58-47c6-bb5a-4ffdeffa11b5', 'bcebc5b0-a0d7-4b8d-9f26-ead37720b7cc', '2026-02-02T03:58:03.555507', '2026-02-02T03:58:03.555507');
INSERT INTO tickets (id, projection_id, hall_seat_id, booking_id, created_at, updated_at) VALUES ('ad6e9b0a-8957-4065-9422-dca8e4a2805c', '536520d9-c976-4251-83ff-60e3a6697cdc', 'b7dca34d-e7c7-4d6b-9e0e-627c0336bc24', 'bcebc5b0-a0d7-4b8d-9f26-ead37720b7cc', '2026-02-02T03:58:03.555523', '2026-02-02T03:58:03.555523');
INSERT INTO tickets (id, projection_id, hall_seat_id, booking_id, created_at, updated_at) VALUES ('78be26cb-824e-4787-9520-f921c3246472', '6d3af2c4-6df1-4172-8b9a-1418ef4c6587', '842dd5bb-3bd9-4941-908d-5eddb0ed89be', 'd50e5fd3-0814-4ba8-8700-e3b5ef45c9c9', '2026-02-02T03:58:03.555661', '2026-02-02T03:58:03.555661');
INSERT INTO tickets (id, projection_id, hall_seat_id, booking_id, created_at, updated_at) VALUES ('04b7f7c2-5e2c-41d5-a02b-62ab95367a16', '6d3af2c4-6df1-4172-8b9a-1418ef4c6587', 'e1a89fcd-07dd-419e-8daf-e014ff4fc08d', 'd50e5fd3-0814-4ba8-8700-e3b5ef45c9c9', '2026-02-02T03:58:03.555678', '2026-02-02T03:58:03.555678');
INSERT INTO tickets (id, projection_id, hall_seat_id, booking_id, created_at, updated_at) VALUES ('0f955e4f-e1b4-49f7-8199-2f5ee9aa75bf', '6d3af2c4-6df1-4172-8b9a-1418ef4c6587', '76849b37-e178-44b6-abb0-67aa0d1ee8dd', 'd50e5fd3-0814-4ba8-8700-e3b5ef45c9c9', '2026-02-02T03:58:03.555692', '2026-02-02T03:58:03.555692');
INSERT INTO tickets (id, projection_id, hall_seat_id, booking_id, created_at, updated_at) VALUES ('cffa0383-6fa9-4225-a931-2af0615bd930', 'b29b00dc-b4da-4311-9646-bdc3c3fb174c', '525ad68f-dc8d-4b94-a85d-752ece8f5ada', 'a9fb1243-7c04-4708-bb25-b8ef24a1b93b', '2026-02-02T03:58:03.555812', '2026-02-02T03:58:03.555812');
INSERT INTO tickets (id, projection_id, hall_seat_id, booking_id, created_at, updated_at) VALUES ('953ddc41-10ef-4a42-a16a-b1ee49b43d0b', 'b29b00dc-b4da-4311-9646-bdc3c3fb174c', '78fd271f-880b-43f0-a715-a293c00e84b4', 'a9fb1243-7c04-4708-bb25-b8ef24a1b93b', '2026-02-02T03:58:03.555828', '2026-02-02T03:58:03.555828');
INSERT INTO tickets (id, projection_id, hall_seat_id, booking_id, created_at, updated_at) VALUES ('df8b22bc-fb0d-4048-a247-d93909ecced1', 'bc254547-010b-4b13-9799-ee5bf84d7c2c', 'e27dbd49-4b72-4bc6-9368-5f39b929b636', '7eacad24-de64-4b01-81cc-d89e02599c09', '2026-02-02T03:58:03.555923', '2026-02-02T03:58:03.555923');
INSERT INTO tickets (id, projection_id, hall_seat_id, booking_id, created_at, updated_at) VALUES ('5c79eef8-1142-4123-a132-96d5eb2fca9a', 'bc254547-010b-4b13-9799-ee5bf84d7c2c', '27839813-f07c-437f-990b-322ba6d491e5', '7eacad24-de64-4b01-81cc-d89e02599c09', '2026-02-02T03:58:03.555941', '2026-02-02T03:58:03.555941');
INSERT INTO tickets (id, projection_id, hall_seat_id, booking_id, created_at, updated_at) VALUES ('38cc34ca-ce70-495a-8edd-bad019288ab0', 'bc254547-010b-4b13-9799-ee5bf84d7c2c', 'cb447fc8-9b1b-4cfd-aff8-65a1a9369d25', '7eacad24-de64-4b01-81cc-d89e02599c09', '2026-02-02T03:58:03.555960', '2026-02-02T03:58:03.555960');
INSERT INTO tickets (id, projection_id, hall_seat_id, booking_id, created_at, updated_at) VALUES ('f61ba3e0-85fd-4487-84f1-5086050aa122', 'ba6e58f0-c4a4-4fbc-b771-cfa3308a429a', 'eae8f005-9f9f-419f-90ad-30a6766c4b69', 'c9063efa-bcc4-47ea-b4e1-d4ffa24f2441', '2026-02-02T03:58:03.556049', '2026-02-02T03:58:03.556049');
INSERT INTO tickets (id, projection_id, hall_seat_id, booking_id, created_at, updated_at) VALUES ('dd1f55a3-a802-4e03-9b2f-398a3727ec1f', 'ba6e58f0-c4a4-4fbc-b771-cfa3308a429a', '9887f1d1-8123-4130-9161-156bd246a721', 'c9063efa-bcc4-47ea-b4e1-d4ffa24f2441', '2026-02-02T03:58:03.556064', '2026-02-02T03:58:03.556064');
INSERT INTO tickets (id, projection_id, hall_seat_id, booking_id, created_at, updated_at) VALUES ('81283908-c788-4805-81ab-fdcbb2ca3df7', 'e56014bf-3a56-49ba-bdbc-479029fadfac', 'dded68f2-be25-4df7-97e1-63b6a0c962bf', '93bb35f3-284a-4491-b77d-e1bcf73efe95', '2026-02-02T03:58:03.556185', '2026-02-02T03:58:03.556185');
INSERT INTO tickets (id, projection_id, hall_seat_id, booking_id, created_at, updated_at) VALUES ('ef259f91-fe9a-4be0-bf14-ece60bb633b3', '39bb21b1-4704-48df-abb0-dfc926b8fdae', '95115e4a-6c42-4614-9f93-2cfbcdc0a3d1', '2ef644fa-92d0-4b0d-a94c-04ac145774e1', '2026-02-02T03:58:03.556271', '2026-02-02T03:58:03.556271');
INSERT INTO tickets (id, projection_id, hall_seat_id, booking_id, created_at, updated_at) VALUES ('0c3069a0-cb84-4aa0-be75-e4957eec5a9b', '39bb21b1-4704-48df-abb0-dfc926b8fdae', 'e5974774-3e6f-4dec-9bc7-7468fd39bdb4', '2ef644fa-92d0-4b0d-a94c-04ac145774e1', '2026-02-02T03:58:03.556287', '2026-02-02T03:58:03.556287');
INSERT INTO tickets (id, projection_id, hall_seat_id, booking_id, created_at, updated_at) VALUES ('82762138-451e-4a88-a031-81b05eb95212', '39bb21b1-4704-48df-abb0-dfc926b8fdae', '3c7dcb30-2f0e-48e3-a5f9-97ae20c91cd0', '2ef644fa-92d0-4b0d-a94c-04ac145774e1', '2026-02-02T03:58:03.556301', '2026-02-02T03:58:03.556301');
INSERT INTO tickets (id, projection_id, hall_seat_id, booking_id, created_at, updated_at) VALUES ('10f1d3f9-05d3-4b28-938d-69e0a4561d71', '2542fe00-15d6-4d61-99f5-14417b329989', 'e1df1525-23ec-4c6a-a286-9804b8b0cfbc', 'b145e380-7f30-455e-96b1-c32bdbbe7f7e', '2026-02-02T03:58:03.556409', '2026-02-02T03:58:03.556409');
INSERT INTO tickets (id, projection_id, hall_seat_id, booking_id, created_at, updated_at) VALUES ('f948617b-075b-432e-884e-c5a117ce7d3c', '2542fe00-15d6-4d61-99f5-14417b329989', '7e0c7fc3-f384-4136-bb12-4734f1d95a17', 'b145e380-7f30-455e-96b1-c32bdbbe7f7e', '2026-02-02T03:58:03.556424', '2026-02-02T03:58:03.556424');
INSERT INTO tickets (id, projection_id, hall_seat_id, booking_id, created_at, updated_at) VALUES ('eb184ce9-4b52-4f29-bbff-19ab5ffe7f59', '2542fe00-15d6-4d61-99f5-14417b329989', '9dac9ef1-1d29-47e3-8c37-82b7c11bad34', 'b145e380-7f30-455e-96b1-c32bdbbe7f7e', '2026-02-02T03:58:03.556438', '2026-02-02T03:58:03.556438');
INSERT INTO tickets (id, projection_id, hall_seat_id, booking_id, created_at, updated_at) VALUES ('9ca853a3-f495-4816-9b0b-a7eb7fbffb84', '2542fe00-15d6-4d61-99f5-14417b329989', '76849b37-e178-44b6-abb0-67aa0d1ee8dd', 'b145e380-7f30-455e-96b1-c32bdbbe7f7e', '2026-02-02T03:58:03.556451', '2026-02-02T03:58:03.556451');
INSERT INTO tickets (id, projection_id, hall_seat_id, booking_id, created_at, updated_at) VALUES ('b5e6fcd7-168f-4287-933b-dd4b8c992d24', 'e8a985e9-64de-4527-9241-dbe2fb1960ba', 'df2dc24a-b7cd-42a6-bc6f-c35b08673738', '9e859e27-5048-42bb-a884-48a306f162e8', '2026-02-02T03:58:03.556559', '2026-02-02T03:58:03.556559');
INSERT INTO tickets (id, projection_id, hall_seat_id, booking_id, created_at, updated_at) VALUES ('62ab05eb-8796-4eb7-991e-810052a5b3a9', '49a51d21-9ed7-4532-ae32-70cd7cbb6401', 'ecf73fd9-c68a-4b89-b3a0-2308047080a0', '7434a035-6df7-4235-a383-333751a9585d', '2026-02-02T03:58:03.556693', '2026-02-02T03:58:03.556693');
INSERT INTO tickets (id, projection_id, hall_seat_id, booking_id, created_at, updated_at) VALUES ('99eb41ab-19cb-491d-bdb5-9efd4c67b04b', '49a51d21-9ed7-4532-ae32-70cd7cbb6401', '476ffdd6-aeec-4c3e-8676-25c825f7d50a', '7434a035-6df7-4235-a383-333751a9585d', '2026-02-02T03:58:03.556708', '2026-02-02T03:58:03.556708');
INSERT INTO tickets (id, projection_id, hall_seat_id, booking_id, created_at, updated_at) VALUES ('33e79537-d717-4a7e-aec4-3ab1e98a8376', '49a51d21-9ed7-4532-ae32-70cd7cbb6401', '007f7df8-274b-4222-b522-22f78d84dcc3', '7434a035-6df7-4235-a383-333751a9585d', '2026-02-02T03:58:03.556722', '2026-02-02T03:58:03.556722');
INSERT INTO tickets (id, projection_id, hall_seat_id, booking_id, created_at, updated_at) VALUES ('a4254e2c-cd66-4a9d-a302-7bbc0e6b0218', '42c66b74-b276-47a4-8c78-9753932a99a4', '7e6227ff-b091-491e-8b27-96cd8efdbc7a', '275da776-bb4e-40e2-a64d-ddf70e104c75', '2026-02-02T03:58:03.556814', '2026-02-02T03:58:03.556814');
INSERT INTO tickets (id, projection_id, hall_seat_id, booking_id, created_at, updated_at) VALUES ('449e4742-a311-4c86-bf2d-748e69d5f340', '25be6823-539c-40a5-a048-440e7f593565', '726ba8d6-b9c0-4ba4-a982-4cb769928e70', 'f08ee014-f3cc-4915-84ed-c5de95a37468', '2026-02-02T03:58:03.556916', '2026-02-02T03:58:03.556916');
INSERT INTO tickets (id, projection_id, hall_seat_id, booking_id, created_at, updated_at) VALUES ('cf0884d6-3a5d-4762-bf65-6b95e83362fd', '613802e4-7134-41a5-a2b4-308293768224', '7b5ecbed-24fb-41d1-961b-d1b4aa9e176c', '400ce994-bdf4-438c-9015-3b63d77b0713', '2026-02-02T03:58:03.557011', '2026-02-02T03:58:03.557011');
INSERT INTO tickets (id, projection_id, hall_seat_id, booking_id, created_at, updated_at) VALUES ('5cdd61d1-4b3a-4d44-9bf3-263cd7e51f2a', '613802e4-7134-41a5-a2b4-308293768224', '2c313501-3b78-4076-a11a-c2af1046f192', '400ce994-bdf4-438c-9015-3b63d77b0713', '2026-02-02T03:58:03.557026', '2026-02-02T03:58:03.557026');
INSERT INTO tickets (id, projection_id, hall_seat_id, booking_id, created_at, updated_at) VALUES ('2c20bd0e-573c-4366-909a-f90cc407a235', '613802e4-7134-41a5-a2b4-308293768224', '79c82688-85ff-4da7-99d9-e5e76672380a', '400ce994-bdf4-438c-9015-3b63d77b0713', '2026-02-02T03:58:03.557040', '2026-02-02T03:58:03.557040');
INSERT INTO tickets (id, projection_id, hall_seat_id, booking_id, created_at, updated_at) VALUES ('e08ddfb5-7d69-4463-8e57-836e4483fe55', '7f94837d-6d23-45f1-b5fa-7d9446dab331', '229e7713-bc20-4aaa-989d-d227582bad93', '77e2c79b-5168-4f56-87ff-7413e88c998b', '2026-02-02T03:58:03.557156', '2026-02-02T03:58:03.557156');
INSERT INTO tickets (id, projection_id, hall_seat_id, booking_id, created_at, updated_at) VALUES ('0de45fc2-1168-4fb8-a68a-b0d2b54b3dca', 'c38487dd-11ba-483d-b7e1-cd8f29899264', '3348306d-f043-49b1-8dbe-29d45e0b97bc', 'fe5c939f-5b19-48cb-ab16-270ec1585e28', '2026-02-02T03:58:03.557260', '2026-02-02T03:58:03.557260');
INSERT INTO tickets (id, projection_id, hall_seat_id, booking_id, created_at, updated_at) VALUES ('a592eaff-5040-4755-a354-a2dd7be3a893', 'c38487dd-11ba-483d-b7e1-cd8f29899264', '78dcb88d-8ab8-47e8-b446-3d036e5628c1', 'fe5c939f-5b19-48cb-ab16-270ec1585e28', '2026-02-02T03:58:03.557275', '2026-02-02T03:58:03.557275');
INSERT INTO tickets (id, projection_id, hall_seat_id, booking_id, created_at, updated_at) VALUES ('acfef568-c728-46f6-97ed-58d7e8f7df6a', 'c38487dd-11ba-483d-b7e1-cd8f29899264', 'b18b1d3c-9f5a-4698-aa98-e9d57e7a1eb1', 'fe5c939f-5b19-48cb-ab16-270ec1585e28', '2026-02-02T03:58:03.557297', '2026-02-02T03:58:03.557297');
INSERT INTO tickets (id, projection_id, hall_seat_id, booking_id, created_at, updated_at) VALUES ('91db1d30-1e1a-4f0a-ba15-a2bb88ed9989', '8dddb072-1d54-4efc-800a-33f977c1ced5', 'cc81010a-d53b-4293-b617-a0e7be1e9501', '0d571c78-9d00-4e86-815f-45c8a2a996b4', '2026-02-02T03:58:03.557437', '2026-02-02T03:58:03.557437');
INSERT INTO tickets (id, projection_id, hall_seat_id, booking_id, created_at, updated_at) VALUES ('ac1741ec-1bf4-4ff0-a5e9-023e91e2955c', '8dddb072-1d54-4efc-800a-33f977c1ced5', '007f7df8-274b-4222-b522-22f78d84dcc3', '0d571c78-9d00-4e86-815f-45c8a2a996b4', '2026-02-02T03:58:03.557452', '2026-02-02T03:58:03.557452');
INSERT INTO tickets (id, projection_id, hall_seat_id, booking_id, created_at, updated_at) VALUES ('c8e0106c-ee3b-4346-936b-c759512ed3cb', '8dddb072-1d54-4efc-800a-33f977c1ced5', '14234381-ba91-47f3-a0a3-d5e46d81fe17', '0d571c78-9d00-4e86-815f-45c8a2a996b4', '2026-02-02T03:58:03.557465', '2026-02-02T03:58:03.557465');
INSERT INTO tickets (id, projection_id, hall_seat_id, booking_id, created_at, updated_at) VALUES ('e87787e1-ca9c-406b-b9a3-4d048c56cfa3', '7d773843-7804-40eb-9a3a-b72839fd0196', '55022d70-8373-416e-9182-68cd0aff49da', '00523351-4da6-4077-bc6f-d6f201f57016', '2026-02-02T03:58:03.557550', '2026-02-02T03:58:03.557550');
INSERT INTO tickets (id, projection_id, hall_seat_id, booking_id, created_at, updated_at) VALUES ('8ce27ee3-827c-4fca-84f6-8e37fe03446c', '7d773843-7804-40eb-9a3a-b72839fd0196', 'facc6e5f-e46c-4e22-a827-faa44031e659', '00523351-4da6-4077-bc6f-d6f201f57016', '2026-02-02T03:58:03.557566', '2026-02-02T03:58:03.557566');
INSERT INTO tickets (id, projection_id, hall_seat_id, booking_id, created_at, updated_at) VALUES ('f7ccd4fe-7fb0-435d-b5f9-b362e008c2c1', '89b2cefe-b42d-4d7d-ab76-f31f8a1ef591', '9fbb6e75-f664-4825-b5e2-3707cd1afae2', 'a13408fd-a7ac-4ae6-be2e-6bbb4974c19c', '2026-02-02T03:58:03.557700', '2026-02-02T03:58:03.557700');
INSERT INTO tickets (id, projection_id, hall_seat_id, booking_id, created_at, updated_at) VALUES ('a23b3e3e-e14e-4c99-be8b-b0e96599931e', '6f562386-4970-4e55-8817-ff056cb20564', 'a4205100-7e60-41b7-bc5b-fb6ac9687213', 'e4c9ccdd-72ee-44a2-8500-1b32dff6d053', '2026-02-02T03:58:03.557841', '2026-02-02T03:58:03.557841');
INSERT INTO tickets (id, projection_id, hall_seat_id, booking_id, created_at, updated_at) VALUES ('62c66137-782f-410f-96ec-bc31820fabf3', '6f562386-4970-4e55-8817-ff056cb20564', '99931a7c-e6c6-40ab-8b66-12b29a8c98de', 'e4c9ccdd-72ee-44a2-8500-1b32dff6d053', '2026-02-02T03:58:03.557859', '2026-02-02T03:58:03.557859');
INSERT INTO tickets (id, projection_id, hall_seat_id, booking_id, created_at, updated_at) VALUES ('51bc247e-128e-4cb7-b9d1-5d5d6d2c0daa', '6f562386-4970-4e55-8817-ff056cb20564', '5b587d9c-39d9-4482-86a9-6603a17b70a3', 'e4c9ccdd-72ee-44a2-8500-1b32dff6d053', '2026-02-02T03:58:03.557872', '2026-02-02T03:58:03.557872');
INSERT INTO tickets (id, projection_id, hall_seat_id, booking_id, created_at, updated_at) VALUES ('db55df88-2c8e-43a3-8342-9834a521c799', '42c66b74-b276-47a4-8c78-9753932a99a4', '8370bd31-75cf-4545-96f3-106f23702e39', 'aba84f03-045e-4a5d-a8b9-a8c2611b4759', '2026-02-02T03:58:03.557963', '2026-02-02T03:58:03.557963');
INSERT INTO tickets (id, projection_id, hall_seat_id, booking_id, created_at, updated_at) VALUES ('15ceca09-9eb3-4caf-ac47-c94e613a8bd1', '42c66b74-b276-47a4-8c78-9753932a99a4', '119940f9-7a73-4824-be76-741ec86d83c7', 'aba84f03-045e-4a5d-a8b9-a8c2611b4759', '2026-02-02T03:58:03.557983', '2026-02-02T03:58:03.557983');
INSERT INTO tickets (id, projection_id, hall_seat_id, booking_id, created_at, updated_at) VALUES ('220dfa47-3777-4813-98e4-b73f2acae2e3', '42c66b74-b276-47a4-8c78-9753932a99a4', 'f5904715-9f7b-4feb-b680-c365a339c3d1', 'aba84f03-045e-4a5d-a8b9-a8c2611b4759', '2026-02-02T03:58:03.557997', '2026-02-02T03:58:03.557997');
INSERT INTO tickets (id, projection_id, hall_seat_id, booking_id, created_at, updated_at) VALUES ('952b3dec-2c05-4a55-bcfa-386c937bf4fb', 'e0ab6e2d-a695-4e9d-9a92-b0979b235d42', '623b5313-b208-474a-84ef-0aac77ee6374', '3e7307c6-8edc-42fe-83b2-37f368680bb2', '2026-02-02T03:58:03.558121', '2026-02-02T03:58:03.558121');
INSERT INTO tickets (id, projection_id, hall_seat_id, booking_id, created_at, updated_at) VALUES ('65e71e30-f40c-48bf-9d3e-53e839b31b30', 'e0ab6e2d-a695-4e9d-9a92-b0979b235d42', '6e816f2b-be02-4681-8772-a511040c0d95', '3e7307c6-8edc-42fe-83b2-37f368680bb2', '2026-02-02T03:58:03.558137', '2026-02-02T03:58:03.558137');
INSERT INTO tickets (id, projection_id, hall_seat_id, booking_id, created_at, updated_at) VALUES ('75c189c0-99c3-4377-b45a-885188628623', 'e0ab6e2d-a695-4e9d-9a92-b0979b235d42', 'c3bbb4a2-86e1-4cb7-9a6a-969eccd2fe79', '3e7307c6-8edc-42fe-83b2-37f368680bb2', '2026-02-02T03:58:03.558151', '2026-02-02T03:58:03.558151');
INSERT INTO tickets (id, projection_id, hall_seat_id, booking_id, created_at, updated_at) VALUES ('65119197-56e9-451d-9060-d77bbd9ad919', 'e0ab6e2d-a695-4e9d-9a92-b0979b235d42', '8a70a1e2-1c27-4076-b46d-56d37f6ff081', '3e7307c6-8edc-42fe-83b2-37f368680bb2', '2026-02-02T03:58:03.558167', '2026-02-02T03:58:03.558167');
INSERT INTO tickets (id, projection_id, hall_seat_id, booking_id, created_at, updated_at) VALUES ('a72a4b24-f52c-4a5c-a28b-3a0d3763ad40', 'c2934084-7592-410f-a932-c19ea35a2d54', 'bc4a68e8-d5a9-484a-8339-f3faae4fa2cb', 'b0180f5e-364b-437e-a06f-c501f239999f', '2026-02-02T03:58:03.558296', '2026-02-02T03:58:03.558296');
INSERT INTO tickets (id, projection_id, hall_seat_id, booking_id, created_at, updated_at) VALUES ('cecd8ebc-4251-43e8-891c-6ec090d6b5a9', 'c2934084-7592-410f-a932-c19ea35a2d54', '4feec5ae-9a57-41eb-9b4d-f77cf5f85773', 'b0180f5e-364b-437e-a06f-c501f239999f', '2026-02-02T03:58:03.558312', '2026-02-02T03:58:03.558312');
INSERT INTO tickets (id, projection_id, hall_seat_id, booking_id, created_at, updated_at) VALUES ('11f273e3-db61-4e44-90fa-fbe2b9e201b1', 'c2acef81-80fe-4786-890d-f4f9a0a6aaa2', '1aa8478d-2b1a-4526-b472-1661f487290e', 'd45613ca-26f2-42b5-9ff4-f9d4dbd96aeb', '2026-02-02T03:58:03.558430', '2026-02-02T03:58:03.558430');
INSERT INTO tickets (id, projection_id, hall_seat_id, booking_id, created_at, updated_at) VALUES ('1e4d971e-d9ba-4abe-be99-fd01c8eec4f2', 'c2acef81-80fe-4786-890d-f4f9a0a6aaa2', '84ed8bf5-ce31-41f1-98cd-d59ecc7f3d39', 'd45613ca-26f2-42b5-9ff4-f9d4dbd96aeb', '2026-02-02T03:58:03.558446', '2026-02-02T03:58:03.558446');
INSERT INTO tickets (id, projection_id, hall_seat_id, booking_id, created_at, updated_at) VALUES ('ad506b2d-3452-4466-ae88-2363fae8346b', 'c2acef81-80fe-4786-890d-f4f9a0a6aaa2', '25b69c69-1a7c-451e-b1e5-8f15c9fa4bb3', 'd45613ca-26f2-42b5-9ff4-f9d4dbd96aeb', '2026-02-02T03:58:03.558465', '2026-02-02T03:58:03.558465');
INSERT INTO tickets (id, projection_id, hall_seat_id, booking_id, created_at, updated_at) VALUES ('f9791768-3dec-48a5-ac90-b151df9e3d62', '23022401-85e7-46bd-bd6f-4cbf7f1372f4', '9127f641-fe4c-4412-94a6-17ba0cecf1c2', '79fbfffb-dd4c-4950-859f-46261e3afac0', '2026-02-02T03:58:03.558576', '2026-02-02T03:58:03.558576');
INSERT INTO tickets (id, projection_id, hall_seat_id, booking_id, created_at, updated_at) VALUES ('97215d39-8720-4507-afc4-ac2159aae13d', '23022401-85e7-46bd-bd6f-4cbf7f1372f4', 'a05c0035-4869-44da-b919-6468a7ebea61', '79fbfffb-dd4c-4950-859f-46261e3afac0', '2026-02-02T03:58:03.558591', '2026-02-02T03:58:03.558591');
INSERT INTO tickets (id, projection_id, hall_seat_id, booking_id, created_at, updated_at) VALUES ('cc82ca59-3957-4ddd-8c13-e7bf556a3790', '5d300f87-eb17-4681-9fe7-664f67e63544', '3ae9fa66-d173-4da8-bc12-50cc6c7c2838', '4e9d76bd-d117-440d-b6df-84d24f3ba8fc', '2026-02-02T03:58:03.558732', '2026-02-02T03:58:03.558732');
INSERT INTO tickets (id, projection_id, hall_seat_id, booking_id, created_at, updated_at) VALUES ('6048f15d-618e-4ec6-80d2-674120958339', '5d300f87-eb17-4681-9fe7-664f67e63544', '30c5da23-2973-4446-93ad-fc5ecd05fda3', '4e9d76bd-d117-440d-b6df-84d24f3ba8fc', '2026-02-02T03:58:03.558748', '2026-02-02T03:58:03.558748');
INSERT INTO tickets (id, projection_id, hall_seat_id, booking_id, created_at, updated_at) VALUES ('467e8cbb-7f77-4c2b-a645-6fccfa824daf', '5d300f87-eb17-4681-9fe7-664f67e63544', 'fcb7f4c5-4e4b-4097-b676-87f9bf706881', '4e9d76bd-d117-440d-b6df-84d24f3ba8fc', '2026-02-02T03:58:03.558761', '2026-02-02T03:58:03.558761');
INSERT INTO tickets (id, projection_id, hall_seat_id, booking_id, created_at, updated_at) VALUES ('0c2cf878-5113-43f2-90d3-40982c513402', '5d300f87-eb17-4681-9fe7-664f67e63544', '96ed7a10-e751-4128-ac7a-62b0f7b5086e', '4e9d76bd-d117-440d-b6df-84d24f3ba8fc', '2026-02-02T03:58:03.558775', '2026-02-02T03:58:03.558775');
INSERT INTO tickets (id, projection_id, hall_seat_id, booking_id, created_at, updated_at) VALUES ('e3ebd9af-86b1-4825-b0e0-43fa04bb544b', '9350caad-0c7e-423a-ad15-cc6a5075f353', 'dbbb5ae4-3e9c-43b1-9598-2d01e74f3f75', 'ce820c0c-24d1-431a-8d05-22134c2061f6', '2026-02-02T03:58:03.558860', '2026-02-02T03:58:03.558860');
INSERT INTO tickets (id, projection_id, hall_seat_id, booking_id, created_at, updated_at) VALUES ('977e53e5-658a-477f-aba0-48153a46e3ed', '8c76b61b-14e4-48fa-ae6c-bd9d5001a8a1', '278a6d51-1750-41fa-98c4-be3900e932f6', 'd62ff23c-df24-4fce-aa61-80d20dff961c', '2026-02-02T03:58:03.558966', '2026-02-02T03:58:03.558966');
INSERT INTO tickets (id, projection_id, hall_seat_id, booking_id, created_at, updated_at) VALUES ('63f63c1b-1c6b-4935-a0f4-a6feb4fc999a', '8c76b61b-14e4-48fa-ae6c-bd9d5001a8a1', 'e5abc269-56c1-4f27-b69c-c6779487c35b', 'd62ff23c-df24-4fce-aa61-80d20dff961c', '2026-02-02T03:58:03.558981', '2026-02-02T03:58:03.558981');
INSERT INTO tickets (id, projection_id, hall_seat_id, booking_id, created_at, updated_at) VALUES ('3ea0f471-fddc-43b3-8915-a00d1e5dbebb', '8c76b61b-14e4-48fa-ae6c-bd9d5001a8a1', '2b9fed2a-cd2a-4fa9-abf8-fd8b90f7cde3', 'd62ff23c-df24-4fce-aa61-80d20dff961c', '2026-02-02T03:58:03.558994', '2026-02-02T03:58:03.558994');
INSERT INTO tickets (id, projection_id, hall_seat_id, booking_id, created_at, updated_at) VALUES ('05e29810-720c-4365-a06f-e2d37de7b852', '8c76b61b-14e4-48fa-ae6c-bd9d5001a8a1', '3fd52618-9562-42c4-93f3-54d53746b8ff', 'd62ff23c-df24-4fce-aa61-80d20dff961c', '2026-02-02T03:58:03.559011', '2026-02-02T03:58:03.559011');
INSERT INTO tickets (id, projection_id, hall_seat_id, booking_id, created_at, updated_at) VALUES ('a1825a88-8a04-4548-89a9-b2558738dd62', '08edeed5-0c25-4e36-b1cb-831a91ed23c1', '376d0f2e-8339-495a-931d-c29513c9a95b', '40798051-e363-4604-8370-87c0077b1377', '2026-02-02T03:58:03.559152', '2026-02-02T03:58:03.559152');
INSERT INTO tickets (id, projection_id, hall_seat_id, booking_id, created_at, updated_at) VALUES ('deed39e0-9606-4661-84af-9c70c2d02385', 'b5d01a94-fe83-46ab-8adc-438e218cc138', '73e7c86f-24c8-4127-867a-a9224a686f3f', 'afe88b8d-ec8d-486c-a93f-2c61b69ebc3b', '2026-02-02T03:58:03.559266', '2026-02-02T03:58:03.559266');
INSERT INTO tickets (id, projection_id, hall_seat_id, booking_id, created_at, updated_at) VALUES ('35ea1c18-4e7b-4235-9722-e6d1e36bcfe7', 'b5d01a94-fe83-46ab-8adc-438e218cc138', 'f4c3baca-24ce-4b5a-81c8-c9c4ef17e6a8', 'afe88b8d-ec8d-486c-a93f-2c61b69ebc3b', '2026-02-02T03:58:03.559281', '2026-02-02T03:58:03.559281');
INSERT INTO tickets (id, projection_id, hall_seat_id, booking_id, created_at, updated_at) VALUES ('0340df68-16e4-4db1-be19-f6dea37f9a8d', 'cd9e020d-7366-43f8-a1bd-39bea257b52a', '8d36dd1f-a510-4304-9d6c-e48e4bdce8c4', '695a71db-f1d1-48cb-8596-87d106707761', '2026-02-02T03:58:03.559389', '2026-02-02T03:58:03.559389');
INSERT INTO tickets (id, projection_id, hall_seat_id, booking_id, created_at, updated_at) VALUES ('35dda0e3-98b1-45b4-8858-8e672eab028f', 'cd9e020d-7366-43f8-a1bd-39bea257b52a', '872bf6e2-277b-4646-a5de-7f5162608122', '695a71db-f1d1-48cb-8596-87d106707761', '2026-02-02T03:58:03.559405', '2026-02-02T03:58:03.559405');
INSERT INTO tickets (id, projection_id, hall_seat_id, booking_id, created_at, updated_at) VALUES ('7d37b997-f8c6-4934-81c2-d6725cd64ed2', 'cd9e020d-7366-43f8-a1bd-39bea257b52a', '158d0e00-309f-475c-bb75-19dba563e1a8', '695a71db-f1d1-48cb-8596-87d106707761', '2026-02-02T03:58:03.559418', '2026-02-02T03:58:03.559418');
INSERT INTO tickets (id, projection_id, hall_seat_id, booking_id, created_at, updated_at) VALUES ('ffdaac5b-f4de-487e-ae10-070ac4cbc3db', '2ef93b14-314b-4903-a2ff-5c7477138a9c', '58141dd6-6449-4285-a485-8aa01e2e6180', 'fb8eb1e0-0b30-4da1-8d1c-8911474cb3fc', '2026-02-02T03:58:03.559504', '2026-02-02T03:58:03.559504');
INSERT INTO tickets (id, projection_id, hall_seat_id, booking_id, created_at, updated_at) VALUES ('f7fef170-259f-4e2f-a5ae-928e6aec7094', '2ef93b14-314b-4903-a2ff-5c7477138a9c', '19627fce-770f-4bd2-a20e-2a880a22d4cc', 'fb8eb1e0-0b30-4da1-8d1c-8911474cb3fc', '2026-02-02T03:58:03.559522', '2026-02-02T03:58:03.559522');
INSERT INTO tickets (id, projection_id, hall_seat_id, booking_id, created_at, updated_at) VALUES ('71b59073-7449-45f3-8c40-f9c76dfa9788', '2ef93b14-314b-4903-a2ff-5c7477138a9c', '01ce9ce6-2294-4c55-bdc5-b8203f9c1c96', 'fb8eb1e0-0b30-4da1-8d1c-8911474cb3fc', '2026-02-02T03:58:03.559536', '2026-02-02T03:58:03.559536');
INSERT INTO tickets (id, projection_id, hall_seat_id, booking_id, created_at, updated_at) VALUES ('c8494986-be98-4923-a056-3fc40ad23572', '37c266c8-057c-42b2-a75c-7743236d6f9f', '4e36c05f-5ffb-4080-91b2-04025733ccb2', 'd9d9d131-1ac7-4f5b-ade9-2c97b9e1e296', '2026-02-02T03:58:03.559672', '2026-02-02T03:58:03.559672');
INSERT INTO tickets (id, projection_id, hall_seat_id, booking_id, created_at, updated_at) VALUES ('cd41f7f7-ed74-4e94-95cf-e71151a73fae', '37c266c8-057c-42b2-a75c-7743236d6f9f', '57218c39-3cbc-4fda-b6de-9eed7838e366', 'd9d9d131-1ac7-4f5b-ade9-2c97b9e1e296', '2026-02-02T03:58:03.559687', '2026-02-02T03:58:03.559687');
INSERT INTO tickets (id, projection_id, hall_seat_id, booking_id, created_at, updated_at) VALUES ('e261caf5-6e56-4647-ba33-fb92b0962b39', 'a43a0422-c588-443f-9a51-e9dd2d644352', '3b33e9cc-dd5a-49d8-a492-0b134c1313fb', '12c9b41a-d9f9-4484-8237-f95f62639cd1', '2026-02-02T03:58:03.559812', '2026-02-02T03:58:03.559812');
INSERT INTO tickets (id, projection_id, hall_seat_id, booking_id, created_at, updated_at) VALUES ('ffded4d3-12c9-4af4-a7e4-28c088d33718', 'a43a0422-c588-443f-9a51-e9dd2d644352', '1194b329-9251-4a4c-b5dd-879a3289bf67', '12c9b41a-d9f9-4484-8237-f95f62639cd1', '2026-02-02T03:58:03.559828', '2026-02-02T03:58:03.559828');
INSERT INTO tickets (id, projection_id, hall_seat_id, booking_id, created_at, updated_at) VALUES ('95873a2b-afca-41c4-8817-cd3a97079cc4', 'a43a0422-c588-443f-9a51-e9dd2d644352', '8ea2ec3d-dbaf-430e-992a-c2f962cfb240', '12c9b41a-d9f9-4484-8237-f95f62639cd1', '2026-02-02T03:58:03.559841', '2026-02-02T03:58:03.559841');
INSERT INTO tickets (id, projection_id, hall_seat_id, booking_id, created_at, updated_at) VALUES ('9c06084e-7dba-4b2a-be7a-b66bb51e045e', '05756dcd-6cfd-432a-baf7-2c4a4344649d', 'd4c43dc9-9f21-4ab1-9f6f-ca56b7615a60', '319ec478-ae26-4e3f-9a00-60a97511b602', '2026-02-02T03:58:03.559947', '2026-02-02T03:58:03.559947');
INSERT INTO tickets (id, projection_id, hall_seat_id, booking_id, created_at, updated_at) VALUES ('4fdd8750-8add-497f-9f23-52cf5f2e1f13', 'e60887a4-e719-4eb8-9c2b-e89976399aa4', 'e415b3ab-f6a2-492a-898d-bfafffc978f8', 'd3ca1274-6fde-45bc-b789-ce2cb683470b', '2026-02-02T03:58:03.560054', '2026-02-02T03:58:03.560054');
INSERT INTO tickets (id, projection_id, hall_seat_id, booking_id, created_at, updated_at) VALUES ('0efdd7cc-bf69-4fb9-a683-93fea29a18e8', 'e84c8c54-1fef-4432-865f-2d43dab67d43', 'dd6bd573-9540-489b-b1d4-ab3877a8753b', 'a9e6802b-a5f8-4214-923d-bbba968b369c', '2026-02-02T03:58:03.560187', '2026-02-02T03:58:03.560187');
INSERT INTO tickets (id, projection_id, hall_seat_id, booking_id, created_at, updated_at) VALUES ('fb56d0ff-d8bf-447d-a760-400d6da883f0', 'e84c8c54-1fef-4432-865f-2d43dab67d43', '1194b329-9251-4a4c-b5dd-879a3289bf67', 'a9e6802b-a5f8-4214-923d-bbba968b369c', '2026-02-02T03:58:03.560203', '2026-02-02T03:58:03.560203');
INSERT INTO tickets (id, projection_id, hall_seat_id, booking_id, created_at, updated_at) VALUES ('4884e526-2cae-47e4-9db5-2361af3a6a81', '7a634a5c-4fa9-4891-9968-8b6bfa9bb5a7', 'bd29e6c4-4544-4cd6-bc8a-c91600424353', '1c8dad9e-39da-4179-bcc6-833d01e455cf', '2026-02-02T03:58:03.560299', '2026-02-02T03:58:03.560299');
INSERT INTO tickets (id, projection_id, hall_seat_id, booking_id, created_at, updated_at) VALUES ('9adb2aad-9525-4766-9b87-c85a189b69c6', '7a634a5c-4fa9-4891-9968-8b6bfa9bb5a7', '5f58766d-6522-48a7-9b47-3ab09b5c3875', '1c8dad9e-39da-4179-bcc6-833d01e455cf', '2026-02-02T03:58:03.560314', '2026-02-02T03:58:03.560314');
INSERT INTO tickets (id, projection_id, hall_seat_id, booking_id, created_at, updated_at) VALUES ('ce4ae6c9-940a-413f-a3c3-8d44003b1a59', '96befc3c-2e0a-4e9d-a4e4-541c46571c01', '96ed7a10-e751-4128-ac7a-62b0f7b5086e', 'dcd5a4c6-f12e-47a7-aef0-71032516947a', '2026-02-02T03:58:03.560405', '2026-02-02T03:58:03.560405');
INSERT INTO tickets (id, projection_id, hall_seat_id, booking_id, created_at, updated_at) VALUES ('7926554a-76e5-4686-abc1-922f385ad7b0', '1ba42013-c195-4866-81c4-6af27e0ae6f9', '0a18c766-1203-4f46-a4a0-fb81547a9df8', 'f411b4f0-2703-4ace-990c-cf24bf332daa', '2026-02-02T03:58:03.560493', '2026-02-02T03:58:03.560493');