INSERT INTO countries (id, iso_2_code, name, created_at, updated_at) VALUES ('44f4698c-5d5a-46ab-aa87-86508cba79a6', 'BA', 'Bosnia and Herzegovina', '2026-01-06T17:58:54.476947', '2026-01-06T17:58:54.476947');
INSERT INTO cities (id, name, timezone, country_id, created_at, updated_at) VALUES ('e4a95c4e-112b-447d-9d10-ec1d7d260aec', 'Sarajevo', 'Europe/Sarajevo', '44f4698c-5d5a-46ab-aa87-86508cba79a6', '2026-01-06T17:58:54.479431', '2026-01-06T17:58:54.479431');
INSERT INTO cities (id, name, timezone, country_id, created_at, updated_at) VALUES ('0040ac14-4426-478f-b233-d74b21a36534', 'Banja Luka', 'Europe/Sarajevo', '44f4698c-5d5a-46ab-aa87-86508cba79a6', '2026-01-06T17:58:54.479502', '2026-01-06T17:58:54.479502');
INSERT INTO cities (id, name, timezone, country_id, created_at, updated_at) VALUES ('83c45e0c-bbef-4ff7-87e7-298ef1561708', 'Mostar', 'Europe/Sarajevo', '44f4698c-5d5a-46ab-aa87-86508cba79a6', '2026-01-06T17:58:54.479531', '2026-01-06T17:58:54.479531');
INSERT INTO cities (id, name, timezone, country_id, created_at, updated_at) VALUES ('67468734-b102-42f3-a684-33125715f574', 'Tuzla', 'Europe/Sarajevo', '44f4698c-5d5a-46ab-aa87-86508cba79a6', '2026-01-06T17:58:54.479557', '2026-01-06T17:58:54.479557');
INSERT INTO cities (id, name, timezone, country_id, created_at, updated_at) VALUES ('1cecfcf0-1cdc-45a0-90f7-aeb830a84feb', 'Zenica', 'Europe/Sarajevo', '44f4698c-5d5a-46ab-aa87-86508cba79a6', '2026-01-06T17:58:54.479582', '2026-01-06T17:58:54.479582');
INSERT INTO seat_types (id, seat_type, price, description, created_at, updated_at) VALUES ('25d17eab-bd46-441a-9167-1e5f200d28bd', 'Regular', 7.0, 'Comfortable seating. Affordable pricing. Wide selection. Accessible locations. Suitable for everyone', '2026-01-06T17:58:54.480092', '2026-01-06T17:58:54.480092');
INSERT INTO seat_types (id, seat_type, price, description, created_at, updated_at) VALUES ('eeaf9c60-1278-4496-a8b9-564901c1a9d4', 'Love', 24.0, 'Side-by-side design. Comfortable padding. Adjustable armrests. Cup holders. Reserved for couples.', '2026-01-06T17:58:54.480149', '2026-01-06T17:58:54.480149');
INSERT INTO seat_types (id, seat_type, price, description, created_at, updated_at) VALUES ('09699c89-5a1d-4f52-b1d0-edecbc043c96', 'VIP', 10.0, 'Enhanced comfort. Priority seating. Prime viewing. Personal space. Luxury extras.', '2026-01-06T17:58:54.480215', '2026-01-06T17:58:54.480215');
INSERT INTO users (id, first_name, last_name, email, password, phone, profile_image_url, city_id, is_verified, created_at, updated_at) VALUES ('463f41b4-1dab-440d-93ee-f30d2afd5284', 'Admin', 'User', 'admin@cinema.ba', '$2b$12$t8Js6eK5M2Fnx2BRkQr60uFwfynkS.5vaUvuTPcMcFdQ/Y4bT.s6y', '+38733123456', '', 'e4a95c4e-112b-447d-9d10-ec1d7d260aec' , True, '2026-01-06T17:58:55.041783', '2026-01-06T17:58:55.041783');
INSERT INTO users (id, first_name, last_name, email, password, phone, profile_image_url, city_id, is_verified, created_at, updated_at) VALUES ('a5a21d79-3594-4278-aea7-f997a2d6accf', 'John', 'Doe', 'john@cinema.ba', '$2b$12$eHP4XK0.1k1zOGVN3RDd4uDslQqcrOluSvQC7vXHnBk.vvbwL.Dnq', '+38751234567', '', '0040ac14-4426-478f-b233-d74b21a36534' , True, '2026-01-06T17:58:55.455861', '2026-01-06T17:58:55.455861');
INSERT INTO users (id, first_name, last_name, email, password, phone, profile_image_url, city_id, is_verified, created_at, updated_at) VALUES ('20ec4c3b-ea5c-40ee-b223-2d03d27c811a', 'Dev', 'User', 'dev@cinema.ba', '$2b$12$x5ys1USeZe8YQupjnVtNCO7tQwTfyIOGqzWiHJ3HZhm9tXUHKCrY6', '+38761234567', '', 'e4a95c4e-112b-447d-9d10-ec1d7d260aec' , True, '2026-01-06T17:58:55.853214', '2026-01-06T17:58:55.853214');
INSERT INTO roles (id, name, created_at, updated_at) VALUES ('052195b2-6f22-4b62-85e7-610e0c517fc8', 'ADMIN', '2026-01-06T17:58:55.853502', '2026-01-06T17:58:55.853502');
INSERT INTO roles (id, name, created_at, updated_at) VALUES ('594dd777-219c-4ed8-bfdc-6f8d0007e030', 'USER', '2026-01-06T17:58:55.853531', '2026-01-06T17:58:55.853531');
INSERT INTO roles (id, name, created_at, updated_at) VALUES ('80a669e3-a0ee-434e-9961-97142e11d1e4', 'DEV', '2026-01-06T17:58:55.853549', '2026-01-06T17:58:55.853549');
INSERT INTO user_roles (user_id, role_id) VALUES ('463f41b4-1dab-440d-93ee-f30d2afd5284', '052195b2-6f22-4b62-85e7-610e0c517fc8');
INSERT INTO user_roles (user_id, role_id) VALUES ('a5a21d79-3594-4278-aea7-f997a2d6accf', '594dd777-219c-4ed8-bfdc-6f8d0007e030');
INSERT INTO user_roles (user_id, role_id) VALUES ('20ec4c3b-ea5c-40ee-b223-2d03d27c811a', '80a669e3-a0ee-434e-9961-97142e11d1e4');
INSERT INTO user_roles (user_id, role_id) VALUES ('20ec4c3b-ea5c-40ee-b223-2d03d27c811a', '052195b2-6f22-4b62-85e7-610e0c517fc8');
INSERT INTO user_roles (user_id, role_id) VALUES ('20ec4c3b-ea5c-40ee-b223-2d03d27c811a', '594dd777-219c-4ed8-bfdc-6f8d0007e030');
INSERT INTO venues (id, name, street, street_number, phone, image_url, city_id, created_at, updated_at) VALUES ('1554d242-92f7-4729-b2da-429ab4d1790b', 'Cineplexx Sarajevo', '983 Cinema Boulevard', '107', '+38733199997', 'https://raport.ba/uploads//gen/2021/06/_800xAUTO_crop_center-center_none/cineplexx-scaled.jpg', 'e4a95c4e-112b-447d-9d10-ec1d7d260aec', '2026-01-06T17:58:55.857272', '2026-01-06T17:58:55.857272');
INSERT INTO venues (id, name, street, street_number, phone, image_url, city_id, created_at, updated_at) VALUES ('a61369fc-d454-4ebc-92c6-ef234aa67e7c', 'Meeting Point Cinema', '162 Cinema Boulevard', '168', '+38733260790', 'https://media.sarajevski.ba/2013/11/meeting_point_kino_1.jpg', 'e4a95c4e-112b-447d-9d10-ec1d7d260aec', '2026-01-06T17:58:55.857360', '2026-01-06T17:58:55.857360');
INSERT INTO venues (id, name, street, street_number, phone, image_url, city_id, created_at, updated_at) VALUES ('634f4ac7-8b8b-46c2-85e1-b450773fee52', 'Bosmal City Center', '667 Cinema Boulevard', '137', '+38733626074', 'https://upload.wikimedia.org/wikipedia/en/e/ea/Bosmal_City_Center_Sarajevo.jpg', 'e4a95c4e-112b-447d-9d10-ec1d7d260aec', '2026-01-06T17:58:55.857423', '2026-01-06T17:58:55.857423');
INSERT INTO venues (id, name, street, street_number, phone, image_url, city_id, created_at, updated_at) VALUES ('beeafb6d-3732-498b-8189-0cf53c505511', 'Cinestar Sarajevo', '657 Cinema Boulevard', '182', '+38733559815', 'https://media.jutarnji.hr/images/slike/2020/11/03/f_9240693_1280.jpg', 'e4a95c4e-112b-447d-9d10-ec1d7d260aec', '2026-01-06T17:58:55.857482', '2026-01-06T17:58:55.857482');
INSERT INTO venues (id, name, street, street_number, phone, image_url, city_id, created_at, updated_at) VALUES ('d33ee8a4-b506-4bc1-a71b-634986c069b5', 'Kinoteka', '85 Cinema Boulevard', '117', '+38733607503', 'https://sarajevo.travel/assets/photos/places/big/154-kinoteka-03-1397237673.jpg', 'e4a95c4e-112b-447d-9d10-ec1d7d260aec', '2026-01-06T17:58:55.857549', '2026-01-06T17:58:55.857549');
INSERT INTO venues (id, name, street, street_number, phone, image_url, city_id, created_at, updated_at) VALUES ('40b26d66-a06c-4477-a786-2b2fc366eade', 'Cineplexx Banja Luka', '835 Cinema Boulevard', '121', '+38733211965', 'https://banjaluka.net/wp-content/uploads/2018/09/palas.jpg', '0040ac14-4426-478f-b233-d74b21a36534', '2026-01-06T17:58:55.857598', '2026-01-06T17:58:55.857598');
INSERT INTO venues (id, name, street, street_number, phone, image_url, city_id, created_at, updated_at) VALUES ('7e015520-4e67-4cf8-ab07-1272e3477481', 'Cinestar Banja Luka', '504 Cinema Boulevard', '110', '+38733779577', 'https://banjalukacity.info/storage/entity-photos/0SAnzUAyHV7L2WCVhWsm6l2pE2F4494SiS2X8CaO.webp', '0040ac14-4426-478f-b233-d74b21a36534', '2026-01-06T17:58:55.857642', '2026-01-06T17:58:55.857642');
INSERT INTO venues (id, name, street, street_number, phone, image_url, city_id, created_at, updated_at) VALUES ('3eec8433-7e60-4384-a667-dea2a0d9d87c', 'Cineplexx Mostar', '164 Cinema Boulevard', '70', '+38733283848', 'https://static.klix.ba/media/images/vijesti/b_200902027.jpg?v=2', '83c45e0c-bbef-4ff7-87e7-298ef1561708', '2026-01-06T17:58:55.857672', '2026-01-06T17:58:55.857672');
INSERT INTO venues (id, name, street, street_number, phone, image_url, city_id, created_at, updated_at) VALUES ('3ffeab1b-b9dc-4074-98d2-2082ee71f4a5', 'Cinestar Mostar', '902 Cinema Boulevard', '141', '+38733901444', 'https://cinestarcinemas.hr/remote/185.155.226.145/Ostalo%2Fmostargalerija/resize2%20(3).jfif?width=750', '83c45e0c-bbef-4ff7-87e7-298ef1561708', '2026-01-06T17:58:55.857698', '2026-01-06T17:58:55.857698');
INSERT INTO venues (id, name, street, street_number, phone, image_url, city_id, created_at, updated_at) VALUES ('76e98013-1d8c-4341-abf5-8be6f0a20c0e', 'Cinestar Tuzla', '401 Cinema Boulevard', '195', '+38733891588', 'https://www.vox-communications.com/wp-content/uploads/2022/07/resize2-1-2.jpg', '67468734-b102-42f3-a684-33125715f574', '2026-01-06T17:58:55.857725', '2026-01-06T17:58:55.857725');
INSERT INTO venues (id, name, street, street_number, phone, image_url, city_id, created_at, updated_at) VALUES ('8b18e9f9-8140-4b7b-8315-d083397880e6', 'Cinestar Zenica', '638 Cinema Boulevard', '111', '+38733761199', 'https://www.hercegovina.info/img/repository/2018/01/image_640x396/1_61840717.jpg', '1cecfcf0-1cdc-45a0-90f7-aeb830a84feb', '2026-01-06T17:58:55.857754', '2026-01-06T17:58:55.857754');
INSERT INTO cinema_halls (id, name, venue_id, created_at, updated_at) VALUES ('855a5c41-43b2-4968-b698-501ccba52db7', 'Hall 1', '1554d242-92f7-4729-b2da-429ab4d1790b', '2026-01-06T17:58:55.857993', '2026-01-06T17:58:55.857993');
INSERT INTO cinema_halls (id, name, venue_id, created_at, updated_at) VALUES ('1368e1f8-aa54-4d8e-99d2-eadb141e97cb', 'Hall 1', 'a61369fc-d454-4ebc-92c6-ef234aa67e7c', '2026-01-06T17:58:55.858040', '2026-01-06T17:58:55.858040');
INSERT INTO cinema_halls (id, name, venue_id, created_at, updated_at) VALUES ('fb31358a-eb2f-4cac-9901-7368b51ad47f', 'Hall 1', '634f4ac7-8b8b-46c2-85e1-b450773fee52', '2026-01-06T17:58:55.858079', '2026-01-06T17:58:55.858079');
INSERT INTO cinema_halls (id, name, venue_id, created_at, updated_at) VALUES ('c6127204-b556-472e-8812-12d5aed4e3f9', 'Hall 1', 'beeafb6d-3732-498b-8189-0cf53c505511', '2026-01-06T17:58:55.858114', '2026-01-06T17:58:55.858114');
INSERT INTO cinema_halls (id, name, venue_id, created_at, updated_at) VALUES ('12cfc0fb-73b1-4a4b-8416-162b8c862879', 'Hall 1', 'd33ee8a4-b506-4bc1-a71b-634986c069b5', '2026-01-06T17:58:55.858145', '2026-01-06T17:58:55.858145');
INSERT INTO cinema_halls (id, name, venue_id, created_at, updated_at) VALUES ('626bed58-a026-40aa-8c12-2010c058bc6f', 'Hall 1', '40b26d66-a06c-4477-a786-2b2fc366eade', '2026-01-06T17:58:55.858174', '2026-01-06T17:58:55.858174');
INSERT INTO cinema_halls (id, name, venue_id, created_at, updated_at) VALUES ('d3b645b7-0add-4a8f-83f6-54b98b2815d0', 'Hall 1', '7e015520-4e67-4cf8-ab07-1272e3477481', '2026-01-06T17:58:55.858203', '2026-01-06T17:58:55.858203');
INSERT INTO cinema_halls (id, name, venue_id, created_at, updated_at) VALUES ('b7a671bb-f528-4c67-b92c-6a670ddf0cd3', 'Hall 1', '3eec8433-7e60-4384-a667-dea2a0d9d87c', '2026-01-06T17:58:55.858230', '2026-01-06T17:58:55.858230');
INSERT INTO cinema_halls (id, name, venue_id, created_at, updated_at) VALUES ('336818a7-3094-445d-af55-f3f1b72885de', 'Hall 1', '3ffeab1b-b9dc-4074-98d2-2082ee71f4a5', '2026-01-06T17:58:55.858258', '2026-01-06T17:58:55.858258');
INSERT INTO cinema_halls (id, name, venue_id, created_at, updated_at) VALUES ('1093090e-e74e-4500-ab60-3fd38a89f11b', 'Hall 1', '76e98013-1d8c-4341-abf5-8be6f0a20c0e', '2026-01-06T17:58:55.858284', '2026-01-06T17:58:55.858284');
INSERT INTO cinema_halls (id, name, venue_id, created_at, updated_at) VALUES ('754d9a64-a351-458f-90df-29d943c5ae3f', 'Hall 1', '8b18e9f9-8140-4b7b-8315-d083397880e6', '2026-01-06T17:58:55.858311', '2026-01-06T17:58:55.858311');
INSERT INTO hall_seats (id, cinema_hall_id, seat_type_id, seat_code, created_at, updated_at) VALUES ('0c51ec82-b4fd-4f0a-b1ac-6df5d9108e6e', '855a5c41-43b2-4968-b698-501ccba52db7', '25d17eab-bd46-441a-9167-1e5f200d28bd', 'A1', '2026-01-06T17:58:55.858726', '2026-01-06T17:58:55.858726');
INSERT INTO hall_seats (id, cinema_hall_id, seat_type_id, seat_code, created_at, updated_at) VALUES ('81b7225a-fc0e-4b13-b5e6-a6727298c1b4', '855a5c41-43b2-4968-b698-501ccba52db7', '25d17eab-bd46-441a-9167-1e5f200d28bd', 'A2', '2026-01-06T17:58:55.858762', '2026-01-06T17:58:55.858762');
INSERT INTO hall_seats (id, cinema_hall_id, seat_type_id, seat_code, created_at, updated_at) VALUES ('af1504d4-201a-40cb-a9d4-b0a19fb35841', '855a5c41-43b2-4968-b698-501ccba52db7', '25d17eab-bd46-441a-9167-1e5f200d28bd', 'A3', '2026-01-06T17:58:55.858808', '2026-01-06T17:58:55.858808');
INSERT INTO hall_seats (id, cinema_hall_id, seat_type_id, seat_code, created_at, updated_at) VALUES ('c4ad3cca-0a06-4682-8087-a44f0242af24', '855a5c41-43b2-4968-b698-501ccba52db7', '25d17eab-bd46-441a-9167-1e5f200d28bd', 'A4', '2026-01-06T17:58:55.858868', '2026-01-06T17:58:55.858868');
INSERT INTO hall_seats (id, cinema_hall_id, seat_type_id, seat_code, created_at, updated_at) VALUES ('2a50406f-cb38-4eb0-b0e9-0491b6409cff', '855a5c41-43b2-4968-b698-501ccba52db7', '25d17eab-bd46-441a-9167-1e5f200d28bd', 'A5', '2026-01-06T17:58:55.858910', '2026-01-06T17:58:55.858910');
INSERT INTO hall_seats (id, cinema_hall_id, seat_type_id, seat_code, created_at, updated_at) VALUES ('884d1a33-4094-42e6-92e3-9c12a9f47e6d', '855a5c41-43b2-4968-b698-501ccba52db7', '25d17eab-bd46-441a-9167-1e5f200d28bd', 'A6', '2026-01-06T17:58:55.858952', '2026-01-06T17:58:55.858952');
INSERT INTO hall_seats (id, cinema_hall_id, seat_type_id, seat_code, created_at, updated_at) VALUES ('a7a0519d-3481-4dfd-bff0-83acb4bd112c', '855a5c41-43b2-4968-b698-501ccba52db7', '25d17eab-bd46-441a-9167-1e5f200d28bd', 'A7', '2026-01-06T17:58:55.858998', '2026-01-06T17:58:55.858998');
INSERT INTO hall_seats (id, cinema_hall_id, seat_type_id, seat_code, created_at, updated_at) VALUES ('82f6d2f6-891b-4551-8496-646f436b0004', '855a5c41-43b2-4968-b698-501ccba52db7', '25d17eab-bd46-441a-9167-1e5f200d28bd', 'A8', '2026-01-06T17:58:55.859035', '2026-01-06T17:58:55.859035');
INSERT INTO hall_seats (id, cinema_hall_id, seat_type_id, seat_code, created_at, updated_at) VALUES ('761a66f4-199b-409a-bbfe-9bc30be979a8', '855a5c41-43b2-4968-b698-501ccba52db7', '25d17eab-bd46-441a-9167-1e5f200d28bd', 'B1', '2026-01-06T17:58:55.859088', '2026-01-06T17:58:55.859088');
INSERT INTO hall_seats (id, cinema_hall_id, seat_type_id, seat_code, created_at, updated_at) VALUES ('7289e03e-9d2b-40d6-94ac-b4490069de97', '855a5c41-43b2-4968-b698-501ccba52db7', '25d17eab-bd46-441a-9167-1e5f200d28bd', 'B2', '2026-01-06T17:58:55.859150', '2026-01-06T17:58:55.859150');
INSERT INTO hall_seats (id, cinema_hall_id, seat_type_id, seat_code, created_at, updated_at) VALUES ('18d0e4d3-e006-473a-bbdd-789ac2516d9e', '855a5c41-43b2-4968-b698-501ccba52db7', '25d17eab-bd46-441a-9167-1e5f200d28bd', 'B3', '2026-01-06T17:58:55.859198', '2026-01-06T17:58:55.859198');
INSERT INTO hall_seats (id, cinema_hall_id, seat_type_id, seat_code, created_at, updated_at) VALUES ('167c5848-ca81-4596-a4f1-99c48560f229', '855a5c41-43b2-4968-b698-501ccba52db7', '25d17eab-bd46-441a-9167-1e5f200d28bd', 'B4', '2026-01-06T17:58:55.859232', '2026-01-06T17:58:55.859232');
INSERT INTO hall_seats (id, cinema_hall_id, seat_type_id, seat_code, created_at, updated_at) VALUES ('8f7c7a50-6ec5-4391-bc44-4d99292b58e4', '855a5c41-43b2-4968-b698-501ccba52db7', '25d17eab-bd46-441a-9167-1e5f200d28bd', 'B5', '2026-01-06T17:58:55.859260', '2026-01-06T17:58:55.859260');
INSERT INTO hall_seats (id, cinema_hall_id, seat_type_id, seat_code, created_at, updated_at) VALUES ('06c79fb8-0d0a-4185-8f54-549fa701dd96', '855a5c41-43b2-4968-b698-501ccba52db7', '25d17eab-bd46-441a-9167-1e5f200d28bd', 'B6', '2026-01-06T17:58:55.859293', '2026-01-06T17:58:55.859293');
INSERT INTO hall_seats (id, cinema_hall_id, seat_type_id, seat_code, created_at, updated_at) VALUES ('6c7a8c3d-6fa0-4834-bd07-ce01596b6aee', '855a5c41-43b2-4968-b698-501ccba52db7', '25d17eab-bd46-441a-9167-1e5f200d28bd', 'B7', '2026-01-06T17:58:55.859314', '2026-01-06T17:58:55.859314');
INSERT INTO hall_seats (id, cinema_hall_id, seat_type_id, seat_code, created_at, updated_at) VALUES ('294d4250-f13d-4144-b02d-d22d1169b364', '855a5c41-43b2-4968-b698-501ccba52db7', '25d17eab-bd46-441a-9167-1e5f200d28bd', 'B8', '2026-01-06T17:58:55.859331', '2026-01-06T17:58:55.859331');
INSERT INTO hall_seats (id, cinema_hall_id, seat_type_id, seat_code, created_at, updated_at) VALUES ('f368fc42-fbcb-4e60-a87e-fe51b9968809', '855a5c41-43b2-4968-b698-501ccba52db7', '25d17eab-bd46-441a-9167-1e5f200d28bd', 'C1', '2026-01-06T17:58:55.859351', '2026-01-06T17:58:55.859351');
INSERT INTO hall_seats (id, cinema_hall_id, seat_type_id, seat_code, created_at, updated_at) VALUES ('231da349-740d-40cb-923c-edf22e53680b', '855a5c41-43b2-4968-b698-501ccba52db7', '25d17eab-bd46-441a-9167-1e5f200d28bd', 'C2', '2026-01-06T17:58:55.859371', '2026-01-06T17:58:55.859371');
INSERT INTO hall_seats (id, cinema_hall_id, seat_type_id, seat_code, created_at, updated_at) VALUES ('4ed8e832-368c-4cc9-a11b-7fb0c9981a7b', '855a5c41-43b2-4968-b698-501ccba52db7', '25d17eab-bd46-441a-9167-1e5f200d28bd', 'C3', '2026-01-06T17:58:55.859390', '2026-01-06T17:58:55.859390');
INSERT INTO hall_seats (id, cinema_hall_id, seat_type_id, seat_code, created_at, updated_at) VALUES ('923bc2e7-e090-4e00-8bc4-cbb9031155f9', '855a5c41-43b2-4968-b698-501ccba52db7', '25d17eab-bd46-441a-9167-1e5f200d28bd', 'C4', '2026-01-06T17:58:55.859406', '2026-01-06T17:58:55.859406');
INSERT INTO hall_seats (id, cinema_hall_id, seat_type_id, seat_code, created_at, updated_at) VALUES ('6515edf0-ec9a-4cc4-86a9-97279c541489', '855a5c41-43b2-4968-b698-501ccba52db7', '25d17eab-bd46-441a-9167-1e5f200d28bd', 'C5', '2026-01-06T17:58:55.859423', '2026-01-06T17:58:55.859423');
INSERT INTO hall_seats (id, cinema_hall_id, seat_type_id, seat_code, created_at, updated_at) VALUES ('4cf3f3ef-0452-4a9d-b7ec-7250212878f6', '855a5c41-43b2-4968-b698-501ccba52db7', '25d17eab-bd46-441a-9167-1e5f200d28bd', 'C6', '2026-01-06T17:58:55.859440', '2026-01-06T17:58:55.859440');
INSERT INTO hall_seats (id, cinema_hall_id, seat_type_id, seat_code, created_at, updated_at) VALUES ('af16c473-09fa-40c0-be7f-38654a2a4368', '855a5c41-43b2-4968-b698-501ccba52db7', '25d17eab-bd46-441a-9167-1e5f200d28bd', 'C7', '2026-01-06T17:58:55.859455', '2026-01-06T17:58:55.859455');
INSERT INTO hall_seats (id, cinema_hall_id, seat_type_id, seat_code, created_at, updated_at) VALUES ('4f5708f0-467c-4447-9da6-5a5d29543830', '855a5c41-43b2-4968-b698-501ccba52db7', '25d17eab-bd46-441a-9167-1e5f200d28bd', 'C8', '2026-01-06T17:58:55.859474', '2026-01-06T17:58:55.859474');
INSERT INTO hall_seats (id, cinema_hall_id, seat_type_id, seat_code, created_at, updated_at) VALUES ('37d7b817-fe44-4401-9a2c-702c1de5ed72', '855a5c41-43b2-4968-b698-501ccba52db7', '25d17eab-bd46-441a-9167-1e5f200d28bd', 'D1', '2026-01-06T17:58:55.859490', '2026-01-06T17:58:55.859490');
INSERT INTO hall_seats (id, cinema_hall_id, seat_type_id, seat_code, created_at, updated_at) VALUES ('c28364c0-4928-4113-b71b-a0b67e5d4219', '855a5c41-43b2-4968-b698-501ccba52db7', '25d17eab-bd46-441a-9167-1e5f200d28bd', 'D2', '2026-01-06T17:58:55.859506', '2026-01-06T17:58:55.859506');
INSERT INTO hall_seats (id, cinema_hall_id, seat_type_id, seat_code, created_at, updated_at) VALUES ('f6f6bb51-7a92-404f-98ec-709d811a8fe7', '855a5c41-43b2-4968-b698-501ccba52db7', '25d17eab-bd46-441a-9167-1e5f200d28bd', 'D3', '2026-01-06T17:58:55.859524', '2026-01-06T17:58:55.859524');
INSERT INTO hall_seats (id, cinema_hall_id, seat_type_id, seat_code, created_at, updated_at) VALUES ('9b8d285a-c970-4a99-b1c9-7b31fbb6275f', '855a5c41-43b2-4968-b698-501ccba52db7', '25d17eab-bd46-441a-9167-1e5f200d28bd', 'D4', '2026-01-06T17:58:55.859541', '2026-01-06T17:58:55.859541');
INSERT INTO hall_seats (id, cinema_hall_id, seat_type_id, seat_code, created_at, updated_at) VALUES ('07ed13da-0f77-4ab7-a499-a785f82e0611', '855a5c41-43b2-4968-b698-501ccba52db7', '25d17eab-bd46-441a-9167-1e5f200d28bd', 'D5', '2026-01-06T17:58:55.859565', '2026-01-06T17:58:55.859565');
INSERT INTO hall_seats (id, cinema_hall_id, seat_type_id, seat_code, created_at, updated_at) VALUES ('7ade5c42-8e34-4093-af01-81f9c2f1a4cb', '855a5c41-43b2-4968-b698-501ccba52db7', '25d17eab-bd46-441a-9167-1e5f200d28bd', 'D6', '2026-01-06T17:58:55.859582', '2026-01-06T17:58:55.859582');
INSERT INTO hall_seats (id, cinema_hall_id, seat_type_id, seat_code, created_at, updated_at) VALUES ('2281d6ad-64ef-4012-92a7-1ac729a61595', '855a5c41-43b2-4968-b698-501ccba52db7', '25d17eab-bd46-441a-9167-1e5f200d28bd', 'D7', '2026-01-06T17:58:55.859597', '2026-01-06T17:58:55.859597');
INSERT INTO hall_seats (id, cinema_hall_id, seat_type_id, seat_code, created_at, updated_at) VALUES ('28d7a5ae-a07b-4cb2-a5d1-de488aec4fe4', '855a5c41-43b2-4968-b698-501ccba52db7', '25d17eab-bd46-441a-9167-1e5f200d28bd', 'D8', '2026-01-06T17:58:55.859613', '2026-01-06T17:58:55.859613');
INSERT INTO hall_seats (id, cinema_hall_id, seat_type_id, seat_code, created_at, updated_at) VALUES ('361a2110-c862-47ff-a750-94ebca22899a', '855a5c41-43b2-4968-b698-501ccba52db7', '25d17eab-bd46-441a-9167-1e5f200d28bd', 'E1', '2026-01-06T17:58:55.859629', '2026-01-06T17:58:55.859629');
INSERT INTO hall_seats (id, cinema_hall_id, seat_type_id, seat_code, created_at, updated_at) VALUES ('5fb906e2-02a3-4ed2-9e52-f46bc3e26417', '855a5c41-43b2-4968-b698-501ccba52db7', '25d17eab-bd46-441a-9167-1e5f200d28bd', 'E2', '2026-01-06T17:58:55.859646', '2026-01-06T17:58:55.859646');
INSERT INTO hall_seats (id, cinema_hall_id, seat_type_id, seat_code, created_at, updated_at) VALUES ('af48a48e-412c-4056-8a04-169c3148accd', '855a5c41-43b2-4968-b698-501ccba52db7', '25d17eab-bd46-441a-9167-1e5f200d28bd', 'E3', '2026-01-06T17:58:55.859664', '2026-01-06T17:58:55.859664');
INSERT INTO hall_seats (id, cinema_hall_id, seat_type_id, seat_code, created_at, updated_at) VALUES ('34d4595f-91ee-4635-800e-cf43351de2a9', '855a5c41-43b2-4968-b698-501ccba52db7', '25d17eab-bd46-441a-9167-1e5f200d28bd', 'E4', '2026-01-06T17:58:55.859686', '2026-01-06T17:58:55.859686');
INSERT INTO hall_seats (id, cinema_hall_id, seat_type_id, seat_code, created_at, updated_at) VALUES ('59398f66-1bf3-417c-a94c-5a912ca32ece', '855a5c41-43b2-4968-b698-501ccba52db7', '25d17eab-bd46-441a-9167-1e5f200d28bd', 'E5', '2026-01-06T17:58:55.859702', '2026-01-06T17:58:55.859702');
INSERT INTO hall_seats (id, cinema_hall_id, seat_type_id, seat_code, created_at, updated_at) VALUES ('da73932f-8987-408b-a288-515d6ebc7b80', '855a5c41-43b2-4968-b698-501ccba52db7', '25d17eab-bd46-441a-9167-1e5f200d28bd', 'E6', '2026-01-06T17:58:55.859717', '2026-01-06T17:58:55.859717');
INSERT INTO hall_seats (id, cinema_hall_id, seat_type_id, seat_code, created_at, updated_at) VALUES ('4b67790e-dee4-4c1a-b215-6060fe27ecaa', '855a5c41-43b2-4968-b698-501ccba52db7', '25d17eab-bd46-441a-9167-1e5f200d28bd', 'E7', '2026-01-06T17:58:55.859733', '2026-01-06T17:58:55.859733');
INSERT INTO hall_seats (id, cinema_hall_id, seat_type_id, seat_code, created_at, updated_at) VALUES ('5b84191c-5d87-4678-8c7c-c55b57d3973a', '855a5c41-43b2-4968-b698-501ccba52db7', '25d17eab-bd46-441a-9167-1e5f200d28bd', 'E8', '2026-01-06T17:58:55.859750', '2026-01-06T17:58:55.859750');
INSERT INTO hall_seats (id, cinema_hall_id, seat_type_id, seat_code, created_at, updated_at) VALUES ('b17d02a7-d175-467c-878d-7d7461bf3d9a', '855a5c41-43b2-4968-b698-501ccba52db7', '25d17eab-bd46-441a-9167-1e5f200d28bd', 'F1', '2026-01-06T17:58:55.859766', '2026-01-06T17:58:55.859766');
INSERT INTO hall_seats (id, cinema_hall_id, seat_type_id, seat_code, created_at, updated_at) VALUES ('69cb7cf5-3624-4aa2-b163-ccd982d87984', '855a5c41-43b2-4968-b698-501ccba52db7', '25d17eab-bd46-441a-9167-1e5f200d28bd', 'F2', '2026-01-06T17:58:55.859782', '2026-01-06T17:58:55.859782');
INSERT INTO hall_seats (id, cinema_hall_id, seat_type_id, seat_code, created_at, updated_at) VALUES ('6602e0f0-c0ea-4c7c-ad58-257900c90a5e', '855a5c41-43b2-4968-b698-501ccba52db7', '25d17eab-bd46-441a-9167-1e5f200d28bd', 'F3', '2026-01-06T17:58:55.859800', '2026-01-06T17:58:55.859800');
INSERT INTO hall_seats (id, cinema_hall_id, seat_type_id, seat_code, created_at, updated_at) VALUES ('6fd8939f-8179-4376-aed5-441a0459b12e', '855a5c41-43b2-4968-b698-501ccba52db7', '25d17eab-bd46-441a-9167-1e5f200d28bd', 'F4', '2026-01-06T17:58:55.859816', '2026-01-06T17:58:55.859816');
INSERT INTO hall_seats (id, cinema_hall_id, seat_type_id, seat_code, created_at, updated_at) VALUES ('38b67a54-9a10-461e-b652-4e5c16247a17', '855a5c41-43b2-4968-b698-501ccba52db7', '25d17eab-bd46-441a-9167-1e5f200d28bd', 'F5', '2026-01-06T17:58:55.859832', '2026-01-06T17:58:55.859832');
INSERT INTO hall_seats (id, cinema_hall_id, seat_type_id, seat_code, created_at, updated_at) VALUES ('4c4748e0-528a-406d-845e-86c310b5428f', '855a5c41-43b2-4968-b698-501ccba52db7', '25d17eab-bd46-441a-9167-1e5f200d28bd', 'F6', '2026-01-06T17:58:55.859847', '2026-01-06T17:58:55.859847');
INSERT INTO hall_seats (id, cinema_hall_id, seat_type_id, seat_code, created_at, updated_at) VALUES ('28f501f9-8ff4-4c2b-be6e-1c5a0715a92f', '855a5c41-43b2-4968-b698-501ccba52db7', '25d17eab-bd46-441a-9167-1e5f200d28bd', 'F7', '2026-01-06T17:58:55.859863', '2026-01-06T17:58:55.859863');
INSERT INTO hall_seats (id, cinema_hall_id, seat_type_id, seat_code, created_at, updated_at) VALUES ('d09cb3f6-251b-4771-bd02-80970fdbe210', '855a5c41-43b2-4968-b698-501ccba52db7', '25d17eab-bd46-441a-9167-1e5f200d28bd', 'F8', '2026-01-06T17:58:55.859880', '2026-01-06T17:58:55.859880');
INSERT INTO hall_seats (id, cinema_hall_id, seat_type_id, seat_code, created_at, updated_at) VALUES ('45586056-c890-4030-a6bc-48d23b85be37', '855a5c41-43b2-4968-b698-501ccba52db7', '09699c89-5a1d-4f52-b1d0-edecbc043c96', 'G1', '2026-01-06T17:58:55.859902', '2026-01-06T17:58:55.859902');
INSERT INTO hall_seats (id, cinema_hall_id, seat_type_id, seat_code, created_at, updated_at) VALUES ('5e23a136-afe8-47ef-9d25-9c2ff0703d77', '855a5c41-43b2-4968-b698-501ccba52db7', '09699c89-5a1d-4f52-b1d0-edecbc043c96', 'G2', '2026-01-06T17:58:55.859918', '2026-01-06T17:58:55.859918');
INSERT INTO hall_seats (id, cinema_hall_id, seat_type_id, seat_code, created_at, updated_at) VALUES ('b6dc9884-eb58-4ade-a3cf-a1f704ab8461', '855a5c41-43b2-4968-b698-501ccba52db7', '09699c89-5a1d-4f52-b1d0-edecbc043c96', 'G3', '2026-01-06T17:58:55.859937', '2026-01-06T17:58:55.859937');
INSERT INTO hall_seats (id, cinema_hall_id, seat_type_id, seat_code, created_at, updated_at) VALUES ('c75bf380-474b-43d5-841f-1b20fc838c7d', '855a5c41-43b2-4968-b698-501ccba52db7', '09699c89-5a1d-4f52-b1d0-edecbc043c96', 'G4', '2026-01-06T17:58:55.859956', '2026-01-06T17:58:55.859956');
INSERT INTO hall_seats (id, cinema_hall_id, seat_type_id, seat_code, created_at, updated_at) VALUES ('619ca651-4718-489f-8f9b-dd21eb64503c', '855a5c41-43b2-4968-b698-501ccba52db7', '09699c89-5a1d-4f52-b1d0-edecbc043c96', 'G5', '2026-01-06T17:58:55.859972', '2026-01-06T17:58:55.859972');
INSERT INTO hall_seats (id, cinema_hall_id, seat_type_id, seat_code, created_at, updated_at) VALUES ('9952f7b1-d745-405e-9c56-9028a51e7aff', '855a5c41-43b2-4968-b698-501ccba52db7', '09699c89-5a1d-4f52-b1d0-edecbc043c96', 'G6', '2026-01-06T17:58:55.859988', '2026-01-06T17:58:55.859988');
INSERT INTO hall_seats (id, cinema_hall_id, seat_type_id, seat_code, created_at, updated_at) VALUES ('8fea3d65-1eb8-43c2-8aee-ff0a29c9e82b', '855a5c41-43b2-4968-b698-501ccba52db7', '09699c89-5a1d-4f52-b1d0-edecbc043c96', 'G7', '2026-01-06T17:58:55.860004', '2026-01-06T17:58:55.860004');
INSERT INTO hall_seats (id, cinema_hall_id, seat_type_id, seat_code, created_at, updated_at) VALUES ('28c3e632-48ff-401b-9395-581ec8418579', '855a5c41-43b2-4968-b698-501ccba52db7', '09699c89-5a1d-4f52-b1d0-edecbc043c96', 'G8', '2026-01-06T17:58:55.860020', '2026-01-06T17:58:55.860020');
INSERT INTO hall_seats (id, cinema_hall_id, seat_type_id, seat_code, created_at, updated_at) VALUES ('e954aaaf-9315-4d19-916a-9f9f685de54e', '855a5c41-43b2-4968-b698-501ccba52db7', '09699c89-5a1d-4f52-b1d0-edecbc043c96', 'H1', '2026-01-06T17:58:55.860036', '2026-01-06T17:58:55.860036');
INSERT INTO hall_seats (id, cinema_hall_id, seat_type_id, seat_code, created_at, updated_at) VALUES ('9de89840-9edc-4033-a65d-23aa2971c200', '855a5c41-43b2-4968-b698-501ccba52db7', '09699c89-5a1d-4f52-b1d0-edecbc043c96', 'H2', '2026-01-06T17:58:55.860053', '2026-01-06T17:58:55.860053');
INSERT INTO hall_seats (id, cinema_hall_id, seat_type_id, seat_code, created_at, updated_at) VALUES ('4d22f04d-1041-49d7-8b2f-bdefe405d370', '855a5c41-43b2-4968-b698-501ccba52db7', '09699c89-5a1d-4f52-b1d0-edecbc043c96', 'H3', '2026-01-06T17:58:55.860082', '2026-01-06T17:58:55.860082');
INSERT INTO hall_seats (id, cinema_hall_id, seat_type_id, seat_code, created_at, updated_at) VALUES ('584acaea-6b61-4362-9ab3-de5a9f4fd0ad', '855a5c41-43b2-4968-b698-501ccba52db7', '09699c89-5a1d-4f52-b1d0-edecbc043c96', 'H4', '2026-01-06T17:58:55.860100', '2026-01-06T17:58:55.860100');
INSERT INTO hall_seats (id, cinema_hall_id, seat_type_id, seat_code, created_at, updated_at) VALUES ('d6ce1d77-c6ad-4273-a548-32d02da08973', '855a5c41-43b2-4968-b698-501ccba52db7', '09699c89-5a1d-4f52-b1d0-edecbc043c96', 'H5', '2026-01-06T17:58:55.860116', '2026-01-06T17:58:55.860116');
INSERT INTO hall_seats (id, cinema_hall_id, seat_type_id, seat_code, created_at, updated_at) VALUES ('d118e6b5-e59e-4bbc-aa87-c75099fcab20', '855a5c41-43b2-4968-b698-501ccba52db7', '09699c89-5a1d-4f52-b1d0-edecbc043c96', 'H6', '2026-01-06T17:58:55.860132', '2026-01-06T17:58:55.860132');
INSERT INTO hall_seats (id, cinema_hall_id, seat_type_id, seat_code, created_at, updated_at) VALUES ('513ea92f-3afa-4fd1-90f8-9c616ddb8e3b', '855a5c41-43b2-4968-b698-501ccba52db7', '09699c89-5a1d-4f52-b1d0-edecbc043c96', 'H7', '2026-01-06T17:58:55.860148', '2026-01-06T17:58:55.860148');
INSERT INTO hall_seats (id, cinema_hall_id, seat_type_id, seat_code, created_at, updated_at) VALUES ('cc73e261-c617-46a5-8ae0-e3a421b481d6', '855a5c41-43b2-4968-b698-501ccba52db7', '09699c89-5a1d-4f52-b1d0-edecbc043c96', 'H8', '2026-01-06T17:58:55.860163', '2026-01-06T17:58:55.860163');
INSERT INTO hall_seats (id, cinema_hall_id, seat_type_id, seat_code, created_at, updated_at) VALUES ('0563549f-2980-4805-96ed-13c0c1147f8b', '855a5c41-43b2-4968-b698-501ccba52db7', 'eeaf9c60-1278-4496-a8b9-564901c1a9d4', 'I1-2', '2026-01-06T17:58:55.860180', '2026-01-06T17:58:55.860180');
INSERT INTO hall_seats (id, cinema_hall_id, seat_type_id, seat_code, created_at, updated_at) VALUES ('b10e4e32-9e75-456d-9fcc-3be6cb71dadb', '855a5c41-43b2-4968-b698-501ccba52db7', 'eeaf9c60-1278-4496-a8b9-564901c1a9d4', 'I3-4', '2026-01-06T17:58:55.860198', '2026-01-06T17:58:55.860198');
INSERT INTO hall_seats (id, cinema_hall_id, seat_type_id, seat_code, created_at, updated_at) VALUES ('a943d0e8-f234-47f9-bd59-f5f0957cd34e', '855a5c41-43b2-4968-b698-501ccba52db7', 'eeaf9c60-1278-4496-a8b9-564901c1a9d4', 'I5-6', '2026-01-06T17:58:55.860217', '2026-01-06T17:58:55.860217');
INSERT INTO hall_seats (id, cinema_hall_id, seat_type_id, seat_code, created_at, updated_at) VALUES ('a566a0a9-ddac-496f-bbd0-9e5dabd6a6f9', '855a5c41-43b2-4968-b698-501ccba52db7', 'eeaf9c60-1278-4496-a8b9-564901c1a9d4', 'I7-8', '2026-01-06T17:58:55.860235', '2026-01-06T17:58:55.860235');
INSERT INTO hall_seats (id, cinema_hall_id, seat_type_id, seat_code, created_at, updated_at) VALUES ('de2479df-49c8-47a3-9075-22bbc8593324', '1368e1f8-aa54-4d8e-99d2-eadb141e97cb', '25d17eab-bd46-441a-9167-1e5f200d28bd', 'A1', '2026-01-06T17:58:55.860254', '2026-01-06T17:58:55.860254');
INSERT INTO hall_seats (id, cinema_hall_id, seat_type_id, seat_code, created_at, updated_at) VALUES ('1e4af577-b5ee-46ef-9b36-17879e1b754c', '1368e1f8-aa54-4d8e-99d2-eadb141e97cb', '25d17eab-bd46-441a-9167-1e5f200d28bd', 'A2', '2026-01-06T17:58:55.860270', '2026-01-06T17:58:55.860270');
INSERT INTO hall_seats (id, cinema_hall_id, seat_type_id, seat_code, created_at, updated_at) VALUES ('879d199b-1ba0-4532-95e1-ec20c6a72694', '1368e1f8-aa54-4d8e-99d2-eadb141e97cb', '25d17eab-bd46-441a-9167-1e5f200d28bd', 'A3', '2026-01-06T17:58:55.860286', '2026-01-06T17:58:55.860286');
INSERT INTO hall_seats (id, cinema_hall_id, seat_type_id, seat_code, created_at, updated_at) VALUES ('ce43edff-7e5c-4742-a4cf-0d2d0976d34a', '1368e1f8-aa54-4d8e-99d2-eadb141e97cb', '25d17eab-bd46-441a-9167-1e5f200d28bd', 'A4', '2026-01-06T17:58:55.860301', '2026-01-06T17:58:55.860301');
INSERT INTO hall_seats (id, cinema_hall_id, seat_type_id, seat_code, created_at, updated_at) VALUES ('0f360616-cb32-49b3-9ddd-0ded1face46f', '1368e1f8-aa54-4d8e-99d2-eadb141e97cb', '25d17eab-bd46-441a-9167-1e5f200d28bd', 'A5', '2026-01-06T17:58:55.860317', '2026-01-06T17:58:55.860317');
INSERT INTO hall_seats (id, cinema_hall_id, seat_type_id, seat_code, created_at, updated_at) VALUES ('71777aae-4f9f-4b33-a5c9-4d3297f88a43', '1368e1f8-aa54-4d8e-99d2-eadb141e97cb', '25d17eab-bd46-441a-9167-1e5f200d28bd', 'A6', '2026-01-06T17:58:55.860333', '2026-01-06T17:58:55.860333');
INSERT INTO hall_seats (id, cinema_hall_id, seat_type_id, seat_code, created_at, updated_at) VALUES ('d2795273-b89f-4890-8740-cf08b64daa5a', '1368e1f8-aa54-4d8e-99d2-eadb141e97cb', '25d17eab-bd46-441a-9167-1e5f200d28bd', 'A7', '2026-01-06T17:58:55.860351', '2026-01-06T17:58:55.860351');
INSERT INTO hall_seats (id, cinema_hall_id, seat_type_id, seat_code, created_at, updated_at) VALUES ('792930c6-1e33-4b72-be7d-5b6b9ddaf102', '1368e1f8-aa54-4d8e-99d2-eadb141e97cb', '25d17eab-bd46-441a-9167-1e5f200d28bd', 'A8', '2026-01-06T17:58:55.860367', '2026-01-06T17:58:55.860367');
INSERT INTO hall_seats (id, cinema_hall_id, seat_type_id, seat_code, created_at, updated_at) VALUES ('83a2071a-7afa-4462-8a6f-03c8af895dc1', '1368e1f8-aa54-4d8e-99d2-eadb141e97cb', '25d17eab-bd46-441a-9167-1e5f200d28bd', 'B1', '2026-01-06T17:58:55.860383', '2026-01-06T17:58:55.860383');
INSERT INTO hall_seats (id, cinema_hall_id, seat_type_id, seat_code, created_at, updated_at) VALUES ('1e80c322-22fa-4208-acf5-2bc9516903df', '1368e1f8-aa54-4d8e-99d2-eadb141e97cb', '25d17eab-bd46-441a-9167-1e5f200d28bd', 'B2', '2026-01-06T17:58:55.860401', '2026-01-06T17:58:55.860401');
INSERT INTO hall_seats (id, cinema_hall_id, seat_type_id, seat_code, created_at, updated_at) VALUES ('6adcec70-8a62-4af1-996f-b9c232fa499b', '1368e1f8-aa54-4d8e-99d2-eadb141e97cb', '25d17eab-bd46-441a-9167-1e5f200d28bd', 'B3', '2026-01-06T17:58:55.860417', '2026-01-06T17:58:55.860417');
INSERT INTO hall_seats (id, cinema_hall_id, seat_type_id, seat_code, created_at, updated_at) VALUES ('b5673a3e-1cca-4114-bc9c-ae8a7062ee9a', '1368e1f8-aa54-4d8e-99d2-eadb141e97cb', '25d17eab-bd46-441a-9167-1e5f200d28bd', 'B4', '2026-01-06T17:58:55.860434', '2026-01-06T17:58:55.860434');
INSERT INTO hall_seats (id, cinema_hall_id, seat_type_id, seat_code, created_at, updated_at) VALUES ('6260c56f-c082-4b58-8f46-6db7477f29b8', '1368e1f8-aa54-4d8e-99d2-eadb141e97cb', '25d17eab-bd46-441a-9167-1e5f200d28bd', 'B5', '2026-01-06T17:58:55.860450', '2026-01-06T17:58:55.860450');
INSERT INTO hall_seats (id, cinema_hall_id, seat_type_id, seat_code, created_at, updated_at) VALUES ('991f74c1-f713-421b-b85a-670f4dcdb965', '1368e1f8-aa54-4d8e-99d2-eadb141e97cb', '25d17eab-bd46-441a-9167-1e5f200d28bd', 'B6', '2026-01-06T17:58:55.860465', '2026-01-06T17:58:55.860465');
INSERT INTO hall_seats (id, cinema_hall_id, seat_type_id, seat_code, created_at, updated_at) VALUES ('d1f136a5-fc79-4568-a3a3-2acef07966e5', '1368e1f8-aa54-4d8e-99d2-eadb141e97cb', '25d17eab-bd46-441a-9167-1e5f200d28bd', 'B7', '2026-01-06T17:58:55.860483', '2026-01-06T17:58:55.860483');
INSERT INTO hall_seats (id, cinema_hall_id, seat_type_id, seat_code, created_at, updated_at) VALUES ('5b177bae-c034-4b69-ab23-ee775edad976', '1368e1f8-aa54-4d8e-99d2-eadb141e97cb', '25d17eab-bd46-441a-9167-1e5f200d28bd', 'B8', '2026-01-06T17:58:55.860500', '2026-01-06T17:58:55.860500');
INSERT INTO hall_seats (id, cinema_hall_id, seat_type_id, seat_code, created_at, updated_at) VALUES ('6dc9fe54-c3f0-44f5-87e8-9393bc053efd', '1368e1f8-aa54-4d8e-99d2-eadb141e97cb', '25d17eab-bd46-441a-9167-1e5f200d28bd', 'C1', '2026-01-06T17:58:55.860516', '2026-01-06T17:58:55.860516');
INSERT INTO hall_seats (id, cinema_hall_id, seat_type_id, seat_code, created_at, updated_at) VALUES ('54599e97-eb9c-4741-aed9-c91db8ab4790', '1368e1f8-aa54-4d8e-99d2-eadb141e97cb', '25d17eab-bd46-441a-9167-1e5f200d28bd', 'C2', '2026-01-06T17:58:55.860532', '2026-01-06T17:58:55.860532');
INSERT INTO hall_seats (id, cinema_hall_id, seat_type_id, seat_code, created_at, updated_at) VALUES ('8decec0f-d844-4239-a5e3-5a7cb5c93faf', '1368e1f8-aa54-4d8e-99d2-eadb141e97cb', '25d17eab-bd46-441a-9167-1e5f200d28bd', 'C3', '2026-01-06T17:58:55.860547', '2026-01-06T17:58:55.860547');
INSERT INTO hall_seats (id, cinema_hall_id, seat_type_id, seat_code, created_at, updated_at) VALUES ('27c13def-c257-47e8-bb2a-54d625ae6b5f', '1368e1f8-aa54-4d8e-99d2-eadb141e97cb', '25d17eab-bd46-441a-9167-1e5f200d28bd', 'C4', '2026-01-06T17:58:55.860570', '2026-01-06T17:58:55.860570');
INSERT INTO hall_seats (id, cinema_hall_id, seat_type_id, seat_code, created_at, updated_at) VALUES ('879e0a82-d9dc-4477-9dd4-0f26b4973131', '1368e1f8-aa54-4d8e-99d2-eadb141e97cb', '25d17eab-bd46-441a-9167-1e5f200d28bd', 'C5', '2026-01-06T17:58:55.860587', '2026-01-06T17:58:55.860587');
INSERT INTO hall_seats (id, cinema_hall_id, seat_type_id, seat_code, created_at, updated_at) VALUES ('30735904-6d15-4c20-a56b-388e054cea78', '1368e1f8-aa54-4d8e-99d2-eadb141e97cb', '25d17eab-bd46-441a-9167-1e5f200d28bd', 'C6', '2026-01-06T17:58:55.860602', '2026-01-06T17:58:55.860602');
INSERT INTO hall_seats (id, cinema_hall_id, seat_type_id, seat_code, created_at, updated_at) VALUES ('fe9e8d1d-c0da-4e10-b8cd-b115b8a64ccc', '1368e1f8-aa54-4d8e-99d2-eadb141e97cb', '25d17eab-bd46-441a-9167-1e5f200d28bd', 'C7', '2026-01-06T17:58:55.860620', '2026-01-06T17:58:55.860620');
INSERT INTO hall_seats (id, cinema_hall_id, seat_type_id, seat_code, created_at, updated_at) VALUES ('667ca642-ff5b-4d19-a049-952890209ec8', '1368e1f8-aa54-4d8e-99d2-eadb141e97cb', '25d17eab-bd46-441a-9167-1e5f200d28bd', 'C8', '2026-01-06T17:58:55.860637', '2026-01-06T17:58:55.860637');
INSERT INTO hall_seats (id, cinema_hall_id, seat_type_id, seat_code, created_at, updated_at) VALUES ('2b6798fc-408c-40ca-a2b4-0a4f1f49278a', '1368e1f8-aa54-4d8e-99d2-eadb141e97cb', '25d17eab-bd46-441a-9167-1e5f200d28bd', 'D1', '2026-01-06T17:58:55.860653', '2026-01-06T17:58:55.860653');
INSERT INTO hall_seats (id, cinema_hall_id, seat_type_id, seat_code, created_at, updated_at) VALUES ('194a88ed-c3af-4f52-8f8c-59528e97c792', '1368e1f8-aa54-4d8e-99d2-eadb141e97cb', '25d17eab-bd46-441a-9167-1e5f200d28bd', 'D2', '2026-01-06T17:58:55.860670', '2026-01-06T17:58:55.860670');
INSERT INTO hall_seats (id, cinema_hall_id, seat_type_id, seat_code, created_at, updated_at) VALUES ('a04c9f11-d126-4075-8907-8694dd415855', '1368e1f8-aa54-4d8e-99d2-eadb141e97cb', '25d17eab-bd46-441a-9167-1e5f200d28bd', 'D3', '2026-01-06T17:58:55.860686', '2026-01-06T17:58:55.860686');
INSERT INTO hall_seats (id, cinema_hall_id, seat_type_id, seat_code, created_at, updated_at) VALUES ('d3c6423b-f6dd-4f47-82aa-5dd24889d0a3', '1368e1f8-aa54-4d8e-99d2-eadb141e97cb', '25d17eab-bd46-441a-9167-1e5f200d28bd', 'D4', '2026-01-06T17:58:55.860702', '2026-01-06T17:58:55.860702');
INSERT INTO hall_seats (id, cinema_hall_id, seat_type_id, seat_code, created_at, updated_at) VALUES ('d7b64d07-1ea0-44e1-9f6e-65a98d03dbb4', '1368e1f8-aa54-4d8e-99d2-eadb141e97cb', '25d17eab-bd46-441a-9167-1e5f200d28bd', 'D5', '2026-01-06T17:58:55.860720', '2026-01-06T17:58:55.860720');
INSERT INTO hall_seats (id, cinema_hall_id, seat_type_id, seat_code, created_at, updated_at) VALUES ('b12a47fa-8cfc-46a2-b59f-0e182d64e6a6', '1368e1f8-aa54-4d8e-99d2-eadb141e97cb', '25d17eab-bd46-441a-9167-1e5f200d28bd', 'D6', '2026-01-06T17:58:55.860737', '2026-01-06T17:58:55.860737');
INSERT INTO hall_seats (id, cinema_hall_id, seat_type_id, seat_code, created_at, updated_at) VALUES ('2ab1f634-f074-46d7-949c-6fe2c4ecd585', '1368e1f8-aa54-4d8e-99d2-eadb141e97cb', '25d17eab-bd46-441a-9167-1e5f200d28bd', 'D7', '2026-01-06T17:58:55.860755', '2026-01-06T17:58:55.860755');
INSERT INTO hall_seats (id, cinema_hall_id, seat_type_id, seat_code, created_at, updated_at) VALUES ('3064e5b7-9d90-4717-8751-298cef2d2d96', '1368e1f8-aa54-4d8e-99d2-eadb141e97cb', '25d17eab-bd46-441a-9167-1e5f200d28bd', 'D8', '2026-01-06T17:58:55.860774', '2026-01-06T17:58:55.860774');
INSERT INTO hall_seats (id, cinema_hall_id, seat_type_id, seat_code, created_at, updated_at) VALUES ('0beca487-03c1-4e59-94c9-24faee3b13bc', '1368e1f8-aa54-4d8e-99d2-eadb141e97cb', '25d17eab-bd46-441a-9167-1e5f200d28bd', 'E1', '2026-01-06T17:58:55.860791', '2026-01-06T17:58:55.860791');
INSERT INTO hall_seats (id, cinema_hall_id, seat_type_id, seat_code, created_at, updated_at) VALUES ('c22ecca7-5014-4de5-8533-4eebee2400c2', '1368e1f8-aa54-4d8e-99d2-eadb141e97cb', '25d17eab-bd46-441a-9167-1e5f200d28bd', 'E2', '2026-01-06T17:58:55.860807', '2026-01-06T17:58:55.860807');
INSERT INTO hall_seats (id, cinema_hall_id, seat_type_id, seat_code, created_at, updated_at) VALUES ('7367a438-748a-4aa0-98b2-2375b62240d0', '1368e1f8-aa54-4d8e-99d2-eadb141e97cb', '25d17eab-bd46-441a-9167-1e5f200d28bd', 'E3', '2026-01-06T17:58:55.860822', '2026-01-06T17:58:55.860822');
INSERT INTO hall_seats (id, cinema_hall_id, seat_type_id, seat_code, created_at, updated_at) VALUES ('6803f445-f42e-4a2b-91e1-3b2f020b7630', '1368e1f8-aa54-4d8e-99d2-eadb141e97cb', '25d17eab-bd46-441a-9167-1e5f200d28bd', 'E4', '2026-01-06T17:58:55.860838', '2026-01-06T17:58:55.860838');
INSERT INTO hall_seats (id, cinema_hall_id, seat_type_id, seat_code, created_at, updated_at) VALUES ('a895a3f2-4ba7-4958-8e72-ff3f053b5c38', '1368e1f8-aa54-4d8e-99d2-eadb141e97cb', '25d17eab-bd46-441a-9167-1e5f200d28bd', 'E5', '2026-01-06T17:58:55.860854', '2026-01-06T17:58:55.860854');
INSERT INTO hall_seats (id, cinema_hall_id, seat_type_id, seat_code, created_at, updated_at) VALUES ('a8a7e0f4-5380-4ccd-ae45-3509fe96b4f5', '1368e1f8-aa54-4d8e-99d2-eadb141e97cb', '25d17eab-bd46-441a-9167-1e5f200d28bd', 'E6', '2026-01-06T17:58:55.860870', '2026-01-06T17:58:55.860870');
INSERT INTO hall_seats (id, cinema_hall_id, seat_type_id, seat_code, created_at, updated_at) VALUES ('506c048b-7d06-4879-b3d4-701304d3b5a9', '1368e1f8-aa54-4d8e-99d2-eadb141e97cb', '25d17eab-bd46-441a-9167-1e5f200d28bd', 'E7', '2026-01-06T17:58:55.860888', '2026-01-06T17:58:55.860888');
INSERT INTO hall_seats (id, cinema_hall_id, seat_type_id, seat_code, created_at, updated_at) VALUES ('aef1652b-2242-4573-bc41-d12dcb366881', '1368e1f8-aa54-4d8e-99d2-eadb141e97cb', '25d17eab-bd46-441a-9167-1e5f200d28bd', 'E8', '2026-01-06T17:58:55.860905', '2026-01-06T17:58:55.860905');
INSERT INTO hall_seats (id, cinema_hall_id, seat_type_id, seat_code, created_at, updated_at) VALUES ('06ff6f4a-ce4d-4e54-b5f3-d12c06399f27', '1368e1f8-aa54-4d8e-99d2-eadb141e97cb', '25d17eab-bd46-441a-9167-1e5f200d28bd', 'F1', '2026-01-06T17:58:55.860922', '2026-01-06T17:58:55.860922');
INSERT INTO hall_seats (id, cinema_hall_id, seat_type_id, seat_code, created_at, updated_at) VALUES ('f2cfeb69-44d1-4e5c-be98-bda422f3a7e2', '1368e1f8-aa54-4d8e-99d2-eadb141e97cb', '25d17eab-bd46-441a-9167-1e5f200d28bd', 'F2', '2026-01-06T17:58:55.860939', '2026-01-06T17:58:55.860939');
INSERT INTO hall_seats (id, cinema_hall_id, seat_type_id, seat_code, created_at, updated_at) VALUES ('e27e07e7-96c8-44e0-90f6-49255659056f', '1368e1f8-aa54-4d8e-99d2-eadb141e97cb', '25d17eab-bd46-441a-9167-1e5f200d28bd', 'F3', '2026-01-06T17:58:55.860954', '2026-01-06T17:58:55.860954');
INSERT INTO hall_seats (id, cinema_hall_id, seat_type_id, seat_code, created_at, updated_at) VALUES ('81723e5f-b209-43fd-a8d3-458f1cecff2d', '1368e1f8-aa54-4d8e-99d2-eadb141e97cb', '25d17eab-bd46-441a-9167-1e5f200d28bd', 'F4', '2026-01-06T17:58:55.860973', '2026-01-06T17:58:55.860973');
INSERT INTO hall_seats (id, cinema_hall_id, seat_type_id, seat_code, created_at, updated_at) VALUES ('6df20f4b-d6cd-4b34-83e9-f66b87a158df', '1368e1f8-aa54-4d8e-99d2-eadb141e97cb', '25d17eab-bd46-441a-9167-1e5f200d28bd', 'F5', '2026-01-06T17:58:55.860989', '2026-01-06T17:58:55.860989');
INSERT INTO hall_seats (id, cinema_hall_id, seat_type_id, seat_code, created_at, updated_at) VALUES ('46a37d48-ce83-44d0-8bf8-c91eb9f1ed94', '1368e1f8-aa54-4d8e-99d2-eadb141e97cb', '25d17eab-bd46-441a-9167-1e5f200d28bd', 'F6', '2026-01-06T17:58:55.861008', '2026-01-06T17:58:55.861008');
INSERT INTO hall_seats (id, cinema_hall_id, seat_type_id, seat_code, created_at, updated_at) VALUES ('bc0317af-869d-4071-843e-51e5f5e74353', '1368e1f8-aa54-4d8e-99d2-eadb141e97cb', '25d17eab-bd46-441a-9167-1e5f200d28bd', 'F7', '2026-01-06T17:58:55.861026', '2026-01-06T17:58:55.861026');
INSERT INTO hall_seats (id, cinema_hall_id, seat_type_id, seat_code, created_at, updated_at) VALUES ('0f0680e4-c46f-4477-9923-aaefae46cf58', '1368e1f8-aa54-4d8e-99d2-eadb141e97cb', '25d17eab-bd46-441a-9167-1e5f200d28bd', 'F8', '2026-01-06T17:58:55.861043', '2026-01-06T17:58:55.861043');
INSERT INTO hall_seats (id, cinema_hall_id, seat_type_id, seat_code, created_at, updated_at) VALUES ('1406216c-078f-4a9b-b36a-c65a34c0427f', '1368e1f8-aa54-4d8e-99d2-eadb141e97cb', '09699c89-5a1d-4f52-b1d0-edecbc043c96', 'G1', '2026-01-06T17:58:55.861060', '2026-01-06T17:58:55.861060');
INSERT INTO hall_seats (id, cinema_hall_id, seat_type_id, seat_code, created_at, updated_at) VALUES ('ba5b5fba-e7e9-4c9a-a64e-f834af3232e9', '1368e1f8-aa54-4d8e-99d2-eadb141e97cb', '09699c89-5a1d-4f52-b1d0-edecbc043c96', 'G2', '2026-01-06T17:58:55.861084', '2026-01-06T17:58:55.861084');
INSERT INTO hall_seats (id, cinema_hall_id, seat_type_id, seat_code, created_at, updated_at) VALUES ('1c6645a2-4475-4518-816c-ba6d1b912f96', '1368e1f8-aa54-4d8e-99d2-eadb141e97cb', '09699c89-5a1d-4f52-b1d0-edecbc043c96', 'G3', '2026-01-06T17:58:55.861100', '2026-01-06T17:58:55.861100');
INSERT INTO hall_seats (id, cinema_hall_id, seat_type_id, seat_code, created_at, updated_at) VALUES ('e3354c65-b793-438c-8b8f-597875fe6c42', '1368e1f8-aa54-4d8e-99d2-eadb141e97cb', '09699c89-5a1d-4f52-b1d0-edecbc043c96', 'G4', '2026-01-06T17:58:55.861116', '2026-01-06T17:58:55.861116');
INSERT INTO hall_seats (id, cinema_hall_id, seat_type_id, seat_code, created_at, updated_at) VALUES ('3daac8b1-5a6f-4375-977d-2559b7b5afef', '1368e1f8-aa54-4d8e-99d2-eadb141e97cb', '09699c89-5a1d-4f52-b1d0-edecbc043c96', 'G5', '2026-01-06T17:58:55.861132', '2026-01-06T17:58:55.861132');
INSERT INTO hall_seats (id, cinema_hall_id, seat_type_id, seat_code, created_at, updated_at) VALUES ('0659719e-5893-40f9-a456-fb67ba8fd481', '1368e1f8-aa54-4d8e-99d2-eadb141e97cb', '09699c89-5a1d-4f52-b1d0-edecbc043c96', 'G6', '2026-01-06T17:58:55.861148', '2026-01-06T17:58:55.861148');
INSERT INTO hall_seats (id, cinema_hall_id, seat_type_id, seat_code, created_at, updated_at) VALUES ('299179e9-c550-47c6-ba36-61818efc30ab', '1368e1f8-aa54-4d8e-99d2-eadb141e97cb', '09699c89-5a1d-4f52-b1d0-edecbc043c96', 'G7', '2026-01-06T17:58:55.861166', '2026-01-06T17:58:55.861166');
INSERT INTO hall_seats (id, cinema_hall_id, seat_type_id, seat_code, created_at, updated_at) VALUES ('85d062bc-75cf-4b3b-999a-2b34d0c18e2f', '1368e1f8-aa54-4d8e-99d2-eadb141e97cb', '09699c89-5a1d-4f52-b1d0-edecbc043c96', 'G8', '2026-01-06T17:58:55.861186', '2026-01-06T17:58:55.861186');
INSERT INTO hall_seats (id, cinema_hall_id, seat_type_id, seat_code, created_at, updated_at) VALUES ('082744a4-ecbe-4f0c-b39b-e878c77321eb', '1368e1f8-aa54-4d8e-99d2-eadb141e97cb', '09699c89-5a1d-4f52-b1d0-edecbc043c96', 'H1', '2026-01-06T17:58:55.861203', '2026-01-06T17:58:55.861203');
INSERT INTO hall_seats (id, cinema_hall_id, seat_type_id, seat_code, created_at, updated_at) VALUES ('29ffd6c7-6176-4aec-9f40-1de489aa18d5', '1368e1f8-aa54-4d8e-99d2-eadb141e97cb', '09699c89-5a1d-4f52-b1d0-edecbc043c96', 'H2', '2026-01-06T17:58:55.861219', '2026-01-06T17:58:55.861219');
INSERT INTO hall_seats (id, cinema_hall_id, seat_type_id, seat_code, created_at, updated_at) VALUES ('940b7eb6-9b15-43ed-a811-6186004e9dba', '1368e1f8-aa54-4d8e-99d2-eadb141e97cb', '09699c89-5a1d-4f52-b1d0-edecbc043c96', 'H3', '2026-01-06T17:58:55.861235', '2026-01-06T17:58:55.861235');
INSERT INTO hall_seats (id, cinema_hall_id, seat_type_id, seat_code, created_at, updated_at) VALUES ('b535e0b3-2d6e-4ed0-aa87-2c83ecb79b46', '1368e1f8-aa54-4d8e-99d2-eadb141e97cb', '09699c89-5a1d-4f52-b1d0-edecbc043c96', 'H4', '2026-01-06T17:58:55.861250', '2026-01-06T17:58:55.861250');
INSERT INTO hall_seats (id, cinema_hall_id, seat_type_id, seat_code, created_at, updated_at) VALUES ('7d912c51-7ec4-4c11-9601-0d951417d92c', '1368e1f8-aa54-4d8e-99d2-eadb141e97cb', '09699c89-5a1d-4f52-b1d0-edecbc043c96', 'H5', '2026-01-06T17:58:55.861266', '2026-01-06T17:58:55.861266');
INSERT INTO hall_seats (id, cinema_hall_id, seat_type_id, seat_code, created_at, updated_at) VALUES ('b319aafe-2db9-4272-b36d-c8485debb867', '1368e1f8-aa54-4d8e-99d2-eadb141e97cb', '09699c89-5a1d-4f52-b1d0-edecbc043c96', 'H6', '2026-01-06T17:58:55.861283', '2026-01-06T17:58:55.861283');
INSERT INTO hall_seats (id, cinema_hall_id, seat_type_id, seat_code, created_at, updated_at) VALUES ('51bb710d-fb72-4370-b69f-c10adbf6962a', '1368e1f8-aa54-4d8e-99d2-eadb141e97cb', '09699c89-5a1d-4f52-b1d0-edecbc043c96', 'H7', '2026-01-06T17:58:55.861302', '2026-01-06T17:58:55.861302');
INSERT INTO hall_seats (id, cinema_hall_id, seat_type_id, seat_code, created_at, updated_at) VALUES ('d3f6bd06-b4a8-4648-9ee8-544748aaf6ec', '1368e1f8-aa54-4d8e-99d2-eadb141e97cb', '09699c89-5a1d-4f52-b1d0-edecbc043c96', 'H8', '2026-01-06T17:58:55.861319', '2026-01-06T17:58:55.861319');
INSERT INTO hall_seats (id, cinema_hall_id, seat_type_id, seat_code, created_at, updated_at) VALUES ('dcecadad-fcf4-4071-85cb-6640c1f4bcba', '1368e1f8-aa54-4d8e-99d2-eadb141e97cb', 'eeaf9c60-1278-4496-a8b9-564901c1a9d4', 'I1-2', '2026-01-06T17:58:55.861336', '2026-01-06T17:58:55.861336');
INSERT INTO hall_seats (id, cinema_hall_id, seat_type_id, seat_code, created_at, updated_at) VALUES ('17831869-82fe-43b2-ad0b-5d1dead622c9', '1368e1f8-aa54-4d8e-99d2-eadb141e97cb', 'eeaf9c60-1278-4496-a8b9-564901c1a9d4', 'I3-4', '2026-01-06T17:58:55.861351', '2026-01-06T17:58:55.861351');
INSERT INTO hall_seats (id, cinema_hall_id, seat_type_id, seat_code, created_at, updated_at) VALUES ('234d817a-121d-42e8-8cb4-4c13e447f012', '1368e1f8-aa54-4d8e-99d2-eadb141e97cb', 'eeaf9c60-1278-4496-a8b9-564901c1a9d4', 'I5-6', '2026-01-06T17:58:55.861367', '2026-01-06T17:58:55.861367');
INSERT INTO hall_seats (id, cinema_hall_id, seat_type_id, seat_code, created_at, updated_at) VALUES ('522cd386-2de6-45a9-b55e-ce807793240e', '1368e1f8-aa54-4d8e-99d2-eadb141e97cb', 'eeaf9c60-1278-4496-a8b9-564901c1a9d4', 'I7-8', '2026-01-06T17:58:55.861387', '2026-01-06T17:58:55.861387');
INSERT INTO hall_seats (id, cinema_hall_id, seat_type_id, seat_code, created_at, updated_at) VALUES ('ff6ffdf0-096d-4f26-ae2c-e18439bbaaf8', 'fb31358a-eb2f-4cac-9901-7368b51ad47f', '25d17eab-bd46-441a-9167-1e5f200d28bd', 'A1', '2026-01-06T17:58:55.861405', '2026-01-06T17:58:55.861405');
INSERT INTO hall_seats (id, cinema_hall_id, seat_type_id, seat_code, created_at, updated_at) VALUES ('76cf4d64-a962-419b-b45c-568c8c5755fa', 'fb31358a-eb2f-4cac-9901-7368b51ad47f', '25d17eab-bd46-441a-9167-1e5f200d28bd', 'A2', '2026-01-06T17:58:55.861421', '2026-01-06T17:58:55.861421');
INSERT INTO hall_seats (id, cinema_hall_id, seat_type_id, seat_code, created_at, updated_at) VALUES ('98c311ed-889e-4f0f-90cc-79b3441b689e', 'fb31358a-eb2f-4cac-9901-7368b51ad47f', '25d17eab-bd46-441a-9167-1e5f200d28bd', 'A3', '2026-01-06T17:58:55.861439', '2026-01-06T17:58:55.861439');
INSERT INTO hall_seats (id, cinema_hall_id, seat_type_id, seat_code, created_at, updated_at) VALUES ('05e38a65-597f-4d47-b1e6-b72bb6a36a29', 'fb31358a-eb2f-4cac-9901-7368b51ad47f', '25d17eab-bd46-441a-9167-1e5f200d28bd', 'A4', '2026-01-06T17:58:55.861455', '2026-01-06T17:58:55.861455');
INSERT INTO hall_seats (id, cinema_hall_id, seat_type_id, seat_code, created_at, updated_at) VALUES ('3d05af0e-613d-4d7a-839b-b82020312f47', 'fb31358a-eb2f-4cac-9901-7368b51ad47f', '25d17eab-bd46-441a-9167-1e5f200d28bd', 'A5', '2026-01-06T17:58:55.861471', '2026-01-06T17:58:55.861471');
INSERT INTO hall_seats (id, cinema_hall_id, seat_type_id, seat_code, created_at, updated_at) VALUES ('4f98979a-5a83-4250-8e26-9238af24f954', 'fb31358a-eb2f-4cac-9901-7368b51ad47f', '25d17eab-bd46-441a-9167-1e5f200d28bd', 'A6', '2026-01-06T17:58:55.861487', '2026-01-06T17:58:55.861487');
INSERT INTO hall_seats (id, cinema_hall_id, seat_type_id, seat_code, created_at, updated_at) VALUES ('fd648209-0917-4cc9-9c73-39ddc2e52f8d', 'fb31358a-eb2f-4cac-9901-7368b51ad47f', '25d17eab-bd46-441a-9167-1e5f200d28bd', 'A7', '2026-01-06T17:58:55.861502', '2026-01-06T17:58:55.861502');
INSERT INTO hall_seats (id, cinema_hall_id, seat_type_id, seat_code, created_at, updated_at) VALUES ('7407b0ec-7692-4f4c-a4ee-2dfac78da6cf', 'fb31358a-eb2f-4cac-9901-7368b51ad47f', '25d17eab-bd46-441a-9167-1e5f200d28bd', 'A8', '2026-01-06T17:58:55.861518', '2026-01-06T17:58:55.861518');
INSERT INTO hall_seats (id, cinema_hall_id, seat_type_id, seat_code, created_at, updated_at) VALUES ('2d846d2a-9f47-40bf-a2f4-729ebd0a6acc', 'fb31358a-eb2f-4cac-9901-7368b51ad47f', '25d17eab-bd46-441a-9167-1e5f200d28bd', 'B1', '2026-01-06T17:58:55.861534', '2026-01-06T17:58:55.861534');
INSERT INTO hall_seats (id, cinema_hall_id, seat_type_id, seat_code, created_at, updated_at) VALUES ('d49772f9-4b57-4f17-80cd-c5de73b4f77e', 'fb31358a-eb2f-4cac-9901-7368b51ad47f', '25d17eab-bd46-441a-9167-1e5f200d28bd', 'B2', '2026-01-06T17:58:55.861550', '2026-01-06T17:58:55.861550');
INSERT INTO hall_seats (id, cinema_hall_id, seat_type_id, seat_code, created_at, updated_at) VALUES ('662c2d1e-7802-4a68-8d31-97605f00f1b7', 'fb31358a-eb2f-4cac-9901-7368b51ad47f', '25d17eab-bd46-441a-9167-1e5f200d28bd', 'B3', '2026-01-06T17:58:55.861568', '2026-01-06T17:58:55.861568');
INSERT INTO hall_seats (id, cinema_hall_id, seat_type_id, seat_code, created_at, updated_at) VALUES ('e6131a33-5df7-46ab-8f91-9e8c5eda0a50', 'fb31358a-eb2f-4cac-9901-7368b51ad47f', '25d17eab-bd46-441a-9167-1e5f200d28bd', 'B4', '2026-01-06T17:58:55.861587', '2026-01-06T17:58:55.861587');
INSERT INTO hall_seats (id, cinema_hall_id, seat_type_id, seat_code, created_at, updated_at) VALUES ('88def15a-f36f-45d2-8f37-c6f9159bc228', 'fb31358a-eb2f-4cac-9901-7368b51ad47f', '25d17eab-bd46-441a-9167-1e5f200d28bd', 'B5', '2026-01-06T17:58:55.861603', '2026-01-06T17:58:55.861603');
INSERT INTO hall_seats (id, cinema_hall_id, seat_type_id, seat_code, created_at, updated_at) VALUES ('45e9a932-cd23-4558-bac4-729f158a5160', 'fb31358a-eb2f-4cac-9901-7368b51ad47f', '25d17eab-bd46-441a-9167-1e5f200d28bd', 'B6', '2026-01-06T17:58:55.861620', '2026-01-06T17:58:55.861620');
INSERT INTO hall_seats (id, cinema_hall_id, seat_type_id, seat_code, created_at, updated_at) VALUES ('26e52297-49ef-4b3e-8b0b-5ec37e10e051', 'fb31358a-eb2f-4cac-9901-7368b51ad47f', '25d17eab-bd46-441a-9167-1e5f200d28bd', 'B7', '2026-01-06T17:58:55.861636', '2026-01-06T17:58:55.861636');
INSERT INTO hall_seats (id, cinema_hall_id, seat_type_id, seat_code, created_at, updated_at) VALUES ('c6f4fdbf-7095-457b-add3-c4483d06673e', 'fb31358a-eb2f-4cac-9901-7368b51ad47f', '25d17eab-bd46-441a-9167-1e5f200d28bd', 'B8', '2026-01-06T17:58:55.861652', '2026-01-06T17:58:55.861652');
INSERT INTO hall_seats (id, cinema_hall_id, seat_type_id, seat_code, created_at, updated_at) VALUES ('88b77822-e983-4389-ac39-f1b9f174db8d', 'fb31358a-eb2f-4cac-9901-7368b51ad47f', '25d17eab-bd46-441a-9167-1e5f200d28bd', 'C1', '2026-01-06T17:58:55.861668', '2026-01-06T17:58:55.861668');
INSERT INTO hall_seats (id, cinema_hall_id, seat_type_id, seat_code, created_at, updated_at) VALUES ('654f9de2-8058-467e-9dbc-fb74275eb8ea', 'fb31358a-eb2f-4cac-9901-7368b51ad47f', '25d17eab-bd46-441a-9167-1e5f200d28bd', 'C2', '2026-01-06T17:58:55.861683', '2026-01-06T17:58:55.861683');
INSERT INTO hall_seats (id, cinema_hall_id, seat_type_id, seat_code, created_at, updated_at) VALUES ('26f60a71-50aa-4e06-9915-89835e44909f', 'fb31358a-eb2f-4cac-9901-7368b51ad47f', '25d17eab-bd46-441a-9167-1e5f200d28bd', 'C3', '2026-01-06T17:58:55.861702', '2026-01-06T17:58:55.861702');
INSERT INTO hall_seats (id, cinema_hall_id, seat_type_id, seat_code, created_at, updated_at) VALUES ('2bff321c-4463-4a60-8424-30bdecf5662c', 'fb31358a-eb2f-4cac-9901-7368b51ad47f', '25d17eab-bd46-441a-9167-1e5f200d28bd', 'C4', '2026-01-06T17:58:55.861718', '2026-01-06T17:58:55.861718');
INSERT INTO hall_seats (id, cinema_hall_id, seat_type_id, seat_code, created_at, updated_at) VALUES ('80b2546f-9c5d-4581-af3a-ae0621af8009', 'fb31358a-eb2f-4cac-9901-7368b51ad47f', '25d17eab-bd46-441a-9167-1e5f200d28bd', 'C5', '2026-01-06T17:58:55.861733', '2026-01-06T17:58:55.861733');
INSERT INTO hall_seats (id, cinema_hall_id, seat_type_id, seat_code, created_at, updated_at) VALUES ('98b1542a-c668-4388-806c-f54ecee9900c', 'fb31358a-eb2f-4cac-9901-7368b51ad47f', '25d17eab-bd46-441a-9167-1e5f200d28bd', 'C6', '2026-01-06T17:58:55.861749', '2026-01-06T17:58:55.861749');
INSERT INTO hall_seats (id, cinema_hall_id, seat_type_id, seat_code, created_at, updated_at) VALUES ('8e348884-c6a6-457c-9ad5-0951b451b669', 'fb31358a-eb2f-4cac-9901-7368b51ad47f', '25d17eab-bd46-441a-9167-1e5f200d28bd', 'C7', '2026-01-06T17:58:55.861765', '2026-01-06T17:58:55.861765');
INSERT INTO hall_seats (id, cinema_hall_id, seat_type_id, seat_code, created_at, updated_at) VALUES ('20e3ba6d-60d9-444f-a31c-9159fecd61fd', 'fb31358a-eb2f-4cac-9901-7368b51ad47f', '25d17eab-bd46-441a-9167-1e5f200d28bd', 'C8', '2026-01-06T17:58:55.861786', '2026-01-06T17:58:55.861786');
INSERT INTO hall_seats (id, cinema_hall_id, seat_type_id, seat_code, created_at, updated_at) VALUES ('69b6b973-708d-4c73-be43-fa098cfeb9b4', 'fb31358a-eb2f-4cac-9901-7368b51ad47f', '25d17eab-bd46-441a-9167-1e5f200d28bd', 'D1', '2026-01-06T17:58:55.861805', '2026-01-06T17:58:55.861805');
INSERT INTO hall_seats (id, cinema_hall_id, seat_type_id, seat_code, created_at, updated_at) VALUES ('95aa5f40-9342-4b84-8269-6759c477f88b', 'fb31358a-eb2f-4cac-9901-7368b51ad47f', '25d17eab-bd46-441a-9167-1e5f200d28bd', 'D2', '2026-01-06T17:58:55.861822', '2026-01-06T17:58:55.861822');
INSERT INTO hall_seats (id, cinema_hall_id, seat_type_id, seat_code, created_at, updated_at) VALUES ('815804ed-0a6d-463a-bbbe-3f1dae34ec87', 'fb31358a-eb2f-4cac-9901-7368b51ad47f', '25d17eab-bd46-441a-9167-1e5f200d28bd', 'D3', '2026-01-06T17:58:55.861840', '2026-01-06T17:58:55.861840');
INSERT INTO hall_seats (id, cinema_hall_id, seat_type_id, seat_code, created_at, updated_at) VALUES ('55958582-af02-4fcf-8c66-65f19c3e6f75', 'fb31358a-eb2f-4cac-9901-7368b51ad47f', '25d17eab-bd46-441a-9167-1e5f200d28bd', 'D4', '2026-01-06T17:58:55.861856', '2026-01-06T17:58:55.861856');
INSERT INTO hall_seats (id, cinema_hall_id, seat_type_id, seat_code, created_at, updated_at) VALUES ('2f511a4f-70d6-40f2-91e1-628af25b85d7', 'fb31358a-eb2f-4cac-9901-7368b51ad47f', '25d17eab-bd46-441a-9167-1e5f200d28bd', 'D5', '2026-01-06T17:58:55.861872', '2026-01-06T17:58:55.861872');
INSERT INTO hall_seats (id, cinema_hall_id, seat_type_id, seat_code, created_at, updated_at) VALUES ('74677af0-62d2-42ed-8d27-041ea57ed3a9', 'fb31358a-eb2f-4cac-9901-7368b51ad47f', '25d17eab-bd46-441a-9167-1e5f200d28bd', 'D6', '2026-01-06T17:58:55.861887', '2026-01-06T17:58:55.861887');
INSERT INTO hall_seats (id, cinema_hall_id, seat_type_id, seat_code, created_at, updated_at) VALUES ('b08918e5-c72b-445d-8bbb-c53f08138e9c', 'fb31358a-eb2f-4cac-9901-7368b51ad47f', '25d17eab-bd46-441a-9167-1e5f200d28bd', 'D7', '2026-01-06T17:58:55.861903', '2026-01-06T17:58:55.861903');
INSERT INTO hall_seats (id, cinema_hall_id, seat_type_id, seat_code, created_at, updated_at) VALUES ('c32700a7-cbc0-4a60-a378-35a8fe2040c7', 'fb31358a-eb2f-4cac-9901-7368b51ad47f', '25d17eab-bd46-441a-9167-1e5f200d28bd', 'D8', '2026-01-06T17:58:55.861919', '2026-01-06T17:58:55.861919');
INSERT INTO hall_seats (id, cinema_hall_id, seat_type_id, seat_code, created_at, updated_at) VALUES ('d7c45d97-fb71-4966-bd5a-9ffee81ce43a', 'fb31358a-eb2f-4cac-9901-7368b51ad47f', '25d17eab-bd46-441a-9167-1e5f200d28bd', 'E1', '2026-01-06T17:58:55.861935', '2026-01-06T17:58:55.861935');
INSERT INTO hall_seats (id, cinema_hall_id, seat_type_id, seat_code, created_at, updated_at) VALUES ('4f0b6f40-c480-4304-946f-3b9614f6867b', 'fb31358a-eb2f-4cac-9901-7368b51ad47f', '25d17eab-bd46-441a-9167-1e5f200d28bd', 'E2', '2026-01-06T17:58:55.861950', '2026-01-06T17:58:55.861950');
INSERT INTO hall_seats (id, cinema_hall_id, seat_type_id, seat_code, created_at, updated_at) VALUES ('339eb92f-cdc3-449b-83d7-0af02ae40063', 'fb31358a-eb2f-4cac-9901-7368b51ad47f', '25d17eab-bd46-441a-9167-1e5f200d28bd', 'E3', '2026-01-06T17:58:55.861968', '2026-01-06T17:58:55.861968');
INSERT INTO hall_seats (id, cinema_hall_id, seat_type_id, seat_code, created_at, updated_at) VALUES ('0ebcd052-bd6c-4e18-8307-919ec1c82ca1', 'fb31358a-eb2f-4cac-9901-7368b51ad47f', '25d17eab-bd46-441a-9167-1e5f200d28bd', 'E4', '2026-01-06T17:58:55.861988', '2026-01-06T17:58:55.861988');
INSERT INTO hall_seats (id, cinema_hall_id, seat_type_id, seat_code, created_at, updated_at) VALUES ('f4654436-ed44-42a4-bf25-058f8dd4f8e5', 'fb31358a-eb2f-4cac-9901-7368b51ad47f', '25d17eab-bd46-441a-9167-1e5f200d28bd', 'E5', '2026-01-06T17:58:55.862004', '2026-01-06T17:58:55.862004');
INSERT INTO hall_seats (id, cinema_hall_id, seat_type_id, seat_code, created_at, updated_at) VALUES ('f4271ddc-b656-4086-8e06-d244d8840190', 'fb31358a-eb2f-4cac-9901-7368b51ad47f', '25d17eab-bd46-441a-9167-1e5f200d28bd', 'E6', '2026-01-06T17:58:55.862021', '2026-01-06T17:58:55.862021');
INSERT INTO hall_seats (id, cinema_hall_id, seat_type_id, seat_code, created_at, updated_at) VALUES ('acd3ae22-9271-4b1f-b927-910e10ecf0d5', 'fb31358a-eb2f-4cac-9901-7368b51ad47f', '25d17eab-bd46-441a-9167-1e5f200d28bd', 'E7', '2026-01-06T17:58:55.862037', '2026-01-06T17:58:55.862037');
INSERT INTO hall_seats (id, cinema_hall_id, seat_type_id, seat_code, created_at, updated_at) VALUES ('57e2f6ee-9cb8-495f-baaa-c4126b95b713', 'fb31358a-eb2f-4cac-9901-7368b51ad47f', '25d17eab-bd46-441a-9167-1e5f200d28bd', 'E8', '2026-01-06T17:58:55.862053', '2026-01-06T17:58:55.862053');
INSERT INTO hall_seats (id, cinema_hall_id, seat_type_id, seat_code, created_at, updated_at) VALUES ('076ee396-074e-4413-aae1-8896873c6ffb', 'fb31358a-eb2f-4cac-9901-7368b51ad47f', '25d17eab-bd46-441a-9167-1e5f200d28bd', 'F1', '2026-01-06T17:58:55.862078', '2026-01-06T17:58:55.862078');
INSERT INTO hall_seats (id, cinema_hall_id, seat_type_id, seat_code, created_at, updated_at) VALUES ('8231da04-0954-4d72-8042-45c9a81479ed', 'fb31358a-eb2f-4cac-9901-7368b51ad47f', '25d17eab-bd46-441a-9167-1e5f200d28bd', 'F2', '2026-01-06T17:58:55.862095', '2026-01-06T17:58:55.862095');
INSERT INTO hall_seats (id, cinema_hall_id, seat_type_id, seat_code, created_at, updated_at) VALUES ('aa6149c5-f8cc-49cb-afa1-98ca629105c5', 'fb31358a-eb2f-4cac-9901-7368b51ad47f', '25d17eab-bd46-441a-9167-1e5f200d28bd', 'F3', '2026-01-06T17:58:55.862113', '2026-01-06T17:58:55.862113');
INSERT INTO hall_seats (id, cinema_hall_id, seat_type_id, seat_code, created_at, updated_at) VALUES ('6890005b-4e16-4848-b827-6916da4b6baf', 'fb31358a-eb2f-4cac-9901-7368b51ad47f', '25d17eab-bd46-441a-9167-1e5f200d28bd', 'F4', '2026-01-06T17:58:55.862129', '2026-01-06T17:58:55.862129');
INSERT INTO hall_seats (id, cinema_hall_id, seat_type_id, seat_code, created_at, updated_at) VALUES ('5b7beebe-fd2c-479f-bbf2-1d1d18267996', 'fb31358a-eb2f-4cac-9901-7368b51ad47f', '25d17eab-bd46-441a-9167-1e5f200d28bd', 'F5', '2026-01-06T17:58:55.862145', '2026-01-06T17:58:55.862145');
INSERT INTO hall_seats (id, cinema_hall_id, seat_type_id, seat_code, created_at, updated_at) VALUES ('161d0ad4-4476-4940-9c3f-283aca55236d', 'fb31358a-eb2f-4cac-9901-7368b51ad47f', '25d17eab-bd46-441a-9167-1e5f200d28bd', 'F6', '2026-01-06T17:58:55.862161', '2026-01-06T17:58:55.862161');
INSERT INTO hall_seats (id, cinema_hall_id, seat_type_id, seat_code, created_at, updated_at) VALUES ('3e07303c-ce8f-4774-a02f-043b1f258a82', 'fb31358a-eb2f-4cac-9901-7368b51ad47f', '25d17eab-bd46-441a-9167-1e5f200d28bd', 'F7', '2026-01-06T17:58:55.862176', '2026-01-06T17:58:55.862176');
INSERT INTO hall_seats (id, cinema_hall_id, seat_type_id, seat_code, created_at, updated_at) VALUES ('a6612cc2-1879-4d3a-85f4-0c40c610e65d', 'fb31358a-eb2f-4cac-9901-7368b51ad47f', '25d17eab-bd46-441a-9167-1e5f200d28bd', 'F8', '2026-01-06T17:58:55.862196', '2026-01-06T17:58:55.862196');
INSERT INTO hall_seats (id, cinema_hall_id, seat_type_id, seat_code, created_at, updated_at) VALUES ('6f7b4c1a-3116-46a6-86cd-9432a5bf193d', 'fb31358a-eb2f-4cac-9901-7368b51ad47f', '09699c89-5a1d-4f52-b1d0-edecbc043c96', 'G1', '2026-01-06T17:58:55.862212', '2026-01-06T17:58:55.862212');
INSERT INTO hall_seats (id, cinema_hall_id, seat_type_id, seat_code, created_at, updated_at) VALUES ('191a0199-18d8-455c-90d6-3dd3142bb419', 'fb31358a-eb2f-4cac-9901-7368b51ad47f', '09699c89-5a1d-4f52-b1d0-edecbc043c96', 'G2', '2026-01-06T17:58:55.862228', '2026-01-06T17:58:55.862228');
INSERT INTO hall_seats (id, cinema_hall_id, seat_type_id, seat_code, created_at, updated_at) VALUES ('4b9644f0-8523-4199-a8f1-8dd2aca25a6d', 'fb31358a-eb2f-4cac-9901-7368b51ad47f', '09699c89-5a1d-4f52-b1d0-edecbc043c96', 'G3', '2026-01-06T17:58:55.862246', '2026-01-06T17:58:55.862246');
INSERT INTO hall_seats (id, cinema_hall_id, seat_type_id, seat_code, created_at, updated_at) VALUES ('b52e3e2e-a487-4eea-bd1a-3a1be7d3d32a', 'fb31358a-eb2f-4cac-9901-7368b51ad47f', '09699c89-5a1d-4f52-b1d0-edecbc043c96', 'G4', '2026-01-06T17:58:55.862262', '2026-01-06T17:58:55.862262');
INSERT INTO hall_seats (id, cinema_hall_id, seat_type_id, seat_code, created_at, updated_at) VALUES ('54419fdf-eda3-4491-9949-1d90098ec1d9', 'fb31358a-eb2f-4cac-9901-7368b51ad47f', '09699c89-5a1d-4f52-b1d0-edecbc043c96', 'G5', '2026-01-06T17:58:55.862277', '2026-01-06T17:58:55.862277');
INSERT INTO hall_seats (id, cinema_hall_id, seat_type_id, seat_code, created_at, updated_at) VALUES ('511ee46d-7cb9-482e-a12a-9e582fbd65a6', 'fb31358a-eb2f-4cac-9901-7368b51ad47f', '09699c89-5a1d-4f52-b1d0-edecbc043c96', 'G6', '2026-01-06T17:58:55.862293', '2026-01-06T17:58:55.862293');
INSERT INTO hall_seats (id, cinema_hall_id, seat_type_id, seat_code, created_at, updated_at) VALUES ('6b0cc972-c1b1-4bd9-85bd-8a6e0c5f3510', 'fb31358a-eb2f-4cac-9901-7368b51ad47f', '09699c89-5a1d-4f52-b1d0-edecbc043c96', 'G7', '2026-01-06T17:58:55.862309', '2026-01-06T17:58:55.862309');
INSERT INTO hall_seats (id, cinema_hall_id, seat_type_id, seat_code, created_at, updated_at) VALUES ('7a40f21a-6673-4beb-88d9-c6167de12499', 'fb31358a-eb2f-4cac-9901-7368b51ad47f', '09699c89-5a1d-4f52-b1d0-edecbc043c96', 'G8', '2026-01-06T17:58:55.862327', '2026-01-06T17:58:55.862327');
INSERT INTO hall_seats (id, cinema_hall_id, seat_type_id, seat_code, created_at, updated_at) VALUES ('2cc7fe46-05ea-4afe-92f6-eb3b9dc91d27', 'fb31358a-eb2f-4cac-9901-7368b51ad47f', '09699c89-5a1d-4f52-b1d0-edecbc043c96', 'H1', '2026-01-06T17:58:55.862343', '2026-01-06T17:58:55.862343');
INSERT INTO hall_seats (id, cinema_hall_id, seat_type_id, seat_code, created_at, updated_at) VALUES ('40f32816-e99f-4468-81d7-ca4b1377dc22', 'fb31358a-eb2f-4cac-9901-7368b51ad47f', '09699c89-5a1d-4f52-b1d0-edecbc043c96', 'H2', '2026-01-06T17:58:55.862358', '2026-01-06T17:58:55.862358');
INSERT INTO hall_seats (id, cinema_hall_id, seat_type_id, seat_code, created_at, updated_at) VALUES ('8df0e260-a6fe-4db1-b517-211a48095b21', 'fb31358a-eb2f-4cac-9901-7368b51ad47f', '09699c89-5a1d-4f52-b1d0-edecbc043c96', 'H3', '2026-01-06T17:58:55.862377', '2026-01-06T17:58:55.862377');
INSERT INTO hall_seats (id, cinema_hall_id, seat_type_id, seat_code, created_at, updated_at) VALUES ('031d4d24-891f-4d19-ab0b-64ec6506dab2', 'fb31358a-eb2f-4cac-9901-7368b51ad47f', '09699c89-5a1d-4f52-b1d0-edecbc043c96', 'H4', '2026-01-06T17:58:55.862396', '2026-01-06T17:58:55.862396');
INSERT INTO hall_seats (id, cinema_hall_id, seat_type_id, seat_code, created_at, updated_at) VALUES ('ced50064-1f7f-4b9f-8a6f-15418ff26a3b', 'fb31358a-eb2f-4cac-9901-7368b51ad47f', '09699c89-5a1d-4f52-b1d0-edecbc043c96', 'H5', '2026-01-06T17:58:55.862412', '2026-01-06T17:58:55.862412');
INSERT INTO hall_seats (id, cinema_hall_id, seat_type_id, seat_code, created_at, updated_at) VALUES ('7a90eb73-fa6c-45dc-af15-e621cc1b6a1e', 'fb31358a-eb2f-4cac-9901-7368b51ad47f', '09699c89-5a1d-4f52-b1d0-edecbc043c96', 'H6', '2026-01-06T17:58:55.862428', '2026-01-06T17:58:55.862428');
INSERT INTO hall_seats (id, cinema_hall_id, seat_type_id, seat_code, created_at, updated_at) VALUES ('444c5632-c71c-4a3f-8edc-db39950fa1b8', 'fb31358a-eb2f-4cac-9901-7368b51ad47f', '09699c89-5a1d-4f52-b1d0-edecbc043c96', 'H7', '2026-01-06T17:58:55.862446', '2026-01-06T17:58:55.862446');
INSERT INTO hall_seats (id, cinema_hall_id, seat_type_id, seat_code, created_at, updated_at) VALUES ('68a7de5a-89af-4b59-a793-10b4d10713fd', 'fb31358a-eb2f-4cac-9901-7368b51ad47f', '09699c89-5a1d-4f52-b1d0-edecbc043c96', 'H8', '2026-01-06T17:58:55.862468', '2026-01-06T17:58:55.862468');
INSERT INTO hall_seats (id, cinema_hall_id, seat_type_id, seat_code, created_at, updated_at) VALUES ('ec84855c-b46b-45c1-aa71-2b335cc0a387', 'fb31358a-eb2f-4cac-9901-7368b51ad47f', 'eeaf9c60-1278-4496-a8b9-564901c1a9d4', 'I1-2', '2026-01-06T17:58:55.862485', '2026-01-06T17:58:55.862485');
INSERT INTO hall_seats (id, cinema_hall_id, seat_type_id, seat_code, created_at, updated_at) VALUES ('ca762364-86fe-49a4-9e9a-f238ed4346c2', 'fb31358a-eb2f-4cac-9901-7368b51ad47f', 'eeaf9c60-1278-4496-a8b9-564901c1a9d4', 'I3-4', '2026-01-06T17:58:55.862502', '2026-01-06T17:58:55.862502');
INSERT INTO hall_seats (id, cinema_hall_id, seat_type_id, seat_code, created_at, updated_at) VALUES ('47ca3448-754d-4238-8522-77ea8ab6898a', 'fb31358a-eb2f-4cac-9901-7368b51ad47f', 'eeaf9c60-1278-4496-a8b9-564901c1a9d4', 'I5-6', '2026-01-06T17:58:55.862521', '2026-01-06T17:58:55.862521');
INSERT INTO hall_seats (id, cinema_hall_id, seat_type_id, seat_code, created_at, updated_at) VALUES ('9fde917b-9844-45d9-9078-8dc523965e49', 'fb31358a-eb2f-4cac-9901-7368b51ad47f', 'eeaf9c60-1278-4496-a8b9-564901c1a9d4', 'I7-8', '2026-01-06T17:58:55.862537', '2026-01-06T17:58:55.862537');
INSERT INTO hall_seats (id, cinema_hall_id, seat_type_id, seat_code, created_at, updated_at) VALUES ('4bd184f7-43e3-488f-a21e-d81e979416d4', 'c6127204-b556-472e-8812-12d5aed4e3f9', '25d17eab-bd46-441a-9167-1e5f200d28bd', 'A1', '2026-01-06T17:58:55.862555', '2026-01-06T17:58:55.862555');
INSERT INTO hall_seats (id, cinema_hall_id, seat_type_id, seat_code, created_at, updated_at) VALUES ('54f28bc4-efb2-4100-988a-6ddb1b5a6860', 'c6127204-b556-472e-8812-12d5aed4e3f9', '25d17eab-bd46-441a-9167-1e5f200d28bd', 'A2', '2026-01-06T17:58:55.862570', '2026-01-06T17:58:55.862570');
INSERT INTO hall_seats (id, cinema_hall_id, seat_type_id, seat_code, created_at, updated_at) VALUES ('e164f054-8b5f-47d2-a71c-a8e534e08c7b', 'c6127204-b556-472e-8812-12d5aed4e3f9', '25d17eab-bd46-441a-9167-1e5f200d28bd', 'A3', '2026-01-06T17:58:55.862587', '2026-01-06T17:58:55.862587');
INSERT INTO hall_seats (id, cinema_hall_id, seat_type_id, seat_code, created_at, updated_at) VALUES ('836423a5-d632-4d7b-a890-67804e303d81', 'c6127204-b556-472e-8812-12d5aed4e3f9', '25d17eab-bd46-441a-9167-1e5f200d28bd', 'A4', '2026-01-06T17:58:55.862606', '2026-01-06T17:58:55.862606');
INSERT INTO hall_seats (id, cinema_hall_id, seat_type_id, seat_code, created_at, updated_at) VALUES ('ba69806c-8ab1-4606-b9f1-35cde09bc021', 'c6127204-b556-472e-8812-12d5aed4e3f9', '25d17eab-bd46-441a-9167-1e5f200d28bd', 'A5', '2026-01-06T17:58:55.862623', '2026-01-06T17:58:55.862623');
INSERT INTO hall_seats (id, cinema_hall_id, seat_type_id, seat_code, created_at, updated_at) VALUES ('504cba4f-3512-4b13-b869-8f69ba12a725', 'c6127204-b556-472e-8812-12d5aed4e3f9', '25d17eab-bd46-441a-9167-1e5f200d28bd', 'A6', '2026-01-06T17:58:55.862639', '2026-01-06T17:58:55.862639');
INSERT INTO hall_seats (id, cinema_hall_id, seat_type_id, seat_code, created_at, updated_at) VALUES ('e4613b63-862b-4c59-aede-836dc8679fda', 'c6127204-b556-472e-8812-12d5aed4e3f9', '25d17eab-bd46-441a-9167-1e5f200d28bd', 'A7', '2026-01-06T17:58:55.862658', '2026-01-06T17:58:55.862658');
INSERT INTO hall_seats (id, cinema_hall_id, seat_type_id, seat_code, created_at, updated_at) VALUES ('728c55ec-2a27-4da9-8ee3-074df21c9d08', 'c6127204-b556-472e-8812-12d5aed4e3f9', '25d17eab-bd46-441a-9167-1e5f200d28bd', 'A8', '2026-01-06T17:58:55.862674', '2026-01-06T17:58:55.862674');
INSERT INTO hall_seats (id, cinema_hall_id, seat_type_id, seat_code, created_at, updated_at) VALUES ('d6ba1ffd-2fd5-409b-99d3-6b6e296d00be', 'c6127204-b556-472e-8812-12d5aed4e3f9', '25d17eab-bd46-441a-9167-1e5f200d28bd', 'B1', '2026-01-06T17:58:55.862690', '2026-01-06T17:58:55.862690');
INSERT INTO hall_seats (id, cinema_hall_id, seat_type_id, seat_code, created_at, updated_at) VALUES ('76607450-a4db-4cfe-bb45-d29e150b42c8', 'c6127204-b556-472e-8812-12d5aed4e3f9', '25d17eab-bd46-441a-9167-1e5f200d28bd', 'B2', '2026-01-06T17:58:55.862706', '2026-01-06T17:58:55.862706');
INSERT INTO hall_seats (id, cinema_hall_id, seat_type_id, seat_code, created_at, updated_at) VALUES ('b5c0fca7-fa01-410d-bf7b-aba3f89d8ea6', 'c6127204-b556-472e-8812-12d5aed4e3f9', '25d17eab-bd46-441a-9167-1e5f200d28bd', 'B3', '2026-01-06T17:58:55.862734', '2026-01-06T17:58:55.862734');
INSERT INTO hall_seats (id, cinema_hall_id, seat_type_id, seat_code, created_at, updated_at) VALUES ('601f8744-22d3-4abe-a973-2c850a6b4ae0', 'c6127204-b556-472e-8812-12d5aed4e3f9', '25d17eab-bd46-441a-9167-1e5f200d28bd', 'B4', '2026-01-06T17:58:55.862764', '2026-01-06T17:58:55.862764');
INSERT INTO hall_seats (id, cinema_hall_id, seat_type_id, seat_code, created_at, updated_at) VALUES ('e53c1269-14b6-4995-a818-b0a5e04a15ba', 'c6127204-b556-472e-8812-12d5aed4e3f9', '25d17eab-bd46-441a-9167-1e5f200d28bd', 'B5', '2026-01-06T17:58:55.862788', '2026-01-06T17:58:55.862788');
INSERT INTO hall_seats (id, cinema_hall_id, seat_type_id, seat_code, created_at, updated_at) VALUES ('67467710-1e55-4c6f-9c82-58e27607f622', 'c6127204-b556-472e-8812-12d5aed4e3f9', '25d17eab-bd46-441a-9167-1e5f200d28bd', 'B6', '2026-01-06T17:58:55.862811', '2026-01-06T17:58:55.862811');
INSERT INTO hall_seats (id, cinema_hall_id, seat_type_id, seat_code, created_at, updated_at) VALUES ('492ea865-cabf-46a6-8ffe-fbd9ef8e3b6b', 'c6127204-b556-472e-8812-12d5aed4e3f9', '25d17eab-bd46-441a-9167-1e5f200d28bd', 'B7', '2026-01-06T17:58:55.862840', '2026-01-06T17:58:55.862840');
INSERT INTO hall_seats (id, cinema_hall_id, seat_type_id, seat_code, created_at, updated_at) VALUES ('8970a3e3-0644-4465-8238-a0ea3523f161', 'c6127204-b556-472e-8812-12d5aed4e3f9', '25d17eab-bd46-441a-9167-1e5f200d28bd', 'B8', '2026-01-06T17:58:55.862875', '2026-01-06T17:58:55.862875');
INSERT INTO hall_seats (id, cinema_hall_id, seat_type_id, seat_code, created_at, updated_at) VALUES ('c5153e2a-e745-47f2-9f5a-8b9b6a1b2601', 'c6127204-b556-472e-8812-12d5aed4e3f9', '25d17eab-bd46-441a-9167-1e5f200d28bd', 'C1', '2026-01-06T17:58:55.862902', '2026-01-06T17:58:55.862902');
INSERT INTO hall_seats (id, cinema_hall_id, seat_type_id, seat_code, created_at, updated_at) VALUES ('407b1be9-54ad-4c1b-b0e9-32dcc70e833b', 'c6127204-b556-472e-8812-12d5aed4e3f9', '25d17eab-bd46-441a-9167-1e5f200d28bd', 'C2', '2026-01-06T17:58:55.862929', '2026-01-06T17:58:55.862929');
INSERT INTO hall_seats (id, cinema_hall_id, seat_type_id, seat_code, created_at, updated_at) VALUES ('a4d63120-2fe1-4807-8602-cf2ed2c7c190', 'c6127204-b556-472e-8812-12d5aed4e3f9', '25d17eab-bd46-441a-9167-1e5f200d28bd', 'C3', '2026-01-06T17:58:55.862957', '2026-01-06T17:58:55.862957');
INSERT INTO hall_seats (id, cinema_hall_id, seat_type_id, seat_code, created_at, updated_at) VALUES ('22423019-00df-4636-bcde-4a67670c1409', 'c6127204-b556-472e-8812-12d5aed4e3f9', '25d17eab-bd46-441a-9167-1e5f200d28bd', 'C4', '2026-01-06T17:58:55.862984', '2026-01-06T17:58:55.862984');
INSERT INTO hall_seats (id, cinema_hall_id, seat_type_id, seat_code, created_at, updated_at) VALUES ('212ee2dd-8ece-4185-9d08-1c90f9ade5ad', 'c6127204-b556-472e-8812-12d5aed4e3f9', '25d17eab-bd46-441a-9167-1e5f200d28bd', 'C5', '2026-01-06T17:58:55.863023', '2026-01-06T17:58:55.863023');
INSERT INTO hall_seats (id, cinema_hall_id, seat_type_id, seat_code, created_at, updated_at) VALUES ('52466a46-e9d3-4ce7-b258-dbb706e5907e', 'c6127204-b556-472e-8812-12d5aed4e3f9', '25d17eab-bd46-441a-9167-1e5f200d28bd', 'C6', '2026-01-06T17:58:55.863068', '2026-01-06T17:58:55.863068');
INSERT INTO hall_seats (id, cinema_hall_id, seat_type_id, seat_code, created_at, updated_at) VALUES ('77885a1b-ae25-4585-a453-e3e1cc367eb6', 'c6127204-b556-472e-8812-12d5aed4e3f9', '25d17eab-bd46-441a-9167-1e5f200d28bd', 'C7', '2026-01-06T17:58:55.863115', '2026-01-06T17:58:55.863115');
INSERT INTO hall_seats (id, cinema_hall_id, seat_type_id, seat_code, created_at, updated_at) VALUES ('f275f1c1-095f-4863-a415-f02b12503100', 'c6127204-b556-472e-8812-12d5aed4e3f9', '25d17eab-bd46-441a-9167-1e5f200d28bd', 'C8', '2026-01-06T17:58:55.863147', '2026-01-06T17:58:55.863147');
INSERT INTO hall_seats (id, cinema_hall_id, seat_type_id, seat_code, created_at, updated_at) VALUES ('0d36994c-fd74-4275-8383-df7b34e07109', 'c6127204-b556-472e-8812-12d5aed4e3f9', '25d17eab-bd46-441a-9167-1e5f200d28bd', 'D1', '2026-01-06T17:58:55.863175', '2026-01-06T17:58:55.863175');
INSERT INTO hall_seats (id, cinema_hall_id, seat_type_id, seat_code, created_at, updated_at) VALUES ('7aeec62c-0d5a-47ae-84f0-36dc92dd3810', 'c6127204-b556-472e-8812-12d5aed4e3f9', '25d17eab-bd46-441a-9167-1e5f200d28bd', 'D2', '2026-01-06T17:58:55.863204', '2026-01-06T17:58:55.863204');
INSERT INTO hall_seats (id, cinema_hall_id, seat_type_id, seat_code, created_at, updated_at) VALUES ('94bfa1d9-4e64-4302-9527-3e6c86a623e3', 'c6127204-b556-472e-8812-12d5aed4e3f9', '25d17eab-bd46-441a-9167-1e5f200d28bd', 'D3', '2026-01-06T17:58:55.863231', '2026-01-06T17:58:55.863231');
INSERT INTO hall_seats (id, cinema_hall_id, seat_type_id, seat_code, created_at, updated_at) VALUES ('554d44e5-56f1-42ae-9bcd-355223f14565', 'c6127204-b556-472e-8812-12d5aed4e3f9', '25d17eab-bd46-441a-9167-1e5f200d28bd', 'D4', '2026-01-06T17:58:55.863266', '2026-01-06T17:58:55.863266');
INSERT INTO hall_seats (id, cinema_hall_id, seat_type_id, seat_code, created_at, updated_at) VALUES ('6e802d8c-e1c9-4edd-8fc0-b8cb037ac245', 'c6127204-b556-472e-8812-12d5aed4e3f9', '25d17eab-bd46-441a-9167-1e5f200d28bd', 'D5', '2026-01-06T17:58:55.863294', '2026-01-06T17:58:55.863294');
INSERT INTO hall_seats (id, cinema_hall_id, seat_type_id, seat_code, created_at, updated_at) VALUES ('484604de-6226-4312-a8b6-72e66ae1ddcb', 'c6127204-b556-472e-8812-12d5aed4e3f9', '25d17eab-bd46-441a-9167-1e5f200d28bd', 'D6', '2026-01-06T17:58:55.863320', '2026-01-06T17:58:55.863320');
INSERT INTO hall_seats (id, cinema_hall_id, seat_type_id, seat_code, created_at, updated_at) VALUES ('60c767ea-4459-4745-aa6c-54982b075e67', 'c6127204-b556-472e-8812-12d5aed4e3f9', '25d17eab-bd46-441a-9167-1e5f200d28bd', 'D7', '2026-01-06T17:58:55.863347', '2026-01-06T17:58:55.863347');
INSERT INTO hall_seats (id, cinema_hall_id, seat_type_id, seat_code, created_at, updated_at) VALUES ('b259e329-5b34-480d-b378-0425fb006a13', 'c6127204-b556-472e-8812-12d5aed4e3f9', '25d17eab-bd46-441a-9167-1e5f200d28bd', 'D8', '2026-01-06T17:58:55.863372', '2026-01-06T17:58:55.863372');
INSERT INTO hall_seats (id, cinema_hall_id, seat_type_id, seat_code, created_at, updated_at) VALUES ('4dde8343-baf3-41a5-92cc-9e832ba2cb44', 'c6127204-b556-472e-8812-12d5aed4e3f9', '25d17eab-bd46-441a-9167-1e5f200d28bd', 'E1', '2026-01-06T17:58:55.863397', '2026-01-06T17:58:55.863397');
INSERT INTO hall_seats (id, cinema_hall_id, seat_type_id, seat_code, created_at, updated_at) VALUES ('1701a61d-ba7a-43ad-b782-11b95b2dc573', 'c6127204-b556-472e-8812-12d5aed4e3f9', '25d17eab-bd46-441a-9167-1e5f200d28bd', 'E2', '2026-01-06T17:58:55.863422', '2026-01-06T17:58:55.863422');
INSERT INTO hall_seats (id, cinema_hall_id, seat_type_id, seat_code, created_at, updated_at) VALUES ('b01bda2f-eba1-4f54-abcf-d1bed74e7bc3', 'c6127204-b556-472e-8812-12d5aed4e3f9', '25d17eab-bd46-441a-9167-1e5f200d28bd', 'E3', '2026-01-06T17:58:55.863455', '2026-01-06T17:58:55.863455');
INSERT INTO hall_seats (id, cinema_hall_id, seat_type_id, seat_code, created_at, updated_at) VALUES ('548dc9ac-400c-4690-b0be-29b5d92c8289', 'c6127204-b556-472e-8812-12d5aed4e3f9', '25d17eab-bd46-441a-9167-1e5f200d28bd', 'E4', '2026-01-06T17:58:55.863486', '2026-01-06T17:58:55.863486');
INSERT INTO hall_seats (id, cinema_hall_id, seat_type_id, seat_code, created_at, updated_at) VALUES ('6fc6d175-19c9-48fd-b6fe-4530e087ad09', 'c6127204-b556-472e-8812-12d5aed4e3f9', '25d17eab-bd46-441a-9167-1e5f200d28bd', 'E5', '2026-01-06T17:58:55.863509', '2026-01-06T17:58:55.863509');
INSERT INTO hall_seats (id, cinema_hall_id, seat_type_id, seat_code, created_at, updated_at) VALUES ('ed673a8f-d3ad-4b84-b0f4-4a5ecea15be2', 'c6127204-b556-472e-8812-12d5aed4e3f9', '25d17eab-bd46-441a-9167-1e5f200d28bd', 'E6', '2026-01-06T17:58:55.863526', '2026-01-06T17:58:55.863526');
INSERT INTO hall_seats (id, cinema_hall_id, seat_type_id, seat_code, created_at, updated_at) VALUES ('2a07823d-2966-4b45-8495-83329d0051e5', 'c6127204-b556-472e-8812-12d5aed4e3f9', '25d17eab-bd46-441a-9167-1e5f200d28bd', 'E7', '2026-01-06T17:58:55.863544', '2026-01-06T17:58:55.863544');
INSERT INTO hall_seats (id, cinema_hall_id, seat_type_id, seat_code, created_at, updated_at) VALUES ('72677565-2526-4528-984e-a1f17f879ccd', 'c6127204-b556-472e-8812-12d5aed4e3f9', '25d17eab-bd46-441a-9167-1e5f200d28bd', 'E8', '2026-01-06T17:58:55.863565', '2026-01-06T17:58:55.863565');
INSERT INTO hall_seats (id, cinema_hall_id, seat_type_id, seat_code, created_at, updated_at) VALUES ('501ed5f2-edca-4c73-bae0-c9ef14a0ea73', 'c6127204-b556-472e-8812-12d5aed4e3f9', '25d17eab-bd46-441a-9167-1e5f200d28bd', 'F1', '2026-01-06T17:58:55.863582', '2026-01-06T17:58:55.863582');
INSERT INTO hall_seats (id, cinema_hall_id, seat_type_id, seat_code, created_at, updated_at) VALUES ('9b1b4a6f-2409-41db-b2ab-c207182a3365', 'c6127204-b556-472e-8812-12d5aed4e3f9', '25d17eab-bd46-441a-9167-1e5f200d28bd', 'F2', '2026-01-06T17:58:55.863598', '2026-01-06T17:58:55.863598');
INSERT INTO hall_seats (id, cinema_hall_id, seat_type_id, seat_code, created_at, updated_at) VALUES ('66b149a4-3df9-408b-a60b-1b217bb35102', 'c6127204-b556-472e-8812-12d5aed4e3f9', '25d17eab-bd46-441a-9167-1e5f200d28bd', 'F3', '2026-01-06T17:58:55.863614', '2026-01-06T17:58:55.863614');
INSERT INTO hall_seats (id, cinema_hall_id, seat_type_id, seat_code, created_at, updated_at) VALUES ('83a8ce75-b487-4bbe-b692-92f3caa22713', 'c6127204-b556-472e-8812-12d5aed4e3f9', '25d17eab-bd46-441a-9167-1e5f200d28bd', 'F4', '2026-01-06T17:58:55.863631', '2026-01-06T17:58:55.863631');
INSERT INTO hall_seats (id, cinema_hall_id, seat_type_id, seat_code, created_at, updated_at) VALUES ('4e93befc-c75b-4cc2-a47a-5623e69ee792', 'c6127204-b556-472e-8812-12d5aed4e3f9', '25d17eab-bd46-441a-9167-1e5f200d28bd', 'F5', '2026-01-06T17:58:55.863646', '2026-01-06T17:58:55.863646');
INSERT INTO hall_seats (id, cinema_hall_id, seat_type_id, seat_code, created_at, updated_at) VALUES ('e8e1d432-67e8-4f3a-96e1-676d4ca90aa9', 'c6127204-b556-472e-8812-12d5aed4e3f9', '25d17eab-bd46-441a-9167-1e5f200d28bd', 'F6', '2026-01-06T17:58:55.863662', '2026-01-06T17:58:55.863662');
INSERT INTO hall_seats (id, cinema_hall_id, seat_type_id, seat_code, created_at, updated_at) VALUES ('8bc7704e-2cd4-444d-ab9f-45aac8ba35f6', 'c6127204-b556-472e-8812-12d5aed4e3f9', '25d17eab-bd46-441a-9167-1e5f200d28bd', 'F7', '2026-01-06T17:58:55.863680', '2026-01-06T17:58:55.863680');
INSERT INTO hall_seats (id, cinema_hall_id, seat_type_id, seat_code, created_at, updated_at) VALUES ('3fe73b48-6833-42f1-ba3d-f8b4fc666f4a', 'c6127204-b556-472e-8812-12d5aed4e3f9', '25d17eab-bd46-441a-9167-1e5f200d28bd', 'F8', '2026-01-06T17:58:55.863696', '2026-01-06T17:58:55.863696');
INSERT INTO hall_seats (id, cinema_hall_id, seat_type_id, seat_code, created_at, updated_at) VALUES ('3adf2049-6c3d-445d-a4ac-333cd184aad7', 'c6127204-b556-472e-8812-12d5aed4e3f9', '09699c89-5a1d-4f52-b1d0-edecbc043c96', 'G1', '2026-01-06T17:58:55.863712', '2026-01-06T17:58:55.863712');
INSERT INTO hall_seats (id, cinema_hall_id, seat_type_id, seat_code, created_at, updated_at) VALUES ('ccccada4-380f-4096-83e5-55e84b6948af', 'c6127204-b556-472e-8812-12d5aed4e3f9', '09699c89-5a1d-4f52-b1d0-edecbc043c96', 'G2', '2026-01-06T17:58:55.863728', '2026-01-06T17:58:55.863728');
INSERT INTO hall_seats (id, cinema_hall_id, seat_type_id, seat_code, created_at, updated_at) VALUES ('d13de43e-4324-4028-adca-7f66cc60e1a2', 'c6127204-b556-472e-8812-12d5aed4e3f9', '09699c89-5a1d-4f52-b1d0-edecbc043c96', 'G3', '2026-01-06T17:58:55.863744', '2026-01-06T17:58:55.863744');
INSERT INTO hall_seats (id, cinema_hall_id, seat_type_id, seat_code, created_at, updated_at) VALUES ('236158fa-269a-4668-854c-6cdaa40e23c2', 'c6127204-b556-472e-8812-12d5aed4e3f9', '09699c89-5a1d-4f52-b1d0-edecbc043c96', 'G4', '2026-01-06T17:58:55.863764', '2026-01-06T17:58:55.863764');
INSERT INTO hall_seats (id, cinema_hall_id, seat_type_id, seat_code, created_at, updated_at) VALUES ('a6b91320-ae3e-489c-b6ef-e6a8c69c4408', 'c6127204-b556-472e-8812-12d5aed4e3f9', '09699c89-5a1d-4f52-b1d0-edecbc043c96', 'G5', '2026-01-06T17:58:55.863780', '2026-01-06T17:58:55.863780');
INSERT INTO hall_seats (id, cinema_hall_id, seat_type_id, seat_code, created_at, updated_at) VALUES ('3d60cee9-174a-4c66-bbfb-553e14c88e91', 'c6127204-b556-472e-8812-12d5aed4e3f9', '09699c89-5a1d-4f52-b1d0-edecbc043c96', 'G6', '2026-01-06T17:58:55.863795', '2026-01-06T17:58:55.863795');
INSERT INTO hall_seats (id, cinema_hall_id, seat_type_id, seat_code, created_at, updated_at) VALUES ('c8310487-eba0-4312-b649-de126772ffbc', 'c6127204-b556-472e-8812-12d5aed4e3f9', '09699c89-5a1d-4f52-b1d0-edecbc043c96', 'G7', '2026-01-06T17:58:55.863814', '2026-01-06T17:58:55.863814');
INSERT INTO hall_seats (id, cinema_hall_id, seat_type_id, seat_code, created_at, updated_at) VALUES ('958c1bad-cb4e-487a-9fc7-421d6f27d604', 'c6127204-b556-472e-8812-12d5aed4e3f9', '09699c89-5a1d-4f52-b1d0-edecbc043c96', 'G8', '2026-01-06T17:58:55.863833', '2026-01-06T17:58:55.863833');
INSERT INTO hall_seats (id, cinema_hall_id, seat_type_id, seat_code, created_at, updated_at) VALUES ('d69e8221-62f4-48a5-874c-b87c322c5248', 'c6127204-b556-472e-8812-12d5aed4e3f9', '09699c89-5a1d-4f52-b1d0-edecbc043c96', 'H1', '2026-01-06T17:58:55.863850', '2026-01-06T17:58:55.863850');
INSERT INTO hall_seats (id, cinema_hall_id, seat_type_id, seat_code, created_at, updated_at) VALUES ('0a68342b-d47d-4421-b5ab-b4ebe9d79211', 'c6127204-b556-472e-8812-12d5aed4e3f9', '09699c89-5a1d-4f52-b1d0-edecbc043c96', 'H2', '2026-01-06T17:58:55.863867', '2026-01-06T17:58:55.863867');
INSERT INTO hall_seats (id, cinema_hall_id, seat_type_id, seat_code, created_at, updated_at) VALUES ('d0ec9bc2-afa3-4393-9af1-6f6bae25cf4b', 'c6127204-b556-472e-8812-12d5aed4e3f9', '09699c89-5a1d-4f52-b1d0-edecbc043c96', 'H3', '2026-01-06T17:58:55.863883', '2026-01-06T17:58:55.863883');
INSERT INTO hall_seats (id, cinema_hall_id, seat_type_id, seat_code, created_at, updated_at) VALUES ('569fab2f-7af8-49dd-a244-a01456ff1baa', 'c6127204-b556-472e-8812-12d5aed4e3f9', '09699c89-5a1d-4f52-b1d0-edecbc043c96', 'H4', '2026-01-06T17:58:55.863899', '2026-01-06T17:58:55.863899');
INSERT INTO hall_seats (id, cinema_hall_id, seat_type_id, seat_code, created_at, updated_at) VALUES ('0a8146c9-d986-4763-9bd3-ffc326393150', 'c6127204-b556-472e-8812-12d5aed4e3f9', '09699c89-5a1d-4f52-b1d0-edecbc043c96', 'H5', '2026-01-06T17:58:55.863915', '2026-01-06T17:58:55.863915');
INSERT INTO hall_seats (id, cinema_hall_id, seat_type_id, seat_code, created_at, updated_at) VALUES ('a48ca0ef-c4c8-45d4-8513-640ffa6946e7', 'c6127204-b556-472e-8812-12d5aed4e3f9', '09699c89-5a1d-4f52-b1d0-edecbc043c96', 'H6', '2026-01-06T17:58:55.863930', '2026-01-06T17:58:55.863930');
INSERT INTO hall_seats (id, cinema_hall_id, seat_type_id, seat_code, created_at, updated_at) VALUES ('fc8c320b-8925-4226-8e3a-f43378c51c28', 'c6127204-b556-472e-8812-12d5aed4e3f9', '09699c89-5a1d-4f52-b1d0-edecbc043c96', 'H7', '2026-01-06T17:58:55.863949', '2026-01-06T17:58:55.863949');
INSERT INTO hall_seats (id, cinema_hall_id, seat_type_id, seat_code, created_at, updated_at) VALUES ('079807b9-c3b8-4aea-8a73-b4cf4cc6e003', 'c6127204-b556-472e-8812-12d5aed4e3f9', '09699c89-5a1d-4f52-b1d0-edecbc043c96', 'H8', '2026-01-06T17:58:55.863972', '2026-01-06T17:58:55.863972');
INSERT INTO hall_seats (id, cinema_hall_id, seat_type_id, seat_code, created_at, updated_at) VALUES ('9060313f-8023-4c9b-955e-db69f2fce825', 'c6127204-b556-472e-8812-12d5aed4e3f9', 'eeaf9c60-1278-4496-a8b9-564901c1a9d4', 'I1-2', '2026-01-06T17:58:55.863988', '2026-01-06T17:58:55.863988');
INSERT INTO hall_seats (id, cinema_hall_id, seat_type_id, seat_code, created_at, updated_at) VALUES ('f86f9718-b013-4860-8ddc-e0b4648fccc5', 'c6127204-b556-472e-8812-12d5aed4e3f9', 'eeaf9c60-1278-4496-a8b9-564901c1a9d4', 'I3-4', '2026-01-06T17:58:55.864006', '2026-01-06T17:58:55.864006');
INSERT INTO hall_seats (id, cinema_hall_id, seat_type_id, seat_code, created_at, updated_at) VALUES ('1cf16acf-0ccb-4df9-82cf-6b4184aa6d8b', 'c6127204-b556-472e-8812-12d5aed4e3f9', 'eeaf9c60-1278-4496-a8b9-564901c1a9d4', 'I5-6', '2026-01-06T17:58:55.864022', '2026-01-06T17:58:55.864022');
INSERT INTO hall_seats (id, cinema_hall_id, seat_type_id, seat_code, created_at, updated_at) VALUES ('e54a2458-ea3a-4a97-ba6a-317ca68aceee', 'c6127204-b556-472e-8812-12d5aed4e3f9', 'eeaf9c60-1278-4496-a8b9-564901c1a9d4', 'I7-8', '2026-01-06T17:58:55.864038', '2026-01-06T17:58:55.864038');
INSERT INTO hall_seats (id, cinema_hall_id, seat_type_id, seat_code, created_at, updated_at) VALUES ('2d169865-db53-4159-bf99-b06d73696402', '12cfc0fb-73b1-4a4b-8416-162b8c862879', '25d17eab-bd46-441a-9167-1e5f200d28bd', 'A1', '2026-01-06T17:58:55.864056', '2026-01-06T17:58:55.864056');
INSERT INTO hall_seats (id, cinema_hall_id, seat_type_id, seat_code, created_at, updated_at) VALUES ('b7a20e70-90e2-4931-9613-0148e7c4b8c7', '12cfc0fb-73b1-4a4b-8416-162b8c862879', '25d17eab-bd46-441a-9167-1e5f200d28bd', 'A2', '2026-01-06T17:58:55.864082', '2026-01-06T17:58:55.864082');
INSERT INTO hall_seats (id, cinema_hall_id, seat_type_id, seat_code, created_at, updated_at) VALUES ('c955b9f9-41bd-4e01-be14-ec027eb36880', '12cfc0fb-73b1-4a4b-8416-162b8c862879', '25d17eab-bd46-441a-9167-1e5f200d28bd', 'A3', '2026-01-06T17:58:55.864102', '2026-01-06T17:58:55.864102');
INSERT INTO hall_seats (id, cinema_hall_id, seat_type_id, seat_code, created_at, updated_at) VALUES ('ae5e3a97-6d89-4852-89f0-b8cac05341a3', '12cfc0fb-73b1-4a4b-8416-162b8c862879', '25d17eab-bd46-441a-9167-1e5f200d28bd', 'A4', '2026-01-06T17:58:55.864118', '2026-01-06T17:58:55.864118');
INSERT INTO hall_seats (id, cinema_hall_id, seat_type_id, seat_code, created_at, updated_at) VALUES ('48184fb8-f4b0-45e8-be7d-f56b120e7e5f', '12cfc0fb-73b1-4a4b-8416-162b8c862879', '25d17eab-bd46-441a-9167-1e5f200d28bd', 'A5', '2026-01-06T17:58:55.864134', '2026-01-06T17:58:55.864134');
INSERT INTO hall_seats (id, cinema_hall_id, seat_type_id, seat_code, created_at, updated_at) VALUES ('511f1b30-6cc0-4fb3-9bd4-6391347be880', '12cfc0fb-73b1-4a4b-8416-162b8c862879', '25d17eab-bd46-441a-9167-1e5f200d28bd', 'A6', '2026-01-06T17:58:55.864149', '2026-01-06T17:58:55.864149');
INSERT INTO hall_seats (id, cinema_hall_id, seat_type_id, seat_code, created_at, updated_at) VALUES ('5533c4c0-e308-40d5-8066-e0e37862521f', '12cfc0fb-73b1-4a4b-8416-162b8c862879', '25d17eab-bd46-441a-9167-1e5f200d28bd', 'A7', '2026-01-06T17:58:55.864165', '2026-01-06T17:58:55.864165');
INSERT INTO hall_seats (id, cinema_hall_id, seat_type_id, seat_code, created_at, updated_at) VALUES ('0760d4d7-55f0-4b15-9e07-98316c7c9669', '12cfc0fb-73b1-4a4b-8416-162b8c862879', '25d17eab-bd46-441a-9167-1e5f200d28bd', 'A8', '2026-01-06T17:58:55.864185', '2026-01-06T17:58:55.864185');
INSERT INTO hall_seats (id, cinema_hall_id, seat_type_id, seat_code, created_at, updated_at) VALUES ('0b999170-0515-45ab-8ec7-272a94e57f04', '12cfc0fb-73b1-4a4b-8416-162b8c862879', '25d17eab-bd46-441a-9167-1e5f200d28bd', 'B1', '2026-01-06T17:58:55.864202', '2026-01-06T17:58:55.864202');
INSERT INTO hall_seats (id, cinema_hall_id, seat_type_id, seat_code, created_at, updated_at) VALUES ('3b0244ec-46d9-472a-9983-915de3c3d12e', '12cfc0fb-73b1-4a4b-8416-162b8c862879', '25d17eab-bd46-441a-9167-1e5f200d28bd', 'B2', '2026-01-06T17:58:55.864218', '2026-01-06T17:58:55.864218');
INSERT INTO hall_seats (id, cinema_hall_id, seat_type_id, seat_code, created_at, updated_at) VALUES ('99cf47e5-885d-4840-a03f-8f240763d33e', '12cfc0fb-73b1-4a4b-8416-162b8c862879', '25d17eab-bd46-441a-9167-1e5f200d28bd', 'B3', '2026-01-06T17:58:55.864236', '2026-01-06T17:58:55.864236');
INSERT INTO hall_seats (id, cinema_hall_id, seat_type_id, seat_code, created_at, updated_at) VALUES ('66c9fc2b-3b98-4c90-a2c1-56e95a387080', '12cfc0fb-73b1-4a4b-8416-162b8c862879', '25d17eab-bd46-441a-9167-1e5f200d28bd', 'B4', '2026-01-06T17:58:55.864252', '2026-01-06T17:58:55.864252');
INSERT INTO hall_seats (id, cinema_hall_id, seat_type_id, seat_code, created_at, updated_at) VALUES ('7916991e-aa0e-4b05-91fb-7a1133f6a5da', '12cfc0fb-73b1-4a4b-8416-162b8c862879', '25d17eab-bd46-441a-9167-1e5f200d28bd', 'B5', '2026-01-06T17:58:55.864271', '2026-01-06T17:58:55.864271');
INSERT INTO hall_seats (id, cinema_hall_id, seat_type_id, seat_code, created_at, updated_at) VALUES ('d3456f87-6aa4-458e-914e-3ec91edfd980', '12cfc0fb-73b1-4a4b-8416-162b8c862879', '25d17eab-bd46-441a-9167-1e5f200d28bd', 'B6', '2026-01-06T17:58:55.864288', '2026-01-06T17:58:55.864288');
INSERT INTO hall_seats (id, cinema_hall_id, seat_type_id, seat_code, created_at, updated_at) VALUES ('6701eb7c-ba56-4247-a21d-6e14e8183c38', '12cfc0fb-73b1-4a4b-8416-162b8c862879', '25d17eab-bd46-441a-9167-1e5f200d28bd', 'B7', '2026-01-06T17:58:55.864305', '2026-01-06T17:58:55.864305');
INSERT INTO hall_seats (id, cinema_hall_id, seat_type_id, seat_code, created_at, updated_at) VALUES ('3090ddc0-def6-45d9-8625-5c2f3abc66e9', '12cfc0fb-73b1-4a4b-8416-162b8c862879', '25d17eab-bd46-441a-9167-1e5f200d28bd', 'B8', '2026-01-06T17:58:55.864323', '2026-01-06T17:58:55.864323');
INSERT INTO hall_seats (id, cinema_hall_id, seat_type_id, seat_code, created_at, updated_at) VALUES ('64490c0b-385f-4b4c-a44e-7acc383a502f', '12cfc0fb-73b1-4a4b-8416-162b8c862879', '25d17eab-bd46-441a-9167-1e5f200d28bd', 'C1', '2026-01-06T17:58:55.864340', '2026-01-06T17:58:55.864340');
INSERT INTO hall_seats (id, cinema_hall_id, seat_type_id, seat_code, created_at, updated_at) VALUES ('3b66dd38-083f-40b7-9b80-5f5f3d556801', '12cfc0fb-73b1-4a4b-8416-162b8c862879', '25d17eab-bd46-441a-9167-1e5f200d28bd', 'C2', '2026-01-06T17:58:55.864356', '2026-01-06T17:58:55.864356');
INSERT INTO hall_seats (id, cinema_hall_id, seat_type_id, seat_code, created_at, updated_at) VALUES ('063bcfc1-fdb4-47ec-bac9-9c18516450f3', '12cfc0fb-73b1-4a4b-8416-162b8c862879', '25d17eab-bd46-441a-9167-1e5f200d28bd', 'C3', '2026-01-06T17:58:55.864374', '2026-01-06T17:58:55.864374');
INSERT INTO hall_seats (id, cinema_hall_id, seat_type_id, seat_code, created_at, updated_at) VALUES ('952c8386-e0e6-400b-b96c-e2569e8c4168', '12cfc0fb-73b1-4a4b-8416-162b8c862879', '25d17eab-bd46-441a-9167-1e5f200d28bd', 'C4', '2026-01-06T17:58:55.864393', '2026-01-06T17:58:55.864393');
INSERT INTO hall_seats (id, cinema_hall_id, seat_type_id, seat_code, created_at, updated_at) VALUES ('1f4024ad-76b4-437e-8105-c1c1e4d1a5e0', '12cfc0fb-73b1-4a4b-8416-162b8c862879', '25d17eab-bd46-441a-9167-1e5f200d28bd', 'C5', '2026-01-06T17:58:55.864409', '2026-01-06T17:58:55.864409');
INSERT INTO hall_seats (id, cinema_hall_id, seat_type_id, seat_code, created_at, updated_at) VALUES ('b5bbe19d-c109-4644-b801-a4d177af374c', '12cfc0fb-73b1-4a4b-8416-162b8c862879', '25d17eab-bd46-441a-9167-1e5f200d28bd', 'C6', '2026-01-06T17:58:55.864425', '2026-01-06T17:58:55.864425');
INSERT INTO hall_seats (id, cinema_hall_id, seat_type_id, seat_code, created_at, updated_at) VALUES ('e6bf5235-432d-44a2-9a3a-031fbcd72851', '12cfc0fb-73b1-4a4b-8416-162b8c862879', '25d17eab-bd46-441a-9167-1e5f200d28bd', 'C7', '2026-01-06T17:58:55.864441', '2026-01-06T17:58:55.864441');
INSERT INTO hall_seats (id, cinema_hall_id, seat_type_id, seat_code, created_at, updated_at) VALUES ('6f48642b-1b99-4f9f-8e01-a3ee68631a43', '12cfc0fb-73b1-4a4b-8416-162b8c862879', '25d17eab-bd46-441a-9167-1e5f200d28bd', 'C8', '2026-01-06T17:58:55.864457', '2026-01-06T17:58:55.864457');
INSERT INTO hall_seats (id, cinema_hall_id, seat_type_id, seat_code, created_at, updated_at) VALUES ('ad5ccbc2-82d6-42cb-8763-7ff75833580b', '12cfc0fb-73b1-4a4b-8416-162b8c862879', '25d17eab-bd46-441a-9167-1e5f200d28bd', 'D1', '2026-01-06T17:58:55.864473', '2026-01-06T17:58:55.864473');
INSERT INTO hall_seats (id, cinema_hall_id, seat_type_id, seat_code, created_at, updated_at) VALUES ('65471d2f-72e2-41fe-9a8e-430e391acb62', '12cfc0fb-73b1-4a4b-8416-162b8c862879', '25d17eab-bd46-441a-9167-1e5f200d28bd', 'D2', '2026-01-06T17:58:55.864489', '2026-01-06T17:58:55.864489');
INSERT INTO hall_seats (id, cinema_hall_id, seat_type_id, seat_code, created_at, updated_at) VALUES ('2cf3e18a-59dc-4545-9c34-3c4c9411cbd7', '12cfc0fb-73b1-4a4b-8416-162b8c862879', '25d17eab-bd46-441a-9167-1e5f200d28bd', 'D3', '2026-01-06T17:58:55.864507', '2026-01-06T17:58:55.864507');
INSERT INTO hall_seats (id, cinema_hall_id, seat_type_id, seat_code, created_at, updated_at) VALUES ('d419ff97-3505-4020-b897-8e2c824f99a0', '12cfc0fb-73b1-4a4b-8416-162b8c862879', '25d17eab-bd46-441a-9167-1e5f200d28bd', 'D4', '2026-01-06T17:58:55.864523', '2026-01-06T17:58:55.864523');
INSERT INTO hall_seats (id, cinema_hall_id, seat_type_id, seat_code, created_at, updated_at) VALUES ('b083e140-5733-4a19-af21-f10c1e21d035', '12cfc0fb-73b1-4a4b-8416-162b8c862879', '25d17eab-bd46-441a-9167-1e5f200d28bd', 'D5', '2026-01-06T17:58:55.864538', '2026-01-06T17:58:55.864538');
INSERT INTO hall_seats (id, cinema_hall_id, seat_type_id, seat_code, created_at, updated_at) VALUES ('3577ff1d-41cf-41bd-a338-c8261b86e3b7', '12cfc0fb-73b1-4a4b-8416-162b8c862879', '25d17eab-bd46-441a-9167-1e5f200d28bd', 'D6', '2026-01-06T17:58:55.864554', '2026-01-06T17:58:55.864554');
INSERT INTO hall_seats (id, cinema_hall_id, seat_type_id, seat_code, created_at, updated_at) VALUES ('42f7adb4-e749-4912-beee-4a7b0d6022a3', '12cfc0fb-73b1-4a4b-8416-162b8c862879', '25d17eab-bd46-441a-9167-1e5f200d28bd', 'D7', '2026-01-06T17:58:55.864570', '2026-01-06T17:58:55.864570');
INSERT INTO hall_seats (id, cinema_hall_id, seat_type_id, seat_code, created_at, updated_at) VALUES ('8f94c351-c2f9-4ab3-bdb4-24888fc4eb22', '12cfc0fb-73b1-4a4b-8416-162b8c862879', '25d17eab-bd46-441a-9167-1e5f200d28bd', 'D8', '2026-01-06T17:58:55.864589', '2026-01-06T17:58:55.864589');
INSERT INTO hall_seats (id, cinema_hall_id, seat_type_id, seat_code, created_at, updated_at) VALUES ('d7579cf0-2f6c-48af-b6bb-f5041e9e77ef', '12cfc0fb-73b1-4a4b-8416-162b8c862879', '25d17eab-bd46-441a-9167-1e5f200d28bd', 'E1', '2026-01-06T17:58:55.864606', '2026-01-06T17:58:55.864606');
INSERT INTO hall_seats (id, cinema_hall_id, seat_type_id, seat_code, created_at, updated_at) VALUES ('b4133503-3bdb-4484-978b-4c3d05ae5e69', '12cfc0fb-73b1-4a4b-8416-162b8c862879', '25d17eab-bd46-441a-9167-1e5f200d28bd', 'E2', '2026-01-06T17:58:55.864621', '2026-01-06T17:58:55.864621');
INSERT INTO hall_seats (id, cinema_hall_id, seat_type_id, seat_code, created_at, updated_at) VALUES ('11180706-644a-4052-ba3e-b1424488ce81', '12cfc0fb-73b1-4a4b-8416-162b8c862879', '25d17eab-bd46-441a-9167-1e5f200d28bd', 'E3', '2026-01-06T17:58:55.864640', '2026-01-06T17:58:55.864640');
INSERT INTO hall_seats (id, cinema_hall_id, seat_type_id, seat_code, created_at, updated_at) VALUES ('84ee737b-d8b0-45a2-b7ff-e48262cdfe96', '12cfc0fb-73b1-4a4b-8416-162b8c862879', '25d17eab-bd46-441a-9167-1e5f200d28bd', 'E4', '2026-01-06T17:58:55.864656', '2026-01-06T17:58:55.864656');
INSERT INTO hall_seats (id, cinema_hall_id, seat_type_id, seat_code, created_at, updated_at) VALUES ('d7e5903d-2d03-4350-a2e2-f2c1149ce838', '12cfc0fb-73b1-4a4b-8416-162b8c862879', '25d17eab-bd46-441a-9167-1e5f200d28bd', 'E5', '2026-01-06T17:58:55.864671', '2026-01-06T17:58:55.864671');
INSERT INTO hall_seats (id, cinema_hall_id, seat_type_id, seat_code, created_at, updated_at) VALUES ('d234a9d9-ec8f-4ead-b76b-5bcb6118c8cb', '12cfc0fb-73b1-4a4b-8416-162b8c862879', '25d17eab-bd46-441a-9167-1e5f200d28bd', 'E6', '2026-01-06T17:58:55.864691', '2026-01-06T17:58:55.864691');
INSERT INTO hall_seats (id, cinema_hall_id, seat_type_id, seat_code, created_at, updated_at) VALUES ('48a78e26-1b6a-4a11-ad9b-9a6f0c61dfab', '12cfc0fb-73b1-4a4b-8416-162b8c862879', '25d17eab-bd46-441a-9167-1e5f200d28bd', 'E7', '2026-01-06T17:58:55.864708', '2026-01-06T17:58:55.864708');
INSERT INTO hall_seats (id, cinema_hall_id, seat_type_id, seat_code, created_at, updated_at) VALUES ('9b071bf9-8159-463c-a8d6-f2a8239063cf', '12cfc0fb-73b1-4a4b-8416-162b8c862879', '25d17eab-bd46-441a-9167-1e5f200d28bd', 'E8', '2026-01-06T17:58:55.864726', '2026-01-06T17:58:55.864726');
INSERT INTO hall_seats (id, cinema_hall_id, seat_type_id, seat_code, created_at, updated_at) VALUES ('95d182c5-1d78-4f65-a0bc-df6b57a1c0ae', '12cfc0fb-73b1-4a4b-8416-162b8c862879', '25d17eab-bd46-441a-9167-1e5f200d28bd', 'F1', '2026-01-06T17:58:55.864742', '2026-01-06T17:58:55.864742');
INSERT INTO hall_seats (id, cinema_hall_id, seat_type_id, seat_code, created_at, updated_at) VALUES ('5e01b7e8-599b-46f9-853e-5b3423c8a9e1', '12cfc0fb-73b1-4a4b-8416-162b8c862879', '25d17eab-bd46-441a-9167-1e5f200d28bd', 'F2', '2026-01-06T17:58:55.864758', '2026-01-06T17:58:55.864758');
INSERT INTO hall_seats (id, cinema_hall_id, seat_type_id, seat_code, created_at, updated_at) VALUES ('f9c7d571-8bbf-4bff-9cb6-4bb60449af20', '12cfc0fb-73b1-4a4b-8416-162b8c862879', '25d17eab-bd46-441a-9167-1e5f200d28bd', 'F3', '2026-01-06T17:58:55.864776', '2026-01-06T17:58:55.864776');
INSERT INTO hall_seats (id, cinema_hall_id, seat_type_id, seat_code, created_at, updated_at) VALUES ('9c74edff-1197-4afd-a182-ff2a99fd6067', '12cfc0fb-73b1-4a4b-8416-162b8c862879', '25d17eab-bd46-441a-9167-1e5f200d28bd', 'F4', '2026-01-06T17:58:55.864796', '2026-01-06T17:58:55.864796');
INSERT INTO hall_seats (id, cinema_hall_id, seat_type_id, seat_code, created_at, updated_at) VALUES ('63bded24-bad7-44e6-a9be-1bf83a0663b1', '12cfc0fb-73b1-4a4b-8416-162b8c862879', '25d17eab-bd46-441a-9167-1e5f200d28bd', 'F5', '2026-01-06T17:58:55.864812', '2026-01-06T17:58:55.864812');
INSERT INTO hall_seats (id, cinema_hall_id, seat_type_id, seat_code, created_at, updated_at) VALUES ('7bbb0f7c-bf65-4848-af4a-8a1af8753124', '12cfc0fb-73b1-4a4b-8416-162b8c862879', '25d17eab-bd46-441a-9167-1e5f200d28bd', 'F6', '2026-01-06T17:58:55.864827', '2026-01-06T17:58:55.864827');
INSERT INTO hall_seats (id, cinema_hall_id, seat_type_id, seat_code, created_at, updated_at) VALUES ('a02fcee8-a624-451f-b1fa-da9b9b269b48', '12cfc0fb-73b1-4a4b-8416-162b8c862879', '25d17eab-bd46-441a-9167-1e5f200d28bd', 'F7', '2026-01-06T17:58:55.864843', '2026-01-06T17:58:55.864843');
INSERT INTO hall_seats (id, cinema_hall_id, seat_type_id, seat_code, created_at, updated_at) VALUES ('4bc1eea1-33b4-435f-a701-88e416a26bf9', '12cfc0fb-73b1-4a4b-8416-162b8c862879', '25d17eab-bd46-441a-9167-1e5f200d28bd', 'F8', '2026-01-06T17:58:55.864859', '2026-01-06T17:58:55.864859');
INSERT INTO hall_seats (id, cinema_hall_id, seat_type_id, seat_code, created_at, updated_at) VALUES ('cbdf8cf3-ecc5-4181-ae0e-67eab46b3d9d', '12cfc0fb-73b1-4a4b-8416-162b8c862879', '09699c89-5a1d-4f52-b1d0-edecbc043c96', 'G1', '2026-01-06T17:58:55.864875', '2026-01-06T17:58:55.864875');
INSERT INTO hall_seats (id, cinema_hall_id, seat_type_id, seat_code, created_at, updated_at) VALUES ('370788ca-3cba-43d0-89ef-46b939267667', '12cfc0fb-73b1-4a4b-8416-162b8c862879', '09699c89-5a1d-4f52-b1d0-edecbc043c96', 'G2', '2026-01-06T17:58:55.864891', '2026-01-06T17:58:55.864891');
INSERT INTO hall_seats (id, cinema_hall_id, seat_type_id, seat_code, created_at, updated_at) VALUES ('8a081eeb-4e07-4712-a956-591454bc548b', '12cfc0fb-73b1-4a4b-8416-162b8c862879', '09699c89-5a1d-4f52-b1d0-edecbc043c96', 'G3', '2026-01-06T17:58:55.864909', '2026-01-06T17:58:55.864909');
INSERT INTO hall_seats (id, cinema_hall_id, seat_type_id, seat_code, created_at, updated_at) VALUES ('b252a36d-187c-49d0-bf6d-e5e7e64534bd', '12cfc0fb-73b1-4a4b-8416-162b8c862879', '09699c89-5a1d-4f52-b1d0-edecbc043c96', 'G4', '2026-01-06T17:58:55.864925', '2026-01-06T17:58:55.864925');
INSERT INTO hall_seats (id, cinema_hall_id, seat_type_id, seat_code, created_at, updated_at) VALUES ('4d151889-1199-427b-b7ee-14448459873d', '12cfc0fb-73b1-4a4b-8416-162b8c862879', '09699c89-5a1d-4f52-b1d0-edecbc043c96', 'G5', '2026-01-06T17:58:55.864940', '2026-01-06T17:58:55.864940');
INSERT INTO hall_seats (id, cinema_hall_id, seat_type_id, seat_code, created_at, updated_at) VALUES ('e8c86325-f4ee-4d24-abe7-e5f1d7cded83', '12cfc0fb-73b1-4a4b-8416-162b8c862879', '09699c89-5a1d-4f52-b1d0-edecbc043c96', 'G6', '2026-01-06T17:58:55.864955', '2026-01-06T17:58:55.864955');
INSERT INTO hall_seats (id, cinema_hall_id, seat_type_id, seat_code, created_at, updated_at) VALUES ('2b7af8ff-c93f-4783-a65d-033292d0ec2d', '12cfc0fb-73b1-4a4b-8416-162b8c862879', '09699c89-5a1d-4f52-b1d0-edecbc043c96', 'G7', '2026-01-06T17:58:55.864971', '2026-01-06T17:58:55.864971');
INSERT INTO hall_seats (id, cinema_hall_id, seat_type_id, seat_code, created_at, updated_at) VALUES ('a8fdd013-5d72-443a-a6cd-eab76f70a515', '12cfc0fb-73b1-4a4b-8416-162b8c862879', '09699c89-5a1d-4f52-b1d0-edecbc043c96', 'G8', '2026-01-06T17:58:55.864990', '2026-01-06T17:58:55.864990');
INSERT INTO hall_seats (id, cinema_hall_id, seat_type_id, seat_code, created_at, updated_at) VALUES ('9bba0535-72f2-4b94-afc9-c65950cee477', '12cfc0fb-73b1-4a4b-8416-162b8c862879', '09699c89-5a1d-4f52-b1d0-edecbc043c96', 'H1', '2026-01-06T17:58:55.865007', '2026-01-06T17:58:55.865007');
INSERT INTO hall_seats (id, cinema_hall_id, seat_type_id, seat_code, created_at, updated_at) VALUES ('45ec8ceb-8f5a-49c7-bffc-08a76fd6bbae', '12cfc0fb-73b1-4a4b-8416-162b8c862879', '09699c89-5a1d-4f52-b1d0-edecbc043c96', 'H2', '2026-01-06T17:58:55.865022', '2026-01-06T17:58:55.865022');
INSERT INTO hall_seats (id, cinema_hall_id, seat_type_id, seat_code, created_at, updated_at) VALUES ('ee3eb306-acda-412f-81d2-f482a1c00c4f', '12cfc0fb-73b1-4a4b-8416-162b8c862879', '09699c89-5a1d-4f52-b1d0-edecbc043c96', 'H3', '2026-01-06T17:58:55.865041', '2026-01-06T17:58:55.865041');
INSERT INTO hall_seats (id, cinema_hall_id, seat_type_id, seat_code, created_at, updated_at) VALUES ('33caed0d-26fa-4b95-b236-23b01948576c', '12cfc0fb-73b1-4a4b-8416-162b8c862879', '09699c89-5a1d-4f52-b1d0-edecbc043c96', 'H4', '2026-01-06T17:58:55.865057', '2026-01-06T17:58:55.865057');
INSERT INTO hall_seats (id, cinema_hall_id, seat_type_id, seat_code, created_at, updated_at) VALUES ('a756a3c7-2f54-4ada-9727-ae28056b8f11', '12cfc0fb-73b1-4a4b-8416-162b8c862879', '09699c89-5a1d-4f52-b1d0-edecbc043c96', 'H5', '2026-01-06T17:58:55.865082', '2026-01-06T17:58:55.865082');
INSERT INTO hall_seats (id, cinema_hall_id, seat_type_id, seat_code, created_at, updated_at) VALUES ('02b1a4f2-ecb9-4be9-a546-88ba3aaa22b3', '12cfc0fb-73b1-4a4b-8416-162b8c862879', '09699c89-5a1d-4f52-b1d0-edecbc043c96', 'H6', '2026-01-06T17:58:55.865103', '2026-01-06T17:58:55.865103');
INSERT INTO hall_seats (id, cinema_hall_id, seat_type_id, seat_code, created_at, updated_at) VALUES ('c295b1ad-95e8-47c7-83d1-c451f1a83bec', '12cfc0fb-73b1-4a4b-8416-162b8c862879', '09699c89-5a1d-4f52-b1d0-edecbc043c96', 'H7', '2026-01-06T17:58:55.865121', '2026-01-06T17:58:55.865121');
INSERT INTO hall_seats (id, cinema_hall_id, seat_type_id, seat_code, created_at, updated_at) VALUES ('054476f9-ecae-4ee7-b51d-a4da2e910f71', '12cfc0fb-73b1-4a4b-8416-162b8c862879', '09699c89-5a1d-4f52-b1d0-edecbc043c96', 'H8', '2026-01-06T17:58:55.865144', '2026-01-06T17:58:55.865144');
INSERT INTO hall_seats (id, cinema_hall_id, seat_type_id, seat_code, created_at, updated_at) VALUES ('f46b2c65-3948-48ff-adf3-9e5a947203ad', '12cfc0fb-73b1-4a4b-8416-162b8c862879', 'eeaf9c60-1278-4496-a8b9-564901c1a9d4', 'I1-2', '2026-01-06T17:58:55.865175', '2026-01-06T17:58:55.865175');
INSERT INTO hall_seats (id, cinema_hall_id, seat_type_id, seat_code, created_at, updated_at) VALUES ('02b29d3a-7795-46c6-acd3-c3af6286361f', '12cfc0fb-73b1-4a4b-8416-162b8c862879', 'eeaf9c60-1278-4496-a8b9-564901c1a9d4', 'I3-4', '2026-01-06T17:58:55.865203', '2026-01-06T17:58:55.865203');
INSERT INTO hall_seats (id, cinema_hall_id, seat_type_id, seat_code, created_at, updated_at) VALUES ('a160560a-f1bf-4576-a5ea-55ea66e0b3be', '12cfc0fb-73b1-4a4b-8416-162b8c862879', 'eeaf9c60-1278-4496-a8b9-564901c1a9d4', 'I5-6', '2026-01-06T17:58:55.865235', '2026-01-06T17:58:55.865235');
INSERT INTO hall_seats (id, cinema_hall_id, seat_type_id, seat_code, created_at, updated_at) VALUES ('1b9756d6-016f-458b-8ea8-3cf6f67c6dc6', '12cfc0fb-73b1-4a4b-8416-162b8c862879', 'eeaf9c60-1278-4496-a8b9-564901c1a9d4', 'I7-8', '2026-01-06T17:58:55.865257', '2026-01-06T17:58:55.865257');
INSERT INTO hall_seats (id, cinema_hall_id, seat_type_id, seat_code, created_at, updated_at) VALUES ('d61f9ff3-d66c-4335-890f-4ac8499b7954', '626bed58-a026-40aa-8c12-2010c058bc6f', '25d17eab-bd46-441a-9167-1e5f200d28bd', 'A1', '2026-01-06T17:58:55.865274', '2026-01-06T17:58:55.865274');
INSERT INTO hall_seats (id, cinema_hall_id, seat_type_id, seat_code, created_at, updated_at) VALUES ('7e3c0445-fcfc-42e3-89dc-64b7c5eaa646', '626bed58-a026-40aa-8c12-2010c058bc6f', '25d17eab-bd46-441a-9167-1e5f200d28bd', 'A2', '2026-01-06T17:58:55.865288', '2026-01-06T17:58:55.865288');
INSERT INTO hall_seats (id, cinema_hall_id, seat_type_id, seat_code, created_at, updated_at) VALUES ('69748eb1-a089-48c7-9b9e-b03e30b48638', '626bed58-a026-40aa-8c12-2010c058bc6f', '25d17eab-bd46-441a-9167-1e5f200d28bd', 'A3', '2026-01-06T17:58:55.865302', '2026-01-06T17:58:55.865302');
INSERT INTO hall_seats (id, cinema_hall_id, seat_type_id, seat_code, created_at, updated_at) VALUES ('28634d83-c0bf-4307-bea7-7c651cdbfaaa', '626bed58-a026-40aa-8c12-2010c058bc6f', '25d17eab-bd46-441a-9167-1e5f200d28bd', 'A4', '2026-01-06T17:58:55.865317', '2026-01-06T17:58:55.865317');
INSERT INTO hall_seats (id, cinema_hall_id, seat_type_id, seat_code, created_at, updated_at) VALUES ('a1a6ddf6-9ea9-4cf8-8c28-db3ae638ca82', '626bed58-a026-40aa-8c12-2010c058bc6f', '25d17eab-bd46-441a-9167-1e5f200d28bd', 'A5', '2026-01-06T17:58:55.865331', '2026-01-06T17:58:55.865331');
INSERT INTO hall_seats (id, cinema_hall_id, seat_type_id, seat_code, created_at, updated_at) VALUES ('186f2368-6c1e-45c2-9e95-ca3abf44a1bd', '626bed58-a026-40aa-8c12-2010c058bc6f', '25d17eab-bd46-441a-9167-1e5f200d28bd', 'A6', '2026-01-06T17:58:55.865345', '2026-01-06T17:58:55.865345');
INSERT INTO hall_seats (id, cinema_hall_id, seat_type_id, seat_code, created_at, updated_at) VALUES ('c7226f1e-a105-43fe-9ae2-d275c606a93e', '626bed58-a026-40aa-8c12-2010c058bc6f', '25d17eab-bd46-441a-9167-1e5f200d28bd', 'A7', '2026-01-06T17:58:55.865362', '2026-01-06T17:58:55.865362');
INSERT INTO hall_seats (id, cinema_hall_id, seat_type_id, seat_code, created_at, updated_at) VALUES ('6a25b670-2455-4221-8a0c-6d2248feaea7', '626bed58-a026-40aa-8c12-2010c058bc6f', '25d17eab-bd46-441a-9167-1e5f200d28bd', 'A8', '2026-01-06T17:58:55.865376', '2026-01-06T17:58:55.865376');
INSERT INTO hall_seats (id, cinema_hall_id, seat_type_id, seat_code, created_at, updated_at) VALUES ('f10bc33b-7af5-4449-afa6-056c90f5bcad', '626bed58-a026-40aa-8c12-2010c058bc6f', '25d17eab-bd46-441a-9167-1e5f200d28bd', 'B1', '2026-01-06T17:58:55.865391', '2026-01-06T17:58:55.865391');
INSERT INTO hall_seats (id, cinema_hall_id, seat_type_id, seat_code, created_at, updated_at) VALUES ('66a03b04-79e0-4c90-bb8f-36170430f575', '626bed58-a026-40aa-8c12-2010c058bc6f', '25d17eab-bd46-441a-9167-1e5f200d28bd', 'B2', '2026-01-06T17:58:55.865405', '2026-01-06T17:58:55.865405');
INSERT INTO hall_seats (id, cinema_hall_id, seat_type_id, seat_code, created_at, updated_at) VALUES ('ec78f47b-a689-4138-80f3-17786ed4de42', '626bed58-a026-40aa-8c12-2010c058bc6f', '25d17eab-bd46-441a-9167-1e5f200d28bd', 'B3', '2026-01-06T17:58:55.865419', '2026-01-06T17:58:55.865419');
INSERT INTO hall_seats (id, cinema_hall_id, seat_type_id, seat_code, created_at, updated_at) VALUES ('9c4b33f3-3c91-4221-a909-129769a641df', '626bed58-a026-40aa-8c12-2010c058bc6f', '25d17eab-bd46-441a-9167-1e5f200d28bd', 'B4', '2026-01-06T17:58:55.865440', '2026-01-06T17:58:55.865440');
INSERT INTO hall_seats (id, cinema_hall_id, seat_type_id, seat_code, created_at, updated_at) VALUES ('1eee9d9e-929d-4063-9dcf-963cab7f4835', '626bed58-a026-40aa-8c12-2010c058bc6f', '25d17eab-bd46-441a-9167-1e5f200d28bd', 'B5', '2026-01-06T17:58:55.865454', '2026-01-06T17:58:55.865454');
INSERT INTO hall_seats (id, cinema_hall_id, seat_type_id, seat_code, created_at, updated_at) VALUES ('c97477b2-5763-4d1f-ac0a-376f469a85d9', '626bed58-a026-40aa-8c12-2010c058bc6f', '25d17eab-bd46-441a-9167-1e5f200d28bd', 'B6', '2026-01-06T17:58:55.865471', '2026-01-06T17:58:55.865471');
INSERT INTO hall_seats (id, cinema_hall_id, seat_type_id, seat_code, created_at, updated_at) VALUES ('e899865c-8082-4461-acf0-d00691661276', '626bed58-a026-40aa-8c12-2010c058bc6f', '25d17eab-bd46-441a-9167-1e5f200d28bd', 'B7', '2026-01-06T17:58:55.865488', '2026-01-06T17:58:55.865488');
INSERT INTO hall_seats (id, cinema_hall_id, seat_type_id, seat_code, created_at, updated_at) VALUES ('0ea5f159-d3df-4327-8d1b-2c623f6e9537', '626bed58-a026-40aa-8c12-2010c058bc6f', '25d17eab-bd46-441a-9167-1e5f200d28bd', 'B8', '2026-01-06T17:58:55.865503', '2026-01-06T17:58:55.865503');
INSERT INTO hall_seats (id, cinema_hall_id, seat_type_id, seat_code, created_at, updated_at) VALUES ('191d32a5-0f9c-4e7f-abc4-ad7b7bcf559d', '626bed58-a026-40aa-8c12-2010c058bc6f', '25d17eab-bd46-441a-9167-1e5f200d28bd', 'C1', '2026-01-06T17:58:55.865517', '2026-01-06T17:58:55.865517');
INSERT INTO hall_seats (id, cinema_hall_id, seat_type_id, seat_code, created_at, updated_at) VALUES ('c6e24290-8a66-4b3b-9fba-f47c7997295a', '626bed58-a026-40aa-8c12-2010c058bc6f', '25d17eab-bd46-441a-9167-1e5f200d28bd', 'C2', '2026-01-06T17:58:55.865532', '2026-01-06T17:58:55.865532');
INSERT INTO hall_seats (id, cinema_hall_id, seat_type_id, seat_code, created_at, updated_at) VALUES ('0816bb7f-45dc-4b15-837f-964b1708e088', '626bed58-a026-40aa-8c12-2010c058bc6f', '25d17eab-bd46-441a-9167-1e5f200d28bd', 'C3', '2026-01-06T17:58:55.865552', '2026-01-06T17:58:55.865552');
INSERT INTO hall_seats (id, cinema_hall_id, seat_type_id, seat_code, created_at, updated_at) VALUES ('b1c98dbf-0c15-4eaa-9588-9f548557a0b1', '626bed58-a026-40aa-8c12-2010c058bc6f', '25d17eab-bd46-441a-9167-1e5f200d28bd', 'C4', '2026-01-06T17:58:55.865569', '2026-01-06T17:58:55.865569');
INSERT INTO hall_seats (id, cinema_hall_id, seat_type_id, seat_code, created_at, updated_at) VALUES ('9aef7d24-0e8b-47d5-b244-1f157e31cab7', '626bed58-a026-40aa-8c12-2010c058bc6f', '25d17eab-bd46-441a-9167-1e5f200d28bd', 'C5', '2026-01-06T17:58:55.865587', '2026-01-06T17:58:55.865587');
INSERT INTO hall_seats (id, cinema_hall_id, seat_type_id, seat_code, created_at, updated_at) VALUES ('a5e00695-6883-4b47-9207-4ea72fce2c56', '626bed58-a026-40aa-8c12-2010c058bc6f', '25d17eab-bd46-441a-9167-1e5f200d28bd', 'C6', '2026-01-06T17:58:55.865602', '2026-01-06T17:58:55.865602');
INSERT INTO hall_seats (id, cinema_hall_id, seat_type_id, seat_code, created_at, updated_at) VALUES ('b1031414-1f9e-4676-84a0-c4d60f0e6360', '626bed58-a026-40aa-8c12-2010c058bc6f', '25d17eab-bd46-441a-9167-1e5f200d28bd', 'C7', '2026-01-06T17:58:55.865619', '2026-01-06T17:58:55.865619');
INSERT INTO hall_seats (id, cinema_hall_id, seat_type_id, seat_code, created_at, updated_at) VALUES ('63bd07dd-83a8-4188-b66c-8a1313d1228f', '626bed58-a026-40aa-8c12-2010c058bc6f', '25d17eab-bd46-441a-9167-1e5f200d28bd', 'C8', '2026-01-06T17:58:55.865636', '2026-01-06T17:58:55.865636');
INSERT INTO hall_seats (id, cinema_hall_id, seat_type_id, seat_code, created_at, updated_at) VALUES ('2740217a-8ede-42b1-99c7-bf518a70fda0', '626bed58-a026-40aa-8c12-2010c058bc6f', '25d17eab-bd46-441a-9167-1e5f200d28bd', 'D1', '2026-01-06T17:58:55.865651', '2026-01-06T17:58:55.865651');
INSERT INTO hall_seats (id, cinema_hall_id, seat_type_id, seat_code, created_at, updated_at) VALUES ('d13048f2-0b4f-42ab-be85-5b70697d73ee', '626bed58-a026-40aa-8c12-2010c058bc6f', '25d17eab-bd46-441a-9167-1e5f200d28bd', 'D2', '2026-01-06T17:58:55.865665', '2026-01-06T17:58:55.865665');
INSERT INTO hall_seats (id, cinema_hall_id, seat_type_id, seat_code, created_at, updated_at) VALUES ('2b875547-0ad9-4e49-b3ea-b6cce0785b96', '626bed58-a026-40aa-8c12-2010c058bc6f', '25d17eab-bd46-441a-9167-1e5f200d28bd', 'D3', '2026-01-06T17:58:55.865679', '2026-01-06T17:58:55.865679');
INSERT INTO hall_seats (id, cinema_hall_id, seat_type_id, seat_code, created_at, updated_at) VALUES ('fc1550a5-6e7b-44ad-adcb-8fec2cf0eb4e', '626bed58-a026-40aa-8c12-2010c058bc6f', '25d17eab-bd46-441a-9167-1e5f200d28bd', 'D4', '2026-01-06T17:58:55.865694', '2026-01-06T17:58:55.865694');
INSERT INTO hall_seats (id, cinema_hall_id, seat_type_id, seat_code, created_at, updated_at) VALUES ('92a6e5ed-e30d-40e4-b18d-86a470cc206b', '626bed58-a026-40aa-8c12-2010c058bc6f', '25d17eab-bd46-441a-9167-1e5f200d28bd', 'D5', '2026-01-06T17:58:55.865710', '2026-01-06T17:58:55.865710');
INSERT INTO hall_seats (id, cinema_hall_id, seat_type_id, seat_code, created_at, updated_at) VALUES ('642db481-1072-4a40-bd4e-3d7e3d4f31a4', '626bed58-a026-40aa-8c12-2010c058bc6f', '25d17eab-bd46-441a-9167-1e5f200d28bd', 'D6', '2026-01-06T17:58:55.865725', '2026-01-06T17:58:55.865725');
INSERT INTO hall_seats (id, cinema_hall_id, seat_type_id, seat_code, created_at, updated_at) VALUES ('64191323-4d6f-4f0c-aa2c-c529a966b6eb', '626bed58-a026-40aa-8c12-2010c058bc6f', '25d17eab-bd46-441a-9167-1e5f200d28bd', 'D7', '2026-01-06T17:58:55.865742', '2026-01-06T17:58:55.865742');
INSERT INTO hall_seats (id, cinema_hall_id, seat_type_id, seat_code, created_at, updated_at) VALUES ('9b7e01f1-220a-4cb8-a2cf-39148b5213c6', '626bed58-a026-40aa-8c12-2010c058bc6f', '25d17eab-bd46-441a-9167-1e5f200d28bd', 'D8', '2026-01-06T17:58:55.865756', '2026-01-06T17:58:55.865756');
INSERT INTO hall_seats (id, cinema_hall_id, seat_type_id, seat_code, created_at, updated_at) VALUES ('93e95e9e-611d-4112-b3c7-fb001444c22c', '626bed58-a026-40aa-8c12-2010c058bc6f', '25d17eab-bd46-441a-9167-1e5f200d28bd', 'E1', '2026-01-06T17:58:55.865771', '2026-01-06T17:58:55.865771');
INSERT INTO hall_seats (id, cinema_hall_id, seat_type_id, seat_code, created_at, updated_at) VALUES ('1d141a31-b7b5-4e77-a866-fe33c59c2339', '626bed58-a026-40aa-8c12-2010c058bc6f', '25d17eab-bd46-441a-9167-1e5f200d28bd', 'E2', '2026-01-06T17:58:55.865785', '2026-01-06T17:58:55.865785');
INSERT INTO hall_seats (id, cinema_hall_id, seat_type_id, seat_code, created_at, updated_at) VALUES ('98e95029-9049-45b1-ab43-a7d0ffd88aa7', '626bed58-a026-40aa-8c12-2010c058bc6f', '25d17eab-bd46-441a-9167-1e5f200d28bd', 'E3', '2026-01-06T17:58:55.865799', '2026-01-06T17:58:55.865799');
INSERT INTO hall_seats (id, cinema_hall_id, seat_type_id, seat_code, created_at, updated_at) VALUES ('d3543fc4-32f0-4567-8d2c-f959ea241935', '626bed58-a026-40aa-8c12-2010c058bc6f', '25d17eab-bd46-441a-9167-1e5f200d28bd', 'E4', '2026-01-06T17:58:55.865819', '2026-01-06T17:58:55.865819');
INSERT INTO hall_seats (id, cinema_hall_id, seat_type_id, seat_code, created_at, updated_at) VALUES ('76c5a37d-a388-4a46-b950-9e449d60cd8a', '626bed58-a026-40aa-8c12-2010c058bc6f', '25d17eab-bd46-441a-9167-1e5f200d28bd', 'E5', '2026-01-06T17:58:55.865833', '2026-01-06T17:58:55.865833');
INSERT INTO hall_seats (id, cinema_hall_id, seat_type_id, seat_code, created_at, updated_at) VALUES ('25192129-a347-458c-99ca-aa69d8f1a26c', '626bed58-a026-40aa-8c12-2010c058bc6f', '25d17eab-bd46-441a-9167-1e5f200d28bd', 'E6', '2026-01-06T17:58:55.865848', '2026-01-06T17:58:55.865848');
INSERT INTO hall_seats (id, cinema_hall_id, seat_type_id, seat_code, created_at, updated_at) VALUES ('2f4e6137-eb66-48f2-9000-bf5d8a209ed6', '626bed58-a026-40aa-8c12-2010c058bc6f', '25d17eab-bd46-441a-9167-1e5f200d28bd', 'E7', '2026-01-06T17:58:55.865864', '2026-01-06T17:58:55.865864');
INSERT INTO hall_seats (id, cinema_hall_id, seat_type_id, seat_code, created_at, updated_at) VALUES ('25c42357-1c1b-4ce7-b812-dcf405328620', '626bed58-a026-40aa-8c12-2010c058bc6f', '25d17eab-bd46-441a-9167-1e5f200d28bd', 'E8', '2026-01-06T17:58:55.865878', '2026-01-06T17:58:55.865878');
INSERT INTO hall_seats (id, cinema_hall_id, seat_type_id, seat_code, created_at, updated_at) VALUES ('12d2490d-a8d6-4ad0-a6d1-5a510850b1de', '626bed58-a026-40aa-8c12-2010c058bc6f', '25d17eab-bd46-441a-9167-1e5f200d28bd', 'F1', '2026-01-06T17:58:55.865893', '2026-01-06T17:58:55.865893');
INSERT INTO hall_seats (id, cinema_hall_id, seat_type_id, seat_code, created_at, updated_at) VALUES ('a04c6c76-1ced-4237-80e8-8e7105191468', '626bed58-a026-40aa-8c12-2010c058bc6f', '25d17eab-bd46-441a-9167-1e5f200d28bd', 'F2', '2026-01-06T17:58:55.865907', '2026-01-06T17:58:55.865907');
INSERT INTO hall_seats (id, cinema_hall_id, seat_type_id, seat_code, created_at, updated_at) VALUES ('d3e85c32-2226-43d3-a57b-4d430fbdbb57', '626bed58-a026-40aa-8c12-2010c058bc6f', '25d17eab-bd46-441a-9167-1e5f200d28bd', 'F3', '2026-01-06T17:58:55.865921', '2026-01-06T17:58:55.865921');
INSERT INTO hall_seats (id, cinema_hall_id, seat_type_id, seat_code, created_at, updated_at) VALUES ('a41d69f3-da20-4825-a840-d0cb82b3039b', '626bed58-a026-40aa-8c12-2010c058bc6f', '25d17eab-bd46-441a-9167-1e5f200d28bd', 'F4', '2026-01-06T17:58:55.865935', '2026-01-06T17:58:55.865935');
INSERT INTO hall_seats (id, cinema_hall_id, seat_type_id, seat_code, created_at, updated_at) VALUES ('6a0771e3-7aa7-48fc-8b0b-e4708769de73', '626bed58-a026-40aa-8c12-2010c058bc6f', '25d17eab-bd46-441a-9167-1e5f200d28bd', 'F5', '2026-01-06T17:58:55.865949', '2026-01-06T17:58:55.865949');
INSERT INTO hall_seats (id, cinema_hall_id, seat_type_id, seat_code, created_at, updated_at) VALUES ('bc6050dd-cc57-4921-8acc-2809f7349e1b', '626bed58-a026-40aa-8c12-2010c058bc6f', '25d17eab-bd46-441a-9167-1e5f200d28bd', 'F6', '2026-01-06T17:58:55.865963', '2026-01-06T17:58:55.865963');
INSERT INTO hall_seats (id, cinema_hall_id, seat_type_id, seat_code, created_at, updated_at) VALUES ('dea9767f-0223-4173-8567-197c55ea31e1', '626bed58-a026-40aa-8c12-2010c058bc6f', '25d17eab-bd46-441a-9167-1e5f200d28bd', 'F7', '2026-01-06T17:58:55.865980', '2026-01-06T17:58:55.865980');
INSERT INTO hall_seats (id, cinema_hall_id, seat_type_id, seat_code, created_at, updated_at) VALUES ('9435a52e-7887-46fe-a403-6cabb9078f62', '626bed58-a026-40aa-8c12-2010c058bc6f', '25d17eab-bd46-441a-9167-1e5f200d28bd', 'F8', '2026-01-06T17:58:55.865998', '2026-01-06T17:58:55.865998');
INSERT INTO hall_seats (id, cinema_hall_id, seat_type_id, seat_code, created_at, updated_at) VALUES ('14a87a90-4f44-42d3-93dd-1d3308599955', '626bed58-a026-40aa-8c12-2010c058bc6f', '09699c89-5a1d-4f52-b1d0-edecbc043c96', 'G1', '2026-01-06T17:58:55.866012', '2026-01-06T17:58:55.866012');
INSERT INTO hall_seats (id, cinema_hall_id, seat_type_id, seat_code, created_at, updated_at) VALUES ('a0e27874-0a78-440e-8a49-0eab8256ffb7', '626bed58-a026-40aa-8c12-2010c058bc6f', '09699c89-5a1d-4f52-b1d0-edecbc043c96', 'G2', '2026-01-06T17:58:55.866027', '2026-01-06T17:58:55.866027');
INSERT INTO hall_seats (id, cinema_hall_id, seat_type_id, seat_code, created_at, updated_at) VALUES ('1edd5c46-4c49-4883-a982-9a394d155103', '626bed58-a026-40aa-8c12-2010c058bc6f', '09699c89-5a1d-4f52-b1d0-edecbc043c96', 'G3', '2026-01-06T17:58:55.866041', '2026-01-06T17:58:55.866041');
INSERT INTO hall_seats (id, cinema_hall_id, seat_type_id, seat_code, created_at, updated_at) VALUES ('ac82e086-e3c8-498d-857f-4070d4601699', '626bed58-a026-40aa-8c12-2010c058bc6f', '09699c89-5a1d-4f52-b1d0-edecbc043c96', 'G4', '2026-01-06T17:58:55.866056', '2026-01-06T17:58:55.866056');
INSERT INTO hall_seats (id, cinema_hall_id, seat_type_id, seat_code, created_at, updated_at) VALUES ('739cc498-534d-4c4d-a722-c1b891ea0df7', '626bed58-a026-40aa-8c12-2010c058bc6f', '09699c89-5a1d-4f52-b1d0-edecbc043c96', 'G5', '2026-01-06T17:58:55.866079', '2026-01-06T17:58:55.866079');
INSERT INTO hall_seats (id, cinema_hall_id, seat_type_id, seat_code, created_at, updated_at) VALUES ('383f1900-60a3-4a0c-be06-c38c87cd3891', '626bed58-a026-40aa-8c12-2010c058bc6f', '09699c89-5a1d-4f52-b1d0-edecbc043c96', 'G6', '2026-01-06T17:58:55.866095', '2026-01-06T17:58:55.866095');
INSERT INTO hall_seats (id, cinema_hall_id, seat_type_id, seat_code, created_at, updated_at) VALUES ('cc8590ca-33e6-46f6-a621-a9bdb1e71a8f', '626bed58-a026-40aa-8c12-2010c058bc6f', '09699c89-5a1d-4f52-b1d0-edecbc043c96', 'G7', '2026-01-06T17:58:55.866114', '2026-01-06T17:58:55.866114');
INSERT INTO hall_seats (id, cinema_hall_id, seat_type_id, seat_code, created_at, updated_at) VALUES ('219166fa-905a-4ebd-80cb-698006858ae8', '626bed58-a026-40aa-8c12-2010c058bc6f', '09699c89-5a1d-4f52-b1d0-edecbc043c96', 'G8', '2026-01-06T17:58:55.866130', '2026-01-06T17:58:55.866130');
INSERT INTO hall_seats (id, cinema_hall_id, seat_type_id, seat_code, created_at, updated_at) VALUES ('2fb36f30-ae87-421a-9156-1b44d2df09eb', '626bed58-a026-40aa-8c12-2010c058bc6f', '09699c89-5a1d-4f52-b1d0-edecbc043c96', 'H1', '2026-01-06T17:58:55.866146', '2026-01-06T17:58:55.866146');
INSERT INTO hall_seats (id, cinema_hall_id, seat_type_id, seat_code, created_at, updated_at) VALUES ('ac0ce7e6-baf4-41dc-b67a-1185f27d8406', '626bed58-a026-40aa-8c12-2010c058bc6f', '09699c89-5a1d-4f52-b1d0-edecbc043c96', 'H2', '2026-01-06T17:58:55.866161', '2026-01-06T17:58:55.866161');
INSERT INTO hall_seats (id, cinema_hall_id, seat_type_id, seat_code, created_at, updated_at) VALUES ('3038fa94-96c3-4841-bf04-7fa33945bb84', '626bed58-a026-40aa-8c12-2010c058bc6f', '09699c89-5a1d-4f52-b1d0-edecbc043c96', 'H3', '2026-01-06T17:58:55.866177', '2026-01-06T17:58:55.866177');
INSERT INTO hall_seats (id, cinema_hall_id, seat_type_id, seat_code, created_at, updated_at) VALUES ('2cdbcbd9-e024-4904-b274-5680532e7742', '626bed58-a026-40aa-8c12-2010c058bc6f', '09699c89-5a1d-4f52-b1d0-edecbc043c96', 'H4', '2026-01-06T17:58:55.866196', '2026-01-06T17:58:55.866196');
INSERT INTO hall_seats (id, cinema_hall_id, seat_type_id, seat_code, created_at, updated_at) VALUES ('a76c903a-fa87-4a1e-8dae-4f2a89f06751', '626bed58-a026-40aa-8c12-2010c058bc6f', '09699c89-5a1d-4f52-b1d0-edecbc043c96', 'H5', '2026-01-06T17:58:55.866211', '2026-01-06T17:58:55.866211');
INSERT INTO hall_seats (id, cinema_hall_id, seat_type_id, seat_code, created_at, updated_at) VALUES ('8dd27431-725c-4c58-a6d3-c9f6597a924f', '626bed58-a026-40aa-8c12-2010c058bc6f', '09699c89-5a1d-4f52-b1d0-edecbc043c96', 'H6', '2026-01-06T17:58:55.866227', '2026-01-06T17:58:55.866227');
INSERT INTO hall_seats (id, cinema_hall_id, seat_type_id, seat_code, created_at, updated_at) VALUES ('2f171e4a-c90c-4269-9cde-440ff43b6f30', '626bed58-a026-40aa-8c12-2010c058bc6f', '09699c89-5a1d-4f52-b1d0-edecbc043c96', 'H7', '2026-01-06T17:58:55.866243', '2026-01-06T17:58:55.866243');
INSERT INTO hall_seats (id, cinema_hall_id, seat_type_id, seat_code, created_at, updated_at) VALUES ('37b1cb1d-3631-4e83-9306-00c56df14a3e', '626bed58-a026-40aa-8c12-2010c058bc6f', '09699c89-5a1d-4f52-b1d0-edecbc043c96', 'H8', '2026-01-06T17:58:55.866258', '2026-01-06T17:58:55.866258');
INSERT INTO hall_seats (id, cinema_hall_id, seat_type_id, seat_code, created_at, updated_at) VALUES ('9098d4c2-4ebc-40e5-8233-4ceb03192dbf', '626bed58-a026-40aa-8c12-2010c058bc6f', 'eeaf9c60-1278-4496-a8b9-564901c1a9d4', 'I1-2', '2026-01-06T17:58:55.866272', '2026-01-06T17:58:55.866272');
INSERT INTO hall_seats (id, cinema_hall_id, seat_type_id, seat_code, created_at, updated_at) VALUES ('f8d8f48e-c251-4a89-909e-8439224072ce', '626bed58-a026-40aa-8c12-2010c058bc6f', 'eeaf9c60-1278-4496-a8b9-564901c1a9d4', 'I3-4', '2026-01-06T17:58:55.866286', '2026-01-06T17:58:55.866286');
INSERT INTO hall_seats (id, cinema_hall_id, seat_type_id, seat_code, created_at, updated_at) VALUES ('253fe063-aa42-4dfe-b2fa-af25621b41ef', '626bed58-a026-40aa-8c12-2010c058bc6f', 'eeaf9c60-1278-4496-a8b9-564901c1a9d4', 'I5-6', '2026-01-06T17:58:55.866301', '2026-01-06T17:58:55.866301');
INSERT INTO hall_seats (id, cinema_hall_id, seat_type_id, seat_code, created_at, updated_at) VALUES ('3491a009-dc62-4fa2-9d65-96dd17eb22f8', '626bed58-a026-40aa-8c12-2010c058bc6f', 'eeaf9c60-1278-4496-a8b9-564901c1a9d4', 'I7-8', '2026-01-06T17:58:55.866319', '2026-01-06T17:58:55.866319');
INSERT INTO hall_seats (id, cinema_hall_id, seat_type_id, seat_code, created_at, updated_at) VALUES ('9600a638-8274-4539-925c-32777e592d01', 'd3b645b7-0add-4a8f-83f6-54b98b2815d0', '25d17eab-bd46-441a-9167-1e5f200d28bd', 'A1', '2026-01-06T17:58:55.866335', '2026-01-06T17:58:55.866335');
INSERT INTO hall_seats (id, cinema_hall_id, seat_type_id, seat_code, created_at, updated_at) VALUES ('698ba87e-398c-41b9-a268-38c90e13bd81', 'd3b645b7-0add-4a8f-83f6-54b98b2815d0', '25d17eab-bd46-441a-9167-1e5f200d28bd', 'A2', '2026-01-06T17:58:55.866349', '2026-01-06T17:58:55.866349');
INSERT INTO hall_seats (id, cinema_hall_id, seat_type_id, seat_code, created_at, updated_at) VALUES ('16355604-dfdb-4cc7-970b-529923198c13', 'd3b645b7-0add-4a8f-83f6-54b98b2815d0', '25d17eab-bd46-441a-9167-1e5f200d28bd', 'A3', '2026-01-06T17:58:55.866365', '2026-01-06T17:58:55.866365');
INSERT INTO hall_seats (id, cinema_hall_id, seat_type_id, seat_code, created_at, updated_at) VALUES ('e706d87a-fbf1-4224-a178-b003c6f77b16', 'd3b645b7-0add-4a8f-83f6-54b98b2815d0', '25d17eab-bd46-441a-9167-1e5f200d28bd', 'A4', '2026-01-06T17:58:55.866385', '2026-01-06T17:58:55.866385');
INSERT INTO hall_seats (id, cinema_hall_id, seat_type_id, seat_code, created_at, updated_at) VALUES ('61e98555-c9c1-4dd3-b439-198e6802ec74', 'd3b645b7-0add-4a8f-83f6-54b98b2815d0', '25d17eab-bd46-441a-9167-1e5f200d28bd', 'A5', '2026-01-06T17:58:55.866400', '2026-01-06T17:58:55.866400');
INSERT INTO hall_seats (id, cinema_hall_id, seat_type_id, seat_code, created_at, updated_at) VALUES ('5cf8442e-5aed-44b5-b89a-543db358621b', 'd3b645b7-0add-4a8f-83f6-54b98b2815d0', '25d17eab-bd46-441a-9167-1e5f200d28bd', 'A6', '2026-01-06T17:58:55.866414', '2026-01-06T17:58:55.866414');
INSERT INTO hall_seats (id, cinema_hall_id, seat_type_id, seat_code, created_at, updated_at) VALUES ('fc671ab4-b17d-45b6-9405-bf773ddd04d7', 'd3b645b7-0add-4a8f-83f6-54b98b2815d0', '25d17eab-bd46-441a-9167-1e5f200d28bd', 'A7', '2026-01-06T17:58:55.866428', '2026-01-06T17:58:55.866428');
INSERT INTO hall_seats (id, cinema_hall_id, seat_type_id, seat_code, created_at, updated_at) VALUES ('04da2abd-379f-4a21-b3eb-b46b7ba527f6', 'd3b645b7-0add-4a8f-83f6-54b98b2815d0', '25d17eab-bd46-441a-9167-1e5f200d28bd', 'A8', '2026-01-06T17:58:55.866448', '2026-01-06T17:58:55.866448');
INSERT INTO hall_seats (id, cinema_hall_id, seat_type_id, seat_code, created_at, updated_at) VALUES ('31479a9d-64f0-4292-8eb6-bdd1baa71f64', 'd3b645b7-0add-4a8f-83f6-54b98b2815d0', '25d17eab-bd46-441a-9167-1e5f200d28bd', 'B1', '2026-01-06T17:58:55.866463', '2026-01-06T17:58:55.866463');
INSERT INTO hall_seats (id, cinema_hall_id, seat_type_id, seat_code, created_at, updated_at) VALUES ('e5918946-9788-4ea6-9450-4745523feb12', 'd3b645b7-0add-4a8f-83f6-54b98b2815d0', '25d17eab-bd46-441a-9167-1e5f200d28bd', 'B2', '2026-01-06T17:58:55.866478', '2026-01-06T17:58:55.866478');
INSERT INTO hall_seats (id, cinema_hall_id, seat_type_id, seat_code, created_at, updated_at) VALUES ('2d30a1ed-c24e-4da2-8393-ec7523bb6f8d', 'd3b645b7-0add-4a8f-83f6-54b98b2815d0', '25d17eab-bd46-441a-9167-1e5f200d28bd', 'B3', '2026-01-06T17:58:55.866494', '2026-01-06T17:58:55.866494');
INSERT INTO hall_seats (id, cinema_hall_id, seat_type_id, seat_code, created_at, updated_at) VALUES ('4e4560dd-be78-42b4-a57d-51ed7cf51e1b', 'd3b645b7-0add-4a8f-83f6-54b98b2815d0', '25d17eab-bd46-441a-9167-1e5f200d28bd', 'B4', '2026-01-06T17:58:55.866509', '2026-01-06T17:58:55.866509');
INSERT INTO hall_seats (id, cinema_hall_id, seat_type_id, seat_code, created_at, updated_at) VALUES ('bf94d3c5-6ba2-4016-a793-4739cc1536aa', 'd3b645b7-0add-4a8f-83f6-54b98b2815d0', '25d17eab-bd46-441a-9167-1e5f200d28bd', 'B5', '2026-01-06T17:58:55.866523', '2026-01-06T17:58:55.866523');
INSERT INTO hall_seats (id, cinema_hall_id, seat_type_id, seat_code, created_at, updated_at) VALUES ('4cdaecd1-7f93-4453-97a1-009464441915', 'd3b645b7-0add-4a8f-83f6-54b98b2815d0', '25d17eab-bd46-441a-9167-1e5f200d28bd', 'B6', '2026-01-06T17:58:55.866537', '2026-01-06T17:58:55.866537');
INSERT INTO hall_seats (id, cinema_hall_id, seat_type_id, seat_code, created_at, updated_at) VALUES ('69a19f0e-b241-4a52-b503-ecff782d348a', 'd3b645b7-0add-4a8f-83f6-54b98b2815d0', '25d17eab-bd46-441a-9167-1e5f200d28bd', 'B7', '2026-01-06T17:58:55.866552', '2026-01-06T17:58:55.866552');
INSERT INTO hall_seats (id, cinema_hall_id, seat_type_id, seat_code, created_at, updated_at) VALUES ('15e8e45d-4728-4b3e-a884-146bed1a08a1', 'd3b645b7-0add-4a8f-83f6-54b98b2815d0', '25d17eab-bd46-441a-9167-1e5f200d28bd', 'B8', '2026-01-06T17:58:55.866569', '2026-01-06T17:58:55.866569');
INSERT INTO hall_seats (id, cinema_hall_id, seat_type_id, seat_code, created_at, updated_at) VALUES ('66136f04-e196-41ee-8e1a-8a31479dc1f1', 'd3b645b7-0add-4a8f-83f6-54b98b2815d0', '25d17eab-bd46-441a-9167-1e5f200d28bd', 'C1', '2026-01-06T17:58:55.866584', '2026-01-06T17:58:55.866584');
INSERT INTO hall_seats (id, cinema_hall_id, seat_type_id, seat_code, created_at, updated_at) VALUES ('80ad57c6-496c-451d-869d-072535ad98db', 'd3b645b7-0add-4a8f-83f6-54b98b2815d0', '25d17eab-bd46-441a-9167-1e5f200d28bd', 'C2', '2026-01-06T17:58:55.866598', '2026-01-06T17:58:55.866598');
INSERT INTO hall_seats (id, cinema_hall_id, seat_type_id, seat_code, created_at, updated_at) VALUES ('27e81028-1995-437c-baed-73da6479b7d9', 'd3b645b7-0add-4a8f-83f6-54b98b2815d0', '25d17eab-bd46-441a-9167-1e5f200d28bd', 'C3', '2026-01-06T17:58:55.866614', '2026-01-06T17:58:55.866614');
INSERT INTO hall_seats (id, cinema_hall_id, seat_type_id, seat_code, created_at, updated_at) VALUES ('2aaf34de-2a9b-4319-a754-ef2a22d4850f', 'd3b645b7-0add-4a8f-83f6-54b98b2815d0', '25d17eab-bd46-441a-9167-1e5f200d28bd', 'C4', '2026-01-06T17:58:55.866629', '2026-01-06T17:58:55.866629');
INSERT INTO hall_seats (id, cinema_hall_id, seat_type_id, seat_code, created_at, updated_at) VALUES ('0a7247ee-15a7-44d6-b5d3-09e43fa4bd37', 'd3b645b7-0add-4a8f-83f6-54b98b2815d0', '25d17eab-bd46-441a-9167-1e5f200d28bd', 'C5', '2026-01-06T17:58:55.866643', '2026-01-06T17:58:55.866643');
INSERT INTO hall_seats (id, cinema_hall_id, seat_type_id, seat_code, created_at, updated_at) VALUES ('ab4fbced-0266-4231-96c5-cb9be022f2f4', 'd3b645b7-0add-4a8f-83f6-54b98b2815d0', '25d17eab-bd46-441a-9167-1e5f200d28bd', 'C6', '2026-01-06T17:58:55.866657', '2026-01-06T17:58:55.866657');
INSERT INTO hall_seats (id, cinema_hall_id, seat_type_id, seat_code, created_at, updated_at) VALUES ('8077d0c2-f279-4c30-b577-c2a29a148be9', 'd3b645b7-0add-4a8f-83f6-54b98b2815d0', '25d17eab-bd46-441a-9167-1e5f200d28bd', 'C7', '2026-01-06T17:58:55.866671', '2026-01-06T17:58:55.866671');
INSERT INTO hall_seats (id, cinema_hall_id, seat_type_id, seat_code, created_at, updated_at) VALUES ('81a9da63-998c-43b3-8fce-31278fc9ffc9', 'd3b645b7-0add-4a8f-83f6-54b98b2815d0', '25d17eab-bd46-441a-9167-1e5f200d28bd', 'C8', '2026-01-06T17:58:55.866686', '2026-01-06T17:58:55.866686');
INSERT INTO hall_seats (id, cinema_hall_id, seat_type_id, seat_code, created_at, updated_at) VALUES ('89ea425e-9e9e-44fd-a74c-b666e9024e9b', 'd3b645b7-0add-4a8f-83f6-54b98b2815d0', '25d17eab-bd46-441a-9167-1e5f200d28bd', 'D1', '2026-01-06T17:58:55.866700', '2026-01-06T17:58:55.866700');
INSERT INTO hall_seats (id, cinema_hall_id, seat_type_id, seat_code, created_at, updated_at) VALUES ('b81a2f4e-174e-4fc9-8a31-d749fb3cbd77', 'd3b645b7-0add-4a8f-83f6-54b98b2815d0', '25d17eab-bd46-441a-9167-1e5f200d28bd', 'D2', '2026-01-06T17:58:55.866714', '2026-01-06T17:58:55.866714');
INSERT INTO hall_seats (id, cinema_hall_id, seat_type_id, seat_code, created_at, updated_at) VALUES ('d8adffc1-76b2-4c2f-abfd-4bd4155598c4', 'd3b645b7-0add-4a8f-83f6-54b98b2815d0', '25d17eab-bd46-441a-9167-1e5f200d28bd', 'D3', '2026-01-06T17:58:55.866731', '2026-01-06T17:58:55.866731');
INSERT INTO hall_seats (id, cinema_hall_id, seat_type_id, seat_code, created_at, updated_at) VALUES ('bb3139a1-fc17-4d2f-97e2-f3e4120a6499', 'd3b645b7-0add-4a8f-83f6-54b98b2815d0', '25d17eab-bd46-441a-9167-1e5f200d28bd', 'D4', '2026-01-06T17:58:55.866748', '2026-01-06T17:58:55.866748');
INSERT INTO hall_seats (id, cinema_hall_id, seat_type_id, seat_code, created_at, updated_at) VALUES ('009ab486-d4fe-4364-8080-7346901e5dfd', 'd3b645b7-0add-4a8f-83f6-54b98b2815d0', '25d17eab-bd46-441a-9167-1e5f200d28bd', 'D5', '2026-01-06T17:58:55.866763', '2026-01-06T17:58:55.866763');
INSERT INTO hall_seats (id, cinema_hall_id, seat_type_id, seat_code, created_at, updated_at) VALUES ('8874167f-2207-42c8-93b5-1dc17a153e06', 'd3b645b7-0add-4a8f-83f6-54b98b2815d0', '25d17eab-bd46-441a-9167-1e5f200d28bd', 'D6', '2026-01-06T17:58:55.866777', '2026-01-06T17:58:55.866777');
INSERT INTO hall_seats (id, cinema_hall_id, seat_type_id, seat_code, created_at, updated_at) VALUES ('9210920a-0431-4d2b-bebc-62528ef1eced', 'd3b645b7-0add-4a8f-83f6-54b98b2815d0', '25d17eab-bd46-441a-9167-1e5f200d28bd', 'D7', '2026-01-06T17:58:55.866794', '2026-01-06T17:58:55.866794');
INSERT INTO hall_seats (id, cinema_hall_id, seat_type_id, seat_code, created_at, updated_at) VALUES ('01274d74-512e-4bb5-b396-6d658945f319', 'd3b645b7-0add-4a8f-83f6-54b98b2815d0', '25d17eab-bd46-441a-9167-1e5f200d28bd', 'D8', '2026-01-06T17:58:55.866809', '2026-01-06T17:58:55.866809');
INSERT INTO hall_seats (id, cinema_hall_id, seat_type_id, seat_code, created_at, updated_at) VALUES ('1edc9250-70ff-48a6-b7e5-e067f2725dd4', 'd3b645b7-0add-4a8f-83f6-54b98b2815d0', '25d17eab-bd46-441a-9167-1e5f200d28bd', 'E1', '2026-01-06T17:58:55.866824', '2026-01-06T17:58:55.866824');
INSERT INTO hall_seats (id, cinema_hall_id, seat_type_id, seat_code, created_at, updated_at) VALUES ('f7898f74-9ddb-419a-acd3-86f5ff9d4ea0', 'd3b645b7-0add-4a8f-83f6-54b98b2815d0', '25d17eab-bd46-441a-9167-1e5f200d28bd', 'E2', '2026-01-06T17:58:55.866838', '2026-01-06T17:58:55.866838');
INSERT INTO hall_seats (id, cinema_hall_id, seat_type_id, seat_code, created_at, updated_at) VALUES ('acaf961e-04c9-4d5a-bf4f-eef174d812f1', 'd3b645b7-0add-4a8f-83f6-54b98b2815d0', '25d17eab-bd46-441a-9167-1e5f200d28bd', 'E3', '2026-01-06T17:58:55.866855', '2026-01-06T17:58:55.866855');
INSERT INTO hall_seats (id, cinema_hall_id, seat_type_id, seat_code, created_at, updated_at) VALUES ('dd228e8b-6a0e-419a-bafe-a9b565778057', 'd3b645b7-0add-4a8f-83f6-54b98b2815d0', '25d17eab-bd46-441a-9167-1e5f200d28bd', 'E4', '2026-01-06T17:58:55.866869', '2026-01-06T17:58:55.866869');
INSERT INTO hall_seats (id, cinema_hall_id, seat_type_id, seat_code, created_at, updated_at) VALUES ('6e259ce5-6725-441b-8334-b85f4f29bd93', 'd3b645b7-0add-4a8f-83f6-54b98b2815d0', '25d17eab-bd46-441a-9167-1e5f200d28bd', 'E5', '2026-01-06T17:58:55.866883', '2026-01-06T17:58:55.866883');
INSERT INTO hall_seats (id, cinema_hall_id, seat_type_id, seat_code, created_at, updated_at) VALUES ('449d6335-4bd5-4858-80e3-b7a3d6ac10be', 'd3b645b7-0add-4a8f-83f6-54b98b2815d0', '25d17eab-bd46-441a-9167-1e5f200d28bd', 'E6', '2026-01-06T17:58:55.866897', '2026-01-06T17:58:55.866897');
INSERT INTO hall_seats (id, cinema_hall_id, seat_type_id, seat_code, created_at, updated_at) VALUES ('49d17459-b7b8-4461-99fe-a577ca4b7066', 'd3b645b7-0add-4a8f-83f6-54b98b2815d0', '25d17eab-bd46-441a-9167-1e5f200d28bd', 'E7', '2026-01-06T17:58:55.866911', '2026-01-06T17:58:55.866911');
INSERT INTO hall_seats (id, cinema_hall_id, seat_type_id, seat_code, created_at, updated_at) VALUES ('5e453f50-53a8-4531-82f0-85bd57a8cba6', 'd3b645b7-0add-4a8f-83f6-54b98b2815d0', '25d17eab-bd46-441a-9167-1e5f200d28bd', 'E8', '2026-01-06T17:58:55.866929', '2026-01-06T17:58:55.866929');
INSERT INTO hall_seats (id, cinema_hall_id, seat_type_id, seat_code, created_at, updated_at) VALUES ('48a5e428-43e7-4aa4-abd0-761ff81cccec', 'd3b645b7-0add-4a8f-83f6-54b98b2815d0', '25d17eab-bd46-441a-9167-1e5f200d28bd', 'F1', '2026-01-06T17:58:55.866944', '2026-01-06T17:58:55.866944');
INSERT INTO hall_seats (id, cinema_hall_id, seat_type_id, seat_code, created_at, updated_at) VALUES ('42abe402-a4a6-4918-9e38-11a504055da9', 'd3b645b7-0add-4a8f-83f6-54b98b2815d0', '25d17eab-bd46-441a-9167-1e5f200d28bd', 'F2', '2026-01-06T17:58:55.866958', '2026-01-06T17:58:55.866958');
INSERT INTO hall_seats (id, cinema_hall_id, seat_type_id, seat_code, created_at, updated_at) VALUES ('ce079279-a3ab-4e80-aa54-9ef473a18bce', 'd3b645b7-0add-4a8f-83f6-54b98b2815d0', '25d17eab-bd46-441a-9167-1e5f200d28bd', 'F3', '2026-01-06T17:58:55.866974', '2026-01-06T17:58:55.866974');
INSERT INTO hall_seats (id, cinema_hall_id, seat_type_id, seat_code, created_at, updated_at) VALUES ('8e196806-fec0-4166-923e-6ba58bd115e7', 'd3b645b7-0add-4a8f-83f6-54b98b2815d0', '25d17eab-bd46-441a-9167-1e5f200d28bd', 'F4', '2026-01-06T17:58:55.866989', '2026-01-06T17:58:55.866989');
INSERT INTO hall_seats (id, cinema_hall_id, seat_type_id, seat_code, created_at, updated_at) VALUES ('ae4637fb-87fd-4a0b-ad3e-0c00920acd4e', 'd3b645b7-0add-4a8f-83f6-54b98b2815d0', '25d17eab-bd46-441a-9167-1e5f200d28bd', 'F5', '2026-01-06T17:58:55.867003', '2026-01-06T17:58:55.867003');
INSERT INTO hall_seats (id, cinema_hall_id, seat_type_id, seat_code, created_at, updated_at) VALUES ('8e8ed5f6-8476-4271-b5a7-820b00b5e54e', 'd3b645b7-0add-4a8f-83f6-54b98b2815d0', '25d17eab-bd46-441a-9167-1e5f200d28bd', 'F6', '2026-01-06T17:58:55.867020', '2026-01-06T17:58:55.867020');
INSERT INTO hall_seats (id, cinema_hall_id, seat_type_id, seat_code, created_at, updated_at) VALUES ('8f1c2cfc-ba7a-4702-a874-e8b6dccb5a21', 'd3b645b7-0add-4a8f-83f6-54b98b2815d0', '25d17eab-bd46-441a-9167-1e5f200d28bd', 'F7', '2026-01-06T17:58:55.867035', '2026-01-06T17:58:55.867035');
INSERT INTO hall_seats (id, cinema_hall_id, seat_type_id, seat_code, created_at, updated_at) VALUES ('7c0ea2cb-9622-44c0-b3ce-b264d4dd4719', 'd3b645b7-0add-4a8f-83f6-54b98b2815d0', '25d17eab-bd46-441a-9167-1e5f200d28bd', 'F8', '2026-01-06T17:58:55.867049', '2026-01-06T17:58:55.867049');
INSERT INTO hall_seats (id, cinema_hall_id, seat_type_id, seat_code, created_at, updated_at) VALUES ('3a28f174-4cc5-4b03-91da-ac2c6eb1b6d6', 'd3b645b7-0add-4a8f-83f6-54b98b2815d0', '09699c89-5a1d-4f52-b1d0-edecbc043c96', 'G1', '2026-01-06T17:58:55.867072', '2026-01-06T17:58:55.867072');
INSERT INTO hall_seats (id, cinema_hall_id, seat_type_id, seat_code, created_at, updated_at) VALUES ('d71caae5-421c-4495-aea8-f115863e8d07', 'd3b645b7-0add-4a8f-83f6-54b98b2815d0', '09699c89-5a1d-4f52-b1d0-edecbc043c96', 'G2', '2026-01-06T17:58:55.867091', '2026-01-06T17:58:55.867091');
INSERT INTO hall_seats (id, cinema_hall_id, seat_type_id, seat_code, created_at, updated_at) VALUES ('64edbb91-5e35-4662-a762-66649cd36847', 'd3b645b7-0add-4a8f-83f6-54b98b2815d0', '09699c89-5a1d-4f52-b1d0-edecbc043c96', 'G3', '2026-01-06T17:58:55.867110', '2026-01-06T17:58:55.867110');
INSERT INTO hall_seats (id, cinema_hall_id, seat_type_id, seat_code, created_at, updated_at) VALUES ('8a8af06a-f2b7-471e-af0c-ddc833397768', 'd3b645b7-0add-4a8f-83f6-54b98b2815d0', '09699c89-5a1d-4f52-b1d0-edecbc043c96', 'G4', '2026-01-06T17:58:55.867129', '2026-01-06T17:58:55.867129');
INSERT INTO hall_seats (id, cinema_hall_id, seat_type_id, seat_code, created_at, updated_at) VALUES ('36461192-bf75-4960-9015-9f516bcf7edf', 'd3b645b7-0add-4a8f-83f6-54b98b2815d0', '09699c89-5a1d-4f52-b1d0-edecbc043c96', 'G5', '2026-01-06T17:58:55.867144', '2026-01-06T17:58:55.867144');
INSERT INTO hall_seats (id, cinema_hall_id, seat_type_id, seat_code, created_at, updated_at) VALUES ('9e556661-b5d3-4793-9d04-22e345a7d348', 'd3b645b7-0add-4a8f-83f6-54b98b2815d0', '09699c89-5a1d-4f52-b1d0-edecbc043c96', 'G6', '2026-01-06T17:58:55.867159', '2026-01-06T17:58:55.867159');
INSERT INTO hall_seats (id, cinema_hall_id, seat_type_id, seat_code, created_at, updated_at) VALUES ('dc552d51-abcb-4813-bc46-3f6e308429be', 'd3b645b7-0add-4a8f-83f6-54b98b2815d0', '09699c89-5a1d-4f52-b1d0-edecbc043c96', 'G7', '2026-01-06T17:58:55.867174', '2026-01-06T17:58:55.867174');
INSERT INTO hall_seats (id, cinema_hall_id, seat_type_id, seat_code, created_at, updated_at) VALUES ('7516d639-b421-4c2d-820c-f5e261525bd1', 'd3b645b7-0add-4a8f-83f6-54b98b2815d0', '09699c89-5a1d-4f52-b1d0-edecbc043c96', 'G8', '2026-01-06T17:58:55.867191', '2026-01-06T17:58:55.867191');
INSERT INTO hall_seats (id, cinema_hall_id, seat_type_id, seat_code, created_at, updated_at) VALUES ('48a57ada-2ffb-42cd-a4e6-f9e5cdf5ee9d', 'd3b645b7-0add-4a8f-83f6-54b98b2815d0', '09699c89-5a1d-4f52-b1d0-edecbc043c96', 'H1', '2026-01-06T17:58:55.867207', '2026-01-06T17:58:55.867207');
INSERT INTO hall_seats (id, cinema_hall_id, seat_type_id, seat_code, created_at, updated_at) VALUES ('bdee5812-d4fa-47da-a209-168634146684', 'd3b645b7-0add-4a8f-83f6-54b98b2815d0', '09699c89-5a1d-4f52-b1d0-edecbc043c96', 'H2', '2026-01-06T17:58:55.867222', '2026-01-06T17:58:55.867222');
INSERT INTO hall_seats (id, cinema_hall_id, seat_type_id, seat_code, created_at, updated_at) VALUES ('7ed93111-c0be-4903-b2fb-8289343f28e5', 'd3b645b7-0add-4a8f-83f6-54b98b2815d0', '09699c89-5a1d-4f52-b1d0-edecbc043c96', 'H3', '2026-01-06T17:58:55.867239', '2026-01-06T17:58:55.867239');
INSERT INTO hall_seats (id, cinema_hall_id, seat_type_id, seat_code, created_at, updated_at) VALUES ('c9eb48b8-3b3d-4bbc-bc5f-0a3e8b58fd51', 'd3b645b7-0add-4a8f-83f6-54b98b2815d0', '09699c89-5a1d-4f52-b1d0-edecbc043c96', 'H4', '2026-01-06T17:58:55.867253', '2026-01-06T17:58:55.867253');
INSERT INTO hall_seats (id, cinema_hall_id, seat_type_id, seat_code, created_at, updated_at) VALUES ('a6450cbc-4b44-4b7f-bd40-610e4182731f', 'd3b645b7-0add-4a8f-83f6-54b98b2815d0', '09699c89-5a1d-4f52-b1d0-edecbc043c96', 'H5', '2026-01-06T17:58:55.867267', '2026-01-06T17:58:55.867267');
INSERT INTO hall_seats (id, cinema_hall_id, seat_type_id, seat_code, created_at, updated_at) VALUES ('805a5a60-9e27-408f-a13b-9f048b5c0732', 'd3b645b7-0add-4a8f-83f6-54b98b2815d0', '09699c89-5a1d-4f52-b1d0-edecbc043c96', 'H6', '2026-01-06T17:58:55.867282', '2026-01-06T17:58:55.867282');
INSERT INTO hall_seats (id, cinema_hall_id, seat_type_id, seat_code, created_at, updated_at) VALUES ('5d9e61c4-9b92-43b4-a552-b0f0cab600f4', 'd3b645b7-0add-4a8f-83f6-54b98b2815d0', '09699c89-5a1d-4f52-b1d0-edecbc043c96', 'H7', '2026-01-06T17:58:55.867299', '2026-01-06T17:58:55.867299');
INSERT INTO hall_seats (id, cinema_hall_id, seat_type_id, seat_code, created_at, updated_at) VALUES ('cf2753ef-6fd1-4a11-8edb-78bdf819fd69', 'd3b645b7-0add-4a8f-83f6-54b98b2815d0', '09699c89-5a1d-4f52-b1d0-edecbc043c96', 'H8', '2026-01-06T17:58:55.867316', '2026-01-06T17:58:55.867316');
INSERT INTO hall_seats (id, cinema_hall_id, seat_type_id, seat_code, created_at, updated_at) VALUES ('3208dbfc-276a-457c-8909-6b966e0476d4', 'd3b645b7-0add-4a8f-83f6-54b98b2815d0', 'eeaf9c60-1278-4496-a8b9-564901c1a9d4', 'I1-2', '2026-01-06T17:58:55.867331', '2026-01-06T17:58:55.867331');
INSERT INTO hall_seats (id, cinema_hall_id, seat_type_id, seat_code, created_at, updated_at) VALUES ('d2fcff9d-e3a8-47fc-9e59-4a2dc417bb73', 'd3b645b7-0add-4a8f-83f6-54b98b2815d0', 'eeaf9c60-1278-4496-a8b9-564901c1a9d4', 'I3-4', '2026-01-06T17:58:55.867346', '2026-01-06T17:58:55.867346');
INSERT INTO hall_seats (id, cinema_hall_id, seat_type_id, seat_code, created_at, updated_at) VALUES ('91eda02e-f086-4a12-b7ef-09f8216b0323', 'd3b645b7-0add-4a8f-83f6-54b98b2815d0', 'eeaf9c60-1278-4496-a8b9-564901c1a9d4', 'I5-6', '2026-01-06T17:58:55.867362', '2026-01-06T17:58:55.867362');
INSERT INTO hall_seats (id, cinema_hall_id, seat_type_id, seat_code, created_at, updated_at) VALUES ('f1e44cfa-226d-4019-80a0-b286037e176c', 'd3b645b7-0add-4a8f-83f6-54b98b2815d0', 'eeaf9c60-1278-4496-a8b9-564901c1a9d4', 'I7-8', '2026-01-06T17:58:55.867377', '2026-01-06T17:58:55.867377');
INSERT INTO hall_seats (id, cinema_hall_id, seat_type_id, seat_code, created_at, updated_at) VALUES ('530994a9-531e-441e-8873-4c600f0119ef', 'b7a671bb-f528-4c67-b92c-6a670ddf0cd3', '25d17eab-bd46-441a-9167-1e5f200d28bd', 'A1', '2026-01-06T17:58:55.867393', '2026-01-06T17:58:55.867393');
INSERT INTO hall_seats (id, cinema_hall_id, seat_type_id, seat_code, created_at, updated_at) VALUES ('d6776d99-5663-4c9f-8004-f3f393bdb24b', 'b7a671bb-f528-4c67-b92c-6a670ddf0cd3', '25d17eab-bd46-441a-9167-1e5f200d28bd', 'A2', '2026-01-06T17:58:55.867407', '2026-01-06T17:58:55.867407');
INSERT INTO hall_seats (id, cinema_hall_id, seat_type_id, seat_code, created_at, updated_at) VALUES ('608acafc-9b84-4ac9-970d-bf15dd38cbc7', 'b7a671bb-f528-4c67-b92c-6a670ddf0cd3', '25d17eab-bd46-441a-9167-1e5f200d28bd', 'A3', '2026-01-06T17:58:55.867421', '2026-01-06T17:58:55.867421');
INSERT INTO hall_seats (id, cinema_hall_id, seat_type_id, seat_code, created_at, updated_at) VALUES ('fb6fae68-57e3-4814-b475-6d30fe922550', 'b7a671bb-f528-4c67-b92c-6a670ddf0cd3', '25d17eab-bd46-441a-9167-1e5f200d28bd', 'A4', '2026-01-06T17:58:55.867441', '2026-01-06T17:58:55.867441');
INSERT INTO hall_seats (id, cinema_hall_id, seat_type_id, seat_code, created_at, updated_at) VALUES ('7ce477ba-4efd-4a67-ad36-2f4f52378a15', 'b7a671bb-f528-4c67-b92c-6a670ddf0cd3', '25d17eab-bd46-441a-9167-1e5f200d28bd', 'A5', '2026-01-06T17:58:55.867456', '2026-01-06T17:58:55.867456');
INSERT INTO hall_seats (id, cinema_hall_id, seat_type_id, seat_code, created_at, updated_at) VALUES ('2f0d7ba8-a8ba-46fa-ba2e-6a31ef4a5d24', 'b7a671bb-f528-4c67-b92c-6a670ddf0cd3', '25d17eab-bd46-441a-9167-1e5f200d28bd', 'A6', '2026-01-06T17:58:55.867471', '2026-01-06T17:58:55.867471');
INSERT INTO hall_seats (id, cinema_hall_id, seat_type_id, seat_code, created_at, updated_at) VALUES ('89b9c264-333f-4674-b996-bfaf61282dcf', 'b7a671bb-f528-4c67-b92c-6a670ddf0cd3', '25d17eab-bd46-441a-9167-1e5f200d28bd', 'A7', '2026-01-06T17:58:55.867487', '2026-01-06T17:58:55.867487');
INSERT INTO hall_seats (id, cinema_hall_id, seat_type_id, seat_code, created_at, updated_at) VALUES ('bce306e5-09d2-44e8-906a-9a2d064f901e', 'b7a671bb-f528-4c67-b92c-6a670ddf0cd3', '25d17eab-bd46-441a-9167-1e5f200d28bd', 'A8', '2026-01-06T17:58:55.867505', '2026-01-06T17:58:55.867505');
INSERT INTO hall_seats (id, cinema_hall_id, seat_type_id, seat_code, created_at, updated_at) VALUES ('e08df8b5-1bcf-494d-ae84-24e687e11bfe', 'b7a671bb-f528-4c67-b92c-6a670ddf0cd3', '25d17eab-bd46-441a-9167-1e5f200d28bd', 'B1', '2026-01-06T17:58:55.867520', '2026-01-06T17:58:55.867520');
INSERT INTO hall_seats (id, cinema_hall_id, seat_type_id, seat_code, created_at, updated_at) VALUES ('33ae0082-1a32-4a76-a308-981dc1ccb56b', 'b7a671bb-f528-4c67-b92c-6a670ddf0cd3', '25d17eab-bd46-441a-9167-1e5f200d28bd', 'B2', '2026-01-06T17:58:55.867534', '2026-01-06T17:58:55.867534');
INSERT INTO hall_seats (id, cinema_hall_id, seat_type_id, seat_code, created_at, updated_at) VALUES ('4d9de379-8803-4391-a884-b512e08dd325', 'b7a671bb-f528-4c67-b92c-6a670ddf0cd3', '25d17eab-bd46-441a-9167-1e5f200d28bd', 'B3', '2026-01-06T17:58:55.867548', '2026-01-06T17:58:55.867548');
INSERT INTO hall_seats (id, cinema_hall_id, seat_type_id, seat_code, created_at, updated_at) VALUES ('50e145ca-f617-4c84-9d3e-162a57765b48', 'b7a671bb-f528-4c67-b92c-6a670ddf0cd3', '25d17eab-bd46-441a-9167-1e5f200d28bd', 'B4', '2026-01-06T17:58:55.867562', '2026-01-06T17:58:55.867562');
INSERT INTO hall_seats (id, cinema_hall_id, seat_type_id, seat_code, created_at, updated_at) VALUES ('490c5da3-e577-4574-a340-f0859eb39961', 'b7a671bb-f528-4c67-b92c-6a670ddf0cd3', '25d17eab-bd46-441a-9167-1e5f200d28bd', 'B5', '2026-01-06T17:58:55.867576', '2026-01-06T17:58:55.867576');
INSERT INTO hall_seats (id, cinema_hall_id, seat_type_id, seat_code, created_at, updated_at) VALUES ('3e32ea9c-163d-4516-bb5a-5d0a68b80bb7', 'b7a671bb-f528-4c67-b92c-6a670ddf0cd3', '25d17eab-bd46-441a-9167-1e5f200d28bd', 'B6', '2026-01-06T17:58:55.867590', '2026-01-06T17:58:55.867590');
INSERT INTO hall_seats (id, cinema_hall_id, seat_type_id, seat_code, created_at, updated_at) VALUES ('6d5bcc02-aa94-434d-bd56-e3285e394c04', 'b7a671bb-f528-4c67-b92c-6a670ddf0cd3', '25d17eab-bd46-441a-9167-1e5f200d28bd', 'B7', '2026-01-06T17:58:55.867606', '2026-01-06T17:58:55.867606');
INSERT INTO hall_seats (id, cinema_hall_id, seat_type_id, seat_code, created_at, updated_at) VALUES ('ff320e93-5f0b-4d4d-a161-66885f5cb7e6', 'b7a671bb-f528-4c67-b92c-6a670ddf0cd3', '25d17eab-bd46-441a-9167-1e5f200d28bd', 'B8', '2026-01-06T17:58:55.867621', '2026-01-06T17:58:55.867621');
INSERT INTO hall_seats (id, cinema_hall_id, seat_type_id, seat_code, created_at, updated_at) VALUES ('de578c30-d936-4d80-9f76-834bcf8ee5a8', 'b7a671bb-f528-4c67-b92c-6a670ddf0cd3', '25d17eab-bd46-441a-9167-1e5f200d28bd', 'C1', '2026-01-06T17:58:55.867635', '2026-01-06T17:58:55.867635');
INSERT INTO hall_seats (id, cinema_hall_id, seat_type_id, seat_code, created_at, updated_at) VALUES ('e8c60fe0-7981-42c8-a96a-07a0070b62bc', 'b7a671bb-f528-4c67-b92c-6a670ddf0cd3', '25d17eab-bd46-441a-9167-1e5f200d28bd', 'C2', '2026-01-06T17:58:55.867650', '2026-01-06T17:58:55.867650');
INSERT INTO hall_seats (id, cinema_hall_id, seat_type_id, seat_code, created_at, updated_at) VALUES ('4e6822f2-577c-40d3-a092-5d75b598c8d8', 'b7a671bb-f528-4c67-b92c-6a670ddf0cd3', '25d17eab-bd46-441a-9167-1e5f200d28bd', 'C3', '2026-01-06T17:58:55.867664', '2026-01-06T17:58:55.867664');
INSERT INTO hall_seats (id, cinema_hall_id, seat_type_id, seat_code, created_at, updated_at) VALUES ('b04d927f-3556-4635-8617-23cd5003efd2', 'b7a671bb-f528-4c67-b92c-6a670ddf0cd3', '25d17eab-bd46-441a-9167-1e5f200d28bd', 'C4', '2026-01-06T17:58:55.867681', '2026-01-06T17:58:55.867681');
INSERT INTO hall_seats (id, cinema_hall_id, seat_type_id, seat_code, created_at, updated_at) VALUES ('68c2da4d-caea-4006-8bc2-69bba7c6d85b', 'b7a671bb-f528-4c67-b92c-6a670ddf0cd3', '25d17eab-bd46-441a-9167-1e5f200d28bd', 'C5', '2026-01-06T17:58:55.867696', '2026-01-06T17:58:55.867696');
INSERT INTO hall_seats (id, cinema_hall_id, seat_type_id, seat_code, created_at, updated_at) VALUES ('c7ecd8e0-7e64-4f9a-8888-0820c7c02bdc', 'b7a671bb-f528-4c67-b92c-6a670ddf0cd3', '25d17eab-bd46-441a-9167-1e5f200d28bd', 'C6', '2026-01-06T17:58:55.867710', '2026-01-06T17:58:55.867710');
INSERT INTO hall_seats (id, cinema_hall_id, seat_type_id, seat_code, created_at, updated_at) VALUES ('13aa0d9a-2a5e-4922-8ba2-802c5c05158a', 'b7a671bb-f528-4c67-b92c-6a670ddf0cd3', '25d17eab-bd46-441a-9167-1e5f200d28bd', 'C7', '2026-01-06T17:58:55.867726', '2026-01-06T17:58:55.867726');
INSERT INTO hall_seats (id, cinema_hall_id, seat_type_id, seat_code, created_at, updated_at) VALUES ('12239584-2441-4543-b362-240082c3a4a6', 'b7a671bb-f528-4c67-b92c-6a670ddf0cd3', '25d17eab-bd46-441a-9167-1e5f200d28bd', 'C8', '2026-01-06T17:58:55.867741', '2026-01-06T17:58:55.867741');
INSERT INTO hall_seats (id, cinema_hall_id, seat_type_id, seat_code, created_at, updated_at) VALUES ('24eb8660-cec7-4b0f-83ba-6a69afa2f331', 'b7a671bb-f528-4c67-b92c-6a670ddf0cd3', '25d17eab-bd46-441a-9167-1e5f200d28bd', 'D1', '2026-01-06T17:58:55.867755', '2026-01-06T17:58:55.867755');
INSERT INTO hall_seats (id, cinema_hall_id, seat_type_id, seat_code, created_at, updated_at) VALUES ('b276c6aa-d6ef-4088-84a2-21d641465a38', 'b7a671bb-f528-4c67-b92c-6a670ddf0cd3', '25d17eab-bd46-441a-9167-1e5f200d28bd', 'D2', '2026-01-06T17:58:55.867770', '2026-01-06T17:58:55.867770');
INSERT INTO hall_seats (id, cinema_hall_id, seat_type_id, seat_code, created_at, updated_at) VALUES ('e74904aa-b43d-4ce5-bb51-c25ba6157b52', 'b7a671bb-f528-4c67-b92c-6a670ddf0cd3', '25d17eab-bd46-441a-9167-1e5f200d28bd', 'D3', '2026-01-06T17:58:55.867787', '2026-01-06T17:58:55.867787');
INSERT INTO hall_seats (id, cinema_hall_id, seat_type_id, seat_code, created_at, updated_at) VALUES ('465a6ab8-6111-4363-ab81-94bb86f10e49', 'b7a671bb-f528-4c67-b92c-6a670ddf0cd3', '25d17eab-bd46-441a-9167-1e5f200d28bd', 'D4', '2026-01-06T17:58:55.867802', '2026-01-06T17:58:55.867802');
INSERT INTO hall_seats (id, cinema_hall_id, seat_type_id, seat_code, created_at, updated_at) VALUES ('5b48b4ee-e526-46df-aa6d-773494377fe2', 'b7a671bb-f528-4c67-b92c-6a670ddf0cd3', '25d17eab-bd46-441a-9167-1e5f200d28bd', 'D5', '2026-01-06T17:58:55.867816', '2026-01-06T17:58:55.867816');
INSERT INTO hall_seats (id, cinema_hall_id, seat_type_id, seat_code, created_at, updated_at) VALUES ('6cf3f5c3-6aaa-40e8-8a5b-b198d33ffc0e', 'b7a671bb-f528-4c67-b92c-6a670ddf0cd3', '25d17eab-bd46-441a-9167-1e5f200d28bd', 'D6', '2026-01-06T17:58:55.867830', '2026-01-06T17:58:55.867830');
INSERT INTO hall_seats (id, cinema_hall_id, seat_type_id, seat_code, created_at, updated_at) VALUES ('88965e86-2d88-47da-9a27-60515b8896b5', 'b7a671bb-f528-4c67-b92c-6a670ddf0cd3', '25d17eab-bd46-441a-9167-1e5f200d28bd', 'D7', '2026-01-06T17:58:55.867847', '2026-01-06T17:58:55.867847');
INSERT INTO hall_seats (id, cinema_hall_id, seat_type_id, seat_code, created_at, updated_at) VALUES ('d78aa35f-04ba-405b-9b42-ff832a86cdf1', 'b7a671bb-f528-4c67-b92c-6a670ddf0cd3', '25d17eab-bd46-441a-9167-1e5f200d28bd', 'D8', '2026-01-06T17:58:55.867864', '2026-01-06T17:58:55.867864');
INSERT INTO hall_seats (id, cinema_hall_id, seat_type_id, seat_code, created_at, updated_at) VALUES ('d5c7a441-d922-4479-965d-a53077e9ba91', 'b7a671bb-f528-4c67-b92c-6a670ddf0cd3', '25d17eab-bd46-441a-9167-1e5f200d28bd', 'E1', '2026-01-06T17:58:55.867879', '2026-01-06T17:58:55.867879');
INSERT INTO hall_seats (id, cinema_hall_id, seat_type_id, seat_code, created_at, updated_at) VALUES ('8d7e0317-6cf2-4189-a1ec-b762eeada59b', 'b7a671bb-f528-4c67-b92c-6a670ddf0cd3', '25d17eab-bd46-441a-9167-1e5f200d28bd', 'E2', '2026-01-06T17:58:55.867893', '2026-01-06T17:58:55.867893');
INSERT INTO hall_seats (id, cinema_hall_id, seat_type_id, seat_code, created_at, updated_at) VALUES ('c5489a13-88bf-4073-aabe-78e64f5c217c', 'b7a671bb-f528-4c67-b92c-6a670ddf0cd3', '25d17eab-bd46-441a-9167-1e5f200d28bd', 'E3', '2026-01-06T17:58:55.867908', '2026-01-06T17:58:55.867908');
INSERT INTO hall_seats (id, cinema_hall_id, seat_type_id, seat_code, created_at, updated_at) VALUES ('21ab1d9f-f632-456f-b7a7-b86405aae686', 'b7a671bb-f528-4c67-b92c-6a670ddf0cd3', '25d17eab-bd46-441a-9167-1e5f200d28bd', 'E4', '2026-01-06T17:58:55.867922', '2026-01-06T17:58:55.867922');
INSERT INTO hall_seats (id, cinema_hall_id, seat_type_id, seat_code, created_at, updated_at) VALUES ('09b49d8d-6bff-4d0c-aad5-f5d50efcb9c5', 'b7a671bb-f528-4c67-b92c-6a670ddf0cd3', '25d17eab-bd46-441a-9167-1e5f200d28bd', 'E5', '2026-01-06T17:58:55.867936', '2026-01-06T17:58:55.867936');
INSERT INTO hall_seats (id, cinema_hall_id, seat_type_id, seat_code, created_at, updated_at) VALUES ('04e49aa4-2cfd-4018-8fe4-1ffef7d34c63', 'b7a671bb-f528-4c67-b92c-6a670ddf0cd3', '25d17eab-bd46-441a-9167-1e5f200d28bd', 'E6', '2026-01-06T17:58:55.867956', '2026-01-06T17:58:55.867956');
INSERT INTO hall_seats (id, cinema_hall_id, seat_type_id, seat_code, created_at, updated_at) VALUES ('c0060c00-5afe-4851-bdb8-4a6f914b083b', 'b7a671bb-f528-4c67-b92c-6a670ddf0cd3', '25d17eab-bd46-441a-9167-1e5f200d28bd', 'E7', '2026-01-06T17:58:55.867974', '2026-01-06T17:58:55.867974');
INSERT INTO hall_seats (id, cinema_hall_id, seat_type_id, seat_code, created_at, updated_at) VALUES ('2b40ae2c-1d78-468e-a4a4-dce860595e63', 'b7a671bb-f528-4c67-b92c-6a670ddf0cd3', '25d17eab-bd46-441a-9167-1e5f200d28bd', 'E8', '2026-01-06T17:58:55.867988', '2026-01-06T17:58:55.867988');
INSERT INTO hall_seats (id, cinema_hall_id, seat_type_id, seat_code, created_at, updated_at) VALUES ('22d34658-309c-469a-a112-4c53f6795f20', 'b7a671bb-f528-4c67-b92c-6a670ddf0cd3', '25d17eab-bd46-441a-9167-1e5f200d28bd', 'F1', '2026-01-06T17:58:55.868003', '2026-01-06T17:58:55.868003');
INSERT INTO hall_seats (id, cinema_hall_id, seat_type_id, seat_code, created_at, updated_at) VALUES ('171373fd-fa9e-4f05-960d-3dd78cbb9dac', 'b7a671bb-f528-4c67-b92c-6a670ddf0cd3', '25d17eab-bd46-441a-9167-1e5f200d28bd', 'F2', '2026-01-06T17:58:55.868017', '2026-01-06T17:58:55.868017');
INSERT INTO hall_seats (id, cinema_hall_id, seat_type_id, seat_code, created_at, updated_at) VALUES ('bcb79116-c458-4bda-a7de-f9966c3fa951', 'b7a671bb-f528-4c67-b92c-6a670ddf0cd3', '25d17eab-bd46-441a-9167-1e5f200d28bd', 'F3', '2026-01-06T17:58:55.868031', '2026-01-06T17:58:55.868031');
INSERT INTO hall_seats (id, cinema_hall_id, seat_type_id, seat_code, created_at, updated_at) VALUES ('9408bacc-5145-43b4-8b5a-bf403fc357ae', 'b7a671bb-f528-4c67-b92c-6a670ddf0cd3', '25d17eab-bd46-441a-9167-1e5f200d28bd', 'F4', '2026-01-06T17:58:55.868049', '2026-01-06T17:58:55.868049');
INSERT INTO hall_seats (id, cinema_hall_id, seat_type_id, seat_code, created_at, updated_at) VALUES ('82b74f77-f191-4fff-8bd8-fa66d84ffa0f', 'b7a671bb-f528-4c67-b92c-6a670ddf0cd3', '25d17eab-bd46-441a-9167-1e5f200d28bd', 'F5', '2026-01-06T17:58:55.868074', '2026-01-06T17:58:55.868074');
INSERT INTO hall_seats (id, cinema_hall_id, seat_type_id, seat_code, created_at, updated_at) VALUES ('ec904871-83d2-448f-9afa-ed2ea44db047', 'b7a671bb-f528-4c67-b92c-6a670ddf0cd3', '25d17eab-bd46-441a-9167-1e5f200d28bd', 'F6', '2026-01-06T17:58:55.868093', '2026-01-06T17:58:55.868093');
INSERT INTO hall_seats (id, cinema_hall_id, seat_type_id, seat_code, created_at, updated_at) VALUES ('6655bead-0822-4de6-98ed-df227c763b8f', 'b7a671bb-f528-4c67-b92c-6a670ddf0cd3', '25d17eab-bd46-441a-9167-1e5f200d28bd', 'F7', '2026-01-06T17:58:55.868111', '2026-01-06T17:58:55.868111');
INSERT INTO hall_seats (id, cinema_hall_id, seat_type_id, seat_code, created_at, updated_at) VALUES ('8046772b-3cf4-4588-a283-d2d36cbd0e9f', 'b7a671bb-f528-4c67-b92c-6a670ddf0cd3', '25d17eab-bd46-441a-9167-1e5f200d28bd', 'F8', '2026-01-06T17:58:55.868127', '2026-01-06T17:58:55.868127');
INSERT INTO hall_seats (id, cinema_hall_id, seat_type_id, seat_code, created_at, updated_at) VALUES ('6884674f-7914-437c-86cb-ddf1742e43ee', 'b7a671bb-f528-4c67-b92c-6a670ddf0cd3', '09699c89-5a1d-4f52-b1d0-edecbc043c96', 'G1', '2026-01-06T17:58:55.868150', '2026-01-06T17:58:55.868150');
INSERT INTO hall_seats (id, cinema_hall_id, seat_type_id, seat_code, created_at, updated_at) VALUES ('dfda71b3-9310-46e9-860d-ba9f96f2fade', 'b7a671bb-f528-4c67-b92c-6a670ddf0cd3', '09699c89-5a1d-4f52-b1d0-edecbc043c96', 'G2', '2026-01-06T17:58:55.868176', '2026-01-06T17:58:55.868176');
INSERT INTO hall_seats (id, cinema_hall_id, seat_type_id, seat_code, created_at, updated_at) VALUES ('a8700b18-b0e4-452f-a965-720007683653', 'b7a671bb-f528-4c67-b92c-6a670ddf0cd3', '09699c89-5a1d-4f52-b1d0-edecbc043c96', 'G3', '2026-01-06T17:58:55.868203', '2026-01-06T17:58:55.868203');
INSERT INTO hall_seats (id, cinema_hall_id, seat_type_id, seat_code, created_at, updated_at) VALUES ('6da91b37-d43b-4704-9705-a479a077f817', 'b7a671bb-f528-4c67-b92c-6a670ddf0cd3', '09699c89-5a1d-4f52-b1d0-edecbc043c96', 'G4', '2026-01-06T17:58:55.868226', '2026-01-06T17:58:55.868226');
INSERT INTO hall_seats (id, cinema_hall_id, seat_type_id, seat_code, created_at, updated_at) VALUES ('08501d95-2dfa-4ee1-bec6-c1ac162d0766', 'b7a671bb-f528-4c67-b92c-6a670ddf0cd3', '09699c89-5a1d-4f52-b1d0-edecbc043c96', 'G5', '2026-01-06T17:58:55.868675', '2026-01-06T17:58:55.868675');
INSERT INTO hall_seats (id, cinema_hall_id, seat_type_id, seat_code, created_at, updated_at) VALUES ('7bde2c6d-a701-4c84-80bb-57e0dd16c376', 'b7a671bb-f528-4c67-b92c-6a670ddf0cd3', '09699c89-5a1d-4f52-b1d0-edecbc043c96', 'G6', '2026-01-06T17:58:55.868750', '2026-01-06T17:58:55.868750');
INSERT INTO hall_seats (id, cinema_hall_id, seat_type_id, seat_code, created_at, updated_at) VALUES ('06f243a7-876f-4588-affa-2f0e3f34688f', 'b7a671bb-f528-4c67-b92c-6a670ddf0cd3', '09699c89-5a1d-4f52-b1d0-edecbc043c96', 'G7', '2026-01-06T17:58:55.868822', '2026-01-06T17:58:55.868822');
INSERT INTO hall_seats (id, cinema_hall_id, seat_type_id, seat_code, created_at, updated_at) VALUES ('a28280e2-857b-47e4-a27f-fd45fa326c48', 'b7a671bb-f528-4c67-b92c-6a670ddf0cd3', '09699c89-5a1d-4f52-b1d0-edecbc043c96', 'G8', '2026-01-06T17:58:55.868870', '2026-01-06T17:58:55.868870');
INSERT INTO hall_seats (id, cinema_hall_id, seat_type_id, seat_code, created_at, updated_at) VALUES ('3bacd41e-c817-4cf5-a479-e072c5c916a5', 'b7a671bb-f528-4c67-b92c-6a670ddf0cd3', '09699c89-5a1d-4f52-b1d0-edecbc043c96', 'H1', '2026-01-06T17:58:55.868911', '2026-01-06T17:58:55.868911');
INSERT INTO hall_seats (id, cinema_hall_id, seat_type_id, seat_code, created_at, updated_at) VALUES ('f471746e-9415-4145-b9d6-c85bd562a61f', 'b7a671bb-f528-4c67-b92c-6a670ddf0cd3', '09699c89-5a1d-4f52-b1d0-edecbc043c96', 'H2', '2026-01-06T17:58:55.869223', '2026-01-06T17:58:55.869223');
INSERT INTO hall_seats (id, cinema_hall_id, seat_type_id, seat_code, created_at, updated_at) VALUES ('e6f938af-8b5f-4343-81b6-41dec6d1a862', 'b7a671bb-f528-4c67-b92c-6a670ddf0cd3', '09699c89-5a1d-4f52-b1d0-edecbc043c96', 'H3', '2026-01-06T17:58:55.869261', '2026-01-06T17:58:55.869261');
INSERT INTO hall_seats (id, cinema_hall_id, seat_type_id, seat_code, created_at, updated_at) VALUES ('223b977a-3838-4468-857c-6b886139ea9f', 'b7a671bb-f528-4c67-b92c-6a670ddf0cd3', '09699c89-5a1d-4f52-b1d0-edecbc043c96', 'H4', '2026-01-06T17:58:55.869287', '2026-01-06T17:58:55.869287');
INSERT INTO hall_seats (id, cinema_hall_id, seat_type_id, seat_code, created_at, updated_at) VALUES ('8559ea34-66db-4860-8655-8ae765daf247', 'b7a671bb-f528-4c67-b92c-6a670ddf0cd3', '09699c89-5a1d-4f52-b1d0-edecbc043c96', 'H5', '2026-01-06T17:58:55.869309', '2026-01-06T17:58:55.869309');
INSERT INTO hall_seats (id, cinema_hall_id, seat_type_id, seat_code, created_at, updated_at) VALUES ('14a9248a-a668-4d17-bf80-ab67744ba2a0', 'b7a671bb-f528-4c67-b92c-6a670ddf0cd3', '09699c89-5a1d-4f52-b1d0-edecbc043c96', 'H6', '2026-01-06T17:58:55.869333', '2026-01-06T17:58:55.869333');
INSERT INTO hall_seats (id, cinema_hall_id, seat_type_id, seat_code, created_at, updated_at) VALUES ('17b00a87-27e0-4790-aa01-9120662d2d29', 'b7a671bb-f528-4c67-b92c-6a670ddf0cd3', '09699c89-5a1d-4f52-b1d0-edecbc043c96', 'H7', '2026-01-06T17:58:55.869419', '2026-01-06T17:58:55.869419');
INSERT INTO hall_seats (id, cinema_hall_id, seat_type_id, seat_code, created_at, updated_at) VALUES ('74e12b04-6927-4739-a546-7a56c81e7272', 'b7a671bb-f528-4c67-b92c-6a670ddf0cd3', '09699c89-5a1d-4f52-b1d0-edecbc043c96', 'H8', '2026-01-06T17:58:55.869672', '2026-01-06T17:58:55.869672');
INSERT INTO hall_seats (id, cinema_hall_id, seat_type_id, seat_code, created_at, updated_at) VALUES ('7c053954-99bb-4aff-b9c9-4121c149f0c3', 'b7a671bb-f528-4c67-b92c-6a670ddf0cd3', 'eeaf9c60-1278-4496-a8b9-564901c1a9d4', 'I1-2', '2026-01-06T17:58:55.869716', '2026-01-06T17:58:55.869716');
INSERT INTO hall_seats (id, cinema_hall_id, seat_type_id, seat_code, created_at, updated_at) VALUES ('cf40c293-4dde-46b5-a654-d706350a6b8b', 'b7a671bb-f528-4c67-b92c-6a670ddf0cd3', 'eeaf9c60-1278-4496-a8b9-564901c1a9d4', 'I3-4', '2026-01-06T17:58:55.869754', '2026-01-06T17:58:55.869754');
INSERT INTO hall_seats (id, cinema_hall_id, seat_type_id, seat_code, created_at, updated_at) VALUES ('f0719291-3309-46f8-acbc-31726bd0139b', 'b7a671bb-f528-4c67-b92c-6a670ddf0cd3', 'eeaf9c60-1278-4496-a8b9-564901c1a9d4', 'I5-6', '2026-01-06T17:58:55.869828', '2026-01-06T17:58:55.869828');
INSERT INTO hall_seats (id, cinema_hall_id, seat_type_id, seat_code, created_at, updated_at) VALUES ('653de2d8-ecdf-4ec2-b862-791b55921e36', 'b7a671bb-f528-4c67-b92c-6a670ddf0cd3', 'eeaf9c60-1278-4496-a8b9-564901c1a9d4', 'I7-8', '2026-01-06T17:58:55.869867', '2026-01-06T17:58:55.869867');
INSERT INTO hall_seats (id, cinema_hall_id, seat_type_id, seat_code, created_at, updated_at) VALUES ('c49bbf86-db2a-4f44-b2b4-f56992462f93', '336818a7-3094-445d-af55-f3f1b72885de', '25d17eab-bd46-441a-9167-1e5f200d28bd', 'A1', '2026-01-06T17:58:55.869910', '2026-01-06T17:58:55.869910');
INSERT INTO hall_seats (id, cinema_hall_id, seat_type_id, seat_code, created_at, updated_at) VALUES ('307d48cd-5c71-4105-894d-3c0d5e2e4b21', '336818a7-3094-445d-af55-f3f1b72885de', '25d17eab-bd46-441a-9167-1e5f200d28bd', 'A2', '2026-01-06T17:58:55.869949', '2026-01-06T17:58:55.869949');
INSERT INTO hall_seats (id, cinema_hall_id, seat_type_id, seat_code, created_at, updated_at) VALUES ('ca1a4e50-175f-49b0-8473-ff0dd98c9549', '336818a7-3094-445d-af55-f3f1b72885de', '25d17eab-bd46-441a-9167-1e5f200d28bd', 'A3', '2026-01-06T17:58:55.869969', '2026-01-06T17:58:55.869969');
INSERT INTO hall_seats (id, cinema_hall_id, seat_type_id, seat_code, created_at, updated_at) VALUES ('69717d01-d0a4-42a0-b153-bc9c5f30c15e', '336818a7-3094-445d-af55-f3f1b72885de', '25d17eab-bd46-441a-9167-1e5f200d28bd', 'A4', '2026-01-06T17:58:55.869986', '2026-01-06T17:58:55.869986');
INSERT INTO hall_seats (id, cinema_hall_id, seat_type_id, seat_code, created_at, updated_at) VALUES ('850cc238-7900-4c3a-96d8-07c518e71f4f', '336818a7-3094-445d-af55-f3f1b72885de', '25d17eab-bd46-441a-9167-1e5f200d28bd', 'A5', '2026-01-06T17:58:55.870002', '2026-01-06T17:58:55.870002');
INSERT INTO hall_seats (id, cinema_hall_id, seat_type_id, seat_code, created_at, updated_at) VALUES ('f01843f7-6ab9-49df-82a6-585f1a31b596', '336818a7-3094-445d-af55-f3f1b72885de', '25d17eab-bd46-441a-9167-1e5f200d28bd', 'A6', '2026-01-06T17:58:55.870017', '2026-01-06T17:58:55.870017');
INSERT INTO hall_seats (id, cinema_hall_id, seat_type_id, seat_code, created_at, updated_at) VALUES ('67c5bf93-5430-4c01-8e32-2d35d655f3c2', '336818a7-3094-445d-af55-f3f1b72885de', '25d17eab-bd46-441a-9167-1e5f200d28bd', 'A7', '2026-01-06T17:58:55.870033', '2026-01-06T17:58:55.870033');
INSERT INTO hall_seats (id, cinema_hall_id, seat_type_id, seat_code, created_at, updated_at) VALUES ('e5110bc8-d87f-4514-ac85-3b199a5800c9', '336818a7-3094-445d-af55-f3f1b72885de', '25d17eab-bd46-441a-9167-1e5f200d28bd', 'A8', '2026-01-06T17:58:55.870057', '2026-01-06T17:58:55.870057');
INSERT INTO hall_seats (id, cinema_hall_id, seat_type_id, seat_code, created_at, updated_at) VALUES ('5f3c7e81-38d1-4c69-938f-a0cf18820fb7', '336818a7-3094-445d-af55-f3f1b72885de', '25d17eab-bd46-441a-9167-1e5f200d28bd', 'B1', '2026-01-06T17:58:55.870080', '2026-01-06T17:58:55.870080');
INSERT INTO hall_seats (id, cinema_hall_id, seat_type_id, seat_code, created_at, updated_at) VALUES ('9892b544-b5b0-4868-98fb-530b94ae9377', '336818a7-3094-445d-af55-f3f1b72885de', '25d17eab-bd46-441a-9167-1e5f200d28bd', 'B2', '2026-01-06T17:58:55.870097', '2026-01-06T17:58:55.870097');
INSERT INTO hall_seats (id, cinema_hall_id, seat_type_id, seat_code, created_at, updated_at) VALUES ('10f2c268-10ff-4cae-b099-1953f9dc49e4', '336818a7-3094-445d-af55-f3f1b72885de', '25d17eab-bd46-441a-9167-1e5f200d28bd', 'B3', '2026-01-06T17:58:55.870112', '2026-01-06T17:58:55.870112');
INSERT INTO hall_seats (id, cinema_hall_id, seat_type_id, seat_code, created_at, updated_at) VALUES ('ee61492e-411d-4e39-bcb5-cfa04eb1d4a8', '336818a7-3094-445d-af55-f3f1b72885de', '25d17eab-bd46-441a-9167-1e5f200d28bd', 'B4', '2026-01-06T17:58:55.870132', '2026-01-06T17:58:55.870132');
INSERT INTO hall_seats (id, cinema_hall_id, seat_type_id, seat_code, created_at, updated_at) VALUES ('6f50e727-cb82-4836-88e2-c3e1ba208d06', '336818a7-3094-445d-af55-f3f1b72885de', '25d17eab-bd46-441a-9167-1e5f200d28bd', 'B5', '2026-01-06T17:58:55.870147', '2026-01-06T17:58:55.870147');
INSERT INTO hall_seats (id, cinema_hall_id, seat_type_id, seat_code, created_at, updated_at) VALUES ('b826034d-50c0-452d-88d6-a8eb25fa186b', '336818a7-3094-445d-af55-f3f1b72885de', '25d17eab-bd46-441a-9167-1e5f200d28bd', 'B6', '2026-01-06T17:58:55.870161', '2026-01-06T17:58:55.870161');
INSERT INTO hall_seats (id, cinema_hall_id, seat_type_id, seat_code, created_at, updated_at) VALUES ('e6ccf349-af82-4c5f-afcb-897be44cfcc7', '336818a7-3094-445d-af55-f3f1b72885de', '25d17eab-bd46-441a-9167-1e5f200d28bd', 'B7', '2026-01-06T17:58:55.870175', '2026-01-06T17:58:55.870175');
INSERT INTO hall_seats (id, cinema_hall_id, seat_type_id, seat_code, created_at, updated_at) VALUES ('72fb0aba-a35b-4cbc-977d-53f4382c2f8f', '336818a7-3094-445d-af55-f3f1b72885de', '25d17eab-bd46-441a-9167-1e5f200d28bd', 'B8', '2026-01-06T17:58:55.870190', '2026-01-06T17:58:55.870190');
INSERT INTO hall_seats (id, cinema_hall_id, seat_type_id, seat_code, created_at, updated_at) VALUES ('b7130dd6-20d5-4c9e-8dfa-f7d39581ad8d', '336818a7-3094-445d-af55-f3f1b72885de', '25d17eab-bd46-441a-9167-1e5f200d28bd', 'C1', '2026-01-06T17:58:55.870207', '2026-01-06T17:58:55.870207');
INSERT INTO hall_seats (id, cinema_hall_id, seat_type_id, seat_code, created_at, updated_at) VALUES ('91c26402-282f-480e-8dbd-284026eb8d5b', '336818a7-3094-445d-af55-f3f1b72885de', '25d17eab-bd46-441a-9167-1e5f200d28bd', 'C2', '2026-01-06T17:58:55.870221', '2026-01-06T17:58:55.870221');
INSERT INTO hall_seats (id, cinema_hall_id, seat_type_id, seat_code, created_at, updated_at) VALUES ('e6b8b3ed-803b-4a00-a841-67328ed9749f', '336818a7-3094-445d-af55-f3f1b72885de', '25d17eab-bd46-441a-9167-1e5f200d28bd', 'C3', '2026-01-06T17:58:55.870235', '2026-01-06T17:58:55.870235');
INSERT INTO hall_seats (id, cinema_hall_id, seat_type_id, seat_code, created_at, updated_at) VALUES ('549af8b3-9fad-4227-9d84-b4049cd75d6e', '336818a7-3094-445d-af55-f3f1b72885de', '25d17eab-bd46-441a-9167-1e5f200d28bd', 'C4', '2026-01-06T17:58:55.870250', '2026-01-06T17:58:55.870250');
INSERT INTO hall_seats (id, cinema_hall_id, seat_type_id, seat_code, created_at, updated_at) VALUES ('04201c4b-e4c1-441a-b5c9-e83904b458b2', '336818a7-3094-445d-af55-f3f1b72885de', '25d17eab-bd46-441a-9167-1e5f200d28bd', 'C5', '2026-01-06T17:58:55.870268', '2026-01-06T17:58:55.870268');
INSERT INTO hall_seats (id, cinema_hall_id, seat_type_id, seat_code, created_at, updated_at) VALUES ('8a179665-6577-490c-8560-991d75263f8d', '336818a7-3094-445d-af55-f3f1b72885de', '25d17eab-bd46-441a-9167-1e5f200d28bd', 'C6', '2026-01-06T17:58:55.870285', '2026-01-06T17:58:55.870285');
INSERT INTO hall_seats (id, cinema_hall_id, seat_type_id, seat_code, created_at, updated_at) VALUES ('9887b061-08e3-4920-8c98-a414620eef80', '336818a7-3094-445d-af55-f3f1b72885de', '25d17eab-bd46-441a-9167-1e5f200d28bd', 'C7', '2026-01-06T17:58:55.870300', '2026-01-06T17:58:55.870300');
INSERT INTO hall_seats (id, cinema_hall_id, seat_type_id, seat_code, created_at, updated_at) VALUES ('95285385-7559-467f-888d-c22d6cf38ec7', '336818a7-3094-445d-af55-f3f1b72885de', '25d17eab-bd46-441a-9167-1e5f200d28bd', 'C8', '2026-01-06T17:58:55.870317', '2026-01-06T17:58:55.870317');
INSERT INTO hall_seats (id, cinema_hall_id, seat_type_id, seat_code, created_at, updated_at) VALUES ('4976bc33-bee2-4a92-baa1-f9165f8efdb1', '336818a7-3094-445d-af55-f3f1b72885de', '25d17eab-bd46-441a-9167-1e5f200d28bd', 'D1', '2026-01-06T17:58:55.870334', '2026-01-06T17:58:55.870334');
INSERT INTO hall_seats (id, cinema_hall_id, seat_type_id, seat_code, created_at, updated_at) VALUES ('c2f5b6cc-7d29-44c7-afed-ad8b63d5d203', '336818a7-3094-445d-af55-f3f1b72885de', '25d17eab-bd46-441a-9167-1e5f200d28bd', 'D2', '2026-01-06T17:58:55.870348', '2026-01-06T17:58:55.870348');
INSERT INTO hall_seats (id, cinema_hall_id, seat_type_id, seat_code, created_at, updated_at) VALUES ('a6e8434a-b881-43af-9e67-584a2e2ac7a0', '336818a7-3094-445d-af55-f3f1b72885de', '25d17eab-bd46-441a-9167-1e5f200d28bd', 'D3', '2026-01-06T17:58:55.870363', '2026-01-06T17:58:55.870363');
INSERT INTO hall_seats (id, cinema_hall_id, seat_type_id, seat_code, created_at, updated_at) VALUES ('d07c9ab1-7794-4306-a9a6-968ae0ebda14', '336818a7-3094-445d-af55-f3f1b72885de', '25d17eab-bd46-441a-9167-1e5f200d28bd', 'D4', '2026-01-06T17:58:55.870377', '2026-01-06T17:58:55.870377');
INSERT INTO hall_seats (id, cinema_hall_id, seat_type_id, seat_code, created_at, updated_at) VALUES ('3d14a8c5-6166-47cc-a10c-ae9b6233dcc6', '336818a7-3094-445d-af55-f3f1b72885de', '25d17eab-bd46-441a-9167-1e5f200d28bd', 'D5', '2026-01-06T17:58:55.870391', '2026-01-06T17:58:55.870391');
INSERT INTO hall_seats (id, cinema_hall_id, seat_type_id, seat_code, created_at, updated_at) VALUES ('1c242815-896a-4bf7-a5af-0b000188831d', '336818a7-3094-445d-af55-f3f1b72885de', '25d17eab-bd46-441a-9167-1e5f200d28bd', 'D6', '2026-01-06T17:58:55.870405', '2026-01-06T17:58:55.870405');
INSERT INTO hall_seats (id, cinema_hall_id, seat_type_id, seat_code, created_at, updated_at) VALUES ('c38a3a48-83f2-4543-b7ab-de251542bd9d', '336818a7-3094-445d-af55-f3f1b72885de', '25d17eab-bd46-441a-9167-1e5f200d28bd', 'D7', '2026-01-06T17:58:55.870419', '2026-01-06T17:58:55.870419');
INSERT INTO hall_seats (id, cinema_hall_id, seat_type_id, seat_code, created_at, updated_at) VALUES ('8f745386-6469-4b1b-9f2d-4bf68e7e432a', '336818a7-3094-445d-af55-f3f1b72885de', '25d17eab-bd46-441a-9167-1e5f200d28bd', 'D8', '2026-01-06T17:58:55.870433', '2026-01-06T17:58:55.870433');
INSERT INTO hall_seats (id, cinema_hall_id, seat_type_id, seat_code, created_at, updated_at) VALUES ('6fb7d710-69f3-4a85-a671-6cd4bff082a7', '336818a7-3094-445d-af55-f3f1b72885de', '25d17eab-bd46-441a-9167-1e5f200d28bd', 'E1', '2026-01-06T17:58:55.870450', '2026-01-06T17:58:55.870450');
INSERT INTO hall_seats (id, cinema_hall_id, seat_type_id, seat_code, created_at, updated_at) VALUES ('4a0d412e-ce6e-4976-b715-c711af6c37ac', '336818a7-3094-445d-af55-f3f1b72885de', '25d17eab-bd46-441a-9167-1e5f200d28bd', 'E2', '2026-01-06T17:58:55.870465', '2026-01-06T17:58:55.870465');
INSERT INTO hall_seats (id, cinema_hall_id, seat_type_id, seat_code, created_at, updated_at) VALUES ('369cb91a-6fea-4041-b7c3-b57ccaa6e63a', '336818a7-3094-445d-af55-f3f1b72885de', '25d17eab-bd46-441a-9167-1e5f200d28bd', 'E3', '2026-01-06T17:58:55.870479', '2026-01-06T17:58:55.870479');
INSERT INTO hall_seats (id, cinema_hall_id, seat_type_id, seat_code, created_at, updated_at) VALUES ('4afcd9d2-f23b-4058-a7bc-17e5e0059721', '336818a7-3094-445d-af55-f3f1b72885de', '25d17eab-bd46-441a-9167-1e5f200d28bd', 'E4', '2026-01-06T17:58:55.870496', '2026-01-06T17:58:55.870496');
INSERT INTO hall_seats (id, cinema_hall_id, seat_type_id, seat_code, created_at, updated_at) VALUES ('0ee49517-05d1-4469-b772-8d0377f51c51', '336818a7-3094-445d-af55-f3f1b72885de', '25d17eab-bd46-441a-9167-1e5f200d28bd', 'E5', '2026-01-06T17:58:55.870511', '2026-01-06T17:58:55.870511');
INSERT INTO hall_seats (id, cinema_hall_id, seat_type_id, seat_code, created_at, updated_at) VALUES ('fca43f0c-03a4-4882-953c-3ba28dc458b1', '336818a7-3094-445d-af55-f3f1b72885de', '25d17eab-bd46-441a-9167-1e5f200d28bd', 'E6', '2026-01-06T17:58:55.870525', '2026-01-06T17:58:55.870525');
INSERT INTO hall_seats (id, cinema_hall_id, seat_type_id, seat_code, created_at, updated_at) VALUES ('3cb70780-e3bb-4158-b054-88465752ac74', '336818a7-3094-445d-af55-f3f1b72885de', '25d17eab-bd46-441a-9167-1e5f200d28bd', 'E7', '2026-01-06T17:58:55.870539', '2026-01-06T17:58:55.870539');
INSERT INTO hall_seats (id, cinema_hall_id, seat_type_id, seat_code, created_at, updated_at) VALUES ('e51b420c-2897-4d88-a7bb-8bb378a449f4', '336818a7-3094-445d-af55-f3f1b72885de', '25d17eab-bd46-441a-9167-1e5f200d28bd', 'E8', '2026-01-06T17:58:55.870553', '2026-01-06T17:58:55.870553');
INSERT INTO hall_seats (id, cinema_hall_id, seat_type_id, seat_code, created_at, updated_at) VALUES ('be92f536-4e9e-4901-b5b5-d6f7aec05e3e', '336818a7-3094-445d-af55-f3f1b72885de', '25d17eab-bd46-441a-9167-1e5f200d28bd', 'F1', '2026-01-06T17:58:55.870570', '2026-01-06T17:58:55.870570');
INSERT INTO hall_seats (id, cinema_hall_id, seat_type_id, seat_code, created_at, updated_at) VALUES ('4451adaf-bae9-4089-aa29-434b7b223776', '336818a7-3094-445d-af55-f3f1b72885de', '25d17eab-bd46-441a-9167-1e5f200d28bd', 'F2', '2026-01-06T17:58:55.870584', '2026-01-06T17:58:55.870584');
INSERT INTO hall_seats (id, cinema_hall_id, seat_type_id, seat_code, created_at, updated_at) VALUES ('461d67a8-8909-4431-bf63-9792e27847b2', '336818a7-3094-445d-af55-f3f1b72885de', '25d17eab-bd46-441a-9167-1e5f200d28bd', 'F3', '2026-01-06T17:58:55.870599', '2026-01-06T17:58:55.870599');
INSERT INTO hall_seats (id, cinema_hall_id, seat_type_id, seat_code, created_at, updated_at) VALUES ('1fe7a935-a1f4-4af2-9263-861f30821e5b', '336818a7-3094-445d-af55-f3f1b72885de', '25d17eab-bd46-441a-9167-1e5f200d28bd', 'F4', '2026-01-06T17:58:55.870613', '2026-01-06T17:58:55.870613');
INSERT INTO hall_seats (id, cinema_hall_id, seat_type_id, seat_code, created_at, updated_at) VALUES ('a4e6ec19-5d90-411c-8899-37b74980fd2e', '336818a7-3094-445d-af55-f3f1b72885de', '25d17eab-bd46-441a-9167-1e5f200d28bd', 'F5', '2026-01-06T17:58:55.870627', '2026-01-06T17:58:55.870627');
INSERT INTO hall_seats (id, cinema_hall_id, seat_type_id, seat_code, created_at, updated_at) VALUES ('2163b26f-2f25-42a0-bc72-d57d901c394b', '336818a7-3094-445d-af55-f3f1b72885de', '25d17eab-bd46-441a-9167-1e5f200d28bd', 'F6', '2026-01-06T17:58:55.870641', '2026-01-06T17:58:55.870641');
INSERT INTO hall_seats (id, cinema_hall_id, seat_type_id, seat_code, created_at, updated_at) VALUES ('8bedfe66-2853-435b-b4c6-f7813f744566', '336818a7-3094-445d-af55-f3f1b72885de', '25d17eab-bd46-441a-9167-1e5f200d28bd', 'F7', '2026-01-06T17:58:55.870655', '2026-01-06T17:58:55.870655');
INSERT INTO hall_seats (id, cinema_hall_id, seat_type_id, seat_code, created_at, updated_at) VALUES ('5748aac9-e336-401d-8b3a-b494afe9272d', '336818a7-3094-445d-af55-f3f1b72885de', '25d17eab-bd46-441a-9167-1e5f200d28bd', 'F8', '2026-01-06T17:58:55.870673', '2026-01-06T17:58:55.870673');
INSERT INTO hall_seats (id, cinema_hall_id, seat_type_id, seat_code, created_at, updated_at) VALUES ('71eb113c-0bce-4d77-89b4-2498c769c035', '336818a7-3094-445d-af55-f3f1b72885de', '09699c89-5a1d-4f52-b1d0-edecbc043c96', 'G1', '2026-01-06T17:58:55.870690', '2026-01-06T17:58:55.870690');
INSERT INTO hall_seats (id, cinema_hall_id, seat_type_id, seat_code, created_at, updated_at) VALUES ('8457de39-7994-4745-930c-a19b6bae475e', '336818a7-3094-445d-af55-f3f1b72885de', '09699c89-5a1d-4f52-b1d0-edecbc043c96', 'G2', '2026-01-06T17:58:55.870707', '2026-01-06T17:58:55.870707');
INSERT INTO hall_seats (id, cinema_hall_id, seat_type_id, seat_code, created_at, updated_at) VALUES ('8afcd29a-9660-446f-a6d9-03c1bb95b2ce', '336818a7-3094-445d-af55-f3f1b72885de', '09699c89-5a1d-4f52-b1d0-edecbc043c96', 'G3', '2026-01-06T17:58:55.870722', '2026-01-06T17:58:55.870722');
INSERT INTO hall_seats (id, cinema_hall_id, seat_type_id, seat_code, created_at, updated_at) VALUES ('69d46acc-500c-43aa-944c-dd57ce5487fb', '336818a7-3094-445d-af55-f3f1b72885de', '09699c89-5a1d-4f52-b1d0-edecbc043c96', 'G4', '2026-01-06T17:58:55.870736', '2026-01-06T17:58:55.870736');
INSERT INTO hall_seats (id, cinema_hall_id, seat_type_id, seat_code, created_at, updated_at) VALUES ('9f6cbc1c-a660-452f-a4c9-f7a01f948305', '336818a7-3094-445d-af55-f3f1b72885de', '09699c89-5a1d-4f52-b1d0-edecbc043c96', 'G5', '2026-01-06T17:58:55.870750', '2026-01-06T17:58:55.870750');
INSERT INTO hall_seats (id, cinema_hall_id, seat_type_id, seat_code, created_at, updated_at) VALUES ('6d8e230b-e067-4c2e-a4ad-98ea9263b59d', '336818a7-3094-445d-af55-f3f1b72885de', '09699c89-5a1d-4f52-b1d0-edecbc043c96', 'G6', '2026-01-06T17:58:55.870767', '2026-01-06T17:58:55.870767');
INSERT INTO hall_seats (id, cinema_hall_id, seat_type_id, seat_code, created_at, updated_at) VALUES ('cc0f0107-148c-49a9-b7a1-58f1066fd3ff', '336818a7-3094-445d-af55-f3f1b72885de', '09699c89-5a1d-4f52-b1d0-edecbc043c96', 'G7', '2026-01-06T17:58:55.870782', '2026-01-06T17:58:55.870782');
INSERT INTO hall_seats (id, cinema_hall_id, seat_type_id, seat_code, created_at, updated_at) VALUES ('04cd9cb2-839b-4338-8113-c696b29290d2', '336818a7-3094-445d-af55-f3f1b72885de', '09699c89-5a1d-4f52-b1d0-edecbc043c96', 'G8', '2026-01-06T17:58:55.870796', '2026-01-06T17:58:55.870796');
INSERT INTO hall_seats (id, cinema_hall_id, seat_type_id, seat_code, created_at, updated_at) VALUES ('22a0b243-79f2-463c-8aa0-c888b9fbf49a', '336818a7-3094-445d-af55-f3f1b72885de', '09699c89-5a1d-4f52-b1d0-edecbc043c96', 'H1', '2026-01-06T17:58:55.870813', '2026-01-06T17:58:55.870813');
INSERT INTO hall_seats (id, cinema_hall_id, seat_type_id, seat_code, created_at, updated_at) VALUES ('6d2940d4-8e06-4c6a-b166-42b3b81c15fb', '336818a7-3094-445d-af55-f3f1b72885de', '09699c89-5a1d-4f52-b1d0-edecbc043c96', 'H2', '2026-01-06T17:58:55.870827', '2026-01-06T17:58:55.870827');
INSERT INTO hall_seats (id, cinema_hall_id, seat_type_id, seat_code, created_at, updated_at) VALUES ('61d477bc-6564-4a5a-b0aa-535d68e1639b', '336818a7-3094-445d-af55-f3f1b72885de', '09699c89-5a1d-4f52-b1d0-edecbc043c96', 'H3', '2026-01-06T17:58:55.870841', '2026-01-06T17:58:55.870841');
INSERT INTO hall_seats (id, cinema_hall_id, seat_type_id, seat_code, created_at, updated_at) VALUES ('3b1c681a-0a12-4342-9f6e-1ee841912e74', '336818a7-3094-445d-af55-f3f1b72885de', '09699c89-5a1d-4f52-b1d0-edecbc043c96', 'H4', '2026-01-06T17:58:55.870859', '2026-01-06T17:58:55.870859');
INSERT INTO hall_seats (id, cinema_hall_id, seat_type_id, seat_code, created_at, updated_at) VALUES ('52c17957-c33d-4fa5-a345-943976587299', '336818a7-3094-445d-af55-f3f1b72885de', '09699c89-5a1d-4f52-b1d0-edecbc043c96', 'H5', '2026-01-06T17:58:55.870873', '2026-01-06T17:58:55.870873');
INSERT INTO hall_seats (id, cinema_hall_id, seat_type_id, seat_code, created_at, updated_at) VALUES ('56846af4-39de-44a2-8b24-6e7c097f707f', '336818a7-3094-445d-af55-f3f1b72885de', '09699c89-5a1d-4f52-b1d0-edecbc043c96', 'H6', '2026-01-06T17:58:55.870887', '2026-01-06T17:58:55.870887');
INSERT INTO hall_seats (id, cinema_hall_id, seat_type_id, seat_code, created_at, updated_at) VALUES ('9b3eafa4-5d44-4987-abf5-bb2d9c7c236e', '336818a7-3094-445d-af55-f3f1b72885de', '09699c89-5a1d-4f52-b1d0-edecbc043c96', 'H7', '2026-01-06T17:58:55.870904', '2026-01-06T17:58:55.870904');
INSERT INTO hall_seats (id, cinema_hall_id, seat_type_id, seat_code, created_at, updated_at) VALUES ('2cb17448-9f80-4450-92c5-eda5ab1ffe28', '336818a7-3094-445d-af55-f3f1b72885de', '09699c89-5a1d-4f52-b1d0-edecbc043c96', 'H8', '2026-01-06T17:58:55.870919', '2026-01-06T17:58:55.870919');
INSERT INTO hall_seats (id, cinema_hall_id, seat_type_id, seat_code, created_at, updated_at) VALUES ('71437198-87b8-4dca-9e98-7114a5462bcc', '336818a7-3094-445d-af55-f3f1b72885de', 'eeaf9c60-1278-4496-a8b9-564901c1a9d4', 'I1-2', '2026-01-06T17:58:55.870936', '2026-01-06T17:58:55.870936');
INSERT INTO hall_seats (id, cinema_hall_id, seat_type_id, seat_code, created_at, updated_at) VALUES ('6ec1b6c7-62ea-423c-acad-85b22b92a399', '336818a7-3094-445d-af55-f3f1b72885de', 'eeaf9c60-1278-4496-a8b9-564901c1a9d4', 'I3-4', '2026-01-06T17:58:55.870950', '2026-01-06T17:58:55.870950');
INSERT INTO hall_seats (id, cinema_hall_id, seat_type_id, seat_code, created_at, updated_at) VALUES ('419ff81c-1b08-4857-a473-02376a983dbd', '336818a7-3094-445d-af55-f3f1b72885de', 'eeaf9c60-1278-4496-a8b9-564901c1a9d4', 'I5-6', '2026-01-06T17:58:55.870965', '2026-01-06T17:58:55.870965');
INSERT INTO hall_seats (id, cinema_hall_id, seat_type_id, seat_code, created_at, updated_at) VALUES ('803481e3-4caa-4496-8fbc-57ac2d41ac88', '336818a7-3094-445d-af55-f3f1b72885de', 'eeaf9c60-1278-4496-a8b9-564901c1a9d4', 'I7-8', '2026-01-06T17:58:55.870979', '2026-01-06T17:58:55.870979');
INSERT INTO hall_seats (id, cinema_hall_id, seat_type_id, seat_code, created_at, updated_at) VALUES ('ec4668c4-17b1-40da-8003-5e6617ddd589', '1093090e-e74e-4500-ab60-3fd38a89f11b', '25d17eab-bd46-441a-9167-1e5f200d28bd', 'A1', '2026-01-06T17:58:55.870995', '2026-01-06T17:58:55.870995');
INSERT INTO hall_seats (id, cinema_hall_id, seat_type_id, seat_code, created_at, updated_at) VALUES ('d9b33fde-900e-4846-b58e-e687af305a43', '1093090e-e74e-4500-ab60-3fd38a89f11b', '25d17eab-bd46-441a-9167-1e5f200d28bd', 'A2', '2026-01-06T17:58:55.871009', '2026-01-06T17:58:55.871009');
INSERT INTO hall_seats (id, cinema_hall_id, seat_type_id, seat_code, created_at, updated_at) VALUES ('5c701ad2-b40d-4858-8830-53a30b1bc09a', '1093090e-e74e-4500-ab60-3fd38a89f11b', '25d17eab-bd46-441a-9167-1e5f200d28bd', 'A3', '2026-01-06T17:58:55.871023', '2026-01-06T17:58:55.871023');
INSERT INTO hall_seats (id, cinema_hall_id, seat_type_id, seat_code, created_at, updated_at) VALUES ('1ae5e000-c41f-4d13-8e16-27e1525b75ff', '1093090e-e74e-4500-ab60-3fd38a89f11b', '25d17eab-bd46-441a-9167-1e5f200d28bd', 'A4', '2026-01-06T17:58:55.871042', '2026-01-06T17:58:55.871042');
INSERT INTO hall_seats (id, cinema_hall_id, seat_type_id, seat_code, created_at, updated_at) VALUES ('67b55b52-2e41-40fb-9081-1041362aecaf', '1093090e-e74e-4500-ab60-3fd38a89f11b', '25d17eab-bd46-441a-9167-1e5f200d28bd', 'A5', '2026-01-06T17:58:55.871083', '2026-01-06T17:58:55.871083');
INSERT INTO hall_seats (id, cinema_hall_id, seat_type_id, seat_code, created_at, updated_at) VALUES ('30212785-4816-4a25-a471-2029bd30f77e', '1093090e-e74e-4500-ab60-3fd38a89f11b', '25d17eab-bd46-441a-9167-1e5f200d28bd', 'A6', '2026-01-06T17:58:55.871105', '2026-01-06T17:58:55.871105');
INSERT INTO hall_seats (id, cinema_hall_id, seat_type_id, seat_code, created_at, updated_at) VALUES ('6d405ee7-c9a5-40bb-9135-dec766f31780', '1093090e-e74e-4500-ab60-3fd38a89f11b', '25d17eab-bd46-441a-9167-1e5f200d28bd', 'A7', '2026-01-06T17:58:55.871120', '2026-01-06T17:58:55.871120');
INSERT INTO hall_seats (id, cinema_hall_id, seat_type_id, seat_code, created_at, updated_at) VALUES ('1257b3bb-6e00-4b4c-934f-cb8b5e136287', '1093090e-e74e-4500-ab60-3fd38a89f11b', '25d17eab-bd46-441a-9167-1e5f200d28bd', 'A8', '2026-01-06T17:58:55.871134', '2026-01-06T17:58:55.871134');
INSERT INTO hall_seats (id, cinema_hall_id, seat_type_id, seat_code, created_at, updated_at) VALUES ('9fbdfc03-aeaf-4357-9a78-5292d7bed33b', '1093090e-e74e-4500-ab60-3fd38a89f11b', '25d17eab-bd46-441a-9167-1e5f200d28bd', 'B1', '2026-01-06T17:58:55.871149', '2026-01-06T17:58:55.871149');
INSERT INTO hall_seats (id, cinema_hall_id, seat_type_id, seat_code, created_at, updated_at) VALUES ('a42df423-7177-4d0a-9228-39dcb02770f7', '1093090e-e74e-4500-ab60-3fd38a89f11b', '25d17eab-bd46-441a-9167-1e5f200d28bd', 'B2', '2026-01-06T17:58:55.871163', '2026-01-06T17:58:55.871163');
INSERT INTO hall_seats (id, cinema_hall_id, seat_type_id, seat_code, created_at, updated_at) VALUES ('4d4eb4aa-df3f-4b21-9d04-864c18396a8f', '1093090e-e74e-4500-ab60-3fd38a89f11b', '25d17eab-bd46-441a-9167-1e5f200d28bd', 'B3', '2026-01-06T17:58:55.871177', '2026-01-06T17:58:55.871177');
INSERT INTO hall_seats (id, cinema_hall_id, seat_type_id, seat_code, created_at, updated_at) VALUES ('764c75ed-4c8a-4149-994d-d0edd4385835', '1093090e-e74e-4500-ab60-3fd38a89f11b', '25d17eab-bd46-441a-9167-1e5f200d28bd', 'B4', '2026-01-06T17:58:55.871191', '2026-01-06T17:58:55.871191');
INSERT INTO hall_seats (id, cinema_hall_id, seat_type_id, seat_code, created_at, updated_at) VALUES ('a1c4a727-b3e2-4b51-a6ea-757fc1180ac9', '1093090e-e74e-4500-ab60-3fd38a89f11b', '25d17eab-bd46-441a-9167-1e5f200d28bd', 'B5', '2026-01-06T17:58:55.871217', '2026-01-06T17:58:55.871217');
INSERT INTO hall_seats (id, cinema_hall_id, seat_type_id, seat_code, created_at, updated_at) VALUES ('2a2f373c-e8c8-4652-82f3-58b1042453c8', '1093090e-e74e-4500-ab60-3fd38a89f11b', '25d17eab-bd46-441a-9167-1e5f200d28bd', 'B6', '2026-01-06T17:58:55.871234', '2026-01-06T17:58:55.871234');
INSERT INTO hall_seats (id, cinema_hall_id, seat_type_id, seat_code, created_at, updated_at) VALUES ('f556c6f4-f9b8-4234-ae86-7c6dfc9c5bac', '1093090e-e74e-4500-ab60-3fd38a89f11b', '25d17eab-bd46-441a-9167-1e5f200d28bd', 'B7', '2026-01-06T17:58:55.871248', '2026-01-06T17:58:55.871248');
INSERT INTO hall_seats (id, cinema_hall_id, seat_type_id, seat_code, created_at, updated_at) VALUES ('8bdbade3-30c8-4fc6-b77d-5192e0186aaa', '1093090e-e74e-4500-ab60-3fd38a89f11b', '25d17eab-bd46-441a-9167-1e5f200d28bd', 'B8', '2026-01-06T17:58:55.871266', '2026-01-06T17:58:55.871266');
INSERT INTO hall_seats (id, cinema_hall_id, seat_type_id, seat_code, created_at, updated_at) VALUES ('6536b507-9432-4f34-84fd-f540beb1aabf', '1093090e-e74e-4500-ab60-3fd38a89f11b', '25d17eab-bd46-441a-9167-1e5f200d28bd', 'C1', '2026-01-06T17:58:55.871281', '2026-01-06T17:58:55.871281');
INSERT INTO hall_seats (id, cinema_hall_id, seat_type_id, seat_code, created_at, updated_at) VALUES ('6875c986-6b1d-4a7d-94a2-be7e535207ca', '1093090e-e74e-4500-ab60-3fd38a89f11b', '25d17eab-bd46-441a-9167-1e5f200d28bd', 'C2', '2026-01-06T17:58:55.871298', '2026-01-06T17:58:55.871298');
INSERT INTO hall_seats (id, cinema_hall_id, seat_type_id, seat_code, created_at, updated_at) VALUES ('944d7a28-919f-43a6-b223-8a356949b212', '1093090e-e74e-4500-ab60-3fd38a89f11b', '25d17eab-bd46-441a-9167-1e5f200d28bd', 'C3', '2026-01-06T17:58:55.871313', '2026-01-06T17:58:55.871313');
INSERT INTO hall_seats (id, cinema_hall_id, seat_type_id, seat_code, created_at, updated_at) VALUES ('8c9a25a6-f83f-4cb9-9b5f-20f891bb5b1d', '1093090e-e74e-4500-ab60-3fd38a89f11b', '25d17eab-bd46-441a-9167-1e5f200d28bd', 'C4', '2026-01-06T17:58:55.871330', '2026-01-06T17:58:55.871330');
INSERT INTO hall_seats (id, cinema_hall_id, seat_type_id, seat_code, created_at, updated_at) VALUES ('0e936e71-aaca-48e4-a94f-3866f722ffb0', '1093090e-e74e-4500-ab60-3fd38a89f11b', '25d17eab-bd46-441a-9167-1e5f200d28bd', 'C5', '2026-01-06T17:58:55.871347', '2026-01-06T17:58:55.871347');
INSERT INTO hall_seats (id, cinema_hall_id, seat_type_id, seat_code, created_at, updated_at) VALUES ('9fe4178d-e004-49fa-b430-56da671c3eec', '1093090e-e74e-4500-ab60-3fd38a89f11b', '25d17eab-bd46-441a-9167-1e5f200d28bd', 'C6', '2026-01-06T17:58:55.871361', '2026-01-06T17:58:55.871361');
INSERT INTO hall_seats (id, cinema_hall_id, seat_type_id, seat_code, created_at, updated_at) VALUES ('fd7f3b32-f77c-4ee7-b4c7-62537d9c3002', '1093090e-e74e-4500-ab60-3fd38a89f11b', '25d17eab-bd46-441a-9167-1e5f200d28bd', 'C7', '2026-01-06T17:58:55.871375', '2026-01-06T17:58:55.871375');
INSERT INTO hall_seats (id, cinema_hall_id, seat_type_id, seat_code, created_at, updated_at) VALUES ('3efcd943-46bf-4a19-8e38-7bf81fcea4dc', '1093090e-e74e-4500-ab60-3fd38a89f11b', '25d17eab-bd46-441a-9167-1e5f200d28bd', 'C8', '2026-01-06T17:58:55.871390', '2026-01-06T17:58:55.871390');
INSERT INTO hall_seats (id, cinema_hall_id, seat_type_id, seat_code, created_at, updated_at) VALUES ('f86b7ce1-17cf-4a3a-8dd3-4eae0fbe929d', '1093090e-e74e-4500-ab60-3fd38a89f11b', '25d17eab-bd46-441a-9167-1e5f200d28bd', 'D1', '2026-01-06T17:58:55.871404', '2026-01-06T17:58:55.871404');
INSERT INTO hall_seats (id, cinema_hall_id, seat_type_id, seat_code, created_at, updated_at) VALUES ('8cc5e893-265d-4394-9ee1-216284e8cfba', '1093090e-e74e-4500-ab60-3fd38a89f11b', '25d17eab-bd46-441a-9167-1e5f200d28bd', 'D2', '2026-01-06T17:58:55.871418', '2026-01-06T17:58:55.871418');
INSERT INTO hall_seats (id, cinema_hall_id, seat_type_id, seat_code, created_at, updated_at) VALUES ('636e9b8a-3260-4cf5-b1a4-ed142669f234', '1093090e-e74e-4500-ab60-3fd38a89f11b', '25d17eab-bd46-441a-9167-1e5f200d28bd', 'D3', '2026-01-06T17:58:55.871432', '2026-01-06T17:58:55.871432');
INSERT INTO hall_seats (id, cinema_hall_id, seat_type_id, seat_code, created_at, updated_at) VALUES ('2faeff22-22ea-4f9d-9a1d-6394feaac249', '1093090e-e74e-4500-ab60-3fd38a89f11b', '25d17eab-bd46-441a-9167-1e5f200d28bd', 'D4', '2026-01-06T17:58:55.871450', '2026-01-06T17:58:55.871450');
INSERT INTO hall_seats (id, cinema_hall_id, seat_type_id, seat_code, created_at, updated_at) VALUES ('973dafc0-162d-4e10-bc37-03ba3739e55a', '1093090e-e74e-4500-ab60-3fd38a89f11b', '25d17eab-bd46-441a-9167-1e5f200d28bd', 'D5', '2026-01-06T17:58:55.871466', '2026-01-06T17:58:55.871466');
INSERT INTO hall_seats (id, cinema_hall_id, seat_type_id, seat_code, created_at, updated_at) VALUES ('dd1820c1-404c-4ea9-93b5-30c7798b8640', '1093090e-e74e-4500-ab60-3fd38a89f11b', '25d17eab-bd46-441a-9167-1e5f200d28bd', 'D6', '2026-01-06T17:58:55.871481', '2026-01-06T17:58:55.871481');
INSERT INTO hall_seats (id, cinema_hall_id, seat_type_id, seat_code, created_at, updated_at) VALUES ('c4aad547-4c00-41e6-89f0-903398716086', '1093090e-e74e-4500-ab60-3fd38a89f11b', '25d17eab-bd46-441a-9167-1e5f200d28bd', 'D7', '2026-01-06T17:58:55.871495', '2026-01-06T17:58:55.871495');
INSERT INTO hall_seats (id, cinema_hall_id, seat_type_id, seat_code, created_at, updated_at) VALUES ('0b92fe39-bb92-4c89-80df-fa9be6f61516', '1093090e-e74e-4500-ab60-3fd38a89f11b', '25d17eab-bd46-441a-9167-1e5f200d28bd', 'D8', '2026-01-06T17:58:55.871509', '2026-01-06T17:58:55.871509');
INSERT INTO hall_seats (id, cinema_hall_id, seat_type_id, seat_code, created_at, updated_at) VALUES ('c5a427a5-3670-4b98-a970-d5df94410c46', '1093090e-e74e-4500-ab60-3fd38a89f11b', '25d17eab-bd46-441a-9167-1e5f200d28bd', 'E1', '2026-01-06T17:58:55.871524', '2026-01-06T17:58:55.871524');
INSERT INTO hall_seats (id, cinema_hall_id, seat_type_id, seat_code, created_at, updated_at) VALUES ('0fd8a7e3-8653-4283-a839-2923fba93f7f', '1093090e-e74e-4500-ab60-3fd38a89f11b', '25d17eab-bd46-441a-9167-1e5f200d28bd', 'E2', '2026-01-06T17:58:55.871538', '2026-01-06T17:58:55.871538');
INSERT INTO hall_seats (id, cinema_hall_id, seat_type_id, seat_code, created_at, updated_at) VALUES ('138cd067-f149-404a-805c-ccca2491fc4e', '1093090e-e74e-4500-ab60-3fd38a89f11b', '25d17eab-bd46-441a-9167-1e5f200d28bd', 'E3', '2026-01-06T17:58:55.871552', '2026-01-06T17:58:55.871552');
INSERT INTO hall_seats (id, cinema_hall_id, seat_type_id, seat_code, created_at, updated_at) VALUES ('4af24027-4040-4234-a767-c7bf6bb25c7e', '1093090e-e74e-4500-ab60-3fd38a89f11b', '25d17eab-bd46-441a-9167-1e5f200d28bd', 'E4', '2026-01-06T17:58:55.871566', '2026-01-06T17:58:55.871566');
INSERT INTO hall_seats (id, cinema_hall_id, seat_type_id, seat_code, created_at, updated_at) VALUES ('10710af3-a249-40a9-b361-7804bbafe0c4', '1093090e-e74e-4500-ab60-3fd38a89f11b', '25d17eab-bd46-441a-9167-1e5f200d28bd', 'E5', '2026-01-06T17:58:55.871582', '2026-01-06T17:58:55.871582');
INSERT INTO hall_seats (id, cinema_hall_id, seat_type_id, seat_code, created_at, updated_at) VALUES ('3aba26d6-9291-49fe-b63d-7a12378448c0', '1093090e-e74e-4500-ab60-3fd38a89f11b', '25d17eab-bd46-441a-9167-1e5f200d28bd', 'E6', '2026-01-06T17:58:55.871597', '2026-01-06T17:58:55.871597');
INSERT INTO hall_seats (id, cinema_hall_id, seat_type_id, seat_code, created_at, updated_at) VALUES ('2284a83b-e436-4dec-9468-dc3b8e59c647', '1093090e-e74e-4500-ab60-3fd38a89f11b', '25d17eab-bd46-441a-9167-1e5f200d28bd', 'E7', '2026-01-06T17:58:55.871611', '2026-01-06T17:58:55.871611');
INSERT INTO hall_seats (id, cinema_hall_id, seat_type_id, seat_code, created_at, updated_at) VALUES ('b15571e4-0637-421a-aeda-1edf37f5a373', '1093090e-e74e-4500-ab60-3fd38a89f11b', '25d17eab-bd46-441a-9167-1e5f200d28bd', 'E8', '2026-01-06T17:58:55.871629', '2026-01-06T17:58:55.871629');
INSERT INTO hall_seats (id, cinema_hall_id, seat_type_id, seat_code, created_at, updated_at) VALUES ('d90210f1-1a5e-45b9-b928-bac1c1d53ec7', '1093090e-e74e-4500-ab60-3fd38a89f11b', '25d17eab-bd46-441a-9167-1e5f200d28bd', 'F1', '2026-01-06T17:58:55.871643', '2026-01-06T17:58:55.871643');
INSERT INTO hall_seats (id, cinema_hall_id, seat_type_id, seat_code, created_at, updated_at) VALUES ('883c46a5-dc54-476f-969d-f822e9c1c9fa', '1093090e-e74e-4500-ab60-3fd38a89f11b', '25d17eab-bd46-441a-9167-1e5f200d28bd', 'F2', '2026-01-06T17:58:55.871658', '2026-01-06T17:58:55.871658');
INSERT INTO hall_seats (id, cinema_hall_id, seat_type_id, seat_code, created_at, updated_at) VALUES ('81fab4b7-c3af-40e3-a80e-1a07146dca13', '1093090e-e74e-4500-ab60-3fd38a89f11b', '25d17eab-bd46-441a-9167-1e5f200d28bd', 'F3', '2026-01-06T17:58:55.871672', '2026-01-06T17:58:55.871672');
INSERT INTO hall_seats (id, cinema_hall_id, seat_type_id, seat_code, created_at, updated_at) VALUES ('04ab991e-25c2-4d7d-b53a-f2bd8202e47f', '1093090e-e74e-4500-ab60-3fd38a89f11b', '25d17eab-bd46-441a-9167-1e5f200d28bd', 'F4', '2026-01-06T17:58:55.871686', '2026-01-06T17:58:55.871686');
INSERT INTO hall_seats (id, cinema_hall_id, seat_type_id, seat_code, created_at, updated_at) VALUES ('624f5300-6c93-460b-9a19-299573b86b18', '1093090e-e74e-4500-ab60-3fd38a89f11b', '25d17eab-bd46-441a-9167-1e5f200d28bd', 'F5', '2026-01-06T17:58:55.871703', '2026-01-06T17:58:55.871703');
INSERT INTO hall_seats (id, cinema_hall_id, seat_type_id, seat_code, created_at, updated_at) VALUES ('51246468-5c8e-42fe-818b-de19e0d83a32', '1093090e-e74e-4500-ab60-3fd38a89f11b', '25d17eab-bd46-441a-9167-1e5f200d28bd', 'F6', '2026-01-06T17:58:55.871717', '2026-01-06T17:58:55.871717');
INSERT INTO hall_seats (id, cinema_hall_id, seat_type_id, seat_code, created_at, updated_at) VALUES ('13369f67-901f-4bce-b80c-d9c3f4007be8', '1093090e-e74e-4500-ab60-3fd38a89f11b', '25d17eab-bd46-441a-9167-1e5f200d28bd', 'F7', '2026-01-06T17:58:55.871731', '2026-01-06T17:58:55.871731');
INSERT INTO hall_seats (id, cinema_hall_id, seat_type_id, seat_code, created_at, updated_at) VALUES ('6d66561a-45b8-455d-9e15-e6f02f664398', '1093090e-e74e-4500-ab60-3fd38a89f11b', '25d17eab-bd46-441a-9167-1e5f200d28bd', 'F8', '2026-01-06T17:58:55.871745', '2026-01-06T17:58:55.871745');
INSERT INTO hall_seats (id, cinema_hall_id, seat_type_id, seat_code, created_at, updated_at) VALUES ('744b0e19-0673-4bd6-a82e-fecc1972d0fa', '1093090e-e74e-4500-ab60-3fd38a89f11b', '09699c89-5a1d-4f52-b1d0-edecbc043c96', 'G1', '2026-01-06T17:58:55.871760', '2026-01-06T17:58:55.871760');
INSERT INTO hall_seats (id, cinema_hall_id, seat_type_id, seat_code, created_at, updated_at) VALUES ('1c81bef8-bf72-44c0-bb41-324598d0b52d', '1093090e-e74e-4500-ab60-3fd38a89f11b', '09699c89-5a1d-4f52-b1d0-edecbc043c96', 'G2', '2026-01-06T17:58:55.871777', '2026-01-06T17:58:55.871777');
INSERT INTO hall_seats (id, cinema_hall_id, seat_type_id, seat_code, created_at, updated_at) VALUES ('b2248031-cfe8-436f-a10a-dde44ce9cb0f', '1093090e-e74e-4500-ab60-3fd38a89f11b', '09699c89-5a1d-4f52-b1d0-edecbc043c96', 'G3', '2026-01-06T17:58:55.871792', '2026-01-06T17:58:55.871792');
INSERT INTO hall_seats (id, cinema_hall_id, seat_type_id, seat_code, created_at, updated_at) VALUES ('227fadc3-e4ce-4119-b6d5-78514579b3df', '1093090e-e74e-4500-ab60-3fd38a89f11b', '09699c89-5a1d-4f52-b1d0-edecbc043c96', 'G4', '2026-01-06T17:58:55.871809', '2026-01-06T17:58:55.871809');
INSERT INTO hall_seats (id, cinema_hall_id, seat_type_id, seat_code, created_at, updated_at) VALUES ('784246cb-7be3-4ec3-a496-51dd0b126c43', '1093090e-e74e-4500-ab60-3fd38a89f11b', '09699c89-5a1d-4f52-b1d0-edecbc043c96', 'G5', '2026-01-06T17:58:55.871825', '2026-01-06T17:58:55.871825');
INSERT INTO hall_seats (id, cinema_hall_id, seat_type_id, seat_code, created_at, updated_at) VALUES ('70c6e1f4-1d7e-43aa-9a85-165bd0197966', '1093090e-e74e-4500-ab60-3fd38a89f11b', '09699c89-5a1d-4f52-b1d0-edecbc043c96', 'G6', '2026-01-06T17:58:55.871840', '2026-01-06T17:58:55.871840');
INSERT INTO hall_seats (id, cinema_hall_id, seat_type_id, seat_code, created_at, updated_at) VALUES ('0e29fc23-f3c9-47dd-a573-1b5e3bc59030', '1093090e-e74e-4500-ab60-3fd38a89f11b', '09699c89-5a1d-4f52-b1d0-edecbc043c96', 'G7', '2026-01-06T17:58:55.871854', '2026-01-06T17:58:55.871854');
INSERT INTO hall_seats (id, cinema_hall_id, seat_type_id, seat_code, created_at, updated_at) VALUES ('b4ad4aa3-846b-48de-87ee-18cb289ad774', '1093090e-e74e-4500-ab60-3fd38a89f11b', '09699c89-5a1d-4f52-b1d0-edecbc043c96', 'G8', '2026-01-06T17:58:55.871872', '2026-01-06T17:58:55.871872');
INSERT INTO hall_seats (id, cinema_hall_id, seat_type_id, seat_code, created_at, updated_at) VALUES ('2256facc-c75e-406b-94fa-d5b8295a9b35', '1093090e-e74e-4500-ab60-3fd38a89f11b', '09699c89-5a1d-4f52-b1d0-edecbc043c96', 'H1', '2026-01-06T17:58:55.871887', '2026-01-06T17:58:55.871887');
INSERT INTO hall_seats (id, cinema_hall_id, seat_type_id, seat_code, created_at, updated_at) VALUES ('2f6f1590-3a49-45c0-a715-c96bb90c5798', '1093090e-e74e-4500-ab60-3fd38a89f11b', '09699c89-5a1d-4f52-b1d0-edecbc043c96', 'H2', '2026-01-06T17:58:55.871902', '2026-01-06T17:58:55.871902');
INSERT INTO hall_seats (id, cinema_hall_id, seat_type_id, seat_code, created_at, updated_at) VALUES ('683592de-849b-438d-a6ea-069bfbae2325', '1093090e-e74e-4500-ab60-3fd38a89f11b', '09699c89-5a1d-4f52-b1d0-edecbc043c96', 'H3', '2026-01-06T17:58:55.871919', '2026-01-06T17:58:55.871919');
INSERT INTO hall_seats (id, cinema_hall_id, seat_type_id, seat_code, created_at, updated_at) VALUES ('79ac4232-e41f-4eaa-b58c-6a0cb3a1fa35', '1093090e-e74e-4500-ab60-3fd38a89f11b', '09699c89-5a1d-4f52-b1d0-edecbc043c96', 'H4', '2026-01-06T17:58:55.871933', '2026-01-06T17:58:55.871933');
INSERT INTO hall_seats (id, cinema_hall_id, seat_type_id, seat_code, created_at, updated_at) VALUES ('49dfdfa6-ea7a-4c53-8fa2-7a073a9d2b65', '1093090e-e74e-4500-ab60-3fd38a89f11b', '09699c89-5a1d-4f52-b1d0-edecbc043c96', 'H5', '2026-01-06T17:58:55.871950', '2026-01-06T17:58:55.871950');
INSERT INTO hall_seats (id, cinema_hall_id, seat_type_id, seat_code, created_at, updated_at) VALUES ('f6f98b3b-993d-4d3d-a83a-518ffc70862e', '1093090e-e74e-4500-ab60-3fd38a89f11b', '09699c89-5a1d-4f52-b1d0-edecbc043c96', 'H6', '2026-01-06T17:58:55.871967', '2026-01-06T17:58:55.871967');
INSERT INTO hall_seats (id, cinema_hall_id, seat_type_id, seat_code, created_at, updated_at) VALUES ('02ae6f84-967f-4f5f-8745-e01fbb8f247c', '1093090e-e74e-4500-ab60-3fd38a89f11b', '09699c89-5a1d-4f52-b1d0-edecbc043c96', 'H7', '2026-01-06T17:58:55.871982', '2026-01-06T17:58:55.871982');
INSERT INTO hall_seats (id, cinema_hall_id, seat_type_id, seat_code, created_at, updated_at) VALUES ('377548d2-9c5c-42de-ac56-44cf4a42346b', '1093090e-e74e-4500-ab60-3fd38a89f11b', '09699c89-5a1d-4f52-b1d0-edecbc043c96', 'H8', '2026-01-06T17:58:55.871999', '2026-01-06T17:58:55.871999');
INSERT INTO hall_seats (id, cinema_hall_id, seat_type_id, seat_code, created_at, updated_at) VALUES ('b7cff2b0-e6fc-4cd1-905e-35c7564a44a3', '1093090e-e74e-4500-ab60-3fd38a89f11b', 'eeaf9c60-1278-4496-a8b9-564901c1a9d4', 'I1-2', '2026-01-06T17:58:55.872014', '2026-01-06T17:58:55.872014');
INSERT INTO hall_seats (id, cinema_hall_id, seat_type_id, seat_code, created_at, updated_at) VALUES ('c97257d2-2b74-40cb-a4b7-fbba721f8b2f', '1093090e-e74e-4500-ab60-3fd38a89f11b', 'eeaf9c60-1278-4496-a8b9-564901c1a9d4', 'I3-4', '2026-01-06T17:58:55.872028', '2026-01-06T17:58:55.872028');
INSERT INTO hall_seats (id, cinema_hall_id, seat_type_id, seat_code, created_at, updated_at) VALUES ('f4804a06-3edc-4ed7-88aa-85adc21e1fae', '1093090e-e74e-4500-ab60-3fd38a89f11b', 'eeaf9c60-1278-4496-a8b9-564901c1a9d4', 'I5-6', '2026-01-06T17:58:55.872043', '2026-01-06T17:58:55.872043');
INSERT INTO hall_seats (id, cinema_hall_id, seat_type_id, seat_code, created_at, updated_at) VALUES ('0be2a9de-e85a-40ee-b2fb-0066dba5639b', '1093090e-e74e-4500-ab60-3fd38a89f11b', 'eeaf9c60-1278-4496-a8b9-564901c1a9d4', 'I7-8', '2026-01-06T17:58:55.872064', '2026-01-06T17:58:55.872064');
INSERT INTO hall_seats (id, cinema_hall_id, seat_type_id, seat_code, created_at, updated_at) VALUES ('0dc09bef-9370-4051-a3d9-66b26c6f35f7', '754d9a64-a351-458f-90df-29d943c5ae3f', '25d17eab-bd46-441a-9167-1e5f200d28bd', 'A1', '2026-01-06T17:58:55.872086', '2026-01-06T17:58:55.872086');
INSERT INTO hall_seats (id, cinema_hall_id, seat_type_id, seat_code, created_at, updated_at) VALUES ('052786cc-b610-4524-863a-c89d64a840c6', '754d9a64-a351-458f-90df-29d943c5ae3f', '25d17eab-bd46-441a-9167-1e5f200d28bd', 'A2', '2026-01-06T17:58:55.872102', '2026-01-06T17:58:55.872102');
INSERT INTO hall_seats (id, cinema_hall_id, seat_type_id, seat_code, created_at, updated_at) VALUES ('16998227-972a-4eb2-8801-a6af004161ca', '754d9a64-a351-458f-90df-29d943c5ae3f', '25d17eab-bd46-441a-9167-1e5f200d28bd', 'A3', '2026-01-06T17:58:55.872118', '2026-01-06T17:58:55.872118');
INSERT INTO hall_seats (id, cinema_hall_id, seat_type_id, seat_code, created_at, updated_at) VALUES ('569e57ad-2a14-439f-9118-1b8e68aa3eb6', '754d9a64-a351-458f-90df-29d943c5ae3f', '25d17eab-bd46-441a-9167-1e5f200d28bd', 'A4', '2026-01-06T17:58:55.872134', '2026-01-06T17:58:55.872134');
INSERT INTO hall_seats (id, cinema_hall_id, seat_type_id, seat_code, created_at, updated_at) VALUES ('5a480e43-4132-45a0-894a-cfc74fada8f3', '754d9a64-a351-458f-90df-29d943c5ae3f', '25d17eab-bd46-441a-9167-1e5f200d28bd', 'A5', '2026-01-06T17:58:55.872150', '2026-01-06T17:58:55.872150');
INSERT INTO hall_seats (id, cinema_hall_id, seat_type_id, seat_code, created_at, updated_at) VALUES ('98ba81d7-ac6a-4437-bc2d-d614ec0c3d86', '754d9a64-a351-458f-90df-29d943c5ae3f', '25d17eab-bd46-441a-9167-1e5f200d28bd', 'A6', '2026-01-06T17:58:55.872165', '2026-01-06T17:58:55.872165');
INSERT INTO hall_seats (id, cinema_hall_id, seat_type_id, seat_code, created_at, updated_at) VALUES ('56e2f55c-9bc5-4d93-99c3-cf9bbe0b784c', '754d9a64-a351-458f-90df-29d943c5ae3f', '25d17eab-bd46-441a-9167-1e5f200d28bd', 'A7', '2026-01-06T17:58:55.872181', '2026-01-06T17:58:55.872181');
INSERT INTO hall_seats (id, cinema_hall_id, seat_type_id, seat_code, created_at, updated_at) VALUES ('8d412405-cb96-4c49-b85a-fa5d7338b1f3', '754d9a64-a351-458f-90df-29d943c5ae3f', '25d17eab-bd46-441a-9167-1e5f200d28bd', 'A8', '2026-01-06T17:58:55.872200', '2026-01-06T17:58:55.872200');
INSERT INTO hall_seats (id, cinema_hall_id, seat_type_id, seat_code, created_at, updated_at) VALUES ('ac4abb56-8915-4d2d-9a48-3c1183b28851', '754d9a64-a351-458f-90df-29d943c5ae3f', '25d17eab-bd46-441a-9167-1e5f200d28bd', 'B1', '2026-01-06T17:58:55.872217', '2026-01-06T17:58:55.872217');
INSERT INTO hall_seats (id, cinema_hall_id, seat_type_id, seat_code, created_at, updated_at) VALUES ('e311063a-f8bc-4b25-b513-756eebb7a46d', '754d9a64-a351-458f-90df-29d943c5ae3f', '25d17eab-bd46-441a-9167-1e5f200d28bd', 'B2', '2026-01-06T17:58:55.872232', '2026-01-06T17:58:55.872232');
INSERT INTO hall_seats (id, cinema_hall_id, seat_type_id, seat_code, created_at, updated_at) VALUES ('138bd787-81a4-4a4e-972f-71570658f182', '754d9a64-a351-458f-90df-29d943c5ae3f', '25d17eab-bd46-441a-9167-1e5f200d28bd', 'B3', '2026-01-06T17:58:55.872246', '2026-01-06T17:58:55.872246');
INSERT INTO hall_seats (id, cinema_hall_id, seat_type_id, seat_code, created_at, updated_at) VALUES ('1c93c9e7-a8d7-4267-af1d-bea5b85644ed', '754d9a64-a351-458f-90df-29d943c5ae3f', '25d17eab-bd46-441a-9167-1e5f200d28bd', 'B4', '2026-01-06T17:58:55.872260', '2026-01-06T17:58:55.872260');
INSERT INTO hall_seats (id, cinema_hall_id, seat_type_id, seat_code, created_at, updated_at) VALUES ('d9e3387a-18db-4858-8c8c-f8e8b5fff631', '754d9a64-a351-458f-90df-29d943c5ae3f', '25d17eab-bd46-441a-9167-1e5f200d28bd', 'B5', '2026-01-06T17:58:55.872277', '2026-01-06T17:58:55.872277');
INSERT INTO hall_seats (id, cinema_hall_id, seat_type_id, seat_code, created_at, updated_at) VALUES ('4070c91b-93be-47f0-8911-adb2aab81858', '754d9a64-a351-458f-90df-29d943c5ae3f', '25d17eab-bd46-441a-9167-1e5f200d28bd', 'B6', '2026-01-06T17:58:55.872292', '2026-01-06T17:58:55.872292');
INSERT INTO hall_seats (id, cinema_hall_id, seat_type_id, seat_code, created_at, updated_at) VALUES ('5b6c8e15-de3c-4fb7-b26e-b362eef29474', '754d9a64-a351-458f-90df-29d943c5ae3f', '25d17eab-bd46-441a-9167-1e5f200d28bd', 'B7', '2026-01-06T17:58:55.872306', '2026-01-06T17:58:55.872306');
INSERT INTO hall_seats (id, cinema_hall_id, seat_type_id, seat_code, created_at, updated_at) VALUES ('698a86be-49cd-4542-ab40-784ae6d0bba4', '754d9a64-a351-458f-90df-29d943c5ae3f', '25d17eab-bd46-441a-9167-1e5f200d28bd', 'B8', '2026-01-06T17:58:55.872320', '2026-01-06T17:58:55.872320');
INSERT INTO hall_seats (id, cinema_hall_id, seat_type_id, seat_code, created_at, updated_at) VALUES ('184c0e99-9898-4793-9b4d-421ff965e20c', '754d9a64-a351-458f-90df-29d943c5ae3f', '25d17eab-bd46-441a-9167-1e5f200d28bd', 'C1', '2026-01-06T17:58:55.872337', '2026-01-06T17:58:55.872337');
INSERT INTO hall_seats (id, cinema_hall_id, seat_type_id, seat_code, created_at, updated_at) VALUES ('e9e694e6-e68e-4402-a55d-568fcecb8942', '754d9a64-a351-458f-90df-29d943c5ae3f', '25d17eab-bd46-441a-9167-1e5f200d28bd', 'C2', '2026-01-06T17:58:55.872351', '2026-01-06T17:58:55.872351');
INSERT INTO hall_seats (id, cinema_hall_id, seat_type_id, seat_code, created_at, updated_at) VALUES ('c1d9a793-beec-470b-8716-354773b2d0f2', '754d9a64-a351-458f-90df-29d943c5ae3f', '25d17eab-bd46-441a-9167-1e5f200d28bd', 'C3', '2026-01-06T17:58:55.872365', '2026-01-06T17:58:55.872365');
INSERT INTO hall_seats (id, cinema_hall_id, seat_type_id, seat_code, created_at, updated_at) VALUES ('e5e120ad-b0fd-41c5-b966-064ecfca997d', '754d9a64-a351-458f-90df-29d943c5ae3f', '25d17eab-bd46-441a-9167-1e5f200d28bd', 'C4', '2026-01-06T17:58:55.872383', '2026-01-06T17:58:55.872383');
INSERT INTO hall_seats (id, cinema_hall_id, seat_type_id, seat_code, created_at, updated_at) VALUES ('5608ecdc-9202-46e6-8d7d-a8e762e4fe9c', '754d9a64-a351-458f-90df-29d943c5ae3f', '25d17eab-bd46-441a-9167-1e5f200d28bd', 'C5', '2026-01-06T17:58:55.872397', '2026-01-06T17:58:55.872397');
INSERT INTO hall_seats (id, cinema_hall_id, seat_type_id, seat_code, created_at, updated_at) VALUES ('895480b2-0420-449a-81c8-ad7ef28bc08d', '754d9a64-a351-458f-90df-29d943c5ae3f', '25d17eab-bd46-441a-9167-1e5f200d28bd', 'C6', '2026-01-06T17:58:55.872411', '2026-01-06T17:58:55.872411');
INSERT INTO hall_seats (id, cinema_hall_id, seat_type_id, seat_code, created_at, updated_at) VALUES ('1b8bbbe8-9055-4d0b-81db-5b609eb2be0d', '754d9a64-a351-458f-90df-29d943c5ae3f', '25d17eab-bd46-441a-9167-1e5f200d28bd', 'C7', '2026-01-06T17:58:55.872425', '2026-01-06T17:58:55.872425');
INSERT INTO hall_seats (id, cinema_hall_id, seat_type_id, seat_code, created_at, updated_at) VALUES ('05d45ab5-81a6-4c2e-a73e-739d1a08193d', '754d9a64-a351-458f-90df-29d943c5ae3f', '25d17eab-bd46-441a-9167-1e5f200d28bd', 'C8', '2026-01-06T17:58:55.872440', '2026-01-06T17:58:55.872440');
INSERT INTO hall_seats (id, cinema_hall_id, seat_type_id, seat_code, created_at, updated_at) VALUES ('ac1e5566-0d6f-4a9e-9978-b3355b5da62c', '754d9a64-a351-458f-90df-29d943c5ae3f', '25d17eab-bd46-441a-9167-1e5f200d28bd', 'D1', '2026-01-06T17:58:55.872457', '2026-01-06T17:58:55.872457');
INSERT INTO hall_seats (id, cinema_hall_id, seat_type_id, seat_code, created_at, updated_at) VALUES ('0137014c-28a7-4857-9523-6b858cab9905', '754d9a64-a351-458f-90df-29d943c5ae3f', '25d17eab-bd46-441a-9167-1e5f200d28bd', 'D2', '2026-01-06T17:58:55.872471', '2026-01-06T17:58:55.872471');
INSERT INTO hall_seats (id, cinema_hall_id, seat_type_id, seat_code, created_at, updated_at) VALUES ('0f489312-c1d2-48aa-a936-c8b748333b2f', '754d9a64-a351-458f-90df-29d943c5ae3f', '25d17eab-bd46-441a-9167-1e5f200d28bd', 'D3', '2026-01-06T17:58:55.872486', '2026-01-06T17:58:55.872486');
INSERT INTO hall_seats (id, cinema_hall_id, seat_type_id, seat_code, created_at, updated_at) VALUES ('4a4ad59c-5b1d-4edb-9fe9-5791006d718d', '754d9a64-a351-458f-90df-29d943c5ae3f', '25d17eab-bd46-441a-9167-1e5f200d28bd', 'D4', '2026-01-06T17:58:55.872500', '2026-01-06T17:58:55.872500');
INSERT INTO hall_seats (id, cinema_hall_id, seat_type_id, seat_code, created_at, updated_at) VALUES ('86945d84-b70c-4752-bb90-c763b1445d2e', '754d9a64-a351-458f-90df-29d943c5ae3f', '25d17eab-bd46-441a-9167-1e5f200d28bd', 'D5', '2026-01-06T17:58:55.872517', '2026-01-06T17:58:55.872517');
INSERT INTO hall_seats (id, cinema_hall_id, seat_type_id, seat_code, created_at, updated_at) VALUES ('2b391af5-f695-40ca-9b8e-1a447e3d196f', '754d9a64-a351-458f-90df-29d943c5ae3f', '25d17eab-bd46-441a-9167-1e5f200d28bd', 'D6', '2026-01-06T17:58:55.872531', '2026-01-06T17:58:55.872531');
INSERT INTO hall_seats (id, cinema_hall_id, seat_type_id, seat_code, created_at, updated_at) VALUES ('87034e73-453c-4c9e-870f-ef8fa84bce22', '754d9a64-a351-458f-90df-29d943c5ae3f', '25d17eab-bd46-441a-9167-1e5f200d28bd', 'D7', '2026-01-06T17:58:55.872546', '2026-01-06T17:58:55.872546');
INSERT INTO hall_seats (id, cinema_hall_id, seat_type_id, seat_code, created_at, updated_at) VALUES ('5a9f8830-066c-43f1-bc14-d58aac888d80', '754d9a64-a351-458f-90df-29d943c5ae3f', '25d17eab-bd46-441a-9167-1e5f200d28bd', 'D8', '2026-01-06T17:58:55.872563', '2026-01-06T17:58:55.872563');
INSERT INTO hall_seats (id, cinema_hall_id, seat_type_id, seat_code, created_at, updated_at) VALUES ('eb1cc1d9-48f7-4bc3-b88d-747db504f9e5', '754d9a64-a351-458f-90df-29d943c5ae3f', '25d17eab-bd46-441a-9167-1e5f200d28bd', 'E1', '2026-01-06T17:58:55.872580', '2026-01-06T17:58:55.872580');
INSERT INTO hall_seats (id, cinema_hall_id, seat_type_id, seat_code, created_at, updated_at) VALUES ('fdf97b66-5253-4780-9f21-c6494360977d', '754d9a64-a351-458f-90df-29d943c5ae3f', '25d17eab-bd46-441a-9167-1e5f200d28bd', 'E2', '2026-01-06T17:58:55.872594', '2026-01-06T17:58:55.872594');
INSERT INTO hall_seats (id, cinema_hall_id, seat_type_id, seat_code, created_at, updated_at) VALUES ('bb814a1d-5c5a-4467-ad7f-45563875b862', '754d9a64-a351-458f-90df-29d943c5ae3f', '25d17eab-bd46-441a-9167-1e5f200d28bd', 'E3', '2026-01-06T17:58:55.872608', '2026-01-06T17:58:55.872608');
INSERT INTO hall_seats (id, cinema_hall_id, seat_type_id, seat_code, created_at, updated_at) VALUES ('af214315-c3a8-4b38-b379-b2213748aceb', '754d9a64-a351-458f-90df-29d943c5ae3f', '25d17eab-bd46-441a-9167-1e5f200d28bd', 'E4', '2026-01-06T17:58:55.872622', '2026-01-06T17:58:55.872622');
INSERT INTO hall_seats (id, cinema_hall_id, seat_type_id, seat_code, created_at, updated_at) VALUES ('14942068-3d01-47c2-ae03-c81defa01c71', '754d9a64-a351-458f-90df-29d943c5ae3f', '25d17eab-bd46-441a-9167-1e5f200d28bd', 'E5', '2026-01-06T17:58:55.872637', '2026-01-06T17:58:55.872637');
INSERT INTO hall_seats (id, cinema_hall_id, seat_type_id, seat_code, created_at, updated_at) VALUES ('65c9f487-69d9-4dd7-ad13-d691ee3c1530', '754d9a64-a351-458f-90df-29d943c5ae3f', '25d17eab-bd46-441a-9167-1e5f200d28bd', 'E6', '2026-01-06T17:58:55.872653', '2026-01-06T17:58:55.872653');
INSERT INTO hall_seats (id, cinema_hall_id, seat_type_id, seat_code, created_at, updated_at) VALUES ('09c7730e-c5f1-4979-be99-bbe3544b1c88', '754d9a64-a351-458f-90df-29d943c5ae3f', '25d17eab-bd46-441a-9167-1e5f200d28bd', 'E7', '2026-01-06T17:58:55.872668', '2026-01-06T17:58:55.872668');
INSERT INTO hall_seats (id, cinema_hall_id, seat_type_id, seat_code, created_at, updated_at) VALUES ('22385f9f-a5b0-4779-b0df-ad914e1f7262', '754d9a64-a351-458f-90df-29d943c5ae3f', '25d17eab-bd46-441a-9167-1e5f200d28bd', 'E8', '2026-01-06T17:58:55.872690', '2026-01-06T17:58:55.872690');
INSERT INTO hall_seats (id, cinema_hall_id, seat_type_id, seat_code, created_at, updated_at) VALUES ('29b92e0d-ab93-48ae-bcfa-fcbd969e0d9d', '754d9a64-a351-458f-90df-29d943c5ae3f', '25d17eab-bd46-441a-9167-1e5f200d28bd', 'F1', '2026-01-06T17:58:55.872707', '2026-01-06T17:58:55.872707');
INSERT INTO hall_seats (id, cinema_hall_id, seat_type_id, seat_code, created_at, updated_at) VALUES ('0f960249-9ca5-4b64-8e4e-4d37178244ec', '754d9a64-a351-458f-90df-29d943c5ae3f', '25d17eab-bd46-441a-9167-1e5f200d28bd', 'F2', '2026-01-06T17:58:55.872722', '2026-01-06T17:58:55.872722');
INSERT INTO hall_seats (id, cinema_hall_id, seat_type_id, seat_code, created_at, updated_at) VALUES ('0766ea4c-2350-4a67-ab2e-ee694ce31837', '754d9a64-a351-458f-90df-29d943c5ae3f', '25d17eab-bd46-441a-9167-1e5f200d28bd', 'F3', '2026-01-06T17:58:55.872736', '2026-01-06T17:58:55.872736');
INSERT INTO hall_seats (id, cinema_hall_id, seat_type_id, seat_code, created_at, updated_at) VALUES ('9970c1b1-1287-426a-8f01-8822f1a4312f', '754d9a64-a351-458f-90df-29d943c5ae3f', '25d17eab-bd46-441a-9167-1e5f200d28bd', 'F4', '2026-01-06T17:58:55.872754', '2026-01-06T17:58:55.872754');
INSERT INTO hall_seats (id, cinema_hall_id, seat_type_id, seat_code, created_at, updated_at) VALUES ('53ec2048-e4bf-46f8-a917-ebee4ad5d665', '754d9a64-a351-458f-90df-29d943c5ae3f', '25d17eab-bd46-441a-9167-1e5f200d28bd', 'F5', '2026-01-06T17:58:55.872770', '2026-01-06T17:58:55.872770');
INSERT INTO hall_seats (id, cinema_hall_id, seat_type_id, seat_code, created_at, updated_at) VALUES ('199d6c36-c00e-4922-b6db-6aa9bf4cfe89', '754d9a64-a351-458f-90df-29d943c5ae3f', '25d17eab-bd46-441a-9167-1e5f200d28bd', 'F6', '2026-01-06T17:58:55.872785', '2026-01-06T17:58:55.872785');
INSERT INTO hall_seats (id, cinema_hall_id, seat_type_id, seat_code, created_at, updated_at) VALUES ('4419d113-1a3e-4d40-a7b5-88e5c3c8e28f', '754d9a64-a351-458f-90df-29d943c5ae3f', '25d17eab-bd46-441a-9167-1e5f200d28bd', 'F7', '2026-01-06T17:58:55.872799', '2026-01-06T17:58:55.872799');
INSERT INTO hall_seats (id, cinema_hall_id, seat_type_id, seat_code, created_at, updated_at) VALUES ('6c1f6b7d-78e8-4a60-a163-5544790ef1fd', '754d9a64-a351-458f-90df-29d943c5ae3f', '25d17eab-bd46-441a-9167-1e5f200d28bd', 'F8', '2026-01-06T17:58:55.872813', '2026-01-06T17:58:55.872813');
INSERT INTO hall_seats (id, cinema_hall_id, seat_type_id, seat_code, created_at, updated_at) VALUES ('c7e63be2-b214-46a7-bd2d-5dfbb606d6d3', '754d9a64-a351-458f-90df-29d943c5ae3f', '09699c89-5a1d-4f52-b1d0-edecbc043c96', 'G1', '2026-01-06T17:58:55.872830', '2026-01-06T17:58:55.872830');
INSERT INTO hall_seats (id, cinema_hall_id, seat_type_id, seat_code, created_at, updated_at) VALUES ('3fa0022f-f675-4c1f-bf2f-a3000dd0ecae', '754d9a64-a351-458f-90df-29d943c5ae3f', '09699c89-5a1d-4f52-b1d0-edecbc043c96', 'G2', '2026-01-06T17:58:55.872845', '2026-01-06T17:58:55.872845');
INSERT INTO hall_seats (id, cinema_hall_id, seat_type_id, seat_code, created_at, updated_at) VALUES ('9a49d06a-1f59-487d-b618-0788c77b435d', '754d9a64-a351-458f-90df-29d943c5ae3f', '09699c89-5a1d-4f52-b1d0-edecbc043c96', 'G3', '2026-01-06T17:58:55.872859', '2026-01-06T17:58:55.872859');
INSERT INTO hall_seats (id, cinema_hall_id, seat_type_id, seat_code, created_at, updated_at) VALUES ('e32150e0-5a94-4236-bb6f-9c6c331aff8c', '754d9a64-a351-458f-90df-29d943c5ae3f', '09699c89-5a1d-4f52-b1d0-edecbc043c96', 'G4', '2026-01-06T17:58:55.872873', '2026-01-06T17:58:55.872873');
INSERT INTO hall_seats (id, cinema_hall_id, seat_type_id, seat_code, created_at, updated_at) VALUES ('6016bc6a-3e02-461a-82fb-c8a84359fba6', '754d9a64-a351-458f-90df-29d943c5ae3f', '09699c89-5a1d-4f52-b1d0-edecbc043c96', 'G5', '2026-01-06T17:58:55.872887', '2026-01-06T17:58:55.872887');
INSERT INTO hall_seats (id, cinema_hall_id, seat_type_id, seat_code, created_at, updated_at) VALUES ('f3924a52-21e0-4db5-8eff-e520acec181b', '754d9a64-a351-458f-90df-29d943c5ae3f', '09699c89-5a1d-4f52-b1d0-edecbc043c96', 'G6', '2026-01-06T17:58:55.872901', '2026-01-06T17:58:55.872901');
INSERT INTO hall_seats (id, cinema_hall_id, seat_type_id, seat_code, created_at, updated_at) VALUES ('c1a3d62d-50d3-4863-acb5-977876fed6a8', '754d9a64-a351-458f-90df-29d943c5ae3f', '09699c89-5a1d-4f52-b1d0-edecbc043c96', 'G7', '2026-01-06T17:58:55.872918', '2026-01-06T17:58:55.872918');
INSERT INTO hall_seats (id, cinema_hall_id, seat_type_id, seat_code, created_at, updated_at) VALUES ('1e5a6efb-04a2-4742-82a0-ea84ecf9155c', '754d9a64-a351-458f-90df-29d943c5ae3f', '09699c89-5a1d-4f52-b1d0-edecbc043c96', 'G8', '2026-01-06T17:58:55.872935', '2026-01-06T17:58:55.872935');
INSERT INTO hall_seats (id, cinema_hall_id, seat_type_id, seat_code, created_at, updated_at) VALUES ('a247c116-8440-4ec2-a101-431e3e5b9cf7', '754d9a64-a351-458f-90df-29d943c5ae3f', '09699c89-5a1d-4f52-b1d0-edecbc043c96', 'H1', '2026-01-06T17:58:55.872953', '2026-01-06T17:58:55.872953');
INSERT INTO hall_seats (id, cinema_hall_id, seat_type_id, seat_code, created_at, updated_at) VALUES ('397233e9-425c-4788-8e23-ea2c6e3747ab', '754d9a64-a351-458f-90df-29d943c5ae3f', '09699c89-5a1d-4f52-b1d0-edecbc043c96', 'H2', '2026-01-06T17:58:55.872967', '2026-01-06T17:58:55.872967');
INSERT INTO hall_seats (id, cinema_hall_id, seat_type_id, seat_code, created_at, updated_at) VALUES ('feae1fa3-8ae8-411b-8549-cddeffbc37f7', '754d9a64-a351-458f-90df-29d943c5ae3f', '09699c89-5a1d-4f52-b1d0-edecbc043c96', 'H3', '2026-01-06T17:58:55.872981', '2026-01-06T17:58:55.872981');
INSERT INTO hall_seats (id, cinema_hall_id, seat_type_id, seat_code, created_at, updated_at) VALUES ('b0e69d17-e69a-43ec-a8ce-2d86744b33f6', '754d9a64-a351-458f-90df-29d943c5ae3f', '09699c89-5a1d-4f52-b1d0-edecbc043c96', 'H4', '2026-01-06T17:58:55.872995', '2026-01-06T17:58:55.872995');
INSERT INTO hall_seats (id, cinema_hall_id, seat_type_id, seat_code, created_at, updated_at) VALUES ('d3f843ff-7df3-499b-955a-87547a1d3f62', '754d9a64-a351-458f-90df-29d943c5ae3f', '09699c89-5a1d-4f52-b1d0-edecbc043c96', 'H5', '2026-01-06T17:58:55.873010', '2026-01-06T17:58:55.873010');
INSERT INTO hall_seats (id, cinema_hall_id, seat_type_id, seat_code, created_at, updated_at) VALUES ('0fa0f0ea-3749-47c1-9f45-bd6d301b1905', '754d9a64-a351-458f-90df-29d943c5ae3f', '09699c89-5a1d-4f52-b1d0-edecbc043c96', 'H6', '2026-01-06T17:58:55.873024', '2026-01-06T17:58:55.873024');
INSERT INTO hall_seats (id, cinema_hall_id, seat_type_id, seat_code, created_at, updated_at) VALUES ('8c2e7692-b234-46a9-9744-e132a7f379d5', '754d9a64-a351-458f-90df-29d943c5ae3f', '09699c89-5a1d-4f52-b1d0-edecbc043c96', 'H7', '2026-01-06T17:58:55.873038', '2026-01-06T17:58:55.873038');
INSERT INTO hall_seats (id, cinema_hall_id, seat_type_id, seat_code, created_at, updated_at) VALUES ('ac388a60-a4e6-48c4-a103-4b554588194b', '754d9a64-a351-458f-90df-29d943c5ae3f', '09699c89-5a1d-4f52-b1d0-edecbc043c96', 'H8', '2026-01-06T17:58:55.873057', '2026-01-06T17:58:55.873057');
INSERT INTO hall_seats (id, cinema_hall_id, seat_type_id, seat_code, created_at, updated_at) VALUES ('2f66e70a-2cb1-4534-a1e8-0b222a1d7962', '754d9a64-a351-458f-90df-29d943c5ae3f', 'eeaf9c60-1278-4496-a8b9-564901c1a9d4', 'I1-2', '2026-01-06T17:58:55.873078', '2026-01-06T17:58:55.873078');
INSERT INTO hall_seats (id, cinema_hall_id, seat_type_id, seat_code, created_at, updated_at) VALUES ('4c2e30ff-3180-4ca8-9136-c4e21e0a9f3f', '754d9a64-a351-458f-90df-29d943c5ae3f', 'eeaf9c60-1278-4496-a8b9-564901c1a9d4', 'I3-4', '2026-01-06T17:58:55.873095', '2026-01-06T17:58:55.873095');
INSERT INTO hall_seats (id, cinema_hall_id, seat_type_id, seat_code, created_at, updated_at) VALUES ('1c16cc25-44dd-44e9-9b0b-dcec8d60059c', '754d9a64-a351-458f-90df-29d943c5ae3f', 'eeaf9c60-1278-4496-a8b9-564901c1a9d4', 'I5-6', '2026-01-06T17:58:55.873111', '2026-01-06T17:58:55.873111');
INSERT INTO hall_seats (id, cinema_hall_id, seat_type_id, seat_code, created_at, updated_at) VALUES ('87fab156-5b88-48eb-b09d-5b6439f5518c', '754d9a64-a351-458f-90df-29d943c5ae3f', 'eeaf9c60-1278-4496-a8b9-564901c1a9d4', 'I7-8', '2026-01-06T17:58:55.873129', '2026-01-06T17:58:55.873129');
INSERT INTO genres (id, name, created_at, updated_at) VALUES ('43c573f3-f105-4830-92dc-745160a2e15f', 'Action', '2026-01-06T17:58:55.873409', '2026-01-06T17:58:55.873409');
INSERT INTO genres (id, name, created_at, updated_at) VALUES ('deeba83f-8ee5-4aa1-a7f8-52685f221678', 'Adventure', '2026-01-06T17:58:55.873451', '2026-01-06T17:58:55.873451');
INSERT INTO genres (id, name, created_at, updated_at) VALUES ('7da88d1d-a157-48c2-ac63-480ee2233d55', 'Animation', '2026-01-06T17:58:55.873479', '2026-01-06T17:58:55.873479');
INSERT INTO genres (id, name, created_at, updated_at) VALUES ('aa97740f-935f-4fb7-a28b-417980b97c1d', 'Biography', '2026-01-06T17:58:55.873506', '2026-01-06T17:58:55.873506');
INSERT INTO genres (id, name, created_at, updated_at) VALUES ('99a90252-0cce-4dfb-b5fa-845f630a90e0', 'Comedy', '2026-01-06T17:58:55.873537', '2026-01-06T17:58:55.873537');
INSERT INTO genres (id, name, created_at, updated_at) VALUES ('9f324dd2-6359-489c-b435-b178359faa47', 'Crime', '2026-01-06T17:58:55.873565', '2026-01-06T17:58:55.873565');
INSERT INTO genres (id, name, created_at, updated_at) VALUES ('c5990149-6bff-4d4e-bfb5-0b737596f7f9', 'Documentary', '2026-01-06T17:58:55.873592', '2026-01-06T17:58:55.873592');
INSERT INTO genres (id, name, created_at, updated_at) VALUES ('d0e2954a-5b05-4fdb-ac38-90d47c46b2ff', 'Drama', '2026-01-06T17:58:55.873619', '2026-01-06T17:58:55.873619');
INSERT INTO genres (id, name, created_at, updated_at) VALUES ('c7c552ce-c0ab-42e4-9327-e890d7346346', 'Family', '2026-01-06T17:58:55.873655', '2026-01-06T17:58:55.873655');
INSERT INTO genres (id, name, created_at, updated_at) VALUES ('9e927f1f-6faa-48e8-acb7-0f8eee2756f0', 'Fantasy', '2026-01-06T17:58:55.873680', '2026-01-06T17:58:55.873680');
INSERT INTO genres (id, name, created_at, updated_at) VALUES ('5e528297-7c8b-4555-a617-9678819d8e4a', 'Film Noir', '2026-01-06T17:58:55.873704', '2026-01-06T17:58:55.873704');
INSERT INTO genres (id, name, created_at, updated_at) VALUES ('9c1674fb-b119-40f3-98dc-a2e98d4b0c28', 'History', '2026-01-06T17:58:55.873728', '2026-01-06T17:58:55.873728');
INSERT INTO genres (id, name, created_at, updated_at) VALUES ('b0c5757b-83f1-431a-ae02-aba9e950d99c', 'Horror', '2026-01-06T17:58:55.873754', '2026-01-06T17:58:55.873754');
INSERT INTO genres (id, name, created_at, updated_at) VALUES ('6bb6e507-8800-4792-ad1f-f7605f01cff4', 'Music', '2026-01-06T17:58:55.873778', '2026-01-06T17:58:55.873778');
INSERT INTO genres (id, name, created_at, updated_at) VALUES ('089e6370-de06-4bab-91ec-1a8dbda0bdf0', 'Musical', '2026-01-06T17:58:55.873802', '2026-01-06T17:58:55.873802');
INSERT INTO genres (id, name, created_at, updated_at) VALUES ('1210e065-ae71-493c-a3bd-42c3cf4a6d15', 'Mystery', '2026-01-06T17:58:55.873829', '2026-01-06T17:58:55.873829');
INSERT INTO genres (id, name, created_at, updated_at) VALUES ('6deada59-2418-4dd7-8e9e-d7d9409d3682', 'Romance', '2026-01-06T17:58:55.873854', '2026-01-06T17:58:55.873854');
INSERT INTO genres (id, name, created_at, updated_at) VALUES ('7e4ea5dd-90f8-4eac-bdc2-6c81c9f28ec7', 'Science Fiction', '2026-01-06T17:58:55.873878', '2026-01-06T17:58:55.873878');
INSERT INTO genres (id, name, created_at, updated_at) VALUES ('48ba4a3d-49aa-4dca-b928-da386cdbb5df', 'Sport', '2026-01-06T17:58:55.873902', '2026-01-06T17:58:55.873902');
INSERT INTO genres (id, name, created_at, updated_at) VALUES ('8f7e6e88-b651-432e-8939-16005cdb2e56', 'Thriller', '2026-01-06T17:58:55.873926', '2026-01-06T17:58:55.873926');
INSERT INTO genres (id, name, created_at, updated_at) VALUES ('217b4930-e434-49a6-a605-58ecb4f95f1e', 'War', '2026-01-06T17:58:55.873960', '2026-01-06T17:58:55.873960');
INSERT INTO genres (id, name, created_at, updated_at) VALUES ('c916e422-acd1-41ae-8dc8-c78a5c109f2f', 'Western', '2026-01-06T17:58:55.873983', '2026-01-06T17:58:55.873983');
INSERT INTO movies (id, title, language, projection_start_date, projection_end_date, director_full_name, synopsis, pg_rating, duration_in_minutes, trailer_url, created_at, updated_at) VALUES ('e24ca4ab-0b40-49d4-bb81-39b74b08ab92', 'Avatar', 'EN', '2026-01-06', '2026-03-14', 'John Doe', 'In the 22nd century, a paraplegic Marine is dispatched to the moon Pandora on a unique mission, but becomes torn between following orders and protecting an alien civilization.', 'PG-13', '162', 'https://www.youtube.com/watch?v=jm2sNLIPPvA', '2026-01-06T17:58:58.757441', '2026-01-06T17:58:58.757441');
INSERT INTO movie_images (id, movie_id, url, type, created_at, updated_at) VALUES ('a58a1c6e-52e3-4376-9a7d-d578f21243ba', 'e24ca4ab-0b40-49d4-bb81-39b74b08ab92', 'https://image.tmdb.org/t/p/w342/gKY6q7SjCkAU6FqvqWybDYgUKIF.jpg', 'poster', '2026-01-06T17:58:58.757441', '2026-01-06T17:58:58.757441');
INSERT INTO movie_images (id, movie_id, url, type, created_at, updated_at) VALUES ('32c41121-e5fb-42d2-8d57-0ff7aa1604de', 'e24ca4ab-0b40-49d4-bb81-39b74b08ab92', 'https://image.tmdb.org/t/p/w1280/7JNzw1tSZZEgsBw6lu0VfO2X2Ef.jpg', 'backdrop', '2026-01-06T17:58:58.757441', '2026-01-06T17:58:58.757441');
INSERT INTO movie_images (id, movie_id, url, type, created_at, updated_at) VALUES ('c5c06526-9b67-4451-8ba2-978d815c43b2', 'e24ca4ab-0b40-49d4-bb81-39b74b08ab92', 'https://image.tmdb.org/t/p/w300/vL5LR6WdxWPjLPFRLe133jXWsh5.jpg', 'extra', '2026-01-06T17:58:58.757441', '2026-01-06T17:58:58.757441');
INSERT INTO movie_images (id, movie_id, url, type, created_at, updated_at) VALUES ('326a9f4c-b8b5-494e-80e1-e7d6d579ffcd', 'e24ca4ab-0b40-49d4-bb81-39b74b08ab92', 'https://image.tmdb.org/t/p/w300/Yc9q6QuWrMp9nuDm5R8ExNqbEq.jpg', 'extra', '2026-01-06T17:58:58.757441', '2026-01-06T17:58:58.757441');
INSERT INTO movie_images (id, movie_id, url, type, created_at, updated_at) VALUES ('df853e98-6d43-4f6d-a864-674bbdc5147d', 'e24ca4ab-0b40-49d4-bb81-39b74b08ab92', 'https://image.tmdb.org/t/p/w300/n3a93StkVsLVPiX7sX2HIVXe9Fc.jpg', 'extra', '2026-01-06T17:58:58.757441', '2026-01-06T17:58:58.757441');
INSERT INTO movie_images (id, movie_id, url, type, created_at, updated_at) VALUES ('4817918a-4517-433c-a801-acfd8bfd9654', 'e24ca4ab-0b40-49d4-bb81-39b74b08ab92', 'https://image.tmdb.org/t/p/w300/o0s4XsEDfDlvit5pDRKjzXR4pp2.jpg', 'extra', '2026-01-06T17:58:58.757441', '2026-01-06T17:58:58.757441');
INSERT INTO movies (id, title, language, projection_start_date, projection_end_date, director_full_name, synopsis, pg_rating, duration_in_minutes, trailer_url, created_at, updated_at) VALUES ('1b31894c-3e68-4a62-855f-f2de45f617b2', 'Avatar: Fire and Ash', 'EN', '2026-01-06', '2026-03-15', 'David Clark', 'In the wake of the devastating war against the RDA and the loss of their eldest son, Jake Sully and Neytiri face a new threat on Pandora: the Ash People, a violent and power-hungry Na''vi tribe led by the ruthless Varang. Jake''s family must fight for their survival and the future of Pandora in a conflict that pushes them to their emotional and physical limits.', 'PG-13', '198', 'https://www.youtube.com/watch?v=Ma1x7ikpid8', '2026-01-06T17:59:03.063538', '2026-01-06T17:59:03.063538');
INSERT INTO movie_images (id, movie_id, url, type, created_at, updated_at) VALUES ('cb04f6e1-9b8d-4ea1-8e97-7d351dccee42', '1b31894c-3e68-4a62-855f-f2de45f617b2', 'https://image.tmdb.org/t/p/w342/8kknNk7PbOcDUXynUZYZ7EHnKAA.jpg', 'poster', '2026-01-06T17:59:03.063538', '2026-01-06T17:59:03.063538');
INSERT INTO movie_images (id, movie_id, url, type, created_at, updated_at) VALUES ('7f8a6d0a-32b7-4db2-a287-96397eaa13ab', '1b31894c-3e68-4a62-855f-f2de45f617b2', 'https://image.tmdb.org/t/p/w1280/vm4H1DivjQoNIm0Vs6i3CTzFxQ0.jpg', 'backdrop', '2026-01-06T17:59:03.063538', '2026-01-06T17:59:03.063538');
INSERT INTO movie_images (id, movie_id, url, type, created_at, updated_at) VALUES ('fc0a0cd1-42cc-48da-96a7-c8dc2bf685da', '1b31894c-3e68-4a62-855f-f2de45f617b2', 'https://image.tmdb.org/t/p/w300/iN41Ccw4DctL8npfmYg1j5Tr1eb.jpg', 'extra', '2026-01-06T17:59:03.063538', '2026-01-06T17:59:03.063538');
INSERT INTO movie_images (id, movie_id, url, type, created_at, updated_at) VALUES ('d6f07e74-dca6-440c-baf8-cc1d1a8001cc', '1b31894c-3e68-4a62-855f-f2de45f617b2', 'https://image.tmdb.org/t/p/w300/9QW8bQ0BK4GjtpHPuZvH6cfcBDS.jpg', 'extra', '2026-01-06T17:59:03.063538', '2026-01-06T17:59:03.063538');
INSERT INTO movie_images (id, movie_id, url, type, created_at, updated_at) VALUES ('035604b5-90a0-4653-9286-5a5e0bbd7238', '1b31894c-3e68-4a62-855f-f2de45f617b2', 'https://image.tmdb.org/t/p/w300/pN3eaCl3sqwrerU8UNdp40F2mK0.jpg', 'extra', '2026-01-06T17:59:03.063538', '2026-01-06T17:59:03.063538');
INSERT INTO movie_images (id, movie_id, url, type, created_at, updated_at) VALUES ('30af09d7-3bcf-4c1a-9dcc-99a2c534a0bc', '1b31894c-3e68-4a62-855f-f2de45f617b2', 'https://image.tmdb.org/t/p/w300/jMj0HmnVU2pVEpr3gCNwld3z3cL.jpg', 'extra', '2026-01-06T17:59:03.063538', '2026-01-06T17:59:03.063538');
INSERT INTO movies (id, title, language, projection_start_date, projection_end_date, director_full_name, synopsis, pg_rating, duration_in_minutes, trailer_url, created_at, updated_at) VALUES ('5308b870-3f93-4810-ac77-1fd1ae90e3ed', 'Black Phone 2', 'EN', '2026-01-06', '2026-03-22', 'Alex Johnson', 'Four years after escaping The Grabber, Finney Blake is struggling with his life after captivity. When his sister Gwen begins receiving calls in her dreams from the black phone and seeing disturbing visions of three boys being stalked at a winter camp, the siblings become determined to solve the mystery and confront a killer who has grown more powerful in death and more significant to them than either could imagine.', 'PG-13', '114', 'https://www.youtube.com/watch?v=pWNucAcRoBY', '2026-01-06T17:59:07.371748', '2026-01-06T17:59:07.371748');
INSERT INTO movie_images (id, movie_id, url, type, created_at, updated_at) VALUES ('2d7cc566-f165-4d74-82d3-de498ccc967e', '5308b870-3f93-4810-ac77-1fd1ae90e3ed', 'https://image.tmdb.org/t/p/w342/gFddBLQ8wj9M9O82iPzgX5KVNHz.jpg', 'poster', '2026-01-06T17:59:07.371748', '2026-01-06T17:59:07.371748');
INSERT INTO movie_images (id, movie_id, url, type, created_at, updated_at) VALUES ('2ae08dac-13a5-4708-a791-f0873b627e21', '5308b870-3f93-4810-ac77-1fd1ae90e3ed', 'https://image.tmdb.org/t/p/w1280/oe2TOWykcLSGq67XPH4Bb0N1oU3.jpg', 'backdrop', '2026-01-06T17:59:07.371748', '2026-01-06T17:59:07.371748');
INSERT INTO movie_images (id, movie_id, url, type, created_at, updated_at) VALUES ('828cf0e5-1464-4944-a368-80136ea1a943', '5308b870-3f93-4810-ac77-1fd1ae90e3ed', 'https://image.tmdb.org/t/p/w300/6zKjoOOb3OZnZuiHtQZn4Kd69Gq.jpg', 'extra', '2026-01-06T17:59:07.371748', '2026-01-06T17:59:07.371748');
INSERT INTO movie_images (id, movie_id, url, type, created_at, updated_at) VALUES ('2f3e5dfe-1740-4e7b-b9e4-429350e4c244', '5308b870-3f93-4810-ac77-1fd1ae90e3ed', 'https://image.tmdb.org/t/p/w300/7QMsQ465YlyCFstLJUeUdpEwNUd.jpg', 'extra', '2026-01-06T17:59:07.371748', '2026-01-06T17:59:07.371748');
INSERT INTO movie_images (id, movie_id, url, type, created_at, updated_at) VALUES ('8f19c006-c21c-422e-a659-5df27b988c08', '5308b870-3f93-4810-ac77-1fd1ae90e3ed', 'https://image.tmdb.org/t/p/w300/GNeuKnbZRZj5JhKfnJOPyKJuVA.jpg', 'extra', '2026-01-06T17:59:07.371748', '2026-01-06T17:59:07.371748');
INSERT INTO movie_images (id, movie_id, url, type, created_at, updated_at) VALUES ('7dd4ebde-2316-41d6-8054-a22b6afdb267', '5308b870-3f93-4810-ac77-1fd1ae90e3ed', 'https://image.tmdb.org/t/p/w300/uALtD42siECHdv5pP7mj7I0Tbqs.jpg', 'extra', '2026-01-06T17:59:07.371748', '2026-01-06T17:59:07.371748');
INSERT INTO movies (id, title, language, projection_start_date, projection_end_date, director_full_name, synopsis, pg_rating, duration_in_minutes, trailer_url, created_at, updated_at) VALUES ('f65415d3-0170-44a7-813d-edc580682be5', 'Afterburn', 'EN', '2026-01-06', '2026-03-06', 'Emma Wilson', 'Set against the backdrop of a postapocalyptic Earth whose Eastern Hemisphere was destroyed by a massive solar flare, leaving what life remains mutated from radiation and fallout. The story revolves around a group of treasure hunters who extract such objects as the Mona Lisa, the Rosetta Stone and the Crown Jewels while facing rival hunters, mutants and pirates.', 'PG-13', '105', 'https://www.youtube.com/watch?v=ZkEjle729tI', '2026-01-06T17:59:12.025935', '2026-01-06T17:59:12.025935');
INSERT INTO movie_images (id, movie_id, url, type, created_at, updated_at) VALUES ('c8e3110c-8530-49cd-a5c4-ebdf71682c4c', 'f65415d3-0170-44a7-813d-edc580682be5', 'https://image.tmdb.org/t/p/w342/hrze9JXp2QJpc2WjLfSUtRxyYSb.jpg', 'poster', '2026-01-06T17:59:12.025935', '2026-01-06T17:59:12.025935');
INSERT INTO movie_images (id, movie_id, url, type, created_at, updated_at) VALUES ('9c04e378-a511-4d5c-9c69-9359a122d0d1', 'f65415d3-0170-44a7-813d-edc580682be5', 'https://image.tmdb.org/t/p/w1280/kHOfxq7cMTXyLbj0UmdoGhT540O.jpg', 'backdrop', '2026-01-06T17:59:12.025935', '2026-01-06T17:59:12.025935');
INSERT INTO movie_images (id, movie_id, url, type, created_at, updated_at) VALUES ('c3ab11c5-f420-43ee-8ce3-ddd63541bd50', 'f65415d3-0170-44a7-813d-edc580682be5', 'https://image.tmdb.org/t/p/w300/ksIvbukEg9ivqr94K8ocyPHA81I.jpg', 'extra', '2026-01-06T17:59:12.025935', '2026-01-06T17:59:12.025935');
INSERT INTO movie_images (id, movie_id, url, type, created_at, updated_at) VALUES ('9d55e4cb-683c-4a6b-8815-8b736791d6c6', 'f65415d3-0170-44a7-813d-edc580682be5', 'https://image.tmdb.org/t/p/w300/xqE7zgzeXL4MXI9dgI2giw2q4st.jpg', 'extra', '2026-01-06T17:59:12.025935', '2026-01-06T17:59:12.025935');
INSERT INTO movie_images (id, movie_id, url, type, created_at, updated_at) VALUES ('277ef5c8-a7a2-4e30-aaf8-ca2315723366', 'f65415d3-0170-44a7-813d-edc580682be5', 'https://image.tmdb.org/t/p/w300/3iA0SNHSj8bU6FK6E8lKd1nrpCj.jpg', 'extra', '2026-01-06T17:59:12.025935', '2026-01-06T17:59:12.025935');
INSERT INTO movie_images (id, movie_id, url, type, created_at, updated_at) VALUES ('7d9a4491-16e2-4bc7-8a2a-afe2fc3f0011', 'f65415d3-0170-44a7-813d-edc580682be5', 'https://image.tmdb.org/t/p/w300/3pDWEFQHBSQhLGVwRMWs7vdQtE.jpg', 'extra', '2026-01-06T17:59:12.025935', '2026-01-06T17:59:12.025935');
INSERT INTO movies (id, title, language, projection_start_date, projection_end_date, director_full_name, synopsis, pg_rating, duration_in_minutes, trailer_url, created_at, updated_at) VALUES ('9ac21efc-e036-4976-a8d9-6c2bc853ff4a', 'Dune', 'EN', '2026-01-06', '2026-03-12', 'Emma Wilson', 'Paul Atreides, a brilliant and gifted young man born into a great destiny beyond his understanding, must travel to the most dangerous planet in the universe to ensure the future of his family and his people. As malevolent forces explode into conflict over the planet''s exclusive supply of the most precious resource in existence-a commodity capable of unlocking humanity''s greatest potential-only those who can conquer their fear will survive.', 'PG-13', '155', 'https://www.youtube.com/watch?v=w0HgHet0sxg', '2026-01-06T17:59:16.610419', '2026-01-06T17:59:16.610419');
INSERT INTO movie_images (id, movie_id, url, type, created_at, updated_at) VALUES ('1ecf98d8-3efb-48d3-b3d3-d382579564c3', '9ac21efc-e036-4976-a8d9-6c2bc853ff4a', 'https://image.tmdb.org/t/p/w342/d5NXSklXo0qyIYkgV94XAgMIckC.jpg', 'poster', '2026-01-06T17:59:16.610419', '2026-01-06T17:59:16.610419');
INSERT INTO movie_images (id, movie_id, url, type, created_at, updated_at) VALUES ('326d2a5a-4081-456f-a331-a13d6eab00a8', '9ac21efc-e036-4976-a8d9-6c2bc853ff4a', 'https://image.tmdb.org/t/p/w1280/h61Kc0NC7d90jNwXfBx5js7DnSQ.jpg', 'backdrop', '2026-01-06T17:59:16.610419', '2026-01-06T17:59:16.610419');
INSERT INTO movie_images (id, movie_id, url, type, created_at, updated_at) VALUES ('821e3565-6d7b-42ad-879b-e269ea75f395', '9ac21efc-e036-4976-a8d9-6c2bc853ff4a', 'https://image.tmdb.org/t/p/w300/jYEW5xZkZk2WTrdbMGAPFuBqbDc.jpg', 'extra', '2026-01-06T17:59:16.610419', '2026-01-06T17:59:16.610419');
INSERT INTO movie_images (id, movie_id, url, type, created_at, updated_at) VALUES ('7a8be8f0-b7e8-438b-a889-8dbc623a92a2', '9ac21efc-e036-4976-a8d9-6c2bc853ff4a', 'https://image.tmdb.org/t/p/w300/zRKQW58MBEY078AxkHxEJzUskCl.jpg', 'extra', '2026-01-06T17:59:16.610419', '2026-01-06T17:59:16.610419');
INSERT INTO movie_images (id, movie_id, url, type, created_at, updated_at) VALUES ('86542bcf-b2ff-48db-80f8-9cc9804674b7', '9ac21efc-e036-4976-a8d9-6c2bc853ff4a', 'https://image.tmdb.org/t/p/w300/lzWHmYdfeFiMIY4JaMmtR7GEli3.jpg', 'extra', '2026-01-06T17:59:16.610419', '2026-01-06T17:59:16.610419');
INSERT INTO movie_images (id, movie_id, url, type, created_at, updated_at) VALUES ('077a5a81-5da1-46a0-b288-bb32bb6b24aa', '9ac21efc-e036-4976-a8d9-6c2bc853ff4a', 'https://image.tmdb.org/t/p/w300/aHFgoGZ2VQNY45nJWGcBvszaMXz.jpg', 'extra', '2026-01-06T17:59:16.610419', '2026-01-06T17:59:16.610419');
INSERT INTO movies (id, title, language, projection_start_date, projection_end_date, director_full_name, synopsis, pg_rating, duration_in_minutes, trailer_url, created_at, updated_at) VALUES ('257b97ed-4990-493e-8630-affae4371edb', 'War of the Worlds', 'EN', '2026-01-06', '2026-03-21', 'Emma Wilson', 'Will Radford is a top analyst for Homeland Security who tracks potential threats through a mass surveillance program, until one day an attack by an unknown entity leads him to question whether the government is hiding something from him... and from the rest of the world.', 'PG-13', '91', 'https://www.youtube.com/watch?v=d9erkpdh5o0', '2026-01-06T17:59:20.575853', '2026-01-06T17:59:20.575853');
INSERT INTO movie_images (id, movie_id, url, type, created_at, updated_at) VALUES ('41c82f81-2a70-41f9-ab43-d3717580e5c6', '257b97ed-4990-493e-8630-affae4371edb', 'https://image.tmdb.org/t/p/w342/yvirUYrva23IudARHn3mMGVxWqM.jpg', 'poster', '2026-01-06T17:59:20.575853', '2026-01-06T17:59:20.575853');
INSERT INTO movie_images (id, movie_id, url, type, created_at, updated_at) VALUES ('38bb6997-9bed-4736-bd17-33d67b52fa52', '257b97ed-4990-493e-8630-affae4371edb', 'https://image.tmdb.org/t/p/w1280/iZLqwEwUViJdSkGVjePGhxYzbDb.jpg', 'backdrop', '2026-01-06T17:59:20.575853', '2026-01-06T17:59:20.575853');
INSERT INTO movie_images (id, movie_id, url, type, created_at, updated_at) VALUES ('5e7623b8-14d4-4fe5-8ae2-2840814be4d0', '257b97ed-4990-493e-8630-affae4371edb', 'https://image.tmdb.org/t/p/w300/f2T5LlY8EPvmgtBVvOra8H2GvlQ.jpg', 'extra', '2026-01-06T17:59:20.575853', '2026-01-06T17:59:20.575853');
INSERT INTO movie_images (id, movie_id, url, type, created_at, updated_at) VALUES ('fc2e6a20-3cdf-4987-89d2-869747f0f2ec', '257b97ed-4990-493e-8630-affae4371edb', 'https://image.tmdb.org/t/p/w300/kqHypb4MdEBUFiphf49bK99T4cn.jpg', 'extra', '2026-01-06T17:59:20.575853', '2026-01-06T17:59:20.575853');
INSERT INTO movie_images (id, movie_id, url, type, created_at, updated_at) VALUES ('bd1dc518-540b-46ff-b3eb-8e3d7415dcec', '257b97ed-4990-493e-8630-affae4371edb', 'https://image.tmdb.org/t/p/w300/l2D8XPcANYIM7DJ4e9XYymzZovT.jpg', 'extra', '2026-01-06T17:59:20.575853', '2026-01-06T17:59:20.575853');
INSERT INTO movie_images (id, movie_id, url, type, created_at, updated_at) VALUES ('a9c509f1-2470-42fc-9546-80eb17dd5a87', '257b97ed-4990-493e-8630-affae4371edb', 'https://image.tmdb.org/t/p/w300/ceaS9zOX4GJPzZeUgsnjRy9JKck.jpg', 'extra', '2026-01-06T17:59:20.575853', '2026-01-06T17:59:20.575853');
INSERT INTO movies (id, title, language, projection_start_date, projection_end_date, director_full_name, synopsis, pg_rating, duration_in_minutes, trailer_url, created_at, updated_at) VALUES ('00e098cb-06ab-4ccb-b5d7-efefd07c2341', 'Now You See Me: Now You Don''t', 'EN', '2026-01-06', '2026-03-11', 'Jane Smith', 'The original Four Horsemen reunite with a new generation of illusionists to take on powerful diamond heiress Veronika Vanderberg, who leads a criminal empire built on money laundering and trafficking. The new and old magicians must overcome their differences to work together on their most ambitious heist yet.', 'PG-13', '112', 'https://www.youtube.com/watch?v=lLWESUfW-0A', '2026-01-06T17:59:24.325410', '2026-01-06T17:59:24.325410');
INSERT INTO movie_images (id, movie_id, url, type, created_at, updated_at) VALUES ('b2642332-523f-4019-a428-75690794c095', '00e098cb-06ab-4ccb-b5d7-efefd07c2341', 'https://image.tmdb.org/t/p/w342/xUddC5HTjMWmClD007QBWR0BLHY.jpg', 'poster', '2026-01-06T17:59:24.325410', '2026-01-06T17:59:24.325410');
INSERT INTO movie_images (id, movie_id, url, type, created_at, updated_at) VALUES ('9cbea746-197e-42ba-a6e0-2fcf1336305d', '00e098cb-06ab-4ccb-b5d7-efefd07c2341', 'https://image.tmdb.org/t/p/w1280/ufqytAlziHq5pljKByGJ8IKhtEZ.jpg', 'backdrop', '2026-01-06T17:59:24.325410', '2026-01-06T17:59:24.325410');
INSERT INTO movie_images (id, movie_id, url, type, created_at, updated_at) VALUES ('eef5ac97-0666-4a85-a7ee-f1adcd3fef8b', '00e098cb-06ab-4ccb-b5d7-efefd07c2341', 'https://image.tmdb.org/t/p/w300/dHSz0tSFuO2CsXJ1CApSauP9Ncl.jpg', 'extra', '2026-01-06T17:59:24.325410', '2026-01-06T17:59:24.325410');
INSERT INTO movie_images (id, movie_id, url, type, created_at, updated_at) VALUES ('f6ea3db3-85c7-4f87-bc69-122e16ac71ee', '00e098cb-06ab-4ccb-b5d7-efefd07c2341', 'https://image.tmdb.org/t/p/w300/dL0rr15VD5JbI3XTWlItwJGuLWS.jpg', 'extra', '2026-01-06T17:59:24.325410', '2026-01-06T17:59:24.325410');
INSERT INTO movie_images (id, movie_id, url, type, created_at, updated_at) VALUES ('132cbfbc-1b37-4c69-8875-600bba92ecb6', '00e098cb-06ab-4ccb-b5d7-efefd07c2341', 'https://image.tmdb.org/t/p/w300/oCl3vWqU10qH9dbL5H0fjBGGUJj.jpg', 'extra', '2026-01-06T17:59:24.325410', '2026-01-06T17:59:24.325410');
INSERT INTO movie_images (id, movie_id, url, type, created_at, updated_at) VALUES ('a7341ae1-dd6e-4019-9ccd-a7fbfae11c9a', '00e098cb-06ab-4ccb-b5d7-efefd07c2341', 'https://image.tmdb.org/t/p/w300/hfwzCPUjsCeEKmo9ch5uFmrjRbx.jpg', 'extra', '2026-01-06T17:59:24.325410', '2026-01-06T17:59:24.325410');
INSERT INTO movies (id, title, language, projection_start_date, projection_end_date, director_full_name, synopsis, pg_rating, duration_in_minutes, trailer_url, created_at, updated_at) VALUES ('2a4a1249-4d6b-4e49-8edd-1c5241639ee3', 'Frankenstein', 'EN', '2026-01-06', '2026-03-25', 'Michael Brown', 'Dr. Victor Frankenstein, a brilliant but egotistical scientist, brings a creature to life in a monstrous experiment that ultimately leads to the undoing of both the creator and his tragic creation.', 'PG-13', '150', 'https://www.youtube.com/watch?v=9WZllcEgWrM', '2026-01-06T17:59:29.138832', '2026-01-06T17:59:29.138832');
INSERT INTO movie_images (id, movie_id, url, type, created_at, updated_at) VALUES ('9b01e770-7d7d-4e3b-938d-4fbdcec90722', '2a4a1249-4d6b-4e49-8edd-1c5241639ee3', 'https://image.tmdb.org/t/p/w342/g4JtvGlQO7DByTI6frUobqvSL3R.jpg', 'poster', '2026-01-06T17:59:29.138832', '2026-01-06T17:59:29.138832');
INSERT INTO movie_images (id, movie_id, url, type, created_at, updated_at) VALUES ('b3d3d043-4ab6-4341-a812-f98a5e3be457', '2a4a1249-4d6b-4e49-8edd-1c5241639ee3', 'https://image.tmdb.org/t/p/w1280/ceyakefyCRAgyeFhefa2bz6d9QO.jpg', 'backdrop', '2026-01-06T17:59:29.138832', '2026-01-06T17:59:29.138832');
INSERT INTO movie_images (id, movie_id, url, type, created_at, updated_at) VALUES ('ba6ebb12-aa08-4d1e-b9f9-43c79ca523f3', '2a4a1249-4d6b-4e49-8edd-1c5241639ee3', 'https://image.tmdb.org/t/p/w300/hpXBJxLD2SEf8l2CspmSeiHrBKX.jpg', 'extra', '2026-01-06T17:59:29.138832', '2026-01-06T17:59:29.138832');
INSERT INTO movie_images (id, movie_id, url, type, created_at, updated_at) VALUES ('6b394123-47c6-4889-8e14-cf551dbd806a', '2a4a1249-4d6b-4e49-8edd-1c5241639ee3', 'https://image.tmdb.org/t/p/w300/vrjRcY43fHBNQqx0El0ZZzo7HZb.jpg', 'extra', '2026-01-06T17:59:29.138832', '2026-01-06T17:59:29.138832');
INSERT INTO movie_images (id, movie_id, url, type, created_at, updated_at) VALUES ('3f6337e4-2cc8-4851-a53b-3559df926643', '2a4a1249-4d6b-4e49-8edd-1c5241639ee3', 'https://image.tmdb.org/t/p/w300/sy7Y4jCDsGPCzoQIEmxqAgPjAgr.jpg', 'extra', '2026-01-06T17:59:29.138832', '2026-01-06T17:59:29.138832');
INSERT INTO movie_images (id, movie_id, url, type, created_at, updated_at) VALUES ('46177cab-3e2a-4428-b2f9-39e2ab97167d', '2a4a1249-4d6b-4e49-8edd-1c5241639ee3', 'https://image.tmdb.org/t/p/w300/i9JWf8ivhykQzQZNwp2qdwExdhd.jpg', 'extra', '2026-01-06T17:59:29.138832', '2026-01-06T17:59:29.138832');
INSERT INTO movies (id, title, language, projection_start_date, projection_end_date, director_full_name, synopsis, pg_rating, duration_in_minutes, trailer_url, created_at, updated_at) VALUES ('7adb77f4-f820-4075-9a5d-c5bcc9cf0e5f', 'Jurassic World Rebirth', 'EN', '2026-01-06', '2026-03-19', 'Emma Wilson', 'Five years after the events of Jurassic World Dominion, covert operations expert Zora Bennett is contracted to lead a skilled team on a top-secret mission to secure genetic material from the world''s three most massive dinosaurs. When Zora''s operation intersects with a civilian family whose boating expedition was capsized, they all find themselves stranded on an island where they come face-to-face with a sinister, shocking discovery that''s been hidden from the world for decades.', 'PG-13', '134', 'https://www.youtube.com/watch?v=2ZhB-YO5Tnk', '2026-01-06T17:59:35.158022', '2026-01-06T17:59:35.158022');
INSERT INTO movie_images (id, movie_id, url, type, created_at, updated_at) VALUES ('9ffda50e-12ef-46fa-a579-fd3b1a421b2b', '7adb77f4-f820-4075-9a5d-c5bcc9cf0e5f', 'https://image.tmdb.org/t/p/w342/zuEC2i3I2P7QIcLoUJNBwqRYO4S.jpg', 'poster', '2026-01-06T17:59:35.158022', '2026-01-06T17:59:35.158022');
INSERT INTO movie_images (id, movie_id, url, type, created_at, updated_at) VALUES ('597d33d4-293c-4a0e-8bd9-d61a67c797f2', '7adb77f4-f820-4075-9a5d-c5bcc9cf0e5f', 'https://image.tmdb.org/t/p/w1280/zVQE3N96tzPZqcB0Gmiq3Z0NOQL.jpg', 'backdrop', '2026-01-06T17:59:35.158022', '2026-01-06T17:59:35.158022');
INSERT INTO movie_images (id, movie_id, url, type, created_at, updated_at) VALUES ('31b63b5d-b6c9-489f-aaa0-aa222e5c14b9', '7adb77f4-f820-4075-9a5d-c5bcc9cf0e5f', 'https://image.tmdb.org/t/p/w300/fQOV47FHTJdaSuSUNlzP3zXUZWE.jpg', 'extra', '2026-01-06T17:59:35.158022', '2026-01-06T17:59:35.158022');
INSERT INTO movie_images (id, movie_id, url, type, created_at, updated_at) VALUES ('7396727e-6d70-4c17-8c8a-bb343823288b', '7adb77f4-f820-4075-9a5d-c5bcc9cf0e5f', 'https://image.tmdb.org/t/p/w300/fncHijpWjitFBmj7SX5z148XEhP.jpg', 'extra', '2026-01-06T17:59:35.158022', '2026-01-06T17:59:35.158022');
INSERT INTO movie_images (id, movie_id, url, type, created_at, updated_at) VALUES ('d2f2292f-064b-4852-9764-0a67b922f9ca', '7adb77f4-f820-4075-9a5d-c5bcc9cf0e5f', 'https://image.tmdb.org/t/p/w300/zNriRTr0kWwyaXPzdg1EIxf0BWk.jpg', 'extra', '2026-01-06T17:59:35.158022', '2026-01-06T17:59:35.158022');
INSERT INTO movie_images (id, movie_id, url, type, created_at, updated_at) VALUES ('8946d399-8f92-4000-9e10-06281fee0829', '7adb77f4-f820-4075-9a5d-c5bcc9cf0e5f', 'https://image.tmdb.org/t/p/w300/8fA0Gr4vJNPOd0jyqWKU7ef8DoH.jpg', 'extra', '2026-01-06T17:59:35.158022', '2026-01-06T17:59:35.158022');
INSERT INTO movies (id, title, language, projection_start_date, projection_end_date, director_full_name, synopsis, pg_rating, duration_in_minutes, trailer_url, created_at, updated_at) VALUES ('213ba3c4-549e-4c36-b0c7-b2d7ff13fb22', 'One Battle After Another', 'EN', '2026-01-06', '2026-02-06', 'Sam Lee', 'Washed-up revolutionary Bob exists in a state of stoned paranoia, surviving off-grid with his spirited, self-reliant daughter, Willa. When his evil nemesis resurfaces after 16 years and she goes missing, the former radical scrambles to find her, father and daughter both battling the consequences of his past.', 'PG-13', '162', 'https://www.youtube.com/watch?v=u6GVb4p7oD4', '2026-01-06T17:59:40.732675', '2026-01-06T17:59:40.732675');
INSERT INTO movie_images (id, movie_id, url, type, created_at, updated_at) VALUES ('5c797c97-1d2d-47e8-86c5-891cbc9a750e', '213ba3c4-549e-4c36-b0c7-b2d7ff13fb22', 'https://image.tmdb.org/t/p/w342/mPKI17bw3qbv9h5wbrpUAlbanjw.jpg', 'poster', '2026-01-06T17:59:40.732675', '2026-01-06T17:59:40.732675');
INSERT INTO movie_images (id, movie_id, url, type, created_at, updated_at) VALUES ('6924bab4-8800-4c69-8898-a06e0bff1022', '213ba3c4-549e-4c36-b0c7-b2d7ff13fb22', 'https://image.tmdb.org/t/p/w1280/zpEWFNqoN8Qg1SzMMHmaGyOBTdW.jpg', 'backdrop', '2026-01-06T17:59:40.732675', '2026-01-06T17:59:40.732675');
INSERT INTO movie_images (id, movie_id, url, type, created_at, updated_at) VALUES ('bd3c2c9d-8c36-4bbc-b3e4-bc5820b32bd5', '213ba3c4-549e-4c36-b0c7-b2d7ff13fb22', 'https://image.tmdb.org/t/p/w300/si68lkhkMfIospVeLEBtl7HWKDh.jpg', 'extra', '2026-01-06T17:59:40.732675', '2026-01-06T17:59:40.732675');
INSERT INTO movie_images (id, movie_id, url, type, created_at, updated_at) VALUES ('91cf33e4-a1f6-45de-9954-6e50bb16e64b', '213ba3c4-549e-4c36-b0c7-b2d7ff13fb22', 'https://image.tmdb.org/t/p/w300/nyvyWsZJkqtHJ0SLVOoWc141cEg.jpg', 'extra', '2026-01-06T17:59:40.732675', '2026-01-06T17:59:40.732675');
INSERT INTO movie_images (id, movie_id, url, type, created_at, updated_at) VALUES ('4799adef-7181-46d0-b55e-ae58261e523e', '213ba3c4-549e-4c36-b0c7-b2d7ff13fb22', 'https://image.tmdb.org/t/p/w300/nIX9kqNNe4ERx3wg3TuzRa2deAM.jpg', 'extra', '2026-01-06T17:59:40.732675', '2026-01-06T17:59:40.732675');
INSERT INTO movie_images (id, movie_id, url, type, created_at, updated_at) VALUES ('beba7f22-bad7-441c-9af2-15d91f1ec684', '213ba3c4-549e-4c36-b0c7-b2d7ff13fb22', 'https://image.tmdb.org/t/p/w300/bg68ukcSn5HcMSX48NwcdNM8wNk.jpg', 'extra', '2026-01-06T17:59:40.732675', '2026-01-06T17:59:40.732675');
INSERT INTO movies (id, title, language, projection_start_date, projection_end_date, director_full_name, synopsis, pg_rating, duration_in_minutes, trailer_url, created_at, updated_at) VALUES ('dbd7eb8d-8349-4e02-b238-dbd6ba194039', 'Interstellar', 'EN', '2026-01-06', '2026-03-23', 'Sam Lee', 'The adventures of a group of explorers who make use of a newly discovered wormhole to surpass the limitations on human space travel and conquer the vast distances involved in an interstellar voyage.', 'PG-13', '169', 'https://www.youtube.com/watch?v=LY19rHKAaAg', '2026-01-06T17:59:45.351027', '2026-01-06T17:59:45.351027');
INSERT INTO movie_images (id, movie_id, url, type, created_at, updated_at) VALUES ('c5614525-c011-4d6b-8453-60baaab77d0a', 'dbd7eb8d-8349-4e02-b238-dbd6ba194039', 'https://image.tmdb.org/t/p/w342/gEU2QniE6E77NI6lCU6MxlNBvIx.jpg', 'poster', '2026-01-06T17:59:45.351027', '2026-01-06T17:59:45.351027');
INSERT INTO movie_images (id, movie_id, url, type, created_at, updated_at) VALUES ('5fd2e66b-a555-471f-ada8-a486de336e0d', 'dbd7eb8d-8349-4e02-b238-dbd6ba194039', 'https://image.tmdb.org/t/p/w1280/5XNQBqnBwPA9yT0jZ0p3s8bbLh0.jpg', 'backdrop', '2026-01-06T17:59:45.351027', '2026-01-06T17:59:45.351027');
INSERT INTO movie_images (id, movie_id, url, type, created_at, updated_at) VALUES ('5da82e20-8efe-4997-b438-b9ba2269a099', 'dbd7eb8d-8349-4e02-b238-dbd6ba194039', 'https://image.tmdb.org/t/p/w300/vgnoBSVzWAV9sNQUORaDGvDp7wx.jpg', 'extra', '2026-01-06T17:59:45.351027', '2026-01-06T17:59:45.351027');
INSERT INTO movie_images (id, movie_id, url, type, created_at, updated_at) VALUES ('82b11c8c-045f-43fb-b707-2ea3f3fc8ce6', 'dbd7eb8d-8349-4e02-b238-dbd6ba194039', 'https://image.tmdb.org/t/p/w300/8sNiAPPYU14PUepFNeSNGUTiHW.jpg', 'extra', '2026-01-06T17:59:45.351027', '2026-01-06T17:59:45.351027');
INSERT INTO movie_images (id, movie_id, url, type, created_at, updated_at) VALUES ('5b4662c1-4095-41bd-a0fb-df675c27de6d', 'dbd7eb8d-8349-4e02-b238-dbd6ba194039', 'https://image.tmdb.org/t/p/w300/9REO1DLpmwhrBJY3mYW5eVxkXFM.jpg', 'extra', '2026-01-06T17:59:45.351027', '2026-01-06T17:59:45.351027');
INSERT INTO movie_images (id, movie_id, url, type, created_at, updated_at) VALUES ('1e729ef2-def9-425a-80bb-7542d4f17434', 'dbd7eb8d-8349-4e02-b238-dbd6ba194039', 'https://image.tmdb.org/t/p/w300/xJHokMbljvjADYdit5fK5VQsXEG.jpg', 'extra', '2026-01-06T17:59:45.351027', '2026-01-06T17:59:45.351027');
INSERT INTO movies (id, title, language, projection_start_date, projection_end_date, director_full_name, synopsis, pg_rating, duration_in_minutes, trailer_url, created_at, updated_at) VALUES ('866f5eb1-cba8-46b8-b698-7dc546f53632', 'Harry Potter and the Prisoner of Azkaban', 'EN', '2026-01-06', '2026-03-08', 'Chris Taylor', 'Year three at Hogwarts means new fun and challenges as Harry learns the delicate art of approaching a Hippogriff, transforming shape-shifting Boggarts into hilarity and even turning back time. But the term also brings danger: soul-sucking Dementors hover over the school, an ally of the accursed He-Who-Cannot-Be-Named lurks within the castle walls, and fearsome wizard Sirius Black escapes Azkaban. And Harry will confront them all.', 'PG-13', '141', 'https://www.youtube.com/watch?v=VwErvYgoH70', '2026-01-06T17:59:49.809951', '2026-01-06T17:59:49.809951');
INSERT INTO movie_images (id, movie_id, url, type, created_at, updated_at) VALUES ('bcef260b-c367-4cd6-98ae-89c55108edda', '866f5eb1-cba8-46b8-b698-7dc546f53632', 'https://image.tmdb.org/t/p/w342/gVt7hhFNZF2r5EuBT3c9FnudWW8.jpg', 'poster', '2026-01-06T17:59:49.809951', '2026-01-06T17:59:49.809951');
INSERT INTO movie_images (id, movie_id, url, type, created_at, updated_at) VALUES ('eee63203-013f-4846-9a45-5df2c5a031a0', '866f5eb1-cba8-46b8-b698-7dc546f53632', 'https://image.tmdb.org/t/p/w1280/ktj07Eajol5Y2aTQpvTADiQZXJV.jpg', 'backdrop', '2026-01-06T17:59:49.809951', '2026-01-06T17:59:49.809951');
INSERT INTO movie_images (id, movie_id, url, type, created_at, updated_at) VALUES ('0ac48921-9013-4346-8d3d-0ce534df2f09', '866f5eb1-cba8-46b8-b698-7dc546f53632', 'https://image.tmdb.org/t/p/w300/vbk5CfaAHOjQPSAcYm6AoRRz2Af.jpg', 'extra', '2026-01-06T17:59:49.809951', '2026-01-06T17:59:49.809951');
INSERT INTO movie_images (id, movie_id, url, type, created_at, updated_at) VALUES ('8c61a330-f1b3-4344-bdd1-9221ed649321', '866f5eb1-cba8-46b8-b698-7dc546f53632', 'https://image.tmdb.org/t/p/w300/fVgBU3KJAWHS55FPdbsZQ3YQG2Z.jpg', 'extra', '2026-01-06T17:59:49.809951', '2026-01-06T17:59:49.809951');
INSERT INTO movie_images (id, movie_id, url, type, created_at, updated_at) VALUES ('90056c03-ddd0-4d7a-8303-7b449db586d6', '866f5eb1-cba8-46b8-b698-7dc546f53632', 'https://image.tmdb.org/t/p/w300/v2K8QaAQD0pmEaUTUeV8MXMq1qx.jpg', 'extra', '2026-01-06T17:59:49.809951', '2026-01-06T17:59:49.809951');
INSERT INTO movie_images (id, movie_id, url, type, created_at, updated_at) VALUES ('a2cabf65-0c28-4287-8af2-19c6b651b4ff', '866f5eb1-cba8-46b8-b698-7dc546f53632', 'https://image.tmdb.org/t/p/w300/obKmfNexgL4ZP5cAmzdL4KbHHYX.jpg', 'extra', '2026-01-06T17:59:49.809951', '2026-01-06T17:59:49.809951');
INSERT INTO movies (id, title, language, projection_start_date, projection_end_date, director_full_name, synopsis, pg_rating, duration_in_minutes, trailer_url, created_at, updated_at) VALUES ('2e7935d6-b760-40a0-8e5c-4e97124f5763', 'The Godfather', 'EN', '2026-01-06', '2026-03-10', 'John Doe', 'Spanning the years 1945 to 1955, a chronicle of the fictional Italian-American Corleone crime family. When organized crime family patriarch, Vito Corleone barely survives an attempt on his life, his youngest son, Michael steps in to take care of the would-be killers, launching a campaign of bloody revenge.', 'PG-13', '175', 'https://www.youtube.com/watch?v=Ew9ngL1GZvs', '2026-01-06T17:59:53.429619', '2026-01-06T17:59:53.429619');
INSERT INTO movie_images (id, movie_id, url, type, created_at, updated_at) VALUES ('2be1ecac-ddc0-449c-bb23-d0fa6190dae4', '2e7935d6-b760-40a0-8e5c-4e97124f5763', 'https://image.tmdb.org/t/p/w342/3bhkrj58Vtu7enYsRolD1fZdja1.jpg', 'poster', '2026-01-06T17:59:53.429619', '2026-01-06T17:59:53.429619');
INSERT INTO movie_images (id, movie_id, url, type, created_at, updated_at) VALUES ('b260bdb6-a701-4504-93c0-08ad81309e8c', '2e7935d6-b760-40a0-8e5c-4e97124f5763', 'https://image.tmdb.org/t/p/w1280/tSPT36ZKlP2WVHJLM4cQPLSzv3b.jpg', 'backdrop', '2026-01-06T17:59:53.429619', '2026-01-06T17:59:53.429619');
INSERT INTO movie_images (id, movie_id, url, type, created_at, updated_at) VALUES ('920194cf-d3ec-44de-a5b1-b2ac240d14e1', '2e7935d6-b760-40a0-8e5c-4e97124f5763', 'https://image.tmdb.org/t/p/w300/AbgEQO2mneCSOc8CSnOMa8pBS8I.jpg', 'extra', '2026-01-06T17:59:53.429619', '2026-01-06T17:59:53.429619');
INSERT INTO movie_images (id, movie_id, url, type, created_at, updated_at) VALUES ('52ff639b-37f0-473f-bbab-d951d8b14cc7', '2e7935d6-b760-40a0-8e5c-4e97124f5763', 'https://image.tmdb.org/t/p/w300/ejdD20cdHNFAYAN2DlqPToXKyzx.jpg', 'extra', '2026-01-06T17:59:53.429619', '2026-01-06T17:59:53.429619');
INSERT INTO movie_images (id, movie_id, url, type, created_at, updated_at) VALUES ('cbc4d38f-3024-4ec8-b0fe-027137a6f71f', '2e7935d6-b760-40a0-8e5c-4e97124f5763', 'https://image.tmdb.org/t/p/w300/tmU7GeKVybMWFButWEGl2M4GeiP.jpg', 'extra', '2026-01-06T17:59:53.429619', '2026-01-06T17:59:53.429619');
INSERT INTO movie_images (id, movie_id, url, type, created_at, updated_at) VALUES ('e14302d4-73e8-4390-9dc8-cd0e39e0b3be', '2e7935d6-b760-40a0-8e5c-4e97124f5763', 'https://image.tmdb.org/t/p/w300/39rtAdg3yx6IDxRg0ZLXefv0aPY.jpg', 'extra', '2026-01-06T17:59:53.429619', '2026-01-06T17:59:53.429619');
INSERT INTO movies (id, title, language, projection_start_date, projection_end_date, director_full_name, synopsis, pg_rating, duration_in_minutes, trailer_url, created_at, updated_at) VALUES ('a6e01a83-78c1-4a12-a0b0-79b525a4eeba', 'Inception', 'EN', '2026-03-06', '2026-05-10', 'Alex Johnson', 'Cobb, a skilled thief who commits corporate espionage by infiltrating the subconscious of his targets is offered a chance to regain his old life as payment for a task considered to be impossible: "inception", the implantation of another person''s idea into a target''s subconscious.', 'PG-13', '148', 'https://www.youtube.com/watch?v=cdx31ak4KbQ', '2026-01-06T17:59:56.984382', '2026-01-06T17:59:56.984382');
INSERT INTO movie_images (id, movie_id, url, type, created_at, updated_at) VALUES ('40005b41-bf31-4aa7-8939-daf98ef361a1', 'a6e01a83-78c1-4a12-a0b0-79b525a4eeba', 'https://image.tmdb.org/t/p/w342/tXQvtRWfkUUnWJAn2tN3jERIUG.jpg', 'poster', '2026-01-06T17:59:56.984382', '2026-01-06T17:59:56.984382');
INSERT INTO movie_images (id, movie_id, url, type, created_at, updated_at) VALUES ('852a062e-1ece-4c8d-89db-7291e470a3f6', 'a6e01a83-78c1-4a12-a0b0-79b525a4eeba', 'https://image.tmdb.org/t/p/w1280/ii8QGacT3MXESqBckQlyrATY0lT.jpg', 'backdrop', '2026-01-06T17:59:56.984382', '2026-01-06T17:59:56.984382');
INSERT INTO movie_images (id, movie_id, url, type, created_at, updated_at) VALUES ('a89ad044-f513-415f-b7e0-d02e1dcb9180', 'a6e01a83-78c1-4a12-a0b0-79b525a4eeba', 'https://image.tmdb.org/t/p/w300/8ZTVqvKDQ8emSGUEMjsS4yHAwrp.jpg', 'extra', '2026-01-06T17:59:56.984382', '2026-01-06T17:59:56.984382');
INSERT INTO movie_images (id, movie_id, url, type, created_at, updated_at) VALUES ('a1304370-85df-4de0-99da-9b7e08d4f7c3', 'a6e01a83-78c1-4a12-a0b0-79b525a4eeba', 'https://image.tmdb.org/t/p/w300/s3TBrRGB1iav7gFOCNx3H31MoES.jpg', 'extra', '2026-01-06T17:59:56.984382', '2026-01-06T17:59:56.984382');
INSERT INTO movie_images (id, movie_id, url, type, created_at, updated_at) VALUES ('2e4ce1c9-ceb2-45a1-a9fe-c8ea2d366a51', 'a6e01a83-78c1-4a12-a0b0-79b525a4eeba', 'https://image.tmdb.org/t/p/w300/gqby0RhyehP3uRrzmdyUZ0CgPPe.jpg', 'extra', '2026-01-06T17:59:56.984382', '2026-01-06T17:59:56.984382');
INSERT INTO movie_images (id, movie_id, url, type, created_at, updated_at) VALUES ('01d15071-b3b8-482e-803f-98bebe849591', 'a6e01a83-78c1-4a12-a0b0-79b525a4eeba', 'https://image.tmdb.org/t/p/w300/zlIBglEnHkxmPGVwEfywC7hXncb.jpg', 'extra', '2026-01-06T17:59:56.984382', '2026-01-06T17:59:56.984382');
INSERT INTO movies (id, title, language, projection_start_date, projection_end_date, director_full_name, synopsis, pg_rating, duration_in_minutes, trailer_url, created_at, updated_at) VALUES ('dde53e45-0245-4246-982a-3829202ae973', 'Zootopia 2', 'EN', '2026-04-01', '2026-06-21', 'Emma Wilson', 'After cracking the biggest case in Zootopia''s history, rookie cops Judy Hopps and Nick Wilde find themselves on the twisting trail of a great mystery when Gary De''Snake arrives and turns the animal metropolis upside down. To crack the case, Judy and Nick must go undercover to unexpected new parts of town, where their growing partnership is tested like never before.', 'PG-13', '107', 'https://www.youtube.com/watch?v=sEgPQ7HKoBA', '2026-01-06T18:00:00.690174', '2026-01-06T18:00:00.690174');
INSERT INTO movie_images (id, movie_id, url, type, created_at, updated_at) VALUES ('1008272a-afa6-4775-a53e-1f3b151c1fff', 'dde53e45-0245-4246-982a-3829202ae973', 'https://image.tmdb.org/t/p/w342/ib6v6qUXzez1x2qIOLN7C0yJNPQ.jpg', 'poster', '2026-01-06T18:00:00.690174', '2026-01-06T18:00:00.690174');
INSERT INTO movie_images (id, movie_id, url, type, created_at, updated_at) VALUES ('cafe97b4-49cf-4369-8ce2-1eb0a622a77b', 'dde53e45-0245-4246-982a-3829202ae973', 'https://image.tmdb.org/t/p/w1280/5h2EsPKNDdB3MAtOk9MB9Ycg9Rz.jpg', 'backdrop', '2026-01-06T18:00:00.690174', '2026-01-06T18:00:00.690174');
INSERT INTO movie_images (id, movie_id, url, type, created_at, updated_at) VALUES ('607c8874-697e-46cf-a08e-35927014d119', 'dde53e45-0245-4246-982a-3829202ae973', 'https://image.tmdb.org/t/p/w300/7nfpkR9XsQ1lBNCXSSHxGV7Dkxe.jpg', 'extra', '2026-01-06T18:00:00.690174', '2026-01-06T18:00:00.690174');
INSERT INTO movie_images (id, movie_id, url, type, created_at, updated_at) VALUES ('a1addd79-fa44-4987-b04a-0b90df4147dd', 'dde53e45-0245-4246-982a-3829202ae973', 'https://image.tmdb.org/t/p/w300/zdva2LmrzZ0OdTI27ayzKPw0wkF.jpg', 'extra', '2026-01-06T18:00:00.690174', '2026-01-06T18:00:00.690174');
INSERT INTO movie_images (id, movie_id, url, type, created_at, updated_at) VALUES ('77111801-e28b-41c6-858b-ca6986b07a0e', 'dde53e45-0245-4246-982a-3829202ae973', 'https://image.tmdb.org/t/p/w300/iAMxwAtriQkAOTt1jeGER0oLMNN.jpg', 'extra', '2026-01-06T18:00:00.690174', '2026-01-06T18:00:00.690174');
INSERT INTO movie_images (id, movie_id, url, type, created_at, updated_at) VALUES ('4c169866-aaad-422f-ae00-55eb0fad2efc', 'dde53e45-0245-4246-982a-3829202ae973', 'https://image.tmdb.org/t/p/w300/hi6h3ACrwAswclPEt4VTCeqGfTK.jpg', 'extra', '2026-01-06T18:00:00.690174', '2026-01-06T18:00:00.690174');
INSERT INTO movies (id, title, language, projection_start_date, projection_end_date, director_full_name, synopsis, pg_rating, duration_in_minutes, trailer_url, created_at, updated_at) VALUES ('f87b3737-bf0b-4b61-ab06-48523e27f7ba', 'Inside Out 2', 'EN', '2026-05-06', '2026-07-15', 'Linda Carter', 'Teenager Riley''s mind headquarters is undergoing a sudden demolition to make room for something entirely unexpected: new Emotions! Joy, Sadness, Anger, Fear and Disgust, whove long been running a successful operation by all accounts, arent sure how to feel when Anxiety shows up. And it looks like shes not alone.', 'PG-13', '97', 'https://www.youtube.com/watch?v=u69y5Ie519M', '2026-01-06T18:00:04.779401', '2026-01-06T18:00:04.779401');
INSERT INTO movie_images (id, movie_id, url, type, created_at, updated_at) VALUES ('11eb9ff5-8b2b-47b6-b961-43a78ea43ade', 'f87b3737-bf0b-4b61-ab06-48523e27f7ba', 'https://image.tmdb.org/t/p/w342/xYqeUheNCep7ll9AotOcclGhP0X.jpg', 'poster', '2026-01-06T18:00:04.779401', '2026-01-06T18:00:04.779401');
INSERT INTO movie_images (id, movie_id, url, type, created_at, updated_at) VALUES ('8a118df9-9709-4e36-a90c-a49c69069bd4', 'f87b3737-bf0b-4b61-ab06-48523e27f7ba', 'https://image.tmdb.org/t/p/w1280/p5ozvmdgsmbWe0H8Xk7Rc8SCwAB.jpg', 'backdrop', '2026-01-06T18:00:04.779401', '2026-01-06T18:00:04.779401');
INSERT INTO movie_images (id, movie_id, url, type, created_at, updated_at) VALUES ('73672036-0202-4bd2-a960-6f9ae9eecda9', 'f87b3737-bf0b-4b61-ab06-48523e27f7ba', 'https://image.tmdb.org/t/p/w300/xg27NrXi7VXCGUr7MG75UqLl6Vg.jpg', 'extra', '2026-01-06T18:00:04.779401', '2026-01-06T18:00:04.779401');
INSERT INTO movie_images (id, movie_id, url, type, created_at, updated_at) VALUES ('a49e185d-261e-46ee-b4f4-5e98a2522adc', 'f87b3737-bf0b-4b61-ab06-48523e27f7ba', 'https://image.tmdb.org/t/p/w300/coATv42PoiLqAFKStJiMZs2r6Zb.jpg', 'extra', '2026-01-06T18:00:04.779401', '2026-01-06T18:00:04.779401');
INSERT INTO movie_images (id, movie_id, url, type, created_at, updated_at) VALUES ('335fe63b-e811-486d-9167-808b2e09d99f', 'f87b3737-bf0b-4b61-ab06-48523e27f7ba', 'https://image.tmdb.org/t/p/w300/uVu2fBc114un7F1GD76RBouWyBP.jpg', 'extra', '2026-01-06T18:00:04.779401', '2026-01-06T18:00:04.779401');
INSERT INTO movie_images (id, movie_id, url, type, created_at, updated_at) VALUES ('9109f82a-7478-4e25-83e3-d5b12f514db8', 'f87b3737-bf0b-4b61-ab06-48523e27f7ba', 'https://image.tmdb.org/t/p/w300/stKGOm8UyhuLPR9sZLjs5AkmncA.jpg', 'extra', '2026-01-06T18:00:04.779401', '2026-01-06T18:00:04.779401');
INSERT INTO movies (id, title, language, projection_start_date, projection_end_date, director_full_name, synopsis, pg_rating, duration_in_minutes, trailer_url, created_at, updated_at) VALUES ('4db689ca-1212-4f39-908b-4a8804221c8f', 'The Dark Knight', 'EN', '2026-04-27', '2026-08-09', 'Pat Morgan', 'Batman raises the stakes in his war on crime. With the help of Lt. Jim Gordon and District Attorney Harvey Dent, Batman sets out to dismantle the remaining criminal organizations that plague the streets. The partnership proves to be effective, but they soon find themselves prey to a reign of chaos unleashed by a rising criminal mastermind known to the terrified citizens of Gotham as the Joker.', 'PG-13', '152', 'https://www.youtube.com/watch?v=vbjYVETxZqM', '2026-01-06T18:00:08.522859', '2026-01-06T18:00:08.522859');
INSERT INTO movie_images (id, movie_id, url, type, created_at, updated_at) VALUES ('e5150e8f-592a-48e8-a895-caf0b3754948', '4db689ca-1212-4f39-908b-4a8804221c8f', 'https://image.tmdb.org/t/p/w342/qJ2tW6WMUDux911r6m7haRef0WH.jpg', 'poster', '2026-01-06T18:00:08.522859', '2026-01-06T18:00:08.522859');
INSERT INTO movie_images (id, movie_id, url, type, created_at, updated_at) VALUES ('783899d0-8b46-4fa1-adcc-c8658b48ccbf', '4db689ca-1212-4f39-908b-4a8804221c8f', 'https://image.tmdb.org/t/p/w1280/dGOZdWOB8OpZFVziEOUFhox5wz9.jpg', 'backdrop', '2026-01-06T18:00:08.522859', '2026-01-06T18:00:08.522859');
INSERT INTO movie_images (id, movie_id, url, type, created_at, updated_at) VALUES ('f04c0e63-6892-4ccd-b397-e9f0caf256ca', '4db689ca-1212-4f39-908b-4a8804221c8f', 'https://image.tmdb.org/t/p/w300/cfT29Im5VDvjE0RpyKOSdCKZal7.jpg', 'extra', '2026-01-06T18:00:08.522859', '2026-01-06T18:00:08.522859');
INSERT INTO movie_images (id, movie_id, url, type, created_at, updated_at) VALUES ('c8329016-633d-4286-949b-19e5affce1a5', '4db689ca-1212-4f39-908b-4a8804221c8f', 'https://image.tmdb.org/t/p/w300/dqK9Hag1054tghRQSqLSfrkvQnA.jpg', 'extra', '2026-01-06T18:00:08.522859', '2026-01-06T18:00:08.522859');
INSERT INTO movie_images (id, movie_id, url, type, created_at, updated_at) VALUES ('c8d52e93-dbfd-475d-bd82-feafcea25c51', '4db689ca-1212-4f39-908b-4a8804221c8f', 'https://image.tmdb.org/t/p/w300/x5f2uTfw0Pqc5QI4ch5AHICee2o.jpg', 'extra', '2026-01-06T18:00:08.522859', '2026-01-06T18:00:08.522859');
INSERT INTO movie_images (id, movie_id, url, type, created_at, updated_at) VALUES ('33a78c45-54a5-4121-b182-8fb4227f436d', '4db689ca-1212-4f39-908b-4a8804221c8f', 'https://image.tmdb.org/t/p/w300/nMKdUUepR0i5zn0y1T4CsSB5chy.jpg', 'extra', '2026-01-06T18:00:08.522859', '2026-01-06T18:00:08.522859');
INSERT INTO movies (id, title, language, projection_start_date, projection_end_date, director_full_name, synopsis, pg_rating, duration_in_minutes, trailer_url, created_at, updated_at) VALUES ('ff8012cb-10d6-42fa-a2e7-46f33587def3', 'Home Alone 2: Lost in New York', 'EN', '2026-03-24', '2026-05-26', 'Pat Morgan', 'Instead of flying to Florida with his folks, Kevin ends up alone in New York, where he gets a hotel room with his dad''s credit carddespite problems from a clerk and meddling bellboy. But when Kevin runs into his old nemeses, the Wet Bandits, he''s determined to foil their plans to rob a toy store on Christmas Eve.', 'PG-13', '120', 'https://www.youtube.com/watch?v=k0kJieJ1k6k', '2026-01-06T18:00:13.162566', '2026-01-06T18:00:13.162566');
INSERT INTO movie_images (id, movie_id, url, type, created_at, updated_at) VALUES ('f1aa0482-0855-430f-95e6-f7d9dddc9ebe', 'ff8012cb-10d6-42fa-a2e7-46f33587def3', 'https://image.tmdb.org/t/p/w342/7sdiRUyc0ANHJptPhsgb1KL6hoq.jpg', 'poster', '2026-01-06T18:00:13.162566', '2026-01-06T18:00:13.162566');
INSERT INTO movie_images (id, movie_id, url, type, created_at, updated_at) VALUES ('b16f4865-7d6c-4054-8a0b-915ae0267b3d', 'ff8012cb-10d6-42fa-a2e7-46f33587def3', 'https://image.tmdb.org/t/p/w1280/8fnYJPoXxwAN4valDLgz2whMGTH.jpg', 'backdrop', '2026-01-06T18:00:13.162566', '2026-01-06T18:00:13.162566');
INSERT INTO movie_images (id, movie_id, url, type, created_at, updated_at) VALUES ('64470c9d-91ed-49a8-bf55-ec4e1c834ad2', 'ff8012cb-10d6-42fa-a2e7-46f33587def3', 'https://image.tmdb.org/t/p/w300/dGiPJO75b9GmXqxvusbKlcYrDcg.jpg', 'extra', '2026-01-06T18:00:13.162566', '2026-01-06T18:00:13.162566');
INSERT INTO movie_images (id, movie_id, url, type, created_at, updated_at) VALUES ('99bdbed8-f7d2-40e6-af03-8d9048f44e6b', 'ff8012cb-10d6-42fa-a2e7-46f33587def3', 'https://image.tmdb.org/t/p/w300/kjby7cr8JnIPkfqMGKutOFrM2at.jpg', 'extra', '2026-01-06T18:00:13.162566', '2026-01-06T18:00:13.162566');
INSERT INTO movie_images (id, movie_id, url, type, created_at, updated_at) VALUES ('54270f5f-0ae2-4479-8c12-32e09c680b53', 'ff8012cb-10d6-42fa-a2e7-46f33587def3', 'https://image.tmdb.org/t/p/w300/gxwYr2jtBzMvp85lbCr9ooJMFPc.jpg', 'extra', '2026-01-06T18:00:13.162566', '2026-01-06T18:00:13.162566');
INSERT INTO movie_images (id, movie_id, url, type, created_at, updated_at) VALUES ('fec582df-73a7-4ef6-8e95-273e3a43f0ca', 'ff8012cb-10d6-42fa-a2e7-46f33587def3', 'https://image.tmdb.org/t/p/w300/mKJiUjCkjiyxBlMPcNORQ4CIAZX.jpg', 'extra', '2026-01-06T18:00:13.162566', '2026-01-06T18:00:13.162566');
INSERT INTO movies (id, title, language, projection_start_date, projection_end_date, director_full_name, synopsis, pg_rating, duration_in_minutes, trailer_url, created_at, updated_at) VALUES ('81e5747a-0cb7-40ed-acc6-3c032f3b4809', 'Harry Potter and the Deathly Hallows: Part 1', 'EN', '2026-04-18', '2026-08-09', 'Linda Carter', 'Harry, Ron and Hermione walk away from their last year at Hogwarts to find and destroy the remaining Horcruxes, putting an end to Voldemort''s bid for immortality. But with Harry''s beloved Dumbledore dead and Voldemort''s unscrupulous Death Eaters on the loose, the world is more dangerous than ever.', 'PG-13', '146', 'https://www.youtube.com/watch?v=MxqsmsA8y5k', '2026-01-06T18:00:16.845136', '2026-01-06T18:00:16.845136');
INSERT INTO movie_images (id, movie_id, url, type, created_at, updated_at) VALUES ('ef3882db-1e40-4434-a92a-fbc1796d1d23', '81e5747a-0cb7-40ed-acc6-3c032f3b4809', 'https://image.tmdb.org/t/p/w342/iGoXIpQb7Pot00EEdwpwPajheZ5.jpg', 'poster', '2026-01-06T18:00:16.845136', '2026-01-06T18:00:16.845136');
INSERT INTO movie_images (id, movie_id, url, type, created_at, updated_at) VALUES ('254f5fc9-fd64-4612-b578-434127e1ec17', '81e5747a-0cb7-40ed-acc6-3c032f3b4809', 'https://image.tmdb.org/t/p/w1280/AqLcLsGGTzAjm3pCCq0CZCQrp6m.jpg', 'backdrop', '2026-01-06T18:00:16.845136', '2026-01-06T18:00:16.845136');
INSERT INTO movie_images (id, movie_id, url, type, created_at, updated_at) VALUES ('cb3690fa-dabf-479f-b0e3-9c0e25f49b19', '81e5747a-0cb7-40ed-acc6-3c032f3b4809', 'https://image.tmdb.org/t/p/w300/39kg1yGt9qxPwMuG1a5ysfe3gfG.jpg', 'extra', '2026-01-06T18:00:16.845136', '2026-01-06T18:00:16.845136');
INSERT INTO movie_images (id, movie_id, url, type, created_at, updated_at) VALUES ('1945ae7c-e4d6-4b4e-be3a-74c8d253c72c', '81e5747a-0cb7-40ed-acc6-3c032f3b4809', 'https://image.tmdb.org/t/p/w300/slW0M2G9txC0aUbftCTm1nYX1K8.jpg', 'extra', '2026-01-06T18:00:16.845136', '2026-01-06T18:00:16.845136');
INSERT INTO movie_images (id, movie_id, url, type, created_at, updated_at) VALUES ('cc600536-9bc1-496a-b4f3-19c0e1f5ffe1', '81e5747a-0cb7-40ed-acc6-3c032f3b4809', 'https://image.tmdb.org/t/p/w300/fXRXpzxUApE3OuXhIqsdavQjCVa.jpg', 'extra', '2026-01-06T18:00:16.845136', '2026-01-06T18:00:16.845136');
INSERT INTO movie_images (id, movie_id, url, type, created_at, updated_at) VALUES ('37bf8bda-6d4f-44f8-b5e4-16d6112af46c', '81e5747a-0cb7-40ed-acc6-3c032f3b4809', 'https://image.tmdb.org/t/p/w300/1K5p4wPrxWttjoUGjfrrOJT5SYo.jpg', 'extra', '2026-01-06T18:00:16.845136', '2026-01-06T18:00:16.845136');
INSERT INTO movies (id, title, language, projection_start_date, projection_end_date, director_full_name, synopsis, pg_rating, duration_in_minutes, trailer_url, created_at, updated_at) VALUES ('f8f51a6b-9e9f-4b1f-924b-100fafbc02d7', 'Oppenheimer', 'EN', '2026-04-03', '2026-08-01', 'Chris Taylor', 'The story of J. Robert Oppenheimer''s role in the development of the atomic bomb during World War II.', 'PG-13', '181', 'https://www.youtube.com/watch?v=qiuSBWVdgLI', '2026-01-06T18:00:20.443121', '2026-01-06T18:00:20.443121');
INSERT INTO movie_images (id, movie_id, url, type, created_at, updated_at) VALUES ('54c6921c-4994-45f7-945e-5a8ad59d871a', 'f8f51a6b-9e9f-4b1f-924b-100fafbc02d7', 'https://image.tmdb.org/t/p/w342/8Gxv8gSFCU0XGDykEGv7zR1n2ua.jpg', 'poster', '2026-01-06T18:00:20.443121', '2026-01-06T18:00:20.443121');
INSERT INTO movie_images (id, movie_id, url, type, created_at, updated_at) VALUES ('2bd2e2b0-0b07-4bf7-92c3-b78a30d63bd3', 'f8f51a6b-9e9f-4b1f-924b-100fafbc02d7', 'https://image.tmdb.org/t/p/w1280/cUIqZd6jJCbO94Txt1CkTs7MSeP.jpg', 'backdrop', '2026-01-06T18:00:20.443121', '2026-01-06T18:00:20.443121');
INSERT INTO movie_images (id, movie_id, url, type, created_at, updated_at) VALUES ('dfe7083c-3f29-4e0b-bf3e-d0e155ee6dec', 'f8f51a6b-9e9f-4b1f-924b-100fafbc02d7', 'https://image.tmdb.org/t/p/w300/7CENyUim29IEsaJhUxIGymCRvPu.jpg', 'extra', '2026-01-06T18:00:20.443121', '2026-01-06T18:00:20.443121');
INSERT INTO movie_images (id, movie_id, url, type, created_at, updated_at) VALUES ('4b658c50-ad48-4c9a-8115-a4569d49ed8a', 'f8f51a6b-9e9f-4b1f-924b-100fafbc02d7', 'https://image.tmdb.org/t/p/w300/ycnO0cjsAROSGJKuMODgRtWsHQw.jpg', 'extra', '2026-01-06T18:00:20.443121', '2026-01-06T18:00:20.443121');
INSERT INTO movie_images (id, movie_id, url, type, created_at, updated_at) VALUES ('a0fc31cf-f35f-47b0-8091-f0be4f25c7aa', 'f8f51a6b-9e9f-4b1f-924b-100fafbc02d7', 'https://image.tmdb.org/t/p/w300/fm6KqXpk3M2HVveHwCrBSSBaO0V.jpg', 'extra', '2026-01-06T18:00:20.443121', '2026-01-06T18:00:20.443121');
INSERT INTO movie_images (id, movie_id, url, type, created_at, updated_at) VALUES ('3188c63e-fa60-4c76-9859-58b77959651b', 'f8f51a6b-9e9f-4b1f-924b-100fafbc02d7', 'https://image.tmdb.org/t/p/w300/neeNHeXjMF5fXoCJRsOmkNGC7q.jpg', 'extra', '2026-01-06T18:00:20.443121', '2026-01-06T18:00:20.443121');
INSERT INTO movies (id, title, language, projection_start_date, projection_end_date, director_full_name, synopsis, pg_rating, duration_in_minutes, trailer_url, created_at, updated_at) VALUES ('413885de-42f2-4232-8e23-3427c295a55b', 'The Shawshank Redemption', 'EN', '2026-03-14', '2026-07-07', 'Chris Taylor', 'Imprisoned in the 1940s for the double murder of his wife and her lover, upstanding banker Andy Dufresne begins a new life at the Shawshank prison, where he puts his accounting skills to work for an amoral warden. During his long stretch in prison, Dufresne comes to be admired by the other inmates -- including an older prisoner named Red -- for his integrity and unquenchable sense of hope.', 'PG-13', '142', 'https://www.youtube.com/watch?v=PLl99DlL6b4', '2026-01-06T18:00:24.570316', '2026-01-06T18:00:24.570316');
INSERT INTO movie_images (id, movie_id, url, type, created_at, updated_at) VALUES ('034d7d68-277f-4933-9a7f-682911cb9011', '413885de-42f2-4232-8e23-3427c295a55b', 'https://image.tmdb.org/t/p/w342/9cqNxx0GxF0bflZmeSMuL5tnGzr.jpg', 'poster', '2026-01-06T18:00:24.570316', '2026-01-06T18:00:24.570316');
INSERT INTO movie_images (id, movie_id, url, type, created_at, updated_at) VALUES ('accd4a51-0a0c-47af-812c-900bdde63e2b', '413885de-42f2-4232-8e23-3427c295a55b', 'https://image.tmdb.org/t/p/w1280/jFkuJbWsciMwgcpOEkJIlxTElEp.jpg', 'backdrop', '2026-01-06T18:00:24.570316', '2026-01-06T18:00:24.570316');
INSERT INTO movie_images (id, movie_id, url, type, created_at, updated_at) VALUES ('5c9673aa-3f6e-44e1-b6d6-b2c396a64658', '413885de-42f2-4232-8e23-3427c295a55b', 'https://image.tmdb.org/t/p/w300/zfbjgQE1uSd9wiPTX4VzsLi0rGG.jpg', 'extra', '2026-01-06T18:00:24.570316', '2026-01-06T18:00:24.570316');
INSERT INTO movie_images (id, movie_id, url, type, created_at, updated_at) VALUES ('76ed450c-4cb9-4fdd-b02c-ff8e25d5c3a8', '413885de-42f2-4232-8e23-3427c295a55b', 'https://image.tmdb.org/t/p/w300/pNjh59JSxChQktamG3LMp9ZoQzp.jpg', 'extra', '2026-01-06T18:00:24.570316', '2026-01-06T18:00:24.570316');
INSERT INTO movie_images (id, movie_id, url, type, created_at, updated_at) VALUES ('8e48267c-c444-4819-bf6f-cdfcfeb57d04', '413885de-42f2-4232-8e23-3427c295a55b', 'https://image.tmdb.org/t/p/w300/kXfqcdQKsToO0OUXHcrrNCHDBzO.jpg', 'extra', '2026-01-06T18:00:24.570316', '2026-01-06T18:00:24.570316');
INSERT INTO movie_images (id, movie_id, url, type, created_at, updated_at) VALUES ('e2a22b67-191d-48c5-98fb-e0bddae95f79', '413885de-42f2-4232-8e23-3427c295a55b', 'https://image.tmdb.org/t/p/w300/v8xVDqt8uCul3c3mgx4VpGCwxJC.jpg', 'extra', '2026-01-06T18:00:24.570316', '2026-01-06T18:00:24.570316');
INSERT INTO movie_cast (id, first_name, last_name, character_full_name, role, movie_id, created_at, updated_at) VALUES ('b66c88a7-5381-44b4-9e7a-6c2b643a0191', 'Sarah', 'Jones', 'Character 1', 'cameo', 'e24ca4ab-0b40-49d4-bb81-39b74b08ab92', '2026-01-06T18:00:26.216442', '2026-01-06T18:00:26.216442');
INSERT INTO movie_cast (id, first_name, last_name, character_full_name, role, movie_id, created_at, updated_at) VALUES ('b2e5755a-5cea-44b2-b986-11e3dc8e8d13', 'Emma', 'Johnson', 'Character 2', 'cameo', 'e24ca4ab-0b40-49d4-bb81-39b74b08ab92', '2026-01-06T18:00:26.216562', '2026-01-06T18:00:26.216562');
INSERT INTO movie_cast (id, first_name, last_name, character_full_name, role, movie_id, created_at, updated_at) VALUES ('3b4dbed5-5cf4-41ad-be47-656662f78402', 'Jane', 'Brown', 'Character 3', 'supporting', 'e24ca4ab-0b40-49d4-bb81-39b74b08ab92', '2026-01-06T18:00:26.216639', '2026-01-06T18:00:26.216639');
INSERT INTO movie_cast (id, first_name, last_name, character_full_name, role, movie_id, created_at, updated_at) VALUES ('5acc0d47-4bf3-42ea-9f0d-473100fe2bc7', 'Sarah', 'Jones', 'Character 4', 'cameo', 'e24ca4ab-0b40-49d4-bb81-39b74b08ab92', '2026-01-06T18:00:26.216703', '2026-01-06T18:00:26.216703');
INSERT INTO movie_cast (id, first_name, last_name, character_full_name, role, movie_id, created_at, updated_at) VALUES ('0706e579-e30d-4be4-8efd-eee0679c26c7', 'Jane', 'Brown', 'Character 5', 'supporting', 'e24ca4ab-0b40-49d4-bb81-39b74b08ab92', '2026-01-06T18:00:26.216765', '2026-01-06T18:00:26.216765');
INSERT INTO movie_cast (id, first_name, last_name, character_full_name, role, movie_id, created_at, updated_at) VALUES ('8caa401c-70b1-4dab-8953-68f491e3e425', 'Emma', 'Smith', 'Character 1', 'lead', '1b31894c-3e68-4a62-855f-f2de45f617b2', '2026-01-06T18:00:26.216840', '2026-01-06T18:00:26.216840');
INSERT INTO movie_cast (id, first_name, last_name, character_full_name, role, movie_id, created_at, updated_at) VALUES ('a60488de-bded-4e90-8f66-1f0f8d55f559', 'Jane', 'Smith', 'Character 2', 'cameo', '1b31894c-3e68-4a62-855f-f2de45f617b2', '2026-01-06T18:00:26.216900', '2026-01-06T18:00:26.216900');
INSERT INTO movie_cast (id, first_name, last_name, character_full_name, role, movie_id, created_at, updated_at) VALUES ('87823630-8960-4a1a-8bb8-081530c814e1', 'Michael', 'Johnson', 'Character 3', 'supporting', '1b31894c-3e68-4a62-855f-f2de45f617b2', '2026-01-06T18:00:26.216971', '2026-01-06T18:00:26.216971');
INSERT INTO movie_cast (id, first_name, last_name, character_full_name, role, movie_id, created_at, updated_at) VALUES ('efe1676b-4e4c-45ce-ab53-b127cbdd0ee6', 'David', 'Johnson', 'Character 4', 'supporting', '1b31894c-3e68-4a62-855f-f2de45f617b2', '2026-01-06T18:00:26.217036', '2026-01-06T18:00:26.217036');
INSERT INTO movie_cast (id, first_name, last_name, character_full_name, role, movie_id, created_at, updated_at) VALUES ('b6c8d1c6-997c-405f-beb7-b7570177befb', 'Jane', 'Williams', 'Character 5', 'lead', '1b31894c-3e68-4a62-855f-f2de45f617b2', '2026-01-06T18:00:26.217103', '2026-01-06T18:00:26.217103');
INSERT INTO movie_cast (id, first_name, last_name, character_full_name, role, movie_id, created_at, updated_at) VALUES ('95995e2d-6cc2-4383-b47d-e236ce91b344', 'Emma', 'Brown', 'Character 1', 'supporting', '5308b870-3f93-4810-ac77-1fd1ae90e3ed', '2026-01-06T18:00:26.217180', '2026-01-06T18:00:26.217180');
INSERT INTO movie_cast (id, first_name, last_name, character_full_name, role, movie_id, created_at, updated_at) VALUES ('51ea1a77-358b-4542-b688-4cb09f013d3e', 'John', 'Williams', 'Character 2', 'lead', '5308b870-3f93-4810-ac77-1fd1ae90e3ed', '2026-01-06T18:00:26.217249', '2026-01-06T18:00:26.217249');
INSERT INTO movie_cast (id, first_name, last_name, character_full_name, role, movie_id, created_at, updated_at) VALUES ('3020649b-3dcd-4438-a455-5e4e4aa2bad9', 'Michael', 'Johnson', 'Character 3', 'cameo', '5308b870-3f93-4810-ac77-1fd1ae90e3ed', '2026-01-06T18:00:26.217318', '2026-01-06T18:00:26.217318');
INSERT INTO movie_cast (id, first_name, last_name, character_full_name, role, movie_id, created_at, updated_at) VALUES ('e078dbc9-7701-4730-8918-01ab21fe5038', 'Michael', 'Smith', 'Character 4', 'cameo', '5308b870-3f93-4810-ac77-1fd1ae90e3ed', '2026-01-06T18:00:26.217385', '2026-01-06T18:00:26.217385');
INSERT INTO movie_cast (id, first_name, last_name, character_full_name, role, movie_id, created_at, updated_at) VALUES ('f4c69a00-f48f-4301-9c99-a62ac05b1c1e', 'Emma', 'Jones', 'Character 5', 'cameo', '5308b870-3f93-4810-ac77-1fd1ae90e3ed', '2026-01-06T18:00:26.217513', '2026-01-06T18:00:26.217513');
INSERT INTO movie_cast (id, first_name, last_name, character_full_name, role, movie_id, created_at, updated_at) VALUES ('1aeee0d9-a032-4573-a8dc-a986dd817120', 'Sarah', 'Johnson', 'Character 1', 'supporting', 'f65415d3-0170-44a7-813d-edc580682be5', '2026-01-06T18:00:26.217634', '2026-01-06T18:00:26.217634');
INSERT INTO movie_cast (id, first_name, last_name, character_full_name, role, movie_id, created_at, updated_at) VALUES ('a89b9d59-8f04-433d-841a-c344200cfd9a', 'Sarah', 'Smith', 'Character 2', 'supporting', 'f65415d3-0170-44a7-813d-edc580682be5', '2026-01-06T18:00:26.217696', '2026-01-06T18:00:26.217696');
INSERT INTO movie_cast (id, first_name, last_name, character_full_name, role, movie_id, created_at, updated_at) VALUES ('833e1f86-b364-4ba1-9ed5-8aeb1aeb7af4', 'Emma', 'Jones', 'Character 3', 'supporting', 'f65415d3-0170-44a7-813d-edc580682be5', '2026-01-06T18:00:26.217760', '2026-01-06T18:00:26.217760');
INSERT INTO movie_cast (id, first_name, last_name, character_full_name, role, movie_id, created_at, updated_at) VALUES ('af3dc2b8-a51c-4d33-be20-b9edb90b1086', 'Michael', 'Williams', 'Character 4', 'lead', 'f65415d3-0170-44a7-813d-edc580682be5', '2026-01-06T18:00:26.217818', '2026-01-06T18:00:26.217818');
INSERT INTO movie_cast (id, first_name, last_name, character_full_name, role, movie_id, created_at, updated_at) VALUES ('a821bbb1-48e1-4a64-b2ab-f74d6a5ed595', 'Jane', 'Williams', 'Character 5', 'cameo', 'f65415d3-0170-44a7-813d-edc580682be5', '2026-01-06T18:00:26.217876', '2026-01-06T18:00:26.217876');
INSERT INTO movie_cast (id, first_name, last_name, character_full_name, role, movie_id, created_at, updated_at) VALUES ('0f99ddff-48cd-43e6-8668-7ec0002243cc', 'Jane', 'Jones', 'Character 1', 'supporting', '9ac21efc-e036-4976-a8d9-6c2bc853ff4a', '2026-01-06T18:00:26.217936', '2026-01-06T18:00:26.217936');
INSERT INTO movie_cast (id, first_name, last_name, character_full_name, role, movie_id, created_at, updated_at) VALUES ('c1dc9dbd-8edf-45e9-9067-827ff2569f1f', 'Sarah', 'Brown', 'Character 2', 'lead', '9ac21efc-e036-4976-a8d9-6c2bc853ff4a', '2026-01-06T18:00:26.217990', '2026-01-06T18:00:26.217990');
INSERT INTO movie_cast (id, first_name, last_name, character_full_name, role, movie_id, created_at, updated_at) VALUES ('3b145908-9f4f-42dc-a823-046d0dee3dc2', 'Michael', 'Brown', 'Character 3', 'lead', '9ac21efc-e036-4976-a8d9-6c2bc853ff4a', '2026-01-06T18:00:26.218049', '2026-01-06T18:00:26.218049');
INSERT INTO movie_cast (id, first_name, last_name, character_full_name, role, movie_id, created_at, updated_at) VALUES ('3c53abc6-2c21-4e57-ae5f-61bedc729e57', 'John', 'Smith', 'Character 4', 'supporting', '9ac21efc-e036-4976-a8d9-6c2bc853ff4a', '2026-01-06T18:00:26.218117', '2026-01-06T18:00:26.218117');
INSERT INTO movie_cast (id, first_name, last_name, character_full_name, role, movie_id, created_at, updated_at) VALUES ('86b4e1db-09f7-47c8-9b05-2ee9797a4633', 'Sarah', 'Smith', 'Character 5', 'cameo', '9ac21efc-e036-4976-a8d9-6c2bc853ff4a', '2026-01-06T18:00:26.218170', '2026-01-06T18:00:26.218170');
INSERT INTO movie_cast (id, first_name, last_name, character_full_name, role, movie_id, created_at, updated_at) VALUES ('1ad18a23-ca76-4516-bf6d-35d2873e8930', 'Michael', 'Brown', 'Character 1', 'cameo', '257b97ed-4990-493e-8630-affae4371edb', '2026-01-06T18:00:26.218233', '2026-01-06T18:00:26.218233');
INSERT INTO movie_cast (id, first_name, last_name, character_full_name, role, movie_id, created_at, updated_at) VALUES ('e1290b0f-b9cb-4de3-baa4-0a10b9c734e6', 'John', 'Brown', 'Character 2', 'cameo', '257b97ed-4990-493e-8630-affae4371edb', '2026-01-06T18:00:26.218297', '2026-01-06T18:00:26.218297');
INSERT INTO movie_cast (id, first_name, last_name, character_full_name, role, movie_id, created_at, updated_at) VALUES ('aff03168-e757-4645-b6cf-55fb6eb5051f', 'Michael', 'Johnson', 'Character 3', 'supporting', '257b97ed-4990-493e-8630-affae4371edb', '2026-01-06T18:00:26.218355', '2026-01-06T18:00:26.218355');
INSERT INTO movie_cast (id, first_name, last_name, character_full_name, role, movie_id, created_at, updated_at) VALUES ('72a64e29-bef4-412f-83e4-2dad02c31723', 'Emma', 'Brown', 'Character 4', 'cameo', '257b97ed-4990-493e-8630-affae4371edb', '2026-01-06T18:00:26.218425', '2026-01-06T18:00:26.218425');
INSERT INTO movie_cast (id, first_name, last_name, character_full_name, role, movie_id, created_at, updated_at) VALUES ('e8139532-a9da-4bd2-9de6-2329c6a58b7e', 'David', 'Johnson', 'Character 5', 'cameo', '257b97ed-4990-493e-8630-affae4371edb', '2026-01-06T18:00:26.218482', '2026-01-06T18:00:26.218482');
INSERT INTO movie_cast (id, first_name, last_name, character_full_name, role, movie_id, created_at, updated_at) VALUES ('d568fa06-67c3-4781-b75a-77f47f631bfc', 'Michael', 'Smith', 'Character 1', 'supporting', '00e098cb-06ab-4ccb-b5d7-efefd07c2341', '2026-01-06T18:00:26.218526', '2026-01-06T18:00:26.218526');
INSERT INTO movie_cast (id, first_name, last_name, character_full_name, role, movie_id, created_at, updated_at) VALUES ('fc007043-bb73-4bc3-aa7c-38d832b67c5c', 'Michael', 'Williams', 'Character 2', 'cameo', '00e098cb-06ab-4ccb-b5d7-efefd07c2341', '2026-01-06T18:00:26.218583', '2026-01-06T18:00:26.218583');
INSERT INTO movie_cast (id, first_name, last_name, character_full_name, role, movie_id, created_at, updated_at) VALUES ('2b3f4e42-4f3e-4359-8112-2bd10594195d', 'John', 'Johnson', 'Character 3', 'supporting', '00e098cb-06ab-4ccb-b5d7-efefd07c2341', '2026-01-06T18:00:26.218623', '2026-01-06T18:00:26.218623');
INSERT INTO movie_cast (id, first_name, last_name, character_full_name, role, movie_id, created_at, updated_at) VALUES ('cfc26dfa-219e-4984-b704-65ad655d653e', 'Emma', 'Williams', 'Character 4', 'cameo', '00e098cb-06ab-4ccb-b5d7-efefd07c2341', '2026-01-06T18:00:26.218663', '2026-01-06T18:00:26.218663');
INSERT INTO movie_cast (id, first_name, last_name, character_full_name, role, movie_id, created_at, updated_at) VALUES ('d4c47e57-39ed-41a2-948e-cfcdfe0f0577', 'John', 'Smith', 'Character 5', 'lead', '00e098cb-06ab-4ccb-b5d7-efefd07c2341', '2026-01-06T18:00:26.218717', '2026-01-06T18:00:26.218717');
INSERT INTO movie_cast (id, first_name, last_name, character_full_name, role, movie_id, created_at, updated_at) VALUES ('ffdfdb03-d9bf-4f98-b6ff-bd5e892a06e6', 'Sarah', 'Johnson', 'Character 1', 'supporting', '2a4a1249-4d6b-4e49-8edd-1c5241639ee3', '2026-01-06T18:00:26.218798', '2026-01-06T18:00:26.218798');
INSERT INTO movie_cast (id, first_name, last_name, character_full_name, role, movie_id, created_at, updated_at) VALUES ('ea845414-4274-4b54-91a6-9c551497aa10', 'Emma', 'Williams', 'Character 2', 'supporting', '2a4a1249-4d6b-4e49-8edd-1c5241639ee3', '2026-01-06T18:00:26.218901', '2026-01-06T18:00:26.218901');
INSERT INTO movie_cast (id, first_name, last_name, character_full_name, role, movie_id, created_at, updated_at) VALUES ('f19546c7-7ec6-46bc-89be-f13a7e31fcc6', 'Michael', 'Brown', 'Character 3', 'lead', '2a4a1249-4d6b-4e49-8edd-1c5241639ee3', '2026-01-06T18:00:26.218991', '2026-01-06T18:00:26.218991');
INSERT INTO movie_cast (id, first_name, last_name, character_full_name, role, movie_id, created_at, updated_at) VALUES ('2bc7da65-dd77-4555-9774-45847274bdc1', 'John', 'Smith', 'Character 4', 'supporting', '2a4a1249-4d6b-4e49-8edd-1c5241639ee3', '2026-01-06T18:00:26.219057', '2026-01-06T18:00:26.219057');
INSERT INTO movie_cast (id, first_name, last_name, character_full_name, role, movie_id, created_at, updated_at) VALUES ('7bd22e5e-0a01-4a27-afa2-61dd2fb1815a', 'Jane', 'Jones', 'Character 5', 'supporting', '2a4a1249-4d6b-4e49-8edd-1c5241639ee3', '2026-01-06T18:00:26.219165', '2026-01-06T18:00:26.219165');
INSERT INTO movie_cast (id, first_name, last_name, character_full_name, role, movie_id, created_at, updated_at) VALUES ('cf04aac4-67d2-4eed-9d96-014fd5ae44cb', 'Jane', 'Brown', 'Character 1', 'supporting', '7adb77f4-f820-4075-9a5d-c5bcc9cf0e5f', '2026-01-06T18:00:26.219262', '2026-01-06T18:00:26.219262');
INSERT INTO movie_cast (id, first_name, last_name, character_full_name, role, movie_id, created_at, updated_at) VALUES ('d1ee438b-ec3f-4219-a9ff-2a29b72ad2fe', 'Emma', 'Williams', 'Character 2', 'supporting', '7adb77f4-f820-4075-9a5d-c5bcc9cf0e5f', '2026-01-06T18:00:26.219354', '2026-01-06T18:00:26.219354');
INSERT INTO movie_cast (id, first_name, last_name, character_full_name, role, movie_id, created_at, updated_at) VALUES ('2fccc905-18a7-42a4-9ff0-6a54f3b823f6', 'Sarah', 'Smith', 'Character 3', 'supporting', '7adb77f4-f820-4075-9a5d-c5bcc9cf0e5f', '2026-01-06T18:00:26.219450', '2026-01-06T18:00:26.219450');
INSERT INTO movie_cast (id, first_name, last_name, character_full_name, role, movie_id, created_at, updated_at) VALUES ('e7a7f2ce-9868-4f6f-a5f0-159540cd6da8', 'David', 'Jones', 'Character 4', 'cameo', '7adb77f4-f820-4075-9a5d-c5bcc9cf0e5f', '2026-01-06T18:00:26.219570', '2026-01-06T18:00:26.219570');
INSERT INTO movie_cast (id, first_name, last_name, character_full_name, role, movie_id, created_at, updated_at) VALUES ('84ed1e0d-4fed-48c9-8c75-2f9be3bb7acb', 'David', 'Jones', 'Character 5', 'cameo', '7adb77f4-f820-4075-9a5d-c5bcc9cf0e5f', '2026-01-06T18:00:26.219651', '2026-01-06T18:00:26.219651');
INSERT INTO movie_cast (id, first_name, last_name, character_full_name, role, movie_id, created_at, updated_at) VALUES ('11fc8bc4-0d03-48eb-802e-1232f4b23509', 'Michael', 'Jones', 'Character 1', 'cameo', '213ba3c4-549e-4c36-b0c7-b2d7ff13fb22', '2026-01-06T18:00:26.219716', '2026-01-06T18:00:26.219716');
INSERT INTO movie_cast (id, first_name, last_name, character_full_name, role, movie_id, created_at, updated_at) VALUES ('f71dbfa6-cf42-4760-a896-7f77f1339892', 'Michael', 'Brown', 'Character 2', 'supporting', '213ba3c4-549e-4c36-b0c7-b2d7ff13fb22', '2026-01-06T18:00:26.219779', '2026-01-06T18:00:26.219779');
INSERT INTO movie_cast (id, first_name, last_name, character_full_name, role, movie_id, created_at, updated_at) VALUES ('9759cf75-02d0-4cd6-9d72-242fbca2caa0', 'Michael', 'Williams', 'Character 3', 'lead', '213ba3c4-549e-4c36-b0c7-b2d7ff13fb22', '2026-01-06T18:00:26.219860', '2026-01-06T18:00:26.219860');
INSERT INTO movie_cast (id, first_name, last_name, character_full_name, role, movie_id, created_at, updated_at) VALUES ('94def130-2722-4e0c-8c66-f695adf79aa5', 'Michael', 'Williams', 'Character 4', 'lead', '213ba3c4-549e-4c36-b0c7-b2d7ff13fb22', '2026-01-06T18:00:26.219919', '2026-01-06T18:00:26.219919');
INSERT INTO movie_cast (id, first_name, last_name, character_full_name, role, movie_id, created_at, updated_at) VALUES ('1ad07684-4599-43db-aed6-580ab79712cc', 'Jane', 'Jones', 'Character 5', 'supporting', '213ba3c4-549e-4c36-b0c7-b2d7ff13fb22', '2026-01-06T18:00:26.219978', '2026-01-06T18:00:26.219978');
INSERT INTO movie_cast (id, first_name, last_name, character_full_name, role, movie_id, created_at, updated_at) VALUES ('d238d5e7-b749-46a9-8cf1-79cd117fff25', 'David', 'Jones', 'Character 1', 'lead', 'dbd7eb8d-8349-4e02-b238-dbd6ba194039', '2026-01-06T18:00:26.220041', '2026-01-06T18:00:26.220041');
INSERT INTO movie_cast (id, first_name, last_name, character_full_name, role, movie_id, created_at, updated_at) VALUES ('33b02184-e597-4615-a346-9a5ee778b3cb', 'Michael', 'Williams', 'Character 2', 'supporting', 'dbd7eb8d-8349-4e02-b238-dbd6ba194039', '2026-01-06T18:00:26.220098', '2026-01-06T18:00:26.220098');
INSERT INTO movie_cast (id, first_name, last_name, character_full_name, role, movie_id, created_at, updated_at) VALUES ('20b6645c-6c2e-4b0f-b265-6bde9371264d', 'Jane', 'Brown', 'Character 3', 'lead', 'dbd7eb8d-8349-4e02-b238-dbd6ba194039', '2026-01-06T18:00:26.220156', '2026-01-06T18:00:26.220156');
INSERT INTO movie_cast (id, first_name, last_name, character_full_name, role, movie_id, created_at, updated_at) VALUES ('8aa10bc4-45d6-467e-8d2d-05690b6e8801', 'Michael', 'Smith', 'Character 4', 'lead', 'dbd7eb8d-8349-4e02-b238-dbd6ba194039', '2026-01-06T18:00:26.220214', '2026-01-06T18:00:26.220214');
INSERT INTO movie_cast (id, first_name, last_name, character_full_name, role, movie_id, created_at, updated_at) VALUES ('30d0ce59-9ddb-49e2-9d21-ca1d1a9150bf', 'Sarah', 'Johnson', 'Character 5', 'cameo', 'dbd7eb8d-8349-4e02-b238-dbd6ba194039', '2026-01-06T18:00:26.220272', '2026-01-06T18:00:26.220272');
INSERT INTO movie_cast (id, first_name, last_name, character_full_name, role, movie_id, created_at, updated_at) VALUES ('42080482-f7ef-44b6-a912-bc267036546a', 'David', 'Brown', 'Character 1', 'lead', '866f5eb1-cba8-46b8-b698-7dc546f53632', '2026-01-06T18:00:26.220352', '2026-01-06T18:00:26.220352');
INSERT INTO movie_cast (id, first_name, last_name, character_full_name, role, movie_id, created_at, updated_at) VALUES ('3bad5fca-da90-4f6e-947a-1360ee244587', 'David', 'Williams', 'Character 2', 'supporting', '866f5eb1-cba8-46b8-b698-7dc546f53632', '2026-01-06T18:00:26.220415', '2026-01-06T18:00:26.220415');
INSERT INTO movie_cast (id, first_name, last_name, character_full_name, role, movie_id, created_at, updated_at) VALUES ('b11a335a-10aa-4e56-b5a6-854010aace85', 'Michael', 'Smith', 'Character 3', 'cameo', '866f5eb1-cba8-46b8-b698-7dc546f53632', '2026-01-06T18:00:26.220474', '2026-01-06T18:00:26.220474');
INSERT INTO movie_cast (id, first_name, last_name, character_full_name, role, movie_id, created_at, updated_at) VALUES ('b8cd18dd-a396-464b-b0b9-7cb50aedb8ee', 'John', 'Johnson', 'Character 4', 'supporting', '866f5eb1-cba8-46b8-b698-7dc546f53632', '2026-01-06T18:00:26.220571', '2026-01-06T18:00:26.220571');
INSERT INTO movie_cast (id, first_name, last_name, character_full_name, role, movie_id, created_at, updated_at) VALUES ('12254752-83e7-43b1-a0b9-ee9cce794c49', 'Michael', 'Johnson', 'Character 5', 'cameo', '866f5eb1-cba8-46b8-b698-7dc546f53632', '2026-01-06T18:00:26.220636', '2026-01-06T18:00:26.220636');
INSERT INTO movie_cast (id, first_name, last_name, character_full_name, role, movie_id, created_at, updated_at) VALUES ('83e91977-b044-43ff-af1b-cde2eb0830ba', 'John', 'Smith', 'Character 1', 'supporting', '2e7935d6-b760-40a0-8e5c-4e97124f5763', '2026-01-06T18:00:26.220686', '2026-01-06T18:00:26.220686');
INSERT INTO movie_cast (id, first_name, last_name, character_full_name, role, movie_id, created_at, updated_at) VALUES ('1a1abef0-e3d7-4adb-8b0e-4d765ce30fc3', 'Jane', 'Jones', 'Character 2', 'cameo', '2e7935d6-b760-40a0-8e5c-4e97124f5763', '2026-01-06T18:00:26.220729', '2026-01-06T18:00:26.220729');
INSERT INTO movie_cast (id, first_name, last_name, character_full_name, role, movie_id, created_at, updated_at) VALUES ('bd8c872c-d0d5-4179-a51a-d65832cfc191', 'Emma', 'Brown', 'Character 3', 'cameo', '2e7935d6-b760-40a0-8e5c-4e97124f5763', '2026-01-06T18:00:26.220770', '2026-01-06T18:00:26.220770');
INSERT INTO movie_cast (id, first_name, last_name, character_full_name, role, movie_id, created_at, updated_at) VALUES ('b7886a57-650b-483d-81cd-1f0ee9bab7d3', 'David', 'Williams', 'Character 4', 'lead', '2e7935d6-b760-40a0-8e5c-4e97124f5763', '2026-01-06T18:00:26.220819', '2026-01-06T18:00:26.220819');
INSERT INTO movie_cast (id, first_name, last_name, character_full_name, role, movie_id, created_at, updated_at) VALUES ('cf94d871-15cd-4829-86b5-5ebdb72fa6b4', 'John', 'Smith', 'Character 5', 'cameo', '2e7935d6-b760-40a0-8e5c-4e97124f5763', '2026-01-06T18:00:26.220860', '2026-01-06T18:00:26.220860');
INSERT INTO movie_cast (id, first_name, last_name, character_full_name, role, movie_id, created_at, updated_at) VALUES ('8d006b78-cf25-4a57-962a-bbbe97edf871', 'David', 'Jones', 'Character 1', 'cameo', 'a6e01a83-78c1-4a12-a0b0-79b525a4eeba', '2026-01-06T18:00:26.220906', '2026-01-06T18:00:26.220906');
INSERT INTO movie_cast (id, first_name, last_name, character_full_name, role, movie_id, created_at, updated_at) VALUES ('3c727310-56f8-47e6-8c3c-2a03db91cac3', 'Jane', 'Smith', 'Character 2', 'cameo', 'a6e01a83-78c1-4a12-a0b0-79b525a4eeba', '2026-01-06T18:00:26.220949', '2026-01-06T18:00:26.220949');
INSERT INTO movie_cast (id, first_name, last_name, character_full_name, role, movie_id, created_at, updated_at) VALUES ('fdc792b7-a4a1-49ec-9d05-7008b8a3cdbb', 'David', 'Smith', 'Character 3', 'lead', 'a6e01a83-78c1-4a12-a0b0-79b525a4eeba', '2026-01-06T18:00:26.220991', '2026-01-06T18:00:26.220991');
INSERT INTO movie_cast (id, first_name, last_name, character_full_name, role, movie_id, created_at, updated_at) VALUES ('b0a9a139-cfa1-46a0-92c3-85d166e051eb', 'Sarah', 'Johnson', 'Character 4', 'cameo', 'a6e01a83-78c1-4a12-a0b0-79b525a4eeba', '2026-01-06T18:00:26.221034', '2026-01-06T18:00:26.221034');
INSERT INTO movie_cast (id, first_name, last_name, character_full_name, role, movie_id, created_at, updated_at) VALUES ('fba9fc00-6e78-4560-be80-d19cfcb34a81', 'Michael', 'Jones', 'Character 5', 'supporting', 'a6e01a83-78c1-4a12-a0b0-79b525a4eeba', '2026-01-06T18:00:26.221073', '2026-01-06T18:00:26.221073');
INSERT INTO movie_cast (id, first_name, last_name, character_full_name, role, movie_id, created_at, updated_at) VALUES ('42b2d883-1d34-4e2f-b909-46efaeb2bdcf', 'Michael', 'Smith', 'Character 1', 'cameo', 'dde53e45-0245-4246-982a-3829202ae973', '2026-01-06T18:00:26.221120', '2026-01-06T18:00:26.221120');
INSERT INTO movie_cast (id, first_name, last_name, character_full_name, role, movie_id, created_at, updated_at) VALUES ('7ae27de4-8326-4f7e-9e03-f0a05f366481', 'Sarah', 'Williams', 'Character 2', 'lead', 'dde53e45-0245-4246-982a-3829202ae973', '2026-01-06T18:00:26.221169', '2026-01-06T18:00:26.221169');
INSERT INTO movie_cast (id, first_name, last_name, character_full_name, role, movie_id, created_at, updated_at) VALUES ('fc51a72d-b942-4fe9-9df4-76cf161e0a0b', 'Sarah', 'Williams', 'Character 3', 'lead', 'dde53e45-0245-4246-982a-3829202ae973', '2026-01-06T18:00:26.221212', '2026-01-06T18:00:26.221212');
INSERT INTO movie_cast (id, first_name, last_name, character_full_name, role, movie_id, created_at, updated_at) VALUES ('abd82007-2c1c-429a-b934-d595e7a7d8ad', 'David', 'Jones', 'Character 4', 'supporting', 'dde53e45-0245-4246-982a-3829202ae973', '2026-01-06T18:00:26.221257', '2026-01-06T18:00:26.221257');
INSERT INTO movie_cast (id, first_name, last_name, character_full_name, role, movie_id, created_at, updated_at) VALUES ('cc1fbaf1-d37e-404f-a403-240a91c373c4', 'John', 'Brown', 'Character 5', 'lead', 'dde53e45-0245-4246-982a-3829202ae973', '2026-01-06T18:00:26.221299', '2026-01-06T18:00:26.221299');
INSERT INTO movie_cast (id, first_name, last_name, character_full_name, role, movie_id, created_at, updated_at) VALUES ('4ee9d147-260b-43b5-a14a-b43f883e8ea5', 'David', 'Williams', 'Character 1', 'supporting', 'f87b3737-bf0b-4b61-ab06-48523e27f7ba', '2026-01-06T18:00:26.221344', '2026-01-06T18:00:26.221344');
INSERT INTO movie_cast (id, first_name, last_name, character_full_name, role, movie_id, created_at, updated_at) VALUES ('342ded1a-4e81-432d-8ad2-40561c2ae439', 'David', 'Johnson', 'Character 2', 'cameo', 'f87b3737-bf0b-4b61-ab06-48523e27f7ba', '2026-01-06T18:00:26.221386', '2026-01-06T18:00:26.221386');
INSERT INTO movie_cast (id, first_name, last_name, character_full_name, role, movie_id, created_at, updated_at) VALUES ('f2605daa-2ce5-45e7-86fd-809ae8356f97', 'Sarah', 'Brown', 'Character 3', 'lead', 'f87b3737-bf0b-4b61-ab06-48523e27f7ba', '2026-01-06T18:00:26.221495', '2026-01-06T18:00:26.221495');
INSERT INTO movie_cast (id, first_name, last_name, character_full_name, role, movie_id, created_at, updated_at) VALUES ('78be6e9b-daca-4b3b-b565-f65aa08f53db', 'Emma', 'Smith', 'Character 4', 'supporting', 'f87b3737-bf0b-4b61-ab06-48523e27f7ba', '2026-01-06T18:00:26.221584', '2026-01-06T18:00:26.221584');
INSERT INTO movie_cast (id, first_name, last_name, character_full_name, role, movie_id, created_at, updated_at) VALUES ('54abd36f-0354-425c-b5ad-94022c0ba0e8', 'Emma', 'Brown', 'Character 5', 'lead', 'f87b3737-bf0b-4b61-ab06-48523e27f7ba', '2026-01-06T18:00:26.221664', '2026-01-06T18:00:26.221664');
INSERT INTO movie_cast (id, first_name, last_name, character_full_name, role, movie_id, created_at, updated_at) VALUES ('de28ce1c-c5cc-48b9-a5b0-31553ae4b847', 'David', 'Johnson', 'Character 1', 'lead', '4db689ca-1212-4f39-908b-4a8804221c8f', '2026-01-06T18:00:26.221712', '2026-01-06T18:00:26.221712');
INSERT INTO movie_cast (id, first_name, last_name, character_full_name, role, movie_id, created_at, updated_at) VALUES ('818ed964-76c8-4729-ad0c-3836cb6e507f', 'David', 'Smith', 'Character 2', 'supporting', '4db689ca-1212-4f39-908b-4a8804221c8f', '2026-01-06T18:00:26.221752', '2026-01-06T18:00:26.221752');
INSERT INTO movie_cast (id, first_name, last_name, character_full_name, role, movie_id, created_at, updated_at) VALUES ('30e85138-2086-47a1-b8db-843173e2fd34', 'Sarah', 'Brown', 'Character 3', 'lead', '4db689ca-1212-4f39-908b-4a8804221c8f', '2026-01-06T18:00:26.221791', '2026-01-06T18:00:26.221791');
INSERT INTO movie_cast (id, first_name, last_name, character_full_name, role, movie_id, created_at, updated_at) VALUES ('c4115ee4-1a50-4f0c-bb51-6ec151217786', 'John', 'Jones', 'Character 4', 'supporting', '4db689ca-1212-4f39-908b-4a8804221c8f', '2026-01-06T18:00:26.221830', '2026-01-06T18:00:26.221830');
INSERT INTO movie_cast (id, first_name, last_name, character_full_name, role, movie_id, created_at, updated_at) VALUES ('a80dec33-593a-4337-88e1-09d12f3bcaae', 'Emma', 'Brown', 'Character 5', 'cameo', '4db689ca-1212-4f39-908b-4a8804221c8f', '2026-01-06T18:00:26.221868', '2026-01-06T18:00:26.221868');
INSERT INTO movie_cast (id, first_name, last_name, character_full_name, role, movie_id, created_at, updated_at) VALUES ('f8cbf1f7-a5b7-4edd-818a-634723206dd9', 'Emma', 'Williams', 'Character 1', 'cameo', 'ff8012cb-10d6-42fa-a2e7-46f33587def3', '2026-01-06T18:00:26.221910', '2026-01-06T18:00:26.221910');
INSERT INTO movie_cast (id, first_name, last_name, character_full_name, role, movie_id, created_at, updated_at) VALUES ('2e6267a9-f5f1-40a0-b523-3a44e621c9e3', 'Sarah', 'Jones', 'Character 2', 'lead', 'ff8012cb-10d6-42fa-a2e7-46f33587def3', '2026-01-06T18:00:26.221948', '2026-01-06T18:00:26.221948');
INSERT INTO movie_cast (id, first_name, last_name, character_full_name, role, movie_id, created_at, updated_at) VALUES ('eb9a285a-eef3-44ea-9577-eea1644af8bb', 'John', 'Johnson', 'Character 3', 'lead', 'ff8012cb-10d6-42fa-a2e7-46f33587def3', '2026-01-06T18:00:26.221992', '2026-01-06T18:00:26.221992');
INSERT INTO movie_cast (id, first_name, last_name, character_full_name, role, movie_id, created_at, updated_at) VALUES ('f470b526-c05c-4ea1-8c2b-30d111221074', 'Emma', 'Brown', 'Character 4', 'cameo', 'ff8012cb-10d6-42fa-a2e7-46f33587def3', '2026-01-06T18:00:26.222030', '2026-01-06T18:00:26.222030');
INSERT INTO movie_cast (id, first_name, last_name, character_full_name, role, movie_id, created_at, updated_at) VALUES ('e9db91d1-379d-4624-a62b-2ced8fc936a8', 'Jane', 'Williams', 'Character 5', 'cameo', 'ff8012cb-10d6-42fa-a2e7-46f33587def3', '2026-01-06T18:00:26.222068', '2026-01-06T18:00:26.222068');
INSERT INTO movie_cast (id, first_name, last_name, character_full_name, role, movie_id, created_at, updated_at) VALUES ('bf032b08-d696-4fbc-b6c2-7139b0794fa7', 'Emma', 'Brown', 'Character 1', 'supporting', '81e5747a-0cb7-40ed-acc6-3c032f3b4809', '2026-01-06T18:00:26.222109', '2026-01-06T18:00:26.222109');
INSERT INTO movie_cast (id, first_name, last_name, character_full_name, role, movie_id, created_at, updated_at) VALUES ('599129e5-bd31-4c52-9fe2-27c19d89a327', 'Emma', 'Johnson', 'Character 2', 'supporting', '81e5747a-0cb7-40ed-acc6-3c032f3b4809', '2026-01-06T18:00:26.222149', '2026-01-06T18:00:26.222149');
INSERT INTO movie_cast (id, first_name, last_name, character_full_name, role, movie_id, created_at, updated_at) VALUES ('2a077f16-bb52-4a96-9442-5388eaefb71e', 'Michael', 'Smith', 'Character 3', 'supporting', '81e5747a-0cb7-40ed-acc6-3c032f3b4809', '2026-01-06T18:00:26.222245', '2026-01-06T18:00:26.222245');
INSERT INTO movie_cast (id, first_name, last_name, character_full_name, role, movie_id, created_at, updated_at) VALUES ('973ed800-9d44-46db-9d4d-3973be2211ec', 'Sarah', 'Smith', 'Character 4', 'lead', '81e5747a-0cb7-40ed-acc6-3c032f3b4809', '2026-01-06T18:00:26.222316', '2026-01-06T18:00:26.222316');
INSERT INTO movie_cast (id, first_name, last_name, character_full_name, role, movie_id, created_at, updated_at) VALUES ('d3c552d7-b269-45e1-9ef7-cb8ebd328967', 'John', 'Smith', 'Character 5', 'cameo', '81e5747a-0cb7-40ed-acc6-3c032f3b4809', '2026-01-06T18:00:26.222383', '2026-01-06T18:00:26.222383');
INSERT INTO movie_cast (id, first_name, last_name, character_full_name, role, movie_id, created_at, updated_at) VALUES ('1efd4995-a3cc-443d-90fd-3606f8ef40be', 'Emma', 'Jones', 'Character 1', 'lead', 'f8f51a6b-9e9f-4b1f-924b-100fafbc02d7', '2026-01-06T18:00:26.222457', '2026-01-06T18:00:26.222457');
INSERT INTO movie_cast (id, first_name, last_name, character_full_name, role, movie_id, created_at, updated_at) VALUES ('2f60bec0-2859-488d-86cb-ab933a654ef4', 'John', 'Williams', 'Character 2', 'lead', 'f8f51a6b-9e9f-4b1f-924b-100fafbc02d7', '2026-01-06T18:00:26.222516', '2026-01-06T18:00:26.222516');
INSERT INTO movie_cast (id, first_name, last_name, character_full_name, role, movie_id, created_at, updated_at) VALUES ('43b9c881-b378-4687-a558-8c8384970f96', 'Jane', 'Williams', 'Character 3', 'lead', 'f8f51a6b-9e9f-4b1f-924b-100fafbc02d7', '2026-01-06T18:00:26.222596', '2026-01-06T18:00:26.222596');
INSERT INTO movie_cast (id, first_name, last_name, character_full_name, role, movie_id, created_at, updated_at) VALUES ('2d934dd9-5e4b-439b-b589-8849f5651156', 'Michael', 'Brown', 'Character 4', 'lead', 'f8f51a6b-9e9f-4b1f-924b-100fafbc02d7', '2026-01-06T18:00:26.222654', '2026-01-06T18:00:26.222654');
INSERT INTO movie_cast (id, first_name, last_name, character_full_name, role, movie_id, created_at, updated_at) VALUES ('e8115169-005a-4d90-8e1c-f8ed0f096ea6', 'Sarah', 'Jones', 'Character 5', 'supporting', 'f8f51a6b-9e9f-4b1f-924b-100fafbc02d7', '2026-01-06T18:00:26.222711', '2026-01-06T18:00:26.222711');
INSERT INTO movie_cast (id, first_name, last_name, character_full_name, role, movie_id, created_at, updated_at) VALUES ('2c0f15aa-4654-494e-8834-2754b845d8e1', 'Michael', 'Smith', 'Character 1', 'lead', '413885de-42f2-4232-8e23-3427c295a55b', '2026-01-06T18:00:26.222843', '2026-01-06T18:00:26.222843');
INSERT INTO movie_cast (id, first_name, last_name, character_full_name, role, movie_id, created_at, updated_at) VALUES ('649a9133-310f-4236-8bcc-e2777df4763f', 'David', 'Johnson', 'Character 2', 'cameo', '413885de-42f2-4232-8e23-3427c295a55b', '2026-01-06T18:00:26.222907', '2026-01-06T18:00:26.222907');
INSERT INTO movie_cast (id, first_name, last_name, character_full_name, role, movie_id, created_at, updated_at) VALUES ('ba62b891-a60b-4d49-a90b-44ce8bf50e5e', 'Sarah', 'Williams', 'Character 3', 'supporting', '413885de-42f2-4232-8e23-3427c295a55b', '2026-01-06T18:00:26.222965', '2026-01-06T18:00:26.222965');
INSERT INTO movie_cast (id, first_name, last_name, character_full_name, role, movie_id, created_at, updated_at) VALUES ('f2ba6e2a-a148-4d89-84b6-94649f832a93', 'John', 'Smith', 'Character 4', 'cameo', '413885de-42f2-4232-8e23-3427c295a55b', '2026-01-06T18:00:26.223031', '2026-01-06T18:00:26.223031');
INSERT INTO movie_cast (id, first_name, last_name, character_full_name, role, movie_id, created_at, updated_at) VALUES ('6273631a-4292-439a-b738-935c29a0ee14', 'David', 'Jones', 'Character 5', 'lead', '413885de-42f2-4232-8e23-3427c295a55b', '2026-01-06T18:00:26.223088', '2026-01-06T18:00:26.223088');
INSERT INTO movie_writers (id, first_name, last_name, movie_id, created_at, updated_at) VALUES ('81a39b95-d497-4436-9338-72e5efd0c228', 'Aaron', 'Anderson', 'e24ca4ab-0b40-49d4-bb81-39b74b08ab92', '2026-01-06T18:00:26.223568', '2026-01-06T18:00:26.223568');
INSERT INTO movie_writers (id, first_name, last_name, movie_id, created_at, updated_at) VALUES ('caf6c8b3-02be-447e-9258-ca03acaf0741', 'Aaron', 'Moore', 'e24ca4ab-0b40-49d4-bb81-39b74b08ab92', '2026-01-06T18:00:26.223676', '2026-01-06T18:00:26.223676');
INSERT INTO movie_writers (id, first_name, last_name, movie_id, created_at, updated_at) VALUES ('5fb7afa1-b2ed-4b91-805e-57b35faad2f0', 'Sophia', 'Anderson', '1b31894c-3e68-4a62-855f-f2de45f617b2', '2026-01-06T18:00:26.223776', '2026-01-06T18:00:26.223776');
INSERT INTO movie_writers (id, first_name, last_name, movie_id, created_at, updated_at) VALUES ('1e75f9ee-d0a0-4698-bd6e-4ca75b4d1ddd', 'Linda', 'Clark', '1b31894c-3e68-4a62-855f-f2de45f617b2', '2026-01-06T18:00:26.223868', '2026-01-06T18:00:26.223868');
INSERT INTO movie_writers (id, first_name, last_name, movie_id, created_at, updated_at) VALUES ('4be17b81-ad28-4000-95d7-525d92cd7462', 'Aaron', 'Anderson', '5308b870-3f93-4810-ac77-1fd1ae90e3ed', '2026-01-06T18:00:26.223940', '2026-01-06T18:00:26.223940');
INSERT INTO movie_writers (id, first_name, last_name, movie_id, created_at, updated_at) VALUES ('2af08203-5127-4483-a220-d5fa7be2405f', 'Sophia', 'Moore', '5308b870-3f93-4810-ac77-1fd1ae90e3ed', '2026-01-06T18:00:26.223994', '2026-01-06T18:00:26.223994');
INSERT INTO movie_writers (id, first_name, last_name, movie_id, created_at, updated_at) VALUES ('971baa05-3bfe-468f-a955-0fe53b88c223', 'Aaron', 'Taylor', 'f65415d3-0170-44a7-813d-edc580682be5', '2026-01-06T18:00:26.224051', '2026-01-06T18:00:26.224051');
INSERT INTO movie_writers (id, first_name, last_name, movie_id, created_at, updated_at) VALUES ('f2742589-6fdc-46ec-97f7-b29e95337b22', 'Aaron', 'Moore', 'f65415d3-0170-44a7-813d-edc580682be5', '2026-01-06T18:00:26.224106', '2026-01-06T18:00:26.224106');
INSERT INTO movie_writers (id, first_name, last_name, movie_id, created_at, updated_at) VALUES ('58d4e1e7-b6a1-4dcc-8fb3-c7e5cee09178', 'Sophia', 'Taylor', '9ac21efc-e036-4976-a8d9-6c2bc853ff4a', '2026-01-06T18:00:26.224164', '2026-01-06T18:00:26.224164');
INSERT INTO movie_writers (id, first_name, last_name, movie_id, created_at, updated_at) VALUES ('94e7b5c9-4a4b-4719-a99a-2265bd6407e0', 'Linda', 'Clark', '9ac21efc-e036-4976-a8d9-6c2bc853ff4a', '2026-01-06T18:00:26.224219', '2026-01-06T18:00:26.224219');
INSERT INTO movie_writers (id, first_name, last_name, movie_id, created_at, updated_at) VALUES ('cc27ae2a-87c3-442c-ab02-5810b31b6042', 'Sophia', 'Anderson', '257b97ed-4990-493e-8630-affae4371edb', '2026-01-06T18:00:26.224275', '2026-01-06T18:00:26.224275');
INSERT INTO movie_writers (id, first_name, last_name, movie_id, created_at, updated_at) VALUES ('4f74430f-8d82-4bc2-ade2-bbd1f5821df2', 'Mark', 'Moore', '257b97ed-4990-493e-8630-affae4371edb', '2026-01-06T18:00:26.224336', '2026-01-06T18:00:26.224336');
INSERT INTO movie_writers (id, first_name, last_name, movie_id, created_at, updated_at) VALUES ('c4ef56f3-6d87-4f32-8a2c-c5299eb8dd81', 'Mark', 'Clark', '00e098cb-06ab-4ccb-b5d7-efefd07c2341', '2026-01-06T18:00:26.224395', '2026-01-06T18:00:26.224395');
INSERT INTO movie_writers (id, first_name, last_name, movie_id, created_at, updated_at) VALUES ('16143774-dcfa-4f6f-bce6-362d4677974c', 'Mark', 'Taylor', '00e098cb-06ab-4ccb-b5d7-efefd07c2341', '2026-01-06T18:00:26.224447', '2026-01-06T18:00:26.224447');
INSERT INTO movie_writers (id, first_name, last_name, movie_id, created_at, updated_at) VALUES ('800d95db-c2fc-44af-8d9a-3b179cf0f2ea', 'Linda', 'Anderson', '2a4a1249-4d6b-4e49-8edd-1c5241639ee3', '2026-01-06T18:00:26.224502', '2026-01-06T18:00:26.224502');
INSERT INTO movie_writers (id, first_name, last_name, movie_id, created_at, updated_at) VALUES ('9ceefc65-a614-4bd4-8ad6-4eae0b9407ea', 'Chris', 'Anderson', '2a4a1249-4d6b-4e49-8edd-1c5241639ee3', '2026-01-06T18:00:26.224565', '2026-01-06T18:00:26.224565');
INSERT INTO movie_writers (id, first_name, last_name, movie_id, created_at, updated_at) VALUES ('7dfff7ff-f203-4956-995c-cc5e80c9a971', 'Sophia', 'Lewis', '7adb77f4-f820-4075-9a5d-c5bcc9cf0e5f', '2026-01-06T18:00:26.224634', '2026-01-06T18:00:26.224634');
INSERT INTO movie_writers (id, first_name, last_name, movie_id, created_at, updated_at) VALUES ('9dadcb5a-1e67-46b5-8ccf-ea8cd4c4c9f9', 'Sophia', 'Clark', '7adb77f4-f820-4075-9a5d-c5bcc9cf0e5f', '2026-01-06T18:00:26.224699', '2026-01-06T18:00:26.224699');
INSERT INTO movie_writers (id, first_name, last_name, movie_id, created_at, updated_at) VALUES ('4fe5e7dc-146e-4ca3-a1d1-2d5f974d9088', 'Linda', 'Taylor', '213ba3c4-549e-4c36-b0c7-b2d7ff13fb22', '2026-01-06T18:00:26.224757', '2026-01-06T18:00:26.224757');
INSERT INTO movie_writers (id, first_name, last_name, movie_id, created_at, updated_at) VALUES ('6dc01985-c395-47c7-8c1e-25a69ccb2322', 'Sophia', 'Taylor', '213ba3c4-549e-4c36-b0c7-b2d7ff13fb22', '2026-01-06T18:00:26.224819', '2026-01-06T18:00:26.224819');
INSERT INTO movie_writers (id, first_name, last_name, movie_id, created_at, updated_at) VALUES ('f91085ed-7c78-4c4d-9486-2cd32dac304a', 'Mark', 'Lewis', 'dbd7eb8d-8349-4e02-b238-dbd6ba194039', '2026-01-06T18:00:26.224875', '2026-01-06T18:00:26.224875');
INSERT INTO movie_writers (id, first_name, last_name, movie_id, created_at, updated_at) VALUES ('5f665f5a-665d-4f97-9d34-648c20055e7d', 'Aaron', 'Lewis', 'dbd7eb8d-8349-4e02-b238-dbd6ba194039', '2026-01-06T18:00:26.224932', '2026-01-06T18:00:26.224932');
INSERT INTO movie_writers (id, first_name, last_name, movie_id, created_at, updated_at) VALUES ('b472f64c-3629-4320-9199-465bac3fe992', 'Chris', 'Moore', '866f5eb1-cba8-46b8-b698-7dc546f53632', '2026-01-06T18:00:26.224995', '2026-01-06T18:00:26.224995');
INSERT INTO movie_writers (id, first_name, last_name, movie_id, created_at, updated_at) VALUES ('8a87b89b-717e-443c-907e-8b17b67b350e', 'Sophia', 'Taylor', '866f5eb1-cba8-46b8-b698-7dc546f53632', '2026-01-06T18:00:26.225061', '2026-01-06T18:00:26.225061');
INSERT INTO movie_writers (id, first_name, last_name, movie_id, created_at, updated_at) VALUES ('60b1dc12-d8fc-4ef3-bd3f-4ebae95f12d7', 'Chris', 'Anderson', '2e7935d6-b760-40a0-8e5c-4e97124f5763', '2026-01-06T18:00:26.225123', '2026-01-06T18:00:26.225123');
INSERT INTO movie_writers (id, first_name, last_name, movie_id, created_at, updated_at) VALUES ('7685a231-bd80-4499-9595-cf0c910b57ef', 'Aaron', 'Taylor', '2e7935d6-b760-40a0-8e5c-4e97124f5763', '2026-01-06T18:00:26.225183', '2026-01-06T18:00:26.225183');
INSERT INTO movie_writers (id, first_name, last_name, movie_id, created_at, updated_at) VALUES ('74a1c6c0-1db7-485e-9509-be7aea4ef66d', 'Aaron', 'Moore', 'a6e01a83-78c1-4a12-a0b0-79b525a4eeba', '2026-01-06T18:00:26.225245', '2026-01-06T18:00:26.225245');
INSERT INTO movie_writers (id, first_name, last_name, movie_id, created_at, updated_at) VALUES ('1d85472b-17c6-4240-877c-a719fb1c32ad', 'Chris', 'Moore', 'a6e01a83-78c1-4a12-a0b0-79b525a4eeba', '2026-01-06T18:00:26.225311', '2026-01-06T18:00:26.225311');
INSERT INTO movie_writers (id, first_name, last_name, movie_id, created_at, updated_at) VALUES ('8c6d329a-4b25-4481-9247-5b9210b5e6f4', 'Chris', 'Moore', 'dde53e45-0245-4246-982a-3829202ae973', '2026-01-06T18:00:26.225372', '2026-01-06T18:00:26.225372');
INSERT INTO movie_writers (id, first_name, last_name, movie_id, created_at, updated_at) VALUES ('6ef44b7b-9f34-4540-871a-6b6f0416993d', 'Mark', 'Clark', 'dde53e45-0245-4246-982a-3829202ae973', '2026-01-06T18:00:26.225410', '2026-01-06T18:00:26.225410');
INSERT INTO movie_writers (id, first_name, last_name, movie_id, created_at, updated_at) VALUES ('fcf87326-a5b5-4c95-a609-55d5bb17f8d6', 'Sophia', 'Anderson', 'f87b3737-bf0b-4b61-ab06-48523e27f7ba', '2026-01-06T18:00:26.225448', '2026-01-06T18:00:26.225448');
INSERT INTO movie_writers (id, first_name, last_name, movie_id, created_at, updated_at) VALUES ('341a0723-3be2-4256-912f-4cc7443661b3', 'Linda', 'Clark', 'f87b3737-bf0b-4b61-ab06-48523e27f7ba', '2026-01-06T18:00:26.225484', '2026-01-06T18:00:26.225484');
INSERT INTO movie_writers (id, first_name, last_name, movie_id, created_at, updated_at) VALUES ('c7598695-b898-4111-a570-8d3cfe117d8f', 'Aaron', 'Moore', '4db689ca-1212-4f39-908b-4a8804221c8f', '2026-01-06T18:00:26.225522', '2026-01-06T18:00:26.225522');
INSERT INTO movie_writers (id, first_name, last_name, movie_id, created_at, updated_at) VALUES ('4f4a6ca0-3889-4169-a7e4-e786768e9098', 'Aaron', 'Anderson', '4db689ca-1212-4f39-908b-4a8804221c8f', '2026-01-06T18:00:26.225572', '2026-01-06T18:00:26.225572');
INSERT INTO movie_writers (id, first_name, last_name, movie_id, created_at, updated_at) VALUES ('aadf29be-b062-4639-a880-83c492a0ba47', 'Mark', 'Lewis', 'ff8012cb-10d6-42fa-a2e7-46f33587def3', '2026-01-06T18:00:26.225612', '2026-01-06T18:00:26.225612');
INSERT INTO movie_writers (id, first_name, last_name, movie_id, created_at, updated_at) VALUES ('ac0d2edd-777d-471e-8824-da92662ba6df', 'Chris', 'Lewis', 'ff8012cb-10d6-42fa-a2e7-46f33587def3', '2026-01-06T18:00:26.225653', '2026-01-06T18:00:26.225653');
INSERT INTO movie_writers (id, first_name, last_name, movie_id, created_at, updated_at) VALUES ('62ea8292-4d0d-40ac-8bca-d47ae6184d14', 'Aaron', 'Anderson', '81e5747a-0cb7-40ed-acc6-3c032f3b4809', '2026-01-06T18:00:26.225692', '2026-01-06T18:00:26.225692');
INSERT INTO movie_writers (id, first_name, last_name, movie_id, created_at, updated_at) VALUES ('a58337de-ea34-4831-be40-c476ab042edc', 'Linda', 'Taylor', '81e5747a-0cb7-40ed-acc6-3c032f3b4809', '2026-01-06T18:00:26.225795', '2026-01-06T18:00:26.225795');
INSERT INTO movie_writers (id, first_name, last_name, movie_id, created_at, updated_at) VALUES ('f395f27f-58b7-41d7-8ec7-06658c3ae108', 'Mark', 'Moore', 'f8f51a6b-9e9f-4b1f-924b-100fafbc02d7', '2026-01-06T18:00:26.225833', '2026-01-06T18:00:26.225833');
INSERT INTO movie_writers (id, first_name, last_name, movie_id, created_at, updated_at) VALUES ('9a22cf89-f04e-48fd-a335-4fa8839d0396', 'Mark', 'Taylor', 'f8f51a6b-9e9f-4b1f-924b-100fafbc02d7', '2026-01-06T18:00:26.225864', '2026-01-06T18:00:26.225864');
INSERT INTO movie_writers (id, first_name, last_name, movie_id, created_at, updated_at) VALUES ('35de9083-abad-4a77-9142-2fd4598373e6', 'Linda', 'Clark', '413885de-42f2-4232-8e23-3427c295a55b', '2026-01-06T18:00:26.225898', '2026-01-06T18:00:26.225898');
INSERT INTO movie_writers (id, first_name, last_name, movie_id, created_at, updated_at) VALUES ('cdf223e6-415d-4d75-bb7e-c654d5181828', 'Chris', 'Lewis', '413885de-42f2-4232-8e23-3427c295a55b', '2026-01-06T18:00:26.225928', '2026-01-06T18:00:26.225928');
INSERT INTO movie_ratings (id, source, value, movie_id, created_at, updated_at) VALUES ('16e835e5-83bd-497b-8f7c-fcdaa8b31d0e', 'imdb', 8.0, 'e24ca4ab-0b40-49d4-bb81-39b74b08ab92', '2026-01-06T18:00:26.226277', '2026-01-06T18:00:26.226277');
INSERT INTO movie_ratings (id, source, value, movie_id, created_at, updated_at) VALUES ('0c29f031-a0f8-498a-9230-676b6e0fcffa', 'rotten_tomatoes', 7.4, 'e24ca4ab-0b40-49d4-bb81-39b74b08ab92', '2026-01-06T18:00:26.226376', '2026-01-06T18:00:26.226376');
INSERT INTO movie_ratings (id, source, value, movie_id, created_at, updated_at) VALUES ('1024b411-4069-417e-973d-5ba9fdc129ee', 'imdb', 8.2, '1b31894c-3e68-4a62-855f-f2de45f617b2', '2026-01-06T18:00:26.226495', '2026-01-06T18:00:26.226495');
INSERT INTO movie_ratings (id, source, value, movie_id, created_at, updated_at) VALUES ('045994d2-2c38-473f-9ad1-7d0cdc6c276e', 'rotten_tomatoes', 8.8, '1b31894c-3e68-4a62-855f-f2de45f617b2', '2026-01-06T18:00:26.226599', '2026-01-06T18:00:26.226599');
INSERT INTO movie_ratings (id, source, value, movie_id, created_at, updated_at) VALUES ('40214ebd-77ab-43df-9b45-e59b23b64041', 'imdb', 6.5, '5308b870-3f93-4810-ac77-1fd1ae90e3ed', '2026-01-06T18:00:26.226699', '2026-01-06T18:00:26.226699');
INSERT INTO movie_ratings (id, source, value, movie_id, created_at, updated_at) VALUES ('8f0a1318-ceef-47a5-9012-96d2d73050e8', 'rotten_tomatoes', 6.7, '5308b870-3f93-4810-ac77-1fd1ae90e3ed', '2026-01-06T18:00:26.226797', '2026-01-06T18:00:26.226797');
INSERT INTO movie_ratings (id, source, value, movie_id, created_at, updated_at) VALUES ('35f01319-bc79-4632-b626-23bf72f3438e', 'imdb', 6.8, 'f65415d3-0170-44a7-813d-edc580682be5', '2026-01-06T18:00:26.226893', '2026-01-06T18:00:26.226893');
INSERT INTO movie_ratings (id, source, value, movie_id, created_at, updated_at) VALUES ('91ae608e-dca0-4cd1-b72e-e627e84482c4', 'rotten_tomatoes', 6.9, 'f65415d3-0170-44a7-813d-edc580682be5', '2026-01-06T18:00:26.226995', '2026-01-06T18:00:26.226995');
INSERT INTO movie_ratings (id, source, value, movie_id, created_at, updated_at) VALUES ('141b1df0-ccff-438f-9f2c-3dd09c903a92', 'imdb', 6.1, '9ac21efc-e036-4976-a8d9-6c2bc853ff4a', '2026-01-06T18:00:26.227095', '2026-01-06T18:00:26.227095');
INSERT INTO movie_ratings (id, source, value, movie_id, created_at, updated_at) VALUES ('ba75c577-dd1b-46c2-92ff-67d314c663d9', 'rotten_tomatoes', 8.0, '9ac21efc-e036-4976-a8d9-6c2bc853ff4a', '2026-01-06T18:00:26.227186', '2026-01-06T18:00:26.227186');
INSERT INTO movie_ratings (id, source, value, movie_id, created_at, updated_at) VALUES ('3d7ce486-3ef1-41c1-8c56-799dd6095eae', 'imdb', 7.2, '257b97ed-4990-493e-8630-affae4371edb', '2026-01-06T18:00:26.227255', '2026-01-06T18:00:26.227255');
INSERT INTO movie_ratings (id, source, value, movie_id, created_at, updated_at) VALUES ('ca15adbb-f7b6-46f2-a6a5-5859a03cc0b2', 'rotten_tomatoes', 8.9, '257b97ed-4990-493e-8630-affae4371edb', '2026-01-06T18:00:26.227318', '2026-01-06T18:00:26.227318');
INSERT INTO movie_ratings (id, source, value, movie_id, created_at, updated_at) VALUES ('dafabbdb-0c7f-409c-b7ec-64cdda0f7a5e', 'imdb', 6.0, '00e098cb-06ab-4ccb-b5d7-efefd07c2341', '2026-01-06T18:00:26.227360', '2026-01-06T18:00:26.227360');
INSERT INTO movie_ratings (id, source, value, movie_id, created_at, updated_at) VALUES ('a9278c3c-0fcb-48c8-ad80-66268f9e3b4d', 'rotten_tomatoes', 6.2, '00e098cb-06ab-4ccb-b5d7-efefd07c2341', '2026-01-06T18:00:26.227399', '2026-01-06T18:00:26.227399');
INSERT INTO movie_ratings (id, source, value, movie_id, created_at, updated_at) VALUES ('3f7d0c39-5cb6-4341-bbb8-38b477035bde', 'imdb', 7.0, '2a4a1249-4d6b-4e49-8edd-1c5241639ee3', '2026-01-06T18:00:26.227440', '2026-01-06T18:00:26.227440');
INSERT INTO movie_ratings (id, source, value, movie_id, created_at, updated_at) VALUES ('65ff50ad-3c78-4580-a51a-a3a235ac13b6', 'rotten_tomatoes', 9.4, '2a4a1249-4d6b-4e49-8edd-1c5241639ee3', '2026-01-06T18:00:26.227478', '2026-01-06T18:00:26.227478');
INSERT INTO movie_ratings (id, source, value, movie_id, created_at, updated_at) VALUES ('4a93a77f-92fa-46f9-9f97-558c9f0b5ce9', 'imdb', 9.4, '7adb77f4-f820-4075-9a5d-c5bcc9cf0e5f', '2026-01-06T18:00:26.227518', '2026-01-06T18:00:26.227518');
INSERT INTO movie_ratings (id, source, value, movie_id, created_at, updated_at) VALUES ('989d8ef5-b762-4b2d-8654-f1f1c30b219d', 'rotten_tomatoes', 7.3, '7adb77f4-f820-4075-9a5d-c5bcc9cf0e5f', '2026-01-06T18:00:26.227580', '2026-01-06T18:00:26.227580');
INSERT INTO movie_ratings (id, source, value, movie_id, created_at, updated_at) VALUES ('b4f4f581-9e70-4ef7-8d60-16bf9e2d20ca', 'imdb', 7.7, '213ba3c4-549e-4c36-b0c7-b2d7ff13fb22', '2026-01-06T18:00:26.227623', '2026-01-06T18:00:26.227623');
INSERT INTO movie_ratings (id, source, value, movie_id, created_at, updated_at) VALUES ('1d8085d0-f1a7-48a6-91f1-1ffc5bb6590b', 'rotten_tomatoes', 8.1, '213ba3c4-549e-4c36-b0c7-b2d7ff13fb22', '2026-01-06T18:00:26.227665', '2026-01-06T18:00:26.227665');
INSERT INTO movie_ratings (id, source, value, movie_id, created_at, updated_at) VALUES ('b301ad73-b8b9-46a5-ad1e-4930fc08b5e5', 'imdb', 8.7, 'dbd7eb8d-8349-4e02-b238-dbd6ba194039', '2026-01-06T18:00:26.227711', '2026-01-06T18:00:26.227711');
INSERT INTO movie_ratings (id, source, value, movie_id, created_at, updated_at) VALUES ('7635ad07-c737-4e97-918b-ff721098e140', 'rotten_tomatoes', 6.7, 'dbd7eb8d-8349-4e02-b238-dbd6ba194039', '2026-01-06T18:00:26.227770', '2026-01-06T18:00:26.227770');
INSERT INTO movie_ratings (id, source, value, movie_id, created_at, updated_at) VALUES ('1e8a3a94-1584-4f8e-9a6c-85f8665e2c1a', 'imdb', 8.0, '866f5eb1-cba8-46b8-b698-7dc546f53632', '2026-01-06T18:00:26.227813', '2026-01-06T18:00:26.227813');
INSERT INTO movie_ratings (id, source, value, movie_id, created_at, updated_at) VALUES ('bb460180-afca-43a3-b4e5-a81766828cc2', 'rotten_tomatoes', 7.9, '866f5eb1-cba8-46b8-b698-7dc546f53632', '2026-01-06T18:00:26.227865', '2026-01-06T18:00:26.227865');
INSERT INTO movie_ratings (id, source, value, movie_id, created_at, updated_at) VALUES ('bd7095c2-58b7-4590-90df-9246ec181c6a', 'imdb', 6.1, '2e7935d6-b760-40a0-8e5c-4e97124f5763', '2026-01-06T18:00:26.227903', '2026-01-06T18:00:26.227903');
INSERT INTO movie_ratings (id, source, value, movie_id, created_at, updated_at) VALUES ('e4221c29-e3b0-40a0-9697-f81dfa459bda', 'rotten_tomatoes', 7.1, '2e7935d6-b760-40a0-8e5c-4e97124f5763', '2026-01-06T18:00:26.227944', '2026-01-06T18:00:26.227944');
INSERT INTO movie_ratings (id, source, value, movie_id, created_at, updated_at) VALUES ('5c57f391-e0c0-4683-aeb8-8b65888988f9', 'imdb', 8.8, 'a6e01a83-78c1-4a12-a0b0-79b525a4eeba', '2026-01-06T18:00:26.227982', '2026-01-06T18:00:26.227982');
INSERT INTO movie_ratings (id, source, value, movie_id, created_at, updated_at) VALUES ('3512942c-ae6a-4e76-a02d-66f04de4e29a', 'rotten_tomatoes', 6.9, 'a6e01a83-78c1-4a12-a0b0-79b525a4eeba', '2026-01-06T18:00:26.228017', '2026-01-06T18:00:26.228017');
INSERT INTO movie_ratings (id, source, value, movie_id, created_at, updated_at) VALUES ('3af49c45-8d8f-4449-aa73-88e1935a3c52', 'imdb', 7.4, 'dde53e45-0245-4246-982a-3829202ae973', '2026-01-06T18:00:26.228053', '2026-01-06T18:00:26.228053');
INSERT INTO movie_ratings (id, source, value, movie_id, created_at, updated_at) VALUES ('d0419e53-72bb-4a8e-8a07-a4eddb59415c', 'rotten_tomatoes', 8.7, 'dde53e45-0245-4246-982a-3829202ae973', '2026-01-06T18:00:26.228088', '2026-01-06T18:00:26.228088');
INSERT INTO movie_ratings (id, source, value, movie_id, created_at, updated_at) VALUES ('287506fa-01f6-4f79-baf4-2e5ca0539eb6', 'imdb', 7.3, 'f87b3737-bf0b-4b61-ab06-48523e27f7ba', '2026-01-06T18:00:26.228124', '2026-01-06T18:00:26.228124');
INSERT INTO movie_ratings (id, source, value, movie_id, created_at, updated_at) VALUES ('cb931d4a-3928-46ce-930f-26531131d591', 'rotten_tomatoes', 9.1, 'f87b3737-bf0b-4b61-ab06-48523e27f7ba', '2026-01-06T18:00:26.228159', '2026-01-06T18:00:26.228159');
INSERT INTO movie_ratings (id, source, value, movie_id, created_at, updated_at) VALUES ('c6d141d2-9490-446e-b853-411c0c95726c', 'imdb', 8.9, '4db689ca-1212-4f39-908b-4a8804221c8f', '2026-01-06T18:00:26.228195', '2026-01-06T18:00:26.228195');
INSERT INTO movie_ratings (id, source, value, movie_id, created_at, updated_at) VALUES ('c04b1586-21fa-4874-bf62-61e138f04bbf', 'rotten_tomatoes', 6.1, '4db689ca-1212-4f39-908b-4a8804221c8f', '2026-01-06T18:00:26.228235', '2026-01-06T18:00:26.228235');
INSERT INTO movie_ratings (id, source, value, movie_id, created_at, updated_at) VALUES ('3a9cd2c2-1ac1-42da-b35a-a4c809150e27', 'imdb', 8.8, 'ff8012cb-10d6-42fa-a2e7-46f33587def3', '2026-01-06T18:00:26.228271', '2026-01-06T18:00:26.228271');
INSERT INTO movie_ratings (id, source, value, movie_id, created_at, updated_at) VALUES ('7671f070-decc-462b-a6d2-acc1d8a79442', 'rotten_tomatoes', 7.4, 'ff8012cb-10d6-42fa-a2e7-46f33587def3', '2026-01-06T18:00:26.228306', '2026-01-06T18:00:26.228306');
INSERT INTO movie_ratings (id, source, value, movie_id, created_at, updated_at) VALUES ('a0f8fff1-e9cb-4e9d-9ebf-cb7c44773f3a', 'imdb', 7.0, '81e5747a-0cb7-40ed-acc6-3c032f3b4809', '2026-01-06T18:00:26.228342', '2026-01-06T18:00:26.228342');
INSERT INTO movie_ratings (id, source, value, movie_id, created_at, updated_at) VALUES ('45ccde2c-7af9-4499-b8dd-5f41777bd729', 'rotten_tomatoes', 6.2, '81e5747a-0cb7-40ed-acc6-3c032f3b4809', '2026-01-06T18:00:26.228376', '2026-01-06T18:00:26.228376');
INSERT INTO movie_ratings (id, source, value, movie_id, created_at, updated_at) VALUES ('f6463573-861b-4bf9-9555-444a34d6d834', 'imdb', 6.1, 'f8f51a6b-9e9f-4b1f-924b-100fafbc02d7', '2026-01-06T18:00:26.228414', '2026-01-06T18:00:26.228414');
INSERT INTO movie_ratings (id, source, value, movie_id, created_at, updated_at) VALUES ('4dffcae6-c73f-473a-b448-91a886fd1a08', 'rotten_tomatoes', 7.3, 'f8f51a6b-9e9f-4b1f-924b-100fafbc02d7', '2026-01-06T18:00:26.228449', '2026-01-06T18:00:26.228449');
INSERT INTO movie_ratings (id, source, value, movie_id, created_at, updated_at) VALUES ('4d648c97-0f54-45ea-a687-c1039ca891b6', 'imdb', 7.2, '413885de-42f2-4232-8e23-3427c295a55b', '2026-01-06T18:00:26.228485', '2026-01-06T18:00:26.228485');
INSERT INTO movie_ratings (id, source, value, movie_id, created_at, updated_at) VALUES ('72307ef0-f2bc-405d-8553-d157c705dc49', 'rotten_tomatoes', 7.9, '413885de-42f2-4232-8e23-3427c295a55b', '2026-01-06T18:00:26.228525', '2026-01-06T18:00:26.228525');
INSERT INTO movie_genres (movie_id, genre_id) VALUES ('e24ca4ab-0b40-49d4-bb81-39b74b08ab92', '43c573f3-f105-4830-92dc-745160a2e15f');
INSERT INTO movie_genres (movie_id, genre_id) VALUES ('e24ca4ab-0b40-49d4-bb81-39b74b08ab92', 'deeba83f-8ee5-4aa1-a7f8-52685f221678');
INSERT INTO movie_genres (movie_id, genre_id) VALUES ('e24ca4ab-0b40-49d4-bb81-39b74b08ab92', '9e927f1f-6faa-48e8-acb7-0f8eee2756f0');
INSERT INTO movie_genres (movie_id, genre_id) VALUES ('e24ca4ab-0b40-49d4-bb81-39b74b08ab92', '7e4ea5dd-90f8-4eac-bdc2-6c81c9f28ec7');
INSERT INTO movie_genres (movie_id, genre_id) VALUES ('1b31894c-3e68-4a62-855f-f2de45f617b2', '7e4ea5dd-90f8-4eac-bdc2-6c81c9f28ec7');
INSERT INTO movie_genres (movie_id, genre_id) VALUES ('1b31894c-3e68-4a62-855f-f2de45f617b2', 'deeba83f-8ee5-4aa1-a7f8-52685f221678');
INSERT INTO movie_genres (movie_id, genre_id) VALUES ('1b31894c-3e68-4a62-855f-f2de45f617b2', '9e927f1f-6faa-48e8-acb7-0f8eee2756f0');
INSERT INTO movie_genres (movie_id, genre_id) VALUES ('5308b870-3f93-4810-ac77-1fd1ae90e3ed', 'b0c5757b-83f1-431a-ae02-aba9e950d99c');
INSERT INTO movie_genres (movie_id, genre_id) VALUES ('5308b870-3f93-4810-ac77-1fd1ae90e3ed', '8f7e6e88-b651-432e-8939-16005cdb2e56');
INSERT INTO movie_genres (movie_id, genre_id) VALUES ('f65415d3-0170-44a7-813d-edc580682be5', '7e4ea5dd-90f8-4eac-bdc2-6c81c9f28ec7');
INSERT INTO movie_genres (movie_id, genre_id) VALUES ('f65415d3-0170-44a7-813d-edc580682be5', '43c573f3-f105-4830-92dc-745160a2e15f');
INSERT INTO movie_genres (movie_id, genre_id) VALUES ('f65415d3-0170-44a7-813d-edc580682be5', '99a90252-0cce-4dfb-b5fa-845f630a90e0');
INSERT INTO movie_genres (movie_id, genre_id) VALUES ('9ac21efc-e036-4976-a8d9-6c2bc853ff4a', '7e4ea5dd-90f8-4eac-bdc2-6c81c9f28ec7');
INSERT INTO movie_genres (movie_id, genre_id) VALUES ('9ac21efc-e036-4976-a8d9-6c2bc853ff4a', 'deeba83f-8ee5-4aa1-a7f8-52685f221678');
INSERT INTO movie_genres (movie_id, genre_id) VALUES ('257b97ed-4990-493e-8630-affae4371edb', '7e4ea5dd-90f8-4eac-bdc2-6c81c9f28ec7');
INSERT INTO movie_genres (movie_id, genre_id) VALUES ('257b97ed-4990-493e-8630-affae4371edb', '8f7e6e88-b651-432e-8939-16005cdb2e56');
INSERT INTO movie_genres (movie_id, genre_id) VALUES ('00e098cb-06ab-4ccb-b5d7-efefd07c2341', '8f7e6e88-b651-432e-8939-16005cdb2e56');
INSERT INTO movie_genres (movie_id, genre_id) VALUES ('00e098cb-06ab-4ccb-b5d7-efefd07c2341', '9f324dd2-6359-489c-b435-b178359faa47');
INSERT INTO movie_genres (movie_id, genre_id) VALUES ('00e098cb-06ab-4ccb-b5d7-efefd07c2341', '1210e065-ae71-493c-a3bd-42c3cf4a6d15');
INSERT INTO movie_genres (movie_id, genre_id) VALUES ('2a4a1249-4d6b-4e49-8edd-1c5241639ee3', 'd0e2954a-5b05-4fdb-ac38-90d47c46b2ff');
INSERT INTO movie_genres (movie_id, genre_id) VALUES ('2a4a1249-4d6b-4e49-8edd-1c5241639ee3', '9e927f1f-6faa-48e8-acb7-0f8eee2756f0');
INSERT INTO movie_genres (movie_id, genre_id) VALUES ('2a4a1249-4d6b-4e49-8edd-1c5241639ee3', 'b0c5757b-83f1-431a-ae02-aba9e950d99c');
INSERT INTO movie_genres (movie_id, genre_id) VALUES ('7adb77f4-f820-4075-9a5d-c5bcc9cf0e5f', '7e4ea5dd-90f8-4eac-bdc2-6c81c9f28ec7');
INSERT INTO movie_genres (movie_id, genre_id) VALUES ('7adb77f4-f820-4075-9a5d-c5bcc9cf0e5f', 'deeba83f-8ee5-4aa1-a7f8-52685f221678');
INSERT INTO movie_genres (movie_id, genre_id) VALUES ('7adb77f4-f820-4075-9a5d-c5bcc9cf0e5f', '43c573f3-f105-4830-92dc-745160a2e15f');
INSERT INTO movie_genres (movie_id, genre_id) VALUES ('213ba3c4-549e-4c36-b0c7-b2d7ff13fb22', '8f7e6e88-b651-432e-8939-16005cdb2e56');
INSERT INTO movie_genres (movie_id, genre_id) VALUES ('213ba3c4-549e-4c36-b0c7-b2d7ff13fb22', '9f324dd2-6359-489c-b435-b178359faa47');
INSERT INTO movie_genres (movie_id, genre_id) VALUES ('213ba3c4-549e-4c36-b0c7-b2d7ff13fb22', '43c573f3-f105-4830-92dc-745160a2e15f');
INSERT INTO movie_genres (movie_id, genre_id) VALUES ('dbd7eb8d-8349-4e02-b238-dbd6ba194039', 'deeba83f-8ee5-4aa1-a7f8-52685f221678');
INSERT INTO movie_genres (movie_id, genre_id) VALUES ('dbd7eb8d-8349-4e02-b238-dbd6ba194039', 'd0e2954a-5b05-4fdb-ac38-90d47c46b2ff');
INSERT INTO movie_genres (movie_id, genre_id) VALUES ('dbd7eb8d-8349-4e02-b238-dbd6ba194039', '7e4ea5dd-90f8-4eac-bdc2-6c81c9f28ec7');
INSERT INTO movie_genres (movie_id, genre_id) VALUES ('866f5eb1-cba8-46b8-b698-7dc546f53632', 'deeba83f-8ee5-4aa1-a7f8-52685f221678');
INSERT INTO movie_genres (movie_id, genre_id) VALUES ('866f5eb1-cba8-46b8-b698-7dc546f53632', '9e927f1f-6faa-48e8-acb7-0f8eee2756f0');
INSERT INTO movie_genres (movie_id, genre_id) VALUES ('2e7935d6-b760-40a0-8e5c-4e97124f5763', 'd0e2954a-5b05-4fdb-ac38-90d47c46b2ff');
INSERT INTO movie_genres (movie_id, genre_id) VALUES ('2e7935d6-b760-40a0-8e5c-4e97124f5763', '9f324dd2-6359-489c-b435-b178359faa47');
INSERT INTO movie_genres (movie_id, genre_id) VALUES ('a6e01a83-78c1-4a12-a0b0-79b525a4eeba', '43c573f3-f105-4830-92dc-745160a2e15f');
INSERT INTO movie_genres (movie_id, genre_id) VALUES ('a6e01a83-78c1-4a12-a0b0-79b525a4eeba', '7e4ea5dd-90f8-4eac-bdc2-6c81c9f28ec7');
INSERT INTO movie_genres (movie_id, genre_id) VALUES ('a6e01a83-78c1-4a12-a0b0-79b525a4eeba', 'deeba83f-8ee5-4aa1-a7f8-52685f221678');
INSERT INTO movie_genres (movie_id, genre_id) VALUES ('dde53e45-0245-4246-982a-3829202ae973', '7da88d1d-a157-48c2-ac63-480ee2233d55');
INSERT INTO movie_genres (movie_id, genre_id) VALUES ('dde53e45-0245-4246-982a-3829202ae973', '99a90252-0cce-4dfb-b5fa-845f630a90e0');
INSERT INTO movie_genres (movie_id, genre_id) VALUES ('dde53e45-0245-4246-982a-3829202ae973', 'deeba83f-8ee5-4aa1-a7f8-52685f221678');
INSERT INTO movie_genres (movie_id, genre_id) VALUES ('dde53e45-0245-4246-982a-3829202ae973', 'c7c552ce-c0ab-42e4-9327-e890d7346346');
INSERT INTO movie_genres (movie_id, genre_id) VALUES ('dde53e45-0245-4246-982a-3829202ae973', '1210e065-ae71-493c-a3bd-42c3cf4a6d15');
INSERT INTO movie_genres (movie_id, genre_id) VALUES ('f87b3737-bf0b-4b61-ab06-48523e27f7ba', '7da88d1d-a157-48c2-ac63-480ee2233d55');
INSERT INTO movie_genres (movie_id, genre_id) VALUES ('f87b3737-bf0b-4b61-ab06-48523e27f7ba', 'deeba83f-8ee5-4aa1-a7f8-52685f221678');
INSERT INTO movie_genres (movie_id, genre_id) VALUES ('f87b3737-bf0b-4b61-ab06-48523e27f7ba', '99a90252-0cce-4dfb-b5fa-845f630a90e0');
INSERT INTO movie_genres (movie_id, genre_id) VALUES ('f87b3737-bf0b-4b61-ab06-48523e27f7ba', 'c7c552ce-c0ab-42e4-9327-e890d7346346');
INSERT INTO movie_genres (movie_id, genre_id) VALUES ('4db689ca-1212-4f39-908b-4a8804221c8f', 'd0e2954a-5b05-4fdb-ac38-90d47c46b2ff');
INSERT INTO movie_genres (movie_id, genre_id) VALUES ('4db689ca-1212-4f39-908b-4a8804221c8f', '43c573f3-f105-4830-92dc-745160a2e15f');
INSERT INTO movie_genres (movie_id, genre_id) VALUES ('4db689ca-1212-4f39-908b-4a8804221c8f', '9f324dd2-6359-489c-b435-b178359faa47');
INSERT INTO movie_genres (movie_id, genre_id) VALUES ('4db689ca-1212-4f39-908b-4a8804221c8f', '8f7e6e88-b651-432e-8939-16005cdb2e56');
INSERT INTO movie_genres (movie_id, genre_id) VALUES ('ff8012cb-10d6-42fa-a2e7-46f33587def3', '99a90252-0cce-4dfb-b5fa-845f630a90e0');
INSERT INTO movie_genres (movie_id, genre_id) VALUES ('ff8012cb-10d6-42fa-a2e7-46f33587def3', 'c7c552ce-c0ab-42e4-9327-e890d7346346');
INSERT INTO movie_genres (movie_id, genre_id) VALUES ('ff8012cb-10d6-42fa-a2e7-46f33587def3', 'deeba83f-8ee5-4aa1-a7f8-52685f221678');
INSERT INTO movie_genres (movie_id, genre_id) VALUES ('81e5747a-0cb7-40ed-acc6-3c032f3b4809', 'deeba83f-8ee5-4aa1-a7f8-52685f221678');
INSERT INTO movie_genres (movie_id, genre_id) VALUES ('81e5747a-0cb7-40ed-acc6-3c032f3b4809', '9e927f1f-6faa-48e8-acb7-0f8eee2756f0');
INSERT INTO movie_genres (movie_id, genre_id) VALUES ('f8f51a6b-9e9f-4b1f-924b-100fafbc02d7', 'd0e2954a-5b05-4fdb-ac38-90d47c46b2ff');
INSERT INTO movie_genres (movie_id, genre_id) VALUES ('f8f51a6b-9e9f-4b1f-924b-100fafbc02d7', '9c1674fb-b119-40f3-98dc-a2e98d4b0c28');
INSERT INTO movie_genres (movie_id, genre_id) VALUES ('413885de-42f2-4232-8e23-3427c295a55b', 'd0e2954a-5b05-4fdb-ac38-90d47c46b2ff');
INSERT INTO movie_genres (movie_id, genre_id) VALUES ('413885de-42f2-4232-8e23-3427c295a55b', '9f324dd2-6359-489c-b435-b178359faa47');
INSERT INTO movie_projections (id, projection_date, projection_time, cinema_hall_id, movie_id, created_at, updated_at) VALUES ('2878ef1b-7413-4509-a567-c05abc8e12b0', '2026-02-20', '13:00:00', '754d9a64-a351-458f-90df-29d943c5ae3f', 'e24ca4ab-0b40-49d4-bb81-39b74b08ab92', '2026-01-06T18:00:26.232303', '2026-01-06T18:00:26.232303');
INSERT INTO movie_projections (id, projection_date, projection_time, cinema_hall_id, movie_id, created_at, updated_at) VALUES ('9a116f4c-77c3-4a17-b250-a4aa0c1bf933', '2026-03-04', '10:00:00', '626bed58-a026-40aa-8c12-2010c058bc6f', 'e24ca4ab-0b40-49d4-bb81-39b74b08ab92', '2026-01-06T18:00:26.232484', '2026-01-06T18:00:26.232484');
INSERT INTO movie_projections (id, projection_date, projection_time, cinema_hall_id, movie_id, created_at, updated_at) VALUES ('cd18c0e2-809e-4de6-b77a-df096fdf4d89', '2026-02-11', '13:00:00', '1368e1f8-aa54-4d8e-99d2-eadb141e97cb', 'e24ca4ab-0b40-49d4-bb81-39b74b08ab92', '2026-01-06T18:00:26.232644', '2026-01-06T18:00:26.232644');
INSERT INTO movie_projections (id, projection_date, projection_time, cinema_hall_id, movie_id, created_at, updated_at) VALUES ('d402b70c-bb64-43cc-817a-124f9ad2f926', '2026-03-07', '16:00:00', 'fb31358a-eb2f-4cac-9901-7368b51ad47f', 'e24ca4ab-0b40-49d4-bb81-39b74b08ab92', '2026-01-06T18:00:26.232742', '2026-01-06T18:00:26.232742');
INSERT INTO movie_projections (id, projection_date, projection_time, cinema_hall_id, movie_id, created_at, updated_at) VALUES ('99392781-5bf3-4e60-afe2-1fb60e1643e0', '2026-01-08', '16:00:00', 'd3b645b7-0add-4a8f-83f6-54b98b2815d0', 'e24ca4ab-0b40-49d4-bb81-39b74b08ab92', '2026-01-06T18:00:26.232838', '2026-01-06T18:00:26.232838');
INSERT INTO movie_projections (id, projection_date, projection_time, cinema_hall_id, movie_id, created_at, updated_at) VALUES ('720736a1-0cfc-4821-a74b-64c0f27714e3', '2026-02-14', '16:00:00', '336818a7-3094-445d-af55-f3f1b72885de', 'e24ca4ab-0b40-49d4-bb81-39b74b08ab92', '2026-01-06T18:00:26.232921', '2026-01-06T18:00:26.232921');
INSERT INTO movie_projections (id, projection_date, projection_time, cinema_hall_id, movie_id, created_at, updated_at) VALUES ('2255faf2-3a5f-422b-9686-200699f5729d', '2026-01-14', '10:00:00', '626bed58-a026-40aa-8c12-2010c058bc6f', 'e24ca4ab-0b40-49d4-bb81-39b74b08ab92', '2026-01-06T18:00:26.233010', '2026-01-06T18:00:26.233010');
INSERT INTO movie_projections (id, projection_date, projection_time, cinema_hall_id, movie_id, created_at, updated_at) VALUES ('de9b02c3-9300-4472-9da2-3de2d9973581', '2026-02-16', '19:00:00', 'b7a671bb-f528-4c67-b92c-6a670ddf0cd3', 'e24ca4ab-0b40-49d4-bb81-39b74b08ab92', '2026-01-06T18:00:26.233088', '2026-01-06T18:00:26.233088');
INSERT INTO movie_projections (id, projection_date, projection_time, cinema_hall_id, movie_id, created_at, updated_at) VALUES ('73399773-485f-4adc-8128-c3e74627542f', '2026-02-20', '16:00:00', 'b7a671bb-f528-4c67-b92c-6a670ddf0cd3', 'e24ca4ab-0b40-49d4-bb81-39b74b08ab92', '2026-01-06T18:00:26.233166', '2026-01-06T18:00:26.233166');
INSERT INTO movie_projections (id, projection_date, projection_time, cinema_hall_id, movie_id, created_at, updated_at) VALUES ('a182c1c0-1f48-40fd-a9f9-2ad7eebf4ad5', '2026-02-10', '19:00:00', '1368e1f8-aa54-4d8e-99d2-eadb141e97cb', 'e24ca4ab-0b40-49d4-bb81-39b74b08ab92', '2026-01-06T18:00:26.233309', '2026-01-06T18:00:26.233309');
INSERT INTO movie_projections (id, projection_date, projection_time, cinema_hall_id, movie_id, created_at, updated_at) VALUES ('eb0d9e20-5e92-4862-83f0-ba1ddbcdca67', '2026-02-03', '19:00:00', 'd3b645b7-0add-4a8f-83f6-54b98b2815d0', 'e24ca4ab-0b40-49d4-bb81-39b74b08ab92', '2026-01-06T18:00:26.233391', '2026-01-06T18:00:26.233391');
INSERT INTO movie_projections (id, projection_date, projection_time, cinema_hall_id, movie_id, created_at, updated_at) VALUES ('83328d38-4a36-4ce8-aa96-271a457cd629', '2026-01-17', '19:00:00', 'fb31358a-eb2f-4cac-9901-7368b51ad47f', 'e24ca4ab-0b40-49d4-bb81-39b74b08ab92', '2026-01-06T18:00:26.233470', '2026-01-06T18:00:26.233470');
INSERT INTO movie_projections (id, projection_date, projection_time, cinema_hall_id, movie_id, created_at, updated_at) VALUES ('f6dbe0b7-656f-41e5-ae02-90d159faa892', '2026-03-14', '10:00:00', 'c6127204-b556-472e-8812-12d5aed4e3f9', 'e24ca4ab-0b40-49d4-bb81-39b74b08ab92', '2026-01-06T18:00:26.233561', '2026-01-06T18:00:26.233561');
INSERT INTO movie_projections (id, projection_date, projection_time, cinema_hall_id, movie_id, created_at, updated_at) VALUES ('6be073b3-5e74-4e3d-a889-4c466efd1611', '2026-02-13', '13:00:00', '12cfc0fb-73b1-4a4b-8416-162b8c862879', 'e24ca4ab-0b40-49d4-bb81-39b74b08ab92', '2026-01-06T18:00:26.233640', '2026-01-06T18:00:26.233640');
INSERT INTO movie_projections (id, projection_date, projection_time, cinema_hall_id, movie_id, created_at, updated_at) VALUES ('ea2eb709-f500-419f-8a49-38cec743e0b9', '2026-01-22', '19:00:00', '336818a7-3094-445d-af55-f3f1b72885de', 'e24ca4ab-0b40-49d4-bb81-39b74b08ab92', '2026-01-06T18:00:26.233726', '2026-01-06T18:00:26.233726');
INSERT INTO movie_projections (id, projection_date, projection_time, cinema_hall_id, movie_id, created_at, updated_at) VALUES ('0d7bff00-2aa3-467f-8cdd-b45d218ee1e7', '2026-01-23', '13:00:00', '12cfc0fb-73b1-4a4b-8416-162b8c862879', 'e24ca4ab-0b40-49d4-bb81-39b74b08ab92', '2026-01-06T18:00:26.233805', '2026-01-06T18:00:26.233805');
INSERT INTO movie_projections (id, projection_date, projection_time, cinema_hall_id, movie_id, created_at, updated_at) VALUES ('cfd7618d-1919-409c-846b-8cd30f032c24', '2026-01-23', '16:00:00', '754d9a64-a351-458f-90df-29d943c5ae3f', 'e24ca4ab-0b40-49d4-bb81-39b74b08ab92', '2026-01-06T18:00:26.233882', '2026-01-06T18:00:26.233882');
INSERT INTO movie_projections (id, projection_date, projection_time, cinema_hall_id, movie_id, created_at, updated_at) VALUES ('615a5144-3e59-4803-b4a8-ce4bfab79040', '2026-02-06', '16:00:00', '1368e1f8-aa54-4d8e-99d2-eadb141e97cb', 'e24ca4ab-0b40-49d4-bb81-39b74b08ab92', '2026-01-06T18:00:26.233960', '2026-01-06T18:00:26.233960');
INSERT INTO movie_projections (id, projection_date, projection_time, cinema_hall_id, movie_id, created_at, updated_at) VALUES ('0ea499a3-f892-447e-859f-0d415b815db5', '2026-01-20', '19:00:00', '626bed58-a026-40aa-8c12-2010c058bc6f', 'e24ca4ab-0b40-49d4-bb81-39b74b08ab92', '2026-01-06T18:00:26.234038', '2026-01-06T18:00:26.234038');
INSERT INTO movie_projections (id, projection_date, projection_time, cinema_hall_id, movie_id, created_at, updated_at) VALUES ('b0e506ee-4d8d-45e0-83cf-849ada35233b', '2026-03-14', '16:00:00', '336818a7-3094-445d-af55-f3f1b72885de', 'e24ca4ab-0b40-49d4-bb81-39b74b08ab92', '2026-01-06T18:00:26.234114', '2026-01-06T18:00:26.234114');
INSERT INTO movie_projections (id, projection_date, projection_time, cinema_hall_id, movie_id, created_at, updated_at) VALUES ('4fc4a2fe-0048-402b-bc79-f27803190171', '2026-03-13', '10:00:00', '12cfc0fb-73b1-4a4b-8416-162b8c862879', 'e24ca4ab-0b40-49d4-bb81-39b74b08ab92', '2026-01-06T18:00:26.234191', '2026-01-06T18:00:26.234191');
INSERT INTO movie_projections (id, projection_date, projection_time, cinema_hall_id, movie_id, created_at, updated_at) VALUES ('f23e074a-826c-4d2b-9db5-d9aecc8d7470', '2026-01-16', '13:00:00', '626bed58-a026-40aa-8c12-2010c058bc6f', 'e24ca4ab-0b40-49d4-bb81-39b74b08ab92', '2026-01-06T18:00:26.234268', '2026-01-06T18:00:26.234268');
INSERT INTO movie_projections (id, projection_date, projection_time, cinema_hall_id, movie_id, created_at, updated_at) VALUES ('9fb65fff-32d5-4444-9204-4139c1cc69df', '2026-02-01', '19:00:00', '1093090e-e74e-4500-ab60-3fd38a89f11b', 'e24ca4ab-0b40-49d4-bb81-39b74b08ab92', '2026-01-06T18:00:26.234352', '2026-01-06T18:00:26.234352');
INSERT INTO movie_projections (id, projection_date, projection_time, cinema_hall_id, movie_id, created_at, updated_at) VALUES ('474d1b19-fd2e-40d5-a6d5-ee03867f924a', '2026-03-07', '16:00:00', 'd3b645b7-0add-4a8f-83f6-54b98b2815d0', 'e24ca4ab-0b40-49d4-bb81-39b74b08ab92', '2026-01-06T18:00:26.234431', '2026-01-06T18:00:26.234431');
INSERT INTO movie_projections (id, projection_date, projection_time, cinema_hall_id, movie_id, created_at, updated_at) VALUES ('de91eb59-9a89-413c-89ab-9f47bf60ad58', '2026-03-03', '16:00:00', '1093090e-e74e-4500-ab60-3fd38a89f11b', 'e24ca4ab-0b40-49d4-bb81-39b74b08ab92', '2026-01-06T18:00:26.234509', '2026-01-06T18:00:26.234509');
INSERT INTO movie_projections (id, projection_date, projection_time, cinema_hall_id, movie_id, created_at, updated_at) VALUES ('7e224ff2-ca0c-4cd9-a023-8dca8ff0e7b4', '2026-01-22', '13:00:00', '12cfc0fb-73b1-4a4b-8416-162b8c862879', 'e24ca4ab-0b40-49d4-bb81-39b74b08ab92', '2026-01-06T18:00:26.234604', '2026-01-06T18:00:26.234604');
INSERT INTO movie_projections (id, projection_date, projection_time, cinema_hall_id, movie_id, created_at, updated_at) VALUES ('04906a91-615d-42b7-b2cd-619041b7d5c6', '2026-02-25', '10:00:00', '1093090e-e74e-4500-ab60-3fd38a89f11b', 'e24ca4ab-0b40-49d4-bb81-39b74b08ab92', '2026-01-06T18:00:26.234683', '2026-01-06T18:00:26.234683');
INSERT INTO movie_projections (id, projection_date, projection_time, cinema_hall_id, movie_id, created_at, updated_at) VALUES ('385ef954-e108-4d5a-b47f-1fc35e686d9c', '2026-02-23', '10:00:00', 'fb31358a-eb2f-4cac-9901-7368b51ad47f', 'e24ca4ab-0b40-49d4-bb81-39b74b08ab92', '2026-01-06T18:00:26.234761', '2026-01-06T18:00:26.234761');
INSERT INTO movie_projections (id, projection_date, projection_time, cinema_hall_id, movie_id, created_at, updated_at) VALUES ('60081a2e-c910-4de2-8fe1-e82e6412bd40', '2026-01-11', '13:00:00', '12cfc0fb-73b1-4a4b-8416-162b8c862879', 'e24ca4ab-0b40-49d4-bb81-39b74b08ab92', '2026-01-06T18:00:26.234837', '2026-01-06T18:00:26.234837');
INSERT INTO movie_projections (id, projection_date, projection_time, cinema_hall_id, movie_id, created_at, updated_at) VALUES ('3af8e27b-067b-4cd7-8d34-857d58fd1d99', '2026-02-07', '19:00:00', 'c6127204-b556-472e-8812-12d5aed4e3f9', 'e24ca4ab-0b40-49d4-bb81-39b74b08ab92', '2026-01-06T18:00:26.234913', '2026-01-06T18:00:26.234913');
INSERT INTO movie_projections (id, projection_date, projection_time, cinema_hall_id, movie_id, created_at, updated_at) VALUES ('1bd2e4f1-8ea3-4c12-8697-0308fd779915', '2026-01-24', '10:00:00', '855a5c41-43b2-4968-b698-501ccba52db7', 'e24ca4ab-0b40-49d4-bb81-39b74b08ab92', '2026-01-06T18:00:26.234997', '2026-01-06T18:00:26.234997');
INSERT INTO movie_projections (id, projection_date, projection_time, cinema_hall_id, movie_id, created_at, updated_at) VALUES ('b6f82448-a329-4d9a-b310-dad0d6a81caf', '2026-03-02', '19:00:00', 'fb31358a-eb2f-4cac-9901-7368b51ad47f', 'e24ca4ab-0b40-49d4-bb81-39b74b08ab92', '2026-01-06T18:00:26.235076', '2026-01-06T18:00:26.235076');
INSERT INTO movie_projections (id, projection_date, projection_time, cinema_hall_id, movie_id, created_at, updated_at) VALUES ('77696c78-866a-4ba8-9488-e077e6da7343', '2026-02-15', '16:00:00', 'c6127204-b556-472e-8812-12d5aed4e3f9', 'e24ca4ab-0b40-49d4-bb81-39b74b08ab92', '2026-01-06T18:00:26.235153', '2026-01-06T18:00:26.235153');
INSERT INTO movie_projections (id, projection_date, projection_time, cinema_hall_id, movie_id, created_at, updated_at) VALUES ('631d5bf5-3298-434a-b380-f2395d2ead01', '2026-02-13', '13:00:00', '1368e1f8-aa54-4d8e-99d2-eadb141e97cb', 'e24ca4ab-0b40-49d4-bb81-39b74b08ab92', '2026-01-06T18:00:26.235231', '2026-01-06T18:00:26.235231');
INSERT INTO movie_projections (id, projection_date, projection_time, cinema_hall_id, movie_id, created_at, updated_at) VALUES ('c5e379e8-860a-412b-b644-341045b24443', '2026-02-06', '10:00:00', '12cfc0fb-73b1-4a4b-8416-162b8c862879', 'e24ca4ab-0b40-49d4-bb81-39b74b08ab92', '2026-01-06T18:00:26.235307', '2026-01-06T18:00:26.235307');
INSERT INTO movie_projections (id, projection_date, projection_time, cinema_hall_id, movie_id, created_at, updated_at) VALUES ('a754b17e-da89-4549-8053-75b374b9ddaf', '2026-01-30', '19:00:00', 'c6127204-b556-472e-8812-12d5aed4e3f9', 'e24ca4ab-0b40-49d4-bb81-39b74b08ab92', '2026-01-06T18:00:26.235384', '2026-01-06T18:00:26.235384');
INSERT INTO movie_projections (id, projection_date, projection_time, cinema_hall_id, movie_id, created_at, updated_at) VALUES ('6e6acb3a-9672-4142-a042-4aa99465daca', '2026-01-16', '19:00:00', '336818a7-3094-445d-af55-f3f1b72885de', 'e24ca4ab-0b40-49d4-bb81-39b74b08ab92', '2026-01-06T18:00:26.235460', '2026-01-06T18:00:26.235460');
INSERT INTO movie_projections (id, projection_date, projection_time, cinema_hall_id, movie_id, created_at, updated_at) VALUES ('c6ff5b0b-9bb8-4ed8-b547-d0cc02147247', '2026-02-26', '10:00:00', '336818a7-3094-445d-af55-f3f1b72885de', 'e24ca4ab-0b40-49d4-bb81-39b74b08ab92', '2026-01-06T18:00:26.235578', '2026-01-06T18:00:26.235578');
INSERT INTO movie_projections (id, projection_date, projection_time, cinema_hall_id, movie_id, created_at, updated_at) VALUES ('3c46e17c-3604-407a-8fd8-826f4d85a69a', '2026-02-11', '19:00:00', '336818a7-3094-445d-af55-f3f1b72885de', 'e24ca4ab-0b40-49d4-bb81-39b74b08ab92', '2026-01-06T18:00:26.235640', '2026-01-06T18:00:26.235640');
INSERT INTO movie_projections (id, projection_date, projection_time, cinema_hall_id, movie_id, created_at, updated_at) VALUES ('56b6a61c-77d2-42f7-bd2e-b914311dc673', '2026-01-23', '19:00:00', 'fb31358a-eb2f-4cac-9901-7368b51ad47f', 'e24ca4ab-0b40-49d4-bb81-39b74b08ab92', '2026-01-06T18:00:26.235691', '2026-01-06T18:00:26.235691');
INSERT INTO movie_projections (id, projection_date, projection_time, cinema_hall_id, movie_id, created_at, updated_at) VALUES ('d6465b98-bcd2-4424-90bd-dc56a6fdde10', '2026-03-02', '10:00:00', '336818a7-3094-445d-af55-f3f1b72885de', '1b31894c-3e68-4a62-855f-f2de45f617b2', '2026-01-06T18:00:26.235750', '2026-01-06T18:00:26.235750');
INSERT INTO movie_projections (id, projection_date, projection_time, cinema_hall_id, movie_id, created_at, updated_at) VALUES ('bc3d2e41-f2e6-4502-bb0c-948e885d114f', '2026-03-06', '13:00:00', 'd3b645b7-0add-4a8f-83f6-54b98b2815d0', '1b31894c-3e68-4a62-855f-f2de45f617b2', '2026-01-06T18:00:26.235803', '2026-01-06T18:00:26.235803');
INSERT INTO movie_projections (id, projection_date, projection_time, cinema_hall_id, movie_id, created_at, updated_at) VALUES ('02855dbc-24f4-4f2f-a351-36546069a391', '2026-03-15', '13:00:00', 'd3b645b7-0add-4a8f-83f6-54b98b2815d0', '1b31894c-3e68-4a62-855f-f2de45f617b2', '2026-01-06T18:00:26.235855', '2026-01-06T18:00:26.235855');
INSERT INTO movie_projections (id, projection_date, projection_time, cinema_hall_id, movie_id, created_at, updated_at) VALUES ('1b282245-6c19-4ce2-8fec-2a1d48696ec1', '2026-02-23', '16:00:00', '1368e1f8-aa54-4d8e-99d2-eadb141e97cb', '1b31894c-3e68-4a62-855f-f2de45f617b2', '2026-01-06T18:00:26.235905', '2026-01-06T18:00:26.235905');
INSERT INTO movie_projections (id, projection_date, projection_time, cinema_hall_id, movie_id, created_at, updated_at) VALUES ('469370b2-18ad-416d-aac0-dcc63a6002c8', '2026-02-27', '13:00:00', 'c6127204-b556-472e-8812-12d5aed4e3f9', '1b31894c-3e68-4a62-855f-f2de45f617b2', '2026-01-06T18:00:26.235955', '2026-01-06T18:00:26.235955');
INSERT INTO movie_projections (id, projection_date, projection_time, cinema_hall_id, movie_id, created_at, updated_at) VALUES ('9894d32a-4e57-4df9-8f8b-0796adf3ce1a', '2026-02-10', '19:00:00', 'c6127204-b556-472e-8812-12d5aed4e3f9', '1b31894c-3e68-4a62-855f-f2de45f617b2', '2026-01-06T18:00:26.236005', '2026-01-06T18:00:26.236005');
INSERT INTO movie_projections (id, projection_date, projection_time, cinema_hall_id, movie_id, created_at, updated_at) VALUES ('3da48148-670f-41aa-a9b9-a38f9c9c204d', '2026-01-28', '19:00:00', '754d9a64-a351-458f-90df-29d943c5ae3f', '1b31894c-3e68-4a62-855f-f2de45f617b2', '2026-01-06T18:00:26.236061', '2026-01-06T18:00:26.236061');
INSERT INTO movie_projections (id, projection_date, projection_time, cinema_hall_id, movie_id, created_at, updated_at) VALUES ('a8f3c17a-ba5f-4e54-8296-5d35630915b9', '2026-02-05', '16:00:00', '626bed58-a026-40aa-8c12-2010c058bc6f', '1b31894c-3e68-4a62-855f-f2de45f617b2', '2026-01-06T18:00:26.236114', '2026-01-06T18:00:26.236114');
INSERT INTO movie_projections (id, projection_date, projection_time, cinema_hall_id, movie_id, created_at, updated_at) VALUES ('02608e40-106b-4a5b-b191-5c21e3346e47', '2026-02-08', '19:00:00', '1368e1f8-aa54-4d8e-99d2-eadb141e97cb', '1b31894c-3e68-4a62-855f-f2de45f617b2', '2026-01-06T18:00:26.236164', '2026-01-06T18:00:26.236164');
INSERT INTO movie_projections (id, projection_date, projection_time, cinema_hall_id, movie_id, created_at, updated_at) VALUES ('67ad056a-3e7c-4223-85cb-4b6bb4b94036', '2026-01-28', '16:00:00', 'c6127204-b556-472e-8812-12d5aed4e3f9', '1b31894c-3e68-4a62-855f-f2de45f617b2', '2026-01-06T18:00:26.236214', '2026-01-06T18:00:26.236214');
INSERT INTO movie_projections (id, projection_date, projection_time, cinema_hall_id, movie_id, created_at, updated_at) VALUES ('45f17235-e3e0-404e-86d9-8d10219fc889', '2026-01-08', '19:00:00', 'd3b645b7-0add-4a8f-83f6-54b98b2815d0', '1b31894c-3e68-4a62-855f-f2de45f617b2', '2026-01-06T18:00:26.236265', '2026-01-06T18:00:26.236265');
INSERT INTO movie_projections (id, projection_date, projection_time, cinema_hall_id, movie_id, created_at, updated_at) VALUES ('d62e9fa1-0004-4d57-9c32-9780b95e4cc2', '2026-03-13', '16:00:00', '855a5c41-43b2-4968-b698-501ccba52db7', '1b31894c-3e68-4a62-855f-f2de45f617b2', '2026-01-06T18:00:26.236316', '2026-01-06T18:00:26.236316');
INSERT INTO movie_projections (id, projection_date, projection_time, cinema_hall_id, movie_id, created_at, updated_at) VALUES ('8c7f2b75-f64d-456b-a0a6-b18a53ecf626', '2026-02-24', '16:00:00', '754d9a64-a351-458f-90df-29d943c5ae3f', '1b31894c-3e68-4a62-855f-f2de45f617b2', '2026-01-06T18:00:26.236368', '2026-01-06T18:00:26.236368');
INSERT INTO movie_projections (id, projection_date, projection_time, cinema_hall_id, movie_id, created_at, updated_at) VALUES ('7d3cff55-645b-4d99-a24a-14d50ec50a85', '2026-02-21', '10:00:00', '754d9a64-a351-458f-90df-29d943c5ae3f', '1b31894c-3e68-4a62-855f-f2de45f617b2', '2026-01-06T18:00:26.236418', '2026-01-06T18:00:26.236418');
INSERT INTO movie_projections (id, projection_date, projection_time, cinema_hall_id, movie_id, created_at, updated_at) VALUES ('445fd729-1f21-4599-9fe4-78c66cb0fd90', '2026-03-02', '16:00:00', '626bed58-a026-40aa-8c12-2010c058bc6f', '1b31894c-3e68-4a62-855f-f2de45f617b2', '2026-01-06T18:00:26.236474', '2026-01-06T18:00:26.236474');
INSERT INTO movie_projections (id, projection_date, projection_time, cinema_hall_id, movie_id, created_at, updated_at) VALUES ('cd509dff-6c2b-4f9f-b10a-01afb805c303', '2026-02-19', '10:00:00', '1368e1f8-aa54-4d8e-99d2-eadb141e97cb', '1b31894c-3e68-4a62-855f-f2de45f617b2', '2026-01-06T18:00:26.236534', '2026-01-06T18:00:26.236534');
INSERT INTO movie_projections (id, projection_date, projection_time, cinema_hall_id, movie_id, created_at, updated_at) VALUES ('7d0e50f3-0dce-4d33-a484-c52140053cb6', '2026-02-04', '16:00:00', '336818a7-3094-445d-af55-f3f1b72885de', '1b31894c-3e68-4a62-855f-f2de45f617b2', '2026-01-06T18:00:26.236580', '2026-01-06T18:00:26.236580');
INSERT INTO movie_projections (id, projection_date, projection_time, cinema_hall_id, movie_id, created_at, updated_at) VALUES ('8e6fbbad-4188-4bc6-ab78-2d84ca305a99', '2026-01-31', '13:00:00', '12cfc0fb-73b1-4a4b-8416-162b8c862879', '1b31894c-3e68-4a62-855f-f2de45f617b2', '2026-01-06T18:00:26.236627', '2026-01-06T18:00:26.236627');
INSERT INTO movie_projections (id, projection_date, projection_time, cinema_hall_id, movie_id, created_at, updated_at) VALUES ('02e5f53f-ad66-4898-80e9-da3a3e66c147', '2026-02-26', '13:00:00', '12cfc0fb-73b1-4a4b-8416-162b8c862879', '1b31894c-3e68-4a62-855f-f2de45f617b2', '2026-01-06T18:00:26.236674', '2026-01-06T18:00:26.236674');
INSERT INTO movie_projections (id, projection_date, projection_time, cinema_hall_id, movie_id, created_at, updated_at) VALUES ('ee0324fd-46ec-4842-b72a-571a3f4f6880', '2026-02-02', '10:00:00', '336818a7-3094-445d-af55-f3f1b72885de', '1b31894c-3e68-4a62-855f-f2de45f617b2', '2026-01-06T18:00:26.236718', '2026-01-06T18:00:26.236718');
INSERT INTO movie_projections (id, projection_date, projection_time, cinema_hall_id, movie_id, created_at, updated_at) VALUES ('11d523f0-df0f-4dad-8ca7-dc28b35f869c', '2026-01-12', '13:00:00', '1093090e-e74e-4500-ab60-3fd38a89f11b', '1b31894c-3e68-4a62-855f-f2de45f617b2', '2026-01-06T18:00:26.236764', '2026-01-06T18:00:26.236764');
INSERT INTO movie_projections (id, projection_date, projection_time, cinema_hall_id, movie_id, created_at, updated_at) VALUES ('f8b3c125-a048-4e7a-9613-8b7dc5d37f86', '2026-01-11', '16:00:00', '626bed58-a026-40aa-8c12-2010c058bc6f', '1b31894c-3e68-4a62-855f-f2de45f617b2', '2026-01-06T18:00:26.236809', '2026-01-06T18:00:26.236809');
INSERT INTO movie_projections (id, projection_date, projection_time, cinema_hall_id, movie_id, created_at, updated_at) VALUES ('3f8b94c7-f17c-4b0b-b099-404f072e0d77', '2026-02-02', '13:00:00', 'c6127204-b556-472e-8812-12d5aed4e3f9', '1b31894c-3e68-4a62-855f-f2de45f617b2', '2026-01-06T18:00:26.236859', '2026-01-06T18:00:26.236859');
INSERT INTO movie_projections (id, projection_date, projection_time, cinema_hall_id, movie_id, created_at, updated_at) VALUES ('2aee199f-de5c-4fa7-9275-03f1a32d824c', '2026-02-23', '19:00:00', '626bed58-a026-40aa-8c12-2010c058bc6f', '1b31894c-3e68-4a62-855f-f2de45f617b2', '2026-01-06T18:00:26.236905', '2026-01-06T18:00:26.236905');
INSERT INTO movie_projections (id, projection_date, projection_time, cinema_hall_id, movie_id, created_at, updated_at) VALUES ('e6a19fef-f172-4b39-baf9-dec0239bd5e1', '2026-01-17', '10:00:00', '754d9a64-a351-458f-90df-29d943c5ae3f', '1b31894c-3e68-4a62-855f-f2de45f617b2', '2026-01-06T18:00:26.236950', '2026-01-06T18:00:26.236950');
INSERT INTO movie_projections (id, projection_date, projection_time, cinema_hall_id, movie_id, created_at, updated_at) VALUES ('47c6d11f-e0cc-43b9-93ca-ec71131632c2', '2026-02-25', '13:00:00', '1368e1f8-aa54-4d8e-99d2-eadb141e97cb', '1b31894c-3e68-4a62-855f-f2de45f617b2', '2026-01-06T18:00:26.237002', '2026-01-06T18:00:26.237002');
INSERT INTO movie_projections (id, projection_date, projection_time, cinema_hall_id, movie_id, created_at, updated_at) VALUES ('9ecccd90-1b8a-47d8-a8eb-f54c8c749b19', '2026-02-10', '10:00:00', '626bed58-a026-40aa-8c12-2010c058bc6f', '1b31894c-3e68-4a62-855f-f2de45f617b2', '2026-01-06T18:00:26.237047', '2026-01-06T18:00:26.237047');
INSERT INTO movie_projections (id, projection_date, projection_time, cinema_hall_id, movie_id, created_at, updated_at) VALUES ('11e9920f-6519-4ecf-9384-c0126385caed', '2026-01-23', '19:00:00', '754d9a64-a351-458f-90df-29d943c5ae3f', '1b31894c-3e68-4a62-855f-f2de45f617b2', '2026-01-06T18:00:26.237092', '2026-01-06T18:00:26.237092');
INSERT INTO movie_projections (id, projection_date, projection_time, cinema_hall_id, movie_id, created_at, updated_at) VALUES ('a36923ff-501c-4d50-8571-7bb94c8c567d', '2026-03-01', '19:00:00', '855a5c41-43b2-4968-b698-501ccba52db7', '1b31894c-3e68-4a62-855f-f2de45f617b2', '2026-01-06T18:00:26.237137', '2026-01-06T18:00:26.237137');
INSERT INTO movie_projections (id, projection_date, projection_time, cinema_hall_id, movie_id, created_at, updated_at) VALUES ('04a73c4b-b4e1-4df9-ba46-8cd5a760128f', '2026-02-02', '16:00:00', '12cfc0fb-73b1-4a4b-8416-162b8c862879', '1b31894c-3e68-4a62-855f-f2de45f617b2', '2026-01-06T18:00:26.237183', '2026-01-06T18:00:26.237183');
INSERT INTO movie_projections (id, projection_date, projection_time, cinema_hall_id, movie_id, created_at, updated_at) VALUES ('372c8e91-7852-49ae-92bd-4e1774d07da1', '2026-01-22', '10:00:00', '855a5c41-43b2-4968-b698-501ccba52db7', '1b31894c-3e68-4a62-855f-f2de45f617b2', '2026-01-06T18:00:26.237233', '2026-01-06T18:00:26.237233');
INSERT INTO movie_projections (id, projection_date, projection_time, cinema_hall_id, movie_id, created_at, updated_at) VALUES ('1371d239-f160-4634-8129-f0181f23bdff', '2026-02-28', '19:00:00', 'd3b645b7-0add-4a8f-83f6-54b98b2815d0', '1b31894c-3e68-4a62-855f-f2de45f617b2', '2026-01-06T18:00:26.237279', '2026-01-06T18:00:26.237279');
INSERT INTO movie_projections (id, projection_date, projection_time, cinema_hall_id, movie_id, created_at, updated_at) VALUES ('70cfa21d-0155-4485-a1f1-e5b9e23c9e37', '2026-02-12', '13:00:00', '754d9a64-a351-458f-90df-29d943c5ae3f', '1b31894c-3e68-4a62-855f-f2de45f617b2', '2026-01-06T18:00:26.237325', '2026-01-06T18:00:26.237325');
INSERT INTO movie_projections (id, projection_date, projection_time, cinema_hall_id, movie_id, created_at, updated_at) VALUES ('499298d7-1fc3-4c0e-a194-f388947cb828', '2026-03-12', '16:00:00', '1093090e-e74e-4500-ab60-3fd38a89f11b', '1b31894c-3e68-4a62-855f-f2de45f617b2', '2026-01-06T18:00:26.237371', '2026-01-06T18:00:26.237371');
INSERT INTO movie_projections (id, projection_date, projection_time, cinema_hall_id, movie_id, created_at, updated_at) VALUES ('44c095dd-dbe1-409d-8775-9a337da52c95', '2026-01-11', '16:00:00', '855a5c41-43b2-4968-b698-501ccba52db7', '1b31894c-3e68-4a62-855f-f2de45f617b2', '2026-01-06T18:00:26.237416', '2026-01-06T18:00:26.237416');
INSERT INTO movie_projections (id, projection_date, projection_time, cinema_hall_id, movie_id, created_at, updated_at) VALUES ('611dea90-c9bf-474a-8255-ed2f4825e45e', '2026-01-26', '10:00:00', '336818a7-3094-445d-af55-f3f1b72885de', '1b31894c-3e68-4a62-855f-f2de45f617b2', '2026-01-06T18:00:26.237462', '2026-01-06T18:00:26.237462');
INSERT INTO movie_projections (id, projection_date, projection_time, cinema_hall_id, movie_id, created_at, updated_at) VALUES ('8d65d837-6587-43f7-beaa-d73292c3fcbe', '2026-01-19', '16:00:00', 'b7a671bb-f528-4c67-b92c-6a670ddf0cd3', '1b31894c-3e68-4a62-855f-f2de45f617b2', '2026-01-06T18:00:26.237508', '2026-01-06T18:00:26.237508');
INSERT INTO movie_projections (id, projection_date, projection_time, cinema_hall_id, movie_id, created_at, updated_at) VALUES ('c030ec43-5be3-40d2-b4bf-6bdd8c6ca188', '2026-02-08', '19:00:00', '1368e1f8-aa54-4d8e-99d2-eadb141e97cb', '1b31894c-3e68-4a62-855f-f2de45f617b2', '2026-01-06T18:00:26.237569', '2026-01-06T18:00:26.237569');
INSERT INTO movie_projections (id, projection_date, projection_time, cinema_hall_id, movie_id, created_at, updated_at) VALUES ('0d6c88d7-db6e-4603-8340-2e09ec1da430', '2026-03-07', '19:00:00', '626bed58-a026-40aa-8c12-2010c058bc6f', '1b31894c-3e68-4a62-855f-f2de45f617b2', '2026-01-06T18:00:26.237622', '2026-01-06T18:00:26.237622');
INSERT INTO movie_projections (id, projection_date, projection_time, cinema_hall_id, movie_id, created_at, updated_at) VALUES ('a8376da6-ef48-418b-b2c5-65570ba10209', '2026-02-20', '19:00:00', '754d9a64-a351-458f-90df-29d943c5ae3f', '1b31894c-3e68-4a62-855f-f2de45f617b2', '2026-01-06T18:00:26.237668', '2026-01-06T18:00:26.237668');
INSERT INTO movie_projections (id, projection_date, projection_time, cinema_hall_id, movie_id, created_at, updated_at) VALUES ('f33e3e1f-c0c2-40b8-9c70-bbf281976d70', '2026-01-14', '16:00:00', '626bed58-a026-40aa-8c12-2010c058bc6f', '5308b870-3f93-4810-ac77-1fd1ae90e3ed', '2026-01-06T18:00:26.237718', '2026-01-06T18:00:26.237718');
INSERT INTO movie_projections (id, projection_date, projection_time, cinema_hall_id, movie_id, created_at, updated_at) VALUES ('1d0c9b08-a404-439b-8727-a8f351428e2d', '2026-01-23', '10:00:00', '855a5c41-43b2-4968-b698-501ccba52db7', '5308b870-3f93-4810-ac77-1fd1ae90e3ed', '2026-01-06T18:00:26.237764', '2026-01-06T18:00:26.237764');
INSERT INTO movie_projections (id, projection_date, projection_time, cinema_hall_id, movie_id, created_at, updated_at) VALUES ('375ac348-2a33-4764-95a3-451446288b1c', '2026-01-06', '16:00:00', '336818a7-3094-445d-af55-f3f1b72885de', '5308b870-3f93-4810-ac77-1fd1ae90e3ed', '2026-01-06T18:00:26.237809', '2026-01-06T18:00:26.237809');
INSERT INTO movie_projections (id, projection_date, projection_time, cinema_hall_id, movie_id, created_at, updated_at) VALUES ('9b66cc9f-0f7e-4e1f-9e67-396994eb566c', '2026-01-16', '19:00:00', '12cfc0fb-73b1-4a4b-8416-162b8c862879', '5308b870-3f93-4810-ac77-1fd1ae90e3ed', '2026-01-06T18:00:26.237853', '2026-01-06T18:00:26.237853');
INSERT INTO movie_projections (id, projection_date, projection_time, cinema_hall_id, movie_id, created_at, updated_at) VALUES ('f3ce7378-fd2c-4ccb-8987-3b880defbcb3', '2026-03-01', '10:00:00', 'fb31358a-eb2f-4cac-9901-7368b51ad47f', '5308b870-3f93-4810-ac77-1fd1ae90e3ed', '2026-01-06T18:00:26.237898', '2026-01-06T18:00:26.237898');
INSERT INTO movie_projections (id, projection_date, projection_time, cinema_hall_id, movie_id, created_at, updated_at) VALUES ('e30b7d2c-c4da-40eb-b5ac-4e05b616a70b', '2026-01-14', '10:00:00', 'b7a671bb-f528-4c67-b92c-6a670ddf0cd3', '5308b870-3f93-4810-ac77-1fd1ae90e3ed', '2026-01-06T18:00:26.237943', '2026-01-06T18:00:26.237943');
INSERT INTO movie_projections (id, projection_date, projection_time, cinema_hall_id, movie_id, created_at, updated_at) VALUES ('7534a5e7-e58e-49ff-a0b3-21bbd4eadc20', '2026-01-29', '19:00:00', 'fb31358a-eb2f-4cac-9901-7368b51ad47f', '5308b870-3f93-4810-ac77-1fd1ae90e3ed', '2026-01-06T18:00:26.237994', '2026-01-06T18:00:26.237994');
INSERT INTO movie_projections (id, projection_date, projection_time, cinema_hall_id, movie_id, created_at, updated_at) VALUES ('4a222424-5702-45b4-89b6-dc5d87cb8073', '2026-01-22', '13:00:00', '855a5c41-43b2-4968-b698-501ccba52db7', '5308b870-3f93-4810-ac77-1fd1ae90e3ed', '2026-01-06T18:00:26.238040', '2026-01-06T18:00:26.238040');
INSERT INTO movie_projections (id, projection_date, projection_time, cinema_hall_id, movie_id, created_at, updated_at) VALUES ('b89d3017-bac3-4c09-ae92-f442fc480e27', '2026-03-10', '10:00:00', 'b7a671bb-f528-4c67-b92c-6a670ddf0cd3', '5308b870-3f93-4810-ac77-1fd1ae90e3ed', '2026-01-06T18:00:26.238086', '2026-01-06T18:00:26.238086');
INSERT INTO movie_projections (id, projection_date, projection_time, cinema_hall_id, movie_id, created_at, updated_at) VALUES ('cd7af924-46e3-4583-b31c-463f34caa416', '2026-03-01', '16:00:00', '855a5c41-43b2-4968-b698-501ccba52db7', '5308b870-3f93-4810-ac77-1fd1ae90e3ed', '2026-01-06T18:00:26.238131', '2026-01-06T18:00:26.238131');
INSERT INTO movie_projections (id, projection_date, projection_time, cinema_hall_id, movie_id, created_at, updated_at) VALUES ('12e67aaf-bf48-4c5f-8fc5-73d2ace3d65e', '2026-03-16', '10:00:00', 'd3b645b7-0add-4a8f-83f6-54b98b2815d0', '5308b870-3f93-4810-ac77-1fd1ae90e3ed', '2026-01-06T18:00:26.238179', '2026-01-06T18:00:26.238179');
INSERT INTO movie_projections (id, projection_date, projection_time, cinema_hall_id, movie_id, created_at, updated_at) VALUES ('3bc1b47f-ba25-4941-93e3-9148b623b388', '2026-01-18', '13:00:00', 'c6127204-b556-472e-8812-12d5aed4e3f9', '5308b870-3f93-4810-ac77-1fd1ae90e3ed', '2026-01-06T18:00:26.238224', '2026-01-06T18:00:26.238224');
INSERT INTO movie_projections (id, projection_date, projection_time, cinema_hall_id, movie_id, created_at, updated_at) VALUES ('e6345b34-df60-42ed-ad7f-44c202afb541', '2026-02-09', '16:00:00', '626bed58-a026-40aa-8c12-2010c058bc6f', '5308b870-3f93-4810-ac77-1fd1ae90e3ed', '2026-01-06T18:00:26.238270', '2026-01-06T18:00:26.238270');
INSERT INTO movie_projections (id, projection_date, projection_time, cinema_hall_id, movie_id, created_at, updated_at) VALUES ('ed287e73-caec-4468-90cd-8c86020e7ca5', '2026-01-28', '13:00:00', 'b7a671bb-f528-4c67-b92c-6a670ddf0cd3', '5308b870-3f93-4810-ac77-1fd1ae90e3ed', '2026-01-06T18:00:26.238319', '2026-01-06T18:00:26.238319');
INSERT INTO movie_projections (id, projection_date, projection_time, cinema_hall_id, movie_id, created_at, updated_at) VALUES ('407d9585-33da-4e52-a2f7-8cfcd71f2f4c', '2026-01-16', '10:00:00', '1093090e-e74e-4500-ab60-3fd38a89f11b', '5308b870-3f93-4810-ac77-1fd1ae90e3ed', '2026-01-06T18:00:26.238370', '2026-01-06T18:00:26.238370');
INSERT INTO movie_projections (id, projection_date, projection_time, cinema_hall_id, movie_id, created_at, updated_at) VALUES ('9500ffe3-6c18-43c9-8959-af1fb9c67c0b', '2026-02-15', '16:00:00', '855a5c41-43b2-4968-b698-501ccba52db7', '5308b870-3f93-4810-ac77-1fd1ae90e3ed', '2026-01-06T18:00:26.238417', '2026-01-06T18:00:26.238417');
INSERT INTO movie_projections (id, projection_date, projection_time, cinema_hall_id, movie_id, created_at, updated_at) VALUES ('5bbff67d-8c26-407d-82f4-4843c13c7eba', '2026-03-12', '13:00:00', 'd3b645b7-0add-4a8f-83f6-54b98b2815d0', '5308b870-3f93-4810-ac77-1fd1ae90e3ed', '2026-01-06T18:00:26.238462', '2026-01-06T18:00:26.238462');
INSERT INTO movie_projections (id, projection_date, projection_time, cinema_hall_id, movie_id, created_at, updated_at) VALUES ('850a7128-a6af-4b3e-978f-3b3c638f9af7', '2026-03-10', '13:00:00', 'b7a671bb-f528-4c67-b92c-6a670ddf0cd3', '5308b870-3f93-4810-ac77-1fd1ae90e3ed', '2026-01-06T18:00:26.238507', '2026-01-06T18:00:26.238507');
INSERT INTO movie_projections (id, projection_date, projection_time, cinema_hall_id, movie_id, created_at, updated_at) VALUES ('3362dadf-2015-4260-b381-5553f3bd4dfe', '2026-02-11', '13:00:00', 'd3b645b7-0add-4a8f-83f6-54b98b2815d0', '5308b870-3f93-4810-ac77-1fd1ae90e3ed', '2026-01-06T18:00:26.238561', '2026-01-06T18:00:26.238561');
INSERT INTO movie_projections (id, projection_date, projection_time, cinema_hall_id, movie_id, created_at, updated_at) VALUES ('0f37950d-b775-4157-a465-d1bc24b3bdf5', '2026-01-20', '10:00:00', '336818a7-3094-445d-af55-f3f1b72885de', '5308b870-3f93-4810-ac77-1fd1ae90e3ed', '2026-01-06T18:00:26.238607', '2026-01-06T18:00:26.238607');
INSERT INTO movie_projections (id, projection_date, projection_time, cinema_hall_id, movie_id, created_at, updated_at) VALUES ('4a1bcd95-08cd-4a6d-8f0f-c20f6b776459', '2026-03-09', '19:00:00', 'b7a671bb-f528-4c67-b92c-6a670ddf0cd3', '5308b870-3f93-4810-ac77-1fd1ae90e3ed', '2026-01-06T18:00:26.238652', '2026-01-06T18:00:26.238652');
INSERT INTO movie_projections (id, projection_date, projection_time, cinema_hall_id, movie_id, created_at, updated_at) VALUES ('95773ae7-8e37-43de-afc1-d6b750a90eb9', '2026-03-01', '13:00:00', 'c6127204-b556-472e-8812-12d5aed4e3f9', '5308b870-3f93-4810-ac77-1fd1ae90e3ed', '2026-01-06T18:00:26.238698', '2026-01-06T18:00:26.238698');
INSERT INTO movie_projections (id, projection_date, projection_time, cinema_hall_id, movie_id, created_at, updated_at) VALUES ('30c30a6c-67b0-40d5-b2f6-e1654a155ba5', '2026-02-11', '16:00:00', '1368e1f8-aa54-4d8e-99d2-eadb141e97cb', '5308b870-3f93-4810-ac77-1fd1ae90e3ed', '2026-01-06T18:00:26.238749', '2026-01-06T18:00:26.238749');
INSERT INTO movie_projections (id, projection_date, projection_time, cinema_hall_id, movie_id, created_at, updated_at) VALUES ('175a9ce9-b89e-4058-9db5-3ae734bb5c6e', '2026-02-22', '13:00:00', '336818a7-3094-445d-af55-f3f1b72885de', '5308b870-3f93-4810-ac77-1fd1ae90e3ed', '2026-01-06T18:00:26.238795', '2026-01-06T18:00:26.238795');
INSERT INTO movie_projections (id, projection_date, projection_time, cinema_hall_id, movie_id, created_at, updated_at) VALUES ('a4fd6f4e-6474-41d5-8da3-b87b4a1abbf8', '2026-03-22', '10:00:00', '626bed58-a026-40aa-8c12-2010c058bc6f', '5308b870-3f93-4810-ac77-1fd1ae90e3ed', '2026-01-06T18:00:26.238840', '2026-01-06T18:00:26.238840');
INSERT INTO movie_projections (id, projection_date, projection_time, cinema_hall_id, movie_id, created_at, updated_at) VALUES ('db08f10b-e0d7-4f79-a287-0cbd2b12a771', '2026-02-05', '19:00:00', '754d9a64-a351-458f-90df-29d943c5ae3f', '5308b870-3f93-4810-ac77-1fd1ae90e3ed', '2026-01-06T18:00:26.238970', '2026-01-06T18:00:26.238970');
INSERT INTO movie_projections (id, projection_date, projection_time, cinema_hall_id, movie_id, created_at, updated_at) VALUES ('aa17dc94-3b02-4a8a-a6e3-29aae81b5176', '2026-03-03', '10:00:00', '336818a7-3094-445d-af55-f3f1b72885de', '5308b870-3f93-4810-ac77-1fd1ae90e3ed', '2026-01-06T18:00:26.239062', '2026-01-06T18:00:26.239062');
INSERT INTO movie_projections (id, projection_date, projection_time, cinema_hall_id, movie_id, created_at, updated_at) VALUES ('0fe17fec-0bdc-4fc5-a8ce-b7f5c4c3ceb7', '2026-01-20', '10:00:00', '1368e1f8-aa54-4d8e-99d2-eadb141e97cb', '5308b870-3f93-4810-ac77-1fd1ae90e3ed', '2026-01-06T18:00:26.239144', '2026-01-06T18:00:26.239144');
INSERT INTO movie_projections (id, projection_date, projection_time, cinema_hall_id, movie_id, created_at, updated_at) VALUES ('f059e715-2ce2-48b4-87d8-b1669b64c5ea', '2026-01-09', '10:00:00', 'b7a671bb-f528-4c67-b92c-6a670ddf0cd3', '5308b870-3f93-4810-ac77-1fd1ae90e3ed', '2026-01-06T18:00:26.239221', '2026-01-06T18:00:26.239221');
INSERT INTO movie_projections (id, projection_date, projection_time, cinema_hall_id, movie_id, created_at, updated_at) VALUES ('cbdd0e9a-ea34-47c7-aa3e-8d9b54d367bf', '2026-02-02', '16:00:00', '754d9a64-a351-458f-90df-29d943c5ae3f', '5308b870-3f93-4810-ac77-1fd1ae90e3ed', '2026-01-06T18:00:26.239305', '2026-01-06T18:00:26.239305');
INSERT INTO movie_projections (id, projection_date, projection_time, cinema_hall_id, movie_id, created_at, updated_at) VALUES ('13e96994-3d84-46f9-8820-91f72d564fa1', '2026-02-17', '16:00:00', 'b7a671bb-f528-4c67-b92c-6a670ddf0cd3', '5308b870-3f93-4810-ac77-1fd1ae90e3ed', '2026-01-06T18:00:26.239392', '2026-01-06T18:00:26.239392');
INSERT INTO movie_projections (id, projection_date, projection_time, cinema_hall_id, movie_id, created_at, updated_at) VALUES ('50d01293-5492-4246-a37e-e84944c4ee36', '2026-01-12', '16:00:00', '336818a7-3094-445d-af55-f3f1b72885de', '5308b870-3f93-4810-ac77-1fd1ae90e3ed', '2026-01-06T18:00:26.239595', '2026-01-06T18:00:26.239595');
INSERT INTO movie_projections (id, projection_date, projection_time, cinema_hall_id, movie_id, created_at, updated_at) VALUES ('a804be52-a292-451a-a347-d9a31757195e', '2026-03-07', '19:00:00', '12cfc0fb-73b1-4a4b-8416-162b8c862879', '5308b870-3f93-4810-ac77-1fd1ae90e3ed', '2026-01-06T18:00:26.239734', '2026-01-06T18:00:26.239734');
INSERT INTO movie_projections (id, projection_date, projection_time, cinema_hall_id, movie_id, created_at, updated_at) VALUES ('bffc1e06-b654-4579-9943-148e8d252a8d', '2026-01-24', '16:00:00', 'c6127204-b556-472e-8812-12d5aed4e3f9', '5308b870-3f93-4810-ac77-1fd1ae90e3ed', '2026-01-06T18:00:26.239837', '2026-01-06T18:00:26.239837');
INSERT INTO movie_projections (id, projection_date, projection_time, cinema_hall_id, movie_id, created_at, updated_at) VALUES ('9b18402c-5494-495b-a804-8d304bc30286', '2026-02-19', '13:00:00', 'c6127204-b556-472e-8812-12d5aed4e3f9', '5308b870-3f93-4810-ac77-1fd1ae90e3ed', '2026-01-06T18:00:26.239944', '2026-01-06T18:00:26.239944');
INSERT INTO movie_projections (id, projection_date, projection_time, cinema_hall_id, movie_id, created_at, updated_at) VALUES ('a5a3ba23-fac1-4fd6-a5c4-94c9fcff15b7', '2026-03-11', '13:00:00', 'fb31358a-eb2f-4cac-9901-7368b51ad47f', '5308b870-3f93-4810-ac77-1fd1ae90e3ed', '2026-01-06T18:00:26.240079', '2026-01-06T18:00:26.240079');
INSERT INTO movie_projections (id, projection_date, projection_time, cinema_hall_id, movie_id, created_at, updated_at) VALUES ('cf832b3a-5c80-403f-98d9-91951665aab6', '2026-01-23', '13:00:00', 'c6127204-b556-472e-8812-12d5aed4e3f9', '5308b870-3f93-4810-ac77-1fd1ae90e3ed', '2026-01-06T18:00:26.240272', '2026-01-06T18:00:26.240272');
INSERT INTO movie_projections (id, projection_date, projection_time, cinema_hall_id, movie_id, created_at, updated_at) VALUES ('cd8ace32-1c2e-419e-b738-21b2cae1e5c0', '2026-01-12', '10:00:00', '626bed58-a026-40aa-8c12-2010c058bc6f', '5308b870-3f93-4810-ac77-1fd1ae90e3ed', '2026-01-06T18:00:26.240438', '2026-01-06T18:00:26.240438');
INSERT INTO movie_projections (id, projection_date, projection_time, cinema_hall_id, movie_id, created_at, updated_at) VALUES ('b96d6566-ed49-44ec-a0c0-c68613b905bc', '2026-01-30', '16:00:00', '754d9a64-a351-458f-90df-29d943c5ae3f', '5308b870-3f93-4810-ac77-1fd1ae90e3ed', '2026-01-06T18:00:26.240559', '2026-01-06T18:00:26.240559');
INSERT INTO movie_projections (id, projection_date, projection_time, cinema_hall_id, movie_id, created_at, updated_at) VALUES ('df356ec9-4a24-4cd2-843f-e41990e39dd0', '2026-02-04', '13:00:00', 'fb31358a-eb2f-4cac-9901-7368b51ad47f', '5308b870-3f93-4810-ac77-1fd1ae90e3ed', '2026-01-06T18:00:26.240835', '2026-01-06T18:00:26.240835');
INSERT INTO movie_projections (id, projection_date, projection_time, cinema_hall_id, movie_id, created_at, updated_at) VALUES ('abc47d7c-1f57-4caa-9596-574b1c2e1720', '2026-01-25', '13:00:00', 'b7a671bb-f528-4c67-b92c-6a670ddf0cd3', 'f65415d3-0170-44a7-813d-edc580682be5', '2026-01-06T18:00:26.240948', '2026-01-06T18:00:26.240948');
INSERT INTO movie_projections (id, projection_date, projection_time, cinema_hall_id, movie_id, created_at, updated_at) VALUES ('65c16c11-f9c2-477f-9764-14c02a8b679d', '2026-01-25', '19:00:00', '855a5c41-43b2-4968-b698-501ccba52db7', 'f65415d3-0170-44a7-813d-edc580682be5', '2026-01-06T18:00:26.241043', '2026-01-06T18:00:26.241043');
INSERT INTO movie_projections (id, projection_date, projection_time, cinema_hall_id, movie_id, created_at, updated_at) VALUES ('26d31b8f-a888-4df4-b4ea-de627c5fd964', '2026-03-03', '19:00:00', '1093090e-e74e-4500-ab60-3fd38a89f11b', 'f65415d3-0170-44a7-813d-edc580682be5', '2026-01-06T18:00:26.241149', '2026-01-06T18:00:26.241149');
INSERT INTO movie_projections (id, projection_date, projection_time, cinema_hall_id, movie_id, created_at, updated_at) VALUES ('9b90b1c1-a25f-4afd-b45f-f61ead4b7b9a', '2026-03-04', '10:00:00', '336818a7-3094-445d-af55-f3f1b72885de', 'f65415d3-0170-44a7-813d-edc580682be5', '2026-01-06T18:00:26.241249', '2026-01-06T18:00:26.241249');
INSERT INTO movie_projections (id, projection_date, projection_time, cinema_hall_id, movie_id, created_at, updated_at) VALUES ('46835033-aebe-4f0a-a018-7faf6e652d08', '2026-01-26', '16:00:00', '855a5c41-43b2-4968-b698-501ccba52db7', 'f65415d3-0170-44a7-813d-edc580682be5', '2026-01-06T18:00:26.241335', '2026-01-06T18:00:26.241335');
INSERT INTO movie_projections (id, projection_date, projection_time, cinema_hall_id, movie_id, created_at, updated_at) VALUES ('20e43ae6-0946-4aaa-9276-da9c8a3d793b', '2026-02-23', '13:00:00', '855a5c41-43b2-4968-b698-501ccba52db7', 'f65415d3-0170-44a7-813d-edc580682be5', '2026-01-06T18:00:26.241424', '2026-01-06T18:00:26.241424');
INSERT INTO movie_projections (id, projection_date, projection_time, cinema_hall_id, movie_id, created_at, updated_at) VALUES ('4da17cd6-7b7d-4c0b-8f3c-3b71b811a866', '2026-02-05', '10:00:00', 'd3b645b7-0add-4a8f-83f6-54b98b2815d0', 'f65415d3-0170-44a7-813d-edc580682be5', '2026-01-06T18:00:26.241538', '2026-01-06T18:00:26.241538');
INSERT INTO movie_projections (id, projection_date, projection_time, cinema_hall_id, movie_id, created_at, updated_at) VALUES ('3ea5193c-ce19-4cb0-8f56-eb6586778421', '2026-01-20', '10:00:00', '855a5c41-43b2-4968-b698-501ccba52db7', 'f65415d3-0170-44a7-813d-edc580682be5', '2026-01-06T18:00:26.241622', '2026-01-06T18:00:26.241622');
INSERT INTO movie_projections (id, projection_date, projection_time, cinema_hall_id, movie_id, created_at, updated_at) VALUES ('340432b7-dff8-4b65-825e-0c237b1e0325', '2026-01-27', '19:00:00', 'fb31358a-eb2f-4cac-9901-7368b51ad47f', 'f65415d3-0170-44a7-813d-edc580682be5', '2026-01-06T18:00:26.241754', '2026-01-06T18:00:26.241754');
INSERT INTO movie_projections (id, projection_date, projection_time, cinema_hall_id, movie_id, created_at, updated_at) VALUES ('bf9f4bd0-1c09-4565-8e68-3b5cb73dc496', '2026-01-21', '16:00:00', 'fb31358a-eb2f-4cac-9901-7368b51ad47f', 'f65415d3-0170-44a7-813d-edc580682be5', '2026-01-06T18:00:26.241866', '2026-01-06T18:00:26.241866');
INSERT INTO movie_projections (id, projection_date, projection_time, cinema_hall_id, movie_id, created_at, updated_at) VALUES ('02345646-1edf-4edd-bb62-391e268266b6', '2026-02-26', '16:00:00', '754d9a64-a351-458f-90df-29d943c5ae3f', 'f65415d3-0170-44a7-813d-edc580682be5', '2026-01-06T18:00:26.241963', '2026-01-06T18:00:26.241963');
INSERT INTO movie_projections (id, projection_date, projection_time, cinema_hall_id, movie_id, created_at, updated_at) VALUES ('61c8090a-d69e-4de4-a8a4-a952421bb492', '2026-02-19', '19:00:00', 'd3b645b7-0add-4a8f-83f6-54b98b2815d0', 'f65415d3-0170-44a7-813d-edc580682be5', '2026-01-06T18:00:26.242017', '2026-01-06T18:00:26.242017');
INSERT INTO movie_projections (id, projection_date, projection_time, cinema_hall_id, movie_id, created_at, updated_at) VALUES ('42bb0aa2-bdf0-45a3-afee-e0e4ae8a3288', '2026-03-04', '16:00:00', '1368e1f8-aa54-4d8e-99d2-eadb141e97cb', 'f65415d3-0170-44a7-813d-edc580682be5', '2026-01-06T18:00:26.242071', '2026-01-06T18:00:26.242071');
INSERT INTO movie_projections (id, projection_date, projection_time, cinema_hall_id, movie_id, created_at, updated_at) VALUES ('ba9a1dc9-ddcb-4f18-9fad-6c41c35af639', '2026-03-03', '10:00:00', '336818a7-3094-445d-af55-f3f1b72885de', 'f65415d3-0170-44a7-813d-edc580682be5', '2026-01-06T18:00:26.242125', '2026-01-06T18:00:26.242125');
INSERT INTO movie_projections (id, projection_date, projection_time, cinema_hall_id, movie_id, created_at, updated_at) VALUES ('703fb514-5efb-4285-8f09-3450ea06c5c6', '2026-01-23', '13:00:00', 'c6127204-b556-472e-8812-12d5aed4e3f9', 'f65415d3-0170-44a7-813d-edc580682be5', '2026-01-06T18:00:26.242177', '2026-01-06T18:00:26.242177');
INSERT INTO movie_projections (id, projection_date, projection_time, cinema_hall_id, movie_id, created_at, updated_at) VALUES ('202a2f52-6a2d-41fb-bfab-fc029b48f91c', '2026-03-04', '13:00:00', 'fb31358a-eb2f-4cac-9901-7368b51ad47f', 'f65415d3-0170-44a7-813d-edc580682be5', '2026-01-06T18:00:26.242228', '2026-01-06T18:00:26.242228');
INSERT INTO movie_projections (id, projection_date, projection_time, cinema_hall_id, movie_id, created_at, updated_at) VALUES ('b8cfcc45-4c98-457a-87ea-31052c064e25', '2026-01-08', '10:00:00', 'd3b645b7-0add-4a8f-83f6-54b98b2815d0', 'f65415d3-0170-44a7-813d-edc580682be5', '2026-01-06T18:00:26.242279', '2026-01-06T18:00:26.242279');
INSERT INTO movie_projections (id, projection_date, projection_time, cinema_hall_id, movie_id, created_at, updated_at) VALUES ('41358b37-8033-4dd5-8652-d2f45e98a97f', '2026-02-07', '13:00:00', '626bed58-a026-40aa-8c12-2010c058bc6f', 'f65415d3-0170-44a7-813d-edc580682be5', '2026-01-06T18:00:26.242330', '2026-01-06T18:00:26.242330');
INSERT INTO movie_projections (id, projection_date, projection_time, cinema_hall_id, movie_id, created_at, updated_at) VALUES ('6e11eac5-8a75-4174-b5ef-0e4c6d1787d7', '2026-01-06', '13:00:00', '855a5c41-43b2-4968-b698-501ccba52db7', 'f65415d3-0170-44a7-813d-edc580682be5', '2026-01-06T18:00:26.242386', '2026-01-06T18:00:26.242386');
INSERT INTO movie_projections (id, projection_date, projection_time, cinema_hall_id, movie_id, created_at, updated_at) VALUES ('8565559d-3a60-4d05-8402-678a981fa104', '2026-02-17', '10:00:00', '754d9a64-a351-458f-90df-29d943c5ae3f', 'f65415d3-0170-44a7-813d-edc580682be5', '2026-01-06T18:00:26.242438', '2026-01-06T18:00:26.242438');
INSERT INTO movie_projections (id, projection_date, projection_time, cinema_hall_id, movie_id, created_at, updated_at) VALUES ('0fc120df-b6d4-4ed1-804f-1882a4d650b2', '2026-01-24', '10:00:00', '12cfc0fb-73b1-4a4b-8416-162b8c862879', 'f65415d3-0170-44a7-813d-edc580682be5', '2026-01-06T18:00:26.242489', '2026-01-06T18:00:26.242489');
INSERT INTO movie_projections (id, projection_date, projection_time, cinema_hall_id, movie_id, created_at, updated_at) VALUES ('4ee6c29c-191f-4277-b25c-cb32d288f0ca', '2026-02-27', '16:00:00', '1093090e-e74e-4500-ab60-3fd38a89f11b', 'f65415d3-0170-44a7-813d-edc580682be5', '2026-01-06T18:00:26.242561', '2026-01-06T18:00:26.242561');
INSERT INTO movie_projections (id, projection_date, projection_time, cinema_hall_id, movie_id, created_at, updated_at) VALUES ('b5fb48cd-e484-49c0-a628-d2af5da51b4b', '2026-02-18', '13:00:00', '1093090e-e74e-4500-ab60-3fd38a89f11b', 'f65415d3-0170-44a7-813d-edc580682be5', '2026-01-06T18:00:26.242614', '2026-01-06T18:00:26.242614');
INSERT INTO movie_projections (id, projection_date, projection_time, cinema_hall_id, movie_id, created_at, updated_at) VALUES ('54ffacb5-3370-45f1-a2f0-5230499a4df7', '2026-02-19', '19:00:00', 'b7a671bb-f528-4c67-b92c-6a670ddf0cd3', 'f65415d3-0170-44a7-813d-edc580682be5', '2026-01-06T18:00:26.242665', '2026-01-06T18:00:26.242665');
INSERT INTO movie_projections (id, projection_date, projection_time, cinema_hall_id, movie_id, created_at, updated_at) VALUES ('149de30e-d873-4598-a219-c0b82efae8aa', '2026-02-23', '13:00:00', '855a5c41-43b2-4968-b698-501ccba52db7', 'f65415d3-0170-44a7-813d-edc580682be5', '2026-01-06T18:00:26.242716', '2026-01-06T18:00:26.242716');
INSERT INTO movie_projections (id, projection_date, projection_time, cinema_hall_id, movie_id, created_at, updated_at) VALUES ('56dee140-1c95-4bed-bb6a-fe7209431ed0', '2026-02-17', '10:00:00', 'b7a671bb-f528-4c67-b92c-6a670ddf0cd3', 'f65415d3-0170-44a7-813d-edc580682be5', '2026-01-06T18:00:26.242765', '2026-01-06T18:00:26.242765');
INSERT INTO movie_projections (id, projection_date, projection_time, cinema_hall_id, movie_id, created_at, updated_at) VALUES ('6f893816-5129-4c1d-83e2-c97067775ba7', '2026-01-16', '19:00:00', '626bed58-a026-40aa-8c12-2010c058bc6f', 'f65415d3-0170-44a7-813d-edc580682be5', '2026-01-06T18:00:26.242821', '2026-01-06T18:00:26.242821');
INSERT INTO movie_projections (id, projection_date, projection_time, cinema_hall_id, movie_id, created_at, updated_at) VALUES ('1be8f060-eff0-4202-8a3b-52a45a06026e', '2026-02-05', '10:00:00', '336818a7-3094-445d-af55-f3f1b72885de', 'f65415d3-0170-44a7-813d-edc580682be5', '2026-01-06T18:00:26.242873', '2026-01-06T18:00:26.242873');
INSERT INTO movie_projections (id, projection_date, projection_time, cinema_hall_id, movie_id, created_at, updated_at) VALUES ('625f6b32-3b48-4f8e-b54e-5b356623bfd5', '2026-01-11', '10:00:00', 'fb31358a-eb2f-4cac-9901-7368b51ad47f', 'f65415d3-0170-44a7-813d-edc580682be5', '2026-01-06T18:00:26.242922', '2026-01-06T18:00:26.242922');
INSERT INTO movie_projections (id, projection_date, projection_time, cinema_hall_id, movie_id, created_at, updated_at) VALUES ('503e9420-bbbb-4e94-ade6-84f47c25f2ba', '2026-01-11', '19:00:00', '1368e1f8-aa54-4d8e-99d2-eadb141e97cb', 'f65415d3-0170-44a7-813d-edc580682be5', '2026-01-06T18:00:26.242980', '2026-01-06T18:00:26.242980');
INSERT INTO movie_projections (id, projection_date, projection_time, cinema_hall_id, movie_id, created_at, updated_at) VALUES ('00061a81-9ce8-4961-a62d-8b92c7f17b3e', '2026-01-21', '16:00:00', '336818a7-3094-445d-af55-f3f1b72885de', 'f65415d3-0170-44a7-813d-edc580682be5', '2026-01-06T18:00:26.243033', '2026-01-06T18:00:26.243033');
INSERT INTO movie_projections (id, projection_date, projection_time, cinema_hall_id, movie_id, created_at, updated_at) VALUES ('ec5a78e4-9d2a-49b8-b3d7-e575d29a41a8', '2026-01-08', '10:00:00', '1093090e-e74e-4500-ab60-3fd38a89f11b', 'f65415d3-0170-44a7-813d-edc580682be5', '2026-01-06T18:00:26.243083', '2026-01-06T18:00:26.243083');
INSERT INTO movie_projections (id, projection_date, projection_time, cinema_hall_id, movie_id, created_at, updated_at) VALUES ('6be60713-e5db-4d87-ae23-14d38a56c6da', '2026-01-31', '19:00:00', '336818a7-3094-445d-af55-f3f1b72885de', 'f65415d3-0170-44a7-813d-edc580682be5', '2026-01-06T18:00:26.243133', '2026-01-06T18:00:26.243133');
INSERT INTO movie_projections (id, projection_date, projection_time, cinema_hall_id, movie_id, created_at, updated_at) VALUES ('c6ee2fbc-d4aa-4565-9edb-1802c35bcb62', '2026-02-12', '13:00:00', '855a5c41-43b2-4968-b698-501ccba52db7', 'f65415d3-0170-44a7-813d-edc580682be5', '2026-01-06T18:00:26.243182', '2026-01-06T18:00:26.243182');
INSERT INTO movie_projections (id, projection_date, projection_time, cinema_hall_id, movie_id, created_at, updated_at) VALUES ('c8e0c37b-333c-4bf9-bf07-dbc1f10a99c3', '2026-02-16', '19:00:00', '1093090e-e74e-4500-ab60-3fd38a89f11b', 'f65415d3-0170-44a7-813d-edc580682be5', '2026-01-06T18:00:26.243238', '2026-01-06T18:00:26.243238');
INSERT INTO movie_projections (id, projection_date, projection_time, cinema_hall_id, movie_id, created_at, updated_at) VALUES ('fb31274b-67be-4e92-aaa1-3ec32c85d4ae', '2026-02-06', '19:00:00', '754d9a64-a351-458f-90df-29d943c5ae3f', 'f65415d3-0170-44a7-813d-edc580682be5', '2026-01-06T18:00:26.243289', '2026-01-06T18:00:26.243289');
INSERT INTO movie_projections (id, projection_date, projection_time, cinema_hall_id, movie_id, created_at, updated_at) VALUES ('a5208031-7598-403b-993e-424b39b9b761', '2026-02-16', '19:00:00', '12cfc0fb-73b1-4a4b-8416-162b8c862879', 'f65415d3-0170-44a7-813d-edc580682be5', '2026-01-06T18:00:26.243341', '2026-01-06T18:00:26.243341');
INSERT INTO movie_projections (id, projection_date, projection_time, cinema_hall_id, movie_id, created_at, updated_at) VALUES ('0be7e4ae-7c55-42a6-80ea-c7c6b318066a', '2026-02-22', '10:00:00', 'c6127204-b556-472e-8812-12d5aed4e3f9', 'f65415d3-0170-44a7-813d-edc580682be5', '2026-01-06T18:00:26.243392', '2026-01-06T18:00:26.243392');
INSERT INTO movie_projections (id, projection_date, projection_time, cinema_hall_id, movie_id, created_at, updated_at) VALUES ('fc9c0a21-bb40-4508-bc55-feb31d811bcb', '2026-02-28', '13:00:00', '12cfc0fb-73b1-4a4b-8416-162b8c862879', 'f65415d3-0170-44a7-813d-edc580682be5', '2026-01-06T18:00:26.243443', '2026-01-06T18:00:26.243443');
INSERT INTO movie_projections (id, projection_date, projection_time, cinema_hall_id, movie_id, created_at, updated_at) VALUES ('78ca1796-2ec4-41ae-9395-41f79d801a5a', '2026-03-02', '16:00:00', '12cfc0fb-73b1-4a4b-8416-162b8c862879', 'f65415d3-0170-44a7-813d-edc580682be5', '2026-01-06T18:00:26.243494', '2026-01-06T18:00:26.243494');
INSERT INTO movie_projections (id, projection_date, projection_time, cinema_hall_id, movie_id, created_at, updated_at) VALUES ('1263800d-04a6-4121-9559-2d1293e99fd6', '2026-02-06', '19:00:00', '1093090e-e74e-4500-ab60-3fd38a89f11b', '9ac21efc-e036-4976-a8d9-6c2bc853ff4a', '2026-01-06T18:00:26.243582', '2026-01-06T18:00:26.243582');
INSERT INTO movie_projections (id, projection_date, projection_time, cinema_hall_id, movie_id, created_at, updated_at) VALUES ('502e7d98-d835-4d9d-b8e9-74125ec187b0', '2026-03-11', '19:00:00', '626bed58-a026-40aa-8c12-2010c058bc6f', '9ac21efc-e036-4976-a8d9-6c2bc853ff4a', '2026-01-06T18:00:26.243672', '2026-01-06T18:00:26.243672');
INSERT INTO movie_projections (id, projection_date, projection_time, cinema_hall_id, movie_id, created_at, updated_at) VALUES ('035deb80-6495-4fbe-bc3a-2c3696131cc6', '2026-01-23', '16:00:00', '336818a7-3094-445d-af55-f3f1b72885de', '9ac21efc-e036-4976-a8d9-6c2bc853ff4a', '2026-01-06T18:00:26.243773', '2026-01-06T18:00:26.243773');
INSERT INTO movie_projections (id, projection_date, projection_time, cinema_hall_id, movie_id, created_at, updated_at) VALUES ('13776110-1a6b-4b74-913d-33cdd08acfc3', '2026-02-13', '16:00:00', 'b7a671bb-f528-4c67-b92c-6a670ddf0cd3', '9ac21efc-e036-4976-a8d9-6c2bc853ff4a', '2026-01-06T18:00:26.243835', '2026-01-06T18:00:26.243835');
INSERT INTO movie_projections (id, projection_date, projection_time, cinema_hall_id, movie_id, created_at, updated_at) VALUES ('cb3a5123-335d-472f-97ea-54f9180c53e0', '2026-03-07', '16:00:00', 'fb31358a-eb2f-4cac-9901-7368b51ad47f', '9ac21efc-e036-4976-a8d9-6c2bc853ff4a', '2026-01-06T18:00:26.243887', '2026-01-06T18:00:26.243887');
INSERT INTO movie_projections (id, projection_date, projection_time, cinema_hall_id, movie_id, created_at, updated_at) VALUES ('56e3201b-1d9c-49bf-b9d6-3bb2f9b67c12', '2026-01-14', '13:00:00', '336818a7-3094-445d-af55-f3f1b72885de', '9ac21efc-e036-4976-a8d9-6c2bc853ff4a', '2026-01-06T18:00:26.243938', '2026-01-06T18:00:26.243938');
INSERT INTO movie_projections (id, projection_date, projection_time, cinema_hall_id, movie_id, created_at, updated_at) VALUES ('18a991b4-00fd-4abb-b169-41334e6f716b', '2026-03-03', '13:00:00', '754d9a64-a351-458f-90df-29d943c5ae3f', '9ac21efc-e036-4976-a8d9-6c2bc853ff4a', '2026-01-06T18:00:26.243989', '2026-01-06T18:00:26.243989');
INSERT INTO movie_projections (id, projection_date, projection_time, cinema_hall_id, movie_id, created_at, updated_at) VALUES ('a71fb227-df43-4443-8d9d-faa366bba660', '2026-01-27', '10:00:00', 'c6127204-b556-472e-8812-12d5aed4e3f9', '9ac21efc-e036-4976-a8d9-6c2bc853ff4a', '2026-01-06T18:00:26.244040', '2026-01-06T18:00:26.244040');
INSERT INTO movie_projections (id, projection_date, projection_time, cinema_hall_id, movie_id, created_at, updated_at) VALUES ('80703a32-f14f-4481-ba73-bedd6002dd35', '2026-03-07', '13:00:00', '626bed58-a026-40aa-8c12-2010c058bc6f', '9ac21efc-e036-4976-a8d9-6c2bc853ff4a', '2026-01-06T18:00:26.244091', '2026-01-06T18:00:26.244091');
INSERT INTO movie_projections (id, projection_date, projection_time, cinema_hall_id, movie_id, created_at, updated_at) VALUES ('786d013f-be6b-4ef8-8c19-86c6a5a6c49f', '2026-01-13', '16:00:00', '1368e1f8-aa54-4d8e-99d2-eadb141e97cb', '9ac21efc-e036-4976-a8d9-6c2bc853ff4a', '2026-01-06T18:00:26.244142', '2026-01-06T18:00:26.244142');
INSERT INTO movie_projections (id, projection_date, projection_time, cinema_hall_id, movie_id, created_at, updated_at) VALUES ('952d2748-b6ee-4b9c-955e-9e55506ec9ea', '2026-02-07', '10:00:00', '1368e1f8-aa54-4d8e-99d2-eadb141e97cb', '9ac21efc-e036-4976-a8d9-6c2bc853ff4a', '2026-01-06T18:00:26.244200', '2026-01-06T18:00:26.244200');
INSERT INTO movie_projections (id, projection_date, projection_time, cinema_hall_id, movie_id, created_at, updated_at) VALUES ('e85c35e5-67aa-449c-8b48-bcd8e1513044', '2026-02-03', '16:00:00', '12cfc0fb-73b1-4a4b-8416-162b8c862879', '9ac21efc-e036-4976-a8d9-6c2bc853ff4a', '2026-01-06T18:00:26.244252', '2026-01-06T18:00:26.244252');
INSERT INTO movie_projections (id, projection_date, projection_time, cinema_hall_id, movie_id, created_at, updated_at) VALUES ('39bbfeb2-eece-4c0f-bf5d-81b5a8feb0b7', '2026-03-01', '19:00:00', 'c6127204-b556-472e-8812-12d5aed4e3f9', '9ac21efc-e036-4976-a8d9-6c2bc853ff4a', '2026-01-06T18:00:26.244303', '2026-01-06T18:00:26.244303');
INSERT INTO movie_projections (id, projection_date, projection_time, cinema_hall_id, movie_id, created_at, updated_at) VALUES ('bebb78e2-a9c7-44aa-87de-a3d16858ef3c', '2026-02-08', '13:00:00', 'fb31358a-eb2f-4cac-9901-7368b51ad47f', '9ac21efc-e036-4976-a8d9-6c2bc853ff4a', '2026-01-06T18:00:26.244360', '2026-01-06T18:00:26.244360');
INSERT INTO movie_projections (id, projection_date, projection_time, cinema_hall_id, movie_id, created_at, updated_at) VALUES ('5732c01b-fe0f-4b0b-b136-5ff50d872c46', '2026-02-28', '16:00:00', '1093090e-e74e-4500-ab60-3fd38a89f11b', '9ac21efc-e036-4976-a8d9-6c2bc853ff4a', '2026-01-06T18:00:26.244412', '2026-01-06T18:00:26.244412');
INSERT INTO movie_projections (id, projection_date, projection_time, cinema_hall_id, movie_id, created_at, updated_at) VALUES ('b4c198bc-fa9b-4fa1-9132-cbf9da753199', '2026-01-28', '10:00:00', '336818a7-3094-445d-af55-f3f1b72885de', '9ac21efc-e036-4976-a8d9-6c2bc853ff4a', '2026-01-06T18:00:26.244462', '2026-01-06T18:00:26.244462');
INSERT INTO movie_projections (id, projection_date, projection_time, cinema_hall_id, movie_id, created_at, updated_at) VALUES ('75a899ff-f234-4754-9eca-a0de397b0bf4', '2026-02-07', '13:00:00', '336818a7-3094-445d-af55-f3f1b72885de', '9ac21efc-e036-4976-a8d9-6c2bc853ff4a', '2026-01-06T18:00:26.244528', '2026-01-06T18:00:26.244528');
INSERT INTO movie_projections (id, projection_date, projection_time, cinema_hall_id, movie_id, created_at, updated_at) VALUES ('dbf3d229-b42f-46cb-a1a5-a28af3dd10e3', '2026-01-11', '16:00:00', '12cfc0fb-73b1-4a4b-8416-162b8c862879', '9ac21efc-e036-4976-a8d9-6c2bc853ff4a', '2026-01-06T18:00:26.244584', '2026-01-06T18:00:26.244584');
INSERT INTO movie_projections (id, projection_date, projection_time, cinema_hall_id, movie_id, created_at, updated_at) VALUES ('920bb3d8-9b69-4b7b-91ae-15312017ccb7', '2026-01-28', '10:00:00', '1368e1f8-aa54-4d8e-99d2-eadb141e97cb', '9ac21efc-e036-4976-a8d9-6c2bc853ff4a', '2026-01-06T18:00:26.244642', '2026-01-06T18:00:26.244642');
INSERT INTO movie_projections (id, projection_date, projection_time, cinema_hall_id, movie_id, created_at, updated_at) VALUES ('b4d0f20a-59fe-4e41-8545-7a24eaf75855', '2026-02-07', '19:00:00', 'fb31358a-eb2f-4cac-9901-7368b51ad47f', '9ac21efc-e036-4976-a8d9-6c2bc853ff4a', '2026-01-06T18:00:26.244693', '2026-01-06T18:00:26.244693');
INSERT INTO movie_projections (id, projection_date, projection_time, cinema_hall_id, movie_id, created_at, updated_at) VALUES ('32cf85e7-41bd-41c7-a61c-a8c033fc32b7', '2026-02-18', '16:00:00', '754d9a64-a351-458f-90df-29d943c5ae3f', '9ac21efc-e036-4976-a8d9-6c2bc853ff4a', '2026-01-06T18:00:26.244744', '2026-01-06T18:00:26.244744');
INSERT INTO movie_projections (id, projection_date, projection_time, cinema_hall_id, movie_id, created_at, updated_at) VALUES ('53211175-9d26-4c30-acea-bb5fd78601ea', '2026-02-26', '10:00:00', '855a5c41-43b2-4968-b698-501ccba52db7', '9ac21efc-e036-4976-a8d9-6c2bc853ff4a', '2026-01-06T18:00:26.244795', '2026-01-06T18:00:26.244795');
INSERT INTO movie_projections (id, projection_date, projection_time, cinema_hall_id, movie_id, created_at, updated_at) VALUES ('5b50a957-fdea-4c12-b572-26d72c74332f', '2026-01-23', '10:00:00', 'fb31358a-eb2f-4cac-9901-7368b51ad47f', '9ac21efc-e036-4976-a8d9-6c2bc853ff4a', '2026-01-06T18:00:26.244846', '2026-01-06T18:00:26.244846');
INSERT INTO movie_projections (id, projection_date, projection_time, cinema_hall_id, movie_id, created_at, updated_at) VALUES ('7e778ba0-bfcb-4c42-87c8-4c30ebfb099d', '2026-03-04', '10:00:00', '1093090e-e74e-4500-ab60-3fd38a89f11b', '9ac21efc-e036-4976-a8d9-6c2bc853ff4a', '2026-01-06T18:00:26.244896', '2026-01-06T18:00:26.244896');
INSERT INTO movie_projections (id, projection_date, projection_time, cinema_hall_id, movie_id, created_at, updated_at) VALUES ('960a4f70-ae03-4121-83dc-27a30567aff3', '2026-01-15', '16:00:00', 'b7a671bb-f528-4c67-b92c-6a670ddf0cd3', '9ac21efc-e036-4976-a8d9-6c2bc853ff4a', '2026-01-06T18:00:26.244947', '2026-01-06T18:00:26.244947');
INSERT INTO movie_projections (id, projection_date, projection_time, cinema_hall_id, movie_id, created_at, updated_at) VALUES ('a35f6b75-8cee-4638-95cd-06a9c18d98de', '2026-02-23', '16:00:00', '754d9a64-a351-458f-90df-29d943c5ae3f', '9ac21efc-e036-4976-a8d9-6c2bc853ff4a', '2026-01-06T18:00:26.244998', '2026-01-06T18:00:26.244998');
INSERT INTO movie_projections (id, projection_date, projection_time, cinema_hall_id, movie_id, created_at, updated_at) VALUES ('54b63059-47b8-44f7-84ab-e24a2fb3b0be', '2026-02-07', '13:00:00', 'd3b645b7-0add-4a8f-83f6-54b98b2815d0', '9ac21efc-e036-4976-a8d9-6c2bc853ff4a', '2026-01-06T18:00:26.245054', '2026-01-06T18:00:26.245054');
INSERT INTO movie_projections (id, projection_date, projection_time, cinema_hall_id, movie_id, created_at, updated_at) VALUES ('9a2851dc-3732-49b0-86f5-17bb3a0656f3', '2026-02-24', '16:00:00', '1093090e-e74e-4500-ab60-3fd38a89f11b', '9ac21efc-e036-4976-a8d9-6c2bc853ff4a', '2026-01-06T18:00:26.245105', '2026-01-06T18:00:26.245105');
INSERT INTO movie_projections (id, projection_date, projection_time, cinema_hall_id, movie_id, created_at, updated_at) VALUES ('49533b2a-1c2d-44bc-bbe6-ab0ce16457c4', '2026-02-01', '10:00:00', '754d9a64-a351-458f-90df-29d943c5ae3f', '9ac21efc-e036-4976-a8d9-6c2bc853ff4a', '2026-01-06T18:00:26.245156', '2026-01-06T18:00:26.245156');
INSERT INTO movie_projections (id, projection_date, projection_time, cinema_hall_id, movie_id, created_at, updated_at) VALUES ('29937f1f-c99b-4978-9288-de4114784230', '2026-02-18', '13:00:00', 'fb31358a-eb2f-4cac-9901-7368b51ad47f', '9ac21efc-e036-4976-a8d9-6c2bc853ff4a', '2026-01-06T18:00:26.245207', '2026-01-06T18:00:26.245207');
INSERT INTO movie_projections (id, projection_date, projection_time, cinema_hall_id, movie_id, created_at, updated_at) VALUES ('0583c75e-4f69-4d3f-8b64-47c9bcccb50f', '2026-02-09', '16:00:00', '626bed58-a026-40aa-8c12-2010c058bc6f', '9ac21efc-e036-4976-a8d9-6c2bc853ff4a', '2026-01-06T18:00:26.245258', '2026-01-06T18:00:26.245258');
INSERT INTO movie_projections (id, projection_date, projection_time, cinema_hall_id, movie_id, created_at, updated_at) VALUES ('3bcabd63-abd5-41ac-88e4-6e36ea5c6750', '2026-01-14', '16:00:00', 'fb31358a-eb2f-4cac-9901-7368b51ad47f', '9ac21efc-e036-4976-a8d9-6c2bc853ff4a', '2026-01-06T18:00:26.245309', '2026-01-06T18:00:26.245309');
INSERT INTO movie_projections (id, projection_date, projection_time, cinema_hall_id, movie_id, created_at, updated_at) VALUES ('f3734803-a6b8-4f67-88b5-c5e012c10964', '2026-03-05', '16:00:00', '12cfc0fb-73b1-4a4b-8416-162b8c862879', '9ac21efc-e036-4976-a8d9-6c2bc853ff4a', '2026-01-06T18:00:26.245359', '2026-01-06T18:00:26.245359');
INSERT INTO movie_projections (id, projection_date, projection_time, cinema_hall_id, movie_id, created_at, updated_at) VALUES ('1aa51847-29b2-4db1-bbf7-c8ee7165dc45', '2026-02-05', '10:00:00', '754d9a64-a351-458f-90df-29d943c5ae3f', '9ac21efc-e036-4976-a8d9-6c2bc853ff4a', '2026-01-06T18:00:26.245410', '2026-01-06T18:00:26.245410');
INSERT INTO movie_projections (id, projection_date, projection_time, cinema_hall_id, movie_id, created_at, updated_at) VALUES ('44f78ff4-19c4-43e4-8e87-b4fd2ccfe97b', '2026-03-10', '16:00:00', '1093090e-e74e-4500-ab60-3fd38a89f11b', '9ac21efc-e036-4976-a8d9-6c2bc853ff4a', '2026-01-06T18:00:26.245466', '2026-01-06T18:00:26.245466');
INSERT INTO movie_projections (id, projection_date, projection_time, cinema_hall_id, movie_id, created_at, updated_at) VALUES ('c97e7adf-6b52-40dd-9923-667dfde8e4bd', '2026-02-14', '16:00:00', 'c6127204-b556-472e-8812-12d5aed4e3f9', '9ac21efc-e036-4976-a8d9-6c2bc853ff4a', '2026-01-06T18:00:26.245543', '2026-01-06T18:00:26.245543');
INSERT INTO movie_projections (id, projection_date, projection_time, cinema_hall_id, movie_id, created_at, updated_at) VALUES ('159ad367-f4ea-450c-b1c9-55954d227b06', '2026-01-07', '13:00:00', '1368e1f8-aa54-4d8e-99d2-eadb141e97cb', '9ac21efc-e036-4976-a8d9-6c2bc853ff4a', '2026-01-06T18:00:26.245644', '2026-01-06T18:00:26.245644');
INSERT INTO movie_projections (id, projection_date, projection_time, cinema_hall_id, movie_id, created_at, updated_at) VALUES ('24a70579-a301-4c1d-979c-c25566f947e4', '2026-01-14', '16:00:00', 'b7a671bb-f528-4c67-b92c-6a670ddf0cd3', '9ac21efc-e036-4976-a8d9-6c2bc853ff4a', '2026-01-06T18:00:26.245741', '2026-01-06T18:00:26.245741');
INSERT INTO movie_projections (id, projection_date, projection_time, cinema_hall_id, movie_id, created_at, updated_at) VALUES ('b8e2bbd3-2d27-4162-b0c2-4d49b48efb0c', '2026-02-10', '10:00:00', '754d9a64-a351-458f-90df-29d943c5ae3f', '9ac21efc-e036-4976-a8d9-6c2bc853ff4a', '2026-01-06T18:00:26.245798', '2026-01-06T18:00:26.245798');
INSERT INTO movie_projections (id, projection_date, projection_time, cinema_hall_id, movie_id, created_at, updated_at) VALUES ('5c669b20-4d1d-44f6-80f1-43d1a3a1e4c5', '2026-02-26', '19:00:00', '12cfc0fb-73b1-4a4b-8416-162b8c862879', '9ac21efc-e036-4976-a8d9-6c2bc853ff4a', '2026-01-06T18:00:26.245849', '2026-01-06T18:00:26.245849');
INSERT INTO movie_projections (id, projection_date, projection_time, cinema_hall_id, movie_id, created_at, updated_at) VALUES ('90b45647-4365-4442-b80e-c58fe594914c', '2026-02-13', '13:00:00', '1368e1f8-aa54-4d8e-99d2-eadb141e97cb', '257b97ed-4990-493e-8630-affae4371edb', '2026-01-06T18:00:26.245904', '2026-01-06T18:00:26.245904');
INSERT INTO movie_projections (id, projection_date, projection_time, cinema_hall_id, movie_id, created_at, updated_at) VALUES ('94446803-7711-4184-8a5d-16a8f41a21d1', '2026-03-06', '19:00:00', '336818a7-3094-445d-af55-f3f1b72885de', '257b97ed-4990-493e-8630-affae4371edb', '2026-01-06T18:00:26.245960', '2026-01-06T18:00:26.245960');
INSERT INTO movie_projections (id, projection_date, projection_time, cinema_hall_id, movie_id, created_at, updated_at) VALUES ('f5f5838f-c87c-4663-a8f5-458ba0856d72', '2026-01-24', '10:00:00', 'd3b645b7-0add-4a8f-83f6-54b98b2815d0', '257b97ed-4990-493e-8630-affae4371edb', '2026-01-06T18:00:26.246019', '2026-01-06T18:00:26.246019');
INSERT INTO movie_projections (id, projection_date, projection_time, cinema_hall_id, movie_id, created_at, updated_at) VALUES ('2c819b3c-0b76-486d-9519-ccc6278d86b1', '2026-03-09', '19:00:00', 'fb31358a-eb2f-4cac-9901-7368b51ad47f', '257b97ed-4990-493e-8630-affae4371edb', '2026-01-06T18:00:26.246070', '2026-01-06T18:00:26.246070');
INSERT INTO movie_projections (id, projection_date, projection_time, cinema_hall_id, movie_id, created_at, updated_at) VALUES ('44358a75-13b3-4d41-aad7-4a50546dfd92', '2026-03-17', '16:00:00', '626bed58-a026-40aa-8c12-2010c058bc6f', '257b97ed-4990-493e-8630-affae4371edb', '2026-01-06T18:00:26.246121', '2026-01-06T18:00:26.246121');
INSERT INTO movie_projections (id, projection_date, projection_time, cinema_hall_id, movie_id, created_at, updated_at) VALUES ('558f5860-3c19-4d6f-a8f7-3b151e1221d6', '2026-01-18', '13:00:00', '1093090e-e74e-4500-ab60-3fd38a89f11b', '257b97ed-4990-493e-8630-affae4371edb', '2026-01-06T18:00:26.246171', '2026-01-06T18:00:26.246171');
INSERT INTO movie_projections (id, projection_date, projection_time, cinema_hall_id, movie_id, created_at, updated_at) VALUES ('7617a630-75c7-4279-9b4e-7cfe9d3ee616', '2026-02-14', '13:00:00', '626bed58-a026-40aa-8c12-2010c058bc6f', '257b97ed-4990-493e-8630-affae4371edb', '2026-01-06T18:00:26.246224', '2026-01-06T18:00:26.246224');
INSERT INTO movie_projections (id, projection_date, projection_time, cinema_hall_id, movie_id, created_at, updated_at) VALUES ('5596772e-44b6-4f24-83d6-744ea840e66d', '2026-02-17', '16:00:00', 'd3b645b7-0add-4a8f-83f6-54b98b2815d0', '257b97ed-4990-493e-8630-affae4371edb', '2026-01-06T18:00:26.246273', '2026-01-06T18:00:26.246273');
INSERT INTO movie_projections (id, projection_date, projection_time, cinema_hall_id, movie_id, created_at, updated_at) VALUES ('0b111f28-4e4c-46e3-b94d-4f63dd161290', '2026-02-13', '13:00:00', '336818a7-3094-445d-af55-f3f1b72885de', '257b97ed-4990-493e-8630-affae4371edb', '2026-01-06T18:00:26.246324', '2026-01-06T18:00:26.246324');
INSERT INTO movie_projections (id, projection_date, projection_time, cinema_hall_id, movie_id, created_at, updated_at) VALUES ('9c48f0ae-db8d-4206-9d7a-b8dd0289207d', '2026-01-21', '16:00:00', '754d9a64-a351-458f-90df-29d943c5ae3f', '257b97ed-4990-493e-8630-affae4371edb', '2026-01-06T18:00:26.246375', '2026-01-06T18:00:26.246375');
INSERT INTO movie_projections (id, projection_date, projection_time, cinema_hall_id, movie_id, created_at, updated_at) VALUES ('1580a7c8-3a96-4853-8651-193e62fb3205', '2026-02-28', '13:00:00', '855a5c41-43b2-4968-b698-501ccba52db7', '257b97ed-4990-493e-8630-affae4371edb', '2026-01-06T18:00:26.246431', '2026-01-06T18:00:26.246431');
INSERT INTO movie_projections (id, projection_date, projection_time, cinema_hall_id, movie_id, created_at, updated_at) VALUES ('ca653356-f5d4-411c-9b4a-8bef2832a517', '2026-02-11', '19:00:00', '336818a7-3094-445d-af55-f3f1b72885de', '257b97ed-4990-493e-8630-affae4371edb', '2026-01-06T18:00:26.246482', '2026-01-06T18:00:26.246482');
INSERT INTO movie_projections (id, projection_date, projection_time, cinema_hall_id, movie_id, created_at, updated_at) VALUES ('cfb0441b-214a-4415-b165-9a6ef0f3f33f', '2026-01-24', '10:00:00', '12cfc0fb-73b1-4a4b-8416-162b8c862879', '257b97ed-4990-493e-8630-affae4371edb', '2026-01-06T18:00:26.246546', '2026-01-06T18:00:26.246546');
INSERT INTO movie_projections (id, projection_date, projection_time, cinema_hall_id, movie_id, created_at, updated_at) VALUES ('d5d52450-4569-4981-a53a-94b4f7dce418', '2026-03-09', '13:00:00', '754d9a64-a351-458f-90df-29d943c5ae3f', '257b97ed-4990-493e-8630-affae4371edb', '2026-01-06T18:00:26.246598', '2026-01-06T18:00:26.246598');
INSERT INTO movie_projections (id, projection_date, projection_time, cinema_hall_id, movie_id, created_at, updated_at) VALUES ('ea8a4f2b-03a0-4c2c-852a-ec6fe911d8ce', '2026-03-02', '16:00:00', 'b7a671bb-f528-4c67-b92c-6a670ddf0cd3', '257b97ed-4990-493e-8630-affae4371edb', '2026-01-06T18:00:26.246649', '2026-01-06T18:00:26.246649');
INSERT INTO movie_projections (id, projection_date, projection_time, cinema_hall_id, movie_id, created_at, updated_at) VALUES ('8462f2f3-fe5e-43f1-9446-b6e95db89176', '2026-01-29', '13:00:00', '754d9a64-a351-458f-90df-29d943c5ae3f', '257b97ed-4990-493e-8630-affae4371edb', '2026-01-06T18:00:26.246700', '2026-01-06T18:00:26.246700');
INSERT INTO movie_projections (id, projection_date, projection_time, cinema_hall_id, movie_id, created_at, updated_at) VALUES ('08a4dfa2-7623-489c-a69d-380b18416711', '2026-03-18', '16:00:00', '1368e1f8-aa54-4d8e-99d2-eadb141e97cb', '257b97ed-4990-493e-8630-affae4371edb', '2026-01-06T18:00:26.246752', '2026-01-06T18:00:26.246752');
INSERT INTO movie_projections (id, projection_date, projection_time, cinema_hall_id, movie_id, created_at, updated_at) VALUES ('cc5cc647-c8e5-45e3-ab06-461b24a65f8c', '2026-01-23', '10:00:00', '1368e1f8-aa54-4d8e-99d2-eadb141e97cb', '257b97ed-4990-493e-8630-affae4371edb', '2026-01-06T18:00:26.246805', '2026-01-06T18:00:26.246805');
INSERT INTO movie_projections (id, projection_date, projection_time, cinema_hall_id, movie_id, created_at, updated_at) VALUES ('d8590a07-b37a-41b5-8e8f-5f776a534c3b', '2026-03-17', '19:00:00', 'd3b645b7-0add-4a8f-83f6-54b98b2815d0', '257b97ed-4990-493e-8630-affae4371edb', '2026-01-06T18:00:26.246860', '2026-01-06T18:00:26.246860');
INSERT INTO movie_projections (id, projection_date, projection_time, cinema_hall_id, movie_id, created_at, updated_at) VALUES ('e6ea0139-62e5-44e8-b44e-afebbae587f5', '2026-02-16', '16:00:00', '336818a7-3094-445d-af55-f3f1b72885de', '257b97ed-4990-493e-8630-affae4371edb', '2026-01-06T18:00:26.246912', '2026-01-06T18:00:26.246912');
INSERT INTO movie_projections (id, projection_date, projection_time, cinema_hall_id, movie_id, created_at, updated_at) VALUES ('f0d960b7-ce21-4dd2-a9fa-21df84f41c9b', '2026-01-25', '16:00:00', 'fb31358a-eb2f-4cac-9901-7368b51ad47f', '257b97ed-4990-493e-8630-affae4371edb', '2026-01-06T18:00:26.246964', '2026-01-06T18:00:26.246964');
INSERT INTO movie_projections (id, projection_date, projection_time, cinema_hall_id, movie_id, created_at, updated_at) VALUES ('ed6e27f5-2a14-4e0b-8068-517f5299da82', '2026-01-07', '19:00:00', '1093090e-e74e-4500-ab60-3fd38a89f11b', '257b97ed-4990-493e-8630-affae4371edb', '2026-01-06T18:00:26.247014', '2026-01-06T18:00:26.247014');
INSERT INTO movie_projections (id, projection_date, projection_time, cinema_hall_id, movie_id, created_at, updated_at) VALUES ('3201d189-c0fc-4ea5-9513-23ded501de47', '2026-02-16', '13:00:00', '336818a7-3094-445d-af55-f3f1b72885de', '257b97ed-4990-493e-8630-affae4371edb', '2026-01-06T18:00:26.247064', '2026-01-06T18:00:26.247064');
INSERT INTO movie_projections (id, projection_date, projection_time, cinema_hall_id, movie_id, created_at, updated_at) VALUES ('02bd3543-5bdd-4d95-923b-54d0cee5d038', '2026-02-10', '13:00:00', 'b7a671bb-f528-4c67-b92c-6a670ddf0cd3', '257b97ed-4990-493e-8630-affae4371edb', '2026-01-06T18:00:26.247115', '2026-01-06T18:00:26.247115');
INSERT INTO movie_projections (id, projection_date, projection_time, cinema_hall_id, movie_id, created_at, updated_at) VALUES ('2a36469f-39c0-4aa5-9d74-613955e4b5dd', '2026-03-18', '19:00:00', '12cfc0fb-73b1-4a4b-8416-162b8c862879', '257b97ed-4990-493e-8630-affae4371edb', '2026-01-06T18:00:26.247166', '2026-01-06T18:00:26.247166');
INSERT INTO movie_projections (id, projection_date, projection_time, cinema_hall_id, movie_id, created_at, updated_at) VALUES ('1dba6a21-2dd1-4903-920c-414814c1d334', '2026-02-05', '10:00:00', '336818a7-3094-445d-af55-f3f1b72885de', '257b97ed-4990-493e-8630-affae4371edb', '2026-01-06T18:00:26.247216', '2026-01-06T18:00:26.247216');
INSERT INTO movie_projections (id, projection_date, projection_time, cinema_hall_id, movie_id, created_at, updated_at) VALUES ('4eef360f-c2a7-4d73-b6df-05fd3ff55fee', '2026-03-09', '13:00:00', '1368e1f8-aa54-4d8e-99d2-eadb141e97cb', '257b97ed-4990-493e-8630-affae4371edb', '2026-01-06T18:00:26.247274', '2026-01-06T18:00:26.247274');
INSERT INTO movie_projections (id, projection_date, projection_time, cinema_hall_id, movie_id, created_at, updated_at) VALUES ('d79ccae4-af43-41bc-bc26-61aa9742fed8', '2026-02-02', '16:00:00', '855a5c41-43b2-4968-b698-501ccba52db7', '257b97ed-4990-493e-8630-affae4371edb', '2026-01-06T18:00:26.247326', '2026-01-06T18:00:26.247326');
INSERT INTO movie_projections (id, projection_date, projection_time, cinema_hall_id, movie_id, created_at, updated_at) VALUES ('6a36f82d-73f4-4908-a6ce-9896db7e2b23', '2026-01-16', '10:00:00', '754d9a64-a351-458f-90df-29d943c5ae3f', '257b97ed-4990-493e-8630-affae4371edb', '2026-01-06T18:00:26.247378', '2026-01-06T18:00:26.247378');
INSERT INTO movie_projections (id, projection_date, projection_time, cinema_hall_id, movie_id, created_at, updated_at) VALUES ('6f431741-76f6-42f1-beb6-6eea3e5091b4', '2026-03-16', '16:00:00', '336818a7-3094-445d-af55-f3f1b72885de', '257b97ed-4990-493e-8630-affae4371edb', '2026-01-06T18:00:26.247428', '2026-01-06T18:00:26.247428');
INSERT INTO movie_projections (id, projection_date, projection_time, cinema_hall_id, movie_id, created_at, updated_at) VALUES ('fee555f1-18fd-4370-b833-9d3999c76fb2', '2026-02-20', '16:00:00', '855a5c41-43b2-4968-b698-501ccba52db7', '257b97ed-4990-493e-8630-affae4371edb', '2026-01-06T18:00:26.247479', '2026-01-06T18:00:26.247479');
INSERT INTO movie_projections (id, projection_date, projection_time, cinema_hall_id, movie_id, created_at, updated_at) VALUES ('f47fb1c8-4078-4b87-a630-3dcedb0b3390', '2026-01-25', '10:00:00', '626bed58-a026-40aa-8c12-2010c058bc6f', '257b97ed-4990-493e-8630-affae4371edb', '2026-01-06T18:00:26.247539', '2026-01-06T18:00:26.247539');
INSERT INTO movie_projections (id, projection_date, projection_time, cinema_hall_id, movie_id, created_at, updated_at) VALUES ('73819aae-090f-459c-8010-87f9cc3ffc35', '2026-03-15', '13:00:00', '754d9a64-a351-458f-90df-29d943c5ae3f', '257b97ed-4990-493e-8630-affae4371edb', '2026-01-06T18:00:26.247591', '2026-01-06T18:00:26.247591');
INSERT INTO movie_projections (id, projection_date, projection_time, cinema_hall_id, movie_id, created_at, updated_at) VALUES ('f5bc9187-63f5-450b-ad0d-23a4ce61aaed', '2026-02-18', '10:00:00', '12cfc0fb-73b1-4a4b-8416-162b8c862879', '257b97ed-4990-493e-8630-affae4371edb', '2026-01-06T18:00:26.247648', '2026-01-06T18:00:26.247648');
INSERT INTO movie_projections (id, projection_date, projection_time, cinema_hall_id, movie_id, created_at, updated_at) VALUES ('869c786c-ea00-4aa2-a69f-c1b07c34dda5', '2026-01-27', '13:00:00', '626bed58-a026-40aa-8c12-2010c058bc6f', '257b97ed-4990-493e-8630-affae4371edb', '2026-01-06T18:00:26.247705', '2026-01-06T18:00:26.247705');
INSERT INTO movie_projections (id, projection_date, projection_time, cinema_hall_id, movie_id, created_at, updated_at) VALUES ('9b91a4c8-804e-408d-b167-dca41fb8f41f', '2026-03-19', '13:00:00', 'd3b645b7-0add-4a8f-83f6-54b98b2815d0', '257b97ed-4990-493e-8630-affae4371edb', '2026-01-06T18:00:26.247757', '2026-01-06T18:00:26.247757');
INSERT INTO movie_projections (id, projection_date, projection_time, cinema_hall_id, movie_id, created_at, updated_at) VALUES ('ccd9cfe4-4b07-4cb1-b0c1-0676cc7adb71', '2026-03-19', '19:00:00', '855a5c41-43b2-4968-b698-501ccba52db7', '257b97ed-4990-493e-8630-affae4371edb', '2026-01-06T18:00:26.247808', '2026-01-06T18:00:26.247808');
INSERT INTO movie_projections (id, projection_date, projection_time, cinema_hall_id, movie_id, created_at, updated_at) VALUES ('a5aacf0b-45fa-4d97-baa2-3259054d0cd9', '2026-03-06', '13:00:00', 'c6127204-b556-472e-8812-12d5aed4e3f9', '257b97ed-4990-493e-8630-affae4371edb', '2026-01-06T18:00:26.247859', '2026-01-06T18:00:26.247859');
INSERT INTO movie_projections (id, projection_date, projection_time, cinema_hall_id, movie_id, created_at, updated_at) VALUES ('9af5d299-94b3-48dd-8a14-baccc23ad157', '2026-02-08', '13:00:00', '1368e1f8-aa54-4d8e-99d2-eadb141e97cb', '257b97ed-4990-493e-8630-affae4371edb', '2026-01-06T18:00:26.247910', '2026-01-06T18:00:26.247910');
INSERT INTO movie_projections (id, projection_date, projection_time, cinema_hall_id, movie_id, created_at, updated_at) VALUES ('87ba7860-e5ee-4eaf-bf25-9d9505da4c4e', '2026-03-15', '10:00:00', 'c6127204-b556-472e-8812-12d5aed4e3f9', '257b97ed-4990-493e-8630-affae4371edb', '2026-01-06T18:00:26.247960', '2026-01-06T18:00:26.247960');
INSERT INTO movie_projections (id, projection_date, projection_time, cinema_hall_id, movie_id, created_at, updated_at) VALUES ('f0bdd631-a447-4555-979c-58f31c40d9f5', '2026-03-04', '19:00:00', 'd3b645b7-0add-4a8f-83f6-54b98b2815d0', '00e098cb-06ab-4ccb-b5d7-efefd07c2341', '2026-01-06T18:00:26.248014', '2026-01-06T18:00:26.248014');
INSERT INTO movie_projections (id, projection_date, projection_time, cinema_hall_id, movie_id, created_at, updated_at) VALUES ('63aca921-f57a-461d-8cfa-d3c1a49b6b82', '2026-01-14', '10:00:00', '1093090e-e74e-4500-ab60-3fd38a89f11b', '00e098cb-06ab-4ccb-b5d7-efefd07c2341', '2026-01-06T18:00:26.248064', '2026-01-06T18:00:26.248064');
INSERT INTO movie_projections (id, projection_date, projection_time, cinema_hall_id, movie_id, created_at, updated_at) VALUES ('98f6779e-4cb6-45e3-aefa-c959b3d7b053', '2026-01-18', '10:00:00', 'b7a671bb-f528-4c67-b92c-6a670ddf0cd3', '00e098cb-06ab-4ccb-b5d7-efefd07c2341', '2026-01-06T18:00:26.248119', '2026-01-06T18:00:26.248119');
INSERT INTO movie_projections (id, projection_date, projection_time, cinema_hall_id, movie_id, created_at, updated_at) VALUES ('d8b916cd-8c9b-4b2c-8b0f-05109a00603c', '2026-03-02', '13:00:00', 'fb31358a-eb2f-4cac-9901-7368b51ad47f', '00e098cb-06ab-4ccb-b5d7-efefd07c2341', '2026-01-06T18:00:26.248171', '2026-01-06T18:00:26.248171');
INSERT INTO movie_projections (id, projection_date, projection_time, cinema_hall_id, movie_id, created_at, updated_at) VALUES ('13e9fc58-e530-42c2-b41b-dfb6f71b212a', '2026-02-07', '16:00:00', 'd3b645b7-0add-4a8f-83f6-54b98b2815d0', '00e098cb-06ab-4ccb-b5d7-efefd07c2341', '2026-01-06T18:00:26.248221', '2026-01-06T18:00:26.248221');
INSERT INTO movie_projections (id, projection_date, projection_time, cinema_hall_id, movie_id, created_at, updated_at) VALUES ('490b8a35-fa3e-43f2-838c-bd6522e6d02f', '2026-02-16', '10:00:00', '855a5c41-43b2-4968-b698-501ccba52db7', '00e098cb-06ab-4ccb-b5d7-efefd07c2341', '2026-01-06T18:00:26.248271', '2026-01-06T18:00:26.248271');
INSERT INTO movie_projections (id, projection_date, projection_time, cinema_hall_id, movie_id, created_at, updated_at) VALUES ('b2089f27-7157-4b14-ab92-a92922cc933b', '2026-01-17', '13:00:00', 'b7a671bb-f528-4c67-b92c-6a670ddf0cd3', '00e098cb-06ab-4ccb-b5d7-efefd07c2341', '2026-01-06T18:00:26.248321', '2026-01-06T18:00:26.248321');
INSERT INTO movie_projections (id, projection_date, projection_time, cinema_hall_id, movie_id, created_at, updated_at) VALUES ('7fe8be59-b987-4064-a6b9-a547d38bed74', '2026-02-18', '16:00:00', 'b7a671bb-f528-4c67-b92c-6a670ddf0cd3', '00e098cb-06ab-4ccb-b5d7-efefd07c2341', '2026-01-06T18:00:26.248374', '2026-01-06T18:00:26.248374');
INSERT INTO movie_projections (id, projection_date, projection_time, cinema_hall_id, movie_id, created_at, updated_at) VALUES ('20c2a0c4-c526-420f-b91b-d003e47dbddd', '2026-02-15', '13:00:00', 'fb31358a-eb2f-4cac-9901-7368b51ad47f', '00e098cb-06ab-4ccb-b5d7-efefd07c2341', '2026-01-06T18:00:26.248425', '2026-01-06T18:00:26.248425');
INSERT INTO movie_projections (id, projection_date, projection_time, cinema_hall_id, movie_id, created_at, updated_at) VALUES ('54b2f476-df2a-458e-bf91-7fc1953f6257', '2026-03-04', '13:00:00', 'b7a671bb-f528-4c67-b92c-6a670ddf0cd3', '00e098cb-06ab-4ccb-b5d7-efefd07c2341', '2026-01-06T18:00:26.248477', '2026-01-06T18:00:26.248477');
INSERT INTO movie_projections (id, projection_date, projection_time, cinema_hall_id, movie_id, created_at, updated_at) VALUES ('ceba40c6-ecb8-4ab6-9f21-74c9fba3f7ec', '2026-02-19', '13:00:00', 'c6127204-b556-472e-8812-12d5aed4e3f9', '00e098cb-06ab-4ccb-b5d7-efefd07c2341', '2026-01-06T18:00:26.248542', '2026-01-06T18:00:26.248542');
INSERT INTO movie_projections (id, projection_date, projection_time, cinema_hall_id, movie_id, created_at, updated_at) VALUES ('b749ba75-8efa-460f-b5bb-fd8f1cd49db6', '2026-02-19', '10:00:00', '754d9a64-a351-458f-90df-29d943c5ae3f', '00e098cb-06ab-4ccb-b5d7-efefd07c2341', '2026-01-06T18:00:26.248594', '2026-01-06T18:00:26.248594');
INSERT INTO movie_projections (id, projection_date, projection_time, cinema_hall_id, movie_id, created_at, updated_at) VALUES ('ba636ea9-8da0-45fc-a605-bb760dd282bc', '2026-02-14', '13:00:00', '336818a7-3094-445d-af55-f3f1b72885de', '00e098cb-06ab-4ccb-b5d7-efefd07c2341', '2026-01-06T18:00:26.248644', '2026-01-06T18:00:26.248644');
INSERT INTO movie_projections (id, projection_date, projection_time, cinema_hall_id, movie_id, created_at, updated_at) VALUES ('170cdd67-fbe6-4246-9a3b-f02e037dcb4e', '2026-03-05', '19:00:00', '626bed58-a026-40aa-8c12-2010c058bc6f', '00e098cb-06ab-4ccb-b5d7-efefd07c2341', '2026-01-06T18:00:26.248695', '2026-01-06T18:00:26.248695');
INSERT INTO movie_projections (id, projection_date, projection_time, cinema_hall_id, movie_id, created_at, updated_at) VALUES ('764eb1e5-2f22-4ca0-a623-15ada5201cde', '2026-02-08', '13:00:00', '336818a7-3094-445d-af55-f3f1b72885de', '00e098cb-06ab-4ccb-b5d7-efefd07c2341', '2026-01-06T18:00:26.248746', '2026-01-06T18:00:26.248746');
INSERT INTO movie_projections (id, projection_date, projection_time, cinema_hall_id, movie_id, created_at, updated_at) VALUES ('ff005739-eab5-41a3-9deb-f298fff551da', '2026-01-12', '16:00:00', '336818a7-3094-445d-af55-f3f1b72885de', '00e098cb-06ab-4ccb-b5d7-efefd07c2341', '2026-01-06T18:00:26.248797', '2026-01-06T18:00:26.248797');
INSERT INTO movie_projections (id, projection_date, projection_time, cinema_hall_id, movie_id, created_at, updated_at) VALUES ('a0f9802a-c922-4a7a-8f81-548317ba581d', '2026-03-03', '13:00:00', 'c6127204-b556-472e-8812-12d5aed4e3f9', '00e098cb-06ab-4ccb-b5d7-efefd07c2341', '2026-01-06T18:00:26.248847', '2026-01-06T18:00:26.248847');
INSERT INTO movie_projections (id, projection_date, projection_time, cinema_hall_id, movie_id, created_at, updated_at) VALUES ('47a1ec30-3162-4208-9f2f-a230314e59f1', '2026-03-03', '13:00:00', '626bed58-a026-40aa-8c12-2010c058bc6f', '00e098cb-06ab-4ccb-b5d7-efefd07c2341', '2026-01-06T18:00:26.248898', '2026-01-06T18:00:26.248898');
INSERT INTO movie_projections (id, projection_date, projection_time, cinema_hall_id, movie_id, created_at, updated_at) VALUES ('9d37e8ef-241d-4804-a174-56b666addbd5', '2026-01-09', '10:00:00', 'b7a671bb-f528-4c67-b92c-6a670ddf0cd3', '00e098cb-06ab-4ccb-b5d7-efefd07c2341', '2026-01-06T18:00:26.248953', '2026-01-06T18:00:26.248953');
INSERT INTO movie_projections (id, projection_date, projection_time, cinema_hall_id, movie_id, created_at, updated_at) VALUES ('8f2e4e32-e71b-4fe8-83d4-ada3c69a8568', '2026-01-13', '10:00:00', '336818a7-3094-445d-af55-f3f1b72885de', '00e098cb-06ab-4ccb-b5d7-efefd07c2341', '2026-01-06T18:00:26.249004', '2026-01-06T18:00:26.249004');
INSERT INTO movie_projections (id, projection_date, projection_time, cinema_hall_id, movie_id, created_at, updated_at) VALUES ('a251d4be-f16f-4489-8e22-8b095dee2c06', '2026-01-18', '19:00:00', 'c6127204-b556-472e-8812-12d5aed4e3f9', '00e098cb-06ab-4ccb-b5d7-efefd07c2341', '2026-01-06T18:00:26.249054', '2026-01-06T18:00:26.249054');
INSERT INTO movie_projections (id, projection_date, projection_time, cinema_hall_id, movie_id, created_at, updated_at) VALUES ('009e9950-5cf6-40fe-a5fa-65835aba289b', '2026-01-16', '13:00:00', '1093090e-e74e-4500-ab60-3fd38a89f11b', '00e098cb-06ab-4ccb-b5d7-efefd07c2341', '2026-01-06T18:00:26.249106', '2026-01-06T18:00:26.249106');
INSERT INTO movie_projections (id, projection_date, projection_time, cinema_hall_id, movie_id, created_at, updated_at) VALUES ('0e596535-22bf-4fce-ae17-0fd76ef534ac', '2026-02-21', '16:00:00', '1368e1f8-aa54-4d8e-99d2-eadb141e97cb', '00e098cb-06ab-4ccb-b5d7-efefd07c2341', '2026-01-06T18:00:26.249158', '2026-01-06T18:00:26.249158');
INSERT INTO movie_projections (id, projection_date, projection_time, cinema_hall_id, movie_id, created_at, updated_at) VALUES ('02a0ef7e-a18e-4ca2-b6ce-ea21e5e9b2a3', '2026-01-22', '13:00:00', 'b7a671bb-f528-4c67-b92c-6a670ddf0cd3', '00e098cb-06ab-4ccb-b5d7-efefd07c2341', '2026-01-06T18:00:26.249208', '2026-01-06T18:00:26.249208');
INSERT INTO movie_projections (id, projection_date, projection_time, cinema_hall_id, movie_id, created_at, updated_at) VALUES ('aaf7df12-c483-4460-86e9-278e4fa24dce', '2026-02-08', '13:00:00', '754d9a64-a351-458f-90df-29d943c5ae3f', '00e098cb-06ab-4ccb-b5d7-efefd07c2341', '2026-01-06T18:00:26.249257', '2026-01-06T18:00:26.249257');
INSERT INTO movie_projections (id, projection_date, projection_time, cinema_hall_id, movie_id, created_at, updated_at) VALUES ('12ac78cb-6661-4bdd-8618-354c1e591628', '2026-02-18', '16:00:00', '1093090e-e74e-4500-ab60-3fd38a89f11b', '00e098cb-06ab-4ccb-b5d7-efefd07c2341', '2026-01-06T18:00:26.249307', '2026-01-06T18:00:26.249307');
INSERT INTO movie_projections (id, projection_date, projection_time, cinema_hall_id, movie_id, created_at, updated_at) VALUES ('08b2f698-d1b9-4423-9c1b-d6f3fbd5c441', '2026-02-09', '19:00:00', '626bed58-a026-40aa-8c12-2010c058bc6f', '00e098cb-06ab-4ccb-b5d7-efefd07c2341', '2026-01-06T18:00:26.249364', '2026-01-06T18:00:26.249364');
INSERT INTO movie_projections (id, projection_date, projection_time, cinema_hall_id, movie_id, created_at, updated_at) VALUES ('a256f7ae-4c7d-422a-97be-f8eb20c4dddc', '2026-01-15', '13:00:00', '626bed58-a026-40aa-8c12-2010c058bc6f', '00e098cb-06ab-4ccb-b5d7-efefd07c2341', '2026-01-06T18:00:26.249414', '2026-01-06T18:00:26.249414');
INSERT INTO movie_projections (id, projection_date, projection_time, cinema_hall_id, movie_id, created_at, updated_at) VALUES ('9e2c3333-f34e-4504-a6bc-6485bf429456', '2026-01-21', '10:00:00', '855a5c41-43b2-4968-b698-501ccba52db7', '00e098cb-06ab-4ccb-b5d7-efefd07c2341', '2026-01-06T18:00:26.249465', '2026-01-06T18:00:26.249465');
INSERT INTO movie_projections (id, projection_date, projection_time, cinema_hall_id, movie_id, created_at, updated_at) VALUES ('8722cd90-c7f8-4453-b681-9736aabcdfbd', '2026-01-24', '13:00:00', 'c6127204-b556-472e-8812-12d5aed4e3f9', '00e098cb-06ab-4ccb-b5d7-efefd07c2341', '2026-01-06T18:00:26.249529', '2026-01-06T18:00:26.249529');
INSERT INTO movie_projections (id, projection_date, projection_time, cinema_hall_id, movie_id, created_at, updated_at) VALUES ('0e1b56bb-6b3d-45ab-acc5-3cdeb30857ca', '2026-01-27', '10:00:00', '1093090e-e74e-4500-ab60-3fd38a89f11b', '00e098cb-06ab-4ccb-b5d7-efefd07c2341', '2026-01-06T18:00:26.249582', '2026-01-06T18:00:26.249582');
INSERT INTO movie_projections (id, projection_date, projection_time, cinema_hall_id, movie_id, created_at, updated_at) VALUES ('e1279777-db35-4fb2-9b1d-68c0f289ec6e', '2026-02-07', '10:00:00', 'c6127204-b556-472e-8812-12d5aed4e3f9', '00e098cb-06ab-4ccb-b5d7-efefd07c2341', '2026-01-06T18:00:26.249634', '2026-01-06T18:00:26.249634');
INSERT INTO movie_projections (id, projection_date, projection_time, cinema_hall_id, movie_id, created_at, updated_at) VALUES ('aea315ff-43e9-4795-8e73-d507cf8a75a4', '2026-02-02', '10:00:00', '626bed58-a026-40aa-8c12-2010c058bc6f', '00e098cb-06ab-4ccb-b5d7-efefd07c2341', '2026-01-06T18:00:26.249686', '2026-01-06T18:00:26.249686');
INSERT INTO movie_projections (id, projection_date, projection_time, cinema_hall_id, movie_id, created_at, updated_at) VALUES ('3abaec21-08f0-4853-9b68-8a0d9c36f884', '2026-02-02', '10:00:00', 'b7a671bb-f528-4c67-b92c-6a670ddf0cd3', '00e098cb-06ab-4ccb-b5d7-efefd07c2341', '2026-01-06T18:00:26.249737', '2026-01-06T18:00:26.249737');
INSERT INTO movie_projections (id, projection_date, projection_time, cinema_hall_id, movie_id, created_at, updated_at) VALUES ('1666eadb-c141-41b7-b0f8-741803f41257', '2026-02-25', '13:00:00', '855a5c41-43b2-4968-b698-501ccba52db7', '00e098cb-06ab-4ccb-b5d7-efefd07c2341', '2026-01-06T18:00:26.249794', '2026-01-06T18:00:26.249794');
INSERT INTO movie_projections (id, projection_date, projection_time, cinema_hall_id, movie_id, created_at, updated_at) VALUES ('4b9194b4-e449-4b15-9b3e-1676611f8f74', '2026-02-22', '19:00:00', 'd3b645b7-0add-4a8f-83f6-54b98b2815d0', '00e098cb-06ab-4ccb-b5d7-efefd07c2341', '2026-01-06T18:00:26.249845', '2026-01-06T18:00:26.249845');
INSERT INTO movie_projections (id, projection_date, projection_time, cinema_hall_id, movie_id, created_at, updated_at) VALUES ('385a12de-0568-4d8d-80e0-332ceaffc81d', '2026-02-09', '13:00:00', '754d9a64-a351-458f-90df-29d943c5ae3f', '00e098cb-06ab-4ccb-b5d7-efefd07c2341', '2026-01-06T18:00:26.249899', '2026-01-06T18:00:26.249899');
INSERT INTO movie_projections (id, projection_date, projection_time, cinema_hall_id, movie_id, created_at, updated_at) VALUES ('0f8dccc5-69e8-4afb-a809-b9ddc4fda9fe', '2026-01-30', '13:00:00', 'fb31358a-eb2f-4cac-9901-7368b51ad47f', '00e098cb-06ab-4ccb-b5d7-efefd07c2341', '2026-01-06T18:00:26.249952', '2026-01-06T18:00:26.249952');
INSERT INTO movie_projections (id, projection_date, projection_time, cinema_hall_id, movie_id, created_at, updated_at) VALUES ('52813fc2-6f82-4d9b-8d8c-1a985851ef4d', '2026-03-02', '16:00:00', '855a5c41-43b2-4968-b698-501ccba52db7', '00e098cb-06ab-4ccb-b5d7-efefd07c2341', '2026-01-06T18:00:26.250002', '2026-01-06T18:00:26.250002');
INSERT INTO movie_projections (id, projection_date, projection_time, cinema_hall_id, movie_id, created_at, updated_at) VALUES ('809ece9c-da75-47d9-8026-b8a83c72daf5', '2026-02-22', '10:00:00', '626bed58-a026-40aa-8c12-2010c058bc6f', '00e098cb-06ab-4ccb-b5d7-efefd07c2341', '2026-01-06T18:00:26.250053', '2026-01-06T18:00:26.250053');
INSERT INTO movie_projections (id, projection_date, projection_time, cinema_hall_id, movie_id, created_at, updated_at) VALUES ('edfded5e-f5eb-436d-96f2-6bf29a56af91', '2026-01-21', '16:00:00', '336818a7-3094-445d-af55-f3f1b72885de', '2a4a1249-4d6b-4e49-8edd-1c5241639ee3', '2026-01-06T18:00:26.250106', '2026-01-06T18:00:26.250106');
INSERT INTO movie_projections (id, projection_date, projection_time, cinema_hall_id, movie_id, created_at, updated_at) VALUES ('efe25afb-0c35-4743-8a54-a7e22d794b81', '2026-02-15', '13:00:00', '855a5c41-43b2-4968-b698-501ccba52db7', '2a4a1249-4d6b-4e49-8edd-1c5241639ee3', '2026-01-06T18:00:26.250158', '2026-01-06T18:00:26.250158');
INSERT INTO movie_projections (id, projection_date, projection_time, cinema_hall_id, movie_id, created_at, updated_at) VALUES ('d3f74266-ecd2-4553-9396-ead01535a2b2', '2026-02-07', '10:00:00', '12cfc0fb-73b1-4a4b-8416-162b8c862879', '2a4a1249-4d6b-4e49-8edd-1c5241639ee3', '2026-01-06T18:00:26.250216', '2026-01-06T18:00:26.250216');
INSERT INTO movie_projections (id, projection_date, projection_time, cinema_hall_id, movie_id, created_at, updated_at) VALUES ('c046fa18-4ad7-4460-8f93-842c4128b04d', '2026-02-24', '13:00:00', '336818a7-3094-445d-af55-f3f1b72885de', '2a4a1249-4d6b-4e49-8edd-1c5241639ee3', '2026-01-06T18:00:26.250267', '2026-01-06T18:00:26.250267');
INSERT INTO movie_projections (id, projection_date, projection_time, cinema_hall_id, movie_id, created_at, updated_at) VALUES ('e713f745-57f5-4fcf-afee-3d047211d6ad', '2026-03-04', '10:00:00', 'fb31358a-eb2f-4cac-9901-7368b51ad47f', '2a4a1249-4d6b-4e49-8edd-1c5241639ee3', '2026-01-06T18:00:26.250318', '2026-01-06T18:00:26.250318');
INSERT INTO movie_projections (id, projection_date, projection_time, cinema_hall_id, movie_id, created_at, updated_at) VALUES ('8aeef4b3-c926-4b6b-8d97-a95e9ae8b3b2', '2026-01-19', '19:00:00', '1093090e-e74e-4500-ab60-3fd38a89f11b', '2a4a1249-4d6b-4e49-8edd-1c5241639ee3', '2026-01-06T18:00:26.250370', '2026-01-06T18:00:26.250370');
INSERT INTO movie_projections (id, projection_date, projection_time, cinema_hall_id, movie_id, created_at, updated_at) VALUES ('2ead33ff-ee56-40a5-b2df-5da363fd8da1', '2026-02-03', '16:00:00', 'fb31358a-eb2f-4cac-9901-7368b51ad47f', '2a4a1249-4d6b-4e49-8edd-1c5241639ee3', '2026-01-06T18:00:26.250420', '2026-01-06T18:00:26.250420');
INSERT INTO movie_projections (id, projection_date, projection_time, cinema_hall_id, movie_id, created_at, updated_at) VALUES ('f5ef8c58-d05b-4690-8a48-9ce1965f5ab8', '2026-01-14', '13:00:00', '626bed58-a026-40aa-8c12-2010c058bc6f', '2a4a1249-4d6b-4e49-8edd-1c5241639ee3', '2026-01-06T18:00:26.250470', '2026-01-06T18:00:26.250470');
INSERT INTO movie_projections (id, projection_date, projection_time, cinema_hall_id, movie_id, created_at, updated_at) VALUES ('21121cd9-04f6-413f-8f52-0203307bf747', '2026-01-14', '19:00:00', '12cfc0fb-73b1-4a4b-8416-162b8c862879', '2a4a1249-4d6b-4e49-8edd-1c5241639ee3', '2026-01-06T18:00:26.250536', '2026-01-06T18:00:26.250536');
INSERT INTO movie_projections (id, projection_date, projection_time, cinema_hall_id, movie_id, created_at, updated_at) VALUES ('688c20c0-129b-4fa6-83b2-79dd5b6a89bb', '2026-03-25', '10:00:00', '626bed58-a026-40aa-8c12-2010c058bc6f', '2a4a1249-4d6b-4e49-8edd-1c5241639ee3', '2026-01-06T18:00:26.250611', '2026-01-06T18:00:26.250611');
INSERT INTO movie_projections (id, projection_date, projection_time, cinema_hall_id, movie_id, created_at, updated_at) VALUES ('fb26653d-89d7-4c78-bf86-848357d77daf', '2026-02-24', '16:00:00', '1093090e-e74e-4500-ab60-3fd38a89f11b', '2a4a1249-4d6b-4e49-8edd-1c5241639ee3', '2026-01-06T18:00:26.250718', '2026-01-06T18:00:26.250718');
INSERT INTO movie_projections (id, projection_date, projection_time, cinema_hall_id, movie_id, created_at, updated_at) VALUES ('95c722df-4b41-40aa-a337-792a88945f60', '2026-02-20', '19:00:00', '12cfc0fb-73b1-4a4b-8416-162b8c862879', '2a4a1249-4d6b-4e49-8edd-1c5241639ee3', '2026-01-06T18:00:26.250781', '2026-01-06T18:00:26.250781');
INSERT INTO movie_projections (id, projection_date, projection_time, cinema_hall_id, movie_id, created_at, updated_at) VALUES ('33f50ee2-2fe6-413f-ba25-92df3ed531a1', '2026-03-06', '19:00:00', 'd3b645b7-0add-4a8f-83f6-54b98b2815d0', '2a4a1249-4d6b-4e49-8edd-1c5241639ee3', '2026-01-06T18:00:26.250834', '2026-01-06T18:00:26.250834');
INSERT INTO movie_projections (id, projection_date, projection_time, cinema_hall_id, movie_id, created_at, updated_at) VALUES ('2a4ad2cd-2864-405f-afa6-75fe9d9a8ef3', '2026-02-10', '10:00:00', '1368e1f8-aa54-4d8e-99d2-eadb141e97cb', '2a4a1249-4d6b-4e49-8edd-1c5241639ee3', '2026-01-06T18:00:26.250884', '2026-01-06T18:00:26.250884');
INSERT INTO movie_projections (id, projection_date, projection_time, cinema_hall_id, movie_id, created_at, updated_at) VALUES ('3bd5f2f7-6e80-4123-9c01-d17edecaf08e', '2026-01-07', '19:00:00', '626bed58-a026-40aa-8c12-2010c058bc6f', '2a4a1249-4d6b-4e49-8edd-1c5241639ee3', '2026-01-06T18:00:26.250935', '2026-01-06T18:00:26.250935');
INSERT INTO movie_projections (id, projection_date, projection_time, cinema_hall_id, movie_id, created_at, updated_at) VALUES ('ef5f7869-e860-47cb-ab45-f262db010b7e', '2026-03-25', '13:00:00', '1093090e-e74e-4500-ab60-3fd38a89f11b', '2a4a1249-4d6b-4e49-8edd-1c5241639ee3', '2026-01-06T18:00:26.250985', '2026-01-06T18:00:26.250985');
INSERT INTO movie_projections (id, projection_date, projection_time, cinema_hall_id, movie_id, created_at, updated_at) VALUES ('6a166a54-f82b-4e63-9590-2ae4856b8939', '2026-03-22', '16:00:00', 'fb31358a-eb2f-4cac-9901-7368b51ad47f', '2a4a1249-4d6b-4e49-8edd-1c5241639ee3', '2026-01-06T18:00:26.251037', '2026-01-06T18:00:26.251037');
INSERT INTO movie_projections (id, projection_date, projection_time, cinema_hall_id, movie_id, created_at, updated_at) VALUES ('e3451005-ffa8-427b-849c-328333868132', '2026-03-20', '13:00:00', '754d9a64-a351-458f-90df-29d943c5ae3f', '2a4a1249-4d6b-4e49-8edd-1c5241639ee3', '2026-01-06T18:00:26.251088', '2026-01-06T18:00:26.251088');
INSERT INTO movie_projections (id, projection_date, projection_time, cinema_hall_id, movie_id, created_at, updated_at) VALUES ('4c67e88e-7045-4ddb-b148-175844099ec7', '2026-02-26', '16:00:00', '12cfc0fb-73b1-4a4b-8416-162b8c862879', '2a4a1249-4d6b-4e49-8edd-1c5241639ee3', '2026-01-06T18:00:26.251144', '2026-01-06T18:00:26.251144');
INSERT INTO movie_projections (id, projection_date, projection_time, cinema_hall_id, movie_id, created_at, updated_at) VALUES ('368e022a-ec70-4e08-a348-402ea62d6338', '2026-01-07', '16:00:00', 'fb31358a-eb2f-4cac-9901-7368b51ad47f', '2a4a1249-4d6b-4e49-8edd-1c5241639ee3', '2026-01-06T18:00:26.251196', '2026-01-06T18:00:26.251196');
INSERT INTO movie_projections (id, projection_date, projection_time, cinema_hall_id, movie_id, created_at, updated_at) VALUES ('a0ca5502-57b4-40fd-9276-300625a6e28d', '2026-03-07', '16:00:00', '626bed58-a026-40aa-8c12-2010c058bc6f', '2a4a1249-4d6b-4e49-8edd-1c5241639ee3', '2026-01-06T18:00:26.251246', '2026-01-06T18:00:26.251246');
INSERT INTO movie_projections (id, projection_date, projection_time, cinema_hall_id, movie_id, created_at, updated_at) VALUES ('a979ae97-d6a2-4fc1-8fa3-e265392ba6a1', '2026-02-21', '13:00:00', '855a5c41-43b2-4968-b698-501ccba52db7', '2a4a1249-4d6b-4e49-8edd-1c5241639ee3', '2026-01-06T18:00:26.251297', '2026-01-06T18:00:26.251297');
INSERT INTO movie_projections (id, projection_date, projection_time, cinema_hall_id, movie_id, created_at, updated_at) VALUES ('718829aa-b068-4c9a-9063-b02d47b7a695', '2026-02-25', '13:00:00', 'fb31358a-eb2f-4cac-9901-7368b51ad47f', '2a4a1249-4d6b-4e49-8edd-1c5241639ee3', '2026-01-06T18:00:26.251348', '2026-01-06T18:00:26.251348');
INSERT INTO movie_projections (id, projection_date, projection_time, cinema_hall_id, movie_id, created_at, updated_at) VALUES ('31c14857-8705-4ee2-9234-69f230f74b47', '2026-02-06', '10:00:00', '1093090e-e74e-4500-ab60-3fd38a89f11b', '2a4a1249-4d6b-4e49-8edd-1c5241639ee3', '2026-01-06T18:00:26.251398', '2026-01-06T18:00:26.251398');
INSERT INTO movie_projections (id, projection_date, projection_time, cinema_hall_id, movie_id, created_at, updated_at) VALUES ('8c78d445-8c44-4d30-a83e-24a972107a0d', '2026-02-12', '19:00:00', '855a5c41-43b2-4968-b698-501ccba52db7', '2a4a1249-4d6b-4e49-8edd-1c5241639ee3', '2026-01-06T18:00:26.251451', '2026-01-06T18:00:26.251451');
INSERT INTO movie_projections (id, projection_date, projection_time, cinema_hall_id, movie_id, created_at, updated_at) VALUES ('a7aae08c-548a-4f76-81c1-9b77b4098c45', '2026-03-21', '16:00:00', 'b7a671bb-f528-4c67-b92c-6a670ddf0cd3', '2a4a1249-4d6b-4e49-8edd-1c5241639ee3', '2026-01-06T18:00:26.251501', '2026-01-06T18:00:26.251501');
INSERT INTO movie_projections (id, projection_date, projection_time, cinema_hall_id, movie_id, created_at, updated_at) VALUES ('71818a41-504c-4bc0-aa9b-e0996aa421e1', '2026-03-04', '16:00:00', 'c6127204-b556-472e-8812-12d5aed4e3f9', '2a4a1249-4d6b-4e49-8edd-1c5241639ee3', '2026-01-06T18:00:26.251583', '2026-01-06T18:00:26.251583');
INSERT INTO movie_projections (id, projection_date, projection_time, cinema_hall_id, movie_id, created_at, updated_at) VALUES ('64d414c7-75c9-436d-8116-0aa8d6fe9bc5', '2026-01-15', '16:00:00', '1368e1f8-aa54-4d8e-99d2-eadb141e97cb', '2a4a1249-4d6b-4e49-8edd-1c5241639ee3', '2026-01-06T18:00:26.251636', '2026-01-06T18:00:26.251636');
INSERT INTO movie_projections (id, projection_date, projection_time, cinema_hall_id, movie_id, created_at, updated_at) VALUES ('dc1b477e-38a5-4cfb-83f8-5bce62f39961', '2026-01-20', '19:00:00', 'fb31358a-eb2f-4cac-9901-7368b51ad47f', '2a4a1249-4d6b-4e49-8edd-1c5241639ee3', '2026-01-06T18:00:26.251687', '2026-01-06T18:00:26.251687');
INSERT INTO movie_projections (id, projection_date, projection_time, cinema_hall_id, movie_id, created_at, updated_at) VALUES ('68f67c00-0e44-420e-9bd6-4a2e3768dddf', '2026-01-17', '19:00:00', '1093090e-e74e-4500-ab60-3fd38a89f11b', '2a4a1249-4d6b-4e49-8edd-1c5241639ee3', '2026-01-06T18:00:26.251744', '2026-01-06T18:00:26.251744');
INSERT INTO movie_projections (id, projection_date, projection_time, cinema_hall_id, movie_id, created_at, updated_at) VALUES ('367a21b2-3c0d-45e5-83f4-3d61c841c1b1', '2026-02-27', '16:00:00', 'd3b645b7-0add-4a8f-83f6-54b98b2815d0', '2a4a1249-4d6b-4e49-8edd-1c5241639ee3', '2026-01-06T18:00:26.251796', '2026-01-06T18:00:26.251796');
INSERT INTO movie_projections (id, projection_date, projection_time, cinema_hall_id, movie_id, created_at, updated_at) VALUES ('5f58d0e3-5706-464b-aac9-41b221da38d3', '2026-01-14', '19:00:00', '336818a7-3094-445d-af55-f3f1b72885de', '2a4a1249-4d6b-4e49-8edd-1c5241639ee3', '2026-01-06T18:00:26.251846', '2026-01-06T18:00:26.251846');
INSERT INTO movie_projections (id, projection_date, projection_time, cinema_hall_id, movie_id, created_at, updated_at) VALUES ('d0dcc48b-7504-4d87-b83d-5d92ed856a2b', '2026-02-02', '10:00:00', '754d9a64-a351-458f-90df-29d943c5ae3f', '2a4a1249-4d6b-4e49-8edd-1c5241639ee3', '2026-01-06T18:00:26.251897', '2026-01-06T18:00:26.251897');
INSERT INTO movie_projections (id, projection_date, projection_time, cinema_hall_id, movie_id, created_at, updated_at) VALUES ('4782fc28-ea5c-4053-9cd8-a0c27eb8e8f2', '2026-03-16', '19:00:00', '626bed58-a026-40aa-8c12-2010c058bc6f', '2a4a1249-4d6b-4e49-8edd-1c5241639ee3', '2026-01-06T18:00:26.251947', '2026-01-06T18:00:26.251947');
INSERT INTO movie_projections (id, projection_date, projection_time, cinema_hall_id, movie_id, created_at, updated_at) VALUES ('cc3cfbda-ea54-4c05-ba03-494765c1b616', '2026-03-11', '19:00:00', '855a5c41-43b2-4968-b698-501ccba52db7', '2a4a1249-4d6b-4e49-8edd-1c5241639ee3', '2026-01-06T18:00:26.252002', '2026-01-06T18:00:26.252002');
INSERT INTO movie_projections (id, projection_date, projection_time, cinema_hall_id, movie_id, created_at, updated_at) VALUES ('4878abc8-1b06-4bf2-a044-f5d459321596', '2026-01-23', '10:00:00', '1368e1f8-aa54-4d8e-99d2-eadb141e97cb', '2a4a1249-4d6b-4e49-8edd-1c5241639ee3', '2026-01-06T18:00:26.252053', '2026-01-06T18:00:26.252053');
INSERT INTO movie_projections (id, projection_date, projection_time, cinema_hall_id, movie_id, created_at, updated_at) VALUES ('680b6849-693b-455a-a687-f543170a468f', '2026-01-13', '16:00:00', '12cfc0fb-73b1-4a4b-8416-162b8c862879', '2a4a1249-4d6b-4e49-8edd-1c5241639ee3', '2026-01-06T18:00:26.252104', '2026-01-06T18:00:26.252104');
INSERT INTO movie_projections (id, projection_date, projection_time, cinema_hall_id, movie_id, created_at, updated_at) VALUES ('4d050e84-ae8d-41f2-acc5-06a91c1f9638', '2026-01-08', '19:00:00', 'fb31358a-eb2f-4cac-9901-7368b51ad47f', '2a4a1249-4d6b-4e49-8edd-1c5241639ee3', '2026-01-06T18:00:26.252155', '2026-01-06T18:00:26.252155');
INSERT INTO movie_projections (id, projection_date, projection_time, cinema_hall_id, movie_id, created_at, updated_at) VALUES ('afe89933-77fa-4bc1-bc65-792b31c06b29', '2026-02-07', '19:00:00', '626bed58-a026-40aa-8c12-2010c058bc6f', '2a4a1249-4d6b-4e49-8edd-1c5241639ee3', '2026-01-06T18:00:26.252206', '2026-01-06T18:00:26.252206');
INSERT INTO movie_projections (id, projection_date, projection_time, cinema_hall_id, movie_id, created_at, updated_at) VALUES ('bffe583a-8e13-41cb-8a39-3a46414a4626', '2026-01-10', '10:00:00', 'd3b645b7-0add-4a8f-83f6-54b98b2815d0', '2a4a1249-4d6b-4e49-8edd-1c5241639ee3', '2026-01-06T18:00:26.252257', '2026-01-06T18:00:26.252257');
INSERT INTO movie_projections (id, projection_date, projection_time, cinema_hall_id, movie_id, created_at, updated_at) VALUES ('e1cdacc2-2217-4123-a7dd-fa827036191f', '2026-03-12', '13:00:00', '754d9a64-a351-458f-90df-29d943c5ae3f', '7adb77f4-f820-4075-9a5d-c5bcc9cf0e5f', '2026-01-06T18:00:26.252311', '2026-01-06T18:00:26.252311');
INSERT INTO movie_projections (id, projection_date, projection_time, cinema_hall_id, movie_id, created_at, updated_at) VALUES ('3eca6366-ba80-472c-915c-1473432fcd73', '2026-02-23', '16:00:00', '1093090e-e74e-4500-ab60-3fd38a89f11b', '7adb77f4-f820-4075-9a5d-c5bcc9cf0e5f', '2026-01-06T18:00:26.252361', '2026-01-06T18:00:26.252361');
INSERT INTO movie_projections (id, projection_date, projection_time, cinema_hall_id, movie_id, created_at, updated_at) VALUES ('e6846503-39cd-4fa6-b96c-53dd2cc6153e', '2026-01-06', '10:00:00', '626bed58-a026-40aa-8c12-2010c058bc6f', '7adb77f4-f820-4075-9a5d-c5bcc9cf0e5f', '2026-01-06T18:00:26.252416', '2026-01-06T18:00:26.252416');
INSERT INTO movie_projections (id, projection_date, projection_time, cinema_hall_id, movie_id, created_at, updated_at) VALUES ('13867ff0-7114-4ffe-92fd-dfcad9a60071', '2026-01-18', '13:00:00', '1368e1f8-aa54-4d8e-99d2-eadb141e97cb', '7adb77f4-f820-4075-9a5d-c5bcc9cf0e5f', '2026-01-06T18:00:26.252467', '2026-01-06T18:00:26.252467');
INSERT INTO movie_projections (id, projection_date, projection_time, cinema_hall_id, movie_id, created_at, updated_at) VALUES ('f98c6d51-abc9-49b5-9e06-a3e454fca16d', '2026-02-10', '19:00:00', '12cfc0fb-73b1-4a4b-8416-162b8c862879', '7adb77f4-f820-4075-9a5d-c5bcc9cf0e5f', '2026-01-06T18:00:26.252527', '2026-01-06T18:00:26.252527');
INSERT INTO movie_projections (id, projection_date, projection_time, cinema_hall_id, movie_id, created_at, updated_at) VALUES ('457d801c-364a-4ad4-83d3-a58e91c2ea03', '2026-01-22', '13:00:00', '754d9a64-a351-458f-90df-29d943c5ae3f', '7adb77f4-f820-4075-9a5d-c5bcc9cf0e5f', '2026-01-06T18:00:26.252579', '2026-01-06T18:00:26.252579');
INSERT INTO movie_projections (id, projection_date, projection_time, cinema_hall_id, movie_id, created_at, updated_at) VALUES ('875be5ea-befc-4f7e-a037-d5f5aef8375a', '2026-02-12', '10:00:00', '626bed58-a026-40aa-8c12-2010c058bc6f', '7adb77f4-f820-4075-9a5d-c5bcc9cf0e5f', '2026-01-06T18:00:26.252630', '2026-01-06T18:00:26.252630');
INSERT INTO movie_projections (id, projection_date, projection_time, cinema_hall_id, movie_id, created_at, updated_at) VALUES ('7528e441-7199-4b60-ab9e-5cd24f6e624d', '2026-01-11', '16:00:00', '1368e1f8-aa54-4d8e-99d2-eadb141e97cb', '7adb77f4-f820-4075-9a5d-c5bcc9cf0e5f', '2026-01-06T18:00:26.252681', '2026-01-06T18:00:26.252681');
INSERT INTO movie_projections (id, projection_date, projection_time, cinema_hall_id, movie_id, created_at, updated_at) VALUES ('065549e1-e850-40e8-a95e-d5c7dd756e30', '2026-03-14', '10:00:00', 'b7a671bb-f528-4c67-b92c-6a670ddf0cd3', '7adb77f4-f820-4075-9a5d-c5bcc9cf0e5f', '2026-01-06T18:00:26.252732', '2026-01-06T18:00:26.252732');
INSERT INTO movie_projections (id, projection_date, projection_time, cinema_hall_id, movie_id, created_at, updated_at) VALUES ('7ebcbbc2-f323-41da-824d-cd9b482f99db', '2026-01-09', '13:00:00', 'b7a671bb-f528-4c67-b92c-6a670ddf0cd3', '7adb77f4-f820-4075-9a5d-c5bcc9cf0e5f', '2026-01-06T18:00:26.252782', '2026-01-06T18:00:26.252782');
INSERT INTO movie_projections (id, projection_date, projection_time, cinema_hall_id, movie_id, created_at, updated_at) VALUES ('4e256bbf-aa78-407c-8108-c7ffacde86fc', '2026-02-10', '10:00:00', '1368e1f8-aa54-4d8e-99d2-eadb141e97cb', '7adb77f4-f820-4075-9a5d-c5bcc9cf0e5f', '2026-01-06T18:00:26.252838', '2026-01-06T18:00:26.252838');
INSERT INTO movie_projections (id, projection_date, projection_time, cinema_hall_id, movie_id, created_at, updated_at) VALUES ('58de93a1-db00-4b4e-a411-d7697dae4c3f', '2026-02-13', '10:00:00', 'c6127204-b556-472e-8812-12d5aed4e3f9', '7adb77f4-f820-4075-9a5d-c5bcc9cf0e5f', '2026-01-06T18:00:26.252889', '2026-01-06T18:00:26.252889');
INSERT INTO movie_projections (id, projection_date, projection_time, cinema_hall_id, movie_id, created_at, updated_at) VALUES ('49653322-80fe-45c1-b7ac-5b470f68fd0c', '2026-02-08', '16:00:00', '1368e1f8-aa54-4d8e-99d2-eadb141e97cb', '7adb77f4-f820-4075-9a5d-c5bcc9cf0e5f', '2026-01-06T18:00:26.252939', '2026-01-06T18:00:26.252939');
INSERT INTO movie_projections (id, projection_date, projection_time, cinema_hall_id, movie_id, created_at, updated_at) VALUES ('5fdf69aa-16f3-47f6-a5ff-726ce9ed201c', '2026-03-04', '16:00:00', '1093090e-e74e-4500-ab60-3fd38a89f11b', '7adb77f4-f820-4075-9a5d-c5bcc9cf0e5f', '2026-01-06T18:00:26.252989', '2026-01-06T18:00:26.252989');
INSERT INTO movie_projections (id, projection_date, projection_time, cinema_hall_id, movie_id, created_at, updated_at) VALUES ('c8b8d179-8dee-4750-8f42-98749e3866c3', '2026-02-24', '13:00:00', '1368e1f8-aa54-4d8e-99d2-eadb141e97cb', '7adb77f4-f820-4075-9a5d-c5bcc9cf0e5f', '2026-01-06T18:00:26.253040', '2026-01-06T18:00:26.253040');
INSERT INTO movie_projections (id, projection_date, projection_time, cinema_hall_id, movie_id, created_at, updated_at) VALUES ('c92ffe32-3b64-4756-b844-131933db55b5', '2026-01-31', '16:00:00', 'b7a671bb-f528-4c67-b92c-6a670ddf0cd3', '7adb77f4-f820-4075-9a5d-c5bcc9cf0e5f', '2026-01-06T18:00:26.253091', '2026-01-06T18:00:26.253091');
INSERT INTO movie_projections (id, projection_date, projection_time, cinema_hall_id, movie_id, created_at, updated_at) VALUES ('b4c9aa29-2173-433d-aa13-5f9c33a30ac9', '2026-02-11', '16:00:00', 'd3b645b7-0add-4a8f-83f6-54b98b2815d0', '7adb77f4-f820-4075-9a5d-c5bcc9cf0e5f', '2026-01-06T18:00:26.253146', '2026-01-06T18:00:26.253146');
INSERT INTO movie_projections (id, projection_date, projection_time, cinema_hall_id, movie_id, created_at, updated_at) VALUES ('85011d1e-d3c1-4722-82b3-6aea6d67b55e', '2026-01-27', '10:00:00', '1093090e-e74e-4500-ab60-3fd38a89f11b', '7adb77f4-f820-4075-9a5d-c5bcc9cf0e5f', '2026-01-06T18:00:26.253198', '2026-01-06T18:00:26.253198');
INSERT INTO movie_projections (id, projection_date, projection_time, cinema_hall_id, movie_id, created_at, updated_at) VALUES ('0c1f9850-2ac8-430f-926e-f6ae44cf2850', '2026-01-26', '10:00:00', '1093090e-e74e-4500-ab60-3fd38a89f11b', '7adb77f4-f820-4075-9a5d-c5bcc9cf0e5f', '2026-01-06T18:00:26.253255', '2026-01-06T18:00:26.253255');
INSERT INTO movie_projections (id, projection_date, projection_time, cinema_hall_id, movie_id, created_at, updated_at) VALUES ('d4d9d3af-ee32-477d-b76b-d1e9a0e1a033', '2026-02-13', '16:00:00', '626bed58-a026-40aa-8c12-2010c058bc6f', '7adb77f4-f820-4075-9a5d-c5bcc9cf0e5f', '2026-01-06T18:00:26.253306', '2026-01-06T18:00:26.253306');
INSERT INTO movie_projections (id, projection_date, projection_time, cinema_hall_id, movie_id, created_at, updated_at) VALUES ('146cc353-b620-410e-aaba-e25005db3676', '2026-02-18', '19:00:00', '336818a7-3094-445d-af55-f3f1b72885de', '7adb77f4-f820-4075-9a5d-c5bcc9cf0e5f', '2026-01-06T18:00:26.253356', '2026-01-06T18:00:26.253356');
INSERT INTO movie_projections (id, projection_date, projection_time, cinema_hall_id, movie_id, created_at, updated_at) VALUES ('42540e34-c007-4069-b5aa-19b03b1c648b', '2026-01-13', '13:00:00', '754d9a64-a351-458f-90df-29d943c5ae3f', '7adb77f4-f820-4075-9a5d-c5bcc9cf0e5f', '2026-01-06T18:00:26.253407', '2026-01-06T18:00:26.253407');
INSERT INTO movie_projections (id, projection_date, projection_time, cinema_hall_id, movie_id, created_at, updated_at) VALUES ('d27fc249-e0ce-4fed-8235-c29b6526db12', '2026-02-18', '13:00:00', '12cfc0fb-73b1-4a4b-8416-162b8c862879', '7adb77f4-f820-4075-9a5d-c5bcc9cf0e5f', '2026-01-06T18:00:26.253457', '2026-01-06T18:00:26.253457');
INSERT INTO movie_projections (id, projection_date, projection_time, cinema_hall_id, movie_id, created_at, updated_at) VALUES ('77feb282-f7ff-4186-a01b-d9d8ad28369f', '2026-02-16', '10:00:00', 'd3b645b7-0add-4a8f-83f6-54b98b2815d0', '7adb77f4-f820-4075-9a5d-c5bcc9cf0e5f', '2026-01-06T18:00:26.253514', '2026-01-06T18:00:26.253514');
INSERT INTO movie_projections (id, projection_date, projection_time, cinema_hall_id, movie_id, created_at, updated_at) VALUES ('5fdc2faa-34d6-4399-b897-19c7d304c76b', '2026-02-02', '10:00:00', '12cfc0fb-73b1-4a4b-8416-162b8c862879', '7adb77f4-f820-4075-9a5d-c5bcc9cf0e5f', '2026-01-06T18:00:26.253566', '2026-01-06T18:00:26.253566');
INSERT INTO movie_projections (id, projection_date, projection_time, cinema_hall_id, movie_id, created_at, updated_at) VALUES ('e0d83598-daf7-4306-b0e3-bdac587898fa', '2026-01-07', '19:00:00', '754d9a64-a351-458f-90df-29d943c5ae3f', '7adb77f4-f820-4075-9a5d-c5bcc9cf0e5f', '2026-01-06T18:00:26.253617', '2026-01-06T18:00:26.253617');
INSERT INTO movie_projections (id, projection_date, projection_time, cinema_hall_id, movie_id, created_at, updated_at) VALUES ('5ca0f2a5-7956-47c8-92bc-573f4772abeb', '2026-02-12', '13:00:00', '1093090e-e74e-4500-ab60-3fd38a89f11b', '7adb77f4-f820-4075-9a5d-c5bcc9cf0e5f', '2026-01-06T18:00:26.253674', '2026-01-06T18:00:26.253674');
INSERT INTO movie_projections (id, projection_date, projection_time, cinema_hall_id, movie_id, created_at, updated_at) VALUES ('4852d94c-1386-4a02-bd32-61e0fdc2ea8a', '2026-01-23', '19:00:00', 'fb31358a-eb2f-4cac-9901-7368b51ad47f', '7adb77f4-f820-4075-9a5d-c5bcc9cf0e5f', '2026-01-06T18:00:26.253726', '2026-01-06T18:00:26.253726');
INSERT INTO movie_projections (id, projection_date, projection_time, cinema_hall_id, movie_id, created_at, updated_at) VALUES ('3eff7a4f-07fc-494c-911a-1ec541139645', '2026-02-04', '16:00:00', 'd3b645b7-0add-4a8f-83f6-54b98b2815d0', '7adb77f4-f820-4075-9a5d-c5bcc9cf0e5f', '2026-01-06T18:00:26.253777', '2026-01-06T18:00:26.253777');
INSERT INTO movie_projections (id, projection_date, projection_time, cinema_hall_id, movie_id, created_at, updated_at) VALUES ('d81eeab2-1367-4c99-b2e6-66225ef8914c', '2026-01-10', '19:00:00', '754d9a64-a351-458f-90df-29d943c5ae3f', '7adb77f4-f820-4075-9a5d-c5bcc9cf0e5f', '2026-01-06T18:00:26.253827', '2026-01-06T18:00:26.253827');
INSERT INTO movie_projections (id, projection_date, projection_time, cinema_hall_id, movie_id, created_at, updated_at) VALUES ('4e9dc7b9-04a5-4b6c-831f-2ca6705bc5f7', '2026-01-14', '10:00:00', 'c6127204-b556-472e-8812-12d5aed4e3f9', '7adb77f4-f820-4075-9a5d-c5bcc9cf0e5f', '2026-01-06T18:00:26.253878', '2026-01-06T18:00:26.253878');
INSERT INTO movie_projections (id, projection_date, projection_time, cinema_hall_id, movie_id, created_at, updated_at) VALUES ('a2b6a2d1-6de3-41b2-b462-98747abcc576', '2026-03-14', '13:00:00', 'c6127204-b556-472e-8812-12d5aed4e3f9', '7adb77f4-f820-4075-9a5d-c5bcc9cf0e5f', '2026-01-06T18:00:26.253929', '2026-01-06T18:00:26.253929');
INSERT INTO movie_projections (id, projection_date, projection_time, cinema_hall_id, movie_id, created_at, updated_at) VALUES ('7e2fac40-14a7-4fea-b719-2b469b97ad03', '2026-01-10', '19:00:00', '12cfc0fb-73b1-4a4b-8416-162b8c862879', '7adb77f4-f820-4075-9a5d-c5bcc9cf0e5f', '2026-01-06T18:00:26.253980', '2026-01-06T18:00:26.253980');
INSERT INTO movie_projections (id, projection_date, projection_time, cinema_hall_id, movie_id, created_at, updated_at) VALUES ('021c4b6f-0f0d-4e9a-a736-58394dce08fb', '2026-01-26', '10:00:00', '855a5c41-43b2-4968-b698-501ccba52db7', '7adb77f4-f820-4075-9a5d-c5bcc9cf0e5f', '2026-01-06T18:00:26.254038', '2026-01-06T18:00:26.254038');
INSERT INTO movie_projections (id, projection_date, projection_time, cinema_hall_id, movie_id, created_at, updated_at) VALUES ('157a79f2-7e80-4463-9e9c-91ab798e8ae4', '2026-02-03', '19:00:00', '336818a7-3094-445d-af55-f3f1b72885de', '7adb77f4-f820-4075-9a5d-c5bcc9cf0e5f', '2026-01-06T18:00:26.254095', '2026-01-06T18:00:26.254095');
INSERT INTO movie_projections (id, projection_date, projection_time, cinema_hall_id, movie_id, created_at, updated_at) VALUES ('3773cf7b-ec85-4036-b3d7-3855cbb0c7b9', '2026-01-11', '19:00:00', '1093090e-e74e-4500-ab60-3fd38a89f11b', '7adb77f4-f820-4075-9a5d-c5bcc9cf0e5f', '2026-01-06T18:00:26.254147', '2026-01-06T18:00:26.254147');
INSERT INTO movie_projections (id, projection_date, projection_time, cinema_hall_id, movie_id, created_at, updated_at) VALUES ('7c2ff067-6971-4a84-b23e-ff6984b3ce56', '2026-01-10', '16:00:00', '1093090e-e74e-4500-ab60-3fd38a89f11b', '7adb77f4-f820-4075-9a5d-c5bcc9cf0e5f', '2026-01-06T18:00:26.254197', '2026-01-06T18:00:26.254197');
INSERT INTO movie_projections (id, projection_date, projection_time, cinema_hall_id, movie_id, created_at, updated_at) VALUES ('327884cf-6be2-414c-8182-33ae2912e3ff', '2026-01-20', '13:00:00', 'b7a671bb-f528-4c67-b92c-6a670ddf0cd3', '7adb77f4-f820-4075-9a5d-c5bcc9cf0e5f', '2026-01-06T18:00:26.254248', '2026-01-06T18:00:26.254248');
INSERT INTO movie_projections (id, projection_date, projection_time, cinema_hall_id, movie_id, created_at, updated_at) VALUES ('fcb75410-d2dc-4e8b-89f1-263e473eb7cc', '2026-03-15', '16:00:00', 'b7a671bb-f528-4c67-b92c-6a670ddf0cd3', '7adb77f4-f820-4075-9a5d-c5bcc9cf0e5f', '2026-01-06T18:00:26.254298', '2026-01-06T18:00:26.254298');
INSERT INTO movie_projections (id, projection_date, projection_time, cinema_hall_id, movie_id, created_at, updated_at) VALUES ('18bcb910-0371-4330-a0e6-d5abdb8bd01f', '2026-02-08', '13:00:00', '626bed58-a026-40aa-8c12-2010c058bc6f', '7adb77f4-f820-4075-9a5d-c5bcc9cf0e5f', '2026-01-06T18:00:26.254349', '2026-01-06T18:00:26.254349');
INSERT INTO movie_projections (id, projection_date, projection_time, cinema_hall_id, movie_id, created_at, updated_at) VALUES ('95b25000-052c-44e4-b336-22af7ba73b8b', '2026-01-16', '13:00:00', '1093090e-e74e-4500-ab60-3fd38a89f11b', '213ba3c4-549e-4c36-b0c7-b2d7ff13fb22', '2026-01-06T18:00:26.254403', '2026-01-06T18:00:26.254403');
INSERT INTO movie_projections (id, projection_date, projection_time, cinema_hall_id, movie_id, created_at, updated_at) VALUES ('a2940af4-ee45-41dc-99d3-9f114aa82e36', '2026-01-16', '10:00:00', '626bed58-a026-40aa-8c12-2010c058bc6f', '213ba3c4-549e-4c36-b0c7-b2d7ff13fb22', '2026-01-06T18:00:26.254455', '2026-01-06T18:00:26.254455');
INSERT INTO movie_projections (id, projection_date, projection_time, cinema_hall_id, movie_id, created_at, updated_at) VALUES ('4629271b-4200-442d-8fc6-b81d2763f2f3', '2026-01-28', '13:00:00', '12cfc0fb-73b1-4a4b-8416-162b8c862879', '213ba3c4-549e-4c36-b0c7-b2d7ff13fb22', '2026-01-06T18:00:26.254526', '2026-01-06T18:00:26.254526');
INSERT INTO movie_projections (id, projection_date, projection_time, cinema_hall_id, movie_id, created_at, updated_at) VALUES ('6591495b-c272-430d-9f89-36df1d0fddab', '2026-02-05', '10:00:00', 'b7a671bb-f528-4c67-b92c-6a670ddf0cd3', '213ba3c4-549e-4c36-b0c7-b2d7ff13fb22', '2026-01-06T18:00:26.254601', '2026-01-06T18:00:26.254601');
INSERT INTO movie_projections (id, projection_date, projection_time, cinema_hall_id, movie_id, created_at, updated_at) VALUES ('07b0adf4-8389-46d5-934c-f219c6477e09', '2026-02-06', '19:00:00', 'c6127204-b556-472e-8812-12d5aed4e3f9', '213ba3c4-549e-4c36-b0c7-b2d7ff13fb22', '2026-01-06T18:00:26.254701', '2026-01-06T18:00:26.254701');
INSERT INTO movie_projections (id, projection_date, projection_time, cinema_hall_id, movie_id, created_at, updated_at) VALUES ('30acd8c4-f4b7-48e5-9968-2289f6527d49', '2026-01-31', '19:00:00', '855a5c41-43b2-4968-b698-501ccba52db7', '213ba3c4-549e-4c36-b0c7-b2d7ff13fb22', '2026-01-06T18:00:26.254764', '2026-01-06T18:00:26.254764');
INSERT INTO movie_projections (id, projection_date, projection_time, cinema_hall_id, movie_id, created_at, updated_at) VALUES ('96aa918b-859b-43fe-a1cd-3683d58f117f', '2026-02-04', '16:00:00', '1368e1f8-aa54-4d8e-99d2-eadb141e97cb', '213ba3c4-549e-4c36-b0c7-b2d7ff13fb22', '2026-01-06T18:00:26.254816', '2026-01-06T18:00:26.254816');
INSERT INTO movie_projections (id, projection_date, projection_time, cinema_hall_id, movie_id, created_at, updated_at) VALUES ('716a42c9-fb6e-43ca-adb0-089ef4f1c375', '2026-01-31', '10:00:00', 'fb31358a-eb2f-4cac-9901-7368b51ad47f', '213ba3c4-549e-4c36-b0c7-b2d7ff13fb22', '2026-01-06T18:00:26.254867', '2026-01-06T18:00:26.254867');
INSERT INTO movie_projections (id, projection_date, projection_time, cinema_hall_id, movie_id, created_at, updated_at) VALUES ('d6a00ac1-d736-4c7c-944f-fe9c8c76ef82', '2026-01-30', '16:00:00', '1093090e-e74e-4500-ab60-3fd38a89f11b', '213ba3c4-549e-4c36-b0c7-b2d7ff13fb22', '2026-01-06T18:00:26.254919', '2026-01-06T18:00:26.254919');
INSERT INTO movie_projections (id, projection_date, projection_time, cinema_hall_id, movie_id, created_at, updated_at) VALUES ('21a3b2d7-d079-4dce-93d4-7799c5c4d861', '2026-01-20', '13:00:00', 'd3b645b7-0add-4a8f-83f6-54b98b2815d0', '213ba3c4-549e-4c36-b0c7-b2d7ff13fb22', '2026-01-06T18:00:26.254970', '2026-01-06T18:00:26.254970');
INSERT INTO movie_projections (id, projection_date, projection_time, cinema_hall_id, movie_id, created_at, updated_at) VALUES ('590b4c0c-848d-4ad5-85d0-532870d603bf', '2026-01-07', '13:00:00', '12cfc0fb-73b1-4a4b-8416-162b8c862879', '213ba3c4-549e-4c36-b0c7-b2d7ff13fb22', '2026-01-06T18:00:26.255026', '2026-01-06T18:00:26.255026');
INSERT INTO movie_projections (id, projection_date, projection_time, cinema_hall_id, movie_id, created_at, updated_at) VALUES ('48757da3-4f3c-45b5-9590-c022d9793c6e', '2026-02-02', '19:00:00', 'fb31358a-eb2f-4cac-9901-7368b51ad47f', '213ba3c4-549e-4c36-b0c7-b2d7ff13fb22', '2026-01-06T18:00:26.255077', '2026-01-06T18:00:26.255077');
INSERT INTO movie_projections (id, projection_date, projection_time, cinema_hall_id, movie_id, created_at, updated_at) VALUES ('30513c1f-a6d8-4e1a-aa0a-0d57e5b3aed8', '2026-01-08', '16:00:00', '754d9a64-a351-458f-90df-29d943c5ae3f', '213ba3c4-549e-4c36-b0c7-b2d7ff13fb22', '2026-01-06T18:00:26.255127', '2026-01-06T18:00:26.255127');
INSERT INTO movie_projections (id, projection_date, projection_time, cinema_hall_id, movie_id, created_at, updated_at) VALUES ('7793ed87-2375-4a32-98c0-fb29ed5bca6b', '2026-01-25', '16:00:00', 'c6127204-b556-472e-8812-12d5aed4e3f9', '213ba3c4-549e-4c36-b0c7-b2d7ff13fb22', '2026-01-06T18:00:26.255177', '2026-01-06T18:00:26.255177');
INSERT INTO movie_projections (id, projection_date, projection_time, cinema_hall_id, movie_id, created_at, updated_at) VALUES ('97613e56-2bf2-4283-b5c6-69101437d78d', '2026-01-14', '19:00:00', 'd3b645b7-0add-4a8f-83f6-54b98b2815d0', '213ba3c4-549e-4c36-b0c7-b2d7ff13fb22', '2026-01-06T18:00:26.255228', '2026-01-06T18:00:26.255228');
INSERT INTO movie_projections (id, projection_date, projection_time, cinema_hall_id, movie_id, created_at, updated_at) VALUES ('834a5d21-fac1-43c5-a0df-7e673ca32a57', '2026-01-18', '10:00:00', '855a5c41-43b2-4968-b698-501ccba52db7', '213ba3c4-549e-4c36-b0c7-b2d7ff13fb22', '2026-01-06T18:00:26.255280', '2026-01-06T18:00:26.255280');
INSERT INTO movie_projections (id, projection_date, projection_time, cinema_hall_id, movie_id, created_at, updated_at) VALUES ('d0fa8934-1d8a-47aa-a03a-a9011f70fca9', '2026-01-15', '19:00:00', '12cfc0fb-73b1-4a4b-8416-162b8c862879', '213ba3c4-549e-4c36-b0c7-b2d7ff13fb22', '2026-01-06T18:00:26.255330', '2026-01-06T18:00:26.255330');
INSERT INTO movie_projections (id, projection_date, projection_time, cinema_hall_id, movie_id, created_at, updated_at) VALUES ('2cf9e6d5-d301-4ee0-b2c5-95d5aac1e45c', '2026-01-15', '10:00:00', 'fb31358a-eb2f-4cac-9901-7368b51ad47f', '213ba3c4-549e-4c36-b0c7-b2d7ff13fb22', '2026-01-06T18:00:26.255387', '2026-01-06T18:00:26.255387');
INSERT INTO movie_projections (id, projection_date, projection_time, cinema_hall_id, movie_id, created_at, updated_at) VALUES ('c2256f73-7f12-43bd-9d90-7b1caa89b0c4', '2026-01-16', '19:00:00', '336818a7-3094-445d-af55-f3f1b72885de', '213ba3c4-549e-4c36-b0c7-b2d7ff13fb22', '2026-01-06T18:00:26.255444', '2026-01-06T18:00:26.255444');
INSERT INTO movie_projections (id, projection_date, projection_time, cinema_hall_id, movie_id, created_at, updated_at) VALUES ('b0c4f10b-8e85-4dca-9f3c-930e99931382', '2026-02-01', '13:00:00', '626bed58-a026-40aa-8c12-2010c058bc6f', '213ba3c4-549e-4c36-b0c7-b2d7ff13fb22', '2026-01-06T18:00:26.255494', '2026-01-06T18:00:26.255494');
INSERT INTO movie_projections (id, projection_date, projection_time, cinema_hall_id, movie_id, created_at, updated_at) VALUES ('ab004783-66fa-4e7d-b03f-038e7e7c4cfe', '2026-01-15', '10:00:00', '1368e1f8-aa54-4d8e-99d2-eadb141e97cb', '213ba3c4-549e-4c36-b0c7-b2d7ff13fb22', '2026-01-06T18:00:26.255730', '2026-01-06T18:00:26.255730');
INSERT INTO movie_projections (id, projection_date, projection_time, cinema_hall_id, movie_id, created_at, updated_at) VALUES ('e3ed261f-a1b7-4493-8e64-29374fcd0fe6', '2026-01-09', '16:00:00', '754d9a64-a351-458f-90df-29d943c5ae3f', '213ba3c4-549e-4c36-b0c7-b2d7ff13fb22', '2026-01-06T18:00:26.255811', '2026-01-06T18:00:26.255811');
INSERT INTO movie_projections (id, projection_date, projection_time, cinema_hall_id, movie_id, created_at, updated_at) VALUES ('9c66a65a-a649-4b4e-b1cb-cd582a94e940', '2026-01-31', '10:00:00', '12cfc0fb-73b1-4a4b-8416-162b8c862879', '213ba3c4-549e-4c36-b0c7-b2d7ff13fb22', '2026-01-06T18:00:26.255980', '2026-01-06T18:00:26.255980');
INSERT INTO movie_projections (id, projection_date, projection_time, cinema_hall_id, movie_id, created_at, updated_at) VALUES ('6a7b6942-8bd9-4d9b-ae82-d5979ac4a116', '2026-01-10', '19:00:00', '754d9a64-a351-458f-90df-29d943c5ae3f', '213ba3c4-549e-4c36-b0c7-b2d7ff13fb22', '2026-01-06T18:00:26.256083', '2026-01-06T18:00:26.256083');
INSERT INTO movie_projections (id, projection_date, projection_time, cinema_hall_id, movie_id, created_at, updated_at) VALUES ('f86d172a-a09c-4673-acbd-ab8440ffcab1', '2026-01-27', '10:00:00', '336818a7-3094-445d-af55-f3f1b72885de', '213ba3c4-549e-4c36-b0c7-b2d7ff13fb22', '2026-01-06T18:00:26.256173', '2026-01-06T18:00:26.256173');
INSERT INTO movie_projections (id, projection_date, projection_time, cinema_hall_id, movie_id, created_at, updated_at) VALUES ('dec73093-d363-4a1d-a93d-0196e7947dad', '2026-01-10', '19:00:00', 'b7a671bb-f528-4c67-b92c-6a670ddf0cd3', '213ba3c4-549e-4c36-b0c7-b2d7ff13fb22', '2026-01-06T18:00:26.256265', '2026-01-06T18:00:26.256265');
INSERT INTO movie_projections (id, projection_date, projection_time, cinema_hall_id, movie_id, created_at, updated_at) VALUES ('4899763e-f930-4957-af5b-e695331242b3', '2026-02-01', '16:00:00', 'b7a671bb-f528-4c67-b92c-6a670ddf0cd3', '213ba3c4-549e-4c36-b0c7-b2d7ff13fb22', '2026-01-06T18:00:26.256359', '2026-01-06T18:00:26.256359');
INSERT INTO movie_projections (id, projection_date, projection_time, cinema_hall_id, movie_id, created_at, updated_at) VALUES ('26753b2c-3bee-4cf9-84cc-cf75d35ed0f1', '2026-01-29', '13:00:00', '626bed58-a026-40aa-8c12-2010c058bc6f', '213ba3c4-549e-4c36-b0c7-b2d7ff13fb22', '2026-01-06T18:00:26.256462', '2026-01-06T18:00:26.256462');
INSERT INTO movie_projections (id, projection_date, projection_time, cinema_hall_id, movie_id, created_at, updated_at) VALUES ('a2dbc517-7c23-4246-af2e-8a54871a7e72', '2026-01-13', '16:00:00', 'b7a671bb-f528-4c67-b92c-6a670ddf0cd3', '213ba3c4-549e-4c36-b0c7-b2d7ff13fb22', '2026-01-06T18:00:26.256596', '2026-01-06T18:00:26.256596');
INSERT INTO movie_projections (id, projection_date, projection_time, cinema_hall_id, movie_id, created_at, updated_at) VALUES ('179f3deb-45a6-48fe-8335-8e2a04d48fa8', '2026-02-06', '19:00:00', 'b7a671bb-f528-4c67-b92c-6a670ddf0cd3', '213ba3c4-549e-4c36-b0c7-b2d7ff13fb22', '2026-01-06T18:00:26.256703', '2026-01-06T18:00:26.256703');
INSERT INTO movie_projections (id, projection_date, projection_time, cinema_hall_id, movie_id, created_at, updated_at) VALUES ('54392279-6eea-4087-906d-eee178c48df6', '2026-02-03', '19:00:00', 'fb31358a-eb2f-4cac-9901-7368b51ad47f', '213ba3c4-549e-4c36-b0c7-b2d7ff13fb22', '2026-01-06T18:00:26.256815', '2026-01-06T18:00:26.256815');
INSERT INTO movie_projections (id, projection_date, projection_time, cinema_hall_id, movie_id, created_at, updated_at) VALUES ('1a5c1c00-c01c-4024-861a-990a16e1e5df', '2026-01-07', '13:00:00', '626bed58-a026-40aa-8c12-2010c058bc6f', '213ba3c4-549e-4c36-b0c7-b2d7ff13fb22', '2026-01-06T18:00:26.256912', '2026-01-06T18:00:26.256912');
INSERT INTO movie_projections (id, projection_date, projection_time, cinema_hall_id, movie_id, created_at, updated_at) VALUES ('d9858838-08fa-42aa-9cce-e704b6f1d8f8', '2026-01-23', '13:00:00', '1368e1f8-aa54-4d8e-99d2-eadb141e97cb', '213ba3c4-549e-4c36-b0c7-b2d7ff13fb22', '2026-01-06T18:00:26.256991', '2026-01-06T18:00:26.256991');
INSERT INTO movie_projections (id, projection_date, projection_time, cinema_hall_id, movie_id, created_at, updated_at) VALUES ('8cf0a0a6-189b-4b86-9b41-0a7bd2a51779', '2026-01-26', '19:00:00', 'c6127204-b556-472e-8812-12d5aed4e3f9', '213ba3c4-549e-4c36-b0c7-b2d7ff13fb22', '2026-01-06T18:00:26.257101', '2026-01-06T18:00:26.257101');
INSERT INTO movie_projections (id, projection_date, projection_time, cinema_hall_id, movie_id, created_at, updated_at) VALUES ('b8f2fd66-59f8-4359-96fe-7c1859262087', '2026-02-04', '10:00:00', 'b7a671bb-f528-4c67-b92c-6a670ddf0cd3', '213ba3c4-549e-4c36-b0c7-b2d7ff13fb22', '2026-01-06T18:00:26.257164', '2026-01-06T18:00:26.257164');
INSERT INTO movie_projections (id, projection_date, projection_time, cinema_hall_id, movie_id, created_at, updated_at) VALUES ('7cc70971-e2a6-4314-abac-b838f15ad0cd', '2026-01-11', '10:00:00', '12cfc0fb-73b1-4a4b-8416-162b8c862879', '213ba3c4-549e-4c36-b0c7-b2d7ff13fb22', '2026-01-06T18:00:26.257220', '2026-01-06T18:00:26.257220');
INSERT INTO movie_projections (id, projection_date, projection_time, cinema_hall_id, movie_id, created_at, updated_at) VALUES ('280f433d-a51c-4be8-b1ce-9738dbd5979b', '2026-01-25', '10:00:00', 'd3b645b7-0add-4a8f-83f6-54b98b2815d0', '213ba3c4-549e-4c36-b0c7-b2d7ff13fb22', '2026-01-06T18:00:26.257282', '2026-01-06T18:00:26.257282');
INSERT INTO movie_projections (id, projection_date, projection_time, cinema_hall_id, movie_id, created_at, updated_at) VALUES ('b6a17050-4e53-4886-b43a-7253db70ac85', '2026-01-13', '10:00:00', 'c6127204-b556-472e-8812-12d5aed4e3f9', '213ba3c4-549e-4c36-b0c7-b2d7ff13fb22', '2026-01-06T18:00:26.257336', '2026-01-06T18:00:26.257336');
INSERT INTO movie_projections (id, projection_date, projection_time, cinema_hall_id, movie_id, created_at, updated_at) VALUES ('67e9678a-b135-4d01-b6c7-65636ba29049', '2026-01-31', '10:00:00', '754d9a64-a351-458f-90df-29d943c5ae3f', '213ba3c4-549e-4c36-b0c7-b2d7ff13fb22', '2026-01-06T18:00:26.257423', '2026-01-06T18:00:26.257423');
INSERT INTO movie_projections (id, projection_date, projection_time, cinema_hall_id, movie_id, created_at, updated_at) VALUES ('5e16a24a-5646-4066-8b75-43310d707a0d', '2026-01-20', '19:00:00', 'fb31358a-eb2f-4cac-9901-7368b51ad47f', '213ba3c4-549e-4c36-b0c7-b2d7ff13fb22', '2026-01-06T18:00:26.257495', '2026-01-06T18:00:26.257495');
INSERT INTO movie_projections (id, projection_date, projection_time, cinema_hall_id, movie_id, created_at, updated_at) VALUES ('f052cbcf-fdb0-4caf-987b-d5ec569dfdf0', '2026-02-20', '19:00:00', '626bed58-a026-40aa-8c12-2010c058bc6f', 'dbd7eb8d-8349-4e02-b238-dbd6ba194039', '2026-01-06T18:00:26.257612', '2026-01-06T18:00:26.257612');
INSERT INTO movie_projections (id, projection_date, projection_time, cinema_hall_id, movie_id, created_at, updated_at) VALUES ('92e891f1-23c2-42eb-9f99-ce9f0a70915c', '2026-02-05', '13:00:00', 'fb31358a-eb2f-4cac-9901-7368b51ad47f', 'dbd7eb8d-8349-4e02-b238-dbd6ba194039', '2026-01-06T18:00:26.257796', '2026-01-06T18:00:26.257796');
INSERT INTO movie_projections (id, projection_date, projection_time, cinema_hall_id, movie_id, created_at, updated_at) VALUES ('b868905d-b075-49c1-bd2c-dcacf7871e29', '2026-03-13', '16:00:00', '754d9a64-a351-458f-90df-29d943c5ae3f', 'dbd7eb8d-8349-4e02-b238-dbd6ba194039', '2026-01-06T18:00:26.257906', '2026-01-06T18:00:26.257906');
INSERT INTO movie_projections (id, projection_date, projection_time, cinema_hall_id, movie_id, created_at, updated_at) VALUES ('fbf48312-e36b-47bb-ba43-1f40093b11e2', '2026-03-22', '13:00:00', '626bed58-a026-40aa-8c12-2010c058bc6f', 'dbd7eb8d-8349-4e02-b238-dbd6ba194039', '2026-01-06T18:00:26.258007', '2026-01-06T18:00:26.258007');
INSERT INTO movie_projections (id, projection_date, projection_time, cinema_hall_id, movie_id, created_at, updated_at) VALUES ('ca4e6aa7-ce10-40df-8124-f06a25220e29', '2026-02-15', '10:00:00', '12cfc0fb-73b1-4a4b-8416-162b8c862879', 'dbd7eb8d-8349-4e02-b238-dbd6ba194039', '2026-01-06T18:00:26.258102', '2026-01-06T18:00:26.258102');
INSERT INTO movie_projections (id, projection_date, projection_time, cinema_hall_id, movie_id, created_at, updated_at) VALUES ('8c625f84-bc13-4c15-9f1a-136d276d5fb5', '2026-02-17', '16:00:00', 'fb31358a-eb2f-4cac-9901-7368b51ad47f', 'dbd7eb8d-8349-4e02-b238-dbd6ba194039', '2026-01-06T18:00:26.258190', '2026-01-06T18:00:26.258190');
INSERT INTO movie_projections (id, projection_date, projection_time, cinema_hall_id, movie_id, created_at, updated_at) VALUES ('8ded9e8f-74d5-4e52-ad2e-a5ec7a6a2233', '2026-02-01', '19:00:00', 'c6127204-b556-472e-8812-12d5aed4e3f9', 'dbd7eb8d-8349-4e02-b238-dbd6ba194039', '2026-01-06T18:00:26.258276', '2026-01-06T18:00:26.258276');
INSERT INTO movie_projections (id, projection_date, projection_time, cinema_hall_id, movie_id, created_at, updated_at) VALUES ('10897fb7-5aea-43bb-8c64-173a2bf350e3', '2026-02-09', '13:00:00', '855a5c41-43b2-4968-b698-501ccba52db7', 'dbd7eb8d-8349-4e02-b238-dbd6ba194039', '2026-01-06T18:00:26.258365', '2026-01-06T18:00:26.258365');
INSERT INTO movie_projections (id, projection_date, projection_time, cinema_hall_id, movie_id, created_at, updated_at) VALUES ('e4831c6b-298a-4ce4-bc86-45dad3966d39', '2026-02-12', '16:00:00', 'fb31358a-eb2f-4cac-9901-7368b51ad47f', 'dbd7eb8d-8349-4e02-b238-dbd6ba194039', '2026-01-06T18:00:26.258460', '2026-01-06T18:00:26.258460');
INSERT INTO movie_projections (id, projection_date, projection_time, cinema_hall_id, movie_id, created_at, updated_at) VALUES ('1539ea82-c782-4f98-8649-0753c431327f', '2026-01-28', '19:00:00', '1093090e-e74e-4500-ab60-3fd38a89f11b', 'dbd7eb8d-8349-4e02-b238-dbd6ba194039', '2026-01-06T18:00:26.258552', '2026-01-06T18:00:26.258552');
INSERT INTO movie_projections (id, projection_date, projection_time, cinema_hall_id, movie_id, created_at, updated_at) VALUES ('29137183-e01e-4f5b-a22c-9fb11ef8c13c', '2026-01-24', '16:00:00', '754d9a64-a351-458f-90df-29d943c5ae3f', 'dbd7eb8d-8349-4e02-b238-dbd6ba194039', '2026-01-06T18:00:26.258622', '2026-01-06T18:00:26.258622');
INSERT INTO movie_projections (id, projection_date, projection_time, cinema_hall_id, movie_id, created_at, updated_at) VALUES ('e3e6a81f-52e4-417d-8ecd-c44271cb0c99', '2026-01-06', '16:00:00', '1093090e-e74e-4500-ab60-3fd38a89f11b', 'dbd7eb8d-8349-4e02-b238-dbd6ba194039', '2026-01-06T18:00:26.258671', '2026-01-06T18:00:26.258671');
INSERT INTO movie_projections (id, projection_date, projection_time, cinema_hall_id, movie_id, created_at, updated_at) VALUES ('563e7477-b88f-4860-a089-c2a5eb719a91', '2026-02-17', '16:00:00', 'c6127204-b556-472e-8812-12d5aed4e3f9', 'dbd7eb8d-8349-4e02-b238-dbd6ba194039', '2026-01-06T18:00:26.258716', '2026-01-06T18:00:26.258716');
INSERT INTO movie_projections (id, projection_date, projection_time, cinema_hall_id, movie_id, created_at, updated_at) VALUES ('5e67e679-8383-497b-bd96-6bf3b14617bb', '2026-02-17', '13:00:00', '626bed58-a026-40aa-8c12-2010c058bc6f', 'dbd7eb8d-8349-4e02-b238-dbd6ba194039', '2026-01-06T18:00:26.258763', '2026-01-06T18:00:26.258763');
INSERT INTO movie_projections (id, projection_date, projection_time, cinema_hall_id, movie_id, created_at, updated_at) VALUES ('b02a0496-d466-469b-bbb2-0de6c70b8bdc', '2026-01-06', '19:00:00', '1093090e-e74e-4500-ab60-3fd38a89f11b', 'dbd7eb8d-8349-4e02-b238-dbd6ba194039', '2026-01-06T18:00:26.258807', '2026-01-06T18:00:26.258807');
INSERT INTO movie_projections (id, projection_date, projection_time, cinema_hall_id, movie_id, created_at, updated_at) VALUES ('3211a019-a0e5-4530-acab-4b1d5c9eb381', '2026-03-13', '16:00:00', '855a5c41-43b2-4968-b698-501ccba52db7', 'dbd7eb8d-8349-4e02-b238-dbd6ba194039', '2026-01-06T18:00:26.258853', '2026-01-06T18:00:26.258853');
INSERT INTO movie_projections (id, projection_date, projection_time, cinema_hall_id, movie_id, created_at, updated_at) VALUES ('e0659357-6c3b-4c05-8143-ce929ac6ec71', '2026-01-11', '16:00:00', 'b7a671bb-f528-4c67-b92c-6a670ddf0cd3', 'dbd7eb8d-8349-4e02-b238-dbd6ba194039', '2026-01-06T18:00:26.258906', '2026-01-06T18:00:26.258906');
INSERT INTO movie_projections (id, projection_date, projection_time, cinema_hall_id, movie_id, created_at, updated_at) VALUES ('5d6e875e-8605-4869-90e7-bb044a4bf7d3', '2026-03-14', '16:00:00', 'd3b645b7-0add-4a8f-83f6-54b98b2815d0', 'dbd7eb8d-8349-4e02-b238-dbd6ba194039', '2026-01-06T18:00:26.258953', '2026-01-06T18:00:26.258953');
INSERT INTO movie_projections (id, projection_date, projection_time, cinema_hall_id, movie_id, created_at, updated_at) VALUES ('a5afe109-c6f6-453a-9ec0-1f7525f788f2', '2026-02-11', '13:00:00', '855a5c41-43b2-4968-b698-501ccba52db7', 'dbd7eb8d-8349-4e02-b238-dbd6ba194039', '2026-01-06T18:00:26.258998', '2026-01-06T18:00:26.258998');
INSERT INTO movie_projections (id, projection_date, projection_time, cinema_hall_id, movie_id, created_at, updated_at) VALUES ('d634bf1a-de5c-4bdb-b61a-005ebc00cd3d', '2026-02-01', '19:00:00', '12cfc0fb-73b1-4a4b-8416-162b8c862879', 'dbd7eb8d-8349-4e02-b238-dbd6ba194039', '2026-01-06T18:00:26.259054', '2026-01-06T18:00:26.259054');
INSERT INTO movie_projections (id, projection_date, projection_time, cinema_hall_id, movie_id, created_at, updated_at) VALUES ('40f68a0f-5255-486a-8754-71c9e1d20158', '2026-01-12', '10:00:00', 'd3b645b7-0add-4a8f-83f6-54b98b2815d0', 'dbd7eb8d-8349-4e02-b238-dbd6ba194039', '2026-01-06T18:00:26.259124', '2026-01-06T18:00:26.259124');
INSERT INTO movie_projections (id, projection_date, projection_time, cinema_hall_id, movie_id, created_at, updated_at) VALUES ('8ba94745-17dd-4e4c-b755-ffe2af38302c', '2026-02-27', '10:00:00', '855a5c41-43b2-4968-b698-501ccba52db7', 'dbd7eb8d-8349-4e02-b238-dbd6ba194039', '2026-01-06T18:00:26.259182', '2026-01-06T18:00:26.259182');
INSERT INTO movie_projections (id, projection_date, projection_time, cinema_hall_id, movie_id, created_at, updated_at) VALUES ('f61ff5f6-7230-484b-a809-eff3977b8185', '2026-03-14', '13:00:00', '12cfc0fb-73b1-4a4b-8416-162b8c862879', 'dbd7eb8d-8349-4e02-b238-dbd6ba194039', '2026-01-06T18:00:26.259232', '2026-01-06T18:00:26.259232');
INSERT INTO movie_projections (id, projection_date, projection_time, cinema_hall_id, movie_id, created_at, updated_at) VALUES ('d35c5936-3e53-4af1-ae5b-c533c6cfcecd', '2026-01-08', '16:00:00', '12cfc0fb-73b1-4a4b-8416-162b8c862879', 'dbd7eb8d-8349-4e02-b238-dbd6ba194039', '2026-01-06T18:00:26.259283', '2026-01-06T18:00:26.259283');
INSERT INTO movie_projections (id, projection_date, projection_time, cinema_hall_id, movie_id, created_at, updated_at) VALUES ('f3c793a5-4c26-4260-a56b-d62bbe34aea5', '2026-02-19', '16:00:00', '336818a7-3094-445d-af55-f3f1b72885de', 'dbd7eb8d-8349-4e02-b238-dbd6ba194039', '2026-01-06T18:00:26.259339', '2026-01-06T18:00:26.259339');
INSERT INTO movie_projections (id, projection_date, projection_time, cinema_hall_id, movie_id, created_at, updated_at) VALUES ('bd9c3d4a-9a9b-4151-a5dc-701462b14b2d', '2026-03-18', '13:00:00', 'fb31358a-eb2f-4cac-9901-7368b51ad47f', 'dbd7eb8d-8349-4e02-b238-dbd6ba194039', '2026-01-06T18:00:26.259391', '2026-01-06T18:00:26.259391');
INSERT INTO movie_projections (id, projection_date, projection_time, cinema_hall_id, movie_id, created_at, updated_at) VALUES ('bd878693-a929-46bc-8617-9980a597e35f', '2026-01-28', '13:00:00', '1093090e-e74e-4500-ab60-3fd38a89f11b', 'dbd7eb8d-8349-4e02-b238-dbd6ba194039', '2026-01-06T18:00:26.259442', '2026-01-06T18:00:26.259442');
INSERT INTO movie_projections (id, projection_date, projection_time, cinema_hall_id, movie_id, created_at, updated_at) VALUES ('93cb73f3-4325-4388-a31d-4114dea567bb', '2026-02-12', '10:00:00', 'c6127204-b556-472e-8812-12d5aed4e3f9', 'dbd7eb8d-8349-4e02-b238-dbd6ba194039', '2026-01-06T18:00:26.259492', '2026-01-06T18:00:26.259492');
INSERT INTO movie_projections (id, projection_date, projection_time, cinema_hall_id, movie_id, created_at, updated_at) VALUES ('7f5ec024-b4e1-43d3-aac2-0b4e77bd9286', '2026-01-11', '13:00:00', 'b7a671bb-f528-4c67-b92c-6a670ddf0cd3', 'dbd7eb8d-8349-4e02-b238-dbd6ba194039', '2026-01-06T18:00:26.259550', '2026-01-06T18:00:26.259550');
INSERT INTO movie_projections (id, projection_date, projection_time, cinema_hall_id, movie_id, created_at, updated_at) VALUES ('20c93bee-c8d8-496a-8dac-e695f8dd7fc6', '2026-02-09', '13:00:00', 'c6127204-b556-472e-8812-12d5aed4e3f9', 'dbd7eb8d-8349-4e02-b238-dbd6ba194039', '2026-01-06T18:00:26.259602', '2026-01-06T18:00:26.259602');
INSERT INTO movie_projections (id, projection_date, projection_time, cinema_hall_id, movie_id, created_at, updated_at) VALUES ('fa973fbf-05be-4525-a020-b2043f6721ef', '2026-03-04', '13:00:00', 'fb31358a-eb2f-4cac-9901-7368b51ad47f', 'dbd7eb8d-8349-4e02-b238-dbd6ba194039', '2026-01-06T18:00:26.259660', '2026-01-06T18:00:26.259660');
INSERT INTO movie_projections (id, projection_date, projection_time, cinema_hall_id, movie_id, created_at, updated_at) VALUES ('8f68107d-36f5-4564-b3ea-52064001f21a', '2026-01-07', '10:00:00', '12cfc0fb-73b1-4a4b-8416-162b8c862879', 'dbd7eb8d-8349-4e02-b238-dbd6ba194039', '2026-01-06T18:00:26.259714', '2026-01-06T18:00:26.259714');
INSERT INTO movie_projections (id, projection_date, projection_time, cinema_hall_id, movie_id, created_at, updated_at) VALUES ('583bbaba-0c0f-4677-807a-5571d7eab686', '2026-01-28', '19:00:00', '336818a7-3094-445d-af55-f3f1b72885de', 'dbd7eb8d-8349-4e02-b238-dbd6ba194039', '2026-01-06T18:00:26.259770', '2026-01-06T18:00:26.259770');
INSERT INTO movie_projections (id, projection_date, projection_time, cinema_hall_id, movie_id, created_at, updated_at) VALUES ('99dfd6b8-de37-4db5-91c7-f2569e57cc66', '2026-02-01', '16:00:00', 'b7a671bb-f528-4c67-b92c-6a670ddf0cd3', 'dbd7eb8d-8349-4e02-b238-dbd6ba194039', '2026-01-06T18:00:26.259823', '2026-01-06T18:00:26.259823');
INSERT INTO movie_projections (id, projection_date, projection_time, cinema_hall_id, movie_id, created_at, updated_at) VALUES ('bc661229-3f14-43ee-9919-dd5ec7b4847a', '2026-02-26', '13:00:00', 'c6127204-b556-472e-8812-12d5aed4e3f9', 'dbd7eb8d-8349-4e02-b238-dbd6ba194039', '2026-01-06T18:00:26.259874', '2026-01-06T18:00:26.259874');
INSERT INTO movie_projections (id, projection_date, projection_time, cinema_hall_id, movie_id, created_at, updated_at) VALUES ('5647e05f-7929-42b3-81b7-18b74b688095', '2026-02-02', '16:00:00', 'c6127204-b556-472e-8812-12d5aed4e3f9', 'dbd7eb8d-8349-4e02-b238-dbd6ba194039', '2026-01-06T18:00:26.259924', '2026-01-06T18:00:26.259924');
INSERT INTO movie_projections (id, projection_date, projection_time, cinema_hall_id, movie_id, created_at, updated_at) VALUES ('ed94aa63-bafb-45fb-9bdf-2e47ff903753', '2026-01-30', '16:00:00', 'd3b645b7-0add-4a8f-83f6-54b98b2815d0', 'dbd7eb8d-8349-4e02-b238-dbd6ba194039', '2026-01-06T18:00:26.259977', '2026-01-06T18:00:26.259977');
INSERT INTO movie_projections (id, projection_date, projection_time, cinema_hall_id, movie_id, created_at, updated_at) VALUES ('155feb15-7094-48bd-82e9-2b2a78efc58e', '2026-01-23', '13:00:00', 'fb31358a-eb2f-4cac-9901-7368b51ad47f', 'dbd7eb8d-8349-4e02-b238-dbd6ba194039', '2026-01-06T18:00:26.260028', '2026-01-06T18:00:26.260028');
INSERT INTO movie_projections (id, projection_date, projection_time, cinema_hall_id, movie_id, created_at, updated_at) VALUES ('a8a8b314-f55f-4c79-91f5-032c25a11c65', '2026-02-13', '13:00:00', 'b7a671bb-f528-4c67-b92c-6a670ddf0cd3', 'dbd7eb8d-8349-4e02-b238-dbd6ba194039', '2026-01-06T18:00:26.260079', '2026-01-06T18:00:26.260079');
INSERT INTO movie_projections (id, projection_date, projection_time, cinema_hall_id, movie_id, created_at, updated_at) VALUES ('f0b31ca8-0bd4-4ef8-ae9b-c65cc1c70262', '2026-03-11', '10:00:00', '1368e1f8-aa54-4d8e-99d2-eadb141e97cb', 'dbd7eb8d-8349-4e02-b238-dbd6ba194039', '2026-01-06T18:00:26.260130', '2026-01-06T18:00:26.260130');
INSERT INTO movie_projections (id, projection_date, projection_time, cinema_hall_id, movie_id, created_at, updated_at) VALUES ('fe64602c-b214-4dc8-9127-5319b01533db', '2026-01-12', '16:00:00', 'd3b645b7-0add-4a8f-83f6-54b98b2815d0', '866f5eb1-cba8-46b8-b698-7dc546f53632', '2026-01-06T18:00:26.260203', '2026-01-06T18:00:26.260203');
INSERT INTO movie_projections (id, projection_date, projection_time, cinema_hall_id, movie_id, created_at, updated_at) VALUES ('bf1ec56d-c12a-4191-be1a-ba692aad7c18', '2026-02-15', '13:00:00', '754d9a64-a351-458f-90df-29d943c5ae3f', '866f5eb1-cba8-46b8-b698-7dc546f53632', '2026-01-06T18:00:26.260256', '2026-01-06T18:00:26.260256');
INSERT INTO movie_projections (id, projection_date, projection_time, cinema_hall_id, movie_id, created_at, updated_at) VALUES ('2b8a376d-de64-440b-8519-78b7e6de8a42', '2026-01-26', '16:00:00', '855a5c41-43b2-4968-b698-501ccba52db7', '866f5eb1-cba8-46b8-b698-7dc546f53632', '2026-01-06T18:00:26.260314', '2026-01-06T18:00:26.260314');
INSERT INTO movie_projections (id, projection_date, projection_time, cinema_hall_id, movie_id, created_at, updated_at) VALUES ('44aaab00-124d-4458-a53b-23a28d71737c', '2026-02-15', '16:00:00', '336818a7-3094-445d-af55-f3f1b72885de', '866f5eb1-cba8-46b8-b698-7dc546f53632', '2026-01-06T18:00:26.260365', '2026-01-06T18:00:26.260365');
INSERT INTO movie_projections (id, projection_date, projection_time, cinema_hall_id, movie_id, created_at, updated_at) VALUES ('a0bba817-7de2-496e-9d9d-71b55dbcd477', '2026-02-22', '10:00:00', 'fb31358a-eb2f-4cac-9901-7368b51ad47f', '866f5eb1-cba8-46b8-b698-7dc546f53632', '2026-01-06T18:00:26.260417', '2026-01-06T18:00:26.260417');
INSERT INTO movie_projections (id, projection_date, projection_time, cinema_hall_id, movie_id, created_at, updated_at) VALUES ('692af18b-8801-4e34-9462-3544f7cf6db3', '2026-01-17', '10:00:00', '1368e1f8-aa54-4d8e-99d2-eadb141e97cb', '866f5eb1-cba8-46b8-b698-7dc546f53632', '2026-01-06T18:00:26.260467', '2026-01-06T18:00:26.260467');
INSERT INTO movie_projections (id, projection_date, projection_time, cinema_hall_id, movie_id, created_at, updated_at) VALUES ('069ee875-9611-479f-920c-0eb637476558', '2026-02-14', '13:00:00', '12cfc0fb-73b1-4a4b-8416-162b8c862879', '866f5eb1-cba8-46b8-b698-7dc546f53632', '2026-01-06T18:00:26.260525', '2026-01-06T18:00:26.260525');
INSERT INTO movie_projections (id, projection_date, projection_time, cinema_hall_id, movie_id, created_at, updated_at) VALUES ('0e962e80-10ca-487d-93b0-ca6a7f8b9133', '2026-01-23', '13:00:00', '1368e1f8-aa54-4d8e-99d2-eadb141e97cb', '866f5eb1-cba8-46b8-b698-7dc546f53632', '2026-01-06T18:00:26.260577', '2026-01-06T18:00:26.260577');
INSERT INTO movie_projections (id, projection_date, projection_time, cinema_hall_id, movie_id, created_at, updated_at) VALUES ('2a8ce5a4-7d8b-4d16-bbcd-6c1af2e4f7d0', '2026-01-30', '10:00:00', 'b7a671bb-f528-4c67-b92c-6a670ddf0cd3', '866f5eb1-cba8-46b8-b698-7dc546f53632', '2026-01-06T18:00:26.260633', '2026-01-06T18:00:26.260633');
INSERT INTO movie_projections (id, projection_date, projection_time, cinema_hall_id, movie_id, created_at, updated_at) VALUES ('2372d99e-48e0-4ca7-b66d-dfec0524d169', '2026-03-08', '13:00:00', '1093090e-e74e-4500-ab60-3fd38a89f11b', '866f5eb1-cba8-46b8-b698-7dc546f53632', '2026-01-06T18:00:26.260684', '2026-01-06T18:00:26.260684');
INSERT INTO movie_projections (id, projection_date, projection_time, cinema_hall_id, movie_id, created_at, updated_at) VALUES ('bae99630-3ce4-4667-aa92-22928d6a5738', '2026-02-24', '13:00:00', 'd3b645b7-0add-4a8f-83f6-54b98b2815d0', '866f5eb1-cba8-46b8-b698-7dc546f53632', '2026-01-06T18:00:26.260735', '2026-01-06T18:00:26.260735');
INSERT INTO movie_projections (id, projection_date, projection_time, cinema_hall_id, movie_id, created_at, updated_at) VALUES ('9a2ed703-5008-4390-b0e0-d1a01e8c756f', '2026-03-03', '10:00:00', 'b7a671bb-f528-4c67-b92c-6a670ddf0cd3', '866f5eb1-cba8-46b8-b698-7dc546f53632', '2026-01-06T18:00:26.260795', '2026-01-06T18:00:26.260795');
INSERT INTO movie_projections (id, projection_date, projection_time, cinema_hall_id, movie_id, created_at, updated_at) VALUES ('cbf23c3e-aebf-44bb-9919-9df1f7757006', '2026-02-03', '16:00:00', '626bed58-a026-40aa-8c12-2010c058bc6f', '866f5eb1-cba8-46b8-b698-7dc546f53632', '2026-01-06T18:00:26.260846', '2026-01-06T18:00:26.260846');
INSERT INTO movie_projections (id, projection_date, projection_time, cinema_hall_id, movie_id, created_at, updated_at) VALUES ('50a5ed24-7eda-48a9-af43-7aa27ec9aae1', '2026-03-02', '10:00:00', '754d9a64-a351-458f-90df-29d943c5ae3f', '866f5eb1-cba8-46b8-b698-7dc546f53632', '2026-01-06T18:00:26.260896', '2026-01-06T18:00:26.260896');
INSERT INTO movie_projections (id, projection_date, projection_time, cinema_hall_id, movie_id, created_at, updated_at) VALUES ('74bf782e-628e-427e-adae-4ec97560596f', '2026-03-06', '13:00:00', 'b7a671bb-f528-4c67-b92c-6a670ddf0cd3', '866f5eb1-cba8-46b8-b698-7dc546f53632', '2026-01-06T18:00:26.260945', '2026-01-06T18:00:26.260945');
INSERT INTO movie_projections (id, projection_date, projection_time, cinema_hall_id, movie_id, created_at, updated_at) VALUES ('b084390d-491a-4998-b881-f66902a94876', '2026-03-05', '16:00:00', 'c6127204-b556-472e-8812-12d5aed4e3f9', '866f5eb1-cba8-46b8-b698-7dc546f53632', '2026-01-06T18:00:26.261000', '2026-01-06T18:00:26.261000');
INSERT INTO movie_projections (id, projection_date, projection_time, cinema_hall_id, movie_id, created_at, updated_at) VALUES ('d1ac7436-08a3-4185-bcab-10a615b170ac', '2026-02-04', '16:00:00', 'b7a671bb-f528-4c67-b92c-6a670ddf0cd3', '866f5eb1-cba8-46b8-b698-7dc546f53632', '2026-01-06T18:00:26.261056', '2026-01-06T18:00:26.261056');
INSERT INTO movie_projections (id, projection_date, projection_time, cinema_hall_id, movie_id, created_at, updated_at) VALUES ('041b23d4-871f-4478-a7cf-544354936eb5', '2026-01-24', '10:00:00', '754d9a64-a351-458f-90df-29d943c5ae3f', '866f5eb1-cba8-46b8-b698-7dc546f53632', '2026-01-06T18:00:26.261120', '2026-01-06T18:00:26.261120');
INSERT INTO movie_projections (id, projection_date, projection_time, cinema_hall_id, movie_id, created_at, updated_at) VALUES ('933869aa-bfd6-436f-af41-63611bb28853', '2026-02-11', '13:00:00', '855a5c41-43b2-4968-b698-501ccba52db7', '866f5eb1-cba8-46b8-b698-7dc546f53632', '2026-01-06T18:00:26.261181', '2026-01-06T18:00:26.261181');
INSERT INTO movie_projections (id, projection_date, projection_time, cinema_hall_id, movie_id, created_at, updated_at) VALUES ('c859e293-3935-4a46-bcb2-6db703ab2765', '2026-02-03', '16:00:00', 'd3b645b7-0add-4a8f-83f6-54b98b2815d0', '866f5eb1-cba8-46b8-b698-7dc546f53632', '2026-01-06T18:00:26.261246', '2026-01-06T18:00:26.261246');
INSERT INTO movie_projections (id, projection_date, projection_time, cinema_hall_id, movie_id, created_at, updated_at) VALUES ('0f5a69a9-d5b7-4364-a726-5f47fe2e1998', '2026-01-08', '13:00:00', '855a5c41-43b2-4968-b698-501ccba52db7', '866f5eb1-cba8-46b8-b698-7dc546f53632', '2026-01-06T18:00:26.261297', '2026-01-06T18:00:26.261297');
INSERT INTO movie_projections (id, projection_date, projection_time, cinema_hall_id, movie_id, created_at, updated_at) VALUES ('08270351-591c-4fdc-be25-0dfa0261eef1', '2026-03-01', '10:00:00', '1093090e-e74e-4500-ab60-3fd38a89f11b', '866f5eb1-cba8-46b8-b698-7dc546f53632', '2026-01-06T18:00:26.261357', '2026-01-06T18:00:26.261357');
INSERT INTO movie_projections (id, projection_date, projection_time, cinema_hall_id, movie_id, created_at, updated_at) VALUES ('350d1184-f7a5-4314-80ef-2158a9a12c91', '2026-01-26', '19:00:00', '754d9a64-a351-458f-90df-29d943c5ae3f', '866f5eb1-cba8-46b8-b698-7dc546f53632', '2026-01-06T18:00:26.261409', '2026-01-06T18:00:26.261409');
INSERT INTO movie_projections (id, projection_date, projection_time, cinema_hall_id, movie_id, created_at, updated_at) VALUES ('b65cfa8e-feb6-404a-add0-ccac34ad39f9', '2026-01-29', '10:00:00', '336818a7-3094-445d-af55-f3f1b72885de', '866f5eb1-cba8-46b8-b698-7dc546f53632', '2026-01-06T18:00:26.261459', '2026-01-06T18:00:26.261459');
INSERT INTO movie_projections (id, projection_date, projection_time, cinema_hall_id, movie_id, created_at, updated_at) VALUES ('36cf728c-c8ed-4466-ad89-0ee3090b6757', '2026-01-12', '19:00:00', '626bed58-a026-40aa-8c12-2010c058bc6f', '866f5eb1-cba8-46b8-b698-7dc546f53632', '2026-01-06T18:00:26.261520', '2026-01-06T18:00:26.261520');
INSERT INTO movie_projections (id, projection_date, projection_time, cinema_hall_id, movie_id, created_at, updated_at) VALUES ('1e8c05d1-04fa-47ef-ae83-e1e3d263d756', '2026-01-21', '13:00:00', '855a5c41-43b2-4968-b698-501ccba52db7', '866f5eb1-cba8-46b8-b698-7dc546f53632', '2026-01-06T18:00:26.261572', '2026-01-06T18:00:26.261572');
INSERT INTO movie_projections (id, projection_date, projection_time, cinema_hall_id, movie_id, created_at, updated_at) VALUES ('5351a8e7-c708-4e9b-a79d-83972c891fdd', '2026-02-23', '13:00:00', 'b7a671bb-f528-4c67-b92c-6a670ddf0cd3', '866f5eb1-cba8-46b8-b698-7dc546f53632', '2026-01-06T18:00:26.261671', '2026-01-06T18:00:26.261671');
INSERT INTO movie_projections (id, projection_date, projection_time, cinema_hall_id, movie_id, created_at, updated_at) VALUES ('eac698ea-2675-46a0-a0e0-fa667964fdbc', '2026-03-07', '13:00:00', 'fb31358a-eb2f-4cac-9901-7368b51ad47f', '866f5eb1-cba8-46b8-b698-7dc546f53632', '2026-01-06T18:00:26.261762', '2026-01-06T18:00:26.261762');
INSERT INTO movie_projections (id, projection_date, projection_time, cinema_hall_id, movie_id, created_at, updated_at) VALUES ('c8f6aee2-0db3-4cd9-bb7b-0a194972fa2c', '2026-02-07', '10:00:00', 'd3b645b7-0add-4a8f-83f6-54b98b2815d0', '866f5eb1-cba8-46b8-b698-7dc546f53632', '2026-01-06T18:00:26.261823', '2026-01-06T18:00:26.261823');
INSERT INTO movie_projections (id, projection_date, projection_time, cinema_hall_id, movie_id, created_at, updated_at) VALUES ('f9318a48-f3b9-44ed-be01-b3552adf975b', '2026-03-05', '19:00:00', '336818a7-3094-445d-af55-f3f1b72885de', '866f5eb1-cba8-46b8-b698-7dc546f53632', '2026-01-06T18:00:26.261873', '2026-01-06T18:00:26.261873');
INSERT INTO movie_projections (id, projection_date, projection_time, cinema_hall_id, movie_id, created_at, updated_at) VALUES ('db574b75-9504-44c3-8454-e6f80d43d025', '2026-01-30', '16:00:00', '754d9a64-a351-458f-90df-29d943c5ae3f', '866f5eb1-cba8-46b8-b698-7dc546f53632', '2026-01-06T18:00:26.261925', '2026-01-06T18:00:26.261925');
INSERT INTO movie_projections (id, projection_date, projection_time, cinema_hall_id, movie_id, created_at, updated_at) VALUES ('9552b86e-3617-4128-9fd0-d5bf73e36feb', '2026-02-12', '13:00:00', '754d9a64-a351-458f-90df-29d943c5ae3f', '866f5eb1-cba8-46b8-b698-7dc546f53632', '2026-01-06T18:00:26.261975', '2026-01-06T18:00:26.261975');
INSERT INTO movie_projections (id, projection_date, projection_time, cinema_hall_id, movie_id, created_at, updated_at) VALUES ('24fc947f-6c3b-4d38-9dac-c6d367507171', '2026-02-06', '16:00:00', 'c6127204-b556-472e-8812-12d5aed4e3f9', '866f5eb1-cba8-46b8-b698-7dc546f53632', '2026-01-06T18:00:26.262044', '2026-01-06T18:00:26.262044');
INSERT INTO movie_projections (id, projection_date, projection_time, cinema_hall_id, movie_id, created_at, updated_at) VALUES ('983b17e3-4536-4057-a799-0b19e61449fd', '2026-02-18', '10:00:00', '12cfc0fb-73b1-4a4b-8416-162b8c862879', '866f5eb1-cba8-46b8-b698-7dc546f53632', '2026-01-06T18:00:26.262096', '2026-01-06T18:00:26.262096');
INSERT INTO movie_projections (id, projection_date, projection_time, cinema_hall_id, movie_id, created_at, updated_at) VALUES ('6186fa24-0f4a-46ba-add6-6e961a82a083', '2026-03-04', '13:00:00', '336818a7-3094-445d-af55-f3f1b72885de', '866f5eb1-cba8-46b8-b698-7dc546f53632', '2026-01-06T18:00:26.262174', '2026-01-06T18:00:26.262174');
INSERT INTO movie_projections (id, projection_date, projection_time, cinema_hall_id, movie_id, created_at, updated_at) VALUES ('92738919-df45-455c-8b21-cf7d50530628', '2026-02-10', '16:00:00', '855a5c41-43b2-4968-b698-501ccba52db7', '866f5eb1-cba8-46b8-b698-7dc546f53632', '2026-01-06T18:00:26.262230', '2026-01-06T18:00:26.262230');
INSERT INTO movie_projections (id, projection_date, projection_time, cinema_hall_id, movie_id, created_at, updated_at) VALUES ('225211c9-d6f8-483b-b262-53f538c5e885', '2026-02-07', '16:00:00', '12cfc0fb-73b1-4a4b-8416-162b8c862879', '866f5eb1-cba8-46b8-b698-7dc546f53632', '2026-01-06T18:00:26.262281', '2026-01-06T18:00:26.262281');
INSERT INTO movie_projections (id, projection_date, projection_time, cinema_hall_id, movie_id, created_at, updated_at) VALUES ('46f60c99-6e13-4fd6-ae30-a42ed0ccaff7', '2026-01-25', '16:00:00', '855a5c41-43b2-4968-b698-501ccba52db7', '866f5eb1-cba8-46b8-b698-7dc546f53632', '2026-01-06T18:00:26.262350', '2026-01-06T18:00:26.262350');
INSERT INTO movie_projections (id, projection_date, projection_time, cinema_hall_id, movie_id, created_at, updated_at) VALUES ('8dd8d442-3b67-4517-8f79-f019ac3e2b11', '2026-01-17', '19:00:00', '1093090e-e74e-4500-ab60-3fd38a89f11b', '866f5eb1-cba8-46b8-b698-7dc546f53632', '2026-01-06T18:00:26.262404', '2026-01-06T18:00:26.262404');
INSERT INTO movie_projections (id, projection_date, projection_time, cinema_hall_id, movie_id, created_at, updated_at) VALUES ('f011c770-95b0-4789-baa8-532c7a4af2f4', '2026-03-03', '19:00:00', 'c6127204-b556-472e-8812-12d5aed4e3f9', '866f5eb1-cba8-46b8-b698-7dc546f53632', '2026-01-06T18:00:26.262455', '2026-01-06T18:00:26.262455');
INSERT INTO movie_projections (id, projection_date, projection_time, cinema_hall_id, movie_id, created_at, updated_at) VALUES ('a60f9e7a-b4b1-4b85-a6f7-2f3d964453b1', '2026-01-13', '10:00:00', 'b7a671bb-f528-4c67-b92c-6a670ddf0cd3', '2e7935d6-b760-40a0-8e5c-4e97124f5763', '2026-01-06T18:00:26.262521', '2026-01-06T18:00:26.262521');
INSERT INTO movie_projections (id, projection_date, projection_time, cinema_hall_id, movie_id, created_at, updated_at) VALUES ('094f633d-7221-4e7a-ad10-f45b6eb338d8', '2026-03-03', '10:00:00', '626bed58-a026-40aa-8c12-2010c058bc6f', '2e7935d6-b760-40a0-8e5c-4e97124f5763', '2026-01-06T18:00:26.262571', '2026-01-06T18:00:26.262571');
INSERT INTO movie_projections (id, projection_date, projection_time, cinema_hall_id, movie_id, created_at, updated_at) VALUES ('2abd012e-5abf-437a-9966-7aec408105c9', '2026-01-13', '10:00:00', 'c6127204-b556-472e-8812-12d5aed4e3f9', '2e7935d6-b760-40a0-8e5c-4e97124f5763', '2026-01-06T18:00:26.262624', '2026-01-06T18:00:26.262624');
INSERT INTO movie_projections (id, projection_date, projection_time, cinema_hall_id, movie_id, created_at, updated_at) VALUES ('82ee7812-9782-479e-a22a-400757b3c420', '2026-01-11', '10:00:00', 'fb31358a-eb2f-4cac-9901-7368b51ad47f', '2e7935d6-b760-40a0-8e5c-4e97124f5763', '2026-01-06T18:00:26.262671', '2026-01-06T18:00:26.262671');
INSERT INTO movie_projections (id, projection_date, projection_time, cinema_hall_id, movie_id, created_at, updated_at) VALUES ('a699e883-59c1-49d3-b7eb-da4494fff11b', '2026-03-05', '19:00:00', '1368e1f8-aa54-4d8e-99d2-eadb141e97cb', '2e7935d6-b760-40a0-8e5c-4e97124f5763', '2026-01-06T18:00:26.262716', '2026-01-06T18:00:26.262716');
INSERT INTO movie_projections (id, projection_date, projection_time, cinema_hall_id, movie_id, created_at, updated_at) VALUES ('1f9f0dd7-4f2c-46ce-a780-b833f792e901', '2026-01-24', '10:00:00', '1093090e-e74e-4500-ab60-3fd38a89f11b', '2e7935d6-b760-40a0-8e5c-4e97124f5763', '2026-01-06T18:00:26.262761', '2026-01-06T18:00:26.262761');
INSERT INTO movie_projections (id, projection_date, projection_time, cinema_hall_id, movie_id, created_at, updated_at) VALUES ('b9fcfd71-fccd-4026-a925-2a6aa77dbbac', '2026-01-13', '10:00:00', '1093090e-e74e-4500-ab60-3fd38a89f11b', '2e7935d6-b760-40a0-8e5c-4e97124f5763', '2026-01-06T18:00:26.262807', '2026-01-06T18:00:26.262807');
INSERT INTO movie_projections (id, projection_date, projection_time, cinema_hall_id, movie_id, created_at, updated_at) VALUES ('5e9eeeef-5f73-4f60-912b-743f30971fe6', '2026-03-09', '16:00:00', '1093090e-e74e-4500-ab60-3fd38a89f11b', '2e7935d6-b760-40a0-8e5c-4e97124f5763', '2026-01-06T18:00:26.262871', '2026-01-06T18:00:26.262871');
INSERT INTO movie_projections (id, projection_date, projection_time, cinema_hall_id, movie_id, created_at, updated_at) VALUES ('a9683622-d354-4eab-af8e-55786ef2ad11', '2026-01-07', '19:00:00', '754d9a64-a351-458f-90df-29d943c5ae3f', '2e7935d6-b760-40a0-8e5c-4e97124f5763', '2026-01-06T18:00:26.262932', '2026-01-06T18:00:26.262932');
INSERT INTO movie_projections (id, projection_date, projection_time, cinema_hall_id, movie_id, created_at, updated_at) VALUES ('1122f9b4-66a9-486d-8051-eeae4955cfeb', '2026-03-06', '10:00:00', '626bed58-a026-40aa-8c12-2010c058bc6f', '2e7935d6-b760-40a0-8e5c-4e97124f5763', '2026-01-06T18:00:26.262987', '2026-01-06T18:00:26.262987');
INSERT INTO movie_projections (id, projection_date, projection_time, cinema_hall_id, movie_id, created_at, updated_at) VALUES ('c52a5c72-09f1-4556-a6ba-4718c0f49832', '2026-03-05', '19:00:00', '12cfc0fb-73b1-4a4b-8416-162b8c862879', '2e7935d6-b760-40a0-8e5c-4e97124f5763', '2026-01-06T18:00:26.263039', '2026-01-06T18:00:26.263039');
INSERT INTO movie_projections (id, projection_date, projection_time, cinema_hall_id, movie_id, created_at, updated_at) VALUES ('ae38e948-e652-44c1-9f5e-f82590a1b75f', '2026-02-26', '13:00:00', '626bed58-a026-40aa-8c12-2010c058bc6f', '2e7935d6-b760-40a0-8e5c-4e97124f5763', '2026-01-06T18:00:26.263091', '2026-01-06T18:00:26.263091');
INSERT INTO movie_projections (id, projection_date, projection_time, cinema_hall_id, movie_id, created_at, updated_at) VALUES ('3a001be1-96f2-47b0-95ae-e6d8ce9be426', '2026-03-05', '19:00:00', '1093090e-e74e-4500-ab60-3fd38a89f11b', '2e7935d6-b760-40a0-8e5c-4e97124f5763', '2026-01-06T18:00:26.263142', '2026-01-06T18:00:26.263142');
INSERT INTO movie_projections (id, projection_date, projection_time, cinema_hall_id, movie_id, created_at, updated_at) VALUES ('485db7e2-196c-44ad-8e27-75d420f44b22', '2026-02-24', '19:00:00', '855a5c41-43b2-4968-b698-501ccba52db7', '2e7935d6-b760-40a0-8e5c-4e97124f5763', '2026-01-06T18:00:26.263203', '2026-01-06T18:00:26.263203');
INSERT INTO movie_projections (id, projection_date, projection_time, cinema_hall_id, movie_id, created_at, updated_at) VALUES ('59ccbd48-a3d5-491a-aee5-4b3434a9875b', '2026-01-13', '13:00:00', '336818a7-3094-445d-af55-f3f1b72885de', '2e7935d6-b760-40a0-8e5c-4e97124f5763', '2026-01-06T18:00:26.263254', '2026-01-06T18:00:26.263254');
INSERT INTO movie_projections (id, projection_date, projection_time, cinema_hall_id, movie_id, created_at, updated_at) VALUES ('0041912b-9f48-4a4f-a958-a1a74a5fa300', '2026-01-31', '19:00:00', 'c6127204-b556-472e-8812-12d5aed4e3f9', '2e7935d6-b760-40a0-8e5c-4e97124f5763', '2026-01-06T18:00:26.263306', '2026-01-06T18:00:26.263306');
INSERT INTO movie_projections (id, projection_date, projection_time, cinema_hall_id, movie_id, created_at, updated_at) VALUES ('3103d9bc-bd4e-4670-82c1-ada781ca1acc', '2026-03-10', '10:00:00', 'c6127204-b556-472e-8812-12d5aed4e3f9', '2e7935d6-b760-40a0-8e5c-4e97124f5763', '2026-01-06T18:00:26.263361', '2026-01-06T18:00:26.263361');
INSERT INTO movie_projections (id, projection_date, projection_time, cinema_hall_id, movie_id, created_at, updated_at) VALUES ('9eb1365e-469c-4a19-9fab-62c89a514aeb', '2026-01-11', '13:00:00', 'b7a671bb-f528-4c67-b92c-6a670ddf0cd3', '2e7935d6-b760-40a0-8e5c-4e97124f5763', '2026-01-06T18:00:26.263412', '2026-01-06T18:00:26.263412');
INSERT INTO movie_projections (id, projection_date, projection_time, cinema_hall_id, movie_id, created_at, updated_at) VALUES ('8f629d92-3e41-4774-be0a-16771fca0314', '2026-02-26', '13:00:00', '626bed58-a026-40aa-8c12-2010c058bc6f', '2e7935d6-b760-40a0-8e5c-4e97124f5763', '2026-01-06T18:00:26.263463', '2026-01-06T18:00:26.263463');
INSERT INTO movie_projections (id, projection_date, projection_time, cinema_hall_id, movie_id, created_at, updated_at) VALUES ('de1d6e27-0be9-4521-b082-766247f112e8', '2026-01-13', '10:00:00', '855a5c41-43b2-4968-b698-501ccba52db7', '2e7935d6-b760-40a0-8e5c-4e97124f5763', '2026-01-06T18:00:26.263519', '2026-01-06T18:00:26.263519');
INSERT INTO movie_projections (id, projection_date, projection_time, cinema_hall_id, movie_id, created_at, updated_at) VALUES ('0dea9268-69e7-4368-8382-250947ee7464', '2026-01-13', '13:00:00', '1093090e-e74e-4500-ab60-3fd38a89f11b', '2e7935d6-b760-40a0-8e5c-4e97124f5763', '2026-01-06T18:00:26.263571', '2026-01-06T18:00:26.263571');
INSERT INTO movie_projections (id, projection_date, projection_time, cinema_hall_id, movie_id, created_at, updated_at) VALUES ('7e8c4ba2-3513-4d1e-9316-28a0403ee01d', '2026-02-20', '16:00:00', 'b7a671bb-f528-4c67-b92c-6a670ddf0cd3', '2e7935d6-b760-40a0-8e5c-4e97124f5763', '2026-01-06T18:00:26.263623', '2026-01-06T18:00:26.263623');
INSERT INTO movie_projections (id, projection_date, projection_time, cinema_hall_id, movie_id, created_at, updated_at) VALUES ('65ed98b9-5103-4ab3-9bf6-c63620beefb6', '2026-01-08', '16:00:00', 'c6127204-b556-472e-8812-12d5aed4e3f9', '2e7935d6-b760-40a0-8e5c-4e97124f5763', '2026-01-06T18:00:26.263676', '2026-01-06T18:00:26.263676');
INSERT INTO movie_projections (id, projection_date, projection_time, cinema_hall_id, movie_id, created_at, updated_at) VALUES ('48e5399e-01ad-49c1-ad4c-6bcd08a4d6c5', '2026-02-21', '19:00:00', '1093090e-e74e-4500-ab60-3fd38a89f11b', '2e7935d6-b760-40a0-8e5c-4e97124f5763', '2026-01-06T18:00:26.263734', '2026-01-06T18:00:26.263734');
INSERT INTO movie_projections (id, projection_date, projection_time, cinema_hall_id, movie_id, created_at, updated_at) VALUES ('fa929855-55a5-48b4-b312-3235ef4324ab', '2026-02-13', '10:00:00', '855a5c41-43b2-4968-b698-501ccba52db7', '2e7935d6-b760-40a0-8e5c-4e97124f5763', '2026-01-06T18:00:26.263791', '2026-01-06T18:00:26.263791');
INSERT INTO movie_projections (id, projection_date, projection_time, cinema_hall_id, movie_id, created_at, updated_at) VALUES ('5a322fd2-faed-409b-8b10-32eeae9b61cf', '2026-03-04', '16:00:00', 'fb31358a-eb2f-4cac-9901-7368b51ad47f', '2e7935d6-b760-40a0-8e5c-4e97124f5763', '2026-01-06T18:00:26.263848', '2026-01-06T18:00:26.263848');
INSERT INTO movie_projections (id, projection_date, projection_time, cinema_hall_id, movie_id, created_at, updated_at) VALUES ('f5570dfe-5fad-4a5f-9e41-0094edcd5be9', '2026-02-01', '10:00:00', '12cfc0fb-73b1-4a4b-8416-162b8c862879', '2e7935d6-b760-40a0-8e5c-4e97124f5763', '2026-01-06T18:00:26.263899', '2026-01-06T18:00:26.263899');
INSERT INTO movie_projections (id, projection_date, projection_time, cinema_hall_id, movie_id, created_at, updated_at) VALUES ('226be846-241b-4d88-9868-96a0b596eaec', '2026-01-21', '16:00:00', 'fb31358a-eb2f-4cac-9901-7368b51ad47f', '2e7935d6-b760-40a0-8e5c-4e97124f5763', '2026-01-06T18:00:26.263955', '2026-01-06T18:00:26.263955');
INSERT INTO movie_projections (id, projection_date, projection_time, cinema_hall_id, movie_id, created_at, updated_at) VALUES ('e9c9ec79-55bf-4776-b835-b45020876f61', '2026-03-09', '10:00:00', 'd3b645b7-0add-4a8f-83f6-54b98b2815d0', '2e7935d6-b760-40a0-8e5c-4e97124f5763', '2026-01-06T18:00:26.264006', '2026-01-06T18:00:26.264006');
INSERT INTO movie_projections (id, projection_date, projection_time, cinema_hall_id, movie_id, created_at, updated_at) VALUES ('77528627-2c6a-4bce-9e7c-d5b86b489644', '2026-02-19', '19:00:00', '1093090e-e74e-4500-ab60-3fd38a89f11b', '2e7935d6-b760-40a0-8e5c-4e97124f5763', '2026-01-06T18:00:26.264057', '2026-01-06T18:00:26.264057');
INSERT INTO movie_projections (id, projection_date, projection_time, cinema_hall_id, movie_id, created_at, updated_at) VALUES ('c235e199-9770-4eb3-94d2-0ca5e4f25622', '2026-02-18', '10:00:00', '754d9a64-a351-458f-90df-29d943c5ae3f', '2e7935d6-b760-40a0-8e5c-4e97124f5763', '2026-01-06T18:00:26.264108', '2026-01-06T18:00:26.264108');
INSERT INTO movie_projections (id, projection_date, projection_time, cinema_hall_id, movie_id, created_at, updated_at) VALUES ('33c60c8d-8c9d-4705-a05d-97239549adcb', '2026-01-20', '13:00:00', '626bed58-a026-40aa-8c12-2010c058bc6f', '2e7935d6-b760-40a0-8e5c-4e97124f5763', '2026-01-06T18:00:26.264159', '2026-01-06T18:00:26.264159');
INSERT INTO movie_projections (id, projection_date, projection_time, cinema_hall_id, movie_id, created_at, updated_at) VALUES ('f0e07d53-77da-42fe-9f4b-eb3d4bf0dd74', '2026-03-08', '13:00:00', '754d9a64-a351-458f-90df-29d943c5ae3f', '2e7935d6-b760-40a0-8e5c-4e97124f5763', '2026-01-06T18:00:26.264215', '2026-01-06T18:00:26.264215');
INSERT INTO movie_projections (id, projection_date, projection_time, cinema_hall_id, movie_id, created_at, updated_at) VALUES ('b11cfdb8-885e-4930-979a-8d42c6f06a2f', '2026-02-19', '10:00:00', '754d9a64-a351-458f-90df-29d943c5ae3f', '2e7935d6-b760-40a0-8e5c-4e97124f5763', '2026-01-06T18:00:26.264268', '2026-01-06T18:00:26.264268');
INSERT INTO movie_projections (id, projection_date, projection_time, cinema_hall_id, movie_id, created_at, updated_at) VALUES ('f589b28e-36df-4485-8862-646a38cc651b', '2026-02-01', '10:00:00', 'd3b645b7-0add-4a8f-83f6-54b98b2815d0', '2e7935d6-b760-40a0-8e5c-4e97124f5763', '2026-01-06T18:00:26.264327', '2026-01-06T18:00:26.264327');
INSERT INTO movie_projections (id, projection_date, projection_time, cinema_hall_id, movie_id, created_at, updated_at) VALUES ('37e44acc-a906-4026-a032-5e2f246a8350', '2026-01-06', '13:00:00', '754d9a64-a351-458f-90df-29d943c5ae3f', '2e7935d6-b760-40a0-8e5c-4e97124f5763', '2026-01-06T18:00:26.264380', '2026-01-06T18:00:26.264380');
INSERT INTO movie_projections (id, projection_date, projection_time, cinema_hall_id, movie_id, created_at, updated_at) VALUES ('f46a9fa6-a41e-4af1-9f46-676acb19937c', '2026-02-17', '13:00:00', 'd3b645b7-0add-4a8f-83f6-54b98b2815d0', '2e7935d6-b760-40a0-8e5c-4e97124f5763', '2026-01-06T18:00:26.264430', '2026-01-06T18:00:26.264430');
INSERT INTO movie_projections (id, projection_date, projection_time, cinema_hall_id, movie_id, created_at, updated_at) VALUES ('195a9152-a9a2-4ae9-86a5-d339fe97f90d', '2026-01-14', '10:00:00', 'c6127204-b556-472e-8812-12d5aed4e3f9', '2e7935d6-b760-40a0-8e5c-4e97124f5763', '2026-01-06T18:00:26.264480', '2026-01-06T18:00:26.264480');
INSERT INTO movie_projections (id, projection_date, projection_time, cinema_hall_id, movie_id, created_at, updated_at) VALUES ('649f188f-0750-4342-bbf9-0aa94340d384', '2026-02-07', '16:00:00', '754d9a64-a351-458f-90df-29d943c5ae3f', '2e7935d6-b760-40a0-8e5c-4e97124f5763', '2026-01-06T18:00:26.264537', '2026-01-06T18:00:26.264537');
INSERT INTO movie_projections (id, projection_date, projection_time, cinema_hall_id, movie_id, created_at, updated_at) VALUES ('d4959adf-50c3-46a1-b6d8-8580148a34c1', '2026-01-12', '16:00:00', '1368e1f8-aa54-4d8e-99d2-eadb141e97cb', '2e7935d6-b760-40a0-8e5c-4e97124f5763', '2026-01-06T18:00:26.264588', '2026-01-06T18:00:26.264588');
INSERT INTO movie_projections (id, projection_date, projection_time, cinema_hall_id, movie_id, created_at, updated_at) VALUES ('fc305a65-ae0a-4c9f-ad5f-860f7e535465', '2026-03-30', '16:00:00', '336818a7-3094-445d-af55-f3f1b72885de', 'a6e01a83-78c1-4a12-a0b0-79b525a4eeba', '2026-01-06T18:00:26.264648', '2026-01-06T18:00:26.264648');
INSERT INTO movie_projections (id, projection_date, projection_time, cinema_hall_id, movie_id, created_at, updated_at) VALUES ('bb75a296-1321-4a98-a298-9bfbf734584d', '2026-04-04', '13:00:00', 'd3b645b7-0add-4a8f-83f6-54b98b2815d0', 'a6e01a83-78c1-4a12-a0b0-79b525a4eeba', '2026-01-06T18:00:26.264711', '2026-01-06T18:00:26.264711');
INSERT INTO movie_projections (id, projection_date, projection_time, cinema_hall_id, movie_id, created_at, updated_at) VALUES ('742780f1-fa74-4160-a3b1-00603693ceaf', '2026-03-30', '16:00:00', 'b7a671bb-f528-4c67-b92c-6a670ddf0cd3', 'a6e01a83-78c1-4a12-a0b0-79b525a4eeba', '2026-01-06T18:00:26.264763', '2026-01-06T18:00:26.264763');
INSERT INTO movie_projections (id, projection_date, projection_time, cinema_hall_id, movie_id, created_at, updated_at) VALUES ('d8204ecc-35de-448f-9513-8a3d73558799', '2026-04-21', '19:00:00', 'b7a671bb-f528-4c67-b92c-6a670ddf0cd3', 'a6e01a83-78c1-4a12-a0b0-79b525a4eeba', '2026-01-06T18:00:26.264814', '2026-01-06T18:00:26.264814');
INSERT INTO movie_projections (id, projection_date, projection_time, cinema_hall_id, movie_id, created_at, updated_at) VALUES ('f4e4cbbf-2e5d-40a1-b8f2-54251b0bb37a', '2026-04-19', '16:00:00', '12cfc0fb-73b1-4a4b-8416-162b8c862879', 'a6e01a83-78c1-4a12-a0b0-79b525a4eeba', '2026-01-06T18:00:26.264872', '2026-01-06T18:00:26.264872');
INSERT INTO movie_projections (id, projection_date, projection_time, cinema_hall_id, movie_id, created_at, updated_at) VALUES ('a58a563b-79c5-400c-86db-86e9a00577d1', '2026-03-27', '13:00:00', 'fb31358a-eb2f-4cac-9901-7368b51ad47f', 'a6e01a83-78c1-4a12-a0b0-79b525a4eeba', '2026-01-06T18:00:26.264931', '2026-01-06T18:00:26.264931');
INSERT INTO movie_projections (id, projection_date, projection_time, cinema_hall_id, movie_id, created_at, updated_at) VALUES ('94503547-2b34-4ed3-a7a2-967f74b00474', '2026-04-11', '13:00:00', '1368e1f8-aa54-4d8e-99d2-eadb141e97cb', 'a6e01a83-78c1-4a12-a0b0-79b525a4eeba', '2026-01-06T18:00:26.265012', '2026-01-06T18:00:26.265012');
INSERT INTO movie_projections (id, projection_date, projection_time, cinema_hall_id, movie_id, created_at, updated_at) VALUES ('83dd6217-8ad4-4f2a-b488-154f6ecb6ab0', '2026-05-10', '10:00:00', '1093090e-e74e-4500-ab60-3fd38a89f11b', 'a6e01a83-78c1-4a12-a0b0-79b525a4eeba', '2026-01-06T18:00:26.265065', '2026-01-06T18:00:26.265065');
INSERT INTO movie_projections (id, projection_date, projection_time, cinema_hall_id, movie_id, created_at, updated_at) VALUES ('69d2230a-8456-450c-aa71-676312ec62c3', '2026-05-05', '19:00:00', '1368e1f8-aa54-4d8e-99d2-eadb141e97cb', 'a6e01a83-78c1-4a12-a0b0-79b525a4eeba', '2026-01-06T18:00:26.265122', '2026-01-06T18:00:26.265122');
INSERT INTO movie_projections (id, projection_date, projection_time, cinema_hall_id, movie_id, created_at, updated_at) VALUES ('13bf5515-2004-48c6-b954-42f9f20a5bf8', '2026-03-22', '16:00:00', 'fb31358a-eb2f-4cac-9901-7368b51ad47f', 'a6e01a83-78c1-4a12-a0b0-79b525a4eeba', '2026-01-06T18:00:26.265173', '2026-01-06T18:00:26.265173');
INSERT INTO movie_projections (id, projection_date, projection_time, cinema_hall_id, movie_id, created_at, updated_at) VALUES ('c62b1207-eb0b-4623-be12-5291f1d230f6', '2026-03-26', '13:00:00', '626bed58-a026-40aa-8c12-2010c058bc6f', 'a6e01a83-78c1-4a12-a0b0-79b525a4eeba', '2026-01-06T18:00:26.265224', '2026-01-06T18:00:26.265224');
INSERT INTO movie_projections (id, projection_date, projection_time, cinema_hall_id, movie_id, created_at, updated_at) VALUES ('ba0c120a-defd-4e64-8514-e0eee6a792f7', '2026-05-03', '16:00:00', '1093090e-e74e-4500-ab60-3fd38a89f11b', 'a6e01a83-78c1-4a12-a0b0-79b525a4eeba', '2026-01-06T18:00:26.265275', '2026-01-06T18:00:26.265275');
INSERT INTO movie_projections (id, projection_date, projection_time, cinema_hall_id, movie_id, created_at, updated_at) VALUES ('1406c13d-ebf1-4732-8fec-80975ec9c1f4', '2026-03-06', '13:00:00', '855a5c41-43b2-4968-b698-501ccba52db7', 'a6e01a83-78c1-4a12-a0b0-79b525a4eeba', '2026-01-06T18:00:26.265324', '2026-01-06T18:00:26.265324');
INSERT INTO movie_projections (id, projection_date, projection_time, cinema_hall_id, movie_id, created_at, updated_at) VALUES ('805f8c50-e244-4d20-bbd4-866b89c62f81', '2026-04-18', '10:00:00', '754d9a64-a351-458f-90df-29d943c5ae3f', 'a6e01a83-78c1-4a12-a0b0-79b525a4eeba', '2026-01-06T18:00:26.265374', '2026-01-06T18:00:26.265374');
INSERT INTO movie_projections (id, projection_date, projection_time, cinema_hall_id, movie_id, created_at, updated_at) VALUES ('7e6148e5-dbcc-4927-a5cb-955047f7d735', '2026-04-09', '19:00:00', '336818a7-3094-445d-af55-f3f1b72885de', 'a6e01a83-78c1-4a12-a0b0-79b525a4eeba', '2026-01-06T18:00:26.265426', '2026-01-06T18:00:26.265426');
INSERT INTO movie_projections (id, projection_date, projection_time, cinema_hall_id, movie_id, created_at, updated_at) VALUES ('c2021b5c-b7c3-48c7-9fda-dfa8c7c2e78f', '2026-03-12', '19:00:00', '855a5c41-43b2-4968-b698-501ccba52db7', 'a6e01a83-78c1-4a12-a0b0-79b525a4eeba', '2026-01-06T18:00:26.265486', '2026-01-06T18:00:26.265486');
INSERT INTO movie_projections (id, projection_date, projection_time, cinema_hall_id, movie_id, created_at, updated_at) VALUES ('713f388f-a267-49a6-943e-068749ce6fa4', '2026-04-19', '13:00:00', 'c6127204-b556-472e-8812-12d5aed4e3f9', 'a6e01a83-78c1-4a12-a0b0-79b525a4eeba', '2026-01-06T18:00:26.265582', '2026-01-06T18:00:26.265582');
INSERT INTO movie_projections (id, projection_date, projection_time, cinema_hall_id, movie_id, created_at, updated_at) VALUES ('cd466d70-54d5-4818-8d67-f1fae1c716fd', '2026-03-11', '19:00:00', '626bed58-a026-40aa-8c12-2010c058bc6f', 'a6e01a83-78c1-4a12-a0b0-79b525a4eeba', '2026-01-06T18:00:26.265682', '2026-01-06T18:00:26.265682');
INSERT INTO movie_projections (id, projection_date, projection_time, cinema_hall_id, movie_id, created_at, updated_at) VALUES ('471374e5-4d88-4848-8eeb-731d02b90c5b', '2026-03-30', '19:00:00', 'c6127204-b556-472e-8812-12d5aed4e3f9', 'a6e01a83-78c1-4a12-a0b0-79b525a4eeba', '2026-01-06T18:00:26.265776', '2026-01-06T18:00:26.265776');
INSERT INTO movie_projections (id, projection_date, projection_time, cinema_hall_id, movie_id, created_at, updated_at) VALUES ('1f65399d-69fd-437e-8c3f-3da8c3beac3c', '2026-05-06', '10:00:00', '1368e1f8-aa54-4d8e-99d2-eadb141e97cb', 'a6e01a83-78c1-4a12-a0b0-79b525a4eeba', '2026-01-06T18:00:26.265882', '2026-01-06T18:00:26.265882');
INSERT INTO movie_projections (id, projection_date, projection_time, cinema_hall_id, movie_id, created_at, updated_at) VALUES ('6be984cd-eb3c-41b4-98b0-45d086aff2a3', '2026-04-27', '16:00:00', 'b7a671bb-f528-4c67-b92c-6a670ddf0cd3', 'a6e01a83-78c1-4a12-a0b0-79b525a4eeba', '2026-01-06T18:00:26.265966', '2026-01-06T18:00:26.265966');
INSERT INTO movie_projections (id, projection_date, projection_time, cinema_hall_id, movie_id, created_at, updated_at) VALUES ('9b5f7904-01b3-4bec-b727-249d79712436', '2026-03-17', '13:00:00', 'b7a671bb-f528-4c67-b92c-6a670ddf0cd3', 'a6e01a83-78c1-4a12-a0b0-79b525a4eeba', '2026-01-06T18:00:26.266031', '2026-01-06T18:00:26.266031');
INSERT INTO movie_projections (id, projection_date, projection_time, cinema_hall_id, movie_id, created_at, updated_at) VALUES ('5d09ac02-d0c0-4175-a2e4-22ab4fb6898b', '2026-03-20', '19:00:00', '626bed58-a026-40aa-8c12-2010c058bc6f', 'a6e01a83-78c1-4a12-a0b0-79b525a4eeba', '2026-01-06T18:00:26.266084', '2026-01-06T18:00:26.266084');
INSERT INTO movie_projections (id, projection_date, projection_time, cinema_hall_id, movie_id, created_at, updated_at) VALUES ('82501e6a-a550-431d-b9b7-0c6b689499f5', '2026-03-12', '13:00:00', '1093090e-e74e-4500-ab60-3fd38a89f11b', 'a6e01a83-78c1-4a12-a0b0-79b525a4eeba', '2026-01-06T18:00:26.266136', '2026-01-06T18:00:26.266136');
INSERT INTO movie_projections (id, projection_date, projection_time, cinema_hall_id, movie_id, created_at, updated_at) VALUES ('55591f1b-3ffb-4ddb-8824-4771a6f240a3', '2026-03-28', '10:00:00', 'fb31358a-eb2f-4cac-9901-7368b51ad47f', 'a6e01a83-78c1-4a12-a0b0-79b525a4eeba', '2026-01-06T18:00:26.266193', '2026-01-06T18:00:26.266193');
INSERT INTO movie_projections (id, projection_date, projection_time, cinema_hall_id, movie_id, created_at, updated_at) VALUES ('9efd6e03-4da3-46b1-b50e-acb36b9a42d5', '2026-03-31', '13:00:00', 'c6127204-b556-472e-8812-12d5aed4e3f9', 'a6e01a83-78c1-4a12-a0b0-79b525a4eeba', '2026-01-06T18:00:26.266254', '2026-01-06T18:00:26.266254');
INSERT INTO movie_projections (id, projection_date, projection_time, cinema_hall_id, movie_id, created_at, updated_at) VALUES ('aebdecb2-066c-4f7b-a1f7-f261c6bddbc1', '2026-03-15', '10:00:00', '626bed58-a026-40aa-8c12-2010c058bc6f', 'a6e01a83-78c1-4a12-a0b0-79b525a4eeba', '2026-01-06T18:00:26.266307', '2026-01-06T18:00:26.266307');
INSERT INTO movie_projections (id, projection_date, projection_time, cinema_hall_id, movie_id, created_at, updated_at) VALUES ('3fa50ecb-33fd-413f-8f81-c8532aeabfe8', '2026-04-15', '13:00:00', '1093090e-e74e-4500-ab60-3fd38a89f11b', 'a6e01a83-78c1-4a12-a0b0-79b525a4eeba', '2026-01-06T18:00:26.266358', '2026-01-06T18:00:26.266358');
INSERT INTO movie_projections (id, projection_date, projection_time, cinema_hall_id, movie_id, created_at, updated_at) VALUES ('37b000c8-8034-44a9-9123-7923de596980', '2026-03-08', '10:00:00', 'b7a671bb-f528-4c67-b92c-6a670ddf0cd3', 'a6e01a83-78c1-4a12-a0b0-79b525a4eeba', '2026-01-06T18:00:26.266409', '2026-01-06T18:00:26.266409');
INSERT INTO movie_projections (id, projection_date, projection_time, cinema_hall_id, movie_id, created_at, updated_at) VALUES ('64b6f8c8-5e2c-4891-a318-7083af709d37', '2026-04-23', '16:00:00', '12cfc0fb-73b1-4a4b-8416-162b8c862879', 'a6e01a83-78c1-4a12-a0b0-79b525a4eeba', '2026-01-06T18:00:26.266459', '2026-01-06T18:00:26.266459');
INSERT INTO movie_projections (id, projection_date, projection_time, cinema_hall_id, movie_id, created_at, updated_at) VALUES ('7fab7c8f-0dd2-4444-bd38-086e929d983f', '2026-04-09', '10:00:00', '1093090e-e74e-4500-ab60-3fd38a89f11b', 'a6e01a83-78c1-4a12-a0b0-79b525a4eeba', '2026-01-06T18:00:26.266515', '2026-01-06T18:00:26.266515');
INSERT INTO movie_projections (id, projection_date, projection_time, cinema_hall_id, movie_id, created_at, updated_at) VALUES ('d0b3f3f9-395d-4d58-a1e4-233879dce872', '2026-03-17', '19:00:00', 'd3b645b7-0add-4a8f-83f6-54b98b2815d0', 'a6e01a83-78c1-4a12-a0b0-79b525a4eeba', '2026-01-06T18:00:26.266567', '2026-01-06T18:00:26.266567');
INSERT INTO movie_projections (id, projection_date, projection_time, cinema_hall_id, movie_id, created_at, updated_at) VALUES ('b55abb40-f291-4e64-aaa4-95f46558ef2c', '2026-03-25', '13:00:00', 'c6127204-b556-472e-8812-12d5aed4e3f9', 'a6e01a83-78c1-4a12-a0b0-79b525a4eeba', '2026-01-06T18:00:26.266623', '2026-01-06T18:00:26.266623');
INSERT INTO movie_projections (id, projection_date, projection_time, cinema_hall_id, movie_id, created_at, updated_at) VALUES ('3afc1b84-6c68-476f-999e-46a8b4c1bc82', '2026-04-26', '19:00:00', '626bed58-a026-40aa-8c12-2010c058bc6f', 'a6e01a83-78c1-4a12-a0b0-79b525a4eeba', '2026-01-06T18:00:26.266675', '2026-01-06T18:00:26.266675');
INSERT INTO movie_projections (id, projection_date, projection_time, cinema_hall_id, movie_id, created_at, updated_at) VALUES ('a50231aa-87fb-4efc-884b-cfa94613a59e', '2026-03-11', '16:00:00', '855a5c41-43b2-4968-b698-501ccba52db7', 'a6e01a83-78c1-4a12-a0b0-79b525a4eeba', '2026-01-06T18:00:26.266727', '2026-01-06T18:00:26.266727');
INSERT INTO movie_projections (id, projection_date, projection_time, cinema_hall_id, movie_id, created_at, updated_at) VALUES ('d43d3706-b536-43ac-8f8e-9c3eadd4d498', '2026-03-23', '16:00:00', 'b7a671bb-f528-4c67-b92c-6a670ddf0cd3', 'a6e01a83-78c1-4a12-a0b0-79b525a4eeba', '2026-01-06T18:00:26.266777', '2026-01-06T18:00:26.266777');
INSERT INTO movie_projections (id, projection_date, projection_time, cinema_hall_id, movie_id, created_at, updated_at) VALUES ('b57c8093-8416-47f4-9f6a-38b86264f81f', '2026-04-19', '19:00:00', '336818a7-3094-445d-af55-f3f1b72885de', 'a6e01a83-78c1-4a12-a0b0-79b525a4eeba', '2026-01-06T18:00:26.266836', '2026-01-06T18:00:26.266836');
INSERT INTO movie_projections (id, projection_date, projection_time, cinema_hall_id, movie_id, created_at, updated_at) VALUES ('0ea59e8e-04f0-40a0-b168-1d406431058d', '2026-03-25', '16:00:00', 'fb31358a-eb2f-4cac-9901-7368b51ad47f', 'a6e01a83-78c1-4a12-a0b0-79b525a4eeba', '2026-01-06T18:00:26.266888', '2026-01-06T18:00:26.266888');
INSERT INTO movie_projections (id, projection_date, projection_time, cinema_hall_id, movie_id, created_at, updated_at) VALUES ('4336718f-1ad3-4dd3-8111-37c54f67391c', '2026-04-27', '13:00:00', '626bed58-a026-40aa-8c12-2010c058bc6f', 'a6e01a83-78c1-4a12-a0b0-79b525a4eeba', '2026-01-06T18:00:26.266940', '2026-01-06T18:00:26.266940');
INSERT INTO movie_projections (id, projection_date, projection_time, cinema_hall_id, movie_id, created_at, updated_at) VALUES ('deebc00a-1bdc-485e-b432-cf6078d9fb83', '2026-05-07', '16:00:00', '12cfc0fb-73b1-4a4b-8416-162b8c862879', 'a6e01a83-78c1-4a12-a0b0-79b525a4eeba', '2026-01-06T18:00:26.266990', '2026-01-06T18:00:26.266990');
INSERT INTO movie_projections (id, projection_date, projection_time, cinema_hall_id, movie_id, created_at, updated_at) VALUES ('df4a55f4-a262-464e-85fd-5ef03c738b27', '2026-06-12', '16:00:00', 'b7a671bb-f528-4c67-b92c-6a670ddf0cd3', 'dde53e45-0245-4246-982a-3829202ae973', '2026-01-06T18:00:26.267051', '2026-01-06T18:00:26.267051');
INSERT INTO movie_projections (id, projection_date, projection_time, cinema_hall_id, movie_id, created_at, updated_at) VALUES ('a3dad031-867a-41e0-84f8-ed1d389ae284', '2026-04-28', '16:00:00', '754d9a64-a351-458f-90df-29d943c5ae3f', 'dde53e45-0245-4246-982a-3829202ae973', '2026-01-06T18:00:26.267102', '2026-01-06T18:00:26.267102');
INSERT INTO movie_projections (id, projection_date, projection_time, cinema_hall_id, movie_id, created_at, updated_at) VALUES ('37bfe4c8-182d-43db-b960-4a3cdc221706', '2026-05-24', '10:00:00', 'c6127204-b556-472e-8812-12d5aed4e3f9', 'dde53e45-0245-4246-982a-3829202ae973', '2026-01-06T18:00:26.267154', '2026-01-06T18:00:26.267154');
INSERT INTO movie_projections (id, projection_date, projection_time, cinema_hall_id, movie_id, created_at, updated_at) VALUES ('45efe1f1-d656-4787-b4e8-040023aaf0a2', '2026-05-01', '16:00:00', '1368e1f8-aa54-4d8e-99d2-eadb141e97cb', 'dde53e45-0245-4246-982a-3829202ae973', '2026-01-06T18:00:26.267204', '2026-01-06T18:00:26.267204');
INSERT INTO movie_projections (id, projection_date, projection_time, cinema_hall_id, movie_id, created_at, updated_at) VALUES ('f2b3e075-0808-416f-a259-f9e948f8e81b', '2026-06-18', '19:00:00', 'b7a671bb-f528-4c67-b92c-6a670ddf0cd3', 'dde53e45-0245-4246-982a-3829202ae973', '2026-01-06T18:00:26.267254', '2026-01-06T18:00:26.267254');
INSERT INTO movie_projections (id, projection_date, projection_time, cinema_hall_id, movie_id, created_at, updated_at) VALUES ('3a5fa630-ae07-43df-8a4b-e1bdf74c2f7c', '2026-05-22', '19:00:00', 'fb31358a-eb2f-4cac-9901-7368b51ad47f', 'dde53e45-0245-4246-982a-3829202ae973', '2026-01-06T18:00:26.267305', '2026-01-06T18:00:26.267305');
INSERT INTO movie_projections (id, projection_date, projection_time, cinema_hall_id, movie_id, created_at, updated_at) VALUES ('ade4b13c-ccfa-418c-b66c-a8ed693e2613', '2026-05-12', '19:00:00', '12cfc0fb-73b1-4a4b-8416-162b8c862879', 'dde53e45-0245-4246-982a-3829202ae973', '2026-01-06T18:00:26.267363', '2026-01-06T18:00:26.267363');
INSERT INTO movie_projections (id, projection_date, projection_time, cinema_hall_id, movie_id, created_at, updated_at) VALUES ('0d60f33f-f079-4fbc-8ef1-9a968c98872e', '2026-04-21', '10:00:00', '626bed58-a026-40aa-8c12-2010c058bc6f', 'dde53e45-0245-4246-982a-3829202ae973', '2026-01-06T18:00:26.267415', '2026-01-06T18:00:26.267415');
INSERT INTO movie_projections (id, projection_date, projection_time, cinema_hall_id, movie_id, created_at, updated_at) VALUES ('507082b3-80d4-4537-8f93-cf39a56ed5fc', '2026-04-14', '10:00:00', '626bed58-a026-40aa-8c12-2010c058bc6f', 'dde53e45-0245-4246-982a-3829202ae973', '2026-01-06T18:00:26.267471', '2026-01-06T18:00:26.267471');
INSERT INTO movie_projections (id, projection_date, projection_time, cinema_hall_id, movie_id, created_at, updated_at) VALUES ('06e691ea-8c22-4e78-ac9f-360ce3fd4162', '2026-04-25', '10:00:00', '336818a7-3094-445d-af55-f3f1b72885de', 'dde53e45-0245-4246-982a-3829202ae973', '2026-01-06T18:00:26.267533', '2026-01-06T18:00:26.267533');
INSERT INTO movie_projections (id, projection_date, projection_time, cinema_hall_id, movie_id, created_at, updated_at) VALUES ('d7a289d7-600f-45b6-87ed-6bc34deeda70', '2026-05-26', '19:00:00', '1093090e-e74e-4500-ab60-3fd38a89f11b', 'dde53e45-0245-4246-982a-3829202ae973', '2026-01-06T18:00:26.267584', '2026-01-06T18:00:26.267584');
INSERT INTO movie_projections (id, projection_date, projection_time, cinema_hall_id, movie_id, created_at, updated_at) VALUES ('9dad9343-01dc-4181-8c2d-28004329fc1a', '2026-06-16', '10:00:00', '1093090e-e74e-4500-ab60-3fd38a89f11b', 'dde53e45-0245-4246-982a-3829202ae973', '2026-01-06T18:00:26.267638', '2026-01-06T18:00:26.267638');
INSERT INTO movie_projections (id, projection_date, projection_time, cinema_hall_id, movie_id, created_at, updated_at) VALUES ('5908782f-0186-441f-9819-b42c672f5036', '2026-06-11', '19:00:00', 'fb31358a-eb2f-4cac-9901-7368b51ad47f', 'dde53e45-0245-4246-982a-3829202ae973', '2026-01-06T18:00:26.267689', '2026-01-06T18:00:26.267689');
INSERT INTO movie_projections (id, projection_date, projection_time, cinema_hall_id, movie_id, created_at, updated_at) VALUES ('0493faf2-667d-429f-ae26-c29fb82a2fe7', '2026-06-17', '19:00:00', '626bed58-a026-40aa-8c12-2010c058bc6f', 'dde53e45-0245-4246-982a-3829202ae973', '2026-01-06T18:00:26.267741', '2026-01-06T18:00:26.267741');
INSERT INTO movie_projections (id, projection_date, projection_time, cinema_hall_id, movie_id, created_at, updated_at) VALUES ('196d82fd-4144-4b2b-ac86-c7a879fa8059', '2026-04-26', '13:00:00', 'd3b645b7-0add-4a8f-83f6-54b98b2815d0', 'dde53e45-0245-4246-982a-3829202ae973', '2026-01-06T18:00:26.267791', '2026-01-06T18:00:26.267791');
INSERT INTO movie_projections (id, projection_date, projection_time, cinema_hall_id, movie_id, created_at, updated_at) VALUES ('76a8f67b-557a-4b69-bcb5-1ef610603de7', '2026-06-15', '19:00:00', 'fb31358a-eb2f-4cac-9901-7368b51ad47f', 'dde53e45-0245-4246-982a-3829202ae973', '2026-01-06T18:00:26.267841', '2026-01-06T18:00:26.267841');
INSERT INTO movie_projections (id, projection_date, projection_time, cinema_hall_id, movie_id, created_at, updated_at) VALUES ('332a54c4-2e64-4a29-8939-0a34c05778ea', '2026-04-06', '16:00:00', '1093090e-e74e-4500-ab60-3fd38a89f11b', 'dde53e45-0245-4246-982a-3829202ae973', '2026-01-06T18:00:26.267898', '2026-01-06T18:00:26.267898');
INSERT INTO movie_projections (id, projection_date, projection_time, cinema_hall_id, movie_id, created_at, updated_at) VALUES ('412b42cd-c686-482b-8273-cc0fc6fc47fc', '2026-05-02', '19:00:00', 'd3b645b7-0add-4a8f-83f6-54b98b2815d0', 'dde53e45-0245-4246-982a-3829202ae973', '2026-01-06T18:00:26.267957', '2026-01-06T18:00:26.267957');
INSERT INTO movie_projections (id, projection_date, projection_time, cinema_hall_id, movie_id, created_at, updated_at) VALUES ('09d2171b-f0be-4ca1-b496-4a2262dbba29', '2026-05-14', '10:00:00', 'c6127204-b556-472e-8812-12d5aed4e3f9', 'dde53e45-0245-4246-982a-3829202ae973', '2026-01-06T18:00:26.268008', '2026-01-06T18:00:26.268008');
INSERT INTO movie_projections (id, projection_date, projection_time, cinema_hall_id, movie_id, created_at, updated_at) VALUES ('0b757f76-0212-4b2e-bc0c-0f8b4a09d28a', '2026-06-02', '19:00:00', 'fb31358a-eb2f-4cac-9901-7368b51ad47f', 'dde53e45-0245-4246-982a-3829202ae973', '2026-01-06T18:00:26.268058', '2026-01-06T18:00:26.268058');
INSERT INTO movie_projections (id, projection_date, projection_time, cinema_hall_id, movie_id, created_at, updated_at) VALUES ('ab992386-2278-4edd-b31e-bda6660e5eda', '2026-05-24', '10:00:00', '754d9a64-a351-458f-90df-29d943c5ae3f', 'dde53e45-0245-4246-982a-3829202ae973', '2026-01-06T18:00:26.268108', '2026-01-06T18:00:26.268108');
INSERT INTO movie_projections (id, projection_date, projection_time, cinema_hall_id, movie_id, created_at, updated_at) VALUES ('a7278ee1-bd08-49cb-b325-94949a4cbfb6', '2026-04-26', '16:00:00', '855a5c41-43b2-4968-b698-501ccba52db7', 'dde53e45-0245-4246-982a-3829202ae973', '2026-01-06T18:00:26.268165', '2026-01-06T18:00:26.268165');
INSERT INTO movie_projections (id, projection_date, projection_time, cinema_hall_id, movie_id, created_at, updated_at) VALUES ('238f34c7-5144-4b28-bef9-1d368ee72158', '2026-04-29', '16:00:00', '1368e1f8-aa54-4d8e-99d2-eadb141e97cb', 'dde53e45-0245-4246-982a-3829202ae973', '2026-01-06T18:00:26.268217', '2026-01-06T18:00:26.268217');
INSERT INTO movie_projections (id, projection_date, projection_time, cinema_hall_id, movie_id, created_at, updated_at) VALUES ('7dcabb0d-7c07-442a-ac71-b1b4800d9ad5', '2026-04-06', '10:00:00', '336818a7-3094-445d-af55-f3f1b72885de', 'dde53e45-0245-4246-982a-3829202ae973', '2026-01-06T18:00:26.268268', '2026-01-06T18:00:26.268268');
INSERT INTO movie_projections (id, projection_date, projection_time, cinema_hall_id, movie_id, created_at, updated_at) VALUES ('9aa092e2-a3c3-45a9-b25c-696d71acf856', '2026-06-15', '13:00:00', 'c6127204-b556-472e-8812-12d5aed4e3f9', 'dde53e45-0245-4246-982a-3829202ae973', '2026-01-06T18:00:26.268324', '2026-01-06T18:00:26.268324');
INSERT INTO movie_projections (id, projection_date, projection_time, cinema_hall_id, movie_id, created_at, updated_at) VALUES ('63cf541a-87cb-4743-a059-1311d790ab2d', '2026-05-18', '10:00:00', '1368e1f8-aa54-4d8e-99d2-eadb141e97cb', 'dde53e45-0245-4246-982a-3829202ae973', '2026-01-06T18:00:26.268375', '2026-01-06T18:00:26.268375');
INSERT INTO movie_projections (id, projection_date, projection_time, cinema_hall_id, movie_id, created_at, updated_at) VALUES ('41678388-8582-404e-b1df-01909fa2c077', '2026-05-31', '13:00:00', 'fb31358a-eb2f-4cac-9901-7368b51ad47f', 'dde53e45-0245-4246-982a-3829202ae973', '2026-01-06T18:00:26.268427', '2026-01-06T18:00:26.268427');
INSERT INTO movie_projections (id, projection_date, projection_time, cinema_hall_id, movie_id, created_at, updated_at) VALUES ('85d7d7d5-fba2-4398-818e-608de94fc85d', '2026-06-10', '10:00:00', '12cfc0fb-73b1-4a4b-8416-162b8c862879', 'dde53e45-0245-4246-982a-3829202ae973', '2026-01-06T18:00:26.268484', '2026-01-06T18:00:26.268484');
INSERT INTO movie_projections (id, projection_date, projection_time, cinema_hall_id, movie_id, created_at, updated_at) VALUES ('437e53ce-e87c-46bc-9dc4-8c12584b5872', '2026-05-25', '16:00:00', '12cfc0fb-73b1-4a4b-8416-162b8c862879', 'dde53e45-0245-4246-982a-3829202ae973', '2026-01-06T18:00:26.268540', '2026-01-06T18:00:26.268540');
INSERT INTO movie_projections (id, projection_date, projection_time, cinema_hall_id, movie_id, created_at, updated_at) VALUES ('02c1ba55-0047-4951-be91-b5692b367e22', '2026-04-19', '10:00:00', 'd3b645b7-0add-4a8f-83f6-54b98b2815d0', 'dde53e45-0245-4246-982a-3829202ae973', '2026-01-06T18:00:26.268591', '2026-01-06T18:00:26.268591');
INSERT INTO movie_projections (id, projection_date, projection_time, cinema_hall_id, movie_id, created_at, updated_at) VALUES ('7a88111e-9fa0-4589-a245-83a5b13c091e', '2026-05-01', '19:00:00', '1093090e-e74e-4500-ab60-3fd38a89f11b', 'dde53e45-0245-4246-982a-3829202ae973', '2026-01-06T18:00:26.268641', '2026-01-06T18:00:26.268641');
INSERT INTO movie_projections (id, projection_date, projection_time, cinema_hall_id, movie_id, created_at, updated_at) VALUES ('987bba31-c4ed-4069-aa48-51cad7d2918a', '2026-04-29', '16:00:00', '1093090e-e74e-4500-ab60-3fd38a89f11b', 'dde53e45-0245-4246-982a-3829202ae973', '2026-01-06T18:00:26.268699', '2026-01-06T18:00:26.268699');
INSERT INTO movie_projections (id, projection_date, projection_time, cinema_hall_id, movie_id, created_at, updated_at) VALUES ('6bcb7863-b61d-4f16-aba6-c128329e8821', '2026-05-05', '10:00:00', '1368e1f8-aa54-4d8e-99d2-eadb141e97cb', 'dde53e45-0245-4246-982a-3829202ae973', '2026-01-06T18:00:26.268756', '2026-01-06T18:00:26.268756');
INSERT INTO movie_projections (id, projection_date, projection_time, cinema_hall_id, movie_id, created_at, updated_at) VALUES ('ff5a62f9-4344-43d1-80de-d9d4cf5552dd', '2026-06-15', '19:00:00', '336818a7-3094-445d-af55-f3f1b72885de', 'dde53e45-0245-4246-982a-3829202ae973', '2026-01-06T18:00:26.268826', '2026-01-06T18:00:26.268826');
INSERT INTO movie_projections (id, projection_date, projection_time, cinema_hall_id, movie_id, created_at, updated_at) VALUES ('745c4eb3-7f06-4410-ae11-5e64407e49e7', '2026-04-13', '16:00:00', '1093090e-e74e-4500-ab60-3fd38a89f11b', 'dde53e45-0245-4246-982a-3829202ae973', '2026-01-06T18:00:26.268877', '2026-01-06T18:00:26.268877');
INSERT INTO movie_projections (id, projection_date, projection_time, cinema_hall_id, movie_id, created_at, updated_at) VALUES ('e0461b71-1cd1-4695-9aaa-8bf687abcfe9', '2026-04-22', '19:00:00', 'd3b645b7-0add-4a8f-83f6-54b98b2815d0', 'dde53e45-0245-4246-982a-3829202ae973', '2026-01-06T18:00:26.268928', '2026-01-06T18:00:26.268928');
INSERT INTO movie_projections (id, projection_date, projection_time, cinema_hall_id, movie_id, created_at, updated_at) VALUES ('6b91b016-0ded-4c36-813b-677640008b23', '2026-05-02', '13:00:00', '1368e1f8-aa54-4d8e-99d2-eadb141e97cb', 'dde53e45-0245-4246-982a-3829202ae973', '2026-01-06T18:00:26.268980', '2026-01-06T18:00:26.268980');
INSERT INTO movie_projections (id, projection_date, projection_time, cinema_hall_id, movie_id, created_at, updated_at) VALUES ('82d5dc14-3d67-4576-a30b-68846c9283d3', '2026-06-08', '19:00:00', 'd3b645b7-0add-4a8f-83f6-54b98b2815d0', 'dde53e45-0245-4246-982a-3829202ae973', '2026-01-06T18:00:26.269030', '2026-01-06T18:00:26.269030');
INSERT INTO movie_projections (id, projection_date, projection_time, cinema_hall_id, movie_id, created_at, updated_at) VALUES ('9079ed91-1e75-454e-8c25-d906dd199784', '2026-05-17', '19:00:00', 'c6127204-b556-472e-8812-12d5aed4e3f9', 'dde53e45-0245-4246-982a-3829202ae973', '2026-01-06T18:00:26.269088', '2026-01-06T18:00:26.269088');
INSERT INTO movie_projections (id, projection_date, projection_time, cinema_hall_id, movie_id, created_at, updated_at) VALUES ('140de50b-49c3-4772-b093-6af1526f061e', '2026-05-29', '10:00:00', 'c6127204-b556-472e-8812-12d5aed4e3f9', 'dde53e45-0245-4246-982a-3829202ae973', '2026-01-06T18:00:26.269139', '2026-01-06T18:00:26.269139');
INSERT INTO movie_projections (id, projection_date, projection_time, cinema_hall_id, movie_id, created_at, updated_at) VALUES ('0828c715-a3ba-4dfc-a867-0274a0d16ef0', '2026-05-18', '13:00:00', '1093090e-e74e-4500-ab60-3fd38a89f11b', 'f87b3737-bf0b-4b61-ab06-48523e27f7ba', '2026-01-06T18:00:26.269200', '2026-01-06T18:00:26.269200');
INSERT INTO movie_projections (id, projection_date, projection_time, cinema_hall_id, movie_id, created_at, updated_at) VALUES ('24063c27-cc32-45b5-981d-04f99f2da781', '2026-06-17', '10:00:00', 'd3b645b7-0add-4a8f-83f6-54b98b2815d0', 'f87b3737-bf0b-4b61-ab06-48523e27f7ba', '2026-01-06T18:00:26.269259', '2026-01-06T18:00:26.269259');
INSERT INTO movie_projections (id, projection_date, projection_time, cinema_hall_id, movie_id, created_at, updated_at) VALUES ('c29c97e2-5da0-48f3-af11-7517a377584a', '2026-06-13', '10:00:00', 'c6127204-b556-472e-8812-12d5aed4e3f9', 'f87b3737-bf0b-4b61-ab06-48523e27f7ba', '2026-01-06T18:00:26.269310', '2026-01-06T18:00:26.269310');
INSERT INTO movie_projections (id, projection_date, projection_time, cinema_hall_id, movie_id, created_at, updated_at) VALUES ('01733f8f-9989-417b-8887-3749fafa2096', '2026-05-12', '16:00:00', 'b7a671bb-f528-4c67-b92c-6a670ddf0cd3', 'f87b3737-bf0b-4b61-ab06-48523e27f7ba', '2026-01-06T18:00:26.269361', '2026-01-06T18:00:26.269361');
INSERT INTO movie_projections (id, projection_date, projection_time, cinema_hall_id, movie_id, created_at, updated_at) VALUES ('582b4365-f101-4675-8b5d-c4a3b3b12093', '2026-06-06', '10:00:00', 'fb31358a-eb2f-4cac-9901-7368b51ad47f', 'f87b3737-bf0b-4b61-ab06-48523e27f7ba', '2026-01-06T18:00:26.269412', '2026-01-06T18:00:26.269412');
INSERT INTO movie_projections (id, projection_date, projection_time, cinema_hall_id, movie_id, created_at, updated_at) VALUES ('896c8a29-840a-4290-8682-cdcec4c783a9', '2026-06-27', '13:00:00', 'c6127204-b556-472e-8812-12d5aed4e3f9', 'f87b3737-bf0b-4b61-ab06-48523e27f7ba', '2026-01-06T18:00:26.269463', '2026-01-06T18:00:26.269463');
INSERT INTO movie_projections (id, projection_date, projection_time, cinema_hall_id, movie_id, created_at, updated_at) VALUES ('bdd2602c-e3df-481c-b82b-ec31c42bf09f', '2026-07-05', '16:00:00', '336818a7-3094-445d-af55-f3f1b72885de', 'f87b3737-bf0b-4b61-ab06-48523e27f7ba', '2026-01-06T18:00:26.269519', '2026-01-06T18:00:26.269519');
INSERT INTO movie_projections (id, projection_date, projection_time, cinema_hall_id, movie_id, created_at, updated_at) VALUES ('2f3e164a-b2da-4262-b14f-7ed6662267ba', '2026-06-19', '13:00:00', 'fb31358a-eb2f-4cac-9901-7368b51ad47f', 'f87b3737-bf0b-4b61-ab06-48523e27f7ba', '2026-01-06T18:00:26.269571', '2026-01-06T18:00:26.269571');
INSERT INTO movie_projections (id, projection_date, projection_time, cinema_hall_id, movie_id, created_at, updated_at) VALUES ('9804d09a-91b7-4006-8e8b-d1e41e21dbf6', '2026-06-26', '16:00:00', '12cfc0fb-73b1-4a4b-8416-162b8c862879', 'f87b3737-bf0b-4b61-ab06-48523e27f7ba', '2026-01-06T18:00:26.269635', '2026-01-06T18:00:26.269635');
INSERT INTO movie_projections (id, projection_date, projection_time, cinema_hall_id, movie_id, created_at, updated_at) VALUES ('ca9c74fb-8213-4cd4-a3b8-90b1ab36503e', '2026-05-23', '13:00:00', '754d9a64-a351-458f-90df-29d943c5ae3f', 'f87b3737-bf0b-4b61-ab06-48523e27f7ba', '2026-01-06T18:00:26.269687', '2026-01-06T18:00:26.269687');
INSERT INTO movie_projections (id, projection_date, projection_time, cinema_hall_id, movie_id, created_at, updated_at) VALUES ('49da77e3-94cb-45d9-8a05-13799bc9d688', '2026-05-27', '13:00:00', '855a5c41-43b2-4968-b698-501ccba52db7', 'f87b3737-bf0b-4b61-ab06-48523e27f7ba', '2026-01-06T18:00:26.269737', '2026-01-06T18:00:26.269737');
INSERT INTO movie_projections (id, projection_date, projection_time, cinema_hall_id, movie_id, created_at, updated_at) VALUES ('b744254e-d442-47f8-89e2-96f65ba0ec4d', '2026-06-08', '19:00:00', '855a5c41-43b2-4968-b698-501ccba52db7', 'f87b3737-bf0b-4b61-ab06-48523e27f7ba', '2026-01-06T18:00:26.269787', '2026-01-06T18:00:26.269787');
INSERT INTO movie_projections (id, projection_date, projection_time, cinema_hall_id, movie_id, created_at, updated_at) VALUES ('403c2a04-3f3a-4634-87b2-0b71e68ae789', '2026-05-11', '16:00:00', '855a5c41-43b2-4968-b698-501ccba52db7', 'f87b3737-bf0b-4b61-ab06-48523e27f7ba', '2026-01-06T18:00:26.269837', '2026-01-06T18:00:26.269837');
INSERT INTO movie_projections (id, projection_date, projection_time, cinema_hall_id, movie_id, created_at, updated_at) VALUES ('3ce76543-651a-4ffa-845a-7b00db6f6c07', '2026-06-03', '13:00:00', '1093090e-e74e-4500-ab60-3fd38a89f11b', 'f87b3737-bf0b-4b61-ab06-48523e27f7ba', '2026-01-06T18:00:26.269887', '2026-01-06T18:00:26.269887');
INSERT INTO movie_projections (id, projection_date, projection_time, cinema_hall_id, movie_id, created_at, updated_at) VALUES ('4c16f22f-f40c-467c-9a5a-9a8d89a0a0f7', '2026-06-07', '10:00:00', 'd3b645b7-0add-4a8f-83f6-54b98b2815d0', 'f87b3737-bf0b-4b61-ab06-48523e27f7ba', '2026-01-06T18:00:26.269938', '2026-01-06T18:00:26.269938');
INSERT INTO movie_projections (id, projection_date, projection_time, cinema_hall_id, movie_id, created_at, updated_at) VALUES ('7194b2f7-0bb0-4d46-80cb-40f7f4a02471', '2026-06-07', '10:00:00', 'b7a671bb-f528-4c67-b92c-6a670ddf0cd3', 'f87b3737-bf0b-4b61-ab06-48523e27f7ba', '2026-01-06T18:00:26.269989', '2026-01-06T18:00:26.269989');
INSERT INTO movie_projections (id, projection_date, projection_time, cinema_hall_id, movie_id, created_at, updated_at) VALUES ('0ea36b1e-6825-40bc-aae3-ea81ad20a22a', '2026-06-27', '10:00:00', 'fb31358a-eb2f-4cac-9901-7368b51ad47f', 'f87b3737-bf0b-4b61-ab06-48523e27f7ba', '2026-01-06T18:00:26.270048', '2026-01-06T18:00:26.270048');
INSERT INTO movie_projections (id, projection_date, projection_time, cinema_hall_id, movie_id, created_at, updated_at) VALUES ('de810f74-0f38-4bef-86a0-ca930438bfde', '2026-05-25', '16:00:00', 'd3b645b7-0add-4a8f-83f6-54b98b2815d0', 'f87b3737-bf0b-4b61-ab06-48523e27f7ba', '2026-01-06T18:00:26.270099', '2026-01-06T18:00:26.270099');
INSERT INTO movie_projections (id, projection_date, projection_time, cinema_hall_id, movie_id, created_at, updated_at) VALUES ('8f829d7b-a59c-49de-b8b2-112e3b51a2b3', '2026-06-02', '13:00:00', '1093090e-e74e-4500-ab60-3fd38a89f11b', 'f87b3737-bf0b-4b61-ab06-48523e27f7ba', '2026-01-06T18:00:26.270150', '2026-01-06T18:00:26.270150');
INSERT INTO movie_projections (id, projection_date, projection_time, cinema_hall_id, movie_id, created_at, updated_at) VALUES ('16c3d23d-5933-425d-a7c9-fcfdc760522b', '2026-06-11', '19:00:00', '626bed58-a026-40aa-8c12-2010c058bc6f', 'f87b3737-bf0b-4b61-ab06-48523e27f7ba', '2026-01-06T18:00:26.270218', '2026-01-06T18:00:26.270218');
INSERT INTO movie_projections (id, projection_date, projection_time, cinema_hall_id, movie_id, created_at, updated_at) VALUES ('9c837ae5-96b2-4bae-b80d-5c714c425b43', '2026-05-30', '13:00:00', '336818a7-3094-445d-af55-f3f1b72885de', 'f87b3737-bf0b-4b61-ab06-48523e27f7ba', '2026-01-06T18:00:26.270270', '2026-01-06T18:00:26.270270');
INSERT INTO movie_projections (id, projection_date, projection_time, cinema_hall_id, movie_id, created_at, updated_at) VALUES ('c3d78184-f7fd-4338-b117-59e138492e2c', '2026-07-06', '19:00:00', '626bed58-a026-40aa-8c12-2010c058bc6f', 'f87b3737-bf0b-4b61-ab06-48523e27f7ba', '2026-01-06T18:00:26.270321', '2026-01-06T18:00:26.270321');
INSERT INTO movie_projections (id, projection_date, projection_time, cinema_hall_id, movie_id, created_at, updated_at) VALUES ('523ff13c-35dd-4e19-8593-8bd546494a3b', '2026-06-11', '13:00:00', '626bed58-a026-40aa-8c12-2010c058bc6f', 'f87b3737-bf0b-4b61-ab06-48523e27f7ba', '2026-01-06T18:00:26.270373', '2026-01-06T18:00:26.270373');
INSERT INTO movie_projections (id, projection_date, projection_time, cinema_hall_id, movie_id, created_at, updated_at) VALUES ('3b480b27-b434-44ea-9bc2-c118c199933f', '2026-06-30', '16:00:00', '1093090e-e74e-4500-ab60-3fd38a89f11b', 'f87b3737-bf0b-4b61-ab06-48523e27f7ba', '2026-01-06T18:00:26.270424', '2026-01-06T18:00:26.270424');
INSERT INTO movie_projections (id, projection_date, projection_time, cinema_hall_id, movie_id, created_at, updated_at) VALUES ('eb492cb0-ad3f-4def-9d6f-cf91b3f972dc', '2026-06-25', '16:00:00', 'b7a671bb-f528-4c67-b92c-6a670ddf0cd3', 'f87b3737-bf0b-4b61-ab06-48523e27f7ba', '2026-01-06T18:00:26.270480', '2026-01-06T18:00:26.270480');
INSERT INTO movie_projections (id, projection_date, projection_time, cinema_hall_id, movie_id, created_at, updated_at) VALUES ('820d5700-4040-4cc8-a97a-e6191a13406f', '2026-06-19', '16:00:00', 'b7a671bb-f528-4c67-b92c-6a670ddf0cd3', 'f87b3737-bf0b-4b61-ab06-48523e27f7ba', '2026-01-06T18:00:26.270536', '2026-01-06T18:00:26.270536');
INSERT INTO movie_projections (id, projection_date, projection_time, cinema_hall_id, movie_id, created_at, updated_at) VALUES ('bca8b384-9567-45d4-93c8-5010dfb9598a', '2026-07-02', '13:00:00', '626bed58-a026-40aa-8c12-2010c058bc6f', 'f87b3737-bf0b-4b61-ab06-48523e27f7ba', '2026-01-06T18:00:26.270587', '2026-01-06T18:00:26.270587');
INSERT INTO movie_projections (id, projection_date, projection_time, cinema_hall_id, movie_id, created_at, updated_at) VALUES ('044d1d0d-05ff-4ad0-a573-1abf81bea942', '2026-06-25', '13:00:00', '12cfc0fb-73b1-4a4b-8416-162b8c862879', 'f87b3737-bf0b-4b61-ab06-48523e27f7ba', '2026-01-06T18:00:26.270638', '2026-01-06T18:00:26.270638');
INSERT INTO movie_projections (id, projection_date, projection_time, cinema_hall_id, movie_id, created_at, updated_at) VALUES ('26e6e39d-5733-476d-9542-e1ab443a1285', '2026-05-30', '13:00:00', '336818a7-3094-445d-af55-f3f1b72885de', 'f87b3737-bf0b-4b61-ab06-48523e27f7ba', '2026-01-06T18:00:26.270689', '2026-01-06T18:00:26.270689');
INSERT INTO movie_projections (id, projection_date, projection_time, cinema_hall_id, movie_id, created_at, updated_at) VALUES ('62c0f199-66e6-4d5c-adcc-0ecd902def70', '2026-05-13', '10:00:00', '626bed58-a026-40aa-8c12-2010c058bc6f', 'f87b3737-bf0b-4b61-ab06-48523e27f7ba', '2026-01-06T18:00:26.270747', '2026-01-06T18:00:26.270747');
INSERT INTO movie_projections (id, projection_date, projection_time, cinema_hall_id, movie_id, created_at, updated_at) VALUES ('3bb34497-bbba-48e5-9472-f126c82b40d9', '2026-06-08', '16:00:00', '626bed58-a026-40aa-8c12-2010c058bc6f', 'f87b3737-bf0b-4b61-ab06-48523e27f7ba', '2026-01-06T18:00:26.270798', '2026-01-06T18:00:26.270798');
INSERT INTO movie_projections (id, projection_date, projection_time, cinema_hall_id, movie_id, created_at, updated_at) VALUES ('68f8a0f0-7d1b-43cd-8947-f77429137c8a', '2026-07-11', '19:00:00', '336818a7-3094-445d-af55-f3f1b72885de', 'f87b3737-bf0b-4b61-ab06-48523e27f7ba', '2026-01-06T18:00:26.270848', '2026-01-06T18:00:26.270848');
INSERT INTO movie_projections (id, projection_date, projection_time, cinema_hall_id, movie_id, created_at, updated_at) VALUES ('9bc85b0c-0cbb-4e50-9ef6-a13d1e9b05fe', '2026-05-11', '13:00:00', '12cfc0fb-73b1-4a4b-8416-162b8c862879', 'f87b3737-bf0b-4b61-ab06-48523e27f7ba', '2026-01-06T18:00:26.270911', '2026-01-06T18:00:26.270911');
INSERT INTO movie_projections (id, projection_date, projection_time, cinema_hall_id, movie_id, created_at, updated_at) VALUES ('897ab7ae-901b-48c0-9a4b-37e0140e3ee1', '2026-05-31', '10:00:00', '12cfc0fb-73b1-4a4b-8416-162b8c862879', 'f87b3737-bf0b-4b61-ab06-48523e27f7ba', '2026-01-06T18:00:26.270964', '2026-01-06T18:00:26.270964');
INSERT INTO movie_projections (id, projection_date, projection_time, cinema_hall_id, movie_id, created_at, updated_at) VALUES ('dcb427f3-9361-421a-a168-7441acacff08', '2026-05-21', '13:00:00', '626bed58-a026-40aa-8c12-2010c058bc6f', 'f87b3737-bf0b-4b61-ab06-48523e27f7ba', '2026-01-06T18:00:26.271015', '2026-01-06T18:00:26.271015');
INSERT INTO movie_projections (id, projection_date, projection_time, cinema_hall_id, movie_id, created_at, updated_at) VALUES ('0517e749-b2ba-41db-b546-c0dfc70a747b', '2026-05-16', '16:00:00', 'b7a671bb-f528-4c67-b92c-6a670ddf0cd3', 'f87b3737-bf0b-4b61-ab06-48523e27f7ba', '2026-01-06T18:00:26.271066', '2026-01-06T18:00:26.271066');
INSERT INTO movie_projections (id, projection_date, projection_time, cinema_hall_id, movie_id, created_at, updated_at) VALUES ('48229b70-df6c-4cc5-b0cf-f2ccebd7188e', '2026-06-07', '10:00:00', '754d9a64-a351-458f-90df-29d943c5ae3f', 'f87b3737-bf0b-4b61-ab06-48523e27f7ba', '2026-01-06T18:00:26.271116', '2026-01-06T18:00:26.271116');
INSERT INTO movie_projections (id, projection_date, projection_time, cinema_hall_id, movie_id, created_at, updated_at) VALUES ('b75d094b-a251-49aa-8199-f209684888e6', '2026-06-15', '10:00:00', 'fb31358a-eb2f-4cac-9901-7368b51ad47f', 'f87b3737-bf0b-4b61-ab06-48523e27f7ba', '2026-01-06T18:00:26.271167', '2026-01-06T18:00:26.271167');
INSERT INTO movie_projections (id, projection_date, projection_time, cinema_hall_id, movie_id, created_at, updated_at) VALUES ('c18fe238-e818-415f-b9dc-0ff92a3da821', '2026-05-30', '10:00:00', '754d9a64-a351-458f-90df-29d943c5ae3f', 'f87b3737-bf0b-4b61-ab06-48523e27f7ba', '2026-01-06T18:00:26.271217', '2026-01-06T18:00:26.271217');
INSERT INTO movie_projections (id, projection_date, projection_time, cinema_hall_id, movie_id, created_at, updated_at) VALUES ('e9077c45-b8e1-4832-a7f4-a7b83424de1e', '2026-06-07', '19:00:00', 'd3b645b7-0add-4a8f-83f6-54b98b2815d0', 'f87b3737-bf0b-4b61-ab06-48523e27f7ba', '2026-01-06T18:00:26.271268', '2026-01-06T18:00:26.271268');
INSERT INTO movie_projections (id, projection_date, projection_time, cinema_hall_id, movie_id, created_at, updated_at) VALUES ('9d77777d-5abe-457b-9915-83652721f18b', '2026-05-03', '19:00:00', '855a5c41-43b2-4968-b698-501ccba52db7', '4db689ca-1212-4f39-908b-4a8804221c8f', '2026-01-06T18:00:26.271335', '2026-01-06T18:00:26.271335');
INSERT INTO movie_projections (id, projection_date, projection_time, cinema_hall_id, movie_id, created_at, updated_at) VALUES ('9e6014ad-d2d8-4ead-b4b8-9082a02a3fa7', '2026-05-15', '13:00:00', 'd3b645b7-0add-4a8f-83f6-54b98b2815d0', '4db689ca-1212-4f39-908b-4a8804221c8f', '2026-01-06T18:00:26.271388', '2026-01-06T18:00:26.271388');
INSERT INTO movie_projections (id, projection_date, projection_time, cinema_hall_id, movie_id, created_at, updated_at) VALUES ('86355809-2cc5-4e2d-988d-a5dd8b1fb50d', '2026-08-02', '19:00:00', '855a5c41-43b2-4968-b698-501ccba52db7', '4db689ca-1212-4f39-908b-4a8804221c8f', '2026-01-06T18:00:26.271445', '2026-01-06T18:00:26.271445');
INSERT INTO movie_projections (id, projection_date, projection_time, cinema_hall_id, movie_id, created_at, updated_at) VALUES ('b22975f2-618c-4c3b-abe5-35f1e3703a02', '2026-04-29', '19:00:00', 'c6127204-b556-472e-8812-12d5aed4e3f9', '4db689ca-1212-4f39-908b-4a8804221c8f', '2026-01-06T18:00:26.271502', '2026-01-06T18:00:26.271502');
INSERT INTO movie_projections (id, projection_date, projection_time, cinema_hall_id, movie_id, created_at, updated_at) VALUES ('a1dff175-e193-4f4c-90d7-ae230d37c284', '2026-07-26', '13:00:00', '855a5c41-43b2-4968-b698-501ccba52db7', '4db689ca-1212-4f39-908b-4a8804221c8f', '2026-01-06T18:00:26.271612', '2026-01-06T18:00:26.271612');
INSERT INTO movie_projections (id, projection_date, projection_time, cinema_hall_id, movie_id, created_at, updated_at) VALUES ('50f193d5-d645-4c9c-b231-860526a932e0', '2026-05-06', '10:00:00', '12cfc0fb-73b1-4a4b-8416-162b8c862879', '4db689ca-1212-4f39-908b-4a8804221c8f', '2026-01-06T18:00:26.271677', '2026-01-06T18:00:26.271677');
INSERT INTO movie_projections (id, projection_date, projection_time, cinema_hall_id, movie_id, created_at, updated_at) VALUES ('509edf49-a3ff-475c-95b7-e73029a52a62', '2026-05-30', '16:00:00', '754d9a64-a351-458f-90df-29d943c5ae3f', '4db689ca-1212-4f39-908b-4a8804221c8f', '2026-01-06T18:00:26.271728', '2026-01-06T18:00:26.271728');
INSERT INTO movie_projections (id, projection_date, projection_time, cinema_hall_id, movie_id, created_at, updated_at) VALUES ('6ad43c8c-63f7-4fbe-b5e5-c5b70be8139c', '2026-08-09', '10:00:00', 'd3b645b7-0add-4a8f-83f6-54b98b2815d0', '4db689ca-1212-4f39-908b-4a8804221c8f', '2026-01-06T18:00:26.271779', '2026-01-06T18:00:26.271779');
INSERT INTO movie_projections (id, projection_date, projection_time, cinema_hall_id, movie_id, created_at, updated_at) VALUES ('82647d5c-7966-40d2-a889-cad21057b865', '2026-05-17', '16:00:00', '1368e1f8-aa54-4d8e-99d2-eadb141e97cb', '4db689ca-1212-4f39-908b-4a8804221c8f', '2026-01-06T18:00:26.271837', '2026-01-06T18:00:26.271837');
INSERT INTO movie_projections (id, projection_date, projection_time, cinema_hall_id, movie_id, created_at, updated_at) VALUES ('65dd58d0-c102-4f62-9224-b81d92ae8a36', '2026-08-07', '19:00:00', '855a5c41-43b2-4968-b698-501ccba52db7', '4db689ca-1212-4f39-908b-4a8804221c8f', '2026-01-06T18:00:26.271889', '2026-01-06T18:00:26.271889');
INSERT INTO movie_projections (id, projection_date, projection_time, cinema_hall_id, movie_id, created_at, updated_at) VALUES ('3d0600d3-fed3-48e0-892d-5bb792f28ee4', '2026-07-13', '19:00:00', 'c6127204-b556-472e-8812-12d5aed4e3f9', '4db689ca-1212-4f39-908b-4a8804221c8f', '2026-01-06T18:00:26.271950', '2026-01-06T18:00:26.271950');
INSERT INTO movie_projections (id, projection_date, projection_time, cinema_hall_id, movie_id, created_at, updated_at) VALUES ('191a6adf-e414-404f-9665-953ed95c0c02', '2026-05-16', '10:00:00', 'c6127204-b556-472e-8812-12d5aed4e3f9', '4db689ca-1212-4f39-908b-4a8804221c8f', '2026-01-06T18:00:26.272001', '2026-01-06T18:00:26.272001');
INSERT INTO movie_projections (id, projection_date, projection_time, cinema_hall_id, movie_id, created_at, updated_at) VALUES ('d300f050-c87d-424d-bfeb-788e04cf59a8', '2026-07-08', '10:00:00', 'b7a671bb-f528-4c67-b92c-6a670ddf0cd3', '4db689ca-1212-4f39-908b-4a8804221c8f', '2026-01-06T18:00:26.272051', '2026-01-06T18:00:26.272051');
INSERT INTO movie_projections (id, projection_date, projection_time, cinema_hall_id, movie_id, created_at, updated_at) VALUES ('eafa0a02-485a-4eea-9769-001fc501c0c3', '2026-06-26', '13:00:00', 'fb31358a-eb2f-4cac-9901-7368b51ad47f', '4db689ca-1212-4f39-908b-4a8804221c8f', '2026-01-06T18:00:26.272102', '2026-01-06T18:00:26.272102');
INSERT INTO movie_projections (id, projection_date, projection_time, cinema_hall_id, movie_id, created_at, updated_at) VALUES ('9c37cd4c-dd81-4b1b-a5f8-7f33221eaae8', '2026-07-10', '19:00:00', '754d9a64-a351-458f-90df-29d943c5ae3f', '4db689ca-1212-4f39-908b-4a8804221c8f', '2026-01-06T18:00:26.272152', '2026-01-06T18:00:26.272152');
INSERT INTO movie_projections (id, projection_date, projection_time, cinema_hall_id, movie_id, created_at, updated_at) VALUES ('42bcc52b-a66f-4953-bf3e-0a20e8c58651', '2026-06-23', '16:00:00', '855a5c41-43b2-4968-b698-501ccba52db7', '4db689ca-1212-4f39-908b-4a8804221c8f', '2026-01-06T18:00:26.272203', '2026-01-06T18:00:26.272203');
INSERT INTO movie_projections (id, projection_date, projection_time, cinema_hall_id, movie_id, created_at, updated_at) VALUES ('8adacdf1-1afa-4b53-ad27-0f45f66682b8', '2026-05-12', '10:00:00', '626bed58-a026-40aa-8c12-2010c058bc6f', '4db689ca-1212-4f39-908b-4a8804221c8f', '2026-01-06T18:00:26.272268', '2026-01-06T18:00:26.272268');
INSERT INTO movie_projections (id, projection_date, projection_time, cinema_hall_id, movie_id, created_at, updated_at) VALUES ('d7a13bc0-1c8a-4f9c-b6d1-88c639bc2d63', '2026-06-05', '13:00:00', '626bed58-a026-40aa-8c12-2010c058bc6f', '4db689ca-1212-4f39-908b-4a8804221c8f', '2026-01-06T18:00:26.272336', '2026-01-06T18:00:26.272336');
INSERT INTO movie_projections (id, projection_date, projection_time, cinema_hall_id, movie_id, created_at, updated_at) VALUES ('30f5eee5-cc5a-438b-ab02-5a844ce879f3', '2026-06-08', '10:00:00', 'b7a671bb-f528-4c67-b92c-6a670ddf0cd3', '4db689ca-1212-4f39-908b-4a8804221c8f', '2026-01-06T18:00:26.272434', '2026-01-06T18:00:26.272434');
INSERT INTO movie_projections (id, projection_date, projection_time, cinema_hall_id, movie_id, created_at, updated_at) VALUES ('fdf40ac1-25f5-44b8-8959-2d2c1e19165e', '2026-08-02', '13:00:00', 'c6127204-b556-472e-8812-12d5aed4e3f9', '4db689ca-1212-4f39-908b-4a8804221c8f', '2026-01-06T18:00:26.272533', '2026-01-06T18:00:26.272533');
INSERT INTO movie_projections (id, projection_date, projection_time, cinema_hall_id, movie_id, created_at, updated_at) VALUES ('234a93a9-300e-4ec8-b1c6-d91a0cb5ec79', '2026-07-23', '16:00:00', '754d9a64-a351-458f-90df-29d943c5ae3f', '4db689ca-1212-4f39-908b-4a8804221c8f', '2026-01-06T18:00:26.272617', '2026-01-06T18:00:26.272617');
INSERT INTO movie_projections (id, projection_date, projection_time, cinema_hall_id, movie_id, created_at, updated_at) VALUES ('7f5c6232-3434-4fc3-93c9-484cfb7042dd', '2026-08-07', '10:00:00', '754d9a64-a351-458f-90df-29d943c5ae3f', '4db689ca-1212-4f39-908b-4a8804221c8f', '2026-01-06T18:00:26.272716', '2026-01-06T18:00:26.272716');
INSERT INTO movie_projections (id, projection_date, projection_time, cinema_hall_id, movie_id, created_at, updated_at) VALUES ('39aec3ca-f1c8-459c-b183-465a1e76489e', '2026-05-10', '13:00:00', 'c6127204-b556-472e-8812-12d5aed4e3f9', '4db689ca-1212-4f39-908b-4a8804221c8f', '2026-01-06T18:00:26.272803', '2026-01-06T18:00:26.272803');
INSERT INTO movie_projections (id, projection_date, projection_time, cinema_hall_id, movie_id, created_at, updated_at) VALUES ('b2f61b3d-8ed7-439f-a30a-914132d2c8ed', '2026-06-03', '19:00:00', 'b7a671bb-f528-4c67-b92c-6a670ddf0cd3', '4db689ca-1212-4f39-908b-4a8804221c8f', '2026-01-06T18:00:26.272887', '2026-01-06T18:00:26.272887');
INSERT INTO movie_projections (id, projection_date, projection_time, cinema_hall_id, movie_id, created_at, updated_at) VALUES ('55fe1e7b-e079-40aa-ba88-f88ddc683508', '2026-06-18', '16:00:00', '336818a7-3094-445d-af55-f3f1b72885de', '4db689ca-1212-4f39-908b-4a8804221c8f', '2026-01-06T18:00:26.272995', '2026-01-06T18:00:26.272995');
INSERT INTO movie_projections (id, projection_date, projection_time, cinema_hall_id, movie_id, created_at, updated_at) VALUES ('ac75cdb6-b323-40ff-b034-03b982d69cba', '2026-06-26', '10:00:00', '12cfc0fb-73b1-4a4b-8416-162b8c862879', '4db689ca-1212-4f39-908b-4a8804221c8f', '2026-01-06T18:00:26.273085', '2026-01-06T18:00:26.273085');
INSERT INTO movie_projections (id, projection_date, projection_time, cinema_hall_id, movie_id, created_at, updated_at) VALUES ('04d08a99-5c0a-4351-afbd-7d9bd8215bf8', '2026-07-20', '13:00:00', '1093090e-e74e-4500-ab60-3fd38a89f11b', '4db689ca-1212-4f39-908b-4a8804221c8f', '2026-01-06T18:00:26.273174', '2026-01-06T18:00:26.273174');
INSERT INTO movie_projections (id, projection_date, projection_time, cinema_hall_id, movie_id, created_at, updated_at) VALUES ('733e97ff-2e06-4076-91d7-5ae0a483cd5f', '2026-05-03', '19:00:00', 'd3b645b7-0add-4a8f-83f6-54b98b2815d0', '4db689ca-1212-4f39-908b-4a8804221c8f', '2026-01-06T18:00:26.273261', '2026-01-06T18:00:26.273261');
INSERT INTO movie_projections (id, projection_date, projection_time, cinema_hall_id, movie_id, created_at, updated_at) VALUES ('bb898209-cb02-4981-82b8-9f51a1c3b835', '2026-07-04', '16:00:00', 'b7a671bb-f528-4c67-b92c-6a670ddf0cd3', '4db689ca-1212-4f39-908b-4a8804221c8f', '2026-01-06T18:00:26.273350', '2026-01-06T18:00:26.273350');
INSERT INTO movie_projections (id, projection_date, projection_time, cinema_hall_id, movie_id, created_at, updated_at) VALUES ('46302e43-7cdf-4273-a17b-7352951e13f9', '2026-06-01', '19:00:00', '1093090e-e74e-4500-ab60-3fd38a89f11b', '4db689ca-1212-4f39-908b-4a8804221c8f', '2026-01-06T18:00:26.273440', '2026-01-06T18:00:26.273440');
INSERT INTO movie_projections (id, projection_date, projection_time, cinema_hall_id, movie_id, created_at, updated_at) VALUES ('b9491f75-0240-4cc1-87bf-bd03aa1021c6', '2026-07-15', '16:00:00', 'b7a671bb-f528-4c67-b92c-6a670ddf0cd3', '4db689ca-1212-4f39-908b-4a8804221c8f', '2026-01-06T18:00:26.273546', '2026-01-06T18:00:26.273546');
INSERT INTO movie_projections (id, projection_date, projection_time, cinema_hall_id, movie_id, created_at, updated_at) VALUES ('fad00797-2bbd-49a1-b70f-567fea04ddab', '2026-07-30', '10:00:00', '626bed58-a026-40aa-8c12-2010c058bc6f', '4db689ca-1212-4f39-908b-4a8804221c8f', '2026-01-06T18:00:26.273677', '2026-01-06T18:00:26.273677');
INSERT INTO movie_projections (id, projection_date, projection_time, cinema_hall_id, movie_id, created_at, updated_at) VALUES ('caae705c-be37-4fe5-9259-784a33e45fc2', '2026-06-18', '13:00:00', '626bed58-a026-40aa-8c12-2010c058bc6f', '4db689ca-1212-4f39-908b-4a8804221c8f', '2026-01-06T18:00:26.273797', '2026-01-06T18:00:26.273797');
INSERT INTO movie_projections (id, projection_date, projection_time, cinema_hall_id, movie_id, created_at, updated_at) VALUES ('408c4793-6825-4f26-a0cd-d299ba14cd9c', '2026-06-11', '13:00:00', '1093090e-e74e-4500-ab60-3fd38a89f11b', '4db689ca-1212-4f39-908b-4a8804221c8f', '2026-01-06T18:00:26.273907', '2026-01-06T18:00:26.273907');
INSERT INTO movie_projections (id, projection_date, projection_time, cinema_hall_id, movie_id, created_at, updated_at) VALUES ('e453cc6c-3adb-4a63-862c-c4e4bcd685b1', '2026-06-12', '16:00:00', '336818a7-3094-445d-af55-f3f1b72885de', '4db689ca-1212-4f39-908b-4a8804221c8f', '2026-01-06T18:00:26.273997', '2026-01-06T18:00:26.273997');
INSERT INTO movie_projections (id, projection_date, projection_time, cinema_hall_id, movie_id, created_at, updated_at) VALUES ('db904fb2-89b9-41d5-b95d-a018bd035b45', '2026-07-19', '19:00:00', 'fb31358a-eb2f-4cac-9901-7368b51ad47f', '4db689ca-1212-4f39-908b-4a8804221c8f', '2026-01-06T18:00:26.274100', '2026-01-06T18:00:26.274100');
INSERT INTO movie_projections (id, projection_date, projection_time, cinema_hall_id, movie_id, created_at, updated_at) VALUES ('6912a71a-90f0-4164-aef3-6468df624642', '2026-07-12', '19:00:00', '855a5c41-43b2-4968-b698-501ccba52db7', '4db689ca-1212-4f39-908b-4a8804221c8f', '2026-01-06T18:00:26.274165', '2026-01-06T18:00:26.274165');
INSERT INTO movie_projections (id, projection_date, projection_time, cinema_hall_id, movie_id, created_at, updated_at) VALUES ('5419178d-4887-4177-b98e-029f272905be', '2026-06-14', '16:00:00', '12cfc0fb-73b1-4a4b-8416-162b8c862879', '4db689ca-1212-4f39-908b-4a8804221c8f', '2026-01-06T18:00:26.274218', '2026-01-06T18:00:26.274218');
INSERT INTO movie_projections (id, projection_date, projection_time, cinema_hall_id, movie_id, created_at, updated_at) VALUES ('c8b694ad-a8ac-44c6-9866-290b4881b20f', '2026-07-09', '10:00:00', '1368e1f8-aa54-4d8e-99d2-eadb141e97cb', '4db689ca-1212-4f39-908b-4a8804221c8f', '2026-01-06T18:00:26.274270', '2026-01-06T18:00:26.274270');
INSERT INTO movie_projections (id, projection_date, projection_time, cinema_hall_id, movie_id, created_at, updated_at) VALUES ('81e06a5e-f2c3-402f-8ed9-f08536f82c16', '2026-08-04', '19:00:00', 'd3b645b7-0add-4a8f-83f6-54b98b2815d0', '4db689ca-1212-4f39-908b-4a8804221c8f', '2026-01-06T18:00:26.274321', '2026-01-06T18:00:26.274321');
INSERT INTO movie_projections (id, projection_date, projection_time, cinema_hall_id, movie_id, created_at, updated_at) VALUES ('5f0f2fbc-9cd0-4335-ba84-b6746145e034', '2026-04-29', '10:00:00', '855a5c41-43b2-4968-b698-501ccba52db7', 'ff8012cb-10d6-42fa-a2e7-46f33587def3', '2026-01-06T18:00:26.274387', '2026-01-06T18:00:26.274387');
INSERT INTO movie_projections (id, projection_date, projection_time, cinema_hall_id, movie_id, created_at, updated_at) VALUES ('f01bb1ee-35cd-4ebf-8a0e-dd65ba1430df', '2026-04-11', '13:00:00', 'b7a671bb-f528-4c67-b92c-6a670ddf0cd3', 'ff8012cb-10d6-42fa-a2e7-46f33587def3', '2026-01-06T18:00:26.274464', '2026-01-06T18:00:26.274464');
INSERT INTO movie_projections (id, projection_date, projection_time, cinema_hall_id, movie_id, created_at, updated_at) VALUES ('a00e774e-abe8-4f3e-9716-5877dd2c0937', '2026-05-18', '13:00:00', 'd3b645b7-0add-4a8f-83f6-54b98b2815d0', 'ff8012cb-10d6-42fa-a2e7-46f33587def3', '2026-01-06T18:00:26.274525', '2026-01-06T18:00:26.274525');
INSERT INTO movie_projections (id, projection_date, projection_time, cinema_hall_id, movie_id, created_at, updated_at) VALUES ('bbab11bd-6265-4d9e-8118-e52f32b024af', '2026-05-15', '16:00:00', 'c6127204-b556-472e-8812-12d5aed4e3f9', 'ff8012cb-10d6-42fa-a2e7-46f33587def3', '2026-01-06T18:00:26.274573', '2026-01-06T18:00:26.274573');
INSERT INTO movie_projections (id, projection_date, projection_time, cinema_hall_id, movie_id, created_at, updated_at) VALUES ('838b2a0c-1e61-4ab4-a885-c6d4245cc4f4', '2026-04-30', '16:00:00', '626bed58-a026-40aa-8c12-2010c058bc6f', 'ff8012cb-10d6-42fa-a2e7-46f33587def3', '2026-01-06T18:00:26.274619', '2026-01-06T18:00:26.274619');
INSERT INTO movie_projections (id, projection_date, projection_time, cinema_hall_id, movie_id, created_at, updated_at) VALUES ('5cc9bdcf-6780-442e-8acc-b3f5f2577a5b', '2026-05-07', '16:00:00', '1368e1f8-aa54-4d8e-99d2-eadb141e97cb', 'ff8012cb-10d6-42fa-a2e7-46f33587def3', '2026-01-06T18:00:26.274666', '2026-01-06T18:00:26.274666');
INSERT INTO movie_projections (id, projection_date, projection_time, cinema_hall_id, movie_id, created_at, updated_at) VALUES ('a479d906-1372-4850-98c4-0d25ab9ddb95', '2026-05-17', '16:00:00', '855a5c41-43b2-4968-b698-501ccba52db7', 'ff8012cb-10d6-42fa-a2e7-46f33587def3', '2026-01-06T18:00:26.274712', '2026-01-06T18:00:26.274712');
INSERT INTO movie_projections (id, projection_date, projection_time, cinema_hall_id, movie_id, created_at, updated_at) VALUES ('d8dcef54-a99e-44c3-8f43-c4d47f0139dc', '2026-04-11', '19:00:00', 'fb31358a-eb2f-4cac-9901-7368b51ad47f', 'ff8012cb-10d6-42fa-a2e7-46f33587def3', '2026-01-06T18:00:26.274757', '2026-01-06T18:00:26.274757');
INSERT INTO movie_projections (id, projection_date, projection_time, cinema_hall_id, movie_id, created_at, updated_at) VALUES ('521c8fa7-5db2-458c-9ea6-679e4608a1ec', '2026-03-30', '16:00:00', '336818a7-3094-445d-af55-f3f1b72885de', 'ff8012cb-10d6-42fa-a2e7-46f33587def3', '2026-01-06T18:00:26.274808', '2026-01-06T18:00:26.274808');
INSERT INTO movie_projections (id, projection_date, projection_time, cinema_hall_id, movie_id, created_at, updated_at) VALUES ('e8578e5f-fd0a-4708-9485-e3d95a1a9397', '2026-05-04', '13:00:00', 'fb31358a-eb2f-4cac-9901-7368b51ad47f', 'ff8012cb-10d6-42fa-a2e7-46f33587def3', '2026-01-06T18:00:26.274855', '2026-01-06T18:00:26.274855');
INSERT INTO movie_projections (id, projection_date, projection_time, cinema_hall_id, movie_id, created_at, updated_at) VALUES ('f500ace5-df03-4cd3-a077-ab54e82a95f7', '2026-04-02', '19:00:00', 'fb31358a-eb2f-4cac-9901-7368b51ad47f', 'ff8012cb-10d6-42fa-a2e7-46f33587def3', '2026-01-06T18:00:26.274901', '2026-01-06T18:00:26.274901');
INSERT INTO movie_projections (id, projection_date, projection_time, cinema_hall_id, movie_id, created_at, updated_at) VALUES ('e0eaa07e-173a-4b8a-8a28-e75fbf9ed3ef', '2026-04-29', '13:00:00', 'b7a671bb-f528-4c67-b92c-6a670ddf0cd3', 'ff8012cb-10d6-42fa-a2e7-46f33587def3', '2026-01-06T18:00:26.274947', '2026-01-06T18:00:26.274947');
INSERT INTO movie_projections (id, projection_date, projection_time, cinema_hall_id, movie_id, created_at, updated_at) VALUES ('5ada2c66-bd6c-4a7c-ad5c-a5e59e0feb10', '2026-04-10', '16:00:00', 'd3b645b7-0add-4a8f-83f6-54b98b2815d0', 'ff8012cb-10d6-42fa-a2e7-46f33587def3', '2026-01-06T18:00:26.275005', '2026-01-06T18:00:26.275005');
INSERT INTO movie_projections (id, projection_date, projection_time, cinema_hall_id, movie_id, created_at, updated_at) VALUES ('4a6d1a9c-2fa0-4906-8a97-ee093f812d7e', '2026-04-26', '13:00:00', '855a5c41-43b2-4968-b698-501ccba52db7', 'ff8012cb-10d6-42fa-a2e7-46f33587def3', '2026-01-06T18:00:26.275058', '2026-01-06T18:00:26.275058');
INSERT INTO movie_projections (id, projection_date, projection_time, cinema_hall_id, movie_id, created_at, updated_at) VALUES ('c842f1fd-db5e-4290-9868-fc23ea169bcb', '2026-05-11', '10:00:00', '336818a7-3094-445d-af55-f3f1b72885de', 'ff8012cb-10d6-42fa-a2e7-46f33587def3', '2026-01-06T18:00:26.275105', '2026-01-06T18:00:26.275105');
INSERT INTO movie_projections (id, projection_date, projection_time, cinema_hall_id, movie_id, created_at, updated_at) VALUES ('62de2c02-c966-4239-ad38-ac7e30b3a2b2', '2026-04-12', '13:00:00', '855a5c41-43b2-4968-b698-501ccba52db7', 'ff8012cb-10d6-42fa-a2e7-46f33587def3', '2026-01-06T18:00:26.275150', '2026-01-06T18:00:26.275150');
INSERT INTO movie_projections (id, projection_date, projection_time, cinema_hall_id, movie_id, created_at, updated_at) VALUES ('ff1ba85f-a6ae-420c-b174-c47ed5959acb', '2026-05-15', '16:00:00', 'b7a671bb-f528-4c67-b92c-6a670ddf0cd3', 'ff8012cb-10d6-42fa-a2e7-46f33587def3', '2026-01-06T18:00:26.275210', '2026-01-06T18:00:26.275210');
INSERT INTO movie_projections (id, projection_date, projection_time, cinema_hall_id, movie_id, created_at, updated_at) VALUES ('0f99eda2-1e30-47ff-a5a2-24f99331b839', '2026-03-29', '16:00:00', '754d9a64-a351-458f-90df-29d943c5ae3f', 'ff8012cb-10d6-42fa-a2e7-46f33587def3', '2026-01-06T18:00:26.275260', '2026-01-06T18:00:26.275260');
INSERT INTO movie_projections (id, projection_date, projection_time, cinema_hall_id, movie_id, created_at, updated_at) VALUES ('3aa72026-d1b9-4d02-b98e-ca66a01a7f59', '2026-04-27', '16:00:00', '12cfc0fb-73b1-4a4b-8416-162b8c862879', 'ff8012cb-10d6-42fa-a2e7-46f33587def3', '2026-01-06T18:00:26.275305', '2026-01-06T18:00:26.275305');
INSERT INTO movie_projections (id, projection_date, projection_time, cinema_hall_id, movie_id, created_at, updated_at) VALUES ('50eff09b-5636-48a0-96e4-fd39be01fff2', '2026-03-28', '19:00:00', '1093090e-e74e-4500-ab60-3fd38a89f11b', 'ff8012cb-10d6-42fa-a2e7-46f33587def3', '2026-01-06T18:00:26.275351', '2026-01-06T18:00:26.275351');
INSERT INTO movie_projections (id, projection_date, projection_time, cinema_hall_id, movie_id, created_at, updated_at) VALUES ('73e5217a-47f8-4335-8014-f9f27246c64a', '2026-05-12', '16:00:00', 'd3b645b7-0add-4a8f-83f6-54b98b2815d0', 'ff8012cb-10d6-42fa-a2e7-46f33587def3', '2026-01-06T18:00:26.275396', '2026-01-06T18:00:26.275396');
INSERT INTO movie_projections (id, projection_date, projection_time, cinema_hall_id, movie_id, created_at, updated_at) VALUES ('aad17763-45c0-4aa2-a471-0df0ebe2983a', '2026-05-13', '16:00:00', '754d9a64-a351-458f-90df-29d943c5ae3f', 'ff8012cb-10d6-42fa-a2e7-46f33587def3', '2026-01-06T18:00:26.275442', '2026-01-06T18:00:26.275442');
INSERT INTO movie_projections (id, projection_date, projection_time, cinema_hall_id, movie_id, created_at, updated_at) VALUES ('41c379e7-f186-4e3d-a675-69ad6d1a6c81', '2026-03-31', '13:00:00', 'c6127204-b556-472e-8812-12d5aed4e3f9', 'ff8012cb-10d6-42fa-a2e7-46f33587def3', '2026-01-06T18:00:26.275487', '2026-01-06T18:00:26.275487');
INSERT INTO movie_projections (id, projection_date, projection_time, cinema_hall_id, movie_id, created_at, updated_at) VALUES ('a71fd524-62e0-4fa6-9e00-536c64abff1e', '2026-03-30', '13:00:00', 'd3b645b7-0add-4a8f-83f6-54b98b2815d0', 'ff8012cb-10d6-42fa-a2e7-46f33587def3', '2026-01-06T18:00:26.275544', '2026-01-06T18:00:26.275544');
INSERT INTO movie_projections (id, projection_date, projection_time, cinema_hall_id, movie_id, created_at, updated_at) VALUES ('277c2e5e-0040-4b52-ad28-1e09c57f1334', '2026-05-08', '13:00:00', '1368e1f8-aa54-4d8e-99d2-eadb141e97cb', 'ff8012cb-10d6-42fa-a2e7-46f33587def3', '2026-01-06T18:00:26.275595', '2026-01-06T18:00:26.275595');
INSERT INTO movie_projections (id, projection_date, projection_time, cinema_hall_id, movie_id, created_at, updated_at) VALUES ('4f07fed9-c0b1-4b36-b211-62389aefbe47', '2026-03-30', '13:00:00', '336818a7-3094-445d-af55-f3f1b72885de', 'ff8012cb-10d6-42fa-a2e7-46f33587def3', '2026-01-06T18:00:26.275642', '2026-01-06T18:00:26.275642');
INSERT INTO movie_projections (id, projection_date, projection_time, cinema_hall_id, movie_id, created_at, updated_at) VALUES ('3f94049d-484d-4429-8643-dade23c8d6b2', '2026-05-05', '10:00:00', 'c6127204-b556-472e-8812-12d5aed4e3f9', 'ff8012cb-10d6-42fa-a2e7-46f33587def3', '2026-01-06T18:00:26.275687', '2026-01-06T18:00:26.275687');
INSERT INTO movie_projections (id, projection_date, projection_time, cinema_hall_id, movie_id, created_at, updated_at) VALUES ('f45a5ba2-6731-4727-bf83-601123b4e16d', '2026-04-15', '19:00:00', '754d9a64-a351-458f-90df-29d943c5ae3f', 'ff8012cb-10d6-42fa-a2e7-46f33587def3', '2026-01-06T18:00:26.275734', '2026-01-06T18:00:26.275734');
INSERT INTO movie_projections (id, projection_date, projection_time, cinema_hall_id, movie_id, created_at, updated_at) VALUES ('f94b4d5b-4a35-4ba0-bb83-0aa545b455f8', '2026-04-28', '13:00:00', 'b7a671bb-f528-4c67-b92c-6a670ddf0cd3', 'ff8012cb-10d6-42fa-a2e7-46f33587def3', '2026-01-06T18:00:26.275780', '2026-01-06T18:00:26.275780');
INSERT INTO movie_projections (id, projection_date, projection_time, cinema_hall_id, movie_id, created_at, updated_at) VALUES ('20ba3a53-2cb1-40c2-9198-db377ff5ae13', '2026-05-18', '16:00:00', '1093090e-e74e-4500-ab60-3fd38a89f11b', 'ff8012cb-10d6-42fa-a2e7-46f33587def3', '2026-01-06T18:00:26.275825', '2026-01-06T18:00:26.275825');
INSERT INTO movie_projections (id, projection_date, projection_time, cinema_hall_id, movie_id, created_at, updated_at) VALUES ('90dcdd00-80e4-496a-8ef0-7ec3d201f44a', '2026-04-04', '16:00:00', '754d9a64-a351-458f-90df-29d943c5ae3f', 'ff8012cb-10d6-42fa-a2e7-46f33587def3', '2026-01-06T18:00:26.275871', '2026-01-06T18:00:26.275871');
INSERT INTO movie_projections (id, projection_date, projection_time, cinema_hall_id, movie_id, created_at, updated_at) VALUES ('19bcdd2e-5ebd-4586-99b4-0b1e405f0ea6', '2026-03-28', '10:00:00', 'b7a671bb-f528-4c67-b92c-6a670ddf0cd3', 'ff8012cb-10d6-42fa-a2e7-46f33587def3', '2026-01-06T18:00:26.275916', '2026-01-06T18:00:26.275916');
INSERT INTO movie_projections (id, projection_date, projection_time, cinema_hall_id, movie_id, created_at, updated_at) VALUES ('d97f18d0-eeaa-4b2c-94f8-51268439be06', '2026-05-09', '10:00:00', '855a5c41-43b2-4968-b698-501ccba52db7', 'ff8012cb-10d6-42fa-a2e7-46f33587def3', '2026-01-06T18:00:26.275967', '2026-01-06T18:00:26.275967');
INSERT INTO movie_projections (id, projection_date, projection_time, cinema_hall_id, movie_id, created_at, updated_at) VALUES ('4f82e558-fb93-4565-b505-8f41400442fa', '2026-03-25', '16:00:00', '855a5c41-43b2-4968-b698-501ccba52db7', 'ff8012cb-10d6-42fa-a2e7-46f33587def3', '2026-01-06T18:00:26.276019', '2026-01-06T18:00:26.276019');
INSERT INTO movie_projections (id, projection_date, projection_time, cinema_hall_id, movie_id, created_at, updated_at) VALUES ('885e1497-5f89-4222-a266-5be71e048e0b', '2026-05-01', '16:00:00', '1368e1f8-aa54-4d8e-99d2-eadb141e97cb', 'ff8012cb-10d6-42fa-a2e7-46f33587def3', '2026-01-06T18:00:26.276065', '2026-01-06T18:00:26.276065');
INSERT INTO movie_projections (id, projection_date, projection_time, cinema_hall_id, movie_id, created_at, updated_at) VALUES ('681456a8-03b5-46a4-a50f-ccde151d2ddf', '2026-04-17', '10:00:00', '1368e1f8-aa54-4d8e-99d2-eadb141e97cb', 'ff8012cb-10d6-42fa-a2e7-46f33587def3', '2026-01-06T18:00:26.276110', '2026-01-06T18:00:26.276110');
INSERT INTO movie_projections (id, projection_date, projection_time, cinema_hall_id, movie_id, created_at, updated_at) VALUES ('f2f8dc23-83a0-4d67-bcde-797ad7b45a64', '2026-03-24', '16:00:00', 'c6127204-b556-472e-8812-12d5aed4e3f9', 'ff8012cb-10d6-42fa-a2e7-46f33587def3', '2026-01-06T18:00:26.276156', '2026-01-06T18:00:26.276156');
INSERT INTO movie_projections (id, projection_date, projection_time, cinema_hall_id, movie_id, created_at, updated_at) VALUES ('dfb34339-5629-48e7-b909-c1b75ac63641', '2026-04-14', '10:00:00', '336818a7-3094-445d-af55-f3f1b72885de', 'ff8012cb-10d6-42fa-a2e7-46f33587def3', '2026-01-06T18:00:26.276202', '2026-01-06T18:00:26.276202');
INSERT INTO movie_projections (id, projection_date, projection_time, cinema_hall_id, movie_id, created_at, updated_at) VALUES ('52c93fdb-759d-4dfb-af21-80617a94ba9d', '2026-05-23', '10:00:00', '754d9a64-a351-458f-90df-29d943c5ae3f', 'ff8012cb-10d6-42fa-a2e7-46f33587def3', '2026-01-06T18:00:26.276248', '2026-01-06T18:00:26.276248');
INSERT INTO movie_projections (id, projection_date, projection_time, cinema_hall_id, movie_id, created_at, updated_at) VALUES ('2655ae25-22df-4db8-bee6-a15f25ec6ede', '2026-04-09', '13:00:00', '336818a7-3094-445d-af55-f3f1b72885de', 'ff8012cb-10d6-42fa-a2e7-46f33587def3', '2026-01-06T18:00:26.276294', '2026-01-06T18:00:26.276294');
INSERT INTO movie_projections (id, projection_date, projection_time, cinema_hall_id, movie_id, created_at, updated_at) VALUES ('089c2a0e-8f7a-404d-9336-aeca99a17d2b', '2026-07-04', '16:00:00', 'fb31358a-eb2f-4cac-9901-7368b51ad47f', '81e5747a-0cb7-40ed-acc6-3c032f3b4809', '2026-01-06T18:00:26.276349', '2026-01-06T18:00:26.276349');
INSERT INTO movie_projections (id, projection_date, projection_time, cinema_hall_id, movie_id, created_at, updated_at) VALUES ('4b0c8494-cc16-4b92-8583-fb543c544de6', '2026-04-18', '19:00:00', '855a5c41-43b2-4968-b698-501ccba52db7', '81e5747a-0cb7-40ed-acc6-3c032f3b4809', '2026-01-06T18:00:26.276395', '2026-01-06T18:00:26.276395');
INSERT INTO movie_projections (id, projection_date, projection_time, cinema_hall_id, movie_id, created_at, updated_at) VALUES ('41f77552-faec-4b36-b564-2c5f67e4c38b', '2026-07-03', '16:00:00', 'd3b645b7-0add-4a8f-83f6-54b98b2815d0', '81e5747a-0cb7-40ed-acc6-3c032f3b4809', '2026-01-06T18:00:26.276441', '2026-01-06T18:00:26.276441');
INSERT INTO movie_projections (id, projection_date, projection_time, cinema_hall_id, movie_id, created_at, updated_at) VALUES ('10c57de3-6f78-45b5-b7db-d0c22186a281', '2026-06-17', '16:00:00', '626bed58-a026-40aa-8c12-2010c058bc6f', '81e5747a-0cb7-40ed-acc6-3c032f3b4809', '2026-01-06T18:00:26.276486', '2026-01-06T18:00:26.276486');
INSERT INTO movie_projections (id, projection_date, projection_time, cinema_hall_id, movie_id, created_at, updated_at) VALUES ('241023ca-299f-48c8-9fde-5c1be7ca2f7f', '2026-06-11', '10:00:00', 'c6127204-b556-472e-8812-12d5aed4e3f9', '81e5747a-0cb7-40ed-acc6-3c032f3b4809', '2026-01-06T18:00:26.276544', '2026-01-06T18:00:26.276544');
INSERT INTO movie_projections (id, projection_date, projection_time, cinema_hall_id, movie_id, created_at, updated_at) VALUES ('83077f95-8352-4c8f-a43f-8c9c375ab6af', '2026-04-27', '16:00:00', '626bed58-a026-40aa-8c12-2010c058bc6f', '81e5747a-0cb7-40ed-acc6-3c032f3b4809', '2026-01-06T18:00:26.276590', '2026-01-06T18:00:26.276590');
INSERT INTO movie_projections (id, projection_date, projection_time, cinema_hall_id, movie_id, created_at, updated_at) VALUES ('a980a329-1d62-402d-a3eb-be4ad4103cc7', '2026-06-29', '13:00:00', '754d9a64-a351-458f-90df-29d943c5ae3f', '81e5747a-0cb7-40ed-acc6-3c032f3b4809', '2026-01-06T18:00:26.276636', '2026-01-06T18:00:26.276636');
INSERT INTO movie_projections (id, projection_date, projection_time, cinema_hall_id, movie_id, created_at, updated_at) VALUES ('1d569c4f-7f20-4409-b758-81028720b3d9', '2026-05-25', '16:00:00', '754d9a64-a351-458f-90df-29d943c5ae3f', '81e5747a-0cb7-40ed-acc6-3c032f3b4809', '2026-01-06T18:00:26.276681', '2026-01-06T18:00:26.276681');
INSERT INTO movie_projections (id, projection_date, projection_time, cinema_hall_id, movie_id, created_at, updated_at) VALUES ('b63867f9-22e0-4599-a4f9-164d9403edc8', '2026-07-20', '10:00:00', '754d9a64-a351-458f-90df-29d943c5ae3f', '81e5747a-0cb7-40ed-acc6-3c032f3b4809', '2026-01-06T18:00:26.276739', '2026-01-06T18:00:26.276739');
INSERT INTO movie_projections (id, projection_date, projection_time, cinema_hall_id, movie_id, created_at, updated_at) VALUES ('446ebf3a-f46b-4cbd-8d5f-6bf2ae2e4481', '2026-07-15', '10:00:00', '1368e1f8-aa54-4d8e-99d2-eadb141e97cb', '81e5747a-0cb7-40ed-acc6-3c032f3b4809', '2026-01-06T18:00:26.276786', '2026-01-06T18:00:26.276786');
INSERT INTO movie_projections (id, projection_date, projection_time, cinema_hall_id, movie_id, created_at, updated_at) VALUES ('96b947b7-e6c0-4c4d-9cde-6aa857ab5956', '2026-06-03', '16:00:00', '754d9a64-a351-458f-90df-29d943c5ae3f', '81e5747a-0cb7-40ed-acc6-3c032f3b4809', '2026-01-06T18:00:26.276831', '2026-01-06T18:00:26.276831');
INSERT INTO movie_projections (id, projection_date, projection_time, cinema_hall_id, movie_id, created_at, updated_at) VALUES ('48ee8819-01b8-457e-b69f-d500ea96edfc', '2026-07-15', '13:00:00', '1368e1f8-aa54-4d8e-99d2-eadb141e97cb', '81e5747a-0cb7-40ed-acc6-3c032f3b4809', '2026-01-06T18:00:26.276876', '2026-01-06T18:00:26.276876');
INSERT INTO movie_projections (id, projection_date, projection_time, cinema_hall_id, movie_id, created_at, updated_at) VALUES ('9f5caf42-bad7-4099-bf3d-f0212346007e', '2026-06-27', '19:00:00', '336818a7-3094-445d-af55-f3f1b72885de', '81e5747a-0cb7-40ed-acc6-3c032f3b4809', '2026-01-06T18:00:26.276921', '2026-01-06T18:00:26.276921');
INSERT INTO movie_projections (id, projection_date, projection_time, cinema_hall_id, movie_id, created_at, updated_at) VALUES ('b47c502c-4889-4177-b6b6-0af1aa3bfa52', '2026-05-19', '10:00:00', '1368e1f8-aa54-4d8e-99d2-eadb141e97cb', '81e5747a-0cb7-40ed-acc6-3c032f3b4809', '2026-01-06T18:00:26.276967', '2026-01-06T18:00:26.276967');
INSERT INTO movie_projections (id, projection_date, projection_time, cinema_hall_id, movie_id, created_at, updated_at) VALUES ('c1f084dd-3e50-4a9f-981c-0539ad76bc3c', '2026-07-04', '13:00:00', '626bed58-a026-40aa-8c12-2010c058bc6f', '81e5747a-0cb7-40ed-acc6-3c032f3b4809', '2026-01-06T18:00:26.277019', '2026-01-06T18:00:26.277019');
INSERT INTO movie_projections (id, projection_date, projection_time, cinema_hall_id, movie_id, created_at, updated_at) VALUES ('c0852ed3-f242-42c1-82c4-3eb07d800f70', '2026-06-15', '16:00:00', '754d9a64-a351-458f-90df-29d943c5ae3f', '81e5747a-0cb7-40ed-acc6-3c032f3b4809', '2026-01-06T18:00:26.277064', '2026-01-06T18:00:26.277064');
INSERT INTO movie_projections (id, projection_date, projection_time, cinema_hall_id, movie_id, created_at, updated_at) VALUES ('cee36903-ee55-4070-948a-a881cc323bca', '2026-04-21', '19:00:00', 'b7a671bb-f528-4c67-b92c-6a670ddf0cd3', '81e5747a-0cb7-40ed-acc6-3c032f3b4809', '2026-01-06T18:00:26.277115', '2026-01-06T18:00:26.277115');
INSERT INTO movie_projections (id, projection_date, projection_time, cinema_hall_id, movie_id, created_at, updated_at) VALUES ('839d2155-793a-411d-ab0d-ccbd11b0e381', '2026-05-12', '13:00:00', '1368e1f8-aa54-4d8e-99d2-eadb141e97cb', '81e5747a-0cb7-40ed-acc6-3c032f3b4809', '2026-01-06T18:00:26.277161', '2026-01-06T18:00:26.277161');
INSERT INTO movie_projections (id, projection_date, projection_time, cinema_hall_id, movie_id, created_at, updated_at) VALUES ('29294972-dc39-4146-8c0c-4561e5f79d02', '2026-06-03', '13:00:00', 'b7a671bb-f528-4c67-b92c-6a670ddf0cd3', '81e5747a-0cb7-40ed-acc6-3c032f3b4809', '2026-01-06T18:00:26.277206', '2026-01-06T18:00:26.277206');
INSERT INTO movie_projections (id, projection_date, projection_time, cinema_hall_id, movie_id, created_at, updated_at) VALUES ('0168b593-0aee-46aa-b303-a9c3773bd64b', '2026-06-27', '19:00:00', 'b7a671bb-f528-4c67-b92c-6a670ddf0cd3', '81e5747a-0cb7-40ed-acc6-3c032f3b4809', '2026-01-06T18:00:26.277251', '2026-01-06T18:00:26.277251');
INSERT INTO movie_projections (id, projection_date, projection_time, cinema_hall_id, movie_id, created_at, updated_at) VALUES ('a3fc546b-6dfa-474b-b158-d6f30949b230', '2026-07-01', '19:00:00', 'b7a671bb-f528-4c67-b92c-6a670ddf0cd3', '81e5747a-0cb7-40ed-acc6-3c032f3b4809', '2026-01-06T18:00:26.277296', '2026-01-06T18:00:26.277296');
INSERT INTO movie_projections (id, projection_date, projection_time, cinema_hall_id, movie_id, created_at, updated_at) VALUES ('26801d6b-523e-491d-9ba2-f487a5a71ff6', '2026-05-31', '10:00:00', '626bed58-a026-40aa-8c12-2010c058bc6f', '81e5747a-0cb7-40ed-acc6-3c032f3b4809', '2026-01-06T18:00:26.277342', '2026-01-06T18:00:26.277342');
INSERT INTO movie_projections (id, projection_date, projection_time, cinema_hall_id, movie_id, created_at, updated_at) VALUES ('1e962b33-a4ec-4ed0-ab5c-c2da53b636f1', '2026-05-08', '13:00:00', '855a5c41-43b2-4968-b698-501ccba52db7', '81e5747a-0cb7-40ed-acc6-3c032f3b4809', '2026-01-06T18:00:26.277387', '2026-01-06T18:00:26.277387');
INSERT INTO movie_projections (id, projection_date, projection_time, cinema_hall_id, movie_id, created_at, updated_at) VALUES ('1d6d1375-6347-421c-86ff-0e848829e35a', '2026-06-07', '19:00:00', '855a5c41-43b2-4968-b698-501ccba52db7', '81e5747a-0cb7-40ed-acc6-3c032f3b4809', '2026-01-06T18:00:26.277432', '2026-01-06T18:00:26.277432');
INSERT INTO movie_projections (id, projection_date, projection_time, cinema_hall_id, movie_id, created_at, updated_at) VALUES ('f752d4c8-1d08-4952-9c24-6240606f9e70', '2026-06-02', '16:00:00', 'c6127204-b556-472e-8812-12d5aed4e3f9', '81e5747a-0cb7-40ed-acc6-3c032f3b4809', '2026-01-06T18:00:26.277491', '2026-01-06T18:00:26.277491');
INSERT INTO movie_projections (id, projection_date, projection_time, cinema_hall_id, movie_id, created_at, updated_at) VALUES ('ae34382b-534c-4eab-8826-57505f62bae6', '2026-04-22', '16:00:00', '1368e1f8-aa54-4d8e-99d2-eadb141e97cb', '81e5747a-0cb7-40ed-acc6-3c032f3b4809', '2026-01-06T18:00:26.277557', '2026-01-06T18:00:26.277557');
INSERT INTO movie_projections (id, projection_date, projection_time, cinema_hall_id, movie_id, created_at, updated_at) VALUES ('97c96809-e087-49e7-a96d-12f5a6e1581c', '2026-05-23', '10:00:00', '1368e1f8-aa54-4d8e-99d2-eadb141e97cb', '81e5747a-0cb7-40ed-acc6-3c032f3b4809', '2026-01-06T18:00:26.277605', '2026-01-06T18:00:26.277605');
INSERT INTO movie_projections (id, projection_date, projection_time, cinema_hall_id, movie_id, created_at, updated_at) VALUES ('213738ef-733a-4d7d-aee6-2c8b8a0b3828', '2026-06-11', '16:00:00', 'd3b645b7-0add-4a8f-83f6-54b98b2815d0', '81e5747a-0cb7-40ed-acc6-3c032f3b4809', '2026-01-06T18:00:26.277651', '2026-01-06T18:00:26.277651');
INSERT INTO movie_projections (id, projection_date, projection_time, cinema_hall_id, movie_id, created_at, updated_at) VALUES ('2d6505e5-9819-4656-8110-5268a2e0c9b9', '2026-07-18', '10:00:00', '754d9a64-a351-458f-90df-29d943c5ae3f', '81e5747a-0cb7-40ed-acc6-3c032f3b4809', '2026-01-06T18:00:26.277697', '2026-01-06T18:00:26.277697');
INSERT INTO movie_projections (id, projection_date, projection_time, cinema_hall_id, movie_id, created_at, updated_at) VALUES ('a6cbdbfa-32cd-4e1d-af11-7d4b9f0a7e56', '2026-06-23', '16:00:00', 'fb31358a-eb2f-4cac-9901-7368b51ad47f', '81e5747a-0cb7-40ed-acc6-3c032f3b4809', '2026-01-06T18:00:26.277742', '2026-01-06T18:00:26.277742');
INSERT INTO movie_projections (id, projection_date, projection_time, cinema_hall_id, movie_id, created_at, updated_at) VALUES ('52d3aa80-e84f-4431-93a7-b8aff7bcae2d', '2026-05-25', '16:00:00', 'c6127204-b556-472e-8812-12d5aed4e3f9', '81e5747a-0cb7-40ed-acc6-3c032f3b4809', '2026-01-06T18:00:26.277787', '2026-01-06T18:00:26.277787');
INSERT INTO movie_projections (id, projection_date, projection_time, cinema_hall_id, movie_id, created_at, updated_at) VALUES ('1c28c473-0aca-4829-83ee-8251cde90286', '2026-07-22', '13:00:00', '1368e1f8-aa54-4d8e-99d2-eadb141e97cb', '81e5747a-0cb7-40ed-acc6-3c032f3b4809', '2026-01-06T18:00:26.277833', '2026-01-06T18:00:26.277833');
INSERT INTO movie_projections (id, projection_date, projection_time, cinema_hall_id, movie_id, created_at, updated_at) VALUES ('3a604230-84ad-4161-a149-8bde69f64326', '2026-06-16', '13:00:00', '1093090e-e74e-4500-ab60-3fd38a89f11b', '81e5747a-0cb7-40ed-acc6-3c032f3b4809', '2026-01-06T18:00:26.277884', '2026-01-06T18:00:26.277884');
INSERT INTO movie_projections (id, projection_date, projection_time, cinema_hall_id, movie_id, created_at, updated_at) VALUES ('1bef5995-6837-4777-94d7-167eb11089e5', '2026-07-03', '10:00:00', '754d9a64-a351-458f-90df-29d943c5ae3f', '81e5747a-0cb7-40ed-acc6-3c032f3b4809', '2026-01-06T18:00:26.277929', '2026-01-06T18:00:26.277929');
INSERT INTO movie_projections (id, projection_date, projection_time, cinema_hall_id, movie_id, created_at, updated_at) VALUES ('d6b89526-f884-4b33-bbcf-d2a95aad0ce7', '2026-07-23', '16:00:00', 'd3b645b7-0add-4a8f-83f6-54b98b2815d0', '81e5747a-0cb7-40ed-acc6-3c032f3b4809', '2026-01-06T18:00:26.277974', '2026-01-06T18:00:26.277974');
INSERT INTO movie_projections (id, projection_date, projection_time, cinema_hall_id, movie_id, created_at, updated_at) VALUES ('0c03d99e-e34d-4ee7-9c09-7fee41b621da', '2026-05-05', '10:00:00', '1368e1f8-aa54-4d8e-99d2-eadb141e97cb', '81e5747a-0cb7-40ed-acc6-3c032f3b4809', '2026-01-06T18:00:26.278029', '2026-01-06T18:00:26.278029');
INSERT INTO movie_projections (id, projection_date, projection_time, cinema_hall_id, movie_id, created_at, updated_at) VALUES ('e68e2528-0d61-43b1-b4d1-c4407698d3e2', '2026-08-07', '13:00:00', '855a5c41-43b2-4968-b698-501ccba52db7', '81e5747a-0cb7-40ed-acc6-3c032f3b4809', '2026-01-06T18:00:26.278075', '2026-01-06T18:00:26.278075');
INSERT INTO movie_projections (id, projection_date, projection_time, cinema_hall_id, movie_id, created_at, updated_at) VALUES ('9928efd5-27dd-4232-af39-b5fc269bfe8d', '2026-05-10', '10:00:00', '1368e1f8-aa54-4d8e-99d2-eadb141e97cb', '81e5747a-0cb7-40ed-acc6-3c032f3b4809', '2026-01-06T18:00:26.278119', '2026-01-06T18:00:26.278119');
INSERT INTO movie_projections (id, projection_date, projection_time, cinema_hall_id, movie_id, created_at, updated_at) VALUES ('1219edad-c060-4f94-ac7a-b7c6f5756046', '2026-06-13', '16:00:00', '754d9a64-a351-458f-90df-29d943c5ae3f', '81e5747a-0cb7-40ed-acc6-3c032f3b4809', '2026-01-06T18:00:26.278164', '2026-01-06T18:00:26.278164');
INSERT INTO movie_projections (id, projection_date, projection_time, cinema_hall_id, movie_id, created_at, updated_at) VALUES ('13c49223-6fc3-41d6-b02b-a80548dd8b07', '2026-07-01', '13:00:00', 'c6127204-b556-472e-8812-12d5aed4e3f9', '81e5747a-0cb7-40ed-acc6-3c032f3b4809', '2026-01-06T18:00:26.278217', '2026-01-06T18:00:26.278217');
INSERT INTO movie_projections (id, projection_date, projection_time, cinema_hall_id, movie_id, created_at, updated_at) VALUES ('5b79efaf-2fb7-419d-a6d4-47af5356184a', '2026-07-19', '10:00:00', '1368e1f8-aa54-4d8e-99d2-eadb141e97cb', 'f8f51a6b-9e9f-4b1f-924b-100fafbc02d7', '2026-01-06T18:00:26.278272', '2026-01-06T18:00:26.278272');
INSERT INTO movie_projections (id, projection_date, projection_time, cinema_hall_id, movie_id, created_at, updated_at) VALUES ('071b4f78-a224-4f74-ab9b-56b6c9e8a8b0', '2026-06-02', '13:00:00', '754d9a64-a351-458f-90df-29d943c5ae3f', 'f8f51a6b-9e9f-4b1f-924b-100fafbc02d7', '2026-01-06T18:00:26.278354', '2026-01-06T18:00:26.278354');
INSERT INTO movie_projections (id, projection_date, projection_time, cinema_hall_id, movie_id, created_at, updated_at) VALUES ('7444ffdf-c388-4dbc-a4b2-ee47fe6d3d2f', '2026-05-30', '13:00:00', '855a5c41-43b2-4968-b698-501ccba52db7', 'f8f51a6b-9e9f-4b1f-924b-100fafbc02d7', '2026-01-06T18:00:26.278401', '2026-01-06T18:00:26.278401');
INSERT INTO movie_projections (id, projection_date, projection_time, cinema_hall_id, movie_id, created_at, updated_at) VALUES ('a99d0b3d-328c-4fc7-9e1f-564ebf5f8c2b', '2026-06-28', '10:00:00', 'b7a671bb-f528-4c67-b92c-6a670ddf0cd3', 'f8f51a6b-9e9f-4b1f-924b-100fafbc02d7', '2026-01-06T18:00:26.278446', '2026-01-06T18:00:26.278446');
INSERT INTO movie_projections (id, projection_date, projection_time, cinema_hall_id, movie_id, created_at, updated_at) VALUES ('133ee895-9c89-4c9e-9316-c7a45b036d30', '2026-05-26', '19:00:00', '1093090e-e74e-4500-ab60-3fd38a89f11b', 'f8f51a6b-9e9f-4b1f-924b-100fafbc02d7', '2026-01-06T18:00:26.278491', '2026-01-06T18:00:26.278491');
INSERT INTO movie_projections (id, projection_date, projection_time, cinema_hall_id, movie_id, created_at, updated_at) VALUES ('55d2fa94-12dd-4072-9c51-1d14c2b00478', '2026-05-29', '19:00:00', 'b7a671bb-f528-4c67-b92c-6a670ddf0cd3', 'f8f51a6b-9e9f-4b1f-924b-100fafbc02d7', '2026-01-06T18:00:26.278548', '2026-01-06T18:00:26.278548');
INSERT INTO movie_projections (id, projection_date, projection_time, cinema_hall_id, movie_id, created_at, updated_at) VALUES ('e59bb794-1cf3-4bbc-b01a-5995b9a8169e', '2026-06-19', '13:00:00', 'fb31358a-eb2f-4cac-9901-7368b51ad47f', 'f8f51a6b-9e9f-4b1f-924b-100fafbc02d7', '2026-01-06T18:00:26.278602', '2026-01-06T18:00:26.278602');
INSERT INTO movie_projections (id, projection_date, projection_time, cinema_hall_id, movie_id, created_at, updated_at) VALUES ('66f0eaa1-9928-408b-a6e0-8aaf8bb34306', '2026-06-18', '13:00:00', 'fb31358a-eb2f-4cac-9901-7368b51ad47f', 'f8f51a6b-9e9f-4b1f-924b-100fafbc02d7', '2026-01-06T18:00:26.278648', '2026-01-06T18:00:26.278648');
INSERT INTO movie_projections (id, projection_date, projection_time, cinema_hall_id, movie_id, created_at, updated_at) VALUES ('ca52bf5c-a43c-4ef7-9b0d-4016b616fa95', '2026-07-15', '19:00:00', 'c6127204-b556-472e-8812-12d5aed4e3f9', 'f8f51a6b-9e9f-4b1f-924b-100fafbc02d7', '2026-01-06T18:00:26.278700', '2026-01-06T18:00:26.278700');
INSERT INTO movie_projections (id, projection_date, projection_time, cinema_hall_id, movie_id, created_at, updated_at) VALUES ('c161abbb-4b6b-4dfe-8228-8a283403a47b', '2026-06-25', '10:00:00', 'b7a671bb-f528-4c67-b92c-6a670ddf0cd3', 'f8f51a6b-9e9f-4b1f-924b-100fafbc02d7', '2026-01-06T18:00:26.278746', '2026-01-06T18:00:26.278746');
INSERT INTO movie_projections (id, projection_date, projection_time, cinema_hall_id, movie_id, created_at, updated_at) VALUES ('f4657aa3-9367-4c0c-82f2-0c696c7d1269', '2026-07-11', '10:00:00', '1368e1f8-aa54-4d8e-99d2-eadb141e97cb', 'f8f51a6b-9e9f-4b1f-924b-100fafbc02d7', '2026-01-06T18:00:26.278791', '2026-01-06T18:00:26.278791');
INSERT INTO movie_projections (id, projection_date, projection_time, cinema_hall_id, movie_id, created_at, updated_at) VALUES ('e1618abf-b14e-4289-86d5-7004be9104a7', '2026-07-25', '13:00:00', 'd3b645b7-0add-4a8f-83f6-54b98b2815d0', 'f8f51a6b-9e9f-4b1f-924b-100fafbc02d7', '2026-01-06T18:00:26.278836', '2026-01-06T18:00:26.278836');
INSERT INTO movie_projections (id, projection_date, projection_time, cinema_hall_id, movie_id, created_at, updated_at) VALUES ('2dc2e116-fb39-4da8-8908-d3c9dc60f6c2', '2026-06-04', '13:00:00', '855a5c41-43b2-4968-b698-501ccba52db7', 'f8f51a6b-9e9f-4b1f-924b-100fafbc02d7', '2026-01-06T18:00:26.278880', '2026-01-06T18:00:26.278880');
INSERT INTO movie_projections (id, projection_date, projection_time, cinema_hall_id, movie_id, created_at, updated_at) VALUES ('5260953c-2a40-4ef8-b6fc-be2450f9d223', '2026-07-03', '16:00:00', 'fb31358a-eb2f-4cac-9901-7368b51ad47f', 'f8f51a6b-9e9f-4b1f-924b-100fafbc02d7', '2026-01-06T18:00:26.278926', '2026-01-06T18:00:26.278926');
INSERT INTO movie_projections (id, projection_date, projection_time, cinema_hall_id, movie_id, created_at, updated_at) VALUES ('d4f20649-d471-45cc-8375-3862d8a8766f', '2026-05-23', '19:00:00', 'fb31358a-eb2f-4cac-9901-7368b51ad47f', 'f8f51a6b-9e9f-4b1f-924b-100fafbc02d7', '2026-01-06T18:00:26.278971', '2026-01-06T18:00:26.278971');
INSERT INTO movie_projections (id, projection_date, projection_time, cinema_hall_id, movie_id, created_at, updated_at) VALUES ('394c62f6-6c71-4f7e-88a6-a3d3a6f27b01', '2026-06-08', '19:00:00', 'c6127204-b556-472e-8812-12d5aed4e3f9', 'f8f51a6b-9e9f-4b1f-924b-100fafbc02d7', '2026-01-06T18:00:26.279017', '2026-01-06T18:00:26.279017');
INSERT INTO movie_projections (id, projection_date, projection_time, cinema_hall_id, movie_id, created_at, updated_at) VALUES ('33d0a111-f0a9-42b2-af0d-2f424edf44d3', '2026-05-20', '16:00:00', 'c6127204-b556-472e-8812-12d5aed4e3f9', 'f8f51a6b-9e9f-4b1f-924b-100fafbc02d7', '2026-01-06T18:00:26.279075', '2026-01-06T18:00:26.279075');
INSERT INTO movie_projections (id, projection_date, projection_time, cinema_hall_id, movie_id, created_at, updated_at) VALUES ('10c254d5-5f9b-48f5-aae0-ef67b98a2c28', '2026-07-23', '19:00:00', '626bed58-a026-40aa-8c12-2010c058bc6f', 'f8f51a6b-9e9f-4b1f-924b-100fafbc02d7', '2026-01-06T18:00:26.279122', '2026-01-06T18:00:26.279122');
INSERT INTO movie_projections (id, projection_date, projection_time, cinema_hall_id, movie_id, created_at, updated_at) VALUES ('1d50ad52-99fc-4530-a68f-c490e1a4029c', '2026-06-27', '13:00:00', 'c6127204-b556-472e-8812-12d5aed4e3f9', 'f8f51a6b-9e9f-4b1f-924b-100fafbc02d7', '2026-01-06T18:00:26.279167', '2026-01-06T18:00:26.279167');
INSERT INTO movie_projections (id, projection_date, projection_time, cinema_hall_id, movie_id, created_at, updated_at) VALUES ('957ad9e9-6221-4848-977c-1e1cd6be4e98', '2026-06-01', '10:00:00', 'fb31358a-eb2f-4cac-9901-7368b51ad47f', 'f8f51a6b-9e9f-4b1f-924b-100fafbc02d7', '2026-01-06T18:00:26.279212', '2026-01-06T18:00:26.279212');
INSERT INTO movie_projections (id, projection_date, projection_time, cinema_hall_id, movie_id, created_at, updated_at) VALUES ('0899bb2c-a2ca-4bec-8998-4580b9e56d81', '2026-07-22', '19:00:00', 'fb31358a-eb2f-4cac-9901-7368b51ad47f', 'f8f51a6b-9e9f-4b1f-924b-100fafbc02d7', '2026-01-06T18:00:26.279259', '2026-01-06T18:00:26.279259');
INSERT INTO movie_projections (id, projection_date, projection_time, cinema_hall_id, movie_id, created_at, updated_at) VALUES ('b5a61a0a-edc1-42d1-9647-db607e9944c7', '2026-06-22', '13:00:00', '336818a7-3094-445d-af55-f3f1b72885de', 'f8f51a6b-9e9f-4b1f-924b-100fafbc02d7', '2026-01-06T18:00:26.279304', '2026-01-06T18:00:26.279304');
INSERT INTO movie_projections (id, projection_date, projection_time, cinema_hall_id, movie_id, created_at, updated_at) VALUES ('64d88112-4cdb-4423-8412-a8725c95f160', '2026-06-27', '16:00:00', '1368e1f8-aa54-4d8e-99d2-eadb141e97cb', 'f8f51a6b-9e9f-4b1f-924b-100fafbc02d7', '2026-01-06T18:00:26.279349', '2026-01-06T18:00:26.279349');
INSERT INTO movie_projections (id, projection_date, projection_time, cinema_hall_id, movie_id, created_at, updated_at) VALUES ('4f5d5eaf-88f9-4990-a5d2-72fbb821e018', '2026-06-07', '19:00:00', '855a5c41-43b2-4968-b698-501ccba52db7', 'f8f51a6b-9e9f-4b1f-924b-100fafbc02d7', '2026-01-06T18:00:26.279394', '2026-01-06T18:00:26.279394');
INSERT INTO movie_projections (id, projection_date, projection_time, cinema_hall_id, movie_id, created_at, updated_at) VALUES ('8f5dc4ce-d4ca-4976-9d63-75d0dd4e051e', '2026-06-12', '10:00:00', '754d9a64-a351-458f-90df-29d943c5ae3f', 'f8f51a6b-9e9f-4b1f-924b-100fafbc02d7', '2026-01-06T18:00:26.279446', '2026-01-06T18:00:26.279446');
INSERT INTO movie_projections (id, projection_date, projection_time, cinema_hall_id, movie_id, created_at, updated_at) VALUES ('c2e1dc51-32c3-4951-8dfc-4975b3941d5d', '2026-07-26', '13:00:00', '855a5c41-43b2-4968-b698-501ccba52db7', 'f8f51a6b-9e9f-4b1f-924b-100fafbc02d7', '2026-01-06T18:00:26.279496', '2026-01-06T18:00:26.279496');
INSERT INTO movie_projections (id, projection_date, projection_time, cinema_hall_id, movie_id, created_at, updated_at) VALUES ('c5009324-c638-421a-83cd-13dfffebb8e3', '2026-05-24', '16:00:00', 'b7a671bb-f528-4c67-b92c-6a670ddf0cd3', 'f8f51a6b-9e9f-4b1f-924b-100fafbc02d7', '2026-01-06T18:00:26.279542', '2026-01-06T18:00:26.279542');
INSERT INTO movie_projections (id, projection_date, projection_time, cinema_hall_id, movie_id, created_at, updated_at) VALUES ('ff398c5a-5628-4a0f-a14b-06ee7973b714', '2026-07-26', '16:00:00', '855a5c41-43b2-4968-b698-501ccba52db7', 'f8f51a6b-9e9f-4b1f-924b-100fafbc02d7', '2026-01-06T18:00:26.279595', '2026-01-06T18:00:26.279595');
INSERT INTO movie_projections (id, projection_date, projection_time, cinema_hall_id, movie_id, created_at, updated_at) VALUES ('76864a81-13ee-4b95-8c5c-639783f3dcd1', '2026-06-16', '19:00:00', '626bed58-a026-40aa-8c12-2010c058bc6f', 'f8f51a6b-9e9f-4b1f-924b-100fafbc02d7', '2026-01-06T18:00:26.279641', '2026-01-06T18:00:26.279641');
INSERT INTO movie_projections (id, projection_date, projection_time, cinema_hall_id, movie_id, created_at, updated_at) VALUES ('07081132-46e5-4d7d-a959-a3b2a22c1257', '2026-06-20', '10:00:00', 'b7a671bb-f528-4c67-b92c-6a670ddf0cd3', 'f8f51a6b-9e9f-4b1f-924b-100fafbc02d7', '2026-01-06T18:00:26.279686', '2026-01-06T18:00:26.279686');
INSERT INTO movie_projections (id, projection_date, projection_time, cinema_hall_id, movie_id, created_at, updated_at) VALUES ('2fa3a741-fb4c-4769-b8ce-1cb8d85b3acf', '2026-05-03', '10:00:00', '626bed58-a026-40aa-8c12-2010c058bc6f', 'f8f51a6b-9e9f-4b1f-924b-100fafbc02d7', '2026-01-06T18:00:26.279732', '2026-01-06T18:00:26.279732');
INSERT INTO movie_projections (id, projection_date, projection_time, cinema_hall_id, movie_id, created_at, updated_at) VALUES ('338fff6b-8cf7-4c05-abc1-210a603f1ae6', '2026-06-06', '19:00:00', '626bed58-a026-40aa-8c12-2010c058bc6f', 'f8f51a6b-9e9f-4b1f-924b-100fafbc02d7', '2026-01-06T18:00:26.279784', '2026-01-06T18:00:26.279784');
INSERT INTO movie_projections (id, projection_date, projection_time, cinema_hall_id, movie_id, created_at, updated_at) VALUES ('3fc6373a-4eec-4fd3-be98-414c2ce4ec0b', '2026-05-07', '10:00:00', '626bed58-a026-40aa-8c12-2010c058bc6f', 'f8f51a6b-9e9f-4b1f-924b-100fafbc02d7', '2026-01-06T18:00:26.279836', '2026-01-06T18:00:26.279836');
INSERT INTO movie_projections (id, projection_date, projection_time, cinema_hall_id, movie_id, created_at, updated_at) VALUES ('07578e62-1323-4c5a-9163-e9c6d44c138f', '2026-06-30', '19:00:00', '754d9a64-a351-458f-90df-29d943c5ae3f', 'f8f51a6b-9e9f-4b1f-924b-100fafbc02d7', '2026-01-06T18:00:26.279883', '2026-01-06T18:00:26.279883');
INSERT INTO movie_projections (id, projection_date, projection_time, cinema_hall_id, movie_id, created_at, updated_at) VALUES ('d1b28029-1e52-450d-bde5-442e49e737b7', '2026-05-20', '13:00:00', 'b7a671bb-f528-4c67-b92c-6a670ddf0cd3', 'f8f51a6b-9e9f-4b1f-924b-100fafbc02d7', '2026-01-06T18:00:26.279929', '2026-01-06T18:00:26.279929');
INSERT INTO movie_projections (id, projection_date, projection_time, cinema_hall_id, movie_id, created_at, updated_at) VALUES ('1baa31c2-87f5-4007-86fa-06cbd41e0055', '2026-04-04', '13:00:00', '12cfc0fb-73b1-4a4b-8416-162b8c862879', 'f8f51a6b-9e9f-4b1f-924b-100fafbc02d7', '2026-01-06T18:00:26.279980', '2026-01-06T18:00:26.279980');
INSERT INTO movie_projections (id, projection_date, projection_time, cinema_hall_id, movie_id, created_at, updated_at) VALUES ('a8f5709c-f542-40fe-8008-6285891b1af2', '2026-07-27', '19:00:00', 'fb31358a-eb2f-4cac-9901-7368b51ad47f', 'f8f51a6b-9e9f-4b1f-924b-100fafbc02d7', '2026-01-06T18:00:26.280027', '2026-01-06T18:00:26.280027');
INSERT INTO movie_projections (id, projection_date, projection_time, cinema_hall_id, movie_id, created_at, updated_at) VALUES ('d1cce0e5-160a-4087-871c-0ee4257a8d92', '2026-05-11', '10:00:00', 'c6127204-b556-472e-8812-12d5aed4e3f9', 'f8f51a6b-9e9f-4b1f-924b-100fafbc02d7', '2026-01-06T18:00:26.280079', '2026-01-06T18:00:26.280079');
INSERT INTO movie_projections (id, projection_date, projection_time, cinema_hall_id, movie_id, created_at, updated_at) VALUES ('0c44570e-6693-427b-973f-30572ff95715', '2026-04-08', '10:00:00', '1368e1f8-aa54-4d8e-99d2-eadb141e97cb', 'f8f51a6b-9e9f-4b1f-924b-100fafbc02d7', '2026-01-06T18:00:26.280125', '2026-01-06T18:00:26.280125');
INSERT INTO movie_projections (id, projection_date, projection_time, cinema_hall_id, movie_id, created_at, updated_at) VALUES ('7644ca42-f3b1-4d31-ae1c-c17176c01bdc', '2026-05-29', '19:00:00', 'b7a671bb-f528-4c67-b92c-6a670ddf0cd3', 'f8f51a6b-9e9f-4b1f-924b-100fafbc02d7', '2026-01-06T18:00:26.280170', '2026-01-06T18:00:26.280170');
INSERT INTO movie_projections (id, projection_date, projection_time, cinema_hall_id, movie_id, created_at, updated_at) VALUES ('1d93d68b-e927-4c21-8c80-8e13dd10919b', '2026-03-23', '19:00:00', 'c6127204-b556-472e-8812-12d5aed4e3f9', '413885de-42f2-4232-8e23-3427c295a55b', '2026-01-06T18:00:26.280225', '2026-01-06T18:00:26.280225');
INSERT INTO movie_projections (id, projection_date, projection_time, cinema_hall_id, movie_id, created_at, updated_at) VALUES ('14d91436-7ec0-43e9-b819-66a4b554528b', '2026-04-05', '10:00:00', '1368e1f8-aa54-4d8e-99d2-eadb141e97cb', '413885de-42f2-4232-8e23-3427c295a55b', '2026-01-06T18:00:26.280271', '2026-01-06T18:00:26.280271');
INSERT INTO movie_projections (id, projection_date, projection_time, cinema_hall_id, movie_id, created_at, updated_at) VALUES ('ce0c0ef3-233e-4cbe-9cd7-a2346cf409a1', '2026-05-21', '13:00:00', '626bed58-a026-40aa-8c12-2010c058bc6f', '413885de-42f2-4232-8e23-3427c295a55b', '2026-01-06T18:00:26.280316', '2026-01-06T18:00:26.280316');
INSERT INTO movie_projections (id, projection_date, projection_time, cinema_hall_id, movie_id, created_at, updated_at) VALUES ('7ba53046-ac55-43d8-926c-cae47e49c7fc', '2026-07-07', '10:00:00', '1093090e-e74e-4500-ab60-3fd38a89f11b', '413885de-42f2-4232-8e23-3427c295a55b', '2026-01-06T18:00:26.280361', '2026-01-06T18:00:26.280361');
INSERT INTO movie_projections (id, projection_date, projection_time, cinema_hall_id, movie_id, created_at, updated_at) VALUES ('6dbc0d36-b60e-4b59-82a3-51f2bb9b4494', '2026-07-05', '16:00:00', '1368e1f8-aa54-4d8e-99d2-eadb141e97cb', '413885de-42f2-4232-8e23-3427c295a55b', '2026-01-06T18:00:26.280408', '2026-01-06T18:00:26.280408');
INSERT INTO movie_projections (id, projection_date, projection_time, cinema_hall_id, movie_id, created_at, updated_at) VALUES ('bdb236e2-f56e-4f3e-930b-3ae3b8c8a59a', '2026-05-01', '13:00:00', '1368e1f8-aa54-4d8e-99d2-eadb141e97cb', '413885de-42f2-4232-8e23-3427c295a55b', '2026-01-06T18:00:26.280453', '2026-01-06T18:00:26.280453');
INSERT INTO movie_projections (id, projection_date, projection_time, cinema_hall_id, movie_id, created_at, updated_at) VALUES ('491d4c45-02c8-48cf-b1d3-a4d8463335b1', '2026-04-07', '13:00:00', '626bed58-a026-40aa-8c12-2010c058bc6f', '413885de-42f2-4232-8e23-3427c295a55b', '2026-01-06T18:00:26.280502', '2026-01-06T18:00:26.280502');
INSERT INTO movie_projections (id, projection_date, projection_time, cinema_hall_id, movie_id, created_at, updated_at) VALUES ('7b22e217-8102-4a15-b8ae-718133ee557d', '2026-03-27', '16:00:00', 'fb31358a-eb2f-4cac-9901-7368b51ad47f', '413885de-42f2-4232-8e23-3427c295a55b', '2026-01-06T18:00:26.280548', '2026-01-06T18:00:26.280548');
INSERT INTO movie_projections (id, projection_date, projection_time, cinema_hall_id, movie_id, created_at, updated_at) VALUES ('c8e13ff9-969d-4e14-abe7-7ff704329398', '2026-06-23', '10:00:00', '626bed58-a026-40aa-8c12-2010c058bc6f', '413885de-42f2-4232-8e23-3427c295a55b', '2026-01-06T18:00:26.280613', '2026-01-06T18:00:26.280613');
INSERT INTO movie_projections (id, projection_date, projection_time, cinema_hall_id, movie_id, created_at, updated_at) VALUES ('d5a4f5c4-a71a-493f-a2ae-b798632d3421', '2026-06-17', '16:00:00', 'b7a671bb-f528-4c67-b92c-6a670ddf0cd3', '413885de-42f2-4232-8e23-3427c295a55b', '2026-01-06T18:00:26.280710', '2026-01-06T18:00:26.280710');
INSERT INTO movie_projections (id, projection_date, projection_time, cinema_hall_id, movie_id, created_at, updated_at) VALUES ('9defbe3d-d798-4d91-9e91-32f80b529546', '2026-03-30', '10:00:00', '12cfc0fb-73b1-4a4b-8416-162b8c862879', '413885de-42f2-4232-8e23-3427c295a55b', '2026-01-06T18:00:26.280758', '2026-01-06T18:00:26.280758');
INSERT INTO movie_projections (id, projection_date, projection_time, cinema_hall_id, movie_id, created_at, updated_at) VALUES ('aab59813-f878-4182-a22c-95ff57cf0df5', '2026-06-06', '16:00:00', '336818a7-3094-445d-af55-f3f1b72885de', '413885de-42f2-4232-8e23-3427c295a55b', '2026-01-06T18:00:26.280803', '2026-01-06T18:00:26.280803');
INSERT INTO movie_projections (id, projection_date, projection_time, cinema_hall_id, movie_id, created_at, updated_at) VALUES ('243cddf3-de42-43c2-9c21-8f893db18165', '2026-04-11', '16:00:00', 'c6127204-b556-472e-8812-12d5aed4e3f9', '413885de-42f2-4232-8e23-3427c295a55b', '2026-01-06T18:00:26.280848', '2026-01-06T18:00:26.280848');
INSERT INTO movie_projections (id, projection_date, projection_time, cinema_hall_id, movie_id, created_at, updated_at) VALUES ('8cc7aa72-44b5-44b1-8d43-5fc459f04615', '2026-06-05', '10:00:00', '754d9a64-a351-458f-90df-29d943c5ae3f', '413885de-42f2-4232-8e23-3427c295a55b', '2026-01-06T18:00:26.280893', '2026-01-06T18:00:26.280893');
INSERT INTO movie_projections (id, projection_date, projection_time, cinema_hall_id, movie_id, created_at, updated_at) VALUES ('a8c45de0-f9ba-4cde-8ccd-38b3fc06bd0e', '2026-05-06', '19:00:00', '336818a7-3094-445d-af55-f3f1b72885de', '413885de-42f2-4232-8e23-3427c295a55b', '2026-01-06T18:00:26.280939', '2026-01-06T18:00:26.280939');
INSERT INTO movie_projections (id, projection_date, projection_time, cinema_hall_id, movie_id, created_at, updated_at) VALUES ('98441b07-80a9-4652-a6b1-71a608cd3f08', '2026-03-25', '16:00:00', '626bed58-a026-40aa-8c12-2010c058bc6f', '413885de-42f2-4232-8e23-3427c295a55b', '2026-01-06T18:00:26.280984', '2026-01-06T18:00:26.280984');
INSERT INTO movie_projections (id, projection_date, projection_time, cinema_hall_id, movie_id, created_at, updated_at) VALUES ('d1a030b9-dba7-4ef6-8a79-b4c71224cfc5', '2026-04-23', '10:00:00', '754d9a64-a351-458f-90df-29d943c5ae3f', '413885de-42f2-4232-8e23-3427c295a55b', '2026-01-06T18:00:26.281035', '2026-01-06T18:00:26.281035');
INSERT INTO movie_projections (id, projection_date, projection_time, cinema_hall_id, movie_id, created_at, updated_at) VALUES ('403748d4-7926-40a0-bf0b-1ccfa7f5bc4b', '2026-06-16', '16:00:00', '1093090e-e74e-4500-ab60-3fd38a89f11b', '413885de-42f2-4232-8e23-3427c295a55b', '2026-01-06T18:00:26.281081', '2026-01-06T18:00:26.281081');
INSERT INTO movie_projections (id, projection_date, projection_time, cinema_hall_id, movie_id, created_at, updated_at) VALUES ('4d654ce5-f5dc-45c8-befb-97eef4017ce6', '2026-05-30', '16:00:00', 'c6127204-b556-472e-8812-12d5aed4e3f9', '413885de-42f2-4232-8e23-3427c295a55b', '2026-01-06T18:00:26.281135', '2026-01-06T18:00:26.281135');
INSERT INTO movie_projections (id, projection_date, projection_time, cinema_hall_id, movie_id, created_at, updated_at) VALUES ('c7b65b93-0c86-47d0-b4de-6ba8a2502450', '2026-03-16', '16:00:00', 'c6127204-b556-472e-8812-12d5aed4e3f9', '413885de-42f2-4232-8e23-3427c295a55b', '2026-01-06T18:00:26.281181', '2026-01-06T18:00:26.281181');
INSERT INTO movie_projections (id, projection_date, projection_time, cinema_hall_id, movie_id, created_at, updated_at) VALUES ('262dfbc9-955d-4ab0-83fb-6f01d8fcd185', '2026-04-16', '16:00:00', 'fb31358a-eb2f-4cac-9901-7368b51ad47f', '413885de-42f2-4232-8e23-3427c295a55b', '2026-01-06T18:00:26.281226', '2026-01-06T18:00:26.281226');
INSERT INTO movie_projections (id, projection_date, projection_time, cinema_hall_id, movie_id, created_at, updated_at) VALUES ('a53268b5-ec1b-4cbe-ae1c-af35db5f9f36', '2026-03-16', '13:00:00', '12cfc0fb-73b1-4a4b-8416-162b8c862879', '413885de-42f2-4232-8e23-3427c295a55b', '2026-01-06T18:00:26.281270', '2026-01-06T18:00:26.281270');
INSERT INTO movie_projections (id, projection_date, projection_time, cinema_hall_id, movie_id, created_at, updated_at) VALUES ('5ace6c00-75db-4a9a-a82d-1be75f55cef9', '2026-06-19', '10:00:00', '754d9a64-a351-458f-90df-29d943c5ae3f', '413885de-42f2-4232-8e23-3427c295a55b', '2026-01-06T18:00:26.281317', '2026-01-06T18:00:26.281317');
INSERT INTO movie_projections (id, projection_date, projection_time, cinema_hall_id, movie_id, created_at, updated_at) VALUES ('231e5930-d5a6-44b5-8d79-dc8d3b1b64a8', '2026-04-21', '10:00:00', 'd3b645b7-0add-4a8f-83f6-54b98b2815d0', '413885de-42f2-4232-8e23-3427c295a55b', '2026-01-06T18:00:26.281370', '2026-01-06T18:00:26.281370');
INSERT INTO movie_projections (id, projection_date, projection_time, cinema_hall_id, movie_id, created_at, updated_at) VALUES ('76822813-1559-4f0e-a4a9-2e11b4ff5eb8', '2026-06-16', '13:00:00', '336818a7-3094-445d-af55-f3f1b72885de', '413885de-42f2-4232-8e23-3427c295a55b', '2026-01-06T18:00:26.281421', '2026-01-06T18:00:26.281421');
INSERT INTO movie_projections (id, projection_date, projection_time, cinema_hall_id, movie_id, created_at, updated_at) VALUES ('1f5bed31-31a1-4158-b756-a1f24db9192b', '2026-06-26', '16:00:00', '1368e1f8-aa54-4d8e-99d2-eadb141e97cb', '413885de-42f2-4232-8e23-3427c295a55b', '2026-01-06T18:00:26.281467', '2026-01-06T18:00:26.281467');
INSERT INTO movie_projections (id, projection_date, projection_time, cinema_hall_id, movie_id, created_at, updated_at) VALUES ('2047d6ab-47d6-4324-bab6-ef4f6fe6abdf', '2026-03-16', '19:00:00', '754d9a64-a351-458f-90df-29d943c5ae3f', '413885de-42f2-4232-8e23-3427c295a55b', '2026-01-06T18:00:26.281552', '2026-01-06T18:00:26.281552');
INSERT INTO movie_projections (id, projection_date, projection_time, cinema_hall_id, movie_id, created_at, updated_at) VALUES ('6261a370-f9af-4950-8c5a-48e0d35bc936', '2026-06-27', '13:00:00', 'b7a671bb-f528-4c67-b92c-6a670ddf0cd3', '413885de-42f2-4232-8e23-3427c295a55b', '2026-01-06T18:00:26.281602', '2026-01-06T18:00:26.281602');
INSERT INTO movie_projections (id, projection_date, projection_time, cinema_hall_id, movie_id, created_at, updated_at) VALUES ('04961c56-7103-4a1a-a424-3231d65534e3', '2026-06-18', '10:00:00', '1093090e-e74e-4500-ab60-3fd38a89f11b', '413885de-42f2-4232-8e23-3427c295a55b', '2026-01-06T18:00:26.281649', '2026-01-06T18:00:26.281649');
INSERT INTO movie_projections (id, projection_date, projection_time, cinema_hall_id, movie_id, created_at, updated_at) VALUES ('aad48194-5d92-449a-a9ac-8d6b0adcb753', '2026-06-30', '19:00:00', '12cfc0fb-73b1-4a4b-8416-162b8c862879', '413885de-42f2-4232-8e23-3427c295a55b', '2026-01-06T18:00:26.281708', '2026-01-06T18:00:26.281708');
INSERT INTO movie_projections (id, projection_date, projection_time, cinema_hall_id, movie_id, created_at, updated_at) VALUES ('62078bd9-03db-4902-b254-fc2af06e6c3d', '2026-05-12', '19:00:00', '1093090e-e74e-4500-ab60-3fd38a89f11b', '413885de-42f2-4232-8e23-3427c295a55b', '2026-01-06T18:00:26.281754', '2026-01-06T18:00:26.281754');
INSERT INTO movie_projections (id, projection_date, projection_time, cinema_hall_id, movie_id, created_at, updated_at) VALUES ('50c0f8af-7375-407f-a766-c25e8b224028', '2026-04-17', '16:00:00', '1093090e-e74e-4500-ab60-3fd38a89f11b', '413885de-42f2-4232-8e23-3427c295a55b', '2026-01-06T18:00:26.281800', '2026-01-06T18:00:26.281800');
INSERT INTO movie_projections (id, projection_date, projection_time, cinema_hall_id, movie_id, created_at, updated_at) VALUES ('224462bd-e2c1-4726-a01d-a7472b450351', '2026-05-30', '13:00:00', '12cfc0fb-73b1-4a4b-8416-162b8c862879', '413885de-42f2-4232-8e23-3427c295a55b', '2026-01-06T18:00:26.281851', '2026-01-06T18:00:26.281851');
INSERT INTO movie_projections (id, projection_date, projection_time, cinema_hall_id, movie_id, created_at, updated_at) VALUES ('0e2ebd10-9fb6-46ea-b1b8-0042ac4ceba7', '2026-06-30', '16:00:00', '1093090e-e74e-4500-ab60-3fd38a89f11b', '413885de-42f2-4232-8e23-3427c295a55b', '2026-01-06T18:00:26.281899', '2026-01-06T18:00:26.281899');
INSERT INTO movie_projections (id, projection_date, projection_time, cinema_hall_id, movie_id, created_at, updated_at) VALUES ('f374ec10-ec77-4936-9117-e86d90e2b37d', '2026-03-14', '13:00:00', 'c6127204-b556-472e-8812-12d5aed4e3f9', '413885de-42f2-4232-8e23-3427c295a55b', '2026-01-06T18:00:26.281945', '2026-01-06T18:00:26.281945');
INSERT INTO movie_projections (id, projection_date, projection_time, cinema_hall_id, movie_id, created_at, updated_at) VALUES ('63ff5594-3bd5-4676-9b3e-3c3706bdef2f', '2026-05-12', '16:00:00', 'b7a671bb-f528-4c67-b92c-6a670ddf0cd3', '413885de-42f2-4232-8e23-3427c295a55b', '2026-01-06T18:00:26.281990', '2026-01-06T18:00:26.281990');
INSERT INTO movie_projections (id, projection_date, projection_time, cinema_hall_id, movie_id, created_at, updated_at) VALUES ('79599969-2705-45b4-92d7-962371d7e984', '2026-03-21', '13:00:00', '1368e1f8-aa54-4d8e-99d2-eadb141e97cb', '413885de-42f2-4232-8e23-3427c295a55b', '2026-01-06T18:00:26.282034', '2026-01-06T18:00:26.282034');
INSERT INTO movie_projections (id, projection_date, projection_time, cinema_hall_id, movie_id, created_at, updated_at) VALUES ('f33d8ab4-6b4e-4ad5-a1e7-111e308f543c', '2026-03-28', '19:00:00', 'fb31358a-eb2f-4cac-9901-7368b51ad47f', '413885de-42f2-4232-8e23-3427c295a55b', '2026-01-06T18:00:26.282079', '2026-01-06T18:00:26.282079');
INSERT INTO movie_projections (id, projection_date, projection_time, cinema_hall_id, movie_id, created_at, updated_at) VALUES ('6fc70715-5e97-42f4-91ff-8453d1a0d7b1', '2026-04-11', '10:00:00', 'fb31358a-eb2f-4cac-9901-7368b51ad47f', '413885de-42f2-4232-8e23-3427c295a55b', '2026-01-06T18:00:26.282124', '2026-01-06T18:00:26.282124');
INSERT INTO movie_projections (id, projection_date, projection_time, cinema_hall_id, movie_id, created_at, updated_at) VALUES ('340bd205-24c0-4949-a896-df6047d86432', '2026-04-06', '13:00:00', '754d9a64-a351-458f-90df-29d943c5ae3f', '413885de-42f2-4232-8e23-3427c295a55b', '2026-01-06T18:00:26.282176', '2026-01-06T18:00:26.282176');
INSERT INTO bookings (id, user_id, ticket_count, status, created_at, updated_at) VALUES ('8065637b-ea20-4490-a021-af3f45df1b34', '20ec4c3b-ea5c-40ee-b223-2d03d27c811a', 5, 'paid', '2026-01-06T18:00:26.282699', '2026-01-06T18:00:26.282699');
INSERT INTO bookings (id, user_id, ticket_count, status, created_at, updated_at) VALUES ('5bc8d1c1-8c91-4771-8fc4-7796a1edb2ff', '463f41b4-1dab-440d-93ee-f30d2afd5284', 5, 'paid', '2026-01-06T18:00:26.282815', '2026-01-06T18:00:26.282815');
INSERT INTO bookings (id, user_id, ticket_count, status, created_at, updated_at) VALUES ('3010067b-a5c6-473c-a896-301430deed11', '20ec4c3b-ea5c-40ee-b223-2d03d27c811a', 1, 'reserved', '2026-01-06T18:00:26.282907', '2026-01-06T18:00:26.282907');
INSERT INTO bookings (id, user_id, ticket_count, status, created_at, updated_at) VALUES ('4d15a174-093c-4a4c-9598-525c49a71e6a', '463f41b4-1dab-440d-93ee-f30d2afd5284', 2, 'paid', '2026-01-06T18:00:26.283004', '2026-01-06T18:00:26.283004');
INSERT INTO bookings (id, user_id, ticket_count, status, created_at, updated_at) VALUES ('7b2489d6-af44-4c98-b6c8-4d69ae5e8c12', 'a5a21d79-3594-4278-aea7-f997a2d6accf', 2, 'reserved', '2026-01-06T18:00:26.283101', '2026-01-06T18:00:26.283101');
INSERT INTO bookings (id, user_id, ticket_count, status, created_at, updated_at) VALUES ('aa261d48-57ad-4072-b24f-b80d4acbf26c', '463f41b4-1dab-440d-93ee-f30d2afd5284', 3, 'paid', '2026-01-06T18:00:26.283220', '2026-01-06T18:00:26.283220');
INSERT INTO bookings (id, user_id, ticket_count, status, created_at, updated_at) VALUES ('b91d5a73-4756-43e8-83e7-934601581d02', 'a5a21d79-3594-4278-aea7-f997a2d6accf', 1, 'paid', '2026-01-06T18:00:26.283327', '2026-01-06T18:00:26.283327');
INSERT INTO bookings (id, user_id, ticket_count, status, created_at, updated_at) VALUES ('0489c4d9-e396-4d72-a9ed-889d0886907c', '20ec4c3b-ea5c-40ee-b223-2d03d27c811a', 4, 'paid', '2026-01-06T18:00:26.283409', '2026-01-06T18:00:26.283409');
INSERT INTO bookings (id, user_id, ticket_count, status, created_at, updated_at) VALUES ('92e423d6-661f-41f5-bf9d-3264a52f4a5c', '463f41b4-1dab-440d-93ee-f30d2afd5284', 3, 'paid', '2026-01-06T18:00:26.283497', '2026-01-06T18:00:26.283497');
INSERT INTO bookings (id, user_id, ticket_count, status, created_at, updated_at) VALUES ('9b7ed865-7c98-402b-97c0-9ae4fd76685d', 'a5a21d79-3594-4278-aea7-f997a2d6accf', 5, 'reserved', '2026-01-06T18:00:26.283574', '2026-01-06T18:00:26.283574');
INSERT INTO bookings (id, user_id, ticket_count, status, created_at, updated_at) VALUES ('fb30cf99-81af-42f8-8f6d-aeae6c6501ec', 'a5a21d79-3594-4278-aea7-f997a2d6accf', 2, 'reserved', '2026-01-06T18:00:26.283643', '2026-01-06T18:00:26.283643');
INSERT INTO bookings (id, user_id, ticket_count, status, created_at, updated_at) VALUES ('71363738-ed9b-43ba-bea5-e3acc1780d07', '463f41b4-1dab-440d-93ee-f30d2afd5284', 5, 'reserved', '2026-01-06T18:00:26.283705', '2026-01-06T18:00:26.283705');
INSERT INTO bookings (id, user_id, ticket_count, status, created_at, updated_at) VALUES ('f2a76fc9-8db8-4d7f-a063-8fe2582ddef7', 'a5a21d79-3594-4278-aea7-f997a2d6accf', 3, 'paid', '2026-01-06T18:00:26.283773', '2026-01-06T18:00:26.283773');
INSERT INTO bookings (id, user_id, ticket_count, status, created_at, updated_at) VALUES ('a347d6dd-a794-4aa5-a29e-acfd5465238b', 'a5a21d79-3594-4278-aea7-f997a2d6accf', 2, 'paid', '2026-01-06T18:00:26.283844', '2026-01-06T18:00:26.283844');
INSERT INTO bookings (id, user_id, ticket_count, status, created_at, updated_at) VALUES ('588e47da-c93a-42ef-a007-35c46e289a06', '463f41b4-1dab-440d-93ee-f30d2afd5284', 2, 'reserved', '2026-01-06T18:00:26.283924', '2026-01-06T18:00:26.283924');
INSERT INTO bookings (id, user_id, ticket_count, status, created_at, updated_at) VALUES ('a365a902-9554-488b-8e71-ad8b5f9717fc', '463f41b4-1dab-440d-93ee-f30d2afd5284', 1, 'paid', '2026-01-06T18:00:26.283991', '2026-01-06T18:00:26.283991');
INSERT INTO bookings (id, user_id, ticket_count, status, created_at, updated_at) VALUES ('0433b75d-90df-4362-b33f-8c366db367e6', '20ec4c3b-ea5c-40ee-b223-2d03d27c811a', 2, 'paid', '2026-01-06T18:00:26.284075', '2026-01-06T18:00:26.284075');
INSERT INTO bookings (id, user_id, ticket_count, status, created_at, updated_at) VALUES ('149272ce-559a-4575-aafb-7f0ab99a20e5', '20ec4c3b-ea5c-40ee-b223-2d03d27c811a', 5, 'paid', '2026-01-06T18:00:26.284147', '2026-01-06T18:00:26.284147');
INSERT INTO bookings (id, user_id, ticket_count, status, created_at, updated_at) VALUES ('afc5f872-e4e0-4e52-a2a4-0487f08b519b', '463f41b4-1dab-440d-93ee-f30d2afd5284', 1, 'reserved', '2026-01-06T18:00:26.284230', '2026-01-06T18:00:26.284230');
INSERT INTO bookings (id, user_id, ticket_count, status, created_at, updated_at) VALUES ('1473e044-f1d0-4253-aff2-c1fcd97ddff8', 'a5a21d79-3594-4278-aea7-f997a2d6accf', 2, 'paid', '2026-01-06T18:00:26.284297', '2026-01-06T18:00:26.284297');
INSERT INTO bookings (id, user_id, ticket_count, status, created_at, updated_at) VALUES ('807cc16d-d1a2-4a09-8605-bbacb7e41bf4', '20ec4c3b-ea5c-40ee-b223-2d03d27c811a', 5, 'paid', '2026-01-06T18:00:26.284343', '2026-01-06T18:00:26.284343');
INSERT INTO bookings (id, user_id, ticket_count, status, created_at, updated_at) VALUES ('6f28e92e-cb03-476d-9603-2cbe5657ec7c', '20ec4c3b-ea5c-40ee-b223-2d03d27c811a', 5, 'paid', '2026-01-06T18:00:26.284430', '2026-01-06T18:00:26.284430');
INSERT INTO bookings (id, user_id, ticket_count, status, created_at, updated_at) VALUES ('da6dee30-e1fa-4360-8a31-e8bb66c356cc', 'a5a21d79-3594-4278-aea7-f997a2d6accf', 3, 'paid', '2026-01-06T18:00:26.284556', '2026-01-06T18:00:26.284556');
INSERT INTO bookings (id, user_id, ticket_count, status, created_at, updated_at) VALUES ('750dacc5-5d12-4fa1-902e-8f3354f234d6', '463f41b4-1dab-440d-93ee-f30d2afd5284', 1, 'reserved', '2026-01-06T18:00:26.284660', '2026-01-06T18:00:26.284660');
INSERT INTO bookings (id, user_id, ticket_count, status, created_at, updated_at) VALUES ('fa224604-3893-4425-881c-c74c14357c16', 'a5a21d79-3594-4278-aea7-f997a2d6accf', 2, 'reserved', '2026-01-06T18:00:26.284759', '2026-01-06T18:00:26.284759');
INSERT INTO bookings (id, user_id, ticket_count, status, created_at, updated_at) VALUES ('7a9b8e4c-9fdf-4d17-a043-2424b03102f3', 'a5a21d79-3594-4278-aea7-f997a2d6accf', 1, 'reserved', '2026-01-06T18:00:26.284885', '2026-01-06T18:00:26.284885');
INSERT INTO bookings (id, user_id, ticket_count, status, created_at, updated_at) VALUES ('471f9179-b40d-4376-8afd-8f5ca71c52b6', 'a5a21d79-3594-4278-aea7-f997a2d6accf', 3, 'reserved', '2026-01-06T18:00:26.284976', '2026-01-06T18:00:26.284976');
INSERT INTO bookings (id, user_id, ticket_count, status, created_at, updated_at) VALUES ('313f9bc4-c232-401e-b4ec-454f2cce860f', '20ec4c3b-ea5c-40ee-b223-2d03d27c811a', 5, 'reserved', '2026-01-06T18:00:26.285102', '2026-01-06T18:00:26.285102');
INSERT INTO bookings (id, user_id, ticket_count, status, created_at, updated_at) VALUES ('4f4837af-45f8-4162-ac79-831c0b298d89', '463f41b4-1dab-440d-93ee-f30d2afd5284', 5, 'paid', '2026-01-06T18:00:26.285225', '2026-01-06T18:00:26.285225');
INSERT INTO bookings (id, user_id, ticket_count, status, created_at, updated_at) VALUES ('5e8131bc-6ea8-41b2-80d7-c228ecdcfc7b', '20ec4c3b-ea5c-40ee-b223-2d03d27c811a', 1, 'paid', '2026-01-06T18:00:26.285298', '2026-01-06T18:00:26.285298');
INSERT INTO bookings (id, user_id, ticket_count, status, created_at, updated_at) VALUES ('552b39ec-83ca-4d7f-ad5d-37a59860da77', '463f41b4-1dab-440d-93ee-f30d2afd5284', 3, 'reserved', '2026-01-06T18:00:26.285345', '2026-01-06T18:00:26.285345');
INSERT INTO bookings (id, user_id, ticket_count, status, created_at, updated_at) VALUES ('5beac11a-ba87-4fed-a218-940be5d2a12d', '463f41b4-1dab-440d-93ee-f30d2afd5284', 3, 'paid', '2026-01-06T18:00:26.285391', '2026-01-06T18:00:26.285391');
INSERT INTO bookings (id, user_id, ticket_count, status, created_at, updated_at) VALUES ('160b8742-e66d-4236-bcf1-df8ce607b963', 'a5a21d79-3594-4278-aea7-f997a2d6accf', 2, 'reserved', '2026-01-06T18:00:26.285443', '2026-01-06T18:00:26.285443');
INSERT INTO bookings (id, user_id, ticket_count, status, created_at, updated_at) VALUES ('f130d810-e0b5-46e3-9e61-2aedb84479aa', 'a5a21d79-3594-4278-aea7-f997a2d6accf', 4, 'paid', '2026-01-06T18:00:26.285510', '2026-01-06T18:00:26.285510');
INSERT INTO bookings (id, user_id, ticket_count, status, created_at, updated_at) VALUES ('30e5a7dd-ab0a-43c9-851a-87e2414bddba', '463f41b4-1dab-440d-93ee-f30d2afd5284', 5, 'reserved', '2026-01-06T18:00:26.285552', '2026-01-06T18:00:26.285552');
INSERT INTO bookings (id, user_id, ticket_count, status, created_at, updated_at) VALUES ('de0a62c2-c8ce-455d-ac77-36f045b4cdbc', '463f41b4-1dab-440d-93ee-f30d2afd5284', 1, 'reserved', '2026-01-06T18:00:26.285593', '2026-01-06T18:00:26.285593');
INSERT INTO bookings (id, user_id, ticket_count, status, created_at, updated_at) VALUES ('d712e4b0-4216-4b93-883e-14edc050da3d', 'a5a21d79-3594-4278-aea7-f997a2d6accf', 3, 'paid', '2026-01-06T18:00:26.285633', '2026-01-06T18:00:26.285633');
INSERT INTO bookings (id, user_id, ticket_count, status, created_at, updated_at) VALUES ('cefd40e9-fd86-42c3-99e1-6b710fc22700', '463f41b4-1dab-440d-93ee-f30d2afd5284', 4, 'paid', '2026-01-06T18:00:26.285674', '2026-01-06T18:00:26.285674');
INSERT INTO bookings (id, user_id, ticket_count, status, created_at, updated_at) VALUES ('d2d676f2-df02-483f-9708-0a54f714c9b8', 'a5a21d79-3594-4278-aea7-f997a2d6accf', 5, 'reserved', '2026-01-06T18:00:26.285714', '2026-01-06T18:00:26.285714');
INSERT INTO bookings (id, user_id, ticket_count, status, created_at, updated_at) VALUES ('96563d25-ac75-44cf-881f-39bd45f9e100', '20ec4c3b-ea5c-40ee-b223-2d03d27c811a', 4, 'reserved', '2026-01-06T18:00:26.285755', '2026-01-06T18:00:26.285755');
INSERT INTO bookings (id, user_id, ticket_count, status, created_at, updated_at) VALUES ('47a81b9a-9528-4ff0-bf66-cc4cedee2017', 'a5a21d79-3594-4278-aea7-f997a2d6accf', 5, 'paid', '2026-01-06T18:00:26.285802', '2026-01-06T18:00:26.285802');
INSERT INTO bookings (id, user_id, ticket_count, status, created_at, updated_at) VALUES ('f786623d-75ab-4b9d-9abf-96b82cba9aff', '463f41b4-1dab-440d-93ee-f30d2afd5284', 5, 'paid', '2026-01-06T18:00:26.285844', '2026-01-06T18:00:26.285844');
INSERT INTO bookings (id, user_id, ticket_count, status, created_at, updated_at) VALUES ('ad31e794-5c6b-49e9-9101-8ce16b4ace08', 'a5a21d79-3594-4278-aea7-f997a2d6accf', 4, 'paid', '2026-01-06T18:00:26.285884', '2026-01-06T18:00:26.285884');
INSERT INTO bookings (id, user_id, ticket_count, status, created_at, updated_at) VALUES ('55467525-1bf9-4fa0-8898-6cdb7725fe00', '463f41b4-1dab-440d-93ee-f30d2afd5284', 2, 'paid', '2026-01-06T18:00:26.285925', '2026-01-06T18:00:26.285925');
INSERT INTO bookings (id, user_id, ticket_count, status, created_at, updated_at) VALUES ('f7e38632-faf2-4ad5-b6bb-b043e13596a7', 'a5a21d79-3594-4278-aea7-f997a2d6accf', 3, 'paid', '2026-01-06T18:00:26.285966', '2026-01-06T18:00:26.285966');
INSERT INTO bookings (id, user_id, ticket_count, status, created_at, updated_at) VALUES ('54169aee-be60-4e81-ad6f-0a719f12e861', '463f41b4-1dab-440d-93ee-f30d2afd5284', 5, 'paid', '2026-01-06T18:00:26.286006', '2026-01-06T18:00:26.286006');
INSERT INTO bookings (id, user_id, ticket_count, status, created_at, updated_at) VALUES ('95f6cd9f-90d2-4263-8e9e-67a1e6cd846e', 'a5a21d79-3594-4278-aea7-f997a2d6accf', 1, 'paid', '2026-01-06T18:00:26.286056', '2026-01-06T18:00:26.286056');
INSERT INTO bookings (id, user_id, ticket_count, status, created_at, updated_at) VALUES ('55b8ec0c-0c0e-4618-b681-39a2695cd6fe', '463f41b4-1dab-440d-93ee-f30d2afd5284', 1, 'paid', '2026-01-06T18:00:26.286104', '2026-01-06T18:00:26.286104');
INSERT INTO bookings (id, user_id, ticket_count, status, created_at, updated_at) VALUES ('e965f3b4-de1b-4d76-9abd-0cc9e8553ba2', '463f41b4-1dab-440d-93ee-f30d2afd5284', 3, 'reserved', '2026-01-06T18:00:26.286150', '2026-01-06T18:00:26.286150');
INSERT INTO bookings (id, user_id, ticket_count, status, created_at, updated_at) VALUES ('c937bc50-3a35-40f8-bb56-3ecb71ec0e35', 'a5a21d79-3594-4278-aea7-f997a2d6accf', 2, 'paid', '2026-01-06T18:00:26.286192', '2026-01-06T18:00:26.286192');
INSERT INTO tickets (id, projection_id, hall_seat_id, booking_id, created_at, updated_at) VALUES ('4a0cbe3b-2081-49f2-a699-cb4d14c903ea', '7534a5e7-e58e-49ff-a0b3-21bbd4eadc20', '26e52297-49ef-4b3e-8b0b-5ec37e10e051', '8065637b-ea20-4490-a021-af3f45df1b34', '2026-01-06T18:00:26.287377', '2026-01-06T18:00:26.287377');
INSERT INTO tickets (id, projection_id, hall_seat_id, booking_id, created_at, updated_at) VALUES ('b5b12b7a-5935-4e73-8163-8ddf9b91e6aa', '7534a5e7-e58e-49ff-a0b3-21bbd4eadc20', '6f7b4c1a-3116-46a6-86cd-9432a5bf193d', '8065637b-ea20-4490-a021-af3f45df1b34', '2026-01-06T18:00:26.287466', '2026-01-06T18:00:26.287466');
INSERT INTO tickets (id, projection_id, hall_seat_id, booking_id, created_at, updated_at) VALUES ('b157bed6-87b3-4239-8072-954713e2cf68', '7534a5e7-e58e-49ff-a0b3-21bbd4eadc20', 'c32700a7-cbc0-4a60-a378-35a8fe2040c7', '8065637b-ea20-4490-a021-af3f45df1b34', '2026-01-06T18:00:26.287537', '2026-01-06T18:00:26.287537');
INSERT INTO tickets (id, projection_id, hall_seat_id, booking_id, created_at, updated_at) VALUES ('898b7253-2a5e-4023-9b9f-40ac45b18222', '7534a5e7-e58e-49ff-a0b3-21bbd4eadc20', '95aa5f40-9342-4b84-8269-6759c477f88b', '8065637b-ea20-4490-a021-af3f45df1b34', '2026-01-06T18:00:26.287604', '2026-01-06T18:00:26.287604');
INSERT INTO tickets (id, projection_id, hall_seat_id, booking_id, created_at, updated_at) VALUES ('f2224b4c-3ea6-4053-80d0-62f2f14e41fc', '7534a5e7-e58e-49ff-a0b3-21bbd4eadc20', '20e3ba6d-60d9-444f-a31c-9159fecd61fd', '8065637b-ea20-4490-a021-af3f45df1b34', '2026-01-06T18:00:26.287660', '2026-01-06T18:00:26.287660');
INSERT INTO tickets (id, projection_id, hall_seat_id, booking_id, created_at, updated_at) VALUES ('b2ebc780-855e-426e-8c84-96733b7c9a91', 'fb31274b-67be-4e92-aaa1-3ec32c85d4ae', '052786cc-b610-4524-863a-c89d64a840c6', '5bc8d1c1-8c91-4771-8fc4-7796a1edb2ff', '2026-01-06T18:00:26.288278', '2026-01-06T18:00:26.288278');
INSERT INTO tickets (id, projection_id, hall_seat_id, booking_id, created_at, updated_at) VALUES ('8d7ed3fc-cf22-47e3-bf67-b1d17cb6ed9e', 'fb31274b-67be-4e92-aaa1-3ec32c85d4ae', 'c1a3d62d-50d3-4863-acb5-977876fed6a8', '5bc8d1c1-8c91-4771-8fc4-7796a1edb2ff', '2026-01-06T18:00:26.288317', '2026-01-06T18:00:26.288317');
INSERT INTO tickets (id, projection_id, hall_seat_id, booking_id, created_at, updated_at) VALUES ('a7a05f1d-e838-43d7-9f6d-d5981a9581ab', 'fb31274b-67be-4e92-aaa1-3ec32c85d4ae', 'b0e69d17-e69a-43ec-a8ce-2d86744b33f6', '5bc8d1c1-8c91-4771-8fc4-7796a1edb2ff', '2026-01-06T18:00:26.288349', '2026-01-06T18:00:26.288349');
INSERT INTO tickets (id, projection_id, hall_seat_id, booking_id, created_at, updated_at) VALUES ('0f876594-d40f-49a2-b798-3d158519b3fd', 'fb31274b-67be-4e92-aaa1-3ec32c85d4ae', '199d6c36-c00e-4922-b6db-6aa9bf4cfe89', '5bc8d1c1-8c91-4771-8fc4-7796a1edb2ff', '2026-01-06T18:00:26.288382', '2026-01-06T18:00:26.288382');
INSERT INTO tickets (id, projection_id, hall_seat_id, booking_id, created_at, updated_at) VALUES ('1d9e1490-aa11-4478-a713-310b8ebad996', 'fb31274b-67be-4e92-aaa1-3ec32c85d4ae', '65c9f487-69d9-4dd7-ad13-d691ee3c1530', '5bc8d1c1-8c91-4771-8fc4-7796a1edb2ff', '2026-01-06T18:00:26.288413', '2026-01-06T18:00:26.288413');
INSERT INTO tickets (id, projection_id, hall_seat_id, booking_id, created_at, updated_at) VALUES ('30b60b1c-7498-4a09-9acc-3e49469ab696', '60081a2e-c910-4de2-8fe1-e82e6412bd40', '48184fb8-f4b0-45e8-be7d-f56b120e7e5f', '3010067b-a5c6-473c-a896-301430deed11', '2026-01-06T18:00:26.288762', '2026-01-06T18:00:26.288762');
INSERT INTO tickets (id, projection_id, hall_seat_id, booking_id, created_at, updated_at) VALUES ('5999e982-5c7a-48a2-af4b-7b62f05ce6f1', '1d0c9b08-a404-439b-8727-a8f351428e2d', '584acaea-6b61-4362-9ab3-de5a9f4fd0ad', '4d15a174-093c-4a4c-9598-525c49a71e6a', '2026-01-06T18:00:26.289223', '2026-01-06T18:00:26.289223');
INSERT INTO tickets (id, projection_id, hall_seat_id, booking_id, created_at, updated_at) VALUES ('b1000aa1-a240-4ed1-9498-99f3630bb265', '1d0c9b08-a404-439b-8727-a8f351428e2d', 'a566a0a9-ddac-496f-bbd0-9e5dabd6a6f9', '4d15a174-093c-4a4c-9598-525c49a71e6a', '2026-01-06T18:00:26.289280', '2026-01-06T18:00:26.289280');
INSERT INTO tickets (id, projection_id, hall_seat_id, booking_id, created_at, updated_at) VALUES ('341f525a-cb7c-4334-87b6-2a5dd2a3565e', '9b91a4c8-804e-408d-b167-dca41fb8f41f', '49d17459-b7b8-4461-99fe-a577ca4b7066', '7b2489d6-af44-4c98-b6c8-4d69ae5e8c12', '2026-01-06T18:00:26.289879', '2026-01-06T18:00:26.289879');
INSERT INTO tickets (id, projection_id, hall_seat_id, booking_id, created_at, updated_at) VALUES ('35574ebf-408e-4908-85ea-be4d7000afb1', '9b91a4c8-804e-408d-b167-dca41fb8f41f', '8e8ed5f6-8476-4271-b5a7-820b00b5e54e', '7b2489d6-af44-4c98-b6c8-4d69ae5e8c12', '2026-01-06T18:00:26.289938', '2026-01-06T18:00:26.289938');
INSERT INTO tickets (id, projection_id, hall_seat_id, booking_id, created_at, updated_at) VALUES ('a3c67f39-0503-4e78-80cb-2feb4aa5a0ff', 'e713f745-57f5-4fcf-afee-3d047211d6ad', '69b6b973-708d-4c73-be43-fa098cfeb9b4', 'aa261d48-57ad-4072-b24f-b80d4acbf26c', '2026-01-06T18:00:26.290714', '2026-01-06T18:00:26.290714');
INSERT INTO tickets (id, projection_id, hall_seat_id, booking_id, created_at, updated_at) VALUES ('f51ecfdb-793e-4637-8c36-bdfdaac8fe38', 'e713f745-57f5-4fcf-afee-3d047211d6ad', '4b9644f0-8523-4199-a8f1-8dd2aca25a6d', 'aa261d48-57ad-4072-b24f-b80d4acbf26c', '2026-01-06T18:00:26.290781', '2026-01-06T18:00:26.290781');
INSERT INTO tickets (id, projection_id, hall_seat_id, booking_id, created_at, updated_at) VALUES ('a4efcf3b-0296-4e5b-9dfa-bc7e03454d7e', 'e713f745-57f5-4fcf-afee-3d047211d6ad', '40f32816-e99f-4468-81d7-ca4b1377dc22', 'aa261d48-57ad-4072-b24f-b80d4acbf26c', '2026-01-06T18:00:26.290819', '2026-01-06T18:00:26.290819');
INSERT INTO tickets (id, projection_id, hall_seat_id, booking_id, created_at, updated_at) VALUES ('7cb3954c-49ea-45fe-9ab3-00ca5827f36e', 'de91eb59-9a89-413c-89ab-9f47bf60ad58', '0fd8a7e3-8653-4283-a839-2923fba93f7f', 'b91d5a73-4756-43e8-83e7-934601581d02', '2026-01-06T18:00:26.291203', '2026-01-06T18:00:26.291203');
INSERT INTO tickets (id, projection_id, hall_seat_id, booking_id, created_at, updated_at) VALUES ('4e810e05-2f28-4fd5-83dd-f00a7e687532', '6dbc0d36-b60e-4b59-82a3-51f2bb9b4494', 'bc0317af-869d-4071-843e-51e5f5e74353', '0489c4d9-e396-4d72-a9ed-889d0886907c', '2026-01-06T18:00:26.291691', '2026-01-06T18:00:26.291691');
INSERT INTO tickets (id, projection_id, hall_seat_id, booking_id, created_at, updated_at) VALUES ('dffc29c6-ee3f-4335-a1d3-907d55c7ff6c', '6dbc0d36-b60e-4b59-82a3-51f2bb9b4494', 'e3354c65-b793-438c-8b8f-597875fe6c42', '0489c4d9-e396-4d72-a9ed-889d0886907c', '2026-01-06T18:00:26.291724', '2026-01-06T18:00:26.291724');
INSERT INTO tickets (id, projection_id, hall_seat_id, booking_id, created_at, updated_at) VALUES ('43c2dfc3-9ce9-4b00-81c7-1e285b7a21cb', '6dbc0d36-b60e-4b59-82a3-51f2bb9b4494', '234d817a-121d-42e8-8cb4-4c13e447f012', '0489c4d9-e396-4d72-a9ed-889d0886907c', '2026-01-06T18:00:26.291761', '2026-01-06T18:00:26.291761');
INSERT INTO tickets (id, projection_id, hall_seat_id, booking_id, created_at, updated_at) VALUES ('95e9cce4-a9cf-418f-b3d2-f343fa550b92', '6dbc0d36-b60e-4b59-82a3-51f2bb9b4494', '6dc9fe54-c3f0-44f5-87e8-9393bc053efd', '0489c4d9-e396-4d72-a9ed-889d0886907c', '2026-01-06T18:00:26.291789', '2026-01-06T18:00:26.291789');
INSERT INTO tickets (id, projection_id, hall_seat_id, booking_id, created_at, updated_at) VALUES ('1c3c827a-c1be-4e77-ac15-4502ee4846d3', 'c29c97e2-5da0-48f3-af11-7517a377584a', '407b1be9-54ad-4c1b-b0e9-32dcc70e833b', '92e423d6-661f-41f5-bf9d-3264a52f4a5c', '2026-01-06T18:00:26.292076', '2026-01-06T18:00:26.292076');
INSERT INTO tickets (id, projection_id, hall_seat_id, booking_id, created_at, updated_at) VALUES ('a8201beb-2338-4c68-a91a-d4b93359093d', 'c29c97e2-5da0-48f3-af11-7517a377584a', '504cba4f-3512-4b13-b869-8f69ba12a725', '92e423d6-661f-41f5-bf9d-3264a52f4a5c', '2026-01-06T18:00:26.292107', '2026-01-06T18:00:26.292107');
INSERT INTO tickets (id, projection_id, hall_seat_id, booking_id, created_at, updated_at) VALUES ('87e5e3ea-a445-44e5-a5b3-2ebb08c073e3', 'c29c97e2-5da0-48f3-af11-7517a377584a', '4bd184f7-43e3-488f-a21e-d81e979416d4', '92e423d6-661f-41f5-bf9d-3264a52f4a5c', '2026-01-06T18:00:26.292135', '2026-01-06T18:00:26.292135');
INSERT INTO tickets (id, projection_id, hall_seat_id, booking_id, created_at, updated_at) VALUES ('e55a0ce3-9600-4cdd-a025-10e0ac0e4e5f', '83077f95-8352-4c8f-a43f-8c9c375ab6af', '2740217a-8ede-42b1-99c7-bf518a70fda0', '9b7ed865-7c98-402b-97c0-9ae4fd76685d', '2026-01-06T18:00:26.292435', '2026-01-06T18:00:26.292435');
INSERT INTO tickets (id, projection_id, hall_seat_id, booking_id, created_at, updated_at) VALUES ('939b4522-58d4-4811-ba77-e5f4fba80908', '83077f95-8352-4c8f-a43f-8c9c375ab6af', '219166fa-905a-4ebd-80cb-698006858ae8', '9b7ed865-7c98-402b-97c0-9ae4fd76685d', '2026-01-06T18:00:26.292466', '2026-01-06T18:00:26.292466');
INSERT INTO tickets (id, projection_id, hall_seat_id, booking_id, created_at, updated_at) VALUES ('5de82cc2-2781-4c70-86b1-6fc68eb4db3e', '83077f95-8352-4c8f-a43f-8c9c375ab6af', '739cc498-534d-4c4d-a722-c1b891ea0df7', '9b7ed865-7c98-402b-97c0-9ae4fd76685d', '2026-01-06T18:00:26.292515', '2026-01-06T18:00:26.292515');
INSERT INTO tickets (id, projection_id, hall_seat_id, booking_id, created_at, updated_at) VALUES ('05976a6f-1e81-4ad4-a79c-9312603dd12f', '83077f95-8352-4c8f-a43f-8c9c375ab6af', '92a6e5ed-e30d-40e4-b18d-86a470cc206b', '9b7ed865-7c98-402b-97c0-9ae4fd76685d', '2026-01-06T18:00:26.292557', '2026-01-06T18:00:26.292557');
INSERT INTO tickets (id, projection_id, hall_seat_id, booking_id, created_at, updated_at) VALUES ('1d73221f-191c-4215-8181-a46c0cb5a626', '83077f95-8352-4c8f-a43f-8c9c375ab6af', '3491a009-dc62-4fa2-9d65-96dd17eb22f8', '9b7ed865-7c98-402b-97c0-9ae4fd76685d', '2026-01-06T18:00:26.292589', '2026-01-06T18:00:26.292589');
INSERT INTO tickets (id, projection_id, hall_seat_id, booking_id, created_at, updated_at) VALUES ('45c50173-c3c2-4d29-81b9-066a18680420', '7e8c4ba2-3513-4d1e-9316-28a0403ee01d', 'ec904871-83d2-448f-9afa-ed2ea44db047', 'fb30cf99-81af-42f8-8f6d-aeae6c6501ec', '2026-01-06T18:00:26.293077', '2026-01-06T18:00:26.293077');
INSERT INTO tickets (id, projection_id, hall_seat_id, booking_id, created_at, updated_at) VALUES ('db4e65c1-ef34-4cab-a896-84d7ebbfea31', '7e8c4ba2-3513-4d1e-9316-28a0403ee01d', '6d5bcc02-aa94-434d-bd56-e3285e394c04', 'fb30cf99-81af-42f8-8f6d-aeae6c6501ec', '2026-01-06T18:00:26.293127', '2026-01-06T18:00:26.293127');
INSERT INTO tickets (id, projection_id, hall_seat_id, booking_id, created_at, updated_at) VALUES ('9f1b5aef-e528-4604-98e5-3669f839ba50', 'a979ae97-d6a2-4fc1-8fa3-e265392ba6a1', '7289e03e-9d2b-40d6-94ac-b4490069de97', '71363738-ed9b-43ba-bea5-e3acc1780d07', '2026-01-06T18:00:26.293364', '2026-01-06T18:00:26.293364');
INSERT INTO tickets (id, projection_id, hall_seat_id, booking_id, created_at, updated_at) VALUES ('f8f80f53-fe4d-44cb-93bd-e07ea70bb058', 'a979ae97-d6a2-4fc1-8fa3-e265392ba6a1', '07ed13da-0f77-4ab7-a499-a785f82e0611', '71363738-ed9b-43ba-bea5-e3acc1780d07', '2026-01-06T18:00:26.293396', '2026-01-06T18:00:26.293396');
INSERT INTO tickets (id, projection_id, hall_seat_id, booking_id, created_at, updated_at) VALUES ('8b9a7909-d3a1-4088-a369-3e40b0d777a9', 'a979ae97-d6a2-4fc1-8fa3-e265392ba6a1', 'a943d0e8-f234-47f9-bd59-f5f0957cd34e', '71363738-ed9b-43ba-bea5-e3acc1780d07', '2026-01-06T18:00:26.293423', '2026-01-06T18:00:26.293423');
INSERT INTO tickets (id, projection_id, hall_seat_id, booking_id, created_at, updated_at) VALUES ('900669f3-04ce-46c8-9912-e6da0746a312', 'a979ae97-d6a2-4fc1-8fa3-e265392ba6a1', '6602e0f0-c0ea-4c7c-ad58-257900c90a5e', '71363738-ed9b-43ba-bea5-e3acc1780d07', '2026-01-06T18:00:26.293451', '2026-01-06T18:00:26.293451');
INSERT INTO tickets (id, projection_id, hall_seat_id, booking_id, created_at, updated_at) VALUES ('2a0a01aa-fdcc-44e3-8e4c-981108e8265e', 'a979ae97-d6a2-4fc1-8fa3-e265392ba6a1', '5e23a136-afe8-47ef-9d25-9c2ff0703d77', '71363738-ed9b-43ba-bea5-e3acc1780d07', '2026-01-06T18:00:26.293497', '2026-01-06T18:00:26.293497');
INSERT INTO tickets (id, projection_id, hall_seat_id, booking_id, created_at, updated_at) VALUES ('b1de83b4-bc32-45fd-aa0b-72d7adc3f564', '5ca0f2a5-7956-47c8-92bc-573f4772abeb', '79ac4232-e41f-4eaa-b58c-6a0cb3a1fa35', 'f2a76fc9-8db8-4d7f-a063-8fe2582ddef7', '2026-01-06T18:00:26.293935', '2026-01-06T18:00:26.293935');
INSERT INTO tickets (id, projection_id, hall_seat_id, booking_id, created_at, updated_at) VALUES ('48fcf83b-21c8-4362-bf12-a843d08fadf5', '5ca0f2a5-7956-47c8-92bc-573f4772abeb', 'c5a427a5-3670-4b98-a970-d5df94410c46', 'f2a76fc9-8db8-4d7f-a063-8fe2582ddef7', '2026-01-06T18:00:26.293969', '2026-01-06T18:00:26.293969');
INSERT INTO tickets (id, projection_id, hall_seat_id, booking_id, created_at, updated_at) VALUES ('f8d7b9e1-6676-4cda-9867-af65fa196b49', '5ca0f2a5-7956-47c8-92bc-573f4772abeb', '67b55b52-2e41-40fb-9081-1041362aecaf', 'f2a76fc9-8db8-4d7f-a063-8fe2582ddef7', '2026-01-06T18:00:26.294000', '2026-01-06T18:00:26.294000');
INSERT INTO tickets (id, projection_id, hall_seat_id, booking_id, created_at, updated_at) VALUES ('66ed111f-d211-4bac-85b1-f9bd1052b8ea', '021c4b6f-0f0d-4e9a-a736-58394dce08fb', '5e23a136-afe8-47ef-9d25-9c2ff0703d77', 'a347d6dd-a794-4aa5-a29e-acfd5465238b', '2026-01-06T18:00:26.294433', '2026-01-06T18:00:26.294433');
INSERT INTO tickets (id, projection_id, hall_seat_id, booking_id, created_at, updated_at) VALUES ('2b7224a6-40ab-4e01-b3ec-e87b3b6e3415', '021c4b6f-0f0d-4e9a-a736-58394dce08fb', '761a66f4-199b-409a-bbfe-9bc30be979a8', 'a347d6dd-a794-4aa5-a29e-acfd5465238b', '2026-01-06T18:00:26.294475', '2026-01-06T18:00:26.294475');
INSERT INTO tickets (id, projection_id, hall_seat_id, booking_id, created_at, updated_at) VALUES ('66c377d7-585c-4d76-b81a-f2b79b8f5a13', 'f374ec10-ec77-4936-9117-e86d90e2b37d', '548dc9ac-400c-4690-b0be-29b5d92c8289', '588e47da-c93a-42ef-a007-35c46e289a06', '2026-01-06T18:00:26.295088', '2026-01-06T18:00:26.295088');
INSERT INTO tickets (id, projection_id, hall_seat_id, booking_id, created_at, updated_at) VALUES ('fe76daf2-f28a-4100-a7c7-86b7fa4e8d5a', 'f374ec10-ec77-4936-9117-e86d90e2b37d', '569fab2f-7af8-49dd-a244-a01456ff1baa', '588e47da-c93a-42ef-a007-35c46e289a06', '2026-01-06T18:00:26.295122', '2026-01-06T18:00:26.295122');
INSERT INTO tickets (id, projection_id, hall_seat_id, booking_id, created_at, updated_at) VALUES ('0261bd91-fee1-4d0a-ac70-4d312b7cf2c5', '13c49223-6fc3-41d6-b02b-a80548dd8b07', 'e164f054-8b5f-47d2-a71c-a8e534e08c7b', 'a365a902-9554-488b-8e71-ad8b5f9717fc', '2026-01-06T18:00:26.295710', '2026-01-06T18:00:26.295710');
INSERT INTO tickets (id, projection_id, hall_seat_id, booking_id, created_at, updated_at) VALUES ('6a73bd55-46c6-4fb1-9713-428e0634bb58', 'b0c4f10b-8e85-4dca-9f3c-930e99931382', '66a03b04-79e0-4c90-bb8f-36170430f575', '0433b75d-90df-4362-b33f-8c366db367e6', '2026-01-06T18:00:26.296157', '2026-01-06T18:00:26.296157');
INSERT INTO tickets (id, projection_id, hall_seat_id, booking_id, created_at, updated_at) VALUES ('03151d3a-d3ed-46f3-acbf-618024dea88a', 'b0c4f10b-8e85-4dca-9f3c-930e99931382', 'a04c6c76-1ced-4237-80e8-8e7105191468', '0433b75d-90df-4362-b33f-8c366db367e6', '2026-01-06T18:00:26.296191', '2026-01-06T18:00:26.296191');
INSERT INTO tickets (id, projection_id, hall_seat_id, booking_id, created_at, updated_at) VALUES ('2c9b0777-04b7-45d5-9126-c08997954af8', '46835033-aebe-4f0a-a018-7faf6e652d08', '4b67790e-dee4-4c1a-b215-6060fe27ecaa', '149272ce-559a-4575-aafb-7f0ab99a20e5', '2026-01-06T18:00:26.296563', '2026-01-06T18:00:26.296563');
INSERT INTO tickets (id, projection_id, hall_seat_id, booking_id, created_at, updated_at) VALUES ('bae2e528-60e8-4b4e-9302-2d739027a97a', '46835033-aebe-4f0a-a018-7faf6e652d08', '5e23a136-afe8-47ef-9d25-9c2ff0703d77', '149272ce-559a-4575-aafb-7f0ab99a20e5', '2026-01-06T18:00:26.296597', '2026-01-06T18:00:26.296597');
INSERT INTO tickets (id, projection_id, hall_seat_id, booking_id, created_at, updated_at) VALUES ('5e8c9f11-a8b8-4330-9a83-97be0abfcd7f', '46835033-aebe-4f0a-a018-7faf6e652d08', 'af1504d4-201a-40cb-a9d4-b0a19fb35841', '149272ce-559a-4575-aafb-7f0ab99a20e5', '2026-01-06T18:00:26.296628', '2026-01-06T18:00:26.296628');
INSERT INTO tickets (id, projection_id, hall_seat_id, booking_id, created_at, updated_at) VALUES ('1a3bc9bd-44f8-4c5d-b8d0-0aa71cb13d1d', '46835033-aebe-4f0a-a018-7faf6e652d08', 'c75bf380-474b-43d5-841f-1b20fc838c7d', '149272ce-559a-4575-aafb-7f0ab99a20e5', '2026-01-06T18:00:26.296659', '2026-01-06T18:00:26.296659');
INSERT INTO tickets (id, projection_id, hall_seat_id, booking_id, created_at, updated_at) VALUES ('21272580-e3b3-4db4-94b3-63edb1494611', '46835033-aebe-4f0a-a018-7faf6e652d08', '06c79fb8-0d0a-4185-8f54-549fa701dd96', '149272ce-559a-4575-aafb-7f0ab99a20e5', '2026-01-06T18:00:26.296689', '2026-01-06T18:00:26.296689');
INSERT INTO tickets (id, projection_id, hall_seat_id, booking_id, created_at, updated_at) VALUES ('5511b813-a396-4f52-91d2-69bdd59d22b3', '6a7b6942-8bd9-4d9b-ae82-d5979ac4a116', '2b391af5-f695-40ca-9b8e-1a447e3d196f', 'afc5f872-e4e0-4e52-a2a4-0487f08b519b', '2026-01-06T18:00:26.297135', '2026-01-06T18:00:26.297135');
INSERT INTO tickets (id, projection_id, hall_seat_id, booking_id, created_at, updated_at) VALUES ('c11ede4c-4b92-4320-8d38-3d30542ada1d', '8d65d837-6587-43f7-beaa-d73292c3fcbe', '12239584-2441-4543-b362-240082c3a4a6', '1473e044-f1d0-4253-aff2-c1fcd97ddff8', '2026-01-06T18:00:26.297336', '2026-01-06T18:00:26.297336');
INSERT INTO tickets (id, projection_id, hall_seat_id, booking_id, created_at, updated_at) VALUES ('8c189edc-31af-4106-aaa2-447dfe26f7e1', '8d65d837-6587-43f7-beaa-d73292c3fcbe', 'f471746e-9415-4145-b9d6-c85bd562a61f', '1473e044-f1d0-4253-aff2-c1fcd97ddff8', '2026-01-06T18:00:26.297367', '2026-01-06T18:00:26.297367');
INSERT INTO tickets (id, projection_id, hall_seat_id, booking_id, created_at, updated_at) VALUES ('040be628-80ca-46d1-b745-7059ac1c7daf', 'a7aae08c-548a-4f76-81c1-9b77b4098c45', 'd6776d99-5663-4c9f-8004-f3f393bdb24b', '807cc16d-d1a2-4a09-8605-bbacb7e41bf4', '2026-01-06T18:00:26.297695', '2026-01-06T18:00:26.297695');
INSERT INTO tickets (id, projection_id, hall_seat_id, booking_id, created_at, updated_at) VALUES ('ac44a3c5-2ea2-4ba9-accd-31870dfe4f5a', 'a7aae08c-548a-4f76-81c1-9b77b4098c45', 'b276c6aa-d6ef-4088-84a2-21d641465a38', '807cc16d-d1a2-4a09-8605-bbacb7e41bf4', '2026-01-06T18:00:26.297730', '2026-01-06T18:00:26.297730');
INSERT INTO tickets (id, projection_id, hall_seat_id, booking_id, created_at, updated_at) VALUES ('a9a10dac-2c83-4484-8768-4a295b2c2c82', 'a7aae08c-548a-4f76-81c1-9b77b4098c45', 'd5c7a441-d922-4479-965d-a53077e9ba91', '807cc16d-d1a2-4a09-8605-bbacb7e41bf4', '2026-01-06T18:00:26.297760', '2026-01-06T18:00:26.297760');
INSERT INTO tickets (id, projection_id, hall_seat_id, booking_id, created_at, updated_at) VALUES ('99543def-5159-49b7-adfc-19ef245532e2', 'a7aae08c-548a-4f76-81c1-9b77b4098c45', '7ce477ba-4efd-4a67-ad36-2f4f52378a15', '807cc16d-d1a2-4a09-8605-bbacb7e41bf4', '2026-01-06T18:00:26.297791', '2026-01-06T18:00:26.297791');
INSERT INTO tickets (id, projection_id, hall_seat_id, booking_id, created_at, updated_at) VALUES ('aaa40ec4-fa9e-4b1c-bfff-7a28b2b49804', 'a7aae08c-548a-4f76-81c1-9b77b4098c45', '33ae0082-1a32-4a76-a308-981dc1ccb56b', '807cc16d-d1a2-4a09-8605-bbacb7e41bf4', '2026-01-06T18:00:26.297822', '2026-01-06T18:00:26.297822');
INSERT INTO tickets (id, projection_id, hall_seat_id, booking_id, created_at, updated_at) VALUES ('0d75d9ea-57ca-41af-990e-70c45a7513c9', '07578e62-1323-4c5a-9163-e9c6d44c138f', 'e5e120ad-b0fd-41c5-b966-064ecfca997d', '6f28e92e-cb03-476d-9603-2cbe5657ec7c', '2026-01-06T18:00:26.298405', '2026-01-06T18:00:26.298405');
INSERT INTO tickets (id, projection_id, hall_seat_id, booking_id, created_at, updated_at) VALUES ('f7010446-6a08-47cd-aaf6-a853bb2af4ae', '07578e62-1323-4c5a-9163-e9c6d44c138f', '052786cc-b610-4524-863a-c89d64a840c6', '6f28e92e-cb03-476d-9603-2cbe5657ec7c', '2026-01-06T18:00:26.298438', '2026-01-06T18:00:26.298438');
INSERT INTO tickets (id, projection_id, hall_seat_id, booking_id, created_at, updated_at) VALUES ('cd69ffdb-b65e-4478-943e-279ad19e4e4a', '07578e62-1323-4c5a-9163-e9c6d44c138f', '0766ea4c-2350-4a67-ab2e-ee694ce31837', '6f28e92e-cb03-476d-9603-2cbe5657ec7c', '2026-01-06T18:00:26.298468', '2026-01-06T18:00:26.298468');
INSERT INTO tickets (id, projection_id, hall_seat_id, booking_id, created_at, updated_at) VALUES ('06fb6bc0-555d-473f-9ad1-86c6358f5077', '07578e62-1323-4c5a-9163-e9c6d44c138f', '5a9f8830-066c-43f1-bc14-d58aac888d80', '6f28e92e-cb03-476d-9603-2cbe5657ec7c', '2026-01-06T18:00:26.298517', '2026-01-06T18:00:26.298517');
INSERT INTO tickets (id, projection_id, hall_seat_id, booking_id, created_at, updated_at) VALUES ('f24e2539-b54b-4f21-a6e2-ed5c288d9bae', '07578e62-1323-4c5a-9163-e9c6d44c138f', '9970c1b1-1287-426a-8f01-8822f1a4312f', '6f28e92e-cb03-476d-9603-2cbe5657ec7c', '2026-01-06T18:00:26.298555', '2026-01-06T18:00:26.298555');
INSERT INTO tickets (id, projection_id, hall_seat_id, booking_id, created_at, updated_at) VALUES ('b6e69f29-2b3a-4d07-a474-a8c8d8dc95a2', '957ad9e9-6221-4848-977c-1e1cd6be4e98', '815804ed-0a6d-463a-bbbe-3f1dae34ec87', 'da6dee30-e1fa-4360-8a31-e8bb66c356cc', '2026-01-06T18:00:26.298848', '2026-01-06T18:00:26.298848');
INSERT INTO tickets (id, projection_id, hall_seat_id, booking_id, created_at, updated_at) VALUES ('a47c6e44-bbca-4893-8d25-e4e7beaf670c', '957ad9e9-6221-4848-977c-1e1cd6be4e98', '2bff321c-4463-4a60-8424-30bdecf5662c', 'da6dee30-e1fa-4360-8a31-e8bb66c356cc', '2026-01-06T18:00:26.298879', '2026-01-06T18:00:26.298879');
INSERT INTO tickets (id, projection_id, hall_seat_id, booking_id, created_at, updated_at) VALUES ('f3e4f5b2-636f-44a6-898c-3f252cdc2170', '957ad9e9-6221-4848-977c-1e1cd6be4e98', '9fde917b-9844-45d9-9078-8dc523965e49', 'da6dee30-e1fa-4360-8a31-e8bb66c356cc', '2026-01-06T18:00:26.298907', '2026-01-06T18:00:26.298907');
INSERT INTO tickets (id, projection_id, hall_seat_id, booking_id, created_at, updated_at) VALUES ('a3db811c-6421-4a0e-882b-72d08ba0ec52', '786d013f-be6b-4ef8-8c19-86c6a5a6c49f', '85d062bc-75cf-4b3b-999a-2b34d0c18e2f', '750dacc5-5d12-4fa1-902e-8f3354f234d6', '2026-01-06T18:00:26.299111', '2026-01-06T18:00:26.299111');
INSERT INTO tickets (id, projection_id, hall_seat_id, booking_id, created_at, updated_at) VALUES ('2a9e0b34-ed5c-4e14-9fc4-6d02f583f380', '9b90b1c1-a25f-4afd-b45f-f61ead4b7b9a', 'e51b420c-2897-4d88-a7bb-8bb378a449f4', 'fa224604-3893-4425-881c-c74c14357c16', '2026-01-06T18:00:26.299307', '2026-01-06T18:00:26.299307');
INSERT INTO tickets (id, projection_id, hall_seat_id, booking_id, created_at, updated_at) VALUES ('1a7055ce-da08-4489-a9c0-b1f1ecb08aa7', '9b90b1c1-a25f-4afd-b45f-f61ead4b7b9a', '04cd9cb2-839b-4338-8113-c696b29290d2', 'fa224604-3893-4425-881c-c74c14357c16', '2026-01-06T18:00:26.299337', '2026-01-06T18:00:26.299337');
INSERT INTO tickets (id, projection_id, hall_seat_id, booking_id, created_at, updated_at) VALUES ('9744a2ff-6f82-4d49-86fd-b808b2b90ef2', '99392781-5bf3-4e60-afe2-1fb60e1643e0', '48a5e428-43e7-4aa4-abd0-761ff81cccec', '7a9b8e4c-9fdf-4d17-a043-2424b03102f3', '2026-01-06T18:00:26.299528', '2026-01-06T18:00:26.299528');
INSERT INTO tickets (id, projection_id, hall_seat_id, booking_id, created_at, updated_at) VALUES ('7269a30e-a0ad-42e3-bea6-28e1b24c9398', 'b2089f27-7157-4b14-ab92-a92922cc933b', 'cf40c293-4dde-46b5-a654-d706350a6b8b', '471f9179-b40d-4376-8afd-8f5ca71c52b6', '2026-01-06T18:00:26.299928', '2026-01-06T18:00:26.299928');
INSERT INTO tickets (id, projection_id, hall_seat_id, booking_id, created_at, updated_at) VALUES ('f387898c-f369-49ff-9bdd-cbbb5669a14e', 'b2089f27-7157-4b14-ab92-a92922cc933b', 'e74904aa-b43d-4ce5-bb51-c25ba6157b52', '471f9179-b40d-4376-8afd-8f5ca71c52b6', '2026-01-06T18:00:26.299961', '2026-01-06T18:00:26.299961');
INSERT INTO tickets (id, projection_id, hall_seat_id, booking_id, created_at, updated_at) VALUES ('265fb07a-227c-46f4-81d7-d049be888e06', 'b2089f27-7157-4b14-ab92-a92922cc933b', '171373fd-fa9e-4f05-960d-3dd78cbb9dac', '471f9179-b40d-4376-8afd-8f5ca71c52b6', '2026-01-06T18:00:26.299991', '2026-01-06T18:00:26.299991');
INSERT INTO tickets (id, projection_id, hall_seat_id, booking_id, created_at, updated_at) VALUES ('f460faef-0271-42ae-9b59-ea70f2536f03', 'f4e4cbbf-2e5d-40a1-b8f2-54251b0bb37a', 'b5bbe19d-c109-4644-b801-a4d177af374c', '313f9bc4-c232-401e-b4ec-454f2cce860f', '2026-01-06T18:00:26.300258', '2026-01-06T18:00:26.300258');
INSERT INTO tickets (id, projection_id, hall_seat_id, booking_id, created_at, updated_at) VALUES ('38a34db1-a758-4f98-9fe9-f24b62c8ce83', 'f4e4cbbf-2e5d-40a1-b8f2-54251b0bb37a', '48184fb8-f4b0-45e8-be7d-f56b120e7e5f', '313f9bc4-c232-401e-b4ec-454f2cce860f', '2026-01-06T18:00:26.300294', '2026-01-06T18:00:26.300294');
INSERT INTO tickets (id, projection_id, hall_seat_id, booking_id, created_at, updated_at) VALUES ('c30f15b4-9622-4da7-a212-950b848ca96c', 'f4e4cbbf-2e5d-40a1-b8f2-54251b0bb37a', '2d169865-db53-4159-bf99-b06d73696402', '313f9bc4-c232-401e-b4ec-454f2cce860f', '2026-01-06T18:00:26.300322', '2026-01-06T18:00:26.300322');
INSERT INTO tickets (id, projection_id, hall_seat_id, booking_id, created_at, updated_at) VALUES ('e24fd96d-58ad-4cb3-8176-c81302f28079', 'f4e4cbbf-2e5d-40a1-b8f2-54251b0bb37a', '370788ca-3cba-43d0-89ef-46b939267667', '313f9bc4-c232-401e-b4ec-454f2cce860f', '2026-01-06T18:00:26.300349', '2026-01-06T18:00:26.300349');
INSERT INTO tickets (id, projection_id, hall_seat_id, booking_id, created_at, updated_at) VALUES ('fb135f19-72c0-491f-9a49-0610e80de48f', 'f4e4cbbf-2e5d-40a1-b8f2-54251b0bb37a', '95d182c5-1d78-4f65-a0bc-df6b57a1c0ae', '313f9bc4-c232-401e-b4ec-454f2cce860f', '2026-01-06T18:00:26.300375', '2026-01-06T18:00:26.300375');
INSERT INTO tickets (id, projection_id, hall_seat_id, booking_id, created_at, updated_at) VALUES ('cd23d813-c99e-414b-b892-f96b44be853a', '4d654ce5-f5dc-45c8-befb-97eef4017ce6', 'a6b91320-ae3e-489c-b6ef-e6a8c69c4408', '4f4837af-45f8-4162-ac79-831c0b298d89', '2026-01-06T18:00:26.300874', '2026-01-06T18:00:26.300874');
INSERT INTO tickets (id, projection_id, hall_seat_id, booking_id, created_at, updated_at) VALUES ('70686429-bd7b-4071-a738-7d681c366553', '4d654ce5-f5dc-45c8-befb-97eef4017ce6', '1cf16acf-0ccb-4df9-82cf-6b4184aa6d8b', '4f4837af-45f8-4162-ac79-831c0b298d89', '2026-01-06T18:00:26.300907', '2026-01-06T18:00:26.300907');
INSERT INTO tickets (id, projection_id, hall_seat_id, booking_id, created_at, updated_at) VALUES ('e3243a88-8f00-4781-b552-168a742e5d15', '4d654ce5-f5dc-45c8-befb-97eef4017ce6', 'e8e1d432-67e8-4f3a-96e1-676d4ca90aa9', '4f4837af-45f8-4162-ac79-831c0b298d89', '2026-01-06T18:00:26.300938', '2026-01-06T18:00:26.300938');
INSERT INTO tickets (id, projection_id, hall_seat_id, booking_id, created_at, updated_at) VALUES ('fb934f3c-78c5-4f17-b6ed-b96dffe4e79b', '4d654ce5-f5dc-45c8-befb-97eef4017ce6', '407b1be9-54ad-4c1b-b0e9-32dcc70e833b', '4f4837af-45f8-4162-ac79-831c0b298d89', '2026-01-06T18:00:26.300968', '2026-01-06T18:00:26.300968');
INSERT INTO tickets (id, projection_id, hall_seat_id, booking_id, created_at, updated_at) VALUES ('bf89dee8-2de3-44ff-b91f-cda7019ede62', '4d654ce5-f5dc-45c8-befb-97eef4017ce6', '548dc9ac-400c-4690-b0be-29b5d92c8289', '4f4837af-45f8-4162-ac79-831c0b298d89', '2026-01-06T18:00:26.301004', '2026-01-06T18:00:26.301004');
INSERT INTO tickets (id, projection_id, hall_seat_id, booking_id, created_at, updated_at) VALUES ('8e465621-99fc-42a6-b3c3-2919bfe4e421', '0041912b-9f48-4a4f-a958-a1a74a5fa300', '7aeec62c-0d5a-47ae-84f0-36dc92dd3810', '5e8131bc-6ea8-41b2-80d7-c228ecdcfc7b', '2026-01-06T18:00:26.301261', '2026-01-06T18:00:26.301261');
INSERT INTO tickets (id, projection_id, hall_seat_id, booking_id, created_at, updated_at) VALUES ('7ba2b49f-76b5-410e-a66e-7b4c8b84bf0c', 'a4fd6f4e-6474-41d5-8da3-b87b4a1abbf8', 'a04c6c76-1ced-4237-80e8-8e7105191468', '552b39ec-83ca-4d7f-ad5d-37a59860da77', '2026-01-06T18:00:26.301454', '2026-01-06T18:00:26.301454');
INSERT INTO tickets (id, projection_id, hall_seat_id, booking_id, created_at, updated_at) VALUES ('dbdb924d-1ca1-49df-814f-156661537e99', 'a4fd6f4e-6474-41d5-8da3-b87b4a1abbf8', '98e95029-9049-45b1-ab43-a7d0ffd88aa7', '552b39ec-83ca-4d7f-ad5d-37a59860da77', '2026-01-06T18:00:26.301498', '2026-01-06T18:00:26.301498');
INSERT INTO tickets (id, projection_id, hall_seat_id, booking_id, created_at, updated_at) VALUES ('8cb84be8-9844-405e-9e99-e7db51136e9e', 'a4fd6f4e-6474-41d5-8da3-b87b4a1abbf8', '383f1900-60a3-4a0c-be06-c38c87cd3891', '552b39ec-83ca-4d7f-ad5d-37a59860da77', '2026-01-06T18:00:26.301531', '2026-01-06T18:00:26.301531');
INSERT INTO tickets (id, projection_id, hall_seat_id, booking_id, created_at, updated_at) VALUES ('73a7ecfe-2043-465c-8779-09476ae27626', '3eca6366-ba80-472c-915c-1473432fcd73', '2a2f373c-e8c8-4652-82f3-58b1042453c8', '5beac11a-ba87-4fed-a218-940be5d2a12d', '2026-01-06T18:00:26.301950', '2026-01-06T18:00:26.301950');
INSERT INTO tickets (id, projection_id, hall_seat_id, booking_id, created_at, updated_at) VALUES ('784f3e61-3ecb-4175-a4eb-e83e973b1510', '3eca6366-ba80-472c-915c-1473432fcd73', '6d66561a-45b8-455d-9e15-e6f02f664398', '5beac11a-ba87-4fed-a218-940be5d2a12d', '2026-01-06T18:00:26.301984', '2026-01-06T18:00:26.301984');
INSERT INTO tickets (id, projection_id, hall_seat_id, booking_id, created_at, updated_at) VALUES ('9109453f-fade-48c4-b9bb-68faea896886', '3eca6366-ba80-472c-915c-1473432fcd73', 'b4ad4aa3-846b-48de-87ee-18cb289ad774', '5beac11a-ba87-4fed-a218-940be5d2a12d', '2026-01-06T18:00:26.302014', '2026-01-06T18:00:26.302014');
INSERT INTO tickets (id, projection_id, hall_seat_id, booking_id, created_at, updated_at) VALUES ('81b34e53-a1e1-484a-a68e-22a19fe1f37f', '7793ed87-2375-4a32-98c0-fb29ed5bca6b', 'e8e1d432-67e8-4f3a-96e1-676d4ca90aa9', '160b8742-e66d-4236-bcf1-df8ce607b963', '2026-01-06T18:00:26.302451', '2026-01-06T18:00:26.302451');
INSERT INTO tickets (id, projection_id, hall_seat_id, booking_id, created_at, updated_at) VALUES ('9762e003-aab6-4cc4-b68c-1b43a5bcb751', '7793ed87-2375-4a32-98c0-fb29ed5bca6b', '484604de-6226-4312-a8b6-72e66ae1ddcb', '160b8742-e66d-4236-bcf1-df8ce607b963', '2026-01-06T18:00:26.302496', '2026-01-06T18:00:26.302496');
INSERT INTO tickets (id, projection_id, hall_seat_id, booking_id, created_at, updated_at) VALUES ('7b565fa1-cffa-4a57-951e-332b14fab47d', '13bf5515-2004-48c6-b954-42f9f20a5bf8', '2d846d2a-9f47-40bf-a2f4-729ebd0a6acc', 'f130d810-e0b5-46e3-9e61-2aedb84479aa', '2026-01-06T18:00:26.302988', '2026-01-06T18:00:26.302988');
INSERT INTO tickets (id, projection_id, hall_seat_id, booking_id, created_at, updated_at) VALUES ('e457799a-594a-4dd9-bcee-a1023377a801', '13bf5515-2004-48c6-b954-42f9f20a5bf8', '2cc7fe46-05ea-4afe-92f6-eb3b9dc91d27', 'f130d810-e0b5-46e3-9e61-2aedb84479aa', '2026-01-06T18:00:26.303021', '2026-01-06T18:00:26.303021');
INSERT INTO tickets (id, projection_id, hall_seat_id, booking_id, created_at, updated_at) VALUES ('8b1dda56-fe75-4ffe-b217-fc07ca20d202', '13bf5515-2004-48c6-b954-42f9f20a5bf8', '8df0e260-a6fe-4db1-b517-211a48095b21', 'f130d810-e0b5-46e3-9e61-2aedb84479aa', '2026-01-06T18:00:26.303052', '2026-01-06T18:00:26.303052');
INSERT INTO tickets (id, projection_id, hall_seat_id, booking_id, created_at, updated_at) VALUES ('3eebb795-0cba-430a-9532-ae4c9c76fb18', '13bf5515-2004-48c6-b954-42f9f20a5bf8', '2f511a4f-70d6-40f2-91e1-628af25b85d7', 'f130d810-e0b5-46e3-9e61-2aedb84479aa', '2026-01-06T18:00:26.303089', '2026-01-06T18:00:26.303089');
INSERT INTO tickets (id, projection_id, hall_seat_id, booking_id, created_at, updated_at) VALUES ('69cabf0e-ef97-424d-9146-38077f1a714b', '0e1b56bb-6b3d-45ab-acc5-3cdeb30857ca', '13369f67-901f-4bce-b80c-d9c3f4007be8', '30e5a7dd-ab0a-43c9-851a-87e2414bddba', '2026-01-06T18:00:26.303312', '2026-01-06T18:00:26.303312');
INSERT INTO tickets (id, projection_id, hall_seat_id, booking_id, created_at, updated_at) VALUES ('fa60f1f0-6be0-4e61-ae96-c9ca23891ab1', '0e1b56bb-6b3d-45ab-acc5-3cdeb30857ca', 'f556c6f4-f9b8-4234-ae86-7c6dfc9c5bac', '30e5a7dd-ab0a-43c9-851a-87e2414bddba', '2026-01-06T18:00:26.303342', '2026-01-06T18:00:26.303342');
INSERT INTO tickets (id, projection_id, hall_seat_id, booking_id, created_at, updated_at) VALUES ('20599794-f8f4-426a-ba05-5d7f827fa93f', '0e1b56bb-6b3d-45ab-acc5-3cdeb30857ca', '1c81bef8-bf72-44c0-bb41-324598d0b52d', '30e5a7dd-ab0a-43c9-851a-87e2414bddba', '2026-01-06T18:00:26.303375', '2026-01-06T18:00:26.303375');
INSERT INTO tickets (id, projection_id, hall_seat_id, booking_id, created_at, updated_at) VALUES ('9d890157-4831-49b7-af80-15a34b00b950', '0e1b56bb-6b3d-45ab-acc5-3cdeb30857ca', '8c9a25a6-f83f-4cb9-9b5f-20f891bb5b1d', '30e5a7dd-ab0a-43c9-851a-87e2414bddba', '2026-01-06T18:00:26.303403', '2026-01-06T18:00:26.303403');
INSERT INTO tickets (id, projection_id, hall_seat_id, booking_id, created_at, updated_at) VALUES ('257cd296-2df7-42ca-884e-febc145cc846', '0e1b56bb-6b3d-45ab-acc5-3cdeb30857ca', '636e9b8a-3260-4cf5-b1a4-ed142669f234', '30e5a7dd-ab0a-43c9-851a-87e2414bddba', '2026-01-06T18:00:26.303430', '2026-01-06T18:00:26.303430');
INSERT INTO tickets (id, projection_id, hall_seat_id, booking_id, created_at, updated_at) VALUES ('deb3dd79-8af7-4ad3-b416-d5639b243a7f', '507082b3-80d4-4537-8f93-cf39a56ed5fc', '0ea5f159-d3df-4327-8d1b-2c623f6e9537', 'de0a62c2-c8ce-455d-ac77-36f045b4cdbc', '2026-01-06T18:00:26.303990', '2026-01-06T18:00:26.303990');
INSERT INTO tickets (id, projection_id, hall_seat_id, booking_id, created_at, updated_at) VALUES ('497e11da-999a-443d-b88f-5076ac0abc1e', '8f829d7b-a59c-49de-b8b2-112e3b51a2b3', '0b92fe39-bb92-4c89-80df-fa9be6f61516', 'd712e4b0-4216-4b93-883e-14edc050da3d', '2026-01-06T18:00:26.304512', '2026-01-06T18:00:26.304512');
INSERT INTO tickets (id, projection_id, hall_seat_id, booking_id, created_at, updated_at) VALUES ('d94ab051-73d5-477a-beeb-f7cf01e97467', '8f829d7b-a59c-49de-b8b2-112e3b51a2b3', 'fd7f3b32-f77c-4ee7-b4c7-62537d9c3002', 'd712e4b0-4216-4b93-883e-14edc050da3d', '2026-01-06T18:00:26.304570', '2026-01-06T18:00:26.304570');
INSERT INTO tickets (id, projection_id, hall_seat_id, booking_id, created_at, updated_at) VALUES ('cc5704c0-85b0-43ac-9878-9eeea4728357', '8f829d7b-a59c-49de-b8b2-112e3b51a2b3', '377548d2-9c5c-42de-ac56-44cf4a42346b', 'd712e4b0-4216-4b93-883e-14edc050da3d', '2026-01-06T18:00:26.304619', '2026-01-06T18:00:26.304619');
INSERT INTO tickets (id, projection_id, hall_seat_id, booking_id, created_at, updated_at) VALUES ('17fa7d62-e089-436c-8c37-1e9a29944cc8', 'bdd2602c-e3df-481c-b82b-ec31c42bf09f', '3b1c681a-0a12-4342-9f6e-1ee841912e74', 'cefd40e9-fd86-42c3-99e1-6b710fc22700', '2026-01-06T18:00:26.305082', '2026-01-06T18:00:26.305082');
INSERT INTO tickets (id, projection_id, hall_seat_id, booking_id, created_at, updated_at) VALUES ('b773fb74-a5da-42bb-90f1-1db7e70aa0a1', 'bdd2602c-e3df-481c-b82b-ec31c42bf09f', '69717d01-d0a4-42a0-b153-bc9c5f30c15e', 'cefd40e9-fd86-42c3-99e1-6b710fc22700', '2026-01-06T18:00:26.305153', '2026-01-06T18:00:26.305153');
INSERT INTO tickets (id, projection_id, hall_seat_id, booking_id, created_at, updated_at) VALUES ('9ffe1659-625a-4988-af3a-b03db222cf55', 'bdd2602c-e3df-481c-b82b-ec31c42bf09f', '56846af4-39de-44a2-8b24-6e7c097f707f', 'cefd40e9-fd86-42c3-99e1-6b710fc22700', '2026-01-06T18:00:26.305212', '2026-01-06T18:00:26.305212');
INSERT INTO tickets (id, projection_id, hall_seat_id, booking_id, created_at, updated_at) VALUES ('248f7530-b0f2-46d3-8d23-a09d6df0e8d3', 'bdd2602c-e3df-481c-b82b-ec31c42bf09f', '6d2940d4-8e06-4c6a-b166-42b3b81c15fb', 'cefd40e9-fd86-42c3-99e1-6b710fc22700', '2026-01-06T18:00:26.305246', '2026-01-06T18:00:26.305246');
INSERT INTO tickets (id, projection_id, hall_seat_id, booking_id, created_at, updated_at) VALUES ('4974e2d5-4c95-49a4-8322-2f3aea168a17', '92e891f1-23c2-42eb-9f99-ce9f0a70915c', '20e3ba6d-60d9-444f-a31c-9159fecd61fd', 'd2d676f2-df02-483f-9708-0a54f714c9b8', '2026-01-06T18:00:26.305831', '2026-01-06T18:00:26.305831');
INSERT INTO tickets (id, projection_id, hall_seat_id, booking_id, created_at, updated_at) VALUES ('76cc3d57-fe07-49c5-8309-68d6c0b21178', '92e891f1-23c2-42eb-9f99-ce9f0a70915c', '6890005b-4e16-4848-b827-6916da4b6baf', 'd2d676f2-df02-483f-9708-0a54f714c9b8', '2026-01-06T18:00:26.305910', '2026-01-06T18:00:26.305910');
INSERT INTO tickets (id, projection_id, hall_seat_id, booking_id, created_at, updated_at) VALUES ('cf5e6518-65f5-466a-abe1-8c7c4ce609d7', '92e891f1-23c2-42eb-9f99-ce9f0a70915c', '339eb92f-cdc3-449b-83d7-0af02ae40063', 'd2d676f2-df02-483f-9708-0a54f714c9b8', '2026-01-06T18:00:26.305947', '2026-01-06T18:00:26.305947');
INSERT INTO tickets (id, projection_id, hall_seat_id, booking_id, created_at, updated_at) VALUES ('f378b690-2721-4dde-bbd0-e7ebaf4d572c', '92e891f1-23c2-42eb-9f99-ce9f0a70915c', '98b1542a-c668-4388-806c-f54ecee9900c', 'd2d676f2-df02-483f-9708-0a54f714c9b8', '2026-01-06T18:00:26.305978', '2026-01-06T18:00:26.305978');
INSERT INTO tickets (id, projection_id, hall_seat_id, booking_id, created_at, updated_at) VALUES ('b7c19312-fd23-4d43-bd5b-6af48d8f0342', '92e891f1-23c2-42eb-9f99-ce9f0a70915c', 'c32700a7-cbc0-4a60-a378-35a8fe2040c7', 'd2d676f2-df02-483f-9708-0a54f714c9b8', '2026-01-06T18:00:26.306015', '2026-01-06T18:00:26.306015');
INSERT INTO tickets (id, projection_id, hall_seat_id, booking_id, created_at, updated_at) VALUES ('206ca7e1-dfdf-4268-8ae8-10da93094db5', '471374e5-4d88-4848-8eeb-731d02b90c5b', 'd13de43e-4324-4028-adca-7f66cc60e1a2', '96563d25-ac75-44cf-881f-39bd45f9e100', '2026-01-06T18:00:26.306558', '2026-01-06T18:00:26.306558');
INSERT INTO tickets (id, projection_id, hall_seat_id, booking_id, created_at, updated_at) VALUES ('1da260a5-9f5c-4dfb-8b42-09af9f0e26dc', '471374e5-4d88-4848-8eeb-731d02b90c5b', '77885a1b-ae25-4585-a453-e3e1cc367eb6', '96563d25-ac75-44cf-881f-39bd45f9e100', '2026-01-06T18:00:26.306598', '2026-01-06T18:00:26.306598');
INSERT INTO tickets (id, projection_id, hall_seat_id, booking_id, created_at, updated_at) VALUES ('35efe0c6-a040-4ae3-91db-31e998e4785b', '471374e5-4d88-4848-8eeb-731d02b90c5b', '569fab2f-7af8-49dd-a244-a01456ff1baa', '96563d25-ac75-44cf-881f-39bd45f9e100', '2026-01-06T18:00:26.306631', '2026-01-06T18:00:26.306631');
INSERT INTO tickets (id, projection_id, hall_seat_id, booking_id, created_at, updated_at) VALUES ('f0f49ee0-80de-4f29-9956-b72376810f16', '471374e5-4d88-4848-8eeb-731d02b90c5b', '54f28bc4-efb2-4100-988a-6ddb1b5a6860', '96563d25-ac75-44cf-881f-39bd45f9e100', '2026-01-06T18:00:26.306683', '2026-01-06T18:00:26.306683');
INSERT INTO tickets (id, projection_id, hall_seat_id, booking_id, created_at, updated_at) VALUES ('cd9af26a-bdd2-4d3b-9294-a74d0bda4704', '7d0e50f3-0dce-4d33-a484-c52140053cb6', '8bedfe66-2853-435b-b4c6-f7813f744566', '47a81b9a-9528-4ff0-bf66-cc4cedee2017', '2026-01-06T18:00:26.307021', '2026-01-06T18:00:26.307021');
INSERT INTO tickets (id, projection_id, hall_seat_id, booking_id, created_at, updated_at) VALUES ('938180ef-6d57-45a3-8ddf-9c97a95e0c58', '7d0e50f3-0dce-4d33-a484-c52140053cb6', '69717d01-d0a4-42a0-b153-bc9c5f30c15e', '47a81b9a-9528-4ff0-bf66-cc4cedee2017', '2026-01-06T18:00:26.307061', '2026-01-06T18:00:26.307061');
INSERT INTO tickets (id, projection_id, hall_seat_id, booking_id, created_at, updated_at) VALUES ('c1c30a45-22d1-4029-bae4-b72002ee46b7', '7d0e50f3-0dce-4d33-a484-c52140053cb6', 'a6e8434a-b881-43af-9e67-584a2e2ac7a0', '47a81b9a-9528-4ff0-bf66-cc4cedee2017', '2026-01-06T18:00:26.307094', '2026-01-06T18:00:26.307094');
INSERT INTO tickets (id, projection_id, hall_seat_id, booking_id, created_at, updated_at) VALUES ('f96952a9-25a8-457f-a72f-bc71323149bc', '7d0e50f3-0dce-4d33-a484-c52140053cb6', '2163b26f-2f25-42a0-bc72-d57d901c394b', '47a81b9a-9528-4ff0-bf66-cc4cedee2017', '2026-01-06T18:00:26.307134', '2026-01-06T18:00:26.307134');
INSERT INTO tickets (id, projection_id, hall_seat_id, booking_id, created_at, updated_at) VALUES ('638c2fa5-4c11-4ca7-89f2-fbca5a529964', '7d0e50f3-0dce-4d33-a484-c52140053cb6', '3cb70780-e3bb-4158-b054-88465752ac74', '47a81b9a-9528-4ff0-bf66-cc4cedee2017', '2026-01-06T18:00:26.307166', '2026-01-06T18:00:26.307166');
INSERT INTO tickets (id, projection_id, hall_seat_id, booking_id, created_at, updated_at) VALUES ('b71e6f65-3f55-4fc2-bd69-8eb9a5ee41fb', 'cc3cfbda-ea54-4c05-ba03-494765c1b616', '7ade5c42-8e34-4093-af01-81f9c2f1a4cb', 'f786623d-75ab-4b9d-9abf-96b82cba9aff', '2026-01-06T18:00:26.307781', '2026-01-06T18:00:26.307781');
INSERT INTO tickets (id, projection_id, hall_seat_id, booking_id, created_at, updated_at) VALUES ('4b200da8-ad0e-45a2-a47d-e19a9ab9dd3c', 'cc3cfbda-ea54-4c05-ba03-494765c1b616', 'af48a48e-412c-4056-8a04-169c3148accd', 'f786623d-75ab-4b9d-9abf-96b82cba9aff', '2026-01-06T18:00:26.307818', '2026-01-06T18:00:26.307818');
INSERT INTO tickets (id, projection_id, hall_seat_id, booking_id, created_at, updated_at) VALUES ('f10ec0d1-54fc-4320-a960-a1a5193dfb66', 'cc3cfbda-ea54-4c05-ba03-494765c1b616', '9de89840-9edc-4033-a65d-23aa2971c200', 'f786623d-75ab-4b9d-9abf-96b82cba9aff', '2026-01-06T18:00:26.307846', '2026-01-06T18:00:26.307846');
INSERT INTO tickets (id, projection_id, hall_seat_id, booking_id, created_at, updated_at) VALUES ('2f79a48e-d475-4af6-9a6f-981a236e8310', 'cc3cfbda-ea54-4c05-ba03-494765c1b616', '5b84191c-5d87-4678-8c7c-c55b57d3973a', 'f786623d-75ab-4b9d-9abf-96b82cba9aff', '2026-01-06T18:00:26.307877', '2026-01-06T18:00:26.307877');
INSERT INTO tickets (id, projection_id, hall_seat_id, booking_id, created_at, updated_at) VALUES ('c8a7f3ee-8481-4876-b93e-62394bbe1cbf', 'cc3cfbda-ea54-4c05-ba03-494765c1b616', '9952f7b1-d745-405e-9c56-9028a51e7aff', 'f786623d-75ab-4b9d-9abf-96b82cba9aff', '2026-01-06T18:00:26.307925', '2026-01-06T18:00:26.307925');
INSERT INTO tickets (id, projection_id, hall_seat_id, booking_id, created_at, updated_at) VALUES ('c9b00df7-8db4-4247-bd72-5e32d2be4b43', '76822813-1559-4f0e-a4a9-2e11b4ff5eb8', 'a6e8434a-b881-43af-9e67-584a2e2ac7a0', 'ad31e794-5c6b-49e9-9101-8ce16b4ace08', '2026-01-06T18:00:26.308366', '2026-01-06T18:00:26.308366');
INSERT INTO tickets (id, projection_id, hall_seat_id, booking_id, created_at, updated_at) VALUES ('1e9f8a07-0c87-41d3-8bc6-b2d0a6f60522', '76822813-1559-4f0e-a4a9-2e11b4ff5eb8', '419ff81c-1b08-4857-a473-02376a983dbd', 'ad31e794-5c6b-49e9-9101-8ce16b4ace08', '2026-01-06T18:00:26.308406', '2026-01-06T18:00:26.308406');
INSERT INTO tickets (id, projection_id, hall_seat_id, booking_id, created_at, updated_at) VALUES ('8b6ad7ad-e0ed-4b2e-a189-455994bfac98', '76822813-1559-4f0e-a4a9-2e11b4ff5eb8', '56846af4-39de-44a2-8b24-6e7c097f707f', 'ad31e794-5c6b-49e9-9101-8ce16b4ace08', '2026-01-06T18:00:26.308434', '2026-01-06T18:00:26.308434');
INSERT INTO tickets (id, projection_id, hall_seat_id, booking_id, created_at, updated_at) VALUES ('763de746-0b36-41be-9464-0f01d5f30846', '76822813-1559-4f0e-a4a9-2e11b4ff5eb8', 'a4e6ec19-5d90-411c-8899-37b74980fd2e', 'ad31e794-5c6b-49e9-9101-8ce16b4ace08', '2026-01-06T18:00:26.308461', '2026-01-06T18:00:26.308461');
INSERT INTO tickets (id, projection_id, hall_seat_id, booking_id, created_at, updated_at) VALUES ('649c8a1f-771f-4878-8614-9602dda5a477', 'ccd9cfe4-4b07-4cb1-b0c1-0676cc7adb71', '9b8d285a-c970-4a99-b1c9-7b31fbb6275f', '55467525-1bf9-4fa0-8898-6cdb7725fe00', '2026-01-06T18:00:26.308876', '2026-01-06T18:00:26.308876');
INSERT INTO tickets (id, projection_id, hall_seat_id, booking_id, created_at, updated_at) VALUES ('a41fa8a0-6956-4663-b647-44a8b865cf92', 'ccd9cfe4-4b07-4cb1-b0c1-0676cc7adb71', '38b67a54-9a10-461e-b652-4e5c16247a17', '55467525-1bf9-4fa0-8898-6cdb7725fe00', '2026-01-06T18:00:26.308910', '2026-01-06T18:00:26.308910');
INSERT INTO tickets (id, projection_id, hall_seat_id, booking_id, created_at, updated_at) VALUES ('ba7e6de4-2d77-4656-84c8-8240c2999383', 'a182c1c0-1f48-40fd-a9f9-2ad7eebf4ad5', 'fe9e8d1d-c0da-4e10-b8cd-b115b8a64ccc', 'f7e38632-faf2-4ad5-b6bb-b043e13596a7', '2026-01-06T18:00:26.309225', '2026-01-06T18:00:26.309225');
INSERT INTO tickets (id, projection_id, hall_seat_id, booking_id, created_at, updated_at) VALUES ('1f925254-703f-4ca1-8be3-39d23844f985', 'a182c1c0-1f48-40fd-a9f9-2ad7eebf4ad5', 'd2795273-b89f-4890-8740-cf08b64daa5a', 'f7e38632-faf2-4ad5-b6bb-b043e13596a7', '2026-01-06T18:00:26.309258', '2026-01-06T18:00:26.309258');
INSERT INTO tickets (id, projection_id, hall_seat_id, booking_id, created_at, updated_at) VALUES ('5e3aac88-3456-485e-96bd-0805b5d37762', 'a182c1c0-1f48-40fd-a9f9-2ad7eebf4ad5', '54599e97-eb9c-4741-aed9-c91db8ab4790', 'f7e38632-faf2-4ad5-b6bb-b043e13596a7', '2026-01-06T18:00:26.309289', '2026-01-06T18:00:26.309289');
INSERT INTO tickets (id, projection_id, hall_seat_id, booking_id, created_at, updated_at) VALUES ('26c33fd1-0953-490c-a3aa-d9812913e9ef', 'd4d9d3af-ee32-477d-b76b-d1e9a0e1a033', 'bc6050dd-cc57-4921-8acc-2809f7349e1b', '54169aee-be60-4e81-ad6f-0a719f12e861', '2026-01-06T18:00:26.309654', '2026-01-06T18:00:26.309654');
INSERT INTO tickets (id, projection_id, hall_seat_id, booking_id, created_at, updated_at) VALUES ('219e6837-1e2c-4954-8ca9-7819a2b6fcd8', 'd4d9d3af-ee32-477d-b76b-d1e9a0e1a033', '7e3c0445-fcfc-42e3-89dc-64b7c5eaa646', '54169aee-be60-4e81-ad6f-0a719f12e861', '2026-01-06T18:00:26.309686', '2026-01-06T18:00:26.309686');
INSERT INTO tickets (id, projection_id, hall_seat_id, booking_id, created_at, updated_at) VALUES ('0d1f0ce5-3d2e-43ab-aacc-8cf721813f17', 'd4d9d3af-ee32-477d-b76b-d1e9a0e1a033', 'd61f9ff3-d66c-4335-890f-4ac8499b7954', '54169aee-be60-4e81-ad6f-0a719f12e861', '2026-01-06T18:00:26.309725', '2026-01-06T18:00:26.309725');
INSERT INTO tickets (id, projection_id, hall_seat_id, booking_id, created_at, updated_at) VALUES ('ec265c1e-f043-4c97-a2e5-fea9283c02d8', 'd4d9d3af-ee32-477d-b76b-d1e9a0e1a033', '253fe063-aa42-4dfe-b2fa-af25621b41ef', '54169aee-be60-4e81-ad6f-0a719f12e861', '2026-01-06T18:00:26.309753', '2026-01-06T18:00:26.309753');
INSERT INTO tickets (id, projection_id, hall_seat_id, booking_id, created_at, updated_at) VALUES ('885ad138-7dbd-4d06-8b48-d113fbd413c2', 'd4d9d3af-ee32-477d-b76b-d1e9a0e1a033', 'c97477b2-5763-4d1f-ac0a-376f469a85d9', '54169aee-be60-4e81-ad6f-0a719f12e861', '2026-01-06T18:00:26.309780', '2026-01-06T18:00:26.309780');
INSERT INTO tickets (id, projection_id, hall_seat_id, booking_id, created_at, updated_at) VALUES ('72f07085-30cb-463a-b33d-3ad566138d2f', '4a222424-5702-45b4-89b6-dc5d87cb8073', '82f6d2f6-891b-4551-8496-646f436b0004', '95f6cd9f-90d2-4263-8e9e-67a1e6cd846e', '2026-01-06T18:00:26.309970', '2026-01-06T18:00:26.309970');
INSERT INTO tickets (id, projection_id, hall_seat_id, booking_id, created_at, updated_at) VALUES ('a41d4872-f8a3-48cb-a397-46d6abeb8d1c', 'aea315ff-43e9-4795-8e73-d507cf8a75a4', 'b1c98dbf-0c15-4eaa-9588-9f548557a0b1', '55b8ec0c-0c0e-4618-b681-39a2695cd6fe', '2026-01-06T18:00:26.310189', '2026-01-06T18:00:26.310189');
INSERT INTO tickets (id, projection_id, hall_seat_id, booking_id, created_at, updated_at) VALUES ('ebc900f9-661f-4bcb-a875-4738eb3b996d', '1bef5995-6837-4777-94d7-167eb11089e5', 'bb814a1d-5c5a-4467-ad7f-45563875b862', 'e965f3b4-de1b-4d76-9abd-0cc9e8553ba2', '2026-01-06T18:00:26.310493', '2026-01-06T18:00:26.310493');
INSERT INTO tickets (id, projection_id, hall_seat_id, booking_id, created_at, updated_at) VALUES ('ab63f533-6ff0-4ad6-9d2d-84e04f3cde2d', '1bef5995-6837-4777-94d7-167eb11089e5', '0766ea4c-2350-4a67-ab2e-ee694ce31837', 'e965f3b4-de1b-4d76-9abd-0cc9e8553ba2', '2026-01-06T18:00:26.310531', '2026-01-06T18:00:26.310531');
INSERT INTO tickets (id, projection_id, hall_seat_id, booking_id, created_at, updated_at) VALUES ('992df58e-f691-4c71-9184-cea456982a49', '1bef5995-6837-4777-94d7-167eb11089e5', 'c7e63be2-b214-46a7-bd2d-5dfbb606d6d3', 'e965f3b4-de1b-4d76-9abd-0cc9e8553ba2', '2026-01-06T18:00:26.310559', '2026-01-06T18:00:26.310559');
INSERT INTO tickets (id, projection_id, hall_seat_id, booking_id, created_at, updated_at) VALUES ('62ddbc32-6c12-49a6-99a9-e67736e2df69', 'b11cfdb8-885e-4930-979a-8d42c6f06a2f', 'c1d9a793-beec-470b-8716-354773b2d0f2', 'c937bc50-3a35-40f8-bb56-3ecb71ec0e35', '2026-01-06T18:00:26.310812', '2026-01-06T18:00:26.310812');
INSERT INTO tickets (id, projection_id, hall_seat_id, booking_id, created_at, updated_at) VALUES ('6997cc65-aa65-4257-80cb-e6294f6eebf3', 'b11cfdb8-885e-4930-979a-8d42c6f06a2f', '09c7730e-c5f1-4979-be99-bbe3544b1c88', 'c937bc50-3a35-40f8-bb56-3ecb71ec0e35', '2026-01-06T18:00:26.310843', '2026-01-06T18:00:26.310843');